tenant,op,success,error_code,total_lat_ms,queue_lat_ms,backend_lat_ms
"Tenant A (Bully Data)","ListBucket",1,0,25.618,0.021,25.550
"Tenant A (Bully Data)","PutLarge",1,0,30.706,0.010,30.665
"Tenant A (Bully Data)","PutLarge",1,0,31.161,0.022,31.114
"Tenant A (Bully Data)","PutLarge",1,0,28.550,0.024,28.511
"Tenant A (Bully Data)","ListBucket",1,0,24.957,0.006,24.865
"Tenant A (Bully Data)","PutLarge",1,0,30.960,0.005,30.919
"Tenant A (Bully Data)","PutLarge",1,0,30.372,0.016,30.291
"Tenant A (Bully Data)","ListBucket",1,0,25.799,0.014,25.779
"Tenant A (Bully Data)","PutLarge",1,0,30.160,0.026,30.104
"Tenant A (Bully Data)","ListBucket",0,-11,0.020,0.020,0.000
"Tenant A (Bully Data)","PutLarge",1,0,29.177,0.014,29.124
"Tenant A (Bully Data)","PutLarge",1,0,29.110,0.029,29.041
"Tenant A (Bully Data)","PutLarge",1,0,29.234,0.008,29.195
"Tenant A (Bully Data)","PutLarge",1,0,28.943,0.033,28.857
"Tenant A (Bully Data)","ListBucket",1,0,24.762,0.005,24.719
"Tenant A (Bully Data)","PutLarge",1,0,28.554,0.029,28.517
"Tenant A (Bully Data)","PutLarge",1,0,30.177,0.033,30.108
"Tenant A (Bully Data)","PutLarge",1,0,29.161,0.008,29.121
"Tenant A (Bully Data)","PutLarge",0,-11,0.021,0.021,0.000
"Tenant A (Bully Data)","ListBucket",1,0,25.216,0.009,25.166
"Tenant A (Bully Data)","PutLarge",1,0,31.452,0.025,31.392
"Tenant A (Bully Data)","PutLarge",1,0,28.556,0.007,28.518
"Tenant A (Bully Data)","ListBucket",1,0,26.259,0.004,26.190
"Tenant A (Bully Data)","PutLarge",1,0,31.054,0.017,31.014
"Tenant A (Bully Data)","ListBucket",1,0,25.603,0.011,25.576
"Tenant A (Bully Data)","PutLarge",1,0,30.530,0.022,30.496
"Tenant A (Bully Data)","PutLarge",1,0,31.525,0.034,31.455
"Tenant A (Bully Data)","PutLarge",1,0,30.007,0.007,29.982
"Tenant A (Bully Data)","ListBucket",1,0,26.023,0.030,25.974
"Tenant A (Bully Data)","PutLarge",1,0,29.155,0.011,29.111
"Tenant A (Bully Data)","ListBucket",1,0,26.124,0.011,26.071
"Tenant A (Bully Data)","PutLarge",1,0,28.553,0.038,28.508
"Tenant A (Bully Data)","PutLarge",1,0,30.321,0.015,30.301
"Tenant A (Bully Data)","PutLarge",0,-11,0.015,0.015,0.000
"Tenant A (Bully Data)","PutLarge",1,0,30.370,0.012,30.348
"Tenant A (Bully Data)","PutLarge",1,0,31.303,0.011,31.282
"Tenant A (Bully Data)","PutLarge",1,0,31.520,0.032,31.460
"Tenant A (Bully Data)","ListBucket",1,0,23.895,0.003,23.888
"Tenant A (Bully Data)","PutLarge",0,-11,0.003,0.003,0.000
"Tenant A (Bully Data)","ListBucket",0,-11,0.004,0.004,0.000
"Tenant A (Bully Data)","PutLarge",1,0,30.044,0.004,29.989
"Tenant A (Bully Data)","PutLarge",1,0,29.241,0.009,29.183
"Tenant A (Bully Data)","PutLarge",1,0,29.112,0.003,29.072
"Tenant A (Bully Data)","ListBucket",1,0,25.010,0.014,24.977
"Tenant A (Bully Data)","PutLarge",1,0,29.471,0.033,29.418
"Tenant A (Bully Data)","PutLarge",0,-11,0.018,0.018,0.000
"Tenant A (Bully Data)","ListBucket",1,0,26.135,0.005,26.084
"Tenant A (Bully Data)","PutLarge",1,0,30.917,0.003,30.908
"Tenant A (Bully Data)","PutLarge",1,0,28.721,0.010,28.639
"Tenant A (Bully Data)","ListBucket",1,0,25.521,0.042,25.431
"Tenant A (Bully Data)","ListBucket",1,0,24.457,0.027,24.420
"Tenant A (Bully Data)","PutLarge",1,0,31.035,0.012,31.008
"Tenant A (Bully Data)","PutLarge",1,0,31.279,0.008,31.265
"Tenant A (Bully Data)","ListBucket",1,0,25.454,0.011,25.426
"Tenant A (Bully Data)","ListBucket",0,-11,0.004,0.004,0.000
"Tenant A (Bully Data)","PutLarge",1,0,30.896,0.011,30.878
"Tenant A (Bully Data)","PutLarge",0,-11,0.030,0.030,0.000
"Tenant A (Bully Data)","PutLarge",1,0,30.624,0.034,30.502
"Tenant A (Bully Data)","ListBucket",0,-11,0.009,0.009,0.000
"Tenant A (Bully Data)","PutLarge",1,0,29.233,0.019,29.197
"Tenant A (Bully Data)","PutLarge",1,0,29.625,0.038,29.562
"Tenant A (Bully Data)","ListBucket",1,0,25.686,0.033,25.645
"Tenant A (Bully Data)","PutLarge",1,0,29.167,0.011,29.088
"Tenant A (Bully Data)","PutLarge",1,0,29.973,0.010,29.956
"Tenant A (Bully Data)","PutLarge",1,0,28.575,0.035,28.531
"Tenant A (Bully Data)","PutLarge",1,0,29.861,0.035,29.805
"Tenant A (Bully Data)","PutLarge",1,0,30.533,0.028,30.499
"Tenant A (Bully Data)","PutLarge",1,0,30.977,0.005,30.935
"Tenant A (Bully Data)","ListBucket",1,0,24.890,0.032,24.827
"Tenant A (Bully Data)","ListBucket",1,0,25.126,0.004,25.115
"Tenant A (Bully Data)","PutLarge",1,0,29.417,0.021,29.389
"Tenant A (Bully Data)","PutLarge",0,-11,0.003,0.003,0.000
"Tenant A (Bully Data)","PutLarge",0,-11,0.024,0.024,0.000
"Tenant A (Bully Data)","ListBucket",1,0,25.461,0.030,25.401
"Tenant A (Bully Data)","ListBucket",1,0,25.418,0.031,25.379
"Tenant A (Bully Data)","PutLarge",1,0,28.924,0.014,28.896
"Tenant A (Bully Data)","PutLarge",1,0,31.282,0.010,31.236
"Tenant A (Bully Data)","PutLarge",1,0,29.768,0.030,29.693
"Tenant A (Bully Data)","PutLarge",1,0,31.491,0.028,31.436
"Tenant A (Bully Data)","PutLarge",1,0,28.623,0.007,28.594
"Tenant A (Bully Data)","PutLarge",0,-11,0.009,0.009,0.000
"Tenant A (Bully Data)","PutLarge",1,0,30.036,0.007,30.006
"Tenant A (Bully Data)","PutLarge",1,0,29.086,0.010,29.065
"Tenant A (Bully Data)","PutLarge",0,-11,0.003,0.003,0.000
"Tenant A (Bully Data)","PutLarge",1,0,30.101,0.038,30.036
"Tenant A (Bully Data)","PutLarge",1,0,28.746,0.025,28.715
"Tenant A (Bully Data)","PutLarge",1,0,28.933,0.006,28.893
"Tenant A (Bully Data)","PutLarge",1,0,29.029,0.003,28.996
"Tenant A (Bully Data)","ListBucket",1,0,25.324,0.010,25.291
"Tenant A (Bully Data)","PutLarge",1,0,29.286,0.032,29.222
"Tenant A (Bully Data)","PutLarge",1,0,30.148,0.010,30.123
"Tenant A (Bully Data)","PutLarge",1,0,29.953,0.018,29.889
"Tenant A (Bully Data)","ListBucket",0,-11,0.005,0.005,0.000
"Tenant A (Bully Data)","PutLarge",1,0,31.362,0.022,31.327
"Tenant A (Bully Data)","ListBucket",1,0,25.367,0.034,25.288
"Tenant A (Bully Data)","ListBucket",1,0,23.836,0.014,23.787
"Tenant A (Bully Data)","PutLarge",1,0,29.677,0.057,29.590
"Tenant A (Bully Data)","PutLarge",1,0,30.594,0.016,30.557
"Tenant A (Bully Data)","PutLarge",0,-11,0.002,0.002,0.000
"Tenant A (Bully Data)","PutLarge",1,0,30.783,0.012,30.733
"Tenant A (Bully Data)","ListBucket",1,0,24.783,0.019,24.728
"Tenant A (Bully Data)","PutLarge",1,0,29.472,0.025,29.411
"Tenant A (Bully Data)","ListBucket",1,0,26.171,0.003,26.127
"Tenant A (Bully Data)","PutLarge",1,0,29.336,0.029,29.298
"Tenant A (Bully Data)","PutLarge",1,0,29.812,0.030,29.772
"Tenant A (Bully Data)","PutLarge",1,0,28.758,0.032,28.698
"Tenant A (Bully Data)","PutLarge",0,-11,0.031,0.031,0.000
"Tenant A (Bully Data)","PutLarge",1,0,31.402,0.026,31.341
"Tenant A (Bully Data)","ListBucket",1,0,24.554,0.004,24.517
"Tenant A (Bully Data)","PutLarge",1,0,30.725,0.012,30.673
"Tenant A (Bully Data)","PutLarge",1,0,28.594,0.014,28.517
"Tenant A (Bully Data)","PutLarge",0,-11,0.003,0.003,0.000
"Tenant A (Bully Data)","PutLarge",1,0,30.302,0.035,30.218
"Tenant A (Bully Data)","ListBucket",1,0,24.528,0.005,24.513
"Tenant A (Bully Data)","ListBucket",1,0,25.133,0.004,25.082
"Tenant A (Bully Data)","PutLarge",1,0,29.679,0.024,29.649
"Tenant A (Bully Data)","PutLarge",1,0,31.262,0.031,31.223
"Tenant A (Bully Data)","ListBucket",1,0,23.949,0.037,23.876
"Tenant A (Bully Data)","ListBucket",1,0,25.771,0.005,25.710
"Tenant A (Bully Data)","PutLarge",1,0,28.947,0.012,28.927
"Tenant A (Bully Data)","PutLarge",1,0,30.530,0.027,30.497
"Tenant A (Bully Data)","ListBucket",1,0,24.061,0.013,24.044
"Tenant A (Bully Data)","PutLarge",1,0,31.350,0.014,31.330
"Tenant A (Bully Data)","PutLarge",1,0,31.057,0.006,31.046
"Tenant A (Bully Data)","PutLarge",1,0,31.390,0.004,31.332
"Tenant A (Bully Data)","PutLarge",1,0,30.466,0.007,30.425
"Tenant A (Bully Data)","PutLarge",1,0,29.765,0.019,29.722
"Tenant A (Bully Data)","PutLarge",1,0,30.694,0.035,30.645
"Tenant A (Bully Data)","PutLarge",1,0,29.627,0.007,29.579
"Tenant A (Bully Data)","PutLarge",1,0,30.522,0.004,30.482
"Tenant A (Bully Data)","ListBucket",1,0,25.451,0.003,25.444
"Tenant A (Bully Data)","PutLarge",1,0,31.358,0.012,31.307
"Tenant A (Bully Data)","PutLarge",1,0,29.455,0.010,29.390
"Tenant A (Bully Data)","ListBucket",1,0,24.693,0.005,24.653
"Tenant A (Bully Data)","ListBucket",1,0,24.572,0.004,24.531
"Tenant A (Bully Data)","PutLarge",1,0,29.942,0.018,29.913
"Tenant A (Bully Data)","ListBucket",0,-11,0.007,0.007,0.000
"Tenant A (Bully Data)","ListBucket",0,-11,0.005,0.005,0.000
"Tenant A (Bully Data)","PutLarge",1,0,30.732,0.012,30.711
"Tenant A (Bully Data)","ListBucket",1,0,25.969,0.003,25.960
"Tenant A (Bully Data)","PutLarge",1,0,29.054,0.018,28.997
"Tenant A (Bully Data)","ListBucket",1,0,26.176,0.015,26.103
"Tenant A (Bully Data)","PutLarge",1,0,30.714,0.008,30.662
"Tenant A (Bully Data)","ListBucket",1,0,25.656,0.015,25.572
"Tenant A (Bully Data)","ListBucket",1,0,25.507,0.035,25.422
"Tenant A (Bully Data)","ListBucket",0,-11,0.031,0.031,0.000
"Tenant A (Bully Data)","PutLarge",1,0,29.298,0.008,29.257
"Tenant A (Bully Data)","PutLarge",1,0,31.490,0.017,31.451
"Tenant A (Bully Data)","ListBucket",1,0,25.356,0.012,25.299
"Tenant A (Bully Data)","PutLarge",1,0,30.822,0.009,30.778
"Tenant A (Bully Data)","PutLarge",1,0,29.970,0.015,29.921
"Tenant A (Bully Data)","PutLarge",1,0,29.581,0.013,29.534
"Tenant A (Bully Data)","ListBucket",1,0,24.213,0.033,24.155
"Tenant A (Bully Data)","PutLarge",1,0,30.202,0.028,30.168
"Tenant A (Bully Data)","PutLarge",1,0,28.967,0.008,28.910
"Tenant A (Bully Data)","ListBucket",1,0,26.152,0.007,26.131
"Tenant A (Bully Data)","ListBucket",1,0,25.828,0.010,25.803
"Tenant A (Bully Data)","PutLarge",1,0,29.132,0.013,29.116
"Tenant A (Bully Data)","PutLarge",1,0,29.373,0.031,29.334
"Tenant A (Bully Data)","PutLarge",0,-11,0.019,0.019,0.000
"Tenant A (Bully Data)","PutLarge",0,-11,0.002,0.002,0.000
"Tenant A (Bully Data)","ListBucket",1,0,24.746,0.004,24.716
"Tenant A (Bully Data)","PutLarge",1,0,29.908,0.009,29.885
"Tenant A (Bully Data)","PutLarge",0,-11,0.020,0.020,0.000
"Tenant A (Bully Data)","PutLarge",1,0,30.388,0.005,30.344
"Tenant A (Bully Data)","PutLarge",1,0,31.114,0.006,31.076
"Tenant A (Bully Data)","PutLarge",1,0,30.926,0.008,30.904
"Tenant A (Bully Data)","ListBucket",1,0,25.188,0.004,25.168
"Tenant A (Bully Data)","PutLarge",0,-11,0.003,0.003,0.000
"Tenant A (Bully Data)","PutLarge",1,0,30.662,0.016,30.640
"Tenant A (Bully Data)","PutLarge",0,-11,0.011,0.011,0.000
"Tenant A (Bully Data)","PutLarge",0,-11,0.002,0.002,0.000
"Tenant A (Bully Data)","ListBucket",1,0,24.540,0.006,24.530
"Tenant A (Bully Data)","PutLarge",1,0,30.919,0.008,30.903
"Tenant A (Bully Data)","PutLarge",1,0,31.144,0.012,31.115
"Tenant A (Bully Data)","PutLarge",0,-11,0.018,0.018,0.000
"Tenant A (Bully Data)","ListBucket",1,0,24.370,0.011,24.341
"Tenant A (Bully Data)","PutLarge",1,0,29.390,0.032,29.320
"Tenant A (Bully Data)","PutLarge",1,0,28.695,0.006,28.645
"Tenant A (Bully Data)","ListBucket",1,0,25.964,0.019,25.927
"Tenant A (Bully Data)","PutLarge",1,0,30.293,0.003,30.284
"Tenant A (Bully Data)","ListBucket",1,0,25.273,0.046,25.222
"Tenant A (Bully Data)","PutLarge",1,0,30.649,0.017,30.623
"Tenant A (Bully Data)","PutLarge",1,0,31.428,0.016,31.391
"Tenant A (Bully Data)","PutLarge",1,0,30.077,0.005,30.069
"Tenant A (Bully Data)","PutLarge",0,-11,0.014,0.014,0.000
"Tenant A (Bully Data)","PutLarge",0,-11,0.003,0.003,0.000
"Tenant A (Bully Data)","PutLarge",1,0,30.326,0.003,30.310
"Tenant A (Bully Data)","ListBucket",0,-11,0.005,0.005,0.000
"Tenant A (Bully Data)","ListBucket",1,0,24.891,0.012,24.867
"Tenant A (Bully Data)","ListBucket",1,0,25.117,0.010,25.077
"Tenant A (Bully Data)","ListBucket",1,0,24.427,0.008,24.411
"Tenant A (Bully Data)","ListBucket",1,0,26.192,0.008,26.178
"Tenant A (Bully Data)","ListBucket",1,0,24.389,0.008,24.376
"Tenant A (Bully Data)","PutLarge",0,-11,0.004,0.004,0.000
"Tenant A (Bully Data)","ListBucket",1,0,24.633,0.008,24.609
"Tenant A (Bully Data)","ListBucket",1,0,25.726,0.005,25.714
"Tenant A (Bully Data)","PutLarge",1,0,30.461,0.008,30.439
"Tenant A (Bully Data)","PutLarge",1,0,30.390,0.009,30.363
"Tenant A (Bully Data)","PutLarge",0,-11,0.003,0.003,0.000
"Tenant A (Bully Data)","PutLarge",0,-11,0.003,0.003,0.000
"Tenant A (Bully Data)","PutLarge",1,0,29.416,0.004,29.404
"Tenant A (Bully Data)","PutLarge",0,-11,0.005,0.005,0.000
"Tenant A (Bully Data)","PutLarge",1,0,29.573,0.007,29.557
"Tenant A (Bully Data)","ListBucket",0,-11,0.031,0.031,0.000
"Tenant A (Bully Data)","PutLarge",1,0,31.358,0.007,31.345
"Tenant A (Bully Data)","PutLarge",1,0,28.692,0.010,28.668
"Tenant A (Bully Data)","ListBucket",1,0,25.014,0.012,24.996
"Tenant A (Bully Data)","ListBucket",1,0,24.910,0.010,24.888
"Tenant A (Bully Data)","PutLarge",0,-11,0.004,0.004,0.000
"Tenant A (Bully Data)","PutLarge",1,0,29.045,0.016,29.023
"Tenant A (Bully Data)","PutLarge",1,0,28.934,0.004,28.925
"Tenant A (Bully Data)","PutLarge",1,0,28.665,0.030,28.613
"Tenant A (Bully Data)","PutLarge",1,0,28.576,0.008,28.555
"Tenant A (Bully Data)","PutLarge",1,0,28.880,0.032,28.839
"Tenant A (Bully Data)","ListBucket",1,0,26.208,0.006,26.196
"Tenant A (Bully Data)","PutLarge",1,0,31.008,0.010,30.991
"Tenant A (Bully Data)","ListBucket",1,0,24.625,0.005,24.586
"Tenant A (Bully Data)","PutLarge",0,-11,0.024,0.024,0.000
"Tenant A (Bully Data)","PutLarge",1,0,29.292,0.003,29.284
"Tenant A (Bully Data)","ListBucket",0,-11,0.007,0.007,0.000
"Tenant A (Bully Data)","ListBucket",1,0,24.677,0.014,24.649
"Tenant A (Bully Data)","ListBucket",1,0,26.244,0.018,26.200
"Tenant A (Bully Data)","ListBucket",1,0,25.832,0.016,25.786
"Tenant A (Bully Data)","ListBucket",1,0,24.158,0.036,24.051
"Tenant A (Bully Data)","PutLarge",1,0,28.703,0.010,28.670
"Tenant A (Bully Data)","ListBucket",1,0,25.214,0.009,25.193
"Tenant A (Bully Data)","PutLarge",1,0,30.107,0.063,30.030
"Tenant A (Bully Data)","PutLarge",1,0,29.638,0.025,29.572
"Tenant A (Bully Data)","ListBucket",1,0,23.848,0.041,23.764
"Tenant A (Bully Data)","PutLarge",1,0,31.166,0.008,31.124
"Tenant A (Bully Data)","ListBucket",0,-11,0.012,0.012,0.000
"Tenant A (Bully Data)","PutLarge",1,0,29.344,0.011,29.282
"Tenant A (Bully Data)","ListBucket",1,0,24.001,0.045,23.925
"Tenant A (Bully Data)","PutLarge",1,0,28.840,0.033,28.801
"Tenant A (Bully Data)","PutLarge",1,0,29.332,0.030,29.256
"Tenant A (Bully Data)","ListBucket",1,0,25.597,0.008,25.554
"Tenant A (Bully Data)","PutLarge",1,0,31.443,0.015,31.391
"Tenant A (Bully Data)","ListBucket",1,0,24.682,0.012,24.636
"Tenant A (Bully Data)","PutLarge",1,0,31.400,0.034,31.332
"Tenant A (Bully Data)","PutLarge",1,0,31.121,0.028,31.049
"Tenant A (Bully Data)","PutLarge",1,0,28.864,0.025,28.804
"Tenant A (Bully Data)","PutLarge",1,0,29.930,0.045,29.852
"Tenant A (Bully Data)","PutLarge",1,0,29.179,0.026,29.107
"Tenant A (Bully Data)","PutLarge",1,0,30.317,0.053,30.197
"Tenant A (Bully Data)","PutLarge",1,0,30.818,0.006,30.805
"Tenant A (Bully Data)","PutLarge",1,0,29.425,0.033,29.385
"Tenant A (Bully Data)","PutLarge",1,0,30.682,0.014,30.632
"Tenant A (Bully Data)","PutLarge",1,0,29.810,0.011,29.793
"Tenant A (Bully Data)","PutLarge",1,0,28.701,0.033,28.631
"Tenant A (Bully Data)","PutLarge",0,-11,0.030,0.030,0.000
"Tenant A (Bully Data)","PutLarge",1,0,30.058,0.031,29.992
"Tenant A (Bully Data)","PutLarge",1,0,28.659,0.033,28.588
"Tenant A (Bully Data)","ListBucket",0,-11,0.005,0.005,0.000
"Tenant A (Bully Data)","PutLarge",1,0,30.084,0.013,30.066
"Tenant A (Bully Data)","PutLarge",1,0,29.527,0.005,29.511
"Tenant A (Bully Data)","PutLarge",1,0,31.366,0.037,31.312
"Tenant A (Bully Data)","ListBucket",1,0,24.470,0.033,24.408
"Tenant A (Bully Data)","PutLarge",1,0,30.228,0.011,30.203
"Tenant A (Bully Data)","ListBucket",1,0,23.898,0.029,23.819
"Tenant A (Bully Data)","ListBucket",0,-11,0.017,0.017,0.000
"Tenant A (Bully Data)","PutLarge",1,0,28.617,0.033,28.534
"Tenant A (Bully Data)","ListBucket",1,0,24.650,0.033,24.573
"Tenant A (Bully Data)","PutLarge",1,0,30.928,0.010,30.914
"Tenant A (Bully Data)","ListBucket",1,0,26.078,0.010,26.028
"Tenant A (Bully Data)","ListBucket",1,0,23.879,0.032,23.810
"Tenant A (Bully Data)","ListBucket",1,0,25.227,0.007,25.164
"Tenant A (Bully Data)","PutLarge",1,0,31.347,0.038,31.222
"Tenant A (Bully Data)","PutLarge",1,0,29.289,0.010,29.221
"Tenant A (Bully Data)","PutLarge",1,0,29.083,0.007,29.042
"Tenant A (Bully Data)","ListBucket",1,0,25.901,0.056,25.793
"Tenant A (Bully Data)","PutLarge",1,0,29.111,0.008,29.095
"Tenant A (Bully Data)","PutLarge",1,0,28.960,0.027,28.896
"Tenant A (Bully Data)","ListBucket",1,0,25.227,0.029,25.162
"Tenant A (Bully Data)","PutLarge",1,0,30.664,0.024,30.585
"Tenant A (Bully Data)","PutLarge",1,0,28.584,0.012,28.526
"Tenant A (Bully Data)","PutLarge",1,0,30.909,0.014,30.863
"Tenant A (Bully Data)","ListBucket",1,0,25.015,0.031,24.974
"Tenant A (Bully Data)","ListBucket",1,0,23.900,0.010,23.879
"Tenant A (Bully Data)","PutLarge",1,0,31.058,0.012,31.036
"Tenant A (Bully Data)","ListBucket",1,0,25.822,0.010,25.805
"Tenant A (Bully Data)","ListBucket",1,0,24.731,0.005,24.702
"Tenant A (Bully Data)","PutLarge",1,0,30.458,0.007,30.447
"Tenant A (Bully Data)","PutLarge",1,0,29.289,0.008,29.262
"Tenant A (Bully Data)","ListBucket",1,0,25.413,0.016,25.386
"Tenant A (Bully Data)","PutLarge",1,0,30.067,0.022,30.039
"Tenant A (Bully Data)","PutLarge",1,0,31.011,0.012,30.995
"Tenant A (Bully Data)","PutLarge",1,0,28.813,0.019,28.784
"Tenant A (Bully Data)","ListBucket",1,0,25.247,0.006,25.190
"Tenant A (Bully Data)","ListBucket",1,0,25.477,0.032,25.393
"Tenant A (Bully Data)","PutLarge",1,0,28.594,0.006,28.529
"Tenant A (Bully Data)","PutLarge",1,0,31.199,0.011,31.161
"Tenant A (Bully Data)","PutLarge",1,0,31.065,0.004,31.031
"Tenant A (Bully Data)","ListBucket",1,0,26.180,0.007,26.136
"Tenant A (Bully Data)","PutLarge",1,0,29.772,0.005,29.747
"Tenant A (Bully Data)","ListBucket",1,0,25.870,0.022,25.832
"Tenant A (Bully Data)","PutLarge",1,0,29.840,0.021,29.811
"Tenant A (Bully Data)","PutLarge",1,0,30.627,0.005,30.608
"Tenant A (Bully Data)","PutLarge",1,0,28.728,0.031,28.683
"Tenant A (Bully Data)","ListBucket",1,0,24.949,0.009,24.934
"Tenant A (Bully Data)","ListBucket",1,0,24.441,0.034,24.394
"Tenant A (Bully Data)","PutLarge",1,0,30.607,0.009,30.573
"Tenant A (Bully Data)","PutLarge",1,0,30.110,0.007,30.098
"Tenant A (Bully Data)","ListBucket",1,0,25.632,0.034,25.536
"Tenant A (Bully Data)","ListBucket",1,0,24.992,0.017,24.961
"Tenant A (Bully Data)","PutLarge",1,0,30.024,0.036,29.962
"Tenant A (Bully Data)","PutLarge",1,0,29.398,0.027,29.339
"Tenant A (Bully Data)","ListBucket",1,0,24.991,0.056,24.893
"Tenant A (Bully Data)","ListBucket",1,0,25.530,0.036,25.469
"Tenant A (Bully Data)","PutLarge",1,0,29.095,0.008,29.044
"Tenant A (Bully Data)","PutLarge",1,0,28.833,0.007,28.803
"Tenant A (Bully Data)","ListBucket",1,0,24.291,0.013,24.272
"Tenant A (Bully Data)","PutLarge",1,0,30.090,0.016,30.066
"Tenant A (Bully Data)","ListBucket",0,-11,0.034,0.034,0.000
"Tenant A (Bully Data)","PutLarge",1,0,31.466,0.017,31.446
"Tenant A (Bully Data)","PutLarge",1,0,28.927,0.006,28.915
"Tenant A (Bully Data)","PutLarge",0,-11,0.035,0.035,0.000
"Tenant A (Bully Data)","PutLarge",0,-11,0.005,0.005,0.000
"Tenant A (Bully Data)","ListBucket",1,0,24.379,0.014,24.327
"Tenant A (Bully Data)","ListBucket",0,-11,0.020,0.020,0.000
"Tenant A (Bully Data)","PutLarge",1,0,31.116,0.030,31.077
"Tenant A (Bully Data)","PutLarge",1,0,29.840,0.008,29.828
"Tenant A (Bully Data)","PutLarge",1,0,29.015,0.026,28.985
"Tenant A (Bully Data)","ListBucket",1,0,24.974,0.007,24.962
"Tenant A (Bully Data)","PutLarge",1,0,31.240,0.007,31.222
"Tenant A (Bully Data)","PutLarge",1,0,29.716,0.013,29.676
"Tenant A (Bully Data)","PutLarge",1,0,30.177,0.009,30.163
"Tenant A (Bully Data)","PutLarge",1,0,29.492,0.010,29.470
"Tenant A (Bully Data)","PutLarge",1,0,28.705,0.007,28.674
"Tenant A (Bully Data)","PutLarge",1,0,31.260,0.030,31.222
"Tenant A (Bully Data)","PutLarge",1,0,30.405,0.032,30.298
"Tenant A (Bully Data)","PutLarge",1,0,30.844,0.004,30.832
"Tenant A (Bully Data)","PutLarge",1,0,30.913,0.051,30.854
"Tenant A (Bully Data)","ListBucket",1,0,25.714,0.024,25.686
"Tenant A (Bully Data)","PutLarge",1,0,29.401,0.008,29.385
"Tenant A (Bully Data)","ListBucket",1,0,25.805,0.006,25.772
"Tenant A (Bully Data)","PutLarge",1,0,31.176,0.004,31.137
"Tenant A (Bully Data)","PutLarge",1,0,29.556,0.030,29.518
"Tenant A (Bully Data)","ListBucket",1,0,24.976,0.055,24.917
"Tenant A (Bully Data)","ListBucket",1,0,24.524,0.018,24.489
"Tenant A (Bully Data)","PutLarge",1,0,31.533,0.034,31.475
"Tenant A (Bully Data)","PutLarge",1,0,31.072,0.030,31.035
"Tenant A (Bully Data)","PutLarge",1,0,30.540,0.037,30.451
"Tenant A (Bully Data)","PutLarge",1,0,31.455,0.007,31.444
"Tenant A (Bully Data)","PutLarge",1,0,30.746,0.012,30.699
"Tenant A (Bully Data)","PutLarge",0,-11,0.027,0.027,0.000
"Tenant A (Bully Data)","ListBucket",1,0,26.103,0.031,26.051
"Tenant A (Bully Data)","PutLarge",1,0,29.731,0.014,29.704
"Tenant A (Bully Data)","PutLarge",0,-11,0.011,0.011,0.000
"Tenant A (Bully Data)","PutLarge",0,-11,0.009,0.009,0.000
"Tenant A (Bully Data)","ListBucket",1,0,24.595,0.006,24.578
"Tenant A (Bully Data)","PutLarge",1,0,31.074,0.004,31.052
"Tenant A (Bully Data)","PutLarge",1,0,29.516,0.007,29.490
"Tenant A (Bully Data)","ListBucket",1,0,26.101,0.010,26.084
"Tenant A (Bully Data)","ListBucket",1,0,24.573,0.013,24.526
"Tenant A (Bully Data)","PutLarge",1,0,28.827,0.030,28.747
"Tenant A (Bully Data)","PutLarge",1,0,31.311,0.030,31.259
"Tenant A (Bully Data)","ListBucket",1,0,25.076,0.015,25.036
"Tenant A (Bully Data)","PutLarge",1,0,29.401,0.003,29.356
"Tenant A (Bully Data)","PutLarge",1,0,30.606,0.031,30.542
"Tenant A (Bully Data)","PutLarge",1,0,30.362,0.042,30.298
"Tenant A (Bully Data)","ListBucket",1,0,25.858,0.031,25.815
"Tenant A (Bully Data)","PutLarge",1,0,30.689,0.032,30.617
"Tenant A (Bully Data)","ListBucket",1,0,24.079,0.008,24.017
"Tenant A (Bully Data)","PutLarge",1,0,30.638,0.036,30.594
"Tenant A (Bully Data)","PutLarge",1,0,31.087,0.012,31.073
"Tenant A (Bully Data)","ListBucket",1,0,24.420,0.028,24.348
"Tenant A (Bully Data)","ListBucket",1,0,24.398,0.008,24.357
"Tenant A (Bully Data)","PutLarge",1,0,29.106,0.003,29.041
"Tenant A (Bully Data)","ListBucket",1,0,25.112,0.032,25.039
"Tenant A (Bully Data)","ListBucket",0,-11,0.004,0.004,0.000
"Tenant A (Bully Data)","PutLarge",1,0,31.249,0.013,31.229
"Tenant A (Bully Data)","PutLarge",1,0,31.416,0.020,31.386
"Tenant A (Bully Data)","PutLarge",1,0,30.789,0.012,30.766
"Tenant A (Bully Data)","ListBucket",1,0,24.920,0.007,24.901
"Tenant A (Bully Data)","PutLarge",1,0,29.448,0.006,29.434
"Tenant A (Bully Data)","PutLarge",0,-11,0.004,0.004,0.000
"Tenant A (Bully Data)","ListBucket",1,0,25.451,0.006,25.432
"Tenant A (Bully Data)","ListBucket",1,0,25.738,0.009,25.694
"Tenant A (Bully Data)","PutLarge",1,0,30.588,0.015,30.568
"Tenant A (Bully Data)","PutLarge",1,0,29.378,0.009,29.348
"Tenant A (Bully Data)","ListBucket",1,0,24.499,0.013,24.463
"Tenant A (Bully Data)","PutLarge",1,0,29.341,0.034,29.303
"Tenant A (Bully Data)","ListBucket",1,0,26.174,0.037,26.128
"Tenant A (Bully Data)","PutLarge",1,0,30.985,0.031,30.914
"Tenant A (Bully Data)","ListBucket",1,0,25.481,0.021,25.418
"Tenant A (Bully Data)","ListBucket",1,0,26.031,0.027,25.968
"Tenant A (Bully Data)","ListBucket",1,0,24.417,0.005,24.379
"Tenant A (Bully Data)","PutLarge",1,0,31.446,0.008,31.425
"Tenant A (Bully Data)","ListBucket",1,0,23.828,0.009,23.777
"Tenant A (Bully Data)","ListBucket",1,0,25.981,0.011,25.963
"Tenant A (Bully Data)","PutLarge",1,0,30.302,0.007,30.284
"Tenant A (Bully Data)","PutLarge",1,0,30.486,0.008,30.462
"Tenant A (Bully Data)","ListBucket",1,0,24.139,0.010,24.111
"Tenant A (Bully Data)","ListBucket",0,-11,0.004,0.004,0.000
"Tenant A (Bully Data)","PutLarge",1,0,30.955,0.020,30.897
"Tenant A (Bully Data)","PutLarge",1,0,28.960,0.007,28.917
"Tenant A (Bully Data)","ListBucket",1,0,24.221,0.022,24.179
"Tenant A (Bully Data)","PutLarge",1,0,29.209,0.037,29.153
"Tenant A (Bully Data)","ListBucket",1,0,25.310,0.012,25.263
"Tenant A (Bully Data)","ListBucket",0,-11,0.026,0.026,0.000
"Tenant A (Bully Data)","ListBucket",1,0,25.183,0.008,25.125
"Tenant A (Bully Data)","PutLarge",1,0,31.475,0.006,31.457
"Tenant A (Bully Data)","PutLarge",1,0,30.997,0.007,30.980
"Tenant A (Bully Data)","PutLarge",1,0,30.444,0.013,30.419
"Tenant A (Bully Data)","ListBucket",1,0,24.718,0.014,24.695
"Tenant A (Bully Data)","ListBucket",1,0,25.369,0.008,25.337
"Tenant A (Bully Data)","PutLarge",1,0,31.136,0.010,31.119
"Tenant A (Bully Data)","ListBucket",1,0,25.506,0.008,25.483
"Tenant A (Bully Data)","ListBucket",1,0,24.209,0.003,24.199
"Tenant A (Bully Data)","PutLarge",1,0,30.040,0.005,30.023
"Tenant A (Bully Data)","ListBucket",1,0,24.777,0.007,24.729
"Tenant A (Bully Data)","ListBucket",1,0,24.137,0.003,24.117
"Tenant A (Bully Data)","PutLarge",1,0,31.462,0.015,31.440
"Tenant A (Bully Data)","ListBucket",1,0,25.955,0.007,25.934
"Tenant A (Bully Data)","ListBucket",1,0,24.435,0.031,24.378
"Tenant A (Bully Data)","ListBucket",1,0,25.689,0.004,25.675
"Tenant A (Bully Data)","PutLarge",0,-11,0.006,0.006,0.000
"Tenant A (Bully Data)","PutLarge",0,-11,0.006,0.006,0.000
"Tenant A (Bully Data)","PutLarge",1,0,29.992,0.025,29.959
"Tenant A (Bully Data)","ListBucket",1,0,24.271,0.008,24.256
"Tenant A (Bully Data)","PutLarge",1,0,29.487,0.008,29.473
"Tenant A (Bully Data)","PutLarge",1,0,28.714,0.008,28.698
"Tenant A (Bully Data)","PutLarge",1,0,31.271,0.008,31.248
"Tenant A (Bully Data)","PutLarge",1,0,30.947,0.003,30.937
"Tenant A (Bully Data)","ListBucket",1,0,26.038,0.007,26.023
"Tenant A (Bully Data)","PutLarge",1,0,30.690,0.007,30.645
"Tenant A (Bully Data)","PutLarge",1,0,28.653,0.008,28.613
"Tenant A (Bully Data)","PutLarge",1,0,31.484,0.003,31.432
"Tenant A (Bully Data)","PutLarge",1,0,29.918,0.005,29.886
"Tenant A (Bully Data)","PutLarge",0,-11,0.029,0.029,0.000
"Tenant A (Bully Data)","PutLarge",0,-11,0.011,0.011,0.000
"Tenant A (Bully Data)","ListBucket",1,0,25.275,0.030,25.225
"Tenant A (Bully Data)","PutLarge",1,0,30.934,0.006,30.912
"Tenant A (Bully Data)","PutLarge",1,0,29.756,0.031,29.672
"Tenant A (Bully Data)","PutLarge",1,0,30.493,0.004,30.485
"Tenant A (Bully Data)","PutLarge",1,0,31.402,0.007,31.388
"Tenant A (Bully Data)","PutLarge",0,-11,0.009,0.009,0.000
"Tenant A (Bully Data)","PutLarge",0,-11,0.006,0.006,0.000
"Tenant A (Bully Data)","PutLarge",1,0,30.446,0.030,30.412
"Tenant A (Bully Data)","PutLarge",1,0,30.371,0.041,30.319
"Tenant A (Bully Data)","PutLarge",1,0,29.064,0.031,29.028
"Tenant A (Bully Data)","ListBucket",1,0,24.489,0.009,24.467
"Tenant A (Bully Data)","PutLarge",1,0,30.262,0.005,30.249
"Tenant A (Bully Data)","PutLarge",0,-11,0.004,0.004,0.000
"Tenant A (Bully Data)","ListBucket",1,0,25.045,0.010,25.030
"Tenant A (Bully Data)","ListBucket",1,0,25.106,0.007,25.093
"Tenant A (Bully Data)","PutLarge",1,0,31.503,0.003,31.491
"Tenant A (Bully Data)","PutLarge",1,0,28.548,0.003,28.539
"Tenant A (Bully Data)","ListBucket",1,0,24.773,0.003,24.766
"Tenant A (Bully Data)","PutLarge",1,0,29.439,0.006,29.426
"Tenant A (Bully Data)","PutLarge",1,0,30.747,0.007,30.706
"Tenant A (Bully Data)","PutLarge",1,0,28.738,0.019,28.698
"Tenant A (Bully Data)","PutLarge",1,0,29.700,0.008,29.682
"Tenant A (Bully Data)","PutLarge",1,0,29.002,0.032,28.959
"Tenant A (Bully Data)","PutLarge",1,0,28.673,0.013,28.648
"Tenant A (Bully Data)","PutLarge",1,0,31.301,0.022,31.255
"Tenant A (Bully Data)","ListBucket",1,0,25.190,0.010,25.166
"Tenant A (Bully Data)","PutLarge",1,0,30.924,0.008,30.903
"Tenant A (Bully Data)","PutLarge",1,0,29.554,0.010,29.535
"Tenant A (Bully Data)","PutLarge",1,0,28.858,0.007,28.835
"Tenant A (Bully Data)","ListBucket",1,0,24.713,0.008,24.686
"Tenant A (Bully Data)","PutLarge",0,-11,0.005,0.005,0.000
"Tenant A (Bully Data)","ListBucket",1,0,23.789,0.007,23.765
"Tenant A (Bully Data)","PutLarge",1,0,29.891,0.003,29.873
"Tenant A (Bully Data)","PutLarge",1,0,30.961,0.007,30.920
"Tenant A (Bully Data)","ListBucket",1,0,24.204,0.007,24.180
"Tenant A (Bully Data)","PutLarge",1,0,31.089,0.005,31.077
"Tenant A (Bully Data)","PutLarge",1,0,30.727,0.012,30.690
"Tenant A (Bully Data)","PutLarge",1,0,30.501,0.029,30.419
"Tenant A (Bully Data)","ListBucket",1,0,25.950,0.031,25.884
"Tenant A (Bully Data)","ListBucket",1,0,25.494,0.012,25.447
"Tenant A (Bully Data)","PutLarge",1,0,30.195,0.035,30.138
"Tenant A (Bully Data)","PutLarge",1,0,30.458,0.007,30.446
"Tenant A (Bully Data)","PutLarge",1,0,30.351,0.004,30.340
"Tenant A (Bully Data)","PutLarge",1,0,30.135,0.006,30.096
"Tenant A (Bully Data)","PutLarge",0,-11,0.006,0.006,0.000
"Tenant A (Bully Data)","PutLarge",1,0,30.097,0.032,30.051
"Tenant A (Bully Data)","PutLarge",1,0,29.042,0.007,29.015
"Tenant A (Bully Data)","ListBucket",0,-11,0.007,0.007,0.000
"Tenant A (Bully Data)","ListBucket",1,0,23.949,0.005,23.936
"Tenant A (Bully Data)","PutLarge",1,0,29.171,0.006,29.131
"Tenant A (Bully Data)","PutLarge",1,0,30.987,0.007,30.946
"Tenant A (Bully Data)","PutLarge",1,0,29.275,0.006,29.222
"Tenant A (Bully Data)","PutLarge",1,0,30.249,0.006,30.147
"Tenant A (Bully Data)","PutLarge",1,0,28.575,0.033,28.507
"Tenant A (Bully Data)","ListBucket",1,0,26.042,0.009,25.997
"Tenant A (Bully Data)","PutLarge",1,0,30.033,0.007,29.998
"Tenant A (Bully Data)","PutLarge",1,0,29.310,0.025,29.279
"Tenant A (Bully Data)","PutLarge",0,-11,0.006,0.006,0.000
"Tenant A (Bully Data)","ListBucket",0,-11,0.004,0.004,0.000
"Tenant A (Bully Data)","PutLarge",1,0,29.466,0.009,29.422
"Tenant A (Bully Data)","ListBucket",1,0,25.385,0.013,25.358
"Tenant A (Bully Data)","PutLarge",1,0,29.222,0.019,29.165
"Tenant A (Bully Data)","PutLarge",1,0,30.446,0.033,30.403
"Tenant A (Bully Data)","PutLarge",1,0,29.791,0.010,29.774
"Tenant A (Bully Data)","PutLarge",1,0,30.460,0.011,30.413
"Tenant A (Bully Data)","PutLarge",1,0,29.698,0.005,29.669
"Tenant A (Bully Data)","PutLarge",1,0,28.832,0.037,28.781
"Tenant A (Bully Data)","PutLarge",1,0,29.041,0.003,29.033
"Tenant A (Bully Data)","PutLarge",1,0,30.294,0.003,30.243
"Tenant A (Bully Data)","PutLarge",1,0,29.699,0.014,29.677
"Tenant A (Bully Data)","ListBucket",1,0,24.955,0.004,24.917
"Tenant A (Bully Data)","ListBucket",1,0,24.517,0.027,24.451
"Tenant A (Bully Data)","PutLarge",0,-11,0.012,0.012,0.000
"Tenant A (Bully Data)","PutLarge",1,0,29.049,0.027,29.016
"Tenant A (Bully Data)","ListBucket",1,0,25.775,0.017,25.726
"Tenant A (Bully Data)","PutLarge",1,0,29.303,0.021,29.238
"Tenant A (Bully Data)","ListBucket",0,-11,0.009,0.009,0.000
"Tenant A (Bully Data)","PutLarge",1,0,29.010,0.006,28.997
"Tenant A (Bully Data)","ListBucket",1,0,25.572,0.009,25.556
"Tenant A (Bully Data)","PutLarge",1,0,30.426,0.009,30.411
"Tenant A (Bully Data)","PutLarge",1,0,28.538,0.005,28.523
"Tenant A (Bully Data)","ListBucket",1,0,26.255,0.008,26.213
"Tenant A (Bully Data)","PutLarge",1,0,31.111,0.019,31.038
"Tenant A (Bully Data)","ListBucket",1,0,25.499,0.021,25.440
"Tenant A (Bully Data)","PutLarge",1,0,28.608,0.031,28.569
"Tenant A (Bully Data)","PutLarge",0,-11,0.005,0.005,0.000
"Tenant A (Bully Data)","ListBucket",0,-11,0.022,0.022,0.000
"Tenant A (Bully Data)","PutLarge",1,0,29.539,0.025,29.506
"Tenant A (Bully Data)","PutLarge",1,0,30.961,0.048,30.898
"Tenant A (Bully Data)","PutLarge",1,0,30.296,0.006,30.257
"Tenant A (Bully Data)","PutLarge",1,0,30.295,0.030,30.211
"Tenant A (Bully Data)","ListBucket",1,0,26.037,0.012,25.997
"Tenant A (Bully Data)","PutLarge",1,0,30.948,0.006,30.937
"Tenant A (Bully Data)","PutLarge",1,0,29.008,0.005,29.000
"Tenant A (Bully Data)","PutLarge",1,0,28.912,0.024,28.882
"Tenant A (Bully Data)","PutLarge",1,0,30.620,0.005,30.606
"Tenant A (Bully Data)","PutLarge",1,0,30.761,0.031,30.716
"Tenant A (Bully Data)","ListBucket",1,0,25.554,0.034,25.516
"Tenant A (Bully Data)","PutLarge",1,0,29.338,0.014,29.292
"Tenant A (Bully Data)","PutLarge",1,0,30.560,0.007,30.540
"Tenant A (Bully Data)","PutLarge",1,0,28.899,0.033,28.830
"Tenant A (Bully Data)","PutLarge",1,0,29.971,0.008,29.950
"Tenant A (Bully Data)","PutLarge",1,0,30.862,0.030,30.828
"Tenant A (Bully Data)","ListBucket",1,0,25.838,0.034,25.799
"Tenant A (Bully Data)","ListBucket",1,0,25.000,0.031,24.957
"Tenant A (Bully Data)","PutLarge",1,0,31.023,0.008,31.011
"Tenant A (Bully Data)","PutLarge",1,0,30.367,0.006,30.327
"Tenant A (Bully Data)","PutLarge",1,0,30.000,0.008,29.964
"Tenant A (Bully Data)","PutLarge",1,0,29.788,0.033,29.746
"Tenant A (Bully Data)","PutLarge",1,0,29.272,0.003,29.231
"Tenant A (Bully Data)","PutLarge",0,-11,0.011,0.011,0.000
"Tenant A (Bully Data)","PutLarge",1,0,29.064,0.030,29.025
"Tenant A (Bully Data)","PutLarge",1,0,31.501,0.030,31.465
"Tenant A (Bully Data)","PutLarge",1,0,30.721,0.010,30.695
"Tenant A (Bully Data)","PutLarge",0,-11,0.010,0.010,0.000
"Tenant A (Bully Data)","ListBucket",1,0,25.837,0.039,25.778
"Tenant A (Bully Data)","PutLarge",1,0,31.057,0.019,31.029
"Tenant A (Bully Data)","PutLarge",1,0,29.551,0.042,29.501
"Tenant A (Bully Data)","PutLarge",1,0,31.482,0.030,31.428
"Tenant A (Bully Data)","ListBucket",1,0,25.503,0.013,25.454
"Tenant A (Bully Data)","PutLarge",1,0,28.674,0.007,28.653
"Tenant A (Bully Data)","PutLarge",1,0,29.999,0.007,29.986
"Tenant A (Bully Data)","PutLarge",1,0,30.364,0.013,30.344
"Tenant A (Bully Data)","PutLarge",0,-11,0.028,0.028,0.000
"Tenant A (Bully Data)","PutLarge",0,-11,0.011,0.011,0.000
"Tenant A (Bully Data)","PutLarge",1,0,31.151,0.004,31.103
"Tenant A (Bully Data)","ListBucket",1,0,25.713,0.010,25.682
"Tenant A (Bully Data)","PutLarge",1,0,29.128,0.013,29.102
"Tenant A (Bully Data)","ListBucket",1,0,24.472,0.009,24.450
"Tenant A (Bully Data)","ListBucket",1,0,24.361,0.003,24.350
"Tenant A (Bully Data)","PutLarge",1,0,31.102,0.005,31.093
"Tenant A (Bully Data)","PutLarge",1,0,30.175,0.013,30.124
"Tenant A (Bully Data)","PutLarge",1,0,31.038,0.006,30.981
"Tenant A (Bully Data)","PutLarge",0,-11,0.013,0.013,0.000
"Tenant A (Bully Data)","PutLarge",1,0,28.667,0.035,28.609
"Tenant A (Bully Data)","ListBucket",1,0,25.242,0.010,25.192
"Tenant A (Bully Data)","ListBucket",1,0,25.842,0.011,25.799
"Tenant A (Bully Data)","PutLarge",0,-11,0.003,0.003,0.000
"Tenant A (Bully Data)","PutLarge",1,0,31.451,0.027,31.386
"Tenant A (Bully Data)","PutLarge",0,-11,0.003,0.003,0.000
"Tenant A (Bully Data)","ListBucket",0,-11,0.002,0.002,0.000
"Tenant A (Bully Data)","ListBucket",1,0,25.900,0.024,25.854
"Tenant A (Bully Data)","ListBucket",1,0,24.178,0.035,24.133
"Tenant A (Bully Data)","PutLarge",1,0,30.209,0.013,30.189
"Tenant A (Bully Data)","ListBucket",1,0,23.897,0.002,23.886
"Tenant A (Bully Data)","PutLarge",1,0,29.106,0.009,29.094
"Tenant A (Bully Data)","PutLarge",1,0,30.255,0.012,30.197
"Tenant A (Bully Data)","PutLarge",1,0,30.181,0.010,30.149
"Tenant A (Bully Data)","PutLarge",0,-11,0.005,0.005,0.000
"Tenant A (Bully Data)","PutLarge",1,0,30.715,0.033,30.671
"Tenant A (Bully Data)","PutLarge",1,0,30.104,0.056,30.025
"Tenant A (Bully Data)","PutLarge",1,0,28.819,0.034,28.741
"Tenant A (Bully Data)","ListBucket",1,0,26.092,0.013,26.028
"Tenant A (Bully Data)","PutLarge",0,-11,0.006,0.006,0.000
"Tenant A (Bully Data)","ListBucket",0,-11,0.003,0.003,0.000
"Tenant A (Bully Data)","PutLarge",0,-11,0.031,0.031,0.000
"Tenant A (Bully Data)","ListBucket",1,0,25.584,0.013,25.539
"Tenant A (Bully Data)","PutLarge",0,-11,0.009,0.009,0.000
"Tenant A (Bully Data)","PutLarge",0,-11,0.012,0.012,0.000
"Tenant A (Bully Data)","ListBucket",0,-11,0.003,0.003,0.000
"Tenant A (Bully Data)","ListBucket",0,-11,0.027,0.027,0.000
"Tenant A (Bully Data)","PutLarge",1,0,30.220,0.006,30.173
"Tenant A (Bully Data)","PutLarge",1,0,28.579,0.005,28.540
"Tenant A (Bully Data)","PutLarge",0,-11,0.006,0.006,0.000
"Tenant A (Bully Data)","PutLarge",1,0,30.067,0.028,30.000
"Tenant A (Bully Data)","PutLarge",1,0,30.779,0.014,30.721
"Tenant A (Bully Data)","PutLarge",1,0,30.351,0.029,30.318
"Tenant A (Bully Data)","PutLarge",1,0,30.641,0.014,30.616
"Tenant A (Bully Data)","PutLarge",1,0,30.920,0.015,30.899
"Tenant A (Bully Data)","ListBucket",1,0,24.451,0.018,24.383
"Tenant A (Bully Data)","PutLarge",1,0,31.247,0.028,31.161
"Tenant A (Bully Data)","PutLarge",1,0,28.555,0.012,28.525
"Tenant A (Bully Data)","PutLarge",1,0,29.913,0.003,29.862
"Tenant A (Bully Data)","PutLarge",1,0,31.480,0.003,31.456
"Tenant A (Bully Data)","ListBucket",1,0,23.965,0.035,23.888
"Tenant A (Bully Data)","ListBucket",0,-11,0.019,0.019,0.000
"Tenant A (Bully Data)","ListBucket",1,0,25.773,0.018,25.716
"Tenant A (Bully Data)","PutLarge",1,0,29.821,0.034,29.739
"Tenant A (Bully Data)","PutLarge",0,-11,0.011,0.011,0.000
"Tenant A (Bully Data)","PutLarge",1,0,29.009,0.014,28.985
"Tenant A (Bully Data)","PutLarge",0,-11,0.030,0.030,0.000
"Tenant A (Bully Data)","PutLarge",0,-11,0.011,0.011,0.000
"Tenant A (Bully Data)","PutLarge",0,-11,0.009,0.009,0.000
"Tenant A (Bully Data)","PutLarge",1,0,29.447,0.028,29.363
"Tenant A (Bully Data)","PutLarge",0,-11,0.025,0.025,0.000
"Tenant A (Bully Data)","PutLarge",1,0,30.361,0.008,30.305
"Tenant A (Bully Data)","PutLarge",1,0,29.633,0.019,29.580
"Tenant A (Bully Data)","PutLarge",1,0,30.921,0.030,30.843
"Tenant A (Bully Data)","ListBucket",1,0,24.908,0.050,24.779
"Tenant A (Bully Data)","PutLarge",1,0,29.551,0.030,29.484
"Tenant A (Bully Data)","PutLarge",1,0,29.162,0.041,29.071
"Tenant A (Bully Data)","PutLarge",1,0,29.459,0.030,29.361
"Tenant A (Bully Data)","ListBucket",1,0,25.604,0.050,25.518
"Tenant A (Bully Data)","PutLarge",1,0,30.670,0.037,30.622
"Tenant A (Bully Data)","PutLarge",0,-11,0.009,0.009,0.000
"Tenant A (Bully Data)","ListBucket",1,0,25.020,0.013,24.979
"Tenant A (Bully Data)","ListBucket",0,-11,0.043,0.043,0.000
"Tenant A (Bully Data)","PutLarge",1,0,28.597,0.010,28.573
"Tenant A (Bully Data)","PutLarge",1,0,29.921,0.030,29.878
"Tenant A (Bully Data)","ListBucket",1,0,25.034,0.009,24.997
"Tenant A (Bully Data)","ListBucket",1,0,26.000,0.004,25.991
"Tenant A (Bully Data)","PutLarge",1,0,30.583,0.055,30.499
"Tenant A (Bully Data)","ListBucket",1,0,26.099,0.022,26.035
"Tenant A (Bully Data)","PutLarge",1,0,29.289,0.019,29.232
"Tenant A (Bully Data)","ListBucket",1,0,24.901,0.035,24.827
"Tenant A (Bully Data)","PutLarge",1,0,31.008,0.032,30.948
"Tenant A (Bully Data)","ListBucket",1,0,25.113,0.009,25.068
"Tenant A (Bully Data)","PutLarge",1,0,29.309,0.009,29.268
"Tenant A (Bully Data)","PutLarge",1,0,31.469,0.018,31.418
"Tenant A (Bully Data)","ListBucket",1,0,24.433,0.012,24.383
"Tenant A (Bully Data)","ListBucket",1,0,24.169,0.023,24.124
"Tenant A (Bully Data)","PutLarge",1,0,29.284,0.033,29.218
"Tenant A (Bully Data)","PutLarge",1,0,28.593,0.014,28.547
"Tenant A (Bully Data)","PutLarge",1,0,28.633,0.009,28.602
"Tenant A (Bully Data)","PutLarge",1,0,28.803,0.007,28.743
"Tenant A (Bully Data)","PutLarge",1,0,30.927,0.005,30.915
"Tenant A (Bully Data)","PutLarge",0,-11,0.029,0.029,0.000
"Tenant A (Bully Data)","PutLarge",0,-11,0.009,0.009,0.000
"Tenant A (Bully Data)","ListBucket",0,-11,0.029,0.029,0.000
"Tenant A (Bully Data)","PutLarge",1,0,29.356,0.008,29.315
"Tenant A (Bully Data)","ListBucket",1,0,24.464,0.012,24.409
"Tenant A (Bully Data)","ListBucket",1,0,25.353,0.015,25.271
"Tenant A (Bully Data)","PutLarge",0,-11,0.011,0.011,0.000
"Tenant A (Bully Data)","ListBucket",1,0,25.658,0.016,25.596
"Tenant A (Bully Data)","PutLarge",1,0,29.382,0.028,29.314
"Tenant A (Bully Data)","PutLarge",1,0,29.680,0.034,29.618
"Tenant A (Bully Data)","PutLarge",1,0,30.685,0.012,30.644
"Tenant A (Bully Data)","PutLarge",1,0,29.940,0.018,29.887
"Tenant A (Bully Data)","PutLarge",1,0,29.296,0.033,29.229
"Tenant A (Bully Data)","ListBucket",1,0,24.444,0.014,24.399
"Tenant A (Bully Data)","ListBucket",0,-11,0.044,0.044,0.000
"Tenant A (Bully Data)","PutLarge",1,0,29.629,0.032,29.551
"Tenant A (Bully Data)","PutLarge",1,0,30.874,0.033,30.795
"Tenant A (Bully Data)","ListBucket",1,0,24.480,0.017,24.401
"Tenant A (Bully Data)","PutLarge",1,0,29.815,0.030,29.723
"Tenant A (Bully Data)","PutLarge",1,0,29.327,0.047,29.234
"Tenant A (Bully Data)","PutLarge",1,0,30.311,0.017,30.252
"Tenant A (Bully Data)","PutLarge",1,0,29.229,0.047,29.138
"Tenant A (Bully Data)","ListBucket",1,0,24.951,0.040,24.873
"Tenant A (Bully Data)","ListBucket",1,0,24.204,0.011,24.142
"Tenant A (Bully Data)","PutLarge",1,0,28.580,0.026,28.523
"Tenant A (Bully Data)","PutLarge",1,0,29.836,0.013,29.811
"Tenant A (Bully Data)","PutLarge",1,0,31.212,0.025,31.144
"Tenant A (Bully Data)","ListBucket",1,0,24.889,0.020,24.831
"Tenant A (Bully Data)","ListBucket",1,0,25.292,0.016,25.227
"Tenant A (Bully Data)","ListBucket",1,0,26.045,0.027,25.957
"Tenant A (Bully Data)","PutLarge",1,0,31.320,0.030,31.245
"Tenant A (Bully Data)","PutLarge",1,0,30.408,0.022,30.367
"Tenant A (Bully Data)","PutLarge",1,0,29.279,0.009,29.234
"Tenant A (Bully Data)","ListBucket",1,0,24.940,0.033,24.875
"Tenant A (Bully Data)","ListBucket",0,-11,0.003,0.003,0.000
"Tenant A (Bully Data)","PutLarge",1,0,30.432,0.024,30.404
"Tenant A (Bully Data)","PutLarge",1,0,30.902,0.015,30.884
"Tenant A (Bully Data)","ListBucket",1,0,25.839,0.025,25.810
"Tenant A (Bully Data)","ListBucket",0,-11,0.015,0.015,0.000
"Tenant A (Bully Data)","ListBucket",1,0,24.570,0.004,24.532
"Tenant A (Bully Data)","PutLarge",1,0,30.688,0.023,30.620
"Tenant A (Bully Data)","PutLarge",1,0,30.748,0.013,30.714
"Tenant A (Bully Data)","PutLarge",1,0,29.552,0.003,29.533
"Tenant A (Bully Data)","PutLarge",1,0,31.427,0.031,31.366
"Tenant A (Bully Data)","PutLarge",1,0,30.164,0.011,30.140
"Tenant A (Bully Data)","PutLarge",1,0,29.338,0.006,29.295
"Tenant A (Bully Data)","PutLarge",1,0,31.526,0.032,31.477
"Tenant A (Bully Data)","PutLarge",1,0,31.187,0.032,31.149
"Tenant A (Bully Data)","PutLarge",1,0,29.464,0.026,29.403
"Tenant A (Bully Data)","PutLarge",1,0,29.958,0.011,29.898
"Tenant A (Bully Data)","PutLarge",1,0,29.826,0.040,29.772
"Tenant A (Bully Data)","ListBucket",0,-11,0.008,0.008,0.000
"Tenant A (Bully Data)","ListBucket",0,-11,0.003,0.003,0.000
"Tenant A (Bully Data)","PutLarge",0,-11,0.011,0.011,0.000
"Tenant A (Bully Data)","ListBucket",1,0,24.490,0.036,24.450
"Tenant A (Bully Data)","PutLarge",1,0,31.230,0.016,31.206
"Tenant A (Bully Data)","PutLarge",0,-11,0.003,0.003,0.000
"Tenant A (Bully Data)","ListBucket",1,0,25.939,0.031,25.864
"Tenant A (Bully Data)","ListBucket",1,0,25.671,0.023,25.645
"Tenant A (Bully Data)","ListBucket",1,0,24.869,0.045,24.787
"Tenant A (Bully Data)","ListBucket",1,0,23.872,0.008,23.814
"Tenant A (Bully Data)","ListBucket",1,0,25.440,0.028,25.360
"Tenant A (Bully Data)","PutLarge",1,0,31.401,0.005,31.393
"Tenant A (Bully Data)","PutLarge",0,-11,0.018,0.018,0.000
"Tenant A (Bully Data)","ListBucket",1,0,24.159,0.005,24.099
"Tenant A (Bully Data)","ListBucket",1,0,25.918,0.012,25.832
"Tenant A (Bully Data)","PutLarge",0,-11,0.027,0.027,0.000
"Tenant A (Bully Data)","PutLarge",1,0,29.875,0.006,29.857
"Tenant A (Bully Data)","ListBucket",1,0,25.957,0.022,25.900
"Tenant A (Bully Data)","PutLarge",1,0,31.378,0.009,31.338
"Tenant A (Bully Data)","PutLarge",1,0,29.732,0.019,29.662
"Tenant A (Bully Data)","PutLarge",1,0,30.606,0.018,30.529
"Tenant A (Bully Data)","PutLarge",1,0,29.876,0.013,29.817
"Tenant A (Bully Data)","ListBucket",0,-11,0.010,0.010,0.000
"Tenant A (Bully Data)","ListBucket",1,0,25.352,0.017,25.320
"Tenant A (Bully Data)","PutLarge",1,0,29.308,0.032,29.244
"Tenant A (Bully Data)","ListBucket",0,-11,0.024,0.024,0.000
"Tenant A (Bully Data)","PutLarge",1,0,29.224,0.016,29.203
"Tenant A (Bully Data)","ListBucket",1,0,25.307,0.015,25.276
"Tenant A (Bully Data)","PutLarge",1,0,29.663,0.011,29.637
"Tenant A (Bully Data)","PutLarge",0,-11,0.013,0.013,0.000
"Tenant A (Bully Data)","PutLarge",1,0,28.923,0.011,28.898
"Tenant A (Bully Data)","PutLarge",1,0,29.808,0.013,29.763
"Tenant A (Bully Data)","PutLarge",0,-11,0.003,0.003,0.000
"Tenant A (Bully Data)","PutLarge",0,-11,0.002,0.002,0.000
"Tenant A (Bully Data)","PutLarge",1,0,30.305,0.010,30.270
"Tenant A (Bully Data)","PutLarge",1,0,28.986,0.010,28.941
"Tenant A (Bully Data)","PutLarge",1,0,30.526,0.005,30.490
"Tenant A (Bully Data)","ListBucket",1,0,25.313,0.011,25.222
"Tenant A (Bully Data)","ListBucket",1,0,24.118,0.004,24.082
"Tenant A (Bully Data)","PutLarge",1,0,31.143,0.028,31.107
"Tenant A (Bully Data)","ListBucket",1,0,24.631,0.022,24.603
"Tenant A (Bully Data)","PutLarge",1,0,28.804,0.038,28.737
"Tenant A (Bully Data)","PutLarge",1,0,31.137,0.007,31.098
"Tenant A (Bully Data)","ListBucket",1,0,25.834,0.020,25.792
"Tenant A (Bully Data)","PutLarge",1,0,30.912,0.015,30.882
"Tenant A (Bully Data)","ListBucket",1,0,24.482,0.012,24.418
"Tenant A (Bully Data)","PutLarge",1,0,31.346,0.007,31.294
"Tenant A (Bully Data)","PutLarge",1,0,30.988,0.017,30.923
"Tenant A (Bully Data)","PutLarge",1,0,30.535,0.028,30.468
"Tenant A (Bully Data)","ListBucket",1,0,25.110,0.004,25.077
"Tenant A (Bully Data)","PutLarge",1,0,29.808,0.003,29.775
"Tenant A (Bully Data)","ListBucket",1,0,25.502,0.015,25.473
"Tenant A (Bully Data)","ListBucket",1,0,24.946,0.007,24.934
"Tenant A (Bully Data)","ListBucket",1,0,24.504,0.011,24.460
"Tenant A (Bully Data)","PutLarge",1,0,29.012,0.045,28.936
"Tenant A (Bully Data)","ListBucket",1,0,24.726,0.032,24.617
"Tenant A (Bully Data)","PutLarge",1,0,29.692,0.046,29.598
"Tenant A (Bully Data)","ListBucket",1,0,25.218,0.028,25.139
"Tenant A (Bully Data)","ListBucket",1,0,25.453,0.013,25.378
"Tenant A (Bully Data)","ListBucket",1,0,25.717,0.010,25.675
"Tenant A (Bully Data)","PutLarge",0,-11,0.008,0.008,0.000
"Tenant A (Bully Data)","ListBucket",0,-11,0.011,0.011,0.000
"Tenant A (Bully Data)","PutLarge",1,0,28.697,0.014,28.653
"Tenant A (Bully Data)","ListBucket",0,-11,0.011,0.011,0.000
"Tenant A (Bully Data)","PutLarge",0,-11,0.007,0.007,0.000
"Tenant A (Bully Data)","PutLarge",1,0,28.638,0.016,28.590
"Tenant A (Bully Data)","ListBucket",1,0,25.693,0.013,25.644
"Tenant A (Bully Data)","PutLarge",1,0,29.236,0.029,29.163
"Tenant A (Bully Data)","ListBucket",1,0,25.116,0.039,25.017
"Tenant A (Bully Data)","ListBucket",1,0,24.717,0.007,24.663
"Tenant A (Bully Data)","ListBucket",0,-11,0.018,0.018,0.000
"Tenant A (Bully Data)","PutLarge",1,0,30.361,0.033,30.243
"Tenant A (Bully Data)","PutLarge",1,0,29.635,0.011,29.593
"Tenant A (Bully Data)","PutLarge",1,0,30.194,0.008,30.154
"Tenant A (Bully Data)","PutLarge",1,0,29.232,0.031,29.166
"Tenant A (Bully Data)","PutLarge",1,0,29.096,0.045,29.013
"Tenant A (Bully Data)","PutLarge",1,0,29.182,0.051,29.068
"Tenant A (Bully Data)","ListBucket",1,0,24.717,0.022,24.689
"Tenant A (Bully Data)","PutLarge",1,0,31.084,0.037,31.014
"Tenant A (Bully Data)","PutLarge",1,0,28.873,0.018,28.820
"Tenant A (Bully Data)","ListBucket",1,0,24.939,0.024,24.885
"Tenant A (Bully Data)","ListBucket",0,-11,0.010,0.010,0.000
"Tenant A (Bully Data)","PutLarge",0,-11,0.009,0.009,0.000
"Tenant A (Bully Data)","PutLarge",1,0,29.074,0.032,29.032
"Tenant A (Bully Data)","PutLarge",1,0,31.448,0.016,31.420
"Tenant A (Bully Data)","ListBucket",1,0,25.069,0.022,25.034
"Tenant A (Bully Data)","PutLarge",1,0,30.099,0.030,30.059
"Tenant A (Bully Data)","PutLarge",1,0,30.139,0.011,30.083
"Tenant A (Bully Data)","PutLarge",0,-11,0.003,0.003,0.000
"Tenant A (Bully Data)","ListBucket",1,0,24.672,0.013,24.577
"Tenant A (Bully Data)","PutLarge",1,0,30.818,0.011,30.777
"Tenant A (Bully Data)","PutLarge",1,0,31.020,0.031,30.982
"Tenant A (Bully Data)","ListBucket",1,0,24.506,0.012,24.463
"Tenant A (Bully Data)","ListBucket",1,0,24.650,0.008,24.595
"Tenant A (Bully Data)","ListBucket",1,0,25.076,0.041,25.013
"Tenant A (Bully Data)","ListBucket",1,0,24.599,0.012,24.575
"Tenant A (Bully Data)","PutLarge",0,-11,0.010,0.010,0.000
"Tenant A (Bully Data)","PutLarge",1,0,29.761,0.055,29.673
"Tenant A (Bully Data)","PutLarge",1,0,31.447,0.011,31.374
"Tenant A (Bully Data)","PutLarge",0,-11,0.010,0.010,0.000
"Tenant A (Bully Data)","PutLarge",0,-11,0.003,0.003,0.000
"Tenant A (Bully Data)","PutLarge",1,0,31.038,0.022,31.003
"Tenant A (Bully Data)","PutLarge",1,0,28.850,0.038,28.798
"Tenant A (Bully Data)","PutLarge",1,0,30.213,0.030,30.176
"Tenant A (Bully Data)","PutLarge",1,0,28.868,0.010,28.853
"Tenant A (Bully Data)","PutLarge",1,0,29.870,0.016,29.845
"Tenant A (Bully Data)","ListBucket",1,0,25.240,0.029,25.205
"Tenant A (Bully Data)","PutLarge",1,0,31.385,0.012,31.297
"Tenant A (Bully Data)","PutLarge",1,0,29.338,0.017,29.286
"Tenant A (Bully Data)","PutLarge",1,0,29.423,0.026,29.393
"Tenant A (Bully Data)","PutLarge",0,-11,0.007,0.007,0.000
"Tenant A (Bully Data)","PutLarge",1,0,31.426,0.018,31.378
"Tenant A (Bully Data)","PutLarge",1,0,29.758,0.012,29.715
"Tenant A (Bully Data)","ListBucket",1,0,23.898,0.043,23.806
"Tenant A (Bully Data)","ListBucket",0,-11,0.003,0.003,0.000
"Tenant A (Bully Data)","ListBucket",0,-11,0.005,0.005,0.000
"Tenant A (Bully Data)","PutLarge",1,0,28.646,0.027,28.589
"Tenant A (Bully Data)","ListBucket",1,0,24.813,0.015,24.793
"Tenant A (Bully Data)","PutLarge",1,0,29.722,0.033,29.684
"Tenant A (Bully Data)","PutLarge",1,0,30.478,0.021,30.448
"Tenant A (Bully Data)","PutLarge",1,0,29.166,0.003,29.154
"Tenant A (Bully Data)","PutLarge",1,0,29.724,0.016,29.693
"Tenant A (Bully Data)","PutLarge",1,0,28.782,0.004,28.752
"Tenant A (Bully Data)","PutLarge",1,0,29.735,0.012,29.711
"Tenant A (Bully Data)","PutLarge",1,0,29.706,0.027,29.668
"Tenant A (Bully Data)","PutLarge",1,0,30.907,0.003,30.863
"Tenant A (Bully Data)","PutLarge",1,0,29.809,0.005,29.727
"Tenant A (Bully Data)","PutLarge",1,0,29.733,0.007,29.699
"Tenant A (Bully Data)","PutLarge",0,-11,0.012,0.012,0.000
"Tenant A (Bully Data)","PutLarge",1,0,29.070,0.027,29.035
"Tenant A (Bully Data)","PutLarge",1,0,30.973,0.009,30.950
"Tenant A (Bully Data)","PutLarge",1,0,29.968,0.012,29.924
"Tenant A (Bully Data)","PutLarge",1,0,28.542,0.009,28.523
"Tenant A (Bully Data)","ListBucket",0,-11,0.004,0.004,0.000
"Tenant A (Bully Data)","PutLarge",1,0,30.279,0.014,30.237
"Tenant A (Bully Data)","PutLarge",1,0,31.211,0.017,31.127
"Tenant A (Bully Data)","PutLarge",1,0,28.776,0.009,28.732
"Tenant A (Bully Data)","PutLarge",1,0,30.960,0.029,30.877
"Tenant A (Bully Data)","PutLarge",1,0,31.525,0.027,31.494
"Tenant A (Bully Data)","ListBucket",1,0,24.323,0.020,24.260
"Tenant A (Bully Data)","PutLarge",0,-11,0.005,0.005,0.000
"Tenant A (Bully Data)","PutLarge",1,0,30.176,0.027,30.139
"Tenant A (Bully Data)","PutLarge",1,0,29.695,0.004,29.684
"Tenant A (Bully Data)","PutLarge",1,0,29.382,0.025,29.330
"Tenant A (Bully Data)","ListBucket",1,0,25.470,0.037,25.417
"Tenant A (Bully Data)","PutLarge",1,0,29.959,0.009,29.915
"Tenant A (Bully Data)","PutLarge",1,0,29.869,0.008,29.833
"Tenant A (Bully Data)","PutLarge",1,0,30.566,0.016,30.483
"Tenant A (Bully Data)","PutLarge",1,0,31.001,0.035,30.931
"Tenant A (Bully Data)","PutLarge",1,0,31.486,0.032,31.433
"Tenant A (Bully Data)","PutLarge",1,0,30.984,0.020,30.933
"Tenant A (Bully Data)","PutLarge",1,0,29.233,0.019,29.153
"Tenant A (Bully Data)","ListBucket",1,0,25.266,0.031,25.160
"Tenant A (Bully Data)","PutLarge",1,0,28.569,0.017,28.521
"Tenant A (Bully Data)","PutLarge",1,0,28.894,0.035,28.808
"Tenant A (Bully Data)","ListBucket",1,0,25.175,0.007,25.163
"Tenant A (Bully Data)","PutLarge",0,-11,0.004,0.004,0.000
"Tenant A (Bully Data)","PutLarge",1,0,28.569,0.009,28.546
"Tenant A (Bully Data)","PutLarge",0,-11,0.046,0.046,0.000
"Tenant A (Bully Data)","ListBucket",0,-11,0.010,0.010,0.000
"Tenant A (Bully Data)","PutLarge",1,0,28.552,0.005,28.502
"Tenant A (Bully Data)","ListBucket",1,0,25.753,0.059,25.670
"Tenant A (Bully Data)","PutLarge",1,0,30.106,0.033,30.070
"Tenant A (Bully Data)","PutLarge",1,0,29.087,0.016,29.024
"Tenant A (Bully Data)","PutLarge",1,0,29.048,0.043,28.988
"Tenant A (Bully Data)","PutLarge",1,0,31.380,0.013,31.360
"Tenant A (Bully Data)","PutLarge",1,0,30.936,0.016,30.890
"Tenant A (Bully Data)","PutLarge",1,0,31.452,0.039,31.387
"Tenant A (Bully Data)","PutLarge",1,0,30.149,0.006,30.115
"Tenant A (Bully Data)","PutLarge",0,-11,0.007,0.007,0.000
"Tenant A (Bully Data)","PutLarge",0,-11,0.002,0.002,0.000
"Tenant A (Bully Data)","PutLarge",1,0,30.371,0.030,30.325
"Tenant A (Bully Data)","ListBucket",1,0,26.095,0.028,26.053
"Tenant A (Bully Data)","ListBucket",1,0,24.073,0.032,24.007
"Tenant A (Bully Data)","PutLarge",1,0,29.659,0.006,29.630
"Tenant A (Bully Data)","PutLarge",1,0,30.914,0.019,30.854
"Tenant A (Bully Data)","PutLarge",1,0,29.143,0.044,29.091
"Tenant A (Bully Data)","PutLarge",0,-11,0.009,0.009,0.000
"Tenant A (Bully Data)","PutLarge",1,0,29.684,0.028,29.607
"Tenant A (Bully Data)","PutLarge",1,0,30.780,0.042,30.694
"Tenant A (Bully Data)","PutLarge",1,0,29.168,0.029,29.070
"Tenant A (Bully Data)","PutLarge",1,0,31.302,0.028,31.257
"Tenant A (Bully Data)","PutLarge",1,0,30.283,0.012,30.236
"Tenant A (Bully Data)","ListBucket",1,0,24.945,0.003,24.934
"Tenant A (Bully Data)","PutLarge",1,0,29.116,0.012,29.072
"Tenant A (Bully Data)","ListBucket",1,0,25.597,0.019,25.527
"Tenant A (Bully Data)","PutLarge",1,0,30.370,0.020,30.309
"Tenant A (Bully Data)","PutLarge",1,0,31.361,0.022,31.311
"Tenant A (Bully Data)","PutLarge",1,0,29.489,0.007,29.462
"Tenant A (Bully Data)","PutLarge",1,0,30.966,0.028,30.934
"Tenant A (Bully Data)","PutLarge",0,-11,0.005,0.005,0.000
"Tenant A (Bully Data)","ListBucket",0,-11,0.003,0.003,0.000
"Tenant A (Bully Data)","ListBucket",1,0,26.233,0.010,26.192
"Tenant A (Bully Data)","PutLarge",0,-11,0.009,0.009,0.000
"Tenant A (Bully Data)","PutLarge",0,-11,0.007,0.007,0.000
"Tenant A (Bully Data)","ListBucket",1,0,24.248,0.009,24.220
"Tenant A (Bully Data)","PutLarge",1,0,29.536,0.025,29.478
"Tenant A (Bully Data)","PutLarge",1,0,30.653,0.031,30.583
"Tenant A (Bully Data)","PutLarge",1,0,29.446,0.014,29.420
"Tenant A (Bully Data)","PutLarge",1,0,31.543,0.091,31.431
"Tenant A (Bully Data)","PutLarge",1,0,29.190,0.016,29.168
"Tenant A (Bully Data)","PutLarge",1,0,29.718,0.009,29.676
"Tenant A (Bully Data)","ListBucket",0,-11,0.004,0.004,0.000
"Tenant A (Bully Data)","ListBucket",1,0,25.311,0.014,25.293
"Tenant A (Bully Data)","PutLarge",1,0,30.764,0.032,30.729
"Tenant A (Bully Data)","PutLarge",0,-11,0.008,0.008,0.000
"Tenant A (Bully Data)","PutLarge",1,0,29.176,0.010,29.143
"Tenant A (Bully Data)","PutLarge",0,-11,0.008,0.008,0.000
"Tenant A (Bully Data)","PutLarge",1,0,30.217,0.005,30.208
"Tenant A (Bully Data)","PutLarge",1,0,28.788,0.012,28.744
"Tenant A (Bully Data)","ListBucket",1,0,24.673,0.054,24.568
"Tenant A (Bully Data)","PutLarge",0,-11,0.007,0.007,0.000
"Tenant A (Bully Data)","PutLarge",1,0,28.870,0.011,28.833
"Tenant A (Bully Data)","PutLarge",1,0,29.719,0.020,29.653
"Tenant A (Bully Data)","ListBucket",1,0,25.238,0.025,25.175
"Tenant A (Bully Data)","PutLarge",1,0,29.371,0.026,29.305
"Tenant A (Bully Data)","ListBucket",1,0,24.006,0.026,23.950
"Tenant A (Bully Data)","PutLarge",1,0,30.373,0.012,30.324
"Tenant A (Bully Data)","ListBucket",1,0,24.639,0.032,24.580
"Tenant A (Bully Data)","PutLarge",1,0,29.632,0.015,29.588
"Tenant A (Bully Data)","ListBucket",1,0,24.523,0.011,24.494
"Tenant A (Bully Data)","PutLarge",1,0,28.918,0.017,28.896
"Tenant A (Bully Data)","PutLarge",0,-11,0.008,0.008,0.000
"Tenant A (Bully Data)","PutLarge",1,0,28.814,0.014,28.778
"Tenant A (Bully Data)","PutLarge",0,-11,0.003,0.003,0.000
"Tenant A (Bully Data)","PutLarge",1,0,30.503,0.004,30.493
"Tenant A (Bully Data)","PutLarge",1,0,30.678,0.018,30.624
"Tenant A (Bully Data)","PutLarge",1,0,29.244,0.009,29.202
"Tenant A (Bully Data)","ListBucket",1,0,24.864,0.042,24.800
"Tenant A (Bully Data)","ListBucket",1,0,24.447,0.017,24.363
"Tenant A (Bully Data)","PutLarge",1,0,28.892,0.005,28.800
"Tenant A (Bully Data)","PutLarge",1,0,28.977,0.021,28.918
"Tenant A (Bully Data)","ListBucket",1,0,23.903,0.028,23.853
"Tenant A (Bully Data)","PutLarge",1,0,30.233,0.011,30.192
"Tenant A (Bully Data)","PutLarge",1,0,29.766,0.010,29.722
"Tenant A (Bully Data)","ListBucket",1,0,24.779,0.013,24.757
"Tenant A (Bully Data)","ListBucket",1,0,24.882,0.039,24.840
"Tenant A (Bully Data)","PutLarge",1,0,30.227,0.012,30.210
"Tenant A (Bully Data)","PutLarge",1,0,30.146,0.048,30.091
"Tenant A (Bully Data)","ListBucket",1,0,25.488,0.028,25.426
"Tenant A (Bully Data)","PutLarge",1,0,29.066,0.045,29.010
"Tenant A (Bully Data)","ListBucket",1,0,25.193,0.008,25.149
"Tenant A (Bully Data)","ListBucket",1,0,24.457,0.004,24.420
"Tenant A (Bully Data)","PutLarge",1,0,30.850,0.026,30.795
"Tenant A (Bully Data)","PutLarge",1,0,31.427,0.008,31.403
"Tenant A (Bully Data)","PutLarge",0,-11,0.004,0.004,0.000
"Tenant A (Bully Data)","PutLarge",0,-11,0.003,0.003,0.000
"Tenant A (Bully Data)","PutLarge",1,0,30.504,0.025,30.441
"Tenant A (Bully Data)","PutLarge",1,0,29.213,0.025,29.154
"Tenant A (Bully Data)","ListBucket",1,0,24.870,0.035,24.817
"Tenant A (Bully Data)","PutLarge",0,-11,0.022,0.022,0.000
"Tenant A (Bully Data)","ListBucket",1,0,25.433,0.022,25.402
"Tenant A (Bully Data)","PutLarge",1,0,29.963,0.006,29.905
"Tenant A (Bully Data)","PutLarge",1,0,30.046,0.004,29.957
"Tenant A (Bully Data)","PutLarge",1,0,31.502,0.031,31.468
"Tenant A (Bully Data)","PutLarge",1,0,30.321,0.030,30.289
"Tenant A (Bully Data)","PutLarge",1,0,28.551,0.016,28.501
"Tenant A (Bully Data)","PutLarge",0,-11,0.012,0.012,0.000
"Tenant A (Bully Data)","ListBucket",0,-11,0.024,0.024,0.000
"Tenant A (Bully Data)","ListBucket",1,0,24.664,0.011,24.641
"Tenant A (Bully Data)","PutLarge",1,0,30.854,0.021,30.751
"Tenant A (Bully Data)","PutLarge",0,-11,0.022,0.022,0.000
"Tenant A (Bully Data)","PutLarge",1,0,29.596,0.017,29.545
"Tenant A (Bully Data)","PutLarge",1,0,31.500,0.041,31.426
"Tenant A (Bully Data)","ListBucket",1,0,25.459,0.011,25.401
"Tenant A (Bully Data)","PutLarge",1,0,30.221,0.016,30.178
"Tenant A (Bully Data)","PutLarge",1,0,29.533,0.008,29.517
"Tenant A (Bully Data)","PutLarge",1,0,30.114,0.011,30.097
"Tenant A (Bully Data)","PutLarge",1,0,30.581,0.011,30.513
"Tenant A (Bully Data)","ListBucket",0,-11,0.008,0.008,0.000
"Tenant A (Bully Data)","PutLarge",1,0,30.834,0.028,30.797
"Tenant A (Bully Data)","PutLarge",1,0,28.601,0.037,28.550
"Tenant A (Bully Data)","PutLarge",1,0,29.294,0.027,29.252
"Tenant A (Bully Data)","PutLarge",1,0,29.054,0.012,29.036
"Tenant A (Bully Data)","PutLarge",1,0,29.607,0.020,29.569
"Tenant A (Bully Data)","PutLarge",1,0,30.846,0.033,30.782
"Tenant A (Bully Data)","PutLarge",0,-11,0.030,0.030,0.000
"Tenant A (Bully Data)","PutLarge",0,-11,0.011,0.011,0.000
"Tenant A (Bully Data)","PutLarge",0,-11,0.008,0.008,0.000
"Tenant A (Bully Data)","PutLarge",0,-11,0.003,0.003,0.000
"Tenant A (Bully Data)","ListBucket",1,0,25.911,0.034,25.861
"Tenant A (Bully Data)","PutLarge",1,0,31.053,0.035,31.014
"Tenant A (Bully Data)","PutLarge",1,0,31.396,0.018,31.366
"Tenant A (Bully Data)","ListBucket",1,0,26.042,0.009,26.027
"Tenant A (Bully Data)","ListBucket",1,0,25.771,0.036,25.696
"Tenant A (Bully Data)","ListBucket",1,0,25.823,0.003,25.785
"Tenant A (Bully Data)","PutLarge",0,-11,0.009,0.009,0.000
"Tenant A (Bully Data)","PutLarge",0,-11,0.017,0.017,0.000
"Tenant A (Bully Data)","PutLarge",0,-11,0.007,0.007,0.000
"Tenant A (Bully Data)","ListBucket",1,0,26.261,0.028,26.208
"Tenant A (Bully Data)","ListBucket",1,0,25.210,0.017,25.162
"Tenant A (Bully Data)","ListBucket",1,0,24.596,0.030,24.498
"Tenant A (Bully Data)","PutLarge",1,0,30.892,0.012,30.868
"Tenant A (Bully Data)","PutLarge",1,0,29.964,0.028,29.931
"Tenant A (Bully Data)","PutLarge",0,-11,0.010,0.010,0.000
"Tenant A (Bully Data)","PutLarge",1,0,29.556,0.042,29.467
"Tenant A (Bully Data)","ListBucket",1,0,24.503,0.054,24.399
"Tenant A (Bully Data)","PutLarge",1,0,29.090,0.004,29.044
"Tenant A (Bully Data)","ListBucket",1,0,25.081,0.026,25.046
"Tenant A (Bully Data)","PutLarge",1,0,30.824,0.045,30.746
"Tenant A (Bully Data)","PutLarge",1,0,29.873,0.028,29.791
"Tenant A (Bully Data)","ListBucket",1,0,25.562,0.028,25.516
"Tenant A (Bully Data)","PutLarge",0,-11,0.005,0.005,0.000
"Tenant A (Bully Data)","ListBucket",1,0,24.262,0.046,24.173
"Tenant A (Bully Data)","PutLarge",1,0,29.998,0.016,29.966
"Tenant A (Bully Data)","PutLarge",1,0,29.579,0.010,29.552
"Tenant A (Bully Data)","PutLarge",1,0,31.005,0.036,30.959
"Tenant A (Bully Data)","PutLarge",1,0,31.181,0.030,31.115
"Tenant A (Bully Data)","PutLarge",1,0,30.750,0.036,30.694
"Tenant A (Bully Data)","PutLarge",1,0,29.168,0.011,29.152
"Tenant A (Bully Data)","PutLarge",1,0,30.036,0.018,29.987
"Tenant A (Bully Data)","PutLarge",1,0,29.495,0.030,29.452
"Tenant A (Bully Data)","ListBucket",1,0,24.676,0.009,24.658
"Tenant A (Bully Data)","PutLarge",1,0,31.157,0.007,31.083
"Tenant A (Bully Data)","ListBucket",1,0,24.948,0.019,24.923
"Tenant A (Bully Data)","PutLarge",1,0,31.425,0.010,31.374
"Tenant A (Bully Data)","PutLarge",1,0,31.403,0.010,31.369
"Tenant A (Bully Data)","PutLarge",1,0,30.566,0.011,30.540
"Tenant A (Bully Data)","ListBucket",1,0,25.077,0.033,25.008
"Tenant A (Bully Data)","PutLarge",0,-11,0.004,0.004,0.000
"Tenant A (Bully Data)","PutLarge",0,-11,0.004,0.004,0.000
"Tenant A (Bully Data)","ListBucket",0,-11,0.009,0.009,0.000
"Tenant A (Bully Data)","PutLarge",1,0,29.736,0.022,29.666
"Tenant A (Bully Data)","ListBucket",1,0,24.416,0.026,24.355
"Tenant A (Bully Data)","PutLarge",0,-11,0.009,0.009,0.000
"Tenant A (Bully Data)","PutLarge",1,0,29.776,0.004,29.767
"Tenant A (Bully Data)","PutLarge",1,0,29.619,0.008,29.579
"Tenant A (Bully Data)","PutLarge",1,0,29.492,0.011,29.473
"Tenant A (Bully Data)","PutLarge",1,0,30.012,0.010,29.998
"Tenant A (Bully Data)","PutLarge",1,0,28.694,0.013,28.651
"Tenant A (Bully Data)","PutLarge",1,0,30.769,0.034,30.705
"Tenant A (Bully Data)","PutLarge",1,0,31.458,0.004,31.420
"Tenant A (Bully Data)","PutLarge",1,0,29.851,0.028,29.785
"Tenant A (Bully Data)","ListBucket",0,-11,0.004,0.004,0.000
"Tenant A (Bully Data)","ListBucket",1,0,26.041,0.003,26.034
"Tenant A (Bully Data)","PutLarge",1,0,30.615,0.026,30.573
"Tenant A (Bully Data)","PutLarge",1,0,28.982,0.032,28.935
"Tenant A (Bully Data)","PutLarge",1,0,30.065,0.025,30.023
"Tenant A (Bully Data)","PutLarge",1,0,28.770,0.008,28.746
"Tenant A (Bully Data)","PutLarge",1,0,30.876,0.004,30.862
"Tenant A (Bully Data)","PutLarge",0,-11,0.003,0.003,0.000
"Tenant A (Bully Data)","PutLarge",1,0,29.090,0.004,29.077
"Tenant A (Bully Data)","ListBucket",1,0,24.848,0.004,24.817
"Tenant A (Bully Data)","PutLarge",1,0,30.313,0.005,30.298
"Tenant A (Bully Data)","ListBucket",0,-11,0.002,0.002,0.000
"Tenant A (Bully Data)","PutLarge",1,0,29.325,0.004,29.307
"Tenant A (Bully Data)","ListBucket",1,0,25.656,0.007,25.643
"Tenant A (Bully Data)","ListBucket",1,0,24.888,0.006,24.869
"Tenant A (Bully Data)","ListBucket",1,0,25.165,0.031,25.115
"Tenant A (Bully Data)","ListBucket",1,0,24.914,0.009,24.896
"Tenant A (Bully Data)","PutLarge",1,0,31.477,0.005,31.439
"Tenant A (Bully Data)","PutLarge",1,0,30.422,0.007,30.376
"Tenant A (Bully Data)","PutLarge",1,0,30.350,0.004,30.327
"Tenant A (Bully Data)","ListBucket",1,0,24.555,0.026,24.473
"Tenant A (Bully Data)","PutLarge",1,0,29.370,0.003,29.324
"Tenant A (Bully Data)","PutLarge",1,0,29.188,0.033,29.120
"Tenant A (Bully Data)","PutLarge",0,-11,0.009,0.009,0.000
"Tenant A (Bully Data)","PutLarge",1,0,28.631,0.010,28.601
"Tenant A (Bully Data)","PutLarge",1,0,29.033,0.004,29.017
"Tenant A (Bully Data)","PutLarge",1,0,30.325,0.013,30.284
"Tenant A (Bully Data)","PutLarge",1,0,30.245,0.017,30.218
"Tenant A (Bully Data)","PutLarge",1,0,29.404,0.038,29.335
"Tenant A (Bully Data)","ListBucket",1,0,26.039,0.016,25.984
"Tenant A (Bully Data)","PutLarge",1,0,31.443,0.017,31.397
"Tenant A (Bully Data)","PutLarge",1,0,30.690,0.010,30.647
"Tenant A (Bully Data)","ListBucket",1,0,26.005,0.016,25.956
"Tenant A (Bully Data)","ListBucket",0,-11,0.007,0.007,0.000
"Tenant A (Bully Data)","PutLarge",0,-11,0.003,0.003,0.000
"Tenant A (Bully Data)","ListBucket",1,0,25.939,0.007,25.910
"Tenant A (Bully Data)","ListBucket",1,0,24.590,0.026,24.557
"Tenant A (Bully Data)","PutLarge",1,0,31.392,0.032,31.324
"Tenant A (Bully Data)","PutLarge",1,0,31.149,0.024,31.091
"Tenant A (Bully Data)","ListBucket",1,0,24.107,0.027,24.052
"Tenant A (Bully Data)","ListBucket",1,0,25.837,0.004,25.801
"Tenant A (Bully Data)","PutLarge",1,0,31.456,0.007,31.446
"Tenant A (Bully Data)","PutLarge",1,0,30.684,0.029,30.609
"Tenant A (Bully Data)","PutLarge",0,-11,0.003,0.003,0.000
"Tenant A (Bully Data)","ListBucket",0,-11,0.003,0.003,0.000
"Tenant A (Bully Data)","PutLarge",1,0,30.139,0.007,30.098
"Tenant A (Bully Data)","PutLarge",1,0,30.503,0.011,30.460
"Tenant A (Bully Data)","PutLarge",1,0,30.539,0.014,30.478
"Tenant A (Bully Data)","ListBucket",1,0,24.203,0.007,24.175
"Tenant A (Bully Data)","PutLarge",1,0,28.887,0.012,28.858
"Tenant A (Bully Data)","PutLarge",0,-11,0.012,0.012,0.000
"Tenant A (Bully Data)","PutLarge",0,-11,0.029,0.029,0.000
"Tenant A (Bully Data)","PutLarge",1,0,28.618,0.019,28.566
"Tenant A (Bully Data)","PutLarge",1,0,29.515,0.032,29.477
"Tenant A (Bully Data)","PutLarge",1,0,30.652,0.012,30.626
"Tenant A (Bully Data)","PutLarge",1,0,31.121,0.008,31.104
"Tenant A (Bully Data)","PutLarge",0,-11,0.024,0.024,0.000
"Tenant A (Bully Data)","ListBucket",1,0,25.219,0.029,25.187
"Tenant A (Bully Data)","PutLarge",1,0,29.553,0.030,29.492
"Tenant A (Bully Data)","ListBucket",1,0,24.602,0.008,24.569
"Tenant A (Bully Data)","PutLarge",1,0,28.699,0.012,28.656
"Tenant A (Bully Data)","PutLarge",1,0,30.550,0.029,30.498
"Tenant A (Bully Data)","PutLarge",1,0,29.684,0.010,29.642
"Tenant A (Bully Data)","PutLarge",1,0,29.686,0.003,29.593
"Tenant A (Bully Data)","PutLarge",1,0,28.621,0.034,28.574
"Tenant A (Bully Data)","ListBucket",1,0,24.262,0.024,24.230
"Tenant A (Bully Data)","ListBucket",0,-11,0.012,0.012,0.000
"Tenant A (Bully Data)","PutLarge",1,0,28.830,0.013,28.781
"Tenant A (Bully Data)","PutLarge",1,0,30.124,0.034,30.068
"Tenant A (Bully Data)","ListBucket",1,0,25.897,0.019,25.841
"Tenant A (Bully Data)","PutLarge",1,0,28.595,0.003,28.543
"Tenant A (Bully Data)","ListBucket",1,0,24.610,0.011,24.563
"Tenant A (Bully Data)","PutLarge",1,0,31.525,0.028,31.461
"Tenant A (Bully Data)","PutLarge",1,0,31.380,0.026,31.326
"Tenant A (Bully Data)","PutLarge",0,-11,0.033,0.033,0.000
"Tenant A (Bully Data)","PutLarge",1,0,29.272,0.051,29.185
"Tenant A (Bully Data)","PutLarge",0,-11,0.010,0.010,0.000
"Tenant A (Bully Data)","PutLarge",1,0,29.311,0.039,29.171
"Tenant A (Bully Data)","PutLarge",1,0,30.711,0.010,30.679
"Tenant A (Bully Data)","ListBucket",1,0,26.016,0.028,25.956
"Tenant A (Bully Data)","PutLarge",1,0,29.021,0.021,28.965
"Tenant A (Bully Data)","PutLarge",0,-11,0.003,0.003,0.000
"Tenant A (Bully Data)","ListBucket",1,0,25.189,0.033,25.125
"Tenant A (Bully Data)","PutLarge",1,0,31.169,0.013,31.138
"Tenant A (Bully Data)","PutLarge",1,0,30.366,0.031,30.327
"Tenant A (Bully Data)","PutLarge",1,0,30.148,0.010,30.130
"Tenant A (Bully Data)","PutLarge",1,0,29.695,0.027,29.624
"Tenant A (Bully Data)","ListBucket",1,0,25.108,0.007,25.098
"Tenant A (Bully Data)","ListBucket",1,0,24.292,0.015,24.264
"Tenant A (Bully Data)","ListBucket",1,0,25.699,0.003,25.677
"Tenant A (Bully Data)","PutLarge",1,0,31.094,0.021,31.044
"Tenant A (Bully Data)","PutLarge",1,0,28.612,0.016,28.589
"Tenant A (Bully Data)","PutLarge",1,0,29.942,0.006,29.912
"Tenant A (Bully Data)","ListBucket",1,0,25.352,0.018,25.322
"Tenant A (Bully Data)","PutLarge",1,0,29.867,0.014,29.802
"Tenant A (Bully Data)","ListBucket",1,0,23.820,0.028,23.760
"Tenant A (Bully Data)","ListBucket",1,0,26.053,0.023,25.981
"Tenant A (Bully Data)","PutLarge",1,0,30.895,0.032,30.827
"Tenant A (Bully Data)","PutLarge",1,0,29.819,0.010,29.781
"Tenant A (Bully Data)","PutLarge",1,0,30.278,0.010,30.236
"Tenant A (Bully Data)","ListBucket",1,0,25.934,0.013,25.890
"Tenant A (Bully Data)","PutLarge",1,0,29.756,0.026,29.692
"Tenant A (Bully Data)","ListBucket",1,0,24.139,0.017,24.108
"Tenant A (Bully Data)","PutLarge",0,-11,0.003,0.003,0.000
"Tenant A (Bully Data)","ListBucket",1,0,24.018,0.012,23.973
"Tenant A (Bully Data)","ListBucket",1,0,25.069,0.043,25.010
"Tenant A (Bully Data)","ListBucket",1,0,24.572,0.022,24.543
"Tenant A (Bully Data)","ListBucket",1,0,25.053,0.016,25.006
"Tenant A (Bully Data)","PutLarge",1,0,30.095,0.027,30.001
"Tenant A (Bully Data)","PutLarge",1,0,29.218,0.031,29.181
"Tenant A (Bully Data)","PutLarge",1,0,30.725,0.012,30.682
"Tenant A (Bully Data)","PutLarge",1,0,31.221,0.016,31.165
"Tenant A (Bully Data)","ListBucket",1,0,25.330,0.035,25.262
"Tenant A (Bully Data)","PutLarge",0,-11,0.008,0.008,0.000
"Tenant A (Bully Data)","PutLarge",1,0,30.843,0.019,30.778
"Tenant A (Bully Data)","PutLarge",0,-11,0.009,0.009,0.000
"Tenant A (Bully Data)","PutLarge",1,0,31.167,0.046,31.108
"Tenant A (Bully Data)","PutLarge",1,0,29.014,0.024,28.985
"Tenant A (Bully Data)","ListBucket",1,0,25.033,0.033,24.971
"Tenant A (Bully Data)","PutLarge",1,0,29.418,0.029,29.370
"Tenant A (Bully Data)","PutLarge",1,0,30.687,0.028,30.638
"Tenant A (Bully Data)","PutLarge",1,0,29.305,0.014,29.252
"Tenant A (Bully Data)","PutLarge",1,0,29.498,0.007,29.484
"Tenant A (Bully Data)","ListBucket",1,0,24.657,0.016,24.608
"Tenant A (Bully Data)","ListBucket",1,0,25.319,0.012,25.261
"Tenant A (Bully Data)","ListBucket",1,0,24.445,0.030,24.353
"Tenant A (Bully Data)","ListBucket",0,-11,0.009,0.009,0.000
"Tenant A (Bully Data)","ListBucket",1,0,24.006,0.019,23.953
"Tenant A (Bully Data)","ListBucket",1,0,25.859,0.023,25.770
"Tenant A (Bully Data)","PutLarge",1,0,29.031,0.011,28.972
"Tenant A (Bully Data)","PutLarge",1,0,29.175,0.031,29.092
"Tenant A (Bully Data)","ListBucket",1,0,25.991,0.011,25.933
"Tenant A (Bully Data)","PutLarge",1,0,29.933,0.013,29.863
"Tenant A (Bully Data)","PutLarge",1,0,28.845,0.013,28.811
"Tenant A (Bully Data)","PutLarge",1,0,30.406,0.041,30.362
"Tenant A (Bully Data)","PutLarge",1,0,30.250,0.017,30.200
"Tenant A (Bully Data)","ListBucket",1,0,25.120,0.028,25.070
"Tenant A (Bully Data)","ListBucket",1,0,24.951,0.027,24.860
"Tenant A (Bully Data)","ListBucket",1,0,25.419,0.018,25.368
"Tenant A (Bully Data)","PutLarge",1,0,28.994,0.029,28.918
"Tenant A (Bully Data)","PutLarge",1,0,30.928,0.014,30.882
"Tenant A (Bully Data)","ListBucket",1,0,24.299,0.024,24.198
"Tenant A (Bully Data)","ListBucket",1,0,24.281,0.016,24.216
"Tenant A (Bully Data)","PutLarge",1,0,28.912,0.025,28.858
"Tenant A (Bully Data)","ListBucket",1,0,25.774,0.010,25.742
"Tenant A (Bully Data)","PutLarge",1,0,29.830,0.043,29.748
"Tenant A (Bully Data)","PutLarge",1,0,28.556,0.010,28.515
"Tenant A (Bully Data)","PutLarge",1,0,29.436,0.015,29.388
"Tenant A (Bully Data)","ListBucket",1,0,24.929,0.034,24.859
"Tenant A (Bully Data)","PutLarge",0,-11,0.004,0.004,0.000
"Tenant A (Bully Data)","PutLarge",0,-11,0.005,0.005,0.000
"Tenant A (Bully Data)","ListBucket",1,0,25.120,0.031,25.082
"Tenant A (Bully Data)","ListBucket",1,0,24.405,0.004,24.395
"Tenant A (Bully Data)","PutLarge",1,0,30.191,0.031,30.156
"Tenant A (Bully Data)","PutLarge",1,0,31.030,0.006,30.987
"Tenant A (Bully Data)","PutLarge",1,0,29.948,0.009,29.926
"Tenant A (Bully Data)","PutLarge",1,0,28.575,0.005,28.535
"Tenant A (Bully Data)","ListBucket",1,0,24.409,0.009,24.396
"Tenant A (Bully Data)","PutLarge",0,-11,0.007,0.007,0.000
"Tenant A (Bully Data)","PutLarge",1,0,31.478,0.009,31.433
"Tenant A (Bully Data)","PutLarge",1,0,28.700,0.005,28.653
"Tenant A (Bully Data)","PutLarge",1,0,30.237,0.003,30.199
"Tenant A (Bully Data)","ListBucket",1,0,26.110,0.017,26.060
"Tenant A (Bully Data)","ListBucket",1,0,24.238,0.031,24.148
"Tenant A (Bully Data)","PutLarge",1,0,29.738,0.026,29.682
"Tenant A (Bully Data)","PutLarge",1,0,28.724,0.050,28.642
"Tenant A (Bully Data)","PutLarge",1,0,31.354,0.013,31.311
"Tenant A (Bully Data)","ListBucket",0,-11,0.021,0.021,0.000
"Tenant A (Bully Data)","PutLarge",1,0,31.249,0.018,31.191
"Tenant A (Bully Data)","PutLarge",1,0,30.445,0.030,30.364
"Tenant A (Bully Data)","ListBucket",1,0,24.883,0.039,24.811
"Tenant A (Bully Data)","PutLarge",0,-11,0.009,0.009,0.000
"Tenant A (Bully Data)","ListBucket",1,0,25.693,0.029,25.607
"Tenant A (Bully Data)","PutLarge",1,0,28.834,0.074,28.730
"Tenant A (Bully Data)","ListBucket",0,-11,0.011,0.011,0.000
"Tenant A (Bully Data)","ListBucket",1,0,24.011,0.014,23.983
"Tenant A (Bully Data)","ListBucket",1,0,25.744,0.017,25.684
"Tenant A (Bully Data)","PutLarge",1,0,30.693,0.013,30.647
"Tenant A (Bully Data)","PutLarge",1,0,29.630,0.041,29.554
"Tenant A (Bully Data)","PutLarge",1,0,28.807,0.010,28.787
"Tenant A (Bully Data)","PutLarge",0,-11,0.003,0.003,0.000
"Tenant A (Bully Data)","PutLarge",1,0,30.226,0.028,30.139
"Tenant A (Bully Data)","PutLarge",1,0,28.843,0.033,28.788
"Tenant A (Bully Data)","PutLarge",1,0,30.073,0.029,30.008
"Tenant A (Bully Data)","PutLarge",1,0,30.400,0.013,30.367
"Tenant A (Bully Data)","PutLarge",1,0,31.282,0.043,31.207
"Tenant A (Bully Data)","PutLarge",1,0,29.023,0.013,28.971
"Tenant A (Bully Data)","PutLarge",1,0,28.618,0.034,28.552
"Tenant A (Bully Data)","ListBucket",1,0,24.743,0.014,24.705
"Tenant A (Bully Data)","PutLarge",0,-11,0.014,0.014,0.000
"Tenant A (Bully Data)","ListBucket",1,0,25.111,0.030,25.031
"Tenant A (Bully Data)","PutLarge",0,-11,0.009,0.009,0.000
"Tenant A (Bully Data)","PutLarge",1,0,30.195,0.005,30.138
"Tenant A (Bully Data)","PutLarge",1,0,30.819,0.027,30.773
"Tenant A (Bully Data)","PutLarge",1,0,30.639,0.005,30.602
"Tenant A (Bully Data)","PutLarge",0,-11,0.013,0.013,0.000
"Tenant A (Bully Data)","PutLarge",1,0,30.030,0.008,30.016
"Tenant A (Bully Data)","PutLarge",1,0,30.220,0.031,30.175
"Tenant A (Bully Data)","PutLarge",1,0,30.551,0.019,30.528
"Tenant A (Bully Data)","ListBucket",1,0,25.825,0.014,25.755
"Tenant A (Bully Data)","ListBucket",1,0,25.554,0.027,25.522
"Tenant A (Bully Data)","PutLarge",1,0,30.826,0.010,30.775
"Tenant A (Bully Data)","ListBucket",1,0,25.665,0.015,25.626
"Tenant A (Bully Data)","PutLarge",1,0,29.107,0.016,29.050
"Tenant A (Bully Data)","PutLarge",0,-11,0.012,0.012,0.000
"Tenant A (Bully Data)","ListBucket",1,0,24.805,0.031,24.739
"Tenant A (Bully Data)","PutLarge",1,0,28.696,0.025,28.636
"Tenant A (Bully Data)","PutLarge",1,0,30.200,0.003,30.149
"Tenant A (Bully Data)","ListBucket",1,0,25.475,0.009,25.436
"Tenant A (Bully Data)","PutLarge",1,0,28.699,0.014,28.656
"Tenant A (Bully Data)","PutLarge",0,-11,0.016,0.016,0.000
"Tenant A (Bully Data)","PutLarge",1,0,29.108,0.031,29.057
"Tenant A (Bully Data)","PutLarge",1,0,29.798,0.031,29.736
"Tenant A (Bully Data)","PutLarge",1,0,30.804,0.018,30.751
"Tenant A (Bully Data)","PutLarge",0,-11,0.015,0.015,0.000
"Tenant A (Bully Data)","PutLarge",1,0,30.924,0.023,30.826
"Tenant A (Bully Data)","ListBucket",1,0,24.487,0.017,24.456
"Tenant A (Bully Data)","ListBucket",1,0,25.290,0.032,25.227
"Tenant A (Bully Data)","ListBucket",1,0,24.251,0.006,24.210
"Tenant A (Bully Data)","PutLarge",1,0,28.898,0.006,28.851
"Tenant A (Bully Data)","PutLarge",1,0,29.951,0.032,29.905
"Tenant A (Bully Data)","PutLarge",0,-11,0.043,0.043,0.000
"Tenant A (Bully Data)","PutLarge",1,0,31.457,0.050,31.385
"Tenant A (Bully Data)","PutLarge",1,0,31.346,0.037,31.259
"Tenant A (Bully Data)","ListBucket",1,0,24.402,0.010,24.358
"Tenant A (Bully Data)","PutLarge",1,0,29.230,0.030,29.196
"Tenant A (Bully Data)","PutLarge",1,0,28.891,0.008,28.862
"Tenant A (Bully Data)","ListBucket",0,-11,0.019,0.019,0.000
"Tenant A (Bully Data)","PutLarge",1,0,29.082,0.010,29.044
"Tenant A (Bully Data)","ListBucket",1,0,24.544,0.031,24.454
"Tenant A (Bully Data)","PutLarge",1,0,30.417,0.013,30.360
"Tenant A (Bully Data)","ListBucket",1,0,24.792,0.031,24.743
"Tenant A (Bully Data)","PutLarge",1,0,30.766,0.022,30.716
"Tenant A (Bully Data)","PutLarge",1,0,29.040,0.044,28.991
"Tenant A (Bully Data)","PutLarge",1,0,31.388,0.031,31.352
"Tenant A (Bully Data)","PutLarge",1,0,30.317,0.024,30.279
"Tenant A (Bully Data)","PutLarge",1,0,29.811,0.013,29.728
"Tenant A (Bully Data)","ListBucket",1,0,24.170,0.004,24.140
"Tenant A (Bully Data)","PutLarge",1,0,30.256,0.013,30.183
"Tenant A (Bully Data)","PutLarge",1,0,29.233,0.017,29.194
"Tenant A (Bully Data)","PutLarge",0,-11,0.003,0.003,0.000
"Tenant A (Bully Data)","PutLarge",1,0,30.521,0.011,30.468
"Tenant A (Bully Data)","PutLarge",1,0,29.060,0.013,29.041
"Tenant A (Bully Data)","ListBucket",1,0,25.811,0.018,25.764
"Tenant A (Bully Data)","PutLarge",1,0,29.798,0.034,29.752
"Tenant A (Bully Data)","PutLarge",1,0,30.278,0.005,30.270
"Tenant A (Bully Data)","PutLarge",1,0,28.553,0.027,28.518
"Tenant A (Bully Data)","PutLarge",1,0,29.332,0.010,29.290
"Tenant A (Bully Data)","PutLarge",0,-11,0.020,0.020,0.000
"Tenant A (Bully Data)","PutLarge",1,0,29.627,0.003,29.584
"Tenant A (Bully Data)","PutLarge",1,0,31.333,0.003,31.310
"Tenant A (Bully Data)","PutLarge",1,0,30.182,0.020,30.158
"Tenant A (Bully Data)","ListBucket",1,0,24.043,0.016,23.966
"Tenant A (Bully Data)","PutLarge",1,0,31.209,0.012,31.161
"Tenant A (Bully Data)","ListBucket",1,0,25.766,0.030,25.690
"Tenant A (Bully Data)","PutLarge",1,0,30.810,0.035,30.765
"Tenant A (Bully Data)","PutLarge",1,0,28.990,0.034,28.951
"Tenant A (Bully Data)","ListBucket",1,0,23.997,0.016,23.958
"Tenant A (Bully Data)","ListBucket",1,0,24.202,0.010,24.184
"Tenant A (Bully Data)","PutLarge",1,0,29.429,0.013,29.386
"Tenant A (Bully Data)","PutLarge",1,0,28.661,0.031,28.551
"Tenant A (Bully Data)","PutLarge",1,0,31.289,0.018,31.234
"Tenant A (Bully Data)","PutLarge",0,-11,0.009,0.009,0.000
"Tenant A (Bully Data)","ListBucket",0,-11,0.018,0.018,0.000
"Tenant A (Bully Data)","PutLarge",1,0,30.200,0.009,30.176
"Tenant A (Bully Data)","PutLarge",1,0,29.101,0.003,29.056
"Tenant A (Bully Data)","PutLarge",1,0,31.036,0.003,31.002
"Tenant A (Bully Data)","PutLarge",0,-11,0.007,0.007,0.000
"Tenant A (Bully Data)","PutLarge",1,0,31.044,0.004,31.033
"Tenant A (Bully Data)","PutLarge",1,0,30.094,0.031,30.046
"Tenant A (Bully Data)","ListBucket",1,0,26.060,0.012,26.041
"Tenant A (Bully Data)","ListBucket",1,0,25.664,0.038,25.592
"Tenant A (Bully Data)","ListBucket",1,0,25.942,0.027,25.881
"Tenant A (Bully Data)","PutLarge",0,-11,0.009,0.009,0.000
"Tenant A (Bully Data)","ListBucket",0,-11,0.030,0.030,0.000
"Tenant A (Bully Data)","PutLarge",1,0,31.076,0.010,31.056
"Tenant A (Bully Data)","PutLarge",1,0,30.330,0.011,30.288
"Tenant A (Bully Data)","PutLarge",1,0,30.151,0.028,30.094
"Tenant A (Bully Data)","PutLarge",1,0,29.706,0.014,29.646
"Tenant A (Bully Data)","PutLarge",1,0,29.893,0.012,29.873
"Tenant A (Bully Data)","PutLarge",1,0,28.792,0.015,28.770
"Tenant A (Bully Data)","ListBucket",1,0,24.487,0.028,24.429
"Tenant A (Bully Data)","PutLarge",1,0,29.957,0.007,29.867
"Tenant A (Bully Data)","PutLarge",1,0,30.696,0.031,30.651
"Tenant A (Bully Data)","PutLarge",1,0,29.521,0.018,29.452
"Tenant A (Bully Data)","PutLarge",0,-11,0.004,0.004,0.000
"Tenant A (Bully Data)","PutLarge",1,0,28.627,0.032,28.591
"Tenant A (Bully Data)","ListBucket",1,0,24.803,0.026,24.743
"Tenant A (Bully Data)","PutLarge",1,0,31.024,0.041,30.923
"Tenant A (Bully Data)","PutLarge",1,0,28.950,0.014,28.928
"Tenant A (Bully Data)","PutLarge",1,0,28.815,0.014,28.771
"Tenant A (Bully Data)","PutLarge",1,0,28.621,0.041,28.558
"Tenant A (Bully Data)","ListBucket",0,-11,0.004,0.004,0.000
"Tenant A (Bully Data)","PutLarge",0,-11,0.006,0.006,0.000
"Tenant A (Bully Data)","PutLarge",1,0,30.886,0.022,30.856
"Tenant A (Bully Data)","PutLarge",0,-11,0.003,0.003,0.000
"Tenant A (Bully Data)","PutLarge",1,0,29.459,0.023,29.398
"Tenant A (Bully Data)","ListBucket",1,0,25.633,0.013,25.596
"Tenant A (Bully Data)","PutLarge",0,-11,0.035,0.035,0.000
"Tenant A (Bully Data)","ListBucket",1,0,26.028,0.029,25.965
"Tenant A (Bully Data)","PutLarge",1,0,29.280,0.034,29.212
"Tenant A (Bully Data)","PutLarge",1,0,29.767,0.027,29.717
"Tenant A (Bully Data)","PutLarge",1,0,28.674,0.030,28.632
"Tenant A (Bully Data)","ListBucket",1,0,24.469,0.003,24.432
"Tenant A (Bully Data)","PutLarge",1,0,29.288,0.022,29.240
"Tenant A (Bully Data)","PutLarge",1,0,30.561,0.029,30.519
"Tenant A (Bully Data)","PutLarge",1,0,29.892,0.013,29.846
"Tenant A (Bully Data)","PutLarge",1,0,29.264,0.005,29.185
"Tenant A (Bully Data)","ListBucket",1,0,24.071,0.029,24.032
"Tenant A (Bully Data)","PutLarge",0,-11,0.002,0.002,0.000
"Tenant A (Bully Data)","PutLarge",1,0,30.739,0.012,30.722
"Tenant A (Bully Data)","PutLarge",0,-11,0.009,0.009,0.000
"Tenant A (Bully Data)","PutLarge",0,-11,0.004,0.004,0.000
"Tenant A (Bully Data)","ListBucket",1,0,25.682,0.044,25.632
"Tenant A (Bully Data)","ListBucket",1,0,25.277,0.049,25.176
"Tenant A (Bully Data)","PutLarge",1,0,29.866,0.028,29.834
"Tenant A (Bully Data)","ListBucket",1,0,24.243,0.007,24.232
"Tenant A (Bully Data)","PutLarge",1,0,28.709,0.026,28.677
"Tenant A (Bully Data)","PutLarge",1,0,29.032,0.012,28.992
"Tenant A (Bully Data)","PutLarge",1,0,31.155,0.009,31.136
"Tenant A (Bully Data)","PutLarge",0,-11,0.025,0.025,0.000
"Tenant A (Bully Data)","ListBucket",0,-11,0.003,0.003,0.000
"Tenant A (Bully Data)","PutLarge",0,-11,0.029,0.029,0.000
"Tenant A (Bully Data)","PutLarge",1,0,30.360,0.029,30.297
"Tenant A (Bully Data)","PutLarge",1,0,30.581,0.013,30.501
"Tenant A (Bully Data)","ListBucket",1,0,24.730,0.004,24.691
"Tenant A (Bully Data)","ListBucket",1,0,25.436,0.008,25.413
"Tenant A (Bully Data)","PutLarge",1,0,30.205,0.030,30.156
"Tenant A (Bully Data)","PutLarge",1,0,30.321,0.035,30.248
"Tenant A (Bully Data)","ListBucket",1,0,24.798,0.032,24.744
"Tenant A (Bully Data)","PutLarge",0,-11,0.028,0.028,0.000
"Tenant A (Bully Data)","PutLarge",1,0,29.560,0.015,29.525
"Tenant A (Bully Data)","PutLarge",1,0,29.614,0.022,29.568
"Tenant A (Bully Data)","ListBucket",1,0,24.125,0.024,24.078
"Tenant A (Bully Data)","ListBucket",1,0,25.168,0.005,25.149
"Tenant A (Bully Data)","ListBucket",1,0,25.081,0.005,25.044
"Tenant A (Bully Data)","PutLarge",1,0,30.792,0.008,30.737
"Tenant A (Bully Data)","PutLarge",1,0,29.827,0.008,29.790
"Tenant A (Bully Data)","PutLarge",0,-11,0.019,0.019,0.000
"Tenant A (Bully Data)","PutLarge",0,-11,0.004,0.004,0.000
"Tenant A (Bully Data)","PutLarge",0,-11,0.004,0.004,0.000
"Tenant A (Bully Data)","ListBucket",1,0,25.234,0.024,25.175
"Tenant A (Bully Data)","PutLarge",1,0,30.487,0.008,30.444
"Tenant A (Bully Data)","PutLarge",1,0,29.905,0.028,29.857
"Tenant A (Bully Data)","PutLarge",1,0,29.349,0.012,29.323
"Tenant A (Bully Data)","PutLarge",0,-11,0.003,0.003,0.000
"Tenant A (Bully Data)","PutLarge",1,0,29.741,0.006,29.725
"Tenant A (Bully Data)","PutLarge",1,0,31.432,0.016,31.409
"Tenant A (Bully Data)","PutLarge",1,0,29.452,0.005,29.417
"Tenant A (Bully Data)","PutLarge",1,0,31.208,0.012,31.150
"Tenant A (Bully Data)","PutLarge",1,0,28.758,0.010,28.719
"Tenant A (Bully Data)","ListBucket",1,0,25.959,0.052,25.893
"Tenant A (Bully Data)","ListBucket",1,0,25.428,0.009,25.385
"Tenant A (Bully Data)","PutLarge",0,-11,0.006,0.006,0.000
"Tenant A (Bully Data)","PutLarge",1,0,30.994,0.032,30.949
"Tenant A (Bully Data)","ListBucket",1,0,25.093,0.046,25.019
"Tenant A (Bully Data)","ListBucket",1,0,25.702,0.011,25.685
"Tenant A (Bully Data)","PutLarge",1,0,29.020,0.031,28.955
"Tenant A (Bully Data)","ListBucket",1,0,25.899,0.022,25.870
"Tenant A (Bully Data)","PutLarge",1,0,31.470,0.008,31.432
"Tenant A (Bully Data)","PutLarge",1,0,28.825,0.018,28.755
"Tenant A (Bully Data)","PutLarge",0,-11,0.009,0.009,0.000
"Tenant A (Bully Data)","PutLarge",1,0,30.296,0.006,30.276
"Tenant A (Bully Data)","ListBucket",1,0,24.505,0.006,24.488
"Tenant A (Bully Data)","PutLarge",0,-11,0.032,0.032,0.000
"Tenant A (Bully Data)","PutLarge",0,-11,0.030,0.030,0.000
"Tenant A (Bully Data)","PutLarge",1,0,28.987,0.069,28.912
"Tenant A (Bully Data)","PutLarge",1,0,30.289,0.011,30.264
"Tenant A (Bully Data)","ListBucket",1,0,25.235,0.053,25.169
"Tenant A (Bully Data)","PutLarge",1,0,31.158,0.003,31.121
"Tenant A (Bully Data)","ListBucket",1,0,24.956,0.029,24.895
"Tenant A (Bully Data)","ListBucket",0,-11,0.009,0.009,0.000
"Tenant A (Bully Data)","PutLarge",1,0,30.929,0.011,30.858
"Tenant A (Bully Data)","ListBucket",1,0,23.914,0.028,23.842
"Tenant A (Bully Data)","PutLarge",1,0,29.459,0.013,29.398
"Tenant A (Bully Data)","PutLarge",1,0,29.084,0.008,29.025
"Tenant A (Bully Data)","PutLarge",1,0,30.455,0.014,30.425
"Tenant A (Bully Data)","PutLarge",1,0,29.802,0.010,29.735
"Tenant A (Bully Data)","PutLarge",1,0,28.882,0.048,28.786
"Tenant A (Bully Data)","PutLarge",1,0,29.332,0.018,29.309
"Tenant A (Bully Data)","PutLarge",1,0,30.420,0.009,30.351
"Tenant A (Bully Data)","PutLarge",1,0,31.464,0.012,31.423
"Tenant A (Bully Data)","PutLarge",1,0,28.990,0.009,28.949
"Tenant A (Bully Data)","PutLarge",1,0,28.567,0.015,28.532
"Tenant A (Bully Data)","ListBucket",1,0,26.147,0.010,26.130
"Tenant A (Bully Data)","PutLarge",1,0,29.934,0.020,29.883
"Tenant A (Bully Data)","ListBucket",1,0,24.731,0.025,24.701
"Tenant A (Bully Data)","PutLarge",0,-11,0.015,0.015,0.000
"Tenant A (Bully Data)","PutLarge",1,0,28.593,0.030,28.529
"Tenant A (Bully Data)","PutLarge",1,0,29.590,0.044,29.519
"Tenant A (Bully Data)","PutLarge",1,0,30.801,0.017,30.771
"Tenant A (Bully Data)","ListBucket",1,0,24.852,0.008,24.782
"Tenant A (Bully Data)","PutLarge",0,-11,0.011,0.011,0.000
"Tenant A (Bully Data)","PutLarge",1,0,29.127,0.011,29.058
"Tenant A (Bully Data)","ListBucket",1,0,26.099,0.033,26.041
"Tenant A (Bully Data)","PutLarge",1,0,31.052,0.013,31.017
"Tenant A (Bully Data)","PutLarge",1,0,31.463,0.014,31.416
"Tenant A (Bully Data)","ListBucket",1,0,24.165,0.022,24.096
"Tenant A (Bully Data)","PutLarge",1,0,30.870,0.012,30.827
"Tenant A (Bully Data)","PutLarge",1,0,30.192,0.009,30.136
"Tenant A (Bully Data)","PutLarge",1,0,31.404,0.021,31.363
"Tenant A (Bully Data)","ListBucket",1,0,25.847,0.004,25.830
"Tenant A (Bully Data)","PutLarge",0,-11,0.010,0.010,0.000
"Tenant A (Bully Data)","PutLarge",1,0,29.708,0.049,29.638
"Tenant A (Bully Data)","ListBucket",1,0,24.749,0.010,24.703
"Tenant A (Bully Data)","ListBucket",1,0,24.727,0.029,24.668
"Tenant A (Bully Data)","PutLarge",1,0,28.999,0.011,28.947
"Tenant A (Bully Data)","ListBucket",1,0,25.926,0.009,25.883
"Tenant A (Bully Data)","ListBucket",0,-11,0.011,0.011,0.000
"Tenant A (Bully Data)","ListBucket",1,0,25.478,0.010,25.433
"Tenant A (Bully Data)","PutLarge",1,0,31.215,0.009,31.161
"Tenant A (Bully Data)","ListBucket",1,0,25.570,0.028,25.493
"Tenant A (Bully Data)","ListBucket",1,0,25.091,0.031,25.017
"Tenant A (Bully Data)","PutLarge",1,0,30.539,0.034,30.465
"Tenant A (Bully Data)","PutLarge",0,-11,0.010,0.010,0.000
"Tenant A (Bully Data)","PutLarge",0,-11,0.011,0.011,0.000
"Tenant A (Bully Data)","ListBucket",1,0,24.223,0.009,24.168
"Tenant A (Bully Data)","PutLarge",1,0,29.258,0.031,29.167
"Tenant A (Bully Data)","PutLarge",0,-11,0.002,0.002,0.000
"Tenant A (Bully Data)","PutLarge",1,0,29.337,0.018,29.255
"Tenant A (Bully Data)","ListBucket",1,0,25.001,0.036,24.958
"Tenant A (Bully Data)","ListBucket",1,0,24.482,0.025,24.424
"Tenant A (Bully Data)","PutLarge",0,-11,0.029,0.029,0.000
"Tenant A (Bully Data)","ListBucket",1,0,24.897,0.019,24.864
"Tenant A (Bully Data)","PutLarge",1,0,31.547,0.004,31.479
"Tenant A (Bully Data)","PutLarge",1,0,30.425,0.032,30.388
"Tenant A (Bully Data)","PutLarge",1,0,31.016,0.028,30.953
"Tenant A (Bully Data)","PutLarge",1,0,29.594,0.028,29.533
"Tenant A (Bully Data)","ListBucket",1,0,26.082,0.027,26.034
"Tenant A (Bully Data)","PutLarge",0,-11,0.007,0.007,0.000
"Tenant A (Bully Data)","PutLarge",1,0,29.967,0.008,29.933
"Tenant A (Bully Data)","ListBucket",1,0,24.570,0.008,24.542
"Tenant A (Bully Data)","ListBucket",0,-11,0.009,0.009,0.000
"Tenant A (Bully Data)","PutLarge",1,0,30.680,0.008,30.650
"Tenant A (Bully Data)","ListBucket",1,0,24.024,0.028,23.951
"Tenant A (Bully Data)","PutLarge",1,0,29.417,0.015,29.369
"Tenant A (Bully Data)","PutLarge",1,0,30.772,0.011,30.712
"Tenant A (Bully Data)","PutLarge",1,0,30.038,0.011,29.993
"Tenant A (Bully Data)","ListBucket",1,0,25.016,0.042,24.947
"Tenant A (Bully Data)","PutLarge",0,-11,0.024,0.024,0.000
"Tenant A (Bully Data)","PutLarge",1,0,30.680,0.025,30.637
"Tenant A (Bully Data)","PutLarge",0,-11,0.042,0.042,0.000
"Tenant A (Bully Data)","PutLarge",0,-11,0.003,0.003,0.000
"Tenant A (Bully Data)","PutLarge",1,0,28.554,0.010,28.539
"Tenant A (Bully Data)","PutLarge",1,0,30.728,0.020,30.706
"Tenant A (Bully Data)","ListBucket",1,0,24.350,0.035,24.311
"Tenant A (Bully Data)","PutLarge",1,0,31.288,0.033,31.223
"Tenant A (Bully Data)","PutLarge",1,0,29.195,0.040,29.145
"Tenant A (Bully Data)","PutLarge",1,0,30.935,0.017,30.885
"Tenant A (Bully Data)","ListBucket",1,0,25.809,0.015,25.787
"Tenant A (Bully Data)","PutLarge",1,0,30.063,0.012,30.032
"Tenant A (Bully Data)","ListBucket",1,0,25.834,0.023,25.795
"Tenant A (Bully Data)","PutLarge",1,0,31.467,0.030,31.430
"Tenant A (Bully Data)","PutLarge",1,0,30.091,0.027,29.992
"Tenant A (Bully Data)","PutLarge",1,0,29.962,0.010,29.905
"Tenant A (Bully Data)","PutLarge",1,0,28.853,0.012,28.828
"Tenant A (Bully Data)","ListBucket",1,0,24.844,0.008,24.829
"Tenant A (Bully Data)","PutLarge",1,0,29.174,0.013,29.141
"Tenant A (Bully Data)","PutLarge",1,0,30.285,0.025,30.220
"Tenant A (Bully Data)","PutLarge",1,0,30.216,0.029,30.125
"Tenant A (Bully Data)","PutLarge",1,0,31.082,0.011,31.040
"Tenant A (Bully Data)","PutLarge",1,0,29.035,0.034,28.981
"Tenant A (Bully Data)","PutLarge",1,0,28.823,0.031,28.745
"Tenant A (Bully Data)","PutLarge",1,0,29.488,0.027,29.425
"Tenant A (Bully Data)","PutLarge",0,-11,0.006,0.006,0.000
"Tenant A (Bully Data)","PutLarge",1,0,28.791,0.029,28.740
"Tenant A (Bully Data)","PutLarge",0,-11,0.009,0.009,0.000
"Tenant A (Bully Data)","ListBucket",1,0,24.705,0.035,24.639
"Tenant A (Bully Data)","ListBucket",1,0,25.696,0.016,25.669
"Tenant A (Bully Data)","ListBucket",1,0,25.036,0.009,24.994
"Tenant A (Bully Data)","ListBucket",1,0,23.919,0.033,23.839
"Tenant A (Bully Data)","PutLarge",0,-11,0.023,0.023,0.000
"Tenant A (Bully Data)","PutLarge",0,-11,0.008,0.008,0.000
"Tenant A (Bully Data)","PutLarge",1,0,30.392,0.025,30.334
"Tenant A (Bully Data)","PutLarge",1,0,28.645,0.027,28.591
"Tenant A (Bully Data)","PutLarge",1,0,30.734,0.004,30.716
"Tenant A (Bully Data)","PutLarge",0,-11,0.016,0.016,0.000
"Tenant A (Bully Data)","ListBucket",1,0,26.147,0.014,26.119
"Tenant A (Bully Data)","PutLarge",1,0,30.219,0.011,30.205
"Tenant A (Bully Data)","ListBucket",1,0,26.056,0.006,26.044
"Tenant A (Bully Data)","PutLarge",1,0,28.797,0.028,28.760
"Tenant A (Bully Data)","PutLarge",1,0,29.571,0.022,29.505
"Tenant A (Bully Data)","PutLarge",1,0,30.747,0.009,30.678
"Tenant A (Bully Data)","PutLarge",1,0,30.819,0.004,30.793
"Tenant A (Bully Data)","PutLarge",0,-11,0.031,0.031,0.000
"Tenant A (Bully Data)","ListBucket",0,-11,0.006,0.006,0.000
"Tenant A (Bully Data)","PutLarge",1,0,29.855,0.031,29.780
"Tenant A (Bully Data)","PutLarge",1,0,29.225,0.015,29.161
"Tenant A (Bully Data)","PutLarge",1,0,31.446,0.015,31.367
"Tenant A (Bully Data)","PutLarge",1,0,30.605,0.010,30.567
"Tenant A (Bully Data)","PutLarge",1,0,30.232,0.007,30.217
"Tenant A (Bully Data)","ListBucket",1,0,25.018,0.032,24.983
"Tenant A (Bully Data)","PutLarge",0,-11,0.028,0.028,0.000
"Tenant A (Bully Data)","PutLarge",1,0,30.961,0.014,30.918
"Tenant A (Bully Data)","PutLarge",1,0,29.237,0.012,29.193
"Tenant A (Bully Data)","PutLarge",1,0,31.528,0.020,31.478
"Tenant A (Bully Data)","ListBucket",1,0,24.538,0.010,24.493
"Tenant A (Bully Data)","PutLarge",1,0,30.995,0.028,30.947
"Tenant A (Bully Data)","PutLarge",1,0,28.975,0.028,28.945
"Tenant A (Bully Data)","PutLarge",1,0,29.146,0.027,29.115
"Tenant A (Bully Data)","PutLarge",0,-11,0.004,0.004,0.000
"Tenant A (Bully Data)","ListBucket",0,-11,0.002,0.002,0.000
"Tenant A (Bully Data)","PutLarge",1,0,29.670,0.026,29.639
"Tenant A (Bully Data)","PutLarge",1,0,31.522,0.046,31.433
"Tenant A (Bully Data)","PutLarge",1,0,30.492,0.010,30.470
"Tenant A (Bully Data)","PutLarge",1,0,28.865,0.030,28.778
"Tenant A (Bully Data)","ListBucket",1,0,26.105,0.003,26.080
"Tenant A (Bully Data)","PutLarge",1,0,29.135,0.008,29.097
"Tenant A (Bully Data)","PutLarge",0,-11,0.015,0.015,0.000
"Tenant A (Bully Data)","PutLarge",1,0,29.894,0.003,29.858
"Tenant A (Bully Data)","PutLarge",1,0,30.349,0.016,30.275
"Tenant A (Bully Data)","PutLarge",1,0,30.114,0.032,30.076
"Tenant A (Bully Data)","PutLarge",1,0,29.634,0.013,29.590
"Tenant A (Bully Data)","PutLarge",1,0,29.178,0.021,29.114
"Tenant A (Bully Data)","PutLarge",1,0,31.513,0.017,31.465
"Tenant A (Bully Data)","PutLarge",0,-11,0.012,0.012,0.000
"Tenant A (Bully Data)","PutLarge",1,0,29.380,0.027,29.322
"Tenant A (Bully Data)","PutLarge",1,0,30.285,0.049,30.229
"Tenant A (Bully Data)","PutLarge",1,0,30.578,0.052,30.481
"Tenant A (Bully Data)","PutLarge",1,0,28.552,0.017,28.512
"Tenant A (Bully Data)","ListBucket",1,0,25.521,0.014,25.487
"Tenant A (Bully Data)","PutLarge",1,0,30.353,0.010,30.276
"Tenant A (Bully Data)","PutLarge",1,0,28.920,0.011,28.863
"Tenant A (Bully Data)","PutLarge",1,0,29.073,0.032,29.037
"Tenant A (Bully Data)","PutLarge",1,0,29.599,0.010,29.565
"Tenant A (Bully Data)","PutLarge",1,0,30.448,0.009,30.402
"Tenant A (Bully Data)","PutLarge",1,0,31.233,0.014,31.215
"Tenant A (Bully Data)","PutLarge",1,0,30.337,0.042,30.263
"Tenant A (Bully Data)","PutLarge",1,0,29.795,0.009,29.764
"Tenant A (Bully Data)","ListBucket",1,0,24.557,0.007,24.519
"Tenant A (Bully Data)","PutLarge",1,0,28.573,0.005,28.548
"Tenant A (Bully Data)","PutLarge",1,0,30.049,0.004,30.012
"Tenant A (Bully Data)","PutLarge",1,0,31.041,0.006,31.030
"Tenant A (Bully Data)","PutLarge",1,0,28.798,0.008,28.785
"Tenant A (Bully Data)","PutLarge",0,-11,0.002,0.002,0.000
"Tenant A (Bully Data)","ListBucket",1,0,25.804,0.010,25.747
"Tenant A (Bully Data)","PutLarge",1,0,29.703,0.027,29.656
"Tenant A (Bully Data)","ListBucket",1,0,25.777,0.004,25.739
"Tenant A (Bully Data)","PutLarge",1,0,29.109,0.004,29.098
"Tenant A (Bully Data)","PutLarge",1,0,30.081,0.012,30.063
"Tenant A (Bully Data)","PutLarge",1,0,31.168,0.006,31.146
"Tenant A (Bully Data)","PutLarge",1,0,29.034,0.009,29.014
"Tenant A (Bully Data)","PutLarge",1,0,29.521,0.005,29.475
"Tenant A (Bully Data)","PutLarge",1,0,29.506,0.006,29.462
"Tenant A (Bully Data)","PutLarge",1,0,30.575,0.004,30.567
"Tenant A (Bully Data)","PutLarge",1,0,29.714,0.004,29.685
"Tenant A (Bully Data)","PutLarge",1,0,30.472,0.028,30.412
"Tenant A (Bully Data)","PutLarge",1,0,31.066,0.029,30.977
"Tenant A (Bully Data)","ListBucket",1,0,24.913,0.010,24.895
"Tenant A (Bully Data)","ListBucket",1,0,24.776,0.030,24.742
"Tenant A (Bully Data)","PutLarge",1,0,30.061,0.031,29.993
"Tenant A (Bully Data)","PutLarge",1,0,28.977,0.004,28.934
"Tenant A (Bully Data)","ListBucket",1,0,25.798,0.030,25.745
"Tenant A (Bully Data)","PutLarge",1,0,29.947,0.010,29.933
"Tenant A (Bully Data)","PutLarge",1,0,29.894,0.009,29.872
"Tenant A (Bully Data)","ListBucket",1,0,23.900,0.004,23.880
"Tenant A (Bully Data)","PutLarge",0,-11,0.010,0.010,0.000
"Tenant A (Bully Data)","PutLarge",1,0,30.224,0.007,30.212
"Tenant A (Bully Data)","ListBucket",1,0,25.792,0.009,25.778
"Tenant A (Bully Data)","ListBucket",1,0,24.659,0.020,24.629
"Tenant A (Bully Data)","PutLarge",1,0,28.614,0.029,28.574
"Tenant A (Bully Data)","ListBucket",1,0,25.399,0.029,25.355
"Tenant A (Bully Data)","PutLarge",1,0,30.844,0.009,30.827
"Tenant A (Bully Data)","PutLarge",0,-11,0.011,0.011,0.000
"Tenant A (Bully Data)","ListBucket",0,-11,0.030,0.030,0.000
"Tenant A (Bully Data)","ListBucket",0,-11,0.005,0.005,0.000
"Tenant A (Bully Data)","ListBucket",1,0,25.300,0.021,25.242
"Tenant A (Bully Data)","PutLarge",1,0,28.967,0.035,28.882
"Tenant A (Bully Data)","ListBucket",1,0,23.779,0.007,23.763
"Tenant A (Bully Data)","PutLarge",1,0,29.421,0.007,29.408
"Tenant A (Bully Data)","ListBucket",1,0,25.297,0.009,25.276
"Tenant A (Bully Data)","PutLarge",1,0,28.997,0.013,28.976
"Tenant A (Bully Data)","ListBucket",1,0,25.401,0.009,25.368
"Tenant A (Bully Data)","PutLarge",1,0,30.625,0.004,30.618
"Tenant A (Bully Data)","PutLarge",1,0,29.031,0.012,28.971
"Tenant A (Bully Data)","PutLarge",1,0,31.227,0.012,31.170
"Tenant A (Bully Data)","PutLarge",1,0,30.151,0.005,30.095
"Tenant A (Bully Data)","ListBucket",1,0,24.177,0.019,24.148
"Tenant A (Bully Data)","PutLarge",1,0,30.270,0.030,30.236
"Tenant A (Bully Data)","PutLarge",1,0,30.912,0.015,30.864
"Tenant A (Bully Data)","PutLarge",1,0,31.236,0.021,31.181
"Tenant A (Bully Data)","ListBucket",0,-11,0.028,0.028,0.000
"Tenant A (Bully Data)","PutLarge",1,0,31.108,0.047,31.028
"Tenant A (Bully Data)","PutLarge",1,0,30.347,0.027,30.273
"Tenant A (Bully Data)","PutLarge",0,-11,0.011,0.011,0.000
"Tenant A (Bully Data)","PutLarge",1,0,30.532,0.007,30.495
"Tenant A (Bully Data)","PutLarge",1,0,29.613,0.033,29.518
"Tenant A (Bully Data)","ListBucket",1,0,24.928,0.012,24.871
"Tenant A (Bully Data)","PutLarge",1,0,30.325,0.033,30.269
"Tenant A (Bully Data)","PutLarge",1,0,29.060,0.012,29.044
"Tenant A (Bully Data)","ListBucket",0,-11,0.020,0.020,0.000
"Tenant A (Bully Data)","PutLarge",1,0,31.319,0.045,31.270
"Tenant A (Bully Data)","PutLarge",1,0,31.342,0.008,31.293
"Tenant A (Bully Data)","PutLarge",1,0,28.927,0.010,28.881
"Tenant A (Bully Data)","ListBucket",1,0,26.192,0.021,26.138
"Tenant A (Bully Data)","ListBucket",0,-11,0.009,0.009,0.000
"Tenant A (Bully Data)","PutLarge",1,0,29.733,0.048,29.661
"Tenant A (Bully Data)","ListBucket",0,-11,0.012,0.012,0.000
"Tenant A (Bully Data)","PutLarge",0,-11,0.007,0.007,0.000
"Tenant A (Bully Data)","PutLarge",1,0,29.054,0.011,29.038
"Tenant A (Bully Data)","PutLarge",0,-11,0.010,0.010,0.000
"Tenant A (Bully Data)","PutLarge",1,0,29.272,0.016,29.248
"Tenant A (Bully Data)","PutLarge",1,0,28.539,0.010,28.525
"Tenant A (Bully Data)","ListBucket",1,0,24.563,0.014,24.513
"Tenant A (Bully Data)","PutLarge",1,0,30.823,0.044,30.732
"Tenant A (Bully Data)","PutLarge",1,0,30.086,0.020,30.026
"Tenant A (Bully Data)","PutLarge",1,0,29.916,0.032,29.876
"Tenant A (Bully Data)","PutLarge",0,-11,0.009,0.009,0.000
"Tenant A (Bully Data)","PutLarge",0,-11,0.003,0.003,0.000
"Tenant A (Bully Data)","PutLarge",1,0,31.337,0.024,31.308
"Tenant A (Bully Data)","PutLarge",0,-11,0.004,0.004,0.000
"Tenant A (Bully Data)","PutLarge",1,0,30.257,0.046,30.181
"Tenant A (Bully Data)","PutLarge",1,0,30.633,0.016,30.591
"Tenant A (Bully Data)","PutLarge",1,0,31.147,0.034,31.068
"Tenant A (Bully Data)","ListBucket",1,0,24.784,0.039,24.698
"Tenant A (Bully Data)","PutLarge",0,-11,0.008,0.008,0.000
"Tenant A (Bully Data)","ListBucket",1,0,24.566,0.034,24.464
"Tenant A (Bully Data)","PutLarge",0,-11,0.007,0.007,0.000
"Tenant A (Bully Data)","PutLarge",1,0,30.362,0.024,30.288
"Tenant A (Bully Data)","PutLarge",1,0,29.585,0.005,29.534
"Tenant A (Bully Data)","ListBucket",0,-11,0.012,0.012,0.000
"Tenant A (Bully Data)","PutLarge",1,0,31.246,0.009,31.199
"Tenant A (Bully Data)","PutLarge",1,0,28.952,0.032,28.903
"Tenant A (Bully Data)","PutLarge",1,0,29.616,0.016,29.578
"Tenant A (Bully Data)","PutLarge",1,0,30.595,0.043,30.519
"Tenant A (Bully Data)","PutLarge",1,0,29.566,0.014,29.521
"Tenant A (Bully Data)","ListBucket",1,0,24.366,0.029,24.297
"Tenant A (Bully Data)","PutLarge",1,0,31.033,0.051,30.950
"Tenant A (Bully Data)","PutLarge",1,0,28.622,0.010,28.579
"Tenant A (Bully Data)","PutLarge",0,-11,0.008,0.008,0.000
"Tenant A (Bully Data)","ListBucket",1,0,24.934,0.042,24.868
"Tenant A (Bully Data)","ListBucket",1,0,24.178,0.032,24.129
"Tenant A (Bully Data)","PutLarge",1,0,29.434,0.004,29.413
"Tenant A (Bully Data)","ListBucket",1,0,24.063,0.033,23.950
"Tenant A (Bully Data)","PutLarge",1,0,29.989,0.028,29.918
"Tenant A (Bully Data)","PutLarge",1,0,31.070,0.011,31.026
"Tenant A (Bully Data)","PutLarge",1,0,29.161,0.029,29.110
"Tenant A (Bully Data)","PutLarge",1,0,28.940,0.009,28.898
"Tenant A (Bully Data)","ListBucket",1,0,26.016,0.033,25.945
"Tenant A (Bully Data)","PutLarge",0,-11,0.015,0.015,0.000
"Tenant A (Bully Data)","PutLarge",1,0,30.630,0.013,30.615
"Tenant A (Bully Data)","ListBucket",1,0,24.798,0.030,24.757
"Tenant A (Bully Data)","PutLarge",1,0,30.471,0.019,30.418
"Tenant A (Bully Data)","PutLarge",1,0,30.330,0.046,30.249
"Tenant A (Bully Data)","PutLarge",1,0,30.342,0.008,30.300
"Tenant A (Bully Data)","PutLarge",1,0,30.977,0.028,30.917
"Tenant A (Bully Data)","PutLarge",1,0,30.329,0.007,30.281
"Tenant A (Bully Data)","PutLarge",1,0,31.540,0.012,31.480
"Tenant A (Bully Data)","PutLarge",0,-11,0.032,0.032,0.000
"Tenant A (Bully Data)","PutLarge",0,-11,0.011,0.011,0.000
"Tenant A (Bully Data)","PutLarge",0,-11,0.008,0.008,0.000
"Tenant A (Bully Data)","PutLarge",1,0,29.071,0.042,29.018
"Tenant A (Bully Data)","PutLarge",0,-11,0.009,0.009,0.000
"Tenant A (Bully Data)","ListBucket",1,0,26.072,0.033,26.001
"Tenant A (Bully Data)","PutLarge",1,0,31.376,0.037,31.324
"Tenant A (Bully Data)","ListBucket",1,0,25.062,0.012,24.988
"Tenant A (Bully Data)","PutLarge",1,0,29.370,0.030,29.298
"Tenant A (Bully Data)","PutLarge",1,0,30.432,0.012,30.391
"Tenant A (Bully Data)","PutLarge",1,0,30.500,0.015,30.444
"Tenant A (Bully Data)","PutLarge",1,0,29.222,0.008,29.193
"Tenant A (Bully Data)","PutLarge",1,0,28.746,0.011,28.729
"Tenant A (Bully Data)","PutLarge",1,0,28.981,0.032,28.887
"Tenant A (Bully Data)","ListBucket",1,0,23.939,0.016,23.865
"Tenant A (Bully Data)","ListBucket",1,0,24.683,0.014,24.628
"Tenant A (Bully Data)","PutLarge",1,0,29.630,0.027,29.563
"Tenant A (Bully Data)","ListBucket",1,0,24.125,0.016,24.057
"Tenant A (Bully Data)","PutLarge",1,0,30.467,0.031,30.403
"Tenant A (Bully Data)","PutLarge",1,0,30.365,0.029,30.307
"Tenant A (Bully Data)","PutLarge",1,0,29.169,0.005,29.125
"Tenant A (Bully Data)","PutLarge",1,0,29.833,0.026,29.774
"Tenant A (Bully Data)","ListBucket",1,0,26.232,0.044,26.183
"Tenant A (Bully Data)","ListBucket",1,0,24.496,0.004,24.450
"Tenant A (Bully Data)","PutLarge",1,0,29.269,0.033,29.188
"Tenant A (Bully Data)","PutLarge",1,0,29.254,0.009,29.197
"Tenant A (Bully Data)","PutLarge",1,0,31.145,0.029,31.074
"Tenant A (Bully Data)","PutLarge",1,0,30.296,0.028,30.235
"Tenant A (Bully Data)","PutLarge",1,0,31.484,0.036,31.433
"Tenant A (Bully Data)","PutLarge",0,-11,0.028,0.028,0.000
"Tenant A (Bully Data)","PutLarge",1,0,29.507,0.031,29.425
"Tenant A (Bully Data)","PutLarge",1,0,28.551,0.025,28.517
"Tenant A (Bully Data)","ListBucket",0,-11,0.030,0.030,0.000
"Tenant A (Bully Data)","PutLarge",1,0,30.733,0.015,30.658
"Tenant A (Bully Data)","PutLarge",1,0,29.671,0.043,29.597
"Tenant A (Bully Data)","ListBucket",1,0,23.877,0.013,23.829
"Tenant A (Bully Data)","ListBucket",1,0,23.958,0.032,23.918
"Tenant A (Bully Data)","PutLarge",0,-11,0.004,0.004,0.000
"Tenant A (Bully Data)","ListBucket",1,0,26.069,0.011,26.048
"Tenant A (Bully Data)","ListBucket",1,0,25.412,0.020,25.360
"Tenant A (Bully Data)","PutLarge",0,-11,0.010,0.010,0.000
"Tenant A (Bully Data)","PutLarge",0,-11,0.003,0.003,0.000
"Tenant A (Bully Data)","PutLarge",0,-11,0.005,0.005,0.000
"Tenant A (Bully Data)","ListBucket",1,0,24.277,0.005,24.257
"Tenant A (Bully Data)","PutLarge",0,-11,0.009,0.009,0.000
"Tenant A (Bully Data)","ListBucket",1,0,25.944,0.019,25.918
"Tenant A (Bully Data)","PutLarge",1,0,31.078,0.007,31.063
"Tenant A (Bully Data)","PutLarge",1,0,29.326,0.006,29.290
"Tenant A (Bully Data)","PutLarge",1,0,29.279,0.012,29.248
"Tenant A (Bully Data)","PutLarge",1,0,30.744,0.014,30.684
"Tenant A (Bully Data)","PutLarge",0,-11,0.005,0.005,0.000
"Tenant A (Bully Data)","ListBucket",0,-11,0.027,0.027,0.000
"Tenant A (Bully Data)","PutLarge",1,0,29.812,0.018,29.762
"Tenant A (Bully Data)","ListBucket",1,0,25.359,0.033,25.294
"Tenant A (Bully Data)","ListBucket",1,0,25.040,0.031,24.965
"Tenant A (Bully Data)","PutLarge",1,0,29.713,0.012,29.671
"Tenant A (Bully Data)","ListBucket",1,0,24.374,0.009,24.303
"Tenant A (Bully Data)","ListBucket",1,0,25.240,0.012,25.192
"Tenant A (Bully Data)","ListBucket",1,0,25.835,0.013,25.799
"Tenant A (Bully Data)","PutLarge",1,0,30.246,0.007,30.187
"Tenant A (Bully Data)","PutLarge",1,0,31.301,0.029,31.267
"Tenant A (Bully Data)","PutLarge",1,0,31.091,0.055,31.019
"Tenant A (Bully Data)","ListBucket",0,-11,0.003,0.003,0.000
"Tenant A (Bully Data)","ListBucket",1,0,24.850,0.012,24.825
"Tenant A (Bully Data)","PutLarge",1,0,29.482,0.034,29.443
"Tenant A (Bully Data)","PutLarge",1,0,30.870,0.023,30.832
"Tenant A (Bully Data)","PutLarge",1,0,28.728,0.011,28.690
"Tenant A (Bully Data)","PutLarge",1,0,29.019,0.007,28.962
"Tenant A (Bully Data)","PutLarge",1,0,31.418,0.004,31.368
"Tenant A (Bully Data)","PutLarge",1,0,31.210,0.005,31.174
"Tenant A (Bully Data)","ListBucket",0,-11,0.009,0.009,0.000
"Tenant A (Bully Data)","PutLarge",1,0,31.234,0.029,31.197
"Tenant A (Bully Data)","PutLarge",1,0,28.584,0.039,28.540
"Tenant A (Bully Data)","ListBucket",1,0,26.105,0.030,26.018
"Tenant A (Bully Data)","PutLarge",1,0,28.698,0.013,28.668
"Tenant A (Bully Data)","PutLarge",1,0,31.250,0.023,31.177
"Tenant A (Bully Data)","PutLarge",1,0,30.903,0.028,30.763
"Tenant A (Bully Data)","PutLarge",0,-11,0.027,0.027,0.000
"Tenant A (Bully Data)","PutLarge",1,0,30.644,0.033,30.513
"Tenant A (Bully Data)","PutLarge",1,0,28.676,0.017,28.627
"Tenant A (Bully Data)","ListBucket",1,0,26.072,0.039,26.006
"Tenant A (Bully Data)","PutLarge",1,0,29.797,0.033,29.749
"Tenant A (Bully Data)","PutLarge",1,0,29.844,0.007,29.824
"Tenant A (Bully Data)","PutLarge",1,0,28.984,0.011,28.965
"Tenant B (Interactive Data)","GetSmall",1,0,4.870,0.035,4.801
"Tenant B (Interactive Data)","PutSmall",1,0,7.450,0.015,7.383
"Tenant B (Interactive Data)","PutSmall",1,0,7.871,0.009,7.837
"Tenant B (Interactive Data)","GetSmall",1,0,5.285,0.020,5.207
"Tenant B (Interactive Data)","PutSmall",1,0,7.643,0.024,7.574
"Tenant B (Interactive Data)","PutSmall",1,0,7.856,0.027,7.805
"Tenant B (Interactive Data)","GetSmall",0,-11,0.031,0.031,0.000
"Tenant B (Interactive Data)","PutSmall",1,0,7.516,0.012,7.498
"Tenant B (Interactive Data)","GetSmall",1,0,4.982,0.031,4.940
"Tenant B (Interactive Data)","PutSmall",1,0,7.190,0.015,7.139
"Tenant B (Interactive Data)","PutSmall",1,0,7.630,0.023,7.599
"Tenant B (Interactive Data)","GetSmall",1,0,5.083,0.003,5.062
"Tenant B (Interactive Data)","PutSmall",1,0,7.329,0.028,7.287
"Tenant B (Interactive Data)","PutSmall",1,0,7.544,0.019,7.519
"Tenant B (Interactive Data)","GetSmall",1,0,4.975,0.025,4.930
"Tenant B (Interactive Data)","GetSmall",1,0,4.936,0.009,4.911
"Tenant B (Interactive Data)","PutSmall",1,0,7.863,0.004,7.840
"Tenant B (Interactive Data)","GetSmall",1,0,5.147,0.033,5.099
"Tenant B (Interactive Data)","GetSmall",1,0,4.876,0.004,4.866
"Tenant B (Interactive Data)","PutSmall",1,0,7.284,0.008,7.270
"Tenant B (Interactive Data)","GetSmall",1,0,4.917,0.005,4.903
"Tenant B (Interactive Data)","GetSmall",1,0,5.236,0.014,5.215
"Tenant B (Interactive Data)","GetSmall",1,0,5.095,0.003,5.077
"Tenant B (Interactive Data)","GetSmall",1,0,5.004,0.003,4.992
"Tenant B (Interactive Data)","GetSmall",1,0,5.098,0.042,5.007
"Tenant B (Interactive Data)","GetSmall",1,0,5.114,0.008,5.058
"Tenant B (Interactive Data)","PutSmall",1,0,7.177,0.007,7.162
"Tenant B (Interactive Data)","GetSmall",1,0,5.251,0.011,5.189
"Tenant B (Interactive Data)","PutSmall",1,0,7.907,0.017,7.872
"Tenant B (Interactive Data)","PutSmall",1,0,7.559,0.015,7.537
"Tenant B (Interactive Data)","PutSmall",1,0,7.154,0.003,7.144
"Tenant B (Interactive Data)","GetSmall",0,-11,0.003,0.003,0.000
"Tenant B (Interactive Data)","GetSmall",1,0,4.856,0.024,4.785
"Tenant B (Interactive Data)","PutSmall",1,0,7.742,0.012,7.724
"Tenant B (Interactive Data)","GetSmall",1,0,4.878,0.030,4.813
"Tenant B (Interactive Data)","PutSmall",1,0,7.855,0.010,7.832
"Tenant B (Interactive Data)","GetSmall",0,-11,0.037,0.037,0.000
"Tenant B (Interactive Data)","GetSmall",1,0,4.805,0.012,4.771
"Tenant B (Interactive Data)","PutSmall",1,0,7.395,0.016,7.374
"Tenant B (Interactive Data)","GetSmall",1,0,5.102,0.030,5.015
"Tenant B (Interactive Data)","GetSmall",1,0,5.310,0.007,5.245
"Tenant B (Interactive Data)","PutSmall",1,0,7.236,0.035,7.169
"Tenant B (Interactive Data)","PutSmall",1,0,7.781,0.021,7.748
"Tenant B (Interactive Data)","PutSmall",1,0,7.791,0.010,7.773
"Tenant B (Interactive Data)","GetSmall",1,0,5.041,0.004,5.019
"Tenant B (Interactive Data)","GetSmall",1,0,4.998,0.017,4.966
"Tenant B (Interactive Data)","PutSmall",1,0,7.816,0.009,7.794
"Tenant B (Interactive Data)","GetSmall",1,0,5.245,0.008,5.159
"Tenant B (Interactive Data)","GetSmall",1,0,4.884,0.038,4.810
"Tenant B (Interactive Data)","GetSmall",1,0,5.280,0.025,5.222
"Tenant B (Interactive Data)","GetSmall",1,0,5.104,0.003,5.083
"Tenant B (Interactive Data)","GetSmall",1,0,5.151,0.029,5.116
"Tenant B (Interactive Data)","PutSmall",1,0,7.738,0.006,7.717
"Tenant B (Interactive Data)","PutSmall",1,0,7.575,0.033,7.519
"Tenant B (Interactive Data)","PutSmall",1,0,7.746,0.005,7.730
"Tenant B (Interactive Data)","GetSmall",1,0,5.088,0.009,5.071
"Tenant B (Interactive Data)","GetSmall",1,0,5.161,0.006,5.148
"Tenant B (Interactive Data)","PutSmall",1,0,7.207,0.009,7.153
"Tenant B (Interactive Data)","PutSmall",1,0,7.285,0.010,7.222
"Tenant B (Interactive Data)","PutSmall",1,0,7.912,0.011,7.846
"Tenant B (Interactive Data)","GetSmall",1,0,5.080,0.031,5.018
"Tenant B (Interactive Data)","PutSmall",1,0,7.710,0.014,7.688
"Tenant B (Interactive Data)","GetSmall",1,0,4.833,0.029,4.791
"Tenant B (Interactive Data)","PutSmall",1,0,7.623,0.024,7.584
"Tenant B (Interactive Data)","GetSmall",1,0,5.268,0.006,5.249
"Tenant B (Interactive Data)","GetSmall",1,0,5.051,0.005,5.042
"Tenant B (Interactive Data)","PutSmall",1,0,7.245,0.026,7.212
"Tenant B (Interactive Data)","GetSmall",1,0,4.883,0.003,4.862
"Tenant B (Interactive Data)","GetSmall",1,0,5.258,0.006,5.197
"Tenant B (Interactive Data)","GetSmall",1,0,4.966,0.003,4.957
"Tenant B (Interactive Data)","GetSmall",1,0,5.047,0.005,5.037
"Tenant B (Interactive Data)","PutSmall",1,0,7.263,0.007,7.247
"Tenant B (Interactive Data)","GetSmall",1,0,5.193,0.003,5.188
"Tenant B (Interactive Data)","PutSmall",1,0,7.852,0.004,7.840
"Tenant B (Interactive Data)","GetSmall",1,0,5.190,0.007,5.178
"Tenant B (Interactive Data)","PutSmall",1,0,7.838,0.003,7.826
"Tenant B (Interactive Data)","PutSmall",1,0,7.593,0.003,7.574
"Tenant B (Interactive Data)","PutSmall",1,0,7.228,0.041,7.167
"Tenant B (Interactive Data)","PutSmall",1,0,7.866,0.004,7.848
"Tenant B (Interactive Data)","PutSmall",1,0,7.376,0.009,7.300
"Tenant B (Interactive Data)","GetSmall",1,0,4.901,0.015,4.879
"Tenant B (Interactive Data)","PutSmall",1,0,7.823,0.008,7.807
"Tenant B (Interactive Data)","PutSmall",1,0,7.209,0.012,7.174
"Tenant B (Interactive Data)","PutSmall",1,0,7.279,0.012,7.252
"Tenant B (Interactive Data)","PutSmall",1,0,7.355,0.007,7.311
"Tenant B (Interactive Data)","GetSmall",1,0,4.940,0.031,4.899
"Tenant B (Interactive Data)","GetSmall",1,0,4.901,0.011,4.878
"Tenant B (Interactive Data)","PutSmall",1,0,7.895,0.009,7.802
"Tenant B (Interactive Data)","GetSmall",1,0,5.268,0.019,5.225
"Tenant B (Interactive Data)","GetSmall",1,0,4.953,0.025,4.884
"Tenant B (Interactive Data)","GetSmall",1,0,5.210,0.032,5.148
"Tenant B (Interactive Data)","PutSmall",1,0,7.479,0.034,7.423
"Tenant B (Interactive Data)","PutSmall",1,0,7.596,0.010,7.565
"Tenant B (Interactive Data)","PutSmall",0,-11,0.009,0.009,0.000
"Tenant B (Interactive Data)","PutSmall",1,0,7.928,0.027,7.865
"Tenant B (Interactive Data)","PutSmall",1,0,7.356,0.031,7.303
"Tenant B (Interactive Data)","GetSmall",1,0,5.111,0.018,5.077
"Tenant B (Interactive Data)","PutSmall",1,0,7.565,0.046,7.506
"Tenant B (Interactive Data)","PutSmall",1,0,7.181,0.003,7.171
"Tenant B (Interactive Data)","PutSmall",1,0,7.465,0.005,7.414
"Tenant B (Interactive Data)","GetSmall",1,0,5.047,0.032,5.011
"Tenant B (Interactive Data)","GetSmall",1,0,4.824,0.028,4.789
"Tenant B (Interactive Data)","GetSmall",1,0,5.202,0.006,5.185
"Tenant B (Interactive Data)","PutSmall",1,0,7.828,0.026,7.797
"Tenant B (Interactive Data)","GetSmall",1,0,5.260,0.009,5.232
"Tenant B (Interactive Data)","PutSmall",1,0,7.705,0.016,7.678
"Tenant B (Interactive Data)","PutSmall",1,0,7.876,0.005,7.861
"Tenant B (Interactive Data)","GetSmall",1,0,4.813,0.006,4.763
"Tenant B (Interactive Data)","GetSmall",1,0,5.273,0.005,5.238
"Tenant B (Interactive Data)","GetSmall",1,0,5.033,0.013,4.998
"Tenant B (Interactive Data)","GetSmall",1,0,5.024,0.032,4.967
"Tenant B (Interactive Data)","PutSmall",1,0,7.377,0.016,7.326
"Tenant B (Interactive Data)","PutSmall",1,0,7.237,0.029,7.157
"Tenant B (Interactive Data)","PutSmall",1,0,7.565,0.035,7.508
"Tenant B (Interactive Data)","PutSmall",1,0,7.229,0.031,7.190
"Tenant B (Interactive Data)","GetSmall",1,0,5.171,0.007,5.153
"Tenant B (Interactive Data)","GetSmall",1,0,5.195,0.033,5.151
"Tenant B (Interactive Data)","GetSmall",1,0,5.268,0.008,5.238
"Tenant B (Interactive Data)","PutSmall",0,-11,0.003,0.003,0.000
"Tenant B (Interactive Data)","GetSmall",1,0,5.226,0.022,5.185
"Tenant B (Interactive Data)","PutSmall",1,0,7.362,0.013,7.331
"Tenant B (Interactive Data)","PutSmall",1,0,7.905,0.028,7.872
"Tenant B (Interactive Data)","PutSmall",1,0,7.883,0.030,7.810
"Tenant B (Interactive Data)","GetSmall",1,0,5.059,0.012,5.008
"Tenant B (Interactive Data)","PutSmall",1,0,7.203,0.020,7.149
"Tenant B (Interactive Data)","PutSmall",1,0,7.527,0.011,7.509
"Tenant B (Interactive Data)","PutSmall",1,0,7.341,0.003,7.322
"Tenant B (Interactive Data)","GetSmall",1,0,5.119,0.021,5.094
"Tenant B (Interactive Data)","GetSmall",1,0,5.237,0.008,5.207
"Tenant B (Interactive Data)","GetSmall",1,0,5.179,0.007,5.165
"Tenant B (Interactive Data)","GetSmall",1,0,4.908,0.014,4.880
"Tenant B (Interactive Data)","PutSmall",1,0,7.635,0.018,7.612
"Tenant B (Interactive Data)","GetSmall",1,0,4.944,0.024,4.888
"Tenant B (Interactive Data)","GetSmall",1,0,5.080,0.004,5.062
"Tenant B (Interactive Data)","GetSmall",1,0,5.047,0.010,5.027
"Tenant B (Interactive Data)","GetSmall",1,0,5.270,0.029,5.233
"Tenant B (Interactive Data)","GetSmall",1,0,5.254,0.003,5.245
"Tenant B (Interactive Data)","GetSmall",1,0,4.894,0.018,4.860
"Tenant B (Interactive Data)","GetSmall",1,0,5.270,0.007,5.219
"Tenant B (Interactive Data)","GetSmall",1,0,5.233,0.007,5.217
"Tenant B (Interactive Data)","PutSmall",1,0,7.921,0.024,7.873
"Tenant B (Interactive Data)","PutSmall",1,0,7.896,0.008,7.868
"Tenant B (Interactive Data)","PutSmall",1,0,7.457,0.010,7.441
"Tenant B (Interactive Data)","PutSmall",1,0,7.319,0.004,7.305
"Tenant B (Interactive Data)","PutSmall",1,0,7.235,0.003,7.229
"Tenant B (Interactive Data)","GetSmall",1,0,4.777,0.006,4.763
"Tenant B (Interactive Data)","PutSmall",1,0,7.190,0.007,7.167
"Tenant B (Interactive Data)","GetSmall",1,0,5.005,0.008,4.992
"Tenant B (Interactive Data)","PutSmall",1,0,7.204,0.007,7.188
"Tenant B (Interactive Data)","GetSmall",1,0,5.129,0.005,5.115
"Tenant B (Interactive Data)","GetSmall",1,0,4.920,0.007,4.887
"Tenant B (Interactive Data)","PutSmall",1,0,7.564,0.004,7.553
"Tenant B (Interactive Data)","PutSmall",1,0,7.371,0.009,7.354
"Tenant B (Interactive Data)","GetSmall",1,0,5.101,0.003,5.091
"Tenant B (Interactive Data)","GetSmall",1,0,5.166,0.004,5.144
"Tenant B (Interactive Data)","GetSmall",1,0,5.260,0.027,5.197
"Tenant B (Interactive Data)","GetSmall",1,0,4.851,0.021,4.807
"Tenant B (Interactive Data)","PutSmall",1,0,7.610,0.004,7.601
"Tenant B (Interactive Data)","PutSmall",1,0,7.904,0.031,7.863
"Tenant B (Interactive Data)","GetSmall",1,0,5.243,0.026,5.206
"Tenant B (Interactive Data)","GetSmall",1,0,4.882,0.007,4.870
"Tenant B (Interactive Data)","PutSmall",1,0,7.800,0.032,7.741
"Tenant B (Interactive Data)","GetSmall",1,0,4.914,0.015,4.877
"Tenant B (Interactive Data)","GetSmall",1,0,5.234,0.015,5.175
"Tenant B (Interactive Data)","GetSmall",1,0,5.230,0.007,5.215
"Tenant B (Interactive Data)","GetSmall",1,0,4.796,0.032,4.752
"Tenant B (Interactive Data)","GetSmall",1,0,5.159,0.013,5.129
"Tenant B (Interactive Data)","PutSmall",1,0,7.417,0.006,7.394
"Tenant B (Interactive Data)","GetSmall",1,0,5.221,0.010,5.194
"Tenant B (Interactive Data)","PutSmall",1,0,7.617,0.004,7.558
"Tenant B (Interactive Data)","PutSmall",1,0,7.865,0.005,7.814
"Tenant B (Interactive Data)","GetSmall",1,0,5.188,0.003,5.164
"Tenant B (Interactive Data)","GetSmall",1,0,5.161,0.012,5.145
"Tenant B (Interactive Data)","PutSmall",1,0,7.509,0.019,7.473
"Tenant B (Interactive Data)","PutSmall",1,0,7.637,0.025,7.602
"Tenant B (Interactive Data)","GetSmall",1,0,5.177,0.027,5.133
"Tenant B (Interactive Data)","GetSmall",1,0,4.876,0.034,4.779
"Tenant B (Interactive Data)","PutSmall",1,0,7.488,0.018,7.432
"Tenant B (Interactive Data)","PutSmall",1,0,7.725,0.030,7.684
"Tenant B (Interactive Data)","GetSmall",1,0,4.931,0.033,4.884
"Tenant B (Interactive Data)","PutSmall",1,0,7.760,0.003,7.717
"Tenant B (Interactive Data)","GetSmall",1,0,5.310,0.031,5.237
"Tenant B (Interactive Data)","GetSmall",1,0,5.265,0.026,5.227
"Tenant B (Interactive Data)","PutSmall",1,0,7.171,0.011,7.148
"Tenant B (Interactive Data)","PutSmall",1,0,7.440,0.031,7.405
"Tenant B (Interactive Data)","GetSmall",1,0,5.196,0.025,5.150
"Tenant B (Interactive Data)","GetSmall",1,0,5.126,0.025,5.089
"Tenant B (Interactive Data)","GetSmall",1,0,4.943,0.030,4.887
"Tenant B (Interactive Data)","PutSmall",0,-11,0.005,0.005,0.000
"Tenant B (Interactive Data)","GetSmall",1,0,4.847,0.003,4.835
"Tenant B (Interactive Data)","GetSmall",1,0,5.220,0.002,5.175
"Tenant B (Interactive Data)","GetSmall",1,0,5.101,0.005,5.053
"Tenant B (Interactive Data)","GetSmall",0,-11,0.071,0.071,0.000
"Tenant B (Interactive Data)","PutSmall",1,0,7.496,0.031,7.458
"Tenant B (Interactive Data)","GetSmall",1,0,4.839,0.030,4.800
"Tenant B (Interactive Data)","GetSmall",1,0,4.909,0.031,4.849
"Tenant B (Interactive Data)","GetSmall",1,0,5.181,0.012,5.122
"Tenant B (Interactive Data)","PutSmall",1,0,7.588,0.011,7.541
"Tenant B (Interactive Data)","PutSmall",1,0,7.260,0.033,7.182
"Tenant B (Interactive Data)","PutSmall",1,0,7.510,0.044,7.438
"Tenant B (Interactive Data)","GetSmall",1,0,4.931,0.016,4.841
"Tenant B (Interactive Data)","GetSmall",1,0,5.323,0.030,5.231
"Tenant B (Interactive Data)","PutSmall",1,0,7.537,0.032,7.459
"Tenant B (Interactive Data)","GetSmall",1,0,4.949,0.011,4.906
"Tenant B (Interactive Data)","PutSmall",1,0,7.696,0.016,7.633
"Tenant B (Interactive Data)","GetSmall",1,0,5.016,0.011,4.973
"Tenant B (Interactive Data)","PutSmall",1,0,7.476,0.023,7.422
"Tenant B (Interactive Data)","GetSmall",1,0,4.908,0.043,4.851
"Tenant B (Interactive Data)","GetSmall",1,0,4.944,0.019,4.914
"Tenant B (Interactive Data)","PutSmall",1,0,7.445,0.010,7.385
"Tenant B (Interactive Data)","PutSmall",1,0,7.323,0.013,7.294
"Tenant B (Interactive Data)","PutSmall",1,0,7.243,0.032,7.137
"Tenant B (Interactive Data)","PutSmall",1,0,7.829,0.010,7.779
"Tenant B (Interactive Data)","PutSmall",1,0,7.592,0.006,7.520
"Tenant B (Interactive Data)","PutSmall",1,0,7.401,0.014,7.377
"Tenant B (Interactive Data)","GetSmall",1,0,4.841,0.017,4.796
"Tenant B (Interactive Data)","GetSmall",1,0,5.003,0.017,4.947
"Tenant B (Interactive Data)","PutSmall",1,0,7.213,0.008,7.176
"Tenant B (Interactive Data)","GetSmall",1,0,5.218,0.027,5.186
"Tenant B (Interactive Data)","GetSmall",0,-11,0.016,0.016,0.000
"Tenant B (Interactive Data)","GetSmall",1,0,4.918,0.013,4.837
"Tenant B (Interactive Data)","PutSmall",1,0,7.726,0.010,7.708
"Tenant B (Interactive Data)","GetSmall",1,0,4.984,0.025,4.927
"Tenant B (Interactive Data)","GetSmall",1,0,5.066,0.032,5.006
"Tenant B (Interactive Data)","GetSmall",1,0,5.224,0.008,5.205
"Tenant B (Interactive Data)","PutSmall",1,0,7.680,0.043,7.593
"Tenant B (Interactive Data)","GetSmall",1,0,5.081,0.014,5.037
"Tenant B (Interactive Data)","PutSmall",1,0,7.388,0.031,7.327
"Tenant B (Interactive Data)","PutSmall",1,0,7.664,0.013,7.643
"Tenant B (Interactive Data)","PutSmall",1,0,7.525,0.012,7.469
"Tenant B (Interactive Data)","PutSmall",1,0,7.454,0.026,7.423
"Tenant B (Interactive Data)","PutSmall",1,0,7.251,0.003,7.243
"Tenant B (Interactive Data)","GetSmall",1,0,5.080,0.004,5.028
"Tenant B (Interactive Data)","PutSmall",1,0,7.337,0.007,7.268
"Tenant B (Interactive Data)","PutSmall",0,-11,0.004,0.004,0.000
"Tenant B (Interactive Data)","PutSmall",1,0,7.520,0.009,7.497
"Tenant B (Interactive Data)","PutSmall",1,0,7.557,0.040,7.488
"Tenant B (Interactive Data)","PutSmall",1,0,7.326,0.047,7.235
"Tenant B (Interactive Data)","GetSmall",1,0,4.929,0.043,4.869
"Tenant B (Interactive Data)","PutSmall",1,0,7.678,0.016,7.615
"Tenant B (Interactive Data)","PutSmall",1,0,7.250,0.011,7.210
"Tenant B (Interactive Data)","GetSmall",1,0,4.794,0.010,4.781
"Tenant B (Interactive Data)","PutSmall",1,0,7.760,0.044,7.713
"Tenant B (Interactive Data)","PutSmall",1,0,7.638,0.046,7.560
"Tenant B (Interactive Data)","PutSmall",1,0,7.395,0.033,7.304
"Tenant B (Interactive Data)","GetSmall",1,0,5.202,0.030,5.100
"Tenant B (Interactive Data)","GetSmall",1,0,5.185,0.003,5.166
"Tenant B (Interactive Data)","PutSmall",1,0,7.635,0.010,7.598
"Tenant B (Interactive Data)","PutSmall",1,0,7.288,0.046,7.237
"Tenant B (Interactive Data)","GetSmall",1,0,4.991,0.026,4.930
"Tenant B (Interactive Data)","GetSmall",1,0,5.077,0.009,5.046
"Tenant B (Interactive Data)","PutSmall",1,0,7.625,0.009,7.604
"Tenant B (Interactive Data)","GetSmall",1,0,4.957,0.026,4.918
"Tenant B (Interactive Data)","GetSmall",1,0,5.043,0.003,5.036
"Tenant B (Interactive Data)","PutSmall",1,0,7.659,0.023,7.610
"Tenant B (Interactive Data)","PutSmall",1,0,7.824,0.027,7.757
"Tenant B (Interactive Data)","GetSmall",0,-11,0.019,0.019,0.000
"Tenant B (Interactive Data)","PutSmall",1,0,7.906,0.037,7.855
"Tenant B (Interactive Data)","PutSmall",1,0,7.691,0.013,7.669
"Tenant B (Interactive Data)","GetSmall",1,0,4.962,0.015,4.937
"Tenant B (Interactive Data)","PutSmall",0,-11,0.017,0.017,0.000
"Tenant B (Interactive Data)","GetSmall",1,0,4.978,0.010,4.944
"Tenant B (Interactive Data)","PutSmall",1,0,7.759,0.011,7.737
"Tenant B (Interactive Data)","PutSmall",1,0,7.297,0.014,7.253
"Tenant B (Interactive Data)","GetSmall",1,0,5.023,0.053,4.941
"Tenant B (Interactive Data)","GetSmall",1,0,5.141,0.015,5.094
"Tenant B (Interactive Data)","PutSmall",1,0,7.463,0.022,7.394
"Tenant B (Interactive Data)","GetSmall",1,0,5.283,0.015,5.211
"Tenant B (Interactive Data)","PutSmall",0,-11,0.032,0.032,0.000
"Tenant B (Interactive Data)","PutSmall",1,0,7.674,0.015,7.631
"Tenant B (Interactive Data)","PutSmall",1,0,7.371,0.010,7.293
"Tenant B (Interactive Data)","PutSmall",1,0,7.658,0.009,7.621
"Tenant B (Interactive Data)","PutSmall",1,0,7.884,0.015,7.792
"Tenant B (Interactive Data)","GetSmall",1,0,5.303,0.032,5.241
"Tenant B (Interactive Data)","GetSmall",1,0,5.150,0.042,5.078
"Tenant B (Interactive Data)","GetSmall",1,0,4.840,0.004,4.801
"Tenant B (Interactive Data)","GetSmall",1,0,4.927,0.051,4.836
"Tenant B (Interactive Data)","GetSmall",1,0,4.790,0.025,4.751
"Tenant B (Interactive Data)","PutSmall",1,0,7.528,0.031,7.456
"Tenant B (Interactive Data)","GetSmall",1,0,5.038,0.006,5.010
"Tenant B (Interactive Data)","GetSmall",1,0,5.275,0.004,5.238
"Tenant B (Interactive Data)","PutSmall",1,0,7.600,0.030,7.557
"Tenant B (Interactive Data)","GetSmall",1,0,5.103,0.014,5.050
"Tenant B (Interactive Data)","GetSmall",1,0,5.116,0.011,5.100
"Tenant B (Interactive Data)","GetSmall",1,0,4.842,0.024,4.786
"Tenant B (Interactive Data)","PutSmall",1,0,7.604,0.010,7.558
"Tenant B (Interactive Data)","GetSmall",1,0,4.779,0.008,4.766
"Tenant B (Interactive Data)","PutSmall",1,0,7.170,0.021,7.143
"Tenant B (Interactive Data)","GetSmall",1,0,5.025,0.030,4.947
"Tenant B (Interactive Data)","PutSmall",0,-11,0.025,0.025,0.000
"Tenant B (Interactive Data)","GetSmall",1,0,4.849,0.006,4.815
"Tenant B (Interactive Data)","PutSmall",1,0,7.194,0.018,7.141
"Tenant B (Interactive Data)","GetSmall",1,0,4.855,0.021,4.797
"Tenant B (Interactive Data)","GetSmall",1,0,5.194,0.015,5.146
"Tenant B (Interactive Data)","PutSmall",1,0,7.543,0.010,7.512
"Tenant B (Interactive Data)","PutSmall",1,0,7.569,0.016,7.507
"Tenant B (Interactive Data)","GetSmall",1,0,5.208,0.027,5.145
"Tenant B (Interactive Data)","GetSmall",1,0,5.073,0.032,5.006
"Tenant B (Interactive Data)","PutSmall",1,0,7.840,0.015,7.761
"Tenant B (Interactive Data)","PutSmall",1,0,7.603,0.043,7.495
"Tenant B (Interactive Data)","PutSmall",1,0,7.440,0.011,7.413
"Tenant B (Interactive Data)","GetSmall",1,0,5.227,0.012,5.195
"Tenant B (Interactive Data)","GetSmall",1,0,4.977,0.012,4.957
"Tenant B (Interactive Data)","PutSmall",1,0,7.261,0.021,7.234
"Tenant B (Interactive Data)","GetSmall",1,0,4.860,0.003,4.855
"Tenant B (Interactive Data)","GetSmall",1,0,4.900,0.007,4.889
"Tenant B (Interactive Data)","PutSmall",1,0,7.840,0.031,7.782
"Tenant B (Interactive Data)","GetSmall",1,0,5.114,0.019,5.071
"Tenant B (Interactive Data)","PutSmall",1,0,7.658,0.032,7.593
"Tenant B (Interactive Data)","GetSmall",1,0,4.907,0.023,4.878
"Tenant B (Interactive Data)","GetSmall",1,0,5.283,0.027,5.240
"Tenant B (Interactive Data)","PutSmall",1,0,7.387,0.017,7.367
"Tenant B (Interactive Data)","PutSmall",1,0,7.497,0.046,7.440
"Tenant B (Interactive Data)","GetSmall",1,0,5.149,0.005,5.132
"Tenant B (Interactive Data)","PutSmall",1,0,7.383,0.025,7.343
"Tenant B (Interactive Data)","GetSmall",1,0,5.049,0.032,4.985
"Tenant B (Interactive Data)","PutSmall",1,0,7.441,0.018,7.393
"Tenant B (Interactive Data)","PutSmall",1,0,7.764,0.026,7.733
"Tenant B (Interactive Data)","GetSmall",1,0,5.159,0.008,5.140
"Tenant B (Interactive Data)","GetSmall",1,0,5.158,0.005,5.132
"Tenant B (Interactive Data)","GetSmall",1,0,4.989,0.008,4.963
"Tenant B (Interactive Data)","PutSmall",0,-11,0.038,0.038,0.000
"Tenant B (Interactive Data)","PutSmall",1,0,7.271,0.004,7.213
"Tenant B (Interactive Data)","GetSmall",1,0,5.036,0.021,4.994
"Tenant B (Interactive Data)","PutSmall",1,0,7.856,0.010,7.822
"Tenant B (Interactive Data)","GetSmall",1,0,5.098,0.034,5.027
"Tenant B (Interactive Data)","PutSmall",1,0,7.307,0.026,7.268
"Tenant B (Interactive Data)","GetSmall",1,0,5.064,0.008,5.040
"Tenant B (Interactive Data)","GetSmall",1,0,4.874,0.028,4.812
"Tenant B (Interactive Data)","PutSmall",1,0,7.832,0.031,7.751
"Tenant B (Interactive Data)","PutSmall",1,0,7.705,0.011,7.625
"Tenant B (Interactive Data)","GetSmall",1,0,5.160,0.043,5.102
"Tenant B (Interactive Data)","GetSmall",1,0,5.190,0.009,5.150
"Tenant B (Interactive Data)","GetSmall",1,0,4.866,0.007,4.830
"Tenant B (Interactive Data)","GetSmall",1,0,4.849,0.034,4.801
"Tenant B (Interactive Data)","GetSmall",1,0,5.306,0.031,5.199
"Tenant B (Interactive Data)","PutSmall",1,0,7.588,0.019,7.504
"Tenant B (Interactive Data)","PutSmall",1,0,7.846,0.008,7.826
"Tenant B (Interactive Data)","GetSmall",1,0,5.241,0.024,5.207
"Tenant B (Interactive Data)","GetSmall",1,0,5.082,0.032,5.001
"Tenant B (Interactive Data)","PutSmall",1,0,7.604,0.026,7.571
"Tenant B (Interactive Data)","GetSmall",1,0,4.829,0.034,4.759
"Tenant B (Interactive Data)","GetSmall",1,0,4.893,0.026,4.773
"Tenant B (Interactive Data)","PutSmall",1,0,7.168,0.024,7.127
"Tenant B (Interactive Data)","GetSmall",1,0,4.894,0.033,4.857
"Tenant B (Interactive Data)","PutSmall",1,0,7.679,0.007,7.661
"Tenant B (Interactive Data)","GetSmall",0,-11,0.005,0.005,0.000
"Tenant B (Interactive Data)","GetSmall",1,0,5.059,0.009,5.000
"Tenant B (Interactive Data)","GetSmall",1,0,5.014,0.028,4.959
"Tenant B (Interactive Data)","PutSmall",1,0,7.741,0.004,7.711
"Tenant B (Interactive Data)","GetSmall",1,0,5.142,0.009,5.056
"Tenant B (Interactive Data)","PutSmall",1,0,7.673,0.028,7.610
"Tenant B (Interactive Data)","PutSmall",1,0,7.327,0.011,7.265
"Tenant B (Interactive Data)","GetSmall",1,0,4.985,0.032,4.949
"Tenant B (Interactive Data)","GetSmall",1,0,4.888,0.031,4.810
"Tenant B (Interactive Data)","GetSmall",1,0,4.988,0.016,4.893
"Tenant B (Interactive Data)","GetSmall",1,0,4.817,0.011,4.776
"Tenant B (Interactive Data)","PutSmall",1,0,7.243,0.013,7.221
"Tenant B (Interactive Data)","GetSmall",1,0,5.277,0.033,5.213
"Tenant B (Interactive Data)","GetSmall",1,0,4.891,0.037,4.844
"Tenant B (Interactive Data)","PutSmall",1,0,7.346,0.031,7.297
"Tenant B (Interactive Data)","PutSmall",1,0,7.421,0.010,7.404
"Tenant B (Interactive Data)","PutSmall",1,0,7.491,0.026,7.433
"Tenant B (Interactive Data)","GetSmall",1,0,5.117,0.013,5.042
"Tenant B (Interactive Data)","PutSmall",1,0,7.855,0.031,7.779
"Tenant B (Interactive Data)","GetSmall",1,0,5.171,0.023,5.117
"Tenant B (Interactive Data)","GetSmall",1,0,5.062,0.014,4.986
"Tenant B (Interactive Data)","GetSmall",1,0,5.203,0.031,5.137
"Tenant B (Interactive Data)","PutSmall",1,0,7.923,0.029,7.862
"Tenant B (Interactive Data)","PutSmall",1,0,7.480,0.012,7.459
"Tenant B (Interactive Data)","PutSmall",1,0,7.552,0.014,7.531
"Tenant B (Interactive Data)","GetSmall",1,0,5.202,0.004,5.178
"Tenant B (Interactive Data)","GetSmall",1,0,5.293,0.013,5.245
"Tenant B (Interactive Data)","PutSmall",1,0,7.483,0.013,7.441
"Tenant B (Interactive Data)","GetSmall",1,0,4.847,0.023,4.777
"Tenant B (Interactive Data)","PutSmall",1,0,7.245,0.055,7.143
"Tenant B (Interactive Data)","GetSmall",1,0,5.133,0.011,5.078
"Tenant B (Interactive Data)","PutSmall",1,0,7.695,0.009,7.640
"Tenant B (Interactive Data)","PutSmall",1,0,7.912,0.031,7.845
"Tenant B (Interactive Data)","GetSmall",1,0,5.073,0.004,5.034
"Tenant B (Interactive Data)","GetSmall",1,0,5.144,0.026,5.112
"Tenant B (Interactive Data)","PutSmall",1,0,7.400,0.024,7.371
"Tenant B (Interactive Data)","GetSmall",1,0,4.976,0.026,4.897
"Tenant B (Interactive Data)","GetSmall",1,0,5.242,0.014,5.184
"Tenant B (Interactive Data)","PutSmall",1,0,7.873,0.004,7.832
"Tenant B (Interactive Data)","GetSmall",1,0,4.849,0.029,4.788
"Tenant B (Interactive Data)","GetSmall",1,0,5.204,0.003,5.197
"Tenant B (Interactive Data)","GetSmall",1,0,4.990,0.031,4.927
"Tenant B (Interactive Data)","GetSmall",1,0,4.838,0.011,4.792
"Tenant B (Interactive Data)","PutSmall",1,0,7.966,0.027,7.863
"Tenant B (Interactive Data)","PutSmall",1,0,7.905,0.029,7.824
"Tenant B (Interactive Data)","GetSmall",1,0,4.969,0.036,4.879
"Tenant B (Interactive Data)","PutSmall",1,0,7.584,0.020,7.528
"Tenant B (Interactive Data)","GetSmall",0,-11,0.011,0.011,0.000
"Tenant B (Interactive Data)","GetSmall",1,0,4.978,0.024,4.941
"Tenant B (Interactive Data)","GetSmall",1,0,5.250,0.007,5.231
"Tenant B (Interactive Data)","GetSmall",1,0,4.860,0.003,4.852
"Tenant B (Interactive Data)","GetSmall",1,0,5.061,0.023,4.959
"Tenant B (Interactive Data)","PutSmall",1,0,7.659,0.025,7.602
"Tenant B (Interactive Data)","GetSmall",1,0,5.274,0.027,5.180
"Tenant B (Interactive Data)","PutSmall",1,0,7.483,0.013,7.428
"Tenant B (Interactive Data)","PutSmall",1,0,7.921,0.011,7.865
"Tenant B (Interactive Data)","GetSmall",1,0,5.183,0.030,5.093
"Tenant B (Interactive Data)","GetSmall",1,0,4.867,0.028,4.810
"Tenant B (Interactive Data)","PutSmall",1,0,7.403,0.030,7.298
"Tenant B (Interactive Data)","GetSmall",0,-11,0.007,0.007,0.000
"Tenant B (Interactive Data)","GetSmall",0,-11,0.008,0.008,0.000
"Tenant B (Interactive Data)","PutSmall",1,0,7.326,0.030,7.292
"Tenant B (Interactive Data)","PutSmall",1,0,7.803,0.008,7.787
"Tenant B (Interactive Data)","PutSmall",1,0,7.573,0.009,7.530
"Tenant B (Interactive Data)","GetSmall",0,-11,0.017,0.017,0.000
"Tenant B (Interactive Data)","GetSmall",1,0,4.926,0.005,4.878
"Tenant B (Interactive Data)","PutSmall",1,0,7.859,0.005,7.818
"Tenant B (Interactive Data)","PutSmall",1,0,7.884,0.030,7.850
"Tenant B (Interactive Data)","GetSmall",1,0,5.054,0.004,5.043
"Tenant B (Interactive Data)","GetSmall",1,0,5.214,0.022,5.129
"Tenant B (Interactive Data)","GetSmall",1,0,4.933,0.010,4.913
"Tenant B (Interactive Data)","PutSmall",1,0,7.518,0.022,7.492
"Tenant B (Interactive Data)","GetSmall",1,0,5.275,0.030,5.240
"Tenant B (Interactive Data)","GetSmall",1,0,5.194,0.022,5.152
"Tenant B (Interactive Data)","PutSmall",1,0,7.446,0.013,7.428
"Tenant B (Interactive Data)","GetSmall",1,0,5.211,0.017,5.183
"Tenant B (Interactive Data)","PutSmall",1,0,7.231,0.008,7.212
"Tenant B (Interactive Data)","PutSmall",1,0,7.262,0.008,7.221
"Tenant B (Interactive Data)","PutSmall",1,0,7.547,0.014,7.530
"Tenant B (Interactive Data)","GetSmall",1,0,4.840,0.003,4.821
"Tenant B (Interactive Data)","PutSmall",1,0,7.841,0.004,7.824
"Tenant B (Interactive Data)","GetSmall",1,0,5.034,0.004,5.021
"Tenant B (Interactive Data)","PutSmall",1,0,7.778,0.020,7.752
"Tenant B (Interactive Data)","GetSmall",1,0,5.059,0.008,5.043
"Tenant B (Interactive Data)","PutSmall",1,0,7.286,0.003,7.252
"Tenant B (Interactive Data)","GetSmall",1,0,4.871,0.011,4.851
"Tenant B (Interactive Data)","PutSmall",1,0,7.310,0.022,7.277
"Tenant B (Interactive Data)","PutSmall",1,0,7.796,0.004,7.782
"Tenant B (Interactive Data)","GetSmall",1,0,4.838,0.010,4.821
"Tenant B (Interactive Data)","GetSmall",1,0,5.086,0.030,5.035
"Tenant B (Interactive Data)","PutSmall",1,0,7.421,0.012,7.387
"Tenant B (Interactive Data)","GetSmall",1,0,5.106,0.026,5.070
"Tenant B (Interactive Data)","GetSmall",1,0,5.034,0.027,4.965
"Tenant B (Interactive Data)","PutSmall",1,0,7.843,0.029,7.776
"Tenant B (Interactive Data)","GetSmall",1,0,4.965,0.015,4.922
"Tenant B (Interactive Data)","GetSmall",1,0,4.945,0.030,4.832
"Tenant B (Interactive Data)","GetSmall",1,0,5.244,0.010,5.203
"Tenant B (Interactive Data)","GetSmall",1,0,4.982,0.006,4.965
"Tenant B (Interactive Data)","GetSmall",0,-11,0.010,0.010,0.000
"Tenant B (Interactive Data)","GetSmall",1,0,5.170,0.009,5.126
"Tenant B (Interactive Data)","GetSmall",1,0,5.028,0.012,4.988
"Tenant B (Interactive Data)","GetSmall",1,0,5.171,0.005,5.159
"Tenant B (Interactive Data)","GetSmall",1,0,4.888,0.009,4.860
"Tenant B (Interactive Data)","PutSmall",1,0,7.671,0.029,7.588
"Tenant B (Interactive Data)","PutSmall",1,0,7.823,0.010,7.778
"Tenant B (Interactive Data)","PutSmall",1,0,7.370,0.010,7.341
"Tenant B (Interactive Data)","PutSmall",1,0,7.594,0.030,7.518
"Tenant B (Interactive Data)","PutSmall",1,0,7.328,0.010,7.282
"Tenant B (Interactive Data)","GetSmall",1,0,5.260,0.033,5.200
"Tenant B (Interactive Data)","GetSmall",1,0,5.261,0.031,5.208
"Tenant B (Interactive Data)","PutSmall",1,0,7.590,0.029,7.549
"Tenant B (Interactive Data)","GetSmall",1,0,4.904,0.003,4.891
"Tenant B (Interactive Data)","GetSmall",1,0,4.918,0.004,4.880
"Tenant B (Interactive Data)","PutSmall",1,0,7.692,0.004,7.650
"Tenant B (Interactive Data)","GetSmall",1,0,4.958,0.008,4.936
"Tenant B (Interactive Data)","PutSmall",1,0,7.774,0.045,7.721
"Tenant B (Interactive Data)","GetSmall",1,0,5.071,0.028,5.009
"Tenant B (Interactive Data)","PutSmall",0,-11,0.004,0.004,0.000
"Tenant B (Interactive Data)","PutSmall",1,0,7.438,0.010,7.424
"Tenant B (Interactive Data)","GetSmall",1,0,4.882,0.006,4.872
"Tenant B (Interactive Data)","PutSmall",1,0,7.887,0.043,7.814
"Tenant B (Interactive Data)","GetSmall",1,0,5.041,0.049,4.946
"Tenant B (Interactive Data)","PutSmall",1,0,7.350,0.011,7.318
"Tenant B (Interactive Data)","GetSmall",1,0,4.833,0.021,4.807
"Tenant B (Interactive Data)","PutSmall",1,0,7.450,0.009,7.394
"Tenant B (Interactive Data)","PutSmall",1,0,7.426,0.042,7.361
"Tenant B (Interactive Data)","GetSmall",1,0,4.923,0.042,4.873
"Tenant B (Interactive Data)","PutSmall",1,0,7.233,0.014,7.202
"Tenant B (Interactive Data)","GetSmall",1,0,5.257,0.004,5.245
"Tenant B (Interactive Data)","PutSmall",1,0,7.615,0.008,7.594
"Tenant B (Interactive Data)","PutSmall",1,0,7.522,0.015,7.499
"Tenant B (Interactive Data)","GetSmall",1,0,5.157,0.025,5.129
"Tenant B (Interactive Data)","GetSmall",1,0,5.040,0.028,4.967
"Tenant B (Interactive Data)","GetSmall",1,0,5.237,0.012,5.204
"Tenant B (Interactive Data)","GetSmall",1,0,5.246,0.014,5.225
"Tenant B (Interactive Data)","PutSmall",1,0,7.824,0.031,7.784
"Tenant B (Interactive Data)","GetSmall",1,0,4.953,0.051,4.878
"Tenant B (Interactive Data)","PutSmall",1,0,7.812,0.033,7.750
"Tenant B (Interactive Data)","PutSmall",1,0,7.786,0.035,7.725
"Tenant B (Interactive Data)","GetSmall",1,0,4.920,0.013,4.893
"Tenant B (Interactive Data)","PutSmall",1,0,7.472,0.011,7.431
"Tenant B (Interactive Data)","PutSmall",1,0,7.753,0.004,7.746
"Tenant B (Interactive Data)","GetSmall",1,0,5.244,0.023,5.187
"Tenant B (Interactive Data)","PutSmall",1,0,7.384,0.011,7.323
"Tenant B (Interactive Data)","PutSmall",1,0,7.732,0.010,7.691
"Tenant B (Interactive Data)","GetSmall",1,0,4.942,0.008,4.901
"Tenant B (Interactive Data)","GetSmall",1,0,5.292,0.023,5.211
"Tenant B (Interactive Data)","GetSmall",1,0,4.915,0.031,4.844
"Tenant B (Interactive Data)","PutSmall",1,0,7.668,0.010,7.649
"Tenant B (Interactive Data)","PutSmall",1,0,7.457,0.007,7.446
"Tenant B (Interactive Data)","GetSmall",1,0,5.068,0.058,4.977
"Tenant B (Interactive Data)","PutSmall",1,0,7.454,0.024,7.401
"Tenant B (Interactive Data)","GetSmall",1,0,5.231,0.018,5.206
"Tenant B (Interactive Data)","GetSmall",1,0,5.218,0.023,5.174
"Tenant B (Interactive Data)","PutSmall",1,0,7.531,0.008,7.488
"Tenant B (Interactive Data)","GetSmall",1,0,5.017,0.025,4.965
"Tenant B (Interactive Data)","PutSmall",1,0,7.501,0.043,7.431
"Tenant B (Interactive Data)","PutSmall",1,0,7.543,0.013,7.518
"Tenant B (Interactive Data)","PutSmall",1,0,7.442,0.029,7.382
"Tenant B (Interactive Data)","GetSmall",1,0,4.860,0.008,4.818
"Tenant B (Interactive Data)","PutSmall",1,0,7.357,0.022,7.293
"Tenant B (Interactive Data)","GetSmall",1,0,4.908,0.048,4.780
"Tenant B (Interactive Data)","PutSmall",1,0,7.304,0.011,7.220
"Tenant B (Interactive Data)","GetSmall",1,0,4.910,0.031,4.844
"Tenant B (Interactive Data)","PutSmall",1,0,7.821,0.035,7.750
"Tenant B (Interactive Data)","PutSmall",1,0,7.770,0.004,7.748
"Tenant B (Interactive Data)","GetSmall",1,0,5.073,0.027,5.012
"Tenant B (Interactive Data)","PutSmall",1,0,7.274,0.014,7.214
"Tenant B (Interactive Data)","PutSmall",1,0,7.297,0.012,7.208
"Tenant B (Interactive Data)","PutSmall",1,0,7.564,0.031,7.482
"Tenant B (Interactive Data)","GetSmall",1,0,5.028,0.032,4.966
"Tenant B (Interactive Data)","PutSmall",1,0,7.744,0.034,7.644
"Tenant B (Interactive Data)","GetSmall",1,0,4.867,0.021,4.837
"Tenant B (Interactive Data)","GetSmall",1,0,5.186,0.010,5.170
"Tenant B (Interactive Data)","GetSmall",1,0,4.839,0.012,4.807
"Tenant B (Interactive Data)","PutSmall",1,0,7.449,0.034,7.400
"Tenant B (Interactive Data)","GetSmall",0,-11,0.007,0.007,0.000
"Tenant B (Interactive Data)","GetSmall",1,0,4.941,0.031,4.880
"Tenant B (Interactive Data)","PutSmall",1,0,7.838,0.032,7.783
"Tenant B (Interactive Data)","GetSmall",1,0,5.212,0.018,5.163
"Tenant B (Interactive Data)","PutSmall",1,0,7.689,0.010,7.646
"Tenant B (Interactive Data)","PutSmall",1,0,7.399,0.022,7.327
"Tenant B (Interactive Data)","PutSmall",1,0,7.901,0.030,7.837
"Tenant B (Interactive Data)","GetSmall",1,0,5.268,0.049,5.213
"Tenant B (Interactive Data)","GetSmall",1,0,5.057,0.010,5.039
"Tenant B (Interactive Data)","PutSmall",1,0,7.345,0.011,7.298
"Tenant B (Interactive Data)","GetSmall",0,-11,0.009,0.009,0.000
"Tenant B (Interactive Data)","GetSmall",1,0,5.031,0.012,5.004
"Tenant B (Interactive Data)","PutSmall",1,0,7.731,0.027,7.695
"Tenant B (Interactive Data)","PutSmall",1,0,7.331,0.042,7.262
"Tenant B (Interactive Data)","PutSmall",1,0,7.615,0.019,7.543
"Tenant B (Interactive Data)","GetSmall",1,0,4.941,0.032,4.858
"Tenant B (Interactive Data)","PutSmall",1,0,7.377,0.016,7.310
"Tenant B (Interactive Data)","GetSmall",1,0,5.279,0.014,5.216
"Tenant B (Interactive Data)","GetSmall",1,0,5.007,0.020,4.964
"Tenant B (Interactive Data)","PutSmall",1,0,7.536,0.009,7.514
"Tenant B (Interactive Data)","GetSmall",1,0,5.259,0.009,5.243
"Tenant B (Interactive Data)","GetSmall",1,0,4.881,0.016,4.860
"Tenant B (Interactive Data)","GetSmall",1,0,4.881,0.028,4.803
"Tenant B (Interactive Data)","GetSmall",1,0,4.964,0.010,4.926
"Tenant B (Interactive Data)","PutSmall",1,0,7.210,0.015,7.150
"Tenant B (Interactive Data)","GetSmall",1,0,5.202,0.010,5.163
"Tenant B (Interactive Data)","GetSmall",1,0,5.217,0.032,5.173
"Tenant B (Interactive Data)","PutSmall",1,0,7.378,0.017,7.330
"Tenant B (Interactive Data)","GetSmall",1,0,4.956,0.028,4.886
"Tenant B (Interactive Data)","PutSmall",1,0,7.244,0.037,7.176
"Tenant B (Interactive Data)","PutSmall",1,0,7.350,0.031,7.295
"Tenant B (Interactive Data)","PutSmall",1,0,7.415,0.030,7.373
"Tenant B (Interactive Data)","PutSmall",1,0,7.528,0.011,7.482
"Tenant B (Interactive Data)","GetSmall",1,0,4.853,0.015,4.834
"Tenant C (Health Probe)","ProbeHealth",1,0,2.590,0.016,2.569
"Tenant C (Health Probe)","ProbeHealth",1,0,2.574,0.057,2.464
"Tenant C (Health Probe)","ProbeHealth",1,0,2.547,0.030,2.500
"Tenant C (Health Probe)","ProbeHealth",1,0,2.581,0.007,2.558
"Tenant C (Health Probe)","ProbeHealth",1,0,2.440,0.012,2.423
"Tenant C (Health Probe)","ProbeHealth",1,0,2.555,0.004,2.514
"Tenant C (Health Probe)","ProbeHealth",1,0,2.503,0.021,2.448
"Tenant C (Health Probe)","ProbeHealth",1,0,2.688,0.030,2.622
"Tenant C (Health Probe)","ProbeHealth",1,0,2.669,0.016,2.608
"Tenant C (Health Probe)","ProbeHealth",1,0,2.473,0.004,2.439
"Tenant C (Health Probe)","ProbeHealth",1,0,2.508,0.005,2.452
"Tenant C (Health Probe)","ProbeHealth",1,0,2.463,0.033,2.400
"Tenant C (Health Probe)","ProbeHealth",1,0,2.630,0.016,2.583
"Tenant C (Health Probe)","ProbeHealth",1,0,2.564,0.031,2.525
"Tenant C (Health Probe)","ProbeHealth",1,0,2.468,0.034,2.401
"Tenant C (Health Probe)","ProbeHealth",1,0,2.439,0.009,2.421
"Tenant C (Health Probe)","ProbeHealth",1,0,2.523,0.008,2.502
"Tenant C (Health Probe)","ProbeHealth",1,0,2.609,0.026,2.558
"Tenant C (Health Probe)","ProbeHealth",1,0,2.472,0.008,2.428
"Tenant C (Health Probe)","ProbeHealth",1,0,2.594,0.005,2.574
"Tenant C (Health Probe)","ProbeHealth",1,0,2.617,0.017,2.592
"Tenant C (Health Probe)","ProbeHealth",1,0,2.598,0.012,2.554
"Tenant C (Health Probe)","ProbeHealth",1,0,2.478,0.014,2.402
"Tenant C (Health Probe)","ProbeHealth",1,0,2.562,0.039,2.489
"Tenant C (Health Probe)","ProbeHealth",1,0,2.633,0.019,2.610
"Tenant C (Health Probe)","ProbeHealth",1,0,2.474,0.032,2.431
"Tenant C (Health Probe)","ProbeHealth",1,0,2.430,0.012,2.402
"Tenant C (Health Probe)","ProbeHealth",1,0,2.457,0.016,2.409
"Tenant C (Health Probe)","ProbeHealth",1,0,2.602,0.015,2.577
"Tenant C (Health Probe)","ProbeHealth",1,0,2.646,0.027,2.566
"Tenant C (Health Probe)","ProbeHealth",1,0,2.700,0.033,2.623
"Tenant C (Health Probe)","ProbeHealth",1,0,2.574,0.011,2.537
"Tenant C (Health Probe)","ProbeHealth",1,0,2.534,0.020,2.445
"Tenant C (Health Probe)","ProbeHealth",1,0,2.434,0.026,2.377
"Tenant C (Health Probe)","ProbeHealth",1,0,2.461,0.009,2.446
"Tenant C (Health Probe)","ProbeHealth",1,0,2.559,0.003,2.552
"Tenant C (Health Probe)","ProbeHealth",1,0,2.481,0.027,2.419
"Tenant C (Health Probe)","ProbeHealth",1,0,2.573,0.012,2.498
"Tenant C (Health Probe)","ProbeHealth",1,0,2.542,0.004,2.531
"Tenant C (Health Probe)","ProbeHealth",1,0,2.577,0.015,2.509
"Tenant C (Health Probe)","ProbeHealth",1,0,2.641,0.030,2.579
"Tenant C (Health Probe)","ProbeHealth",1,0,2.508,0.028,2.448
