tenant,op,success,error_code,total_lat_ms,queue_lat_ms,backend_lat_ms
"Tenant A (Bully Data)","ListBucket",1,0,25.743,0.000,25.726
"Tenant A (Bully Data)","PutLarge",1,0,29.041,0.000,29.022
"Tenant A (Bully Data)","PutLarge",1,0,30.908,0.000,30.895
"Tenant A (Bully Data)","PutLarge",1,0,30.281,0.000,30.276
"Tenant A (Bully Data)","ListBucket",1,0,25.212,0.001,25.192
"Tenant A (Bully Data)","PutLarge",1,0,29.961,0.001,29.956
"Tenant A (Bully Data)","PutLarge",1,0,30.207,0.000,30.182
"Tenant A (Bully Data)","ListBucket",1,0,24.551,0.000,24.518
"Tenant A (Bully Data)","PutLarge",1,0,29.869,0.000,29.851
"Tenant A (Bully Data)","PutLarge",1,0,30.333,0.000,30.312
"Tenant A (Bully Data)","PutLarge",1,0,29.432,0.000,29.384
"Tenant A (Bully Data)","ListBucket",1,0,24.698,0.000,24.656
"Tenant A (Bully Data)","PutLarge",1,0,29.414,0.000,29.397
"Tenant A (Bully Data)","PutLarge",1,0,29.624,0.000,29.614
"Tenant A (Bully Data)","ListBucket",1,0,25.039,0.000,25.036
"Tenant A (Bully Data)","PutLarge",1,0,29.023,0.000,28.989
"Tenant A (Bully Data)","PutLarge",1,0,28.623,0.001,28.601
"Tenant A (Bully Data)","PutLarge",1,0,30.350,0.001,30.338
"Tenant A (Bully Data)","ListBucket",1,0,25.608,0.000,25.602
"Tenant A (Bully Data)","PutLarge",1,0,30.804,0.000,30.800
"Tenant A (Bully Data)","PutLarge",1,0,29.163,0.000,29.147
"Tenant A (Bully Data)","ListBucket",1,0,24.483,0.000,24.451
"Tenant A (Bully Data)","PutLarge",1,0,30.264,0.000,30.233
"Tenant A (Bully Data)","ListBucket",1,0,24.522,0.000,24.500
"Tenant A (Bully Data)","PutLarge",1,0,31.271,0.000,31.243
"Tenant A (Bully Data)","PutLarge",1,0,31.175,0.000,31.138
"Tenant A (Bully Data)","PutLarge",1,0,31.454,0.000,31.421
"Tenant A (Bully Data)","PutLarge",1,0,29.274,0.000,29.245
"Tenant A (Bully Data)","ListBucket",1,0,25.729,0.000,25.706
"Tenant A (Bully Data)","PutLarge",1,0,28.642,0.000,28.631
"Tenant A (Bully Data)","ListBucket",1,0,26.091,0.000,26.058
"Tenant A (Bully Data)","PutLarge",1,0,28.929,0.000,28.895
"Tenant A (Bully Data)","PutLarge",1,0,28.793,0.000,28.764
"Tenant A (Bully Data)","PutLarge",1,0,29.499,0.001,29.406
"Tenant A (Bully Data)","PutLarge",1,0,29.605,0.001,29.592
"Tenant A (Bully Data)","PutLarge",1,0,29.166,0.000,29.161
"Tenant A (Bully Data)","PutLarge",1,0,30.750,0.001,30.736
"Tenant A (Bully Data)","ListBucket",1,0,25.897,0.000,25.891
"Tenant A (Bully Data)","PutLarge",1,0,29.616,0.000,29.612
"Tenant A (Bully Data)","PutLarge",1,0,29.834,0.000,29.820
"Tenant A (Bully Data)","PutLarge",1,0,30.549,0.001,30.546
"Tenant A (Bully Data)","ListBucket",1,0,24.204,0.000,24.198
"Tenant A (Bully Data)","ListBucket",1,0,24.772,0.000,24.760
"Tenant A (Bully Data)","PutLarge",1,0,28.702,0.000,28.687
"Tenant A (Bully Data)","PutLarge",1,0,30.121,0.000,30.109
"Tenant A (Bully Data)","ListBucket",1,0,24.391,0.000,24.386
"Tenant A (Bully Data)","PutLarge",1,0,30.544,0.000,30.543
"Tenant A (Bully Data)","PutLarge",1,0,29.900,0.000,29.891
"Tenant A (Bully Data)","ListBucket",1,0,24.578,0.000,24.566
"Tenant A (Bully Data)","PutLarge",1,0,29.767,0.000,29.756
"Tenant A (Bully Data)","PutLarge",1,0,30.279,0.007,30.258
"Tenant A (Bully Data)","ListBucket",1,0,25.849,0.000,25.847
"Tenant A (Bully Data)","PutLarge",1,0,31.453,0.000,31.451
"Tenant A (Bully Data)","ListBucket",1,0,25.693,0.000,25.674
"Tenant A (Bully Data)","PutLarge",1,0,29.398,0.000,29.386
"Tenant A (Bully Data)","PutLarge",1,0,31.396,0.000,31.384
"Tenant A (Bully Data)","ListBucket",1,0,24.180,0.000,24.176
"Tenant A (Bully Data)","PutLarge",1,0,30.725,0.000,30.722
"Tenant A (Bully Data)","ListBucket",1,0,24.849,0.000,24.847
"Tenant A (Bully Data)","PutLarge",1,0,30.705,0.000,30.704
"Tenant A (Bully Data)","PutLarge",1,0,30.502,0.000,30.493
"Tenant A (Bully Data)","PutLarge",1,0,30.735,0.000,30.731
"Tenant A (Bully Data)","ListBucket",1,0,25.366,0.000,25.308
"Tenant A (Bully Data)","PutLarge",1,0,31.515,0.000,31.492
"Tenant A (Bully Data)","PutLarge",1,0,29.963,0.000,29.952
"Tenant A (Bully Data)","PutLarge",1,0,31.187,0.000,31.177
"Tenant A (Bully Data)","PutLarge",1,0,30.034,0.000,30.031
"Tenant A (Bully Data)","PutLarge",1,0,29.411,0.001,29.405
"Tenant A (Bully Data)","ListBucket",1,0,24.049,0.000,24.039
"Tenant A (Bully Data)","ListBucket",1,0,25.103,0.000,25.088
"Tenant A (Bully Data)","PutLarge",1,0,31.091,0.001,31.085
"Tenant A (Bully Data)","ListBucket",1,0,23.916,0.000,23.904
"Tenant A (Bully Data)","ListBucket",1,0,24.578,0.000,24.573
"Tenant A (Bully Data)","PutLarge",1,0,30.316,0.000,30.302
"Tenant A (Bully Data)","PutLarge",1,0,31.479,0.000,31.468
"Tenant A (Bully Data)","PutLarge",1,0,29.088,0.000,29.080
"Tenant A (Bully Data)","PutLarge",1,0,30.471,0.000,30.462
"Tenant A (Bully Data)","PutLarge",1,0,31.183,0.000,31.180
"Tenant A (Bully Data)","PutLarge",1,0,30.505,0.000,30.502
"Tenant A (Bully Data)","PutLarge",1,0,30.845,0.000,30.833
"Tenant A (Bully Data)","PutLarge",1,0,28.631,0.001,28.617
"Tenant A (Bully Data)","PutLarge",1,0,30.302,0.001,30.297
"Tenant A (Bully Data)","PutLarge",1,0,29.802,0.000,29.781
"Tenant A (Bully Data)","PutLarge",1,0,29.721,0.000,29.717
"Tenant A (Bully Data)","PutLarge",1,0,28.765,0.001,28.762
"Tenant A (Bully Data)","PutLarge",1,0,31.132,0.000,31.128
"Tenant A (Bully Data)","PutLarge",1,0,30.601,0.000,30.598
"Tenant A (Bully Data)","PutLarge",1,0,29.996,0.000,29.992
"Tenant A (Bully Data)","ListBucket",1,0,24.506,0.000,24.486
"Tenant A (Bully Data)","PutLarge",1,0,28.630,0.000,28.614
"Tenant A (Bully Data)","PutLarge",1,0,28.874,0.000,28.851
"Tenant A (Bully Data)","PutLarge",1,0,30.008,0.000,29.998
"Tenant A (Bully Data)","PutLarge",1,0,29.495,0.001,29.479
"Tenant A (Bully Data)","ListBucket",1,0,25.220,0.001,25.184
"Tenant A (Bully Data)","PutLarge",1,0,28.911,0.001,28.886
"Tenant A (Bully Data)","ListBucket",1,0,24.584,0.001,24.574
"Tenant A (Bully Data)","ListBucket",1,0,23.797,0.000,23.781
"Tenant A (Bully Data)","PutLarge",1,0,30.984,0.001,30.972
"Tenant A (Bully Data)","PutLarge",1,0,29.429,0.001,29.421
"Tenant A (Bully Data)","ListBucket",1,0,23.853,0.000,23.847
"Tenant A (Bully Data)","ListBucket",1,0,25.630,0.001,25.617
"Tenant A (Bully Data)","PutLarge",1,0,30.997,0.000,30.994
"Tenant A (Bully Data)","PutLarge",1,0,30.631,0.001,30.620
"Tenant A (Bully Data)","PutLarge",1,0,30.529,0.001,30.520
"Tenant A (Bully Data)","PutLarge",1,0,28.945,0.000,28.932
"Tenant A (Bully Data)","PutLarge",1,0,29.923,0.000,29.905
"Tenant A (Bully Data)","PutLarge",1,0,28.652,0.000,28.640
"Tenant A (Bully Data)","ListBucket",1,0,24.270,0.001,24.252
"Tenant A (Bully Data)","PutLarge",1,0,28.632,0.000,28.614
"Tenant A (Bully Data)","PutLarge",1,0,30.414,0.000,30.409
"Tenant A (Bully Data)","PutLarge",1,0,29.900,0.000,29.891
"Tenant A (Bully Data)","PutLarge",1,0,29.106,0.000,29.098
"Tenant A (Bully Data)","ListBucket",1,0,26.038,0.000,26.033
"Tenant A (Bully Data)","ListBucket",1,0,24.544,0.000,24.528
"Tenant A (Bully Data)","PutLarge",1,0,28.936,0.000,28.932
"Tenant A (Bully Data)","PutLarge",1,0,29.874,0.000,29.869
"Tenant A (Bully Data)","PutLarge",1,0,29.658,0.000,29.649
"Tenant A (Bully Data)","ListBucket",1,0,25.519,0.000,25.512
"Tenant A (Bully Data)","ListBucket",1,0,26.068,0.000,26.061
"Tenant A (Bully Data)","PutLarge",1,0,29.092,0.000,29.042
"Tenant A (Bully Data)","PutLarge",1,0,29.660,0.000,29.610
"Tenant A (Bully Data)","ListBucket",1,0,25.541,0.000,25.523
"Tenant A (Bully Data)","PutLarge",1,0,28.706,0.000,28.689
"Tenant A (Bully Data)","PutLarge",1,0,28.613,0.001,28.602
"Tenant A (Bully Data)","PutLarge",1,0,29.870,0.000,29.859
"Tenant A (Bully Data)","PutLarge",1,0,31.003,0.000,30.987
"Tenant A (Bully Data)","PutLarge",1,0,28.720,0.000,28.716
"Tenant A (Bully Data)","PutLarge",1,0,29.854,0.000,29.850
"Tenant A (Bully Data)","PutLarge",1,0,29.590,0.000,29.574
"Tenant A (Bully Data)","PutLarge",1,0,29.573,0.000,29.565
"Tenant A (Bully Data)","ListBucket",1,0,23.891,0.000,23.887
"Tenant A (Bully Data)","PutLarge",1,0,28.928,0.000,28.925
"Tenant A (Bully Data)","ListBucket",1,0,24.130,0.000,24.120
"Tenant A (Bully Data)","PutLarge",1,0,30.659,0.000,30.651
"Tenant A (Bully Data)","ListBucket",1,0,24.226,0.000,24.185
"Tenant A (Bully Data)","PutLarge",1,0,29.552,0.000,29.545
"Tenant A (Bully Data)","PutLarge",1,0,31.367,0.000,31.309
"Tenant A (Bully Data)","ListBucket",1,0,23.896,0.001,23.846
"Tenant A (Bully Data)","ListBucket",1,0,24.013,0.001,24.008
"Tenant A (Bully Data)","ListBucket",1,0,24.937,0.000,24.933
"Tenant A (Bully Data)","PutLarge",1,0,30.164,0.001,30.152
"Tenant A (Bully Data)","ListBucket",1,0,24.236,0.001,24.230
"Tenant A (Bully Data)","PutLarge",1,0,30.382,0.001,30.363
"Tenant A (Bully Data)","ListBucket",1,0,25.728,0.000,25.718
"Tenant A (Bully Data)","ListBucket",1,0,24.762,0.000,24.758
"Tenant A (Bully Data)","PutLarge",1,0,28.634,0.000,28.631
"Tenant A (Bully Data)","PutLarge",1,0,29.031,0.000,29.020
"Tenant A (Bully Data)","ListBucket",1,0,23.918,0.000,23.909
"Tenant A (Bully Data)","PutLarge",1,0,30.188,0.000,30.170
"Tenant A (Bully Data)","ListBucket",1,0,26.058,0.000,26.012
"Tenant A (Bully Data)","PutLarge",1,0,30.664,0.000,30.649
"Tenant A (Bully Data)","PutLarge",1,0,29.220,0.000,29.211
"Tenant A (Bully Data)","PutLarge",1,0,29.862,0.000,29.856
"Tenant A (Bully Data)","ListBucket",1,0,26.108,0.000,26.104
"Tenant A (Bully Data)","PutLarge",1,0,28.701,0.000,28.688
"Tenant A (Bully Data)","ListBucket",1,0,25.604,0.000,25.600
"Tenant A (Bully Data)","ListBucket",1,0,24.633,0.000,24.618
"Tenant A (Bully Data)","PutLarge",1,0,28.948,0.000,28.943
"Tenant A (Bully Data)","PutLarge",1,0,31.197,0.000,31.178
"Tenant A (Bully Data)","PutLarge",1,0,29.592,0.000,29.588
"Tenant A (Bully Data)","ListBucket",1,0,25.785,0.000,25.780
"Tenant A (Bully Data)","PutLarge",1,0,30.706,0.000,30.693
"Tenant A (Bully Data)","PutLarge",1,0,28.629,0.000,28.624
"Tenant A (Bully Data)","PutLarge",1,0,30.004,0.000,29.986
"Tenant A (Bully Data)","PutLarge",1,0,30.399,0.000,30.395
"Tenant A (Bully Data)","PutLarge",1,0,31.166,0.000,31.163
"Tenant A (Bully Data)","ListBucket",1,0,24.913,0.000,24.911
"Tenant A (Bully Data)","PutLarge",1,0,30.503,0.000,30.495
"Tenant A (Bully Data)","PutLarge",1,0,28.585,0.000,28.578
"Tenant A (Bully Data)","ListBucket",1,0,24.618,0.000,24.611
"Tenant A (Bully Data)","PutLarge",1,0,30.820,0.000,30.815
"Tenant A (Bully Data)","PutLarge",1,0,30.747,0.000,30.743
"Tenant A (Bully Data)","PutLarge",1,0,28.867,0.001,28.854
"Tenant A (Bully Data)","PutLarge",1,0,30.648,0.000,30.642
"Tenant A (Bully Data)","PutLarge",1,0,31.125,0.000,31.112
"Tenant A (Bully Data)","ListBucket",1,0,24.718,0.000,24.699
"Tenant A (Bully Data)","PutLarge",1,0,30.303,0.000,30.294
"Tenant A (Bully Data)","PutLarge",1,0,28.724,0.000,28.714
"Tenant A (Bully Data)","ListBucket",1,0,23.992,0.000,23.976
"Tenant A (Bully Data)","PutLarge",1,0,28.860,0.000,28.851
"Tenant A (Bully Data)","ListBucket",1,0,25.240,0.000,25.232
"Tenant A (Bully Data)","PutLarge",1,0,28.667,0.000,28.659
"Tenant A (Bully Data)","PutLarge",1,0,28.603,0.000,28.589
"Tenant A (Bully Data)","PutLarge",1,0,31.346,0.000,31.324
"Tenant A (Bully Data)","PutLarge",1,0,30.654,0.000,30.644
"Tenant A (Bully Data)","PutLarge",1,0,31.238,0.000,31.233
"Tenant A (Bully Data)","ListBucket",1,0,24.686,0.000,24.679
"Tenant A (Bully Data)","ListBucket",1,0,26.194,0.000,26.179
"Tenant A (Bully Data)","ListBucket",1,0,24.789,0.000,24.780
"Tenant A (Bully Data)","PutLarge",1,0,28.930,0.001,28.923
"Tenant A (Bully Data)","PutLarge",1,0,31.306,0.000,31.288
"Tenant A (Bully Data)","ListBucket",1,0,23.789,0.000,23.776
"Tenant A (Bully Data)","ListBucket",1,0,24.652,0.000,24.628
"Tenant A (Bully Data)","ListBucket",1,0,25.060,0.000,25.028
"Tenant A (Bully Data)","ListBucket",1,0,24.899,0.001,24.885
"Tenant A (Bully Data)","ListBucket",1,0,23.858,0.000,23.852
"Tenant A (Bully Data)","PutLarge",1,0,31.045,0.000,31.033
"Tenant A (Bully Data)","PutLarge",1,0,30.278,0.000,30.231
"Tenant A (Bully Data)","PutLarge",1,0,29.021,0.000,28.988
"Tenant A (Bully Data)","PutLarge",1,0,29.001,0.000,28.994
"Tenant A (Bully Data)","PutLarge",1,0,28.614,0.001,28.608
"Tenant A (Bully Data)","PutLarge",1,0,31.329,0.000,31.313
"Tenant A (Bully Data)","PutLarge",1,0,31.469,0.001,31.466
"Tenant A (Bully Data)","ListBucket",1,0,24.835,0.000,24.833
"Tenant A (Bully Data)","ListBucket",1,0,25.874,0.000,25.869
"Tenant A (Bully Data)","PutLarge",1,0,31.258,0.001,31.243
"Tenant A (Bully Data)","PutLarge",1,0,30.138,0.001,30.133
"Tenant A (Bully Data)","ListBucket",1,0,25.522,0.000,25.519
"Tenant A (Bully Data)","PutLarge",1,0,30.235,0.000,30.230
"Tenant A (Bully Data)","PutLarge",1,0,29.229,0.000,29.225
"Tenant A (Bully Data)","PutLarge",1,0,30.261,0.000,30.255
"Tenant A (Bully Data)","PutLarge",1,0,31.451,0.000,31.445
"Tenant A (Bully Data)","PutLarge",1,0,29.090,0.000,29.084
"Tenant A (Bully Data)","PutLarge",1,0,28.836,0.000,28.832
"Tenant A (Bully Data)","PutLarge",1,0,28.531,0.000,28.511
"Tenant A (Bully Data)","ListBucket",1,0,25.827,0.000,25.819
"Tenant A (Bully Data)","PutLarge",1,0,29.401,0.000,29.394
"Tenant A (Bully Data)","ListBucket",1,0,25.708,0.000,25.694
"Tenant A (Bully Data)","PutLarge",1,0,28.992,0.000,28.984
"Tenant A (Bully Data)","ListBucket",1,0,23.915,0.000,23.906
"Tenant A (Bully Data)","PutLarge",1,0,29.404,0.000,29.400
"Tenant A (Bully Data)","ListBucket",1,0,26.189,0.000,26.186
"Tenant A (Bully Data)","ListBucket",1,0,24.239,0.000,24.237
"Tenant A (Bully Data)","ListBucket",1,0,25.337,0.000,25.332
"Tenant A (Bully Data)","ListBucket",1,0,25.351,0.000,25.338
"Tenant A (Bully Data)","PutLarge",1,0,30.621,0.000,30.618
"Tenant A (Bully Data)","ListBucket",1,0,25.722,0.000,25.718
"Tenant A (Bully Data)","PutLarge",1,0,29.371,0.000,29.367
"Tenant A (Bully Data)","PutLarge",1,0,31.156,0.000,31.144
"Tenant A (Bully Data)","ListBucket",1,0,25.455,0.000,25.452
"Tenant A (Bully Data)","PutLarge",1,0,29.237,0.000,29.226
"Tenant A (Bully Data)","PutLarge",1,0,29.300,0.000,29.274
"Tenant A (Bully Data)","ListBucket",1,0,25.416,0.001,25.410
"Tenant A (Bully Data)","ListBucket",1,0,24.975,0.001,24.968
"Tenant A (Bully Data)","PutLarge",1,0,30.293,0.000,30.289
"Tenant A (Bully Data)","PutLarge",1,0,29.638,0.000,29.635
"Tenant A (Bully Data)","PutLarge",1,0,29.122,0.000,29.118
"Tenant A (Bully Data)","ListBucket",1,0,25.404,0.000,25.399
"Tenant A (Bully Data)","PutLarge",1,0,30.509,0.000,30.503
"Tenant A (Bully Data)","ListBucket",1,0,24.811,0.000,24.809
"Tenant A (Bully Data)","PutLarge",1,0,30.053,0.000,30.048
"Tenant A (Bully Data)","PutLarge",1,0,30.559,0.000,30.549
"Tenant A (Bully Data)","PutLarge",1,0,29.078,0.000,29.072
"Tenant A (Bully Data)","PutLarge",1,0,29.170,0.000,29.156
"Tenant A (Bully Data)","PutLarge",1,0,30.167,0.000,30.153
"Tenant A (Bully Data)","PutLarge",1,0,28.814,0.000,28.809
"Tenant A (Bully Data)","PutLarge",1,0,28.865,0.000,28.856
"Tenant A (Bully Data)","PutLarge",1,0,28.546,0.000,28.542
"Tenant A (Bully Data)","PutLarge",1,0,28.569,0.000,28.565
"Tenant A (Bully Data)","PutLarge",1,0,29.046,0.000,29.040
"Tenant A (Bully Data)","PutLarge",1,0,30.924,0.000,30.909
"Tenant A (Bully Data)","PutLarge",1,0,31.363,0.000,31.361
"Tenant A (Bully Data)","PutLarge",1,0,29.681,0.000,29.674
"Tenant A (Bully Data)","PutLarge",1,0,31.232,0.000,31.227
"Tenant A (Bully Data)","PutLarge",1,0,29.452,0.000,29.448
"Tenant A (Bully Data)","PutLarge",1,0,30.302,0.000,30.276
"Tenant A (Bully Data)","PutLarge",1,0,29.011,0.000,29.002
"Tenant A (Bully Data)","ListBucket",1,0,26.003,0.000,25.999
"Tenant A (Bully Data)","ListBucket",1,0,24.128,0.000,24.125
"Tenant A (Bully Data)","ListBucket",1,0,25.651,0.000,25.646
"Tenant A (Bully Data)","PutLarge",1,0,30.303,0.000,30.297
"Tenant A (Bully Data)","ListBucket",1,0,24.516,0.000,24.502
"Tenant A (Bully Data)","PutLarge",1,0,30.671,0.000,30.667
"Tenant A (Bully Data)","ListBucket",1,0,24.580,0.000,24.576
"Tenant A (Bully Data)","ListBucket",1,0,24.628,0.000,24.615
"Tenant A (Bully Data)","ListBucket",1,0,25.300,0.000,25.287
"Tenant A (Bully Data)","PutLarge",1,0,31.487,0.000,31.474
"Tenant A (Bully Data)","ListBucket",1,0,24.339,0.000,24.335
"Tenant A (Bully Data)","PutLarge",1,0,28.743,0.000,28.741
"Tenant A (Bully Data)","PutLarge",1,0,30.940,0.000,30.927
"Tenant A (Bully Data)","ListBucket",1,0,25.969,0.000,25.967
"Tenant A (Bully Data)","PutLarge",1,0,29.808,0.000,29.805
"Tenant A (Bully Data)","PutLarge",1,0,31.217,0.000,31.206
"Tenant A (Bully Data)","ListBucket",1,0,24.983,0.000,24.970
"Tenant A (Bully Data)","PutLarge",1,0,28.575,0.000,28.563
"Tenant A (Bully Data)","PutLarge",1,0,30.129,0.000,30.125
"Tenant A (Bully Data)","PutLarge",1,0,28.757,0.000,28.752
"Tenant A (Bully Data)","ListBucket",1,0,23.933,0.000,23.932
"Tenant A (Bully Data)","ListBucket",1,0,23.916,0.000,23.905
"Tenant A (Bully Data)","PutLarge",1,0,29.437,0.000,29.406
"Tenant A (Bully Data)","ListBucket",1,0,24.487,0.000,24.479
"Tenant A (Bully Data)","ListBucket",1,0,26.059,0.000,26.051
"Tenant A (Bully Data)","PutLarge",1,0,31.504,0.000,31.493
"Tenant A (Bully Data)","PutLarge",1,0,31.301,0.000,31.294
"Tenant A (Bully Data)","ListBucket",1,0,24.968,0.000,24.964
"Tenant A (Bully Data)","PutLarge",1,0,29.378,0.002,29.372
"Tenant A (Bully Data)","PutLarge",1,0,29.967,0.001,29.963
"Tenant A (Bully Data)","PutLarge",1,0,29.047,0.000,29.035
"Tenant A (Bully Data)","ListBucket",1,0,23.812,0.000,23.795
"Tenant A (Bully Data)","ListBucket",1,0,26.059,0.000,26.047
"Tenant A (Bully Data)","PutLarge",1,0,28.971,0.000,28.964
"Tenant A (Bully Data)","PutLarge",1,0,30.181,0.000,30.169
"Tenant A (Bully Data)","PutLarge",1,0,29.137,0.000,29.135
"Tenant A (Bully Data)","ListBucket",1,0,24.195,0.000,24.187
"Tenant A (Bully Data)","PutLarge",1,0,28.864,0.000,28.859
"Tenant A (Bully Data)","ListBucket",1,0,25.090,0.000,25.073
"Tenant A (Bully Data)","PutLarge",1,0,29.000,0.000,28.988
"Tenant A (Bully Data)","PutLarge",1,0,29.949,0.000,29.940
"Tenant A (Bully Data)","PutLarge",1,0,29.124,0.000,29.120
"Tenant A (Bully Data)","ListBucket",1,0,25.168,0.000,25.165
"Tenant A (Bully Data)","ListBucket",1,0,24.766,0.000,24.747
"Tenant A (Bully Data)","PutLarge",1,0,31.190,0.000,31.180
"Tenant A (Bully Data)","PutLarge",1,0,30.681,0.000,30.677
"Tenant A (Bully Data)","ListBucket",1,0,25.570,0.000,25.556
"Tenant A (Bully Data)","ListBucket",1,0,26.253,0.000,26.238
"Tenant A (Bully Data)","PutLarge",1,0,31.080,0.000,31.050
"Tenant A (Bully Data)","PutLarge",1,0,30.160,0.000,30.158
"Tenant A (Bully Data)","ListBucket",1,0,25.788,0.000,25.776
"Tenant A (Bully Data)","ListBucket",1,0,24.864,0.000,24.858
"Tenant A (Bully Data)","PutLarge",1,0,30.900,0.000,30.888
"Tenant A (Bully Data)","ListBucket",1,0,23.791,0.000,23.780
"Tenant A (Bully Data)","PutLarge",1,0,31.206,0.001,31.200
"Tenant A (Bully Data)","PutLarge",1,0,29.628,0.000,29.621
"Tenant A (Bully Data)","PutLarge",1,0,30.385,0.000,30.381
"Tenant A (Bully Data)","PutLarge",1,0,28.830,0.000,28.814
"Tenant A (Bully Data)","ListBucket",1,0,24.229,0.000,24.223
"Tenant A (Bully Data)","ListBucket",1,0,24.225,0.000,24.221
"Tenant A (Bully Data)","PutLarge",1,0,30.865,0.000,30.807
"Tenant A (Bully Data)","PutLarge",1,0,28.885,0.000,28.863
"Tenant A (Bully Data)","PutLarge",1,0,28.552,0.000,28.545
"Tenant A (Bully Data)","ListBucket",1,0,25.282,0.000,25.277
"Tenant A (Bully Data)","PutLarge",1,0,31.245,0.000,31.231
"Tenant A (Bully Data)","PutLarge",1,0,31.501,0.000,31.495
"Tenant A (Bully Data)","PutLarge",1,0,30.415,0.000,30.407
"Tenant A (Bully Data)","PutLarge",1,0,31.335,0.000,31.332
"Tenant A (Bully Data)","PutLarge",1,0,30.593,0.000,30.590
"Tenant A (Bully Data)","ListBucket",1,0,25.508,0.002,25.490
"Tenant A (Bully Data)","PutLarge",1,0,30.108,0.001,30.095
"Tenant A (Bully Data)","PutLarge",1,0,30.748,0.000,30.731
"Tenant A (Bully Data)","PutLarge",1,0,30.419,0.000,30.417
"Tenant A (Bully Data)","PutLarge",1,0,28.851,0.000,28.836
"Tenant A (Bully Data)","PutLarge",1,0,31.133,0.000,31.131
"Tenant A (Bully Data)","ListBucket",1,0,23.816,0.000,23.802
"Tenant A (Bully Data)","PutLarge",1,0,30.405,0.000,30.399
"Tenant A (Bully Data)","PutLarge",1,0,30.403,0.000,30.397
"Tenant A (Bully Data)","ListBucket",1,0,25.477,0.000,25.464
"Tenant A (Bully Data)","PutLarge",1,0,29.484,0.000,29.477
"Tenant A (Bully Data)","ListBucket",1,0,23.788,0.000,23.783
"Tenant A (Bully Data)","PutLarge",1,0,31.174,0.000,31.160
"Tenant A (Bully Data)","ListBucket",1,0,25.979,0.000,25.977
"Tenant A (Bully Data)","PutLarge",1,0,30.687,0.000,30.660
"Tenant A (Bully Data)","PutLarge",1,0,30.573,0.000,30.513
"Tenant A (Bully Data)","PutLarge",1,0,29.722,0.000,29.713
"Tenant A (Bully Data)","PutLarge",1,0,31.251,0.000,31.212
"Tenant A (Bully Data)","PutLarge",1,0,28.851,0.000,28.846
"Tenant A (Bully Data)","ListBucket",1,0,25.519,0.001,25.513
"Tenant A (Bully Data)","PutLarge",1,0,30.110,0.000,30.105
"Tenant A (Bully Data)","ListBucket",1,0,25.304,0.000,25.293
"Tenant A (Bully Data)","PutLarge",1,0,29.282,0.000,29.252
"Tenant A (Bully Data)","ListBucket",1,0,23.995,0.000,23.991
"Tenant A (Bully Data)","PutLarge",1,0,29.403,0.000,29.397
"Tenant A (Bully Data)","PutLarge",1,0,31.521,0.000,31.499
"Tenant A (Bully Data)","ListBucket",1,0,24.804,0.001,24.795
"Tenant A (Bully Data)","PutLarge",1,0,29.857,0.000,29.853
"Tenant A (Bully Data)","PutLarge",1,0,30.228,0.000,30.224
"Tenant A (Bully Data)","PutLarge",1,0,30.522,0.000,30.518
"Tenant A (Bully Data)","ListBucket",1,0,25.601,0.000,25.598
"Tenant A (Bully Data)","PutLarge",1,0,31.169,0.000,31.166
"Tenant A (Bully Data)","PutLarge",1,0,31.042,0.000,31.038
"Tenant A (Bully Data)","PutLarge",1,0,28.985,0.000,28.980
"Tenant A (Bully Data)","PutLarge",1,0,29.063,0.000,29.040
"Tenant A (Bully Data)","ListBucket",1,0,24.790,0.000,24.774
"Tenant A (Bully Data)","PutLarge",1,0,29.532,0.000,29.525
"Tenant A (Bully Data)","PutLarge",1,0,30.039,0.000,30.036
"Tenant A (Bully Data)","ListBucket",1,0,25.799,0.000,25.794
"Tenant A (Bully Data)","PutLarge",1,0,31.075,0.000,31.071
"Tenant A (Bully Data)","ListBucket",1,0,24.189,0.000,24.173
"Tenant A (Bully Data)","ListBucket",1,0,26.236,0.000,26.222
"Tenant A (Bully Data)","PutLarge",1,0,29.565,0.000,29.558
"Tenant A (Bully Data)","ListBucket",1,0,24.038,0.000,24.031
"Tenant A (Bully Data)","PutLarge",1,0,28.901,0.000,28.888
"Tenant A (Bully Data)","PutLarge",1,0,29.791,0.000,29.788
"Tenant A (Bully Data)","PutLarge",1,0,28.950,0.000,28.945
"Tenant A (Bully Data)","ListBucket",1,0,24.834,0.000,24.832
"Tenant A (Bully Data)","PutLarge",1,0,29.108,0.000,29.092
"Tenant A (Bully Data)","ListBucket",1,0,24.749,0.000,24.739
"Tenant A (Bully Data)","ListBucket",1,0,25.438,0.000,25.433
"Tenant A (Bully Data)","ListBucket",1,0,26.021,0.000,26.002
"Tenant A (Bully Data)","PutLarge",1,0,28.842,0.000,28.801
"Tenant A (Bully Data)","PutLarge",1,0,28.943,0.000,28.937
"Tenant A (Bully Data)","PutLarge",1,0,29.140,0.000,29.136
"Tenant A (Bully Data)","ListBucket",1,0,25.570,0.000,25.564
"Tenant A (Bully Data)","PutLarge",1,0,31.231,0.000,31.227
"Tenant A (Bully Data)","ListBucket",1,0,25.563,0.000,25.558
"Tenant A (Bully Data)","PutLarge",1,0,29.623,0.000,29.612
"Tenant A (Bully Data)","ListBucket",1,0,24.212,0.000,24.208
"Tenant A (Bully Data)","ListBucket",1,0,24.360,0.000,24.357
"Tenant A (Bully Data)","ListBucket",1,0,24.658,0.000,24.652
"Tenant A (Bully Data)","PutLarge",1,0,30.972,0.000,30.959
"Tenant A (Bully Data)","ListBucket",1,0,24.292,0.000,24.288
"Tenant A (Bully Data)","ListBucket",1,0,25.524,0.000,25.518
"Tenant A (Bully Data)","PutLarge",1,0,29.810,0.000,29.802
"Tenant A (Bully Data)","PutLarge",1,0,31.362,0.000,31.338
"Tenant A (Bully Data)","ListBucket",1,0,26.230,0.000,26.225
"Tenant A (Bully Data)","PutLarge",1,0,28.772,0.000,28.755
"Tenant A (Bully Data)","ListBucket",1,0,23.839,0.000,23.825
"Tenant A (Bully Data)","PutLarge",1,0,29.104,0.000,29.094
"Tenant A (Bully Data)","PutLarge",1,0,30.522,0.000,30.510
"Tenant A (Bully Data)","ListBucket",1,0,25.975,0.000,25.955
"Tenant A (Bully Data)","ListBucket",1,0,24.789,0.000,24.757
"Tenant A (Bully Data)","ListBucket",1,0,25.220,0.000,25.209
"Tenant A (Bully Data)","PutLarge",1,0,30.293,0.000,30.284
"Tenant A (Bully Data)","PutLarge",1,0,29.243,0.000,29.234
"Tenant A (Bully Data)","ListBucket",1,0,26.090,0.000,26.087
"Tenant A (Bully Data)","PutLarge",1,0,29.786,0.000,29.781
"Tenant A (Bully Data)","ListBucket",1,0,24.144,0.000,24.133
"Tenant A (Bully Data)","ListBucket",1,0,24.974,0.000,24.950
"Tenant A (Bully Data)","PutLarge",1,0,29.325,0.000,29.304
"Tenant A (Bully Data)","ListBucket",1,0,24.935,0.000,24.924
"Tenant A (Bully Data)","ListBucket",1,0,25.062,0.000,25.056
"Tenant A (Bully Data)","PutLarge",1,0,29.794,0.000,29.791
"Tenant A (Bully Data)","ListBucket",1,0,25.418,0.000,25.405
"Tenant A (Bully Data)","ListBucket",1,0,24.014,0.000,24.000
"Tenant A (Bully Data)","PutLarge",1,0,29.883,0.000,29.879
"Tenant A (Bully Data)","ListBucket",1,0,25.116,0.000,25.113
"Tenant A (Bully Data)","ListBucket",1,0,24.143,0.000,24.124
"Tenant A (Bully Data)","ListBucket",1,0,26.142,0.000,26.136
"Tenant A (Bully Data)","PutLarge",1,0,29.303,0.000,29.293
"Tenant A (Bully Data)","ListBucket",1,0,25.467,0.000,25.461
"Tenant A (Bully Data)","PutLarge",1,0,30.145,0.000,30.141
"Tenant A (Bully Data)","PutLarge",1,0,29.187,0.000,29.178
"Tenant A (Bully Data)","PutLarge",1,0,30.681,0.000,30.671
"Tenant A (Bully Data)","PutLarge",1,0,30.637,0.000,30.623
"Tenant A (Bully Data)","PutLarge",1,0,30.655,0.000,30.643
"Tenant A (Bully Data)","PutLarge",1,0,28.970,0.000,28.964
"Tenant A (Bully Data)","ListBucket",1,0,25.214,0.000,25.204
"Tenant A (Bully Data)","PutLarge",1,0,29.190,0.000,29.181
"Tenant A (Bully Data)","PutLarge",1,0,29.717,0.000,29.709
"Tenant A (Bully Data)","PutLarge",1,0,30.729,0.000,30.720
"Tenant A (Bully Data)","PutLarge",1,0,30.171,0.000,30.161
"Tenant A (Bully Data)","ListBucket",1,0,25.379,0.000,25.370
"Tenant A (Bully Data)","PutLarge",1,0,29.406,0.000,29.392
"Tenant A (Bully Data)","PutLarge",1,0,30.647,0.000,30.633
"Tenant A (Bully Data)","PutLarge",1,0,30.969,0.000,30.927
"Tenant A (Bully Data)","PutLarge",1,0,29.219,0.000,29.208
"Tenant A (Bully Data)","PutLarge",1,0,30.698,0.000,30.693
"Tenant A (Bully Data)","PutLarge",1,0,30.602,0.000,30.599
"Tenant A (Bully Data)","PutLarge",1,0,30.654,0.001,30.647
"Tenant A (Bully Data)","PutLarge",1,0,28.795,0.000,28.792
"Tenant A (Bully Data)","PutLarge",1,0,30.050,0.000,30.044
"Tenant A (Bully Data)","PutLarge",1,0,30.821,0.000,30.818
"Tenant A (Bully Data)","ListBucket",1,0,25.860,0.000,25.843
"Tenant A (Bully Data)","PutLarge",1,0,31.439,0.000,31.428
"Tenant A (Bully Data)","PutLarge",1,0,30.020,0.000,30.014
"Tenant A (Bully Data)","ListBucket",1,0,25.609,0.000,25.589
"Tenant A (Bully Data)","ListBucket",1,0,26.130,0.000,26.126
"Tenant A (Bully Data)","PutLarge",1,0,31.054,0.000,31.050
"Tenant A (Bully Data)","PutLarge",1,0,28.756,0.000,28.747
"Tenant A (Bully Data)","ListBucket",1,0,24.367,0.000,24.359
"Tenant A (Bully Data)","PutLarge",1,0,29.716,0.000,29.706
"Tenant A (Bully Data)","PutLarge",1,0,28.685,0.000,28.677
"Tenant A (Bully Data)","PutLarge",1,0,29.267,0.000,29.263
"Tenant A (Bully Data)","PutLarge",1,0,29.106,0.001,29.094
"Tenant A (Bully Data)","PutLarge",1,0,30.940,0.000,30.915
"Tenant A (Bully Data)","PutLarge",1,0,30.478,0.000,30.469
"Tenant A (Bully Data)","PutLarge",1,0,29.458,0.000,29.431
"Tenant A (Bully Data)","PutLarge",1,0,28.857,0.000,28.848
"Tenant A (Bully Data)","ListBucket",1,0,25.683,0.000,25.679
"Tenant A (Bully Data)","PutLarge",1,0,29.137,0.000,29.130
"Tenant A (Bully Data)","PutLarge",1,0,29.931,0.000,29.925
"Tenant A (Bully Data)","PutLarge",1,0,31.085,0.000,31.078
"Tenant A (Bully Data)","ListBucket",1,0,26.019,0.000,26.009
"Tenant A (Bully Data)","ListBucket",1,0,26.183,0.000,26.173
"Tenant A (Bully Data)","PutLarge",1,0,30.283,0.000,30.275
"Tenant A (Bully Data)","PutLarge",1,0,30.767,0.001,30.758
"Tenant A (Bully Data)","PutLarge",1,0,31.354,0.000,31.351
"Tenant A (Bully Data)","ListBucket",1,0,23.894,0.000,23.885
"Tenant A (Bully Data)","PutLarge",1,0,30.945,0.000,30.936
"Tenant A (Bully Data)","PutLarge",1,0,28.582,0.000,28.565
"Tenant A (Bully Data)","PutLarge",1,0,29.002,0.000,28.991
"Tenant A (Bully Data)","ListBucket",1,0,24.932,0.000,24.920
"Tenant A (Bully Data)","ListBucket",1,0,24.740,0.000,24.732
"Tenant A (Bully Data)","PutLarge",1,0,31.067,0.001,31.059
"Tenant A (Bully Data)","PutLarge",1,0,29.645,0.000,29.640
"Tenant A (Bully Data)","PutLarge",1,0,28.513,0.000,28.501
"Tenant A (Bully Data)","PutLarge",1,0,31.356,0.000,31.335
"Tenant A (Bully Data)","PutLarge",1,0,30.559,0.000,30.553
"Tenant A (Bully Data)","PutLarge",1,0,28.566,0.000,28.554
"Tenant A (Bully Data)","ListBucket",1,0,24.432,0.000,24.427
"Tenant A (Bully Data)","PutLarge",1,0,29.694,0.000,29.688
"Tenant A (Bully Data)","PutLarge",1,0,28.998,0.000,28.984
"Tenant A (Bully Data)","PutLarge",1,0,31.432,0.000,31.427
"Tenant A (Bully Data)","ListBucket",1,0,24.383,0.000,24.376
"Tenant A (Bully Data)","PutLarge",1,0,28.875,0.000,28.859
"Tenant A (Bully Data)","PutLarge",1,0,28.986,0.000,28.979
"Tenant A (Bully Data)","PutLarge",1,0,29.325,0.000,29.322
"Tenant A (Bully Data)","ListBucket",1,0,24.424,0.000,24.410
"Tenant A (Bully Data)","PutLarge",1,0,30.745,0.000,30.740
"Tenant A (Bully Data)","PutLarge",1,0,29.347,0.000,29.344
"Tenant A (Bully Data)","PutLarge",1,0,29.129,0.000,29.126
"Tenant A (Bully Data)","ListBucket",1,0,25.478,0.000,25.475
"Tenant A (Bully Data)","PutLarge",1,0,30.330,0.000,30.321
"Tenant A (Bully Data)","PutLarge",1,0,30.352,0.000,30.346
"Tenant A (Bully Data)","PutLarge",1,0,28.975,0.000,28.971
"Tenant A (Bully Data)","ListBucket",1,0,25.584,0.000,25.570
"Tenant A (Bully Data)","PutLarge",1,0,31.219,0.000,31.209
"Tenant A (Bully Data)","PutLarge",1,0,30.674,0.000,30.660
"Tenant A (Bully Data)","PutLarge",1,0,30.794,0.000,30.792
"Tenant A (Bully Data)","PutLarge",1,0,28.612,0.000,28.607
"Tenant A (Bully Data)","PutLarge",1,0,29.510,0.000,29.495
"Tenant A (Bully Data)","PutLarge",1,0,30.858,0.000,30.849
"Tenant A (Bully Data)","ListBucket",1,0,25.018,0.000,25.008
"Tenant A (Bully Data)","PutLarge",1,0,31.342,0.000,31.336
"Tenant A (Bully Data)","ListBucket",1,0,25.267,0.000,25.264
"Tenant A (Bully Data)","PutLarge",1,0,29.236,0.000,29.231
"Tenant A (Bully Data)","ListBucket",1,0,26.081,0.000,26.073
"Tenant A (Bully Data)","PutLarge",1,0,29.819,0.000,29.807
"Tenant A (Bully Data)","PutLarge",1,0,30.915,0.000,30.908
"Tenant A (Bully Data)","PutLarge",1,0,31.490,0.000,31.486
"Tenant A (Bully Data)","ListBucket",1,0,23.843,0.000,23.835
"Tenant A (Bully Data)","PutLarge",1,0,28.975,0.000,28.964
"Tenant A (Bully Data)","ListBucket",1,0,24.483,0.000,24.469
"Tenant A (Bully Data)","PutLarge",1,0,29.513,0.000,29.500
"Tenant A (Bully Data)","ListBucket",1,0,26.079,0.000,26.070
"Tenant A (Bully Data)","PutLarge",1,0,30.832,0.000,30.824
"Tenant A (Bully Data)","ListBucket",1,0,24.859,0.000,24.854
"Tenant A (Bully Data)","PutLarge",1,0,31.210,0.000,31.208
"Tenant A (Bully Data)","PutLarge",1,0,29.077,0.000,29.076
"Tenant A (Bully Data)","PutLarge",1,0,30.162,0.000,30.141
"Tenant A (Bully Data)","ListBucket",1,0,25.079,0.000,25.076
"Tenant A (Bully Data)","PutLarge",1,0,30.334,0.000,30.332
"Tenant A (Bully Data)","PutLarge",1,0,29.158,0.000,29.154
"Tenant A (Bully Data)","ListBucket",1,0,26.131,0.000,26.128
"Tenant A (Bully Data)","PutLarge",1,0,30.141,0.000,30.140
"Tenant A (Bully Data)","PutLarge",1,0,29.470,0.000,29.467
"Tenant A (Bully Data)","PutLarge",1,0,31.461,0.000,31.459
"Tenant A (Bully Data)","PutLarge",1,0,29.857,0.000,29.852
"Tenant A (Bully Data)","PutLarge",1,0,29.786,0.000,29.771
"Tenant A (Bully Data)","PutLarge",1,0,30.640,0.000,30.626
"Tenant A (Bully Data)","ListBucket",1,0,25.881,0.000,25.868
"Tenant A (Bully Data)","PutLarge",1,0,28.979,0.000,28.965
"Tenant A (Bully Data)","PutLarge",1,0,29.030,0.000,29.018
"Tenant A (Bully Data)","PutLarge",1,0,29.962,0.000,29.956
"Tenant A (Bully Data)","PutLarge",1,0,29.496,0.000,29.492
"Tenant A (Bully Data)","PutLarge",1,0,31.402,0.000,31.387
"Tenant A (Bully Data)","ListBucket",1,0,25.996,0.000,25.982
"Tenant A (Bully Data)","ListBucket",1,0,26.008,0.001,25.975
"Tenant A (Bully Data)","PutLarge",1,0,29.171,0.000,29.160
"Tenant A (Bully Data)","PutLarge",1,0,30.040,0.000,30.038
"Tenant A (Bully Data)","PutLarge",1,0,28.609,0.000,28.606
"Tenant A (Bully Data)","PutLarge",1,0,29.286,0.000,29.283
"Tenant A (Bully Data)","PutLarge",1,0,30.402,0.000,30.399
"Tenant A (Bully Data)","PutLarge",1,0,30.886,0.001,30.881
"Tenant A (Bully Data)","PutLarge",1,0,30.919,0.000,30.896
"Tenant A (Bully Data)","PutLarge",1,0,31.027,0.000,31.012
"Tenant A (Bully Data)","ListBucket",1,0,24.371,0.000,24.364
"Tenant A (Bully Data)","PutLarge",1,0,29.589,0.000,29.584
"Tenant A (Bully Data)","PutLarge",1,0,29.881,0.000,29.879
"Tenant A (Bully Data)","PutLarge",1,0,28.796,0.000,28.793
"Tenant A (Bully Data)","PutLarge",1,0,29.189,0.000,29.185
"Tenant A (Bully Data)","ListBucket",1,0,24.436,0.000,24.430
"Tenant A (Bully Data)","PutLarge",1,0,31.488,0.000,31.483
"Tenant A (Bully Data)","PutLarge",1,0,31.227,0.000,31.225
"Tenant A (Bully Data)","PutLarge",1,0,29.672,0.000,29.668
"Tenant A (Bully Data)","PutLarge",1,0,29.323,0.000,29.301
"Tenant A (Bully Data)","PutLarge",1,0,28.616,0.000,28.613
"Tenant A (Bully Data)","ListBucket",1,0,24.456,0.000,24.453
"Tenant A (Bully Data)","PutLarge",1,0,31.334,0.000,31.332
"Tenant A (Bully Data)","ListBucket",1,0,24.356,0.000,24.349
"Tenant A (Bully Data)","PutLarge",1,0,29.375,0.000,29.371
"Tenant A (Bully Data)","ListBucket",1,0,25.857,0.000,25.854
"Tenant A (Bully Data)","PutLarge",1,0,30.104,0.000,30.092
"Tenant A (Bully Data)","PutLarge",1,0,31.285,0.000,31.277
"Tenant A (Bully Data)","PutLarge",1,0,30.644,0.000,30.636
"Tenant A (Bully Data)","PutLarge",1,0,31.476,0.000,31.463
"Tenant A (Bully Data)","PutLarge",1,0,30.961,0.000,30.934
"Tenant A (Bully Data)","ListBucket",1,0,25.662,0.000,25.643
"Tenant A (Bully Data)","ListBucket",1,0,24.741,0.000,24.739
"Tenant A (Bully Data)","PutLarge",1,0,28.573,0.000,28.568
"Tenant A (Bully Data)","PutLarge",1,0,30.291,0.000,30.284
"Tenant A (Bully Data)","ListBucket",1,0,24.747,0.000,24.730
"Tenant A (Bully Data)","PutLarge",1,0,29.514,0.000,29.503
"Tenant A (Bully Data)","ListBucket",1,0,26.164,0.000,26.157
"Tenant A (Bully Data)","PutLarge",1,0,30.967,0.000,30.963
"Tenant A (Bully Data)","ListBucket",1,0,24.574,0.000,24.560
"Tenant A (Bully Data)","ListBucket",1,0,24.287,0.000,24.284
"Tenant A (Bully Data)","PutLarge",1,0,30.284,0.000,30.269
"Tenant A (Bully Data)","PutLarge",1,0,30.421,0.000,30.419
"Tenant A (Bully Data)","PutLarge",1,0,31.331,0.000,31.317
"Tenant A (Bully Data)","PutLarge",1,0,31.283,0.000,31.267
"Tenant A (Bully Data)","PutLarge",1,0,29.465,0.000,29.463
"Tenant A (Bully Data)","PutLarge",1,0,29.111,0.000,29.105
"Tenant A (Bully Data)","PutLarge",1,0,31.142,0.000,31.135
"Tenant A (Bully Data)","PutLarge",1,0,31.269,0.000,31.257
"Tenant A (Bully Data)","ListBucket",1,0,23.754,0.000,23.752
"Tenant A (Bully Data)","ListBucket",1,0,24.694,0.000,24.691
"Tenant A (Bully Data)","PutLarge",1,0,28.875,0.000,28.873
"Tenant A (Bully Data)","PutLarge",1,0,29.612,0.001,29.608
"Tenant A (Bully Data)","ListBucket",1,0,25.982,0.000,25.974
"Tenant A (Bully Data)","ListBucket",1,0,23.887,0.000,23.885
"Tenant A (Bully Data)","PutLarge",1,0,28.667,0.000,28.664
"Tenant A (Bully Data)","ListBucket",1,0,26.186,0.000,26.160
"Tenant A (Bully Data)","PutLarge",1,0,30.085,0.000,30.045
"Tenant A (Bully Data)","PutLarge",1,0,29.852,0.000,29.839
"Tenant A (Bully Data)","PutLarge",1,0,30.112,0.000,30.104
"Tenant A (Bully Data)","PutLarge",1,0,29.680,0.000,29.679
"Tenant A (Bully Data)","PutLarge",1,0,30.621,0.000,30.619
"Tenant A (Bully Data)","PutLarge",1,0,29.006,0.000,28.960
"Tenant A (Bully Data)","PutLarge",1,0,30.881,0.000,30.843
"Tenant A (Bully Data)","PutLarge",1,0,29.860,0.001,29.854
"Tenant A (Bully Data)","PutLarge",1,0,30.279,0.000,30.229
"Tenant A (Bully Data)","ListBucket",1,0,25.068,0.000,25.066
"Tenant A (Bully Data)","PutLarge",1,0,30.151,0.000,30.149
"Tenant A (Bully Data)","PutLarge",1,0,30.590,0.000,30.581
"Tenant A (Bully Data)","PutLarge",1,0,28.733,0.000,28.730
"Tenant A (Bully Data)","PutLarge",1,0,30.983,0.000,30.976
"Tenant A (Bully Data)","ListBucket",1,0,25.446,0.000,25.413
"Tenant A (Bully Data)","ListBucket",1,0,25.690,0.000,25.671
"Tenant A (Bully Data)","PutLarge",1,0,28.976,0.000,28.971
"Tenant A (Bully Data)","PutLarge",1,0,31.069,0.000,31.064
"Tenant A (Bully Data)","ListBucket",1,0,25.251,0.000,25.237
"Tenant A (Bully Data)","PutLarge",1,0,30.510,0.000,30.507
"Tenant A (Bully Data)","PutLarge",1,0,31.426,0.000,31.421
"Tenant A (Bully Data)","PutLarge",1,0,30.296,0.000,30.260
"Tenant A (Bully Data)","PutLarge",1,0,30.831,0.000,30.798
"Tenant A (Bully Data)","PutLarge",1,0,30.831,0.000,30.801
"Tenant A (Bully Data)","PutLarge",1,0,31.506,0.000,31.476
"Tenant A (Bully Data)","PutLarge",1,0,30.899,0.000,30.879
"Tenant A (Bully Data)","ListBucket",1,0,25.636,0.000,25.633
"Tenant A (Bully Data)","PutLarge",1,0,29.958,0.000,29.956
"Tenant A (Bully Data)","PutLarge",1,0,30.878,0.000,30.876
"Tenant A (Bully Data)","PutLarge",1,0,30.937,0.000,30.923
"Tenant A (Bully Data)","PutLarge",1,0,30.869,0.000,30.867
"Tenant A (Bully Data)","PutLarge",1,0,30.389,0.000,30.387
"Tenant A (Bully Data)","ListBucket",1,0,25.564,0.000,25.563
"Tenant A (Bully Data)","PutLarge",1,0,30.221,0.001,30.218
"Tenant A (Bully Data)","ListBucket",1,0,25.376,0.000,25.372
"Tenant A (Bully Data)","PutLarge",1,0,29.070,0.000,29.064
"Tenant A (Bully Data)","ListBucket",1,0,24.811,0.000,24.807
"Tenant A (Bully Data)","PutLarge",1,0,28.938,0.000,28.933
"Tenant A (Bully Data)","PutLarge",1,0,28.760,0.000,28.756
"Tenant A (Bully Data)","ListBucket",1,0,26.168,0.000,26.166
"Tenant A (Bully Data)","ListBucket",1,0,26.134,0.000,26.131
"Tenant A (Bully Data)","ListBucket",1,0,25.221,0.000,25.218
"Tenant A (Bully Data)","PutLarge",1,0,31.168,0.000,31.164
"Tenant A (Bully Data)","PutLarge",1,0,30.088,0.000,30.085
"Tenant A (Bully Data)","ListBucket",1,0,24.072,0.000,24.070
"Tenant A (Bully Data)","PutLarge",1,0,31.223,0.000,31.199
"Tenant A (Bully Data)","ListBucket",1,0,24.909,0.000,24.895
"Tenant A (Bully Data)","PutLarge",1,0,28.859,0.000,28.839
"Tenant A (Bully Data)","PutLarge",1,0,29.128,0.001,29.123
"Tenant A (Bully Data)","ListBucket",1,0,25.350,0.000,25.337
"Tenant A (Bully Data)","ListBucket",1,0,24.145,0.000,24.143
"Tenant A (Bully Data)","PutLarge",1,0,31.284,0.000,31.278
"Tenant A (Bully Data)","PutLarge",1,0,29.043,0.000,29.039
"Tenant A (Bully Data)","PutLarge",1,0,29.649,0.000,29.641
"Tenant A (Bully Data)","PutLarge",1,0,31.160,0.000,31.115
"Tenant A (Bully Data)","PutLarge",1,0,29.042,0.000,29.008
"Tenant A (Bully Data)","PutLarge",1,0,30.150,0.000,30.144
"Tenant A (Bully Data)","ListBucket",1,0,24.229,0.000,24.224
"Tenant A (Bully Data)","ListBucket",1,0,25.939,0.000,25.937
"Tenant A (Bully Data)","ListBucket",1,0,23.891,0.001,23.884
"Tenant A (Bully Data)","ListBucket",1,0,23.866,0.000,23.860
"Tenant A (Bully Data)","PutLarge",1,0,29.727,0.000,29.714
"Tenant A (Bully Data)","PutLarge",1,0,29.480,0.000,29.477
"Tenant A (Bully Data)","PutLarge",1,0,31.364,0.000,31.356
"Tenant A (Bully Data)","PutLarge",1,0,28.515,0.000,28.512
"Tenant A (Bully Data)","PutLarge",1,0,31.000,0.000,30.995
"Tenant A (Bully Data)","PutLarge",1,0,30.615,0.000,30.613
"Tenant A (Bully Data)","PutLarge",1,0,31.152,0.000,31.141
"Tenant A (Bully Data)","PutLarge",1,0,29.216,0.000,29.211
"Tenant A (Bully Data)","ListBucket",1,0,25.108,0.000,25.102
"Tenant A (Bully Data)","PutLarge",1,0,30.456,0.000,30.451
"Tenant A (Bully Data)","PutLarge",1,0,29.634,0.000,29.629
"Tenant A (Bully Data)","ListBucket",1,0,24.983,0.000,24.978
"Tenant A (Bully Data)","ListBucket",1,0,24.811,0.000,24.807
"Tenant A (Bully Data)","PutLarge",1,0,29.790,0.000,29.784
"Tenant A (Bully Data)","PutLarge",1,0,29.626,0.000,29.613
"Tenant A (Bully Data)","PutLarge",1,0,29.411,0.000,29.382
"Tenant A (Bully Data)","PutLarge",1,0,30.251,0.000,30.222
"Tenant A (Bully Data)","ListBucket",1,0,24.937,0.000,24.909
"Tenant A (Bully Data)","ListBucket",1,0,23.822,0.000,23.776
"Tenant A (Bully Data)","PutLarge",1,0,28.856,0.001,28.825
"Tenant A (Bully Data)","PutLarge",1,0,30.736,0.000,30.731
"Tenant A (Bully Data)","PutLarge",1,0,29.018,0.000,29.013
"Tenant A (Bully Data)","ListBucket",1,0,24.036,0.001,24.030
"Tenant A (Bully Data)","ListBucket",1,0,24.399,0.000,24.397
"Tenant A (Bully Data)","ListBucket",1,0,25.818,0.000,25.813
"Tenant A (Bully Data)","PutLarge",1,0,30.379,0.000,30.375
"Tenant A (Bully Data)","PutLarge",1,0,31.325,0.000,31.323
"Tenant A (Bully Data)","PutLarge",1,0,29.317,0.000,29.315
"Tenant A (Bully Data)","ListBucket",1,0,24.486,0.000,24.482
"Tenant A (Bully Data)","PutLarge",1,0,28.618,0.000,28.611
"Tenant A (Bully Data)","PutLarge",1,0,30.597,0.000,30.591
"Tenant A (Bully Data)","ListBucket",1,0,25.621,0.000,25.617
"Tenant A (Bully Data)","ListBucket",1,0,25.913,0.000,25.882
"Tenant A (Bully Data)","ListBucket",1,0,25.792,0.000,25.785
"Tenant A (Bully Data)","PutLarge",1,0,29.051,0.000,29.045
"Tenant A (Bully Data)","PutLarge",1,0,28.885,0.000,28.881
"Tenant A (Bully Data)","ListBucket",1,0,25.709,0.000,25.702
"Tenant A (Bully Data)","PutLarge",1,0,30.640,0.000,30.604
"Tenant A (Bully Data)","PutLarge",1,0,29.996,0.000,29.953
"Tenant A (Bully Data)","PutLarge",1,0,29.776,0.000,29.724
"Tenant A (Bully Data)","PutLarge",1,0,28.767,0.000,28.739
"Tenant A (Bully Data)","PutLarge",1,0,30.036,0.000,30.032
"Tenant A (Bully Data)","PutLarge",1,0,31.182,0.000,31.178
"Tenant A (Bully Data)","PutLarge",1,0,30.062,0.001,30.048
"Tenant A (Bully Data)","PutLarge",1,0,28.904,0.000,28.893
"Tenant A (Bully Data)","PutLarge",1,0,29.773,0.000,29.764
"Tenant A (Bully Data)","ListBucket",1,0,24.769,0.000,24.767
"Tenant A (Bully Data)","PutLarge",1,0,29.641,0.000,29.638
"Tenant A (Bully Data)","ListBucket",1,0,24.456,0.000,24.450
"Tenant A (Bully Data)","ListBucket",1,0,23.982,0.000,23.979
"Tenant A (Bully Data)","ListBucket",1,0,24.356,0.000,24.344
"Tenant A (Bully Data)","ListBucket",1,0,24.558,0.000,24.550
"Tenant A (Bully Data)","ListBucket",1,0,25.232,0.000,25.224
"Tenant A (Bully Data)","ListBucket",1,0,25.202,0.000,25.193
"Tenant A (Bully Data)","ListBucket",1,0,25.864,0.000,25.859
"Tenant A (Bully Data)","PutLarge",1,0,30.144,0.000,30.140
"Tenant A (Bully Data)","PutLarge",1,0,30.503,0.000,30.498
"Tenant A (Bully Data)","PutLarge",1,0,29.796,0.000,29.792
"Tenant A (Bully Data)","ListBucket",1,0,24.812,0.000,24.810
"Tenant A (Bully Data)","ListBucket",1,0,24.160,0.000,24.158
"Tenant A (Bully Data)","ListBucket",1,0,24.283,0.000,24.271
"Tenant A (Bully Data)","PutLarge",1,0,30.594,0.000,30.590
"Tenant A (Bully Data)","PutLarge",1,0,28.571,0.000,28.568
"Tenant A (Bully Data)","PutLarge",1,0,30.617,0.000,30.613
"Tenant A (Bully Data)","PutLarge",1,0,31.328,0.000,31.324
"Tenant A (Bully Data)","PutLarge",1,0,28.973,0.000,28.970
"Tenant A (Bully Data)","PutLarge",1,0,29.156,0.000,29.152
"Tenant A (Bully Data)","PutLarge",1,0,30.858,0.000,30.835
"Tenant A (Bully Data)","ListBucket",1,0,24.231,0.000,24.212
"Tenant A (Bully Data)","PutLarge",1,0,31.426,0.000,31.420
"Tenant A (Bully Data)","PutLarge",1,0,30.791,0.000,30.784
"Tenant A (Bully Data)","ListBucket",1,0,25.018,0.000,25.015
"Tenant A (Bully Data)","PutLarge",1,0,28.835,0.000,28.833
"Tenant A (Bully Data)","PutLarge",1,0,28.594,0.000,28.591
"Tenant A (Bully Data)","ListBucket",1,0,25.279,0.000,25.275
"Tenant A (Bully Data)","PutLarge",1,0,29.205,0.000,29.201
"Tenant A (Bully Data)","PutLarge",1,0,29.253,0.000,29.251
"Tenant A (Bully Data)","ListBucket",1,0,25.513,0.000,25.498
"Tenant A (Bully Data)","PutLarge",1,0,30.516,0.000,30.514
"Tenant A (Bully Data)","PutLarge",1,0,28.771,0.000,28.768
"Tenant A (Bully Data)","ListBucket",1,0,25.749,0.000,25.746
"Tenant A (Bully Data)","ListBucket",1,0,26.256,0.000,26.244
"Tenant A (Bully Data)","PutLarge",1,0,30.202,0.000,30.197
"Tenant A (Bully Data)","PutLarge",1,0,31.298,0.000,31.295
"Tenant A (Bully Data)","ListBucket",1,0,24.397,0.000,24.394
"Tenant A (Bully Data)","PutLarge",1,0,30.373,0.000,30.364
"Tenant A (Bully Data)","PutLarge",1,0,29.823,0.000,29.816
"Tenant A (Bully Data)","PutLarge",1,0,28.645,0.000,28.642
"Tenant A (Bully Data)","PutLarge",1,0,28.916,0.000,28.913
"Tenant A (Bully Data)","ListBucket",1,0,24.668,0.000,24.666
"Tenant A (Bully Data)","PutLarge",1,0,28.570,0.000,28.566
"Tenant A (Bully Data)","ListBucket",1,0,24.564,0.000,24.561
"Tenant A (Bully Data)","PutLarge",1,0,30.356,0.000,30.352
"Tenant A (Bully Data)","PutLarge",1,0,29.783,0.000,29.779
"Tenant A (Bully Data)","PutLarge",1,0,29.489,0.000,29.480
"Tenant A (Bully Data)","ListBucket",1,0,25.807,0.000,25.790
"Tenant A (Bully Data)","ListBucket",1,0,24.769,0.000,24.764
"Tenant A (Bully Data)","PutLarge",1,0,31.455,0.000,31.451
"Tenant A (Bully Data)","ListBucket",1,0,25.649,0.000,25.620
"Tenant A (Bully Data)","ListBucket",1,0,25.851,0.000,25.844
"Tenant A (Bully Data)","PutLarge",1,0,30.838,0.000,30.826
"Tenant A (Bully Data)","ListBucket",1,0,25.158,0.000,25.143
"Tenant A (Bully Data)","ListBucket",1,0,24.006,0.000,23.994
"Tenant A (Bully Data)","PutLarge",1,0,29.247,0.000,29.240
"Tenant A (Bully Data)","ListBucket",1,0,25.387,0.000,25.375
"Tenant A (Bully Data)","ListBucket",1,0,25.615,0.000,25.608
"Tenant A (Bully Data)","PutLarge",1,0,30.609,0.000,30.605
"Tenant A (Bully Data)","ListBucket",1,0,24.899,0.000,24.894
"Tenant A (Bully Data)","ListBucket",1,0,24.051,0.000,24.048
"Tenant A (Bully Data)","PutLarge",1,0,30.701,0.000,30.652
"Tenant A (Bully Data)","ListBucket",1,0,23.832,0.000,23.811
"Tenant A (Bully Data)","ListBucket",1,0,23.887,0.000,23.885
"Tenant A (Bully Data)","PutLarge",1,0,28.788,0.000,28.787
"Tenant A (Bully Data)","PutLarge",1,0,31.097,0.000,31.088
"Tenant A (Bully Data)","ListBucket",1,0,23.855,0.000,23.850
"Tenant A (Bully Data)","PutLarge",1,0,29.393,0.000,29.391
"Tenant A (Bully Data)","PutLarge",1,0,30.419,0.000,30.416
"Tenant A (Bully Data)","PutLarge",1,0,30.647,0.000,30.639
"Tenant A (Bully Data)","PutLarge",1,0,29.311,0.000,29.297
"Tenant A (Bully Data)","PutLarge",1,0,30.127,0.000,30.119
"Tenant A (Bully Data)","PutLarge",1,0,31.264,0.000,31.259
"Tenant A (Bully Data)","PutLarge",1,0,29.913,0.000,29.909
"Tenant A (Bully Data)","ListBucket",1,0,23.960,0.000,23.957
"Tenant A (Bully Data)","ListBucket",1,0,25.739,0.000,25.737
"Tenant A (Bully Data)","PutLarge",1,0,31.387,0.000,31.369
"Tenant A (Bully Data)","PutLarge",1,0,31.468,0.000,31.465
"Tenant A (Bully Data)","ListBucket",1,0,25.865,0.000,25.812
"Tenant A (Bully Data)","PutLarge",1,0,30.303,0.000,30.274
"Tenant A (Bully Data)","PutLarge",1,0,29.468,0.000,29.441
"Tenant A (Bully Data)","ListBucket",1,0,24.953,0.001,24.945
"Tenant A (Bully Data)","PutLarge",1,0,30.253,0.000,30.249
"Tenant A (Bully Data)","ListBucket",1,0,25.151,0.001,25.146
"Tenant A (Bully Data)","PutLarge",1,0,29.218,0.000,29.216
"Tenant A (Bully Data)","PutLarge",1,0,30.469,0.001,30.460
"Tenant A (Bully Data)","ListBucket",1,0,26.188,0.000,26.179
"Tenant A (Bully Data)","PutLarge",1,0,31.211,0.000,31.203
"Tenant A (Bully Data)","PutLarge",1,0,29.309,0.000,29.307
"Tenant A (Bully Data)","ListBucket",1,0,24.289,0.000,24.287
"Tenant A (Bully Data)","ListBucket",1,0,24.139,0.000,24.111
"Tenant A (Bully Data)","PutLarge",1,0,29.912,0.000,29.908
"Tenant A (Bully Data)","ListBucket",1,0,25.318,0.000,25.315
"Tenant A (Bully Data)","ListBucket",1,0,24.934,0.000,24.930
"Tenant A (Bully Data)","PutLarge",1,0,30.439,0.000,30.435
"Tenant A (Bully Data)","PutLarge",1,0,31.228,0.000,31.225
"Tenant A (Bully Data)","PutLarge",1,0,29.972,0.000,29.970
"Tenant A (Bully Data)","PutLarge",1,0,30.179,0.000,30.174
"Tenant A (Bully Data)","PutLarge",1,0,30.081,0.000,30.078
"Tenant A (Bully Data)","PutLarge",1,0,29.193,0.000,29.191
"Tenant A (Bully Data)","PutLarge",1,0,29.206,0.000,29.202
"Tenant A (Bully Data)","ListBucket",1,0,25.446,0.000,25.441
"Tenant A (Bully Data)","PutLarge",1,0,29.920,0.000,29.914
"Tenant A (Bully Data)","PutLarge",1,0,29.734,0.000,29.730
"Tenant A (Bully Data)","PutLarge",1,0,29.906,0.000,29.905
"Tenant A (Bully Data)","PutLarge",1,0,31.382,0.000,31.381
"Tenant A (Bully Data)","PutLarge",1,0,30.846,0.000,30.841
"Tenant A (Bully Data)","PutLarge",1,0,29.214,0.000,29.211
"Tenant A (Bully Data)","PutLarge",1,0,29.478,0.000,29.476
"Tenant A (Bully Data)","PutLarge",1,0,28.786,0.000,28.773
"Tenant A (Bully Data)","ListBucket",1,0,23.813,0.000,23.800
"Tenant A (Bully Data)","ListBucket",1,0,25.116,0.000,25.112
"Tenant A (Bully Data)","PutLarge",1,0,30.225,0.000,30.223
"Tenant A (Bully Data)","PutLarge",1,0,29.962,0.000,29.959
"Tenant A (Bully Data)","PutLarge",1,0,30.529,0.000,30.526
"Tenant A (Bully Data)","PutLarge",1,0,30.055,0.000,30.053
"Tenant A (Bully Data)","PutLarge",1,0,29.260,0.000,29.257
"Tenant A (Bully Data)","PutLarge",1,0,30.895,0.000,30.893
"Tenant A (Bully Data)","ListBucket",1,0,24.106,0.000,24.072
"Tenant A (Bully Data)","PutLarge",1,0,29.843,0.000,29.816
"Tenant A (Bully Data)","ListBucket",1,0,25.927,0.000,25.924
"Tenant A (Bully Data)","PutLarge",1,0,29.918,0.000,29.914
"Tenant A (Bully Data)","PutLarge",1,0,30.789,0.000,30.786
"Tenant A (Bully Data)","PutLarge",1,0,29.145,0.000,29.143
"Tenant A (Bully Data)","PutLarge",1,0,30.123,0.000,30.119
"Tenant A (Bully Data)","PutLarge",1,0,28.841,0.000,28.837
"Tenant A (Bully Data)","PutLarge",1,0,28.670,0.000,28.667
"Tenant A (Bully Data)","PutLarge",1,0,28.516,0.000,28.513
"Tenant A (Bully Data)","PutLarge",1,0,29.414,0.000,29.395
"Tenant A (Bully Data)","PutLarge",1,0,31.484,0.000,31.479
"Tenant A (Bully Data)","PutLarge",1,0,29.439,0.000,29.437
"Tenant A (Bully Data)","PutLarge",1,0,30.538,0.000,30.536
"Tenant A (Bully Data)","PutLarge",1,0,29.840,0.000,29.836
"Tenant A (Bully Data)","PutLarge",1,0,31.337,0.000,31.332
"Tenant A (Bully Data)","ListBucket",1,0,25.945,0.000,25.941
"Tenant A (Bully Data)","PutLarge",1,0,29.568,0.000,29.565
"Tenant A (Bully Data)","PutLarge",1,0,29.674,0.000,29.671
"Tenant A (Bully Data)","ListBucket",1,0,24.509,0.000,24.506
"Tenant A (Bully Data)","PutLarge",1,0,29.933,0.000,29.928
"Tenant A (Bully Data)","PutLarge",1,0,30.000,0.000,29.991
"Tenant A (Bully Data)","ListBucket",1,0,23.957,0.000,23.953
"Tenant A (Bully Data)","PutLarge",1,0,31.210,0.000,31.208
"Tenant A (Bully Data)","PutLarge",1,0,30.988,0.000,30.979
"Tenant A (Bully Data)","PutLarge",1,0,29.040,0.000,29.031
"Tenant A (Bully Data)","PutLarge",1,0,29.461,0.000,29.455
"Tenant A (Bully Data)","PutLarge",1,0,29.616,0.000,29.576
"Tenant A (Bully Data)","PutLarge",1,0,28.747,0.000,28.710
"Tenant A (Bully Data)","PutLarge",1,0,29.512,0.000,29.480
"Tenant A (Bully Data)","PutLarge",1,0,31.419,0.000,31.389
"Tenant A (Bully Data)","PutLarge",1,0,29.668,0.000,29.638
"Tenant A (Bully Data)","ListBucket",1,0,25.569,0.000,25.538
"Tenant A (Bully Data)","PutLarge",1,0,30.565,0.000,30.560
"Tenant A (Bully Data)","PutLarge",1,0,29.428,0.000,29.415
"Tenant A (Bully Data)","ListBucket",1,0,25.102,0.000,25.092
"Tenant A (Bully Data)","PutLarge",1,0,29.458,0.000,29.454
"Tenant A (Bully Data)","PutLarge",1,0,30.507,0.000,30.460
"Tenant A (Bully Data)","PutLarge",1,0,31.319,0.000,31.288
"Tenant A (Bully Data)","ListBucket",1,0,25.138,0.000,25.108
"Tenant A (Bully Data)","PutLarge",1,0,31.255,0.000,31.253
"Tenant A (Bully Data)","PutLarge",1,0,31.138,0.000,31.120
"Tenant A (Bully Data)","PutLarge",1,0,29.449,0.000,29.442
"Tenant A (Bully Data)","PutLarge",1,0,31.332,0.000,31.330
"Tenant A (Bully Data)","PutLarge",1,0,28.567,0.000,28.563
"Tenant A (Bully Data)","PutLarge",1,0,30.610,0.000,30.605
"Tenant A (Bully Data)","ListBucket",1,0,25.052,0.001,25.050
"Tenant A (Bully Data)","PutLarge",1,0,30.750,0.000,30.746
"Tenant A (Bully Data)","PutLarge",1,0,30.003,0.000,29.997
"Tenant A (Bully Data)","PutLarge",1,0,30.480,0.000,30.474
"Tenant A (Bully Data)","ListBucket",1,0,24.174,0.001,24.170
"Tenant A (Bully Data)","ListBucket",1,0,24.249,0.000,24.246
"Tenant A (Bully Data)","PutLarge",1,0,29.523,0.000,29.503
"Tenant A (Bully Data)","PutLarge",1,0,30.394,0.002,30.374
"Tenant A (Bully Data)","PutLarge",1,0,28.655,0.000,28.653
"Tenant A (Bully Data)","PutLarge",1,0,29.444,0.000,29.441
"Tenant A (Bully Data)","PutLarge",1,0,30.741,0.000,30.739
"Tenant A (Bully Data)","PutLarge",1,0,31.017,0.000,31.014
"Tenant A (Bully Data)","PutLarge",1,0,28.791,0.000,28.789
"Tenant A (Bully Data)","PutLarge",1,0,29.951,0.000,29.946
"Tenant A (Bully Data)","PutLarge",1,0,28.779,0.000,28.775
"Tenant A (Bully Data)","ListBucket",1,0,23.904,0.000,23.898
"Tenant A (Bully Data)","PutLarge",1,0,30.840,0.000,30.838
"Tenant A (Bully Data)","PutLarge",1,0,28.558,0.000,28.553
"Tenant A (Bully Data)","PutLarge",1,0,30.162,0.000,30.159
"Tenant A (Bully Data)","ListBucket",1,0,24.040,0.000,24.005
"Tenant A (Bully Data)","PutLarge",1,0,30.158,0.000,30.124
"Tenant A (Bully Data)","PutLarge",1,0,30.307,0.000,30.254
"Tenant A (Bully Data)","PutLarge",1,0,30.951,0.000,30.941
"Tenant A (Bully Data)","PutLarge",1,0,31.342,0.001,31.336
"Tenant A (Bully Data)","ListBucket",1,0,24.251,0.001,24.245
"Tenant A (Bully Data)","ListBucket",1,0,23.800,0.000,23.795
"Tenant A (Bully Data)","PutLarge",1,0,30.534,0.000,30.530
"Tenant A (Bully Data)","ListBucket",1,0,24.959,0.000,24.956
"Tenant A (Bully Data)","PutLarge",1,0,28.550,0.000,28.546
"Tenant A (Bully Data)","PutLarge",1,0,29.246,0.000,29.244
"Tenant A (Bully Data)","PutLarge",1,0,29.522,0.000,29.517
"Tenant A (Bully Data)","PutLarge",1,0,29.207,0.000,29.205
"Tenant A (Bully Data)","PutLarge",1,0,30.813,0.000,30.811
"Tenant A (Bully Data)","PutLarge",1,0,31.347,0.000,31.344
"Tenant A (Bully Data)","PutLarge",1,0,28.741,0.000,28.738
"Tenant A (Bully Data)","PutLarge",1,0,29.805,0.000,29.801
"Tenant A (Bully Data)","ListBucket",1,0,25.565,0.000,25.563
"Tenant A (Bully Data)","PutLarge",1,0,31.038,0.000,31.035
"Tenant A (Bully Data)","PutLarge",1,0,29.787,0.000,29.781
"Tenant A (Bully Data)","PutLarge",1,0,28.844,0.000,28.841
"Tenant A (Bully Data)","PutLarge",1,0,30.845,0.000,30.827
"Tenant A (Bully Data)","ListBucket",1,0,25.495,0.000,25.491
"Tenant A (Bully Data)","ListBucket",1,0,24.362,0.000,24.348
"Tenant A (Bully Data)","PutLarge",1,0,31.003,0.000,30.995
"Tenant A (Bully Data)","PutLarge",1,0,28.773,0.000,28.770
"Tenant A (Bully Data)","PutLarge",1,0,28.897,0.000,28.894
"Tenant A (Bully Data)","ListBucket",1,0,26.216,0.000,26.204
"Tenant A (Bully Data)","ListBucket",1,0,24.693,0.000,24.685
"Tenant A (Bully Data)","PutLarge",1,0,31.112,0.000,31.104
"Tenant A (Bully Data)","PutLarge",1,0,28.901,0.000,28.899
"Tenant A (Bully Data)","PutLarge",1,0,29.329,0.000,29.327
"Tenant A (Bully Data)","ListBucket",1,0,24.513,0.000,24.496
"Tenant A (Bully Data)","PutLarge",1,0,28.686,0.000,28.682
"Tenant A (Bully Data)","PutLarge",1,0,29.012,0.000,28.995
"Tenant A (Bully Data)","ListBucket",1,0,24.621,0.000,24.619
"Tenant A (Bully Data)","PutLarge",1,0,29.604,0.000,29.601
"Tenant A (Bully Data)","PutLarge",1,0,30.178,0.000,30.160
"Tenant A (Bully Data)","PutLarge",1,0,31.307,0.000,31.304
"Tenant A (Bully Data)","PutLarge",1,0,31.277,0.000,31.274
"Tenant A (Bully Data)","PutLarge",1,0,30.437,0.000,30.434
"Tenant A (Bully Data)","ListBucket",1,0,25.746,0.000,25.743
"Tenant A (Bully Data)","ListBucket",1,0,24.985,0.000,24.982
"Tenant A (Bully Data)","PutLarge",1,0,29.095,0.000,29.092
"Tenant A (Bully Data)","PutLarge",1,0,31.103,0.000,31.101
"Tenant A (Bully Data)","PutLarge",1,0,30.950,0.000,30.938
"Tenant A (Bully Data)","ListBucket",1,0,23.807,0.000,23.805
"Tenant A (Bully Data)","PutLarge",1,0,29.886,0.000,29.883
"Tenant A (Bully Data)","PutLarge",1,0,28.776,0.000,28.766
"Tenant A (Bully Data)","PutLarge",1,0,31.370,0.000,31.360
"Tenant A (Bully Data)","ListBucket",1,0,24.258,0.000,24.256
"Tenant A (Bully Data)","ListBucket",1,0,24.604,0.000,24.572
"Tenant A (Bully Data)","PutLarge",1,0,31.095,0.000,31.091
"Tenant A (Bully Data)","PutLarge",1,0,30.730,0.000,30.726
"Tenant A (Bully Data)","ListBucket",1,0,23.838,0.000,23.819
"Tenant A (Bully Data)","ListBucket",1,0,25.282,0.000,25.267
"Tenant A (Bully Data)","PutLarge",1,0,30.462,0.000,30.458
"Tenant A (Bully Data)","PutLarge",1,0,29.192,0.000,29.188
"Tenant A (Bully Data)","ListBucket",1,0,25.978,0.000,25.974
"Tenant A (Bully Data)","PutLarge",1,0,31.421,0.000,31.417
"Tenant A (Bully Data)","PutLarge",1,0,30.385,0.000,30.381
"Tenant A (Bully Data)","ListBucket",1,0,24.247,0.000,24.245
"Tenant A (Bully Data)","PutLarge",1,0,30.040,0.000,30.037
"Tenant A (Bully Data)","PutLarge",1,0,30.178,0.000,30.162
"Tenant A (Bully Data)","PutLarge",1,0,31.372,0.000,31.365
"Tenant A (Bully Data)","ListBucket",1,0,24.668,0.000,24.665
"Tenant A (Bully Data)","PutLarge",1,0,29.744,0.000,29.736
"Tenant A (Bully Data)","PutLarge",1,0,30.590,0.000,30.582
"Tenant A (Bully Data)","PutLarge",1,0,29.098,0.000,29.094
"Tenant A (Bully Data)","PutLarge",1,0,30.517,0.000,30.514
"Tenant A (Bully Data)","PutLarge",1,0,28.553,0.000,28.548
"Tenant A (Bully Data)","PutLarge",1,0,28.780,0.000,28.776
"Tenant A (Bully Data)","ListBucket",1,0,26.220,0.000,26.217
"Tenant A (Bully Data)","PutLarge",1,0,29.265,0.000,29.258
"Tenant A (Bully Data)","ListBucket",1,0,25.335,0.000,25.327
"Tenant A (Bully Data)","PutLarge",1,0,29.239,0.000,29.228
"Tenant A (Bully Data)","PutLarge",1,0,30.275,0.000,30.269
"Tenant A (Bully Data)","PutLarge",1,0,28.556,0.000,28.554
"Tenant A (Bully Data)","ListBucket",1,0,26.040,0.000,25.998
"Tenant A (Bully Data)","PutLarge",1,0,31.314,0.000,31.290
"Tenant A (Bully Data)","PutLarge",1,0,30.912,0.000,30.904
"Tenant A (Bully Data)","PutLarge",1,0,29.362,0.000,29.353
"Tenant A (Bully Data)","PutLarge",1,0,29.311,0.000,29.308
"Tenant A (Bully Data)","PutLarge",1,0,31.312,0.001,31.302
"Tenant A (Bully Data)","PutLarge",1,0,28.798,0.001,28.791
"Tenant A (Bully Data)","PutLarge",1,0,29.765,0.000,29.752
"Tenant A (Bully Data)","PutLarge",1,0,28.607,0.000,28.605
"Tenant A (Bully Data)","PutLarge",1,0,29.435,0.000,29.417
"Tenant A (Bully Data)","PutLarge",1,0,29.283,0.000,29.279
"Tenant A (Bully Data)","PutLarge",1,0,30.084,0.000,30.079
"Tenant A (Bully Data)","ListBucket",1,0,24.863,0.000,24.858
"Tenant A (Bully Data)","ListBucket",1,0,24.472,0.000,24.466
"Tenant A (Bully Data)","PutLarge",1,0,30.735,0.000,30.730
"Tenant A (Bully Data)","PutLarge",1,0,30.968,0.000,30.962
"Tenant A (Bully Data)","ListBucket",1,0,26.232,0.000,26.226
"Tenant A (Bully Data)","ListBucket",1,0,24.252,0.000,24.250
"Tenant A (Bully Data)","ListBucket",1,0,25.098,0.000,25.093
"Tenant A (Bully Data)","PutLarge",1,0,28.820,0.000,28.817
"Tenant A (Bully Data)","PutLarge",1,0,30.154,0.000,30.151
"Tenant A (Bully Data)","PutLarge",1,0,30.076,0.000,30.074
"Tenant A (Bully Data)","ListBucket",1,0,25.792,0.000,25.759
"Tenant A (Bully Data)","PutLarge",1,0,30.541,0.000,30.510
"Tenant A (Bully Data)","ListBucket",1,0,26.211,0.000,26.202
"Tenant A (Bully Data)","PutLarge",1,0,29.378,0.000,29.374
"Tenant A (Bully Data)","ListBucket",1,0,25.520,0.000,25.516
"Tenant A (Bully Data)","PutLarge",1,0,28.984,0.000,28.981
"Tenant A (Bully Data)","PutLarge",1,0,29.960,0.000,29.934
"Tenant A (Bully Data)","PutLarge",1,0,29.808,0.000,29.795
"Tenant A (Bully Data)","PutLarge",1,0,31.415,0.000,31.413
"Tenant A (Bully Data)","PutLarge",1,0,30.593,0.000,30.588
"Tenant A (Bully Data)","ListBucket",1,0,24.941,0.000,24.926
"Tenant A (Bully Data)","PutLarge",1,0,29.647,0.001,29.629
"Tenant A (Bully Data)","PutLarge",1,0,29.810,0.000,29.770
"Tenant A (Bully Data)","ListBucket",1,0,25.093,0.000,25.059
"Tenant A (Bully Data)","PutLarge",1,0,29.880,0.000,29.875
"Tenant A (Bully Data)","PutLarge",1,0,29.481,0.000,29.469
"Tenant A (Bully Data)","ListBucket",1,0,25.666,0.001,25.654
"Tenant A (Bully Data)","ListBucket",1,0,24.450,0.000,24.447
"Tenant A (Bully Data)","PutLarge",1,0,29.802,0.000,29.793
"Tenant A (Bully Data)","PutLarge",1,0,30.909,0.000,30.906
"Tenant A (Bully Data)","PutLarge",1,0,30.280,0.000,30.278
"Tenant A (Bully Data)","PutLarge",1,0,29.466,0.000,29.462
"Tenant A (Bully Data)","PutLarge",1,0,29.577,0.000,29.574
"Tenant A (Bully Data)","PutLarge",1,0,31.455,0.000,31.451
"Tenant A (Bully Data)","PutLarge",1,0,29.533,0.000,29.531
"Tenant A (Bully Data)","PutLarge",1,0,29.723,0.000,29.716
"Tenant A (Bully Data)","PutLarge",1,0,31.188,0.000,31.186
"Tenant A (Bully Data)","ListBucket",1,0,25.029,0.000,25.025
"Tenant A (Bully Data)","PutLarge",1,0,31.229,0.000,31.227
"Tenant A (Bully Data)","ListBucket",1,0,23.784,0.000,23.781
"Tenant A (Bully Data)","PutLarge",1,0,28.843,0.000,28.839
"Tenant A (Bully Data)","PutLarge",1,0,28.959,0.000,28.952
"Tenant A (Bully Data)","PutLarge",1,0,28.690,0.000,28.680
"Tenant A (Bully Data)","ListBucket",1,0,25.000,0.000,24.969
"Tenant A (Bully Data)","ListBucket",1,0,24.510,0.000,24.498
"Tenant A (Bully Data)","PutLarge",1,0,30.257,0.000,30.249
"Tenant A (Bully Data)","PutLarge",1,0,29.234,0.001,29.200
"Tenant A (Bully Data)","PutLarge",1,0,29.727,0.001,29.717
"Tenant A (Bully Data)","ListBucket",1,0,24.851,0.000,24.843
"Tenant A (Bully Data)","PutLarge",1,0,29.921,0.000,29.915
"Tenant A (Bully Data)","PutLarge",1,0,30.167,0.000,30.164
"Tenant A (Bully Data)","PutLarge",1,0,29.354,0.000,29.347
"Tenant A (Bully Data)","PutLarge",1,0,30.137,0.000,30.123
"Tenant A (Bully Data)","PutLarge",1,0,29.444,0.001,29.438
"Tenant A (Bully Data)","PutLarge",1,0,30.939,0.000,30.926
"Tenant A (Bully Data)","PutLarge",1,0,31.444,0.001,31.439
"Tenant A (Bully Data)","PutLarge",1,0,28.649,0.000,28.646
"Tenant A (Bully Data)","PutLarge",1,0,30.413,0.000,30.410
"Tenant A (Bully Data)","ListBucket",1,0,25.419,0.000,25.417
"Tenant A (Bully Data)","PutLarge",1,0,31.025,0.000,31.020
"Tenant A (Bully Data)","PutLarge",1,0,29.698,0.000,29.695
"Tenant A (Bully Data)","PutLarge",1,0,31.410,0.000,31.403
"Tenant A (Bully Data)","ListBucket",1,0,24.753,0.000,24.748
"Tenant A (Bully Data)","PutLarge",1,0,28.849,0.000,28.846
"Tenant A (Bully Data)","PutLarge",1,0,30.052,0.000,30.043
"Tenant A (Bully Data)","PutLarge",1,0,31.438,0.000,31.435
"Tenant A (Bully Data)","ListBucket",1,0,25.651,0.000,25.637
"Tenant A (Bully Data)","PutLarge",1,0,30.756,0.000,30.754
"Tenant A (Bully Data)","PutLarge",1,0,29.856,0.000,29.849
"Tenant A (Bully Data)","ListBucket",1,0,24.806,0.000,24.803
"Tenant A (Bully Data)","ListBucket",1,0,25.950,0.000,25.935
"Tenant A (Bully Data)","ListBucket",1,0,24.548,0.000,24.532
"Tenant A (Bully Data)","ListBucket",1,0,24.794,0.000,24.779
"Tenant A (Bully Data)","PutLarge",1,0,29.386,0.000,29.370
"Tenant A (Bully Data)","ListBucket",1,0,26.061,0.000,26.056
"Tenant A (Bully Data)","PutLarge",1,0,29.205,0.000,29.194
"Tenant A (Bully Data)","PutLarge",1,0,28.841,0.000,28.838
"Tenant A (Bully Data)","PutLarge",1,0,29.316,0.000,29.313
"Tenant A (Bully Data)","PutLarge",1,0,29.204,0.000,29.200
"Tenant A (Bully Data)","ListBucket",1,0,25.865,0.000,25.862
"Tenant A (Bully Data)","PutLarge",1,0,30.290,0.000,30.285
"Tenant A (Bully Data)","PutLarge",1,0,29.584,0.000,29.581
"Tenant A (Bully Data)","PutLarge",1,0,31.445,0.000,31.442
"Tenant A (Bully Data)","PutLarge",1,0,29.169,0.000,29.167
"Tenant A (Bully Data)","PutLarge",1,0,29.999,0.000,29.986
"Tenant A (Bully Data)","PutLarge",1,0,29.995,0.000,29.983
"Tenant A (Bully Data)","PutLarge",1,0,30.265,0.000,30.262
"Tenant A (Bully Data)","ListBucket",1,0,25.330,0.000,25.318
"Tenant A (Bully Data)","PutLarge",1,0,30.334,0.000,30.329
"Tenant A (Bully Data)","PutLarge",1,0,29.118,0.000,29.115
"Tenant A (Bully Data)","ListBucket",1,0,23.956,0.000,23.947
"Tenant A (Bully Data)","ListBucket",1,0,25.432,0.000,25.429
"Tenant A (Bully Data)","PutLarge",1,0,30.966,0.000,30.964
"Tenant A (Bully Data)","ListBucket",1,0,26.014,0.000,26.010
"Tenant A (Bully Data)","PutLarge",1,0,31.445,0.000,31.437
"Tenant A (Bully Data)","ListBucket",1,0,23.976,0.001,23.971
"Tenant A (Bully Data)","ListBucket",1,0,25.670,0.000,25.667
"Tenant A (Bully Data)","ListBucket",1,0,25.038,0.000,25.035
"Tenant A (Bully Data)","PutLarge",1,0,30.662,0.000,30.658
"Tenant A (Bully Data)","PutLarge",1,0,30.416,0.000,30.407
"Tenant A (Bully Data)","PutLarge",1,0,29.792,0.000,29.786
"Tenant A (Bully Data)","PutLarge",1,0,29.769,0.000,29.762
"Tenant A (Bully Data)","PutLarge",1,0,28.927,0.000,28.909
"Tenant A (Bully Data)","ListBucket",1,0,23.811,0.000,23.805
"Tenant A (Bully Data)","PutLarge",1,0,30.765,0.001,30.762
"Tenant A (Bully Data)","ListBucket",1,0,24.958,0.000,24.952
"Tenant A (Bully Data)","PutLarge",1,0,31.329,0.000,31.327
"Tenant A (Bully Data)","PutLarge",1,0,30.162,0.000,30.158
"Tenant A (Bully Data)","PutLarge",1,0,30.717,0.000,30.715
"Tenant A (Bully Data)","PutLarge",1,0,29.431,0.000,29.427
"Tenant A (Bully Data)","PutLarge",1,0,29.562,0.000,29.518
"Tenant A (Bully Data)","PutLarge",1,0,31.333,0.000,31.304
"Tenant A (Bully Data)","ListBucket",1,0,25.558,0.000,25.533
"Tenant A (Bully Data)","PutLarge",1,0,28.927,0.000,28.922
"Tenant A (Bully Data)","ListBucket",1,0,24.518,0.000,24.504
"Tenant A (Bully Data)","PutLarge",1,0,31.118,0.000,31.110
"Tenant A (Bully Data)","PutLarge",1,0,30.599,0.000,30.596
"Tenant A (Bully Data)","PutLarge",1,0,29.715,0.000,29.700
"Tenant A (Bully Data)","PutLarge",1,0,29.452,0.001,29.449
"Tenant A (Bully Data)","PutLarge",1,0,29.314,0.000,29.301
"Tenant A (Bully Data)","PutLarge",1,0,29.653,0.000,29.651
"Tenant A (Bully Data)","PutLarge",1,0,29.918,0.000,29.914
"Tenant A (Bully Data)","PutLarge",1,0,30.198,0.000,30.195
"Tenant A (Bully Data)","ListBucket",1,0,24.412,0.000,24.408
"Tenant A (Bully Data)","PutLarge",1,0,30.420,0.000,30.419
"Tenant A (Bully Data)","PutLarge",1,0,28.967,0.000,28.964
"Tenant A (Bully Data)","ListBucket",1,0,26.239,0.000,26.226
"Tenant A (Bully Data)","ListBucket",1,0,25.077,0.000,25.065
"Tenant A (Bully Data)","PutLarge",1,0,31.153,0.000,31.148
"Tenant A (Bully Data)","ListBucket",1,0,24.620,0.000,24.616
"Tenant A (Bully Data)","PutLarge",1,0,31.150,0.000,31.145
"Tenant A (Bully Data)","PutLarge",1,0,31.347,0.000,31.335
"Tenant A (Bully Data)","PutLarge",1,0,29.627,0.000,29.620
"Tenant A (Bully Data)","PutLarge",1,0,29.920,0.000,29.916
"Tenant A (Bully Data)","PutLarge",1,0,30.247,0.000,30.242
"Tenant A (Bully Data)","ListBucket",1,0,25.722,0.000,25.717
"Tenant A (Bully Data)","PutLarge",1,0,29.627,0.000,29.604
"Tenant A (Bully Data)","PutLarge",1,0,31.066,0.000,31.062
"Tenant A (Bully Data)","ListBucket",1,0,23.826,0.000,23.820
"Tenant A (Bully Data)","PutLarge",1,0,30.485,0.000,30.472
"Tenant A (Bully Data)","PutLarge",1,0,29.951,0.000,29.947
"Tenant A (Bully Data)","PutLarge",1,0,30.580,0.000,30.567
"Tenant A (Bully Data)","PutLarge",1,0,30.337,0.000,30.334
"Tenant A (Bully Data)","PutLarge",1,0,29.434,0.000,29.429
"Tenant A (Bully Data)","ListBucket",1,0,25.209,0.000,25.207
"Tenant A (Bully Data)","ListBucket",1,0,25.393,0.000,25.389
"Tenant A (Bully Data)","PutLarge",1,0,29.961,0.000,29.959
"Tenant A (Bully Data)","ListBucket",1,0,25.756,0.000,25.751
"Tenant A (Bully Data)","PutLarge",1,0,31.106,0.000,31.104
"Tenant A (Bully Data)","PutLarge",1,0,29.075,0.000,29.070
"Tenant A (Bully Data)","ListBucket",1,0,24.102,0.000,24.093
"Tenant A (Bully Data)","PutLarge",1,0,29.378,0.000,29.375
"Tenant A (Bully Data)","PutLarge",1,0,29.402,0.000,29.390
"Tenant A (Bully Data)","ListBucket",1,0,24.346,0.000,24.343
"Tenant A (Bully Data)","ListBucket",1,0,25.255,0.000,25.252
"Tenant A (Bully Data)","PutLarge",1,0,30.156,0.000,30.153
"Tenant A (Bully Data)","PutLarge",1,0,29.439,0.000,29.425
"Tenant A (Bully Data)","PutLarge",1,0,30.115,0.000,30.103
"Tenant A (Bully Data)","ListBucket",1,0,25.768,0.000,25.766
"Tenant A (Bully Data)","PutLarge",1,0,30.269,0.000,30.266
"Tenant A (Bully Data)","ListBucket",1,0,25.968,0.000,25.966
"Tenant A (Bully Data)","ListBucket",1,0,25.846,0.000,25.834
"Tenant A (Bully Data)","ListBucket",1,0,24.568,0.000,24.555
"Tenant A (Bully Data)","ListBucket",1,0,24.007,0.000,24.004
"Tenant A (Bully Data)","ListBucket",1,0,24.053,0.000,24.050
"Tenant A (Bully Data)","PutLarge",1,0,30.326,0.000,30.319
"Tenant A (Bully Data)","PutLarge",1,0,29.719,0.000,29.716
"Tenant A (Bully Data)","PutLarge",1,0,30.553,0.000,30.547
"Tenant A (Bully Data)","PutLarge",1,0,31.050,0.000,31.027
"Tenant A (Bully Data)","PutLarge",1,0,30.118,0.000,30.109
"Tenant A (Bully Data)","ListBucket",1,0,25.036,0.000,25.032
"Tenant A (Bully Data)","PutLarge",1,0,29.053,0.000,29.050
"Tenant A (Bully Data)","PutLarge",1,0,29.694,0.000,29.691
"Tenant A (Bully Data)","PutLarge",1,0,30.747,0.000,30.746
"Tenant A (Bully Data)","PutLarge",1,0,31.069,0.000,31.068
"Tenant A (Bully Data)","ListBucket",1,0,23.882,0.000,23.877
"Tenant A (Bully Data)","PutLarge",1,0,29.242,0.000,29.229
"Tenant A (Bully Data)","PutLarge",1,0,30.429,0.001,30.404
"Tenant A (Bully Data)","PutLarge",1,0,31.173,0.000,31.168
"Tenant A (Bully Data)","PutLarge",1,0,30.299,0.000,30.294
"Tenant A (Bully Data)","PutLarge",1,0,28.637,0.000,28.635
"Tenant A (Bully Data)","ListBucket",1,0,24.615,0.000,24.610
"Tenant A (Bully Data)","ListBucket",1,0,24.936,0.000,24.933
"Tenant A (Bully Data)","ListBucket",1,0,25.428,0.000,25.425
"Tenant A (Bully Data)","ListBucket",1,0,24.576,0.000,24.573
"Tenant A (Bully Data)","ListBucket",1,0,24.839,0.000,24.836
"Tenant A (Bully Data)","PutLarge",1,0,30.219,0.000,30.205
"Tenant A (Bully Data)","PutLarge",1,0,29.581,0.000,29.579
"Tenant A (Bully Data)","ListBucket",1,0,24.942,0.000,24.936
"Tenant A (Bully Data)","ListBucket",1,0,25.599,0.000,25.597
"Tenant A (Bully Data)","PutLarge",1,0,29.852,0.000,29.849
"Tenant A (Bully Data)","PutLarge",1,0,30.954,0.000,30.952
"Tenant A (Bully Data)","PutLarge",1,0,31.307,0.000,31.305
"Tenant A (Bully Data)","PutLarge",1,0,31.380,0.000,31.366
"Tenant A (Bully Data)","ListBucket",1,0,23.936,0.000,23.923
"Tenant A (Bully Data)","ListBucket",1,0,24.107,0.000,24.103
"Tenant A (Bully Data)","ListBucket",1,0,25.724,0.000,25.712
"Tenant A (Bully Data)","PutLarge",1,0,29.998,0.000,29.986
"Tenant A (Bully Data)","PutLarge",1,0,30.558,0.000,30.555
"Tenant A (Bully Data)","ListBucket",1,0,23.809,0.000,23.796
"Tenant A (Bully Data)","ListBucket",1,0,25.354,0.000,25.340
"Tenant A (Bully Data)","PutLarge",1,0,29.325,0.000,29.322
"Tenant A (Bully Data)","ListBucket",1,0,23.955,0.000,23.952
"Tenant A (Bully Data)","PutLarge",1,0,29.334,0.000,29.331
"Tenant A (Bully Data)","PutLarge",1,0,29.317,0.000,29.312
"Tenant A (Bully Data)","PutLarge",1,0,30.612,0.000,30.599
"Tenant A (Bully Data)","ListBucket",1,0,23.756,0.000,23.751
"Tenant A (Bully Data)","ListBucket",1,0,25.283,0.000,25.271
"Tenant A (Bully Data)","PutLarge",1,0,30.023,0.000,30.020
"Tenant A (Bully Data)","ListBucket",1,0,25.415,0.000,25.411
"Tenant A (Bully Data)","PutLarge",1,0,30.495,0.000,30.492
"Tenant A (Bully Data)","PutLarge",1,0,30.101,0.000,30.099
"Tenant A (Bully Data)","PutLarge",1,0,30.796,0.000,30.793
"Tenant A (Bully Data)","PutLarge",1,0,30.749,0.000,30.745
"Tenant A (Bully Data)","PutLarge",1,0,30.492,0.000,30.479
"Tenant A (Bully Data)","ListBucket",1,0,25.774,0.000,25.772
"Tenant A (Bully Data)","PutLarge",1,0,30.996,0.000,30.971
"Tenant A (Bully Data)","PutLarge",1,0,29.704,0.000,29.699
"Tenant A (Bully Data)","PutLarge",1,0,31.467,0.000,31.463
"Tenant A (Bully Data)","ListBucket",1,0,26.194,0.000,26.191
"Tenant A (Bully Data)","ListBucket",1,0,24.976,0.000,24.963
"Tenant A (Bully Data)","PutLarge",1,0,30.959,0.000,30.946
"Tenant A (Bully Data)","PutLarge",1,0,30.535,0.000,30.518
"Tenant A (Bully Data)","PutLarge",1,0,28.617,0.000,28.614
"Tenant A (Bully Data)","PutLarge",1,0,30.727,0.000,30.724
"Tenant A (Bully Data)","PutLarge",1,0,29.402,0.000,29.398
"Tenant A (Bully Data)","PutLarge",1,0,30.554,0.001,30.540
"Tenant A (Bully Data)","ListBucket",1,0,25.162,0.000,25.156
"Tenant A (Bully Data)","ListBucket",1,0,24.462,0.000,24.459
"Tenant A (Bully Data)","ListBucket",1,0,25.491,0.000,25.486
"Tenant A (Bully Data)","PutLarge",1,0,31.013,0.000,31.009
"Tenant A (Bully Data)","ListBucket",1,0,23.861,0.000,23.847
"Tenant A (Bully Data)","ListBucket",1,0,26.102,0.000,26.099
"Tenant A (Bully Data)","PutLarge",1,0,28.706,0.000,28.701
"Tenant A (Bully Data)","PutLarge",1,0,29.413,0.000,29.408
"Tenant A (Bully Data)","PutLarge",1,0,29.290,0.000,29.277
"Tenant A (Bully Data)","ListBucket",1,0,25.236,0.000,25.225
"Tenant A (Bully Data)","PutLarge",1,0,30.759,0.000,30.750
"Tenant A (Bully Data)","PutLarge",1,0,30.214,0.000,30.211
"Tenant A (Bully Data)","PutLarge",1,0,29.020,0.000,29.014
"Tenant A (Bully Data)","PutLarge",1,0,28.907,0.000,28.892
"Tenant A (Bully Data)","PutLarge",1,0,28.798,0.000,28.795
"Tenant A (Bully Data)","PutLarge",1,0,29.647,0.000,29.635
"Tenant A (Bully Data)","PutLarge",1,0,30.289,0.000,30.285
"Tenant A (Bully Data)","PutLarge",1,0,30.427,0.000,30.425
"Tenant A (Bully Data)","PutLarge",1,0,30.804,0.000,30.801
"Tenant A (Bully Data)","ListBucket",1,0,23.836,0.000,23.830
"Tenant A (Bully Data)","ListBucket",1,0,25.449,0.000,25.445
"Tenant A (Bully Data)","PutLarge",1,0,29.584,0.000,29.573
"Tenant A (Bully Data)","PutLarge",1,0,30.979,0.000,30.976
"Tenant A (Bully Data)","PutLarge",1,0,29.055,0.000,29.052
"Tenant A (Bully Data)","PutLarge",1,0,30.349,0.000,30.347
"Tenant A (Bully Data)","PutLarge",1,0,30.264,0.000,30.262
"Tenant A (Bully Data)","PutLarge",1,0,28.669,0.000,28.658
"Tenant A (Bully Data)","PutLarge",1,0,30.961,0.000,30.952
"Tenant A (Bully Data)","PutLarge",1,0,31.303,0.000,31.295
"Tenant A (Bully Data)","ListBucket",1,0,24.699,0.000,24.686
"Tenant A (Bully Data)","ListBucket",1,0,24.228,0.000,24.226
"Tenant A (Bully Data)","PutLarge",1,0,29.765,0.000,29.762
"Tenant A (Bully Data)","ListBucket",1,0,24.616,0.000,24.610
"Tenant A (Bully Data)","PutLarge",1,0,28.570,0.000,28.565
"Tenant A (Bully Data)","PutLarge",1,0,31.107,0.000,31.101
"Tenant A (Bully Data)","ListBucket",1,0,23.907,0.000,23.905
"Tenant A (Bully Data)","PutLarge",1,0,29.856,0.000,29.853
"Tenant A (Bully Data)","PutLarge",1,0,30.601,0.000,30.588
"Tenant A (Bully Data)","ListBucket",1,0,26.161,0.000,26.141
"Tenant A (Bully Data)","PutLarge",1,0,30.100,0.000,30.092
"Tenant A (Bully Data)","PutLarge",1,0,29.371,0.000,29.364
"Tenant A (Bully Data)","PutLarge",1,0,30.706,0.000,30.698
"Tenant A (Bully Data)","PutLarge",1,0,31.254,0.000,31.250
"Tenant A (Bully Data)","PutLarge",1,0,30.417,0.000,30.414
"Tenant A (Bully Data)","PutLarge",1,0,29.945,0.000,29.941
"Tenant A (Bully Data)","PutLarge",1,0,31.259,0.000,31.256
"Tenant A (Bully Data)","ListBucket",1,0,25.485,0.000,25.473
"Tenant A (Bully Data)","ListBucket",1,0,26.248,0.000,26.241
"Tenant A (Bully Data)","ListBucket",1,0,24.067,0.000,24.057
"Tenant A (Bully Data)","PutLarge",1,0,31.101,0.000,31.098
"Tenant A (Bully Data)","PutLarge",1,0,29.544,0.000,29.502
"Tenant A (Bully Data)","PutLarge",1,0,28.773,0.000,28.720
"Tenant A (Bully Data)","PutLarge",1,0,29.546,0.000,29.513
"Tenant A (Bully Data)","PutLarge",1,0,30.589,0.001,30.546
"Tenant A (Bully Data)","ListBucket",1,0,25.784,0.001,25.757
"Tenant A (Bully Data)","PutLarge",1,0,30.620,0.001,30.607
"Tenant A (Bully Data)","PutLarge",1,0,28.587,0.001,28.581
"Tenant A (Bully Data)","PutLarge",1,0,30.578,0.001,30.546
"Tenant A (Bully Data)","ListBucket",1,0,24.908,0.001,24.877
"Tenant A (Bully Data)","PutLarge",1,0,31.005,0.001,30.952
"Tenant A (Bully Data)","PutLarge",1,0,30.361,0.001,30.315
"Tenant A (Bully Data)","ListBucket",1,0,25.204,0.001,25.171
"Tenant A (Bully Data)","PutLarge",1,0,28.559,0.001,28.528
"Tenant A (Bully Data)","ListBucket",1,0,25.020,0.000,24.998
"Tenant A (Bully Data)","PutLarge",1,0,28.855,0.000,28.851
"Tenant A (Bully Data)","PutLarge",1,0,30.059,0.001,30.054
"Tenant A (Bully Data)","PutLarge",1,0,28.608,0.000,28.604
"Tenant A (Bully Data)","PutLarge",1,0,31.317,0.000,31.307
"Tenant A (Bully Data)","PutLarge",1,0,28.505,0.000,28.502
"Tenant A (Bully Data)","ListBucket",1,0,26.025,0.000,26.019
"Tenant A (Bully Data)","PutLarge",1,0,30.313,0.000,30.308
"Tenant A (Bully Data)","PutLarge",1,0,29.806,0.000,29.801
"Tenant A (Bully Data)","PutLarge",1,0,30.669,0.001,30.636
"Tenant A (Bully Data)","ListBucket",1,0,25.117,0.001,25.109
"Tenant A (Bully Data)","PutLarge",1,0,29.274,0.001,29.244
"Tenant A (Bully Data)","PutLarge",1,0,28.907,0.000,28.904
"Tenant A (Bully Data)","PutLarge",1,0,29.736,0.001,29.734
"Tenant A (Bully Data)","PutLarge",1,0,29.117,0.000,29.115
"Tenant A (Bully Data)","PutLarge",1,0,30.831,0.000,30.828
"Tenant A (Bully Data)","PutLarge",1,0,29.755,0.000,29.735
"Tenant A (Bully Data)","PutLarge",1,0,28.815,0.000,28.807
"Tenant A (Bully Data)","PutLarge",1,0,30.738,0.000,30.734
"Tenant A (Bully Data)","ListBucket",1,0,24.616,0.000,24.612
"Tenant A (Bully Data)","PutLarge",1,0,29.371,0.001,29.357
"Tenant A (Bully Data)","ListBucket",1,0,25.841,0.000,25.836
"Tenant A (Bully Data)","PutLarge",1,0,30.925,0.000,30.920
"Tenant A (Bully Data)","PutLarge",1,0,29.870,0.000,29.866
"Tenant A (Bully Data)","PutLarge",1,0,31.261,0.000,31.253
"Tenant A (Bully Data)","ListBucket",1,0,24.993,0.000,24.990
"Tenant A (Bully Data)","ListBucket",1,0,25.078,0.000,25.075
"Tenant A (Bully Data)","PutLarge",1,0,31.317,0.000,31.308
"Tenant A (Bully Data)","PutLarge",1,0,28.826,0.000,28.821
"Tenant A (Bully Data)","PutLarge",1,0,30.702,0.000,30.699
"Tenant A (Bully Data)","PutLarge",1,0,30.581,0.000,30.575
"Tenant A (Bully Data)","PutLarge",1,0,31.107,0.000,31.103
"Tenant A (Bully Data)","PutLarge",1,0,29.783,0.000,29.779
"Tenant A (Bully Data)","PutLarge",1,0,29.362,0.000,29.358
"Tenant A (Bully Data)","PutLarge",1,0,31.386,0.000,31.381
"Tenant A (Bully Data)","ListBucket",1,0,24.184,0.000,24.181
"Tenant A (Bully Data)","ListBucket",1,0,24.346,0.000,24.343
"Tenant A (Bully Data)","PutLarge",1,0,29.838,0.000,29.830
"Tenant A (Bully Data)","ListBucket",1,0,24.654,0.000,24.651
"Tenant A (Bully Data)","ListBucket",1,0,24.613,0.000,24.610
"Tenant A (Bully Data)","PutLarge",1,0,30.394,0.000,30.391
"Tenant A (Bully Data)","PutLarge",1,0,30.728,0.000,30.720
"Tenant A (Bully Data)","PutLarge",1,0,31.136,0.000,31.132
"Tenant A (Bully Data)","PutLarge",1,0,30.692,0.000,30.689
"Tenant A (Bully Data)","ListBucket",1,0,25.562,0.000,25.548
"Tenant A (Bully Data)","PutLarge",1,0,30.351,0.000,30.349
"Tenant A (Bully Data)","PutLarge",1,0,29.246,0.000,29.243
"Tenant A (Bully Data)","PutLarge",1,0,29.751,0.000,29.748
"Tenant A (Bully Data)","ListBucket",1,0,24.267,0.000,24.264
"Tenant A (Bully Data)","PutLarge",1,0,29.738,0.000,29.736
"Tenant A (Bully Data)","PutLarge",1,0,30.058,0.000,30.055
"Tenant A (Bully Data)","PutLarge",1,0,31.132,0.000,31.124
"Tenant A (Bully Data)","PutLarge",1,0,29.175,0.000,29.124
"Tenant A (Bully Data)","PutLarge",1,0,31.107,0.000,31.067
"Tenant A (Bully Data)","ListBucket",1,0,23.819,0.001,23.779
"Tenant A (Bully Data)","PutLarge",1,0,30.151,0.001,30.118
"Tenant A (Bully Data)","PutLarge",1,0,28.713,0.000,28.705
"Tenant A (Bully Data)","PutLarge",1,0,29.158,0.000,29.154
"Tenant A (Bully Data)","PutLarge",1,0,30.277,0.000,30.272
"Tenant A (Bully Data)","PutLarge",1,0,28.691,0.000,28.689
"Tenant A (Bully Data)","PutLarge",1,0,29.397,0.000,29.386
"Tenant A (Bully Data)","ListBucket",1,0,24.594,0.000,24.587
"Tenant A (Bully Data)","PutLarge",1,0,29.823,0.000,29.821
"Tenant A (Bully Data)","ListBucket",1,0,24.258,0.000,24.256
"Tenant A (Bully Data)","ListBucket",1,0,25.944,0.000,25.941
"Tenant A (Bully Data)","PutLarge",1,0,28.704,0.000,28.701
"Tenant A (Bully Data)","PutLarge",1,0,29.139,0.000,29.137
"Tenant A (Bully Data)","PutLarge",1,0,29.582,0.000,29.573
"Tenant A (Bully Data)","PutLarge",1,0,30.720,0.000,30.717
"Tenant A (Bully Data)","PutLarge",1,0,30.722,0.000,30.711
"Tenant A (Bully Data)","ListBucket",1,0,24.859,0.000,24.855
"Tenant A (Bully Data)","PutLarge",1,0,28.815,0.000,28.810
"Tenant A (Bully Data)","PutLarge",1,0,31.192,0.000,31.189
"Tenant A (Bully Data)","PutLarge",1,0,31.439,0.000,31.437
"Tenant A (Bully Data)","PutLarge",1,0,29.997,0.000,29.994
"Tenant A (Bully Data)","PutLarge",1,0,31.198,0.000,31.189
"Tenant A (Bully Data)","ListBucket",1,0,23.959,0.000,23.956
"Tenant A (Bully Data)","PutLarge",1,0,30.368,0.000,30.361
"Tenant A (Bully Data)","ListBucket",1,0,25.987,0.000,25.986
"Tenant A (Bully Data)","ListBucket",1,0,24.450,0.000,24.447
"Tenant A (Bully Data)","ListBucket",1,0,23.801,0.000,23.796
"Tenant A (Bully Data)","PutLarge",1,0,30.014,0.000,30.012
"Tenant A (Bully Data)","PutLarge",1,0,28.617,0.000,28.615
"Tenant A (Bully Data)","PutLarge",1,0,29.483,0.000,29.482
"Tenant A (Bully Data)","PutLarge",1,0,30.621,0.000,30.616
"Tenant A (Bully Data)","PutLarge",1,0,29.938,0.000,29.903
"Tenant A (Bully Data)","PutLarge",1,0,31.371,0.000,31.363
"Tenant A (Bully Data)","PutLarge",1,0,30.218,0.000,30.216
"Tenant A (Bully Data)","PutLarge",1,0,30.213,0.000,30.210
"Tenant A (Bully Data)","PutLarge",1,0,31.107,0.000,31.104
"Tenant A (Bully Data)","ListBucket",1,0,24.347,0.000,24.345
"Tenant A (Bully Data)","ListBucket",1,0,26.132,0.000,26.128
"Tenant A (Bully Data)","ListBucket",1,0,26.124,0.000,26.121
"Tenant A (Bully Data)","PutLarge",1,0,30.545,0.000,30.541
"Tenant A (Bully Data)","PutLarge",1,0,30.876,0.000,30.866
"Tenant A (Bully Data)","PutLarge",1,0,29.969,0.000,29.959
"Tenant A (Bully Data)","PutLarge",1,0,28.638,0.000,28.626
"Tenant A (Bully Data)","ListBucket",1,0,24.000,0.000,23.997
"Tenant A (Bully Data)","PutLarge",1,0,29.639,0.000,29.637
"Tenant A (Bully Data)","PutLarge",1,0,29.714,0.000,29.702
"Tenant A (Bully Data)","ListBucket",1,0,26.046,0.000,26.041
"Tenant A (Bully Data)","ListBucket",1,0,23.843,0.000,23.832
"Tenant A (Bully Data)","PutLarge",1,0,28.533,0.000,28.530
"Tenant A (Bully Data)","ListBucket",1,0,25.747,0.000,25.746
"Tenant A (Bully Data)","PutLarge",1,0,31.339,0.000,31.292
"Tenant A (Bully Data)","PutLarge",1,0,30.443,0.000,30.412
"Tenant A (Bully Data)","PutLarge",1,0,30.319,0.000,30.315
"Tenant A (Bully Data)","ListBucket",1,0,25.594,0.000,25.591
"Tenant A (Bully Data)","PutLarge",1,0,30.649,0.000,30.645
"Tenant A (Bully Data)","PutLarge",1,0,30.095,0.000,30.092
"Tenant A (Bully Data)","PutLarge",1,0,29.988,0.000,29.985
"Tenant A (Bully Data)","PutLarge",1,0,30.138,0.000,30.133
"Tenant A (Bully Data)","PutLarge",1,0,30.518,0.000,30.516
"Tenant A (Bully Data)","PutLarge",1,0,31.067,0.000,31.064
"Tenant A (Bully Data)","PutLarge",1,0,28.834,0.000,28.831
"Tenant A (Bully Data)","PutLarge",1,0,28.959,0.000,28.955
"Tenant A (Bully Data)","PutLarge",1,0,29.508,0.000,29.504
"Tenant A (Bully Data)","ListBucket",1,0,25.301,0.000,25.297
"Tenant A (Bully Data)","PutLarge",1,0,28.600,0.000,28.591
"Tenant A (Bully Data)","PutLarge",1,0,30.128,0.000,30.124
"Tenant A (Bully Data)","ListBucket",1,0,24.913,0.000,24.909
"Tenant A (Bully Data)","PutLarge",1,0,30.302,0.000,30.299
"Tenant A (Bully Data)","ListBucket",1,0,26.025,0.000,26.007
"Tenant A (Bully Data)","ListBucket",1,0,25.740,0.000,25.737
"Tenant A (Bully Data)","PutLarge",1,0,28.748,0.000,28.746
"Tenant A (Bully Data)","ListBucket",1,0,24.789,0.000,24.786
"Tenant A (Bully Data)","PutLarge",1,0,31.119,0.000,31.115
"Tenant A (Bully Data)","PutLarge",1,0,28.954,0.000,28.952
"Tenant A (Bully Data)","PutLarge",1,0,29.344,0.000,29.331
"Tenant A (Bully Data)","PutLarge",1,0,28.663,0.000,28.661
"Tenant A (Bully Data)","ListBucket",1,0,24.625,0.000,24.618
"Tenant A (Bully Data)","PutLarge",1,0,30.584,0.000,30.577
"Tenant A (Bully Data)","PutLarge",1,0,28.925,0.000,28.922
"Tenant A (Bully Data)","PutLarge",1,0,31.306,0.000,31.302
"Tenant A (Bully Data)","PutLarge",1,0,30.361,0.000,30.356
"Tenant A (Bully Data)","ListBucket",1,0,25.277,0.000,25.275
"Tenant A (Bully Data)","PutLarge",1,0,31.278,0.000,31.276
"Tenant A (Bully Data)","ListBucket",1,0,25.226,0.000,25.223
"Tenant A (Bully Data)","PutLarge",1,0,30.914,0.000,30.909
"Tenant A (Bully Data)","PutLarge",1,0,29.567,0.000,29.564
"Tenant A (Bully Data)","ListBucket",1,0,25.959,0.000,25.952
"Tenant A (Bully Data)","PutLarge",1,0,28.626,0.000,28.594
"Tenant A (Bully Data)","ListBucket",1,0,26.005,0.000,25.989
"Tenant A (Bully Data)","PutLarge",1,0,28.555,0.000,28.524
"Tenant A (Bully Data)","PutLarge",1,0,29.473,0.000,29.464
"Tenant A (Bully Data)","PutLarge",1,0,30.001,0.000,29.992
"Tenant A (Bully Data)","PutLarge",1,0,29.113,0.000,29.108
"Tenant A (Bully Data)","PutLarge",1,0,29.854,0.000,29.849
"Tenant A (Bully Data)","PutLarge",1,0,31.004,0.000,31.000
"Tenant A (Bully Data)","PutLarge",1,0,31.301,0.000,31.274
"Tenant A (Bully Data)","PutLarge",1,0,28.828,0.000,28.824
"Tenant A (Bully Data)","ListBucket",1,0,25.501,0.000,25.487
"Tenant A (Bully Data)","PutLarge",1,0,30.755,0.000,30.752
"Tenant A (Bully Data)","PutLarge",1,0,30.480,0.000,30.471
"Tenant A (Bully Data)","ListBucket",1,0,23.824,0.000,23.821
"Tenant A (Bully Data)","PutLarge",1,0,30.208,0.000,30.195
"Tenant A (Bully Data)","PutLarge",1,0,30.549,0.000,30.546
"Tenant A (Bully Data)","PutLarge",1,0,29.791,0.000,29.779
"Tenant A (Bully Data)","PutLarge",1,0,30.563,0.000,30.559
"Tenant A (Bully Data)","ListBucket",1,0,25.543,0.000,25.540
"Tenant A (Bully Data)","ListBucket",1,0,24.533,0.000,24.531
"Tenant A (Bully Data)","PutLarge",1,0,30.288,0.000,30.287
"Tenant A (Bully Data)","PutLarge",1,0,28.696,0.000,28.687
"Tenant A (Bully Data)","PutLarge",1,0,29.960,0.000,29.956
"Tenant A (Bully Data)","PutLarge",1,0,28.588,0.000,28.564
"Tenant A (Bully Data)","ListBucket",1,0,24.609,0.000,24.606
"Tenant A (Bully Data)","PutLarge",1,0,29.166,0.000,29.160
"Tenant A (Bully Data)","PutLarge",1,0,31.152,0.000,31.148
"Tenant A (Bully Data)","PutLarge",1,0,29.643,0.000,29.640
"Tenant A (Bully Data)","ListBucket",1,0,25.186,0.000,25.180
"Tenant A (Bully Data)","PutLarge",1,0,29.850,0.000,29.848
"Tenant A (Bully Data)","ListBucket",1,0,24.587,0.000,24.583
"Tenant A (Bully Data)","PutLarge",1,0,28.905,0.000,28.902
"Tenant A (Bully Data)","ListBucket",1,0,25.247,0.000,25.243
"Tenant A (Bully Data)","ListBucket",1,0,25.116,0.000,25.114
"Tenant A (Bully Data)","PutLarge",1,0,30.664,0.000,30.660
"Tenant A (Bully Data)","ListBucket",1,0,25.681,0.000,25.670
"Tenant A (Bully Data)","PutLarge",1,0,29.410,0.000,29.406
"Tenant A (Bully Data)","ListBucket",1,0,24.773,0.000,24.770
"Tenant A (Bully Data)","ListBucket",1,0,25.223,0.000,25.218
"Tenant A (Bully Data)","ListBucket",1,0,24.614,0.000,24.610
"Tenant A (Bully Data)","PutLarge",1,0,30.849,0.000,30.841
"Tenant A (Bully Data)","ListBucket",1,0,25.632,0.000,25.621
"Tenant A (Bully Data)","PutLarge",1,0,31.471,0.000,31.468
"Tenant A (Bully Data)","PutLarge",1,0,28.671,0.001,28.666
"Tenant A (Bully Data)","PutLarge",1,0,30.780,0.000,30.769
"Tenant A (Bully Data)","ListBucket",1,0,23.895,0.000,23.892
"Tenant A (Bully Data)","ListBucket",1,0,24.401,0.000,24.389
"Tenant A (Bully Data)","PutLarge",1,0,29.518,0.000,29.515
"Tenant A (Bully Data)","ListBucket",1,0,25.487,0.000,25.483
"Tenant A (Bully Data)","PutLarge",1,0,29.217,0.000,29.214
"Tenant A (Bully Data)","PutLarge",1,0,29.454,0.000,29.452
"Tenant A (Bully Data)","PutLarge",1,0,31.290,0.000,31.286
"Tenant A (Bully Data)","PutLarge",1,0,28.643,0.000,28.640
"Tenant A (Bully Data)","PutLarge",1,0,30.621,0.000,30.619
"Tenant A (Bully Data)","PutLarge",1,0,28.820,0.000,28.815
"Tenant A (Bully Data)","ListBucket",1,0,24.571,0.000,24.569
"Tenant A (Bully Data)","PutLarge",1,0,29.529,0.000,29.527
"Tenant A (Bully Data)","ListBucket",1,0,23.976,0.000,23.969
"Tenant A (Bully Data)","PutLarge",1,0,30.159,0.000,30.154
"Tenant A (Bully Data)","ListBucket",1,0,25.776,0.000,25.774
"Tenant A (Bully Data)","PutLarge",1,0,29.439,0.000,29.431
"Tenant A (Bully Data)","PutLarge",1,0,31.329,0.000,31.325
"Tenant A (Bully Data)","ListBucket",1,0,25.195,0.000,25.185
"Tenant A (Bully Data)","PutLarge",1,0,30.335,0.000,30.326
"Tenant A (Bully Data)","PutLarge",1,0,31.293,0.000,31.278
"Tenant A (Bully Data)","ListBucket",1,0,25.870,0.000,25.861
"Tenant A (Bully Data)","PutLarge",1,0,29.170,0.000,29.160
"Tenant A (Bully Data)","PutLarge",1,0,29.579,0.000,29.573
"Tenant A (Bully Data)","PutLarge",1,0,29.041,0.000,29.038
"Tenant A (Bully Data)","ListBucket",1,0,24.786,0.000,24.781
"Tenant A (Bully Data)","PutLarge",1,0,31.259,0.000,31.255
"Tenant A (Bully Data)","PutLarge",1,0,31.112,0.000,31.109
"Tenant A (Bully Data)","PutLarge",1,0,30.690,0.000,30.676
"Tenant A (Bully Data)","ListBucket",1,0,24.795,0.000,24.791
"Tenant A (Bully Data)","PutLarge",1,0,28.915,0.000,28.901
"Tenant A (Bully Data)","PutLarge",1,0,28.900,0.000,28.896
"Tenant A (Bully Data)","PutLarge",1,0,29.896,0.000,29.892
"Tenant A (Bully Data)","PutLarge",1,0,30.308,0.000,30.304
"Tenant A (Bully Data)","PutLarge",1,0,28.687,0.000,28.683
"Tenant A (Bully Data)","ListBucket",1,0,24.770,0.000,24.766
"Tenant A (Bully Data)","PutLarge",1,0,28.672,0.000,28.665
"Tenant A (Bully Data)","PutLarge",1,0,29.307,0.000,29.293
"Tenant A (Bully Data)","PutLarge",1,0,30.676,0.000,30.665
"Tenant A (Bully Data)","ListBucket",1,0,24.724,0.000,24.721
"Tenant A (Bully Data)","PutLarge",1,0,31.192,0.000,31.182
"Tenant A (Bully Data)","PutLarge",1,0,30.470,0.000,30.457
"Tenant A (Bully Data)","PutLarge",1,0,30.224,0.000,30.221
"Tenant A (Bully Data)","PutLarge",1,0,31.295,0.000,31.292
"Tenant A (Bully Data)","PutLarge",1,0,29.171,0.000,29.162
"Tenant A (Bully Data)","PutLarge",1,0,29.014,0.000,28.998
"Tenant A (Bully Data)","PutLarge",1,0,30.097,0.000,30.096
"Tenant A (Bully Data)","PutLarge",1,0,30.562,0.000,30.553
"Tenant A (Bully Data)","ListBucket",1,0,26.092,0.000,26.089
"Tenant A (Bully Data)","ListBucket",1,0,25.023,0.000,25.016
"Tenant A (Bully Data)","PutLarge",1,0,29.424,0.000,29.409
"Tenant A (Bully Data)","ListBucket",1,0,25.402,0.000,25.387
"Tenant A (Bully Data)","ListBucket",1,0,26.016,0.000,26.011
"Tenant A (Bully Data)","PutLarge",1,0,28.563,0.000,28.554
"Tenant A (Bully Data)","PutLarge",1,0,31.230,0.001,31.226
"Tenant A (Bully Data)","PutLarge",1,0,31.021,0.000,31.007
"Tenant A (Bully Data)","PutLarge",1,0,28.976,0.000,28.972
"Tenant A (Bully Data)","ListBucket",1,0,23.840,0.000,23.839
"Tenant A (Bully Data)","PutLarge",1,0,29.137,0.000,29.127
"Tenant A (Bully Data)","PutLarge",1,0,29.152,0.000,29.144
"Tenant A (Bully Data)","PutLarge",1,0,29.806,0.000,29.797
"Tenant A (Bully Data)","ListBucket",1,0,24.464,0.000,24.459
"Tenant A (Bully Data)","PutLarge",1,0,30.844,0.000,30.839
"Tenant A (Bully Data)","PutLarge",1,0,28.964,0.000,28.954
"Tenant A (Bully Data)","PutLarge",1,0,29.239,0.000,29.236
"Tenant A (Bully Data)","PutLarge",1,0,29.058,0.000,29.053
"Tenant A (Bully Data)","PutLarge",1,0,29.419,0.000,29.417
"Tenant A (Bully Data)","PutLarge",1,0,29.276,0.000,29.263
"Tenant A (Bully Data)","PutLarge",1,0,31.278,0.000,31.270
"Tenant A (Bully Data)","PutLarge",1,0,30.706,0.000,30.686
"Tenant A (Bully Data)","ListBucket",1,0,25.438,0.000,25.429
"Tenant A (Bully Data)","PutLarge",1,0,28.623,0.000,28.618
"Tenant A (Bully Data)","PutLarge",1,0,31.243,0.000,31.241
"Tenant A (Bully Data)","PutLarge",1,0,29.092,0.000,29.089
"Tenant A (Bully Data)","ListBucket",1,0,25.454,0.000,25.448
"Tenant A (Bully Data)","PutLarge",1,0,30.511,0.000,30.490
"Tenant A (Bully Data)","PutLarge",1,0,30.808,0.000,30.798
"Tenant A (Bully Data)","PutLarge",1,0,30.813,0.000,30.807
"Tenant A (Bully Data)","ListBucket",1,0,25.755,0.000,25.742
"Tenant A (Bully Data)","PutLarge",1,0,29.585,0.000,29.581
"Tenant A (Bully Data)","PutLarge",1,0,29.469,0.000,29.465
"Tenant A (Bully Data)","PutLarge",1,0,29.472,0.000,29.468
"Tenant A (Bully Data)","PutLarge",1,0,30.416,0.000,30.413
"Tenant A (Bully Data)","PutLarge",1,0,28.988,0.000,28.978
"Tenant A (Bully Data)","PutLarge",1,0,31.427,0.000,31.421
"Tenant A (Bully Data)","PutLarge",1,0,30.444,0.000,30.441
"Tenant A (Bully Data)","PutLarge",1,0,29.890,0.000,29.884
"Tenant A (Bully Data)","ListBucket",1,0,25.889,0.000,25.879
"Tenant A (Bully Data)","PutLarge",1,0,30.699,0.000,30.689
"Tenant A (Bully Data)","ListBucket",1,0,23.810,0.000,23.806
"Tenant A (Bully Data)","PutLarge",1,0,29.034,0.000,29.018
"Tenant A (Bully Data)","PutLarge",1,0,31.147,0.000,31.144
"Tenant A (Bully Data)","PutLarge",1,0,30.419,0.000,30.399
"Tenant A (Bully Data)","PutLarge",1,0,28.954,0.000,28.948
"Tenant A (Bully Data)","PutLarge",1,0,29.906,0.000,29.900
"Tenant A (Bully Data)","PutLarge",1,0,30.379,0.000,30.377
"Tenant A (Bully Data)","PutLarge",1,0,30.551,0.000,30.550
"Tenant A (Bully Data)","PutLarge",1,0,30.180,0.000,30.167
"Tenant A (Bully Data)","PutLarge",1,0,28.956,0.000,28.953
"Tenant A (Bully Data)","PutLarge",1,0,30.434,0.000,30.431
"Tenant A (Bully Data)","PutLarge",1,0,29.973,0.000,29.960
"Tenant A (Bully Data)","PutLarge",1,0,29.477,0.000,29.469
"Tenant A (Bully Data)","ListBucket",1,0,26.078,0.000,26.074
"Tenant A (Bully Data)","PutLarge",1,0,31.448,0.000,31.439
"Tenant A (Bully Data)","PutLarge",1,0,30.938,0.000,30.932
"Tenant A (Bully Data)","PutLarge",1,0,29.326,0.000,29.324
"Tenant A (Bully Data)","PutLarge",1,0,29.906,0.000,29.898
"Tenant A (Bully Data)","PutLarge",1,0,29.746,0.000,29.734
"Tenant A (Bully Data)","PutLarge",1,0,30.144,0.000,30.132
"Tenant A (Bully Data)","PutLarge",1,0,28.613,0.000,28.604
"Tenant A (Bully Data)","PutLarge",1,0,29.807,0.000,29.801
"Tenant A (Bully Data)","PutLarge",1,0,31.024,0.000,31.019
"Tenant A (Bully Data)","ListBucket",1,0,24.268,0.000,24.266
"Tenant A (Bully Data)","PutLarge",1,0,28.835,0.000,28.832
"Tenant A (Bully Data)","PutLarge",1,0,29.916,0.000,29.902
"Tenant A (Bully Data)","PutLarge",1,0,31.013,0.000,31.012
"Tenant A (Bully Data)","PutLarge",1,0,28.618,0.000,28.612
"Tenant A (Bully Data)","ListBucket",1,0,24.800,0.000,24.792
"Tenant A (Bully Data)","ListBucket",1,0,25.402,0.000,25.392
"Tenant A (Bully Data)","PutLarge",1,0,31.192,0.000,31.185
"Tenant A (Bully Data)","PutLarge",1,0,30.248,0.000,30.245
"Tenant A (Bully Data)","PutLarge",1,0,31.449,0.000,31.441
"Tenant A (Bully Data)","PutLarge",1,0,28.853,0.000,28.849
"Tenant A (Bully Data)","PutLarge",1,0,30.122,0.000,30.119
"Tenant A (Bully Data)","PutLarge",1,0,31.111,0.000,31.103
"Tenant A (Bully Data)","PutLarge",1,0,30.098,0.000,30.095
"Tenant A (Bully Data)","PutLarge",1,0,29.069,0.000,29.056
"Tenant A (Bully Data)","PutLarge",1,0,29.387,0.000,29.376
"Tenant A (Bully Data)","PutLarge",1,0,28.868,0.000,28.866
"Tenant A (Bully Data)","PutLarge",1,0,29.724,0.000,29.721
"Tenant A (Bully Data)","PutLarge",1,0,29.012,0.000,29.009
"Tenant A (Bully Data)","ListBucket",1,0,24.271,0.000,24.267
"Tenant A (Bully Data)","ListBucket",1,0,24.131,0.000,24.124
"Tenant A (Bully Data)","PutLarge",1,0,29.622,0.000,29.607
"Tenant A (Bully Data)","PutLarge",1,0,31.480,0.000,31.477
"Tenant A (Bully Data)","ListBucket",1,0,25.313,0.000,25.308
"Tenant A (Bully Data)","PutLarge",1,0,29.360,0.000,29.358
"Tenant A (Bully Data)","PutLarge",1,0,31.302,0.000,31.299
"Tenant A (Bully Data)","ListBucket",1,0,24.870,0.000,24.860
"Tenant A (Bully Data)","PutLarge",1,0,30.871,0.000,30.861
"Tenant A (Bully Data)","ListBucket",1,0,25.411,0.000,25.397
"Tenant A (Bully Data)","ListBucket",1,0,23.808,0.000,23.805
"Tenant A (Bully Data)","PutLarge",1,0,29.783,0.000,29.780
"Tenant A (Bully Data)","PutLarge",1,0,30.059,0.000,30.048
"Tenant A (Bully Data)","PutLarge",1,0,28.514,0.000,28.511
"Tenant A (Bully Data)","ListBucket",1,0,25.746,0.000,25.738
"Tenant A (Bully Data)","ListBucket",1,0,24.739,0.000,24.736
"Tenant A (Bully Data)","PutLarge",1,0,29.905,0.000,29.902
"Tenant A (Bully Data)","ListBucket",1,0,25.474,0.000,25.468
"Tenant A (Bully Data)","PutLarge",1,0,29.889,0.000,29.885
"Tenant A (Bully Data)","ListBucket",1,0,25.532,0.000,25.527
"Tenant A (Bully Data)","ListBucket",1,0,26.062,0.000,26.051
"Tenant A (Bully Data)","PutLarge",1,0,30.237,0.000,30.231
"Tenant A (Bully Data)","ListBucket",1,0,25.250,0.000,25.237
"Tenant A (Bully Data)","PutLarge",1,0,29.468,0.000,29.464
"Tenant A (Bully Data)","ListBucket",1,0,24.852,0.000,24.840
"Tenant A (Bully Data)","PutLarge",1,0,30.039,0.000,30.027
"Tenant A (Bully Data)","PutLarge",1,0,29.848,0.000,29.838
"Tenant A (Bully Data)","PutLarge",1,0,29.636,0.000,29.628
"Tenant A (Bully Data)","PutLarge",1,0,28.971,0.000,28.969
"Tenant A (Bully Data)","PutLarge",1,0,28.602,0.000,28.596
"Tenant A (Bully Data)","ListBucket",1,0,24.511,0.000,24.510
"Tenant A (Bully Data)","PutLarge",1,0,28.781,0.000,28.770
"Tenant A (Bully Data)","PutLarge",1,0,29.567,0.000,29.553
"Tenant A (Bully Data)","PutLarge",1,0,30.654,0.000,30.651
"Tenant A (Bully Data)","PutLarge",1,0,30.603,0.000,30.600
"Tenant A (Bully Data)","PutLarge",1,0,30.845,0.000,30.837
"Tenant A (Bully Data)","PutLarge",1,0,30.405,0.000,30.399
"Tenant A (Bully Data)","ListBucket",1,0,23.992,0.000,23.984
"Tenant A (Bully Data)","PutLarge",1,0,28.901,0.000,28.896
"Tenant A (Bully Data)","ListBucket",1,0,24.284,0.000,24.281
"Tenant A (Bully Data)","PutLarge",1,0,29.722,0.000,29.719
"Tenant A (Bully Data)","PutLarge",1,0,30.666,0.000,30.663
"Tenant A (Bully Data)","PutLarge",1,0,29.338,0.000,29.334
"Tenant A (Bully Data)","PutLarge",1,0,31.502,0.000,31.489
"Tenant A (Bully Data)","PutLarge",1,0,29.926,0.000,29.916
"Tenant A (Bully Data)","ListBucket",1,0,24.146,0.000,24.140
"Tenant A (Bully Data)","ListBucket",1,0,24.374,0.000,24.373
"Tenant A (Bully Data)","ListBucket",1,0,24.176,0.000,24.168
"Tenant A (Bully Data)","PutLarge",1,0,28.511,0.000,28.508
"Tenant A (Bully Data)","PutLarge",1,0,28.592,0.000,28.588
"Tenant A (Bully Data)","PutLarge",1,0,29.489,0.000,29.477
"Tenant A (Bully Data)","PutLarge",1,0,31.405,0.000,31.392
"Tenant A (Bully Data)","ListBucket",1,0,24.378,0.000,24.360
"Tenant A (Bully Data)","ListBucket",1,0,24.837,0.000,24.833
"Tenant A (Bully Data)","PutLarge",1,0,29.900,0.000,29.897
"Tenant A (Bully Data)","PutLarge",1,0,29.733,0.000,29.729
"Tenant A (Bully Data)","PutLarge",1,0,29.925,0.000,29.923
"Tenant A (Bully Data)","PutLarge",1,0,28.821,0.000,28.819
"Tenant A (Bully Data)","PutLarge",1,0,31.253,0.000,31.238
"Tenant A (Bully Data)","PutLarge",1,0,29.668,0.000,29.655
"Tenant A (Bully Data)","PutLarge",1,0,31.137,0.000,31.127
"Tenant A (Bully Data)","PutLarge",1,0,30.167,0.000,30.163
"Tenant A (Bully Data)","PutLarge",1,0,29.975,0.000,29.972
"Tenant A (Bully Data)","PutLarge",1,0,30.509,0.000,30.505
"Tenant A (Bully Data)","PutLarge",1,0,29.448,0.000,29.433
"Tenant A (Bully Data)","ListBucket",1,0,26.027,0.000,26.015
"Tenant A (Bully Data)","PutLarge",1,0,29.945,0.000,29.935
"Tenant A (Bully Data)","ListBucket",1,0,25.863,0.000,25.857
"Tenant A (Bully Data)","PutLarge",1,0,29.976,0.000,29.974
"Tenant A (Bully Data)","PutLarge",1,0,30.751,0.000,30.748
"Tenant A (Bully Data)","PutLarge",1,0,31.301,0.000,31.300
"Tenant A (Bully Data)","PutLarge",1,0,28.745,0.000,28.739
"Tenant A (Bully Data)","PutLarge",1,0,28.709,0.000,28.706
"Tenant A (Bully Data)","PutLarge",1,0,29.134,0.000,29.127
"Tenant A (Bully Data)","PutLarge",1,0,29.777,0.000,29.773
"Tenant A (Bully Data)","ListBucket",1,0,24.728,0.000,24.723
"Tenant A (Bully Data)","PutLarge",1,0,28.848,0.000,28.843
"Tenant A (Bully Data)","PutLarge",1,0,30.993,0.000,30.944
"Tenant A (Bully Data)","ListBucket",1,0,24.533,0.000,24.502
"Tenant A (Bully Data)","PutLarge",1,0,31.285,0.000,31.268
"Tenant A (Bully Data)","PutLarge",1,0,31.208,0.000,31.190
"Tenant A (Bully Data)","ListBucket",1,0,23.988,0.000,23.984
"Tenant A (Bully Data)","ListBucket",1,0,23.835,0.001,23.829
"Tenant A (Bully Data)","PutLarge",1,0,30.819,0.001,30.814
"Tenant A (Bully Data)","ListBucket",1,0,26.147,0.000,26.126
"Tenant A (Bully Data)","PutLarge",1,0,28.578,0.000,28.571
"Tenant A (Bully Data)","PutLarge",1,0,28.867,0.000,28.864
"Tenant A (Bully Data)","PutLarge",1,0,28.899,0.000,28.889
"Tenant A (Bully Data)","PutLarge",1,0,29.170,0.000,29.162
"Tenant A (Bully Data)","PutLarge",1,0,29.410,0.001,29.401
"Tenant A (Bully Data)","ListBucket",1,0,24.763,0.000,24.760
"Tenant A (Bully Data)","PutLarge",1,0,30.600,0.000,30.592
"Tenant A (Bully Data)","ListBucket",1,0,24.607,0.000,24.598
"Tenant A (Bully Data)","PutLarge",1,0,31.445,0.000,31.431
"Tenant A (Bully Data)","PutLarge",1,0,30.650,0.000,30.647
"Tenant A (Bully Data)","PutLarge",1,0,30.355,0.000,30.345
"Tenant A (Bully Data)","PutLarge",1,0,31.328,0.000,31.324
"Tenant A (Bully Data)","PutLarge",1,0,28.779,0.000,28.777
"Tenant A (Bully Data)","PutLarge",1,0,29.211,0.000,29.193
"Tenant A (Bully Data)","PutLarge",1,0,28.688,0.000,28.672
"Tenant A (Bully Data)","PutLarge",1,0,28.539,0.000,28.536
"Tenant A (Bully Data)","ListBucket",1,0,24.697,0.000,24.689
"Tenant A (Bully Data)","PutLarge",1,0,28.936,0.000,28.928
"Tenant A (Bully Data)","PutLarge",1,0,30.255,0.000,30.251
"Tenant A (Bully Data)","PutLarge",1,0,29.322,0.000,29.314
"Tenant A (Bully Data)","PutLarge",1,0,29.830,0.000,29.826
"Tenant A (Bully Data)","ListBucket",1,0,25.919,0.000,25.910
"Tenant A (Bully Data)","PutLarge",1,0,29.763,0.000,29.744
"Tenant A (Bully Data)","PutLarge",1,0,30.949,0.000,30.942
"Tenant A (Bully Data)","PutLarge",1,0,28.712,0.000,28.698
"Tenant A (Bully Data)","PutLarge",1,0,30.467,0.000,30.464
"Tenant A (Bully Data)","PutLarge",1,0,28.515,0.000,28.500
"Tenant A (Bully Data)","PutLarge",1,0,30.286,0.000,30.282
"Tenant A (Bully Data)","PutLarge",1,0,28.752,0.001,28.746
"Tenant A (Bully Data)","ListBucket",1,0,25.281,0.001,25.276
"Tenant A (Bully Data)","ListBucket",1,0,24.981,0.001,24.970
"Tenant A (Bully Data)","PutLarge",1,0,29.400,0.000,29.387
"Tenant A (Bully Data)","ListBucket",1,0,24.205,0.000,24.202
"Tenant A (Bully Data)","PutLarge",1,0,28.559,0.000,28.553
"Tenant A (Bully Data)","PutLarge",1,0,31.257,0.000,31.249
"Tenant A (Bully Data)","PutLarge",1,0,29.605,0.000,29.585
"Tenant A (Bully Data)","PutLarge",1,0,30.276,0.000,30.270
"Tenant A (Bully Data)","ListBucket",1,0,25.980,0.000,25.962
"Tenant A (Bully Data)","ListBucket",1,0,24.251,0.000,24.231
"Tenant A (Bully Data)","PutLarge",1,0,31.280,0.000,31.271
"Tenant A (Bully Data)","PutLarge",1,0,29.609,0.000,29.593
"Tenant A (Bully Data)","PutLarge",1,0,30.080,0.000,30.077
"Tenant A (Bully Data)","PutLarge",1,0,30.874,0.000,30.866
"Tenant A (Bully Data)","PutLarge",1,0,30.820,0.000,30.816
"Tenant A (Bully Data)","PutLarge",1,0,28.664,0.000,28.662
"Tenant A (Bully Data)","PutLarge",1,0,29.278,0.000,29.276
"Tenant A (Bully Data)","PutLarge",1,0,29.447,0.000,29.434
"Tenant A (Bully Data)","PutLarge",1,0,31.054,0.000,31.049
"Tenant A (Bully Data)","PutLarge",1,0,30.630,0.000,30.627
"Tenant A (Bully Data)","ListBucket",1,0,25.505,0.000,25.502
"Tenant A (Bully Data)","ListBucket",1,0,25.980,0.000,25.976
"Tenant A (Bully Data)","ListBucket",1,0,23.768,0.000,23.764
"Tenant A (Bully Data)","ListBucket",1,0,24.002,0.000,23.992
"Tenant A (Bully Data)","ListBucket",1,0,24.412,0.000,24.404
"Tenant A (Bully Data)","ListBucket",1,0,26.166,0.000,26.153
"Tenant A (Bully Data)","PutLarge",1,0,30.665,0.000,30.661
"Tenant A (Bully Data)","ListBucket",1,0,24.372,0.000,24.364
"Tenant A (Bully Data)","PutLarge",1,0,30.168,0.000,30.160
"Tenant A (Bully Data)","PutLarge",1,0,30.457,0.000,30.453
"Tenant A (Bully Data)","PutLarge",1,0,29.830,0.000,29.816
"Tenant A (Bully Data)","PutLarge",1,0,29.345,0.000,29.342
"Tenant A (Bully Data)","PutLarge",1,0,29.221,0.000,29.217
"Tenant A (Bully Data)","PutLarge",1,0,30.177,0.000,30.172
"Tenant A (Bully Data)","PutLarge",1,0,28.986,0.000,28.983
"Tenant A (Bully Data)","PutLarge",1,0,29.330,0.000,29.328
"Tenant A (Bully Data)","ListBucket",1,0,26.062,0.000,26.053
"Tenant A (Bully Data)","ListBucket",1,0,25.247,0.000,25.242
"Tenant A (Bully Data)","PutLarge",1,0,31.123,0.000,31.121
"Tenant A (Bully Data)","PutLarge",1,0,30.220,0.000,30.197
"Tenant A (Bully Data)","ListBucket",1,0,25.851,0.000,25.836
"Tenant A (Bully Data)","ListBucket",1,0,25.307,0.000,25.297
"Tenant A (Bully Data)","ListBucket",1,0,24.985,0.000,24.981
"Tenant A (Bully Data)","PutLarge",1,0,28.550,0.000,28.546
"Tenant A (Bully Data)","ListBucket",1,0,23.929,0.000,23.919
"Tenant A (Bully Data)","PutLarge",1,0,30.519,0.000,30.505
"Tenant A (Bully Data)","PutLarge",1,0,28.780,0.001,28.764
"Tenant A (Bully Data)","PutLarge",1,0,28.665,0.000,28.650
"Tenant A (Bully Data)","PutLarge",1,0,28.967,0.000,28.957
"Tenant A (Bully Data)","ListBucket",1,0,25.630,0.000,25.626
"Tenant A (Bully Data)","PutLarge",1,0,29.983,0.000,29.971
"Tenant A (Bully Data)","PutLarge",1,0,29.109,0.000,29.089
"Tenant A (Bully Data)","ListBucket",1,0,25.230,0.000,25.226
"Tenant A (Bully Data)","PutLarge",1,0,29.874,0.000,29.868
"Tenant A (Bully Data)","PutLarge",1,0,29.410,0.000,29.407
"Tenant A (Bully Data)","PutLarge",1,0,31.427,0.000,31.412
"Tenant A (Bully Data)","PutLarge",1,0,29.881,0.000,29.858
"Tenant A (Bully Data)","PutLarge",1,0,28.834,0.000,28.822
"Tenant A (Bully Data)","ListBucket",1,0,25.067,0.000,25.056
"Tenant A (Bully Data)","ListBucket",1,0,24.336,0.000,24.333
"Tenant A (Bully Data)","PutLarge",1,0,29.729,0.000,29.707
"Tenant A (Bully Data)","PutLarge",1,0,28.577,0.001,28.572
"Tenant A (Bully Data)","PutLarge",1,0,29.956,0.000,29.946
"Tenant A (Bully Data)","PutLarge",1,0,29.900,0.001,29.891
"Tenant A (Bully Data)","PutLarge",1,0,29.143,0.000,29.139
"Tenant A (Bully Data)","ListBucket",1,0,25.907,0.000,25.904
"Tenant A (Bully Data)","PutLarge",1,0,29.559,0.000,29.556
"Tenant A (Bully Data)","PutLarge",1,0,28.523,0.001,28.515
"Tenant A (Bully Data)","PutLarge",1,0,30.752,0.000,30.749
"Tenant A (Bully Data)","PutLarge",1,0,29.173,0.000,29.168
"Tenant A (Bully Data)","PutLarge",1,0,31.350,0.000,31.336
"Tenant A (Bully Data)","ListBucket",1,0,25.390,0.000,25.382
"Tenant A (Bully Data)","ListBucket",1,0,25.376,0.000,25.346
"Tenant A (Bully Data)","ListBucket",1,0,24.998,0.000,24.962
"Tenant A (Bully Data)","PutLarge",1,0,29.866,0.000,29.847
"Tenant A (Bully Data)","PutLarge",1,0,31.277,0.000,31.257
"Tenant A (Bully Data)","PutLarge",1,0,31.190,0.000,31.185
"Tenant A (Bully Data)","PutLarge",1,0,29.243,0.000,29.238
"Tenant A (Bully Data)","ListBucket",1,0,25.505,0.000,25.501
"Tenant A (Bully Data)","PutLarge",1,0,31.238,0.000,31.229
"Tenant A (Bully Data)","PutLarge",1,0,31.069,0.000,31.066
"Tenant B (Interactive Data)","GetSmall",1,0,5.230,0.001,5.206
"Tenant B (Interactive Data)","PutSmall",1,0,7.513,0.000,7.498
"Tenant B (Interactive Data)","PutSmall",1,0,7.697,0.000,7.677
"Tenant B (Interactive Data)","GetSmall",1,0,5.106,0.000,5.092
"Tenant B (Interactive Data)","PutSmall",1,0,7.876,0.001,7.833
"Tenant B (Interactive Data)","PutSmall",1,0,7.223,0.000,7.191
"Tenant B (Interactive Data)","GetSmall",1,0,5.136,0.000,5.083
"Tenant B (Interactive Data)","PutSmall",1,0,7.543,0.000,7.512
"Tenant B (Interactive Data)","GetSmall",1,0,4.931,0.000,4.906
"Tenant B (Interactive Data)","PutSmall",1,0,7.770,0.000,7.759
"Tenant B (Interactive Data)","PutSmall",1,0,7.532,0.000,7.530
"Tenant B (Interactive Data)","GetSmall",1,0,5.084,0.000,5.072
"Tenant B (Interactive Data)","PutSmall",1,0,7.475,0.001,7.451
"Tenant B (Interactive Data)","PutSmall",1,0,7.906,0.004,7.859
"Tenant B (Interactive Data)","GetSmall",1,0,5.056,0.001,5.022
"Tenant B (Interactive Data)","GetSmall",1,0,4.899,0.000,4.886
"Tenant B (Interactive Data)","PutSmall",1,0,7.872,0.001,7.723
"Tenant B (Interactive Data)","GetSmall",1,0,5.132,0.002,5.015
"Tenant B (Interactive Data)","GetSmall",1,0,5.230,0.002,5.168
"Tenant B (Interactive Data)","PutSmall",1,0,7.861,0.001,7.831
"Tenant B (Interactive Data)","GetSmall",1,0,5.005,0.001,4.990
"Tenant B (Interactive Data)","GetSmall",1,0,5.009,0.000,4.988
"Tenant B (Interactive Data)","GetSmall",1,0,4.909,0.000,4.906
"Tenant B (Interactive Data)","GetSmall",1,0,4.903,0.000,4.899
"Tenant B (Interactive Data)","GetSmall",1,0,4.772,0.000,4.770
"Tenant B (Interactive Data)","GetSmall",1,0,5.100,0.000,5.099
"Tenant B (Interactive Data)","PutSmall",1,0,7.746,0.000,7.744
"Tenant B (Interactive Data)","GetSmall",1,0,4.766,0.000,4.752
"Tenant B (Interactive Data)","PutSmall",1,0,7.306,0.000,7.304
"Tenant B (Interactive Data)","PutSmall",1,0,7.414,0.000,7.348
"Tenant B (Interactive Data)","PutSmall",1,0,7.742,0.001,7.736
"Tenant B (Interactive Data)","GetSmall",1,0,4.813,0.000,4.795
"Tenant B (Interactive Data)","GetSmall",1,0,4.958,0.000,4.948
"Tenant B (Interactive Data)","PutSmall",1,0,7.589,0.000,7.581
"Tenant B (Interactive Data)","GetSmall",1,0,4.985,0.000,4.971
"Tenant B (Interactive Data)","PutSmall",1,0,7.828,0.000,7.810
"Tenant B (Interactive Data)","GetSmall",1,0,5.163,0.000,5.142
"Tenant B (Interactive Data)","GetSmall",1,0,5.219,0.000,5.214
"Tenant B (Interactive Data)","PutSmall",1,0,7.252,0.000,7.250
"Tenant B (Interactive Data)","GetSmall",1,0,4.846,0.000,4.843
"Tenant B (Interactive Data)","GetSmall",1,0,5.001,0.000,4.969
"Tenant B (Interactive Data)","PutSmall",1,0,7.547,0.001,7.527
"Tenant B (Interactive Data)","PutSmall",1,0,7.613,0.000,7.599
"Tenant B (Interactive Data)","PutSmall",1,0,7.885,0.000,7.846
"Tenant B (Interactive Data)","GetSmall",1,0,5.027,0.001,5.022
"Tenant B (Interactive Data)","GetSmall",1,0,4.784,0.001,4.775
"Tenant B (Interactive Data)","PutSmall",1,0,7.398,0.000,7.395
"Tenant B (Interactive Data)","GetSmall",1,0,4.820,0.000,4.816
"Tenant B (Interactive Data)","GetSmall",1,0,5.211,0.000,5.204
"Tenant B (Interactive Data)","GetSmall",1,0,4.947,0.000,4.944
"Tenant B (Interactive Data)","GetSmall",1,0,5.275,0.001,5.247
"Tenant B (Interactive Data)","GetSmall",1,0,4.896,0.000,4.883
"Tenant B (Interactive Data)","PutSmall",1,0,7.615,0.000,7.604
"Tenant B (Interactive Data)","PutSmall",1,0,7.698,0.000,7.662
"Tenant B (Interactive Data)","PutSmall",1,0,7.573,0.000,7.563
"Tenant B (Interactive Data)","GetSmall",1,0,4.951,0.000,4.919
"Tenant B (Interactive Data)","GetSmall",1,0,5.251,0.000,5.243
"Tenant B (Interactive Data)","PutSmall",1,0,7.289,0.000,7.274
"Tenant B (Interactive Data)","PutSmall",1,0,7.501,0.000,7.487
"Tenant B (Interactive Data)","PutSmall",1,0,7.776,0.000,7.757
"Tenant B (Interactive Data)","GetSmall",1,0,5.003,0.000,4.994
"Tenant B (Interactive Data)","PutSmall",1,0,7.385,0.000,7.381
"Tenant B (Interactive Data)","GetSmall",1,0,4.849,0.000,4.845
"Tenant B (Interactive Data)","PutSmall",1,0,7.855,0.000,7.850
"Tenant B (Interactive Data)","GetSmall",1,0,4.826,0.000,4.818
"Tenant B (Interactive Data)","GetSmall",1,0,5.083,0.000,5.080
"Tenant B (Interactive Data)","PutSmall",1,0,7.489,0.000,7.483
"Tenant B (Interactive Data)","GetSmall",1,0,5.072,0.000,5.065
"Tenant B (Interactive Data)","GetSmall",1,0,5.195,0.000,5.183
"Tenant B (Interactive Data)","GetSmall",1,0,5.074,0.000,5.055
"Tenant B (Interactive Data)","GetSmall",1,0,5.213,0.000,5.209
"Tenant B (Interactive Data)","GetSmall",1,0,4.852,0.000,4.846
"Tenant B (Interactive Data)","PutSmall",1,0,7.354,0.000,7.350
"Tenant B (Interactive Data)","PutSmall",1,0,7.840,0.000,7.794
"Tenant B (Interactive Data)","GetSmall",1,0,5.143,0.000,5.138
"Tenant B (Interactive Data)","PutSmall",1,0,7.702,0.000,7.670
"Tenant B (Interactive Data)","PutSmall",1,0,7.191,0.000,7.174
"Tenant B (Interactive Data)","PutSmall",1,0,7.594,0.000,7.577
"Tenant B (Interactive Data)","PutSmall",1,0,7.814,0.000,7.781
"Tenant B (Interactive Data)","PutSmall",1,0,7.195,0.000,7.188
"Tenant B (Interactive Data)","GetSmall",1,0,4.981,0.000,4.967
"Tenant B (Interactive Data)","PutSmall",1,0,7.397,0.000,7.394
"Tenant B (Interactive Data)","PutSmall",1,0,7.322,0.000,7.304
"Tenant B (Interactive Data)","PutSmall",1,0,7.530,0.000,7.524
"Tenant B (Interactive Data)","PutSmall",1,0,7.775,0.000,7.770
"Tenant B (Interactive Data)","GetSmall",1,0,4.808,0.000,4.803
"Tenant B (Interactive Data)","GetSmall",1,0,4.891,0.000,4.886
"Tenant B (Interactive Data)","PutSmall",1,0,7.147,0.000,7.142
"Tenant B (Interactive Data)","GetSmall",1,0,4.865,0.000,4.856
"Tenant B (Interactive Data)","GetSmall",1,0,4.982,0.000,4.975
"Tenant B (Interactive Data)","GetSmall",1,0,4.972,0.000,4.967
"Tenant B (Interactive Data)","PutSmall",1,0,7.142,0.000,7.126
"Tenant B (Interactive Data)","PutSmall",1,0,7.318,0.000,7.316
"Tenant B (Interactive Data)","PutSmall",1,0,7.616,0.000,7.607
"Tenant B (Interactive Data)","PutSmall",1,0,7.165,0.000,7.160
"Tenant B (Interactive Data)","PutSmall",1,0,7.476,0.000,7.462
"Tenant B (Interactive Data)","GetSmall",1,0,5.167,0.000,5.164
"Tenant B (Interactive Data)","PutSmall",1,0,7.457,0.000,7.448
"Tenant B (Interactive Data)","PutSmall",1,0,7.277,0.000,7.263
"Tenant B (Interactive Data)","PutSmall",1,0,7.571,0.000,7.568
"Tenant B (Interactive Data)","GetSmall",1,0,4.865,0.000,4.851
"Tenant B (Interactive Data)","GetSmall",1,0,5.001,0.000,4.997
"Tenant B (Interactive Data)","GetSmall",1,0,4.764,0.000,4.753
"Tenant B (Interactive Data)","PutSmall",1,0,7.322,0.000,7.317
"Tenant B (Interactive Data)","GetSmall",1,0,5.011,0.000,4.974
"Tenant B (Interactive Data)","PutSmall",1,0,7.812,0.000,7.802
"Tenant B (Interactive Data)","PutSmall",1,0,7.421,0.000,7.415
"Tenant B (Interactive Data)","GetSmall",1,0,5.113,0.001,5.108
"Tenant B (Interactive Data)","GetSmall",1,0,5.039,0.000,5.025
"Tenant B (Interactive Data)","GetSmall",1,0,5.071,0.000,5.055
"Tenant B (Interactive Data)","GetSmall",1,0,5.046,0.000,5.041
"Tenant B (Interactive Data)","PutSmall",1,0,7.592,0.000,7.587
"Tenant B (Interactive Data)","PutSmall",1,0,7.418,0.000,7.415
"Tenant B (Interactive Data)","PutSmall",1,0,7.726,0.000,7.724
"Tenant B (Interactive Data)","PutSmall",1,0,7.260,0.000,7.246
"Tenant B (Interactive Data)","GetSmall",1,0,5.150,0.000,5.144
"Tenant B (Interactive Data)","GetSmall",1,0,4.843,0.000,4.831
"Tenant B (Interactive Data)","GetSmall",1,0,5.153,0.000,5.148
"Tenant B (Interactive Data)","GetSmall",1,0,4.993,0.000,4.990
"Tenant B (Interactive Data)","PutSmall",1,0,7.692,0.000,7.679
"Tenant B (Interactive Data)","PutSmall",1,0,7.776,0.000,7.772
"Tenant B (Interactive Data)","PutSmall",1,0,7.801,0.000,7.781
"Tenant B (Interactive Data)","PutSmall",1,0,7.604,0.001,7.558
"Tenant B (Interactive Data)","GetSmall",1,0,4.990,0.002,4.980
"Tenant B (Interactive Data)","PutSmall",1,0,7.657,0.000,7.652
"Tenant B (Interactive Data)","PutSmall",1,0,7.135,0.000,7.132
"Tenant B (Interactive Data)","PutSmall",1,0,7.200,0.000,7.183
"Tenant B (Interactive Data)","GetSmall",1,0,4.887,0.000,4.883
"Tenant B (Interactive Data)","GetSmall",1,0,4.879,0.000,4.876
"Tenant B (Interactive Data)","GetSmall",1,0,5.203,0.000,5.171
"Tenant B (Interactive Data)","GetSmall",1,0,4.940,0.000,4.934
"Tenant B (Interactive Data)","PutSmall",1,0,7.738,0.000,7.732
"Tenant B (Interactive Data)","GetSmall",1,0,5.158,0.000,5.152
"Tenant B (Interactive Data)","GetSmall",1,0,5.104,0.000,5.094
"Tenant B (Interactive Data)","GetSmall",1,0,4.877,0.000,4.871
"Tenant B (Interactive Data)","GetSmall",1,0,5.051,0.000,5.045
"Tenant B (Interactive Data)","GetSmall",1,0,5.131,0.000,5.127
"Tenant B (Interactive Data)","GetSmall",1,0,5.247,0.000,5.243
"Tenant B (Interactive Data)","GetSmall",1,0,4.947,0.000,4.938
"Tenant B (Interactive Data)","GetSmall",1,0,5.073,0.000,5.058
"Tenant B (Interactive Data)","PutSmall",1,0,7.829,0.000,7.812
"Tenant B (Interactive Data)","PutSmall",1,0,7.167,0.000,7.160
"Tenant B (Interactive Data)","PutSmall",1,0,7.312,0.000,7.303
"Tenant B (Interactive Data)","PutSmall",1,0,7.384,0.000,7.375
"Tenant B (Interactive Data)","PutSmall",1,0,7.345,0.000,7.337
"Tenant B (Interactive Data)","GetSmall",1,0,5.070,0.000,5.065
"Tenant B (Interactive Data)","PutSmall",1,0,7.687,0.000,7.677
"Tenant B (Interactive Data)","GetSmall",1,0,5.086,0.000,5.079
"Tenant B (Interactive Data)","PutSmall",1,0,7.496,0.000,7.491
"Tenant B (Interactive Data)","GetSmall",1,0,4.893,0.000,4.888
"Tenant B (Interactive Data)","GetSmall",1,0,5.199,0.000,5.186
"Tenant B (Interactive Data)","PutSmall",1,0,7.565,0.000,7.551
"Tenant B (Interactive Data)","PutSmall",1,0,7.765,0.001,7.757
"Tenant B (Interactive Data)","GetSmall",1,0,5.172,0.000,5.163
"Tenant B (Interactive Data)","GetSmall",1,0,4.899,0.000,4.891
"Tenant B (Interactive Data)","GetSmall",1,0,5.048,0.000,5.035
"Tenant B (Interactive Data)","GetSmall",1,0,5.162,0.000,5.155
"Tenant B (Interactive Data)","PutSmall",1,0,7.762,0.000,7.756
"Tenant B (Interactive Data)","PutSmall",1,0,7.784,0.000,7.778
"Tenant B (Interactive Data)","GetSmall",1,0,4.856,0.000,4.848
"Tenant B (Interactive Data)","GetSmall",1,0,4.771,0.000,4.768
"Tenant B (Interactive Data)","PutSmall",1,0,7.802,0.000,7.791
"Tenant B (Interactive Data)","GetSmall",1,0,4.871,0.000,4.861
"Tenant B (Interactive Data)","GetSmall",1,0,4.976,0.000,4.967
"Tenant B (Interactive Data)","GetSmall",1,0,5.107,0.000,5.100
"Tenant B (Interactive Data)","GetSmall",1,0,4.888,0.000,4.880
"Tenant B (Interactive Data)","GetSmall",1,0,4.831,0.000,4.803
"Tenant B (Interactive Data)","PutSmall",1,0,7.543,0.000,7.538
"Tenant B (Interactive Data)","GetSmall",1,0,5.226,0.000,5.222
"Tenant B (Interactive Data)","PutSmall",1,0,7.187,0.000,7.179
"Tenant B (Interactive Data)","PutSmall",1,0,7.846,0.000,7.843
"Tenant B (Interactive Data)","GetSmall",1,0,5.257,0.000,5.248
"Tenant B (Interactive Data)","GetSmall",1,0,5.143,0.000,5.135
"Tenant B (Interactive Data)","PutSmall",1,0,7.331,0.000,7.329
"Tenant B (Interactive Data)","PutSmall",1,0,7.234,0.000,7.222
"Tenant B (Interactive Data)","GetSmall",1,0,4.761,0.000,4.758
"Tenant B (Interactive Data)","GetSmall",1,0,5.094,0.000,5.091
"Tenant B (Interactive Data)","PutSmall",1,0,7.598,0.000,7.596
"Tenant B (Interactive Data)","PutSmall",1,0,7.312,0.000,7.308
"Tenant B (Interactive Data)","GetSmall",1,0,4.899,0.000,4.893
"Tenant B (Interactive Data)","PutSmall",1,0,7.734,0.000,7.730
"Tenant B (Interactive Data)","GetSmall",1,0,5.239,0.000,5.235
"Tenant B (Interactive Data)","GetSmall",1,0,5.022,0.000,5.019
"Tenant B (Interactive Data)","PutSmall",1,0,7.275,0.000,7.273
"Tenant B (Interactive Data)","PutSmall",1,0,7.159,0.000,7.143
"Tenant B (Interactive Data)","GetSmall",1,0,5.219,0.000,5.217
"Tenant B (Interactive Data)","GetSmall",1,0,4.974,0.001,4.969
"Tenant B (Interactive Data)","GetSmall",1,0,5.051,0.000,5.048
"Tenant B (Interactive Data)","GetSmall",1,0,5.074,0.001,5.050
"Tenant B (Interactive Data)","PutSmall",1,0,7.375,0.001,7.371
"Tenant B (Interactive Data)","GetSmall",1,0,4.935,0.001,4.932
"Tenant B (Interactive Data)","GetSmall",1,0,5.076,0.000,5.071
"Tenant B (Interactive Data)","GetSmall",1,0,5.141,0.000,5.128
"Tenant B (Interactive Data)","PutSmall",1,0,7.565,0.000,7.553
"Tenant B (Interactive Data)","GetSmall",1,0,4.825,0.000,4.814
"Tenant B (Interactive Data)","GetSmall",1,0,5.110,0.000,5.096
"Tenant B (Interactive Data)","GetSmall",1,0,5.190,0.000,5.143
"Tenant B (Interactive Data)","PutSmall",1,0,7.828,0.000,7.822
"Tenant B (Interactive Data)","PutSmall",1,0,7.334,0.000,7.326
"Tenant B (Interactive Data)","PutSmall",1,0,7.529,0.000,7.526
"Tenant B (Interactive Data)","GetSmall",1,0,5.215,0.000,5.213
"Tenant B (Interactive Data)","GetSmall",1,0,4.928,0.000,4.914
"Tenant B (Interactive Data)","PutSmall",1,0,7.585,0.000,7.581
"Tenant B (Interactive Data)","GetSmall",1,0,4.861,0.000,4.856
"Tenant B (Interactive Data)","PutSmall",1,0,7.860,0.000,7.854
"Tenant B (Interactive Data)","GetSmall",1,0,4.994,0.000,4.965
"Tenant B (Interactive Data)","PutSmall",1,0,7.208,0.000,7.191
"Tenant B (Interactive Data)","GetSmall",1,0,4.991,0.000,4.987
"Tenant B (Interactive Data)","GetSmall",1,0,5.195,0.000,5.192
"Tenant B (Interactive Data)","PutSmall",1,0,7.395,0.000,7.390
"Tenant B (Interactive Data)","PutSmall",1,0,7.663,0.000,7.656
"Tenant B (Interactive Data)","PutSmall",1,0,7.493,0.000,7.488
"Tenant B (Interactive Data)","PutSmall",1,0,7.526,0.000,7.521
"Tenant B (Interactive Data)","PutSmall",1,0,7.479,0.000,7.448
"Tenant B (Interactive Data)","PutSmall",1,0,7.806,0.000,7.803
"Tenant B (Interactive Data)","GetSmall",1,0,5.181,0.000,5.176
"Tenant B (Interactive Data)","GetSmall",1,0,5.154,0.000,5.151
"Tenant B (Interactive Data)","PutSmall",1,0,7.719,0.000,7.704
"Tenant B (Interactive Data)","GetSmall",1,0,5.193,0.000,5.190
"Tenant B (Interactive Data)","GetSmall",1,0,4.892,0.000,4.889
"Tenant B (Interactive Data)","GetSmall",1,0,5.226,0.000,5.223
"Tenant B (Interactive Data)","PutSmall",1,0,7.466,0.000,7.462
"Tenant B (Interactive Data)","GetSmall",1,0,4.862,0.000,4.858
"Tenant B (Interactive Data)","GetSmall",1,0,5.116,0.000,5.113
"Tenant B (Interactive Data)","GetSmall",1,0,5.177,0.000,5.158
"Tenant B (Interactive Data)","PutSmall",1,0,7.263,0.000,7.256
"Tenant B (Interactive Data)","GetSmall",1,0,4.916,0.000,4.890
"Tenant B (Interactive Data)","PutSmall",1,0,7.728,0.000,7.726
"Tenant B (Interactive Data)","PutSmall",1,0,7.421,0.000,7.415
"Tenant B (Interactive Data)","PutSmall",1,0,7.711,0.000,7.708
"Tenant B (Interactive Data)","PutSmall",1,0,7.542,0.000,7.539
"Tenant B (Interactive Data)","PutSmall",1,0,7.599,0.000,7.592
"Tenant B (Interactive Data)","GetSmall",1,0,4.872,0.000,4.868
"Tenant B (Interactive Data)","PutSmall",1,0,7.754,0.000,7.743
"Tenant B (Interactive Data)","PutSmall",1,0,7.253,0.000,7.250
"Tenant B (Interactive Data)","PutSmall",1,0,7.788,0.000,7.785
"Tenant B (Interactive Data)","PutSmall",1,0,7.842,0.000,7.838
"Tenant B (Interactive Data)","PutSmall",1,0,7.212,0.000,7.206
"Tenant B (Interactive Data)","GetSmall",1,0,4.978,0.000,4.958
"Tenant B (Interactive Data)","PutSmall",1,0,7.181,0.001,7.178
"Tenant B (Interactive Data)","PutSmall",1,0,7.739,0.001,7.705
"Tenant B (Interactive Data)","GetSmall",1,0,4.795,0.000,4.767
"Tenant B (Interactive Data)","PutSmall",1,0,7.659,0.001,7.646
"Tenant B (Interactive Data)","PutSmall",1,0,7.776,0.000,7.772
"Tenant B (Interactive Data)","PutSmall",1,0,7.851,0.000,7.843
"Tenant B (Interactive Data)","GetSmall",1,0,4.937,0.000,4.933
"Tenant B (Interactive Data)","GetSmall",1,0,5.205,0.000,5.203
"Tenant B (Interactive Data)","PutSmall",1,0,7.486,0.000,7.482
"Tenant B (Interactive Data)","PutSmall",1,0,7.280,0.000,7.276
"Tenant B (Interactive Data)","GetSmall",1,0,4.834,0.000,4.831
"Tenant B (Interactive Data)","GetSmall",1,0,4.988,0.000,4.985
"Tenant B (Interactive Data)","PutSmall",1,0,7.606,0.000,7.602
"Tenant B (Interactive Data)","GetSmall",1,0,4.839,0.000,4.834
"Tenant B (Interactive Data)","GetSmall",1,0,4.990,0.000,4.960
"Tenant B (Interactive Data)","PutSmall",1,0,7.851,0.000,7.848
"Tenant B (Interactive Data)","PutSmall",1,0,7.356,0.000,7.342
"Tenant B (Interactive Data)","GetSmall",1,0,5.125,0.000,5.121
"Tenant B (Interactive Data)","PutSmall",1,0,7.804,0.000,7.803
"Tenant B (Interactive Data)","PutSmall",1,0,7.297,0.000,7.295
"Tenant B (Interactive Data)","GetSmall",1,0,5.047,0.000,5.045
"Tenant B (Interactive Data)","GetSmall",1,0,4.858,0.000,4.856
"Tenant B (Interactive Data)","PutSmall",1,0,7.873,0.000,7.870
"Tenant B (Interactive Data)","PutSmall",1,0,7.431,0.000,7.428
"Tenant B (Interactive Data)","PutSmall",1,0,7.744,0.001,7.721
"Tenant B (Interactive Data)","GetSmall",1,0,5.213,0.000,5.211
"Tenant B (Interactive Data)","GetSmall",1,0,5.150,0.000,5.142
"Tenant B (Interactive Data)","PutSmall",1,0,7.265,0.000,7.245
"Tenant B (Interactive Data)","GetSmall",1,0,4.993,0.001,4.959
"Tenant B (Interactive Data)","PutSmall",1,0,7.308,0.000,7.305
"Tenant B (Interactive Data)","PutSmall",1,0,7.761,0.000,7.757
"Tenant B (Interactive Data)","PutSmall",1,0,7.887,0.000,7.871
"Tenant B (Interactive Data)","PutSmall",1,0,7.601,0.000,7.596
"Tenant B (Interactive Data)","PutSmall",1,0,7.387,0.001,7.358
"Tenant B (Interactive Data)","GetSmall",1,0,5.192,0.000,5.190
"Tenant B (Interactive Data)","GetSmall",1,0,4.781,0.000,4.778
"Tenant B (Interactive Data)","GetSmall",1,0,4.810,0.000,4.808
"Tenant B (Interactive Data)","GetSmall",1,0,5.228,0.000,5.225
"Tenant B (Interactive Data)","GetSmall",1,0,5.054,0.000,5.050
"Tenant B (Interactive Data)","PutSmall",1,0,7.754,0.001,7.732
"Tenant B (Interactive Data)","GetSmall",1,0,4.794,0.000,4.791
"Tenant B (Interactive Data)","GetSmall",1,0,4.953,0.000,4.950
"Tenant B (Interactive Data)","PutSmall",1,0,7.350,0.000,7.337
"Tenant B (Interactive Data)","GetSmall",1,0,4.875,0.000,4.872
"Tenant B (Interactive Data)","GetSmall",1,0,5.229,0.000,5.226
"Tenant B (Interactive Data)","GetSmall",1,0,5.078,0.000,5.067
"Tenant B (Interactive Data)","PutSmall",1,0,7.391,0.000,7.385
"Tenant B (Interactive Data)","GetSmall",1,0,4.974,0.000,4.964
"Tenant B (Interactive Data)","PutSmall",1,0,7.296,0.000,7.284
"Tenant B (Interactive Data)","GetSmall",1,0,4.859,0.000,4.855
"Tenant B (Interactive Data)","GetSmall",1,0,4.993,0.000,4.990
"Tenant B (Interactive Data)","PutSmall",1,0,7.589,0.000,7.586
"Tenant B (Interactive Data)","PutSmall",1,0,7.283,0.000,7.281
"Tenant B (Interactive Data)","GetSmall",1,0,4.844,0.000,4.839
"Tenant B (Interactive Data)","GetSmall",1,0,4.942,0.000,4.939
"Tenant B (Interactive Data)","PutSmall",1,0,7.815,0.000,7.811
"Tenant B (Interactive Data)","PutSmall",1,0,7.550,0.000,7.543
"Tenant B (Interactive Data)","GetSmall",1,0,5.221,0.000,5.202
"Tenant B (Interactive Data)","GetSmall",1,0,5.290,0.001,5.241
"Tenant B (Interactive Data)","PutSmall",1,0,7.135,0.001,7.130
"Tenant B (Interactive Data)","PutSmall",1,0,7.367,0.000,7.362
"Tenant B (Interactive Data)","PutSmall",1,0,7.167,0.000,7.158
"Tenant B (Interactive Data)","GetSmall",1,0,5.077,0.000,5.071
"Tenant B (Interactive Data)","PutSmall",1,0,7.162,0.000,7.158
"Tenant B (Interactive Data)","GetSmall",1,0,5.172,0.000,5.169
"Tenant B (Interactive Data)","GetSmall",1,0,5.099,0.000,5.086
"Tenant B (Interactive Data)","GetSmall",1,0,5.228,0.000,5.224
"Tenant B (Interactive Data)","PutSmall",1,0,7.809,0.000,7.781
"Tenant B (Interactive Data)","GetSmall",1,0,4.862,0.000,4.844
"Tenant B (Interactive Data)","PutSmall",1,0,7.834,0.001,7.827
"Tenant B (Interactive Data)","GetSmall",1,0,5.075,0.000,5.072
"Tenant B (Interactive Data)","GetSmall",1,0,5.267,0.000,5.250
"Tenant B (Interactive Data)","PutSmall",1,0,7.652,0.000,7.633
"Tenant B (Interactive Data)","PutSmall",1,0,7.510,0.000,7.506
"Tenant B (Interactive Data)","GetSmall",1,0,4.900,0.000,4.897
"Tenant B (Interactive Data)","PutSmall",1,0,7.360,0.000,7.342
"Tenant B (Interactive Data)","GetSmall",1,0,4.850,0.000,4.833
"Tenant B (Interactive Data)","PutSmall",1,0,7.827,0.000,7.824
"Tenant B (Interactive Data)","PutSmall",1,0,7.286,0.000,7.283
"Tenant B (Interactive Data)","GetSmall",1,0,4.900,0.000,4.870
"Tenant B (Interactive Data)","GetSmall",1,0,5.173,0.000,5.167
"Tenant B (Interactive Data)","GetSmall",1,0,5.180,0.000,5.176
"Tenant B (Interactive Data)","PutSmall",1,0,7.150,0.001,7.146
"Tenant B (Interactive Data)","PutSmall",1,0,7.681,0.000,7.677
"Tenant B (Interactive Data)","GetSmall",1,0,4.933,0.000,4.929
"Tenant B (Interactive Data)","PutSmall",1,0,7.247,0.000,7.242
"Tenant B (Interactive Data)","GetSmall",1,0,5.152,0.000,5.150
"Tenant B (Interactive Data)","PutSmall",1,0,7.759,0.000,7.748
"Tenant B (Interactive Data)","GetSmall",1,0,5.134,0.000,5.131
"Tenant B (Interactive Data)","GetSmall",1,0,4.937,0.000,4.925
"Tenant B (Interactive Data)","PutSmall",1,0,7.808,0.000,7.794
"Tenant B (Interactive Data)","PutSmall",1,0,7.637,0.000,7.635
"Tenant B (Interactive Data)","GetSmall",1,0,4.979,0.000,4.968
"Tenant B (Interactive Data)","GetSmall",1,0,4.770,0.000,4.764
"Tenant B (Interactive Data)","GetSmall",1,0,4.978,0.000,4.973
"Tenant B (Interactive Data)","GetSmall",1,0,4.911,0.001,4.885
"Tenant B (Interactive Data)","GetSmall",1,0,5.095,0.000,5.083
"Tenant B (Interactive Data)","PutSmall",1,0,7.406,0.000,7.402
"Tenant B (Interactive Data)","PutSmall",1,0,7.700,0.000,7.696
"Tenant B (Interactive Data)","GetSmall",1,0,4.963,0.000,4.961
"Tenant B (Interactive Data)","GetSmall",1,0,5.134,0.000,5.130
"Tenant B (Interactive Data)","PutSmall",1,0,7.720,0.000,7.707
"Tenant B (Interactive Data)","GetSmall",1,0,4.813,0.000,4.777
"Tenant B (Interactive Data)","GetSmall",1,0,4.973,0.000,4.972
"Tenant B (Interactive Data)","PutSmall",1,0,7.197,0.000,7.184
"Tenant B (Interactive Data)","GetSmall",1,0,5.007,0.000,4.996
"Tenant B (Interactive Data)","PutSmall",1,0,7.568,0.000,7.563
"Tenant B (Interactive Data)","GetSmall",1,0,5.113,0.000,5.108
"Tenant B (Interactive Data)","GetSmall",1,0,4.862,0.000,4.857
"Tenant B (Interactive Data)","GetSmall",1,0,5.039,0.000,5.034
"Tenant B (Interactive Data)","PutSmall",1,0,7.430,0.000,7.426
"Tenant B (Interactive Data)","GetSmall",1,0,5.127,0.000,5.112
"Tenant B (Interactive Data)","PutSmall",1,0,7.852,0.000,7.848
"Tenant B (Interactive Data)","PutSmall",1,0,7.674,0.000,7.671
"Tenant B (Interactive Data)","GetSmall",1,0,5.004,0.000,4.992
"Tenant B (Interactive Data)","GetSmall",1,0,5.204,0.000,5.190
"Tenant B (Interactive Data)","GetSmall",1,0,4.860,0.000,4.854
"Tenant B (Interactive Data)","GetSmall",1,0,5.070,0.000,5.063
"Tenant B (Interactive Data)","PutSmall",1,0,7.664,0.000,7.660
"Tenant B (Interactive Data)","GetSmall",1,0,4.828,0.000,4.823
"Tenant B (Interactive Data)","GetSmall",1,0,5.237,0.000,5.234
"Tenant B (Interactive Data)","PutSmall",1,0,7.225,0.000,7.222
"Tenant B (Interactive Data)","PutSmall",1,0,7.463,0.000,7.461
"Tenant B (Interactive Data)","PutSmall",1,0,7.160,0.000,7.156
"Tenant B (Interactive Data)","GetSmall",1,0,5.006,0.000,5.003
"Tenant B (Interactive Data)","PutSmall",1,0,7.495,0.000,7.492
"Tenant B (Interactive Data)","GetSmall",1,0,5.026,0.000,5.023
"Tenant B (Interactive Data)","GetSmall",1,0,4.811,0.000,4.809
"Tenant B (Interactive Data)","GetSmall",1,0,5.236,0.000,5.233
"Tenant B (Interactive Data)","PutSmall",1,0,7.809,0.000,7.805
"Tenant B (Interactive Data)","PutSmall",1,0,7.295,0.000,7.282
"Tenant B (Interactive Data)","PutSmall",1,0,7.169,0.000,7.167
"Tenant B (Interactive Data)","GetSmall",1,0,4.844,0.000,4.842
"Tenant B (Interactive Data)","GetSmall",1,0,5.196,0.000,5.177
"Tenant B (Interactive Data)","PutSmall",1,0,7.741,0.000,7.738
"Tenant B (Interactive Data)","GetSmall",1,0,4.881,0.000,4.878
"Tenant B (Interactive Data)","PutSmall",1,0,7.348,0.000,7.342
"Tenant B (Interactive Data)","GetSmall",1,0,5.134,0.000,5.128
"Tenant B (Interactive Data)","PutSmall",1,0,7.776,0.000,7.762
"Tenant B (Interactive Data)","PutSmall",1,0,7.543,0.000,7.531
"Tenant B (Interactive Data)","GetSmall",1,0,5.031,0.000,5.025
"Tenant B (Interactive Data)","GetSmall",1,0,4.998,0.000,4.995
"Tenant B (Interactive Data)","PutSmall",1,0,7.337,0.000,7.335
"Tenant B (Interactive Data)","GetSmall",1,0,5.218,0.000,5.215
"Tenant B (Interactive Data)","GetSmall",1,0,4.842,0.000,4.839
"Tenant B (Interactive Data)","PutSmall",1,0,7.627,0.000,7.610
"Tenant B (Interactive Data)","GetSmall",1,0,4.764,0.000,4.754
"Tenant B (Interactive Data)","GetSmall",1,0,4.886,0.000,4.877
"Tenant B (Interactive Data)","GetSmall",1,0,4.877,0.000,4.847
"Tenant B (Interactive Data)","GetSmall",1,0,5.165,0.001,5.135
"Tenant B (Interactive Data)","PutSmall",1,0,7.473,0.000,7.445
"Tenant B (Interactive Data)","PutSmall",1,0,7.186,0.000,7.182
"Tenant B (Interactive Data)","GetSmall",1,0,4.988,0.000,4.978
"Tenant B (Interactive Data)","PutSmall",1,0,7.762,0.001,7.757
"Tenant B (Interactive Data)","GetSmall",1,0,4.802,0.000,4.782
"Tenant B (Interactive Data)","GetSmall",1,0,5.240,0.000,5.238
"Tenant B (Interactive Data)","GetSmall",1,0,4.993,0.000,4.991
"Tenant B (Interactive Data)","GetSmall",1,0,4.844,0.000,4.841
"Tenant B (Interactive Data)","GetSmall",1,0,5.217,0.000,5.213
"Tenant B (Interactive Data)","PutSmall",1,0,7.840,0.000,7.837
"Tenant B (Interactive Data)","GetSmall",1,0,4.790,0.000,4.786
"Tenant B (Interactive Data)","PutSmall",1,0,7.843,0.000,7.835
"Tenant B (Interactive Data)","PutSmall",1,0,7.341,0.000,7.339
"Tenant B (Interactive Data)","GetSmall",1,0,4.909,0.000,4.907
"Tenant B (Interactive Data)","GetSmall",1,0,4.837,0.000,4.830
"Tenant B (Interactive Data)","PutSmall",1,0,7.184,0.000,7.154
"Tenant B (Interactive Data)","GetSmall",1,0,5.040,0.000,5.009
"Tenant B (Interactive Data)","PutSmall",1,0,7.722,0.000,7.720
"Tenant B (Interactive Data)","GetSmall",1,0,4.827,0.000,4.825
"Tenant B (Interactive Data)","PutSmall",1,0,7.513,0.000,7.508
"Tenant B (Interactive Data)","PutSmall",1,0,7.314,0.000,7.311
"Tenant B (Interactive Data)","GetSmall",1,0,5.172,0.001,5.116
"Tenant B (Interactive Data)","GetSmall",1,0,4.892,0.000,4.861
"Tenant B (Interactive Data)","PutSmall",1,0,7.142,0.000,7.139
"Tenant B (Interactive Data)","PutSmall",1,0,7.759,0.000,7.755
"Tenant B (Interactive Data)","GetSmall",1,0,5.188,0.000,5.180
"Tenant B (Interactive Data)","GetSmall",1,0,4.860,0.000,4.856
"Tenant B (Interactive Data)","GetSmall",1,0,4.966,0.000,4.964
"Tenant B (Interactive Data)","PutSmall",1,0,7.754,0.000,7.745
"Tenant B (Interactive Data)","GetSmall",1,0,5.087,0.000,5.083
"Tenant B (Interactive Data)","GetSmall",1,0,5.156,0.000,5.153
"Tenant B (Interactive Data)","PutSmall",1,0,7.872,0.000,7.868
"Tenant B (Interactive Data)","GetSmall",1,0,4.849,0.000,4.841
"Tenant B (Interactive Data)","PutSmall",1,0,7.749,0.000,7.745
"Tenant B (Interactive Data)","PutSmall",1,0,7.260,0.000,7.255
"Tenant B (Interactive Data)","PutSmall",1,0,7.299,0.000,7.271
"Tenant B (Interactive Data)","GetSmall",1,0,5.019,0.000,5.015
"Tenant B (Interactive Data)","PutSmall",1,0,7.368,0.000,7.356
"Tenant B (Interactive Data)","GetSmall",1,0,5.236,0.000,5.232
"Tenant B (Interactive Data)","PutSmall",1,0,7.787,0.000,7.775
"Tenant B (Interactive Data)","GetSmall",1,0,5.201,0.000,5.200
"Tenant B (Interactive Data)","PutSmall",1,0,7.712,0.000,7.707
"Tenant B (Interactive Data)","GetSmall",1,0,5.185,0.000,5.179
"Tenant B (Interactive Data)","PutSmall",1,0,7.607,0.000,7.604
"Tenant B (Interactive Data)","PutSmall",1,0,7.152,0.000,7.148
"Tenant B (Interactive Data)","GetSmall",1,0,4.905,0.000,4.901
"Tenant B (Interactive Data)","GetSmall",1,0,5.219,0.000,5.216
"Tenant B (Interactive Data)","PutSmall",1,0,7.854,0.000,7.845
"Tenant B (Interactive Data)","GetSmall",1,0,4.944,0.000,4.941
"Tenant B (Interactive Data)","GetSmall",1,0,4.781,0.000,4.751
"Tenant B (Interactive Data)","PutSmall",1,0,7.415,0.000,7.410
"Tenant B (Interactive Data)","GetSmall",1,0,4.844,0.000,4.790
"Tenant B (Interactive Data)","GetSmall",1,0,5.020,0.000,5.018
"Tenant B (Interactive Data)","GetSmall",1,0,4.824,0.000,4.821
"Tenant B (Interactive Data)","GetSmall",1,0,4.889,0.000,4.885
"Tenant B (Interactive Data)","GetSmall",1,0,5.180,0.000,5.178
"Tenant B (Interactive Data)","GetSmall",1,0,5.009,0.000,5.006
"Tenant B (Interactive Data)","GetSmall",1,0,5.034,0.000,5.031
"Tenant B (Interactive Data)","GetSmall",1,0,4.920,0.000,4.907
"Tenant B (Interactive Data)","GetSmall",1,0,5.239,0.000,5.234
"Tenant B (Interactive Data)","PutSmall",1,0,7.428,0.000,7.424
"Tenant B (Interactive Data)","PutSmall",1,0,7.759,0.000,7.756
"Tenant B (Interactive Data)","PutSmall",1,0,7.730,0.000,7.720
"Tenant B (Interactive Data)","PutSmall",1,0,7.558,0.000,7.554
"Tenant B (Interactive Data)","PutSmall",1,0,7.864,0.000,7.861
"Tenant B (Interactive Data)","GetSmall",1,0,5.194,0.000,5.190
"Tenant B (Interactive Data)","GetSmall",1,0,4.794,0.000,4.791
"Tenant B (Interactive Data)","PutSmall",1,0,7.787,0.000,7.783
"Tenant B (Interactive Data)","GetSmall",1,0,5.215,0.000,5.211
"Tenant B (Interactive Data)","GetSmall",1,0,5.143,0.000,5.141
"Tenant B (Interactive Data)","PutSmall",1,0,7.818,0.000,7.812
"Tenant B (Interactive Data)","GetSmall",1,0,4.782,0.000,4.772
"Tenant B (Interactive Data)","PutSmall",1,0,7.438,0.000,7.435
"Tenant B (Interactive Data)","GetSmall",1,0,5.022,0.000,5.009
"Tenant B (Interactive Data)","PutSmall",1,0,7.419,0.000,7.415
"Tenant B (Interactive Data)","GetSmall",1,0,4.932,0.000,4.929
"Tenant B (Interactive Data)","PutSmall",1,0,7.335,0.000,7.322
"Tenant B (Interactive Data)","PutSmall",1,0,7.315,0.000,7.302
"Tenant B (Interactive Data)","GetSmall",1,0,4.803,0.000,4.794
"Tenant B (Interactive Data)","PutSmall",1,0,7.475,0.000,7.455
"Tenant B (Interactive Data)","GetSmall",1,0,5.008,0.000,5.001
"Tenant B (Interactive Data)","PutSmall",1,0,7.590,0.000,7.585
"Tenant B (Interactive Data)","PutSmall",1,0,7.652,0.000,7.651
"Tenant B (Interactive Data)","GetSmall",1,0,4.845,0.000,4.841
"Tenant B (Interactive Data)","PutSmall",1,0,7.404,0.000,7.400
"Tenant B (Interactive Data)","GetSmall",1,0,5.113,0.000,5.108
"Tenant B (Interactive Data)","PutSmall",1,0,7.860,0.000,7.857
"Tenant B (Interactive Data)","PutSmall",1,0,7.350,0.000,7.340
"Tenant B (Interactive Data)","GetSmall",1,0,5.064,0.000,5.061
"Tenant B (Interactive Data)","GetSmall",1,0,5.060,0.000,5.058
"Tenant B (Interactive Data)","GetSmall",1,0,4.776,0.000,4.766
"Tenant B (Interactive Data)","GetSmall",1,0,4.874,0.000,4.867
"Tenant B (Interactive Data)","PutSmall",1,0,7.679,0.000,7.665
"Tenant B (Interactive Data)","GetSmall",1,0,5.149,0.000,5.147
"Tenant B (Interactive Data)","PutSmall",1,0,7.778,0.000,7.759
"Tenant B (Interactive Data)","PutSmall",1,0,7.193,0.000,7.183
"Tenant B (Interactive Data)","GetSmall",1,0,5.224,0.000,5.221
"Tenant B (Interactive Data)","PutSmall",1,0,7.354,0.000,7.345
"Tenant B (Interactive Data)","PutSmall",1,0,7.590,0.000,7.587
"Tenant B (Interactive Data)","GetSmall",1,0,4.849,0.000,4.847
"Tenant B (Interactive Data)","PutSmall",1,0,7.172,0.000,7.169
"Tenant B (Interactive Data)","PutSmall",1,0,7.483,0.000,7.479
"Tenant B (Interactive Data)","GetSmall",1,0,5.102,0.001,5.097
"Tenant B (Interactive Data)","GetSmall",1,0,5.041,0.000,5.035
"Tenant B (Interactive Data)","GetSmall",1,0,5.078,0.000,5.074
"Tenant B (Interactive Data)","PutSmall",1,0,7.707,0.000,7.694
"Tenant B (Interactive Data)","PutSmall",1,0,7.834,0.000,7.829
"Tenant B (Interactive Data)","GetSmall",1,0,4.948,0.000,4.944
"Tenant B (Interactive Data)","PutSmall",1,0,7.559,0.000,7.550
"Tenant B (Interactive Data)","GetSmall",1,0,5.069,0.000,5.068
"Tenant B (Interactive Data)","GetSmall",1,0,4.775,0.000,4.764
"Tenant B (Interactive Data)","PutSmall",1,0,7.844,0.000,7.832
"Tenant B (Interactive Data)","GetSmall",1,0,4.808,0.000,4.797
"Tenant B (Interactive Data)","PutSmall",1,0,7.631,0.000,7.628
"Tenant B (Interactive Data)","PutSmall",1,0,7.865,0.000,7.860
"Tenant B (Interactive Data)","PutSmall",1,0,7.442,0.000,7.439
"Tenant B (Interactive Data)","GetSmall",1,0,4.924,0.000,4.916
"Tenant B (Interactive Data)","PutSmall",1,0,7.725,0.000,7.719
"Tenant B (Interactive Data)","GetSmall",1,0,4.792,0.000,4.783
"Tenant B (Interactive Data)","PutSmall",1,0,7.764,0.000,7.755
"Tenant B (Interactive Data)","GetSmall",1,0,4.810,0.000,4.807
"Tenant B (Interactive Data)","PutSmall",1,0,7.255,0.000,7.244
"Tenant B (Interactive Data)","PutSmall",1,0,7.682,0.000,7.674
"Tenant B (Interactive Data)","GetSmall",1,0,5.242,0.000,5.240
"Tenant B (Interactive Data)","PutSmall",1,0,7.481,0.000,7.472
"Tenant B (Interactive Data)","PutSmall",1,0,7.532,0.000,7.524
"Tenant B (Interactive Data)","PutSmall",1,0,7.557,0.000,7.552
"Tenant B (Interactive Data)","GetSmall",1,0,4.793,0.000,4.791
"Tenant B (Interactive Data)","PutSmall",1,0,7.856,0.000,7.852
"Tenant B (Interactive Data)","GetSmall",1,0,4.778,0.000,4.775
"Tenant B (Interactive Data)","GetSmall",1,0,5.254,0.000,5.244
"Tenant B (Interactive Data)","GetSmall",1,0,5.013,0.000,5.003
"Tenant B (Interactive Data)","PutSmall",1,0,7.324,0.000,7.321
"Tenant B (Interactive Data)","GetSmall",1,0,4.999,0.000,4.994
"Tenant B (Interactive Data)","PutSmall",1,0,7.351,0.000,7.350
"Tenant B (Interactive Data)","GetSmall",1,0,4.802,0.000,4.800
"Tenant B (Interactive Data)","GetSmall",1,0,4.908,0.000,4.905
"Tenant B (Interactive Data)","PutSmall",1,0,7.548,0.000,7.545
"Tenant B (Interactive Data)","PutSmall",1,0,7.742,0.000,7.735
"Tenant B (Interactive Data)","PutSmall",1,0,7.562,0.000,7.557
"Tenant B (Interactive Data)","GetSmall",1,0,5.141,0.000,5.133
"Tenant B (Interactive Data)","GetSmall",1,0,5.019,0.000,5.009
"Tenant B (Interactive Data)","PutSmall",1,0,7.496,0.000,7.481
"Tenant B (Interactive Data)","GetSmall",1,0,4.952,0.000,4.948
"Tenant B (Interactive Data)","GetSmall",1,0,4.996,0.000,4.992
"Tenant B (Interactive Data)","PutSmall",1,0,7.173,0.000,7.170
"Tenant B (Interactive Data)","PutSmall",1,0,7.760,0.000,7.757
"Tenant B (Interactive Data)","PutSmall",1,0,7.299,0.000,7.288
"Tenant B (Interactive Data)","GetSmall",1,0,4.806,0.000,4.799
"Tenant B (Interactive Data)","PutSmall",1,0,7.813,0.000,7.809
"Tenant B (Interactive Data)","GetSmall",1,0,5.189,0.000,5.180
"Tenant B (Interactive Data)","GetSmall",1,0,5.118,0.000,5.109
"Tenant B (Interactive Data)","PutSmall",1,0,7.468,0.000,7.451
"Tenant B (Interactive Data)","GetSmall",1,0,4.814,0.000,4.810
"Tenant B (Interactive Data)","GetSmall",1,0,5.114,0.000,5.108
"Tenant B (Interactive Data)","GetSmall",1,0,4.968,0.000,4.959
"Tenant B (Interactive Data)","GetSmall",1,0,5.154,0.000,5.140
"Tenant B (Interactive Data)","PutSmall",1,0,7.554,0.000,7.537
"Tenant B (Interactive Data)","GetSmall",1,0,4.955,0.000,4.941
"Tenant B (Interactive Data)","GetSmall",1,0,4.969,0.000,4.965
"Tenant B (Interactive Data)","PutSmall",1,0,7.374,0.000,7.372
"Tenant B (Interactive Data)","GetSmall",1,0,4.871,0.000,4.869
"Tenant B (Interactive Data)","PutSmall",1,0,7.875,0.000,7.870
"Tenant B (Interactive Data)","PutSmall",1,0,7.313,0.000,7.297
"Tenant B (Interactive Data)","PutSmall",1,0,7.195,0.001,7.185
"Tenant B (Interactive Data)","PutSmall",1,0,7.212,0.000,7.209
"Tenant B (Interactive Data)","GetSmall",1,0,5.127,0.000,5.121
"Tenant B (Interactive Data)","PutSmall",1,0,7.889,0.000,7.830
"Tenant B (Interactive Data)","GetSmall",1,0,5.226,0.001,5.221
"Tenant C (Health Probe)","ProbeHealth",1,0,2.597,0.000,2.595
"Tenant C (Health Probe)","ProbeHealth",1,0,2.462,0.000,2.460
"Tenant C (Health Probe)","ProbeHealth",1,0,2.598,0.000,2.594
"Tenant C (Health Probe)","ProbeHealth",1,0,2.547,0.000,2.534
"Tenant C (Health Probe)","ProbeHealth",1,0,2.632,0.000,2.621
"Tenant C (Health Probe)","ProbeHealth",1,0,2.477,0.000,2.458
"Tenant C (Health Probe)","ProbeHealth",1,0,2.450,0.000,2.437
"Tenant C (Health Probe)","ProbeHealth",1,0,2.431,0.000,2.422
"Tenant C (Health Probe)","ProbeHealth",1,0,2.629,0.000,2.616
"Tenant C (Health Probe)","ProbeHealth",1,0,2.500,0.000,2.497
"Tenant C (Health Probe)","ProbeHealth",1,0,2.613,0.000,2.610
"Tenant C (Health Probe)","ProbeHealth",1,0,2.438,0.000,2.419
"Tenant C (Health Probe)","ProbeHealth",1,0,2.602,0.000,2.598
"Tenant C (Health Probe)","ProbeHealth",1,0,2.531,0.000,2.521
"Tenant C (Health Probe)","ProbeHealth",1,0,2.466,0.000,2.461
"Tenant C (Health Probe)","ProbeHealth",1,0,2.489,0.000,2.481
"Tenant C (Health Probe)","ProbeHealth",1,0,2.389,0.000,2.383
"Tenant C (Health Probe)","ProbeHealth",1,0,2.511,0.001,2.499
"Tenant C (Health Probe)","ProbeHealth",1,0,2.522,0.000,2.514
"Tenant C (Health Probe)","ProbeHealth",1,0,2.586,0.000,2.578
"Tenant C (Health Probe)","ProbeHealth",1,0,2.625,0.000,2.619
"Tenant C (Health Probe)","ProbeHealth",1,0,2.610,0.000,2.605
"Tenant C (Health Probe)","ProbeHealth",1,0,2.610,0.000,2.596
"Tenant C (Health Probe)","ProbeHealth",1,0,2.559,0.000,2.556
"Tenant C (Health Probe)","ProbeHealth",1,0,2.429,0.000,2.426
"Tenant C (Health Probe)","ProbeHealth",1,0,2.485,0.000,2.471
"Tenant C (Health Probe)","ProbeHealth",1,0,2.587,0.000,2.585
"Tenant C (Health Probe)","ProbeHealth",1,0,2.442,0.000,2.437
"Tenant C (Health Probe)","ProbeHealth",1,0,2.424,0.000,2.421
"Tenant C (Health Probe)","ProbeHealth",1,0,2.397,0.000,2.394
"Tenant C (Health Probe)","ProbeHealth",1,0,2.425,0.000,2.422
"Tenant C (Health Probe)","ProbeHealth",1,0,2.458,0.000,2.452
"Tenant C (Health Probe)","ProbeHealth",1,0,2.450,0.000,2.433
"Tenant C (Health Probe)","ProbeHealth",1,0,2.534,0.000,2.530
"Tenant C (Health Probe)","ProbeHealth",1,0,2.525,0.000,2.520
"Tenant C (Health Probe)","ProbeHealth",1,0,2.439,0.000,2.437
"Tenant C (Health Probe)","ProbeHealth",1,0,2.573,0.000,2.569
"Tenant C (Health Probe)","ProbeHealth",1,0,2.554,0.000,2.548
"Tenant C (Health Probe)","ProbeHealth",1,0,2.580,0.000,2.576
"Tenant C (Health Probe)","ProbeHealth",1,0,2.513,0.000,2.509
"Tenant C (Health Probe)","ProbeHealth",1,0,2.411,0.000,2.406
"Tenant C (Health Probe)","ProbeHealth",1,0,2.520,0.000,2.511
