tenant,op,success,error_code,total_lat_ms,queue_lat_ms,backend_lat_ms
"VIP Enterprise App","PutSmall",1,0,7.322,0.001,7.281
"VIP Enterprise App","PutSmall",1,0,7.487,0.000,7.454
"VIP Enterprise App","GetSmall",1,0,5.093,0.000,5.082
"VIP Enterprise App","GetSmall",1,0,5.168,0.000,5.161
"VIP Enterprise App","PutSmall",1,0,7.478,0.000,7.473
"VIP Enterprise App","GetSmall",1,0,5.101,0.000,5.091
"VIP Enterprise App","PutSmall",1,0,7.217,0.000,7.213
"VIP Enterprise App","GetSmall",1,0,5.054,0.000,5.052
"VIP Enterprise App","GetSmall",1,0,5.138,0.000,5.136
"VIP Enterprise App","GetSmall",1,0,5.020,0.000,5.005
"VIP Enterprise App","GetSmall",1,0,5.108,0.000,5.106
"VIP Enterprise App","GetSmall",1,0,5.018,0.000,5.011
"VIP Enterprise App","GetSmall",1,0,5.128,0.000,5.124
"VIP Enterprise App","GetSmall",1,0,5.192,0.000,5.188
"VIP Enterprise App","GetSmall",1,0,4.906,0.000,4.897
"VIP Enterprise App","PutSmall",1,0,7.860,0.000,7.824
"VIP Enterprise App","PutSmall",1,0,7.415,0.000,7.410
"VIP Enterprise App","PutSmall",1,0,7.135,0.000,7.126
"VIP Enterprise App","PutSmall",1,0,7.226,0.001,7.206
"VIP Enterprise App","GetSmall",1,0,5.030,0.000,5.020
"VIP Enterprise App","PutSmall",1,0,7.322,0.000,7.311
"VIP Enterprise App","GetSmall",1,0,4.826,0.000,4.814
"VIP Enterprise App","GetSmall",1,0,4.797,0.000,4.781
"VIP Enterprise App","GetSmall",1,0,4.933,0.000,4.919
"VIP Enterprise App","PutSmall",1,0,7.324,0.000,7.320
"VIP Enterprise App","PutSmall",1,0,7.544,0.000,7.519
"VIP Enterprise App","GetSmall",1,0,5.260,0.000,5.245
"VIP Enterprise App","GetSmall",1,0,4.878,0.000,4.873
"VIP Enterprise App","PutSmall",1,0,7.185,0.000,7.176
"VIP Enterprise App","GetSmall",1,0,5.122,0.000,5.119
"VIP Enterprise App","GetSmall",1,0,5.146,0.000,5.144
"VIP Enterprise App","PutSmall",1,0,7.651,0.000,7.633
"VIP Enterprise App","GetSmall",1,0,4.866,0.000,4.837
"VIP Enterprise App","GetSmall",1,0,5.252,0.001,5.250
"VIP Enterprise App","PutSmall",1,0,7.736,0.000,7.732
"VIP Enterprise App","PutSmall",1,0,7.389,0.000,7.388
"VIP Enterprise App","PutSmall",1,0,7.887,0.001,7.873
"VIP Enterprise App","GetSmall",1,0,5.140,0.000,5.130
"VIP Enterprise App","GetSmall",1,0,4.992,0.000,4.980
"VIP Enterprise App","PutSmall",1,0,7.493,0.000,7.468
"VIP Enterprise App","GetSmall",1,0,5.003,0.000,4.992
"VIP Enterprise App","GetSmall",1,0,5.112,0.000,5.073
"VIP Enterprise App","GetSmall",1,0,4.987,0.000,4.978
"VIP Enterprise App","PutSmall",1,0,7.163,0.001,7.157
"VIP Enterprise App","GetSmall",1,0,4.950,0.000,4.926
"VIP Enterprise App","PutSmall",1,0,7.730,0.000,7.723
"VIP Enterprise App","GetSmall",1,0,5.098,0.001,5.096
"VIP Enterprise App","GetSmall",1,0,4.782,0.000,4.776
"VIP Enterprise App","GetSmall",1,0,5.185,0.000,5.176
"VIP Enterprise App","PutSmall",1,0,7.154,0.000,7.145
"VIP Enterprise App","GetSmall",1,0,4.780,0.000,4.776
"VIP Enterprise App","PutSmall",1,0,7.428,0.000,7.414
"VIP Enterprise App","GetSmall",1,0,5.251,0.000,5.244
"VIP Enterprise App","GetSmall",1,0,5.129,0.000,5.118
"VIP Enterprise App","GetSmall",1,0,5.213,0.000,5.211
"VIP Enterprise App","PutSmall",1,0,7.857,0.000,7.845
"VIP Enterprise App","GetSmall",1,0,4.982,0.000,4.979
"VIP Enterprise App","GetSmall",1,0,5.195,0.000,5.193
"VIP Enterprise App","GetSmall",1,0,5.242,0.000,5.238
"VIP Enterprise App","GetSmall",1,0,5.187,0.002,5.183
"VIP Enterprise App","PutSmall",1,0,7.858,0.000,7.852
"VIP Enterprise App","PutSmall",1,0,7.461,0.000,7.456
"VIP Enterprise App","GetSmall",1,0,5.193,0.000,5.185
"VIP Enterprise App","GetSmall",1,0,5.213,0.000,5.208
"VIP Enterprise App","GetSmall",1,0,4.941,0.000,4.937
"VIP Enterprise App","GetSmall",1,0,5.220,0.000,5.209
"VIP Enterprise App","PutSmall",1,0,7.697,0.000,7.692
"VIP Enterprise App","PutSmall",1,0,7.648,0.000,7.634
"VIP Enterprise App","GetSmall",1,0,5.151,0.000,5.146
"VIP Enterprise App","GetSmall",1,0,4.952,0.000,4.937
"VIP Enterprise App","GetSmall",1,0,4.872,0.000,4.853
"VIP Enterprise App","GetSmall",1,0,4.807,0.000,4.805
"VIP Enterprise App","PutSmall",1,0,7.776,0.000,7.759
"VIP Enterprise App","GetSmall",1,0,4.800,0.000,4.797
"VIP Enterprise App","PutSmall",1,0,7.780,0.000,7.768
"VIP Enterprise App","GetSmall",1,0,4.772,0.000,4.769
"VIP Enterprise App","GetSmall",1,0,4.871,0.000,4.862
"VIP Enterprise App","PutSmall",1,0,7.161,0.001,7.148
"VIP Enterprise App","PutSmall",1,0,7.399,0.000,7.387
"VIP Enterprise App","PutSmall",1,0,7.360,0.000,7.348
"VIP Enterprise App","GetSmall",1,0,5.180,0.000,5.178
"VIP Enterprise App","GetSmall",1,0,4.765,0.000,4.762
"VIP Enterprise App","PutSmall",1,0,7.878,0.000,7.865
"VIP Enterprise App","PutSmall",1,0,7.467,0.000,7.461
"VIP Enterprise App","GetSmall",1,0,5.007,0.000,4.994
"VIP Enterprise App","PutSmall",1,0,7.604,0.000,7.599
"VIP Enterprise App","GetSmall",1,0,5.187,0.000,5.183
"VIP Enterprise App","PutSmall",1,0,7.587,0.000,7.561
"VIP Enterprise App","GetSmall",1,0,4.933,0.000,4.925
"VIP Enterprise App","GetSmall",1,0,4.940,0.000,4.915
"VIP Enterprise App","PutSmall",1,0,7.480,0.000,7.472
"VIP Enterprise App","PutSmall",1,0,7.379,0.000,7.375
"VIP Enterprise App","GetSmall",1,0,4.937,0.000,4.926
"VIP Enterprise App","PutSmall",1,0,7.780,0.000,7.773
"VIP Enterprise App","GetSmall",1,0,5.246,0.000,5.240
"VIP Enterprise App","GetSmall",1,0,5.252,0.000,5.248
"VIP Enterprise App","GetSmall",1,0,4.866,0.000,4.861
"VIP Enterprise App","GetSmall",1,0,5.062,0.001,5.055
"VIP Enterprise App","GetSmall",1,0,4.808,0.000,4.802
"VIP Enterprise App","PutSmall",1,0,7.628,0.001,7.616
"VIP Enterprise App","GetSmall",1,0,5.193,0.000,5.185
"VIP Enterprise App","GetSmall",1,0,5.240,0.000,5.234
"VIP Enterprise App","PutSmall",1,0,7.695,0.000,7.688
"VIP Enterprise App","PutSmall",1,0,7.215,0.000,7.207
"VIP Enterprise App","PutSmall",1,0,7.230,0.000,7.228
"VIP Enterprise App","PutSmall",1,0,7.881,0.000,7.874
"VIP Enterprise App","GetSmall",1,0,5.021,0.000,5.017
"VIP Enterprise App","GetSmall",1,0,4.756,0.000,4.751
"VIP Enterprise App","GetSmall",1,0,4.954,0.000,4.947
"VIP Enterprise App","GetSmall",1,0,4.998,0.000,4.986
"VIP Enterprise App","PutSmall",1,0,7.366,0.000,7.362
"VIP Enterprise App","PutSmall",1,0,7.219,0.000,7.208
"VIP Enterprise App","GetSmall",1,0,5.105,0.000,5.090
"VIP Enterprise App","GetSmall",1,0,4.811,0.000,4.803
"VIP Enterprise App","GetSmall",1,0,4.784,0.000,4.783
"VIP Enterprise App","PutSmall",1,0,7.629,0.000,7.622
"VIP Enterprise App","PutSmall",1,0,7.559,0.000,7.539
"VIP Enterprise App","GetSmall",1,0,5.046,0.000,5.041
"VIP Enterprise App","GetSmall",1,0,5.009,0.000,5.001
"VIP Enterprise App","GetSmall",1,0,4.913,0.000,4.911
"VIP Enterprise App","GetSmall",1,0,4.795,0.000,4.793
"VIP Enterprise App","GetSmall",1,0,5.086,0.000,5.080
"VIP Enterprise App","PutSmall",1,0,7.583,0.000,7.577
"VIP Enterprise App","PutSmall",1,0,7.197,0.000,7.145
"VIP Enterprise App","GetSmall",1,0,5.147,0.000,5.145
"VIP Enterprise App","PutSmall",1,0,7.320,0.000,7.314
"VIP Enterprise App","PutSmall",1,0,7.193,0.000,7.184
"VIP Enterprise App","PutSmall",1,0,7.396,0.000,7.382
"VIP Enterprise App","GetSmall",1,0,5.086,0.000,5.081
"VIP Enterprise App","GetSmall",1,0,4.820,0.000,4.818
"VIP Enterprise App","GetSmall",1,0,5.093,0.000,5.089
"VIP Enterprise App","GetSmall",1,0,5.222,0.000,5.209
"VIP Enterprise App","GetSmall",1,0,5.244,0.000,5.240
"VIP Enterprise App","GetSmall",1,0,5.133,0.001,5.117
"VIP Enterprise App","PutSmall",1,0,7.542,0.000,7.537
"VIP Enterprise App","GetSmall",1,0,4.965,0.000,4.953
"VIP Enterprise App","PutSmall",1,0,7.605,0.000,7.576
"VIP Enterprise App","GetSmall",1,0,4.957,0.001,4.930
"VIP Enterprise App","PutSmall",1,0,7.756,0.000,7.752
"VIP Enterprise App","GetSmall",1,0,5.084,0.001,5.078
"VIP Enterprise App","GetSmall",1,0,4.862,0.000,4.855
"VIP Enterprise App","GetSmall",1,0,5.049,0.000,5.038
"VIP Enterprise App","GetSmall",1,0,5.009,0.000,4.965
"VIP Enterprise App","GetSmall",1,0,4.913,0.000,4.910
"VIP Enterprise App","GetSmall",1,0,5.055,0.000,5.040
"VIP Enterprise App","PutSmall",1,0,7.356,0.001,7.348
"VIP Enterprise App","GetSmall",1,0,4.850,0.000,4.848
"VIP Enterprise App","GetSmall",1,0,5.048,0.000,5.018
"VIP Enterprise App","GetSmall",1,0,4.804,0.000,4.796
"VIP Enterprise App","PutSmall",1,0,7.754,0.000,7.727
"VIP Enterprise App","GetSmall",1,0,4.786,0.000,4.783
"VIP Enterprise App","GetSmall",1,0,4.927,0.000,4.922
"VIP Enterprise App","GetSmall",1,0,5.071,0.000,5.067
"VIP Enterprise App","GetSmall",1,0,5.063,0.000,5.057
"VIP Enterprise App","PutSmall",1,0,7.501,0.000,7.490
"VIP Enterprise App","GetSmall",1,0,5.113,0.000,5.097
"VIP Enterprise App","GetSmall",1,0,4.801,0.000,4.790
"VIP Enterprise App","GetSmall",1,0,5.042,0.000,5.039
"VIP Enterprise App","PutSmall",1,0,7.261,0.001,7.230
"VIP Enterprise App","PutSmall",1,0,7.547,0.000,7.543
"VIP Enterprise App","GetSmall",1,0,5.182,0.000,5.177
"VIP Enterprise App","GetSmall",1,0,5.229,0.000,5.215
"VIP Enterprise App","PutSmall",1,0,7.583,0.000,7.538
"VIP Enterprise App","GetSmall",1,0,4.968,0.000,4.964
"VIP Enterprise App","GetSmall",1,0,5.215,0.000,5.210
"VIP Enterprise App","PutSmall",1,0,7.287,0.000,7.283
"VIP Enterprise App","PutSmall",1,0,7.689,0.001,7.685
"VIP Enterprise App","GetSmall",1,0,5.057,0.000,5.053
"VIP Enterprise App","GetSmall",1,0,4.792,0.000,4.784
"VIP Enterprise App","GetSmall",1,0,5.001,0.000,4.978
"VIP Enterprise App","GetSmall",1,0,5.060,0.000,5.046
"VIP Enterprise App","PutSmall",1,0,7.498,0.000,7.488
"VIP Enterprise App","GetSmall",1,0,5.213,0.000,5.209
"VIP Enterprise App","GetSmall",1,0,5.039,0.000,5.033
"VIP Enterprise App","PutSmall",1,0,7.353,0.000,7.351
"VIP Enterprise App","PutSmall",1,0,7.310,0.000,7.306
"VIP Enterprise App","GetSmall",1,0,4.966,0.000,4.964
"VIP Enterprise App","PutSmall",1,0,7.599,0.000,7.581
"VIP Enterprise App","GetSmall",1,0,5.124,0.000,5.118
"VIP Enterprise App","GetSmall",1,0,5.122,0.001,5.075
"VIP Enterprise App","PutSmall",1,0,7.770,0.000,7.766
"VIP Enterprise App","GetSmall",1,0,5.122,0.000,5.108
"VIP Enterprise App","PutSmall",1,0,7.155,0.000,7.152
"VIP Enterprise App","GetSmall",1,0,5.173,0.000,5.159
"VIP Enterprise App","GetSmall",1,0,5.209,0.000,5.199
"VIP Enterprise App","GetSmall",1,0,5.185,0.000,5.172
"VIP Enterprise App","GetSmall",1,0,5.148,0.000,5.127
"VIP Enterprise App","GetSmall",1,0,4.967,0.000,4.963
"VIP Enterprise App","PutSmall",1,0,7.741,0.000,7.736
"VIP Enterprise App","PutSmall",1,0,7.865,0.000,7.847
"VIP Enterprise App","GetSmall",1,0,4.758,0.000,4.753
"VIP Enterprise App","GetSmall",1,0,5.024,0.000,5.020
"VIP Enterprise App","GetSmall",1,0,4.816,0.000,4.806
"VIP Enterprise App","GetSmall",1,0,4.987,0.001,4.953
"VIP Enterprise App","GetSmall",1,0,5.192,0.000,5.173
"VIP Enterprise App","GetSmall",1,0,5.210,0.001,5.205
"VIP Enterprise App","GetSmall",1,0,5.222,0.000,5.218
"VIP Enterprise App","GetSmall",1,0,5.244,0.000,5.238
"VIP Enterprise App","PutSmall",1,0,7.348,0.000,7.335
"VIP Enterprise App","PutSmall",1,0,7.235,0.000,7.226
"VIP Enterprise App","PutSmall",1,0,7.444,0.000,7.437
"VIP Enterprise App","GetSmall",1,0,5.058,0.000,5.053
"VIP Enterprise App","PutSmall",1,0,7.843,0.000,7.837
"VIP Enterprise App","GetSmall",1,0,4.959,0.000,4.953
"VIP Enterprise App","GetSmall",1,0,4.761,0.000,4.757
"VIP Enterprise App","GetSmall",1,0,5.155,0.000,5.145
"VIP Enterprise App","PutSmall",1,0,7.355,0.000,7.346
"VIP Enterprise App","PutSmall",1,0,7.545,0.000,7.540
"VIP Enterprise App","GetSmall",1,0,5.077,0.000,5.065
"VIP Enterprise App","GetSmall",1,0,5.253,0.000,5.250
"VIP Enterprise App","GetSmall",1,0,4.926,0.000,4.913
"VIP Enterprise App","GetSmall",1,0,5.134,0.000,5.125
"VIP Enterprise App","GetSmall",1,0,5.002,0.000,4.993
"VIP Enterprise App","PutSmall",1,0,7.731,0.000,7.728
"VIP Enterprise App","PutSmall",1,0,7.370,0.000,7.358
"VIP Enterprise App","GetSmall",1,0,4.964,0.000,4.950
"VIP Enterprise App","PutSmall",1,0,7.412,0.000,7.402
"VIP Enterprise App","GetSmall",1,0,5.241,0.000,5.224
"VIP Enterprise App","PutSmall",1,0,7.768,0.000,7.755
"VIP Enterprise App","GetSmall",1,0,4.787,0.000,4.781
"VIP Enterprise App","GetSmall",1,0,4.916,0.000,4.913
"VIP Enterprise App","GetSmall",1,0,5.128,0.000,5.122
"VIP Enterprise App","GetSmall",1,0,4.762,0.000,4.758
"VIP Enterprise App","GetSmall",1,0,5.008,0.000,5.002
"VIP Enterprise App","GetSmall",1,0,5.168,0.000,5.158
"VIP Enterprise App","PutSmall",1,0,7.511,0.000,7.491
"VIP Enterprise App","GetSmall",1,0,4.915,0.000,4.907
"VIP Enterprise App","PutSmall",1,0,7.549,0.000,7.539
"VIP Enterprise App","GetSmall",1,0,4.936,0.001,4.927
"VIP Enterprise App","GetSmall",1,0,4.811,0.000,4.802
"VIP Enterprise App","PutSmall",1,0,7.826,0.000,7.823
"VIP Enterprise App","GetSmall",1,0,4.954,0.001,4.931
"VIP Enterprise App","GetSmall",1,0,5.202,0.000,5.196
"VIP Enterprise App","PutSmall",1,0,7.727,0.000,7.714
"VIP Enterprise App","GetSmall",1,0,5.162,0.000,5.136
"VIP Enterprise App","PutSmall",1,0,7.516,0.000,7.513
"System Health Monitor","ProbeHealth",1,0,2.543,0.000,2.521
"System Health Monitor","ProbeHealth",1,0,2.642,0.000,2.608
"System Health Monitor","ProbeHealth",1,0,2.498,0.000,2.487
"System Health Monitor","ProbeHealth",1,0,2.470,0.000,2.466
"System Health Monitor","ProbeHealth",1,0,2.618,0.000,2.604
"System Health Monitor","ProbeHealth",1,0,2.538,0.000,2.533
"System Health Monitor","ProbeHealth",1,0,2.482,0.000,2.460
"System Health Monitor","ProbeHealth",1,0,2.556,0.000,2.544
"System Health Monitor","ProbeHealth",1,0,2.383,0.000,2.378
"System Health Monitor","ProbeHealth",1,0,2.383,0.000,2.379
"System Health Monitor","ProbeHealth",1,0,2.494,0.000,2.486
"System Health Monitor","ProbeHealth",1,0,2.492,0.000,2.485
"System Health Monitor","ProbeHealth",1,0,2.530,0.000,2.521
"System Health Monitor","ProbeHealth",1,0,2.588,0.000,2.586
"System Health Monitor","ProbeHealth",1,0,2.403,0.000,2.384
"System Health Monitor","ProbeHealth",1,0,2.389,0.000,2.386
"System Health Monitor","ProbeHealth",1,0,2.464,0.000,2.455
"System Health Monitor","ProbeHealth",1,0,2.471,0.000,2.468
"System Health Monitor","ProbeHealth",1,0,2.600,0.000,2.597
"System Health Monitor","ProbeHealth",1,0,2.426,0.000,2.414
"System Health Monitor","ProbeHealth",1,0,2.535,0.000,2.525
"System Health Monitor","ProbeHealth",1,0,2.519,0.000,2.508
"System Health Monitor","ProbeHealth",1,0,2.479,0.000,2.470
"System Health Monitor","ProbeHealth",1,0,2.610,0.000,2.607
"System Health Monitor","ProbeHealth",1,0,2.522,0.000,2.512
"System Health Monitor","ProbeHealth",1,0,2.511,0.000,2.482
"Dynamic Tenant 01","GetSmall",1,0,4.861,0.000,4.848
"Dynamic Tenant 01","GetSmall",1,0,4.804,0.000,4.802
"Dynamic Tenant 01","GetSmall",1,0,4.888,0.000,4.875
"Dynamic Tenant 01","GetSmall",1,0,4.881,0.000,4.876
"Dynamic Tenant 01","GetSmall",1,0,5.209,0.000,5.204
"Dynamic Tenant 01","GetSmall",1,0,5.122,0.000,5.116
"Dynamic Tenant 01","GetSmall",1,0,4.975,0.000,4.972
"Dynamic Tenant 01","PutSmall",1,0,7.538,0.000,7.529
"Dynamic Tenant 01","GetSmall",1,0,4.769,0.000,4.767
"Dynamic Tenant 01","GetSmall",1,0,5.092,0.000,5.087
"Dynamic Tenant 01","PutSmall",1,0,7.767,0.000,7.763
"Dynamic Tenant 01","PutSmall",1,0,7.217,0.000,7.197
"Dynamic Tenant 01","GetSmall",1,0,5.105,0.000,5.092
"Dynamic Tenant 01","GetSmall",1,0,5.205,0.000,5.199
"Dynamic Tenant 01","PutSmall",1,0,7.317,0.001,7.311
"Dynamic Tenant 01","PutSmall",1,0,7.883,0.001,7.875
"Dynamic Tenant 01","PutSmall",1,0,7.349,0.000,7.347
"Dynamic Tenant 01","GetSmall",1,0,4.769,0.001,4.761
"Dynamic Tenant 01","GetSmall",1,0,4.791,0.000,4.786
"Dynamic Tenant 01","PutSmall",1,0,7.470,0.000,7.466
"Dynamic Tenant 01","PutSmall",1,0,7.799,0.000,7.745
"Dynamic Tenant 01","PutSmall",1,0,7.305,0.000,7.289
"Dynamic Tenant 01","PutSmall",1,0,7.495,0.000,7.493
"Dynamic Tenant 01","GetSmall",1,0,4.756,0.000,4.754
"Dynamic Tenant 01","GetSmall",1,0,4.852,0.000,4.799
"Dynamic Tenant 01","GetSmall",1,0,5.143,0.000,5.139
"Dynamic Tenant 01","GetSmall",1,0,5.181,0.000,5.170
"Dynamic Tenant 01","PutSmall",1,0,7.165,0.000,7.162
"Dynamic Tenant 01","PutSmall",1,0,7.484,0.000,7.479
"Dynamic Tenant 01","PutSmall",1,0,7.560,0.000,7.555
"Dynamic Tenant 01","GetSmall",1,0,4.781,0.000,4.777
"Dynamic Tenant 01","PutSmall",1,0,7.708,0.000,7.679
"Dynamic Tenant 01","GetSmall",1,0,4.766,0.000,4.754
"Dynamic Tenant 01","PutSmall",1,0,7.387,0.000,7.365
"Dynamic Tenant 01","PutSmall",1,0,7.763,0.000,7.753
"Dynamic Tenant 01","PutSmall",1,0,7.542,0.000,7.539
"Dynamic Tenant 01","GetSmall",1,0,5.144,0.001,5.140
"Dynamic Tenant 01","GetSmall",1,0,5.009,0.000,5.008
"Dynamic Tenant 01","PutSmall",1,0,7.178,0.000,7.176
"Dynamic Tenant 01","GetSmall",1,0,5.209,0.001,5.206
"Dynamic Tenant 01","GetSmall",1,0,5.138,0.000,5.110
"Dynamic Tenant 01","GetSmall",1,0,5.019,0.000,5.015
"Dynamic Tenant 01","PutSmall",1,0,7.410,0.000,7.398
"Dynamic Tenant 01","PutSmall",1,0,7.137,0.000,7.134
"Dynamic Tenant 01","GetSmall",1,0,5.228,0.000,5.217
"Dynamic Tenant 01","GetSmall",1,0,4.840,0.000,4.837
"Dynamic Tenant 01","PutSmall",1,0,7.851,0.000,7.839
"Dynamic Tenant 01","PutSmall",1,0,7.854,0.000,7.843
"Dynamic Tenant 01","PutSmall",1,0,7.504,0.000,7.487
"Dynamic Tenant 01","PutSmall",1,0,7.608,0.000,7.571
"Dynamic Tenant 01","GetSmall",1,0,5.054,0.000,5.049
"Dynamic Tenant 01","PutSmall",1,0,7.315,0.000,7.306
"Dynamic Tenant 01","GetSmall",1,0,5.062,0.000,5.061
"Dynamic Tenant 01","GetSmall",1,0,4.791,0.000,4.784
"Dynamic Tenant 01","GetSmall",1,0,5.169,0.000,5.160
"Dynamic Tenant 01","GetSmall",1,0,4.920,0.000,4.915
"Dynamic Tenant 01","GetSmall",1,0,4.829,0.001,4.805
"Dynamic Tenant 01","GetSmall",1,0,4.939,0.000,4.929
"Dynamic Tenant 01","PutSmall",1,0,7.578,0.000,7.575
"Dynamic Tenant 01","GetSmall",1,0,5.055,0.000,5.034
"Dynamic Tenant 01","PutSmall",1,0,7.286,0.000,7.278
"Dynamic Tenant 01","GetSmall",1,0,4.922,0.000,4.913
"Dynamic Tenant 01","PutSmall",1,0,7.665,0.000,7.661
"Dynamic Tenant 01","PutSmall",1,0,7.224,0.000,7.219
"Dynamic Tenant 01","GetSmall",1,0,5.132,0.000,5.125
"Dynamic Tenant 01","PutSmall",1,0,7.703,0.000,7.699
"Dynamic Tenant 01","GetSmall",1,0,5.138,0.001,5.124
"Dynamic Tenant 01","PutSmall",1,0,7.197,0.000,7.188
"Dynamic Tenant 01","PutSmall",1,0,7.795,0.000,7.790
"Dynamic Tenant 01","PutSmall",1,0,7.554,0.000,7.550
"Dynamic Tenant 01","PutSmall",1,0,7.777,0.000,7.772
"Dynamic Tenant 01","PutSmall",1,0,7.285,0.000,7.274
"Dynamic Tenant 01","PutSmall",1,0,7.784,0.000,7.774
"Dynamic Tenant 01","PutSmall",1,0,7.792,0.001,7.782
"Dynamic Tenant 01","PutSmall",1,0,7.808,0.000,7.802
"Dynamic Tenant 01","GetSmall",1,0,5.021,0.000,5.013
"Dynamic Tenant 01","GetSmall",1,0,4.868,0.000,4.860
"Dynamic Tenant 01","PutSmall",1,0,7.760,0.000,7.755
"Dynamic Tenant 01","GetSmall",1,0,5.045,0.001,5.039
"Dynamic Tenant 01","PutSmall",1,0,7.420,0.000,7.414
"Dynamic Tenant 01","PutSmall",1,0,7.323,0.000,7.319
"Dynamic Tenant 01","PutSmall",1,0,7.646,0.000,7.641
"Dynamic Tenant 01","GetSmall",1,0,4.848,0.000,4.836
"Dynamic Tenant 01","GetSmall",1,0,4.912,0.000,4.908
"Dynamic Tenant 01","PutSmall",1,0,7.550,0.000,7.545
"Dynamic Tenant 01","GetSmall",1,0,4.909,0.000,4.905
"Dynamic Tenant 01","PutSmall",1,0,7.452,0.000,7.451
"Dynamic Tenant 01","GetSmall",1,0,4.960,0.000,4.951
"Dynamic Tenant 01","GetSmall",1,0,4.765,0.000,4.759
"Dynamic Tenant 01","PutSmall",1,0,7.375,0.001,7.371
"Dynamic Tenant 01","PutSmall",1,0,7.778,0.000,7.776
"Dynamic Tenant 01","PutSmall",1,0,7.144,0.001,7.132
"Dynamic Tenant 01","GetSmall",1,0,4.822,0.000,4.820
"Dynamic Tenant 01","PutSmall",1,0,7.753,0.001,7.743
"Dynamic Tenant 01","GetSmall",1,0,5.028,0.000,4.996
"Dynamic Tenant 01","GetSmall",1,0,5.046,0.000,5.036
"Dynamic Tenant 01","GetSmall",1,0,5.193,0.000,5.161
"Dynamic Tenant 01","PutSmall",1,0,7.193,0.000,7.190
"Dynamic Tenant 01","GetSmall",1,0,5.042,0.000,5.038
"Dynamic Tenant 01","PutSmall",1,0,7.494,0.000,7.490
"Dynamic Tenant 01","PutSmall",1,0,7.551,0.000,7.522
"Dynamic Tenant 01","PutSmall",1,0,7.458,0.000,7.426
"Dynamic Tenant 01","GetSmall",1,0,4.945,0.001,4.933
"Dynamic Tenant 01","PutSmall",1,0,7.398,0.001,7.383
"Dynamic Tenant 01","PutSmall",1,0,7.297,0.000,7.291
"Dynamic Tenant 01","PutSmall",1,0,7.623,0.000,7.615
"Dynamic Tenant 01","GetSmall",1,0,4.834,0.000,4.824
"Dynamic Tenant 01","PutSmall",1,0,7.826,0.000,7.811
"Dynamic Tenant 01","PutSmall",1,0,7.325,0.000,7.304
"Dynamic Tenant 01","PutSmall",1,0,7.755,0.000,7.747
"Dynamic Tenant 01","GetSmall",1,0,5.144,0.000,5.121
"Dynamic Tenant 01","GetSmall",1,0,5.077,0.000,5.066
"Dynamic Tenant 01","PutSmall",1,0,7.282,0.000,7.269
"Dynamic Tenant 01","PutSmall",1,0,7.142,0.000,7.139
"Dynamic Tenant 01","GetSmall",1,0,5.104,0.000,5.096
"Dynamic Tenant 01","GetSmall",1,0,5.011,0.000,5.009
"Dynamic Tenant 01","PutSmall",1,0,7.612,0.000,7.605
"Dynamic Tenant 01","GetSmall",1,0,4.889,0.000,4.870
"Dynamic Tenant 01","PutSmall",1,0,7.748,0.000,7.715
"Dynamic Tenant 01","PutSmall",1,0,7.374,0.000,7.347
"Dynamic Tenant 01","PutSmall",1,0,7.686,0.000,7.680
"Dynamic Tenant 01","PutSmall",1,0,7.312,0.000,7.302
"Dynamic Tenant 01","PutSmall",1,0,7.261,0.000,7.221
"Dynamic Tenant 01","PutSmall",1,0,7.685,0.000,7.679
"Dynamic Tenant 01","GetSmall",1,0,5.253,0.001,5.239
"Dynamic Tenant 01","PutSmall",1,0,7.787,0.000,7.780
"Dynamic Tenant 01","GetSmall",1,0,5.254,0.000,5.241
"Dynamic Tenant 01","GetSmall",1,0,4.987,0.000,4.980
"Dynamic Tenant 01","PutSmall",1,0,7.770,0.000,7.763
"Dynamic Tenant 01","PutSmall",1,0,7.395,0.000,7.382
"Dynamic Tenant 01","PutSmall",1,0,7.556,0.000,7.546
"Dynamic Tenant 01","PutSmall",1,0,7.317,0.000,7.304
"Dynamic Tenant 01","GetSmall",1,0,4.935,0.001,4.922
"Dynamic Tenant 01","PutSmall",1,0,7.182,0.000,7.179
"Dynamic Tenant 01","GetSmall",1,0,4.769,0.000,4.760
"Dynamic Tenant 01","GetSmall",1,0,5.096,0.000,5.074
"Dynamic Tenant 01","GetSmall",1,0,5.259,0.000,5.244
"Dynamic Tenant 01","PutSmall",1,0,7.512,0.000,7.506
"Dynamic Tenant 01","GetSmall",1,0,4.980,0.000,4.974
"Dynamic Tenant 01","PutSmall",1,0,7.519,0.000,7.514
"Dynamic Tenant 01","PutSmall",1,0,7.556,0.000,7.544
"Dynamic Tenant 01","GetSmall",1,0,5.079,0.000,5.072
"Dynamic Tenant 01","PutSmall",1,0,7.312,0.000,7.307
"Dynamic Tenant 01","GetSmall",1,0,5.249,0.000,5.244
"Dynamic Tenant 01","PutSmall",1,0,7.725,0.000,7.721
"Dynamic Tenant 01","PutSmall",1,0,7.428,0.000,7.421
"Dynamic Tenant 01","GetSmall",1,0,5.089,0.000,5.071
"Dynamic Tenant 01","GetSmall",1,0,5.260,0.000,5.224
"Dynamic Tenant 01","GetSmall",1,0,4.819,0.000,4.808
"Dynamic Tenant 01","PutSmall",1,0,7.274,0.000,7.258
"Dynamic Tenant 01","PutSmall",1,0,7.749,0.000,7.746
"Dynamic Tenant 01","GetSmall",1,0,5.105,0.000,5.094
"Dynamic Tenant 01","PutSmall",1,0,7.815,0.000,7.805
"Dynamic Tenant 01","PutSmall",1,0,7.558,0.000,7.547
"Dynamic Tenant 01","PutSmall",1,0,7.824,0.000,7.810
"Dynamic Tenant 01","GetSmall",1,0,4.914,0.000,4.901
"Dynamic Tenant 01","PutSmall",1,0,7.239,0.000,7.233
"Dynamic Tenant 01","PutSmall",1,0,7.289,0.000,7.278
"Dynamic Tenant 01","PutSmall",1,0,7.491,0.000,7.486
"Dynamic Tenant 01","PutSmall",1,0,7.613,0.000,7.600
"Dynamic Tenant 02","GetSmall",1,0,5.018,0.001,5.007
"Dynamic Tenant 02","PutSmall",1,0,7.364,0.000,7.357
"Dynamic Tenant 02","PutSmall",1,0,7.868,0.000,7.863
"Dynamic Tenant 02","GetSmall",1,0,4.870,0.000,4.866
"Dynamic Tenant 02","PutSmall",1,0,7.386,0.000,7.382
"Dynamic Tenant 02","GetSmall",1,0,4.793,0.000,4.788
"Dynamic Tenant 02","GetSmall",1,0,4.804,0.001,4.778
"Dynamic Tenant 02","GetSmall",1,0,4.762,0.000,4.759
"Dynamic Tenant 02","GetSmall",1,0,5.024,0.000,5.022
"Dynamic Tenant 02","GetSmall",1,0,4.952,0.000,4.920
"Dynamic Tenant 02","PutSmall",1,0,7.356,0.000,7.352
"Dynamic Tenant 02","PutSmall",1,0,7.172,0.000,7.151
"Dynamic Tenant 02","PutSmall",1,0,7.157,0.000,7.152
"Dynamic Tenant 02","PutSmall",1,0,7.830,0.000,7.821
"Dynamic Tenant 02","PutSmall",1,0,7.406,0.001,7.398
"Dynamic Tenant 02","GetSmall",1,0,5.164,0.000,5.161
"Dynamic Tenant 02","GetSmall",1,0,5.114,0.000,5.103
"Dynamic Tenant 02","PutSmall",1,0,7.815,0.001,7.808
"Dynamic Tenant 02","PutSmall",1,0,7.572,0.000,7.560
"Dynamic Tenant 02","GetSmall",1,0,5.095,0.000,5.081
"Dynamic Tenant 02","PutSmall",1,0,7.561,0.000,7.526
"Dynamic Tenant 02","GetSmall",1,0,5.237,0.000,5.195
"Dynamic Tenant 02","PutSmall",1,0,7.299,0.000,7.285
"Dynamic Tenant 02","PutSmall",1,0,7.460,0.000,7.455
"Dynamic Tenant 02","PutSmall",1,0,7.788,0.000,7.783
"Dynamic Tenant 02","PutSmall",1,0,7.315,0.000,7.275
"Dynamic Tenant 02","PutSmall",1,0,7.417,0.000,7.415
"Dynamic Tenant 02","PutSmall",1,0,7.359,0.000,7.355
"Dynamic Tenant 02","GetSmall",1,0,4.987,0.000,4.984
"Dynamic Tenant 02","GetSmall",1,0,4.882,0.000,4.873
"Dynamic Tenant 02","GetSmall",1,0,5.027,0.000,5.024
"Dynamic Tenant 02","GetSmall",1,0,5.076,0.000,5.067
"Dynamic Tenant 02","GetSmall",1,0,5.092,0.000,5.083
"Dynamic Tenant 02","PutSmall",1,0,7.824,0.000,7.794
"Dynamic Tenant 02","GetSmall",1,0,4.822,0.000,4.812
"Dynamic Tenant 02","GetSmall",1,0,4.761,0.000,4.754
"Dynamic Tenant 02","GetSmall",1,0,4.864,0.000,4.854
"Dynamic Tenant 02","GetSmall",1,0,5.166,0.000,5.162
"Dynamic Tenant 02","GetSmall",1,0,5.103,0.000,5.099
"Dynamic Tenant 02","GetSmall",1,0,4.769,0.000,4.765
"Dynamic Tenant 02","PutSmall",1,0,7.285,0.000,7.281
"Dynamic Tenant 02","GetSmall",1,0,5.171,0.000,5.158
"Dynamic Tenant 02","GetSmall",1,0,4.794,0.000,4.787
"Dynamic Tenant 02","GetSmall",1,0,4.776,0.000,4.773
"Dynamic Tenant 02","PutSmall",1,0,7.149,0.000,7.139
"Dynamic Tenant 02","PutSmall",1,0,7.715,0.000,7.710
"Dynamic Tenant 02","PutSmall",1,0,7.288,0.000,7.284
"Dynamic Tenant 02","PutSmall",1,0,7.304,0.000,7.300
"Dynamic Tenant 02","PutSmall",1,0,7.499,0.000,7.497
"Dynamic Tenant 02","PutSmall",1,0,7.497,0.000,7.491
"Dynamic Tenant 02","PutSmall",1,0,7.331,0.000,7.323
"Dynamic Tenant 02","PutSmall",1,0,7.339,0.000,7.333
"Dynamic Tenant 02","PutSmall",1,0,7.833,0.000,7.829
"Dynamic Tenant 02","GetSmall",1,0,4.991,0.000,4.990
"Dynamic Tenant 02","PutSmall",1,0,7.845,0.000,7.841
"Dynamic Tenant 02","GetSmall",1,0,5.093,0.000,5.089
"Dynamic Tenant 02","GetSmall",1,0,4.995,0.000,4.989
"Dynamic Tenant 02","PutSmall",1,0,7.742,0.000,7.739
"Dynamic Tenant 02","PutSmall",1,0,7.513,0.000,7.508
"Dynamic Tenant 02","PutSmall",1,0,7.577,0.001,7.571
"Dynamic Tenant 02","PutSmall",1,0,7.158,0.000,7.153
"Dynamic Tenant 02","PutSmall",1,0,7.290,0.000,7.287
"Dynamic Tenant 02","PutSmall",1,0,7.142,0.000,7.131
"Dynamic Tenant 02","PutSmall",1,0,7.454,0.000,7.450
"Dynamic Tenant 02","GetSmall",1,0,4.844,0.000,4.835
"Dynamic Tenant 02","PutSmall",1,0,7.796,0.000,7.792
"Dynamic Tenant 02","PutSmall",1,0,7.456,0.000,7.451
"Dynamic Tenant 02","PutSmall",1,0,7.610,0.000,7.607
"Dynamic Tenant 02","PutSmall",1,0,7.875,0.000,7.859
"Dynamic Tenant 02","PutSmall",1,0,7.324,0.000,7.317
"Dynamic Tenant 02","GetSmall",1,0,5.173,0.000,5.167
"Dynamic Tenant 02","PutSmall",1,0,7.820,0.000,7.816
"Dynamic Tenant 02","GetSmall",1,0,4.966,0.000,4.963
"Dynamic Tenant 02","PutSmall",1,0,7.728,0.001,7.726
"Dynamic Tenant 02","GetSmall",1,0,4.828,0.000,4.823
"Dynamic Tenant 02","GetSmall",1,0,5.170,0.000,5.163
"Dynamic Tenant 02","PutSmall",1,0,7.693,0.000,7.654
"Dynamic Tenant 02","GetSmall",1,0,5.190,0.001,5.185
"Dynamic Tenant 02","PutSmall",1,0,7.346,0.001,7.317
"Dynamic Tenant 02","GetSmall",1,0,4.892,0.000,4.878
"Dynamic Tenant 02","GetSmall",1,0,4.963,0.000,4.954
"Dynamic Tenant 02","PutSmall",1,0,7.441,0.000,7.411
"Dynamic Tenant 02","PutSmall",1,0,7.830,0.001,7.826
"Dynamic Tenant 02","PutSmall",1,0,7.515,0.000,7.512
"Dynamic Tenant 02","PutSmall",1,0,7.336,0.000,7.296
"Dynamic Tenant 02","PutSmall",1,0,7.818,0.000,7.810
"Dynamic Tenant 02","PutSmall",1,0,7.387,0.000,7.384
"Dynamic Tenant 02","GetSmall",1,0,5.152,0.000,5.139
"Dynamic Tenant 02","PutSmall",1,0,7.605,0.001,7.601
"Dynamic Tenant 02","GetSmall",1,0,5.227,0.000,5.224
"Dynamic Tenant 02","PutSmall",1,0,7.745,0.001,7.737
"Dynamic Tenant 02","PutSmall",1,0,7.472,0.001,7.468
"Dynamic Tenant 02","PutSmall",1,0,7.850,0.000,7.848
"Dynamic Tenant 02","PutSmall",1,0,7.613,0.000,7.612
"Dynamic Tenant 02","PutSmall",1,0,7.189,0.001,7.181
"Dynamic Tenant 02","PutSmall",1,0,7.610,0.000,7.606
"Dynamic Tenant 02","PutSmall",1,0,7.776,0.000,7.772
"Dynamic Tenant 02","GetSmall",1,0,4.920,0.000,4.916
"Dynamic Tenant 02","GetSmall",1,0,4.839,0.000,4.837
"Dynamic Tenant 02","PutSmall",1,0,7.359,0.000,7.349
"Dynamic Tenant 02","PutSmall",1,0,7.611,0.000,7.603
"Dynamic Tenant 02","PutSmall",1,0,7.434,0.000,7.429
"Dynamic Tenant 02","PutSmall",1,0,7.166,0.000,7.156
"Dynamic Tenant 02","PutSmall",1,0,7.201,0.000,7.178
"Dynamic Tenant 02","PutSmall",1,0,7.335,0.001,7.293
"Dynamic Tenant 02","GetSmall",1,0,5.003,0.001,4.997
"Dynamic Tenant 02","PutSmall",1,0,7.806,0.000,7.803
"Dynamic Tenant 02","GetSmall",1,0,4.817,0.000,4.799
"Dynamic Tenant 02","GetSmall",1,0,5.080,0.000,5.056
"Dynamic Tenant 02","PutSmall",1,0,7.635,0.000,7.603
"Dynamic Tenant 02","GetSmall",1,0,5.214,0.000,5.210
"Dynamic Tenant 02","PutSmall",1,0,7.711,0.000,7.662
"Dynamic Tenant 02","PutSmall",1,0,7.381,0.000,7.353
"Dynamic Tenant 02","PutSmall",1,0,7.856,0.001,7.825
"Dynamic Tenant 02","PutSmall",1,0,7.663,0.000,7.652
"Dynamic Tenant 02","GetSmall",1,0,5.159,0.000,5.116
"Dynamic Tenant 02","PutSmall",1,0,7.184,0.000,7.172
"Dynamic Tenant 02","PutSmall",1,0,7.574,0.000,7.564
"Dynamic Tenant 02","PutSmall",1,0,7.585,0.000,7.579
"Dynamic Tenant 02","GetSmall",1,0,4.898,0.000,4.881
"Dynamic Tenant 02","PutSmall",1,0,7.751,0.000,7.735
"Dynamic Tenant 02","PutSmall",1,0,7.878,0.000,7.862
"Dynamic Tenant 02","GetSmall",1,0,5.175,0.000,5.169
"Dynamic Tenant 02","PutSmall",1,0,7.188,0.000,7.167
"Dynamic Tenant 02","GetSmall",1,0,5.141,0.001,5.130
"Dynamic Tenant 02","PutSmall",1,0,7.884,0.000,7.861
"Dynamic Tenant 02","PutSmall",1,0,7.446,0.000,7.428
"Dynamic Tenant 02","PutSmall",1,0,7.808,0.000,7.804
"Dynamic Tenant 02","PutSmall",1,0,7.639,0.000,7.634
"Dynamic Tenant 02","PutSmall",1,0,7.157,0.000,7.147
"Dynamic Tenant 02","PutSmall",1,0,7.649,0.001,7.635
"Dynamic Tenant 02","PutSmall",1,0,7.813,0.000,7.804
"Dynamic Tenant 02","PutSmall",1,0,7.168,0.000,7.163
"Dynamic Tenant 02","GetSmall",1,0,5.073,0.000,5.029
"Dynamic Tenant 02","GetSmall",1,0,5.181,0.000,5.178
"Dynamic Tenant 02","PutSmall",1,0,7.433,0.000,7.421
"Dynamic Tenant 02","GetSmall",1,0,4.826,0.000,4.817
"Dynamic Tenant 02","GetSmall",1,0,4.971,0.000,4.962
"Dynamic Tenant 02","GetSmall",1,0,5.064,0.000,5.050
"Dynamic Tenant 02","PutSmall",1,0,7.321,0.000,7.314
"Dynamic Tenant 02","PutSmall",1,0,7.459,0.000,7.454
"Dynamic Tenant 02","PutSmall",1,0,7.606,0.000,7.604
"Dynamic Tenant 02","PutSmall",1,0,7.486,0.000,7.480
"Dynamic Tenant 02","PutSmall",1,0,7.699,0.000,7.690
"Dynamic Tenant 02","PutSmall",1,0,7.597,0.000,7.583
"Dynamic Tenant 02","GetSmall",1,0,4.812,0.000,4.804
"Dynamic Tenant 02","PutSmall",1,0,7.457,0.000,7.453
"Dynamic Tenant 02","PutSmall",1,0,7.829,0.000,7.822
"Dynamic Tenant 02","GetSmall",1,0,4.768,0.000,4.763
"Dynamic Tenant 02","PutSmall",1,0,7.371,0.001,7.350
"Dynamic Tenant 02","PutSmall",1,0,7.660,0.000,7.646
"Dynamic Tenant 02","PutSmall",1,0,7.148,0.000,7.143
"Dynamic Tenant 02","PutSmall",1,0,7.191,0.000,7.186
"Dynamic Tenant 02","GetSmall",1,0,4.935,0.000,4.921
"Dynamic Tenant 02","PutSmall",1,0,7.194,0.000,7.182
"Dynamic Tenant 02","PutSmall",1,0,7.518,0.000,7.496
"Dynamic Tenant 02","PutSmall",1,0,7.810,0.000,7.805
"Dynamic Tenant 02","PutSmall",1,0,7.806,0.000,7.803
"Dynamic Tenant 02","GetSmall",1,0,4.835,0.000,4.829
"Dynamic Tenant 02","PutSmall",1,0,7.357,0.000,7.343
"Dynamic Tenant 03","PutSmall",1,0,7.196,0.000,7.192
"Dynamic Tenant 03","GetSmall",1,0,5.263,0.000,5.249
"Dynamic Tenant 03","PutSmall",1,0,7.693,0.000,7.669
"Dynamic Tenant 03","PutSmall",1,0,7.384,0.001,7.378
"Dynamic Tenant 03","GetSmall",1,0,4.824,0.000,4.822
"Dynamic Tenant 03","PutSmall",1,0,7.483,0.000,7.480
"Dynamic Tenant 03","PutSmall",1,0,7.782,0.001,7.778
"Dynamic Tenant 03","GetSmall",1,0,4.964,0.000,4.954
"Dynamic Tenant 03","GetSmall",1,0,5.145,0.000,5.139
"Dynamic Tenant 03","PutSmall",1,0,7.625,0.000,7.606
"Dynamic Tenant 03","PutSmall",1,0,7.490,0.001,7.472
"Dynamic Tenant 03","PutSmall",1,0,7.235,0.000,7.205
"Dynamic Tenant 03","PutSmall",1,0,7.699,0.000,7.690
"Dynamic Tenant 03","PutSmall",1,0,7.603,0.000,7.600
"Dynamic Tenant 03","GetSmall",1,0,5.005,0.000,5.001
"Dynamic Tenant 03","PutSmall",1,0,7.603,0.000,7.599
"Dynamic Tenant 03","GetSmall",1,0,5.145,0.000,5.141
"Dynamic Tenant 03","PutSmall",1,0,7.180,0.000,7.146
"Dynamic Tenant 03","PutSmall",1,0,7.312,0.000,7.303
"Dynamic Tenant 03","PutSmall",1,0,7.397,0.000,7.394
"Dynamic Tenant 03","GetSmall",1,0,5.085,0.000,5.080
"Dynamic Tenant 03","GetSmall",1,0,4.929,0.000,4.924
"Dynamic Tenant 03","PutSmall",1,0,7.884,0.000,7.865
"Dynamic Tenant 03","GetSmall",1,0,5.202,0.000,5.201
"Dynamic Tenant 03","GetSmall",1,0,5.236,0.000,5.189
"Dynamic Tenant 03","PutSmall",1,0,7.369,0.000,7.358
"Dynamic Tenant 03","PutSmall",1,0,7.525,0.000,7.508
"Dynamic Tenant 03","PutSmall",1,0,7.700,0.000,7.696
"Dynamic Tenant 03","PutSmall",1,0,7.790,0.000,7.783
"Dynamic Tenant 03","PutSmall",1,0,7.265,0.000,7.233
"Dynamic Tenant 03","PutSmall",1,0,7.635,0.000,7.630
"Dynamic Tenant 03","PutSmall",1,0,7.186,0.000,7.174
"Dynamic Tenant 03","PutSmall",1,0,7.570,0.000,7.567
"Dynamic Tenant 03","GetSmall",1,0,5.215,0.000,5.204
"Dynamic Tenant 03","PutSmall",1,0,7.406,0.000,7.402
"Dynamic Tenant 03","PutSmall",1,0,7.501,0.000,7.499
"Dynamic Tenant 03","PutSmall",1,0,7.515,0.000,7.512
"Dynamic Tenant 03","GetSmall",1,0,5.079,0.000,5.077
"Dynamic Tenant 03","PutSmall",1,0,7.238,0.000,7.228
"Dynamic Tenant 03","PutSmall",1,0,7.775,0.000,7.765
"Dynamic Tenant 03","GetSmall",1,0,4.969,0.000,4.961
"Dynamic Tenant 03","GetSmall",1,0,4.897,0.000,4.889
"Dynamic Tenant 03","PutSmall",1,0,7.575,0.000,7.571
"Dynamic Tenant 03","PutSmall",1,0,7.412,0.000,7.409
"Dynamic Tenant 03","PutSmall",1,0,7.617,0.000,7.595
"Dynamic Tenant 03","GetSmall",1,0,5.235,0.001,5.223
"Dynamic Tenant 03","PutSmall",1,0,7.757,0.000,7.751
"Dynamic Tenant 03","GetSmall",1,0,5.059,0.000,5.054
"Dynamic Tenant 03","PutSmall",1,0,7.859,0.000,7.857
"Dynamic Tenant 03","GetSmall",1,0,4.847,0.000,4.842
"Dynamic Tenant 03","GetSmall",1,0,5.172,0.000,5.133
"Dynamic Tenant 03","PutSmall",1,0,7.370,0.000,7.364
"Dynamic Tenant 03","GetSmall",1,0,4.941,0.000,4.918
"Dynamic Tenant 03","PutSmall",1,0,7.324,0.000,7.319
"Dynamic Tenant 03","PutSmall",1,0,7.288,0.000,7.273
"Dynamic Tenant 03","GetSmall",1,0,4.965,0.000,4.949
"Dynamic Tenant 03","PutSmall",1,0,7.421,0.000,7.380
"Dynamic Tenant 03","GetSmall",1,0,4.953,0.000,4.948
"Dynamic Tenant 03","PutSmall",1,0,7.580,0.000,7.558
"Dynamic Tenant 03","GetSmall",1,0,5.093,0.000,5.087
"Dynamic Tenant 03","GetSmall",1,0,5.077,0.000,5.057
"Dynamic Tenant 03","PutSmall",1,0,7.849,0.000,7.845
"Dynamic Tenant 03","PutSmall",1,0,7.235,0.000,7.228
"Dynamic Tenant 03","PutSmall",1,0,7.786,0.000,7.782
"Dynamic Tenant 03","PutSmall",1,0,7.302,0.000,7.294
"Dynamic Tenant 03","PutSmall",1,0,7.482,0.000,7.477
"Dynamic Tenant 03","GetSmall",1,0,5.179,0.000,5.176
"Dynamic Tenant 03","PutSmall",1,0,7.284,0.000,7.271
"Dynamic Tenant 03","GetSmall",1,0,5.014,0.000,5.008
"Dynamic Tenant 03","PutSmall",1,0,7.214,0.000,7.210
"Dynamic Tenant 03","PutSmall",1,0,7.483,0.001,7.477
"Dynamic Tenant 03","PutSmall",1,0,7.252,0.000,7.245
"Dynamic Tenant 03","GetSmall",1,0,4.950,0.000,4.945
"Dynamic Tenant 03","PutSmall",1,0,7.160,0.000,7.153
"Dynamic Tenant 03","GetSmall",1,0,5.113,0.000,5.104
"Dynamic Tenant 03","PutSmall",1,0,7.466,0.001,7.403
"Dynamic Tenant 03","GetSmall",1,0,4.795,0.000,4.787
"Dynamic Tenant 03","GetSmall",1,0,5.174,0.000,5.171
"Dynamic Tenant 03","PutSmall",1,0,7.515,0.000,7.485
"Dynamic Tenant 03","PutSmall",1,0,7.845,0.000,7.823
"Dynamic Tenant 03","GetSmall",1,0,5.218,0.000,5.217
"Dynamic Tenant 03","PutSmall",1,0,7.135,0.000,7.131
"Dynamic Tenant 03","PutSmall",1,0,7.518,0.000,7.511
"Dynamic Tenant 03","GetSmall",1,0,5.045,0.000,5.033
"Dynamic Tenant 03","PutSmall",1,0,7.295,0.000,7.281
"Dynamic Tenant 03","PutSmall",1,0,7.155,0.000,7.144
"Dynamic Tenant 03","PutSmall",1,0,7.276,0.000,7.271
"Dynamic Tenant 03","GetSmall",1,0,5.106,0.000,5.098
"Dynamic Tenant 03","GetSmall",1,0,5.144,0.000,5.099
"Dynamic Tenant 03","PutSmall",1,0,7.148,0.000,7.126
"Dynamic Tenant 03","PutSmall",1,0,7.315,0.000,7.311
"Dynamic Tenant 03","PutSmall",1,0,7.426,0.000,7.421
"Dynamic Tenant 03","GetSmall",1,0,4.837,0.000,4.835
"Dynamic Tenant 03","GetSmall",1,0,4.794,0.000,4.785
"Dynamic Tenant 03","PutSmall",1,0,7.354,0.001,7.348
"Dynamic Tenant 03","PutSmall",1,0,7.620,0.000,7.615
"Dynamic Tenant 03","PutSmall",1,0,7.133,0.000,7.129
"Dynamic Tenant 03","PutSmall",1,0,7.556,0.000,7.553
"Dynamic Tenant 03","GetSmall",1,0,4.942,0.000,4.917
"Dynamic Tenant 03","PutSmall",1,0,7.349,0.000,7.327
"Dynamic Tenant 03","GetSmall",1,0,4.933,0.000,4.928
"Dynamic Tenant 03","PutSmall",1,0,7.641,0.000,7.634
"Dynamic Tenant 03","PutSmall",1,0,7.390,0.000,7.385
"Dynamic Tenant 03","GetSmall",1,0,4.923,0.001,4.920
"Dynamic Tenant 03","PutSmall",1,0,7.609,0.001,7.604
"Dynamic Tenant 03","GetSmall",1,0,5.049,0.000,4.998
"Dynamic Tenant 03","PutSmall",1,0,7.381,0.000,7.377
"Dynamic Tenant 03","PutSmall",1,0,7.866,0.000,7.860
"Dynamic Tenant 03","GetSmall",1,0,5.050,0.000,5.048
"Dynamic Tenant 03","GetSmall",1,0,4.901,0.000,4.881
"Dynamic Tenant 03","GetSmall",1,0,5.054,0.000,5.049
"Dynamic Tenant 03","PutSmall",1,0,7.186,0.000,7.172
"Dynamic Tenant 03","PutSmall",1,0,7.392,0.000,7.388
"Dynamic Tenant 03","GetSmall",1,0,4.840,0.000,4.835
"Dynamic Tenant 03","GetSmall",1,0,4.974,0.000,4.951
"Dynamic Tenant 03","PutSmall",1,0,7.791,0.000,7.771
"Dynamic Tenant 03","PutSmall",1,0,7.535,0.000,7.526
"Dynamic Tenant 03","PutSmall",1,0,7.340,0.000,7.327
"Dynamic Tenant 03","PutSmall",1,0,7.721,0.000,7.700
"Dynamic Tenant 03","GetSmall",1,0,4.807,0.000,4.803
"Dynamic Tenant 03","GetSmall",1,0,4.830,0.000,4.827
"Dynamic Tenant 03","PutSmall",1,0,7.690,0.000,7.681
"Dynamic Tenant 03","GetSmall",1,0,5.058,0.000,5.052
"Dynamic Tenant 03","PutSmall",1,0,7.719,0.000,7.711
"Dynamic Tenant 03","GetSmall",1,0,5.137,0.000,5.131
"Dynamic Tenant 03","PutSmall",1,0,7.832,0.000,7.819
"Dynamic Tenant 03","GetSmall",1,0,5.129,0.000,5.122
"Dynamic Tenant 03","PutSmall",1,0,7.481,0.000,7.470
"Dynamic Tenant 03","GetSmall",1,0,5.250,0.000,5.244
"Dynamic Tenant 03","PutSmall",1,0,7.493,0.000,7.478
"Dynamic Tenant 03","PutSmall",1,0,7.492,0.001,7.488
"Dynamic Tenant 03","GetSmall",1,0,4.838,0.000,4.831
"Dynamic Tenant 03","GetSmall",1,0,4.764,0.000,4.754
"Dynamic Tenant 03","PutSmall",1,0,7.824,0.000,7.809
"Dynamic Tenant 03","PutSmall",1,0,7.562,0.000,7.558
"Dynamic Tenant 03","GetSmall",1,0,4.994,0.000,4.987
"Dynamic Tenant 03","PutSmall",1,0,7.351,0.000,7.341
"Dynamic Tenant 03","PutSmall",1,0,7.582,0.001,7.577
"Dynamic Tenant 03","PutSmall",1,0,7.563,0.000,7.549
"Dynamic Tenant 03","GetSmall",1,0,4.960,0.000,4.956
"Dynamic Tenant 03","GetSmall",1,0,5.245,0.000,5.239
"Dynamic Tenant 03","PutSmall",1,0,7.743,0.000,7.740
"Dynamic Tenant 03","GetSmall",1,0,5.139,0.001,5.126
"Dynamic Tenant 03","PutSmall",1,0,7.537,0.000,7.531
"Dynamic Tenant 03","PutSmall",1,0,7.868,0.000,7.855
"Dynamic Tenant 03","PutSmall",1,0,7.251,0.001,7.247
"Dynamic Tenant 03","GetSmall",1,0,4.922,0.000,4.914
"Dynamic Tenant 03","GetSmall",1,0,5.054,0.000,5.034
"Dynamic Tenant 03","PutSmall",1,0,7.478,0.000,7.469
"Dynamic Tenant 03","PutSmall",1,0,7.883,0.000,7.873
"Dynamic Tenant 03","PutSmall",1,0,7.419,0.000,7.414
"Dynamic Tenant 03","PutSmall",1,0,7.368,0.001,7.360
"Dynamic Tenant 03","GetSmall",1,0,4.973,0.000,4.960
"Dynamic Tenant 03","GetSmall",1,0,5.083,0.000,5.080
"Dynamic Tenant 03","GetSmall",1,0,5.060,0.000,5.056
"Dynamic Tenant 03","GetSmall",1,0,5.251,0.001,5.241
"Dynamic Tenant 03","GetSmall",1,0,5.101,0.001,5.078
"Dynamic Tenant 04","PutSmall",1,0,7.795,0.000,7.777
"Dynamic Tenant 04","PutSmall",1,0,7.174,0.000,7.164
"Dynamic Tenant 04","GetSmall",1,0,5.239,0.000,5.215
"Dynamic Tenant 04","PutSmall",1,0,7.433,0.000,7.423
"Dynamic Tenant 04","PutSmall",1,0,7.657,0.000,7.642
"Dynamic Tenant 04","GetSmall",1,0,4.786,0.000,4.780
"Dynamic Tenant 04","PutSmall",1,0,7.398,0.000,7.395
"Dynamic Tenant 04","GetSmall",1,0,5.046,0.000,5.026
"Dynamic Tenant 04","GetSmall",1,0,4.965,0.000,4.964
"Dynamic Tenant 04","GetSmall",1,0,4.842,0.000,4.838
"Dynamic Tenant 04","PutSmall",1,0,7.193,0.000,7.189
"Dynamic Tenant 04","PutSmall",1,0,7.746,0.000,7.739
"Dynamic Tenant 04","GetSmall",1,0,5.114,0.000,5.102
"Dynamic Tenant 04","PutSmall",1,0,7.792,0.000,7.760
"Dynamic Tenant 04","PutSmall",1,0,7.599,0.001,7.587
"Dynamic Tenant 04","GetSmall",1,0,4.775,0.000,4.765
"Dynamic Tenant 04","GetSmall",1,0,5.054,0.000,5.047
"Dynamic Tenant 04","PutSmall",1,0,7.419,0.001,7.404
"Dynamic Tenant 04","PutSmall",1,0,7.590,0.000,7.575
"Dynamic Tenant 04","GetSmall",1,0,4.902,0.000,4.854
"Dynamic Tenant 04","PutSmall",1,0,7.290,0.001,7.273
"Dynamic Tenant 04","PutSmall",1,0,7.376,0.000,7.369
"Dynamic Tenant 04","GetSmall",1,0,5.040,0.000,5.033
"Dynamic Tenant 04","PutSmall",1,0,7.163,0.000,7.161
"Dynamic Tenant 04","PutSmall",1,0,7.343,0.000,7.317
"Dynamic Tenant 04","PutSmall",1,0,7.619,0.000,7.584
"Dynamic Tenant 04","GetSmall",1,0,4.879,0.000,4.874
"Dynamic Tenant 04","PutSmall",1,0,7.138,0.000,7.134
"Dynamic Tenant 04","GetSmall",1,0,4.814,0.000,4.766
"Dynamic Tenant 04","GetSmall",1,0,5.238,0.000,5.233
"Dynamic Tenant 04","PutSmall",1,0,7.639,0.000,7.622
"Dynamic Tenant 04","PutSmall",1,0,7.394,0.000,7.390
"Dynamic Tenant 04","PutSmall",1,0,7.657,0.000,7.655
"Dynamic Tenant 04","PutSmall",1,0,7.785,0.001,7.775
"Dynamic Tenant 04","PutSmall",1,0,7.320,0.000,7.311
"Dynamic Tenant 04","PutSmall",1,0,7.203,0.000,7.199
"Dynamic Tenant 04","GetSmall",1,0,5.114,0.000,5.103
"Dynamic Tenant 04","GetSmall",1,0,4.939,0.001,4.933
"Dynamic Tenant 04","PutSmall",1,0,7.799,0.000,7.789
"Dynamic Tenant 04","PutSmall",1,0,7.631,0.000,7.621
"Dynamic Tenant 04","PutSmall",1,0,7.189,0.001,7.187
"Dynamic Tenant 04","GetSmall",1,0,5.062,0.000,5.050
"Dynamic Tenant 04","PutSmall",1,0,7.464,0.001,7.459
"Dynamic Tenant 04","PutSmall",1,0,7.451,0.000,7.447
"Dynamic Tenant 04","PutSmall",1,0,7.672,0.000,7.668
"Dynamic Tenant 04","GetSmall",1,0,5.246,0.000,5.239
"Dynamic Tenant 04","GetSmall",1,0,5.134,0.000,5.130
"Dynamic Tenant 04","PutSmall",1,0,7.389,0.000,7.386
"Dynamic Tenant 04","PutSmall",1,0,7.156,0.001,7.151
"Dynamic Tenant 04","PutSmall",1,0,7.732,0.000,7.719
"Dynamic Tenant 04","PutSmall",1,0,7.217,0.000,7.197
"Dynamic Tenant 04","PutSmall",1,0,7.830,0.000,7.810
"Dynamic Tenant 04","PutSmall",1,0,7.614,0.000,7.608
"Dynamic Tenant 04","PutSmall",1,0,7.523,0.000,7.519
"Dynamic Tenant 04","GetSmall",1,0,4.865,0.000,4.862
"Dynamic Tenant 04","PutSmall",1,0,7.297,0.000,7.294
"Dynamic Tenant 04","PutSmall",1,0,7.290,0.000,7.287
"Dynamic Tenant 04","PutSmall",1,0,7.525,0.000,7.494
"Dynamic Tenant 04","PutSmall",1,0,7.700,0.000,7.688
"Dynamic Tenant 04","GetSmall",1,0,5.021,0.000,5.018
"Dynamic Tenant 04","GetSmall",1,0,5.066,0.001,5.062
"Dynamic Tenant 04","GetSmall",1,0,4.976,0.000,4.967
"Dynamic Tenant 04","PutSmall",1,0,7.641,0.000,7.628
"Dynamic Tenant 04","PutSmall",1,0,7.553,0.000,7.532
"Dynamic Tenant 04","PutSmall",1,0,7.779,0.000,7.767
"Dynamic Tenant 04","PutSmall",1,0,7.335,0.000,7.327
"Dynamic Tenant 04","PutSmall",1,0,7.781,0.000,7.767
"Dynamic Tenant 04","PutSmall",1,0,7.210,0.000,7.202
"Dynamic Tenant 04","PutSmall",1,0,7.597,0.000,7.593
"Dynamic Tenant 04","PutSmall",1,0,7.516,0.000,7.508
"Dynamic Tenant 04","PutSmall",1,0,7.405,0.000,7.392
"Dynamic Tenant 04","PutSmall",1,0,7.405,0.000,7.394
"Dynamic Tenant 04","PutSmall",1,0,7.786,0.000,7.780
"Dynamic Tenant 04","GetSmall",1,0,5.053,0.000,5.050
"Dynamic Tenant 04","PutSmall",1,0,7.555,0.000,7.549
"Dynamic Tenant 04","PutSmall",1,0,7.473,0.000,7.468
"Dynamic Tenant 04","PutSmall",1,0,7.687,0.000,7.683
"Dynamic Tenant 04","GetSmall",1,0,5.036,0.000,5.030
"Dynamic Tenant 04","PutSmall",1,0,7.522,0.000,7.519
"Dynamic Tenant 04","GetSmall",1,0,5.236,0.000,5.227
"Dynamic Tenant 04","PutSmall",1,0,7.839,0.000,7.836
"Dynamic Tenant 04","PutSmall",1,0,7.703,0.000,7.699
"Dynamic Tenant 04","PutSmall",1,0,7.430,0.000,7.414
"Dynamic Tenant 04","GetSmall",1,0,4.878,0.000,4.870
"Dynamic Tenant 04","PutSmall",1,0,7.724,0.000,7.718
"Dynamic Tenant 04","GetSmall",1,0,5.126,0.000,5.124
"Dynamic Tenant 04","PutSmall",1,0,7.539,0.000,7.534
"Dynamic Tenant 04","PutSmall",1,0,7.666,0.000,7.663
"Dynamic Tenant 04","PutSmall",1,0,7.743,0.000,7.733
"Dynamic Tenant 04","PutSmall",1,0,7.244,0.000,7.227
"Dynamic Tenant 04","PutSmall",1,0,7.610,0.001,7.607
"Dynamic Tenant 04","PutSmall",1,0,7.709,0.000,7.703
"Dynamic Tenant 04","PutSmall",1,0,7.596,0.000,7.587
"Dynamic Tenant 04","PutSmall",1,0,7.575,0.001,7.569
"Dynamic Tenant 04","PutSmall",1,0,7.416,0.000,7.414
"Dynamic Tenant 04","PutSmall",1,0,7.315,0.000,7.302
"Dynamic Tenant 04","PutSmall",1,0,7.636,0.001,7.630
"Dynamic Tenant 04","PutSmall",1,0,7.464,0.000,7.461
"Dynamic Tenant 04","PutSmall",1,0,7.145,0.000,7.141
"Dynamic Tenant 04","GetSmall",1,0,5.301,0.000,5.234
"Dynamic Tenant 04","GetSmall",1,0,5.024,0.000,5.012
"Dynamic Tenant 04","GetSmall",1,0,4.993,0.000,4.955
"Dynamic Tenant 04","PutSmall",1,0,7.219,0.000,7.214
"Dynamic Tenant 04","PutSmall",1,0,7.330,0.000,7.320
"Dynamic Tenant 04","GetSmall",1,0,4.809,0.001,4.805
"Dynamic Tenant 04","PutSmall",1,0,7.316,0.000,7.315
"Dynamic Tenant 04","PutSmall",1,0,7.640,0.001,7.636
"Dynamic Tenant 04","PutSmall",1,0,7.482,0.000,7.473
"Dynamic Tenant 04","PutSmall",1,0,7.166,0.000,7.158
"Dynamic Tenant 04","PutSmall",1,0,7.294,0.001,7.288
"Dynamic Tenant 04","PutSmall",1,0,7.293,0.000,7.287
"Dynamic Tenant 04","PutSmall",1,0,7.564,0.000,7.559
"Dynamic Tenant 04","GetSmall",1,0,4.839,0.001,4.796
"Dynamic Tenant 04","PutSmall",1,0,7.597,0.000,7.585
"Dynamic Tenant 04","GetSmall",1,0,5.184,0.000,5.154
"Dynamic Tenant 04","PutSmall",1,0,7.278,0.000,7.251
"Dynamic Tenant 04","PutSmall",1,0,7.722,0.000,7.713
"Dynamic Tenant 04","PutSmall",1,0,7.332,0.000,7.329
"Dynamic Tenant 04","PutSmall",1,0,7.302,0.000,7.287
"Dynamic Tenant 04","PutSmall",1,0,7.554,0.000,7.543
"Dynamic Tenant 04","GetSmall",1,0,4.804,0.000,4.790
"Dynamic Tenant 04","PutSmall",1,0,7.267,0.000,7.264
"Dynamic Tenant 04","GetSmall",1,0,5.043,0.000,5.037
"Dynamic Tenant 04","PutSmall",1,0,7.182,0.000,7.175
"Dynamic Tenant 04","GetSmall",1,0,5.213,0.000,5.203
"Dynamic Tenant 04","GetSmall",1,0,5.079,0.000,5.071
"Dynamic Tenant 04","GetSmall",1,0,4.838,0.000,4.824
"Dynamic Tenant 04","PutSmall",1,0,7.303,0.000,7.298
"Dynamic Tenant 04","GetSmall",1,0,4.857,0.000,4.845
"Dynamic Tenant 04","PutSmall",1,0,7.397,0.000,7.387
"Dynamic Tenant 04","PutSmall",1,0,7.734,0.000,7.715
"Dynamic Tenant 04","PutSmall",1,0,7.855,0.000,7.852
"Dynamic Tenant 04","PutSmall",1,0,7.559,0.000,7.555
"Dynamic Tenant 04","PutSmall",1,0,7.217,0.000,7.212
"Dynamic Tenant 04","PutSmall",1,0,7.661,0.000,7.658
"Dynamic Tenant 04","PutSmall",1,0,7.648,0.000,7.643
"Dynamic Tenant 04","PutSmall",1,0,7.545,0.000,7.532
"Dynamic Tenant 04","PutSmall",1,0,7.569,0.000,7.556
"Dynamic Tenant 04","PutSmall",1,0,7.365,0.000,7.359
"Dynamic Tenant 04","GetSmall",1,0,5.045,0.000,5.040
"Dynamic Tenant 04","PutSmall",1,0,7.543,0.001,7.499
"Dynamic Tenant 04","GetSmall",1,0,5.125,0.000,5.109
"Dynamic Tenant 04","PutSmall",1,0,7.442,0.000,7.426
"Dynamic Tenant 04","PutSmall",1,0,7.827,0.001,7.822
"Dynamic Tenant 04","GetSmall",1,0,5.110,0.000,5.101
"Dynamic Tenant 04","GetSmall",1,0,5.060,0.000,5.053
"Dynamic Tenant 04","PutSmall",1,0,7.535,0.000,7.524
"Dynamic Tenant 04","PutSmall",1,0,7.649,0.000,7.644
"Dynamic Tenant 04","GetSmall",1,0,4.846,0.000,4.817
"Dynamic Tenant 04","PutSmall",1,0,7.404,0.000,7.401
"Dynamic Tenant 04","GetSmall",1,0,5.080,0.000,5.072
"Dynamic Tenant 04","GetSmall",1,0,5.018,0.000,5.013
"Dynamic Tenant 04","PutSmall",1,0,7.771,0.000,7.760
"Dynamic Tenant 04","GetSmall",1,0,4.856,0.000,4.848
"Dynamic Tenant 04","PutSmall",1,0,7.727,0.000,7.723
"Dynamic Tenant 04","GetSmall",1,0,5.131,0.000,5.126
"Dynamic Tenant 04","PutSmall",1,0,7.744,0.000,7.733
"Dynamic Tenant 04","PutSmall",1,0,7.327,0.000,7.305
"Dynamic Tenant 04","PutSmall",1,0,7.173,0.000,7.163
"Dynamic Tenant 04","GetSmall",1,0,4.827,0.000,4.822
"Dynamic Tenant 04","PutSmall",1,0,7.185,0.000,7.179
"Dynamic Tenant 04","PutSmall",1,0,7.654,0.000,7.645
"Dynamic Tenant 04","PutSmall",1,0,7.520,0.000,7.490
"Dynamic Tenant 04","PutSmall",1,0,7.377,0.000,7.372
"Dynamic Tenant 04","PutSmall",1,0,7.816,0.000,7.811
"Dynamic Tenant 04","GetSmall",1,0,4.884,0.001,4.874
"Dynamic Tenant 04","GetSmall",1,0,5.118,0.000,5.106
"Dynamic Tenant 04","GetSmall",1,0,5.182,0.000,5.170
"Dynamic Tenant 04","PutSmall",1,0,7.841,0.000,7.827
"Dynamic Tenant 04","GetSmall",1,0,5.099,0.000,5.083
"Dynamic Tenant 04","GetSmall",1,0,5.196,0.000,5.190
"Dynamic Tenant 04","PutSmall",1,0,7.352,0.000,7.328
"Dynamic Tenant 04","PutSmall",1,0,7.814,0.001,7.804
"Dynamic Tenant 04","PutSmall",1,0,7.253,0.000,7.244
"Dynamic Tenant 04","PutSmall",1,0,7.828,0.000,7.823
"Dynamic Tenant 04","GetSmall",1,0,4.792,0.000,4.785
"Dynamic Tenant 04","GetSmall",1,0,5.148,0.000,5.143
"Dynamic Tenant 04","GetSmall",1,0,5.102,0.000,5.100
"Dynamic Tenant 04","PutSmall",1,0,7.284,0.000,7.278
"Dynamic Tenant 04","GetSmall",1,0,5.063,0.000,5.043
"Dynamic Tenant 04","PutSmall",1,0,7.515,0.000,7.510
"Dynamic Tenant 04","GetSmall",1,0,5.159,0.000,5.152
"Dynamic Tenant 04","GetSmall",1,0,5.047,0.000,5.044
"Dynamic Tenant 05","GetSmall",1,0,5.144,0.000,5.132
"Dynamic Tenant 05","GetSmall",1,0,5.060,0.000,5.051
"Dynamic Tenant 05","GetSmall",1,0,4.912,0.000,4.907
"Dynamic Tenant 05","GetSmall",1,0,5.018,0.000,5.014
"Dynamic Tenant 05","PutSmall",1,0,7.164,0.000,7.154
"Dynamic Tenant 05","PutSmall",1,0,7.723,0.000,7.716
"Dynamic Tenant 05","GetSmall",1,0,5.015,0.000,5.012
"Dynamic Tenant 05","GetSmall",1,0,4.769,0.000,4.765
"Dynamic Tenant 05","PutSmall",1,0,7.411,0.000,7.404
"Dynamic Tenant 05","PutSmall",1,0,7.547,0.000,7.537
"Dynamic Tenant 05","GetSmall",1,0,5.219,0.000,5.214
"Dynamic Tenant 05","GetSmall",1,0,4.794,0.001,4.784
"Dynamic Tenant 05","PutSmall",1,0,7.449,0.000,7.439
"Dynamic Tenant 05","GetSmall",1,0,4.993,0.000,4.990
"Dynamic Tenant 05","GetSmall",1,0,4.908,0.001,4.906
"Dynamic Tenant 05","PutSmall",1,0,7.240,0.000,7.236
"Dynamic Tenant 05","PutSmall",1,0,7.710,0.000,7.709
"Dynamic Tenant 05","GetSmall",1,0,4.852,0.000,4.821
"Dynamic Tenant 05","GetSmall",1,0,5.107,0.000,5.092
"Dynamic Tenant 05","PutSmall",1,0,7.136,0.001,7.129
"Dynamic Tenant 05","PutSmall",1,0,7.825,0.000,7.822
"Dynamic Tenant 05","GetSmall",1,0,5.197,0.000,5.167
"Dynamic Tenant 05","GetSmall",1,0,4.896,0.000,4.885
"Dynamic Tenant 05","GetSmall",1,0,5.190,0.000,5.166
"Dynamic Tenant 05","PutSmall",1,0,7.811,0.000,7.802
"Dynamic Tenant 05","GetSmall",1,0,5.093,0.000,5.089
"Dynamic Tenant 05","PutSmall",1,0,7.197,0.000,7.194
"Dynamic Tenant 05","PutSmall",1,0,7.640,0.000,7.637
"Dynamic Tenant 05","GetSmall",1,0,4.787,0.000,4.781
"Dynamic Tenant 05","GetSmall",1,0,4.886,0.000,4.872
"Dynamic Tenant 05","GetSmall",1,0,5.196,0.000,5.166
"Dynamic Tenant 05","PutSmall",1,0,7.533,0.000,7.518
"Dynamic Tenant 05","PutSmall",1,0,7.720,0.000,7.712
"Dynamic Tenant 05","GetSmall",1,0,4.894,0.000,4.876
"Dynamic Tenant 05","GetSmall",1,0,5.070,0.000,5.064
"Dynamic Tenant 05","GetSmall",1,0,4.779,0.000,4.776
"Dynamic Tenant 05","PutSmall",1,0,7.392,0.001,7.382
"Dynamic Tenant 05","PutSmall",1,0,7.739,0.000,7.735
"Dynamic Tenant 05","GetSmall",1,0,4.913,0.000,4.901
"Dynamic Tenant 05","PutSmall",1,0,7.233,0.000,7.211
"Dynamic Tenant 05","GetSmall",1,0,5.003,0.000,5.000
"Dynamic Tenant 05","GetSmall",1,0,5.100,0.000,5.094
"Dynamic Tenant 05","PutSmall",1,0,7.625,0.000,7.621
"Dynamic Tenant 05","GetSmall",1,0,4.822,0.000,4.819
"Dynamic Tenant 05","PutSmall",1,0,7.523,0.000,7.521
"Dynamic Tenant 05","PutSmall",1,0,7.303,0.000,7.286
"Dynamic Tenant 05","GetSmall",1,0,4.949,0.000,4.943
"Dynamic Tenant 05","PutSmall",1,0,7.222,0.000,7.212
"Dynamic Tenant 05","GetSmall",1,0,5.039,0.000,5.030
"Dynamic Tenant 05","PutSmall",1,0,7.498,0.000,7.493
"Dynamic Tenant 05","PutSmall",1,0,7.559,0.000,7.551
"Dynamic Tenant 05","GetSmall",1,0,4.782,0.000,4.772
"Dynamic Tenant 05","PutSmall",1,0,7.744,0.000,7.740
"Dynamic Tenant 05","PutSmall",1,0,7.724,0.000,7.719
"Dynamic Tenant 05","GetSmall",1,0,4.764,0.000,4.756
"Dynamic Tenant 05","PutSmall",1,0,7.764,0.000,7.763
"Dynamic Tenant 05","GetSmall",1,0,5.085,0.000,5.081
"Dynamic Tenant 05","GetSmall",1,0,5.127,0.000,5.122
"Dynamic Tenant 05","PutSmall",1,0,7.604,0.000,7.602
"Dynamic Tenant 05","GetSmall",1,0,4.872,0.000,4.867
"Dynamic Tenant 05","PutSmall",1,0,7.808,0.000,7.790
"Dynamic Tenant 05","PutSmall",1,0,7.409,0.000,7.399
"Dynamic Tenant 05","PutSmall",1,0,7.511,0.000,7.509
"Dynamic Tenant 05","PutSmall",1,0,7.705,0.000,7.637
"Dynamic Tenant 05","GetSmall",1,0,4.758,0.000,4.752
"Dynamic Tenant 05","PutSmall",1,0,7.171,0.000,7.153
"Dynamic Tenant 05","PutSmall",1,0,7.158,0.000,7.153
"Dynamic Tenant 05","PutSmall",1,0,7.591,0.000,7.588
"Dynamic Tenant 05","GetSmall",1,0,5.167,0.000,5.164
"Dynamic Tenant 05","PutSmall",1,0,7.210,0.000,7.188
"Dynamic Tenant 05","GetSmall",1,0,4.905,0.000,4.895
"Dynamic Tenant 05","GetSmall",1,0,4.852,0.001,4.841
"Dynamic Tenant 05","PutSmall",1,0,7.198,0.000,7.190
"Dynamic Tenant 05","PutSmall",1,0,7.637,0.000,7.633
"Dynamic Tenant 05","GetSmall",1,0,5.118,0.000,5.109
"Dynamic Tenant 05","PutSmall",1,0,7.240,0.000,7.196
"Dynamic Tenant 05","PutSmall",1,0,7.258,0.000,7.213
"Dynamic Tenant 05","GetSmall",1,0,4.804,0.000,4.800
"Dynamic Tenant 05","GetSmall",1,0,4.910,0.001,4.905
"Dynamic Tenant 05","GetSmall",1,0,4.805,0.000,4.791
"Dynamic Tenant 05","GetSmall",1,0,4.798,0.000,4.767
"Dynamic Tenant 05","PutSmall",1,0,7.860,0.000,7.850
"Dynamic Tenant 05","PutSmall",1,0,7.341,0.001,7.335
"Dynamic Tenant 05","PutSmall",1,0,7.525,0.000,7.517
"Dynamic Tenant 05","PutSmall",1,0,7.201,0.000,7.158
"Dynamic Tenant 05","GetSmall",1,0,5.039,0.000,5.037
"Dynamic Tenant 05","GetSmall",1,0,4.854,0.000,4.851
"Dynamic Tenant 05","PutSmall",1,0,7.417,0.000,7.414
"Dynamic Tenant 05","GetSmall",1,0,5.114,0.000,5.101
"Dynamic Tenant 05","PutSmall",1,0,7.633,0.000,7.630
"Dynamic Tenant 05","PutSmall",1,0,7.594,0.000,7.587
"Dynamic Tenant 05","GetSmall",1,0,5.183,0.000,5.178
"Dynamic Tenant 05","PutSmall",1,0,7.594,0.000,7.582
"Dynamic Tenant 05","GetSmall",1,0,5.257,0.000,5.232
"Dynamic Tenant 05","GetSmall",1,0,5.159,0.001,5.153
"Dynamic Tenant 05","GetSmall",1,0,4.931,0.000,4.925
"Dynamic Tenant 05","PutSmall",1,0,7.652,0.000,7.640
"Dynamic Tenant 05","PutSmall",1,0,7.360,0.000,7.353
"Dynamic Tenant 05","GetSmall",1,0,5.004,0.000,4.996
"Dynamic Tenant 05","PutSmall",1,0,7.640,0.000,7.631
"Dynamic Tenant 05","GetSmall",1,0,5.164,0.000,5.161
"Dynamic Tenant 05","GetSmall",1,0,4.777,0.000,4.762
"Dynamic Tenant 05","PutSmall",1,0,7.614,0.000,7.604
"Dynamic Tenant 05","PutSmall",1,0,7.671,0.000,7.660
"Dynamic Tenant 05","PutSmall",1,0,7.295,0.000,7.290
"Dynamic Tenant 05","GetSmall",1,0,5.027,0.000,5.019
"Dynamic Tenant 05","GetSmall",1,0,4.848,0.000,4.839
"Dynamic Tenant 05","GetSmall",1,0,5.068,0.000,5.059
"Dynamic Tenant 05","GetSmall",1,0,5.139,0.000,5.136
"Dynamic Tenant 05","PutSmall",1,0,7.623,0.000,7.617
"Dynamic Tenant 05","PutSmall",1,0,7.651,0.000,7.648
"Dynamic Tenant 05","GetSmall",1,0,5.086,0.000,5.081
"Dynamic Tenant 05","GetSmall",1,0,4.874,0.000,4.854
"Dynamic Tenant 05","GetSmall",1,0,5.050,0.000,5.044
"Dynamic Tenant 05","GetSmall",1,0,4.763,0.000,4.754
"Dynamic Tenant 05","GetSmall",1,0,4.798,0.000,4.791
"Dynamic Tenant 05","PutSmall",1,0,7.592,0.000,7.580
"Dynamic Tenant 05","GetSmall",1,0,5.156,0.000,5.150
"Dynamic Tenant 05","PutSmall",1,0,7.387,0.000,7.381
"Dynamic Tenant 05","PutSmall",1,0,7.502,0.000,7.493
"Dynamic Tenant 05","GetSmall",1,0,5.019,0.000,5.016
"Dynamic Tenant 05","PutSmall",1,0,7.749,0.000,7.740
"Dynamic Tenant 05","GetSmall",1,0,5.068,0.000,5.060
"Dynamic Tenant 05","GetSmall",1,0,5.014,0.000,5.002
"Dynamic Tenant 06","PutSmall",1,0,7.766,0.000,7.751
"Dynamic Tenant 06","PutSmall",1,0,7.268,0.000,7.259
"Dynamic Tenant 06","PutSmall",1,0,7.303,0.000,7.297
"Dynamic Tenant 06","GetSmall",1,0,5.223,0.000,5.219
"Dynamic Tenant 06","GetSmall",1,0,5.085,0.000,5.075
"Dynamic Tenant 06","PutSmall",1,0,7.603,0.000,7.598
"Dynamic Tenant 06","PutSmall",1,0,7.481,0.000,7.471
"Dynamic Tenant 06","PutSmall",1,0,7.662,0.000,7.660
"Dynamic Tenant 06","GetSmall",1,0,5.152,0.000,5.150
"Dynamic Tenant 06","PutSmall",1,0,7.705,0.000,7.703
"Dynamic Tenant 06","PutSmall",1,0,7.812,0.000,7.800
"Dynamic Tenant 06","PutSmall",1,0,7.316,0.000,7.301
"Dynamic Tenant 06","PutSmall",1,0,7.393,0.000,7.373
"Dynamic Tenant 06","PutSmall",1,0,7.725,0.000,7.717
"Dynamic Tenant 06","PutSmall",1,0,7.866,0.000,7.849
"Dynamic Tenant 06","GetSmall",1,0,5.195,0.000,5.186
"Dynamic Tenant 06","PutSmall",1,0,7.681,0.000,7.674
"Dynamic Tenant 06","GetSmall",1,0,5.206,0.000,5.176
"Dynamic Tenant 06","PutSmall",1,0,7.567,0.001,7.527
"Dynamic Tenant 06","PutSmall",1,0,7.212,0.000,7.209
"Dynamic Tenant 06","PutSmall",1,0,7.773,0.000,7.763
"Dynamic Tenant 06","GetSmall",1,0,4.920,0.000,4.919
"Dynamic Tenant 06","PutSmall",1,0,7.494,0.000,7.482
"Dynamic Tenant 06","GetSmall",1,0,5.042,0.000,5.038
"Dynamic Tenant 06","PutSmall",1,0,7.793,0.000,7.767
"Dynamic Tenant 06","PutSmall",1,0,7.679,0.000,7.650
"Dynamic Tenant 06","GetSmall",1,0,4.875,0.000,4.871
"Dynamic Tenant 06","PutSmall",1,0,7.581,0.001,7.558
"Dynamic Tenant 06","PutSmall",1,0,7.588,0.000,7.559
"Dynamic Tenant 06","GetSmall",1,0,5.151,0.000,5.147
"Dynamic Tenant 06","PutSmall",1,0,7.301,0.000,7.296
"Dynamic Tenant 06","PutSmall",1,0,7.509,0.000,7.505
"Dynamic Tenant 06","PutSmall",1,0,7.186,0.000,7.180
"Dynamic Tenant 06","GetSmall",1,0,4.936,0.000,4.932
"Dynamic Tenant 06","PutSmall",1,0,7.811,0.000,7.801
"Dynamic Tenant 06","GetSmall",1,0,5.126,0.000,5.123
"Dynamic Tenant 06","PutSmall",1,0,7.422,0.000,7.390
"Dynamic Tenant 06","PutSmall",1,0,7.823,0.000,7.800
"Dynamic Tenant 06","GetSmall",1,0,4.944,0.000,4.941
"Dynamic Tenant 06","PutSmall",1,0,7.619,0.000,7.613
"Dynamic Tenant 06","GetSmall",1,0,5.122,0.000,5.117
"Dynamic Tenant 06","PutSmall",1,0,7.140,0.000,7.131
"Dynamic Tenant 06","GetSmall",1,0,5.069,0.000,5.063
"Dynamic Tenant 06","PutSmall",1,0,7.327,0.000,7.306
"Dynamic Tenant 06","PutSmall",1,0,7.440,0.000,7.438
"Dynamic Tenant 06","GetSmall",1,0,4.923,0.000,4.907
"Dynamic Tenant 06","PutSmall",1,0,7.468,0.000,7.456
"Dynamic Tenant 06","PutSmall",1,0,7.368,0.000,7.363
"Dynamic Tenant 06","PutSmall",1,0,7.149,0.000,7.145
"Dynamic Tenant 06","GetSmall",1,0,4.962,0.000,4.954
"Dynamic Tenant 06","GetSmall",1,0,4.967,0.000,4.962
"Dynamic Tenant 06","PutSmall",1,0,7.568,0.000,7.558
"Dynamic Tenant 06","GetSmall",1,0,4.874,0.000,4.871
"Dynamic Tenant 06","PutSmall",1,0,7.878,0.000,7.873
"Dynamic Tenant 06","PutSmall",1,0,7.466,0.000,7.446
"Dynamic Tenant 06","PutSmall",1,0,7.797,0.000,7.793
"Dynamic Tenant 06","GetSmall",1,0,4.823,0.000,4.821
"Dynamic Tenant 06","PutSmall",1,0,7.472,0.000,7.462
"Dynamic Tenant 06","GetSmall",1,0,4.986,0.001,4.979
"Dynamic Tenant 06","PutSmall",1,0,7.304,0.000,7.277
"Dynamic Tenant 06","PutSmall",1,0,7.830,0.000,7.823
"Dynamic Tenant 06","PutSmall",1,0,7.135,0.000,7.127
"Dynamic Tenant 06","GetSmall",1,0,5.160,0.000,5.149
"Dynamic Tenant 06","GetSmall",1,0,4.819,0.001,4.815
"Dynamic Tenant 06","PutSmall",1,0,7.828,0.000,7.824
"Dynamic Tenant 06","PutSmall",1,0,7.653,0.000,7.647
"Dynamic Tenant 06","PutSmall",1,0,7.685,0.000,7.674
"Dynamic Tenant 06","PutSmall",1,0,7.782,0.000,7.770
"Dynamic Tenant 06","PutSmall",1,0,7.570,0.001,7.537
"Dynamic Tenant 06","PutSmall",1,0,7.796,0.000,7.794
"Dynamic Tenant 06","PutSmall",1,0,7.777,0.001,7.766
"Dynamic Tenant 06","GetSmall",1,0,5.207,0.001,5.200
"Dynamic Tenant 06","PutSmall",1,0,7.830,0.000,7.824
"Dynamic Tenant 06","PutSmall",1,0,7.444,0.000,7.439
"Dynamic Tenant 06","PutSmall",1,0,7.624,0.000,7.618
"Dynamic Tenant 06","PutSmall",1,0,7.633,0.001,7.621
"Dynamic Tenant 06","PutSmall",1,0,7.371,0.000,7.365
"Dynamic Tenant 06","GetSmall",1,0,4.988,0.000,4.981
"Dynamic Tenant 06","PutSmall",1,0,7.669,0.000,7.661
"Dynamic Tenant 06","PutSmall",1,0,7.388,0.000,7.383
"Dynamic Tenant 06","PutSmall",1,0,7.309,0.000,7.304
"Dynamic Tenant 06","PutSmall",1,0,7.517,0.000,7.514
"Dynamic Tenant 06","PutSmall",1,0,7.717,0.000,7.712
"Dynamic Tenant 06","GetSmall",1,0,4.879,0.000,4.864
"Dynamic Tenant 06","PutSmall",1,0,7.358,0.000,7.351
"Dynamic Tenant 06","PutSmall",1,0,7.870,0.000,7.867
"Dynamic Tenant 06","GetSmall",1,0,5.023,0.000,5.019
"Dynamic Tenant 06","GetSmall",1,0,5.093,0.000,5.089
"Dynamic Tenant 06","GetSmall",1,0,5.168,0.000,5.160
"Dynamic Tenant 06","PutSmall",1,0,7.796,0.000,7.782
"Dynamic Tenant 06","GetSmall",1,0,5.053,0.000,5.050
"Dynamic Tenant 06","PutSmall",1,0,7.305,0.000,7.301
"Dynamic Tenant 06","PutSmall",1,0,7.267,0.000,7.251
"Dynamic Tenant 06","PutSmall",1,0,7.792,0.000,7.786
"Dynamic Tenant 06","PutSmall",1,0,7.506,0.000,7.500
"Dynamic Tenant 06","PutSmall",1,0,7.331,0.000,7.327
"Dynamic Tenant 06","PutSmall",1,0,7.191,0.000,7.181
"Dynamic Tenant 06","GetSmall",1,0,4.786,0.000,4.782
"Dynamic Tenant 06","GetSmall",1,0,5.049,0.000,5.043
"Dynamic Tenant 06","PutSmall",1,0,7.560,0.000,7.547
"Dynamic Tenant 06","PutSmall",1,0,7.858,0.001,7.849
"Dynamic Tenant 06","PutSmall",1,0,7.870,0.000,7.858
"Dynamic Tenant 06","PutSmall",1,0,7.303,0.000,7.258
"Dynamic Tenant 06","PutSmall",1,0,7.245,0.000,7.233
"Dynamic Tenant 06","PutSmall",1,0,7.569,0.000,7.554
"Dynamic Tenant 06","GetSmall",1,0,5.043,0.000,5.037
"Dynamic Tenant 06","GetSmall",1,0,4.970,0.000,4.969
"Dynamic Tenant 06","PutSmall",1,0,7.535,0.000,7.533
"Dynamic Tenant 06","GetSmall",1,0,4.889,0.001,4.879
"Dynamic Tenant 06","GetSmall",1,0,4.862,0.000,4.847
"Dynamic Tenant 06","PutSmall",1,0,7.553,0.000,7.550
"Dynamic Tenant 06","PutSmall",1,0,7.741,0.000,7.711
"Dynamic Tenant 06","PutSmall",1,0,7.225,0.000,7.221
"Dynamic Tenant 06","PutSmall",1,0,7.852,0.000,7.845
"Dynamic Tenant 06","PutSmall",1,0,7.686,0.000,7.683
"Dynamic Tenant 06","PutSmall",1,0,7.313,0.000,7.307
"Dynamic Tenant 06","GetSmall",1,0,4.838,0.000,4.832
"Dynamic Tenant 06","PutSmall",1,0,7.417,0.001,7.412
"Dynamic Tenant 06","GetSmall",1,0,4.985,0.000,4.974
"Dynamic Tenant 06","GetSmall",1,0,4.806,0.001,4.800
"Dynamic Tenant 06","GetSmall",1,0,4.921,0.000,4.915
"Dynamic Tenant 06","PutSmall",1,0,7.149,0.001,7.146
"Dynamic Tenant 06","PutSmall",1,0,7.761,0.000,7.757
"Dynamic Tenant 06","PutSmall",1,0,7.786,0.000,7.783
"Dynamic Tenant 06","PutSmall",1,0,7.254,0.000,7.242
"Dynamic Tenant 06","GetSmall",1,0,5.074,0.000,5.071
"Dynamic Tenant 06","GetSmall",1,0,4.850,0.000,4.846
"Dynamic Tenant 06","PutSmall",1,0,7.209,0.000,7.202
"Dynamic Tenant 06","GetSmall",1,0,5.197,0.000,5.170
"Dynamic Tenant 06","PutSmall",1,0,7.395,0.000,7.383
"Dynamic Tenant 06","GetSmall",1,0,5.079,0.000,5.052
"Dynamic Tenant 06","PutSmall",1,0,7.504,0.000,7.497
"Dynamic Tenant 06","GetSmall",1,0,5.049,0.000,5.043
"Dynamic Tenant 06","PutSmall",1,0,7.182,0.000,7.180
"Dynamic Tenant 06","GetSmall",1,0,4.923,0.000,4.913
"Dynamic Tenant 06","PutSmall",1,0,7.806,0.000,7.802
"Dynamic Tenant 06","GetSmall",1,0,4.932,0.000,4.928
"Dynamic Tenant 06","PutSmall",1,0,7.342,0.000,7.332
"Dynamic Tenant 06","PutSmall",1,0,7.716,0.000,7.712
"Dynamic Tenant 06","GetSmall",1,0,4.855,0.000,4.852
"Dynamic Tenant 06","PutSmall",1,0,7.469,0.000,7.447
"Dynamic Tenant 06","PutSmall",1,0,7.403,0.000,7.390
"Dynamic Tenant 06","PutSmall",1,0,7.621,0.000,7.609
"Dynamic Tenant 06","PutSmall",1,0,7.217,0.000,7.210
"Dynamic Tenant 06","GetSmall",1,0,4.876,0.000,4.855
"Dynamic Tenant 06","PutSmall",1,0,7.370,0.000,7.360
"Dynamic Tenant 06","GetSmall",1,0,4.962,0.000,4.954
"Dynamic Tenant 06","PutSmall",1,0,7.536,0.000,7.530
"Dynamic Tenant 06","PutSmall",1,0,7.399,0.000,7.390
"Dynamic Tenant 06","GetSmall",1,0,5.209,0.000,5.199
"Dynamic Tenant 06","GetSmall",1,0,4.928,0.000,4.917
"Dynamic Tenant 06","PutSmall",1,0,7.257,0.000,7.249
"Dynamic Tenant 06","PutSmall",1,0,7.746,0.000,7.730
"Dynamic Tenant 06","GetSmall",1,0,4.980,0.000,4.972
"Dynamic Tenant 06","PutSmall",1,0,7.313,0.000,7.288
"Dynamic Tenant 06","GetSmall",1,0,4.958,0.001,4.949
"Dynamic Tenant 06","PutSmall",1,0,7.748,0.000,7.736
"Dynamic Tenant 06","PutSmall",1,0,7.666,0.000,7.644
"Dynamic Tenant 07","GetSmall",1,0,5.200,0.000,5.192
"Dynamic Tenant 07","PutSmall",1,0,7.495,0.000,7.491
"Dynamic Tenant 07","PutSmall",1,0,7.327,0.000,7.323
"Dynamic Tenant 07","PutSmall",1,0,7.370,0.000,7.363
"Dynamic Tenant 07","PutSmall",1,0,7.773,0.000,7.769
"Dynamic Tenant 07","PutSmall",1,0,7.250,0.000,7.247
"Dynamic Tenant 07","PutSmall",1,0,7.731,0.000,7.723
"Dynamic Tenant 07","PutSmall",1,0,7.724,0.000,7.723
"Dynamic Tenant 07","PutSmall",1,0,7.797,0.000,7.795
"Dynamic Tenant 07","PutSmall",1,0,7.416,0.000,7.408
"Dynamic Tenant 07","GetSmall",1,0,5.113,0.000,5.108
"Dynamic Tenant 07","GetSmall",1,0,4.990,0.000,4.988
"Dynamic Tenant 07","PutSmall",1,0,7.522,0.000,7.517
"Dynamic Tenant 07","GetSmall",1,0,5.075,0.000,5.048
"Dynamic Tenant 07","PutSmall",1,0,7.237,0.000,7.209
"Dynamic Tenant 07","GetSmall",1,0,5.109,0.000,5.094
"Dynamic Tenant 07","PutSmall",1,0,7.582,0.001,7.568
"Dynamic Tenant 07","PutSmall",1,0,7.536,0.000,7.533
"Dynamic Tenant 07","GetSmall",1,0,4.845,0.000,4.832
"Dynamic Tenant 07","PutSmall",1,0,7.469,0.000,7.454
"Dynamic Tenant 07","GetSmall",1,0,4.957,0.000,4.928
"Dynamic Tenant 07","PutSmall",1,0,7.621,0.000,7.619
"Dynamic Tenant 07","GetSmall",1,0,4.891,0.000,4.877
"Dynamic Tenant 07","PutSmall",1,0,7.293,0.000,7.291
"Dynamic Tenant 07","PutSmall",1,0,7.870,0.000,7.858
"Dynamic Tenant 07","PutSmall",1,0,7.448,0.000,7.446
"Dynamic Tenant 07","PutSmall",1,0,7.576,0.001,7.504
"Dynamic Tenant 07","GetSmall",1,0,5.065,0.000,5.018
"Dynamic Tenant 07","PutSmall",1,0,7.505,0.000,7.503
"Dynamic Tenant 07","GetSmall",1,0,5.186,0.000,5.178
"Dynamic Tenant 07","GetSmall",1,0,4.980,0.000,4.978
"Dynamic Tenant 07","PutSmall",1,0,7.683,0.000,7.673
"Dynamic Tenant 07","PutSmall",1,0,7.704,0.000,7.700
"Dynamic Tenant 07","GetSmall",1,0,4.870,0.000,4.868
"Dynamic Tenant 07","PutSmall",1,0,7.439,0.000,7.430
"Dynamic Tenant 07","PutSmall",1,0,7.700,0.000,7.693
"Dynamic Tenant 07","PutSmall",1,0,7.274,0.000,7.272
"Dynamic Tenant 07","PutSmall",1,0,7.649,0.000,7.640
"Dynamic Tenant 07","PutSmall",1,0,7.430,0.001,7.416
"Dynamic Tenant 07","PutSmall",1,0,7.289,0.000,7.279
"Dynamic Tenant 07","PutSmall",1,0,7.179,0.000,7.174
"Dynamic Tenant 07","PutSmall",1,0,7.429,0.000,7.401
"Dynamic Tenant 07","GetSmall",1,0,4.782,0.000,4.775
"Dynamic Tenant 07","PutSmall",1,0,7.427,0.000,7.423
"Dynamic Tenant 07","GetSmall",1,0,5.069,0.001,5.061
"Dynamic Tenant 07","PutSmall",1,0,7.752,0.000,7.751
"Dynamic Tenant 07","PutSmall",1,0,7.634,0.000,7.614
"Dynamic Tenant 07","GetSmall",1,0,4.873,0.000,4.868
"Dynamic Tenant 07","PutSmall",1,0,7.840,0.000,7.839
"Dynamic Tenant 07","PutSmall",1,0,7.729,0.000,7.726
"Dynamic Tenant 07","GetSmall",1,0,5.254,0.000,5.242
"Dynamic Tenant 07","GetSmall",1,0,5.254,0.000,5.238
"Dynamic Tenant 07","GetSmall",1,0,5.252,0.000,5.240
"Dynamic Tenant 07","PutSmall",1,0,7.843,0.000,7.836
"Dynamic Tenant 07","GetSmall",1,0,4.979,0.000,4.976
"Dynamic Tenant 07","PutSmall",1,0,7.732,0.000,7.726
"Dynamic Tenant 07","GetSmall",1,0,5.107,0.000,5.099
"Dynamic Tenant 07","PutSmall",1,0,7.727,0.001,7.721
"Dynamic Tenant 07","PutSmall",1,0,7.873,0.001,7.865
"Dynamic Tenant 07","GetSmall",1,0,5.052,0.000,5.045
"Dynamic Tenant 07","GetSmall",1,0,5.228,0.000,5.222
"Dynamic Tenant 07","GetSmall",1,0,5.163,0.000,5.158
"Dynamic Tenant 07","GetSmall",1,0,5.167,0.000,5.157
"Dynamic Tenant 07","GetSmall",1,0,5.065,0.000,5.035
"Dynamic Tenant 07","PutSmall",1,0,7.811,0.000,7.807
"Dynamic Tenant 07","PutSmall",1,0,7.650,0.000,7.643
"Dynamic Tenant 07","GetSmall",1,0,5.150,0.000,5.147
"Dynamic Tenant 07","PutSmall",1,0,7.190,0.000,7.177
"Dynamic Tenant 07","GetSmall",1,0,5.028,0.000,5.024
"Dynamic Tenant 07","GetSmall",1,0,5.184,0.000,5.177
"Dynamic Tenant 07","GetSmall",1,0,5.233,0.000,5.228
"Dynamic Tenant 07","GetSmall",1,0,4.755,0.000,4.752
"Dynamic Tenant 07","PutSmall",1,0,7.805,0.000,7.791
"Dynamic Tenant 07","PutSmall",1,0,7.152,0.000,7.131
"Dynamic Tenant 07","GetSmall",1,0,4.847,0.000,4.840
"Dynamic Tenant 07","PutSmall",1,0,7.806,0.000,7.780
"Dynamic Tenant 07","GetSmall",1,0,4.768,0.000,4.752
"Dynamic Tenant 07","PutSmall",1,0,7.622,0.000,7.608
"Dynamic Tenant 07","GetSmall",1,0,5.081,0.000,5.065
"Dynamic Tenant 07","PutSmall",1,0,7.618,0.000,7.604
"Dynamic Tenant 07","PutSmall",1,0,7.208,0.000,7.175
"Dynamic Tenant 07","PutSmall",1,0,7.687,0.000,7.676
"Dynamic Tenant 07","PutSmall",1,0,7.162,0.000,7.149
"Dynamic Tenant 07","PutSmall",1,0,7.500,0.000,7.497
"Dynamic Tenant 07","PutSmall",1,0,7.331,0.000,7.327
"Dynamic Tenant 07","PutSmall",1,0,7.356,0.000,7.318
"Dynamic Tenant 07","PutSmall",1,0,7.217,0.000,7.215
"Dynamic Tenant 07","GetSmall",1,0,5.080,0.000,5.020
"Dynamic Tenant 07","PutSmall",1,0,7.782,0.000,7.765
"Dynamic Tenant 07","PutSmall",1,0,7.548,0.000,7.540
"Dynamic Tenant 07","PutSmall",1,0,7.678,0.000,7.674
"Dynamic Tenant 07","GetSmall",1,0,5.223,0.000,5.219
"Dynamic Tenant 07","PutSmall",1,0,7.601,0.000,7.586
"Dynamic Tenant 07","PutSmall",1,0,7.775,0.000,7.770
"Dynamic Tenant 07","GetSmall",1,0,4.992,0.000,4.988
"Dynamic Tenant 07","GetSmall",1,0,5.168,0.001,5.140
"Dynamic Tenant 07","GetSmall",1,0,4.839,0.000,4.827
"Dynamic Tenant 07","PutSmall",1,0,7.490,0.000,7.476
"Dynamic Tenant 07","PutSmall",1,0,7.873,0.000,7.863
"Dynamic Tenant 07","PutSmall",1,0,7.743,0.000,7.736
"Dynamic Tenant 07","PutSmall",1,0,7.379,0.000,7.371
"Dynamic Tenant 07","GetSmall",1,0,5.009,0.000,5.004
"Dynamic Tenant 07","PutSmall",1,0,7.770,0.000,7.756
"Dynamic Tenant 07","GetSmall",1,0,5.190,0.000,5.179
"Dynamic Tenant 07","PutSmall",1,0,7.657,0.000,7.616
"Dynamic Tenant 07","PutSmall",1,0,7.701,0.000,7.697
"Dynamic Tenant 07","PutSmall",1,0,7.309,0.000,7.293
"Dynamic Tenant 07","PutSmall",1,0,7.306,0.000,7.293
"Dynamic Tenant 07","PutSmall",1,0,7.826,0.000,7.823
"Dynamic Tenant 07","PutSmall",1,0,7.791,0.000,7.786
"Dynamic Tenant 07","GetSmall",1,0,5.242,0.000,5.227
"Dynamic Tenant 07","PutSmall",1,0,7.650,0.000,7.640
"Dynamic Tenant 07","PutSmall",1,0,7.443,0.000,7.420
"Dynamic Tenant 07","PutSmall",1,0,7.583,0.000,7.547
"Dynamic Tenant 07","PutSmall",1,0,7.140,0.000,7.135
"Dynamic Tenant 07","GetSmall",1,0,4.983,0.000,4.945
"Dynamic Tenant 07","GetSmall",1,0,5.176,0.000,5.135
"Dynamic Tenant 07","GetSmall",1,0,4.826,0.000,4.821
"Dynamic Tenant 07","GetSmall",1,0,5.268,0.000,5.237
"Dynamic Tenant 07","PutSmall",1,0,7.313,0.000,7.274
"Dynamic Tenant 07","PutSmall",1,0,7.371,0.000,7.365
"Dynamic Tenant 07","GetSmall",1,0,5.110,0.000,5.104
"Dynamic Tenant 07","GetSmall",1,0,5.044,0.000,5.040
"Dynamic Tenant 07","GetSmall",1,0,5.140,0.001,5.135
"Dynamic Tenant 07","PutSmall",1,0,7.803,0.000,7.783
"Dynamic Tenant 07","PutSmall",1,0,7.425,0.000,7.418
"Dynamic Tenant 07","PutSmall",1,0,7.152,0.000,7.145
"Dynamic Tenant 07","GetSmall",1,0,4.981,0.000,4.975
"Dynamic Tenant 07","GetSmall",1,0,5.196,0.000,5.183
"Dynamic Tenant 07","GetSmall",1,0,5.000,0.000,4.994
"Dynamic Tenant 07","PutSmall",1,0,7.318,0.000,7.310
"Dynamic Tenant 07","GetSmall",1,0,5.169,0.000,5.156
"Dynamic Tenant 07","PutSmall",1,0,7.303,0.000,7.293
"Dynamic Tenant 07","PutSmall",1,0,7.629,0.000,7.608
"Dynamic Tenant 07","PutSmall",1,0,7.336,0.000,7.331
"Dynamic Tenant 07","PutSmall",1,0,7.143,0.000,7.134
"Dynamic Tenant 07","GetSmall",1,0,5.238,0.000,5.235
"Dynamic Tenant 07","PutSmall",1,0,7.222,0.000,7.210
"Dynamic Tenant 07","PutSmall",1,0,7.779,0.000,7.772
"Dynamic Tenant 07","PutSmall",1,0,7.358,0.000,7.353
"Dynamic Tenant 07","PutSmall",1,0,7.342,0.000,7.315
"Dynamic Tenant 07","PutSmall",1,0,7.777,0.000,7.770
"Dynamic Tenant 07","PutSmall",1,0,7.725,0.000,7.716
"Dynamic Tenant 07","PutSmall",1,0,7.613,0.000,7.608
"Dynamic Tenant 07","PutSmall",1,0,7.716,0.000,7.711
"Dynamic Tenant 07","GetSmall",1,0,4.993,0.000,4.991
"Dynamic Tenant 07","PutSmall",1,0,7.671,0.000,7.659
"Dynamic Tenant 07","PutSmall",1,0,7.629,0.000,7.626
"Dynamic Tenant 07","GetSmall",1,0,4.798,0.000,4.783
"Dynamic Tenant 07","GetSmall",1,0,5.242,0.000,5.237
"Dynamic Tenant 07","GetSmall",1,0,5.217,0.000,5.210
"Dynamic Tenant 07","PutSmall",1,0,7.146,0.000,7.137
"Dynamic Tenant 07","PutSmall",1,0,7.863,0.001,7.858
"Dynamic Tenant 07","GetSmall",1,0,5.191,0.000,5.163
"Dynamic Tenant 07","GetSmall",1,0,5.107,0.000,5.100
"Dynamic Tenant 07","PutSmall",1,0,7.297,0.000,7.267
"Dynamic Tenant 08","GetSmall",1,0,4.896,0.000,4.877
"Dynamic Tenant 08","PutSmall",1,0,7.676,0.000,7.659
"Dynamic Tenant 08","PutSmall",1,0,7.720,0.000,7.715
"Dynamic Tenant 08","GetSmall",1,0,4.938,0.000,4.934
"Dynamic Tenant 08","GetSmall",1,0,5.183,0.000,5.174
"Dynamic Tenant 08","PutSmall",1,0,7.183,0.001,7.178
"Dynamic Tenant 08","GetSmall",1,0,5.114,0.000,5.113
"Dynamic Tenant 08","PutSmall",1,0,7.545,0.000,7.542
"Dynamic Tenant 08","GetSmall",1,0,5.043,0.000,5.033
"Dynamic Tenant 08","PutSmall",1,0,7.493,0.001,7.478
"Dynamic Tenant 08","PutSmall",1,0,7.697,0.001,7.691
"Dynamic Tenant 08","PutSmall",1,0,7.498,0.000,7.486
"Dynamic Tenant 08","PutSmall",1,0,7.731,0.001,7.716
"Dynamic Tenant 08","PutSmall",1,0,7.844,0.000,7.832
"Dynamic Tenant 08","PutSmall",1,0,7.825,0.000,7.812
"Dynamic Tenant 08","PutSmall",1,0,7.819,0.000,7.815
"Dynamic Tenant 08","PutSmall",1,0,7.424,0.000,7.420
"Dynamic Tenant 08","PutSmall",1,0,7.438,0.000,7.435
"Dynamic Tenant 08","PutSmall",1,0,7.321,0.000,7.312
"Dynamic Tenant 08","GetSmall",1,0,5.088,0.000,5.056
"Dynamic Tenant 08","PutSmall",1,0,7.841,0.000,7.838
"Dynamic Tenant 08","PutSmall",1,0,7.694,0.001,7.688
"Dynamic Tenant 08","PutSmall",1,0,7.414,0.000,7.404
"Dynamic Tenant 08","PutSmall",1,0,7.233,0.000,7.230
"Dynamic Tenant 08","PutSmall",1,0,7.621,0.001,7.605
"Dynamic Tenant 08","PutSmall",1,0,7.860,0.001,7.852
"Dynamic Tenant 08","PutSmall",1,0,7.724,0.000,7.717
"Dynamic Tenant 08","GetSmall",1,0,5.052,0.000,5.048
"Dynamic Tenant 08","PutSmall",1,0,7.181,0.000,7.179
"Dynamic Tenant 08","GetSmall",1,0,4.885,0.000,4.884
"Dynamic Tenant 08","PutSmall",1,0,7.448,0.000,7.444
"Dynamic Tenant 08","GetSmall",1,0,5.062,0.000,5.060
"Dynamic Tenant 08","PutSmall",1,0,7.678,0.000,7.670
"Dynamic Tenant 08","GetSmall",1,0,4.903,0.000,4.898
"Dynamic Tenant 08","PutSmall",1,0,7.410,0.000,7.406
"Dynamic Tenant 08","PutSmall",1,0,7.360,0.000,7.349
"Dynamic Tenant 08","GetSmall",1,0,5.125,0.000,5.121
"Dynamic Tenant 08","GetSmall",1,0,5.120,0.000,5.112
"Dynamic Tenant 08","PutSmall",1,0,7.726,0.000,7.723
"Dynamic Tenant 08","GetSmall",1,0,5.030,0.000,5.028
"Dynamic Tenant 08","PutSmall",1,0,7.324,0.001,7.315
"Dynamic Tenant 08","GetSmall",1,0,5.080,0.000,5.066
"Dynamic Tenant 08","PutSmall",1,0,7.686,0.000,7.682
"Dynamic Tenant 08","PutSmall",1,0,7.428,0.000,7.426
"Dynamic Tenant 08","GetSmall",1,0,4.920,0.000,4.909
"Dynamic Tenant 08","GetSmall",1,0,5.073,0.000,5.069
"Dynamic Tenant 08","PutSmall",1,0,7.650,0.000,7.644
"Dynamic Tenant 08","PutSmall",1,0,7.721,0.000,7.717
"Dynamic Tenant 08","PutSmall",1,0,7.877,0.000,7.864
"Dynamic Tenant 08","PutSmall",1,0,7.604,0.000,7.600
"Dynamic Tenant 08","PutSmall",1,0,7.819,0.000,7.814
"Dynamic Tenant 08","GetSmall",1,0,5.017,0.000,5.016
"Dynamic Tenant 08","PutSmall",1,0,7.747,0.000,7.743
"Dynamic Tenant 08","PutSmall",1,0,7.259,0.000,7.244
"Dynamic Tenant 08","PutSmall",1,0,7.801,0.000,7.788
"Dynamic Tenant 08","GetSmall",1,0,4.845,0.000,4.829
"Dynamic Tenant 08","GetSmall",1,0,5.232,0.000,5.230
"Dynamic Tenant 08","PutSmall",1,0,7.798,0.000,7.791
"Dynamic Tenant 08","PutSmall",1,0,7.867,0.000,7.832
"Dynamic Tenant 08","PutSmall",1,0,7.141,0.000,7.132
"Dynamic Tenant 08","PutSmall",1,0,7.794,0.000,7.789
"Dynamic Tenant 08","PutSmall",1,0,7.269,0.000,7.258
"Dynamic Tenant 08","GetSmall",1,0,5.041,0.000,5.035
"Dynamic Tenant 08","PutSmall",1,0,7.847,0.000,7.840
"Dynamic Tenant 08","PutSmall",1,0,7.396,0.000,7.389
"Dynamic Tenant 08","PutSmall",1,0,7.796,0.000,7.789
"Dynamic Tenant 08","PutSmall",1,0,7.571,0.000,7.567
"Dynamic Tenant 08","GetSmall",1,0,4.865,0.000,4.860
"Dynamic Tenant 08","PutSmall",1,0,7.712,0.000,7.705
"Dynamic Tenant 08","PutSmall",1,0,7.814,0.000,7.803
"Dynamic Tenant 08","PutSmall",1,0,7.300,0.000,7.295
"Dynamic Tenant 08","PutSmall",1,0,7.575,0.000,7.570
"Dynamic Tenant 08","GetSmall",1,0,5.089,0.000,5.080
"Dynamic Tenant 08","GetSmall",1,0,5.195,0.001,5.180
"Dynamic Tenant 08","GetSmall",1,0,4.873,0.000,4.867
"Dynamic Tenant 08","PutSmall",1,0,7.244,0.000,7.224
"Dynamic Tenant 08","PutSmall",1,0,7.785,0.000,7.781
"Dynamic Tenant 08","GetSmall",1,0,4.781,0.000,4.779
"Dynamic Tenant 08","PutSmall",1,0,7.244,0.000,7.241
"Dynamic Tenant 08","GetSmall",1,0,4.836,0.000,4.829
"Dynamic Tenant 08","GetSmall",1,0,5.249,0.000,5.246
"Dynamic Tenant 08","GetSmall",1,0,5.027,0.000,5.021
"Dynamic Tenant 08","GetSmall",1,0,5.143,0.000,5.134
"Dynamic Tenant 08","GetSmall",1,0,5.082,0.000,5.076
"Dynamic Tenant 08","GetSmall",1,0,5.056,0.000,5.045
"Dynamic Tenant 08","PutSmall",1,0,7.167,0.001,7.161
"Dynamic Tenant 08","PutSmall",1,0,7.736,0.000,7.735
"Dynamic Tenant 08","GetSmall",1,0,5.023,0.000,5.013
"Dynamic Tenant 08","GetSmall",1,0,4.943,0.000,4.886
"Dynamic Tenant 08","PutSmall",1,0,7.543,0.001,7.538
"Dynamic Tenant 08","PutSmall",1,0,7.600,0.000,7.596
"Dynamic Tenant 08","PutSmall",1,0,7.616,0.000,7.613
"Dynamic Tenant 08","GetSmall",1,0,5.145,0.000,5.134
"Dynamic Tenant 08","PutSmall",1,0,7.626,0.000,7.623
"Dynamic Tenant 08","GetSmall",1,0,4.868,0.000,4.863
"Dynamic Tenant 08","PutSmall",1,0,7.277,0.000,7.253
"Dynamic Tenant 08","GetSmall",1,0,4.816,0.000,4.809
"Dynamic Tenant 08","GetSmall",1,0,4.923,0.000,4.922
"Dynamic Tenant 08","PutSmall",1,0,7.578,0.000,7.566
"Dynamic Tenant 08","GetSmall",1,0,5.165,0.000,5.152
"Dynamic Tenant 08","PutSmall",1,0,7.615,0.000,7.612
"Dynamic Tenant 08","PutSmall",1,0,7.668,0.000,7.660
"Dynamic Tenant 08","PutSmall",1,0,7.530,0.000,7.522
"Dynamic Tenant 08","PutSmall",1,0,7.846,0.000,7.842
"Dynamic Tenant 08","PutSmall",1,0,7.517,0.000,7.489
"Dynamic Tenant 08","GetSmall",1,0,5.086,0.000,5.069
"Dynamic Tenant 08","PutSmall",1,0,7.580,0.000,7.570
"Dynamic Tenant 08","PutSmall",1,0,7.689,0.000,7.684
"Dynamic Tenant 08","PutSmall",1,0,7.580,0.000,7.574
"Dynamic Tenant 08","GetSmall",1,0,4.887,0.000,4.883
"Dynamic Tenant 08","GetSmall",1,0,5.220,0.000,5.207
"Dynamic Tenant 08","PutSmall",1,0,7.611,0.001,7.571
"Dynamic Tenant 08","PutSmall",1,0,7.308,0.001,7.301
"Dynamic Tenant 08","PutSmall",1,0,7.648,0.001,7.637
"Dynamic Tenant 08","PutSmall",1,0,7.464,0.000,7.458
"Dynamic Tenant 08","PutSmall",1,0,7.247,0.001,7.237
"Dynamic Tenant 08","GetSmall",1,0,5.104,0.000,5.099
"Dynamic Tenant 08","PutSmall",1,0,7.817,0.000,7.798
"Dynamic Tenant 08","PutSmall",1,0,7.674,0.000,7.669
"Dynamic Tenant 08","GetSmall",1,0,4.899,0.000,4.888
"Dynamic Tenant 08","GetSmall",1,0,5.019,0.000,5.015
"Dynamic Tenant 08","PutSmall",1,0,7.408,0.000,7.379
"Dynamic Tenant 08","PutSmall",1,0,7.633,0.000,7.629
"Dynamic Tenant 08","PutSmall",1,0,7.469,0.000,7.466
"Dynamic Tenant 08","PutSmall",1,0,7.719,0.000,7.689
"Dynamic Tenant 08","PutSmall",1,0,7.509,0.000,7.484
"Dynamic Tenant 08","PutSmall",1,0,7.574,0.001,7.564
"Dynamic Tenant 08","GetSmall",1,0,5.139,0.000,5.134
"Dynamic Tenant 08","GetSmall",1,0,5.206,0.000,5.202
"Dynamic Tenant 08","PutSmall",1,0,7.679,0.000,7.674
"Dynamic Tenant 08","PutSmall",1,0,7.901,0.000,7.871
"Dynamic Tenant 08","GetSmall",1,0,4.786,0.000,4.780
"Dynamic Tenant 08","PutSmall",1,0,7.785,0.000,7.774
"Dynamic Tenant 08","GetSmall",1,0,4.893,0.000,4.884
"Dynamic Tenant 08","PutSmall",1,0,7.381,0.000,7.379
"Dynamic Tenant 08","PutSmall",1,0,7.817,0.000,7.804
"Dynamic Tenant 08","GetSmall",1,0,4.804,0.000,4.793
"Dynamic Tenant 08","PutSmall",1,0,7.224,0.000,7.218
"Dynamic Tenant 08","GetSmall",1,0,4.910,0.000,4.900
"Dynamic Tenant 08","PutSmall",1,0,7.764,0.000,7.756
"Dynamic Tenant 08","PutSmall",1,0,7.485,0.000,7.479
"Dynamic Tenant 08","GetSmall",1,0,5.200,0.000,5.194
"Dynamic Tenant 08","GetSmall",1,0,4.821,0.000,4.807
"Dynamic Tenant 08","GetSmall",1,0,4.853,0.000,4.842
"Dynamic Tenant 08","PutSmall",1,0,7.732,0.000,7.727
"Dynamic Tenant 08","GetSmall",1,0,5.254,0.000,5.246
"Dynamic Tenant 08","GetSmall",1,0,4.830,0.000,4.820
"Dynamic Tenant 08","PutSmall",1,0,7.236,0.000,7.228
"Dynamic Tenant 08","GetSmall",1,0,4.839,0.001,4.833
"Dynamic Tenant 08","PutSmall",1,0,7.616,0.001,7.608
"Dynamic Tenant 08","PutSmall",1,0,7.804,0.000,7.799
"Dynamic Tenant 08","PutSmall",1,0,7.317,0.000,7.306
"Dynamic Tenant 08","GetSmall",1,0,5.202,0.000,5.196
"Dynamic Tenant 08","PutSmall",1,0,7.700,0.000,7.693
"Dynamic Tenant 08","PutSmall",1,0,7.437,0.000,7.421
"Dynamic Tenant 08","GetSmall",1,0,4.836,0.000,4.828
"Dynamic Tenant 08","GetSmall",1,0,5.047,0.000,5.031
"Dynamic Tenant 08","PutSmall",1,0,7.537,0.000,7.534
"Dynamic Tenant 08","PutSmall",1,0,7.822,0.000,7.810
"Dynamic Tenant 08","PutSmall",1,0,7.308,0.000,7.293
"Dynamic Tenant 09","PutSmall",1,0,7.539,0.000,7.527
"Dynamic Tenant 09","PutSmall",1,0,7.492,0.001,7.483
"Dynamic Tenant 09","GetSmall",1,0,4.763,0.000,4.757
"Dynamic Tenant 09","GetSmall",1,0,5.132,0.000,5.124
"Dynamic Tenant 09","PutSmall",1,0,7.743,0.000,7.739
"Dynamic Tenant 09","GetSmall",1,0,5.063,0.000,5.052
"Dynamic Tenant 09","PutSmall",1,0,7.288,0.000,7.284
"Dynamic Tenant 09","PutSmall",1,0,7.793,0.000,7.791
"Dynamic Tenant 09","PutSmall",1,0,7.234,0.000,7.225
"Dynamic Tenant 09","GetSmall",1,0,5.136,0.000,5.132
"Dynamic Tenant 09","PutSmall",1,0,7.664,0.000,7.659
"Dynamic Tenant 09","GetSmall",1,0,5.090,0.001,5.084
"Dynamic Tenant 09","PutSmall",1,0,7.195,0.000,7.192
"Dynamic Tenant 09","GetSmall",1,0,4.990,0.000,4.984
"Dynamic Tenant 09","GetSmall",1,0,5.008,0.001,4.995
"Dynamic Tenant 09","GetSmall",1,0,5.039,0.000,5.037
"Dynamic Tenant 09","PutSmall",1,0,7.732,0.000,7.710
"Dynamic Tenant 09","GetSmall",1,0,4.811,0.000,4.802
"Dynamic Tenant 09","PutSmall",1,0,7.477,0.000,7.473
"Dynamic Tenant 09","PutSmall",1,0,7.718,0.000,7.707
"Dynamic Tenant 09","GetSmall",1,0,5.092,0.000,5.084
"Dynamic Tenant 09","GetSmall",1,0,5.143,0.000,5.139
"Dynamic Tenant 09","PutSmall",1,0,7.549,0.000,7.547
"Dynamic Tenant 09","GetSmall",1,0,5.013,0.001,5.005
"Dynamic Tenant 09","PutSmall",1,0,7.645,0.001,7.640
"Dynamic Tenant 09","PutSmall",1,0,7.249,0.000,7.244
"Dynamic Tenant 09","PutSmall",1,0,7.403,0.000,7.397
"Dynamic Tenant 09","PutSmall",1,0,7.716,0.000,7.688
"Dynamic Tenant 09","PutSmall",1,0,7.237,0.000,7.225
"Dynamic Tenant 09","GetSmall",1,0,4.883,0.000,4.865
"Dynamic Tenant 09","GetSmall",1,0,4.863,0.000,4.859
"Dynamic Tenant 09","PutSmall",1,0,7.820,0.000,7.812
"Dynamic Tenant 09","PutSmall",1,0,7.268,0.000,7.251
"Dynamic Tenant 09","GetSmall",1,0,5.044,0.000,5.040
"Dynamic Tenant 09","GetSmall",1,0,5.018,0.000,5.012
"Dynamic Tenant 09","PutSmall",1,0,7.616,0.000,7.605
"Dynamic Tenant 09","GetSmall",1,0,5.042,0.000,5.029
"Dynamic Tenant 09","PutSmall",1,0,7.522,0.000,7.516
"Dynamic Tenant 09","GetSmall",1,0,5.153,0.000,5.149
"Dynamic Tenant 09","GetSmall",1,0,5.083,0.000,5.079
"Dynamic Tenant 09","PutSmall",1,0,7.713,0.000,7.710
"Dynamic Tenant 09","GetSmall",1,0,5.237,0.000,5.234
"Dynamic Tenant 09","GetSmall",1,0,4.981,0.000,4.977
"Dynamic Tenant 09","GetSmall",1,0,4.800,0.000,4.792
"Dynamic Tenant 09","PutSmall",1,0,7.492,0.000,7.488
"Dynamic Tenant 09","GetSmall",1,0,4.913,0.000,4.902
"Dynamic Tenant 09","PutSmall",1,0,7.346,0.000,7.340
"Dynamic Tenant 09","GetSmall",1,0,5.214,0.000,5.209
"Dynamic Tenant 09","GetSmall",1,0,4.840,0.000,4.838
"Dynamic Tenant 09","PutSmall",1,0,7.487,0.000,7.482
"Dynamic Tenant 09","GetSmall",1,0,4.872,0.000,4.855
"Dynamic Tenant 09","GetSmall",1,0,4.798,0.000,4.782
"Dynamic Tenant 09","PutSmall",1,0,7.562,0.000,7.555
"Dynamic Tenant 09","GetSmall",1,0,5.026,0.000,5.013
"Dynamic Tenant 09","PutSmall",1,0,7.727,0.000,7.716
"Dynamic Tenant 09","GetSmall",1,0,5.176,0.000,5.170
"Dynamic Tenant 09","GetSmall",1,0,5.162,0.000,5.153
"Dynamic Tenant 09","GetSmall",1,0,4.971,0.000,4.965
"Dynamic Tenant 09","PutSmall",1,0,7.590,0.000,7.584
"Dynamic Tenant 09","PutSmall",1,0,7.384,0.000,7.376
"Dynamic Tenant 09","PutSmall",1,0,7.812,0.000,7.804
"Dynamic Tenant 09","GetSmall",1,0,5.189,0.000,5.181
"Dynamic Tenant 09","GetSmall",1,0,5.171,0.000,5.166
"Dynamic Tenant 09","GetSmall",1,0,5.165,0.000,5.160
"Dynamic Tenant 09","PutSmall",1,0,7.209,0.000,7.205
"Dynamic Tenant 09","PutSmall",1,0,7.511,0.000,7.502
"Dynamic Tenant 09","PutSmall",1,0,7.350,0.001,7.343
"Dynamic Tenant 09","GetSmall",1,0,4.759,0.000,4.754
"Dynamic Tenant 09","GetSmall",1,0,5.150,0.000,5.145
"Dynamic Tenant 09","PutSmall",1,0,7.512,0.000,7.498
"Dynamic Tenant 09","GetSmall",1,0,4.920,0.000,4.916
"Dynamic Tenant 09","PutSmall",1,0,7.844,0.000,7.842
"Dynamic Tenant 09","GetSmall",1,0,4.943,0.000,4.922
"Dynamic Tenant 09","GetSmall",1,0,5.185,0.000,5.178
"Dynamic Tenant 09","PutSmall",1,0,7.561,0.000,7.555
"Dynamic Tenant 09","PutSmall",1,0,7.650,0.001,7.641
"Dynamic Tenant 09","PutSmall",1,0,7.553,0.000,7.546
"Dynamic Tenant 09","GetSmall",1,0,5.184,0.002,5.168
"Dynamic Tenant 09","GetSmall",1,0,5.110,0.001,5.107
"Dynamic Tenant 09","GetSmall",1,0,5.043,0.000,5.020
"Dynamic Tenant 09","PutSmall",1,0,7.366,0.001,7.363
"Dynamic Tenant 09","PutSmall",1,0,7.731,0.000,7.729
"Dynamic Tenant 09","GetSmall",1,0,4.897,0.000,4.886
"Dynamic Tenant 09","GetSmall",1,0,4.785,0.000,4.783
"Dynamic Tenant 09","PutSmall",1,0,7.444,0.000,7.440
"Dynamic Tenant 09","PutSmall",1,0,7.310,0.000,7.306
"Dynamic Tenant 09","GetSmall",1,0,4.811,0.000,4.808
"Dynamic Tenant 09","PutSmall",1,0,7.431,0.000,7.396
"Dynamic Tenant 09","GetSmall",1,0,4.769,0.000,4.754
"Dynamic Tenant 09","GetSmall",1,0,5.245,0.000,5.242
"Dynamic Tenant 09","PutSmall",1,0,7.387,0.000,7.360
"Dynamic Tenant 09","PutSmall",1,0,7.846,0.000,7.834
"Dynamic Tenant 09","GetSmall",1,0,5.251,0.000,5.247
"Dynamic Tenant 09","PutSmall",1,0,7.690,0.000,7.658
"Dynamic Tenant 09","GetSmall",1,0,4.990,0.000,4.959
"Dynamic Tenant 09","GetSmall",1,0,5.058,0.000,5.048
"Dynamic Tenant 09","PutSmall",1,0,7.438,0.000,7.434
"Dynamic Tenant 09","PutSmall",1,0,7.634,0.000,7.615
"Dynamic Tenant 09","GetSmall",1,0,4.979,0.000,4.976
"Dynamic Tenant 09","GetSmall",1,0,4.761,0.000,4.755
"Dynamic Tenant 09","GetSmall",1,0,5.136,0.001,5.132
"Dynamic Tenant 09","GetSmall",1,0,5.080,0.000,5.078
"Dynamic Tenant 09","GetSmall",1,0,5.078,0.000,5.057
"Dynamic Tenant 09","PutSmall",1,0,7.267,0.000,7.257
"Dynamic Tenant 09","PutSmall",1,0,7.215,0.000,7.208
"Dynamic Tenant 09","PutSmall",1,0,7.484,0.000,7.449
"Dynamic Tenant 09","PutSmall",1,0,7.642,0.000,7.586
"Dynamic Tenant 09","GetSmall",1,0,5.151,0.000,5.144
"Dynamic Tenant 09","PutSmall",1,0,7.778,0.000,7.775
"Dynamic Tenant 09","PutSmall",1,0,7.688,0.000,7.682
"Dynamic Tenant 09","GetSmall",1,0,4.999,0.000,4.988
"Dynamic Tenant 09","PutSmall",1,0,7.161,0.000,7.151
"Dynamic Tenant 09","PutSmall",1,0,7.225,0.001,7.218
"Dynamic Tenant 09","PutSmall",1,0,7.749,0.000,7.742
"Dynamic Tenant 09","PutSmall",1,0,7.160,0.000,7.155
"Dynamic Tenant 09","PutSmall",1,0,7.838,0.000,7.826
"Dynamic Tenant 09","PutSmall",1,0,7.264,0.000,7.252
"Dynamic Tenant 09","PutSmall",1,0,7.839,0.000,7.823
"Dynamic Tenant 09","PutSmall",1,0,7.809,0.000,7.800
"Dynamic Tenant 09","GetSmall",1,0,4.980,0.000,4.977
"Dynamic Tenant 09","GetSmall",1,0,4.765,0.000,4.759
"Dynamic Tenant 09","PutSmall",1,0,7.569,0.000,7.563
"Dynamic Tenant 09","GetSmall",1,0,4.837,0.000,4.819
"Dynamic Tenant 09","PutSmall",1,0,7.793,0.000,7.769
"Dynamic Tenant 09","GetSmall",1,0,4.772,0.000,4.760
"Dynamic Tenant 09","PutSmall",1,0,7.352,0.000,7.336
"Dynamic Tenant 09","GetSmall",1,0,4.781,0.000,4.773
"Dynamic Tenant 09","GetSmall",1,0,4.768,0.000,4.760
"Dynamic Tenant 09","PutSmall",1,0,7.645,0.001,7.638
"Dynamic Tenant 09","PutSmall",1,0,7.736,0.001,7.731
"Dynamic Tenant 09","GetSmall",1,0,4.791,0.000,4.785
"Dynamic Tenant 09","GetSmall",1,0,5.084,0.000,5.064
"Dynamic Tenant 09","PutSmall",1,0,7.261,0.000,7.257
"Dynamic Tenant 09","PutSmall",1,0,7.233,0.000,7.216
"Dynamic Tenant 09","PutSmall",1,0,7.825,0.000,7.807
"Dynamic Tenant 09","PutSmall",1,0,7.219,0.000,7.215
"Dynamic Tenant 09","GetSmall",1,0,4.839,0.000,4.828
"Dynamic Tenant 09","PutSmall",1,0,7.293,0.000,7.285
"Dynamic Tenant 09","PutSmall",1,0,7.604,0.000,7.567
"Dynamic Tenant 09","PutSmall",1,0,7.489,0.000,7.484
"Dynamic Tenant 09","PutSmall",1,0,7.812,0.000,7.803
"Dynamic Tenant 09","GetSmall",1,0,4.907,0.000,4.902
"Dynamic Tenant 09","GetSmall",1,0,5.085,0.000,5.078
"Dynamic Tenant 10","PutSmall",1,0,7.833,0.001,7.827
"Dynamic Tenant 10","GetSmall",1,0,4.886,0.000,4.877
"Dynamic Tenant 10","GetSmall",1,0,4.908,0.000,4.904
"Dynamic Tenant 10","GetSmall",1,0,4.896,0.002,4.888
"Dynamic Tenant 10","PutSmall",1,0,7.857,0.000,7.854
"Dynamic Tenant 10","GetSmall",1,0,5.193,0.000,5.184
"Dynamic Tenant 10","GetSmall",1,0,4.826,0.000,4.816
"Dynamic Tenant 10","PutSmall",1,0,7.468,0.000,7.463
"Dynamic Tenant 10","GetSmall",1,0,5.206,0.000,5.201
"Dynamic Tenant 10","PutSmall",1,0,7.623,0.000,7.620
"Dynamic Tenant 10","GetSmall",1,0,5.046,0.000,5.044
"Dynamic Tenant 10","PutSmall",1,0,7.167,0.000,7.164
"Dynamic Tenant 10","PutSmall",1,0,7.739,0.000,7.732
"Dynamic Tenant 10","PutSmall",1,0,7.742,0.000,7.733
"Dynamic Tenant 10","PutSmall",1,0,7.580,0.000,7.573
"Dynamic Tenant 10","PutSmall",1,0,7.243,0.000,7.221
"Dynamic Tenant 10","PutSmall",1,0,7.433,0.001,7.427
"Dynamic Tenant 10","GetSmall",1,0,5.086,0.001,5.079
"Dynamic Tenant 10","GetSmall",1,0,4.828,0.000,4.815
"Dynamic Tenant 10","GetSmall",1,0,5.210,0.000,5.201
"Dynamic Tenant 10","PutSmall",1,0,7.159,0.000,7.149
"Dynamic Tenant 10","GetSmall",1,0,5.101,0.000,5.094
"Dynamic Tenant 10","PutSmall",1,0,7.837,0.000,7.796
"Dynamic Tenant 10","GetSmall",1,0,4.830,0.000,4.784
"Dynamic Tenant 10","PutSmall",1,0,7.552,0.000,7.547
"Dynamic Tenant 10","GetSmall",1,0,5.169,0.000,5.166
"Dynamic Tenant 10","PutSmall",1,0,7.203,0.000,7.194
"Dynamic Tenant 10","PutSmall",1,0,7.831,0.000,7.824
"Dynamic Tenant 10","GetSmall",1,0,4.955,0.000,4.929
"Dynamic Tenant 10","PutSmall",1,0,7.568,0.000,7.557
"Dynamic Tenant 10","PutSmall",1,0,7.520,0.000,7.497
"Dynamic Tenant 10","PutSmall",1,0,7.836,0.001,7.826
"Dynamic Tenant 10","PutSmall",1,0,7.359,0.000,7.355
"Dynamic Tenant 10","PutSmall",1,0,7.290,0.000,7.280
"Dynamic Tenant 10","GetSmall",1,0,4.980,0.000,4.973
"Dynamic Tenant 10","GetSmall",1,0,5.167,0.000,5.154
"Dynamic Tenant 10","PutSmall",1,0,7.718,0.000,7.684
"Dynamic Tenant 10","GetSmall",1,0,5.190,0.000,5.159
"Dynamic Tenant 10","PutSmall",1,0,7.470,0.000,7.466
"Dynamic Tenant 10","PutSmall",1,0,7.744,0.001,7.734
"Dynamic Tenant 10","GetSmall",1,0,5.221,0.000,5.217
"Dynamic Tenant 10","PutSmall",1,0,7.793,0.000,7.783
"Dynamic Tenant 10","PutSmall",1,0,7.861,0.000,7.856
"Dynamic Tenant 10","PutSmall",1,0,7.732,0.000,7.709
"Dynamic Tenant 10","PutSmall",1,0,7.270,0.000,7.244
"Dynamic Tenant 10","GetSmall",1,0,4.783,0.000,4.773
"Dynamic Tenant 10","PutSmall",1,0,7.557,0.000,7.537
"Dynamic Tenant 10","GetSmall",1,0,5.212,0.000,5.187
"Dynamic Tenant 10","PutSmall",1,0,7.379,0.000,7.371
"Dynamic Tenant 10","PutSmall",1,0,7.356,0.000,7.349
"Dynamic Tenant 10","PutSmall",1,0,7.805,0.000,7.795
"Dynamic Tenant 10","PutSmall",1,0,7.156,0.000,7.150
"Dynamic Tenant 10","PutSmall",1,0,7.734,0.000,7.729
"Dynamic Tenant 10","PutSmall",1,0,7.209,0.000,7.205
"Dynamic Tenant 10","PutSmall",1,0,7.669,0.000,7.664
"Dynamic Tenant 10","PutSmall",1,0,7.805,0.000,7.799
"Dynamic Tenant 10","PutSmall",1,0,7.198,0.000,7.181
"Dynamic Tenant 10","PutSmall",1,0,7.759,0.000,7.754
"Dynamic Tenant 10","PutSmall",1,0,7.763,0.000,7.757
"Dynamic Tenant 10","PutSmall",1,0,7.343,0.000,7.338
"Dynamic Tenant 10","PutSmall",1,0,7.541,0.001,7.527
"Dynamic Tenant 10","PutSmall",1,0,7.643,0.000,7.635
"Dynamic Tenant 10","PutSmall",1,0,7.627,0.000,7.624
"Dynamic Tenant 10","GetSmall",1,0,5.003,0.000,4.999
"Dynamic Tenant 10","PutSmall",1,0,7.520,0.000,7.514
"Dynamic Tenant 10","PutSmall",1,0,7.507,0.000,7.504
"Dynamic Tenant 10","GetSmall",1,0,4.842,0.000,4.836
"Dynamic Tenant 10","PutSmall",1,0,7.451,0.000,7.446
"Dynamic Tenant 10","GetSmall",1,0,5.103,0.000,5.092
"Dynamic Tenant 10","PutSmall",1,0,7.150,0.000,7.134
"Dynamic Tenant 10","PutSmall",1,0,7.512,0.000,7.507
"Dynamic Tenant 10","GetSmall",1,0,4.923,0.000,4.921
"Dynamic Tenant 10","PutSmall",1,0,7.560,0.000,7.552
"Dynamic Tenant 10","PutSmall",1,0,7.556,0.000,7.545
"Dynamic Tenant 10","PutSmall",1,0,7.295,0.000,7.288
"Dynamic Tenant 10","GetSmall",1,0,5.108,0.000,5.104
"Dynamic Tenant 10","PutSmall",1,0,7.794,0.000,7.791
"Dynamic Tenant 10","PutSmall",1,0,7.324,0.000,7.318
"Dynamic Tenant 10","GetSmall",1,0,4.923,0.000,4.914
"Dynamic Tenant 10","PutSmall",1,0,7.655,0.000,7.646
"Dynamic Tenant 10","GetSmall",1,0,5.174,0.000,5.171
"Dynamic Tenant 10","PutSmall",1,0,7.248,0.000,7.239
"Dynamic Tenant 10","GetSmall",1,0,5.161,0.000,5.159
"Dynamic Tenant 10","GetSmall",1,0,5.146,0.000,5.142
"Dynamic Tenant 10","PutSmall",1,0,7.499,0.001,7.483
"Dynamic Tenant 10","PutSmall",1,0,7.257,0.001,7.246
"Dynamic Tenant 10","GetSmall",1,0,5.234,0.001,5.227
"Dynamic Tenant 10","PutSmall",1,0,7.403,0.000,7.393
"Dynamic Tenant 10","PutSmall",1,0,7.443,0.000,7.437
"Dynamic Tenant 10","PutSmall",1,0,7.583,0.000,7.580
"Dynamic Tenant 10","GetSmall",1,0,5.241,0.000,5.236
"Dynamic Tenant 10","PutSmall",1,0,7.342,0.000,7.327
"Dynamic Tenant 10","GetSmall",1,0,5.155,0.000,5.150
"Dynamic Tenant 10","GetSmall",1,0,5.061,0.000,5.051
"Dynamic Tenant 10","PutSmall",1,0,7.419,0.001,7.392
"Dynamic Tenant 10","PutSmall",1,0,7.782,0.000,7.779
"Dynamic Tenant 10","GetSmall",1,0,5.173,0.000,5.167
"Dynamic Tenant 10","GetSmall",1,0,5.255,0.000,5.244
"Dynamic Tenant 10","PutSmall",1,0,7.721,0.001,7.709
"Dynamic Tenant 10","GetSmall",1,0,4.778,0.000,4.776
"Dynamic Tenant 10","GetSmall",1,0,5.163,0.000,5.159
"Dynamic Tenant 10","GetSmall",1,0,4.909,0.000,4.906
"Dynamic Tenant 10","GetSmall",1,0,5.068,0.000,5.062
"Dynamic Tenant 10","PutSmall",1,0,7.148,0.000,7.142
"Dynamic Tenant 10","GetSmall",1,0,5.173,0.000,5.169
"Dynamic Tenant 10","PutSmall",1,0,7.487,0.001,7.479
"Dynamic Tenant 10","PutSmall",1,0,7.732,0.000,7.728
"Dynamic Tenant 10","GetSmall",1,0,4.872,0.000,4.864
"Dynamic Tenant 10","PutSmall",1,0,7.764,0.000,7.721
"Dynamic Tenant 10","GetSmall",1,0,5.244,0.000,5.229
"Dynamic Tenant 10","GetSmall",1,0,5.004,0.000,4.974
"Dynamic Tenant 10","PutSmall",1,0,7.894,0.000,7.854
"Dynamic Tenant 10","PutSmall",1,0,7.689,0.000,7.664
"Dynamic Tenant 10","GetSmall",1,0,5.181,0.000,5.174
"Dynamic Tenant 10","PutSmall",1,0,7.279,0.000,7.269
"Dynamic Tenant 10","GetSmall",1,0,5.177,0.000,5.171
"Dynamic Tenant 10","GetSmall",1,0,4.953,0.000,4.950
"Dynamic Tenant 10","PutSmall",1,0,7.483,0.000,7.481
"Dynamic Tenant 10","PutSmall",1,0,7.413,0.000,7.406
"Dynamic Tenant 10","GetSmall",1,0,4.820,0.000,4.816
"Dynamic Tenant 10","GetSmall",1,0,5.112,0.000,5.104
"Dynamic Tenant 10","PutSmall",1,0,7.569,0.001,7.521
"Dynamic Tenant 10","GetSmall",1,0,4.784,0.001,4.778
"Dynamic Tenant 10","PutSmall",1,0,7.206,0.001,7.199
"Dynamic Tenant 10","PutSmall",1,0,7.609,0.000,7.587
"Dynamic Tenant 10","PutSmall",1,0,7.694,0.000,7.683
"Dynamic Tenant 10","GetSmall",1,0,5.048,0.000,5.044
"Dynamic Tenant 10","PutSmall",1,0,7.586,0.000,7.583
"Dynamic Tenant 10","GetSmall",1,0,4.936,0.000,4.924
"Dynamic Tenant 10","GetSmall",1,0,5.254,0.000,5.249
"Dynamic Tenant 10","PutSmall",1,0,7.470,0.000,7.461
"Dynamic Tenant 10","PutSmall",1,0,7.427,0.000,7.396
"Dynamic Tenant 10","GetSmall",1,0,4.993,0.000,4.980
"Dynamic Tenant 10","PutSmall",1,0,7.201,0.000,7.196
"Dynamic Tenant 10","PutSmall",1,0,7.263,0.001,7.256
"Dynamic Tenant 10","GetSmall",1,0,4.968,0.000,4.952
"Dynamic Tenant 10","PutSmall",1,0,7.330,0.000,7.326
"Dynamic Tenant 10","PutSmall",1,0,7.429,0.000,7.422
"Dynamic Tenant 10","GetSmall",1,0,4.991,0.000,4.986
"Dynamic Tenant 10","GetSmall",1,0,5.215,0.000,5.211
"Dynamic Tenant 10","PutSmall",1,0,7.268,0.000,7.264
"Dynamic Tenant 10","GetSmall",1,0,4.850,0.000,4.818
"Dynamic Tenant 10","GetSmall",1,0,4.839,0.000,4.837
"Dynamic Tenant 10","PutSmall",1,0,7.775,0.000,7.767
"Dynamic Tenant 10","GetSmall",1,0,5.049,0.000,5.044
"Dynamic Tenant 10","PutSmall",1,0,7.511,0.000,7.505
"Dynamic Tenant 10","GetSmall",1,0,4.892,0.001,4.883
"Dynamic Tenant 10","PutSmall",1,0,7.517,0.000,7.508
"Dynamic Tenant 10","GetSmall",1,0,4.966,0.000,4.952
"Dynamic Tenant 10","PutSmall",1,0,7.455,0.000,7.449
"Dynamic Tenant 10","PutSmall",1,0,7.711,0.000,7.687
"Dynamic Tenant 10","GetSmall",1,0,5.239,0.000,5.230
"Dynamic Tenant 10","GetSmall",1,0,5.183,0.000,5.175
"Dynamic Tenant 10","GetSmall",1,0,5.109,0.000,5.104
"Dynamic Tenant 10","PutSmall",1,0,7.380,0.000,7.373
"Dynamic Tenant 10","GetSmall",1,0,4.768,0.000,4.759
"Dynamic Tenant 10","GetSmall",1,0,4.909,0.000,4.900
"Dynamic Tenant 10","PutSmall",1,0,7.362,0.000,7.352
"Dynamic Tenant 10","GetSmall",1,0,4.920,0.000,4.915
"Dynamic Tenant 10","PutSmall",1,0,7.868,0.000,7.861
"Dynamic Tenant 10","PutSmall",1,0,7.711,0.000,7.706
"Dynamic Tenant 10","PutSmall",1,0,7.368,0.000,7.358
"Dynamic Tenant 10","GetSmall",1,0,4.910,0.000,4.906
"Dynamic Tenant 10","GetSmall",1,0,4.946,0.000,4.941
"Dynamic Tenant 10","GetSmall",1,0,5.039,0.000,5.035
"Dynamic Tenant 10","PutSmall",1,0,7.492,0.001,7.482
"Dynamic Tenant 10","GetSmall",1,0,5.053,0.000,5.037
"Dynamic Tenant 10","PutSmall",1,0,7.804,0.000,7.793
"Dynamic Tenant 10","GetSmall",1,0,4.975,0.000,4.968
"Dynamic Tenant 10","GetSmall",1,0,4.953,0.000,4.944
"Dynamic Tenant 10","GetSmall",1,0,5.219,0.000,5.201
"Dynamic Tenant 10","GetSmall",1,0,5.111,0.000,5.107
"Dynamic Tenant 11","PutSmall",1,0,7.813,0.000,7.793
"Dynamic Tenant 11","PutSmall",1,0,7.385,0.001,7.364
"Dynamic Tenant 11","GetSmall",1,0,4.808,0.000,4.804
"Dynamic Tenant 11","GetSmall",1,0,4.854,0.000,4.843
"Dynamic Tenant 11","GetSmall",1,0,4.854,0.000,4.851
"Dynamic Tenant 11","PutSmall",1,0,7.681,0.001,7.676
"Dynamic Tenant 11","PutSmall",1,0,7.750,0.000,7.743
"Dynamic Tenant 11","PutSmall",1,0,7.592,0.000,7.587
"Dynamic Tenant 11","PutSmall",1,0,7.591,0.000,7.587
"Dynamic Tenant 11","GetSmall",1,0,4.900,0.000,4.888
"Dynamic Tenant 11","GetSmall",1,0,5.242,0.001,5.221
"Dynamic Tenant 11","PutSmall",1,0,7.536,0.000,7.531
"Dynamic Tenant 11","GetSmall",1,0,5.025,0.000,5.018
"Dynamic Tenant 11","GetSmall",1,0,5.121,0.000,5.119
"Dynamic Tenant 11","PutSmall",1,0,7.476,0.000,7.474
"Dynamic Tenant 11","PutSmall",1,0,7.290,0.000,7.289
"Dynamic Tenant 11","GetSmall",1,0,4.764,0.000,4.755
"Dynamic Tenant 11","PutSmall",1,0,7.654,0.000,7.641
"Dynamic Tenant 11","GetSmall",1,0,5.183,0.000,5.175
"Dynamic Tenant 11","PutSmall",1,0,7.688,0.000,7.673
"Dynamic Tenant 11","GetSmall",1,0,4.821,0.000,4.816
"Dynamic Tenant 11","PutSmall",1,0,7.547,0.000,7.534
"Dynamic Tenant 11","GetSmall",1,0,4.941,0.000,4.905
"Dynamic Tenant 11","GetSmall",1,0,4.835,0.000,4.794
"Dynamic Tenant 11","PutSmall",1,0,7.774,0.000,7.767
"Dynamic Tenant 11","PutSmall",1,0,7.626,0.000,7.597
"Dynamic Tenant 11","PutSmall",1,0,7.352,0.000,7.346
"Dynamic Tenant 11","PutSmall",1,0,7.482,0.000,7.474
"Dynamic Tenant 11","PutSmall",1,0,7.220,0.000,7.215
"Dynamic Tenant 11","GetSmall",1,0,4.845,0.000,4.841
"Dynamic Tenant 11","GetSmall",1,0,4.999,0.000,4.990
"Dynamic Tenant 11","GetSmall",1,0,5.071,0.001,5.048
"Dynamic Tenant 11","GetSmall",1,0,4.815,0.000,4.806
"Dynamic Tenant 11","PutSmall",1,0,7.166,0.001,7.156
"Dynamic Tenant 11","PutSmall",1,0,7.787,0.000,7.783
"Dynamic Tenant 11","GetSmall",1,0,4.917,0.000,4.913
"Dynamic Tenant 11","GetSmall",1,0,5.087,0.000,5.075
"Dynamic Tenant 11","GetSmall",1,0,5.169,0.000,5.165
"Dynamic Tenant 11","PutSmall",1,0,7.784,0.000,7.772
"Dynamic Tenant 11","PutSmall",1,0,7.438,0.000,7.428
"Dynamic Tenant 11","PutSmall",1,0,7.227,0.000,7.225
"Dynamic Tenant 11","GetSmall",1,0,5.000,0.000,4.978
"Dynamic Tenant 11","PutSmall",1,0,7.680,0.000,7.673
"Dynamic Tenant 11","GetSmall",1,0,4.767,0.000,4.765
"Dynamic Tenant 11","PutSmall",1,0,7.655,0.000,7.644
"Dynamic Tenant 11","PutSmall",1,0,7.733,0.000,7.729
"Dynamic Tenant 11","PutSmall",1,0,7.834,0.001,7.828
"Dynamic Tenant 11","GetSmall",1,0,4.894,0.000,4.891
"Dynamic Tenant 11","GetSmall",1,0,5.185,0.000,5.176
"Dynamic Tenant 11","PutSmall",1,0,7.220,0.000,7.216
"Dynamic Tenant 11","PutSmall",1,0,7.556,0.000,7.548
"Dynamic Tenant 11","GetSmall",1,0,5.213,0.000,5.208
"Dynamic Tenant 11","GetSmall",1,0,5.152,0.000,5.146
"Dynamic Tenant 11","PutSmall",1,0,7.542,0.000,7.539
"Dynamic Tenant 11","PutSmall",1,0,7.187,0.000,7.184
"Dynamic Tenant 11","PutSmall",1,0,7.628,0.000,7.616
"Dynamic Tenant 11","GetSmall",1,0,4.980,0.001,4.977
"Dynamic Tenant 11","PutSmall",1,0,7.272,0.000,7.269
"Dynamic Tenant 11","PutSmall",1,0,7.274,0.000,7.268
"Dynamic Tenant 11","PutSmall",1,0,7.561,0.001,7.558
"Dynamic Tenant 11","PutSmall",1,0,7.379,0.000,7.375
"Dynamic Tenant 11","PutSmall",1,0,7.380,0.000,7.379
"Dynamic Tenant 11","GetSmall",1,0,4.832,0.000,4.827
"Dynamic Tenant 11","GetSmall",1,0,4.969,0.000,4.965
"Dynamic Tenant 11","GetSmall",1,0,5.270,0.000,5.248
"Dynamic Tenant 11","PutSmall",1,0,7.349,0.000,7.345
"Dynamic Tenant 11","PutSmall",1,0,7.696,0.000,7.691
"Dynamic Tenant 11","PutSmall",1,0,7.654,0.000,7.650
"Dynamic Tenant 11","PutSmall",1,0,7.453,0.000,7.450
"Dynamic Tenant 11","PutSmall",1,0,7.205,0.001,7.201
"Dynamic Tenant 11","PutSmall",1,0,7.752,0.000,7.749
"Dynamic Tenant 11","PutSmall",1,0,7.708,0.000,7.703
"Dynamic Tenant 11","GetSmall",1,0,4.867,0.000,4.860
"Dynamic Tenant 11","GetSmall",1,0,4.847,0.000,4.839
"Dynamic Tenant 11","PutSmall",1,0,7.781,0.000,7.776
"Dynamic Tenant 11","GetSmall",1,0,5.021,0.000,5.016
"Dynamic Tenant 11","PutSmall",1,0,7.461,0.000,7.458
"Dynamic Tenant 11","PutSmall",1,0,7.199,0.000,7.197
"Dynamic Tenant 11","PutSmall",1,0,7.168,0.000,7.151
"Dynamic Tenant 11","GetSmall",1,0,4.977,0.000,4.973
"Dynamic Tenant 11","GetSmall",1,0,5.167,0.000,5.163
"Dynamic Tenant 11","PutSmall",1,0,7.296,0.000,7.290
"Dynamic Tenant 11","GetSmall",1,0,4.861,0.000,4.854
"Dynamic Tenant 11","PutSmall",1,0,7.192,0.000,7.187
"Dynamic Tenant 11","PutSmall",1,0,7.140,0.000,7.126
"Dynamic Tenant 11","GetSmall",1,0,5.197,0.000,5.192
"Dynamic Tenant 11","PutSmall",1,0,7.870,0.001,7.855
"Dynamic Tenant 11","PutSmall",1,0,7.538,0.000,7.533
"Dynamic Tenant 11","PutSmall",1,0,7.217,0.000,7.208
"Dynamic Tenant 11","PutSmall",1,0,7.319,0.000,7.317
"Dynamic Tenant 11","GetSmall",1,0,5.156,0.000,5.150
"Dynamic Tenant 11","PutSmall",1,0,7.643,0.000,7.636
"Dynamic Tenant 11","PutSmall",1,0,7.739,0.000,7.726
"Dynamic Tenant 11","PutSmall",1,0,7.843,0.000,7.839
"Dynamic Tenant 11","PutSmall",1,0,7.876,0.000,7.870
"Dynamic Tenant 11","PutSmall",1,0,7.681,0.000,7.676
"Dynamic Tenant 11","PutSmall",1,0,7.401,0.000,7.391
"Dynamic Tenant 11","PutSmall",1,0,7.650,0.000,7.640
"Dynamic Tenant 11","GetSmall",1,0,4.858,0.000,4.857
"Dynamic Tenant 11","GetSmall",1,0,4.921,0.000,4.918
"Dynamic Tenant 11","GetSmall",1,0,5.215,0.000,5.212
"Dynamic Tenant 11","GetSmall",1,0,5.216,0.000,5.206
"Dynamic Tenant 11","PutSmall",1,0,7.820,0.001,7.817
"Dynamic Tenant 11","GetSmall",1,0,4.863,0.000,4.827
"Dynamic Tenant 11","PutSmall",1,0,7.628,0.000,7.621
"Dynamic Tenant 11","PutSmall",1,0,7.504,0.000,7.496
"Dynamic Tenant 11","GetSmall",1,0,4.815,0.000,4.811
"Dynamic Tenant 11","GetSmall",1,0,5.123,0.000,5.095
"Dynamic Tenant 11","GetSmall",1,0,5.186,0.000,5.134
"Dynamic Tenant 11","PutSmall",1,0,7.197,0.000,7.183
"Dynamic Tenant 11","PutSmall",1,0,7.631,0.000,7.622
"Dynamic Tenant 11","GetSmall",1,0,4.987,0.000,4.982
"Dynamic Tenant 11","PutSmall",1,0,7.165,0.000,7.158
"Dynamic Tenant 11","GetSmall",1,0,5.102,0.001,5.088
"Dynamic Tenant 11","GetSmall",1,0,5.137,0.000,5.133
"Dynamic Tenant 11","PutSmall",1,0,7.490,0.000,7.478
"Dynamic Tenant 11","PutSmall",1,0,7.193,0.001,7.186
"Dynamic Tenant 11","PutSmall",1,0,7.428,0.000,7.423
"Dynamic Tenant 11","GetSmall",1,0,4.879,0.000,4.871
"Dynamic Tenant 11","GetSmall",1,0,5.151,0.000,5.147
"Dynamic Tenant 11","PutSmall",1,0,7.850,0.000,7.843
"Dynamic Tenant 11","PutSmall",1,0,7.218,0.000,7.208
"Dynamic Tenant 11","PutSmall",1,0,7.803,0.000,7.795
"Dynamic Tenant 11","PutSmall",1,0,7.764,0.000,7.759
"Dynamic Tenant 11","GetSmall",1,0,4.891,0.000,4.888
"Dynamic Tenant 11","PutSmall",1,0,7.314,0.001,7.292
"Dynamic Tenant 11","PutSmall",1,0,7.386,0.000,7.381
"Dynamic Tenant 11","GetSmall",1,0,4.825,0.000,4.818
"Dynamic Tenant 11","GetSmall",1,0,5.169,0.000,5.162
"Dynamic Tenant 11","PutSmall",1,0,7.813,0.000,7.810
"Dynamic Tenant 11","PutSmall",1,0,7.236,0.000,7.222
"Dynamic Tenant 11","PutSmall",1,0,7.370,0.001,7.346
"Dynamic Tenant 11","GetSmall",1,0,4.900,0.000,4.895
"Dynamic Tenant 11","PutSmall",1,0,7.410,0.000,7.408
"Dynamic Tenant 11","GetSmall",1,0,4.877,0.000,4.872
"Dynamic Tenant 11","PutSmall",1,0,7.569,0.000,7.564
"Dynamic Tenant 11","PutSmall",1,0,7.145,0.000,7.141
"Dynamic Tenant 11","PutSmall",1,0,7.559,0.000,7.546
"Dynamic Tenant 11","PutSmall",1,0,7.435,0.000,7.431
"Dynamic Tenant 11","GetSmall",1,0,5.245,0.000,5.232
"Dynamic Tenant 11","PutSmall",1,0,7.540,0.000,7.531
"Dynamic Tenant 11","GetSmall",1,0,4.950,0.001,4.945
"Dynamic Tenant 11","PutSmall",1,0,7.694,0.000,7.688
"Dynamic Tenant 11","PutSmall",1,0,7.590,0.000,7.585
"Dynamic Tenant 11","PutSmall",1,0,7.485,0.000,7.478
"Dynamic Tenant 11","PutSmall",1,0,7.292,0.000,7.281
"Dynamic Tenant 11","PutSmall",1,0,7.708,0.000,7.697
"Dynamic Tenant 11","PutSmall",1,0,7.207,0.000,7.197
"Dynamic Tenant 11","PutSmall",1,0,7.818,0.001,7.808
"Dynamic Tenant 11","PutSmall",1,0,7.402,0.000,7.394
"Dynamic Tenant 11","PutSmall",1,0,7.568,0.000,7.556
"Dynamic Tenant 11","PutSmall",1,0,7.806,0.000,7.782
"Dynamic Tenant 11","PutSmall",1,0,7.763,0.000,7.756
"Dynamic Tenant 11","PutSmall",1,0,7.771,0.000,7.767
"Dynamic Tenant 11","GetSmall",1,0,4.897,0.000,4.887
"Dynamic Tenant 11","PutSmall",1,0,7.566,0.000,7.562
"Dynamic Tenant 11","GetSmall",1,0,5.245,0.000,5.237
"Dynamic Tenant 11","GetSmall",1,0,5.187,0.000,5.182
"Dynamic Tenant 11","PutSmall",1,0,7.776,0.000,7.760
"Dynamic Tenant 12","PutSmall",1,0,7.254,0.000,7.247
"Dynamic Tenant 12","GetSmall",1,0,4.845,0.000,4.843
"Dynamic Tenant 12","GetSmall",1,0,5.226,0.000,5.223
"Dynamic Tenant 12","PutSmall",1,0,7.263,0.000,7.250
"Dynamic Tenant 12","PutSmall",1,0,7.267,0.001,7.259
"Dynamic Tenant 12","GetSmall",1,0,5.160,0.000,5.150
"Dynamic Tenant 12","PutSmall",1,0,7.233,0.000,7.224
"Dynamic Tenant 12","PutSmall",1,0,7.567,0.000,7.557
"Dynamic Tenant 12","PutSmall",1,0,7.827,0.000,7.820
"Dynamic Tenant 12","GetSmall",1,0,5.062,0.000,5.057
"Dynamic Tenant 12","PutSmall",1,0,7.480,0.000,7.476
"Dynamic Tenant 12","PutSmall",1,0,7.449,0.000,7.430
"Dynamic Tenant 12","GetSmall",1,0,4.843,0.000,4.837
"Dynamic Tenant 12","GetSmall",1,0,5.232,0.000,5.228
"Dynamic Tenant 12","PutSmall",1,0,7.503,0.000,7.490
"Dynamic Tenant 12","PutSmall",1,0,7.363,0.000,7.356
"Dynamic Tenant 12","GetSmall",1,0,5.040,0.000,5.033
"Dynamic Tenant 12","GetSmall",1,0,5.028,0.001,5.023
"Dynamic Tenant 12","PutSmall",1,0,7.682,0.001,7.679
"Dynamic Tenant 12","PutSmall",1,0,7.391,0.000,7.348
"Dynamic Tenant 12","PutSmall",1,0,7.715,0.000,7.713
"Dynamic Tenant 12","PutSmall",1,0,7.532,0.000,7.527
"Dynamic Tenant 12","GetSmall",1,0,5.082,0.000,5.077
"Dynamic Tenant 12","PutSmall",1,0,7.732,0.000,7.725
"Dynamic Tenant 12","PutSmall",1,0,7.782,0.000,7.769
"Dynamic Tenant 12","GetSmall",1,0,4.932,0.000,4.929
"Dynamic Tenant 12","GetSmall",1,0,4.882,0.000,4.867
"Dynamic Tenant 12","PutSmall",1,0,7.604,0.000,7.591
"Dynamic Tenant 12","PutSmall",1,0,7.387,0.000,7.329
"Dynamic Tenant 12","GetSmall",1,0,5.059,0.000,5.053
"Dynamic Tenant 12","GetSmall",1,0,5.013,0.000,5.002
"Dynamic Tenant 12","GetSmall",1,0,4.931,0.000,4.925
"Dynamic Tenant 12","GetSmall",1,0,5.069,0.000,5.062
"Dynamic Tenant 12","PutSmall",1,0,7.499,0.000,7.488
"Dynamic Tenant 12","PutSmall",1,0,7.241,0.000,7.238
"Dynamic Tenant 12","PutSmall",1,0,7.426,0.000,7.423
"Dynamic Tenant 12","PutSmall",1,0,7.797,0.000,7.787
"Dynamic Tenant 12","PutSmall",1,0,7.481,0.000,7.470
"Dynamic Tenant 12","PutSmall",1,0,7.328,0.001,7.322
"Dynamic Tenant 12","GetSmall",1,0,5.226,0.000,5.221
"Dynamic Tenant 12","PutSmall",1,0,7.458,0.000,7.455
"Dynamic Tenant 12","PutSmall",1,0,7.515,0.000,7.496
"Dynamic Tenant 12","PutSmall",1,0,7.552,0.000,7.547
"Dynamic Tenant 12","PutSmall",1,0,7.857,0.000,7.854
"Dynamic Tenant 12","GetSmall",1,0,5.188,0.000,5.183
"Dynamic Tenant 12","PutSmall",1,0,7.271,0.000,7.249
"Dynamic Tenant 12","PutSmall",1,0,7.852,0.001,7.838
"Dynamic Tenant 12","GetSmall",1,0,4.837,0.000,4.834
"Dynamic Tenant 12","PutSmall",1,0,7.420,0.000,7.416
"Dynamic Tenant 12","GetSmall",1,0,5.048,0.000,5.044
"Dynamic Tenant 12","PutSmall",1,0,7.245,0.001,7.242
"Dynamic Tenant 12","PutSmall",1,0,7.483,0.000,7.480
"Dynamic Tenant 12","GetSmall",1,0,4.819,0.000,4.812
"Dynamic Tenant 12","PutSmall",1,0,7.830,0.001,7.822
"Dynamic Tenant 12","GetSmall",1,0,4.842,0.001,4.833
"Dynamic Tenant 12","PutSmall",1,0,7.579,0.000,7.567
"Dynamic Tenant 12","PutSmall",1,0,7.201,0.000,7.198
"Dynamic Tenant 12","GetSmall",1,0,5.161,0.000,5.151
"Dynamic Tenant 12","PutSmall",1,0,7.799,0.000,7.791
"Dynamic Tenant 12","PutSmall",1,0,7.611,0.000,7.608
"Dynamic Tenant 12","GetSmall",1,0,5.138,0.000,5.131
"Dynamic Tenant 12","PutSmall",1,0,7.290,0.000,7.276
"Dynamic Tenant 12","PutSmall",1,0,7.739,0.000,7.727
"Dynamic Tenant 12","GetSmall",1,0,5.150,0.000,5.144
"Dynamic Tenant 12","PutSmall",1,0,7.242,0.000,7.238
"Dynamic Tenant 12","PutSmall",1,0,7.412,0.000,7.406
"Dynamic Tenant 12","GetSmall",1,0,4.773,0.000,4.761
"Dynamic Tenant 12","PutSmall",1,0,7.446,0.000,7.444
"Dynamic Tenant 12","GetSmall",1,0,4.898,0.000,4.889
"Dynamic Tenant 12","PutSmall",1,0,7.704,0.000,7.700
"Dynamic Tenant 12","PutSmall",1,0,7.222,0.000,7.217
"Dynamic Tenant 12","GetSmall",1,0,4.837,0.000,4.835
"Dynamic Tenant 12","GetSmall",1,0,5.189,0.000,5.178
"Dynamic Tenant 12","GetSmall",1,0,5.194,0.000,5.190
"Dynamic Tenant 12","PutSmall",1,0,7.323,0.000,7.314
"Dynamic Tenant 12","GetSmall",1,0,5.088,0.000,5.085
"Dynamic Tenant 12","GetSmall",1,0,4.771,0.001,4.763
"Dynamic Tenant 12","PutSmall",1,0,7.643,0.000,7.628
"Dynamic Tenant 12","PutSmall",1,0,7.712,0.000,7.711
"Dynamic Tenant 12","PutSmall",1,0,7.572,0.000,7.568
"Dynamic Tenant 12","PutSmall",1,0,7.236,0.000,7.228
"Dynamic Tenant 12","PutSmall",1,0,7.256,0.001,7.242
"Dynamic Tenant 12","PutSmall",1,0,7.136,0.000,7.133
"Dynamic Tenant 12","PutSmall",1,0,7.326,0.000,7.322
"Dynamic Tenant 12","PutSmall",1,0,7.206,0.001,7.203
"Dynamic Tenant 12","GetSmall",1,0,4.958,0.000,4.953
"Dynamic Tenant 12","PutSmall",1,0,7.643,0.000,7.640
"Dynamic Tenant 12","PutSmall",1,0,7.898,0.000,7.865
"Dynamic Tenant 12","PutSmall",1,0,7.851,0.000,7.839
"Dynamic Tenant 12","PutSmall",1,0,7.636,0.000,7.627
"Dynamic Tenant 12","PutSmall",1,0,7.555,0.000,7.553
"Dynamic Tenant 12","GetSmall",1,0,5.016,0.000,4.998
"Dynamic Tenant 12","PutSmall",1,0,7.384,0.000,7.377
"Dynamic Tenant 12","GetSmall",1,0,5.042,0.000,5.035
"Dynamic Tenant 12","PutSmall",1,0,7.238,0.000,7.235
"Dynamic Tenant 12","PutSmall",1,0,7.333,0.000,7.331
"Dynamic Tenant 12","PutSmall",1,0,7.470,0.000,7.450
"Dynamic Tenant 12","PutSmall",1,0,7.548,0.000,7.522
"Dynamic Tenant 12","GetSmall",1,0,5.230,0.000,5.225
"Dynamic Tenant 12","PutSmall",1,0,7.309,0.000,7.293
"Dynamic Tenant 12","PutSmall",1,0,7.419,0.000,7.415
"Dynamic Tenant 12","PutSmall",1,0,7.321,0.000,7.319
"Dynamic Tenant 12","PutSmall",1,0,7.352,0.000,7.332
"Dynamic Tenant 12","PutSmall",1,0,7.357,0.000,7.338
"Dynamic Tenant 12","PutSmall",1,0,7.813,0.000,7.811
"Dynamic Tenant 12","PutSmall",1,0,7.547,0.000,7.517
"Dynamic Tenant 12","PutSmall",1,0,7.295,0.000,7.289
"Dynamic Tenant 12","PutSmall",1,0,7.615,0.000,7.593
"Dynamic Tenant 12","PutSmall",1,0,7.363,0.000,7.339
"Dynamic Tenant 12","PutSmall",1,0,7.252,0.000,7.242
"Dynamic Tenant 12","GetSmall",1,0,4.946,0.000,4.940
"Dynamic Tenant 12","GetSmall",1,0,4.971,0.000,4.966
"Dynamic Tenant 12","PutSmall",1,0,7.366,0.001,7.360
"Dynamic Tenant 12","GetSmall",1,0,5.219,0.000,5.207
"Dynamic Tenant 12","PutSmall",1,0,7.809,0.000,7.770
"Dynamic Tenant 12","GetSmall",1,0,4.831,0.000,4.804
"Dynamic Tenant 12","PutSmall",1,0,7.633,0.000,7.621
"Dynamic Tenant 12","GetSmall",1,0,5.050,0.000,5.020
"Dynamic Tenant 12","PutSmall",1,0,7.378,0.000,7.359
"Dynamic Tenant 12","PutSmall",1,0,7.685,0.000,7.679
"Dynamic Tenant 12","PutSmall",1,0,7.601,0.000,7.595
"Dynamic Tenant 12","GetSmall",1,0,4.830,0.000,4.827
"Dynamic Tenant 12","PutSmall",1,0,7.287,0.000,7.276
"Dynamic Tenant 12","GetSmall",1,0,5.105,0.000,5.092
"Dynamic Tenant 12","PutSmall",1,0,7.646,0.000,7.635
"Dynamic Tenant 12","PutSmall",1,0,7.141,0.000,7.131
"Dynamic Tenant 12","PutSmall",1,0,7.896,0.000,7.861
"Dynamic Tenant 12","PutSmall",1,0,7.310,0.000,7.306
"Dynamic Tenant 12","PutSmall",1,0,7.717,0.000,7.713
"Dynamic Tenant 12","GetSmall",1,0,5.144,0.000,5.122
"Dynamic Tenant 12","GetSmall",1,0,5.010,0.000,5.001
"Dynamic Tenant 12","GetSmall",1,0,4.885,0.000,4.880
"Dynamic Tenant 12","PutSmall",1,0,7.301,0.000,7.296
"Dynamic Tenant 12","GetSmall",1,0,4.965,0.000,4.960
"Dynamic Tenant 12","PutSmall",1,0,7.244,0.000,7.230
"Dynamic Tenant 12","PutSmall",1,0,7.323,0.000,7.306
"Dynamic Tenant 12","GetSmall",1,0,4.956,0.000,4.948
"Dynamic Tenant 12","PutSmall",1,0,7.666,0.000,7.658
"Dynamic Tenant 12","PutSmall",1,0,7.679,0.000,7.675
"Dynamic Tenant 12","PutSmall",1,0,7.557,0.000,7.551
"Dynamic Tenant 12","GetSmall",1,0,5.080,0.000,5.075
"Dynamic Tenant 12","PutSmall",1,0,7.806,0.000,7.802
"Dynamic Tenant 12","PutSmall",1,0,7.190,0.000,7.184
"Dynamic Tenant 12","PutSmall",1,0,7.442,0.000,7.436
"Dynamic Tenant 12","GetSmall",1,0,4.861,0.001,4.856
"Dynamic Tenant 12","PutSmall",1,0,7.728,0.000,7.725
"Dynamic Tenant 12","GetSmall",1,0,4.844,0.000,4.835
"Dynamic Tenant 12","PutSmall",1,0,7.678,0.000,7.668
"Dynamic Tenant 12","PutSmall",1,0,7.477,0.000,7.467
"Dynamic Tenant 12","GetSmall",1,0,5.033,0.000,5.026
"Dynamic Tenant 12","GetSmall",1,0,5.269,0.001,5.246
"Dynamic Tenant 13","PutSmall",1,0,7.883,0.001,7.858
"Dynamic Tenant 13","GetSmall",1,0,4.965,0.000,4.943
"Dynamic Tenant 13","PutSmall",1,0,7.459,0.000,7.456
"Dynamic Tenant 13","PutSmall",1,0,7.819,0.000,7.812
"Dynamic Tenant 13","PutSmall",1,0,7.355,0.000,7.352
"Dynamic Tenant 13","GetSmall",1,0,5.062,0.000,5.057
"Dynamic Tenant 13","PutSmall",1,0,7.497,0.000,7.491
"Dynamic Tenant 13","PutSmall",1,0,7.485,0.000,7.482
"Dynamic Tenant 13","PutSmall",1,0,7.378,0.000,7.366
"Dynamic Tenant 13","GetSmall",1,0,4.798,0.000,4.794
"Dynamic Tenant 13","PutSmall",1,0,7.519,0.000,7.475
"Dynamic Tenant 13","PutSmall",1,0,7.747,0.000,7.742
"Dynamic Tenant 13","GetSmall",1,0,5.253,0.000,5.239
"Dynamic Tenant 13","PutSmall",1,0,7.218,0.000,7.206
"Dynamic Tenant 13","PutSmall",1,0,7.188,0.001,7.179
"Dynamic Tenant 13","PutSmall",1,0,7.160,0.000,7.155
"Dynamic Tenant 13","PutSmall",1,0,7.517,0.000,7.513
"Dynamic Tenant 13","PutSmall",1,0,7.306,0.000,7.295
"Dynamic Tenant 13","PutSmall",1,0,7.652,0.000,7.640
"Dynamic Tenant 13","PutSmall",1,0,7.547,0.000,7.542
"Dynamic Tenant 13","GetSmall",1,0,5.169,0.000,5.158
"Dynamic Tenant 13","PutSmall",1,0,7.552,0.000,7.548
"Dynamic Tenant 13","GetSmall",1,0,5.182,0.000,5.172
"Dynamic Tenant 13","PutSmall",1,0,7.337,0.000,7.334
"Dynamic Tenant 13","PutSmall",1,0,7.775,0.000,7.768
"Dynamic Tenant 13","PutSmall",1,0,7.382,0.000,7.374
"Dynamic Tenant 13","GetSmall",1,0,4.918,0.000,4.911
"Dynamic Tenant 13","GetSmall",1,0,5.240,0.000,5.227
"Dynamic Tenant 13","PutSmall",1,0,7.199,0.000,7.193
"Dynamic Tenant 13","PutSmall",1,0,7.479,0.000,7.469
"Dynamic Tenant 13","GetSmall",1,0,5.171,0.000,5.165
"Dynamic Tenant 13","GetSmall",1,0,5.186,0.000,5.155
"Dynamic Tenant 13","PutSmall",1,0,7.379,0.000,7.365
"Dynamic Tenant 13","PutSmall",1,0,7.414,0.000,7.410
"Dynamic Tenant 13","PutSmall",1,0,7.253,0.001,7.241
"Dynamic Tenant 13","GetSmall",1,0,4.802,0.000,4.774
"Dynamic Tenant 13","GetSmall",1,0,4.926,0.000,4.921
"Dynamic Tenant 13","PutSmall",1,0,7.381,0.000,7.345
"Dynamic Tenant 13","GetSmall",1,0,5.100,0.000,5.098
"Dynamic Tenant 13","PutSmall",1,0,7.603,0.000,7.598
"Dynamic Tenant 13","GetSmall",1,0,5.151,0.000,5.147
"Dynamic Tenant 13","GetSmall",1,0,5.157,0.001,5.143
"Dynamic Tenant 13","PutSmall",1,0,7.878,0.000,7.869
"Dynamic Tenant 13","PutSmall",1,0,7.466,0.000,7.462
"Dynamic Tenant 13","PutSmall",1,0,7.373,0.000,7.368
"Dynamic Tenant 13","GetSmall",1,0,5.020,0.000,5.006
"Dynamic Tenant 13","GetSmall",1,0,5.235,0.000,5.231
"Dynamic Tenant 13","PutSmall",1,0,7.164,0.000,7.161
"Dynamic Tenant 13","PutSmall",1,0,7.193,0.000,7.184
"Dynamic Tenant 13","PutSmall",1,0,7.751,0.000,7.744
"Dynamic Tenant 13","PutSmall",1,0,7.865,0.000,7.863
"Dynamic Tenant 13","GetSmall",1,0,5.000,0.000,4.998
"Dynamic Tenant 13","PutSmall",1,0,7.295,0.000,7.290
"Dynamic Tenant 13","PutSmall",1,0,7.871,0.000,7.867
"Dynamic Tenant 13","PutSmall",1,0,7.248,0.001,7.245
"Dynamic Tenant 13","GetSmall",1,0,5.031,0.000,5.027
"Dynamic Tenant 13","GetSmall",1,0,4.866,0.000,4.850
"Dynamic Tenant 13","PutSmall",1,0,7.573,0.000,7.568
"Dynamic Tenant 13","PutSmall",1,0,7.523,0.000,7.514
"Dynamic Tenant 13","GetSmall",1,0,5.136,0.000,5.127
"Dynamic Tenant 13","PutSmall",1,0,7.844,0.000,7.839
"Dynamic Tenant 13","GetSmall",1,0,4.804,0.000,4.798
"Dynamic Tenant 13","PutSmall",1,0,7.809,0.000,7.805
"Dynamic Tenant 13","PutSmall",1,0,7.599,0.000,7.593
"Dynamic Tenant 13","PutSmall",1,0,7.727,0.000,7.714
"Dynamic Tenant 13","PutSmall",1,0,7.500,0.000,7.496
"Dynamic Tenant 13","GetSmall",1,0,5.004,0.000,4.980
"Dynamic Tenant 13","PutSmall",1,0,7.182,0.000,7.177
"Dynamic Tenant 13","PutSmall",1,0,7.626,0.000,7.623
"Dynamic Tenant 13","GetSmall",1,0,4.828,0.000,4.824
"Dynamic Tenant 13","GetSmall",1,0,5.026,0.000,5.020
"Dynamic Tenant 13","PutSmall",1,0,7.505,0.000,7.498
"Dynamic Tenant 13","PutSmall",1,0,7.466,0.000,7.461
"Dynamic Tenant 13","PutSmall",1,0,7.864,0.000,7.859
"Dynamic Tenant 13","GetSmall",1,0,4.940,0.000,4.936
"Dynamic Tenant 13","PutSmall",1,0,7.301,0.000,7.294
"Dynamic Tenant 13","PutSmall",1,0,7.584,0.000,7.574
"Dynamic Tenant 13","PutSmall",1,0,7.392,0.001,7.385
"Dynamic Tenant 13","PutSmall",1,0,7.792,0.000,7.790
"Dynamic Tenant 13","GetSmall",1,0,4.875,0.000,4.870
"Dynamic Tenant 13","PutSmall",1,0,7.512,0.000,7.509
"Dynamic Tenant 13","GetSmall",1,0,4.945,0.000,4.942
"Dynamic Tenant 13","PutSmall",1,0,7.679,0.000,7.673
"Dynamic Tenant 13","PutSmall",1,0,7.376,0.000,7.372
"Dynamic Tenant 13","GetSmall",1,0,5.120,0.000,5.114
"Dynamic Tenant 13","PutSmall",1,0,7.582,0.000,7.576
"Dynamic Tenant 13","PutSmall",1,0,7.544,0.000,7.539
"Dynamic Tenant 13","PutSmall",1,0,7.832,0.001,7.819
"Dynamic Tenant 13","PutSmall",1,0,7.404,0.000,7.402
"Dynamic Tenant 13","GetSmall",1,0,5.072,0.000,5.059
"Dynamic Tenant 13","PutSmall",1,0,7.184,0.000,7.175
"Dynamic Tenant 13","PutSmall",1,0,7.166,0.000,7.163
"Dynamic Tenant 13","GetSmall",1,0,4.831,0.000,4.826
"Dynamic Tenant 13","PutSmall",1,0,7.822,0.000,7.819
"Dynamic Tenant 13","PutSmall",1,0,7.720,0.000,7.714
"Dynamic Tenant 13","GetSmall",1,0,5.018,0.000,5.017
"Dynamic Tenant 13","GetSmall",1,0,4.971,0.001,4.941
"Dynamic Tenant 13","PutSmall",1,0,7.363,0.000,7.335
"Dynamic Tenant 13","PutSmall",1,0,7.358,0.000,7.314
"Dynamic Tenant 13","PutSmall",1,0,7.714,0.000,7.682
"Dynamic Tenant 13","PutSmall",1,0,7.515,0.000,7.483
"Dynamic Tenant 13","GetSmall",1,0,4.807,0.000,4.796
"Dynamic Tenant 13","GetSmall",1,0,4.974,0.000,4.942
"Dynamic Tenant 13","PutSmall",1,0,7.144,0.000,7.136
"Dynamic Tenant 13","GetSmall",1,0,5.020,0.000,5.016
"Dynamic Tenant 13","GetSmall",1,0,4.791,0.000,4.768
"Dynamic Tenant 13","PutSmall",1,0,7.518,0.000,7.487
"Dynamic Tenant 13","PutSmall",1,0,7.406,0.000,7.403
"Dynamic Tenant 13","GetSmall",1,0,4.951,0.000,4.948
"Dynamic Tenant 13","PutSmall",1,0,7.777,0.000,7.733
"Dynamic Tenant 13","PutSmall",1,0,7.710,0.001,7.687
"Dynamic Tenant 13","PutSmall",1,0,7.316,0.000,7.310
"Dynamic Tenant 13","PutSmall",1,0,7.867,0.000,7.862
"Dynamic Tenant 13","PutSmall",1,0,7.629,0.000,7.628
"Dynamic Tenant 13","PutSmall",1,0,7.140,0.000,7.132
"Dynamic Tenant 13","PutSmall",1,0,7.452,0.000,7.441
"Dynamic Tenant 13","PutSmall",1,0,7.483,0.000,7.480
"Dynamic Tenant 13","PutSmall",1,0,7.201,0.000,7.188
"Dynamic Tenant 13","GetSmall",1,0,5.020,0.000,4.985
"Dynamic Tenant 13","PutSmall",1,0,7.902,0.000,7.860
"Dynamic Tenant 13","PutSmall",1,0,7.448,0.000,7.417
"Dynamic Tenant 13","PutSmall",1,0,7.309,0.000,7.302
"Dynamic Tenant 13","PutSmall",1,0,7.833,0.001,7.825
"Dynamic Tenant 13","GetSmall",1,0,4.803,0.000,4.792
"Dynamic Tenant 13","PutSmall",1,0,7.425,0.001,7.417
"Dynamic Tenant 13","PutSmall",1,0,7.590,0.000,7.581
"Dynamic Tenant 13","PutSmall",1,0,7.417,0.001,7.413
"Dynamic Tenant 13","PutSmall",1,0,7.146,0.000,7.143
"Dynamic Tenant 13","PutSmall",1,0,7.837,0.000,7.835
"Dynamic Tenant 13","PutSmall",1,0,7.304,0.000,7.293
"Dynamic Tenant 13","PutSmall",1,0,7.354,0.000,7.341
"Dynamic Tenant 13","GetSmall",1,0,4.955,0.001,4.949
"Dynamic Tenant 13","GetSmall",1,0,4.887,0.000,4.882
"Dynamic Tenant 13","PutSmall",1,0,7.588,0.000,7.575
"Dynamic Tenant 13","PutSmall",1,0,7.443,0.000,7.430
"Dynamic Tenant 13","GetSmall",1,0,4.774,0.000,4.766
"Dynamic Tenant 13","PutSmall",1,0,7.840,0.000,7.833
"Dynamic Tenant 13","GetSmall",1,0,4.930,0.001,4.922
"Dynamic Tenant 13","PutSmall",1,0,7.553,0.001,7.546
"Dynamic Tenant 13","PutSmall",1,0,7.402,0.001,7.396
"Dynamic Tenant 13","PutSmall",1,0,7.274,0.000,7.265
"Dynamic Tenant 13","GetSmall",1,0,5.192,0.000,5.186
"Dynamic Tenant 13","PutSmall",1,0,7.464,0.000,7.456
"Dynamic Tenant 13","PutSmall",1,0,7.251,0.000,7.241
"Dynamic Tenant 13","GetSmall",1,0,4.946,0.000,4.938
"Dynamic Tenant 13","GetSmall",1,0,5.129,0.000,5.123
"Dynamic Tenant 13","PutSmall",1,0,7.265,0.000,7.261
"Dynamic Tenant 13","PutSmall",1,0,7.742,0.000,7.733
"Dynamic Tenant 13","GetSmall",1,0,5.044,0.000,5.041
"Dynamic Tenant 13","PutSmall",1,0,7.705,0.000,7.696
"Dynamic Tenant 13","PutSmall",1,0,7.611,0.000,7.608
"Dynamic Tenant 13","PutSmall",1,0,7.395,0.000,7.390
"Dynamic Tenant 13","GetSmall",1,0,5.049,0.000,5.044
"Dynamic Tenant 13","PutSmall",1,0,7.407,0.000,7.402
"Dynamic Tenant 13","PutSmall",1,0,7.848,0.000,7.837
"Dynamic Tenant 13","GetSmall",1,0,5.034,0.000,5.029
"Dynamic Tenant 13","GetSmall",1,0,4.857,0.000,4.843
"Dynamic Tenant 14","GetSmall",1,0,4.820,0.000,4.812
"Dynamic Tenant 14","PutSmall",1,0,7.505,0.000,7.499
"Dynamic Tenant 14","GetSmall",1,0,4.819,0.000,4.813
"Dynamic Tenant 14","PutSmall",1,0,7.196,0.000,7.186
"Dynamic Tenant 14","GetSmall",1,0,4.765,0.000,4.760
"Dynamic Tenant 14","GetSmall",1,0,5.212,0.000,5.197
"Dynamic Tenant 14","PutSmall",1,0,7.662,0.000,7.660
"Dynamic Tenant 14","PutSmall",1,0,7.192,0.000,7.190
"Dynamic Tenant 14","GetSmall",1,0,5.162,0.001,5.138
"Dynamic Tenant 14","GetSmall",1,0,5.233,0.000,5.226
"Dynamic Tenant 14","GetSmall",1,0,5.244,0.000,5.214
"Dynamic Tenant 14","PutSmall",1,0,7.712,0.001,7.707
"Dynamic Tenant 14","GetSmall",1,0,5.222,0.001,5.216
"Dynamic Tenant 14","PutSmall",1,0,7.194,0.000,7.172
"Dynamic Tenant 14","GetSmall",1,0,5.216,0.000,5.213
"Dynamic Tenant 14","PutSmall",1,0,7.794,0.003,7.758
"Dynamic Tenant 14","PutSmall",1,0,7.304,0.000,7.297
"Dynamic Tenant 14","GetSmall",1,0,5.177,0.000,5.160
"Dynamic Tenant 14","PutSmall",1,0,7.248,0.001,7.237
"Dynamic Tenant 14","GetSmall",1,0,5.145,0.000,5.139
"Dynamic Tenant 14","PutSmall",1,0,7.724,0.000,7.717
"Dynamic Tenant 14","GetSmall",1,0,4.882,0.000,4.864
"Dynamic Tenant 14","PutSmall",1,0,7.654,0.000,7.651
"Dynamic Tenant 14","PutSmall",1,0,7.401,0.000,7.399
"Dynamic Tenant 14","PutSmall",1,0,7.858,0.000,7.853
"Dynamic Tenant 14","GetSmall",1,0,4.996,0.000,4.988
"Dynamic Tenant 14","PutSmall",1,0,7.869,0.000,7.862
"Dynamic Tenant 14","GetSmall",1,0,4.882,0.000,4.873
"Dynamic Tenant 14","PutSmall",1,0,7.195,0.000,7.160
"Dynamic Tenant 14","PutSmall",1,0,7.268,0.000,7.258
"Dynamic Tenant 14","PutSmall",1,0,7.820,0.000,7.817
"Dynamic Tenant 14","PutSmall",1,0,7.223,0.000,7.217
"Dynamic Tenant 14","PutSmall",1,0,7.767,0.000,7.755
"Dynamic Tenant 14","PutSmall",1,0,7.410,0.002,7.403
"Dynamic Tenant 14","GetSmall",1,0,4.880,0.000,4.871
"Dynamic Tenant 14","GetSmall",1,0,5.217,0.000,5.209
"Dynamic Tenant 14","PutSmall",1,0,7.552,0.000,7.530
"Dynamic Tenant 14","PutSmall",1,0,7.133,0.000,7.127
"Dynamic Tenant 14","PutSmall",1,0,7.391,0.000,7.388
"Dynamic Tenant 14","PutSmall",1,0,7.541,0.001,7.527
"Dynamic Tenant 14","PutSmall",1,0,7.238,0.000,7.236
"Dynamic Tenant 14","PutSmall",1,0,7.243,0.000,7.232
"Dynamic Tenant 14","GetSmall",1,0,4.789,0.000,4.782
"Dynamic Tenant 14","PutSmall",1,0,7.414,0.000,7.408
"Dynamic Tenant 14","PutSmall",1,0,7.843,0.000,7.832
"Dynamic Tenant 14","PutSmall",1,0,7.268,0.000,7.260
"Dynamic Tenant 14","PutSmall",1,0,7.191,0.000,7.180
"Dynamic Tenant 14","PutSmall",1,0,7.296,0.000,7.254
"Dynamic Tenant 14","GetSmall",1,0,5.139,0.000,5.134
"Dynamic Tenant 14","GetSmall",1,0,5.093,0.000,5.090
"Dynamic Tenant 14","GetSmall",1,0,5.119,0.000,5.114
"Dynamic Tenant 14","GetSmall",1,0,4.983,0.000,4.974
"Dynamic Tenant 14","GetSmall",1,0,5.061,0.000,5.054
"Dynamic Tenant 14","GetSmall",1,0,5.004,0.000,5.001
"Dynamic Tenant 14","GetSmall",1,0,5.093,0.000,5.072
"Dynamic Tenant 14","GetSmall",1,0,5.187,0.000,5.178
"Dynamic Tenant 14","GetSmall",1,0,4.956,0.000,4.952
"Dynamic Tenant 14","PutSmall",1,0,7.743,0.000,7.726
"Dynamic Tenant 14","PutSmall",1,0,7.764,0.000,7.755
"Dynamic Tenant 14","PutSmall",1,0,7.514,0.000,7.511
"Dynamic Tenant 14","PutSmall",1,0,7.432,0.000,7.418
"Dynamic Tenant 14","GetSmall",1,0,5.059,0.000,5.057
"Dynamic Tenant 14","PutSmall",1,0,7.401,0.000,7.395
"Dynamic Tenant 14","GetSmall",1,0,4.859,0.000,4.854
"Dynamic Tenant 14","PutSmall",1,0,7.838,0.000,7.834
"Dynamic Tenant 14","PutSmall",1,0,7.292,0.000,7.288
"Dynamic Tenant 14","PutSmall",1,0,7.519,0.000,7.503
"Dynamic Tenant 14","PutSmall",1,0,7.381,0.000,7.360
"Dynamic Tenant 14","PutSmall",1,0,7.394,0.000,7.389
"Dynamic Tenant 14","GetSmall",1,0,4.962,0.000,4.952
"Dynamic Tenant 14","PutSmall",1,0,7.523,0.000,7.517
"Dynamic Tenant 14","PutSmall",1,0,7.218,0.000,7.208
"Dynamic Tenant 14","PutSmall",1,0,7.670,0.000,7.660
"Dynamic Tenant 14","PutSmall",1,0,7.507,0.000,7.501
"Dynamic Tenant 14","PutSmall",1,0,7.578,0.000,7.576
"Dynamic Tenant 14","PutSmall",1,0,7.791,0.000,7.786
"Dynamic Tenant 14","GetSmall",1,0,4.794,0.000,4.787
"Dynamic Tenant 14","GetSmall",1,0,5.239,0.000,5.230
"Dynamic Tenant 14","GetSmall",1,0,4.806,0.000,4.803
"Dynamic Tenant 14","GetSmall",1,0,4.878,0.000,4.876
"Dynamic Tenant 14","PutSmall",1,0,7.661,0.000,7.658
"Dynamic Tenant 14","GetSmall",1,0,5.200,0.001,5.195
"Dynamic Tenant 14","PutSmall",1,0,7.214,0.000,7.210
"Dynamic Tenant 14","PutSmall",1,0,7.593,0.000,7.586
"Dynamic Tenant 14","PutSmall",1,0,7.877,0.000,7.873
"Dynamic Tenant 14","PutSmall",1,0,7.797,0.000,7.792
"Dynamic Tenant 14","GetSmall",1,0,5.092,0.001,5.077
"Dynamic Tenant 14","GetSmall",1,0,4.844,0.000,4.841
"Dynamic Tenant 14","GetSmall",1,0,5.273,0.000,5.226
"Dynamic Tenant 14","PutSmall",1,0,7.431,0.000,7.420
"Dynamic Tenant 14","PutSmall",1,0,7.872,0.000,7.830
"Dynamic Tenant 14","PutSmall",1,0,7.796,0.000,7.792
"Dynamic Tenant 14","PutSmall",1,0,7.312,0.000,7.309
"Dynamic Tenant 14","GetSmall",1,0,5.085,0.000,5.060
"Dynamic Tenant 14","PutSmall",1,0,7.859,0.000,7.857
"Dynamic Tenant 14","PutSmall",1,0,7.483,0.000,7.471
"Dynamic Tenant 14","PutSmall",1,0,7.526,0.000,7.523
"Dynamic Tenant 14","GetSmall",1,0,5.169,0.000,5.165
"Dynamic Tenant 14","PutSmall",1,0,7.492,0.005,7.483
"Dynamic Tenant 14","PutSmall",1,0,7.756,0.000,7.734
"Dynamic Tenant 14","GetSmall",1,0,5.149,0.000,5.125
"Dynamic Tenant 14","GetSmall",1,0,5.083,0.000,5.056
"Dynamic Tenant 14","GetSmall",1,0,4.945,0.001,4.932
"Dynamic Tenant 14","PutSmall",1,0,7.718,0.000,7.704
"Dynamic Tenant 14","PutSmall",1,0,7.238,0.000,7.228
"Dynamic Tenant 14","GetSmall",1,0,4.771,0.000,4.765
"Dynamic Tenant 14","GetSmall",1,0,5.032,0.000,4.988
"Dynamic Tenant 14","PutSmall",1,0,7.835,0.000,7.832
"Dynamic Tenant 14","PutSmall",1,0,7.524,0.000,7.497
"Dynamic Tenant 14","PutSmall",1,0,7.156,0.001,7.152
"Dynamic Tenant 14","PutSmall",1,0,7.592,0.001,7.581
"Dynamic Tenant 14","GetSmall",1,0,4.985,0.001,4.979
"Dynamic Tenant 14","PutSmall",1,0,7.778,0.000,7.770
"Dynamic Tenant 14","GetSmall",1,0,5.159,0.000,5.150
"Dynamic Tenant 14","PutSmall",1,0,7.321,0.000,7.311
"Dynamic Tenant 14","PutSmall",1,0,7.532,0.000,7.513
"Dynamic Tenant 14","PutSmall",1,0,7.225,0.000,7.216
"Dynamic Tenant 14","GetSmall",1,0,5.172,0.000,5.155
"Dynamic Tenant 14","GetSmall",1,0,5.170,0.000,5.162
"Dynamic Tenant 14","GetSmall",1,0,5.221,0.000,5.207
"Dynamic Tenant 14","PutSmall",1,0,7.624,0.000,7.615
"Dynamic Tenant 14","GetSmall",1,0,5.042,0.000,5.011
"Dynamic Tenant 14","PutSmall",1,0,7.190,0.000,7.184
"Dynamic Tenant 14","GetSmall",1,0,5.005,0.000,4.974
"Dynamic Tenant 14","PutSmall",1,0,7.772,0.000,7.768
"Dynamic Tenant 14","PutSmall",1,0,7.718,0.000,7.692
"Dynamic Tenant 14","PutSmall",1,0,7.826,0.000,7.814
"Dynamic Tenant 14","GetSmall",1,0,5.019,0.000,5.015
"Dynamic Tenant 14","PutSmall",1,0,7.604,0.000,7.599
"Dynamic Tenant 14","GetSmall",1,0,4.946,0.000,4.940
"Dynamic Tenant 14","GetSmall",1,0,5.060,0.000,5.053
"Dynamic Tenant 14","PutSmall",1,0,7.254,0.000,7.248
"Dynamic Tenant 14","GetSmall",1,0,4.968,0.000,4.962
"Dynamic Tenant 14","PutSmall",1,0,7.706,0.000,7.700
"Dynamic Tenant 14","GetSmall",1,0,4.914,0.000,4.906
"Dynamic Tenant 14","GetSmall",1,0,5.157,0.000,5.153
"Dynamic Tenant 14","PutSmall",1,0,7.489,0.000,7.486
"Dynamic Tenant 14","PutSmall",1,0,7.837,0.001,7.822
"Dynamic Tenant 14","PutSmall",1,0,7.867,0.001,7.851
"Dynamic Tenant 14","GetSmall",1,0,4.848,0.001,4.834
"Dynamic Tenant 14","PutSmall",1,0,7.426,0.000,7.413
"Dynamic Tenant 14","PutSmall",1,0,7.299,0.000,7.293
"Dynamic Tenant 14","GetSmall",1,0,4.790,0.000,4.788
"Dynamic Tenant 14","PutSmall",1,0,7.447,0.001,7.441
"Dynamic Tenant 14","PutSmall",1,0,7.531,0.000,7.497
"Dynamic Tenant 14","GetSmall",1,0,4.863,0.000,4.852
"Dynamic Tenant 14","PutSmall",1,0,7.195,0.000,7.186
"Dynamic Tenant 14","PutSmall",1,0,7.260,0.000,7.245
"Dynamic Tenant 14","GetSmall",1,0,4.909,0.000,4.904
"Dynamic Tenant 14","GetSmall",1,0,5.112,0.000,5.102
"Dynamic Tenant 14","GetSmall",1,0,5.115,0.000,5.107
"Dynamic Tenant 14","PutSmall",1,0,7.429,0.000,7.422
"Dynamic Tenant 14","GetSmall",1,0,5.062,0.000,5.055
"Dynamic Tenant 14","PutSmall",1,0,7.251,0.000,7.236
"Dynamic Tenant 14","PutSmall",1,0,7.598,0.000,7.584
"Dynamic Tenant 15","GetSmall",1,0,5.203,0.000,5.195
"Dynamic Tenant 15","GetSmall",1,0,4.756,0.000,4.750
"Dynamic Tenant 15","GetSmall",1,0,5.066,0.000,5.060
"Dynamic Tenant 15","GetSmall",1,0,4.991,0.000,4.988
"Dynamic Tenant 15","GetSmall",1,0,5.014,0.000,5.012
"Dynamic Tenant 15","PutSmall",1,0,7.221,0.000,7.214
"Dynamic Tenant 15","PutSmall",1,0,7.633,0.000,7.608
"Dynamic Tenant 15","GetSmall",1,0,5.029,0.000,5.023
"Dynamic Tenant 15","GetSmall",1,0,5.017,0.000,5.013
"Dynamic Tenant 15","PutSmall",1,0,7.556,0.000,7.553
"Dynamic Tenant 15","PutSmall",1,0,7.491,0.000,7.470
"Dynamic Tenant 15","PutSmall",1,0,7.141,0.000,7.139
"Dynamic Tenant 15","PutSmall",1,0,7.525,0.000,7.481
"Dynamic Tenant 15","PutSmall",1,0,7.280,0.000,7.274
"Dynamic Tenant 15","GetSmall",1,0,4.944,0.000,4.891
"Dynamic Tenant 15","GetSmall",1,0,5.186,0.000,5.181
"Dynamic Tenant 15","GetSmall",1,0,5.260,0.000,5.248
"Dynamic Tenant 15","GetSmall",1,0,4.886,0.000,4.867
"Dynamic Tenant 15","PutSmall",1,0,7.632,0.000,7.628
"Dynamic Tenant 15","PutSmall",1,0,7.455,0.000,7.449
"Dynamic Tenant 15","GetSmall",1,0,4.989,0.000,4.986
"Dynamic Tenant 15","GetSmall",1,0,4.859,0.002,4.846
"Dynamic Tenant 15","PutSmall",1,0,7.632,0.000,7.630
"Dynamic Tenant 15","PutSmall",1,0,7.346,0.000,7.321
"Dynamic Tenant 15","PutSmall",1,0,7.285,0.000,7.283
"Dynamic Tenant 15","GetSmall",1,0,4.974,0.000,4.973
"Dynamic Tenant 15","PutSmall",1,0,7.721,0.000,7.685
"Dynamic Tenant 15","PutSmall",1,0,7.778,0.001,7.775
"Dynamic Tenant 15","GetSmall",1,0,5.003,0.000,4.997
"Dynamic Tenant 15","PutSmall",1,0,7.568,0.000,7.521
"Dynamic Tenant 15","GetSmall",1,0,5.213,0.000,5.203
"Dynamic Tenant 15","PutSmall",1,0,7.575,0.000,7.566
"Dynamic Tenant 15","PutSmall",1,0,7.745,0.000,7.739
"Dynamic Tenant 15","PutSmall",1,0,7.134,0.001,7.127
"Dynamic Tenant 15","GetSmall",1,0,4.970,0.000,4.966
"Dynamic Tenant 15","GetSmall",1,0,4.971,0.000,4.969
"Dynamic Tenant 15","PutSmall",1,0,7.202,0.000,7.196
"Dynamic Tenant 15","PutSmall",1,0,7.666,0.001,7.645
"Dynamic Tenant 15","PutSmall",1,0,7.193,0.000,7.188
"Dynamic Tenant 15","GetSmall",1,0,5.053,0.000,5.039
"Dynamic Tenant 15","PutSmall",1,0,7.222,0.000,7.210
"Dynamic Tenant 15","PutSmall",1,0,7.290,0.000,7.285
"Dynamic Tenant 15","PutSmall",1,0,7.596,0.000,7.585
"Dynamic Tenant 15","PutSmall",1,0,7.873,0.000,7.860
"Dynamic Tenant 15","PutSmall",1,0,7.374,0.000,7.372
"Dynamic Tenant 15","GetSmall",1,0,5.048,0.000,5.035
"Dynamic Tenant 15","PutSmall",1,0,7.873,0.000,7.869
"Dynamic Tenant 15","PutSmall",1,0,7.421,0.000,7.409
"Dynamic Tenant 15","GetSmall",1,0,5.058,0.000,5.043
"Dynamic Tenant 15","PutSmall",1,0,7.363,0.000,7.356
"Dynamic Tenant 15","PutSmall",1,0,7.420,0.001,7.409
"Dynamic Tenant 15","PutSmall",1,0,7.172,0.000,7.167
"Dynamic Tenant 15","GetSmall",1,0,4.896,0.000,4.889
"Dynamic Tenant 15","PutSmall",1,0,7.395,0.000,7.388
"Dynamic Tenant 15","PutSmall",1,0,7.141,0.000,7.137
"Dynamic Tenant 15","GetSmall",1,0,4.771,0.000,4.760
"Dynamic Tenant 15","PutSmall",1,0,7.260,0.000,7.254
"Dynamic Tenant 15","GetSmall",1,0,4.793,0.000,4.790
"Dynamic Tenant 15","GetSmall",1,0,5.213,0.000,5.209
"Dynamic Tenant 15","PutSmall",1,0,7.722,0.000,7.720
"Dynamic Tenant 15","GetSmall",1,0,5.251,0.000,5.241
"Dynamic Tenant 15","GetSmall",1,0,5.142,0.000,5.085
"Dynamic Tenant 15","GetSmall",1,0,4.789,0.000,4.785
"Dynamic Tenant 15","PutSmall",1,0,7.688,0.000,7.683
"Dynamic Tenant 15","PutSmall",1,0,7.363,0.000,7.353
"Dynamic Tenant 15","PutSmall",1,0,7.661,0.000,7.642
"Dynamic Tenant 15","GetSmall",1,0,5.209,0.000,5.206
"Dynamic Tenant 15","GetSmall",1,0,4.857,0.000,4.853
"Dynamic Tenant 15","GetSmall",1,0,5.062,0.001,5.056
"Dynamic Tenant 15","PutSmall",1,0,7.463,0.000,7.455
"Dynamic Tenant 15","GetSmall",1,0,4.777,0.000,4.774
"Dynamic Tenant 15","GetSmall",1,0,5.018,0.000,5.015
"Dynamic Tenant 15","GetSmall",1,0,5.230,0.000,5.220
"Dynamic Tenant 15","PutSmall",1,0,7.656,0.000,7.636
"Dynamic Tenant 15","PutSmall",1,0,7.350,0.000,7.346
"Dynamic Tenant 15","PutSmall",1,0,7.718,0.001,7.707
"Dynamic Tenant 15","PutSmall",1,0,7.380,0.000,7.373
"Dynamic Tenant 15","PutSmall",1,0,7.654,0.000,7.652
"Dynamic Tenant 15","PutSmall",1,0,7.568,0.000,7.557
"Dynamic Tenant 15","GetSmall",1,0,4.933,0.000,4.927
"Dynamic Tenant 15","PutSmall",1,0,7.577,0.000,7.564
"Dynamic Tenant 15","GetSmall",1,0,4.857,0.000,4.853
"Dynamic Tenant 15","PutSmall",1,0,7.858,0.000,7.853
"Dynamic Tenant 15","PutSmall",1,0,7.531,0.000,7.515
"Dynamic Tenant 15","PutSmall",1,0,7.851,0.000,7.845
"Dynamic Tenant 15","GetSmall",1,0,5.040,0.000,5.037
"Dynamic Tenant 15","PutSmall",1,0,7.694,0.000,7.688
"Dynamic Tenant 15","GetSmall",1,0,5.211,0.000,5.204
"Dynamic Tenant 15","GetSmall",1,0,5.116,0.000,5.112
"Dynamic Tenant 15","PutSmall",1,0,7.833,0.000,7.827
"Dynamic Tenant 15","PutSmall",1,0,7.676,0.000,7.668
"Dynamic Tenant 15","PutSmall",1,0,7.191,0.000,7.182
"Dynamic Tenant 15","GetSmall",1,0,5.126,0.000,5.099
"Dynamic Tenant 15","GetSmall",1,0,5.248,0.000,5.240
"Dynamic Tenant 15","PutSmall",1,0,7.780,0.000,7.778
"Dynamic Tenant 15","GetSmall",1,0,4.916,0.000,4.911
"Dynamic Tenant 15","GetSmall",1,0,5.220,0.000,5.199
"Dynamic Tenant 15","GetSmall",1,0,4.860,0.000,4.854
"Dynamic Tenant 15","PutSmall",1,0,7.456,0.000,7.450
"Dynamic Tenant 15","PutSmall",1,0,7.357,0.000,7.353
"Dynamic Tenant 15","GetSmall",1,0,4.956,0.001,4.946
"Dynamic Tenant 15","GetSmall",1,0,5.200,0.000,5.198
"Dynamic Tenant 15","PutSmall",1,0,7.569,0.001,7.563
"Dynamic Tenant 15","PutSmall",1,0,7.482,0.000,7.479
"Dynamic Tenant 15","PutSmall",1,0,7.762,0.000,7.759
"Dynamic Tenant 15","PutSmall",1,0,7.255,0.000,7.252
"Dynamic Tenant 15","PutSmall",1,0,7.504,0.000,7.462
"Dynamic Tenant 15","PutSmall",1,0,7.149,0.000,7.146
"Dynamic Tenant 15","PutSmall",1,0,7.586,0.000,7.565
"Dynamic Tenant 15","GetSmall",1,0,4.846,0.000,4.843
"Dynamic Tenant 15","PutSmall",1,0,7.421,0.000,7.389
"Dynamic Tenant 15","PutSmall",1,0,7.279,0.000,7.275
"Dynamic Tenant 15","PutSmall",1,0,7.750,0.000,7.747
"Dynamic Tenant 15","PutSmall",1,0,7.196,0.000,7.188
"Dynamic Tenant 15","PutSmall",1,0,7.839,0.001,7.834
"Dynamic Tenant 15","PutSmall",1,0,7.307,0.000,7.300
"Dynamic Tenant 15","PutSmall",1,0,7.728,0.000,7.718
"Dynamic Tenant 15","PutSmall",1,0,7.386,0.000,7.374
"Dynamic Tenant 15","PutSmall",1,0,7.379,0.000,7.376
"Dynamic Tenant 15","GetSmall",1,0,5.221,0.000,5.219
"Dynamic Tenant 15","PutSmall",1,0,7.271,0.000,7.268
"Dynamic Tenant 15","PutSmall",1,0,7.821,0.000,7.816
"Dynamic Tenant 15","GetSmall",1,0,4.980,0.000,4.956
"Dynamic Tenant 15","GetSmall",1,0,4.951,0.000,4.942
"Dynamic Tenant 15","PutSmall",1,0,7.495,0.000,7.485
"Dynamic Tenant 15","PutSmall",1,0,7.282,0.000,7.271
"Dynamic Tenant 15","PutSmall",1,0,7.435,0.000,7.426
"Dynamic Tenant 15","PutSmall",1,0,7.290,0.000,7.260
"Dynamic Tenant 15","PutSmall",1,0,7.640,0.000,7.632
"Dynamic Tenant 15","PutSmall",1,0,7.135,0.001,7.128
"Dynamic Tenant 15","PutSmall",1,0,7.148,0.000,7.144
"Dynamic Tenant 15","GetSmall",1,0,4.959,0.000,4.953
"Dynamic Tenant 15","GetSmall",1,0,5.170,0.000,5.157
"Dynamic Tenant 15","PutSmall",1,0,7.625,0.000,7.620
"Dynamic Tenant 15","PutSmall",1,0,7.745,0.000,7.737
"Dynamic Tenant 15","GetSmall",1,0,4.779,0.000,4.773
"Dynamic Tenant 15","PutSmall",1,0,7.638,0.000,7.634
"Dynamic Tenant 15","PutSmall",1,0,7.851,0.000,7.842
"Dynamic Tenant 15","PutSmall",1,0,7.768,0.000,7.763
"Dynamic Tenant 15","PutSmall",1,0,7.176,0.000,7.172
"Dynamic Tenant 15","PutSmall",1,0,7.290,0.000,7.282
"Dynamic Tenant 15","PutSmall",1,0,7.619,0.000,7.609
"Dynamic Tenant 15","GetSmall",1,0,5.127,0.001,5.107
"Dynamic Tenant 15","PutSmall",1,0,7.814,0.000,7.794
"Dynamic Tenant 15","GetSmall",1,0,4.791,0.000,4.784
"Dynamic Tenant 15","PutSmall",1,0,7.486,0.000,7.480
"Dynamic Tenant 15","GetSmall",1,0,5.227,0.000,5.222
"Dynamic Tenant 15","PutSmall",1,0,7.210,0.000,7.192
"Dynamic Tenant 15","PutSmall",1,0,7.502,0.000,7.492
"Dynamic Tenant 15","GetSmall",1,0,4.888,0.000,4.881
"Dynamic Tenant 15","GetSmall",1,0,5.032,0.001,4.996
"Dynamic Tenant 15","PutSmall",1,0,7.279,0.001,7.265
"Dynamic Tenant 15","GetSmall",1,0,5.227,0.000,5.219
"Dynamic Tenant 15","GetSmall",1,0,5.199,0.001,5.188
"Dynamic Tenant 15","GetSmall",1,0,5.009,0.000,5.002
"Dynamic Tenant 15","PutSmall",1,0,7.354,0.000,7.340
"Dynamic Tenant 15","GetSmall",1,0,4.868,0.000,4.863
"Dynamic Tenant 15","PutSmall",1,0,7.345,0.000,7.339
"Dynamic Tenant 15","PutSmall",1,0,7.395,0.000,7.379
"Dynamic Tenant 15","PutSmall",1,0,7.311,0.000,7.292
"Dynamic Tenant 15","PutSmall",1,0,7.523,0.000,7.519
"Dynamic Tenant 15","PutSmall",1,0,7.586,0.000,7.580
"Dynamic Tenant 15","GetSmall",1,0,5.198,0.000,5.184
"Dynamic Tenant 16","GetSmall",1,0,5.226,0.001,5.195
"Dynamic Tenant 16","GetSmall",1,0,5.043,0.000,5.037
"Dynamic Tenant 16","PutSmall",1,0,7.216,0.000,7.212
"Dynamic Tenant 16","GetSmall",1,0,5.042,0.000,5.002
"Dynamic Tenant 16","PutSmall",1,0,7.842,0.000,7.832
"Dynamic Tenant 16","PutSmall",1,0,7.406,0.000,7.403
"Dynamic Tenant 16","GetSmall",1,0,4.973,0.000,4.914
"Dynamic Tenant 16","PutSmall",1,0,7.711,0.000,7.692
"Dynamic Tenant 16","PutSmall",1,0,7.226,0.000,7.213
"Dynamic Tenant 16","GetSmall",1,0,4.778,0.000,4.772
"Dynamic Tenant 16","PutSmall",1,0,7.669,0.000,7.663
"Dynamic Tenant 16","GetSmall",1,0,5.182,0.001,5.174
"Dynamic Tenant 16","PutSmall",1,0,7.800,0.000,7.766
"Dynamic Tenant 16","PutSmall",1,0,7.846,0.000,7.819
"Dynamic Tenant 16","GetSmall",1,0,4.873,0.000,4.842
"Dynamic Tenant 16","GetSmall",1,0,4.821,0.001,4.816
"Dynamic Tenant 16","GetSmall",1,0,4.821,0.000,4.817
"Dynamic Tenant 16","PutSmall",1,0,7.613,0.000,7.594
"Dynamic Tenant 16","PutSmall",1,0,7.732,0.000,7.719
"Dynamic Tenant 16","GetSmall",1,0,5.181,0.000,5.180
"Dynamic Tenant 16","PutSmall",1,0,7.312,0.000,7.307
"Dynamic Tenant 16","GetSmall",1,0,5.251,0.000,5.245
"Dynamic Tenant 16","PutSmall",1,0,7.447,0.000,7.444
"Dynamic Tenant 16","PutSmall",1,0,7.780,0.001,7.776
"Dynamic Tenant 16","GetSmall",1,0,4.969,0.000,4.960
"Dynamic Tenant 16","PutSmall",1,0,7.646,0.000,7.643
"Dynamic Tenant 16","PutSmall",1,0,7.341,0.000,7.328
"Dynamic Tenant 16","PutSmall",1,0,7.681,0.000,7.675
"Dynamic Tenant 16","PutSmall",1,0,7.498,0.000,7.492
"Dynamic Tenant 16","PutSmall",1,0,7.321,0.000,7.313
"Dynamic Tenant 16","PutSmall",1,0,7.202,0.000,7.193
"Dynamic Tenant 16","PutSmall",1,0,7.600,0.001,7.590
"Dynamic Tenant 16","PutSmall",1,0,7.170,0.000,7.166
"Dynamic Tenant 16","GetSmall",1,0,5.031,0.000,5.027
"Dynamic Tenant 16","GetSmall",1,0,5.087,0.000,5.073
"Dynamic Tenant 16","PutSmall",1,0,7.498,0.000,7.490
"Dynamic Tenant 16","PutSmall",1,0,7.697,0.000,7.693
"Dynamic Tenant 16","GetSmall",1,0,5.141,0.000,5.139
"Dynamic Tenant 16","GetSmall",1,0,5.164,0.000,5.158
"Dynamic Tenant 16","GetSmall",1,0,4.965,0.000,4.960
"Dynamic Tenant 16","GetSmall",1,0,5.170,0.000,5.158
"Dynamic Tenant 16","PutSmall",1,0,7.644,0.000,7.630
"Dynamic Tenant 16","GetSmall",1,0,5.069,0.000,5.064
"Dynamic Tenant 16","PutSmall",1,0,7.446,0.000,7.441
"Dynamic Tenant 16","GetSmall",1,0,4.942,0.000,4.940
"Dynamic Tenant 16","PutSmall",1,0,7.604,0.001,7.597
"Dynamic Tenant 16","PutSmall",1,0,7.802,0.000,7.797
"Dynamic Tenant 16","PutSmall",1,0,7.539,0.000,7.532
"Dynamic Tenant 16","PutSmall",1,0,7.731,0.000,7.729
"Dynamic Tenant 16","PutSmall",1,0,7.475,0.000,7.471
"Dynamic Tenant 16","PutSmall",1,0,7.177,0.000,7.169
"Dynamic Tenant 16","PutSmall",1,0,7.605,0.000,7.602
"Dynamic Tenant 16","GetSmall",1,0,5.245,0.000,5.243
"Dynamic Tenant 16","PutSmall",1,0,7.259,0.000,7.253
"Dynamic Tenant 16","GetSmall",1,0,4.943,0.001,4.935
"Dynamic Tenant 16","GetSmall",1,0,5.236,0.000,5.230
"Dynamic Tenant 16","PutSmall",1,0,7.332,0.001,7.326
"Dynamic Tenant 16","PutSmall",1,0,7.379,0.000,7.377
"Dynamic Tenant 16","PutSmall",1,0,7.383,0.001,7.364
"Dynamic Tenant 16","PutSmall",1,0,7.614,0.000,7.601
"Dynamic Tenant 16","GetSmall",1,0,5.147,0.000,5.144
"Dynamic Tenant 16","PutSmall",1,0,7.481,0.000,7.476
"Dynamic Tenant 16","PutSmall",1,0,7.720,0.000,7.711
"Dynamic Tenant 16","PutSmall",1,0,7.428,0.000,7.419
"Dynamic Tenant 16","GetSmall",1,0,4.969,0.000,4.963
"Dynamic Tenant 16","PutSmall",1,0,7.297,0.000,7.285
"Dynamic Tenant 16","GetSmall",1,0,5.194,0.000,5.189
"Dynamic Tenant 16","GetSmall",1,0,5.101,0.000,5.059
"Dynamic Tenant 16","GetSmall",1,0,4.968,0.000,4.933
"Dynamic Tenant 16","GetSmall",1,0,5.059,0.000,5.054
"Dynamic Tenant 16","GetSmall",1,0,4.918,0.000,4.889
"Dynamic Tenant 16","PutSmall",1,0,7.670,0.000,7.668
"Dynamic Tenant 16","GetSmall",1,0,5.027,0.000,4.999
"Dynamic Tenant 16","PutSmall",1,0,7.574,0.000,7.569
"Dynamic Tenant 16","GetSmall",1,0,5.048,0.000,5.045
"Dynamic Tenant 16","GetSmall",1,0,5.078,0.000,5.068
"Dynamic Tenant 16","GetSmall",1,0,5.148,0.000,5.139
"Dynamic Tenant 16","PutSmall",1,0,7.856,0.001,7.848
"Dynamic Tenant 16","GetSmall",1,0,5.128,0.000,5.114
"Dynamic Tenant 16","PutSmall",1,0,7.172,0.000,7.169
"Dynamic Tenant 16","PutSmall",1,0,7.796,0.000,7.779
"Dynamic Tenant 16","PutSmall",1,0,7.578,0.000,7.548
"Dynamic Tenant 16","GetSmall",1,0,4.950,0.000,4.905
"Dynamic Tenant 16","PutSmall",1,0,7.451,0.000,7.448
"Dynamic Tenant 16","GetSmall",1,0,5.168,0.000,5.164
"Dynamic Tenant 16","PutSmall",1,0,7.438,0.000,7.429
"Dynamic Tenant 16","PutSmall",1,0,7.426,0.000,7.415
"Dynamic Tenant 16","GetSmall",1,0,5.062,0.000,5.049
"Dynamic Tenant 16","PutSmall",1,0,7.282,0.000,7.274
"Dynamic Tenant 16","PutSmall",1,0,7.427,0.001,7.423
"Dynamic Tenant 16","GetSmall",1,0,5.209,0.000,5.187
"Dynamic Tenant 16","PutSmall",1,0,7.177,0.000,7.165
"Dynamic Tenant 16","PutSmall",1,0,7.323,0.000,7.312
"Dynamic Tenant 16","PutSmall",1,0,7.359,0.001,7.351
"Dynamic Tenant 16","PutSmall",1,0,7.582,0.000,7.554
"Dynamic Tenant 16","GetSmall",1,0,5.186,0.000,5.163
"Dynamic Tenant 16","PutSmall",1,0,7.413,0.000,7.407
"Dynamic Tenant 16","PutSmall",1,0,7.152,0.000,7.146
"Dynamic Tenant 16","GetSmall",1,0,4.845,0.001,4.839
"Dynamic Tenant 16","GetSmall",1,0,5.099,0.000,5.094
"Dynamic Tenant 16","PutSmall",1,0,7.465,0.000,7.453
"Dynamic Tenant 16","GetSmall",1,0,4.821,0.000,4.808
"Dynamic Tenant 16","PutSmall",1,0,7.400,0.000,7.390
"Dynamic Tenant 16","PutSmall",1,0,7.165,0.000,7.164
"Dynamic Tenant 16","PutSmall",1,0,7.346,0.000,7.339
"Dynamic Tenant 16","GetSmall",1,0,4.823,0.000,4.817
"Dynamic Tenant 16","PutSmall",1,0,7.883,0.000,7.872
"Dynamic Tenant 16","PutSmall",1,0,7.405,0.000,7.397
"Dynamic Tenant 16","GetSmall",1,0,4.918,0.000,4.914
"Dynamic Tenant 16","PutSmall",1,0,7.582,0.000,7.574
"Dynamic Tenant 16","PutSmall",1,0,7.370,0.000,7.358
"Dynamic Tenant 16","PutSmall",1,0,7.639,0.000,7.617
"Dynamic Tenant 16","GetSmall",1,0,5.218,0.000,5.213
"Dynamic Tenant 16","PutSmall",1,0,7.597,0.000,7.580
"Dynamic Tenant 16","GetSmall",1,0,4.856,0.000,4.850
"Dynamic Tenant 16","GetSmall",1,0,4.804,0.000,4.762
"Dynamic Tenant 16","GetSmall",1,0,4.955,0.000,4.936
"Dynamic Tenant 16","PutSmall",1,0,7.870,0.000,7.863
"Dynamic Tenant 16","PutSmall",1,0,7.656,0.000,7.650
"Dynamic Tenant 16","PutSmall",1,0,7.741,0.000,7.719
"Dynamic Tenant 16","PutSmall",1,0,7.696,0.000,7.687
"Dynamic Tenant 16","PutSmall",1,0,7.737,0.000,7.697
"Dynamic Tenant 16","GetSmall",1,0,5.217,0.000,5.214
"Dynamic Tenant 16","PutSmall",1,0,7.480,0.000,7.477
"Dynamic Tenant 16","GetSmall",1,0,4.848,0.000,4.845
"Dynamic Tenant 16","GetSmall",1,0,4.963,0.000,4.961
"Dynamic Tenant 16","PutSmall",1,0,7.459,0.001,7.434
"Dynamic Tenant 16","GetSmall",1,0,5.253,0.000,5.246
