tenant,op,success,error_code,total_lat_ms,queue_lat_ms,backend_lat_ms
"Tenant A (Batch Ingest)","PutSmall",1,0,35.694,0.001,35.639
"Tenant A (Batch Ingest)","PutSmall",1,0,36.168,0.000,36.154
"Tenant A (Batch Ingest)","PutSmall",1,0,36.273,0.001,36.254
"Tenant A (Batch Ingest)","PutSmall",1,0,36.854,0.001,36.843
"Tenant A (Batch Ingest)","PutSmall",1,0,38.023,0.000,38.017
"Tenant A (Batch Ingest)","PutSmall",1,0,38.379,0.003,38.345
"Tenant A (Batch Ingest)","PutSmall",1,0,39.384,0.001,39.368
"Tenant A (Batch Ingest)","PutSmall",1,0,40.443,0.001,40.431
"Tenant A (Batch Ingest)","PutSmall",1,0,40.838,0.000,40.832
"Tenant A (Batch Ingest)","PutSmall",1,0,40.968,0.000,40.962
"Tenant A (Batch Ingest)","PutSmall",1,0,41.521,0.001,41.515
"Tenant A (Batch Ingest)","PutSmall",1,0,41.999,0.000,41.993
"Tenant A (Batch Ingest)","PutSmall",1,0,42.423,0.001,42.415
"Tenant A (Batch Ingest)","PutSmall",1,0,42.806,0.001,42.799
"Tenant A (Batch Ingest)","PutSmall",1,0,42.876,0.001,42.872
"Tenant A (Batch Ingest)","PutLarge",1,0,61.879,0.003,61.859
"Tenant A (Batch Ingest)","PutSmall",1,0,62.781,0.001,62.695
"Tenant A (Batch Ingest)","PutLarge",1,0,63.054,0.001,63.046
"Tenant A (Batch Ingest)","PutLarge",1,0,64.710,0.001,64.703
"Tenant A (Batch Ingest)","PutLarge",1,0,65.483,0.000,65.477
"Tenant A (Batch Ingest)","PutLarge",1,0,65.906,0.002,65.876
"Tenant A (Batch Ingest)","PutLarge",1,0,66.417,0.000,66.413
"Tenant A (Batch Ingest)","PutLarge",1,0,66.818,0.000,66.814
"Tenant A (Batch Ingest)","PutLarge",1,0,67.960,0.001,67.954
"Tenant A (Batch Ingest)","PutLarge",1,0,68.029,0.001,68.020
"Tenant A (Batch Ingest)","PutLarge",1,0,68.022,0.001,68.010
"Tenant A (Batch Ingest)","PutLarge",1,0,68.657,0.000,68.652
"Tenant A (Batch Ingest)","PutLarge",1,0,68.838,0.000,68.832
"Tenant A (Batch Ingest)","PutLarge",1,0,69.406,0.000,69.401
"Tenant A (Batch Ingest)","PutLarge",1,0,69.747,0.000,69.741
"Tenant A (Batch Ingest)","PutLarge",1,0,71.361,0.000,71.351
"Tenant A (Batch Ingest)","PutLarge",1,0,72.074,0.001,72.063
"Tenant A (Batch Ingest)","PutLarge",1,0,72.490,0.001,72.485
"Tenant A (Batch Ingest)","PutLarge",1,0,72.638,0.003,72.614
"Tenant A (Batch Ingest)","PutLarge",1,0,73.770,0.000,73.762
"Tenant A (Batch Ingest)","PutSmall",1,0,53.735,0.000,53.729
"Tenant A (Batch Ingest)","PutSmall",1,0,54.522,0.001,54.518
"Tenant A (Batch Ingest)","PutSmall",1,0,55.351,0.000,55.344
"Tenant A (Batch Ingest)","PutSmall",1,0,64.664,0.001,64.654
"Tenant A (Batch Ingest)","PutSmall",1,0,61.972,0.000,61.968
"Tenant A (Batch Ingest)","PutSmall",1,0,54.240,0.000,54.230
"Tenant A (Batch Ingest)","PutSmall",1,0,52.113,0.001,52.108
"Tenant A (Batch Ingest)","PutSmall",1,0,57.827,0.001,57.812
"Tenant A (Batch Ingest)","PutSmall",1,0,56.751,0.001,56.743
"Tenant A (Batch Ingest)","PutSmall",1,0,58.313,0.001,58.282
"Tenant A (Batch Ingest)","PutSmall",1,0,61.347,0.000,61.337
"Tenant A (Batch Ingest)","PutSmall",1,0,62.417,0.001,62.388
"Tenant A (Batch Ingest)","PutSmall",1,0,56.699,0.000,56.689
"Tenant A (Batch Ingest)","PutSmall",1,0,63.722,0.000,63.708
"Tenant A (Batch Ingest)","PutSmall",1,0,61.365,0.001,61.362
"Tenant A (Batch Ingest)","PutLarge",1,0,133.310,0.001,133.305
"Tenant A (Batch Ingest)","PutLarge",1,0,131.334,0.000,131.324
"Tenant A (Batch Ingest)","PutLarge",1,0,131.843,0.001,131.835
"Tenant A (Batch Ingest)","PutSmall",1,0,51.324,0.000,51.315
"Tenant A (Batch Ingest)","PutSmall",1,0,52.336,0.001,52.331
"Tenant A (Batch Ingest)","PutLarge",1,0,136.577,0.000,136.568
"Tenant A (Batch Ingest)","PutLarge",1,0,137.821,0.001,137.814
"Tenant A (Batch Ingest)","PutLarge",1,0,134.974,0.000,134.971
"Tenant A (Batch Ingest)","PutLarge",1,0,146.195,0.000,145.668
"Tenant A (Batch Ingest)","PutLarge",1,0,148.021,0.000,147.953
"Tenant A (Batch Ingest)","PutSmall",1,0,63.643,0.001,63.601
"Tenant A (Batch Ingest)","PutLarge",1,0,152.892,0.001,152.879
"Tenant A (Batch Ingest)","PutLarge",1,0,133.142,0.000,133.133
"Tenant A (Batch Ingest)","PutLarge",1,0,159.832,0.000,159.821
"Tenant A (Batch Ingest)","PutLarge",1,0,126.032,0.000,126.026
"Tenant A (Batch Ingest)","PutLarge",1,0,133.810,0.001,133.806
"Tenant A (Batch Ingest)","PutLarge",1,0,137.941,0.001,137.938
"Tenant A (Batch Ingest)","PutLarge",1,0,136.219,0.000,136.215
"Tenant A (Batch Ingest)","PutLarge",1,0,146.367,0.001,146.364
"Tenant A (Batch Ingest)","PutLarge",1,0,121.971,0.001,121.966
"Tenant A (Batch Ingest)","PutLarge",1,0,144.241,0.000,144.238
"Tenant A (Batch Ingest)","PutLarge",1,0,140.139,0.001,140.135
"Tenant A (Batch Ingest)","PutLarge",1,0,144.851,0.000,144.848
"Tenant A (Batch Ingest)","PutLarge",1,0,144.890,0.001,144.880
"Tenant A (Batch Ingest)","PutLarge",1,0,153.199,0.000,153.192
"Tenant A (Batch Ingest)","PutSmall",1,0,52.761,0.000,52.757
"Tenant A (Batch Ingest)","PutSmall",1,0,56.199,0.000,56.195
"Tenant A (Batch Ingest)","PutSmall",1,0,54.271,0.000,54.268
"Tenant A (Batch Ingest)","PutSmall",1,0,62.594,0.000,62.592
"Tenant A (Batch Ingest)","PutLarge",1,0,139.280,0.000,139.270
"Tenant A (Batch Ingest)","PutLarge",1,0,139.701,0.000,139.697
"Tenant A (Batch Ingest)","PutSmall",1,0,56.145,0.001,56.137
"Tenant A (Batch Ingest)","PutSmall",1,0,58.195,0.001,58.179
"Tenant A (Batch Ingest)","PutLarge",1,0,153.395,0.000,153.391
"Tenant A (Batch Ingest)","PutSmall",1,0,58.617,0.001,58.612
"Tenant A (Batch Ingest)","PutLarge",1,0,130.023,0.001,130.014
"Tenant A (Batch Ingest)","PutSmall",1,0,52.781,0.000,52.778
"Tenant A (Batch Ingest)","PutSmall",1,0,60.100,0.000,60.096
"Tenant A (Batch Ingest)","PutSmall",1,0,64.234,0.000,64.231
"Tenant A (Batch Ingest)","PutLarge",1,0,129.668,0.000,129.664
"Tenant A (Batch Ingest)","PutLarge",1,0,146.698,0.000,146.696
"Tenant A (Batch Ingest)","PutSmall",1,0,55.699,0.000,55.696
"Tenant A (Batch Ingest)","PutLarge",1,0,155.089,0.000,155.082
"Tenant A (Batch Ingest)","PutLarge",1,0,142.882,0.001,142.870
"Tenant A (Batch Ingest)","PutLarge",1,0,155.163,0.000,155.160
"Tenant A (Batch Ingest)","PutSmall",1,0,65.199,0.001,65.190
"Tenant A (Batch Ingest)","PutLarge",1,0,137.341,0.001,137.336
"Tenant A (Batch Ingest)","PutSmall",1,0,62.233,0.000,62.230
"Tenant A (Batch Ingest)","PutSmall",1,0,51.724,0.000,51.716
"Tenant A (Batch Ingest)","PutSmall",1,0,62.096,0.000,62.088
"Tenant A (Batch Ingest)","PutLarge",1,0,138.828,0.001,138.798
"Tenant A (Batch Ingest)","PutSmall",1,0,58.583,0.000,58.577
"Tenant A (Batch Ingest)","PutLarge",1,0,145.284,0.000,145.280
"Tenant A (Batch Ingest)","PutSmall",1,0,53.416,0.000,53.413
"Tenant A (Batch Ingest)","PutLarge",1,0,136.491,0.000,136.484
"Tenant A (Batch Ingest)","PutLarge",1,0,126.439,0.001,126.421
"Tenant A (Batch Ingest)","PutSmall",1,0,58.332,0.000,58.328
"Tenant A (Batch Ingest)","PutSmall",1,0,53.368,0.000,53.364
"Tenant A (Batch Ingest)","PutSmall",1,0,61.263,0.000,61.258
"Tenant A (Batch Ingest)","PutLarge",1,0,146.629,0.000,146.622
"Tenant A (Batch Ingest)","PutLarge",1,0,156.303,0.001,156.294
"Tenant A (Batch Ingest)","PutSmall",1,0,62.383,0.000,62.380
"Tenant A (Batch Ingest)","PutLarge",1,0,147.053,0.001,147.050
"Tenant A (Batch Ingest)","PutLarge",1,0,134.916,0.000,134.911
"Tenant A (Batch Ingest)","PutLarge",1,0,139.203,0.001,139.192
"Tenant A (Batch Ingest)","PutSmall",1,0,59.424,0.000,59.416
"Tenant A (Batch Ingest)","PutLarge",1,0,141.417,0.000,141.407
"Tenant A (Batch Ingest)","PutSmall",1,0,61.762,0.000,61.756
"Tenant A (Batch Ingest)","PutLarge",1,0,146.548,0.000,146.545
"Tenant A (Batch Ingest)","PutLarge",1,0,126.017,0.000,126.008
"Tenant A (Batch Ingest)","PutLarge",1,0,134.169,0.000,134.166
"Tenant A (Batch Ingest)","PutLarge",1,0,157.704,0.000,157.695
"Tenant A (Batch Ingest)","PutSmall",1,0,53.311,0.001,53.306
"Tenant A (Batch Ingest)","PutLarge",1,0,160.152,0.000,160.148
"Tenant A (Batch Ingest)","PutSmall",1,0,52.838,0.000,52.836
"Tenant A (Batch Ingest)","PutSmall",1,0,60.269,0.000,60.266
"Tenant A (Batch Ingest)","PutSmall",1,0,56.792,0.000,56.784
"Tenant A (Batch Ingest)","PutSmall",1,0,60.151,0.001,60.143
"Tenant A (Batch Ingest)","PutLarge",1,0,142.401,0.000,142.397
"Tenant A (Batch Ingest)","PutLarge",1,0,131.936,0.000,131.926
"Tenant A (Batch Ingest)","PutSmall",1,0,56.285,0.000,56.277
"Tenant A (Batch Ingest)","PutLarge",1,0,156.801,0.000,156.797
"Tenant A (Batch Ingest)","PutLarge",1,0,138.127,0.000,138.123
"Tenant A (Batch Ingest)","PutLarge",1,0,140.188,0.000,140.179
"Tenant A (Batch Ingest)","PutSmall",1,0,54.199,0.000,54.187
"Tenant A (Batch Ingest)","PutLarge",1,0,155.313,0.000,155.310
"Tenant A (Batch Ingest)","PutLarge",1,0,133.278,0.000,133.275
"Tenant A (Batch Ingest)","PutLarge",1,0,149.570,0.000,149.553
"Tenant A (Batch Ingest)","PutSmall",1,0,61.659,0.001,61.653
"Tenant A (Batch Ingest)","PutSmall",1,0,51.533,0.000,51.530
"Tenant A (Batch Ingest)","PutLarge",1,0,133.992,0.000,133.990
"Tenant A (Batch Ingest)","PutSmall",1,0,58.294,0.000,58.291
"Tenant A (Batch Ingest)","PutSmall",1,0,57.124,0.000,57.115
"Tenant A (Batch Ingest)","PutSmall",1,0,53.089,0.000,53.059
"Tenant A (Batch Ingest)","PutLarge",1,0,140.789,0.000,140.782
"Tenant A (Batch Ingest)","PutSmall",1,0,55.068,0.000,55.063
"Tenant A (Batch Ingest)","PutSmall",1,0,60.994,0.001,60.982
"Tenant A (Batch Ingest)","PutSmall",1,0,60.976,0.000,60.971
"Tenant A (Batch Ingest)","PutLarge",1,0,155.036,0.000,155.035
"Tenant A (Batch Ingest)","PutSmall",1,0,55.144,0.000,55.141
"Tenant A (Batch Ingest)","PutLarge",1,0,126.842,0.000,126.838
"Tenant A (Batch Ingest)","PutSmall",1,0,59.078,0.000,58.962
"Tenant A (Batch Ingest)","PutLarge",1,0,136.731,0.000,136.662
"Tenant A (Batch Ingest)","PutSmall",1,0,61.944,0.000,61.915
"Tenant A (Batch Ingest)","PutSmall",1,0,64.031,0.000,64.001
"Tenant A (Batch Ingest)","PutLarge",1,0,149.758,0.000,149.729
"Tenant A (Batch Ingest)","PutLarge",1,0,121.846,0.000,121.817
"Tenant A (Batch Ingest)","PutLarge",1,0,141.147,0.000,141.118
"Tenant A (Batch Ingest)","PutSmall",1,0,54.970,0.000,54.940
"Tenant A (Batch Ingest)","PutSmall",1,0,53.344,0.000,53.316
"Tenant A (Batch Ingest)","PutLarge",1,0,150.197,0.000,150.169
"Tenant A (Batch Ingest)","PutLarge",1,0,132.920,0.000,132.911
"Tenant A (Batch Ingest)","PutLarge",1,0,155.709,0.000,155.705
"Tenant A (Batch Ingest)","PutSmall",1,0,54.513,0.000,54.510
"Tenant A (Batch Ingest)","PutLarge",1,0,130.406,0.000,130.403
"Tenant A (Batch Ingest)","PutSmall",1,0,56.626,0.000,56.599
"Tenant A (Batch Ingest)","PutLarge",1,0,143.665,0.000,143.635
"Tenant A (Batch Ingest)","PutLarge",1,0,135.811,0.000,135.799
"Tenant A (Batch Ingest)","PutLarge",1,0,134.307,0.000,134.297
"Tenant A (Batch Ingest)","PutSmall",1,0,54.445,0.001,54.434
"Tenant A (Batch Ingest)","PutSmall",1,0,58.718,0.003,58.704
"Tenant A (Batch Ingest)","PutLarge",1,0,134.044,0.000,134.033
"Tenant A (Batch Ingest)","PutSmall",1,0,58.909,0.001,58.895
"Tenant A (Batch Ingest)","PutSmall",1,0,56.328,0.000,56.317
"Tenant A (Batch Ingest)","PutSmall",1,0,56.024,0.001,56.017
"Tenant A (Batch Ingest)","PutSmall",1,0,57.172,0.001,57.169
"Tenant A (Batch Ingest)","PutSmall",1,0,57.849,0.000,57.835
"Tenant A (Batch Ingest)","PutLarge",1,0,139.127,0.000,139.096
"Tenant A (Batch Ingest)","PutLarge",1,0,154.574,0.000,154.546
"Tenant A (Batch Ingest)","PutLarge",1,0,133.584,0.000,133.576
"Tenant A (Batch Ingest)","PutLarge",1,0,132.881,0.000,132.877
"Tenant A (Batch Ingest)","PutLarge",1,0,126.770,0.000,126.765
"Tenant A (Batch Ingest)","PutLarge",1,0,145.462,0.000,145.453
"Tenant A (Batch Ingest)","PutLarge",1,0,129.185,0.001,129.179
"Tenant A (Batch Ingest)","PutLarge",1,0,157.981,0.000,157.975
"Tenant A (Batch Ingest)","PutLarge",1,0,134.845,0.000,134.834
"Tenant A (Batch Ingest)","PutLarge",1,0,153.400,0.000,153.385
"Tenant A (Batch Ingest)","PutLarge",1,0,136.807,0.000,136.801
"Tenant A (Batch Ingest)","PutLarge",1,0,146.042,0.000,146.029
"Tenant A (Batch Ingest)","PutLarge",1,0,153.319,0.000,153.315
"Tenant A (Batch Ingest)","PutLarge",1,0,153.656,0.000,153.653
"Tenant A (Batch Ingest)","PutLarge",1,0,152.369,0.001,152.366
"Tenant A (Batch Ingest)","PutLarge",1,0,147.566,0.000,147.563
"Tenant A (Batch Ingest)","PutLarge",1,0,151.505,0.000,151.491
"Tenant A (Batch Ingest)","PutLarge",1,0,129.301,0.000,129.287
"Tenant A (Batch Ingest)","PutLarge",1,0,139.308,0.000,139.303
"Tenant A (Batch Ingest)","PutLarge",1,0,134.772,0.000,134.766
"Tenant A (Batch Ingest)","PutLarge",1,0,130.330,0.001,130.323
"Tenant A (Batch Ingest)","PutLarge",1,0,146.047,0.001,146.033
"Tenant A (Batch Ingest)","PutLarge",1,0,131.578,0.001,131.574
"Tenant A (Batch Ingest)","PutLarge",1,0,141.265,0.000,141.261
"Tenant A (Batch Ingest)","PutSmall",1,0,60.657,0.000,60.648
"Tenant A (Batch Ingest)","PutLarge",1,0,134.992,0.000,134.988
"Tenant A (Batch Ingest)","PutSmall",1,0,57.238,0.000,57.231
"Tenant A (Batch Ingest)","PutLarge",1,0,148.079,0.000,148.076
"Tenant A (Batch Ingest)","PutSmall",1,0,55.400,0.000,55.394
"Tenant A (Batch Ingest)","PutSmall",1,0,61.723,0.000,61.711
"Tenant A (Batch Ingest)","PutLarge",1,0,148.332,0.000,148.327
"Tenant A (Batch Ingest)","PutSmall",1,0,57.905,0.000,57.891
"Tenant A (Batch Ingest)","PutLarge",1,0,139.702,0.000,139.698
"Tenant A (Batch Ingest)","PutLarge",1,0,143.880,0.001,143.876
"Tenant A (Batch Ingest)","PutSmall",1,0,59.271,0.000,59.267
"Tenant A (Batch Ingest)","PutSmall",1,0,61.881,0.000,61.877
"Tenant A (Batch Ingest)","PutLarge",1,0,146.157,0.000,146.144
"Tenant A (Batch Ingest)","PutLarge",1,0,136.610,0.000,136.606
"Tenant A (Batch Ingest)","PutLarge",1,0,139.772,0.000,139.768
"Tenant A (Batch Ingest)","PutLarge",1,0,148.065,0.000,148.062
"Tenant A (Batch Ingest)","PutLarge",1,0,144.659,0.000,144.655
"Tenant A (Batch Ingest)","PutLarge",1,0,145.250,0.000,145.246
"Tenant A (Batch Ingest)","PutSmall",1,0,56.794,0.000,56.786
"Tenant A (Batch Ingest)","PutLarge",1,0,128.691,0.000,128.678
"Tenant A (Batch Ingest)","PutLarge",1,0,146.639,0.001,146.633
"Tenant A (Batch Ingest)","PutLarge",1,0,139.643,0.000,139.633
"Tenant A (Batch Ingest)","PutSmall",1,0,55.628,0.000,55.625
"Tenant A (Batch Ingest)","PutLarge",1,0,142.768,0.001,142.764
"Tenant A (Batch Ingest)","PutLarge",1,0,133.244,0.000,133.080
"Tenant A (Batch Ingest)","PutSmall",1,0,61.937,0.000,61.871
"Tenant A (Batch Ingest)","PutSmall",1,0,57.479,0.000,57.420
"Tenant A (Batch Ingest)","PutSmall",1,0,63.712,0.000,63.682
"Tenant A (Batch Ingest)","PutLarge",1,0,150.092,0.000,150.060
"Tenant A (Batch Ingest)","PutLarge",1,0,134.448,0.000,134.445
"Tenant A (Batch Ingest)","PutLarge",1,0,151.663,0.001,151.656
"Tenant A (Batch Ingest)","PutLarge",1,0,142.245,0.000,142.235
"Tenant A (Batch Ingest)","PutLarge",1,0,125.207,0.000,125.201
"Tenant A (Batch Ingest)","PutLarge",1,0,160.713,0.000,160.685
"Tenant A (Batch Ingest)","PutLarge",1,0,141.684,0.000,141.675
"Tenant A (Batch Ingest)","PutLarge",1,0,151.406,0.000,151.398
"Tenant A (Batch Ingest)","PutLarge",1,0,149.622,0.000,149.590
"Tenant A (Batch Ingest)","PutLarge",1,0,145.599,0.000,145.587
"Tenant A (Batch Ingest)","PutLarge",1,0,130.102,0.000,130.098
"Tenant A (Batch Ingest)","PutLarge",1,0,129.539,0.000,129.531
"Tenant A (Batch Ingest)","PutLarge",1,0,153.121,0.000,153.118
"Tenant A (Batch Ingest)","PutLarge",1,0,136.454,0.000,136.446
"Tenant A (Batch Ingest)","PutLarge",1,0,149.492,0.000,149.485
"Tenant A (Batch Ingest)","PutLarge",1,0,154.582,0.000,154.578
"Tenant A (Batch Ingest)","PutLarge",1,0,146.153,0.000,146.135
"Tenant A (Batch Ingest)","PutLarge",1,0,148.154,0.000,148.145
"Tenant A (Batch Ingest)","PutLarge",1,0,145.076,0.001,145.065
"Tenant A (Batch Ingest)","PutLarge",1,0,144.221,0.000,144.214
"Tenant A (Batch Ingest)","PutLarge",1,0,135.269,0.000,135.261
"Tenant A (Batch Ingest)","PutLarge",1,0,151.871,0.000,151.862
"Tenant A (Batch Ingest)","PutLarge",1,0,144.122,0.000,144.113
"Tenant A (Batch Ingest)","PutLarge",1,0,147.692,0.000,147.684
"Tenant A (Batch Ingest)","PutLarge",1,0,134.624,0.000,134.615
"Tenant A (Batch Ingest)","PutLarge",1,0,140.495,0.000,140.486
"Tenant A (Batch Ingest)","PutLarge",1,0,135.601,0.000,135.599
"Tenant A (Batch Ingest)","PutLarge",1,0,149.874,0.000,149.872
"Tenant A (Batch Ingest)","PutLarge",1,0,153.661,0.000,153.657
"Tenant A (Batch Ingest)","PutLarge",1,0,144.903,0.003,144.885
"Tenant A (Batch Ingest)","PutLarge",1,0,140.077,0.001,140.067
"Tenant A (Batch Ingest)","PutLarge",1,0,150.635,0.001,150.627
"Tenant A (Batch Ingest)","PutLarge",1,0,153.858,0.000,153.854
"Tenant A (Batch Ingest)","PutLarge",1,0,155.230,0.000,155.201
"Tenant A (Batch Ingest)","PutLarge",1,0,133.785,0.001,133.770
"Tenant A (Batch Ingest)","PutLarge",1,0,153.146,0.000,153.115
"Tenant A (Batch Ingest)","PutLarge",1,0,103.787,0.001,103.755
"Tenant A (Batch Ingest)","PutLarge",1,0,136.582,0.000,136.455
"Tenant A (Batch Ingest)","PutLarge",1,0,136.569,0.000,136.494
"Tenant A (Batch Ingest)","PutLarge",1,0,116.720,0.000,116.638
"Tenant A (Batch Ingest)","PutLarge",1,0,118.986,0.000,118.914
"Tenant A (Batch Ingest)","PutLarge",1,0,111.547,0.000,111.478
"Tenant A (Batch Ingest)","PutLarge",1,0,113.204,0.000,113.146
"Tenant A (Batch Ingest)","PutLarge",1,0,104.357,0.000,104.291
"Tenant A (Batch Ingest)","PutLarge",1,0,106.495,0.001,106.442
"Tenant A (Batch Ingest)","PutLarge",1,0,103.857,0.000,103.777
"Tenant A (Batch Ingest)","PutLarge",1,0,114.253,0.000,114.181
"Tenant A (Batch Ingest)","PutLarge",1,0,107.239,0.000,107.166
"Tenant A (Batch Ingest)","PutLarge",1,0,127.319,0.000,127.244
"Tenant A (Batch Ingest)","PutLarge",1,0,122.832,0.000,122.766
"Tenant A (Batch Ingest)","PutLarge",1,0,105.644,0.000,105.574
"Tenant A (Batch Ingest)","PutLarge",1,0,120.358,0.000,120.282
"Tenant A (Batch Ingest)","PutLarge",1,0,114.813,0.000,114.735
"Tenant A (Batch Ingest)","PutLarge",1,0,118.002,0.000,117.992
"Tenant A (Batch Ingest)","PutLarge",1,0,120.285,0.000,120.233
"Tenant A (Batch Ingest)","PutLarge",1,0,115.072,0.000,115.064
"Tenant A (Batch Ingest)","PutLarge",1,0,119.794,0.000,119.789
"Tenant A (Batch Ingest)","PutLarge",1,0,111.740,0.000,111.729
"Tenant A (Batch Ingest)","PutLarge",1,0,111.965,0.000,111.956
"Tenant A (Batch Ingest)","PutLarge",1,0,124.024,0.000,124.014
"Tenant A (Batch Ingest)","PutLarge",1,0,120.880,0.000,120.874
"Tenant A (Batch Ingest)","PutLarge",1,0,121.194,0.000,121.188
"Tenant A (Batch Ingest)","PutLarge",1,0,118.785,0.000,118.773
"Tenant A (Batch Ingest)","PutLarge",1,0,105.255,0.000,105.248
"Tenant A (Batch Ingest)","PutLarge",1,0,117.662,0.000,117.652
"Tenant A (Batch Ingest)","PutLarge",1,0,106.608,0.000,106.596
"Tenant A (Batch Ingest)","PutLarge",1,0,105.652,0.000,105.642
"Tenant A (Batch Ingest)","PutLarge",1,0,114.587,0.001,114.574
"Tenant A (Batch Ingest)","PutLarge",1,0,118.455,0.000,118.388
"Tenant A (Batch Ingest)","PutLarge",1,0,122.183,0.000,122.109
"Tenant A (Batch Ingest)","PutLarge",1,0,120.290,0.000,120.219
"Tenant A (Batch Ingest)","PutLarge",1,0,109.853,0.000,109.783
"Tenant A (Batch Ingest)","PutLarge",1,0,102.472,0.001,102.396
"Tenant A (Batch Ingest)","PutLarge",1,0,105.519,0.001,105.393
"Tenant A (Batch Ingest)","PutLarge",1,0,113.852,0.001,113.778
"Tenant A (Batch Ingest)","PutLarge",1,0,112.389,0.001,112.319
"Tenant A (Batch Ingest)","PutLarge",1,0,108.116,0.001,108.044
"Tenant A (Batch Ingest)","PutLarge",1,0,124.064,0.002,124.055
"Tenant A (Batch Ingest)","PutLarge",1,0,108.329,0.001,108.320
"Tenant A (Batch Ingest)","PutSmall",1,0,29.800,0.003,29.791
"Tenant A (Batch Ingest)","PutLarge",1,0,104.029,0.001,104.022
"Tenant A (Batch Ingest)","PutLarge",1,0,122.471,0.001,122.465
"Tenant A (Batch Ingest)","PutSmall",1,0,26.500,0.001,26.490
"Tenant A (Batch Ingest)","PutLarge",1,0,114.135,0.001,114.130
"Tenant A (Batch Ingest)","PutLarge",1,0,116.186,0.001,116.178
"Tenant A (Batch Ingest)","PutLarge",1,0,108.037,0.001,108.021
"Tenant A (Batch Ingest)","PutLarge",1,0,120.964,0.001,120.958
"Tenant A (Batch Ingest)","PutLarge",1,0,110.645,0.001,110.636
"Tenant A (Batch Ingest)","PutLarge",1,0,108.543,0.001,108.533
"Tenant A (Batch Ingest)","PutLarge",1,0,121.802,0.001,121.793
"Tenant A (Batch Ingest)","PutLarge",1,0,108.460,0.001,108.447
"Tenant A (Batch Ingest)","PutLarge",1,0,111.222,0.001,111.210
"Tenant A (Batch Ingest)","PutLarge",1,0,107.169,0.001,107.160
"Tenant A (Batch Ingest)","PutLarge",1,0,106.420,0.001,106.416
"Tenant A (Batch Ingest)","PutLarge",1,0,114.866,0.001,114.806
"Tenant A (Batch Ingest)","PutSmall",1,0,24.692,0.001,24.645
"Tenant A (Batch Ingest)","PutLarge",1,0,107.465,0.001,107.453
"Tenant A (Batch Ingest)","PutLarge",1,0,115.981,0.001,115.974
"Tenant A (Batch Ingest)","PutLarge",1,0,107.036,0.001,107.032
"Tenant A (Batch Ingest)","PutLarge",1,0,112.863,0.001,112.858
"Tenant A (Batch Ingest)","PutLarge",1,0,117.729,0.001,117.722
"Tenant A (Batch Ingest)","PutLarge",1,0,122.656,0.001,122.651
"Tenant A (Batch Ingest)","PutLarge",1,0,119.110,0.000,119.105
"Tenant A (Batch Ingest)","PutSmall",1,0,29.498,0.001,29.493
"Tenant A (Batch Ingest)","PutSmall",1,0,25.126,0.001,25.122
"Tenant A (Batch Ingest)","PutLarge",1,0,122.557,0.001,122.551
"Tenant A (Batch Ingest)","PutLarge",1,0,116.776,0.001,116.771
"Tenant A (Batch Ingest)","PutSmall",1,0,25.312,0.001,25.308
"Tenant A (Batch Ingest)","PutSmall",1,0,28.689,0.001,28.683
"Tenant A (Batch Ingest)","PutSmall",1,0,28.333,0.001,28.327
"Tenant A (Batch Ingest)","PutLarge",1,0,121.800,0.001,121.794
"Tenant A (Batch Ingest)","PutSmall",1,0,23.393,0.001,23.383
"Tenant A (Batch Ingest)","PutLarge",1,0,108.338,0.001,108.326
"Tenant A (Batch Ingest)","PutSmall",1,0,26.163,0.001,26.153
"Tenant A (Batch Ingest)","PutSmall",1,0,25.409,0.000,25.399
"Tenant A (Batch Ingest)","PutSmall",1,0,29.325,0.001,29.316
"Tenant A (Batch Ingest)","PutLarge",1,0,107.672,0.001,107.664
"Tenant A (Batch Ingest)","PutLarge",1,0,122.961,0.001,122.954
"Tenant A (Batch Ingest)","PutSmall",1,0,25.039,0.001,25.035
"Tenant A (Batch Ingest)","PutLarge",1,0,100.648,0.001,100.640
"Tenant A (Batch Ingest)","PutLarge",1,0,112.089,0.001,112.084
"Tenant A (Batch Ingest)","PutSmall",1,0,25.343,0.000,25.339
"Tenant A (Batch Ingest)","PutLarge",1,0,102.592,0.001,102.586
"Tenant A (Batch Ingest)","PutLarge",1,0,119.652,0.001,119.646
"Tenant A (Batch Ingest)","PutSmall",1,0,28.130,0.001,28.127
"Tenant A (Batch Ingest)","PutSmall",1,0,29.782,0.001,29.778
"Tenant A (Batch Ingest)","PutLarge",1,0,102.651,0.001,102.646
"Tenant A (Batch Ingest)","PutSmall",1,0,29.180,0.001,29.177
"Tenant A (Batch Ingest)","PutSmall",1,0,26.490,0.001,26.486
"Tenant A (Batch Ingest)","PutSmall",1,0,27.625,0.000,27.617
"Tenant A (Batch Ingest)","PutLarge",1,0,112.023,0.001,112.013
"Tenant A (Batch Ingest)","PutSmall",1,0,21.330,0.000,21.326
"Tenant A (Batch Ingest)","PutSmall",1,0,25.447,0.000,25.436
"Tenant A (Batch Ingest)","PutLarge",1,0,105.187,0.001,105.183
"Tenant A (Batch Ingest)","PutLarge",1,0,108.289,0.001,108.284
"Tenant A (Batch Ingest)","PutLarge",1,0,100.492,0.000,100.449
"Tenant A (Batch Ingest)","PutSmall",1,0,28.392,0.001,28.388
"Tenant A (Batch Ingest)","PutLarge",1,0,116.532,0.000,116.525
"Tenant A (Batch Ingest)","PutLarge",1,0,104.402,0.000,104.371
"Tenant A (Batch Ingest)","PutLarge",1,0,111.611,0.001,111.599
"Tenant A (Batch Ingest)","PutSmall",1,0,30.986,0.000,30.955
"Tenant A (Batch Ingest)","PutSmall",1,0,26.230,0.000,26.227
"Tenant A (Batch Ingest)","PutSmall",1,0,24.332,0.000,24.329
"Tenant A (Batch Ingest)","PutSmall",1,0,24.107,0.001,24.103
"Tenant A (Batch Ingest)","PutLarge",1,0,112.766,0.000,112.763
"Tenant A (Batch Ingest)","PutSmall",1,0,25.673,0.000,25.670
"Tenant A (Batch Ingest)","PutSmall",1,0,26.660,0.000,26.652
"Tenant A (Batch Ingest)","PutSmall",1,0,27.160,0.000,27.153
"Tenant A (Batch Ingest)","PutSmall",1,0,23.773,0.001,23.769
"Tenant A (Batch Ingest)","PutLarge",1,0,96.409,0.001,96.405
"Tenant A (Batch Ingest)","PutLarge",1,0,110.651,0.001,110.646
"Tenant A (Batch Ingest)","PutSmall",1,0,25.092,0.001,25.089
"Tenant A (Batch Ingest)","PutLarge",1,0,104.466,0.001,104.457
"Tenant A (Batch Ingest)","PutSmall",1,0,27.691,0.002,27.680
"Tenant A (Batch Ingest)","PutLarge",1,0,108.478,0.001,108.474
"Tenant A (Batch Ingest)","PutLarge",1,0,98.738,0.000,98.735
"Tenant A (Batch Ingest)","PutLarge",1,0,107.752,0.001,107.748
"Tenant A (Batch Ingest)","PutLarge",1,0,98.417,0.000,98.414
"Tenant A (Batch Ingest)","PutLarge",1,0,101.658,0.001,101.655
"Tenant A (Batch Ingest)","PutLarge",1,0,101.625,0.000,101.621
"Tenant A (Batch Ingest)","PutSmall",1,0,24.543,0.000,24.540
"Tenant A (Batch Ingest)","PutLarge",1,0,117.098,0.001,117.094
"Tenant A (Batch Ingest)","PutSmall",1,0,24.176,0.000,24.165
"Tenant A (Batch Ingest)","PutSmall",1,0,25.547,0.000,25.544
"Tenant A (Batch Ingest)","PutLarge",1,0,117.274,0.001,117.271
"Tenant A (Batch Ingest)","PutLarge",1,0,98.550,0.000,98.543
"Tenant A (Batch Ingest)","PutLarge",1,0,109.647,0.000,109.640
"Tenant A (Batch Ingest)","PutLarge",1,0,119.540,0.000,119.536
"Tenant A (Batch Ingest)","PutSmall",1,0,30.235,0.000,30.231
"Tenant A (Batch Ingest)","PutLarge",1,0,116.868,0.000,116.859
"Tenant A (Batch Ingest)","PutSmall",1,0,26.833,0.000,26.827
"Tenant A (Batch Ingest)","PutLarge",1,0,107.246,0.001,107.205
"Tenant A (Batch Ingest)","PutLarge",1,0,108.855,0.000,108.825
"Tenant A (Batch Ingest)","PutLarge",1,0,111.854,0.001,111.851
"Tenant A (Batch Ingest)","PutSmall",1,0,25.348,0.000,25.344
"Tenant A (Batch Ingest)","PutLarge",1,0,109.429,0.001,109.426
"Tenant A (Batch Ingest)","PutLarge",1,0,91.754,0.000,91.751
"Tenant A (Batch Ingest)","PutLarge",1,0,120.871,0.000,120.868
"Tenant A (Batch Ingest)","PutSmall",1,0,30.361,0.000,30.357
"Tenant A (Batch Ingest)","PutSmall",1,0,26.177,0.000,26.176
"Tenant A (Batch Ingest)","PutSmall",1,0,27.769,0.000,27.761
"Tenant A (Batch Ingest)","PutSmall",1,0,28.157,0.000,28.147
"Tenant A (Batch Ingest)","PutLarge",1,0,105.924,0.001,105.904
"Tenant A (Batch Ingest)","PutLarge",1,0,108.316,0.001,108.282
"Tenant A (Batch Ingest)","PutLarge",1,0,93.600,0.001,93.569
"Tenant A (Batch Ingest)","PutLarge",1,0,105.897,0.000,105.865
"Tenant A (Batch Ingest)","PutLarge",1,0,113.420,0.001,113.389
"Tenant A (Batch Ingest)","PutLarge",1,0,110.113,0.000,110.082
"Tenant A (Batch Ingest)","PutLarge",1,0,118.502,0.000,118.474
"Tenant A (Batch Ingest)","PutLarge",1,0,108.178,0.000,108.149
"Tenant A (Batch Ingest)","PutLarge",1,0,121.084,0.000,121.067
"Tenant A (Batch Ingest)","PutLarge",1,0,117.694,0.000,117.664
"Tenant A (Batch Ingest)","PutLarge",1,0,120.094,0.000,120.060
"Tenant A (Batch Ingest)","PutLarge",1,0,121.660,0.000,121.628
"Tenant A (Batch Ingest)","PutLarge",1,0,104.486,0.000,104.454
"Tenant A (Batch Ingest)","PutLarge",1,0,109.803,0.001,109.789
"Tenant A (Batch Ingest)","PutLarge",1,0,123.086,0.000,123.059
"Tenant A (Batch Ingest)","PutLarge",1,0,110.674,0.000,110.644
"Tenant A (Batch Ingest)","PutLarge",1,0,121.851,0.000,121.835
"Tenant A (Batch Ingest)","PutLarge",1,0,120.259,0.000,120.233
"Tenant A (Batch Ingest)","PutLarge",1,0,115.288,0.000,115.256
"Tenant A (Batch Ingest)","PutLarge",1,0,110.374,0.000,110.344
"Tenant A (Batch Ingest)","PutLarge",1,0,113.804,0.000,113.794
"Tenant A (Batch Ingest)","PutLarge",1,0,120.852,0.000,120.850
"Tenant A (Batch Ingest)","PutLarge",1,0,121.400,0.000,121.385
"Tenant A (Batch Ingest)","PutLarge",1,0,107.769,0.000,107.739
"Tenant A (Batch Ingest)","PutLarge",1,0,103.110,0.000,103.079
"Tenant A (Batch Ingest)","PutLarge",1,0,122.768,0.000,122.738
"Tenant A (Batch Ingest)","PutLarge",1,0,106.200,0.000,106.171
"Tenant A (Batch Ingest)","PutLarge",1,0,121.567,0.000,121.538
"Tenant A (Batch Ingest)","PutLarge",1,0,109.965,0.000,109.945
"Tenant A (Batch Ingest)","PutLarge",1,0,109.044,0.000,109.039
"Tenant A (Batch Ingest)","PutLarge",1,0,123.383,0.000,123.377
"Tenant A (Batch Ingest)","PutLarge",1,0,124.052,0.000,124.048
"Tenant A (Batch Ingest)","PutLarge",1,0,117.479,0.000,117.473
"Tenant A (Batch Ingest)","PutLarge",1,0,113.273,0.000,113.269
"Tenant A (Batch Ingest)","PutLarge",1,0,118.500,0.000,118.494
"Tenant A (Batch Ingest)","PutLarge",1,0,105.869,0.000,105.865
"Tenant A (Batch Ingest)","PutLarge",1,0,104.889,0.000,104.885
"Tenant A (Batch Ingest)","PutLarge",1,0,102.267,0.000,102.262
"Tenant A (Batch Ingest)","PutLarge",1,0,119.563,0.000,119.558
"Tenant A (Batch Ingest)","PutLarge",1,0,108.276,0.000,108.270
"Tenant A (Batch Ingest)","PutLarge",1,0,118.149,0.000,118.145
"Tenant A (Batch Ingest)","PutLarge",1,0,116.509,0.000,116.503
"Tenant A (Batch Ingest)","PutLarge",1,0,109.191,0.000,109.187
"Tenant A (Batch Ingest)","PutLarge",1,0,107.797,0.001,107.791
"Tenant A (Batch Ingest)","PutLarge",1,0,112.822,0.000,112.818
"Tenant A (Batch Ingest)","PutLarge",1,0,111.874,0.000,111.869
"Tenant A (Batch Ingest)","PutLarge",1,0,116.347,0.000,116.341
"Tenant A (Batch Ingest)","PutLarge",1,0,108.579,0.000,108.574
"Tenant A (Batch Ingest)","PutLarge",1,0,110.567,0.000,110.562
"Tenant A (Batch Ingest)","PutLarge",1,0,106.716,0.000,106.704
"Tenant A (Batch Ingest)","PutLarge",1,0,121.673,0.000,121.668
"Tenant A (Batch Ingest)","PutLarge",1,0,101.884,0.001,101.879
"Tenant A (Batch Ingest)","PutLarge",1,0,113.360,0.000,113.354
"Tenant A (Batch Ingest)","PutLarge",1,0,113.161,0.000,113.157
"Tenant A (Batch Ingest)","PutLarge",1,0,110.341,0.001,110.336
"Tenant A (Batch Ingest)","PutLarge",1,0,103.576,0.000,103.572
"Tenant A (Batch Ingest)","PutSmall",1,0,25.819,0.001,25.810
"Tenant A (Batch Ingest)","PutLarge",1,0,117.416,0.000,117.406
"Tenant A (Batch Ingest)","PutLarge",1,0,104.168,0.000,104.164
"Tenant A (Batch Ingest)","PutSmall",1,0,30.846,0.001,30.842
"Tenant A (Batch Ingest)","PutLarge",1,0,117.975,0.000,117.969
"Tenant A (Batch Ingest)","PutLarge",1,0,113.688,0.000,113.679
"Tenant A (Batch Ingest)","PutLarge",1,0,111.357,0.000,111.354
"Tenant A (Batch Ingest)","PutLarge",1,0,105.780,0.000,105.774
"Tenant A (Batch Ingest)","PutLarge",1,0,106.257,0.000,106.254
"Tenant A (Batch Ingest)","PutLarge",1,0,103.031,0.000,103.030
"Tenant A (Batch Ingest)","PutSmall",1,0,29.345,0.001,29.342
"Tenant A (Batch Ingest)","PutLarge",1,0,104.164,0.000,104.134
"Tenant A (Batch Ingest)","PutLarge",1,0,115.197,0.000,115.178
"Tenant A (Batch Ingest)","PutLarge",1,0,115.694,0.000,115.692
"Tenant A (Batch Ingest)","PutLarge",1,0,103.600,0.000,103.599
"Tenant A (Batch Ingest)","PutLarge",1,0,110.677,0.000,110.672
"Tenant A (Batch Ingest)","PutSmall",1,0,23.634,0.000,23.631
"Tenant A (Batch Ingest)","PutLarge",1,0,120.297,0.000,120.294
"Tenant A (Batch Ingest)","PutSmall",1,0,23.990,0.001,23.988
"Tenant A (Batch Ingest)","PutSmall",1,0,25.125,0.000,25.123
"Tenant A (Batch Ingest)","PutLarge",1,0,118.624,0.000,118.622
"Tenant A (Batch Ingest)","PutLarge",1,0,102.399,0.000,102.398
"Tenant A (Batch Ingest)","PutSmall",1,0,29.142,0.000,29.140
"Tenant A (Batch Ingest)","PutLarge",1,0,122.756,0.000,122.753
"Tenant A (Batch Ingest)","PutSmall",1,0,26.318,0.001,26.314
"Tenant A (Batch Ingest)","PutSmall",1,0,25.219,0.000,25.217
"Tenant A (Batch Ingest)","PutLarge",1,0,110.266,0.000,110.264
"Tenant A (Batch Ingest)","PutLarge",1,0,117.239,0.001,117.237
"Tenant A (Batch Ingest)","PutLarge",1,0,111.082,0.000,111.078
"Tenant A (Batch Ingest)","PutLarge",1,0,105.908,0.000,105.904
"Tenant A (Batch Ingest)","PutLarge",1,0,118.421,0.000,118.419
"Tenant A (Batch Ingest)","PutLarge",1,0,109.600,0.000,109.597
"Tenant A (Batch Ingest)","PutSmall",1,0,26.447,0.000,26.438
"Tenant A (Batch Ingest)","PutLarge",1,0,122.907,0.000,122.903
"Tenant A (Batch Ingest)","PutLarge",1,0,118.410,0.000,118.407
"Tenant A (Batch Ingest)","PutSmall",1,0,24.427,0.000,24.424
"Tenant A (Batch Ingest)","PutSmall",1,0,23.003,0.000,23.001
"Tenant A (Batch Ingest)","PutSmall",1,0,23.338,0.000,23.335
"Tenant A (Batch Ingest)","PutLarge",1,0,118.277,0.000,118.275
"Tenant A (Batch Ingest)","PutLarge",1,0,102.138,0.000,102.135
"Tenant A (Batch Ingest)","PutLarge",1,0,122.111,0.000,122.109
"Tenant A (Batch Ingest)","PutLarge",1,0,102.197,0.000,102.195
"Tenant A (Batch Ingest)","PutSmall",1,0,25.874,0.000,25.863
"Tenant A (Batch Ingest)","PutLarge",1,0,106.475,0.000,106.473
"Tenant A (Batch Ingest)","PutLarge",1,0,122.080,0.000,122.078
"Tenant A (Batch Ingest)","PutSmall",1,0,28.122,0.000,28.120
"Tenant A (Batch Ingest)","PutSmall",1,0,27.947,0.000,27.944
"Tenant A (Batch Ingest)","PutSmall",1,0,26.502,0.000,26.499
"Tenant A (Batch Ingest)","PutLarge",1,0,119.918,0.000,119.916
"Tenant A (Batch Ingest)","PutLarge",1,0,108.899,0.000,108.897
"Tenant A (Batch Ingest)","PutSmall",1,0,23.376,0.000,23.373
"Tenant A (Batch Ingest)","PutSmall",1,0,29.537,0.000,29.528
"Tenant A (Batch Ingest)","PutSmall",1,0,25.134,0.000,25.132
"Tenant A (Batch Ingest)","PutSmall",1,0,25.418,0.000,25.416
"Tenant A (Batch Ingest)","PutSmall",1,0,25.662,0.000,25.661
"Tenant A (Batch Ingest)","PutSmall",1,0,26.859,0.000,26.857
"Tenant A (Batch Ingest)","PutSmall",1,0,26.042,0.000,26.040
"Tenant A (Batch Ingest)","PutSmall",1,0,22.547,0.000,22.544
"Tenant A (Batch Ingest)","PutSmall",1,0,28.041,0.000,28.038
"Tenant A (Batch Ingest)","PutLarge",1,0,111.698,0.000,111.689
"Tenant A (Batch Ingest)","PutSmall",1,0,25.321,0.000,25.314
"Tenant A (Batch Ingest)","PutLarge",1,0,111.589,0.001,111.586
"Tenant A (Batch Ingest)","PutLarge",1,0,107.743,0.000,107.741
"Tenant A (Batch Ingest)","PutSmall",1,0,28.174,0.000,28.172
"Tenant A (Batch Ingest)","PutSmall",1,0,24.108,0.000,24.106
"Tenant A (Batch Ingest)","PutSmall",1,0,29.756,0.000,29.755
"Tenant A (Batch Ingest)","PutLarge",1,0,114.476,0.001,114.472
"Tenant A (Batch Ingest)","PutSmall",1,0,27.482,0.000,27.480
"Tenant A (Batch Ingest)","PutLarge",1,0,103.989,0.000,103.987
"Tenant A (Batch Ingest)","PutLarge",1,0,127.872,0.000,127.870
"Tenant A (Batch Ingest)","PutSmall",1,0,26.727,0.000,26.725
"Tenant A (Batch Ingest)","PutLarge",1,0,100.926,0.000,100.924
"Tenant A (Batch Ingest)","PutSmall",1,0,27.552,0.000,27.548
"Tenant A (Batch Ingest)","PutSmall",1,0,27.957,0.000,27.955
"Tenant A (Batch Ingest)","PutLarge",1,0,95.153,0.000,95.150
"Tenant A (Batch Ingest)","PutSmall",1,0,27.017,0.000,27.014
"Tenant A (Batch Ingest)","PutLarge",1,0,115.183,0.000,115.180
"Tenant A (Batch Ingest)","PutLarge",1,0,109.586,0.000,109.584
"Tenant A (Batch Ingest)","PutLarge",1,0,111.491,0.000,111.483
"Tenant A (Batch Ingest)","PutLarge",1,0,92.979,0.000,92.973
"Tenant A (Batch Ingest)","PutSmall",1,0,22.716,0.000,22.713
"Tenant A (Batch Ingest)","PutSmall",1,0,24.504,0.000,24.502
"Tenant A (Batch Ingest)","PutSmall",1,0,28.730,0.000,28.729
"Tenant A (Batch Ingest)","PutSmall",1,0,26.559,0.000,26.553
"Tenant A (Batch Ingest)","PutLarge",1,0,117.362,0.000,117.355
"Tenant A (Batch Ingest)","PutSmall",1,0,22.858,0.000,22.855
"Tenant A (Batch Ingest)","PutLarge",1,0,110.977,0.000,110.974
"Tenant A (Batch Ingest)","PutLarge",1,0,106.741,0.000,106.739
"Tenant A (Batch Ingest)","PutLarge",1,0,109.875,0.000,109.867
"Tenant A (Batch Ingest)","PutLarge",1,0,95.317,0.000,95.314
"Tenant A (Batch Ingest)","PutSmall",1,0,26.397,0.000,26.396
"Tenant A (Batch Ingest)","PutLarge",1,0,91.587,0.000,91.545
"Tenant A (Batch Ingest)","PutLarge",1,0,97.631,0.000,97.623
"Tenant A (Batch Ingest)","PutSmall",1,0,28.689,0.000,28.685
"Tenant A (Batch Ingest)","PutSmall",1,0,26.937,0.000,26.935
"Tenant A (Batch Ingest)","PutLarge",1,0,94.785,0.000,94.782
"Tenant A (Batch Ingest)","PutLarge",1,0,110.945,0.000,110.942
"Tenant A (Batch Ingest)","PutSmall",1,0,29.427,0.000,29.408
"Tenant A (Batch Ingest)","PutLarge",1,0,91.355,0.000,91.353
"Tenant A (Batch Ingest)","PutSmall",1,0,26.422,0.000,26.421
"Tenant A (Batch Ingest)","PutLarge",1,0,94.983,0.000,94.980
"Tenant A (Batch Ingest)","PutLarge",1,0,95.720,0.000,95.718
"Tenant A (Batch Ingest)","PutLarge",1,0,117.640,0.000,117.638
"Tenant A (Batch Ingest)","PutLarge",1,0,116.863,0.000,116.860
"Tenant A (Batch Ingest)","PutLarge",1,0,112.491,0.000,112.488
"Tenant A (Batch Ingest)","PutSmall",1,0,26.571,0.000,26.562
"Tenant A (Batch Ingest)","PutSmall",1,0,27.237,0.000,27.233
"Tenant A (Batch Ingest)","PutLarge",1,0,105.800,0.000,105.796
"Tenant A (Batch Ingest)","PutLarge",1,0,105.870,0.000,105.867
"Tenant A (Batch Ingest)","PutSmall",1,0,26.803,0.000,26.801
"Tenant A (Batch Ingest)","PutLarge",1,0,101.782,0.000,101.779
"Tenant A (Batch Ingest)","PutLarge",1,0,123.321,0.000,123.319
"Tenant A (Batch Ingest)","PutLarge",1,0,106.849,0.000,106.847
"Tenant A (Batch Ingest)","PutSmall",1,0,25.521,0.000,25.519
"Tenant A (Batch Ingest)","PutSmall",1,0,28.422,0.001,28.420
"Tenant A (Batch Ingest)","PutLarge",1,0,97.639,0.000,97.637
"Tenant A (Batch Ingest)","PutSmall",1,0,26.862,0.000,26.860
"Tenant A (Batch Ingest)","PutSmall",1,0,28.981,0.000,28.977
"Tenant A (Batch Ingest)","PutSmall",1,0,25.382,0.000,25.379
"Tenant A (Batch Ingest)","PutLarge",1,0,94.618,0.000,94.617
"Tenant A (Batch Ingest)","PutLarge",1,0,108.312,0.000,108.310
"Tenant A (Batch Ingest)","PutLarge",1,0,105.054,0.000,105.047
"Tenant A (Batch Ingest)","PutSmall",1,0,30.451,0.000,30.449
"Tenant A (Batch Ingest)","PutLarge",1,0,107.106,0.000,107.102
"Tenant A (Batch Ingest)","PutSmall",1,0,27.662,0.000,27.657
"Tenant A (Batch Ingest)","PutSmall",1,0,27.170,0.000,27.169
"Tenant A (Batch Ingest)","PutSmall",1,0,24.140,0.000,24.135
"Tenant A (Batch Ingest)","PutSmall",1,0,29.606,0.000,29.603
"Tenant A (Batch Ingest)","PutLarge",1,0,93.304,0.000,93.299
"Tenant A (Batch Ingest)","PutLarge",1,0,117.837,0.000,117.833
"Tenant A (Batch Ingest)","PutLarge",1,0,97.198,0.000,97.195
"Tenant A (Batch Ingest)","PutLarge",1,0,110.538,0.000,110.536
"Tenant A (Batch Ingest)","PutLarge",1,0,106.293,0.000,106.290
"Tenant A (Batch Ingest)","PutSmall",1,0,25.157,0.000,25.155
"Tenant A (Batch Ingest)","PutSmall",1,0,27.759,0.000,27.757
"Tenant A (Batch Ingest)","PutLarge",1,0,103.645,0.000,103.642
"Tenant A (Batch Ingest)","PutSmall",1,0,25.938,0.000,25.929
"Tenant A (Batch Ingest)","PutSmall",1,0,25.529,0.000,25.527
"Tenant A (Batch Ingest)","PutLarge",1,0,104.477,0.000,104.475
"Tenant A (Batch Ingest)","PutLarge",1,0,108.259,0.000,108.251
"Tenant A (Batch Ingest)","PutLarge",1,0,103.614,0.001,103.608
"Tenant A (Batch Ingest)","PutSmall",1,0,23.011,0.000,23.008
"Tenant A (Batch Ingest)","PutSmall",1,0,23.259,0.000,23.256
"Tenant A (Batch Ingest)","PutSmall",1,0,26.974,0.000,26.969
"Tenant A (Batch Ingest)","PutLarge",1,0,95.921,0.000,95.918
"Tenant A (Batch Ingest)","PutSmall",1,0,28.194,0.000,28.191
"Tenant A (Batch Ingest)","PutLarge",1,0,114.005,0.000,114.002
"Tenant A (Batch Ingest)","PutLarge",1,0,103.077,0.000,103.075
"Tenant A (Batch Ingest)","PutLarge",1,0,114.686,0.000,114.682
"Tenant A (Batch Ingest)","PutSmall",1,0,26.684,0.000,26.682
"Tenant A (Batch Ingest)","PutSmall",1,0,24.048,0.000,24.043
"Tenant A (Batch Ingest)","PutLarge",1,0,121.896,0.001,121.892
"Tenant A (Batch Ingest)","PutSmall",1,0,26.834,0.000,26.829
"Tenant A (Batch Ingest)","PutSmall",1,0,25.771,0.000,25.769
"Tenant A (Batch Ingest)","PutLarge",1,0,107.389,0.000,107.382
"Tenant A (Batch Ingest)","PutLarge",1,0,104.637,0.000,104.635
"Tenant A (Batch Ingest)","PutLarge",1,0,95.179,0.000,95.176
"Tenant A (Batch Ingest)","PutLarge",1,0,106.156,0.000,106.154
"Tenant A (Batch Ingest)","PutSmall",1,0,24.178,0.000,24.175
"Tenant A (Batch Ingest)","PutSmall",1,0,24.786,0.000,24.777
"Tenant A (Batch Ingest)","PutLarge",1,0,103.217,0.000,103.210
"Tenant A (Batch Ingest)","PutSmall",1,0,30.734,0.000,30.725
"Tenant A (Batch Ingest)","PutSmall",1,0,26.739,0.000,26.736
"Tenant A (Batch Ingest)","PutLarge",1,0,111.410,0.000,111.407
"Tenant A (Batch Ingest)","PutSmall",1,0,27.238,0.000,27.237
"Tenant A (Batch Ingest)","PutLarge",1,0,114.265,0.000,114.263
"Tenant A (Batch Ingest)","PutSmall",1,0,25.599,0.000,25.596
"Tenant A (Batch Ingest)","PutLarge",1,0,105.441,0.000,105.439
"Tenant A (Batch Ingest)","PutLarge",1,0,105.128,0.000,105.124
"Tenant A (Batch Ingest)","PutSmall",1,0,26.403,0.000,26.400
"Tenant A (Batch Ingest)","PutSmall",1,0,24.873,0.000,24.863
"Tenant A (Batch Ingest)","PutSmall",1,0,26.800,0.000,26.798
"Tenant A (Batch Ingest)","PutLarge",1,0,117.092,0.000,117.089
"Tenant A (Batch Ingest)","PutLarge",1,0,103.288,0.001,103.282
"Tenant A (Batch Ingest)","PutSmall",1,0,26.959,0.000,26.948
"Tenant A (Batch Ingest)","PutLarge",1,0,107.390,0.000,107.385
"Tenant A (Batch Ingest)","PutLarge",1,0,102.978,0.000,102.975
"Tenant A (Batch Ingest)","PutLarge",1,0,101.424,0.000,101.422
"Tenant A (Batch Ingest)","PutSmall",1,0,30.730,0.000,30.729
"Tenant A (Batch Ingest)","PutLarge",1,0,110.012,0.000,110.010
"Tenant A (Batch Ingest)","PutSmall",1,0,28.510,0.000,28.507
"Tenant A (Batch Ingest)","PutSmall",1,0,28.025,0.000,28.022
"Tenant A (Batch Ingest)","PutLarge",1,0,101.971,0.000,101.967
"Tenant A (Batch Ingest)","PutLarge",1,0,103.299,0.000,103.297
"Tenant A (Batch Ingest)","PutSmall",1,0,30.277,0.000,30.275
"Tenant A (Batch Ingest)","PutLarge",1,0,107.444,0.000,107.442
"Tenant A (Batch Ingest)","PutSmall",1,0,25.790,0.000,25.780
"Tenant A (Batch Ingest)","PutSmall",1,0,25.762,0.000,25.754
"Tenant A (Batch Ingest)","PutLarge",1,0,105.546,0.000,105.539
"Tenant A (Batch Ingest)","PutSmall",1,0,29.154,0.000,29.149
"Tenant A (Batch Ingest)","PutSmall",1,0,25.378,0.000,25.375
"Tenant A (Batch Ingest)","PutSmall",1,0,27.692,0.000,27.689
"Tenant A (Batch Ingest)","PutLarge",1,0,97.538,0.000,97.536
"Tenant A (Batch Ingest)","PutLarge",1,0,102.291,0.000,102.289
"Tenant A (Batch Ingest)","PutLarge",1,0,112.065,0.000,112.063
"Tenant A (Batch Ingest)","PutSmall",1,0,29.331,0.000,29.327
"Tenant A (Batch Ingest)","PutSmall",1,0,24.316,0.000,24.313
"Tenant A (Batch Ingest)","PutLarge",1,0,105.973,0.000,105.971
"Tenant A (Batch Ingest)","PutLarge",1,0,87.834,0.000,87.832
"Tenant A (Batch Ingest)","PutLarge",1,0,116.591,0.000,116.587
"Tenant A (Batch Ingest)","PutLarge",1,0,101.209,0.000,101.206
"Tenant A (Batch Ingest)","PutLarge",1,0,96.711,0.000,96.709
"Tenant A (Batch Ingest)","PutLarge",1,0,91.758,0.000,91.750
"Tenant A (Batch Ingest)","PutLarge",1,0,108.925,0.000,108.923
"Tenant A (Batch Ingest)","PutLarge",1,0,111.855,0.000,111.852
"Tenant A (Batch Ingest)","PutLarge",1,0,97.398,0.000,97.387
"Tenant A (Batch Ingest)","PutSmall",1,0,26.040,0.000,26.037
"Tenant A (Batch Ingest)","PutLarge",1,0,110.774,0.000,110.772
"Tenant A (Batch Ingest)","PutSmall",1,0,26.251,0.000,26.248
"Tenant A (Batch Ingest)","PutSmall",1,0,25.939,0.000,25.931
"Tenant A (Batch Ingest)","PutSmall",1,0,30.119,0.000,30.116
"Tenant A (Batch Ingest)","PutLarge",1,0,97.690,0.000,97.686
"Tenant A (Batch Ingest)","PutSmall",1,0,25.394,0.000,25.391
"Tenant A (Batch Ingest)","PutLarge",1,0,100.759,0.000,100.755
"Tenant A (Batch Ingest)","PutSmall",1,0,25.281,0.000,25.277
"Tenant A (Batch Ingest)","PutLarge",1,0,115.982,0.000,115.980
"Tenant A (Batch Ingest)","PutSmall",1,0,26.619,0.000,26.615
"Tenant A (Batch Ingest)","PutSmall",1,0,30.500,0.000,30.492
"Tenant A (Batch Ingest)","PutSmall",1,0,29.157,0.000,29.156
"Tenant A (Batch Ingest)","PutLarge",1,0,114.968,0.000,114.966
"Tenant A (Batch Ingest)","PutLarge",1,0,110.780,0.000,110.762
"Tenant A (Batch Ingest)","PutSmall",1,0,29.090,0.000,29.086
"Tenant A (Batch Ingest)","PutLarge",1,0,105.641,0.000,105.639
"Tenant A (Batch Ingest)","PutSmall",1,0,26.157,0.000,26.156
"Tenant A (Batch Ingest)","PutLarge",1,0,101.065,0.000,101.063
"Tenant A (Batch Ingest)","PutSmall",1,0,29.597,0.000,29.595
"Tenant A (Batch Ingest)","PutLarge",1,0,110.881,0.000,110.880
"Tenant A (Batch Ingest)","PutLarge",1,0,103.547,0.000,103.545
"Tenant A (Batch Ingest)","PutSmall",1,0,24.778,0.000,24.776
"Tenant A (Batch Ingest)","PutLarge",1,0,101.844,0.000,101.842
"Tenant A (Batch Ingest)","PutLarge",1,0,108.775,0.000,108.774
"Tenant A (Batch Ingest)","PutLarge",1,0,92.820,0.000,92.817
"Tenant A (Batch Ingest)","PutLarge",1,0,104.555,0.000,104.554
"Tenant A (Batch Ingest)","PutLarge",1,0,114.887,0.001,114.882
"Tenant A (Batch Ingest)","PutLarge",1,0,117.314,0.000,117.312
"Tenant A (Batch Ingest)","PutSmall",1,0,26.050,0.000,26.047
"Tenant A (Batch Ingest)","PutSmall",1,0,26.990,0.000,26.989
"Tenant A (Batch Ingest)","PutLarge",1,0,102.462,0.000,102.457
"Tenant A (Batch Ingest)","PutLarge",1,0,119.554,0.000,119.550
"Tenant A (Batch Ingest)","PutSmall",1,0,29.192,0.000,29.191
"Tenant A (Batch Ingest)","PutSmall",1,0,23.798,0.000,23.795
"Tenant A (Batch Ingest)","PutSmall",1,0,24.100,0.000,24.098
"Tenant A (Batch Ingest)","PutSmall",1,0,24.319,0.000,24.317
"Tenant A (Batch Ingest)","PutSmall",1,0,26.663,0.000,26.660
"Tenant A (Batch Ingest)","PutLarge",1,0,106.031,0.000,106.030
"Tenant A (Batch Ingest)","PutSmall",1,0,24.579,0.000,24.577
"Tenant A (Batch Ingest)","PutSmall",1,0,29.409,0.000,29.406
"Tenant A (Batch Ingest)","PutLarge",1,0,98.783,0.000,98.781
"Tenant A (Batch Ingest)","PutLarge",1,0,99.143,0.000,99.141
"Tenant A (Batch Ingest)","PutLarge",1,0,98.400,0.000,98.397
"Tenant A (Batch Ingest)","PutLarge",1,0,110.530,0.000,110.528
"Tenant A (Batch Ingest)","PutSmall",1,0,24.703,0.000,24.699
"Tenant A (Batch Ingest)","PutLarge",1,0,109.550,0.000,109.548
"Tenant A (Batch Ingest)","PutSmall",1,0,27.716,0.000,27.711
"Tenant A (Batch Ingest)","PutLarge",1,0,108.782,0.000,108.781
"Tenant A (Batch Ingest)","PutSmall",1,0,24.745,0.000,24.743
"Tenant A (Batch Ingest)","PutLarge",1,0,108.756,0.000,108.754
"Tenant A (Batch Ingest)","PutLarge",1,0,112.610,0.000,112.605
"Tenant A (Batch Ingest)","PutSmall",1,0,30.317,0.000,30.315
"Tenant A (Batch Ingest)","PutSmall",1,0,30.787,0.000,30.785
"Tenant A (Batch Ingest)","PutLarge",1,0,115.034,0.000,115.030
"Tenant A (Batch Ingest)","PutSmall",1,0,26.347,0.000,26.342
"Tenant A (Batch Ingest)","PutLarge",1,0,108.854,0.000,108.852
"Tenant A (Batch Ingest)","PutLarge",1,0,116.290,0.000,116.287
"Tenant A (Batch Ingest)","PutSmall",1,0,26.481,0.000,26.477
"Tenant A (Batch Ingest)","PutSmall",1,0,24.878,0.000,24.876
"Tenant A (Batch Ingest)","PutSmall",1,0,27.113,0.001,27.109
"Tenant A (Batch Ingest)","PutLarge",1,0,118.561,0.000,118.534
"Tenant A (Batch Ingest)","PutLarge",1,0,97.520,0.000,97.499
"Tenant A (Batch Ingest)","PutSmall",1,0,25.485,0.000,25.469
"Tenant A (Batch Ingest)","PutSmall",1,0,24.287,0.000,24.280
"Tenant A (Batch Ingest)","PutLarge",1,0,118.569,0.000,118.565
"Tenant A (Batch Ingest)","PutLarge",1,0,120.680,0.000,120.677
"Tenant A (Batch Ingest)","PutSmall",1,0,26.004,0.000,26.002
"Tenant A (Batch Ingest)","PutSmall",1,0,23.606,0.000,23.603
"Tenant A (Batch Ingest)","PutSmall",1,0,23.459,0.000,23.456
"Tenant A (Batch Ingest)","PutSmall",1,0,26.764,0.000,26.759
"Tenant A (Batch Ingest)","PutLarge",1,0,95.803,0.000,95.800
"Tenant A (Batch Ingest)","PutLarge",1,0,118.675,0.000,118.665
"Tenant A (Batch Ingest)","PutSmall",1,0,24.685,0.000,24.682
"Tenant A (Batch Ingest)","PutSmall",1,0,27.887,0.000,27.883
"Tenant A (Batch Ingest)","PutLarge",1,0,117.518,0.000,117.513
"Tenant A (Batch Ingest)","PutLarge",1,0,107.501,0.000,107.491
"Tenant A (Batch Ingest)","PutSmall",1,0,26.101,0.001,26.090
"Tenant A (Batch Ingest)","PutSmall",1,0,26.951,0.000,26.927
"Tenant A (Batch Ingest)","PutLarge",1,0,105.480,0.000,105.478
"Tenant A (Batch Ingest)","PutSmall",1,0,24.468,0.000,24.464
"Tenant A (Batch Ingest)","PutLarge",1,0,108.651,0.000,108.648
"Tenant A (Batch Ingest)","PutLarge",1,0,106.398,0.000,106.385
"Tenant A (Batch Ingest)","PutSmall",1,0,25.672,0.000,25.670
"Tenant A (Batch Ingest)","PutSmall",1,0,25.032,0.000,25.030
"Tenant A (Batch Ingest)","PutSmall",1,0,26.981,0.000,26.978
"Tenant A (Batch Ingest)","PutLarge",1,0,106.612,0.000,106.608
"Tenant A (Batch Ingest)","PutSmall",1,0,26.333,0.001,26.328
"Tenant A (Batch Ingest)","PutSmall",1,0,24.999,0.000,24.990
"Tenant A (Batch Ingest)","PutLarge",1,0,104.291,0.000,104.278
"Tenant A (Batch Ingest)","PutLarge",1,0,111.438,0.000,111.436
"Tenant A (Batch Ingest)","PutSmall",1,0,26.922,0.001,26.918
"Tenant A (Batch Ingest)","PutLarge",1,0,101.413,0.000,101.408
"Tenant A (Batch Ingest)","PutSmall",1,0,28.974,0.000,28.970
"Tenant A (Batch Ingest)","PutSmall",1,0,25.368,0.000,25.363
"Tenant A (Batch Ingest)","PutSmall",1,0,23.442,0.000,23.437
"Tenant A (Batch Ingest)","PutLarge",1,0,109.453,0.000,109.443
"Tenant A (Batch Ingest)","PutLarge",1,0,101.819,0.000,101.815
"Tenant A (Batch Ingest)","PutSmall",1,0,24.723,0.000,24.721
"Tenant A (Batch Ingest)","PutLarge",1,0,111.628,0.000,111.626
"Tenant A (Batch Ingest)","PutLarge",1,0,123.676,0.000,123.664
"Tenant A (Batch Ingest)","PutLarge",1,0,110.484,0.000,110.482
"Tenant A (Batch Ingest)","PutLarge",1,0,108.557,0.000,108.555
"Tenant A (Batch Ingest)","PutSmall",1,0,29.709,0.000,29.705
"Tenant A (Batch Ingest)","PutLarge",1,0,101.340,0.000,101.329
"Tenant A (Batch Ingest)","PutSmall",1,0,30.041,0.000,30.037
"Tenant A (Batch Ingest)","PutSmall",1,0,29.260,0.000,29.258
"Tenant A (Batch Ingest)","PutSmall",1,0,29.107,0.000,29.104
"Tenant A (Batch Ingest)","PutSmall",1,0,29.737,0.000,29.734
"Tenant A (Batch Ingest)","PutSmall",1,0,30.441,0.000,30.439
"Tenant A (Batch Ingest)","PutLarge",1,0,105.196,0.000,105.188
"Tenant A (Batch Ingest)","PutSmall",1,0,24.861,0.000,24.854
"Tenant A (Batch Ingest)","PutSmall",1,0,28.793,0.000,28.780
"Tenant A (Batch Ingest)","PutSmall",1,0,25.692,0.000,25.680
"Tenant A (Batch Ingest)","PutLarge",1,0,98.060,0.001,98.055
"Tenant A (Batch Ingest)","PutLarge",1,0,99.080,0.000,99.076
"Tenant A (Batch Ingest)","PutLarge",1,0,109.029,0.000,109.023
"Tenant A (Batch Ingest)","PutLarge",1,0,96.827,0.000,96.824
"Tenant A (Batch Ingest)","PutLarge",1,0,106.763,0.000,106.756
"Tenant A (Batch Ingest)","PutLarge",1,0,117.982,0.000,117.964
"Tenant A (Batch Ingest)","PutLarge",1,0,109.463,0.002,109.433
"Tenant A (Batch Ingest)","PutLarge",1,0,107.697,0.000,107.691
"Tenant A (Batch Ingest)","PutSmall",1,0,25.393,0.000,25.384
"Tenant A (Batch Ingest)","PutSmall",1,0,28.423,0.000,28.407
"Tenant A (Batch Ingest)","PutLarge",1,0,117.288,0.000,117.272
"Tenant A (Batch Ingest)","PutSmall",1,0,25.024,0.000,25.008
"Tenant A (Batch Ingest)","PutSmall",1,0,23.849,0.000,23.845
"Tenant A (Batch Ingest)","PutSmall",1,0,23.810,0.001,23.803
"Tenant A (Batch Ingest)","PutLarge",1,0,103.669,0.000,103.651
"Tenant A (Batch Ingest)","PutSmall",1,0,28.574,0.001,28.560
"Tenant A (Batch Ingest)","PutLarge",1,0,116.012,0.000,116.007
"Tenant A (Batch Ingest)","PutSmall",1,0,29.451,0.001,29.438
"Tenant A (Batch Ingest)","PutLarge",1,0,98.128,0.000,98.113
"Tenant A (Batch Ingest)","PutLarge",1,0,100.226,0.000,100.217
"Tenant A (Batch Ingest)","PutLarge",1,0,99.364,0.000,99.352
"Tenant A (Batch Ingest)","PutSmall",1,0,25.860,0.001,25.855
"Tenant A (Batch Ingest)","PutSmall",1,0,31.075,0.001,31.069
"Tenant A (Batch Ingest)","PutLarge",1,0,110.696,0.000,110.688
"Tenant A (Batch Ingest)","PutSmall",1,0,24.225,0.003,24.218
"Tenant A (Batch Ingest)","PutLarge",1,0,110.811,0.001,110.805
"Tenant A (Batch Ingest)","PutLarge",1,0,110.681,0.000,110.677
"Tenant A (Batch Ingest)","PutLarge",1,0,113.350,0.000,113.346
"Tenant A (Batch Ingest)","PutSmall",1,0,29.984,0.001,29.969
"Tenant A (Batch Ingest)","PutLarge",1,0,98.488,0.000,98.472
"Tenant A (Batch Ingest)","PutLarge",1,0,104.460,0.000,104.438
"Tenant A (Batch Ingest)","PutSmall",1,0,25.351,0.001,25.343
"Tenant A (Batch Ingest)","PutLarge",1,0,115.196,0.000,115.192
"Tenant A (Batch Ingest)","PutSmall",1,0,24.716,0.001,24.710
"Tenant A (Batch Ingest)","PutSmall",1,0,27.723,0.001,27.712
"Tenant A (Batch Ingest)","PutLarge",1,0,111.927,0.000,111.915
"Tenant A (Batch Ingest)","PutSmall",1,0,28.340,0.001,28.322
"Tenant A (Batch Ingest)","PutLarge",1,0,115.607,0.000,115.604
"Tenant A (Batch Ingest)","PutLarge",1,0,114.593,0.000,114.585
"Tenant A (Batch Ingest)","PutLarge",1,0,116.452,0.000,116.444
"Tenant A (Batch Ingest)","PutSmall",1,0,29.905,0.001,29.900
"Tenant A (Batch Ingest)","PutLarge",1,0,110.550,0.000,110.544
"Tenant A (Batch Ingest)","PutLarge",1,0,109.733,0.000,109.725
"Tenant A (Batch Ingest)","PutLarge",1,0,110.569,0.000,110.565
"Tenant A (Batch Ingest)","PutLarge",1,0,112.607,0.000,112.600
"Tenant A (Batch Ingest)","PutSmall",1,0,29.404,0.002,29.398
"Tenant A (Batch Ingest)","PutLarge",1,0,96.290,0.000,96.286
"Tenant A (Batch Ingest)","PutLarge",1,0,106.092,0.001,106.085
"Tenant A (Batch Ingest)","PutLarge",1,0,117.307,0.000,117.301
"Tenant A (Batch Ingest)","PutSmall",1,0,27.070,0.001,27.066
"Tenant A (Batch Ingest)","PutSmall",1,0,28.536,0.001,28.531
"Tenant A (Batch Ingest)","PutSmall",1,0,27.184,0.001,27.178
"Tenant A (Batch Ingest)","PutLarge",1,0,110.922,0.000,110.917
"Tenant A (Batch Ingest)","PutLarge",1,0,109.280,0.001,109.273
"Tenant A (Batch Ingest)","PutLarge",1,0,91.000,0.002,90.992
"Tenant A (Batch Ingest)","PutSmall",1,0,30.650,0.001,30.641
"Tenant A (Batch Ingest)","PutSmall",1,0,27.543,0.001,27.534
"Tenant A (Batch Ingest)","PutLarge",1,0,109.067,0.002,109.060
"Tenant A (Batch Ingest)","PutSmall",1,0,30.474,0.001,30.471
"Tenant A (Batch Ingest)","PutLarge",1,0,110.793,0.001,110.787
"Tenant A (Batch Ingest)","PutLarge",1,0,113.171,0.001,113.167
"Tenant A (Batch Ingest)","PutSmall",1,0,28.826,0.001,28.822
"Tenant A (Batch Ingest)","PutLarge",1,0,108.016,0.001,108.008
"Tenant A (Batch Ingest)","PutSmall",1,0,27.158,0.001,27.151
"Tenant A (Batch Ingest)","PutSmall",1,0,25.176,0.001,25.170
"Tenant A (Batch Ingest)","PutSmall",1,0,24.315,0.001,24.303
"Tenant A (Batch Ingest)","PutSmall",1,0,26.946,0.001,26.943
"Tenant A (Batch Ingest)","PutLarge",1,0,100.393,0.001,100.388
"Tenant A (Batch Ingest)","PutLarge",1,0,104.952,0.001,104.946
"Tenant A (Batch Ingest)","PutLarge",1,0,122.238,0.001,122.233
"Tenant A (Batch Ingest)","PutSmall",1,0,24.673,0.000,24.668
"Tenant A (Batch Ingest)","PutSmall",1,0,26.016,0.001,26.003
"Tenant A (Batch Ingest)","PutLarge",1,0,108.553,0.001,108.541
"Tenant A (Batch Ingest)","PutSmall",1,0,29.157,0.001,29.150
"Tenant A (Batch Ingest)","PutSmall",1,0,25.732,0.000,25.717
"Tenant A (Batch Ingest)","PutSmall",1,0,25.131,0.001,25.117
"Tenant A (Batch Ingest)","PutLarge",1,0,101.832,0.001,101.821
"Tenant A (Batch Ingest)","PutSmall",1,0,27.648,0.001,27.639
"Tenant A (Batch Ingest)","PutLarge",1,0,101.210,0.001,101.206
"Tenant A (Batch Ingest)","PutLarge",1,0,122.232,0.001,122.229
"Tenant A (Batch Ingest)","PutLarge",1,0,96.979,0.001,96.971
"Tenant A (Batch Ingest)","PutSmall",1,0,27.519,0.000,27.506
"Tenant A (Batch Ingest)","PutSmall",1,0,27.316,0.001,27.296
"Tenant A (Batch Ingest)","PutSmall",1,0,26.936,0.001,26.925
"Tenant A (Batch Ingest)","PutLarge",1,0,98.364,0.002,98.348
"Tenant A (Batch Ingest)","PutSmall",1,0,29.871,0.001,29.861
"Tenant A (Batch Ingest)","PutLarge",1,0,115.845,0.001,115.840
"Tenant A (Batch Ingest)","PutSmall",1,0,28.090,0.001,28.081
"Tenant A (Batch Ingest)","PutSmall",1,0,24.018,0.001,24.010
"Tenant A (Batch Ingest)","PutLarge",1,0,104.788,0.001,104.782
"Tenant A (Batch Ingest)","PutLarge",1,0,113.548,0.001,113.544
"Tenant A (Batch Ingest)","PutSmall",1,0,25.395,0.001,25.392
"Tenant A (Batch Ingest)","PutLarge",1,0,111.154,0.001,111.151
"Tenant A (Batch Ingest)","PutLarge",1,0,114.815,0.000,114.808
"Tenant A (Batch Ingest)","PutLarge",1,0,110.474,0.001,110.466
"Tenant A (Batch Ingest)","PutSmall",1,0,29.382,0.000,29.372
"Tenant A (Batch Ingest)","PutLarge",1,0,116.202,0.001,116.196
"Tenant A (Batch Ingest)","PutSmall",1,0,23.068,0.001,23.058
"Tenant A (Batch Ingest)","PutLarge",1,0,96.492,0.001,96.486
"Tenant A (Batch Ingest)","PutLarge",1,0,118.528,0.001,118.522
"Tenant A (Batch Ingest)","PutSmall",1,0,29.077,0.001,29.072
"Tenant A (Batch Ingest)","PutSmall",1,0,24.210,0.001,24.208
"Tenant A (Batch Ingest)","PutSmall",1,0,24.839,0.001,24.835
"Tenant A (Batch Ingest)","PutSmall",1,0,26.490,0.001,26.480
"Tenant A (Batch Ingest)","PutSmall",1,0,24.993,0.001,24.988
"Tenant A (Batch Ingest)","PutLarge",1,0,107.976,0.001,107.972
"Tenant A (Batch Ingest)","PutLarge",1,0,107.234,0.000,107.228
"Tenant A (Batch Ingest)","PutLarge",1,0,113.773,0.001,113.763
"Tenant A (Batch Ingest)","PutSmall",1,0,27.777,0.001,27.768
"Tenant A (Batch Ingest)","PutLarge",1,0,95.275,0.001,95.269
"Tenant A (Batch Ingest)","PutLarge",1,0,115.190,0.000,115.178
"Tenant A (Batch Ingest)","PutSmall",1,0,27.915,0.001,27.901
"Tenant A (Batch Ingest)","PutLarge",1,0,105.206,0.000,105.195
"Tenant A (Batch Ingest)","PutLarge",1,0,107.314,0.000,107.297
"Tenant A (Batch Ingest)","PutLarge",1,0,113.333,0.001,113.319
"Tenant A (Batch Ingest)","PutLarge",1,0,122.520,0.001,122.504
"Tenant A (Batch Ingest)","PutLarge",1,0,103.220,0.001,103.213
"Tenant A (Batch Ingest)","PutLarge",1,0,109.969,0.001,109.964
"Tenant A (Batch Ingest)","PutLarge",1,0,103.426,0.001,103.413
"Tenant A (Batch Ingest)","PutLarge",1,0,111.737,0.001,111.726
"Tenant A (Batch Ingest)","PutLarge",1,0,102.492,0.001,102.482
"Tenant A (Batch Ingest)","PutLarge",1,0,102.815,0.001,102.806
"Tenant A (Batch Ingest)","PutLarge",1,0,114.411,0.000,114.400
"Tenant A (Batch Ingest)","PutSmall",1,0,25.994,0.001,25.989
"Tenant A (Batch Ingest)","PutLarge",1,0,89.733,0.001,89.728
"Tenant A (Batch Ingest)","PutLarge",1,0,120.696,0.000,120.692
"Tenant A (Batch Ingest)","PutLarge",1,0,115.855,0.001,115.850
"Tenant A (Batch Ingest)","PutSmall",1,0,30.139,0.001,30.133
"Tenant A (Batch Ingest)","PutLarge",1,0,104.700,0.001,104.695
"Tenant A (Batch Ingest)","PutLarge",1,0,104.571,0.001,104.565
"Tenant A (Batch Ingest)","PutLarge",1,0,107.904,0.002,107.898
"Tenant A (Batch Ingest)","PutLarge",1,0,116.637,0.001,116.633
"Tenant A (Batch Ingest)","PutSmall",1,0,28.253,0.001,28.247
"Tenant A (Batch Ingest)","PutLarge",1,0,118.266,0.001,118.261
"Tenant A (Batch Ingest)","PutSmall",1,0,27.738,0.001,27.729
"Tenant A (Batch Ingest)","PutLarge",1,0,93.945,0.001,93.934
"Tenant A (Batch Ingest)","PutSmall",1,0,29.468,0.001,29.460
"Tenant A (Batch Ingest)","PutSmall",1,0,27.959,0.001,27.945
"Tenant A (Batch Ingest)","PutLarge",1,0,106.805,0.001,106.797
"Tenant A (Batch Ingest)","PutSmall",1,0,30.363,0.000,30.359
"Tenant A (Batch Ingest)","PutSmall",1,0,30.638,0.001,30.633
"Tenant A (Batch Ingest)","PutLarge",1,0,102.416,0.001,102.403
"Tenant A (Batch Ingest)","PutSmall",1,0,26.547,0.001,26.539
"Tenant A (Batch Ingest)","PutLarge",1,0,107.109,0.001,107.092
"Tenant A (Batch Ingest)","PutLarge",1,0,101.731,0.001,101.718
"Tenant A (Batch Ingest)","PutSmall",1,0,25.685,0.002,25.673
"Tenant A (Batch Ingest)","PutLarge",1,0,113.409,0.001,113.395
"Tenant A (Batch Ingest)","PutSmall",1,0,29.311,0.001,29.299
"Tenant A (Batch Ingest)","PutSmall",1,0,30.157,0.001,30.152
"Tenant A (Batch Ingest)","PutLarge",1,0,110.911,0.000,110.900
"Tenant A (Batch Ingest)","PutLarge",1,0,111.786,0.001,111.771
"Tenant A (Batch Ingest)","PutLarge",1,0,121.583,0.001,121.567
"Tenant A (Batch Ingest)","PutLarge",1,0,103.991,0.001,103.988
"Tenant A (Batch Ingest)","PutLarge",1,0,122.258,0.000,122.250
"Tenant A (Batch Ingest)","PutLarge",1,0,122.628,0.001,122.624
"Tenant A (Batch Ingest)","PutLarge",1,0,117.493,0.001,117.487
"Tenant A (Batch Ingest)","PutSmall",1,0,26.542,0.001,26.531
"Tenant A (Batch Ingest)","PutLarge",1,0,113.433,0.001,113.422
"Tenant A (Batch Ingest)","PutLarge",1,0,120.762,0.000,120.741
"Tenant A (Batch Ingest)","PutSmall",1,0,25.968,0.001,25.957
"Tenant A (Batch Ingest)","PutLarge",1,0,120.787,0.000,120.783
"Tenant A (Batch Ingest)","PutLarge",1,0,121.704,0.001,121.698
"Tenant A (Batch Ingest)","PutLarge",1,0,103.433,0.001,103.427
"Tenant A (Batch Ingest)","PutSmall",1,0,28.706,0.000,28.697
"Tenant A (Batch Ingest)","PutSmall",1,0,28.271,0.000,28.265
"Tenant A (Batch Ingest)","PutLarge",1,0,113.310,0.001,113.302
"Tenant A (Batch Ingest)","PutLarge",1,0,105.309,0.001,105.299
"Tenant A (Batch Ingest)","PutSmall",1,0,29.603,0.001,29.593
"Tenant A (Batch Ingest)","PutSmall",1,0,28.267,0.000,28.262
"Tenant A (Batch Ingest)","PutSmall",1,0,27.934,0.000,27.931
"Tenant A (Batch Ingest)","PutLarge",1,0,105.405,0.001,105.396
"Tenant A (Batch Ingest)","PutSmall",1,0,27.570,0.000,27.567
"Tenant A (Batch Ingest)","PutLarge",1,0,109.001,0.001,108.997
"Tenant A (Batch Ingest)","PutSmall",1,0,25.766,0.001,25.762
"Tenant A (Batch Ingest)","PutSmall",1,0,27.870,0.001,27.865
"Tenant A (Batch Ingest)","PutLarge",1,0,105.912,0.001,105.906
"Tenant A (Batch Ingest)","PutLarge",1,0,119.109,0.001,119.104
"Tenant A (Batch Ingest)","PutSmall",1,0,29.315,0.000,29.312
"Tenant A (Batch Ingest)","PutLarge",1,0,118.899,0.001,118.896
"Tenant A (Batch Ingest)","PutSmall",1,0,27.285,0.000,27.282
"Tenant A (Batch Ingest)","PutSmall",1,0,28.877,0.001,28.872
"Tenant A (Batch Ingest)","PutLarge",1,0,105.655,0.000,105.649
"Tenant A (Batch Ingest)","PutLarge",1,0,102.341,0.000,102.333
"Tenant A (Batch Ingest)","PutLarge",1,0,114.285,0.001,114.281
"Tenant A (Batch Ingest)","PutLarge",1,0,107.141,0.001,107.135
"Tenant A (Batch Ingest)","PutLarge",1,0,122.338,0.001,122.322
"Tenant A (Batch Ingest)","PutLarge",1,0,112.143,0.001,112.120
"Tenant A (Batch Ingest)","PutSmall",1,0,24.025,0.000,24.015
"Tenant A (Batch Ingest)","PutSmall",1,0,25.327,0.001,25.319
"Tenant A (Batch Ingest)","PutLarge",1,0,111.412,0.001,111.407
"Tenant A (Batch Ingest)","PutSmall",1,0,23.310,0.001,23.292
"Tenant A (Batch Ingest)","PutLarge",1,0,116.951,0.000,116.939
"Tenant A (Batch Ingest)","PutLarge",1,0,114.630,0.001,114.623
"Tenant A (Batch Ingest)","PutLarge",1,0,118.677,0.001,118.663
"Tenant A (Batch Ingest)","PutSmall",1,0,29.360,0.000,29.354
"Tenant A (Batch Ingest)","PutSmall",1,0,26.573,0.001,26.568
"Tenant A (Batch Ingest)","PutSmall",1,0,24.051,0.000,24.047
"Tenant A (Batch Ingest)","PutLarge",1,0,109.811,0.001,109.806
"Tenant A (Batch Ingest)","PutSmall",1,0,26.223,0.000,26.221
"Tenant A (Batch Ingest)","PutSmall",1,0,26.561,0.000,26.559
"Tenant A (Batch Ingest)","PutLarge",1,0,119.222,0.001,119.216
"Tenant A (Batch Ingest)","PutLarge",1,0,112.107,0.001,112.103
"Tenant A (Batch Ingest)","PutSmall",1,0,24.538,0.001,24.533
"Tenant A (Batch Ingest)","PutLarge",1,0,112.692,0.001,112.684
"Tenant A (Batch Ingest)","PutSmall",1,0,26.683,0.001,26.678
"Tenant A (Batch Ingest)","PutSmall",1,0,23.263,0.000,23.260
"Tenant A (Batch Ingest)","PutLarge",1,0,108.010,0.001,108.006
"Tenant A (Batch Ingest)","PutLarge",1,0,109.495,0.001,109.491
"Tenant A (Batch Ingest)","PutSmall",1,0,24.238,0.001,24.234
"Tenant A (Batch Ingest)","PutLarge",1,0,114.495,0.001,114.491
"Tenant A (Batch Ingest)","PutLarge",1,0,121.551,0.000,121.547
"Tenant A (Batch Ingest)","PutSmall",1,0,25.667,0.000,25.665
"Tenant A (Batch Ingest)","PutSmall",1,0,25.015,0.000,25.012
"Tenant A (Batch Ingest)","PutLarge",1,0,92.152,0.000,92.147
"Tenant A (Batch Ingest)","PutLarge",1,0,120.923,0.001,120.917
"Tenant A (Batch Ingest)","PutLarge",1,0,125.170,0.000,125.166
"Tenant A (Batch Ingest)","PutSmall",1,0,27.951,0.000,27.946
"Tenant A (Batch Ingest)","PutLarge",1,0,104.856,0.000,104.849
"Tenant A (Batch Ingest)","PutLarge",1,0,97.840,0.000,97.837
"Tenant A (Batch Ingest)","PutLarge",1,0,112.934,0.001,112.928
"Tenant A (Batch Ingest)","PutSmall",1,0,24.152,0.001,24.148
"Tenant A (Batch Ingest)","PutLarge",1,0,117.173,0.001,117.168
"Tenant A (Batch Ingest)","PutSmall",1,0,23.257,0.001,23.247
"Tenant A (Batch Ingest)","PutLarge",1,0,110.955,0.000,110.951
"Tenant A (Batch Ingest)","PutSmall",1,0,27.809,0.000,27.803
"Tenant A (Batch Ingest)","PutLarge",1,0,105.130,0.001,105.125
"Tenant A (Batch Ingest)","PutSmall",1,0,23.509,0.001,23.505
"Tenant A (Batch Ingest)","PutSmall",1,0,27.132,0.000,27.130
"Tenant A (Batch Ingest)","PutSmall",1,0,25.991,0.002,25.987
"Tenant A (Batch Ingest)","PutLarge",1,0,95.434,0.000,95.431
"Tenant A (Batch Ingest)","PutLarge",1,0,111.133,0.000,111.130
"Tenant A (Batch Ingest)","PutSmall",1,0,24.825,0.001,24.821
"Tenant A (Batch Ingest)","PutLarge",1,0,113.578,0.001,113.575
"Tenant A (Batch Ingest)","PutLarge",1,0,104.450,0.000,104.441
"Tenant A (Batch Ingest)","PutLarge",1,0,115.231,0.001,115.219
"Tenant A (Batch Ingest)","PutLarge",1,0,100.489,0.001,100.476
"Tenant A (Batch Ingest)","PutLarge",1,0,97.662,0.001,97.654
"Tenant A (Batch Ingest)","PutLarge",1,0,106.483,0.001,106.479
"Tenant A (Batch Ingest)","PutLarge",1,0,110.665,0.001,110.654
"Tenant A (Batch Ingest)","PutLarge",1,0,108.301,0.000,108.288
"Tenant A (Batch Ingest)","PutLarge",1,0,103.716,0.001,103.705
"Tenant A (Batch Ingest)","PutLarge",1,0,103.481,0.000,103.452
"Tenant A (Batch Ingest)","PutLarge",1,0,113.650,0.000,113.636
"Tenant A (Batch Ingest)","PutLarge",1,0,90.382,0.000,90.375
"Tenant A (Batch Ingest)","PutLarge",1,0,111.381,0.001,111.373
"Tenant A (Batch Ingest)","PutLarge",1,0,115.328,0.001,115.324
"Tenant A (Batch Ingest)","PutLarge",1,0,113.972,0.001,113.969
"Tenant A (Batch Ingest)","PutLarge",1,0,101.972,0.000,101.967
"Tenant A (Batch Ingest)","PutLarge",1,0,105.646,0.000,105.633
"Tenant A (Batch Ingest)","PutLarge",1,0,104.272,0.000,104.260
"Tenant A (Batch Ingest)","PutLarge",1,0,102.689,0.000,102.673
"Tenant A (Batch Ingest)","PutLarge",1,0,118.540,0.000,118.535
"Tenant A (Batch Ingest)","PutLarge",1,0,109.916,0.001,109.912
"Tenant A (Batch Ingest)","PutSmall",1,0,26.416,0.000,26.408
"Tenant A (Batch Ingest)","PutLarge",1,0,105.983,0.000,105.977
"Tenant A (Batch Ingest)","PutLarge",1,0,116.337,0.000,116.332
"Tenant A (Batch Ingest)","PutLarge",1,0,116.914,0.000,116.912
"Tenant A (Batch Ingest)","PutLarge",1,0,117.684,0.001,117.682
"Tenant A (Batch Ingest)","PutLarge",1,0,113.501,0.001,113.495
"Tenant A (Batch Ingest)","PutLarge",1,0,122.752,0.001,122.743
"Tenant A (Batch Ingest)","PutLarge",1,0,103.917,0.000,103.908
"Tenant A (Batch Ingest)","PutLarge",1,0,115.736,0.000,115.727
"Tenant A (Batch Ingest)","PutSmall",1,0,30.657,0.000,30.652
"Tenant A (Batch Ingest)","PutSmall",1,0,28.183,0.000,28.179
"Tenant A (Batch Ingest)","PutLarge",1,0,107.184,0.000,107.181
"Tenant A (Batch Ingest)","PutLarge",1,0,118.604,0.001,118.600
"Tenant A (Batch Ingest)","PutLarge",1,0,109.695,0.000,109.692
"Tenant A (Batch Ingest)","PutSmall",1,0,26.658,0.000,26.621
"Tenant A (Batch Ingest)","PutLarge",1,0,111.351,0.000,111.320
"Tenant A (Batch Ingest)","PutLarge",1,0,114.153,0.000,114.143
"Tenant A (Batch Ingest)","PutLarge",1,0,113.682,0.000,113.678
"Tenant A (Batch Ingest)","PutLarge",1,0,123.474,0.001,123.471
"Tenant A (Batch Ingest)","PutSmall",1,0,26.368,0.000,26.338
"Tenant A (Batch Ingest)","PutSmall",1,0,29.252,0.000,29.242
"Tenant A (Batch Ingest)","PutLarge",1,0,118.268,0.001,118.238
"Tenant A (Batch Ingest)","PutLarge",1,0,103.969,0.001,103.965
"Tenant A (Batch Ingest)","PutLarge",1,0,113.410,0.001,113.400
"Tenant A (Batch Ingest)","PutLarge",1,0,126.601,0.001,126.597
"Tenant A (Batch Ingest)","PutLarge",1,0,127.362,0.001,127.355
"Tenant A (Batch Ingest)","PutLarge",1,0,114.202,0.001,114.199
"Tenant A (Batch Ingest)","PutLarge",1,0,128.825,0.000,128.811
"Tenant A (Batch Ingest)","PutLarge",1,0,121.638,0.001,121.634
"Tenant A (Batch Ingest)","PutLarge",1,0,115.173,0.000,115.158
"Tenant A (Batch Ingest)","PutLarge",1,0,113.153,0.000,113.148
"Tenant A (Batch Ingest)","PutLarge",1,0,108.505,0.000,108.501
"Tenant A (Batch Ingest)","PutLarge",1,0,103.748,0.000,103.745
"Tenant A (Batch Ingest)","PutSmall",1,0,27.379,0.000,27.366
"Tenant A (Batch Ingest)","PutLarge",1,0,105.991,0.000,105.987
"Tenant A (Batch Ingest)","PutSmall",1,0,26.131,0.000,26.125
"Tenant A (Batch Ingest)","PutLarge",1,0,106.330,0.000,106.326
"Tenant A (Batch Ingest)","PutSmall",1,0,24.251,0.000,24.248
"Tenant A (Batch Ingest)","PutSmall",1,0,25.676,0.000,25.673
"Tenant A (Batch Ingest)","PutLarge",1,0,106.364,0.000,106.360
"Tenant A (Batch Ingest)","PutSmall",1,0,28.541,0.000,28.537
"Tenant A (Batch Ingest)","PutSmall",1,0,28.474,0.000,28.471
"Tenant A (Batch Ingest)","PutLarge",1,0,101.696,0.001,101.692
"Tenant A (Batch Ingest)","PutLarge",1,0,102.881,0.000,102.879
"Tenant A (Batch Ingest)","PutLarge",1,0,112.124,0.000,112.123
"Tenant A (Batch Ingest)","PutLarge",1,0,102.499,0.000,102.494
"Tenant A (Batch Ingest)","PutLarge",1,0,106.254,0.000,106.250
"Tenant A (Batch Ingest)","PutLarge",1,0,101.700,0.001,101.697
"Tenant A (Batch Ingest)","PutLarge",1,0,107.171,0.000,107.168
"Tenant A (Batch Ingest)","PutLarge",1,0,115.795,0.000,115.792
"Tenant A (Batch Ingest)","PutLarge",1,0,112.816,0.000,112.814
"Tenant A (Batch Ingest)","PutLarge",1,0,102.534,0.000,102.532
"Tenant A (Batch Ingest)","PutLarge",1,0,119.765,0.000,119.760
"Tenant A (Batch Ingest)","PutLarge",1,0,121.596,0.000,121.585
"Tenant A (Batch Ingest)","PutLarge",1,0,114.045,0.000,114.037
"Tenant A (Batch Ingest)","PutSmall",1,0,27.950,0.000,27.942
"Tenant A (Batch Ingest)","PutLarge",1,0,109.351,0.001,109.348
"Tenant A (Batch Ingest)","PutLarge",1,0,117.639,0.000,117.637
"Tenant A (Batch Ingest)","PutSmall",1,0,26.622,0.000,26.619
"Tenant A (Batch Ingest)","PutSmall",1,0,22.372,0.000,22.369
"Tenant A (Batch Ingest)","PutLarge",1,0,115.227,0.001,115.223
"Tenant A (Batch Ingest)","PutLarge",1,0,123.290,0.000,123.284
"Tenant A (Batch Ingest)","PutLarge",1,0,119.859,0.000,119.847
"Tenant A (Batch Ingest)","PutSmall",1,0,28.464,0.000,28.460
"Tenant A (Batch Ingest)","PutLarge",1,0,118.108,0.000,118.105
"Tenant A (Batch Ingest)","PutSmall",1,0,25.168,0.000,25.158
"Tenant A (Batch Ingest)","PutLarge",1,0,118.807,0.000,118.803
"Tenant A (Batch Ingest)","PutSmall",1,0,28.880,0.000,28.876
"Tenant A (Batch Ingest)","PutSmall",1,0,29.003,0.000,29.000
"Tenant A (Batch Ingest)","PutLarge",1,0,111.666,0.000,111.664
"Tenant A (Batch Ingest)","PutLarge",1,0,113.650,0.001,113.646
"Tenant A (Batch Ingest)","PutSmall",1,0,29.581,0.000,29.579
"Tenant A (Batch Ingest)","PutLarge",1,0,110.306,0.000,110.295
"Tenant A (Batch Ingest)","PutSmall",1,0,24.268,0.000,24.260
"Tenant A (Batch Ingest)","PutSmall",1,0,26.069,0.000,26.066
"Tenant A (Batch Ingest)","PutLarge",1,0,116.696,0.001,116.685
"Tenant A (Batch Ingest)","PutLarge",1,0,108.319,0.000,108.299
"Tenant A (Batch Ingest)","PutLarge",1,0,110.018,0.000,110.015
"Tenant A (Batch Ingest)","PutLarge",1,0,104.950,0.000,104.941
"Tenant A (Batch Ingest)","PutSmall",1,0,50.305,0.000,50.296
"Tenant A (Batch Ingest)","PutSmall",1,0,52.400,0.000,52.397
"Tenant A (Batch Ingest)","PutLarge",1,0,110.902,0.000,110.900
"Tenant A (Batch Ingest)","PutLarge",1,0,116.502,0.000,116.499
"Tenant A (Batch Ingest)","PutLarge",1,0,118.637,0.000,118.635
"Tenant A (Batch Ingest)","PutSmall",1,0,58.939,0.000,58.934
"Tenant A (Batch Ingest)","PutSmall",1,0,52.284,0.000,52.281
"Tenant A (Batch Ingest)","PutSmall",1,0,59.625,0.000,59.617
"Tenant A (Batch Ingest)","PutSmall",1,0,60.758,0.000,60.747
"Tenant A (Batch Ingest)","PutLarge",1,0,112.751,0.000,112.749
"Tenant A (Batch Ingest)","PutSmall",1,0,56.130,0.000,56.126
"Tenant A (Batch Ingest)","PutLarge",1,0,104.258,0.000,104.256
"Tenant A (Batch Ingest)","PutSmall",1,0,61.477,0.000,61.476
"Tenant A (Batch Ingest)","PutSmall",1,0,58.434,0.000,58.432
"Tenant A (Batch Ingest)","PutLarge",1,0,99.622,0.000,99.613
"Tenant A (Batch Ingest)","PutSmall",1,0,54.256,0.000,54.252
"Tenant A (Batch Ingest)","PutLarge",1,0,107.515,0.000,107.501
"Tenant A (Batch Ingest)","PutLarge",1,0,107.700,0.000,107.698
"Tenant A (Batch Ingest)","PutLarge",1,0,106.433,0.000,106.428
"Tenant A (Batch Ingest)","PutLarge",1,0,105.159,0.000,105.149
"Tenant A (Batch Ingest)","PutLarge",1,0,119.652,0.000,119.644
"Tenant A (Batch Ingest)","PutLarge",1,0,115.377,0.000,115.371
"Tenant A (Batch Ingest)","PutSmall",1,0,54.649,0.000,54.648
"Tenant A (Batch Ingest)","PutSmall",1,0,58.791,0.000,58.780
"Tenant A (Batch Ingest)","PutSmall",1,0,61.428,0.000,61.425
"Tenant A (Batch Ingest)","PutSmall",1,0,53.634,0.000,53.632
"Tenant A (Batch Ingest)","PutLarge",1,0,123.000,0.000,122.997
"Tenant A (Batch Ingest)","PutLarge",1,0,116.394,0.000,116.390
"Tenant A (Batch Ingest)","PutSmall",1,0,63.790,0.000,63.787
"Tenant A (Batch Ingest)","PutLarge",1,0,118.068,0.000,118.057
"Tenant A (Batch Ingest)","PutSmall",1,0,52.607,0.000,52.604
"Tenant A (Batch Ingest)","PutSmall",1,0,59.818,0.000,59.814
"Tenant A (Batch Ingest)","PutSmall",1,0,59.764,0.000,59.760
"Tenant A (Batch Ingest)","PutLarge",1,0,125.456,0.000,125.445
"Tenant A (Batch Ingest)","PutLarge",1,0,143.204,0.000,143.199
"Tenant A (Batch Ingest)","PutSmall",1,0,55.058,0.001,55.054
"Tenant A (Batch Ingest)","PutLarge",1,0,131.666,0.000,131.664
"Tenant A (Batch Ingest)","PutLarge",1,0,130.747,0.000,130.742
"Tenant A (Batch Ingest)","PutLarge",1,0,136.565,0.000,136.556
"Tenant A (Batch Ingest)","PutSmall",1,0,53.386,0.000,53.377
"Tenant A (Batch Ingest)","PutLarge",1,0,141.596,0.000,141.595
"Tenant A (Batch Ingest)","PutSmall",1,0,58.179,0.000,58.174
"Tenant A (Batch Ingest)","PutLarge",1,0,130.620,0.001,130.611
"Tenant A (Batch Ingest)","PutSmall",1,0,52.150,0.000,52.147
"Tenant A (Batch Ingest)","PutSmall",1,0,58.310,0.000,58.308
"Tenant A (Batch Ingest)","PutLarge",1,0,140.189,0.000,140.186
"Tenant A (Batch Ingest)","PutLarge",1,0,145.335,0.000,145.330
"Tenant A (Batch Ingest)","PutSmall",1,0,53.337,0.000,53.334
"Tenant A (Batch Ingest)","PutSmall",1,0,62.071,0.000,62.068
"Tenant A (Batch Ingest)","PutSmall",1,0,55.530,0.000,55.517
"Tenant A (Batch Ingest)","PutSmall",1,0,62.541,0.000,62.536
"Tenant A (Batch Ingest)","PutLarge",1,0,132.697,0.000,132.692
"Tenant A (Batch Ingest)","PutSmall",1,0,55.074,0.000,55.073
"Tenant A (Batch Ingest)","PutSmall",1,0,63.002,0.000,62.994
"Tenant A (Batch Ingest)","PutLarge",1,0,156.878,0.000,156.869
"Tenant A (Batch Ingest)","PutLarge",1,0,145.676,0.000,145.674
"Tenant A (Batch Ingest)","PutSmall",1,0,57.828,0.000,57.816
"Tenant A (Batch Ingest)","PutSmall",1,0,57.205,0.000,57.193
"Tenant A (Batch Ingest)","PutLarge",1,0,125.166,0.000,125.157
"Tenant A (Batch Ingest)","PutSmall",1,0,63.938,0.000,63.937
"Tenant A (Batch Ingest)","PutSmall",1,0,54.868,0.000,54.864
"Tenant A (Batch Ingest)","PutSmall",1,0,52.603,0.000,52.599
"Tenant A (Batch Ingest)","PutLarge",1,0,139.394,0.000,139.389
"Tenant A (Batch Ingest)","PutSmall",1,0,54.200,0.000,54.195
"Tenant A (Batch Ingest)","PutLarge",1,0,156.907,0.000,156.904
"Tenant A (Batch Ingest)","PutSmall",1,0,60.760,0.000,60.756
"Tenant A (Batch Ingest)","PutSmall",1,0,54.495,0.000,54.491
"Tenant A (Batch Ingest)","PutLarge",1,0,131.546,0.000,131.538
"Tenant A (Batch Ingest)","PutLarge",1,0,149.215,0.000,149.212
"Tenant A (Batch Ingest)","PutSmall",1,0,61.206,0.000,61.205
"Tenant A (Batch Ingest)","PutLarge",1,0,144.423,0.000,144.410
"Tenant A (Batch Ingest)","PutSmall",1,0,61.137,0.000,61.133
"Tenant A (Batch Ingest)","PutLarge",1,0,156.837,0.000,156.831
"Tenant A (Batch Ingest)","PutSmall",1,0,55.378,0.000,55.373
"Tenant A (Batch Ingest)","PutLarge",1,0,132.252,0.000,132.250
"Tenant A (Batch Ingest)","PutLarge",1,0,148.113,0.001,148.109
"Tenant A (Batch Ingest)","PutSmall",1,0,60.141,0.000,60.136
"Tenant A (Batch Ingest)","PutLarge",1,0,147.063,0.000,147.056
"Tenant A (Batch Ingest)","PutSmall",1,0,63.655,0.000,63.651
"Tenant A (Batch Ingest)","PutSmall",1,0,62.581,0.000,62.576
"Tenant A (Batch Ingest)","PutSmall",1,0,54.607,0.000,54.602
"Tenant A (Batch Ingest)","PutSmall",1,0,52.600,0.000,52.552
"Tenant A (Batch Ingest)","PutSmall",1,0,60.831,0.000,60.824
"Tenant A (Batch Ingest)","PutSmall",1,0,62.139,0.000,62.111
"Tenant A (Batch Ingest)","PutSmall",1,0,56.413,0.000,56.396
"Tenant A (Batch Ingest)","PutSmall",1,0,62.747,0.000,62.716
"Tenant A (Batch Ingest)","PutSmall",1,0,62.648,0.000,62.617
"Tenant A (Batch Ingest)","PutLarge",1,0,153.047,0.000,153.038
"Tenant A (Batch Ingest)","PutLarge",1,0,136.984,0.000,136.982
"Tenant A (Batch Ingest)","PutLarge",1,0,145.749,0.000,145.744
"Tenant A (Batch Ingest)","PutLarge",1,0,155.150,0.000,155.146
"Tenant A (Batch Ingest)","PutLarge",1,0,145.602,0.000,145.597
"Tenant A (Batch Ingest)","PutSmall",1,0,56.306,0.000,56.293
"Tenant A (Batch Ingest)","PutLarge",1,0,144.176,0.000,144.174
"Tenant A (Batch Ingest)","PutSmall",1,0,59.625,0.000,59.621
"Tenant A (Batch Ingest)","PutSmall",1,0,51.272,0.001,51.265
"Tenant A (Batch Ingest)","PutLarge",1,0,153.391,0.000,153.368
"Tenant A (Batch Ingest)","PutSmall",1,0,60.109,0.000,60.089
"Tenant A (Batch Ingest)","PutSmall",1,0,58.456,0.000,58.450
"Tenant A (Batch Ingest)","PutLarge",1,0,148.384,0.000,148.366
"Tenant A (Batch Ingest)","PutLarge",1,0,147.910,0.000,147.904
"Tenant A (Batch Ingest)","PutLarge",1,0,120.195,0.000,120.193
"Tenant A (Batch Ingest)","PutSmall",1,0,52.083,0.000,52.052
"Tenant A (Batch Ingest)","PutLarge",1,0,156.531,0.000,156.515
"Tenant A (Batch Ingest)","PutLarge",1,0,147.210,0.000,147.205
"Tenant A (Batch Ingest)","PutLarge",1,0,135.568,0.000,135.564
"Tenant A (Batch Ingest)","PutSmall",1,0,55.256,0.000,55.239
"Tenant A (Batch Ingest)","PutLarge",1,0,149.016,0.001,149.011
"Tenant A (Batch Ingest)","PutSmall",1,0,62.327,0.000,62.323
"Tenant A (Batch Ingest)","PutLarge",1,0,130.189,0.000,130.188
"Tenant A (Batch Ingest)","PutLarge",1,0,130.560,0.000,130.557
"Tenant A (Batch Ingest)","PutLarge",1,0,147.951,0.000,147.946
"Tenant A (Batch Ingest)","PutLarge",1,0,128.868,0.000,128.864
"Tenant A (Batch Ingest)","PutSmall",1,0,61.703,0.000,61.701
"Tenant A (Batch Ingest)","PutLarge",1,0,151.313,0.000,151.310
"Tenant A (Batch Ingest)","PutSmall",1,0,58.317,0.001,58.313
"Tenant A (Batch Ingest)","PutSmall",1,0,52.148,0.001,52.142
"Tenant A (Batch Ingest)","PutLarge",1,0,124.222,0.000,124.210
"Tenant A (Batch Ingest)","PutLarge",1,0,148.736,0.000,148.735
"Tenant A (Batch Ingest)","PutSmall",1,0,58.664,0.000,58.661
"Tenant A (Batch Ingest)","PutLarge",1,0,127.081,0.000,127.079
"Tenant A (Batch Ingest)","PutLarge",1,0,130.258,0.001,130.252
"Tenant A (Batch Ingest)","PutLarge",1,0,145.415,0.000,145.389
"Tenant A (Batch Ingest)","PutLarge",1,0,143.161,0.000,143.158
"Tenant A (Batch Ingest)","PutSmall",1,0,57.200,0.000,57.195
"Tenant A (Batch Ingest)","PutSmall",1,0,61.812,0.000,61.809
"Tenant A (Batch Ingest)","PutSmall",1,0,56.632,0.000,56.625
"Tenant A (Batch Ingest)","PutLarge",1,0,131.622,0.001,131.615
"Tenant A (Batch Ingest)","PutLarge",1,0,143.923,0.000,143.901
"Tenant A (Batch Ingest)","PutLarge",1,0,128.507,0.000,128.505
"Tenant A (Batch Ingest)","PutSmall",1,0,57.581,0.000,57.571
"Tenant A (Batch Ingest)","PutSmall",1,0,58.446,0.000,58.436
"Tenant A (Batch Ingest)","PutLarge",1,0,141.674,0.000,141.671
"Tenant A (Batch Ingest)","PutLarge",1,0,150.225,0.000,150.221
"Tenant A (Batch Ingest)","PutLarge",1,0,149.093,0.000,149.089
"Tenant A (Batch Ingest)","PutSmall",1,0,58.038,0.000,58.036
"Tenant A (Batch Ingest)","PutLarge",1,0,149.372,0.001,149.368
"Tenant A (Batch Ingest)","PutSmall",1,0,59.565,0.000,59.564
"Tenant A (Batch Ingest)","PutLarge",1,0,153.414,0.000,153.405
"Tenant A (Batch Ingest)","PutSmall",1,0,52.797,0.000,52.792
"Tenant A (Batch Ingest)","PutSmall",1,0,55.513,0.000,55.510
"Tenant A (Batch Ingest)","PutLarge",1,0,129.573,0.000,129.564
"Tenant A (Batch Ingest)","PutSmall",1,0,61.716,0.000,61.713
"Tenant A (Batch Ingest)","PutSmall",1,0,61.370,0.000,61.369
"Tenant A (Batch Ingest)","PutSmall",1,0,60.100,0.000,60.099
"Tenant A (Batch Ingest)","PutLarge",1,0,145.157,0.000,145.153
"Tenant A (Batch Ingest)","PutSmall",1,0,55.773,0.000,55.761
"Tenant A (Batch Ingest)","PutLarge",1,0,140.189,0.000,140.181
"Tenant A (Batch Ingest)","PutLarge",1,0,141.907,0.000,141.900
"Tenant A (Batch Ingest)","PutSmall",1,0,56.417,0.000,56.412
"Tenant A (Batch Ingest)","PutLarge",1,0,155.702,0.000,155.694
"Tenant A (Batch Ingest)","PutSmall",1,0,53.026,0.000,53.024
"Tenant A (Batch Ingest)","PutSmall",1,0,55.396,0.000,55.394
"Tenant A (Batch Ingest)","PutSmall",1,0,63.780,0.000,63.765
"Tenant A (Batch Ingest)","PutLarge",1,0,134.490,0.000,134.487
"Tenant A (Batch Ingest)","PutLarge",1,0,145.696,0.000,145.694
"Tenant A (Batch Ingest)","PutLarge",1,0,127.196,0.000,127.193
"Tenant A (Batch Ingest)","PutLarge",1,0,142.871,0.000,142.862
"Tenant A (Batch Ingest)","PutSmall",1,0,58.758,0.000,58.752
"Tenant A (Batch Ingest)","PutSmall",1,0,60.370,0.000,60.365
"Tenant A (Batch Ingest)","PutSmall",1,0,56.697,0.000,56.695
"Tenant A (Batch Ingest)","PutLarge",1,0,136.043,0.000,136.041
"Tenant A (Batch Ingest)","PutLarge",1,0,121.358,0.000,121.357
"Tenant A (Batch Ingest)","PutSmall",1,0,59.201,0.000,59.198
"Tenant A (Batch Ingest)","PutSmall",1,0,61.168,0.000,61.165
"Tenant A (Batch Ingest)","PutSmall",1,0,55.099,0.000,55.096
"Tenant A (Batch Ingest)","PutSmall",1,0,61.759,0.000,61.757
"Tenant A (Batch Ingest)","PutLarge",1,0,128.425,0.000,128.423
"Tenant A (Batch Ingest)","PutSmall",1,0,62.314,0.000,62.304
"Tenant A (Batch Ingest)","PutLarge",1,0,135.134,0.000,135.132
"Tenant A (Batch Ingest)","PutSmall",1,0,62.117,0.000,62.114
"Tenant A (Batch Ingest)","PutLarge",1,0,132.013,0.000,132.000
"Tenant A (Batch Ingest)","PutSmall",1,0,59.438,0.000,59.433
"Tenant A (Batch Ingest)","PutLarge",1,0,142.658,0.000,142.654
"Tenant A (Batch Ingest)","PutSmall",1,0,54.052,0.000,54.049
"Tenant A (Batch Ingest)","PutSmall",1,0,62.662,0.000,62.659
"Tenant A (Batch Ingest)","PutSmall",1,0,61.337,0.000,61.334
"Tenant A (Batch Ingest)","PutLarge",1,0,131.484,0.000,131.439
"Tenant A (Batch Ingest)","PutLarge",1,0,146.518,0.000,146.493
"Tenant A (Batch Ingest)","PutLarge",1,0,131.511,0.000,131.493
"Tenant A (Batch Ingest)","PutSmall",1,0,62.695,0.000,62.661
"Tenant A (Batch Ingest)","PutSmall",1,0,59.562,0.000,59.533
"Tenant A (Batch Ingest)","PutSmall",1,0,57.535,0.000,57.504
"Tenant A (Batch Ingest)","PutSmall",1,0,64.394,0.000,64.348
"Tenant A (Batch Ingest)","PutLarge",1,0,155.289,0.000,155.283
"Tenant A (Batch Ingest)","PutSmall",1,0,53.005,0.000,53.003
"Tenant A (Batch Ingest)","PutSmall",1,0,62.352,0.000,62.349
"Tenant A (Batch Ingest)","PutSmall",1,0,62.767,0.000,62.762
"Tenant A (Batch Ingest)","PutSmall",1,0,61.839,0.000,61.826
"Tenant A (Batch Ingest)","PutLarge",1,0,147.750,0.000,147.747
"Tenant A (Batch Ingest)","PutSmall",1,0,59.149,0.000,59.139
"Tenant A (Batch Ingest)","PutSmall",1,0,54.446,0.000,54.443
"Tenant A (Batch Ingest)","PutLarge",1,0,120.846,0.000,120.843
"Tenant A (Batch Ingest)","PutLarge",1,0,142.003,0.000,141.999
"Tenant A (Batch Ingest)","PutLarge",1,0,122.399,0.000,122.396
"Tenant A (Batch Ingest)","PutSmall",1,0,54.261,0.000,54.259
"Tenant A (Batch Ingest)","PutSmall",1,0,52.849,0.000,52.839
"Tenant A (Batch Ingest)","PutLarge",1,0,142.882,0.000,142.879
"Tenant A (Batch Ingest)","PutSmall",1,0,61.222,0.000,61.209
"Tenant A (Batch Ingest)","PutLarge",1,0,143.732,0.000,143.729
"Tenant A (Batch Ingest)","PutLarge",1,0,155.025,0.000,155.021
"Tenant A (Batch Ingest)","PutSmall",1,0,54.539,0.000,54.531
"Tenant A (Batch Ingest)","PutSmall",1,0,61.112,0.000,61.100
"Tenant A (Batch Ingest)","PutLarge",1,0,130.544,0.000,130.535
"Tenant A (Batch Ingest)","PutLarge",1,0,120.680,0.000,120.670
"Tenant A (Batch Ingest)","PutLarge",1,0,141.356,0.000,141.345
"Tenant A (Batch Ingest)","PutLarge",1,0,147.325,0.000,147.293
"Tenant A (Batch Ingest)","PutLarge",1,0,143.397,0.000,143.373
"Tenant A (Batch Ingest)","PutLarge",1,0,152.401,0.000,152.331
"Tenant A (Batch Ingest)","PutLarge",1,0,136.640,0.000,136.632
"Tenant A (Batch Ingest)","PutLarge",1,0,131.068,0.001,131.055
"Tenant A (Batch Ingest)","PutLarge",1,0,145.482,0.000,145.478
"Tenant A (Batch Ingest)","PutLarge",1,0,122.037,0.001,122.029
"Tenant A (Batch Ingest)","PutLarge",1,0,150.351,0.000,150.349
"Tenant A (Batch Ingest)","PutLarge",1,0,144.673,0.001,144.662
"Tenant A (Batch Ingest)","PutLarge",1,0,126.103,0.000,126.100
"Tenant A (Batch Ingest)","PutLarge",1,0,133.716,0.000,133.699
"Tenant A (Batch Ingest)","PutLarge",1,0,135.107,0.000,135.100
"Tenant A (Batch Ingest)","PutLarge",1,0,133.468,0.000,133.464
"Tenant A (Batch Ingest)","PutLarge",1,0,147.676,0.000,147.666
"Tenant A (Batch Ingest)","PutLarge",1,0,152.418,0.000,152.412
"Tenant A (Batch Ingest)","PutLarge",1,0,150.967,0.001,150.961
"Tenant A (Batch Ingest)","PutLarge",1,0,132.063,0.001,132.053
"Tenant A (Batch Ingest)","PutLarge",1,0,131.094,0.000,131.090
"Tenant A (Batch Ingest)","PutLarge",1,0,138.116,0.000,138.112
"Tenant A (Batch Ingest)","PutLarge",1,0,133.410,0.000,133.407
"Tenant A (Batch Ingest)","PutLarge",1,0,141.599,0.000,141.594
"Tenant A (Batch Ingest)","PutLarge",1,0,130.282,0.000,130.268
"Tenant A (Batch Ingest)","PutLarge",1,0,156.199,0.001,156.195
"Tenant A (Batch Ingest)","PutLarge",1,0,138.651,0.000,138.646
"Tenant A (Batch Ingest)","PutLarge",1,0,139.275,0.000,139.270
"Tenant A (Batch Ingest)","PutLarge",1,0,139.628,0.000,139.624
"Tenant A (Batch Ingest)","PutLarge",1,0,147.278,0.000,147.274
"Tenant A (Batch Ingest)","PutLarge",1,0,153.227,0.000,153.216
"Tenant A (Batch Ingest)","PutSmall",1,0,56.573,0.001,56.569
"Tenant A (Batch Ingest)","PutLarge",1,0,148.615,0.000,148.612
"Tenant A (Batch Ingest)","PutLarge",1,0,149.981,0.000,149.979
"Tenant A (Batch Ingest)","PutLarge",1,0,136.017,0.000,136.012
"Tenant A (Batch Ingest)","PutSmall",1,0,59.640,0.001,59.637
"Tenant A (Batch Ingest)","PutLarge",1,0,153.066,0.000,153.053
"Tenant A (Batch Ingest)","PutSmall",1,0,61.956,0.001,61.948
"Tenant A (Batch Ingest)","PutLarge",1,0,146.716,0.000,146.712
"Tenant A (Batch Ingest)","PutLarge",1,0,153.530,0.000,153.526
"Tenant A (Batch Ingest)","PutSmall",1,0,62.925,0.001,62.922
"Tenant A (Batch Ingest)","PutLarge",1,0,156.596,0.000,156.591
"Tenant A (Batch Ingest)","PutSmall",1,0,60.432,0.001,60.422
"Tenant A (Batch Ingest)","PutLarge",1,0,144.586,0.001,144.575
"Tenant A (Batch Ingest)","PutSmall",1,0,53.403,0.000,53.371
"Tenant A (Batch Ingest)","PutSmall",1,0,52.712,0.000,52.707
"Tenant A (Batch Ingest)","PutSmall",1,0,53.500,0.000,53.483
"Tenant A (Batch Ingest)","PutLarge",1,0,128.545,0.000,128.535
"Tenant A (Batch Ingest)","PutSmall",1,0,64.917,0.001,64.913
"Tenant A (Batch Ingest)","PutSmall",1,0,54.594,0.000,54.584
"Tenant A (Batch Ingest)","PutSmall",1,0,63.308,0.001,63.305
"Tenant A (Batch Ingest)","PutSmall",1,0,62.155,0.001,62.151
"Tenant A (Batch Ingest)","PutSmall",1,0,60.464,0.000,60.462
"Tenant A (Batch Ingest)","PutSmall",1,0,58.376,0.000,58.374
"Tenant A (Batch Ingest)","PutSmall",1,0,61.859,0.001,61.822
"Tenant A (Batch Ingest)","PutSmall",1,0,59.508,0.001,59.451
"Tenant A (Batch Ingest)","PutSmall",1,0,57.326,0.001,57.315
"Tenant A (Batch Ingest)","PutSmall",1,0,59.864,0.000,59.861
"Tenant A (Batch Ingest)","PutSmall",1,0,56.507,0.000,56.503
"Tenant A (Batch Ingest)","PutLarge",1,0,130.335,0.000,130.330
"Tenant A (Batch Ingest)","PutSmall",1,0,56.379,0.001,56.374
"Tenant A (Batch Ingest)","PutSmall",1,0,55.284,0.000,55.275
"Tenant A (Batch Ingest)","PutLarge",1,0,146.731,0.001,146.718
"Tenant A (Batch Ingest)","PutSmall",1,0,57.308,0.001,57.296
"Tenant A (Batch Ingest)","PutSmall",1,0,58.820,0.001,58.811
"Tenant A (Batch Ingest)","PutSmall",1,0,61.078,0.001,61.070
"Tenant A (Batch Ingest)","PutSmall",1,0,53.619,0.000,53.615
"Tenant A (Batch Ingest)","PutSmall",1,0,62.278,0.000,62.275
"Tenant A (Batch Ingest)","PutSmall",1,0,57.721,0.001,57.716
"Tenant A (Batch Ingest)","PutSmall",1,0,53.475,0.000,53.471
"Tenant A (Batch Ingest)","PutSmall",1,0,51.103,0.000,51.098
"Tenant A (Batch Ingest)","PutLarge",1,0,137.880,0.001,137.875
"Tenant A (Batch Ingest)","PutSmall",1,0,56.712,0.000,56.710
"Tenant A (Batch Ingest)","PutSmall",1,0,55.923,0.000,55.918
"Tenant A (Batch Ingest)","PutSmall",1,0,60.309,0.000,60.304
"Tenant A (Batch Ingest)","PutLarge",1,0,159.262,0.001,159.258
"Tenant A (Batch Ingest)","PutLarge",1,0,141.359,0.001,141.348
"Tenant A (Batch Ingest)","PutLarge",1,0,136.915,0.000,136.908
"Tenant A (Batch Ingest)","PutSmall",1,0,62.241,0.002,62.231
"Tenant A (Batch Ingest)","PutSmall",1,0,58.401,0.001,58.388
"Tenant A (Batch Ingest)","PutSmall",1,0,53.223,0.001,53.218
"Tenant A (Batch Ingest)","PutSmall",1,0,54.916,0.001,54.913
"Tenant A (Batch Ingest)","PutLarge",1,0,153.863,0.001,153.856
"Tenant A (Batch Ingest)","PutSmall",1,0,55.507,0.001,55.505
"Tenant A (Batch Ingest)","PutLarge",1,0,152.890,0.000,152.886
"Tenant A (Batch Ingest)","PutSmall",1,0,58.333,0.001,58.322
"Tenant A (Batch Ingest)","PutLarge",1,0,129.913,0.000,129.904
"Tenant A (Batch Ingest)","PutSmall",1,0,60.404,0.001,60.398
"Tenant A (Batch Ingest)","PutSmall",1,0,52.119,0.000,52.116
"Tenant A (Batch Ingest)","PutLarge",1,0,147.812,0.000,147.802
"Tenant A (Batch Ingest)","PutLarge",1,0,135.071,0.000,135.068
"Tenant A (Batch Ingest)","PutSmall",1,0,62.176,0.001,62.173
"Tenant A (Batch Ingest)","PutSmall",1,0,52.790,0.000,52.785
"Tenant A (Batch Ingest)","PutLarge",1,0,150.068,0.001,150.064
"Tenant A (Batch Ingest)","PutSmall",1,0,59.493,0.001,59.489
"Tenant A (Batch Ingest)","PutLarge",1,0,151.386,0.000,151.381
"Tenant A (Batch Ingest)","PutLarge",1,0,138.242,0.001,138.232
"Tenant A (Batch Ingest)","PutLarge",1,0,144.470,0.000,144.467
"Tenant A (Batch Ingest)","PutSmall",1,0,58.563,0.001,58.554
"Tenant A (Batch Ingest)","PutSmall",1,0,61.249,0.000,61.241
"Tenant A (Batch Ingest)","PutSmall",1,0,53.188,0.000,53.184
"Tenant A (Batch Ingest)","PutSmall",1,0,61.250,0.000,61.246
"Tenant A (Batch Ingest)","PutLarge",1,0,146.249,0.000,146.245
"Tenant A (Batch Ingest)","PutSmall",1,0,56.510,0.001,56.506
"Tenant A (Batch Ingest)","PutLarge",1,0,156.510,0.000,156.505
"Tenant A (Batch Ingest)","PutSmall",1,0,56.295,0.000,56.290
"Tenant A (Batch Ingest)","PutSmall",1,0,63.650,0.000,63.646
"Tenant A (Batch Ingest)","PutSmall",1,0,58.312,0.001,58.309
"Tenant A (Batch Ingest)","PutSmall",1,0,60.097,0.000,60.087
"Tenant A (Batch Ingest)","PutLarge",1,0,130.145,0.000,130.136
"Tenant A (Batch Ingest)","PutLarge",1,0,156.647,0.001,156.597
"Tenant A (Batch Ingest)","PutSmall",1,0,58.204,0.000,58.175
"Tenant A (Batch Ingest)","PutSmall",1,0,63.444,0.000,63.433
"Tenant A (Batch Ingest)","PutLarge",1,0,130.940,0.001,130.936
"Tenant A (Batch Ingest)","PutSmall",1,0,59.995,0.000,59.988
"Tenant A (Batch Ingest)","PutLarge",1,0,130.614,0.001,130.592
"Tenant A (Batch Ingest)","PutSmall",1,0,54.858,0.000,54.850
"Tenant A (Batch Ingest)","PutSmall",1,0,54.880,0.000,54.872
"Tenant A (Batch Ingest)","PutLarge",1,0,134.668,0.000,134.659
"Tenant A (Batch Ingest)","PutSmall",1,0,52.594,0.000,52.581
"Tenant A (Batch Ingest)","PutLarge",1,0,138.671,0.000,138.668
"Tenant A (Batch Ingest)","PutSmall",1,0,53.780,0.000,53.778
"Tenant A (Batch Ingest)","PutLarge",1,0,149.214,0.001,149.211
"Tenant A (Batch Ingest)","PutLarge",1,0,151.288,0.001,151.284
"Tenant A (Batch Ingest)","PutSmall",1,0,53.583,0.000,53.581
"Tenant A (Batch Ingest)","PutLarge",1,0,145.320,0.000,145.317
"Tenant A (Batch Ingest)","PutSmall",1,0,54.087,0.000,54.083
"Tenant A (Batch Ingest)","PutLarge",1,0,128.414,0.001,128.411
"Tenant A (Batch Ingest)","PutSmall",1,0,50.275,0.000,50.272
"Tenant A (Batch Ingest)","PutSmall",1,0,53.654,0.000,53.643
"Tenant A (Batch Ingest)","PutLarge",1,0,145.723,0.000,145.720
"Tenant A (Batch Ingest)","PutLarge",1,0,139.135,0.000,139.126
"Tenant A (Batch Ingest)","PutSmall",1,0,58.096,0.001,58.091
"Tenant A (Batch Ingest)","PutLarge",1,0,129.915,0.000,129.911
"Tenant A (Batch Ingest)","PutSmall",1,0,61.106,0.001,61.098
"Tenant A (Batch Ingest)","PutLarge",1,0,127.678,0.001,127.674
"Tenant A (Batch Ingest)","PutSmall",1,0,56.140,0.001,56.132
"Tenant A (Batch Ingest)","PutSmall",1,0,58.481,0.000,58.477
"Tenant A (Batch Ingest)","PutSmall",1,0,60.789,0.001,60.786
"Tenant A (Batch Ingest)","PutLarge",1,0,136.842,0.000,136.839
"Tenant A (Batch Ingest)","PutSmall",1,0,54.617,0.000,54.604
"Tenant A (Batch Ingest)","PutLarge",1,0,155.482,0.000,155.478
"Tenant A (Batch Ingest)","PutSmall",1,0,51.866,0.000,51.822
"Tenant A (Batch Ingest)","PutSmall",1,0,52.317,0.000,52.265
"Tenant A (Batch Ingest)","PutSmall",1,0,49.805,0.000,49.766
"Tenant A (Batch Ingest)","PutLarge",1,0,133.412,0.000,133.410
"Tenant A (Batch Ingest)","PutLarge",1,0,141.317,0.000,141.311
"Tenant A (Batch Ingest)","PutLarge",1,0,145.460,0.000,145.456
"Tenant A (Batch Ingest)","PutLarge",1,0,146.893,0.000,146.885
"Tenant A (Batch Ingest)","PutSmall",1,0,27.342,0.000,27.337
"Tenant A (Batch Ingest)","PutSmall",1,0,58.431,0.000,58.425
"Tenant A (Batch Ingest)","PutSmall",1,0,24.791,0.001,24.785
"Tenant A (Batch Ingest)","PutLarge",1,0,159.934,0.001,159.931
"Tenant A (Batch Ingest)","PutSmall",1,0,60.325,0.000,60.323
"Tenant A (Batch Ingest)","PutSmall",1,0,27.228,0.000,27.224
"Tenant A (Batch Ingest)","PutLarge",1,0,153.638,0.000,153.636
"Tenant A (Batch Ingest)","PutSmall",1,0,28.287,0.000,28.280
"Tenant A (Batch Ingest)","PutLarge",1,0,134.489,0.000,134.483
"Tenant A (Batch Ingest)","PutSmall",1,0,24.839,0.000,24.834
"Tenant A (Batch Ingest)","PutLarge",1,0,147.793,0.000,147.790
"Tenant A (Batch Ingest)","PutSmall",1,0,27.995,0.000,27.993
"Tenant A (Batch Ingest)","PutSmall",1,0,27.351,0.000,27.348
"Tenant A (Batch Ingest)","PutLarge",1,0,147.133,0.000,147.128
"Tenant A (Batch Ingest)","PutLarge",1,0,124.055,0.000,124.052
"Tenant A (Batch Ingest)","PutLarge",1,0,125.922,0.000,125.917
"Tenant A (Batch Ingest)","PutLarge",1,0,124.373,0.000,124.367
"Tenant A (Batch Ingest)","PutLarge",1,0,132.200,0.000,132.197
"Tenant A (Batch Ingest)","PutLarge",1,0,145.342,0.000,145.340
"Tenant A (Batch Ingest)","PutLarge",1,0,139.002,0.000,138.998
"Tenant A (Batch Ingest)","PutLarge",1,0,100.953,0.000,100.950
"Tenant A (Batch Ingest)","PutLarge",1,0,130.832,0.000,130.829
"Tenant A (Batch Ingest)","PutLarge",1,0,132.551,0.000,132.547
"Tenant A (Batch Ingest)","PutSmall",1,0,29.126,0.000,29.124
"Tenant A (Batch Ingest)","PutLarge",1,0,152.442,0.000,152.439
"Tenant A (Batch Ingest)","PutLarge",1,0,106.721,0.000,106.718
"Tenant A (Batch Ingest)","PutSmall",1,0,26.028,0.000,26.025
"Tenant A (Batch Ingest)","PutLarge",1,0,104.629,0.000,104.626
"Tenant A (Batch Ingest)","PutSmall",1,0,23.182,0.000,23.176
"Tenant A (Batch Ingest)","PutLarge",1,0,103.132,0.000,103.128
"Tenant A (Batch Ingest)","PutLarge",1,0,105.069,0.000,105.067
"Tenant A (Batch Ingest)","PutLarge",1,0,120.215,0.000,120.212
"Tenant A (Batch Ingest)","PutLarge",1,0,145.058,0.000,145.056
"Tenant A (Batch Ingest)","PutSmall",1,0,27.866,0.000,27.863
"Tenant A (Batch Ingest)","PutLarge",1,0,109.851,0.000,109.848
"Tenant A (Batch Ingest)","PutLarge",1,0,138.551,0.000,138.548
"Tenant A (Batch Ingest)","PutLarge",1,0,101.662,0.000,101.659
"Tenant A (Batch Ingest)","PutLarge",1,0,105.126,0.002,105.120
"Tenant A (Batch Ingest)","PutLarge",1,0,107.337,0.001,107.307
"Tenant A (Batch Ingest)","PutLarge",1,0,91.207,0.000,91.170
"Tenant A (Batch Ingest)","PutSmall",1,0,27.197,0.000,27.173
"Tenant A (Batch Ingest)","PutLarge",1,0,115.944,0.000,115.942
"Tenant A (Batch Ingest)","PutSmall",1,0,28.238,0.000,28.234
"Tenant A (Batch Ingest)","PutSmall",1,0,25.545,0.000,25.538
"Tenant A (Batch Ingest)","PutLarge",1,0,92.765,0.000,92.762
"Tenant A (Batch Ingest)","PutSmall",1,0,27.159,0.000,27.156
"Tenant A (Batch Ingest)","PutSmall",1,0,30.109,0.000,30.104
"Tenant A (Batch Ingest)","PutSmall",1,0,25.891,0.000,25.888
"Tenant A (Batch Ingest)","PutSmall",1,0,26.072,0.000,26.069
"Tenant A (Batch Ingest)","PutSmall",1,0,25.515,0.000,25.513
"Tenant A (Batch Ingest)","PutSmall",1,0,25.953,0.000,25.951
"Tenant A (Batch Ingest)","PutSmall",1,0,27.075,0.000,27.072
"Tenant A (Batch Ingest)","PutLarge",1,0,112.530,0.000,112.528
"Tenant A (Batch Ingest)","PutSmall",1,0,21.389,0.000,21.387
"Tenant A (Batch Ingest)","PutLarge",1,0,156.019,0.000,156.015
"Tenant A (Batch Ingest)","PutSmall",1,0,23.704,0.000,23.702
"Tenant A (Batch Ingest)","PutSmall",1,0,22.235,0.000,22.232
"Tenant A (Batch Ingest)","PutLarge",1,0,102.083,0.000,102.079
"Tenant A (Batch Ingest)","PutSmall",1,0,27.817,0.000,27.813
"Tenant A (Batch Ingest)","PutSmall",1,0,29.313,0.000,29.310
"Tenant A (Batch Ingest)","PutSmall",1,0,26.189,0.000,26.186
"Tenant A (Batch Ingest)","PutSmall",1,0,30.122,0.000,30.119
"Tenant A (Batch Ingest)","PutSmall",1,0,26.705,0.000,26.702
"Tenant A (Batch Ingest)","PutSmall",1,0,27.279,0.000,27.277
"Tenant A (Batch Ingest)","PutLarge",1,0,99.062,0.000,99.059
"Tenant A (Batch Ingest)","PutSmall",1,0,24.416,0.000,24.411
"Tenant A (Batch Ingest)","PutLarge",1,0,111.085,0.000,111.083
"Tenant A (Batch Ingest)","PutSmall",1,0,24.302,0.000,24.299
"Tenant A (Batch Ingest)","PutSmall",1,0,28.010,0.000,28.007
"Tenant A (Batch Ingest)","PutSmall",1,0,24.021,0.000,24.020
"Tenant A (Batch Ingest)","PutSmall",1,0,25.754,0.000,25.748
"Tenant A (Batch Ingest)","PutLarge",1,0,113.114,0.000,113.111
"Tenant A (Batch Ingest)","PutSmall",1,0,24.840,0.000,24.836
"Tenant A (Batch Ingest)","PutSmall",1,0,27.031,0.000,27.029
"Tenant A (Batch Ingest)","PutLarge",1,0,107.843,0.000,107.839
"Tenant A (Batch Ingest)","PutSmall",1,0,26.794,0.000,26.791
"Tenant A (Batch Ingest)","PutSmall",1,0,26.882,0.000,26.872
"Tenant A (Batch Ingest)","PutSmall",1,0,29.227,0.000,29.224
"Tenant A (Batch Ingest)","PutLarge",1,0,101.507,0.000,101.505
"Tenant A (Batch Ingest)","PutLarge",1,0,121.413,0.000,121.411
"Tenant A (Batch Ingest)","PutSmall",1,0,30.072,0.000,30.062
"Tenant A (Batch Ingest)","PutLarge",1,0,94.150,0.000,94.146
"Tenant A (Batch Ingest)","PutLarge",1,0,99.377,0.000,99.374
"Tenant A (Batch Ingest)","PutSmall",1,0,29.311,0.000,29.307
"Tenant A (Batch Ingest)","PutLarge",1,0,108.210,0.000,108.208
"Tenant A (Batch Ingest)","PutLarge",1,0,103.912,0.000,103.867
"Tenant A (Batch Ingest)","PutLarge",1,0,103.010,0.000,103.001
"Tenant A (Batch Ingest)","PutLarge",1,0,116.744,0.000,116.739
"Tenant A (Batch Ingest)","PutSmall",1,0,29.353,0.000,29.349
"Tenant A (Batch Ingest)","PutSmall",1,0,27.119,0.000,27.115
"Tenant A (Batch Ingest)","PutLarge",1,0,104.017,0.001,104.012
"Tenant A (Batch Ingest)","PutLarge",1,0,105.839,0.000,105.834
"Tenant A (Batch Ingest)","PutLarge",1,0,92.724,0.000,92.720
"Tenant A (Batch Ingest)","PutLarge",1,0,109.958,0.001,109.950
"Tenant A (Batch Ingest)","PutLarge",1,0,105.127,0.000,105.123
"Tenant A (Batch Ingest)","PutLarge",1,0,103.478,0.000,103.474
"Tenant A (Batch Ingest)","PutSmall",1,0,28.641,0.000,28.637
"Tenant A (Batch Ingest)","PutLarge",1,0,106.012,0.000,105.973
"Tenant A (Batch Ingest)","PutLarge",1,0,115.447,0.000,115.438
"Tenant A (Batch Ingest)","PutSmall",1,0,23.555,0.001,23.551
"Tenant A (Batch Ingest)","PutLarge",1,0,107.897,0.000,107.887
"Tenant A (Batch Ingest)","PutLarge",1,0,104.342,0.000,104.336
"Tenant A (Batch Ingest)","PutLarge",1,0,123.494,0.000,123.481
"Tenant A (Batch Ingest)","PutLarge",1,0,93.145,0.000,93.120
"Tenant A (Batch Ingest)","PutLarge",1,0,117.974,0.000,117.971
"Tenant A (Batch Ingest)","PutSmall",1,0,24.509,0.001,24.505
"Tenant A (Batch Ingest)","PutSmall",1,0,25.618,0.001,25.613
"Tenant A (Batch Ingest)","PutSmall",1,0,23.518,0.001,23.514
"Tenant A (Batch Ingest)","PutLarge",1,0,106.756,0.000,106.753
"Tenant A (Batch Ingest)","PutLarge",1,0,116.239,0.000,116.236
"Tenant A (Batch Ingest)","PutLarge",1,0,107.013,0.000,107.008
"Tenant A (Batch Ingest)","PutSmall",1,0,27.167,0.001,27.164
"Tenant A (Batch Ingest)","PutSmall",1,0,25.730,0.001,25.727
"Tenant A (Batch Ingest)","PutSmall",1,0,22.027,0.000,22.025
"Tenant A (Batch Ingest)","PutSmall",1,0,25.909,0.000,25.907
"Tenant A (Batch Ingest)","PutLarge",1,0,116.122,0.000,116.118
"Tenant A (Batch Ingest)","PutSmall",1,0,23.368,0.000,23.366
"Tenant A (Batch Ingest)","PutLarge",1,0,100.600,0.000,100.595
"Tenant A (Batch Ingest)","PutLarge",1,0,118.718,0.000,118.714
"Tenant A (Batch Ingest)","PutLarge",1,0,107.198,0.000,107.194
"Tenant A (Batch Ingest)","PutLarge",1,0,101.514,0.000,101.510
"Tenant A (Batch Ingest)","PutSmall",1,0,26.568,0.000,26.564
"Tenant A (Batch Ingest)","PutLarge",1,0,121.201,0.000,121.199
"Tenant A (Batch Ingest)","PutLarge",1,0,111.252,0.000,111.250
"Tenant A (Batch Ingest)","PutSmall",1,0,29.265,0.000,29.261
"Tenant A (Batch Ingest)","PutSmall",1,0,25.919,0.000,25.917
"Tenant A (Batch Ingest)","PutSmall",1,0,25.339,0.000,25.336
"Tenant A (Batch Ingest)","PutLarge",1,0,111.430,0.000,111.427
"Tenant A (Batch Ingest)","PutLarge",1,0,95.238,0.000,95.233
"Tenant A (Batch Ingest)","PutLarge",1,0,100.851,0.000,100.848
"Tenant A (Batch Ingest)","PutSmall",1,0,27.160,0.000,27.158
"Tenant A (Batch Ingest)","PutSmall",1,0,26.223,0.000,26.219
"Tenant A (Batch Ingest)","PutLarge",1,0,108.975,0.000,108.972
"Tenant A (Batch Ingest)","PutSmall",1,0,22.411,0.000,22.408
"Tenant A (Batch Ingest)","PutSmall",1,0,27.224,0.000,27.219
"Tenant A (Batch Ingest)","PutSmall",1,0,29.723,0.000,29.718
"Tenant A (Batch Ingest)","PutLarge",1,0,97.318,0.002,97.312
"Tenant A (Batch Ingest)","PutSmall",1,0,30.748,0.000,30.745
"Tenant A (Batch Ingest)","PutSmall",1,0,24.589,0.000,24.586
"Tenant A (Batch Ingest)","PutSmall",1,0,27.196,0.000,27.193
"Tenant A (Batch Ingest)","PutLarge",1,0,109.547,0.000,109.543
"Tenant A (Batch Ingest)","PutSmall",1,0,29.203,0.000,29.202
"Tenant A (Batch Ingest)","PutSmall",1,0,28.186,0.000,28.176
"Tenant A (Batch Ingest)","PutSmall",1,0,27.128,0.000,27.123
"Tenant A (Batch Ingest)","PutLarge",1,0,100.179,0.001,100.175
"Tenant A (Batch Ingest)","PutSmall",1,0,25.218,0.000,25.215
"Tenant A (Batch Ingest)","PutLarge",1,0,107.007,0.000,107.005
"Tenant A (Batch Ingest)","PutLarge",1,0,108.566,0.000,108.562
"Tenant A (Batch Ingest)","PutLarge",1,0,115.889,0.000,115.884
"Tenant A (Batch Ingest)","PutLarge",1,0,107.982,0.001,107.976
"Tenant A (Batch Ingest)","PutSmall",1,0,25.989,0.000,25.985
"Tenant A (Batch Ingest)","PutSmall",1,0,28.875,0.000,28.871
"Tenant A (Batch Ingest)","PutSmall",1,0,23.676,0.000,23.674
"Tenant A (Batch Ingest)","PutSmall",1,0,26.593,0.000,26.581
"Tenant A (Batch Ingest)","PutLarge",1,0,105.559,0.001,105.551
"Tenant A (Batch Ingest)","PutLarge",1,0,94.421,0.000,94.409
"Tenant A (Batch Ingest)","PutSmall",1,0,27.539,0.000,27.527
"Tenant A (Batch Ingest)","PutSmall",1,0,28.526,0.000,28.522
"Tenant A (Batch Ingest)","PutSmall",1,0,28.429,0.000,28.424
"Tenant A (Batch Ingest)","PutSmall",1,0,29.384,0.000,29.371
"Tenant A (Batch Ingest)","PutSmall",1,0,27.816,0.000,27.813
"Tenant A (Batch Ingest)","PutSmall",1,0,25.849,0.000,25.838
"Tenant A (Batch Ingest)","PutLarge",1,0,104.760,0.000,104.755
"Tenant A (Batch Ingest)","PutSmall",1,0,25.141,0.000,25.138
"Tenant A (Batch Ingest)","PutLarge",1,0,93.161,0.000,93.158
"Tenant A (Batch Ingest)","PutLarge",1,0,109.527,0.000,109.496
"Tenant A (Batch Ingest)","PutLarge",1,0,97.257,0.000,97.253
"Tenant A (Batch Ingest)","PutLarge",1,0,104.022,0.000,104.018
"Tenant A (Batch Ingest)","PutSmall",1,0,28.795,0.000,28.792
"Tenant A (Batch Ingest)","PutLarge",1,0,123.896,0.001,123.892
"Tenant A (Batch Ingest)","PutSmall",1,0,24.407,0.000,24.397
"Tenant A (Batch Ingest)","PutSmall",1,0,24.270,0.000,24.267
"Tenant A (Batch Ingest)","PutLarge",1,0,107.442,0.000,107.440
"Tenant A (Batch Ingest)","PutSmall",1,0,23.587,0.000,23.581
"Tenant A (Batch Ingest)","PutLarge",1,0,88.861,0.000,88.858
"Tenant A (Batch Ingest)","PutSmall",1,0,25.408,0.000,25.397
"Tenant A (Batch Ingest)","PutSmall",1,0,22.253,0.000,22.240
"Tenant A (Batch Ingest)","PutSmall",1,0,26.236,0.000,26.234
"Tenant A (Batch Ingest)","PutSmall",1,0,27.867,0.000,27.865
"Tenant A (Batch Ingest)","PutLarge",1,0,94.698,0.000,94.690
"Tenant A (Batch Ingest)","PutLarge",1,0,90.412,0.000,90.408
"Tenant A (Batch Ingest)","PutSmall",1,0,25.841,0.001,25.838
"Tenant A (Batch Ingest)","PutSmall",1,0,27.863,0.000,27.858
"Tenant A (Batch Ingest)","PutSmall",1,0,25.699,0.000,25.695
"Tenant A (Batch Ingest)","PutSmall",1,0,27.480,0.000,27.472
"Tenant A (Batch Ingest)","PutLarge",1,0,99.549,0.000,99.543
"Tenant A (Batch Ingest)","PutLarge",1,0,114.007,0.000,114.003
"Tenant A (Batch Ingest)","PutLarge",1,0,105.649,0.000,105.644
"Tenant A (Batch Ingest)","PutLarge",1,0,101.242,0.000,101.234
"Tenant A (Batch Ingest)","PutSmall",1,0,25.401,0.000,25.398
"Tenant A (Batch Ingest)","PutSmall",1,0,30.829,0.000,30.826
"Tenant A (Batch Ingest)","PutSmall",1,0,28.294,0.000,28.289
"Tenant A (Batch Ingest)","PutSmall",1,0,28.146,0.000,28.144
"Tenant A (Batch Ingest)","PutSmall",1,0,26.518,0.000,26.514
"Tenant A (Batch Ingest)","PutLarge",1,0,92.543,0.000,92.540
"Tenant A (Batch Ingest)","PutSmall",1,0,29.021,0.000,29.017
"Tenant A (Batch Ingest)","PutLarge",1,0,105.105,0.000,105.101
"Tenant A (Batch Ingest)","PutSmall",1,0,22.570,0.000,22.567
"Tenant A (Batch Ingest)","PutLarge",1,0,110.574,0.000,110.570
"Tenant A (Batch Ingest)","PutLarge",1,0,113.284,0.000,113.280
"Tenant A (Batch Ingest)","PutSmall",1,0,22.523,0.001,22.518
"Tenant A (Batch Ingest)","PutLarge",1,0,111.152,0.000,111.143
"Tenant A (Batch Ingest)","PutSmall",1,0,30.864,0.000,30.858
"Tenant A (Batch Ingest)","PutLarge",1,0,115.795,0.000,115.793
"Tenant A (Batch Ingest)","PutSmall",1,0,26.844,0.000,26.841
"Tenant A (Batch Ingest)","PutLarge",1,0,107.571,0.000,107.569
"Tenant A (Batch Ingest)","PutLarge",1,0,122.890,0.000,122.886
"Tenant A (Batch Ingest)","PutSmall",1,0,25.269,0.000,25.265
"Tenant A (Batch Ingest)","PutSmall",1,0,23.907,0.000,23.904
"Tenant A (Batch Ingest)","PutSmall",1,0,26.323,0.000,26.320
"Tenant A (Batch Ingest)","PutLarge",1,0,102.705,0.000,102.702
"Tenant A (Batch Ingest)","PutLarge",1,0,101.609,0.000,101.606
"Tenant A (Batch Ingest)","PutSmall",1,0,28.708,0.000,28.706
"Tenant A (Batch Ingest)","PutLarge",1,0,98.789,0.000,98.780
"Tenant A (Batch Ingest)","PutLarge",1,0,96.507,0.000,96.502
"Tenant A (Batch Ingest)","PutLarge",1,0,101.151,0.000,101.149
"Tenant A (Batch Ingest)","PutLarge",1,0,108.330,0.000,108.327
"Tenant A (Batch Ingest)","PutLarge",1,0,103.129,0.000,103.125
"Tenant A (Batch Ingest)","PutSmall",1,0,23.484,0.000,23.482
"Tenant A (Batch Ingest)","PutLarge",1,0,109.040,0.001,109.030
"Tenant A (Batch Ingest)","PutSmall",1,0,27.233,0.000,27.231
"Tenant A (Batch Ingest)","PutSmall",1,0,29.623,0.000,29.620
"Tenant A (Batch Ingest)","PutSmall",1,0,29.033,0.000,29.030
"Tenant A (Batch Ingest)","PutLarge",1,0,104.151,0.000,104.148
"Tenant A (Batch Ingest)","PutSmall",1,0,20.885,0.000,20.882
"Tenant A (Batch Ingest)","PutSmall",1,0,27.617,0.000,27.611
"Tenant A (Batch Ingest)","PutSmall",1,0,23.580,0.000,23.577
"Tenant A (Batch Ingest)","PutSmall",1,0,24.217,0.000,24.204
"Tenant A (Batch Ingest)","PutLarge",1,0,114.705,0.000,114.701
"Tenant A (Batch Ingest)","PutSmall",1,0,26.085,0.000,26.080
"Tenant A (Batch Ingest)","PutSmall",1,0,26.006,0.000,26.002
"Tenant A (Batch Ingest)","PutSmall",1,0,23.319,0.000,23.315
"Tenant A (Batch Ingest)","PutLarge",1,0,112.723,0.000,112.710
"Tenant A (Batch Ingest)","PutLarge",1,0,111.384,0.000,111.380
"Tenant A (Batch Ingest)","PutSmall",1,0,24.005,0.000,24.001
"Tenant A (Batch Ingest)","PutLarge",1,0,103.832,0.000,103.830
"Tenant A (Batch Ingest)","PutLarge",1,0,102.522,0.000,102.517
"Tenant A (Batch Ingest)","PutSmall",1,0,23.968,0.000,23.964
"Tenant A (Batch Ingest)","PutLarge",1,0,115.783,0.000,115.772
"Tenant A (Batch Ingest)","PutLarge",1,0,97.918,0.000,97.916
"Tenant A (Batch Ingest)","PutLarge",1,0,109.664,0.000,109.661
"Tenant A (Batch Ingest)","PutSmall",1,0,28.241,0.000,28.238
"Tenant A (Batch Ingest)","PutLarge",1,0,100.600,0.000,100.596
"Tenant A (Batch Ingest)","PutLarge",1,0,98.574,0.000,98.572
"Tenant A (Batch Ingest)","PutLarge",1,0,102.758,0.000,102.755
"Tenant A (Batch Ingest)","PutSmall",1,0,23.942,0.000,23.939
"Tenant A (Batch Ingest)","PutLarge",1,0,118.236,0.000,118.233
"Tenant A (Batch Ingest)","PutSmall",1,0,24.490,0.000,24.488
"Tenant A (Batch Ingest)","PutLarge",1,0,117.143,0.000,117.140
"Tenant A (Batch Ingest)","PutLarge",1,0,95.014,0.000,95.013
"Tenant A (Batch Ingest)","PutSmall",1,0,26.006,0.000,26.004
"Tenant A (Batch Ingest)","PutLarge",1,0,96.847,0.000,96.845
"Tenant A (Batch Ingest)","PutSmall",1,0,29.375,0.000,29.372
"Tenant A (Batch Ingest)","PutSmall",1,0,30.300,0.000,30.292
"Tenant A (Batch Ingest)","PutSmall",1,0,26.962,0.000,26.957
"Tenant A (Batch Ingest)","PutLarge",1,0,112.628,0.000,112.623
"Tenant A (Batch Ingest)","PutSmall",1,0,27.943,0.000,27.942
"Tenant A (Batch Ingest)","PutSmall",1,0,25.829,0.000,25.828
"Tenant A (Batch Ingest)","PutLarge",1,0,110.810,0.000,110.805
"Tenant A (Batch Ingest)","PutLarge",1,0,103.835,0.000,103.831
"Tenant A (Batch Ingest)","PutSmall",1,0,28.147,0.000,28.145
"Tenant A (Batch Ingest)","PutSmall",1,0,28.454,0.000,28.451
"Tenant A (Batch Ingest)","PutSmall",1,0,27.975,0.000,27.972
"Tenant A (Batch Ingest)","PutLarge",1,0,106.957,0.000,106.955
"Tenant A (Batch Ingest)","PutSmall",1,0,25.648,0.000,25.646
"Tenant A (Batch Ingest)","PutSmall",1,0,29.560,0.000,29.557
"Tenant A (Batch Ingest)","PutSmall",1,0,24.393,0.000,24.390
"Tenant A (Batch Ingest)","PutLarge",1,0,117.485,0.000,117.480
"Tenant A (Batch Ingest)","PutLarge",1,0,95.766,0.000,95.758
"Tenant A (Batch Ingest)","PutSmall",1,0,23.173,0.000,23.170
"Tenant A (Batch Ingest)","PutLarge",1,0,97.958,0.000,97.956
"Tenant A (Batch Ingest)","PutLarge",1,0,105.190,0.000,105.187
"Tenant A (Batch Ingest)","PutSmall",1,0,28.467,0.000,28.463
"Tenant A (Batch Ingest)","PutLarge",1,0,103.062,0.000,103.058
"Tenant A (Batch Ingest)","PutLarge",1,0,97.326,0.000,97.323
"Tenant A (Batch Ingest)","PutLarge",1,0,100.255,0.000,100.253
"Tenant A (Batch Ingest)","PutSmall",1,0,28.871,0.000,28.869
"Tenant A (Batch Ingest)","PutSmall",1,0,26.797,0.000,26.795
"Tenant A (Batch Ingest)","PutSmall",1,0,25.791,0.000,25.790
"Tenant A (Batch Ingest)","PutSmall",1,0,30.709,0.000,30.707
"Tenant A (Batch Ingest)","PutSmall",1,0,25.765,0.000,25.760
"Tenant A (Batch Ingest)","PutLarge",1,0,93.779,0.000,93.776
"Tenant A (Batch Ingest)","PutSmall",1,0,27.840,0.000,27.838
"Tenant A (Batch Ingest)","PutLarge",1,0,97.280,0.000,97.278
"Tenant A (Batch Ingest)","PutSmall",1,0,26.961,0.000,26.959
"Tenant A (Batch Ingest)","PutLarge",1,0,106.231,0.000,106.228
"Tenant A (Batch Ingest)","PutSmall",1,0,29.509,0.000,29.496
"Tenant A (Batch Ingest)","PutSmall",1,0,25.305,0.000,25.300
"Tenant A (Batch Ingest)","PutSmall",1,0,28.058,0.000,28.052
"Tenant A (Batch Ingest)","PutSmall",1,0,29.457,0.000,29.426
"Tenant A (Batch Ingest)","PutLarge",1,0,102.426,0.000,102.395
"Tenant A (Batch Ingest)","PutLarge",1,0,111.984,0.000,111.977
"Tenant A (Batch Ingest)","PutLarge",1,0,110.489,0.000,110.485
"Tenant A (Batch Ingest)","PutSmall",1,0,26.321,0.000,26.317
"Tenant A (Batch Ingest)","PutSmall",1,0,23.794,0.000,23.789
"Tenant A (Batch Ingest)","PutSmall",1,0,24.683,0.000,24.679
"Tenant A (Batch Ingest)","PutLarge",1,0,105.644,0.000,105.640
"Tenant A (Batch Ingest)","PutLarge",1,0,114.351,0.000,114.320
"Tenant A (Batch Ingest)","PutSmall",1,0,28.157,0.000,28.130
"Tenant A (Batch Ingest)","PutSmall",1,0,26.099,0.000,26.089
"Tenant A (Batch Ingest)","PutSmall",1,0,25.544,0.000,25.541
"Tenant A (Batch Ingest)","PutSmall",1,0,24.848,0.000,24.845
"Tenant A (Batch Ingest)","PutSmall",1,0,26.398,0.000,26.395
"Tenant A (Batch Ingest)","PutLarge",1,0,97.194,0.000,97.192
"Tenant A (Batch Ingest)","PutSmall",1,0,26.897,0.001,26.892
"Tenant A (Batch Ingest)","PutLarge",1,0,100.518,0.000,100.514
"Tenant A (Batch Ingest)","PutSmall",1,0,25.145,0.001,25.141
"Tenant A (Batch Ingest)","PutSmall",1,0,29.219,0.001,29.214
"Tenant A (Batch Ingest)","PutLarge",1,0,100.505,0.000,100.503
"Tenant A (Batch Ingest)","PutSmall",1,0,25.547,0.000,25.543
"Tenant A (Batch Ingest)","PutLarge",1,0,102.283,0.000,102.281
"Tenant A (Batch Ingest)","PutSmall",1,0,26.437,0.001,26.430
"Tenant A (Batch Ingest)","PutLarge",1,0,119.304,0.000,119.295
"Tenant A (Batch Ingest)","PutLarge",1,0,111.995,0.000,111.991
"Tenant A (Batch Ingest)","PutLarge",1,0,100.787,0.000,100.783
"Tenant A (Batch Ingest)","PutLarge",1,0,101.534,0.000,101.531
"Tenant A (Batch Ingest)","PutLarge",1,0,104.648,0.000,104.645
"Tenant A (Batch Ingest)","PutLarge",1,0,106.840,0.000,106.831
"Tenant A (Batch Ingest)","PutLarge",1,0,110.877,0.000,110.873
"Tenant A (Batch Ingest)","PutLarge",1,0,99.488,0.000,99.477
"Tenant A (Batch Ingest)","PutLarge",1,0,95.652,0.000,95.645
"Tenant A (Batch Ingest)","PutLarge",1,0,108.337,0.000,108.328
"Tenant A (Batch Ingest)","PutLarge",1,0,107.812,0.000,107.809
"Tenant A (Batch Ingest)","PutLarge",1,0,107.120,0.000,107.116
"Tenant A (Batch Ingest)","PutLarge",1,0,104.374,0.000,104.371
"Tenant A (Batch Ingest)","PutLarge",1,0,104.679,0.000,104.677
"Tenant A (Batch Ingest)","PutLarge",1,0,105.062,0.000,105.058
"Tenant A (Batch Ingest)","PutLarge",1,0,104.731,0.000,104.716
"Tenant A (Batch Ingest)","PutLarge",1,0,115.887,0.000,115.884
"Tenant A (Batch Ingest)","PutLarge",1,0,108.273,0.001,108.262
"Tenant A (Batch Ingest)","PutLarge",1,0,121.675,0.000,121.666
"Tenant A (Batch Ingest)","PutLarge",1,0,104.503,0.001,104.499
"Tenant A (Batch Ingest)","PutLarge",1,0,116.798,0.000,116.792
"Tenant A (Batch Ingest)","PutLarge",1,0,104.458,0.000,104.456
"Tenant A (Batch Ingest)","PutLarge",1,0,109.460,0.000,109.457
"Tenant A (Batch Ingest)","PutLarge",1,0,110.033,0.000,110.031
"Tenant A (Batch Ingest)","PutLarge",1,0,114.597,0.000,114.591
"Tenant A (Batch Ingest)","PutLarge",1,0,120.352,0.000,120.350
"Tenant A (Batch Ingest)","PutLarge",1,0,104.864,0.000,104.833
"Tenant A (Batch Ingest)","PutLarge",1,0,102.132,0.000,102.104
"Tenant A (Batch Ingest)","PutLarge",1,0,103.301,0.000,103.274
"Tenant A (Batch Ingest)","PutLarge",1,0,107.004,0.000,106.978
"Tenant A (Batch Ingest)","PutLarge",1,0,113.667,0.000,113.636
"Tenant A (Batch Ingest)","PutLarge",1,0,112.103,0.000,112.074
"Tenant A (Batch Ingest)","PutLarge",1,0,111.237,0.000,111.211
"Tenant A (Batch Ingest)","PutLarge",1,0,114.605,0.000,114.579
"Tenant A (Batch Ingest)","PutLarge",1,0,117.495,0.000,117.491
"Tenant A (Batch Ingest)","PutLarge",1,0,106.641,0.000,106.613
"Tenant A (Batch Ingest)","PutLarge",1,0,105.752,0.000,105.724
"Tenant A (Batch Ingest)","PutLarge",1,0,105.302,0.000,105.274
"Tenant A (Batch Ingest)","PutLarge",1,0,113.933,0.000,113.903
"Tenant A (Batch Ingest)","PutLarge",1,0,106.938,0.000,106.908
"Tenant A (Batch Ingest)","PutLarge",1,0,119.814,0.000,119.800
"Tenant A (Batch Ingest)","PutLarge",1,0,113.695,0.000,113.674
"Tenant A (Batch Ingest)","PutLarge",1,0,108.049,0.000,108.019
"Tenant A (Batch Ingest)","PutLarge",1,0,115.206,0.000,115.179
"Tenant A (Batch Ingest)","PutLarge",1,0,118.521,0.000,118.514
"Tenant A (Batch Ingest)","PutLarge",1,0,117.145,0.000,117.141
"Tenant A (Batch Ingest)","PutLarge",1,0,106.761,0.000,106.757
"Tenant A (Batch Ingest)","PutLarge",1,0,117.930,0.000,117.922
"Tenant A (Batch Ingest)","PutLarge",1,0,116.968,0.000,116.965
"Tenant A (Batch Ingest)","PutLarge",1,0,120.689,0.000,120.686
"Tenant A (Batch Ingest)","PutLarge",1,0,114.393,0.000,114.387
"Tenant A (Batch Ingest)","PutLarge",1,0,106.332,0.000,106.328
"Tenant A (Batch Ingest)","PutLarge",1,0,118.816,0.000,118.813
"Tenant A (Batch Ingest)","PutSmall",1,0,25.942,0.000,25.939
"Tenant A (Batch Ingest)","PutLarge",1,0,115.106,0.000,115.102
"Tenant A (Batch Ingest)","PutLarge",1,0,116.509,0.000,116.505
"Tenant A (Batch Ingest)","PutLarge",1,0,106.615,0.000,106.612
"Tenant A (Batch Ingest)","PutLarge",1,0,113.347,0.000,113.343
"Tenant A (Batch Ingest)","PutLarge",1,0,110.133,0.000,110.130
"Tenant A (Batch Ingest)","PutSmall",1,0,28.385,0.000,28.382
"Tenant A (Batch Ingest)","PutLarge",1,0,122.644,0.000,122.635
"Tenant A (Batch Ingest)","PutSmall",1,0,24.668,0.000,24.661
"Tenant A (Batch Ingest)","PutLarge",1,0,105.364,0.000,105.355
"Tenant A (Batch Ingest)","PutLarge",1,0,104.010,0.000,104.002
"Tenant A (Batch Ingest)","PutLarge",1,0,103.416,0.000,103.409
"Tenant A (Batch Ingest)","PutLarge",1,0,117.082,0.000,117.074
"Tenant A (Batch Ingest)","PutLarge",1,0,123.328,0.000,123.325
"Tenant A (Batch Ingest)","PutLarge",1,0,107.627,0.000,107.623
"Tenant A (Batch Ingest)","PutSmall",1,0,29.653,0.000,29.649
"Tenant A (Batch Ingest)","PutSmall",1,0,25.984,0.000,25.981
"Tenant A (Batch Ingest)","PutLarge",1,0,118.088,0.000,118.083
"Tenant A (Batch Ingest)","PutLarge",1,0,108.950,0.000,108.946
"Tenant A (Batch Ingest)","PutLarge",1,0,121.058,0.000,121.055
"Tenant A (Batch Ingest)","PutLarge",1,0,120.369,0.000,120.363
"Tenant A (Batch Ingest)","PutSmall",1,0,27.634,0.000,27.625
"Tenant A (Batch Ingest)","PutSmall",1,0,27.250,0.000,27.247
"Tenant A (Batch Ingest)","PutLarge",1,0,109.680,0.000,109.677
"Tenant A (Batch Ingest)","PutLarge",1,0,120.833,0.000,120.828
"Tenant A (Batch Ingest)","PutLarge",1,0,110.249,0.000,110.241
"Tenant A (Batch Ingest)","PutSmall",1,0,28.698,0.000,28.690
"Tenant A (Batch Ingest)","PutSmall",1,0,28.114,0.000,28.110
"Tenant A (Batch Ingest)","PutSmall",1,0,25.804,0.000,25.797
"Tenant A (Batch Ingest)","PutSmall",1,0,27.182,0.000,27.171
"Tenant A (Batch Ingest)","PutSmall",1,0,27.169,0.000,27.161
"Tenant A (Batch Ingest)","PutLarge",1,0,116.991,0.000,116.987
"Tenant A (Batch Ingest)","PutSmall",1,0,26.223,0.000,26.180
"Tenant A (Batch Ingest)","PutSmall",1,0,24.743,0.000,24.729
"Tenant A (Batch Ingest)","PutLarge",1,0,109.814,0.000,109.811
"Tenant A (Batch Ingest)","PutSmall",1,0,27.764,0.000,27.762
"Tenant A (Batch Ingest)","PutLarge",1,0,114.264,0.000,114.260
"Tenant A (Batch Ingest)","PutLarge",1,0,113.550,0.000,113.546
"Tenant A (Batch Ingest)","PutLarge",1,0,115.333,0.000,115.329
"Tenant A (Batch Ingest)","PutLarge",1,0,104.858,0.000,104.854
"Tenant A (Batch Ingest)","PutSmall",1,0,26.672,0.000,26.667
"Tenant A (Batch Ingest)","PutLarge",1,0,104.009,0.000,104.005
"Tenant A (Batch Ingest)","PutSmall",1,0,27.848,0.000,27.844
"Tenant A (Batch Ingest)","PutSmall",1,0,29.751,0.000,29.746
"Tenant A (Batch Ingest)","PutSmall",1,0,26.986,0.002,26.979
"Tenant A (Batch Ingest)","PutLarge",1,0,108.997,0.000,108.994
"Tenant A (Batch Ingest)","PutLarge",1,0,121.783,0.000,121.779
"Tenant A (Batch Ingest)","PutSmall",1,0,26.352,0.000,26.347
"Tenant A (Batch Ingest)","PutSmall",1,0,26.058,0.000,26.053
"Tenant A (Batch Ingest)","PutSmall",1,0,26.103,0.000,26.101
"Tenant A (Batch Ingest)","PutSmall",1,0,25.994,0.000,25.990
"Tenant A (Batch Ingest)","PutLarge",1,0,114.086,0.000,114.083
"Tenant A (Batch Ingest)","PutLarge",1,0,117.774,0.000,117.769
"Tenant A (Batch Ingest)","PutSmall",1,0,22.258,0.000,22.254
"Tenant A (Batch Ingest)","PutSmall",1,0,24.555,0.000,24.546
"Tenant A (Batch Ingest)","PutLarge",1,0,109.993,0.000,109.987
"Tenant A (Batch Ingest)","PutLarge",1,0,104.653,0.000,104.650
"Tenant A (Batch Ingest)","PutLarge",1,0,105.402,0.000,105.399
"Tenant A (Batch Ingest)","PutSmall",1,0,28.739,0.000,28.737
"Tenant A (Batch Ingest)","PutLarge",1,0,112.674,0.000,112.669
"Tenant A (Batch Ingest)","PutSmall",1,0,26.277,0.000,26.274
"Tenant A (Batch Ingest)","PutLarge",1,0,107.801,0.000,107.797
"Tenant A (Batch Ingest)","PutLarge",1,0,113.756,0.000,113.747
"Tenant A (Batch Ingest)","PutLarge",1,0,100.140,0.000,100.133
"Tenant A (Batch Ingest)","PutLarge",1,0,100.354,0.000,100.344
"Tenant A (Batch Ingest)","PutLarge",1,0,94.772,0.000,94.768
"Tenant A (Batch Ingest)","PutLarge",1,0,107.316,0.000,107.312
"Tenant A (Batch Ingest)","PutLarge",1,0,102.626,0.000,102.622
"Tenant A (Batch Ingest)","PutSmall",1,0,25.353,0.000,25.351
"Tenant A (Batch Ingest)","PutLarge",1,0,100.262,0.000,100.258
"Tenant A (Batch Ingest)","PutSmall",1,0,29.539,0.000,29.536
"Tenant A (Batch Ingest)","PutLarge",1,0,113.900,0.000,113.896
"Tenant A (Batch Ingest)","PutLarge",1,0,105.563,0.000,105.561
"Tenant A (Batch Ingest)","PutLarge",1,0,113.581,0.000,113.578
"Tenant A (Batch Ingest)","PutSmall",1,0,29.420,0.000,29.415
"Tenant A (Batch Ingest)","PutSmall",1,0,25.235,0.000,25.232
"Tenant A (Batch Ingest)","PutLarge",1,0,88.960,0.000,88.957
"Tenant A (Batch Ingest)","PutLarge",1,0,105.473,0.000,105.469
"Tenant A (Batch Ingest)","PutLarge",1,0,93.452,0.000,93.442
"Tenant A (Batch Ingest)","PutLarge",1,0,97.697,0.000,97.684
"Tenant A (Batch Ingest)","PutLarge",1,0,100.867,0.000,100.859
"Tenant A (Batch Ingest)","PutSmall",1,0,29.223,0.000,29.218
"Tenant A (Batch Ingest)","PutSmall",1,0,22.838,0.000,22.831
"Tenant A (Batch Ingest)","PutLarge",1,0,111.357,0.000,111.355
"Tenant A (Batch Ingest)","PutSmall",1,0,25.097,0.000,25.094
"Tenant A (Batch Ingest)","PutSmall",1,0,30.783,0.000,30.780
"Tenant A (Batch Ingest)","PutSmall",1,0,25.919,0.000,25.916
"Tenant A (Batch Ingest)","PutSmall",1,0,26.917,0.000,26.913
"Tenant A (Batch Ingest)","PutSmall",1,0,29.358,0.000,29.354
"Tenant A (Batch Ingest)","PutSmall",1,0,25.165,0.000,25.162
"Tenant A (Batch Ingest)","PutLarge",1,0,121.139,0.000,121.136
"Tenant A (Batch Ingest)","PutLarge",1,0,115.900,0.000,115.896
"Tenant A (Batch Ingest)","PutLarge",1,0,96.875,0.000,96.868
"Tenant A (Batch Ingest)","PutSmall",1,0,26.891,0.001,26.886
"Tenant A (Batch Ingest)","PutSmall",1,0,30.217,0.000,30.213
"Tenant A (Batch Ingest)","PutSmall",1,0,25.302,0.000,25.299
"Tenant A (Batch Ingest)","PutLarge",1,0,102.574,0.000,102.572
"Tenant A (Batch Ingest)","PutSmall",1,0,29.315,0.000,29.308
"Tenant A (Batch Ingest)","PutSmall",1,0,26.731,0.000,26.719
"Tenant A (Batch Ingest)","PutLarge",1,0,98.912,0.000,98.909
"Tenant A (Batch Ingest)","PutLarge",1,0,98.873,0.000,98.870
"Tenant A (Batch Ingest)","PutLarge",1,0,102.386,0.000,102.384
"Tenant A (Batch Ingest)","PutSmall",1,0,26.874,0.000,26.871
"Tenant A (Batch Ingest)","PutSmall",1,0,28.056,0.000,28.054
"Tenant A (Batch Ingest)","PutSmall",1,0,24.752,0.000,24.748
"Tenant A (Batch Ingest)","PutLarge",1,0,103.160,0.000,103.158
"Tenant A (Batch Ingest)","PutSmall",1,0,30.881,0.000,30.879
"Tenant A (Batch Ingest)","PutLarge",1,0,99.837,0.000,99.828
"Tenant A (Batch Ingest)","PutLarge",1,0,113.052,0.000,113.049
"Tenant A (Batch Ingest)","PutSmall",1,0,28.473,0.000,28.471
"Tenant A (Batch Ingest)","PutLarge",1,0,99.630,0.000,99.626
"Tenant A (Batch Ingest)","PutSmall",1,0,27.652,0.000,27.648
"Tenant A (Batch Ingest)","PutLarge",1,0,97.515,0.000,97.513
"Tenant A (Batch Ingest)","PutSmall",1,0,25.034,0.000,25.031
"Tenant A (Batch Ingest)","PutLarge",1,0,98.899,0.000,98.897
"Tenant A (Batch Ingest)","PutLarge",1,0,110.248,0.000,110.244
"Tenant A (Batch Ingest)","PutSmall",1,0,25.725,0.000,25.723
"Tenant A (Batch Ingest)","PutSmall",1,0,24.948,0.000,24.944
"Tenant A (Batch Ingest)","PutSmall",1,0,30.191,0.000,30.186
"Tenant A (Batch Ingest)","PutLarge",1,0,94.781,0.000,94.777
"Tenant A (Batch Ingest)","PutSmall",1,0,22.140,0.000,22.138
"Tenant A (Batch Ingest)","PutSmall",1,0,26.658,0.000,26.656
"Tenant A (Batch Ingest)","PutSmall",1,0,27.941,0.000,27.937
"Tenant A (Batch Ingest)","PutLarge",1,0,103.824,0.001,103.819
"Tenant A (Batch Ingest)","PutSmall",1,0,27.625,0.000,27.623
"Tenant A (Batch Ingest)","PutSmall",1,0,29.725,0.000,29.722
"Tenant A (Batch Ingest)","PutSmall",1,0,29.632,0.000,29.630
"Tenant A (Batch Ingest)","PutSmall",1,0,28.464,0.000,28.457
"Tenant A (Batch Ingest)","PutLarge",1,0,105.708,0.000,105.703
"Tenant A (Batch Ingest)","PutSmall",1,0,23.701,0.000,23.697
"Tenant A (Batch Ingest)","PutSmall",1,0,25.326,0.000,25.323
"Tenant A (Batch Ingest)","PutSmall",1,0,26.688,0.000,26.686
"Tenant A (Batch Ingest)","PutLarge",1,0,109.231,0.000,109.226
"Tenant A (Batch Ingest)","PutLarge",1,0,117.463,0.000,117.460
"Tenant A (Batch Ingest)","PutLarge",1,0,95.372,0.000,95.369
"Tenant A (Batch Ingest)","PutLarge",1,0,111.829,0.000,111.825
"Tenant A (Batch Ingest)","PutLarge",1,0,121.082,0.000,121.081
"Tenant A (Batch Ingest)","PutLarge",1,0,109.776,0.000,109.765
"Tenant A (Batch Ingest)","PutLarge",1,0,122.716,0.000,122.713
"Tenant A (Batch Ingest)","PutLarge",1,0,110.068,0.000,110.064
"Tenant A (Batch Ingest)","PutLarge",1,0,102.520,0.000,102.516
"Tenant A (Batch Ingest)","PutLarge",1,0,104.005,0.000,104.001
"Tenant A (Batch Ingest)","PutLarge",1,0,99.131,0.000,99.127
"Tenant A (Batch Ingest)","PutLarge",1,0,107.278,0.000,107.265
"Tenant A (Batch Ingest)","PutLarge",1,0,105.268,0.000,105.264
"Tenant A (Batch Ingest)","PutLarge",1,0,108.712,0.000,108.707
"Tenant A (Batch Ingest)","PutLarge",1,0,113.482,0.000,113.478
"Tenant A (Batch Ingest)","PutLarge",1,0,112.951,0.000,112.947
"Tenant A (Batch Ingest)","PutLarge",1,0,101.456,0.000,101.444
"Tenant A (Batch Ingest)","PutLarge",1,0,106.965,0.000,106.961
"Tenant A (Batch Ingest)","PutLarge",1,0,96.775,0.000,96.772
"Tenant A (Batch Ingest)","PutLarge",1,0,116.707,0.000,116.704
"Tenant A (Batch Ingest)","PutLarge",1,0,104.391,0.000,104.389
"Tenant A (Batch Ingest)","PutLarge",1,0,100.061,0.000,100.059
"Tenant A (Batch Ingest)","PutLarge",1,0,112.029,0.000,112.025
"Tenant A (Batch Ingest)","PutLarge",1,0,121.920,0.000,121.910
"Tenant A (Batch Ingest)","PutLarge",1,0,124.289,0.000,124.284
"Tenant A (Batch Ingest)","PutLarge",1,0,104.331,0.000,104.323
"Tenant A (Batch Ingest)","PutLarge",1,0,105.321,0.000,104.787
"Tenant A (Batch Ingest)","PutLarge",1,0,105.613,0.000,105.608
"Tenant A (Batch Ingest)","PutLarge",1,0,115.794,0.000,115.784
"Tenant A (Batch Ingest)","PutLarge",1,0,112.700,0.000,112.672
"Tenant A (Batch Ingest)","PutLarge",1,0,116.761,0.000,116.733
"Tenant A (Batch Ingest)","PutLarge",1,0,110.570,0.000,110.541
"Tenant A (Batch Ingest)","PutLarge",1,0,107.576,0.000,107.562
"Tenant A (Batch Ingest)","PutLarge",1,0,118.600,0.000,118.595
"Tenant A (Batch Ingest)","PutLarge",1,0,118.759,0.000,118.745
"Tenant A (Batch Ingest)","PutLarge",1,0,109.455,0.000,109.436
"Tenant A (Batch Ingest)","PutLarge",1,0,104.593,0.000,104.590
"Tenant A (Batch Ingest)","PutLarge",1,0,106.795,0.000,106.793
"Tenant A (Batch Ingest)","PutLarge",1,0,121.874,0.000,121.871
"Tenant A (Batch Ingest)","PutLarge",1,0,122.395,0.000,122.390
"Tenant A (Batch Ingest)","PutLarge",1,0,121.391,0.000,121.389
"Tenant A (Batch Ingest)","PutLarge",1,0,108.811,0.000,108.808
"Tenant A (Batch Ingest)","PutLarge",1,0,122.868,0.000,122.866
"Tenant A (Batch Ingest)","PutLarge",1,0,107.551,0.000,107.547
"Tenant A (Batch Ingest)","PutLarge",1,0,115.555,0.000,115.551
"Tenant A (Batch Ingest)","PutLarge",1,0,102.833,0.000,102.830
"Tenant A (Batch Ingest)","PutLarge",1,0,112.646,0.000,112.642
"Tenant A (Batch Ingest)","PutSmall",1,0,26.608,0.000,26.599
"Tenant A (Batch Ingest)","PutLarge",1,0,106.296,0.000,106.293
"Tenant A (Batch Ingest)","PutLarge",1,0,103.650,0.000,103.649
"Tenant A (Batch Ingest)","PutSmall",1,0,27.644,0.000,27.640
"Tenant A (Batch Ingest)","PutSmall",1,0,29.730,0.000,29.727
"Tenant A (Batch Ingest)","PutLarge",1,0,106.291,0.000,106.287
"Tenant A (Batch Ingest)","PutSmall",1,0,23.606,0.000,23.604
"Tenant A (Batch Ingest)","PutSmall",1,0,26.096,0.000,26.094
"Tenant A (Batch Ingest)","PutLarge",1,0,102.718,0.000,102.714
"Tenant A (Batch Ingest)","PutLarge",1,0,114.813,0.000,114.811
"Tenant A (Batch Ingest)","PutSmall",1,0,26.012,0.000,26.005
"Tenant A (Batch Ingest)","PutSmall",1,0,25.659,0.000,25.654
"Tenant A (Batch Ingest)","PutSmall",1,0,29.639,0.000,29.637
"Tenant A (Batch Ingest)","PutLarge",1,0,115.518,0.000,115.515
"Tenant A (Batch Ingest)","PutLarge",1,0,111.257,0.000,111.253
"Tenant A (Batch Ingest)","PutLarge",1,0,107.315,0.000,107.313
"Tenant A (Batch Ingest)","PutLarge",1,0,115.553,0.000,115.550
"Tenant A (Batch Ingest)","PutLarge",1,0,116.248,0.000,116.237
"Tenant A (Batch Ingest)","PutSmall",1,0,21.337,0.000,21.328
"Tenant A (Batch Ingest)","PutSmall",1,0,24.878,0.000,24.873
"Tenant A (Batch Ingest)","PutSmall",1,0,25.093,0.000,25.091
"Tenant A (Batch Ingest)","PutLarge",1,0,111.374,0.000,111.372
"Tenant A (Batch Ingest)","PutLarge",1,0,110.914,0.000,110.911
"Tenant A (Batch Ingest)","PutSmall",1,0,27.866,0.000,27.862
"Tenant A (Batch Ingest)","PutSmall",1,0,30.612,0.000,30.608
"Tenant A (Batch Ingest)","PutSmall",1,0,23.958,0.000,23.953
"Tenant A (Batch Ingest)","PutLarge",1,0,122.632,0.000,122.627
"Tenant A (Batch Ingest)","PutLarge",1,0,120.108,0.000,120.100
"Tenant A (Batch Ingest)","PutLarge",1,0,111.136,0.000,111.133
"Tenant A (Batch Ingest)","PutSmall",1,0,27.181,0.000,27.179
"Tenant A (Batch Ingest)","PutLarge",1,0,118.365,0.000,118.361
"Tenant A (Batch Ingest)","PutSmall",1,0,26.537,0.000,26.534
"Tenant A (Batch Ingest)","PutLarge",1,0,106.589,0.000,106.585
"Tenant A (Batch Ingest)","PutSmall",1,0,26.194,0.000,26.190
"Tenant A (Batch Ingest)","PutLarge",1,0,110.242,0.000,110.239
"Tenant A (Batch Ingest)","PutLarge",1,0,123.374,0.000,123.370
"Tenant A (Batch Ingest)","PutLarge",1,0,114.669,0.000,114.665
"Tenant A (Batch Ingest)","PutLarge",1,0,110.858,0.000,110.851
"Tenant A (Batch Ingest)","PutLarge",1,0,121.633,0.000,121.627
"Tenant A (Batch Ingest)","PutLarge",1,0,111.916,0.000,111.914
"Tenant A (Batch Ingest)","PutLarge",1,0,122.960,0.000,122.955
"Tenant A (Batch Ingest)","PutSmall",1,0,29.365,0.000,29.362
"Tenant A (Batch Ingest)","PutLarge",1,0,115.903,0.000,115.893
"Tenant A (Batch Ingest)","PutSmall",1,0,28.631,0.000,28.623
"Tenant A (Batch Ingest)","PutSmall",1,0,28.999,0.000,28.991
"Tenant A (Batch Ingest)","PutLarge",1,0,107.701,0.000,107.697
"Tenant A (Batch Ingest)","PutSmall",1,0,28.779,0.000,28.769
"Tenant A (Batch Ingest)","PutSmall",1,0,30.920,0.000,30.913
"Tenant A (Batch Ingest)","PutSmall",1,0,28.055,0.000,28.048
"Tenant A (Batch Ingest)","PutLarge",1,0,82.957,0.000,82.947
"Tenant A (Batch Ingest)","PutLarge",1,0,98.583,0.000,98.579
"Tenant A (Batch Ingest)","PutLarge",1,0,109.116,0.000,109.107
"Tenant A (Batch Ingest)","PutLarge",1,0,86.632,0.000,86.623
"Tenant A (Batch Ingest)","PutLarge",1,0,117.977,0.000,117.968
"Tenant A (Batch Ingest)","PutLarge",1,0,100.718,0.000,100.709
"Tenant A (Batch Ingest)","PutLarge",1,0,102.969,0.000,102.941
"Tenant A (Batch Ingest)","PutLarge",1,0,90.850,0.000,90.822
"Tenant A (Batch Ingest)","PutLarge",1,0,111.267,0.000,111.264
"Tenant A (Batch Ingest)","PutLarge",1,0,105.234,0.000,105.230
"Tenant A (Batch Ingest)","PutLarge",1,0,112.836,0.000,112.834
"Tenant A (Batch Ingest)","PutLarge",1,0,107.617,0.000,107.614
"Tenant A (Batch Ingest)","PutLarge",1,0,113.083,0.000,113.079
"Tenant A (Batch Ingest)","PutLarge",1,0,111.254,0.000,111.248
"Tenant A (Batch Ingest)","PutLarge",1,0,106.666,0.000,106.662
"Tenant A (Batch Ingest)","PutSmall",1,0,26.881,0.000,26.877
"Tenant A (Batch Ingest)","PutLarge",1,0,98.794,0.000,98.791
"Tenant A (Batch Ingest)","PutLarge",1,0,116.607,0.000,116.605
"Tenant A (Batch Ingest)","PutLarge",1,0,103.655,0.000,103.651
"Tenant A (Batch Ingest)","PutSmall",1,0,32.186,0.000,32.172
"Tenant A (Batch Ingest)","PutSmall",1,0,27.977,0.000,27.973
"Tenant A (Batch Ingest)","PutLarge",1,0,118.182,0.000,118.179
"Tenant A (Batch Ingest)","PutLarge",1,0,103.162,0.000,103.159
"Tenant A (Batch Ingest)","PutLarge",1,0,102.755,0.000,102.752
"Tenant A (Batch Ingest)","PutLarge",1,0,111.523,0.000,111.519
"Tenant A (Batch Ingest)","PutLarge",1,0,110.390,0.000,110.385
"Tenant A (Batch Ingest)","PutLarge",1,0,112.645,0.000,112.640
"Tenant A (Batch Ingest)","PutSmall",1,0,28.051,0.000,28.049
"Tenant A (Batch Ingest)","PutSmall",1,0,27.846,0.000,27.844
"Tenant A (Batch Ingest)","PutLarge",1,0,102.176,0.000,102.168
"Tenant A (Batch Ingest)","PutSmall",1,0,27.232,0.000,27.229
"Tenant A (Batch Ingest)","PutSmall",1,0,22.135,0.000,22.132
"Tenant A (Batch Ingest)","PutLarge",1,0,101.528,0.000,101.524
"Tenant A (Batch Ingest)","PutLarge",1,0,101.984,0.000,101.981
"Tenant A (Batch Ingest)","PutLarge",1,0,107.280,0.000,107.278
"Tenant A (Batch Ingest)","PutLarge",1,0,111.676,0.000,111.673
"Tenant A (Batch Ingest)","PutSmall",1,0,28.037,0.000,28.032
"Tenant A (Batch Ingest)","PutLarge",1,0,114.628,0.000,114.625
"Tenant A (Batch Ingest)","PutLarge",1,0,104.616,0.000,104.614
"Tenant A (Batch Ingest)","PutSmall",1,0,28.585,0.000,28.584
"Tenant A (Batch Ingest)","PutLarge",1,0,102.354,0.000,102.350
"Tenant A (Batch Ingest)","PutLarge",1,0,111.845,0.000,111.840
"Tenant A (Batch Ingest)","PutLarge",1,0,116.328,0.000,116.324
"Tenant A (Batch Ingest)","PutSmall",1,0,26.515,0.000,26.512
"Tenant A (Batch Ingest)","PutLarge",1,0,114.681,0.000,114.676
"Tenant A (Batch Ingest)","PutLarge",1,0,121.363,0.000,121.358
"Tenant A (Batch Ingest)","PutLarge",1,0,109.896,0.000,109.890
"Tenant A (Batch Ingest)","PutLarge",1,0,112.971,0.000,112.967
"Tenant A (Batch Ingest)","PutSmall",1,0,24.411,0.000,24.407
"Tenant A (Batch Ingest)","PutLarge",1,0,117.929,0.000,117.925
"Tenant A (Batch Ingest)","PutLarge",1,0,108.804,0.000,108.799
"Tenant A (Batch Ingest)","PutLarge",1,0,123.968,0.000,123.963
"Tenant A (Batch Ingest)","PutSmall",1,0,28.595,0.000,28.592
"Tenant A (Batch Ingest)","PutSmall",1,0,26.028,0.000,26.022
"Tenant A (Batch Ingest)","PutSmall",1,0,26.163,0.000,26.150
"Tenant A (Batch Ingest)","PutSmall",1,0,24.254,0.000,24.249
"Tenant A (Batch Ingest)","PutSmall",1,0,23.425,0.000,23.420
"Tenant A (Batch Ingest)","PutLarge",1,0,105.018,0.001,105.010
"Tenant A (Batch Ingest)","PutSmall",1,0,25.426,0.000,25.422
"Tenant A (Batch Ingest)","PutLarge",1,0,113.173,0.000,113.166
"Tenant A (Batch Ingest)","PutSmall",1,0,26.566,0.000,26.561
"Tenant A (Batch Ingest)","PutSmall",1,0,22.773,0.001,22.769
"Tenant A (Batch Ingest)","PutSmall",1,0,30.674,0.001,30.670
"Tenant A (Batch Ingest)","PutSmall",1,0,23.328,0.000,23.313
"Tenant A (Batch Ingest)","PutSmall",1,0,26.837,0.001,26.828
"Tenant A (Batch Ingest)","PutSmall",1,0,25.438,0.001,25.433
"Tenant A (Batch Ingest)","PutLarge",1,0,106.326,0.000,106.322
"Tenant A (Batch Ingest)","PutLarge",1,0,112.256,0.000,112.252
"Tenant A (Batch Ingest)","PutLarge",1,0,110.709,0.000,110.705
"Tenant A (Batch Ingest)","PutLarge",1,0,101.841,0.000,101.836
"Tenant A (Batch Ingest)","PutLarge",1,0,111.762,0.000,111.759
"Tenant A (Batch Ingest)","PutLarge",1,0,101.352,0.000,101.348
"Tenant A (Batch Ingest)","PutLarge",1,0,118.254,0.000,118.249
"Tenant A (Batch Ingest)","PutSmall",1,0,26.856,0.001,26.852
"Tenant A (Batch Ingest)","PutSmall",1,0,23.616,0.001,23.610
"Tenant A (Batch Ingest)","PutSmall",1,0,26.080,0.000,26.077
"Tenant A (Batch Ingest)","PutLarge",1,0,104.524,0.000,104.515
"Tenant A (Batch Ingest)","PutLarge",1,0,105.460,0.000,105.455
"Tenant A (Batch Ingest)","PutSmall",1,0,27.723,0.001,27.719
"Tenant A (Batch Ingest)","PutLarge",1,0,108.039,0.000,108.037
"Tenant A (Batch Ingest)","PutLarge",1,0,102.112,0.000,102.107
"Tenant A (Batch Ingest)","PutLarge",1,0,97.903,0.000,97.899
"Tenant A (Batch Ingest)","PutLarge",1,0,115.056,0.000,115.053
"Tenant A (Batch Ingest)","PutLarge",1,0,99.493,0.000,99.490
"Tenant A (Batch Ingest)","PutSmall",1,0,23.945,0.001,23.940
"Tenant A (Batch Ingest)","PutSmall",1,0,23.376,0.001,23.373
"Tenant A (Batch Ingest)","PutLarge",1,0,106.758,0.000,106.756
"Tenant A (Batch Ingest)","PutLarge",1,0,96.165,0.000,96.160
"Tenant A (Batch Ingest)","PutSmall",1,0,23.720,0.000,23.714
"Tenant A (Batch Ingest)","PutSmall",1,0,29.286,0.001,29.281
"Tenant A (Batch Ingest)","PutLarge",1,0,113.236,0.000,113.233
"Tenant A (Batch Ingest)","PutSmall",1,0,26.099,0.001,26.095
"Tenant A (Batch Ingest)","PutLarge",1,0,116.422,0.000,116.411
"Tenant A (Batch Ingest)","PutSmall",1,0,24.829,0.001,24.822
"Tenant A (Batch Ingest)","PutSmall",1,0,29.625,0.001,29.621
"Tenant A (Batch Ingest)","PutLarge",1,0,100.567,0.001,100.563
"Tenant A (Batch Ingest)","PutLarge",1,0,95.770,0.000,95.765
"Tenant A (Batch Ingest)","PutSmall",1,0,25.820,0.000,25.816
"Tenant A (Batch Ingest)","PutLarge",1,0,98.421,0.000,98.415
"Tenant A (Batch Ingest)","PutSmall",1,0,26.750,0.000,26.745
"Tenant A (Batch Ingest)","PutLarge",1,0,97.989,0.001,97.979
"Tenant A (Batch Ingest)","PutSmall",1,0,29.373,0.001,29.368
"Tenant A (Batch Ingest)","PutLarge",1,0,108.746,0.000,108.740
"Tenant A (Batch Ingest)","PutLarge",1,0,111.485,0.001,111.480
"Tenant A (Batch Ingest)","PutLarge",1,0,107.432,0.000,107.425
"Tenant A (Batch Ingest)","PutSmall",1,0,28.935,0.001,28.930
"Tenant A (Batch Ingest)","PutSmall",1,0,27.895,0.000,27.892
"Tenant A (Batch Ingest)","PutSmall",1,0,29.644,0.001,29.640
"Tenant A (Batch Ingest)","PutLarge",1,0,110.278,0.001,110.273
"Tenant A (Batch Ingest)","PutLarge",1,0,94.753,0.001,94.748
"Tenant A (Batch Ingest)","PutSmall",1,0,28.519,0.001,28.512
"Tenant A (Batch Ingest)","PutSmall",1,0,27.228,0.001,27.222
"Tenant A (Batch Ingest)","PutLarge",1,0,100.484,0.000,100.480
"Tenant A (Batch Ingest)","PutSmall",1,0,25.599,0.000,25.592
"Tenant A (Batch Ingest)","PutLarge",1,0,111.041,0.000,111.026
"Tenant A (Batch Ingest)","PutSmall",1,0,28.072,0.000,28.070
"Tenant A (Batch Ingest)","PutLarge",1,0,106.936,0.000,106.931
"Tenant A (Batch Ingest)","PutSmall",1,0,29.422,0.000,29.419
"Tenant A (Batch Ingest)","PutSmall",1,0,25.624,0.000,25.620
"Tenant A (Batch Ingest)","PutSmall",1,0,30.801,0.000,30.796
"Tenant A (Batch Ingest)","PutSmall",1,0,26.566,0.000,26.561
"Tenant A (Batch Ingest)","PutLarge",1,0,113.917,0.000,113.905
"Tenant A (Batch Ingest)","PutLarge",1,0,117.015,0.001,117.004
"Tenant A (Batch Ingest)","PutLarge",1,0,89.683,0.000,89.677
"Tenant A (Batch Ingest)","PutLarge",1,0,118.169,0.000,118.151
"Tenant A (Batch Ingest)","PutLarge",1,0,106.748,0.001,106.710
"Tenant A (Batch Ingest)","PutLarge",1,0,96.254,0.000,96.242
"Tenant A (Batch Ingest)","PutLarge",1,0,100.889,0.001,100.880
"Tenant A (Batch Ingest)","PutLarge",1,0,104.386,0.001,104.382
"Tenant A (Batch Ingest)","PutLarge",1,0,105.311,0.001,105.306
"Tenant A (Batch Ingest)","PutLarge",1,0,106.360,0.000,106.350
"Tenant A (Batch Ingest)","PutLarge",1,0,111.877,0.000,111.872
"Tenant A (Batch Ingest)","PutLarge",1,0,102.507,0.000,102.504
"Tenant A (Batch Ingest)","PutLarge",1,0,108.118,0.000,108.115
"Tenant A (Batch Ingest)","PutLarge",1,0,117.851,0.001,117.847
"Tenant A (Batch Ingest)","PutLarge",1,0,105.380,0.000,105.376
"Tenant A (Batch Ingest)","PutLarge",1,0,102.384,0.000,102.380
"Tenant A (Batch Ingest)","PutLarge",1,0,108.808,0.000,108.804
"Tenant A (Batch Ingest)","PutLarge",1,0,103.898,0.001,103.894
"Tenant A (Batch Ingest)","PutLarge",1,0,106.375,0.000,106.367
"Tenant A (Batch Ingest)","PutLarge",1,0,104.721,0.000,104.717
"Tenant A (Batch Ingest)","PutLarge",1,0,109.171,0.000,109.162
"Tenant A (Batch Ingest)","PutLarge",1,0,109.311,0.000,109.305
"Tenant A (Batch Ingest)","PutLarge",1,0,101.704,0.000,101.700
"Tenant A (Batch Ingest)","PutLarge",1,0,120.606,0.000,120.603
"Tenant A (Batch Ingest)","PutLarge",1,0,114.169,0.000,114.166
"Tenant A (Batch Ingest)","PutLarge",1,0,119.315,0.000,119.313
"Tenant A (Batch Ingest)","PutLarge",1,0,116.911,0.000,116.906
"Tenant A (Batch Ingest)","PutLarge",1,0,107.736,0.000,107.734
"Tenant A (Batch Ingest)","PutLarge",1,0,120.695,0.000,120.691
"Tenant A (Batch Ingest)","PutLarge",1,0,113.222,0.001,113.218
"Tenant A (Batch Ingest)","PutLarge",1,0,108.517,0.000,108.513
"Tenant A (Batch Ingest)","PutLarge",1,0,124.020,0.001,124.016
"Tenant A (Batch Ingest)","PutLarge",1,0,114.905,0.000,114.896
"Tenant A (Batch Ingest)","PutLarge",1,0,110.995,0.000,110.986
"Tenant A (Batch Ingest)","PutLarge",1,0,103.418,0.000,103.412
"Tenant A (Batch Ingest)","PutLarge",1,0,102.760,0.000,102.756
"Tenant A (Batch Ingest)","PutLarge",1,0,110.454,0.001,110.446
"Tenant A (Batch Ingest)","PutLarge",1,0,122.134,0.000,122.130
"Tenant A (Batch Ingest)","PutLarge",1,0,102.362,0.001,102.353
"Tenant A (Batch Ingest)","PutLarge",1,0,109.500,0.000,109.497
"Tenant A (Batch Ingest)","PutSmall",1,0,32.361,0.000,32.354
"Tenant A (Batch Ingest)","PutLarge",1,0,109.504,0.001,109.498
"Tenant A (Batch Ingest)","PutSmall",1,0,28.277,0.000,28.273
"Tenant A (Batch Ingest)","PutSmall",1,0,28.897,0.000,28.893
"Tenant A (Batch Ingest)","PutSmall",1,0,28.792,0.000,28.789
"Tenant A (Batch Ingest)","PutSmall",1,0,28.374,0.000,28.372
"Tenant A (Batch Ingest)","PutLarge",1,0,111.283,0.000,111.279
"Tenant A (Batch Ingest)","PutSmall",1,0,28.454,0.000,28.450
"Tenant A (Batch Ingest)","PutLarge",1,0,105.602,0.000,105.598
"Tenant A (Batch Ingest)","PutLarge",1,0,122.343,0.000,122.340
"Tenant A (Batch Ingest)","PutSmall",1,0,26.273,0.000,26.264
"Tenant A (Batch Ingest)","PutSmall",1,0,26.733,0.000,26.726
"Tenant A (Batch Ingest)","PutLarge",1,0,101.536,0.000,101.526
"Tenant A (Batch Ingest)","PutLarge",1,0,112.167,0.000,112.165
"Tenant A (Batch Ingest)","PutLarge",1,0,102.603,0.000,102.599
"Tenant A (Batch Ingest)","PutLarge",1,0,102.578,0.000,102.575
"Tenant A (Batch Ingest)","PutLarge",1,0,115.046,0.000,115.043
"Tenant A (Batch Ingest)","PutLarge",1,0,107.867,0.000,107.859
"Tenant A (Batch Ingest)","PutLarge",1,0,108.413,0.000,108.404
"Tenant A (Batch Ingest)","PutLarge",1,0,122.071,0.000,122.062
"Tenant A (Batch Ingest)","PutLarge",1,0,118.911,0.000,118.903
"Tenant A (Batch Ingest)","PutSmall",1,0,25.266,0.000,25.258
"Tenant A (Batch Ingest)","PutSmall",1,0,25.991,0.000,25.980
"Tenant A (Batch Ingest)","PutSmall",1,0,27.075,0.000,27.060
"Tenant A (Batch Ingest)","PutLarge",1,0,111.802,0.000,111.784
"Tenant A (Batch Ingest)","PutLarge",1,0,101.520,0.000,101.501
"Tenant A (Batch Ingest)","PutSmall",1,0,26.667,0.000,26.664
"Tenant A (Batch Ingest)","PutLarge",1,0,104.095,0.000,104.093
"Tenant A (Batch Ingest)","PutLarge",1,0,118.771,0.000,118.761
"Tenant A (Batch Ingest)","PutLarge",1,0,118.012,0.000,118.008
"Tenant A (Batch Ingest)","PutSmall",1,0,28.118,0.000,28.115
"Tenant A (Batch Ingest)","PutSmall",1,0,25.127,0.000,25.124
"Tenant A (Batch Ingest)","PutLarge",1,0,106.163,0.000,106.160
"Tenant A (Batch Ingest)","PutLarge",1,0,119.836,0.000,119.832
"Tenant A (Batch Ingest)","PutLarge",1,0,115.980,0.000,115.977
"Tenant A (Batch Ingest)","PutLarge",1,0,114.543,0.000,114.539
"Tenant A (Batch Ingest)","PutLarge",1,0,116.247,0.000,116.244
"Tenant A (Batch Ingest)","PutSmall",1,0,30.970,0.000,30.966
"Tenant A (Batch Ingest)","PutLarge",1,0,112.701,0.000,112.696
"Tenant A (Batch Ingest)","PutLarge",1,0,122.334,0.000,122.331
"Tenant A (Batch Ingest)","PutLarge",1,0,120.673,0.000,120.671
"Tenant A (Batch Ingest)","PutSmall",1,0,26.696,0.000,26.692
"Tenant A (Batch Ingest)","PutLarge",1,0,104.945,0.000,104.944
"Tenant A (Batch Ingest)","PutLarge",1,0,121.006,0.000,121.001
"Tenant A (Batch Ingest)","PutLarge",1,0,123.413,0.000,123.409
"Tenant A (Batch Ingest)","PutSmall",1,0,27.067,0.001,27.065
"Tenant A (Batch Ingest)","PutLarge",1,0,98.188,0.000,98.185
"Tenant A (Batch Ingest)","PutSmall",1,0,28.919,0.000,28.915
"Tenant A (Batch Ingest)","PutSmall",1,0,28.958,0.000,28.952
"Tenant A (Batch Ingest)","PutSmall",1,0,25.149,0.000,25.145
"Tenant A (Batch Ingest)","PutSmall",1,0,30.810,0.000,30.807
"Tenant A (Batch Ingest)","PutLarge",1,0,102.372,0.000,102.368
"Tenant A (Batch Ingest)","PutSmall",1,0,28.114,0.000,28.112
"Tenant A (Batch Ingest)","PutSmall",1,0,28.416,0.000,28.413
"Tenant A (Batch Ingest)","PutSmall",1,0,28.700,0.000,28.696
"Tenant A (Batch Ingest)","PutSmall",1,0,24.322,0.000,24.320
"Tenant A (Batch Ingest)","PutSmall",1,0,27.069,0.000,27.066
"Tenant A (Batch Ingest)","PutSmall",1,0,24.700,0.000,24.698
"Tenant A (Batch Ingest)","PutSmall",1,0,30.662,0.000,30.659
"Tenant A (Batch Ingest)","PutSmall",1,0,27.122,0.000,27.119
"Tenant A (Batch Ingest)","PutSmall",1,0,25.015,0.000,25.013
"Tenant A (Batch Ingest)","PutSmall",1,0,23.714,0.000,23.710
"Tenant A (Batch Ingest)","PutSmall",1,0,30.477,0.000,30.473
"Tenant A (Batch Ingest)","PutSmall",1,0,25.092,0.000,25.088
"Tenant A (Batch Ingest)","PutSmall",1,0,29.906,0.000,29.903
"Tenant A (Batch Ingest)","PutLarge",1,0,97.338,0.000,97.332
"Tenant A (Batch Ingest)","PutLarge",1,0,124.029,0.000,124.027
"Tenant A (Batch Ingest)","PutSmall",1,0,26.169,0.000,26.166
"Tenant A (Batch Ingest)","PutSmall",1,0,26.062,0.000,26.060
"Tenant A (Batch Ingest)","PutLarge",1,0,111.883,0.000,111.881
"Tenant A (Batch Ingest)","PutSmall",1,0,25.232,0.000,25.230
"Tenant A (Batch Ingest)","PutSmall",1,0,26.626,0.000,26.621
"Tenant A (Batch Ingest)","PutLarge",1,0,119.159,0.000,119.156
"Tenant A (Batch Ingest)","PutLarge",1,0,95.012,0.000,95.010
"Tenant A (Batch Ingest)","PutLarge",1,0,94.492,0.000,94.489
"Tenant A (Batch Ingest)","PutLarge",1,0,105.668,0.000,105.664
"Tenant A (Batch Ingest)","PutLarge",1,0,103.560,0.000,103.555
"Tenant A (Batch Ingest)","PutLarge",1,0,116.123,0.000,116.120
"Tenant A (Batch Ingest)","PutSmall",1,0,23.854,0.000,23.851
"Tenant A (Batch Ingest)","PutLarge",1,0,117.116,0.000,117.112
"Tenant A (Batch Ingest)","PutLarge",1,0,102.182,0.000,102.178
"Tenant A (Batch Ingest)","PutSmall",1,0,28.967,0.000,28.964
"Tenant A (Batch Ingest)","PutSmall",1,0,25.000,0.000,24.997
"Tenant A (Batch Ingest)","PutLarge",1,0,117.326,0.000,117.323
"Tenant A (Batch Ingest)","PutSmall",1,0,27.813,0.000,27.811
"Tenant A (Batch Ingest)","PutLarge",1,0,98.150,0.000,98.148
"Tenant A (Batch Ingest)","PutLarge",1,0,109.833,0.000,109.828
"Tenant A (Batch Ingest)","PutLarge",1,0,117.762,0.001,117.758
"Tenant A (Batch Ingest)","PutLarge",1,0,118.170,0.000,118.166
"Tenant A (Batch Ingest)","PutSmall",1,0,26.655,0.000,26.650
"Tenant A (Batch Ingest)","PutLarge",1,0,109.759,0.000,109.747
"Tenant A (Batch Ingest)","PutLarge",1,0,117.918,0.000,117.915
"Tenant A (Batch Ingest)","PutSmall",1,0,28.697,0.000,28.692
"Tenant A (Batch Ingest)","PutLarge",1,0,113.072,0.000,113.070
"Tenant A (Batch Ingest)","PutLarge",1,0,103.005,0.000,103.000
"Tenant A (Batch Ingest)","PutSmall",1,0,28.105,0.000,28.101
"Tenant A (Batch Ingest)","PutSmall",1,0,28.542,0.000,28.539
"Tenant A (Batch Ingest)","PutSmall",1,0,26.008,0.000,26.005
"Tenant A (Batch Ingest)","PutSmall",1,0,22.660,0.000,22.658
"Tenant A (Batch Ingest)","PutSmall",1,0,25.742,0.000,25.738
"Tenant A (Batch Ingest)","PutLarge",1,0,113.598,0.000,113.594
"Tenant A (Batch Ingest)","PutSmall",1,0,25.361,0.000,25.356
"Tenant A (Batch Ingest)","PutLarge",1,0,106.896,0.000,106.892
"Tenant A (Batch Ingest)","PutLarge",1,0,99.789,0.000,99.783
"Tenant A (Batch Ingest)","PutLarge",1,0,98.767,0.000,98.763
"Tenant A (Batch Ingest)","PutSmall",1,0,22.907,0.000,22.904
"Tenant A (Batch Ingest)","PutSmall",1,0,29.365,0.000,29.361
"Tenant A (Batch Ingest)","PutLarge",1,0,110.902,0.000,110.895
"Tenant A (Batch Ingest)","PutLarge",1,0,105.301,0.000,105.299
"Tenant A (Batch Ingest)","PutLarge",1,0,113.614,0.000,113.612
"Tenant A (Batch Ingest)","PutLarge",1,0,93.140,0.000,93.135
"Tenant A (Batch Ingest)","PutSmall",1,0,24.239,0.000,24.234
"Tenant A (Batch Ingest)","PutSmall",1,0,25.337,0.000,25.333
"Tenant A (Batch Ingest)","PutSmall",1,0,26.398,0.000,26.396
"Tenant A (Batch Ingest)","PutSmall",1,0,23.265,0.000,23.261
"Tenant A (Batch Ingest)","PutSmall",1,0,25.312,0.000,25.304
"Tenant A (Batch Ingest)","PutLarge",1,0,105.648,0.000,105.645
"Tenant A (Batch Ingest)","PutLarge",1,0,118.032,0.000,118.026
"Tenant A (Batch Ingest)","PutSmall",1,0,26.095,0.000,26.083
"Tenant A (Batch Ingest)","PutLarge",1,0,113.550,0.000,113.544
"Tenant A (Batch Ingest)","PutSmall",1,0,25.722,0.000,25.718
"Tenant A (Batch Ingest)","PutLarge",1,0,113.759,0.000,113.756
"Tenant A (Batch Ingest)","PutLarge",1,0,109.898,0.000,109.894
"Tenant A (Batch Ingest)","PutLarge",1,0,102.308,0.000,102.303
"Tenant A (Batch Ingest)","PutLarge",1,0,112.865,0.000,112.859
"Tenant A (Batch Ingest)","PutLarge",1,0,94.590,0.000,94.586
"Tenant A (Batch Ingest)","PutSmall",1,0,25.909,0.000,25.904
"Tenant A (Batch Ingest)","PutLarge",1,0,100.892,0.000,100.889
"Tenant A (Batch Ingest)","PutSmall",1,0,24.630,0.000,24.629
"Tenant A (Batch Ingest)","PutSmall",1,0,25.794,0.000,25.787
"Tenant A (Batch Ingest)","PutSmall",1,0,25.105,0.000,25.099
"Tenant A (Batch Ingest)","PutLarge",1,0,120.203,0.000,120.198
"Tenant A (Batch Ingest)","PutLarge",1,0,112.599,0.000,112.593
"Tenant A (Batch Ingest)","PutLarge",1,0,109.648,0.000,109.640
"Tenant A (Batch Ingest)","PutSmall",1,0,25.175,0.000,25.163
"Tenant A (Batch Ingest)","PutLarge",1,0,94.983,0.000,94.980
"Tenant A (Batch Ingest)","PutLarge",1,0,97.311,0.000,97.308
"Tenant A (Batch Ingest)","PutLarge",1,0,115.644,0.000,115.642
"Tenant A (Batch Ingest)","PutSmall",1,0,30.251,0.000,30.247
"Tenant A (Batch Ingest)","PutLarge",1,0,119.058,0.000,119.055
"Tenant A (Batch Ingest)","PutLarge",1,0,108.152,0.000,108.142
"Tenant A (Batch Ingest)","PutSmall",1,0,25.426,0.000,25.420
"Tenant A (Batch Ingest)","PutLarge",1,0,103.235,0.000,103.233
"Tenant A (Batch Ingest)","PutLarge",1,0,102.758,0.000,102.754
"Tenant A (Batch Ingest)","PutSmall",1,0,23.439,0.000,23.430
"Tenant A (Batch Ingest)","PutSmall",1,0,28.193,0.000,28.190
"Tenant A (Batch Ingest)","PutSmall",1,0,23.264,0.000,23.262
"Tenant A (Batch Ingest)","PutLarge",1,0,113.107,0.000,113.104
"Tenant A (Batch Ingest)","PutLarge",1,0,102.467,0.000,102.463
"Tenant A (Batch Ingest)","PutSmall",1,0,27.065,0.000,27.062
"Tenant A (Batch Ingest)","PutLarge",1,0,96.630,0.000,96.625
"Tenant A (Batch Ingest)","PutSmall",1,0,30.071,0.000,30.068
"Tenant A (Batch Ingest)","PutLarge",1,0,117.282,0.000,117.279
"Tenant A (Batch Ingest)","PutLarge",1,0,102.852,0.000,102.849
"Tenant A (Batch Ingest)","PutSmall",1,0,28.031,0.000,28.027
"Tenant A (Batch Ingest)","PutSmall",1,0,27.636,0.000,27.633
"Tenant A (Batch Ingest)","PutSmall",1,0,23.456,0.000,23.450
"Tenant A (Batch Ingest)","PutSmall",1,0,22.754,0.000,22.747
"Tenant A (Batch Ingest)","PutSmall",1,0,27.736,0.000,27.732
"Tenant A (Batch Ingest)","PutLarge",1,0,98.486,0.000,98.484
"Tenant A (Batch Ingest)","PutSmall",1,0,22.482,0.000,22.477
"Tenant A (Batch Ingest)","PutSmall",1,0,25.971,0.000,25.966
"Tenant A (Batch Ingest)","PutSmall",1,0,27.121,0.001,27.119
"Tenant A (Batch Ingest)","PutLarge",1,0,108.580,0.000,108.576
"Tenant A (Batch Ingest)","PutLarge",1,0,109.669,0.000,109.667
"Tenant A (Batch Ingest)","PutLarge",1,0,117.439,0.000,117.434
"Tenant A (Batch Ingest)","PutSmall",1,0,27.261,0.000,27.259
"Tenant A (Batch Ingest)","PutLarge",1,0,106.475,0.000,106.470
"Tenant A (Batch Ingest)","PutLarge",1,0,116.447,0.000,116.439
"Tenant A (Batch Ingest)","PutLarge",1,0,97.072,0.000,97.064
"Tenant A (Batch Ingest)","PutLarge",1,0,116.284,0.000,116.280
"Tenant A (Batch Ingest)","PutLarge",1,0,101.125,0.000,101.123
"Tenant A (Batch Ingest)","PutLarge",1,0,118.584,0.000,118.581
"Tenant A (Batch Ingest)","PutLarge",1,0,109.723,0.000,109.720
"Tenant A (Batch Ingest)","PutLarge",1,0,114.212,0.000,114.203
"Tenant A (Batch Ingest)","PutLarge",1,0,104.325,0.000,104.320
"Tenant A (Batch Ingest)","PutLarge",1,0,94.476,0.000,94.472
"Tenant A (Batch Ingest)","PutLarge",1,0,106.213,0.000,106.211
"Tenant A (Batch Ingest)","PutLarge",1,0,95.064,0.000,95.060
"Tenant A (Batch Ingest)","PutLarge",1,0,109.814,0.000,109.811
"Tenant A (Batch Ingest)","PutSmall",1,0,50.450,0.000,50.446
"Tenant A (Batch Ingest)","PutSmall",1,0,55.119,0.000,55.117
"Tenant A (Batch Ingest)","PutSmall",1,0,51.717,0.000,51.713
"Tenant A (Batch Ingest)","PutLarge",1,0,99.987,0.000,99.985
"Tenant A (Batch Ingest)","PutSmall",1,0,50.547,0.000,50.541
"Tenant A (Batch Ingest)","PutSmall",1,0,55.003,0.000,55.001
"Tenant A (Batch Ingest)","PutLarge",1,0,102.703,0.000,102.701
"Tenant A (Batch Ingest)","PutSmall",1,0,50.859,0.000,50.856
"Tenant A (Batch Ingest)","PutSmall",1,0,52.448,0.000,52.447
"Tenant A (Batch Ingest)","PutLarge",1,0,101.984,0.000,101.976
"Tenant A (Batch Ingest)","PutLarge",1,0,122.245,0.000,122.238
"Tenant A (Batch Ingest)","PutSmall",1,0,55.135,0.000,55.121
"Tenant A (Batch Ingest)","PutSmall",1,0,61.425,0.000,61.421
"Tenant A (Batch Ingest)","PutLarge",1,0,112.654,0.000,112.649
"Tenant A (Batch Ingest)","PutLarge",1,0,107.469,0.000,107.466
"Tenant A (Batch Ingest)","PutSmall",1,0,60.721,0.000,60.719
"Tenant A (Batch Ingest)","PutLarge",1,0,118.811,0.000,118.807
"Tenant A (Batch Ingest)","PutLarge",1,0,101.576,0.000,101.573
"Tenant A (Batch Ingest)","PutLarge",1,0,100.013,0.000,99.999
"Tenant A (Batch Ingest)","PutLarge",1,0,95.989,0.000,95.987
"Tenant A (Batch Ingest)","PutSmall",1,0,62.985,0.000,62.982
"Tenant A (Batch Ingest)","PutSmall",1,0,52.520,0.000,52.518
"Tenant A (Batch Ingest)","PutLarge",1,0,114.175,0.000,114.170
"Tenant A (Batch Ingest)","PutSmall",1,0,57.546,0.000,57.545
"Tenant A (Batch Ingest)","PutSmall",1,0,53.019,0.000,53.015
"Tenant A (Batch Ingest)","PutLarge",1,0,115.786,0.000,115.784
"Tenant A (Batch Ingest)","PutSmall",1,0,51.683,0.000,51.677
"Tenant A (Batch Ingest)","PutSmall",1,0,57.292,0.000,57.282
"Tenant A (Batch Ingest)","PutSmall",1,0,56.757,0.000,56.742
"Tenant A (Batch Ingest)","PutLarge",1,0,119.804,0.000,119.791
"Tenant A (Batch Ingest)","PutSmall",1,0,53.171,0.000,53.168
"Tenant A (Batch Ingest)","PutLarge",1,0,124.531,0.000,124.528
"Tenant A (Batch Ingest)","PutSmall",1,0,60.501,0.000,60.498
"Tenant A (Batch Ingest)","PutSmall",1,0,60.668,0.000,60.664
"Tenant A (Batch Ingest)","PutSmall",1,0,54.186,0.000,54.181
"Tenant A (Batch Ingest)","PutLarge",1,0,140.079,0.000,140.078
"Tenant A (Batch Ingest)","PutSmall",1,0,62.324,0.000,62.317
"Tenant A (Batch Ingest)","PutSmall",1,0,63.022,0.000,63.019
"Tenant A (Batch Ingest)","PutSmall",1,0,56.353,0.000,56.351
"Tenant A (Batch Ingest)","PutLarge",1,0,152.646,0.000,152.640
"Tenant A (Batch Ingest)","PutLarge",1,0,129.393,0.000,129.391
"Tenant A (Batch Ingest)","PutSmall",1,0,62.916,0.000,62.913
"Tenant A (Batch Ingest)","PutLarge",1,0,138.430,0.000,138.427
"Tenant A (Batch Ingest)","PutLarge",1,0,144.078,0.000,144.073
"Tenant A (Batch Ingest)","PutLarge",1,0,142.021,0.000,142.007
"Tenant A (Batch Ingest)","PutLarge",1,0,156.994,0.000,156.992
"Tenant A (Batch Ingest)","PutSmall",1,0,54.582,0.000,54.578
"Tenant A (Batch Ingest)","PutLarge",1,0,132.411,0.000,132.407
"Tenant A (Batch Ingest)","PutSmall",1,0,52.427,0.000,52.416
"Tenant A (Batch Ingest)","PutLarge",1,0,143.533,0.000,143.531
"Tenant A (Batch Ingest)","PutLarge",1,0,145.800,0.000,145.795
"Tenant A (Batch Ingest)","PutLarge",1,0,143.396,0.000,143.392
"Tenant A (Batch Ingest)","PutLarge",1,0,120.502,0.000,120.470
"Tenant A (Batch Ingest)","PutLarge",1,0,143.533,0.000,143.520
"Tenant A (Batch Ingest)","PutLarge",1,0,133.410,0.000,133.408
"Tenant A (Batch Ingest)","PutLarge",1,0,129.014,0.000,129.011
"Tenant A (Batch Ingest)","PutLarge",1,0,152.800,0.000,152.798
"Tenant A (Batch Ingest)","PutSmall",1,0,57.246,0.000,57.245
"Tenant A (Batch Ingest)","PutLarge",1,0,149.068,0.000,149.066
"Tenant A (Batch Ingest)","PutLarge",1,0,148.024,0.000,148.021
"Tenant A (Batch Ingest)","PutSmall",1,0,58.648,0.000,58.645
"Tenant A (Batch Ingest)","PutLarge",1,0,142.615,0.000,142.611
"Tenant A (Batch Ingest)","PutSmall",1,0,57.177,0.000,57.161
"Tenant A (Batch Ingest)","PutLarge",1,0,132.407,0.000,132.403
"Tenant A (Batch Ingest)","PutSmall",1,0,53.182,0.000,53.179
"Tenant A (Batch Ingest)","PutLarge",1,0,154.180,0.000,154.178
"Tenant A (Batch Ingest)","PutLarge",1,0,146.655,0.000,146.627
"Tenant A (Batch Ingest)","PutLarge",1,0,148.345,0.000,148.316
"Tenant A (Batch Ingest)","PutSmall",1,0,58.586,0.000,58.577
"Tenant A (Batch Ingest)","PutLarge",1,0,136.459,0.000,136.455
"Tenant A (Batch Ingest)","PutSmall",1,0,59.437,0.000,59.434
"Tenant A (Batch Ingest)","PutSmall",1,0,49.943,0.000,49.941
"Tenant A (Batch Ingest)","PutSmall",1,0,58.495,0.000,58.491
"Tenant A (Batch Ingest)","PutSmall",1,0,58.679,0.001,58.674
"Tenant A (Batch Ingest)","PutSmall",1,0,57.948,0.000,57.944
"Tenant A (Batch Ingest)","PutLarge",1,0,130.665,0.000,130.662
"Tenant A (Batch Ingest)","PutLarge",1,0,145.630,0.000,145.625
"Tenant A (Batch Ingest)","PutSmall",1,0,58.432,0.000,58.429
"Tenant A (Batch Ingest)","PutLarge",1,0,151.290,0.000,151.276
"Tenant A (Batch Ingest)","PutLarge",1,0,135.370,0.000,135.358
"Tenant A (Batch Ingest)","PutSmall",1,0,57.730,0.001,57.725
"Tenant A (Batch Ingest)","PutSmall",1,0,56.800,0.000,56.795
"Tenant A (Batch Ingest)","PutLarge",1,0,147.847,0.000,147.842
"Tenant A (Batch Ingest)","PutLarge",1,0,158.286,0.000,158.282
"Tenant A (Batch Ingest)","PutSmall",1,0,53.280,0.000,53.276
"Tenant A (Batch Ingest)","PutLarge",1,0,154.342,0.000,154.340
"Tenant A (Batch Ingest)","PutSmall",1,0,53.584,0.000,53.581
"Tenant A (Batch Ingest)","PutLarge",1,0,142.669,0.000,142.666
"Tenant A (Batch Ingest)","PutSmall",1,0,55.649,0.000,55.646
"Tenant A (Batch Ingest)","PutSmall",1,0,52.445,0.000,52.441
"Tenant A (Batch Ingest)","PutLarge",1,0,128.894,0.000,128.884
"Tenant A (Batch Ingest)","PutLarge",1,0,144.235,0.000,144.231
"Tenant A (Batch Ingest)","PutLarge",1,0,149.203,0.000,149.202
"Tenant A (Batch Ingest)","PutLarge",1,0,118.008,0.000,118.005
"Tenant A (Batch Ingest)","PutLarge",1,0,130.583,0.000,130.569
"Tenant A (Batch Ingest)","PutLarge",1,0,156.662,0.000,156.649
"Tenant A (Batch Ingest)","PutLarge",1,0,125.616,0.000,125.607
"Tenant A (Batch Ingest)","PutLarge",1,0,150.423,0.000,150.410
"Tenant A (Batch Ingest)","PutLarge",1,0,143.888,0.000,143.885
"Tenant A (Batch Ingest)","PutLarge",1,0,135.624,0.000,135.615
"Tenant A (Batch Ingest)","PutLarge",1,0,140.060,0.000,140.048
"Tenant A (Batch Ingest)","PutLarge",1,0,149.542,0.000,149.530
"Tenant A (Batch Ingest)","PutLarge",1,0,148.005,0.000,147.996
"Tenant A (Batch Ingest)","PutLarge",1,0,135.430,0.000,135.418
"Tenant A (Batch Ingest)","PutLarge",1,0,141.494,0.000,141.481
"Tenant A (Batch Ingest)","PutLarge",1,0,133.285,0.000,133.275
"Tenant A (Batch Ingest)","PutLarge",1,0,140.419,0.000,140.404
"Tenant A (Batch Ingest)","PutLarge",1,0,138.948,0.000,138.939
"Tenant A (Batch Ingest)","PutLarge",1,0,141.046,0.000,141.037
"Tenant A (Batch Ingest)","PutLarge",1,0,142.021,0.000,142.015
"Tenant B (Online Queries)","GetSmall",1,0,36.008,0.001,35.950
"Tenant B (Online Queries)","GetSmall",1,0,37.517,0.001,37.509
"Tenant B (Online Queries)","GetSmall",1,0,38.044,0.001,38.038
"Tenant B (Online Queries)","GetSmall",1,0,38.082,0.000,38.066
"Tenant B (Online Queries)","GetSmall",1,0,39.197,0.001,39.193
"Tenant B (Online Queries)","GetSmall",1,0,39.725,0.001,39.691
"Tenant B (Online Queries)","GetSmall",1,0,41.423,0.001,41.411
"Tenant B (Online Queries)","GetSmall",1,0,41.880,0.001,41.871
"Tenant B (Online Queries)","GetSmall",1,0,43.055,0.001,43.047
"Tenant B (Online Queries)","GetSmall",1,0,43.278,0.000,43.264
"Tenant B (Online Queries)","GetSmall",1,0,47.551,0.001,47.465
"Tenant B (Online Queries)","GetSmall",1,0,50.022,0.001,50.007
"Tenant B (Online Queries)","GetSmall",1,0,51.022,0.000,50.995
"Tenant B (Online Queries)","GetLarge",1,0,58.528,0.001,58.521
"Tenant B (Online Queries)","GetLarge",1,0,58.922,0.000,58.917
"Tenant B (Online Queries)","GetLarge",1,0,60.916,0.001,60.910
"Tenant B (Online Queries)","GetLarge",1,0,71.351,0.001,71.341
"Tenant B (Online Queries)","GetLarge",1,0,76.514,0.001,76.502
"Tenant B (Online Queries)","GetLarge",1,0,78.023,0.001,78.017
"Tenant B (Online Queries)","GetSmall",1,0,43.513,0.001,43.504
"Tenant B (Online Queries)","GetSmall",1,0,44.889,0.000,44.880
"Tenant B (Online Queries)","GetSmall",1,0,46.314,0.003,46.306
"Tenant B (Online Queries)","GetLarge",1,0,86.211,0.001,86.205
"Tenant B (Online Queries)","GetSmall",1,0,45.444,0.000,45.438
"Tenant B (Online Queries)","GetSmall",1,0,47.691,0.000,47.682
"Tenant B (Online Queries)","GetSmall",1,0,47.231,0.000,47.227
"Tenant B (Online Queries)","GetSmall",1,0,46.176,0.000,46.172
"Tenant B (Online Queries)","GetSmall",1,0,47.021,0.000,47.019
"Tenant B (Online Queries)","GetSmall",1,0,54.606,0.000,54.603
"Tenant B (Online Queries)","GetSmall",1,0,51.434,0.000,51.423
"Tenant B (Online Queries)","GetSmall",1,0,48.203,0.000,48.200
"Tenant B (Online Queries)","GetSmall",1,0,44.021,0.000,44.001
"Tenant B (Online Queries)","GetSmall",1,0,45.940,0.000,45.929
"Tenant B (Online Queries)","GetSmall",1,0,43.988,0.000,43.927
"Tenant B (Online Queries)","GetSmall",1,0,49.796,0.000,49.766
"Tenant B (Online Queries)","GetSmall",1,0,45.413,0.000,45.388
"Tenant B (Online Queries)","GetSmall",1,0,51.699,0.000,51.694
"Tenant B (Online Queries)","GetSmall",1,0,50.347,0.000,50.341
"Tenant B (Online Queries)","GetSmall",1,0,48.893,0.000,48.890
"Tenant B (Online Queries)","GetSmall",1,0,46.129,0.000,46.125
"Tenant B (Online Queries)","GetSmall",1,0,51.516,0.000,51.511
"Tenant B (Online Queries)","GetLarge",1,0,107.732,0.001,107.721
"Tenant B (Online Queries)","GetSmall",1,0,51.325,0.000,51.318
"Tenant B (Online Queries)","GetLarge",1,0,94.764,0.000,94.762
"Tenant B (Online Queries)","GetLarge",1,0,100.753,0.001,100.748
"Tenant B (Online Queries)","GetSmall",1,0,48.968,0.000,48.959
"Tenant B (Online Queries)","GetSmall",1,0,47.712,0.000,47.708
"Tenant B (Online Queries)","GetLarge",1,0,103.402,0.001,103.391
"Tenant B (Online Queries)","GetSmall",1,0,46.767,0.001,46.762
"Tenant B (Online Queries)","GetLarge",1,0,98.211,0.001,98.202
"Tenant B (Online Queries)","GetSmall",1,0,43.667,0.000,43.659
"Tenant B (Online Queries)","GetLarge",1,0,97.700,0.000,97.630
"Tenant B (Online Queries)","GetSmall",1,0,51.507,0.001,51.440
"Tenant B (Online Queries)","GetSmall",1,0,47.974,0.000,47.908
"Tenant B (Online Queries)","GetSmall",1,0,50.118,0.000,50.050
"Tenant B (Online Queries)","GetSmall",1,0,45.599,0.000,45.550
"Tenant B (Online Queries)","GetSmall",1,0,48.076,0.000,48.028
"Tenant B (Online Queries)","GetSmall",1,0,53.109,0.000,53.061
"Tenant B (Online Queries)","GetSmall",1,0,51.185,0.000,51.182
"Tenant B (Online Queries)","GetLarge",1,0,113.131,0.000,113.122
"Tenant B (Online Queries)","GetSmall",1,0,51.878,0.000,51.874
"Tenant B (Online Queries)","GetLarge",1,0,100.362,0.000,100.359
"Tenant B (Online Queries)","GetSmall",1,0,52.535,0.000,52.532
"Tenant B (Online Queries)","GetSmall",1,0,44.003,0.000,43.999
"Tenant B (Online Queries)","GetLarge",1,0,105.774,0.000,105.771
"Tenant B (Online Queries)","GetSmall",1,0,47.389,0.002,47.380
"Tenant B (Online Queries)","GetSmall",1,0,45.324,0.001,45.317
"Tenant B (Online Queries)","GetSmall",1,0,47.510,0.003,47.501
"Tenant B (Online Queries)","GetSmall",1,0,46.515,0.001,46.509
"Tenant B (Online Queries)","GetLarge",1,0,101.734,0.000,101.730
"Tenant B (Online Queries)","GetSmall",1,0,45.815,0.001,45.808
"Tenant B (Online Queries)","GetLarge",1,0,107.380,0.000,107.372
"Tenant B (Online Queries)","GetSmall",1,0,52.850,0.000,52.846
"Tenant B (Online Queries)","GetSmall",1,0,45.267,0.000,45.265
"Tenant B (Online Queries)","GetLarge",1,0,111.750,0.000,111.746
"Tenant B (Online Queries)","GetSmall",1,0,49.734,0.001,49.725
"Tenant B (Online Queries)","GetLarge",1,0,113.253,0.000,113.243
"Tenant B (Online Queries)","GetSmall",1,0,43.940,0.000,43.933
"Tenant B (Online Queries)","GetSmall",1,0,50.986,0.000,50.980
"Tenant B (Online Queries)","GetSmall",1,0,46.738,0.000,46.731
"Tenant B (Online Queries)","GetLarge",1,0,104.551,0.000,104.543
"Tenant B (Online Queries)","GetLarge",1,0,96.231,0.001,96.226
"Tenant B (Online Queries)","GetLarge",1,0,100.795,0.002,100.788
"Tenant B (Online Queries)","GetSmall",1,0,52.909,0.000,52.901
"Tenant B (Online Queries)","GetLarge",1,0,100.590,0.000,100.580
"Tenant B (Online Queries)","GetLarge",1,0,105.396,0.001,105.385
"Tenant B (Online Queries)","GetSmall",1,0,46.321,0.000,46.290
"Tenant B (Online Queries)","GetLarge",1,0,109.659,0.000,109.629
"Tenant B (Online Queries)","GetSmall",1,0,51.488,0.000,51.485
"Tenant B (Online Queries)","GetSmall",1,0,49.381,0.000,49.371
"Tenant B (Online Queries)","GetLarge",1,0,107.097,0.000,107.093
"Tenant B (Online Queries)","GetSmall",1,0,43.747,0.000,43.739
"Tenant B (Online Queries)","GetLarge",1,0,116.975,0.000,116.966
"Tenant B (Online Queries)","GetSmall",1,0,46.773,0.000,46.768
"Tenant B (Online Queries)","GetSmall",1,0,49.394,0.000,49.391
"Tenant B (Online Queries)","GetSmall",1,0,49.436,0.000,49.433
"Tenant B (Online Queries)","GetSmall",1,0,50.284,0.000,50.281
"Tenant B (Online Queries)","GetSmall",1,0,51.803,0.000,51.798
"Tenant B (Online Queries)","GetLarge",1,0,93.065,0.000,93.063
"Tenant B (Online Queries)","GetLarge",1,0,98.921,0.000,98.912
"Tenant B (Online Queries)","GetSmall",1,0,51.432,0.000,51.429
"Tenant B (Online Queries)","GetSmall",1,0,46.144,0.000,46.137
"Tenant B (Online Queries)","GetLarge",1,0,95.621,0.000,95.617
"Tenant B (Online Queries)","GetSmall",1,0,46.918,0.000,46.916
"Tenant B (Online Queries)","GetSmall",1,0,43.907,0.001,43.896
"Tenant B (Online Queries)","GetSmall",1,0,43.383,0.000,43.381
"Tenant B (Online Queries)","GetSmall",1,0,46.505,0.001,46.494
"Tenant B (Online Queries)","GetSmall",1,0,53.097,0.000,53.091
"Tenant B (Online Queries)","GetSmall",1,0,44.500,0.000,44.489
"Tenant B (Online Queries)","GetSmall",1,0,52.061,0.000,52.058
"Tenant B (Online Queries)","GetLarge",1,0,88.978,0.000,88.975
"Tenant B (Online Queries)","GetSmall",1,0,43.471,0.000,43.461
"Tenant B (Online Queries)","GetSmall",1,0,47.147,0.000,47.140
"Tenant B (Online Queries)","GetSmall",1,0,42.911,0.000,42.901
"Tenant B (Online Queries)","GetSmall",1,0,43.588,0.000,43.579
"Tenant B (Online Queries)","GetSmall",1,0,43.959,0.000,43.956
"Tenant B (Online Queries)","GetSmall",1,0,46.729,0.000,46.724
"Tenant B (Online Queries)","GetSmall",1,0,51.714,0.000,51.696
"Tenant B (Online Queries)","GetSmall",1,0,48.660,0.000,48.653
"Tenant B (Online Queries)","GetSmall",1,0,50.082,0.000,50.078
"Tenant B (Online Queries)","GetSmall",1,0,46.662,0.000,46.653
"Tenant B (Online Queries)","GetLarge",1,0,115.631,0.000,115.627
"Tenant B (Online Queries)","GetSmall",1,0,52.672,0.000,52.667
"Tenant B (Online Queries)","GetSmall",1,0,43.793,0.000,43.786
"Tenant B (Online Queries)","GetSmall",1,0,53.224,0.000,53.220
"Tenant B (Online Queries)","GetSmall",1,0,42.770,0.000,42.768
"Tenant B (Online Queries)","GetSmall",1,0,51.621,0.000,51.615
"Tenant B (Online Queries)","GetSmall",1,0,51.508,0.000,51.486
"Tenant B (Online Queries)","GetLarge",1,0,95.197,0.000,95.169
"Tenant B (Online Queries)","GetSmall",1,0,48.580,0.000,48.548
"Tenant B (Online Queries)","GetSmall",1,0,52.031,0.000,52.006
"Tenant B (Online Queries)","GetSmall",1,0,51.930,0.000,51.916
"Tenant B (Online Queries)","GetSmall",1,0,51.911,0.000,51.902
"Tenant B (Online Queries)","GetLarge",1,0,101.163,0.000,101.161
"Tenant B (Online Queries)","GetSmall",1,0,51.451,0.000,51.446
"Tenant B (Online Queries)","GetSmall",1,0,48.723,0.000,48.450
"Tenant B (Online Queries)","GetSmall",1,0,45.260,0.000,45.231
"Tenant B (Online Queries)","GetLarge",1,0,113.601,0.000,113.569
"Tenant B (Online Queries)","GetSmall",1,0,45.501,0.000,45.491
"Tenant B (Online Queries)","GetSmall",1,0,45.590,0.000,45.521
"Tenant B (Online Queries)","GetSmall",1,0,47.385,0.000,47.315
"Tenant B (Online Queries)","GetSmall",1,0,48.701,0.000,48.673
"Tenant B (Online Queries)","GetSmall",1,0,50.714,0.000,50.709
"Tenant B (Online Queries)","GetLarge",1,0,103.271,0.000,103.260
"Tenant B (Online Queries)","GetSmall",1,0,46.656,0.001,46.645
"Tenant B (Online Queries)","GetLarge",1,0,113.193,0.000,113.190
"Tenant B (Online Queries)","GetSmall",1,0,49.190,0.003,49.176
"Tenant B (Online Queries)","GetLarge",1,0,97.076,0.000,97.063
"Tenant B (Online Queries)","GetLarge",1,0,99.264,0.002,99.250
"Tenant B (Online Queries)","GetLarge",1,0,98.890,0.001,98.880
"Tenant B (Online Queries)","GetLarge",1,0,108.276,0.000,108.267
"Tenant B (Online Queries)","GetLarge",1,0,103.995,0.000,103.983
"Tenant B (Online Queries)","GetLarge",1,0,105.818,0.000,105.812
"Tenant B (Online Queries)","GetLarge",1,0,97.354,0.000,97.345
"Tenant B (Online Queries)","GetLarge",1,0,109.493,0.000,109.481
"Tenant B (Online Queries)","GetLarge",1,0,111.325,0.001,111.313
"Tenant B (Online Queries)","GetLarge",1,0,106.871,0.000,106.862
"Tenant B (Online Queries)","GetLarge",1,0,110.518,0.004,110.489
"Tenant B (Online Queries)","GetLarge",1,0,91.046,0.001,91.033
"Tenant B (Online Queries)","GetLarge",1,0,93.604,0.001,93.590
"Tenant B (Online Queries)","GetLarge",1,0,97.908,0.000,97.904
"Tenant B (Online Queries)","GetLarge",1,0,104.914,0.001,104.898
"Tenant B (Online Queries)","GetLarge",1,0,97.757,0.000,97.748
"Tenant B (Online Queries)","GetLarge",1,0,105.093,0.001,105.090
"Tenant B (Online Queries)","GetLarge",1,0,109.341,0.000,109.337
"Tenant B (Online Queries)","GetSmall",1,0,53.092,0.001,53.087
"Tenant B (Online Queries)","GetLarge",1,0,100.194,0.000,100.191
"Tenant B (Online Queries)","GetSmall",1,0,50.262,0.000,50.260
"Tenant B (Online Queries)","GetSmall",1,0,48.576,0.000,48.567
"Tenant B (Online Queries)","GetSmall",1,0,45.789,0.000,45.787
"Tenant B (Online Queries)","GetLarge",1,0,111.376,0.001,111.366
"Tenant B (Online Queries)","GetSmall",1,0,47.855,0.000,47.849
"Tenant B (Online Queries)","GetSmall",1,0,53.349,0.000,53.346
"Tenant B (Online Queries)","GetLarge",1,0,96.437,0.000,96.428
"Tenant B (Online Queries)","GetLarge",1,0,106.714,0.000,106.711
"Tenant B (Online Queries)","GetLarge",1,0,107.950,0.000,107.946
"Tenant B (Online Queries)","GetLarge",1,0,101.190,0.000,101.176
"Tenant B (Online Queries)","GetLarge",1,0,102.225,0.000,102.222
"Tenant B (Online Queries)","GetLarge",1,0,104.339,0.000,104.333
"Tenant B (Online Queries)","GetLarge",1,0,111.500,0.000,111.498
"Tenant B (Online Queries)","GetLarge",1,0,109.097,0.000,109.095
"Tenant B (Online Queries)","GetSmall",1,0,49.230,0.000,49.226
"Tenant B (Online Queries)","GetLarge",1,0,112.593,0.000,112.589
"Tenant B (Online Queries)","GetLarge",1,0,115.620,0.000,115.617
"Tenant B (Online Queries)","GetSmall",1,0,43.321,0.000,43.308
"Tenant B (Online Queries)","GetLarge",1,0,108.617,0.001,108.614
"Tenant B (Online Queries)","GetSmall",1,0,44.326,0.000,44.324
"Tenant B (Online Queries)","GetSmall",1,0,50.636,0.000,50.627
"Tenant B (Online Queries)","GetLarge",1,0,102.657,0.000,102.635
"Tenant B (Online Queries)","GetLarge",1,0,97.077,0.000,97.058
"Tenant B (Online Queries)","GetLarge",1,0,95.944,0.000,95.935
"Tenant B (Online Queries)","GetLarge",1,0,101.288,0.000,101.255
"Tenant B (Online Queries)","GetLarge",1,0,104.865,0.000,104.855
"Tenant B (Online Queries)","GetLarge",1,0,110.280,0.000,110.270
"Tenant B (Online Queries)","GetLarge",1,0,107.876,0.000,107.866
"Tenant B (Online Queries)","GetLarge",1,0,106.183,0.000,106.179
"Tenant B (Online Queries)","GetLarge",1,0,114.246,0.000,114.237
"Tenant B (Online Queries)","GetLarge",1,0,110.694,0.000,110.683
"Tenant B (Online Queries)","GetLarge",1,0,109.362,0.000,109.352
"Tenant B (Online Queries)","GetLarge",1,0,96.979,0.000,96.973
"Tenant B (Online Queries)","GetLarge",1,0,109.836,0.000,109.832
"Tenant B (Online Queries)","GetLarge",1,0,113.601,0.000,113.591
"Tenant B (Online Queries)","GetLarge",1,0,111.053,0.000,111.023
"Tenant B (Online Queries)","GetLarge",1,0,99.649,0.000,99.608
"Tenant B (Online Queries)","GetLarge",1,0,111.659,0.000,111.640
"Tenant B (Online Queries)","GetLarge",1,0,111.668,0.000,111.657
"Tenant B (Online Queries)","GetLarge",1,0,107.460,0.000,107.451
"Tenant B (Online Queries)","GetLarge",1,0,106.664,0.000,106.650
"Tenant B (Online Queries)","GetLarge",1,0,68.947,0.000,68.942
"Tenant B (Online Queries)","GetLarge",1,0,69.453,0.000,69.450
"Tenant B (Online Queries)","GetLarge",1,0,75.065,0.000,75.062
"Tenant B (Online Queries)","GetLarge",1,0,97.958,0.001,97.949
"Tenant B (Online Queries)","GetLarge",1,0,70.268,0.000,70.265
"Tenant B (Online Queries)","GetLarge",1,0,79.652,0.000,79.641
"Tenant B (Online Queries)","GetLarge",1,0,80.510,0.000,80.495
"Tenant B (Online Queries)","GetLarge",1,0,106.066,0.001,106.062
"Tenant B (Online Queries)","GetLarge",1,0,73.410,0.000,73.390
"Tenant B (Online Queries)","GetLarge",1,0,81.929,0.000,81.921
"Tenant B (Online Queries)","GetLarge",1,0,106.737,0.000,106.734
"Tenant B (Online Queries)","GetLarge",1,0,76.993,0.000,76.990
"Tenant B (Online Queries)","GetLarge",1,0,82.319,0.000,82.310
"Tenant B (Online Queries)","GetLarge",1,0,74.762,0.001,74.745
"Tenant B (Online Queries)","GetLarge",1,0,68.363,0.000,68.349
"Tenant B (Online Queries)","GetLarge",1,0,73.970,0.000,73.939
"Tenant B (Online Queries)","GetLarge",1,0,83.990,0.000,83.961
"Tenant B (Online Queries)","GetLarge",1,0,69.319,0.000,69.290
"Tenant B (Online Queries)","GetLarge",1,0,76.522,0.000,76.492
"Tenant B (Online Queries)","GetLarge",1,0,84.647,0.001,84.618
"Tenant B (Online Queries)","GetLarge",1,0,71.943,0.000,71.873
"Tenant B (Online Queries)","GetLarge",1,0,77.154,0.000,77.087
"Tenant B (Online Queries)","GetLarge",1,0,70.694,0.000,70.617
"Tenant B (Online Queries)","GetLarge",1,0,79.912,0.000,79.872
"Tenant B (Online Queries)","GetLarge",1,0,69.930,0.000,69.864
"Tenant B (Online Queries)","GetLarge",1,0,78.808,0.000,78.740
"Tenant B (Online Queries)","GetLarge",1,0,68.290,0.000,68.223
"Tenant B (Online Queries)","GetLarge",1,0,69.587,0.000,69.513
"Tenant B (Online Queries)","GetLarge",1,0,76.537,0.000,76.473
"Tenant B (Online Queries)","GetLarge",1,0,77.946,0.000,77.869
"Tenant B (Online Queries)","GetLarge",1,0,82.077,0.000,82.014
"Tenant B (Online Queries)","GetLarge",1,0,75.714,0.000,75.637
"Tenant B (Online Queries)","GetLarge",1,0,70.586,0.000,70.531
"Tenant B (Online Queries)","GetLarge",1,0,74.258,0.000,74.242
"Tenant B (Online Queries)","GetLarge",1,0,69.646,0.000,69.633
"Tenant B (Online Queries)","GetLarge",1,0,82.682,0.000,82.612
"Tenant B (Online Queries)","GetLarge",1,0,70.925,0.000,70.921
"Tenant B (Online Queries)","GetLarge",1,0,78.840,0.000,78.828
"Tenant B (Online Queries)","GetLarge",1,0,71.465,0.000,71.455
"Tenant B (Online Queries)","GetLarge",1,0,80.595,0.000,80.588
"Tenant B (Online Queries)","GetLarge",1,0,74.647,0.001,74.580
"Tenant B (Online Queries)","GetLarge",1,0,75.814,0.001,75.736
"Tenant B (Online Queries)","GetLarge",1,0,71.282,0.001,71.224
"Tenant B (Online Queries)","GetLarge",1,0,80.605,0.001,80.559
"Tenant B (Online Queries)","GetLarge",1,0,71.764,0.002,71.642
"Tenant B (Online Queries)","GetLarge",1,0,79.491,0.002,79.402
"Tenant B (Online Queries)","GetLarge",1,0,70.311,0.001,70.242
"Tenant B (Online Queries)","GetLarge",1,0,74.053,0.001,73.981
"Tenant B (Online Queries)","GetLarge",1,0,72.506,0.001,72.468
"Tenant B (Online Queries)","GetLarge",1,0,68.527,0.001,68.511
"Tenant B (Online Queries)","GetLarge",1,0,76.193,0.001,76.184
"Tenant B (Online Queries)","GetLarge",1,0,81.934,0.001,81.924
"Tenant B (Online Queries)","GetLarge",1,0,71.155,0.001,71.147
"Tenant B (Online Queries)","GetLarge",1,0,67.966,0.001,67.944
"Tenant B (Online Queries)","GetLarge",1,0,73.737,0.001,73.726
"Tenant B (Online Queries)","GetSmall",1,0,17.376,0.002,17.366
"Tenant B (Online Queries)","GetLarge",1,0,72.546,0.001,72.540
"Tenant B (Online Queries)","GetSmall",1,0,17.053,0.002,17.045
"Tenant B (Online Queries)","GetSmall",1,0,18.623,0.002,18.616
"Tenant B (Online Queries)","GetLarge",1,0,78.425,0.001,78.421
"Tenant B (Online Queries)","GetLarge",1,0,81.310,0.001,81.303
"Tenant B (Online Queries)","GetLarge",1,0,82.013,0.001,81.998
"Tenant B (Online Queries)","GetSmall",1,0,18.034,0.001,18.029
"Tenant B (Online Queries)","GetSmall",1,0,17.810,0.001,17.804
"Tenant B (Online Queries)","GetSmall",1,0,18.320,0.001,18.317
"Tenant B (Online Queries)","GetSmall",1,0,18.482,0.000,18.478
"Tenant B (Online Queries)","GetSmall",1,0,20.065,0.000,20.061
"Tenant B (Online Queries)","GetSmall",1,0,19.232,0.001,19.223
"Tenant B (Online Queries)","GetSmall",1,0,18.258,0.001,18.253
"Tenant B (Online Queries)","GetLarge",1,0,78.542,0.000,78.538
"Tenant B (Online Queries)","GetSmall",1,0,19.465,0.001,19.461
"Tenant B (Online Queries)","GetSmall",1,0,17.844,0.000,17.840
"Tenant B (Online Queries)","GetSmall",1,0,16.663,0.001,16.660
"Tenant B (Online Queries)","GetSmall",1,0,19.102,0.001,19.098
"Tenant B (Online Queries)","GetSmall",1,0,17.143,0.000,17.140
"Tenant B (Online Queries)","GetSmall",1,0,17.587,0.001,17.580
"Tenant B (Online Queries)","GetSmall",1,0,19.183,0.000,19.174
"Tenant B (Online Queries)","GetSmall",1,0,16.972,0.000,16.964
"Tenant B (Online Queries)","GetSmall",1,0,15.400,0.000,15.392
"Tenant B (Online Queries)","GetSmall",1,0,14.770,0.000,14.763
"Tenant B (Online Queries)","GetSmall",1,0,16.985,0.000,16.983
"Tenant B (Online Queries)","GetSmall",1,0,17.117,0.000,17.110
"Tenant B (Online Queries)","GetSmall",1,0,17.473,0.000,17.465
"Tenant B (Online Queries)","GetLarge",1,0,75.047,0.001,75.041
"Tenant B (Online Queries)","GetSmall",1,0,16.474,0.000,16.384
"Tenant B (Online Queries)","GetSmall",1,0,18.666,0.000,18.602
"Tenant B (Online Queries)","GetSmall",1,0,19.513,0.000,19.450
"Tenant B (Online Queries)","GetSmall",1,0,17.643,0.000,17.638
"Tenant B (Online Queries)","GetLarge",1,0,72.920,0.001,72.912
"Tenant B (Online Queries)","GetLarge",1,0,80.559,0.001,80.552
"Tenant B (Online Queries)","GetSmall",1,0,16.429,0.000,16.421
"Tenant B (Online Queries)","GetSmall",1,0,20.560,0.000,20.551
"Tenant B (Online Queries)","GetLarge",1,0,75.417,0.003,75.408
"Tenant B (Online Queries)","GetLarge",1,0,78.945,0.001,78.936
"Tenant B (Online Queries)","GetSmall",1,0,18.254,0.000,18.242
"Tenant B (Online Queries)","GetSmall",1,0,16.632,0.000,16.628
"Tenant B (Online Queries)","GetSmall",1,0,18.679,0.000,18.675
"Tenant B (Online Queries)","GetSmall",1,0,17.513,0.000,17.508
"Tenant B (Online Queries)","GetSmall",1,0,17.516,0.000,17.513
"Tenant B (Online Queries)","GetSmall",1,0,20.129,0.000,20.124
"Tenant B (Online Queries)","GetSmall",1,0,20.122,0.004,20.112
"Tenant B (Online Queries)","GetSmall",1,0,16.636,0.001,16.628
"Tenant B (Online Queries)","GetSmall",1,0,18.387,0.001,18.381
"Tenant B (Online Queries)","GetSmall",1,0,17.711,0.001,17.706
"Tenant B (Online Queries)","GetSmall",1,0,17.268,0.001,17.262
"Tenant B (Online Queries)","GetSmall",1,0,19.773,0.001,19.763
"Tenant B (Online Queries)","GetSmall",1,0,16.199,0.000,16.180
"Tenant B (Online Queries)","GetSmall",1,0,18.010,0.000,18.000
"Tenant B (Online Queries)","GetSmall",1,0,16.181,0.000,16.178
"Tenant B (Online Queries)","GetSmall",1,0,16.393,0.000,16.388
"Tenant B (Online Queries)","GetSmall",1,0,19.191,0.000,19.189
"Tenant B (Online Queries)","GetSmall",1,0,17.989,0.000,17.986
"Tenant B (Online Queries)","GetSmall",1,0,18.384,0.000,18.380
"Tenant B (Online Queries)","GetSmall",1,0,19.598,0.000,19.597
"Tenant B (Online Queries)","GetLarge",1,0,69.444,0.000,69.440
"Tenant B (Online Queries)","GetSmall",1,0,19.546,0.000,19.543
"Tenant B (Online Queries)","GetLarge",1,0,76.979,0.001,76.975
"Tenant B (Online Queries)","GetLarge",1,0,72.251,0.000,72.247
"Tenant B (Online Queries)","GetSmall",1,0,15.693,0.000,15.686
"Tenant B (Online Queries)","GetSmall",1,0,17.012,0.000,17.000
"Tenant B (Online Queries)","GetSmall",1,0,16.902,0.000,16.899
"Tenant B (Online Queries)","GetSmall",1,0,17.158,0.000,17.155
"Tenant B (Online Queries)","GetSmall",1,0,13.876,0.000,13.868
"Tenant B (Online Queries)","GetSmall",1,0,15.226,0.000,15.222
"Tenant B (Online Queries)","GetSmall",1,0,16.101,0.000,16.098
"Tenant B (Online Queries)","GetSmall",1,0,16.199,0.000,16.195
"Tenant B (Online Queries)","GetSmall",1,0,17.043,0.000,17.034
"Tenant B (Online Queries)","GetSmall",1,0,16.933,0.000,16.928
"Tenant B (Online Queries)","GetSmall",1,0,18.022,0.000,18.013
"Tenant B (Online Queries)","GetSmall",1,0,19.575,0.000,19.567
"Tenant B (Online Queries)","GetSmall",1,0,17.693,0.000,17.689
"Tenant B (Online Queries)","GetLarge",1,0,73.295,0.000,73.292
"Tenant B (Online Queries)","GetSmall",1,0,19.421,0.000,19.420
"Tenant B (Online Queries)","GetLarge",1,0,77.633,0.000,77.629
"Tenant B (Online Queries)","GetLarge",1,0,69.835,0.001,69.832
"Tenant B (Online Queries)","GetLarge",1,0,74.447,0.001,74.442
"Tenant B (Online Queries)","GetLarge",1,0,72.195,0.001,72.192
"Tenant B (Online Queries)","GetSmall",1,0,19.242,0.000,19.212
"Tenant B (Online Queries)","GetSmall",1,0,21.191,0.000,21.163
"Tenant B (Online Queries)","GetSmall",1,0,16.557,0.000,16.544
"Tenant B (Online Queries)","GetSmall",1,0,16.408,0.000,16.396
"Tenant B (Online Queries)","GetSmall",1,0,18.562,0.000,18.558
"Tenant B (Online Queries)","GetSmall",1,0,18.210,0.000,18.155
"Tenant B (Online Queries)","GetSmall",1,0,19.680,0.000,19.671
"Tenant B (Online Queries)","GetSmall",1,0,16.465,0.000,16.460
"Tenant B (Online Queries)","GetSmall",1,0,16.421,0.000,16.417
"Tenant B (Online Queries)","GetSmall",1,0,17.304,0.001,17.290
"Tenant B (Online Queries)","GetSmall",1,0,18.504,0.000,18.497
"Tenant B (Online Queries)","GetSmall",1,0,15.657,0.000,15.650
"Tenant B (Online Queries)","GetSmall",1,0,17.374,0.001,17.365
"Tenant B (Online Queries)","GetSmall",1,0,14.712,0.000,14.708
"Tenant B (Online Queries)","GetSmall",1,0,14.883,0.000,14.880
"Tenant B (Online Queries)","GetSmall",1,0,16.109,0.000,16.106
"Tenant B (Online Queries)","GetSmall",1,0,16.508,0.000,16.505
"Tenant B (Online Queries)","GetSmall",1,0,17.363,0.001,17.358
"Tenant B (Online Queries)","GetLarge",1,0,74.384,0.001,74.380
"Tenant B (Online Queries)","GetLarge",1,0,67.550,0.000,67.547
"Tenant B (Online Queries)","GetSmall",1,0,18.174,0.000,18.171
"Tenant B (Online Queries)","GetSmall",1,0,14.981,0.000,14.978
"Tenant B (Online Queries)","GetLarge",1,0,80.283,0.000,80.271
"Tenant B (Online Queries)","GetSmall",1,0,16.782,0.000,16.779
"Tenant B (Online Queries)","GetLarge",1,0,75.335,0.000,75.331
"Tenant B (Online Queries)","GetSmall",1,0,19.397,0.000,19.394
"Tenant B (Online Queries)","GetSmall",1,0,18.907,0.000,18.894
"Tenant B (Online Queries)","GetSmall",1,0,18.408,0.000,18.401
"Tenant B (Online Queries)","GetLarge",1,0,55.681,0.000,55.672
"Tenant B (Online Queries)","GetSmall",1,0,17.084,0.000,17.078
"Tenant B (Online Queries)","GetLarge",1,0,62.139,0.000,62.135
"Tenant B (Online Queries)","GetSmall",1,0,17.154,0.000,17.149
"Tenant B (Online Queries)","GetSmall",1,0,19.593,0.000,19.590
"Tenant B (Online Queries)","GetLarge",1,0,71.517,0.000,71.512
"Tenant B (Online Queries)","GetSmall",1,0,16.517,0.000,16.514
"Tenant B (Online Queries)","GetSmall",1,0,16.549,0.000,16.548
"Tenant B (Online Queries)","GetLarge",1,0,73.023,0.001,72.991
"Tenant B (Online Queries)","GetSmall",1,0,19.845,0.000,19.810
"Tenant B (Online Queries)","GetSmall",1,0,16.687,0.000,16.683
"Tenant B (Online Queries)","GetLarge",1,0,79.341,0.002,79.336
"Tenant B (Online Queries)","GetLarge",1,0,75.551,0.000,75.548
"Tenant B (Online Queries)","GetSmall",1,0,18.678,0.000,18.675
"Tenant B (Online Queries)","GetSmall",1,0,19.384,0.000,19.379
"Tenant B (Online Queries)","GetLarge",1,0,70.022,0.000,70.020
"Tenant B (Online Queries)","GetLarge",1,0,78.058,0.000,78.055
"Tenant B (Online Queries)","GetSmall",1,0,17.350,0.000,17.341
"Tenant B (Online Queries)","GetLarge",1,0,66.480,0.001,66.476
"Tenant B (Online Queries)","GetLarge",1,0,78.851,0.000,78.847
"Tenant B (Online Queries)","GetLarge",1,0,81.973,0.001,81.965
"Tenant B (Online Queries)","GetLarge",1,0,81.707,0.000,81.705
"Tenant B (Online Queries)","GetLarge",1,0,80.153,0.001,80.150
"Tenant B (Online Queries)","GetLarge",1,0,76.835,0.001,76.826
"Tenant B (Online Queries)","GetLarge",1,0,71.640,0.000,71.608
"Tenant B (Online Queries)","GetLarge",1,0,67.130,0.000,67.107
"Tenant B (Online Queries)","GetLarge",1,0,76.425,0.000,76.393
"Tenant B (Online Queries)","GetLarge",1,0,67.803,0.000,67.769
"Tenant B (Online Queries)","GetLarge",1,0,69.085,0.000,69.055
"Tenant B (Online Queries)","GetLarge",1,0,75.981,0.000,75.949
"Tenant B (Online Queries)","GetLarge",1,0,82.488,0.003,82.459
"Tenant B (Online Queries)","GetLarge",1,0,72.344,0.000,72.314
"Tenant B (Online Queries)","GetLarge",1,0,76.064,0.001,76.030
"Tenant B (Online Queries)","GetLarge",1,0,71.301,0.000,71.271
"Tenant B (Online Queries)","GetLarge",1,0,69.405,0.000,69.374
"Tenant B (Online Queries)","GetLarge",1,0,74.923,0.000,74.893
"Tenant B (Online Queries)","GetLarge",1,0,70.789,0.000,70.759
"Tenant B (Online Queries)","GetLarge",1,0,79.303,0.000,79.273
"Tenant B (Online Queries)","GetLarge",1,0,69.739,0.000,69.707
"Tenant B (Online Queries)","GetLarge",1,0,78.641,0.000,78.631
"Tenant B (Online Queries)","GetLarge",1,0,72.038,0.000,72.036
"Tenant B (Online Queries)","GetLarge",1,0,72.885,0.000,72.882
"Tenant B (Online Queries)","GetLarge",1,0,82.255,0.000,82.227
"Tenant B (Online Queries)","GetLarge",1,0,73.604,0.000,73.587
"Tenant B (Online Queries)","GetLarge",1,0,81.925,0.000,81.894
"Tenant B (Online Queries)","GetLarge",1,0,70.322,0.000,70.283
"Tenant B (Online Queries)","GetLarge",1,0,82.461,0.000,82.457
"Tenant B (Online Queries)","GetLarge",1,0,68.173,0.000,68.169
"Tenant B (Online Queries)","GetLarge",1,0,71.214,0.000,71.209
"Tenant B (Online Queries)","GetLarge",1,0,77.626,0.000,77.622
"Tenant B (Online Queries)","GetLarge",1,0,78.502,0.000,78.498
"Tenant B (Online Queries)","GetLarge",1,0,74.238,0.000,74.233
"Tenant B (Online Queries)","GetLarge",1,0,76.814,0.000,76.810
"Tenant B (Online Queries)","GetLarge",1,0,75.687,0.000,75.681
"Tenant B (Online Queries)","GetLarge",1,0,69.615,0.000,69.611
"Tenant B (Online Queries)","GetLarge",1,0,69.192,0.000,69.188
"Tenant B (Online Queries)","GetLarge",1,0,67.801,0.000,67.799
"Tenant B (Online Queries)","GetLarge",1,0,74.427,0.000,74.423
"Tenant B (Online Queries)","GetLarge",1,0,70.592,0.000,70.588
"Tenant B (Online Queries)","GetLarge",1,0,75.591,0.000,75.588
"Tenant B (Online Queries)","GetLarge",1,0,78.261,0.000,78.257
"Tenant B (Online Queries)","GetLarge",1,0,73.669,0.000,73.667
"Tenant B (Online Queries)","GetLarge",1,0,75.019,0.000,75.016
"Tenant B (Online Queries)","GetLarge",1,0,80.271,0.000,80.260
"Tenant B (Online Queries)","GetLarge",1,0,72.983,0.000,72.978
"Tenant B (Online Queries)","GetLarge",1,0,74.360,0.001,74.354
"Tenant B (Online Queries)","GetSmall",1,0,18.845,0.000,18.843
"Tenant B (Online Queries)","GetSmall",1,0,17.224,0.000,17.221
"Tenant B (Online Queries)","GetLarge",1,0,68.122,0.000,68.119
"Tenant B (Online Queries)","GetLarge",1,0,70.435,0.000,70.426
"Tenant B (Online Queries)","GetLarge",1,0,71.461,0.000,71.451
"Tenant B (Online Queries)","GetLarge",1,0,72.067,0.000,72.060
"Tenant B (Online Queries)","GetLarge",1,0,68.940,0.000,68.936
"Tenant B (Online Queries)","GetLarge",1,0,73.371,0.000,73.369
"Tenant B (Online Queries)","GetLarge",1,0,67.809,0.000,67.801
"Tenant B (Online Queries)","GetLarge",1,0,75.562,0.000,75.553
"Tenant B (Online Queries)","GetLarge",1,0,71.470,0.000,71.462
"Tenant B (Online Queries)","GetLarge",1,0,75.000,0.000,74.997
"Tenant B (Online Queries)","GetLarge",1,0,75.988,0.000,75.986
"Tenant B (Online Queries)","GetSmall",1,0,19.860,0.000,19.857
"Tenant B (Online Queries)","GetSmall",1,0,19.621,0.000,19.618
"Tenant B (Online Queries)","GetLarge",1,0,73.754,0.000,73.751
"Tenant B (Online Queries)","GetSmall",1,0,17.768,0.000,17.765
"Tenant B (Online Queries)","GetSmall",1,0,19.389,0.000,19.386
"Tenant B (Online Queries)","GetLarge",1,0,78.155,0.000,78.153
"Tenant B (Online Queries)","GetLarge",1,0,74.152,0.000,74.145
"Tenant B (Online Queries)","GetLarge",1,0,82.618,0.000,82.616
"Tenant B (Online Queries)","GetSmall",1,0,18.224,0.000,18.221
"Tenant B (Online Queries)","GetLarge",1,0,81.762,0.000,81.754
"Tenant B (Online Queries)","GetSmall",1,0,17.419,0.000,17.416
"Tenant B (Online Queries)","GetSmall",1,0,16.156,0.000,16.153
"Tenant B (Online Queries)","GetSmall",1,0,16.718,0.001,16.713
"Tenant B (Online Queries)","GetSmall",1,0,16.792,0.000,16.789
"Tenant B (Online Queries)","GetSmall",1,0,17.350,0.000,17.347
"Tenant B (Online Queries)","GetLarge",1,0,72.986,0.001,72.981
"Tenant B (Online Queries)","GetSmall",1,0,19.654,0.000,19.651
"Tenant B (Online Queries)","GetSmall",1,0,19.442,0.000,19.441
"Tenant B (Online Queries)","GetSmall",1,0,18.780,0.000,18.777
"Tenant B (Online Queries)","GetSmall",1,0,18.327,0.000,18.325
"Tenant B (Online Queries)","GetSmall",1,0,15.887,0.002,15.881
"Tenant B (Online Queries)","GetSmall",1,0,16.971,0.000,16.967
"Tenant B (Online Queries)","GetLarge",1,0,81.884,0.000,81.882
"Tenant B (Online Queries)","GetSmall",1,0,15.724,0.000,15.721
"Tenant B (Online Queries)","GetSmall",1,0,16.246,0.000,16.244
"Tenant B (Online Queries)","GetSmall",1,0,14.913,0.000,14.911
"Tenant B (Online Queries)","GetSmall",1,0,19.643,0.000,19.641
"Tenant B (Online Queries)","GetSmall",1,0,16.571,0.000,16.561
"Tenant B (Online Queries)","GetSmall",1,0,17.095,0.000,17.078
"Tenant B (Online Queries)","GetSmall",1,0,17.711,0.000,17.708
"Tenant B (Online Queries)","GetSmall",1,0,16.977,0.000,16.974
"Tenant B (Online Queries)","GetSmall",1,0,16.987,0.000,16.985
"Tenant B (Online Queries)","GetSmall",1,0,18.542,0.000,18.540
"Tenant B (Online Queries)","GetSmall",1,0,17.718,0.000,17.715
"Tenant B (Online Queries)","GetSmall",1,0,19.096,0.000,19.065
"Tenant B (Online Queries)","GetSmall",1,0,17.451,0.000,17.449
"Tenant B (Online Queries)","GetSmall",1,0,19.288,0.000,19.285
"Tenant B (Online Queries)","GetSmall",1,0,15.839,0.000,15.830
"Tenant B (Online Queries)","GetSmall",1,0,15.675,0.000,15.673
"Tenant B (Online Queries)","GetSmall",1,0,16.658,0.000,16.656
"Tenant B (Online Queries)","GetSmall",1,0,17.419,0.001,17.415
"Tenant B (Online Queries)","GetSmall",1,0,17.855,0.000,17.853
"Tenant B (Online Queries)","GetSmall",1,0,19.008,0.000,19.005
"Tenant B (Online Queries)","GetSmall",1,0,18.062,0.000,18.054
"Tenant B (Online Queries)","GetSmall",1,0,16.546,0.000,16.544
"Tenant B (Online Queries)","GetSmall",1,0,17.382,0.000,17.379
"Tenant B (Online Queries)","GetSmall",1,0,19.653,0.000,19.648
"Tenant B (Online Queries)","GetSmall",1,0,17.628,0.004,17.617
"Tenant B (Online Queries)","GetSmall",1,0,18.042,0.000,18.039
"Tenant B (Online Queries)","GetSmall",1,0,18.729,0.000,18.726
"Tenant B (Online Queries)","GetSmall",1,0,17.704,0.000,17.702
"Tenant B (Online Queries)","GetSmall",1,0,17.681,0.000,17.679
"Tenant B (Online Queries)","GetSmall",1,0,19.767,0.000,19.764
"Tenant B (Online Queries)","GetSmall",1,0,18.007,0.000,18.004
"Tenant B (Online Queries)","GetSmall",1,0,18.135,0.000,18.133
"Tenant B (Online Queries)","GetLarge",1,0,69.784,0.000,69.781
"Tenant B (Online Queries)","GetLarge",1,0,71.613,0.000,71.611
"Tenant B (Online Queries)","GetSmall",1,0,17.634,0.000,17.620
"Tenant B (Online Queries)","GetSmall",1,0,18.348,0.000,18.344
"Tenant B (Online Queries)","GetSmall",1,0,16.303,0.000,16.299
"Tenant B (Online Queries)","GetSmall",1,0,17.644,0.000,17.640
"Tenant B (Online Queries)","GetLarge",1,0,65.158,0.000,65.156
"Tenant B (Online Queries)","GetSmall",1,0,18.454,0.000,18.453
"Tenant B (Online Queries)","GetSmall",1,0,17.051,0.000,17.049
"Tenant B (Online Queries)","GetSmall",1,0,15.820,0.000,15.813
"Tenant B (Online Queries)","GetSmall",1,0,16.907,0.000,16.905
"Tenant B (Online Queries)","GetSmall",1,0,19.572,0.000,19.569
"Tenant B (Online Queries)","GetLarge",1,0,81.904,0.001,81.902
"Tenant B (Online Queries)","GetSmall",1,0,15.563,0.000,15.561
"Tenant B (Online Queries)","GetSmall",1,0,17.003,0.000,17.000
"Tenant B (Online Queries)","GetSmall",1,0,16.279,0.000,16.276
"Tenant B (Online Queries)","GetSmall",1,0,15.930,0.000,15.924
"Tenant B (Online Queries)","GetSmall",1,0,17.545,0.000,17.542
"Tenant B (Online Queries)","GetLarge",1,0,73.939,0.000,73.936
"Tenant B (Online Queries)","GetSmall",1,0,18.444,0.000,18.442
"Tenant B (Online Queries)","GetSmall",1,0,18.232,0.000,18.230
"Tenant B (Online Queries)","GetSmall",1,0,18.248,0.000,18.240
"Tenant B (Online Queries)","GetSmall",1,0,17.454,0.000,17.445
"Tenant B (Online Queries)","GetSmall",1,0,18.845,0.000,18.842
"Tenant B (Online Queries)","GetSmall",1,0,17.789,0.000,17.788
"Tenant B (Online Queries)","GetLarge",1,0,62.385,0.000,62.382
"Tenant B (Online Queries)","GetSmall",1,0,18.748,0.000,18.747
"Tenant B (Online Queries)","GetSmall",1,0,18.457,0.000,18.455
"Tenant B (Online Queries)","GetSmall",1,0,17.552,0.000,17.548
"Tenant B (Online Queries)","GetSmall",1,0,18.608,0.000,18.606
"Tenant B (Online Queries)","GetSmall",1,0,19.704,0.000,19.701
"Tenant B (Online Queries)","GetLarge",1,0,68.962,0.000,68.961
"Tenant B (Online Queries)","GetSmall",1,0,17.369,0.000,17.365
"Tenant B (Online Queries)","GetSmall",1,0,18.324,0.000,18.321
"Tenant B (Online Queries)","GetSmall",1,0,16.770,0.000,16.762
"Tenant B (Online Queries)","GetLarge",1,0,75.309,0.000,75.301
"Tenant B (Online Queries)","GetSmall",1,0,19.638,0.000,19.636
"Tenant B (Online Queries)","GetSmall",1,0,16.399,0.000,16.392
"Tenant B (Online Queries)","GetSmall",1,0,17.555,0.000,17.548
"Tenant B (Online Queries)","GetSmall",1,0,18.818,0.000,18.815
"Tenant B (Online Queries)","GetLarge",1,0,67.782,0.000,67.780
"Tenant B (Online Queries)","GetSmall",1,0,20.407,0.000,20.406
"Tenant B (Online Queries)","GetSmall",1,0,17.095,0.000,17.092
"Tenant B (Online Queries)","GetSmall",1,0,15.825,0.000,15.823
"Tenant B (Online Queries)","GetSmall",1,0,18.026,0.000,18.024
"Tenant B (Online Queries)","GetSmall",1,0,16.140,0.000,16.138
"Tenant B (Online Queries)","GetLarge",1,0,76.027,0.000,76.026
"Tenant B (Online Queries)","GetLarge",1,0,71.884,0.000,71.882
"Tenant B (Online Queries)","GetSmall",1,0,17.455,0.000,17.443
"Tenant B (Online Queries)","GetSmall",1,0,18.708,0.000,18.705
"Tenant B (Online Queries)","GetLarge",1,0,72.042,0.000,72.039
"Tenant B (Online Queries)","GetSmall",1,0,17.340,0.000,17.332
"Tenant B (Online Queries)","GetSmall",1,0,19.424,0.000,19.421
"Tenant B (Online Queries)","GetSmall",1,0,17.731,0.000,17.728
"Tenant B (Online Queries)","GetSmall",1,0,16.104,0.000,16.101
"Tenant B (Online Queries)","GetSmall",1,0,16.250,0.000,16.247
"Tenant B (Online Queries)","GetSmall",1,0,19.610,0.000,19.578
"Tenant B (Online Queries)","GetSmall",1,0,16.613,0.000,16.609
"Tenant B (Online Queries)","GetSmall",1,0,17.077,0.000,17.075
"Tenant B (Online Queries)","GetSmall",1,0,17.587,0.000,17.583
"Tenant B (Online Queries)","GetSmall",1,0,16.799,0.000,16.797
"Tenant B (Online Queries)","GetSmall",1,0,17.688,0.000,17.684
"Tenant B (Online Queries)","GetSmall",1,0,20.253,0.000,20.249
"Tenant B (Online Queries)","GetSmall",1,0,18.472,0.000,18.470
"Tenant B (Online Queries)","GetLarge",1,0,70.700,0.000,70.698
"Tenant B (Online Queries)","GetSmall",1,0,18.437,0.000,18.427
"Tenant B (Online Queries)","GetSmall",1,0,17.022,0.001,17.018
"Tenant B (Online Queries)","GetSmall",1,0,18.116,0.001,18.113
"Tenant B (Online Queries)","GetSmall",1,0,19.407,0.000,19.398
"Tenant B (Online Queries)","GetLarge",1,0,69.381,0.000,69.376
"Tenant B (Online Queries)","GetSmall",1,0,18.729,0.000,18.725
"Tenant B (Online Queries)","GetLarge",1,0,73.802,0.000,73.799
"Tenant B (Online Queries)","GetSmall",1,0,18.572,0.000,18.568
"Tenant B (Online Queries)","GetSmall",1,0,20.075,0.000,20.072
"Tenant B (Online Queries)","GetSmall",1,0,20.129,0.000,20.125
"Tenant B (Online Queries)","GetLarge",1,0,70.010,0.000,70.006
"Tenant B (Online Queries)","GetSmall",1,0,17.007,0.000,17.004
"Tenant B (Online Queries)","GetSmall",1,0,17.546,0.000,17.544
"Tenant B (Online Queries)","GetLarge",1,0,74.811,0.000,74.807
"Tenant B (Online Queries)","GetSmall",1,0,18.290,0.000,18.288
"Tenant B (Online Queries)","GetSmall",1,0,17.218,0.001,17.215
"Tenant B (Online Queries)","GetLarge",1,0,64.023,0.000,64.021
"Tenant B (Online Queries)","GetSmall",1,0,19.133,0.000,19.131
"Tenant B (Online Queries)","GetSmall",1,0,20.648,0.000,20.645
"Tenant B (Online Queries)","GetLarge",1,0,72.924,0.000,72.913
"Tenant B (Online Queries)","GetSmall",1,0,16.227,0.000,16.224
"Tenant B (Online Queries)","GetSmall",1,0,16.662,0.000,16.659
"Tenant B (Online Queries)","GetSmall",1,0,19.375,0.000,19.373
"Tenant B (Online Queries)","GetLarge",1,0,64.438,0.000,64.435
"Tenant B (Online Queries)","GetSmall",1,0,15.686,0.000,15.678
"Tenant B (Online Queries)","GetLarge",1,0,74.403,0.000,74.400
"Tenant B (Online Queries)","GetLarge",1,0,65.765,0.001,65.761
"Tenant B (Online Queries)","GetLarge",1,0,67.181,0.000,67.177
"Tenant B (Online Queries)","GetSmall",1,0,18.523,0.000,18.521
"Tenant B (Online Queries)","GetSmall",1,0,18.770,0.000,18.768
"Tenant B (Online Queries)","GetSmall",1,0,18.088,0.000,18.084
"Tenant B (Online Queries)","GetSmall",1,0,17.179,0.000,17.173
"Tenant B (Online Queries)","GetLarge",1,0,67.086,0.000,67.084
"Tenant B (Online Queries)","GetSmall",1,0,18.370,0.000,18.358
"Tenant B (Online Queries)","GetSmall",1,0,17.595,0.000,17.589
"Tenant B (Online Queries)","GetSmall",1,0,16.368,0.000,16.367
"Tenant B (Online Queries)","GetSmall",1,0,19.021,0.000,19.019
"Tenant B (Online Queries)","GetSmall",1,0,16.659,0.000,16.657
"Tenant B (Online Queries)","GetLarge",1,0,71.653,0.000,71.651
"Tenant B (Online Queries)","GetSmall",1,0,17.537,0.000,17.536
"Tenant B (Online Queries)","GetLarge",1,0,68.784,0.000,68.781
"Tenant B (Online Queries)","GetLarge",1,0,70.366,0.000,70.362
"Tenant B (Online Queries)","GetSmall",1,0,17.700,0.000,17.696
"Tenant B (Online Queries)","GetSmall",1,0,19.655,0.000,19.653
"Tenant B (Online Queries)","GetSmall",1,0,20.132,0.000,20.129
"Tenant B (Online Queries)","GetSmall",1,0,18.138,0.000,18.136
"Tenant B (Online Queries)","GetSmall",1,0,16.455,0.000,16.452
"Tenant B (Online Queries)","GetSmall",1,0,17.610,0.000,17.607
"Tenant B (Online Queries)","GetSmall",1,0,18.924,0.000,18.921
"Tenant B (Online Queries)","GetSmall",1,0,15.083,0.000,15.079
"Tenant B (Online Queries)","GetSmall",1,0,15.736,0.000,15.725
"Tenant B (Online Queries)","GetSmall",1,0,18.317,0.000,18.313
"Tenant B (Online Queries)","GetSmall",1,0,16.784,0.000,16.781
"Tenant B (Online Queries)","GetSmall",1,0,18.687,0.000,18.683
"Tenant B (Online Queries)","GetLarge",1,0,71.355,0.000,71.352
"Tenant B (Online Queries)","GetSmall",1,0,18.008,0.000,18.007
"Tenant B (Online Queries)","GetSmall",1,0,18.467,0.000,18.464
"Tenant B (Online Queries)","GetSmall",1,0,19.314,0.000,19.312
"Tenant B (Online Queries)","GetSmall",1,0,16.009,0.000,16.004
"Tenant B (Online Queries)","GetSmall",1,0,16.616,0.000,16.612
"Tenant B (Online Queries)","GetSmall",1,0,17.899,0.000,17.896
"Tenant B (Online Queries)","GetSmall",1,0,19.583,0.000,19.580
"Tenant B (Online Queries)","GetLarge",1,0,63.692,0.000,63.690
"Tenant B (Online Queries)","GetSmall",1,0,17.670,0.000,17.667
"Tenant B (Online Queries)","GetSmall",1,0,16.686,0.000,16.683
"Tenant B (Online Queries)","GetSmall",1,0,16.473,0.000,16.468
"Tenant B (Online Queries)","GetSmall",1,0,16.352,0.000,16.349
"Tenant B (Online Queries)","GetSmall",1,0,17.432,0.000,17.430
"Tenant B (Online Queries)","GetSmall",1,0,15.206,0.000,15.202
"Tenant B (Online Queries)","GetSmall",1,0,15.161,0.000,15.157
"Tenant B (Online Queries)","GetLarge",1,0,79.565,0.000,79.555
"Tenant B (Online Queries)","GetSmall",1,0,20.433,0.000,20.431
"Tenant B (Online Queries)","GetSmall",1,0,17.831,0.000,17.820
"Tenant B (Online Queries)","GetSmall",1,0,17.002,0.000,17.001
"Tenant B (Online Queries)","GetSmall",1,0,20.284,0.000,20.282
"Tenant B (Online Queries)","GetLarge",1,0,68.605,0.000,68.603
"Tenant B (Online Queries)","GetSmall",1,0,20.153,0.000,20.149
"Tenant B (Online Queries)","GetSmall",1,0,16.349,0.000,16.348
"Tenant B (Online Queries)","GetSmall",1,0,19.476,0.000,19.469
"Tenant B (Online Queries)","GetSmall",1,0,18.088,0.000,18.085
"Tenant B (Online Queries)","GetSmall",1,0,16.577,0.000,16.574
"Tenant B (Online Queries)","GetSmall",1,0,15.741,0.000,15.737
"Tenant B (Online Queries)","GetSmall",1,0,19.731,0.000,19.729
"Tenant B (Online Queries)","GetSmall",1,0,18.534,0.000,18.523
"Tenant B (Online Queries)","GetSmall",1,0,16.191,0.000,16.181
"Tenant B (Online Queries)","GetSmall",1,0,17.802,0.000,17.800
"Tenant B (Online Queries)","GetSmall",1,0,18.645,0.000,18.632
"Tenant B (Online Queries)","GetSmall",1,0,18.037,0.000,18.026
"Tenant B (Online Queries)","GetSmall",1,0,16.853,0.000,16.841
"Tenant B (Online Queries)","GetLarge",1,0,67.333,0.000,67.330
"Tenant B (Online Queries)","GetSmall",1,0,16.716,0.000,16.712
"Tenant B (Online Queries)","GetSmall",1,0,17.291,0.000,17.288
"Tenant B (Online Queries)","GetSmall",1,0,19.719,0.000,19.714
"Tenant B (Online Queries)","GetLarge",1,0,65.522,0.000,65.517
"Tenant B (Online Queries)","GetSmall",1,0,15.777,0.000,15.773
"Tenant B (Online Queries)","GetSmall",1,0,17.160,0.000,17.151
"Tenant B (Online Queries)","GetSmall",1,0,17.061,0.000,17.059
"Tenant B (Online Queries)","GetLarge",1,0,70.961,0.000,70.959
"Tenant B (Online Queries)","GetSmall",1,0,18.441,0.000,18.430
"Tenant B (Online Queries)","GetSmall",1,0,18.136,0.000,18.134
"Tenant B (Online Queries)","GetSmall",1,0,17.577,0.000,17.574
"Tenant B (Online Queries)","GetSmall",1,0,18.020,0.000,18.018
"Tenant B (Online Queries)","GetSmall",1,0,18.951,0.000,18.949
"Tenant B (Online Queries)","GetSmall",1,0,19.982,0.000,19.979
"Tenant B (Online Queries)","GetSmall",1,0,17.074,0.000,17.070
"Tenant B (Online Queries)","GetSmall",1,0,20.436,0.000,20.434
"Tenant B (Online Queries)","GetLarge",1,0,70.672,0.000,70.669
"Tenant B (Online Queries)","GetSmall",1,0,17.617,0.000,17.616
"Tenant B (Online Queries)","GetSmall",1,0,16.801,0.000,16.798
"Tenant B (Online Queries)","GetLarge",1,0,71.797,0.000,71.796
"Tenant B (Online Queries)","GetSmall",1,0,19.819,0.000,19.811
"Tenant B (Online Queries)","GetSmall",1,0,17.107,0.000,17.097
"Tenant B (Online Queries)","GetSmall",1,0,18.353,0.000,18.345
"Tenant B (Online Queries)","GetSmall",1,0,16.720,0.000,16.717
"Tenant B (Online Queries)","GetSmall",1,0,16.517,0.000,16.507
"Tenant B (Online Queries)","GetSmall",1,0,17.949,0.000,17.938
"Tenant B (Online Queries)","GetSmall",1,0,17.618,0.000,17.611
"Tenant B (Online Queries)","GetSmall",1,0,17.175,0.000,17.167
"Tenant B (Online Queries)","GetSmall",1,0,17.198,0.000,17.196
"Tenant B (Online Queries)","GetSmall",1,0,18.249,0.000,18.246
"Tenant B (Online Queries)","GetLarge",1,0,70.835,0.000,70.833
"Tenant B (Online Queries)","GetSmall",1,0,20.518,0.000,20.515
"Tenant B (Online Queries)","GetLarge",1,0,72.093,0.000,72.091
"Tenant B (Online Queries)","GetSmall",1,0,18.990,0.000,18.987
"Tenant B (Online Queries)","GetLarge",1,0,79.056,0.000,79.053
"Tenant B (Online Queries)","GetSmall",1,0,18.047,0.000,18.045
"Tenant B (Online Queries)","GetSmall",1,0,19.277,0.000,19.274
"Tenant B (Online Queries)","GetLarge",1,0,74.813,0.000,74.810
"Tenant B (Online Queries)","GetSmall",1,0,14.954,0.000,14.950
"Tenant B (Online Queries)","GetLarge",1,0,69.583,0.000,69.580
"Tenant B (Online Queries)","GetSmall",1,0,16.222,0.000,16.219
"Tenant B (Online Queries)","GetSmall",1,0,16.992,0.000,16.989
"Tenant B (Online Queries)","GetSmall",1,0,17.683,0.000,17.675
"Tenant B (Online Queries)","GetSmall",1,0,18.403,0.000,18.401
"Tenant B (Online Queries)","GetSmall",1,0,20.162,0.000,20.150
"Tenant B (Online Queries)","GetSmall",1,0,16.698,0.000,16.695
"Tenant B (Online Queries)","GetSmall",1,0,17.105,0.000,17.101
"Tenant B (Online Queries)","GetSmall",1,0,18.458,0.000,18.450
"Tenant B (Online Queries)","GetSmall",1,0,19.196,0.000,19.194
"Tenant B (Online Queries)","GetSmall",1,0,18.784,0.000,18.781
"Tenant B (Online Queries)","GetLarge",1,0,80.009,0.000,80.002
"Tenant B (Online Queries)","GetSmall",1,0,18.422,0.000,18.415
"Tenant B (Online Queries)","GetSmall",1,0,20.423,0.000,20.420
"Tenant B (Online Queries)","GetLarge",1,0,86.098,0.000,86.096
"Tenant B (Online Queries)","GetSmall",1,0,19.823,0.000,19.812
"Tenant B (Online Queries)","GetLarge",1,0,71.061,0.000,71.050
"Tenant B (Online Queries)","GetSmall",1,0,18.363,0.000,18.360
"Tenant B (Online Queries)","GetSmall",1,0,18.045,0.000,18.044
"Tenant B (Online Queries)","GetSmall",1,0,17.651,0.000,17.643
"Tenant B (Online Queries)","GetLarge",1,0,71.810,0.000,71.796
"Tenant B (Online Queries)","GetSmall",1,0,19.266,0.000,19.263
"Tenant B (Online Queries)","GetSmall",1,0,16.539,0.000,16.537
"Tenant B (Online Queries)","GetSmall",1,0,16.198,0.000,16.187
"Tenant B (Online Queries)","GetSmall",1,0,16.841,0.000,16.833
"Tenant B (Online Queries)","GetLarge",1,0,68.637,0.000,68.635
"Tenant B (Online Queries)","GetSmall",1,0,20.264,0.000,20.261
"Tenant B (Online Queries)","GetSmall",1,0,20.107,0.000,20.104
"Tenant B (Online Queries)","GetSmall",1,0,17.052,0.000,17.042
"Tenant B (Online Queries)","GetSmall",1,0,17.713,0.000,17.705
"Tenant B (Online Queries)","GetSmall",1,0,18.751,0.000,18.744
"Tenant B (Online Queries)","GetLarge",1,0,81.429,0.000,81.425
"Tenant B (Online Queries)","GetSmall",1,0,16.797,0.000,16.794
"Tenant B (Online Queries)","GetLarge",1,0,81.101,0.000,81.096
"Tenant B (Online Queries)","GetLarge",1,0,67.492,0.000,67.490
"Tenant B (Online Queries)","GetSmall",1,0,16.757,0.000,16.754
"Tenant B (Online Queries)","GetLarge",1,0,73.939,0.000,73.937
"Tenant B (Online Queries)","GetLarge",1,0,67.352,0.000,67.349
"Tenant B (Online Queries)","GetSmall",1,0,17.742,0.000,17.739
"Tenant B (Online Queries)","GetSmall",1,0,19.548,0.000,19.539
"Tenant B (Online Queries)","GetSmall",1,0,16.462,0.000,16.455
"Tenant B (Online Queries)","GetSmall",1,0,15.221,0.000,15.212
"Tenant B (Online Queries)","GetSmall",1,0,17.499,0.000,17.495
"Tenant B (Online Queries)","GetSmall",1,0,18.378,0.000,18.375
"Tenant B (Online Queries)","GetSmall",1,0,18.726,0.000,18.713
"Tenant B (Online Queries)","GetSmall",1,0,18.459,0.000,18.457
"Tenant B (Online Queries)","GetSmall",1,0,17.924,0.000,17.920
"Tenant B (Online Queries)","GetLarge",1,0,72.828,0.000,72.824
"Tenant B (Online Queries)","GetLarge",1,0,81.386,0.000,81.382
"Tenant B (Online Queries)","GetLarge",1,0,64.921,0.000,64.913
"Tenant B (Online Queries)","GetSmall",1,0,18.247,0.000,18.245
"Tenant B (Online Queries)","GetSmall",1,0,18.514,0.000,18.512
"Tenant B (Online Queries)","GetSmall",1,0,16.717,0.000,16.715
"Tenant B (Online Queries)","GetLarge",1,0,71.051,0.000,71.048
"Tenant B (Online Queries)","GetLarge",1,0,67.552,0.000,67.549
"Tenant B (Online Queries)","GetSmall",1,0,19.423,0.001,19.415
"Tenant B (Online Queries)","GetLarge",1,0,77.020,0.000,77.016
"Tenant B (Online Queries)","GetSmall",1,0,18.121,0.000,18.119
"Tenant B (Online Queries)","GetSmall",1,0,20.091,0.000,20.088
"Tenant B (Online Queries)","GetLarge",1,0,73.060,0.000,73.057
"Tenant B (Online Queries)","GetSmall",1,0,16.919,0.000,16.918
"Tenant B (Online Queries)","GetSmall",1,0,17.561,0.000,17.557
"Tenant B (Online Queries)","GetSmall",1,0,19.127,0.000,19.125
"Tenant B (Online Queries)","GetSmall",1,0,17.115,0.000,17.113
"Tenant B (Online Queries)","GetSmall",1,0,17.594,0.000,17.590
"Tenant B (Online Queries)","GetSmall",1,0,18.908,0.000,18.905
"Tenant B (Online Queries)","GetSmall",1,0,18.015,0.000,18.012
"Tenant B (Online Queries)","GetSmall",1,0,18.552,0.000,18.550
"Tenant B (Online Queries)","GetSmall",1,0,16.687,0.000,16.685
"Tenant B (Online Queries)","GetSmall",1,0,15.048,0.000,15.045
"Tenant B (Online Queries)","GetSmall",1,0,19.638,0.000,19.636
"Tenant B (Online Queries)","GetSmall",1,0,18.014,0.000,18.013
"Tenant B (Online Queries)","GetSmall",1,0,18.588,0.000,18.587
"Tenant B (Online Queries)","GetSmall",1,0,18.433,0.000,18.431
"Tenant B (Online Queries)","GetLarge",1,0,64.320,0.000,64.317
"Tenant B (Online Queries)","GetSmall",1,0,17.474,0.000,17.471
"Tenant B (Online Queries)","GetSmall",1,0,17.103,0.000,17.101
"Tenant B (Online Queries)","GetLarge",1,0,66.109,0.000,66.104
"Tenant B (Online Queries)","GetLarge",1,0,67.302,0.000,67.299
"Tenant B (Online Queries)","GetSmall",1,0,18.760,0.000,18.758
"Tenant B (Online Queries)","GetSmall",1,0,15.198,0.000,15.179
"Tenant B (Online Queries)","GetSmall",1,0,15.823,0.000,15.803
"Tenant B (Online Queries)","GetSmall",1,0,16.441,0.000,16.347
"Tenant B (Online Queries)","GetLarge",1,0,78.708,0.000,78.704
"Tenant B (Online Queries)","GetSmall",1,0,17.018,0.000,17.015
"Tenant B (Online Queries)","GetSmall",1,0,16.386,0.000,16.384
"Tenant B (Online Queries)","GetSmall",1,0,16.248,0.000,16.245
"Tenant B (Online Queries)","GetSmall",1,0,19.976,0.000,19.974
"Tenant B (Online Queries)","GetSmall",1,0,17.372,0.000,17.370
"Tenant B (Online Queries)","GetSmall",1,0,16.387,0.000,16.385
"Tenant B (Online Queries)","GetSmall",1,0,18.724,0.000,18.721
"Tenant B (Online Queries)","GetSmall",1,0,17.108,0.000,17.106
"Tenant B (Online Queries)","GetSmall",1,0,17.297,0.000,17.295
"Tenant B (Online Queries)","GetSmall",1,0,19.207,0.000,19.203
"Tenant B (Online Queries)","GetSmall",1,0,17.749,0.000,17.746
"Tenant B (Online Queries)","GetSmall",1,0,15.349,0.000,15.346
"Tenant B (Online Queries)","GetSmall",1,0,17.932,0.000,17.930
"Tenant B (Online Queries)","GetSmall",1,0,17.669,0.000,17.666
"Tenant B (Online Queries)","GetLarge",1,0,69.010,0.000,69.007
"Tenant B (Online Queries)","GetSmall",1,0,19.570,0.000,19.568
"Tenant B (Online Queries)","GetLarge",1,0,68.715,0.000,68.710
"Tenant B (Online Queries)","GetSmall",1,0,20.026,0.000,20.022
"Tenant B (Online Queries)","GetLarge",1,0,77.078,0.000,77.075
"Tenant B (Online Queries)","GetSmall",1,0,17.308,0.000,17.306
"Tenant B (Online Queries)","GetSmall",1,0,17.583,0.000,17.580
"Tenant B (Online Queries)","GetSmall",1,0,16.388,0.000,16.386
"Tenant B (Online Queries)","GetSmall",1,0,20.141,0.000,20.133
"Tenant B (Online Queries)","GetLarge",1,0,73.368,0.000,73.359
"Tenant B (Online Queries)","GetSmall",1,0,15.982,0.000,15.978
"Tenant B (Online Queries)","GetSmall",1,0,17.613,0.000,17.611
"Tenant B (Online Queries)","GetSmall",1,0,17.705,0.000,17.703
"Tenant B (Online Queries)","GetSmall",1,0,18.435,0.000,18.432
"Tenant B (Online Queries)","GetSmall",1,0,16.523,0.000,16.522
"Tenant B (Online Queries)","GetSmall",1,0,19.838,0.000,19.825
"Tenant B (Online Queries)","GetSmall",1,0,17.696,0.001,17.684
"Tenant B (Online Queries)","GetSmall",1,0,19.250,0.000,19.246
"Tenant B (Online Queries)","GetSmall",1,0,17.777,0.000,17.767
"Tenant B (Online Queries)","GetSmall",1,0,18.402,0.000,18.398
"Tenant B (Online Queries)","GetLarge",1,0,75.725,0.000,75.724
"Tenant B (Online Queries)","GetLarge",1,0,67.212,0.000,67.208
"Tenant B (Online Queries)","GetLarge",1,0,73.181,0.001,73.175
"Tenant B (Online Queries)","GetSmall",1,0,17.753,0.000,17.751
"Tenant B (Online Queries)","GetLarge",1,0,78.075,0.002,78.062
"Tenant B (Online Queries)","GetLarge",1,0,70.367,0.000,70.363
"Tenant B (Online Queries)","GetSmall",1,0,19.788,0.000,19.776
"Tenant B (Online Queries)","GetLarge",1,0,78.441,0.000,78.438
"Tenant B (Online Queries)","GetSmall",1,0,17.098,0.000,17.082
"Tenant B (Online Queries)","GetSmall",1,0,20.001,0.000,19.999
"Tenant B (Online Queries)","GetSmall",1,0,16.524,0.001,16.520
"Tenant B (Online Queries)","GetLarge",1,0,63.105,0.000,63.092
"Tenant B (Online Queries)","GetLarge",1,0,81.141,0.000,81.127
"Tenant B (Online Queries)","GetSmall",1,0,17.841,0.000,17.835
"Tenant B (Online Queries)","GetSmall",1,0,18.436,0.000,18.429
"Tenant B (Online Queries)","GetLarge",1,0,67.491,0.000,67.484
"Tenant B (Online Queries)","GetSmall",1,0,19.450,0.000,19.448
"Tenant B (Online Queries)","GetSmall",1,0,17.763,0.000,17.760
"Tenant B (Online Queries)","GetLarge",1,0,76.828,0.000,76.824
"Tenant B (Online Queries)","GetLarge",1,0,69.243,0.000,69.238
"Tenant B (Online Queries)","GetSmall",1,0,16.231,0.001,16.226
"Tenant B (Online Queries)","GetLarge",1,0,78.609,0.000,78.597
"Tenant B (Online Queries)","GetSmall",1,0,18.462,0.000,18.451
"Tenant B (Online Queries)","GetSmall",1,0,18.815,0.001,18.800
"Tenant B (Online Queries)","GetSmall",1,0,15.104,0.000,15.081
"Tenant B (Online Queries)","GetSmall",1,0,17.667,0.000,17.639
"Tenant B (Online Queries)","GetSmall",1,0,18.532,0.001,18.518
"Tenant B (Online Queries)","GetSmall",1,0,16.285,0.001,16.270
"Tenant B (Online Queries)","GetSmall",1,0,15.534,0.001,15.528
"Tenant B (Online Queries)","GetLarge",1,0,73.809,0.000,73.800
"Tenant B (Online Queries)","GetSmall",1,0,17.747,0.000,17.706
"Tenant B (Online Queries)","GetSmall",1,0,17.524,0.001,17.504
"Tenant B (Online Queries)","GetLarge",1,0,68.527,0.000,68.511
"Tenant B (Online Queries)","GetSmall",1,0,19.402,0.001,19.393
"Tenant B (Online Queries)","GetSmall",1,0,17.880,0.001,17.874
"Tenant B (Online Queries)","GetSmall",1,0,17.656,0.001,17.645
"Tenant B (Online Queries)","GetSmall",1,0,15.658,0.001,15.644
"Tenant B (Online Queries)","GetLarge",1,0,65.844,0.000,65.837
"Tenant B (Online Queries)","GetSmall",1,0,19.186,0.000,19.174
"Tenant B (Online Queries)","GetLarge",1,0,73.323,0.000,73.310
"Tenant B (Online Queries)","GetSmall",1,0,18.206,0.002,18.196
"Tenant B (Online Queries)","GetLarge",1,0,74.995,0.000,74.986
"Tenant B (Online Queries)","GetSmall",1,0,20.202,0.002,20.196
"Tenant B (Online Queries)","GetLarge",1,0,71.631,0.000,71.624
"Tenant B (Online Queries)","GetSmall",1,0,17.173,0.001,17.166
"Tenant B (Online Queries)","GetSmall",1,0,17.190,0.002,17.185
"Tenant B (Online Queries)","GetSmall",1,0,17.649,0.001,17.641
"Tenant B (Online Queries)","GetLarge",1,0,82.637,0.000,82.631
"Tenant B (Online Queries)","GetSmall",1,0,19.366,0.001,19.360
"Tenant B (Online Queries)","GetSmall",1,0,16.203,0.001,16.188
"Tenant B (Online Queries)","GetSmall",1,0,19.201,0.000,19.189
"Tenant B (Online Queries)","GetSmall",1,0,17.182,0.001,17.174
"Tenant B (Online Queries)","GetLarge",1,0,72.077,0.001,72.068
"Tenant B (Online Queries)","GetLarge",1,0,73.197,0.000,73.193
"Tenant B (Online Queries)","GetSmall",1,0,17.440,0.000,17.430
"Tenant B (Online Queries)","GetSmall",1,0,18.796,0.000,18.793
"Tenant B (Online Queries)","GetSmall",1,0,17.178,0.000,17.170
"Tenant B (Online Queries)","GetSmall",1,0,17.379,0.001,17.371
"Tenant B (Online Queries)","GetSmall",1,0,16.304,0.002,16.294
"Tenant B (Online Queries)","GetLarge",1,0,74.040,0.001,74.032
"Tenant B (Online Queries)","GetLarge",1,0,62.379,0.001,62.371
"Tenant B (Online Queries)","GetLarge",1,0,81.247,0.001,81.238
"Tenant B (Online Queries)","GetSmall",1,0,18.025,0.002,18.018
"Tenant B (Online Queries)","GetLarge",1,0,77.860,0.001,77.850
"Tenant B (Online Queries)","GetSmall",1,0,17.026,0.002,17.017
"Tenant B (Online Queries)","GetLarge",1,0,79.760,0.001,79.754
"Tenant B (Online Queries)","GetLarge",1,0,82.955,0.001,82.949
"Tenant B (Online Queries)","GetLarge",1,0,75.385,0.002,75.379
"Tenant B (Online Queries)","GetSmall",1,0,16.958,0.000,16.953
"Tenant B (Online Queries)","GetLarge",1,0,73.306,0.002,73.300
"Tenant B (Online Queries)","GetSmall",1,0,16.597,0.000,16.593
"Tenant B (Online Queries)","GetSmall",1,0,19.965,0.000,19.961
"Tenant B (Online Queries)","GetSmall",1,0,19.154,0.001,19.150
"Tenant B (Online Queries)","GetSmall",1,0,18.546,0.001,18.543
"Tenant B (Online Queries)","GetSmall",1,0,16.782,0.001,16.771
"Tenant B (Online Queries)","GetSmall",1,0,15.839,0.000,15.826
"Tenant B (Online Queries)","GetSmall",1,0,16.015,0.000,16.000
"Tenant B (Online Queries)","GetLarge",1,0,75.501,0.001,75.494
"Tenant B (Online Queries)","GetSmall",1,0,19.533,0.000,19.528
"Tenant B (Online Queries)","GetLarge",1,0,75.656,0.001,75.651
"Tenant B (Online Queries)","GetSmall",1,0,18.447,0.000,18.443
"Tenant B (Online Queries)","GetSmall",1,0,18.835,0.000,18.830
"Tenant B (Online Queries)","GetSmall",1,0,20.293,0.000,20.289
"Tenant B (Online Queries)","GetSmall",1,0,20.228,0.000,20.224
"Tenant B (Online Queries)","GetSmall",1,0,20.137,0.000,20.133
"Tenant B (Online Queries)","GetLarge",1,0,66.943,0.001,66.940
"Tenant B (Online Queries)","GetSmall",1,0,19.246,0.000,19.242
"Tenant B (Online Queries)","GetSmall",1,0,17.892,0.000,17.888
"Tenant B (Online Queries)","GetSmall",1,0,17.979,0.000,17.973
"Tenant B (Online Queries)","GetSmall",1,0,18.271,0.000,18.254
"Tenant B (Online Queries)","GetSmall",1,0,20.010,0.000,19.998
"Tenant B (Online Queries)","GetLarge",1,0,78.684,0.001,78.675
"Tenant B (Online Queries)","GetLarge",1,0,76.067,0.001,76.060
"Tenant B (Online Queries)","GetLarge",1,0,76.705,0.001,76.694
"Tenant B (Online Queries)","GetLarge",1,0,79.236,0.001,79.227
"Tenant B (Online Queries)","GetSmall",1,0,17.236,0.000,17.234
"Tenant B (Online Queries)","GetSmall",1,0,19.820,0.000,19.813
"Tenant B (Online Queries)","GetSmall",1,0,18.054,0.000,18.049
"Tenant B (Online Queries)","GetSmall",1,0,18.735,0.000,18.728
"Tenant B (Online Queries)","GetSmall",1,0,17.101,0.000,17.091
"Tenant B (Online Queries)","GetLarge",1,0,65.325,0.001,65.321
"Tenant B (Online Queries)","GetSmall",1,0,19.840,0.000,19.830
"Tenant B (Online Queries)","GetLarge",1,0,68.437,0.001,68.430
"Tenant B (Online Queries)","GetLarge",1,0,76.311,0.001,76.301
"Tenant B (Online Queries)","GetSmall",1,0,18.333,0.001,18.328
"Tenant B (Online Queries)","GetSmall",1,0,17.641,0.001,17.636
"Tenant B (Online Queries)","GetLarge",1,0,80.472,0.002,80.466
"Tenant B (Online Queries)","GetSmall",1,0,17.885,0.001,17.875
"Tenant B (Online Queries)","GetSmall",1,0,17.350,0.001,17.346
"Tenant B (Online Queries)","GetLarge",1,0,78.449,0.001,78.439
"Tenant B (Online Queries)","GetSmall",1,0,18.469,0.000,18.460
"Tenant B (Online Queries)","GetLarge",1,0,70.285,0.001,70.273
"Tenant B (Online Queries)","GetSmall",1,0,16.022,0.001,16.010
"Tenant B (Online Queries)","GetSmall",1,0,17.911,0.001,17.902
"Tenant B (Online Queries)","GetSmall",1,0,16.931,0.000,16.926
"Tenant B (Online Queries)","GetSmall",1,0,16.009,0.001,16.001
"Tenant B (Online Queries)","GetSmall",1,0,16.736,0.001,16.730
"Tenant B (Online Queries)","GetSmall",1,0,20.547,0.001,20.537
"Tenant B (Online Queries)","GetSmall",1,0,19.284,0.001,19.279
"Tenant B (Online Queries)","GetSmall",1,0,17.613,0.000,17.602
"Tenant B (Online Queries)","GetSmall",1,0,16.638,0.000,16.629
"Tenant B (Online Queries)","GetSmall",1,0,20.120,0.001,20.116
"Tenant B (Online Queries)","GetSmall",1,0,17.724,0.000,17.720
"Tenant B (Online Queries)","GetSmall",1,0,20.110,0.001,20.100
"Tenant B (Online Queries)","GetSmall",1,0,17.004,0.001,16.999
"Tenant B (Online Queries)","GetSmall",1,0,14.844,0.001,14.840
"Tenant B (Online Queries)","GetSmall",1,0,16.140,0.000,16.127
"Tenant B (Online Queries)","GetSmall",1,0,16.870,0.001,16.853
"Tenant B (Online Queries)","GetSmall",1,0,16.572,0.001,16.561
"Tenant B (Online Queries)","GetSmall",1,0,18.381,0.000,18.377
"Tenant B (Online Queries)","GetLarge",1,0,74.683,0.000,74.674
"Tenant B (Online Queries)","GetSmall",1,0,19.204,0.001,19.191
"Tenant B (Online Queries)","GetSmall",1,0,18.059,0.000,18.045
"Tenant B (Online Queries)","GetSmall",1,0,17.111,0.001,17.100
"Tenant B (Online Queries)","GetSmall",1,0,19.868,0.001,19.863
"Tenant B (Online Queries)","GetSmall",1,0,17.480,0.001,17.476
"Tenant B (Online Queries)","GetSmall",1,0,17.560,0.001,17.547
"Tenant B (Online Queries)","GetSmall",1,0,18.264,0.000,18.262
"Tenant B (Online Queries)","GetSmall",1,0,17.099,0.000,17.095
"Tenant B (Online Queries)","GetSmall",1,0,18.911,0.000,18.908
"Tenant B (Online Queries)","GetSmall",1,0,19.425,0.000,19.420
"Tenant B (Online Queries)","GetSmall",1,0,16.869,0.001,16.866
"Tenant B (Online Queries)","GetSmall",1,0,18.693,0.001,18.690
"Tenant B (Online Queries)","GetSmall",1,0,18.809,0.000,18.795
"Tenant B (Online Queries)","GetLarge",1,0,72.633,0.001,72.621
"Tenant B (Online Queries)","GetLarge",1,0,66.344,0.001,66.333
"Tenant B (Online Queries)","GetLarge",1,0,67.546,0.001,67.542
"Tenant B (Online Queries)","GetLarge",1,0,69.225,0.000,69.215
"Tenant B (Online Queries)","GetLarge",1,0,65.734,0.001,65.721
"Tenant B (Online Queries)","GetLarge",1,0,63.775,0.001,63.768
"Tenant B (Online Queries)","GetSmall",1,0,18.049,0.001,18.037
"Tenant B (Online Queries)","GetLarge",1,0,76.498,0.002,76.478
"Tenant B (Online Queries)","GetSmall",1,0,18.257,0.001,18.247
"Tenant B (Online Queries)","GetLarge",1,0,70.703,0.001,70.697
"Tenant B (Online Queries)","GetLarge",1,0,70.856,0.001,70.844
"Tenant B (Online Queries)","GetSmall",1,0,16.198,0.001,16.189
"Tenant B (Online Queries)","GetLarge",1,0,75.526,0.002,75.520
"Tenant B (Online Queries)","GetLarge",1,0,72.858,0.000,72.852
"Tenant B (Online Queries)","GetLarge",1,0,74.398,0.001,74.395
"Tenant B (Online Queries)","GetLarge",1,0,71.206,0.000,71.199
"Tenant B (Online Queries)","GetLarge",1,0,72.851,0.000,72.847
"Tenant B (Online Queries)","GetLarge",1,0,71.419,0.000,71.414
"Tenant B (Online Queries)","GetLarge",1,0,70.142,0.000,70.136
"Tenant B (Online Queries)","GetLarge",1,0,78.810,0.000,78.805
"Tenant B (Online Queries)","GetLarge",1,0,72.832,0.000,72.827
"Tenant B (Online Queries)","GetSmall",1,0,20.159,0.001,20.156
"Tenant B (Online Queries)","GetLarge",1,0,71.154,0.000,71.149
"Tenant B (Online Queries)","GetLarge",1,0,71.785,0.001,71.779
"Tenant B (Online Queries)","GetSmall",1,0,17.378,0.001,17.370
"Tenant B (Online Queries)","GetLarge",1,0,78.819,0.001,78.801
"Tenant B (Online Queries)","GetLarge",1,0,68.694,0.001,68.675
"Tenant B (Online Queries)","GetLarge",1,0,68.861,0.002,68.850
"Tenant B (Online Queries)","GetLarge",1,0,62.179,0.001,62.175
"Tenant B (Online Queries)","GetLarge",1,0,71.452,0.001,71.445
"Tenant B (Online Queries)","GetLarge",1,0,72.713,0.001,72.709
"Tenant B (Online Queries)","GetSmall",1,0,18.570,0.000,18.558
"Tenant B (Online Queries)","GetLarge",1,0,68.503,0.000,68.463
"Tenant B (Online Queries)","GetLarge",1,0,69.251,0.001,69.235
"Tenant B (Online Queries)","GetLarge",1,0,74.267,0.001,74.263
"Tenant B (Online Queries)","GetLarge",1,0,75.725,0.001,75.722
"Tenant B (Online Queries)","GetLarge",1,0,77.343,0.001,77.338
"Tenant B (Online Queries)","GetLarge",1,0,75.631,0.001,75.628
"Tenant B (Online Queries)","GetLarge",1,0,75.895,0.000,75.893
"Tenant B (Online Queries)","GetLarge",1,0,74.192,0.001,74.185
"Tenant B (Online Queries)","GetLarge",1,0,71.144,0.001,71.142
"Tenant B (Online Queries)","GetLarge",1,0,74.428,0.001,74.423
"Tenant B (Online Queries)","GetLarge",1,0,74.114,0.001,74.108
"Tenant B (Online Queries)","GetLarge",1,0,80.648,0.001,80.642
"Tenant B (Online Queries)","GetSmall",1,0,18.778,0.000,18.775
"Tenant B (Online Queries)","GetSmall",1,0,19.306,0.001,19.284
"Tenant B (Online Queries)","GetLarge",1,0,81.925,0.000,81.922
"Tenant B (Online Queries)","GetSmall",1,0,19.006,0.001,19.002
"Tenant B (Online Queries)","GetSmall",1,0,18.555,0.001,18.550
"Tenant B (Online Queries)","GetLarge",1,0,79.892,0.001,79.888
"Tenant B (Online Queries)","GetSmall",1,0,20.444,0.001,20.441
"Tenant B (Online Queries)","GetSmall",1,0,19.756,0.000,19.753
"Tenant B (Online Queries)","GetSmall",1,0,17.004,0.000,16.995
"Tenant B (Online Queries)","GetSmall",1,0,19.777,0.000,19.773
"Tenant B (Online Queries)","GetLarge",1,0,68.998,0.002,68.994
"Tenant B (Online Queries)","GetSmall",1,0,14.130,0.000,14.125
"Tenant B (Online Queries)","GetSmall",1,0,19.598,0.001,19.592
"Tenant B (Online Queries)","GetLarge",1,0,79.472,0.001,79.468
"Tenant B (Online Queries)","GetSmall",1,0,15.069,0.000,15.065
"Tenant B (Online Queries)","GetSmall",1,0,15.750,0.000,15.747
"Tenant B (Online Queries)","GetSmall",1,0,16.949,0.000,16.945
"Tenant B (Online Queries)","GetSmall",1,0,18.020,0.001,18.018
"Tenant B (Online Queries)","GetSmall",1,0,18.322,0.000,18.313
"Tenant B (Online Queries)","GetSmall",1,0,19.041,0.000,19.038
"Tenant B (Online Queries)","GetSmall",1,0,16.238,0.000,16.231
"Tenant B (Online Queries)","GetSmall",1,0,16.126,0.000,16.122
"Tenant B (Online Queries)","GetSmall",1,0,19.692,0.000,19.689
"Tenant B (Online Queries)","GetSmall",1,0,17.156,0.000,17.154
"Tenant B (Online Queries)","GetSmall",1,0,17.177,0.000,17.175
"Tenant B (Online Queries)","GetSmall",1,0,16.757,0.000,16.751
"Tenant B (Online Queries)","GetSmall",1,0,19.623,0.000,19.621
"Tenant B (Online Queries)","GetSmall",1,0,18.838,0.001,18.832
"Tenant B (Online Queries)","GetSmall",1,0,16.680,0.001,16.674
"Tenant B (Online Queries)","GetSmall",1,0,17.591,0.000,17.585
"Tenant B (Online Queries)","GetSmall",1,0,18.144,0.000,18.136
"Tenant B (Online Queries)","GetLarge",1,0,78.910,0.000,78.903
"Tenant B (Online Queries)","GetSmall",1,0,17.070,0.000,17.066
"Tenant B (Online Queries)","GetSmall",1,0,16.937,0.001,16.927
"Tenant B (Online Queries)","GetSmall",1,0,19.667,0.000,19.664
"Tenant B (Online Queries)","GetSmall",1,0,17.890,0.000,17.884
"Tenant B (Online Queries)","GetLarge",1,0,75.878,0.002,75.870
"Tenant B (Online Queries)","GetSmall",1,0,18.986,0.000,18.982
"Tenant B (Online Queries)","GetSmall",1,0,18.086,0.001,18.081
"Tenant B (Online Queries)","GetLarge",1,0,73.397,0.000,73.390
"Tenant B (Online Queries)","GetSmall",1,0,19.751,0.000,19.748
"Tenant B (Online Queries)","GetSmall",1,0,19.047,0.000,19.041
"Tenant B (Online Queries)","GetSmall",1,0,18.824,0.000,18.821
"Tenant B (Online Queries)","GetLarge",1,0,73.823,0.000,73.818
"Tenant B (Online Queries)","GetLarge",1,0,77.228,0.000,77.222
"Tenant B (Online Queries)","GetSmall",1,0,17.059,0.000,17.055
"Tenant B (Online Queries)","GetSmall",1,0,18.590,0.000,18.586
"Tenant B (Online Queries)","GetLarge",1,0,69.955,0.000,69.949
"Tenant B (Online Queries)","GetSmall",1,0,18.284,0.000,18.281
"Tenant B (Online Queries)","GetSmall",1,0,16.227,0.000,16.223
"Tenant B (Online Queries)","GetLarge",1,0,68.115,0.000,68.112
"Tenant B (Online Queries)","GetSmall",1,0,17.007,0.001,17.003
"Tenant B (Online Queries)","GetSmall",1,0,15.602,0.000,15.598
"Tenant B (Online Queries)","GetSmall",1,0,14.829,0.000,14.825
"Tenant B (Online Queries)","GetSmall",1,0,16.351,0.000,16.349
"Tenant B (Online Queries)","GetSmall",1,0,18.614,0.000,18.612
"Tenant B (Online Queries)","GetSmall",1,0,16.983,0.000,16.982
"Tenant B (Online Queries)","GetSmall",1,0,17.729,0.001,17.725
"Tenant B (Online Queries)","GetSmall",1,0,17.768,0.002,17.763
"Tenant B (Online Queries)","GetLarge",1,0,65.457,0.000,65.452
"Tenant B (Online Queries)","GetSmall",1,0,17.360,0.000,17.356
"Tenant B (Online Queries)","GetLarge",1,0,76.076,0.000,76.071
"Tenant B (Online Queries)","GetSmall",1,0,16.940,0.001,16.937
"Tenant B (Online Queries)","GetSmall",1,0,18.426,0.000,18.424
"Tenant B (Online Queries)","GetLarge",1,0,75.283,0.000,75.281
"Tenant B (Online Queries)","GetSmall",1,0,18.091,0.000,18.086
"Tenant B (Online Queries)","GetSmall",1,0,19.179,0.000,19.171
"Tenant B (Online Queries)","GetSmall",1,0,18.783,0.000,18.778
"Tenant B (Online Queries)","GetSmall",1,0,17.632,0.000,17.615
"Tenant B (Online Queries)","GetSmall",1,0,20.088,0.000,20.084
"Tenant B (Online Queries)","GetSmall",1,0,19.345,0.000,19.342
"Tenant B (Online Queries)","GetSmall",1,0,15.781,0.000,15.778
"Tenant B (Online Queries)","GetSmall",1,0,16.671,0.000,16.670
"Tenant B (Online Queries)","GetSmall",1,0,17.869,0.001,17.856
"Tenant B (Online Queries)","GetSmall",1,0,17.229,0.000,17.225
"Tenant B (Online Queries)","GetSmall",1,0,16.679,0.000,16.676
"Tenant B (Online Queries)","GetSmall",1,0,19.981,0.000,19.979
"Tenant B (Online Queries)","GetSmall",1,0,18.147,0.000,18.134
"Tenant B (Online Queries)","GetSmall",1,0,20.176,0.001,20.160
"Tenant B (Online Queries)","GetLarge",1,0,63.051,0.001,63.040
"Tenant B (Online Queries)","GetLarge",1,0,63.930,0.000,63.927
"Tenant B (Online Queries)","GetLarge",1,0,66.708,0.000,66.705
"Tenant B (Online Queries)","GetLarge",1,0,68.644,0.000,68.633
"Tenant B (Online Queries)","GetLarge",1,0,70.582,0.001,70.572
"Tenant B (Online Queries)","GetLarge",1,0,66.407,0.000,66.402
"Tenant B (Online Queries)","GetLarge",1,0,62.857,0.000,62.838
"Tenant B (Online Queries)","GetLarge",1,0,69.653,0.002,69.618
"Tenant B (Online Queries)","GetLarge",1,0,70.367,0.000,70.335
"Tenant B (Online Queries)","GetLarge",1,0,71.496,0.000,71.480
"Tenant B (Online Queries)","GetLarge",1,0,72.193,0.000,72.163
"Tenant B (Online Queries)","GetLarge",1,0,68.800,0.000,68.770
"Tenant B (Online Queries)","GetLarge",1,0,72.221,0.000,72.216
"Tenant B (Online Queries)","GetLarge",1,0,75.528,0.000,75.523
"Tenant B (Online Queries)","GetLarge",1,0,80.644,0.001,80.638
"Tenant B (Online Queries)","GetLarge",1,0,82.457,0.001,82.453
"Tenant B (Online Queries)","GetLarge",1,0,73.554,0.000,73.549
"Tenant B (Online Queries)","GetLarge",1,0,72.970,0.000,72.956
"Tenant B (Online Queries)","GetLarge",1,0,70.237,0.001,70.218
"Tenant B (Online Queries)","GetLarge",1,0,69.122,0.001,69.117
"Tenant B (Online Queries)","GetLarge",1,0,75.285,0.000,75.272
"Tenant B (Online Queries)","GetLarge",1,0,77.530,0.000,77.521
"Tenant B (Online Queries)","GetSmall",1,0,18.877,0.001,18.870
"Tenant B (Online Queries)","GetLarge",1,0,77.155,0.000,77.142
"Tenant B (Online Queries)","GetSmall",1,0,20.334,0.000,20.332
"Tenant B (Online Queries)","GetLarge",1,0,70.823,0.000,70.815
"Tenant B (Online Queries)","GetLarge",1,0,80.920,0.000,80.916
"Tenant B (Online Queries)","GetSmall",1,0,19.401,0.000,19.397
"Tenant B (Online Queries)","GetSmall",1,0,17.303,0.000,17.301
"Tenant B (Online Queries)","GetLarge",1,0,74.737,0.000,74.734
"Tenant B (Online Queries)","GetLarge",1,0,68.857,0.000,68.853
"Tenant B (Online Queries)","GetSmall",1,0,19.534,0.000,19.505
"Tenant B (Online Queries)","GetLarge",1,0,68.549,0.000,68.517
"Tenant B (Online Queries)","GetLarge",1,0,72.956,0.000,72.927
"Tenant B (Online Queries)","GetLarge",1,0,71.573,0.000,71.566
"Tenant B (Online Queries)","GetLarge",1,0,76.435,0.000,76.388
"Tenant B (Online Queries)","GetLarge",1,0,71.915,0.000,71.911
"Tenant B (Online Queries)","GetLarge",1,0,70.587,0.000,70.584
"Tenant B (Online Queries)","GetLarge",1,0,71.915,0.000,71.907
"Tenant B (Online Queries)","GetLarge",1,0,80.364,0.000,80.360
"Tenant B (Online Queries)","GetLarge",1,0,78.358,0.001,78.354
"Tenant B (Online Queries)","GetLarge",1,0,80.702,0.000,80.699
"Tenant B (Online Queries)","GetLarge",1,0,80.416,0.000,80.401
"Tenant B (Online Queries)","GetLarge",1,0,70.879,0.000,70.876
"Tenant B (Online Queries)","GetSmall",1,0,18.922,0.001,18.908
"Tenant B (Online Queries)","GetSmall",1,0,17.132,0.000,17.129
"Tenant B (Online Queries)","GetLarge",1,0,71.561,0.000,71.559
"Tenant B (Online Queries)","GetLarge",1,0,75.978,0.001,75.976
"Tenant B (Online Queries)","GetLarge",1,0,69.563,0.000,69.561
"Tenant B (Online Queries)","GetLarge",1,0,74.266,0.000,74.263
"Tenant B (Online Queries)","GetLarge",1,0,79.336,0.000,79.331
"Tenant B (Online Queries)","GetLarge",1,0,67.852,0.000,67.849
"Tenant B (Online Queries)","GetSmall",1,0,19.105,0.000,19.102
"Tenant B (Online Queries)","GetSmall",1,0,19.846,0.000,19.842
"Tenant B (Online Queries)","GetLarge",1,0,80.363,0.000,80.361
"Tenant B (Online Queries)","GetLarge",1,0,81.075,0.000,81.072
"Tenant B (Online Queries)","GetSmall",1,0,17.807,0.000,17.805
"Tenant B (Online Queries)","GetSmall",1,0,18.610,0.000,18.607
"Tenant B (Online Queries)","GetLarge",1,0,70.603,0.000,70.599
"Tenant B (Online Queries)","GetSmall",1,0,19.576,0.000,19.574
"Tenant B (Online Queries)","GetSmall",1,0,18.298,0.000,18.296
"Tenant B (Online Queries)","GetLarge",1,0,78.700,0.000,78.696
"Tenant B (Online Queries)","GetLarge",1,0,72.951,0.003,72.944
"Tenant B (Online Queries)","GetSmall",1,0,19.506,0.000,19.505
"Tenant B (Online Queries)","GetLarge",1,0,81.049,0.000,81.033
"Tenant B (Online Queries)","GetSmall",1,0,18.710,0.000,18.708
"Tenant B (Online Queries)","GetSmall",1,0,16.433,0.000,16.431
"Tenant B (Online Queries)","GetSmall",1,0,16.486,0.000,16.483
"Tenant B (Online Queries)","GetLarge",1,0,76.131,0.000,76.129
"Tenant B (Online Queries)","GetLarge",1,0,78.460,0.000,78.458
"Tenant B (Online Queries)","GetSmall",1,0,17.177,0.000,17.175
"Tenant B (Online Queries)","GetSmall",1,0,18.940,0.000,18.936
"Tenant B (Online Queries)","GetSmall",1,0,18.396,0.000,18.394
"Tenant B (Online Queries)","GetLarge",1,0,81.346,0.000,81.344
"Tenant B (Online Queries)","GetSmall",1,0,17.724,0.000,17.721
"Tenant B (Online Queries)","GetLarge",1,0,78.109,0.000,78.107
"Tenant B (Online Queries)","GetLarge",1,0,78.207,0.000,78.205
"Tenant B (Online Queries)","GetSmall",1,0,17.631,0.000,17.623
"Tenant B (Online Queries)","GetSmall",1,0,18.501,0.000,18.497
"Tenant B (Online Queries)","GetSmall",1,0,17.177,0.000,17.166
"Tenant B (Online Queries)","GetSmall",1,0,15.472,0.000,15.471
"Tenant B (Online Queries)","GetSmall",1,0,16.441,0.000,16.439
"Tenant B (Online Queries)","GetSmall",1,0,17.872,0.000,17.869
"Tenant B (Online Queries)","GetSmall",1,0,18.649,0.000,18.646
"Tenant B (Online Queries)","GetLarge",1,0,78.431,0.000,78.430
"Tenant B (Online Queries)","GetSmall",1,0,17.722,0.000,17.718
"Tenant B (Online Queries)","GetSmall",1,0,18.255,0.000,18.252
"Tenant B (Online Queries)","GetSmall",1,0,16.839,0.000,16.834
"Tenant B (Online Queries)","GetSmall",1,0,19.122,0.000,19.117
"Tenant B (Online Queries)","GetSmall",1,0,17.347,0.000,17.343
"Tenant B (Online Queries)","GetSmall",1,0,19.772,0.000,19.763
"Tenant B (Online Queries)","GetSmall",1,0,17.647,0.000,17.644
"Tenant B (Online Queries)","GetLarge",1,0,78.255,0.000,78.246
"Tenant B (Online Queries)","GetLarge",1,0,76.434,0.000,76.429
"Tenant B (Online Queries)","GetLarge",1,0,74.044,0.000,74.031
"Tenant B (Online Queries)","GetLarge",1,0,65.695,0.000,65.685
"Tenant B (Online Queries)","GetSmall",1,0,46.211,0.000,46.202
"Tenant B (Online Queries)","GetSmall",1,0,43.642,0.000,43.633
"Tenant B (Online Queries)","GetSmall",1,0,45.359,0.000,45.354
"Tenant B (Online Queries)","GetSmall",1,0,50.662,0.000,50.658
"Tenant B (Online Queries)","GetSmall",1,0,51.462,0.000,51.456
"Tenant B (Online Queries)","GetSmall",1,0,43.392,0.000,43.388
"Tenant B (Online Queries)","GetSmall",1,0,44.805,0.000,44.803
"Tenant B (Online Queries)","GetSmall",1,0,48.964,0.000,48.962
"Tenant B (Online Queries)","GetLarge",1,0,76.875,0.000,76.873
"Tenant B (Online Queries)","GetSmall",1,0,47.021,0.000,47.018
"Tenant B (Online Queries)","GetSmall",1,0,49.122,0.000,49.121
"Tenant B (Online Queries)","GetLarge",1,0,74.627,0.000,74.622
"Tenant B (Online Queries)","GetSmall",1,0,45.213,0.000,45.211
"Tenant B (Online Queries)","GetSmall",1,0,44.049,0.000,44.047
"Tenant B (Online Queries)","GetSmall",1,0,45.748,0.000,45.736
"Tenant B (Online Queries)","GetSmall",1,0,43.800,0.000,43.790
"Tenant B (Online Queries)","GetSmall",1,0,52.126,0.000,52.116
"Tenant B (Online Queries)","GetLarge",1,0,93.043,0.000,93.040
"Tenant B (Online Queries)","GetSmall",1,0,53.176,0.001,53.172
"Tenant B (Online Queries)","GetSmall",1,0,50.944,0.000,50.942
"Tenant B (Online Queries)","GetLarge",1,0,108.222,0.000,108.220
"Tenant B (Online Queries)","GetSmall",1,0,47.473,0.000,47.471
"Tenant B (Online Queries)","GetSmall",1,0,51.271,0.000,51.269
"Tenant B (Online Queries)","GetSmall",1,0,50.507,0.000,50.505
"Tenant B (Online Queries)","GetLarge",1,0,93.477,0.000,93.473
"Tenant B (Online Queries)","GetSmall",1,0,46.386,0.000,46.384
"Tenant B (Online Queries)","GetLarge",1,0,104.687,0.000,104.679
"Tenant B (Online Queries)","GetSmall",1,0,51.281,0.000,51.278
"Tenant B (Online Queries)","GetSmall",1,0,46.509,0.000,46.500
"Tenant B (Online Queries)","GetSmall",1,0,44.584,0.000,44.574
"Tenant B (Online Queries)","GetSmall",1,0,45.279,0.000,45.277
"Tenant B (Online Queries)","GetSmall",1,0,44.331,0.000,44.320
"Tenant B (Online Queries)","GetSmall",1,0,51.313,0.000,51.299
"Tenant B (Online Queries)","GetSmall",1,0,51.161,0.000,51.153
"Tenant B (Online Queries)","GetLarge",1,0,102.870,0.000,102.862
"Tenant B (Online Queries)","GetSmall",1,0,42.533,0.000,42.524
"Tenant B (Online Queries)","GetLarge",1,0,95.271,0.000,95.267
"Tenant B (Online Queries)","GetSmall",1,0,45.906,0.000,45.901
"Tenant B (Online Queries)","GetSmall",1,0,47.005,0.000,46.997
"Tenant B (Online Queries)","GetSmall",1,0,52.141,0.000,52.136
"Tenant B (Online Queries)","GetSmall",1,0,51.611,0.000,51.609
"Tenant B (Online Queries)","GetSmall",1,0,47.487,0.000,47.483
"Tenant B (Online Queries)","GetSmall",1,0,49.286,0.000,49.282
"Tenant B (Online Queries)","GetLarge",1,0,101.649,0.000,101.641
"Tenant B (Online Queries)","GetSmall",1,0,51.803,0.000,51.802
"Tenant B (Online Queries)","GetLarge",1,0,111.109,0.000,111.096
"Tenant B (Online Queries)","GetSmall",1,0,46.668,0.000,46.664
"Tenant B (Online Queries)","GetSmall",1,0,46.373,0.000,46.369
"Tenant B (Online Queries)","GetLarge",1,0,108.113,0.000,108.088
"Tenant B (Online Queries)","GetSmall",1,0,45.021,0.000,44.998
"Tenant B (Online Queries)","GetSmall",1,0,42.098,0.000,42.082
"Tenant B (Online Queries)","GetSmall",1,0,45.224,0.000,45.220
"Tenant B (Online Queries)","GetSmall",1,0,50.376,0.000,50.374
"Tenant B (Online Queries)","GetSmall",1,0,48.194,0.000,48.189
"Tenant B (Online Queries)","GetSmall",1,0,49.939,0.000,49.936
"Tenant B (Online Queries)","GetSmall",1,0,47.482,0.000,47.475
"Tenant B (Online Queries)","GetSmall",1,0,50.372,0.001,50.367
"Tenant B (Online Queries)","GetSmall",1,0,47.191,0.000,47.185
"Tenant B (Online Queries)","GetSmall",1,0,47.515,0.000,47.512
"Tenant B (Online Queries)","GetSmall",1,0,44.166,0.000,44.161
"Tenant B (Online Queries)","GetSmall",1,0,46.282,0.000,46.274
"Tenant B (Online Queries)","GetSmall",1,0,51.592,0.000,51.581
"Tenant B (Online Queries)","GetLarge",1,0,98.251,0.000,98.247
"Tenant B (Online Queries)","GetSmall",1,0,49.782,0.000,49.772
"Tenant B (Online Queries)","GetSmall",1,0,47.710,0.000,47.702
"Tenant B (Online Queries)","GetSmall",1,0,45.479,0.001,45.470
"Tenant B (Online Queries)","GetSmall",1,0,51.100,0.001,51.095
"Tenant B (Online Queries)","GetSmall",1,0,46.543,0.000,46.539
"Tenant B (Online Queries)","GetSmall",1,0,50.194,0.000,50.191
"Tenant B (Online Queries)","GetSmall",1,0,48.779,0.000,48.760
"Tenant B (Online Queries)","GetLarge",1,0,105.580,0.001,105.574
"Tenant B (Online Queries)","GetSmall",1,0,49.896,0.000,49.891
"Tenant B (Online Queries)","GetLarge",1,0,110.513,0.001,110.508
"Tenant B (Online Queries)","GetSmall",1,0,48.551,0.000,48.510
"Tenant B (Online Queries)","GetSmall",1,0,49.140,0.000,49.124
"Tenant B (Online Queries)","GetSmall",1,0,46.441,0.000,46.426
"Tenant B (Online Queries)","GetLarge",1,0,104.220,0.000,104.216
"Tenant B (Online Queries)","GetSmall",1,0,46.941,0.000,46.913
"Tenant B (Online Queries)","GetLarge",1,0,108.389,0.000,108.358
"Tenant B (Online Queries)","GetSmall",1,0,51.184,0.000,51.154
"Tenant B (Online Queries)","GetSmall",1,0,44.465,0.001,44.455
"Tenant B (Online Queries)","GetSmall",1,0,44.254,0.000,44.251
"Tenant B (Online Queries)","GetSmall",1,0,47.308,0.000,47.303
"Tenant B (Online Queries)","GetSmall",1,0,46.732,0.000,46.726
"Tenant B (Online Queries)","GetSmall",1,0,52.326,0.000,52.320
"Tenant B (Online Queries)","GetSmall",1,0,47.879,0.000,47.877
"Tenant B (Online Queries)","GetSmall",1,0,51.977,0.000,51.974
"Tenant B (Online Queries)","GetSmall",1,0,48.760,0.000,48.757
"Tenant B (Online Queries)","GetLarge",1,0,99.041,0.000,99.036
"Tenant B (Online Queries)","GetLarge",1,0,105.862,0.000,105.856
"Tenant B (Online Queries)","GetSmall",1,0,49.272,0.000,49.267
"Tenant B (Online Queries)","GetLarge",1,0,110.140,0.000,110.114
"Tenant B (Online Queries)","GetSmall",1,0,50.990,0.000,50.954
"Tenant B (Online Queries)","GetSmall",1,0,47.735,0.000,47.730
"Tenant B (Online Queries)","GetLarge",1,0,103.758,0.000,103.752
"Tenant B (Online Queries)","GetSmall",1,0,51.530,0.000,51.526
"Tenant B (Online Queries)","GetSmall",1,0,46.100,0.000,46.098
"Tenant B (Online Queries)","GetSmall",1,0,47.429,0.000,47.426
"Tenant B (Online Queries)","GetSmall",1,0,49.782,0.000,49.779
"Tenant B (Online Queries)","GetSmall",1,0,48.471,0.000,48.469
"Tenant B (Online Queries)","GetLarge",1,0,92.188,0.001,92.183
"Tenant B (Online Queries)","GetSmall",1,0,49.395,0.000,49.392
"Tenant B (Online Queries)","GetSmall",1,0,45.953,0.000,45.944
"Tenant B (Online Queries)","GetLarge",1,0,103.615,0.001,103.600
"Tenant B (Online Queries)","GetLarge",1,0,95.885,0.000,95.879
"Tenant B (Online Queries)","GetLarge",1,0,108.631,0.001,108.627
"Tenant B (Online Queries)","GetLarge",1,0,109.253,0.001,109.249
"Tenant B (Online Queries)","GetLarge",1,0,112.821,0.000,112.802
"Tenant B (Online Queries)","GetSmall",1,0,45.244,0.000,45.240
"Tenant B (Online Queries)","GetSmall",1,0,48.786,0.002,48.778
"Tenant B (Online Queries)","GetSmall",1,0,49.578,0.001,49.575
"Tenant B (Online Queries)","GetLarge",1,0,105.780,0.001,105.776
"Tenant B (Online Queries)","GetLarge",1,0,110.082,0.000,110.079
"Tenant B (Online Queries)","GetSmall",1,0,45.967,0.000,45.963
"Tenant B (Online Queries)","GetSmall",1,0,45.759,0.000,45.755
"Tenant B (Online Queries)","GetSmall",1,0,42.779,0.000,42.776
"Tenant B (Online Queries)","GetSmall",1,0,47.425,0.000,47.422
"Tenant B (Online Queries)","GetSmall",1,0,46.417,0.000,46.412
"Tenant B (Online Queries)","GetSmall",1,0,49.492,0.000,49.483
"Tenant B (Online Queries)","GetSmall",1,0,50.619,0.000,50.615
"Tenant B (Online Queries)","GetSmall",1,0,44.873,0.000,44.871
"Tenant B (Online Queries)","GetSmall",1,0,46.001,0.000,45.999
"Tenant B (Online Queries)","GetSmall",1,0,44.373,0.000,44.369
"Tenant B (Online Queries)","GetSmall",1,0,50.171,0.000,50.156
"Tenant B (Online Queries)","GetSmall",1,0,51.657,0.000,51.651
"Tenant B (Online Queries)","GetSmall",1,0,52.521,0.000,52.519
"Tenant B (Online Queries)","GetSmall",1,0,50.389,0.000,50.385
"Tenant B (Online Queries)","GetSmall",1,0,47.272,0.000,47.268
"Tenant B (Online Queries)","GetSmall",1,0,47.213,0.000,47.210
"Tenant B (Online Queries)","GetSmall",1,0,52.193,0.000,52.191
"Tenant B (Online Queries)","GetSmall",1,0,51.829,0.000,51.826
"Tenant B (Online Queries)","GetSmall",1,0,46.484,0.000,46.480
"Tenant B (Online Queries)","GetLarge",1,0,95.131,0.000,95.128
"Tenant B (Online Queries)","GetLarge",1,0,108.881,0.000,108.878
"Tenant B (Online Queries)","GetSmall",1,0,48.165,0.000,48.162
"Tenant B (Online Queries)","GetSmall",1,0,46.515,0.000,46.514
"Tenant B (Online Queries)","GetSmall",1,0,48.493,0.000,48.488
"Tenant B (Online Queries)","GetSmall",1,0,49.340,0.000,49.338
"Tenant B (Online Queries)","GetLarge",1,0,106.223,0.001,106.210
"Tenant B (Online Queries)","GetSmall",1,0,48.931,0.000,48.928
"Tenant B (Online Queries)","GetLarge",1,0,96.597,0.000,96.594
"Tenant B (Online Queries)","GetSmall",1,0,47.787,0.000,47.774
"Tenant B (Online Queries)","GetSmall",1,0,47.645,0.000,47.636
"Tenant B (Online Queries)","GetSmall",1,0,44.611,0.000,44.609
"Tenant B (Online Queries)","GetSmall",1,0,46.703,0.000,46.694
"Tenant B (Online Queries)","GetSmall",1,0,53.117,0.000,53.115
"Tenant B (Online Queries)","GetLarge",1,0,111.705,0.000,111.702
"Tenant B (Online Queries)","GetSmall",1,0,46.803,0.000,46.800
"Tenant B (Online Queries)","GetSmall",1,0,46.649,0.000,46.646
"Tenant B (Online Queries)","GetSmall",1,0,47.228,0.000,47.220
"Tenant B (Online Queries)","GetLarge",1,0,113.648,0.000,113.641
"Tenant B (Online Queries)","GetSmall",1,0,47.486,0.000,47.485
"Tenant B (Online Queries)","GetSmall",1,0,48.372,0.000,48.358
"Tenant B (Online Queries)","GetLarge",1,0,106.950,0.000,106.949
"Tenant B (Online Queries)","GetSmall",1,0,45.472,0.000,45.471
"Tenant B (Online Queries)","GetSmall",1,0,49.343,0.000,49.341
"Tenant B (Online Queries)","GetLarge",1,0,99.846,0.000,99.844
"Tenant B (Online Queries)","GetSmall",1,0,47.533,0.000,47.501
"Tenant B (Online Queries)","GetLarge",1,0,92.413,0.000,92.384
"Tenant B (Online Queries)","GetSmall",1,0,47.380,0.000,47.348
"Tenant B (Online Queries)","GetSmall",1,0,48.527,0.000,48.497
"Tenant B (Online Queries)","GetLarge",1,0,108.094,0.000,108.055
"Tenant B (Online Queries)","GetSmall",1,0,47.599,0.000,47.592
"Tenant B (Online Queries)","GetSmall",1,0,52.072,0.000,52.057
"Tenant B (Online Queries)","GetLarge",1,0,115.457,0.000,115.454
"Tenant B (Online Queries)","GetSmall",1,0,53.529,0.000,53.526
"Tenant B (Online Queries)","GetSmall",1,0,52.081,0.000,52.071
"Tenant B (Online Queries)","GetLarge",1,0,111.009,0.000,111.004
"Tenant B (Online Queries)","GetSmall",1,0,50.789,0.000,50.785
"Tenant B (Online Queries)","GetLarge",1,0,94.821,0.000,94.813
"Tenant B (Online Queries)","GetSmall",1,0,51.486,0.000,51.484
"Tenant B (Online Queries)","GetSmall",1,0,47.723,0.000,47.720
"Tenant B (Online Queries)","GetSmall",1,0,48.141,0.000,48.139
"Tenant B (Online Queries)","GetSmall",1,0,50.424,0.000,50.412
"Tenant B (Online Queries)","GetSmall",1,0,46.308,0.000,46.299
"Tenant B (Online Queries)","GetSmall",1,0,46.621,0.000,46.619
"Tenant B (Online Queries)","GetLarge",1,0,98.545,0.000,98.541
"Tenant B (Online Queries)","GetLarge",1,0,95.388,0.000,95.356
"Tenant B (Online Queries)","GetLarge",1,0,101.733,0.000,101.701
"Tenant B (Online Queries)","GetLarge",1,0,101.904,0.000,101.854
"Tenant B (Online Queries)","GetLarge",1,0,95.656,0.001,95.537
"Tenant B (Online Queries)","GetLarge",1,0,107.114,0.001,107.042
"Tenant B (Online Queries)","GetLarge",1,0,101.773,0.000,101.703
"Tenant B (Online Queries)","GetLarge",1,0,104.154,0.000,104.090
"Tenant B (Online Queries)","GetLarge",1,0,107.999,0.000,107.993
"Tenant B (Online Queries)","GetLarge",1,0,106.443,0.000,106.413
"Tenant B (Online Queries)","GetLarge",1,0,95.321,0.000,95.317
"Tenant B (Online Queries)","GetLarge",1,0,97.064,0.000,97.061
"Tenant B (Online Queries)","GetLarge",1,0,107.228,0.000,107.222
"Tenant B (Online Queries)","GetLarge",1,0,101.370,0.000,101.367
"Tenant B (Online Queries)","GetLarge",1,0,109.080,0.000,109.075
"Tenant B (Online Queries)","GetLarge",1,0,103.823,0.000,103.819
"Tenant B (Online Queries)","GetLarge",1,0,97.807,0.000,97.803
"Tenant B (Online Queries)","GetLarge",1,0,96.597,0.000,96.593
"Tenant B (Online Queries)","GetLarge",1,0,109.236,0.000,109.233
"Tenant B (Online Queries)","GetLarge",1,0,112.245,0.000,112.224
"Tenant B (Online Queries)","GetLarge",1,0,115.019,0.000,115.016
"Tenant B (Online Queries)","GetSmall",1,0,43.442,0.000,43.439
"Tenant B (Online Queries)","GetSmall",1,0,44.872,0.000,44.859
"Tenant B (Online Queries)","GetSmall",1,0,50.624,0.001,50.615
"Tenant B (Online Queries)","GetSmall",1,0,44.549,0.000,44.536
"Tenant B (Online Queries)","GetSmall",1,0,49.333,0.001,49.323
"Tenant B (Online Queries)","GetSmall",1,0,46.660,0.000,46.658
"Tenant B (Online Queries)","GetSmall",1,0,52.654,0.000,52.640
"Tenant B (Online Queries)","GetSmall",1,0,48.601,0.000,48.597
"Tenant B (Online Queries)","GetSmall",1,0,50.671,0.000,50.658
"Tenant B (Online Queries)","GetLarge",1,0,99.699,0.000,99.690
"Tenant B (Online Queries)","GetLarge",1,0,96.861,0.001,96.845
"Tenant B (Online Queries)","GetLarge",1,0,102.940,0.000,102.936
"Tenant B (Online Queries)","GetSmall",1,0,53.824,0.001,53.818
"Tenant B (Online Queries)","GetSmall",1,0,49.530,0.000,49.517
"Tenant B (Online Queries)","GetSmall",1,0,46.263,0.000,46.260
"Tenant B (Online Queries)","GetLarge",1,0,109.314,0.003,109.307
"Tenant B (Online Queries)","GetLarge",1,0,104.578,0.002,104.570
"Tenant B (Online Queries)","GetLarge",1,0,110.795,0.001,110.788
"Tenant B (Online Queries)","GetLarge",1,0,101.813,0.002,101.807
"Tenant B (Online Queries)","GetSmall",1,0,48.125,0.000,48.122
"Tenant B (Online Queries)","GetSmall",1,0,43.884,0.000,43.873
"Tenant B (Online Queries)","GetLarge",1,0,96.263,0.000,96.260
"Tenant B (Online Queries)","GetSmall",1,0,46.474,0.000,46.471
"Tenant B (Online Queries)","GetSmall",1,0,44.032,0.000,44.023
"Tenant B (Online Queries)","GetSmall",1,0,44.742,0.001,44.714
"Tenant B (Online Queries)","GetSmall",1,0,48.379,0.000,48.371
"Tenant B (Online Queries)","GetSmall",1,0,52.405,0.000,52.393
"Tenant B (Online Queries)","GetLarge",1,0,112.010,0.001,112.000
"Tenant B (Online Queries)","GetSmall",1,0,44.851,0.000,44.842
"Tenant B (Online Queries)","GetSmall",1,0,50.301,0.000,50.297
"Tenant B (Online Queries)","GetSmall",1,0,45.373,0.000,45.369
"Tenant B (Online Queries)","GetSmall",1,0,49.117,0.001,49.105
"Tenant B (Online Queries)","GetSmall",1,0,50.600,0.000,50.597
"Tenant B (Online Queries)","GetSmall",1,0,48.825,0.001,48.820
"Tenant B (Online Queries)","GetSmall",1,0,47.704,0.000,47.701
"Tenant B (Online Queries)","GetSmall",1,0,47.096,0.000,47.091
"Tenant B (Online Queries)","GetSmall",1,0,52.250,0.000,52.247
"Tenant B (Online Queries)","GetSmall",1,0,48.390,0.000,48.386
"Tenant B (Online Queries)","GetSmall",1,0,51.515,0.000,51.511
"Tenant B (Online Queries)","GetSmall",1,0,50.799,0.000,50.786
"Tenant B (Online Queries)","GetLarge",1,0,108.052,0.001,108.047
"Tenant B (Online Queries)","GetSmall",1,0,52.031,0.001,52.027
"Tenant B (Online Queries)","GetSmall",1,0,46.872,0.000,46.867
"Tenant B (Online Queries)","GetLarge",1,0,98.856,0.001,98.851
"Tenant B (Online Queries)","GetLarge",1,0,113.767,0.000,113.756
"Tenant B (Online Queries)","GetLarge",1,0,107.984,0.001,107.979
"Tenant B (Online Queries)","GetSmall",1,0,46.906,0.000,46.903
"Tenant B (Online Queries)","GetSmall",1,0,47.535,0.000,47.528
"Tenant B (Online Queries)","GetSmall",1,0,43.940,0.000,43.934
"Tenant B (Online Queries)","GetSmall",1,0,46.678,0.000,46.675
"Tenant B (Online Queries)","GetSmall",1,0,42.600,0.000,42.594
"Tenant B (Online Queries)","GetSmall",1,0,48.776,0.000,48.773
"Tenant B (Online Queries)","GetSmall",1,0,48.137,0.000,48.127
"Tenant B (Online Queries)","GetLarge",1,0,95.921,0.001,95.913
"Tenant B (Online Queries)","GetSmall",1,0,45.834,0.000,45.831
"Tenant B (Online Queries)","GetSmall",1,0,52.670,0.000,52.666
"Tenant B (Online Queries)","GetLarge",1,0,101.254,0.000,101.250
"Tenant B (Online Queries)","GetSmall",1,0,50.447,0.000,50.439
"Tenant B (Online Queries)","GetSmall",1,0,46.967,0.000,46.963
"Tenant B (Online Queries)","GetSmall",1,0,53.391,0.001,53.385
"Tenant B (Online Queries)","GetSmall",1,0,45.978,0.001,45.973
"Tenant B (Online Queries)","GetSmall",1,0,44.245,0.000,44.242
"Tenant B (Online Queries)","GetLarge",1,0,109.823,0.001,109.818
"Tenant B (Online Queries)","GetSmall",1,0,46.214,0.000,46.212
"Tenant B (Online Queries)","GetSmall",1,0,51.108,0.000,51.105
"Tenant B (Online Queries)","GetLarge",1,0,107.746,0.000,107.695
"Tenant B (Online Queries)","GetSmall",1,0,47.288,0.000,47.260
"Tenant B (Online Queries)","GetSmall",1,0,47.363,0.000,47.335
"Tenant B (Online Queries)","GetLarge",1,0,106.633,0.000,106.623
"Tenant B (Online Queries)","GetSmall",1,0,48.000,0.000,47.995
"Tenant B (Online Queries)","GetLarge",1,0,113.243,0.001,113.215
"Tenant B (Online Queries)","GetSmall",1,0,49.867,0.000,49.849
"Tenant B (Online Queries)","GetSmall",1,0,45.377,0.000,45.364
"Tenant B (Online Queries)","GetLarge",1,0,111.079,0.000,111.071
"Tenant B (Online Queries)","GetSmall",1,0,46.829,0.000,46.822
"Tenant B (Online Queries)","GetSmall",1,0,50.186,0.000,50.181
"Tenant B (Online Queries)","GetSmall",1,0,49.672,0.000,49.668
"Tenant B (Online Queries)","GetSmall",1,0,44.765,0.000,44.760
"Tenant B (Online Queries)","GetSmall",1,0,48.691,0.000,48.676
"Tenant B (Online Queries)","GetSmall",1,0,43.250,0.001,43.245
"Tenant B (Online Queries)","GetSmall",1,0,50.988,0.000,50.986
"Tenant B (Online Queries)","GetSmall",1,0,45.721,0.000,45.718
"Tenant B (Online Queries)","GetSmall",1,0,53.643,0.000,53.640
"Tenant B (Online Queries)","GetSmall",1,0,44.884,0.000,44.881
"Tenant B (Online Queries)","GetSmall",1,0,46.892,0.000,46.889
"Tenant B (Online Queries)","GetSmall",1,0,49.667,0.000,49.664
"Tenant B (Online Queries)","GetSmall",1,0,44.136,0.000,44.132
"Tenant B (Online Queries)","GetSmall",1,0,46.605,0.001,46.601
"Tenant B (Online Queries)","GetSmall",1,0,46.404,0.000,46.399
"Tenant B (Online Queries)","GetSmall",1,0,52.290,0.000,52.282
"Tenant B (Online Queries)","GetSmall",1,0,47.399,0.000,47.391
"Tenant B (Online Queries)","GetLarge",1,0,109.452,0.000,109.448
"Tenant B (Online Queries)","GetSmall",1,0,49.559,0.000,49.556
"Tenant B (Online Queries)","GetSmall",1,0,51.957,0.000,51.945
"Tenant B (Online Queries)","GetLarge",1,0,106.618,0.000,106.607
"Tenant B (Online Queries)","GetLarge",1,0,96.634,0.000,96.630
"Tenant B (Online Queries)","GetSmall",1,0,44.735,0.000,44.733
"Tenant B (Online Queries)","GetSmall",1,0,44.130,0.000,44.127
"Tenant B (Online Queries)","GetSmall",1,0,46.268,0.000,46.257
"Tenant B (Online Queries)","GetSmall",1,0,44.146,0.000,44.106
"Tenant B (Online Queries)","GetSmall",1,0,45.471,0.000,45.465
"Tenant B (Online Queries)","GetSmall",1,0,50.801,0.000,50.798
"Tenant B (Online Queries)","GetSmall",1,0,49.555,0.000,49.551
"Tenant B (Online Queries)","GetSmall",1,0,20.268,0.000,20.265
"Tenant B (Online Queries)","GetLarge",1,0,100.920,0.001,100.915
"Tenant B (Online Queries)","GetSmall",1,0,17.720,0.000,17.718
"Tenant B (Online Queries)","GetSmall",1,0,16.389,0.000,16.380
"Tenant B (Online Queries)","GetSmall",1,0,17.664,0.000,17.658
"Tenant B (Online Queries)","GetSmall",1,0,44.433,0.000,44.429
"Tenant B (Online Queries)","GetSmall",1,0,18.202,0.000,18.180
"Tenant B (Online Queries)","GetSmall",1,0,20.228,0.000,20.224
"Tenant B (Online Queries)","GetSmall",1,0,16.153,0.000,16.151
"Tenant B (Online Queries)","GetSmall",1,0,44.545,0.000,44.538
"Tenant B (Online Queries)","GetSmall",1,0,45.877,0.000,45.875
"Tenant B (Online Queries)","GetSmall",1,0,48.088,0.000,48.087
"Tenant B (Online Queries)","GetSmall",1,0,48.258,0.000,48.256
"Tenant B (Online Queries)","GetSmall",1,0,17.612,0.000,17.608
"Tenant B (Online Queries)","GetSmall",1,0,18.586,0.000,18.583
"Tenant B (Online Queries)","GetSmall",1,0,48.997,0.000,48.993
"Tenant B (Online Queries)","GetSmall",1,0,19.034,0.000,19.031
"Tenant B (Online Queries)","GetSmall",1,0,20.176,0.001,20.166
"Tenant B (Online Queries)","GetSmall",1,0,17.038,0.000,17.035
"Tenant B (Online Queries)","GetSmall",1,0,17.552,0.000,17.550
"Tenant B (Online Queries)","GetSmall",1,0,18.750,0.000,18.747
"Tenant B (Online Queries)","GetSmall",1,0,14.511,0.000,14.505
"Tenant B (Online Queries)","GetSmall",1,0,14.254,0.000,14.251
"Tenant B (Online Queries)","GetSmall",1,0,15.119,0.000,15.117
"Tenant B (Online Queries)","GetSmall",1,0,14.891,0.000,14.889
"Tenant B (Online Queries)","GetSmall",1,0,17.863,0.000,17.860
"Tenant B (Online Queries)","GetSmall",1,0,17.748,0.000,17.746
"Tenant B (Online Queries)","GetLarge",1,0,104.593,0.001,104.588
"Tenant B (Online Queries)","GetSmall",1,0,18.091,0.000,18.087
"Tenant B (Online Queries)","GetSmall",1,0,17.054,0.000,17.051
"Tenant B (Online Queries)","GetSmall",1,0,17.910,0.000,17.895
"Tenant B (Online Queries)","GetSmall",1,0,18.103,0.000,18.093
"Tenant B (Online Queries)","GetSmall",1,0,18.740,0.000,18.736
"Tenant B (Online Queries)","GetSmall",1,0,18.206,0.000,18.200
"Tenant B (Online Queries)","GetSmall",1,0,19.815,0.000,19.807
"Tenant B (Online Queries)","GetSmall",1,0,20.625,0.000,20.617
"Tenant B (Online Queries)","GetSmall",1,0,19.038,0.000,19.031
"Tenant B (Online Queries)","GetSmall",1,0,16.864,0.000,16.856
"Tenant B (Online Queries)","GetSmall",1,0,19.110,0.000,19.107
"Tenant B (Online Queries)","GetSmall",1,0,19.676,0.000,19.666
"Tenant B (Online Queries)","GetSmall",1,0,17.199,0.000,17.194
"Tenant B (Online Queries)","GetLarge",1,0,113.584,0.000,113.548
"Tenant B (Online Queries)","GetLarge",1,0,72.463,0.000,72.458
"Tenant B (Online Queries)","GetLarge",1,0,73.291,0.000,73.287
"Tenant B (Online Queries)","GetSmall",1,0,18.778,0.000,18.773
"Tenant B (Online Queries)","GetLarge",1,0,107.472,0.000,107.470
"Tenant B (Online Queries)","GetSmall",1,0,20.585,0.000,20.581
"Tenant B (Online Queries)","GetSmall",1,0,15.886,0.000,15.882
"Tenant B (Online Queries)","GetSmall",1,0,16.272,0.000,16.269
"Tenant B (Online Queries)","GetSmall",1,0,16.145,0.000,16.141
"Tenant B (Online Queries)","GetSmall",1,0,17.568,0.000,17.565
"Tenant B (Online Queries)","GetSmall",1,0,18.810,0.000,18.806
"Tenant B (Online Queries)","GetLarge",1,0,62.738,0.000,62.734
"Tenant B (Online Queries)","GetSmall",1,0,18.730,0.000,18.727
"Tenant B (Online Queries)","GetSmall",1,0,18.474,0.000,18.470
"Tenant B (Online Queries)","GetSmall",1,0,17.595,0.000,17.586
"Tenant B (Online Queries)","GetLarge",1,0,77.871,0.000,77.868
"Tenant B (Online Queries)","GetSmall",1,0,18.117,0.000,18.115
"Tenant B (Online Queries)","GetSmall",1,0,16.212,0.000,16.209
"Tenant B (Online Queries)","GetLarge",1,0,70.065,0.001,70.061
"Tenant B (Online Queries)","GetLarge",1,0,74.167,0.000,74.164
"Tenant B (Online Queries)","GetSmall",1,0,18.699,0.000,18.695
"Tenant B (Online Queries)","GetSmall",1,0,17.042,0.000,17.041
"Tenant B (Online Queries)","GetSmall",1,0,16.448,0.000,16.444
"Tenant B (Online Queries)","GetLarge",1,0,78.889,0.000,78.887
"Tenant B (Online Queries)","GetSmall",1,0,18.669,0.000,18.666
"Tenant B (Online Queries)","GetSmall",1,0,20.440,0.000,20.437
"Tenant B (Online Queries)","GetSmall",1,0,17.295,0.000,17.292
"Tenant B (Online Queries)","GetSmall",1,0,19.242,0.000,19.239
"Tenant B (Online Queries)","GetSmall",1,0,15.145,0.000,15.141
"Tenant B (Online Queries)","GetLarge",1,0,77.946,0.000,77.942
"Tenant B (Online Queries)","GetSmall",1,0,15.629,0.000,15.627
"Tenant B (Online Queries)","GetSmall",1,0,16.835,0.000,16.831
"Tenant B (Online Queries)","GetSmall",1,0,16.358,0.000,16.354
"Tenant B (Online Queries)","GetSmall",1,0,17.495,0.000,17.492
"Tenant B (Online Queries)","GetSmall",1,0,19.628,0.000,19.624
"Tenant B (Online Queries)","GetSmall",1,0,18.341,0.000,18.337
"Tenant B (Online Queries)","GetSmall",1,0,18.170,0.000,18.168
"Tenant B (Online Queries)","GetSmall",1,0,16.871,0.000,16.867
"Tenant B (Online Queries)","GetSmall",1,0,18.417,0.000,18.415
"Tenant B (Online Queries)","GetSmall",1,0,19.182,0.000,19.179
"Tenant B (Online Queries)","GetSmall",1,0,18.039,0.000,18.034
"Tenant B (Online Queries)","GetLarge",1,0,67.779,0.001,67.773
"Tenant B (Online Queries)","GetSmall",1,0,17.794,0.000,17.790
"Tenant B (Online Queries)","GetSmall",1,0,18.570,0.000,18.568
"Tenant B (Online Queries)","GetSmall",1,0,17.058,0.000,17.055
"Tenant B (Online Queries)","GetLarge",1,0,73.757,0.001,73.751
"Tenant B (Online Queries)","GetSmall",1,0,17.907,0.000,17.904
"Tenant B (Online Queries)","GetLarge",1,0,71.557,0.000,71.554
"Tenant B (Online Queries)","GetSmall",1,0,17.171,0.000,17.161
"Tenant B (Online Queries)","GetLarge",1,0,75.091,0.000,75.086
"Tenant B (Online Queries)","GetSmall",1,0,19.108,0.000,19.105
"Tenant B (Online Queries)","GetSmall",1,0,19.493,0.000,19.490
"Tenant B (Online Queries)","GetSmall",1,0,17.717,0.000,17.714
"Tenant B (Online Queries)","GetSmall",1,0,19.515,0.000,19.506
"Tenant B (Online Queries)","GetLarge",1,0,77.846,0.000,77.844
"Tenant B (Online Queries)","GetSmall",1,0,18.569,0.000,18.566
"Tenant B (Online Queries)","GetLarge",1,0,71.014,0.000,71.011
"Tenant B (Online Queries)","GetLarge",1,0,59.640,0.000,59.637
"Tenant B (Online Queries)","GetSmall",1,0,18.030,0.000,18.026
"Tenant B (Online Queries)","GetSmall",1,0,16.861,0.000,16.859
"Tenant B (Online Queries)","GetLarge",1,0,69.687,0.000,69.676
"Tenant B (Online Queries)","GetSmall",1,0,18.723,0.000,18.709
"Tenant B (Online Queries)","GetLarge",1,0,77.616,0.001,77.607
"Tenant B (Online Queries)","GetSmall",1,0,17.500,0.000,17.490
"Tenant B (Online Queries)","GetSmall",1,0,19.595,0.000,19.592
"Tenant B (Online Queries)","GetLarge",1,0,67.960,0.000,67.956
"Tenant B (Online Queries)","GetSmall",1,0,18.228,0.000,18.225
"Tenant B (Online Queries)","GetSmall",1,0,17.625,0.000,17.617
"Tenant B (Online Queries)","GetSmall",1,0,16.249,0.000,16.241
"Tenant B (Online Queries)","GetSmall",1,0,19.837,0.000,19.830
"Tenant B (Online Queries)","GetSmall",1,0,17.940,0.000,17.928
"Tenant B (Online Queries)","GetSmall",1,0,18.315,0.000,18.309
"Tenant B (Online Queries)","GetSmall",1,0,19.588,0.000,19.586
"Tenant B (Online Queries)","GetSmall",1,0,19.896,0.000,19.888
"Tenant B (Online Queries)","GetSmall",1,0,20.409,0.000,20.391
"Tenant B (Online Queries)","GetSmall",1,0,15.650,0.000,15.633
"Tenant B (Online Queries)","GetSmall",1,0,15.857,0.000,15.828
"Tenant B (Online Queries)","GetSmall",1,0,20.100,0.000,20.064
"Tenant B (Online Queries)","GetSmall",1,0,16.443,0.000,16.437
"Tenant B (Online Queries)","GetSmall",1,0,18.268,0.000,18.263
"Tenant B (Online Queries)","GetSmall",1,0,18.217,0.000,18.214
"Tenant B (Online Queries)","GetSmall",1,0,19.230,0.000,19.226
"Tenant B (Online Queries)","GetSmall",1,0,17.280,0.000,17.276
"Tenant B (Online Queries)","GetLarge",1,0,73.193,0.000,73.188
"Tenant B (Online Queries)","GetLarge",1,0,65.770,0.000,65.759
"Tenant B (Online Queries)","GetSmall",1,0,19.230,0.000,19.227
"Tenant B (Online Queries)","GetSmall",1,0,21.115,0.001,21.104
"Tenant B (Online Queries)","GetSmall",1,0,18.559,0.000,18.554
"Tenant B (Online Queries)","GetLarge",1,0,62.005,0.000,62.001
"Tenant B (Online Queries)","GetSmall",1,0,20.771,0.001,20.767
"Tenant B (Online Queries)","GetSmall",1,0,16.709,0.000,16.706
"Tenant B (Online Queries)","GetSmall",1,0,19.069,0.000,19.064
"Tenant B (Online Queries)","GetLarge",1,0,66.989,0.000,66.948
"Tenant B (Online Queries)","GetSmall",1,0,18.135,0.000,18.106
"Tenant B (Online Queries)","GetSmall",1,0,17.712,0.000,17.678
"Tenant B (Online Queries)","GetLarge",1,0,78.092,0.000,78.076
"Tenant B (Online Queries)","GetLarge",1,0,80.116,0.000,80.109
"Tenant B (Online Queries)","GetSmall",1,0,17.259,0.000,17.256
"Tenant B (Online Queries)","GetSmall",1,0,16.350,0.001,16.342
"Tenant B (Online Queries)","GetSmall",1,0,18.430,0.000,18.424
"Tenant B (Online Queries)","GetLarge",1,0,74.785,0.000,74.781
"Tenant B (Online Queries)","GetLarge",1,0,69.499,0.000,69.496
"Tenant B (Online Queries)","GetLarge",1,0,70.263,0.000,70.257
"Tenant B (Online Queries)","GetSmall",1,0,20.383,0.000,20.379
"Tenant B (Online Queries)","GetSmall",1,0,18.948,0.000,18.927
"Tenant B (Online Queries)","GetSmall",1,0,19.401,0.000,19.399
"Tenant B (Online Queries)","GetSmall",1,0,17.700,0.002,17.693
"Tenant B (Online Queries)","GetSmall",1,0,15.569,0.000,15.565
"Tenant B (Online Queries)","GetSmall",1,0,17.280,0.000,17.274
"Tenant B (Online Queries)","GetLarge",1,0,81.038,0.000,81.035
"Tenant B (Online Queries)","GetSmall",1,0,18.887,0.000,18.884
"Tenant B (Online Queries)","GetSmall",1,0,16.622,0.000,16.619
"Tenant B (Online Queries)","GetSmall",1,0,19.263,0.000,19.260
"Tenant B (Online Queries)","GetSmall",1,0,17.629,0.000,17.626
"Tenant B (Online Queries)","GetSmall",1,0,16.082,0.000,16.079
"Tenant B (Online Queries)","GetSmall",1,0,17.511,0.002,17.505
"Tenant B (Online Queries)","GetSmall",1,0,17.891,0.000,17.888
"Tenant B (Online Queries)","GetSmall",1,0,18.216,0.000,18.213
"Tenant B (Online Queries)","GetSmall",1,0,18.128,0.000,18.124
"Tenant B (Online Queries)","GetSmall",1,0,19.807,0.000,19.805
"Tenant B (Online Queries)","GetLarge",1,0,68.201,0.001,68.190
"Tenant B (Online Queries)","GetSmall",1,0,17.052,0.000,17.045
"Tenant B (Online Queries)","GetSmall",1,0,19.026,0.000,19.024
"Tenant B (Online Queries)","GetSmall",1,0,19.391,0.000,19.388
"Tenant B (Online Queries)","GetSmall",1,0,17.288,0.000,17.284
"Tenant B (Online Queries)","GetSmall",1,0,19.122,0.000,19.110
"Tenant B (Online Queries)","GetSmall",1,0,19.853,0.000,19.851
"Tenant B (Online Queries)","GetSmall",1,0,18.237,0.000,18.234
"Tenant B (Online Queries)","GetSmall",1,0,17.481,0.000,17.477
"Tenant B (Online Queries)","GetLarge",1,0,73.590,0.001,73.587
"Tenant B (Online Queries)","GetSmall",1,0,19.225,0.000,19.222
"Tenant B (Online Queries)","GetLarge",1,0,69.631,0.000,69.626
"Tenant B (Online Queries)","GetSmall",1,0,19.495,0.000,19.488
"Tenant B (Online Queries)","GetSmall",1,0,16.270,0.000,16.268
"Tenant B (Online Queries)","GetSmall",1,0,16.106,0.000,16.102
"Tenant B (Online Queries)","GetSmall",1,0,16.318,0.000,16.315
"Tenant B (Online Queries)","GetSmall",1,0,16.540,0.000,16.536
"Tenant B (Online Queries)","GetSmall",1,0,17.702,0.000,17.700
"Tenant B (Online Queries)","GetLarge",1,0,72.477,0.000,72.474
"Tenant B (Online Queries)","GetLarge",1,0,73.363,0.001,73.359
"Tenant B (Online Queries)","GetSmall",1,0,16.547,0.000,16.545
"Tenant B (Online Queries)","GetSmall",1,0,16.643,0.000,16.640
"Tenant B (Online Queries)","GetSmall",1,0,18.376,0.000,18.373
"Tenant B (Online Queries)","GetSmall",1,0,18.910,0.000,18.907
"Tenant B (Online Queries)","GetSmall",1,0,16.270,0.000,16.267
"Tenant B (Online Queries)","GetSmall",1,0,19.194,0.000,19.190
"Tenant B (Online Queries)","GetLarge",1,0,68.056,0.001,68.051
"Tenant B (Online Queries)","GetSmall",1,0,16.038,0.000,16.035
"Tenant B (Online Queries)","GetSmall",1,0,17.393,0.000,17.390
"Tenant B (Online Queries)","GetSmall",1,0,18.511,0.000,18.508
"Tenant B (Online Queries)","GetLarge",1,0,68.434,0.000,68.430
"Tenant B (Online Queries)","GetSmall",1,0,18.415,0.000,18.413
"Tenant B (Online Queries)","GetSmall",1,0,17.030,0.000,17.027
"Tenant B (Online Queries)","GetSmall",1,0,15.214,0.000,15.205
"Tenant B (Online Queries)","GetSmall",1,0,16.338,0.000,16.334
"Tenant B (Online Queries)","GetSmall",1,0,16.715,0.000,16.684
"Tenant B (Online Queries)","GetSmall",1,0,18.721,0.000,18.692
"Tenant B (Online Queries)","GetSmall",1,0,15.763,0.000,15.721
"Tenant B (Online Queries)","GetSmall",1,0,16.301,0.000,16.297
"Tenant B (Online Queries)","GetLarge",1,0,65.253,0.000,65.250
"Tenant B (Online Queries)","GetSmall",1,0,18.992,0.000,18.985
"Tenant B (Online Queries)","GetLarge",1,0,76.453,0.000,76.445
"Tenant B (Online Queries)","GetSmall",1,0,16.449,0.000,16.446
"Tenant B (Online Queries)","GetSmall",1,0,19.532,0.000,19.530
"Tenant B (Online Queries)","GetSmall",1,0,16.898,0.000,16.894
"Tenant B (Online Queries)","GetLarge",1,0,66.773,0.000,66.732
"Tenant B (Online Queries)","GetSmall",1,0,17.210,0.000,17.177
"Tenant B (Online Queries)","GetSmall",1,0,18.248,0.001,18.238
"Tenant B (Online Queries)","GetLarge",1,0,67.709,0.000,67.704
"Tenant B (Online Queries)","GetSmall",1,0,20.337,0.001,20.332
"Tenant B (Online Queries)","GetSmall",1,0,19.621,0.000,19.617
"Tenant B (Online Queries)","GetSmall",1,0,18.931,0.000,18.926
"Tenant B (Online Queries)","GetSmall",1,0,15.451,0.000,15.449
"Tenant B (Online Queries)","GetSmall",1,0,18.737,0.000,18.734
"Tenant B (Online Queries)","GetSmall",1,0,16.001,0.001,15.998
"Tenant B (Online Queries)","GetLarge",1,0,64.522,0.000,64.520
"Tenant B (Online Queries)","GetSmall",1,0,18.202,0.001,18.197
"Tenant B (Online Queries)","GetSmall",1,0,19.488,0.000,19.484
"Tenant B (Online Queries)","GetSmall",1,0,19.156,0.000,19.152
"Tenant B (Online Queries)","GetSmall",1,0,20.492,0.000,20.489
"Tenant B (Online Queries)","GetLarge",1,0,77.770,0.000,77.758
"Tenant B (Online Queries)","GetSmall",1,0,17.483,0.001,17.479
"Tenant B (Online Queries)","GetSmall",1,0,18.117,0.000,18.114
"Tenant B (Online Queries)","GetSmall",1,0,16.885,0.000,16.883
"Tenant B (Online Queries)","GetSmall",1,0,19.334,0.000,19.327
"Tenant B (Online Queries)","GetLarge",1,0,65.697,0.000,65.693
"Tenant B (Online Queries)","GetSmall",1,0,17.279,0.000,17.266
"Tenant B (Online Queries)","GetSmall",1,0,21.425,0.000,21.417
"Tenant B (Online Queries)","GetLarge",1,0,81.574,0.000,81.566
"Tenant B (Online Queries)","GetSmall",1,0,19.867,0.000,19.859
"Tenant B (Online Queries)","GetSmall",1,0,18.011,0.000,18.000
"Tenant B (Online Queries)","GetLarge",1,0,73.231,0.000,73.227
"Tenant B (Online Queries)","GetSmall",1,0,18.199,0.000,18.194
"Tenant B (Online Queries)","GetSmall",1,0,17.346,0.000,17.340
"Tenant B (Online Queries)","GetLarge",1,0,69.787,0.001,69.782
"Tenant B (Online Queries)","GetSmall",1,0,18.042,0.000,18.030
"Tenant B (Online Queries)","GetSmall",1,0,19.012,0.000,19.009
"Tenant B (Online Queries)","GetLarge",1,0,72.572,0.001,72.567
"Tenant B (Online Queries)","GetLarge",1,0,82.703,0.000,82.700
"Tenant B (Online Queries)","GetSmall",1,0,16.689,0.000,16.685
"Tenant B (Online Queries)","GetSmall",1,0,16.784,0.000,16.783
"Tenant B (Online Queries)","GetSmall",1,0,18.153,0.000,18.150
"Tenant B (Online Queries)","GetLarge",1,0,72.876,0.000,72.872
"Tenant B (Online Queries)","GetSmall",1,0,17.248,0.000,17.246
"Tenant B (Online Queries)","GetSmall",1,0,16.297,0.000,16.294
"Tenant B (Online Queries)","GetSmall",1,0,17.802,0.000,17.800
"Tenant B (Online Queries)","GetSmall",1,0,18.882,0.000,18.873
"Tenant B (Online Queries)","GetSmall",1,0,17.286,0.000,17.270
"Tenant B (Online Queries)","GetLarge",1,0,66.996,0.000,66.994
"Tenant B (Online Queries)","GetSmall",1,0,16.909,0.000,16.907
"Tenant B (Online Queries)","GetSmall",1,0,16.197,0.000,16.194
"Tenant B (Online Queries)","GetSmall",1,0,18.872,0.000,18.870
"Tenant B (Online Queries)","GetSmall",1,0,17.074,0.000,17.071
"Tenant B (Online Queries)","GetSmall",1,0,18.025,0.000,18.024
"Tenant B (Online Queries)","GetSmall",1,0,19.701,0.000,19.698
"Tenant B (Online Queries)","GetSmall",1,0,16.720,0.000,16.718
"Tenant B (Online Queries)","GetSmall",1,0,16.669,0.000,16.666
"Tenant B (Online Queries)","GetSmall",1,0,16.203,0.000,16.199
"Tenant B (Online Queries)","GetSmall",1,0,18.578,0.000,18.569
"Tenant B (Online Queries)","GetLarge",1,0,81.896,0.000,81.892
"Tenant B (Online Queries)","GetSmall",1,0,13.947,0.000,13.944
"Tenant B (Online Queries)","GetSmall",1,0,15.685,0.000,15.682
"Tenant B (Online Queries)","GetSmall",1,0,16.357,0.000,16.355
"Tenant B (Online Queries)","GetSmall",1,0,18.181,0.000,18.178
"Tenant B (Online Queries)","GetSmall",1,0,16.970,0.000,16.966
"Tenant B (Online Queries)","GetLarge",1,0,75.426,0.000,75.423
"Tenant B (Online Queries)","GetSmall",1,0,18.058,0.000,18.055
"Tenant B (Online Queries)","GetSmall",1,0,16.512,0.000,16.508
"Tenant B (Online Queries)","GetSmall",1,0,15.471,0.000,15.467
"Tenant B (Online Queries)","GetSmall",1,0,17.337,0.000,17.334
"Tenant B (Online Queries)","GetSmall",1,0,18.165,0.000,18.160
"Tenant B (Online Queries)","GetLarge",1,0,68.111,0.000,68.108
"Tenant B (Online Queries)","GetLarge",1,0,70.373,0.000,70.369
"Tenant B (Online Queries)","GetLarge",1,0,85.442,0.000,85.440
"Tenant B (Online Queries)","GetSmall",1,0,19.183,0.000,19.181
"Tenant B (Online Queries)","GetSmall",1,0,18.735,0.000,18.733
"Tenant B (Online Queries)","GetSmall",1,0,18.369,0.000,18.367
"Tenant B (Online Queries)","GetSmall",1,0,15.664,0.000,15.662
"Tenant B (Online Queries)","GetSmall",1,0,15.723,0.000,15.720
"Tenant B (Online Queries)","GetSmall",1,0,19.015,0.000,19.012
"Tenant B (Online Queries)","GetSmall",1,0,15.813,0.000,15.809
"Tenant B (Online Queries)","GetSmall",1,0,18.566,0.000,18.563
"Tenant B (Online Queries)","GetSmall",1,0,18.320,0.000,18.318
"Tenant B (Online Queries)","GetSmall",1,0,17.782,0.000,17.778
"Tenant B (Online Queries)","GetLarge",1,0,64.092,0.000,64.089
"Tenant B (Online Queries)","GetSmall",1,0,14.626,0.000,14.621
"Tenant B (Online Queries)","GetSmall",1,0,17.301,0.000,17.297
"Tenant B (Online Queries)","GetSmall",1,0,16.876,0.000,16.872
"Tenant B (Online Queries)","GetSmall",1,0,17.898,0.000,17.897
"Tenant B (Online Queries)","GetSmall",1,0,14.824,0.000,14.822
"Tenant B (Online Queries)","GetSmall",1,0,16.553,0.000,16.550
"Tenant B (Online Queries)","GetSmall",1,0,16.993,0.000,16.990
"Tenant B (Online Queries)","GetSmall",1,0,16.764,0.000,16.761
"Tenant B (Online Queries)","GetSmall",1,0,15.809,0.000,15.805
"Tenant B (Online Queries)","GetLarge",1,0,67.818,0.000,67.816
"Tenant B (Online Queries)","GetSmall",1,0,17.898,0.000,17.892
"Tenant B (Online Queries)","GetSmall",1,0,16.851,0.000,16.848
"Tenant B (Online Queries)","GetSmall",1,0,19.543,0.000,19.540
"Tenant B (Online Queries)","GetSmall",1,0,18.441,0.000,18.438
"Tenant B (Online Queries)","GetSmall",1,0,18.810,0.000,18.805
"Tenant B (Online Queries)","GetSmall",1,0,15.670,0.000,15.667
"Tenant B (Online Queries)","GetSmall",1,0,19.501,0.000,19.499
"Tenant B (Online Queries)","GetSmall",1,0,17.402,0.000,17.398
"Tenant B (Online Queries)","GetSmall",1,0,20.514,0.000,20.511
"Tenant B (Online Queries)","GetSmall",1,0,16.300,0.000,16.297
"Tenant B (Online Queries)","GetSmall",1,0,19.087,0.000,19.085
"Tenant B (Online Queries)","GetLarge",1,0,72.759,0.000,72.755
"Tenant B (Online Queries)","GetSmall",1,0,20.229,0.000,20.227
"Tenant B (Online Queries)","GetSmall",1,0,17.179,0.000,17.177
"Tenant B (Online Queries)","GetSmall",1,0,18.487,0.000,18.486
"Tenant B (Online Queries)","GetLarge",1,0,60.009,0.000,60.006
"Tenant B (Online Queries)","GetSmall",1,0,20.631,0.000,20.628
"Tenant B (Online Queries)","GetSmall",1,0,16.490,0.000,16.486
"Tenant B (Online Queries)","GetSmall",1,0,17.554,0.000,17.552
"Tenant B (Online Queries)","GetSmall",1,0,16.228,0.000,16.226
"Tenant B (Online Queries)","GetSmall",1,0,17.005,0.000,17.003
"Tenant B (Online Queries)","GetSmall",1,0,19.421,0.000,19.418
"Tenant B (Online Queries)","GetSmall",1,0,17.387,0.000,17.378
"Tenant B (Online Queries)","GetSmall",1,0,17.969,0.000,17.963
"Tenant B (Online Queries)","GetSmall",1,0,18.717,0.000,18.709
"Tenant B (Online Queries)","GetLarge",1,0,66.787,0.000,66.784
"Tenant B (Online Queries)","GetSmall",1,0,19.565,0.000,19.560
"Tenant B (Online Queries)","GetLarge",1,0,69.672,0.000,69.669
"Tenant B (Online Queries)","GetSmall",1,0,20.306,0.000,20.302
"Tenant B (Online Queries)","GetSmall",1,0,14.782,0.000,14.780
"Tenant B (Online Queries)","GetLarge",1,0,69.179,0.000,69.175
"Tenant B (Online Queries)","GetSmall",1,0,16.930,0.000,16.922
"Tenant B (Online Queries)","GetSmall",1,0,17.392,0.000,17.386
"Tenant B (Online Queries)","GetSmall",1,0,18.111,0.000,18.109
"Tenant B (Online Queries)","GetSmall",1,0,19.022,0.000,19.020
"Tenant B (Online Queries)","GetSmall",1,0,18.166,0.000,18.161
"Tenant B (Online Queries)","GetSmall",1,0,17.757,0.000,17.753
"Tenant B (Online Queries)","GetSmall",1,0,18.576,0.000,18.573
"Tenant B (Online Queries)","GetSmall",1,0,17.234,0.000,17.227
"Tenant B (Online Queries)","GetSmall",1,0,18.379,0.000,18.377
"Tenant B (Online Queries)","GetSmall",1,0,18.439,0.000,18.436
"Tenant B (Online Queries)","GetSmall",1,0,17.563,0.000,17.557
"Tenant B (Online Queries)","GetSmall",1,0,17.332,0.000,17.329
"Tenant B (Online Queries)","GetLarge",1,0,64.015,0.000,64.012
"Tenant B (Online Queries)","GetSmall",1,0,17.962,0.001,17.959
"Tenant B (Online Queries)","GetLarge",1,0,66.878,0.000,66.875
"Tenant B (Online Queries)","GetSmall",1,0,19.213,0.000,19.210
"Tenant B (Online Queries)","GetSmall",1,0,18.286,0.000,18.284
"Tenant B (Online Queries)","GetSmall",1,0,20.528,0.000,20.525
"Tenant B (Online Queries)","GetSmall",1,0,20.792,0.000,20.789
"Tenant B (Online Queries)","GetSmall",1,0,18.038,0.000,18.033
"Tenant B (Online Queries)","GetSmall",1,0,19.807,0.000,19.804
"Tenant B (Online Queries)","GetLarge",1,0,74.460,0.000,74.456
"Tenant B (Online Queries)","GetSmall",1,0,17.671,0.000,17.669
"Tenant B (Online Queries)","GetSmall",1,0,19.795,0.000,19.791
"Tenant B (Online Queries)","GetSmall",1,0,16.996,0.000,16.993
"Tenant B (Online Queries)","GetSmall",1,0,16.163,0.000,16.161
"Tenant B (Online Queries)","GetSmall",1,0,15.576,0.000,15.574
"Tenant B (Online Queries)","GetLarge",1,0,71.305,0.000,71.283
"Tenant B (Online Queries)","GetSmall",1,0,20.276,0.000,20.272
"Tenant B (Online Queries)","GetSmall",1,0,17.415,0.000,17.402
"Tenant B (Online Queries)","GetSmall",1,0,18.455,0.000,18.452
"Tenant B (Online Queries)","GetSmall",1,0,15.918,0.000,15.889
"Tenant B (Online Queries)","GetSmall",1,0,17.412,0.000,17.383
"Tenant B (Online Queries)","GetSmall",1,0,17.938,0.000,17.908
"Tenant B (Online Queries)","GetSmall",1,0,16.439,0.000,16.408
"Tenant B (Online Queries)","GetSmall",1,0,19.595,0.000,19.565
"Tenant B (Online Queries)","GetSmall",1,0,19.732,0.000,19.729
"Tenant B (Online Queries)","GetLarge",1,0,76.909,0.000,76.904
"Tenant B (Online Queries)","GetSmall",1,0,20.354,0.000,20.352
"Tenant B (Online Queries)","GetLarge",1,0,80.889,0.000,80.884
"Tenant B (Online Queries)","GetSmall",1,0,19.910,0.000,19.905
"Tenant B (Online Queries)","GetLarge",1,0,70.159,0.000,70.155
"Tenant B (Online Queries)","GetLarge",1,0,66.991,0.000,66.964
"Tenant B (Online Queries)","GetSmall",1,0,15.680,0.000,15.669
"Tenant B (Online Queries)","GetSmall",1,0,19.180,0.000,19.175
"Tenant B (Online Queries)","GetSmall",1,0,18.001,0.000,17.997
"Tenant B (Online Queries)","GetSmall",1,0,18.268,0.000,18.264
"Tenant B (Online Queries)","GetSmall",1,0,17.542,0.000,17.539
"Tenant B (Online Queries)","GetLarge",1,0,68.585,0.000,68.581
"Tenant B (Online Queries)","GetLarge",1,0,72.492,0.000,72.489
"Tenant B (Online Queries)","GetLarge",1,0,73.397,0.000,73.393
"Tenant B (Online Queries)","GetLarge",1,0,71.265,0.000,71.263
"Tenant B (Online Queries)","GetLarge",1,0,71.894,0.000,71.891
"Tenant B (Online Queries)","GetLarge",1,0,74.423,0.002,74.417
"Tenant B (Online Queries)","GetLarge",1,0,75.148,0.000,75.140
"Tenant B (Online Queries)","GetLarge",1,0,69.648,0.000,69.645
"Tenant B (Online Queries)","GetLarge",1,0,76.900,0.000,76.894
"Tenant B (Online Queries)","GetLarge",1,0,68.584,0.000,68.580
"Tenant B (Online Queries)","GetLarge",1,0,68.680,0.000,68.676
"Tenant B (Online Queries)","GetLarge",1,0,63.365,0.000,63.362
"Tenant B (Online Queries)","GetLarge",1,0,73.584,0.000,73.579
"Tenant B (Online Queries)","GetLarge",1,0,70.518,0.001,70.514
"Tenant B (Online Queries)","GetLarge",1,0,74.230,0.001,74.225
"Tenant B (Online Queries)","GetLarge",1,0,77.424,0.001,77.420
"Tenant B (Online Queries)","GetLarge",1,0,71.013,0.000,71.011
"Tenant B (Online Queries)","GetLarge",1,0,73.326,0.000,73.323
"Tenant B (Online Queries)","GetLarge",1,0,72.613,0.000,72.599
"Tenant B (Online Queries)","GetLarge",1,0,77.298,0.000,77.295
"Tenant B (Online Queries)","GetLarge",1,0,78.020,0.000,78.017
"Tenant B (Online Queries)","GetLarge",1,0,77.696,0.000,77.694
"Tenant B (Online Queries)","GetLarge",1,0,74.013,0.000,74.010
"Tenant B (Online Queries)","GetLarge",1,0,71.510,0.000,71.506
"Tenant B (Online Queries)","GetLarge",1,0,68.895,0.000,68.891
"Tenant B (Online Queries)","GetLarge",1,0,70.341,0.000,70.338
"Tenant B (Online Queries)","GetLarge",1,0,72.346,0.000,72.344
"Tenant B (Online Queries)","GetLarge",1,0,73.405,0.000,73.378
"Tenant B (Online Queries)","GetLarge",1,0,71.884,0.000,71.857
"Tenant B (Online Queries)","GetLarge",1,0,73.852,0.000,73.839
"Tenant B (Online Queries)","GetLarge",1,0,77.928,0.000,77.926
"Tenant B (Online Queries)","GetLarge",1,0,78.849,0.000,78.843
"Tenant B (Online Queries)","GetLarge",1,0,78.731,0.000,78.724
"Tenant B (Online Queries)","GetLarge",1,0,81.802,0.000,81.771
"Tenant B (Online Queries)","GetLarge",1,0,79.082,0.000,79.054
"Tenant B (Online Queries)","GetLarge",1,0,71.478,0.000,71.466
"Tenant B (Online Queries)","GetLarge",1,0,77.098,0.000,77.068
"Tenant B (Online Queries)","GetLarge",1,0,79.790,0.000,79.761
"Tenant B (Online Queries)","GetLarge",1,0,79.328,0.000,79.298
"Tenant B (Online Queries)","GetLarge",1,0,82.552,0.000,82.524
"Tenant B (Online Queries)","GetLarge",1,0,69.233,0.000,69.200
"Tenant B (Online Queries)","GetLarge",1,0,73.070,0.000,73.060
"Tenant B (Online Queries)","GetLarge",1,0,79.437,0.000,79.433
"Tenant B (Online Queries)","GetLarge",1,0,79.190,0.000,79.188
"Tenant B (Online Queries)","GetLarge",1,0,75.700,0.000,75.696
"Tenant B (Online Queries)","GetLarge",1,0,69.897,0.000,69.892
"Tenant B (Online Queries)","GetLarge",1,0,79.031,0.000,79.028
"Tenant B (Online Queries)","GetLarge",1,0,81.277,0.000,81.274
"Tenant B (Online Queries)","GetLarge",1,0,76.310,0.000,76.305
"Tenant B (Online Queries)","GetLarge",1,0,68.280,0.000,68.276
"Tenant B (Online Queries)","GetLarge",1,0,73.041,0.000,73.039
"Tenant B (Online Queries)","GetSmall",1,0,18.005,0.001,18.000
"Tenant B (Online Queries)","GetLarge",1,0,77.275,0.000,77.271
"Tenant B (Online Queries)","GetSmall",1,0,18.032,0.000,18.028
"Tenant B (Online Queries)","GetLarge",1,0,77.461,0.000,77.458
"Tenant B (Online Queries)","GetSmall",1,0,19.161,0.000,19.159
"Tenant B (Online Queries)","GetSmall",1,0,18.002,0.000,17.999
"Tenant B (Online Queries)","GetSmall",1,0,19.409,0.000,19.406
"Tenant B (Online Queries)","GetSmall",1,0,17.828,0.000,17.820
"Tenant B (Online Queries)","GetSmall",1,0,17.378,0.000,17.372
"Tenant B (Online Queries)","GetSmall",1,0,17.631,0.000,17.629
"Tenant B (Online Queries)","GetLarge",1,0,71.612,0.000,71.608
"Tenant B (Online Queries)","GetSmall",1,0,19.606,0.000,19.598
"Tenant B (Online Queries)","GetSmall",1,0,15.473,0.000,15.471
"Tenant B (Online Queries)","GetLarge",1,0,78.818,0.001,78.814
"Tenant B (Online Queries)","GetSmall",1,0,19.005,0.000,19.002
"Tenant B (Online Queries)","GetSmall",1,0,19.658,0.000,19.655
"Tenant B (Online Queries)","GetLarge",1,0,69.879,0.001,69.872
"Tenant B (Online Queries)","GetSmall",1,0,17.162,0.000,17.154
"Tenant B (Online Queries)","GetLarge",1,0,70.896,0.000,70.884
"Tenant B (Online Queries)","GetSmall",1,0,16.657,0.000,16.652
"Tenant B (Online Queries)","GetLarge",1,0,70.445,0.000,70.441
"Tenant B (Online Queries)","GetSmall",1,0,16.925,0.000,16.924
"Tenant B (Online Queries)","GetLarge",1,0,80.627,0.000,80.624
"Tenant B (Online Queries)","GetSmall",1,0,19.970,0.000,19.966
"Tenant B (Online Queries)","GetSmall",1,0,17.404,0.000,17.400
"Tenant B (Online Queries)","GetLarge",1,0,79.392,0.000,79.388
"Tenant B (Online Queries)","GetSmall",1,0,19.052,0.000,19.049
"Tenant B (Online Queries)","GetSmall",1,0,17.085,0.000,17.081
"Tenant B (Online Queries)","GetSmall",1,0,18.364,0.000,18.359
"Tenant B (Online Queries)","GetSmall",1,0,18.422,0.000,18.418
"Tenant B (Online Queries)","GetSmall",1,0,17.737,0.000,17.730
"Tenant B (Online Queries)","GetSmall",1,0,18.458,0.000,18.453
"Tenant B (Online Queries)","GetSmall",1,0,18.707,0.000,18.698
"Tenant B (Online Queries)","GetSmall",1,0,16.248,0.000,16.242
"Tenant B (Online Queries)","GetSmall",1,0,17.551,0.000,17.544
"Tenant B (Online Queries)","GetSmall",1,0,15.508,0.000,15.506
"Tenant B (Online Queries)","GetSmall",1,0,15.902,0.000,15.864
"Tenant B (Online Queries)","GetSmall",1,0,15.462,0.000,15.451
"Tenant B (Online Queries)","GetSmall",1,0,17.888,0.000,17.883
"Tenant B (Online Queries)","GetSmall",1,0,17.746,0.000,17.742
"Tenant B (Online Queries)","GetLarge",1,0,67.459,0.000,67.455
"Tenant B (Online Queries)","GetSmall",1,0,18.232,0.000,18.228
"Tenant B (Online Queries)","GetLarge",1,0,78.449,0.000,78.447
"Tenant B (Online Queries)","GetSmall",1,0,19.704,0.000,19.702
"Tenant B (Online Queries)","GetSmall",1,0,20.532,0.000,20.529
"Tenant B (Online Queries)","GetSmall",1,0,19.780,0.001,19.770
"Tenant B (Online Queries)","GetLarge",1,0,65.928,0.000,65.920
"Tenant B (Online Queries)","GetSmall",1,0,19.657,0.000,19.653
"Tenant B (Online Queries)","GetSmall",1,0,18.854,0.000,18.849
"Tenant B (Online Queries)","GetSmall",1,0,17.128,0.001,17.123
"Tenant B (Online Queries)","GetLarge",1,0,69.420,0.000,69.416
"Tenant B (Online Queries)","GetSmall",1,0,18.625,0.000,18.622
"Tenant B (Online Queries)","GetSmall",1,0,15.754,0.000,15.752
"Tenant B (Online Queries)","GetSmall",1,0,18.144,0.000,18.139
"Tenant B (Online Queries)","GetSmall",1,0,16.976,0.000,16.975
"Tenant B (Online Queries)","GetSmall",1,0,16.309,0.000,16.307
"Tenant B (Online Queries)","GetSmall",1,0,16.299,0.000,16.297
"Tenant B (Online Queries)","GetSmall",1,0,17.889,0.000,17.887
"Tenant B (Online Queries)","GetLarge",1,0,65.492,0.000,65.488
"Tenant B (Online Queries)","GetSmall",1,0,18.126,0.000,18.120
"Tenant B (Online Queries)","GetSmall",1,0,17.458,0.000,17.456
"Tenant B (Online Queries)","GetLarge",1,0,76.069,0.000,76.064
"Tenant B (Online Queries)","GetSmall",1,0,18.734,0.000,18.731
"Tenant B (Online Queries)","GetSmall",1,0,17.138,0.000,17.135
"Tenant B (Online Queries)","GetSmall",1,0,16.885,0.000,16.882
"Tenant B (Online Queries)","GetSmall",1,0,17.721,0.000,17.717
"Tenant B (Online Queries)","GetSmall",1,0,18.402,0.000,18.399
"Tenant B (Online Queries)","GetLarge",1,0,66.569,0.000,66.566
"Tenant B (Online Queries)","GetSmall",1,0,15.637,0.000,15.636
"Tenant B (Online Queries)","GetSmall",1,0,17.669,0.000,17.665
"Tenant B (Online Queries)","GetSmall",1,0,17.258,0.000,17.256
"Tenant B (Online Queries)","GetSmall",1,0,17.188,0.000,17.185
"Tenant B (Online Queries)","GetSmall",1,0,17.308,0.000,17.303
"Tenant B (Online Queries)","GetSmall",1,0,19.433,0.000,19.430
"Tenant B (Online Queries)","GetLarge",1,0,77.064,0.000,77.061
"Tenant B (Online Queries)","GetSmall",1,0,16.571,0.000,16.567
"Tenant B (Online Queries)","GetSmall",1,0,17.054,0.000,17.051
"Tenant B (Online Queries)","GetLarge",1,0,67.726,0.000,67.724
"Tenant B (Online Queries)","GetSmall",1,0,19.693,0.000,19.688
"Tenant B (Online Queries)","GetSmall",1,0,17.056,0.000,17.050
"Tenant B (Online Queries)","GetSmall",1,0,16.743,0.000,16.740
"Tenant B (Online Queries)","GetSmall",1,0,16.215,0.000,16.212
"Tenant B (Online Queries)","GetSmall",1,0,16.512,0.000,16.510
"Tenant B (Online Queries)","GetSmall",1,0,16.814,0.000,16.810
"Tenant B (Online Queries)","GetSmall",1,0,20.099,0.000,20.096
"Tenant B (Online Queries)","GetSmall",1,0,17.750,0.000,17.740
"Tenant B (Online Queries)","GetLarge",1,0,70.257,0.000,70.250
"Tenant B (Online Queries)","GetSmall",1,0,17.293,0.000,17.286
"Tenant B (Online Queries)","GetSmall",1,0,19.583,0.000,19.578
"Tenant B (Online Queries)","GetLarge",1,0,65.070,0.000,65.062
"Tenant B (Online Queries)","GetSmall",1,0,16.241,0.000,16.233
"Tenant B (Online Queries)","GetSmall",1,0,17.225,0.000,17.223
"Tenant B (Online Queries)","GetSmall",1,0,18.579,0.000,18.575
"Tenant B (Online Queries)","GetLarge",1,0,69.492,0.000,69.488
"Tenant B (Online Queries)","GetSmall",1,0,19.020,0.000,19.017
"Tenant B (Online Queries)","GetSmall",1,0,15.902,0.000,15.899
"Tenant B (Online Queries)","GetSmall",1,0,16.233,0.000,16.224
"Tenant B (Online Queries)","GetSmall",1,0,19.789,0.000,19.782
"Tenant B (Online Queries)","GetSmall",1,0,17.912,0.000,17.908
"Tenant B (Online Queries)","GetSmall",1,0,18.472,0.000,18.464
"Tenant B (Online Queries)","GetSmall",1,0,19.368,0.000,19.365
"Tenant B (Online Queries)","GetSmall",1,0,16.548,0.000,16.543
"Tenant B (Online Queries)","GetLarge",1,0,62.433,0.000,62.423
"Tenant B (Online Queries)","GetSmall",1,0,19.060,0.000,19.056
"Tenant B (Online Queries)","GetLarge",1,0,72.958,0.000,72.956
"Tenant B (Online Queries)","GetLarge",1,0,69.397,0.000,69.392
"Tenant B (Online Queries)","GetLarge",1,0,79.401,0.000,79.398
"Tenant B (Online Queries)","GetLarge",1,0,77.288,0.000,77.284
"Tenant B (Online Queries)","GetLarge",1,0,74.222,0.000,74.221
"Tenant B (Online Queries)","GetSmall",1,0,17.062,0.000,17.059
"Tenant B (Online Queries)","GetSmall",1,0,19.574,0.000,19.571
"Tenant B (Online Queries)","GetLarge",1,0,71.401,0.000,71.398
"Tenant B (Online Queries)","GetSmall",1,0,19.144,0.000,19.142
"Tenant B (Online Queries)","GetSmall",1,0,20.327,0.000,20.324
"Tenant B (Online Queries)","GetSmall",1,0,18.690,0.000,18.687
"Tenant B (Online Queries)","GetLarge",1,0,76.255,0.000,76.252
"Tenant B (Online Queries)","GetLarge",1,0,68.579,0.000,68.575
"Tenant B (Online Queries)","GetSmall",1,0,15.906,0.000,15.903
"Tenant B (Online Queries)","GetSmall",1,0,15.543,0.000,15.540
"Tenant B (Online Queries)","GetSmall",1,0,15.453,0.000,15.451
"Tenant B (Online Queries)","GetSmall",1,0,17.814,0.000,17.811
"Tenant B (Online Queries)","GetLarge",1,0,71.182,0.000,71.180
"Tenant B (Online Queries)","GetLarge",1,0,65.036,0.000,65.032
"Tenant B (Online Queries)","GetSmall",1,0,20.490,0.000,20.487
"Tenant B (Online Queries)","GetSmall",1,0,18.523,0.000,18.520
"Tenant B (Online Queries)","GetSmall",1,0,19.991,0.000,19.987
"Tenant B (Online Queries)","GetSmall",1,0,20.482,0.000,20.477
"Tenant B (Online Queries)","GetSmall",1,0,18.172,0.000,18.170
"Tenant B (Online Queries)","GetSmall",1,0,17.806,0.000,17.804
"Tenant B (Online Queries)","GetSmall",1,0,17.574,0.000,17.569
"Tenant B (Online Queries)","GetSmall",1,0,18.786,0.000,18.781
"Tenant B (Online Queries)","GetSmall",1,0,18.970,0.000,18.966
"Tenant B (Online Queries)","GetLarge",1,0,66.610,0.000,66.608
"Tenant B (Online Queries)","GetSmall",1,0,18.111,0.000,18.109
"Tenant B (Online Queries)","GetSmall",1,0,19.079,0.000,19.075
"Tenant B (Online Queries)","GetSmall",1,0,20.440,0.000,20.437
"Tenant B (Online Queries)","GetLarge",1,0,67.503,0.000,67.501
"Tenant B (Online Queries)","GetSmall",1,0,19.933,0.000,19.930
"Tenant B (Online Queries)","GetSmall",1,0,18.625,0.000,18.620
"Tenant B (Online Queries)","GetLarge",1,0,66.990,0.000,66.986
"Tenant B (Online Queries)","GetSmall",1,0,18.354,0.000,18.350
"Tenant B (Online Queries)","GetLarge",1,0,80.816,0.000,80.794
"Tenant B (Online Queries)","GetSmall",1,0,18.317,0.000,18.315
"Tenant B (Online Queries)","GetSmall",1,0,18.239,0.000,18.237
"Tenant B (Online Queries)","GetSmall",1,0,16.464,0.000,16.460
"Tenant B (Online Queries)","GetLarge",1,0,68.354,0.000,68.348
"Tenant B (Online Queries)","GetSmall",1,0,18.921,0.000,18.919
"Tenant B (Online Queries)","GetSmall",1,0,16.303,0.000,16.301
"Tenant B (Online Queries)","GetSmall",1,0,16.086,0.000,16.083
"Tenant B (Online Queries)","GetSmall",1,0,18.318,0.000,18.315
"Tenant B (Online Queries)","GetSmall",1,0,19.228,0.000,19.226
"Tenant B (Online Queries)","GetLarge",1,0,73.078,0.000,73.074
"Tenant B (Online Queries)","GetLarge",1,0,66.854,0.000,66.851
"Tenant B (Online Queries)","GetLarge",1,0,81.941,0.000,81.937
"Tenant B (Online Queries)","GetSmall",1,0,18.101,0.000,18.100
"Tenant B (Online Queries)","GetSmall",1,0,18.325,0.000,18.323
"Tenant B (Online Queries)","GetLarge",1,0,70.265,0.000,70.261
"Tenant B (Online Queries)","GetLarge",1,0,76.508,0.000,76.504
"Tenant B (Online Queries)","GetLarge",1,0,78.888,0.000,78.882
"Tenant B (Online Queries)","GetLarge",1,0,67.230,0.000,67.227
"Tenant B (Online Queries)","GetLarge",1,0,76.786,0.000,76.781
"Tenant B (Online Queries)","GetLarge",1,0,75.096,0.000,75.081
"Tenant B (Online Queries)","GetLarge",1,0,76.633,0.000,76.630
"Tenant B (Online Queries)","GetLarge",1,0,73.108,0.000,73.104
"Tenant B (Online Queries)","GetLarge",1,0,80.595,0.000,80.591
"Tenant B (Online Queries)","GetLarge",1,0,69.998,0.000,69.994
"Tenant B (Online Queries)","GetLarge",1,0,81.140,0.000,81.137
"Tenant B (Online Queries)","GetLarge",1,0,81.605,0.000,81.603
"Tenant B (Online Queries)","GetLarge",1,0,80.518,0.000,80.515
"Tenant B (Online Queries)","GetLarge",1,0,72.193,0.000,72.190
"Tenant B (Online Queries)","GetLarge",1,0,78.058,0.000,78.055
"Tenant B (Online Queries)","GetLarge",1,0,82.526,0.000,82.521
"Tenant B (Online Queries)","GetLarge",1,0,74.364,0.000,74.360
"Tenant B (Online Queries)","GetLarge",1,0,80.428,0.000,80.418
"Tenant B (Online Queries)","GetLarge",1,0,81.781,0.000,81.775
"Tenant B (Online Queries)","GetLarge",1,0,82.362,0.000,82.357
"Tenant B (Online Queries)","GetLarge",1,0,74.745,0.000,74.735
"Tenant B (Online Queries)","GetLarge",1,0,74.705,0.000,74.702
"Tenant B (Online Queries)","GetLarge",1,0,68.992,0.000,68.987
"Tenant B (Online Queries)","GetLarge",1,0,69.201,0.000,69.199
"Tenant B (Online Queries)","GetLarge",1,0,68.474,0.000,68.471
"Tenant B (Online Queries)","GetLarge",1,0,79.102,0.000,79.099
"Tenant B (Online Queries)","GetLarge",1,0,71.047,0.000,71.043
"Tenant B (Online Queries)","GetLarge",1,0,70.823,0.000,70.820
"Tenant B (Online Queries)","GetLarge",1,0,69.540,0.000,69.536
"Tenant B (Online Queries)","GetLarge",1,0,76.009,0.000,76.005
"Tenant B (Online Queries)","GetLarge",1,0,68.340,0.000,68.337
"Tenant B (Online Queries)","GetLarge",1,0,75.531,0.000,75.529
"Tenant B (Online Queries)","GetLarge",1,0,74.917,0.000,74.914
"Tenant B (Online Queries)","GetLarge",1,0,78.436,0.000,78.429
"Tenant B (Online Queries)","GetLarge",1,0,69.271,0.000,69.269
"Tenant B (Online Queries)","GetLarge",1,0,73.709,0.000,73.705
"Tenant B (Online Queries)","GetSmall",1,0,19.636,0.000,19.634
"Tenant B (Online Queries)","GetLarge",1,0,75.467,0.000,75.464
"Tenant B (Online Queries)","GetLarge",1,0,82.172,0.000,82.168
"Tenant B (Online Queries)","GetSmall",1,0,18.808,0.000,18.800
"Tenant B (Online Queries)","GetSmall",1,0,16.627,0.000,16.621
"Tenant B (Online Queries)","GetSmall",1,0,18.039,0.000,18.034
"Tenant B (Online Queries)","GetLarge",1,0,80.700,0.000,80.695
"Tenant B (Online Queries)","GetSmall",1,0,17.976,0.000,17.973
"Tenant B (Online Queries)","GetSmall",1,0,18.115,0.000,18.114
"Tenant B (Online Queries)","GetSmall",1,0,18.941,0.000,18.928
"Tenant B (Online Queries)","GetSmall",1,0,19.061,0.000,19.059
"Tenant B (Online Queries)","GetSmall",1,0,19.419,0.000,19.415
"Tenant B (Online Queries)","GetSmall",1,0,19.602,0.000,19.599
"Tenant B (Online Queries)","GetLarge",1,0,81.997,0.000,81.994
"Tenant B (Online Queries)","GetSmall",1,0,16.457,0.000,16.453
"Tenant B (Online Queries)","GetLarge",1,0,80.899,0.000,80.896
"Tenant B (Online Queries)","GetSmall",1,0,20.103,0.000,20.095
"Tenant B (Online Queries)","GetSmall",1,0,16.509,0.000,16.504
"Tenant B (Online Queries)","GetSmall",1,0,16.574,0.000,16.572
"Tenant B (Online Queries)","GetSmall",1,0,15.527,0.000,15.525
"Tenant B (Online Queries)","GetSmall",1,0,15.884,0.000,15.880
"Tenant B (Online Queries)","GetSmall",1,0,16.970,0.000,16.968
"Tenant B (Online Queries)","GetSmall",1,0,14.897,0.000,14.893
"Tenant B (Online Queries)","GetLarge",1,0,78.340,0.000,78.336
"Tenant B (Online Queries)","GetSmall",1,0,15.959,0.000,15.955
"Tenant B (Online Queries)","GetSmall",1,0,19.989,0.001,19.985
"Tenant B (Online Queries)","GetSmall",1,0,16.848,0.000,16.842
"Tenant B (Online Queries)","GetSmall",1,0,20.066,0.000,20.063
"Tenant B (Online Queries)","GetSmall",1,0,17.710,0.000,17.707
"Tenant B (Online Queries)","GetSmall",1,0,19.673,0.000,19.672
"Tenant B (Online Queries)","GetLarge",1,0,71.310,0.000,71.307
"Tenant B (Online Queries)","GetSmall",1,0,19.565,0.000,19.561
"Tenant B (Online Queries)","GetSmall",1,0,14.641,0.000,14.638
"Tenant B (Online Queries)","GetSmall",1,0,17.012,0.000,17.007
"Tenant B (Online Queries)","GetLarge",1,0,78.835,0.000,78.825
"Tenant B (Online Queries)","GetSmall",1,0,17.244,0.000,17.237
"Tenant B (Online Queries)","GetSmall",1,0,17.387,0.000,17.383
"Tenant B (Online Queries)","GetLarge",1,0,71.573,0.000,71.571
"Tenant B (Online Queries)","GetSmall",1,0,20.213,0.000,20.210
"Tenant B (Online Queries)","GetSmall",1,0,19.120,0.000,19.117
"Tenant B (Online Queries)","GetSmall",1,0,20.280,0.000,20.270
"Tenant B (Online Queries)","GetSmall",1,0,18.326,0.000,18.317
"Tenant B (Online Queries)","GetSmall",1,0,17.532,0.000,17.530
"Tenant B (Online Queries)","GetSmall",1,0,19.541,0.000,19.537
"Tenant B (Online Queries)","GetSmall",1,0,16.805,0.000,16.803
"Tenant B (Online Queries)","GetLarge",1,0,57.010,0.000,57.000
"Tenant B (Online Queries)","GetLarge",1,0,68.897,0.000,68.889
"Tenant B (Online Queries)","GetSmall",1,0,16.439,0.000,16.430
"Tenant B (Online Queries)","GetLarge",1,0,64.924,0.000,64.895
"Tenant B (Online Queries)","GetSmall",1,0,17.772,0.000,17.754
"Tenant B (Online Queries)","GetSmall",1,0,20.685,0.000,20.674
"Tenant B (Online Queries)","GetSmall",1,0,19.924,0.000,19.921
"Tenant B (Online Queries)","GetLarge",1,0,67.727,0.000,67.724
"Tenant B (Online Queries)","GetLarge",1,0,67.361,0.000,67.358
"Tenant B (Online Queries)","GetLarge",1,0,73.257,0.000,73.254
"Tenant B (Online Queries)","GetLarge",1,0,63.110,0.000,63.104
"Tenant B (Online Queries)","GetLarge",1,0,71.406,0.000,71.397
"Tenant B (Online Queries)","GetLarge",1,0,71.213,0.000,71.186
"Tenant B (Online Queries)","GetLarge",1,0,73.030,0.000,73.015
"Tenant B (Online Queries)","GetLarge",1,0,65.900,0.000,65.896
"Tenant B (Online Queries)","GetLarge",1,0,71.198,0.000,71.188
"Tenant B (Online Queries)","GetLarge",1,0,69.834,0.000,69.830
"Tenant B (Online Queries)","GetLarge",1,0,68.451,0.000,68.447
"Tenant B (Online Queries)","GetLarge",1,0,76.171,0.000,76.168
"Tenant B (Online Queries)","GetLarge",1,0,77.846,0.001,77.842
"Tenant B (Online Queries)","GetLarge",1,0,74.392,0.000,74.388
"Tenant B (Online Queries)","GetSmall",1,0,18.520,0.000,18.516
"Tenant B (Online Queries)","GetLarge",1,0,81.530,0.000,81.528
"Tenant B (Online Queries)","GetLarge",1,0,73.282,0.000,73.278
"Tenant B (Online Queries)","GetLarge",1,0,71.634,0.000,71.631
"Tenant B (Online Queries)","GetSmall",1,0,20.269,0.000,20.266
"Tenant B (Online Queries)","GetLarge",1,0,69.643,0.000,69.639
"Tenant B (Online Queries)","GetLarge",1,0,76.675,0.000,76.673
"Tenant B (Online Queries)","GetSmall",1,0,18.865,0.000,18.860
"Tenant B (Online Queries)","GetSmall",1,0,16.178,0.000,16.176
"Tenant B (Online Queries)","GetLarge",1,0,77.724,0.000,77.721
"Tenant B (Online Queries)","GetSmall",1,0,16.533,0.000,16.529
"Tenant B (Online Queries)","GetLarge",1,0,79.355,0.000,79.352
"Tenant B (Online Queries)","GetLarge",1,0,81.327,0.000,81.322
"Tenant B (Online Queries)","GetSmall",1,0,19.737,0.000,19.724
"Tenant B (Online Queries)","GetSmall",1,0,18.820,0.000,18.818
"Tenant B (Online Queries)","GetSmall",1,0,19.877,0.000,19.873
"Tenant B (Online Queries)","GetLarge",1,0,77.673,0.000,77.670
"Tenant B (Online Queries)","GetSmall",1,0,18.365,0.000,18.362
"Tenant B (Online Queries)","GetSmall",1,0,17.402,0.000,17.400
"Tenant B (Online Queries)","GetLarge",1,0,75.015,0.000,75.009
"Tenant B (Online Queries)","GetLarge",1,0,69.454,0.000,69.448
"Tenant B (Online Queries)","GetSmall",1,0,17.006,0.000,16.998
"Tenant B (Online Queries)","GetSmall",1,0,17.647,0.000,17.643
"Tenant B (Online Queries)","GetSmall",1,0,14.188,0.000,14.185
"Tenant B (Online Queries)","GetSmall",1,0,19.750,0.000,19.748
"Tenant B (Online Queries)","GetSmall",1,0,16.585,0.000,16.580
"Tenant B (Online Queries)","GetSmall",1,0,16.376,0.000,16.372
"Tenant B (Online Queries)","GetSmall",1,0,16.764,0.000,16.760
"Tenant B (Online Queries)","GetLarge",1,0,68.172,0.000,68.168
"Tenant B (Online Queries)","GetSmall",1,0,18.388,0.000,18.383
"Tenant B (Online Queries)","GetSmall",1,0,17.228,0.000,17.221
"Tenant B (Online Queries)","GetSmall",1,0,17.305,0.000,17.298
"Tenant B (Online Queries)","GetSmall",1,0,17.135,0.000,17.132
"Tenant B (Online Queries)","GetSmall",1,0,19.261,0.000,19.256
"Tenant B (Online Queries)","GetSmall",1,0,19.254,0.000,19.248
"Tenant B (Online Queries)","GetSmall",1,0,15.192,0.000,15.189
"Tenant B (Online Queries)","GetSmall",1,0,18.407,0.000,18.405
"Tenant B (Online Queries)","GetSmall",1,0,17.918,0.000,17.913
"Tenant B (Online Queries)","GetSmall",1,0,16.403,0.000,16.400
"Tenant B (Online Queries)","GetSmall",1,0,17.689,0.000,17.686
"Tenant B (Online Queries)","GetSmall",1,0,19.754,0.000,19.750
"Tenant B (Online Queries)","GetSmall",1,0,16.723,0.000,16.721
"Tenant B (Online Queries)","GetSmall",1,0,20.491,0.000,20.487
"Tenant B (Online Queries)","GetSmall",1,0,16.903,0.000,16.899
"Tenant B (Online Queries)","GetSmall",1,0,17.447,0.000,17.442
"Tenant B (Online Queries)","GetLarge",1,0,67.454,0.000,67.450
"Tenant B (Online Queries)","GetSmall",1,0,19.574,0.000,19.572
"Tenant B (Online Queries)","GetSmall",1,0,17.037,0.000,17.004
"Tenant B (Online Queries)","GetSmall",1,0,19.197,0.000,19.190
"Tenant B (Online Queries)","GetSmall",1,0,19.584,0.000,19.579
"Tenant B (Online Queries)","GetSmall",1,0,19.568,0.000,19.563
"Tenant B (Online Queries)","GetSmall",1,0,15.595,0.000,15.590
"Tenant B (Online Queries)","GetSmall",1,0,15.798,0.000,15.794
"Tenant B (Online Queries)","GetSmall",1,0,15.139,0.000,15.136
"Tenant B (Online Queries)","GetSmall",1,0,18.740,0.000,18.735
"Tenant B (Online Queries)","GetSmall",1,0,17.598,0.000,17.594
"Tenant B (Online Queries)","GetLarge",1,0,80.097,0.000,80.092
"Tenant B (Online Queries)","GetSmall",1,0,18.582,0.000,18.578
"Tenant B (Online Queries)","GetSmall",1,0,18.086,0.000,18.082
"Tenant B (Online Queries)","GetSmall",1,0,16.480,0.002,16.473
"Tenant B (Online Queries)","GetLarge",1,0,74.118,0.000,74.113
"Tenant B (Online Queries)","GetSmall",1,0,17.916,0.001,17.911
"Tenant B (Online Queries)","GetSmall",1,0,17.805,0.001,17.801
"Tenant B (Online Queries)","GetSmall",1,0,18.425,0.001,18.420
"Tenant B (Online Queries)","GetSmall",1,0,17.934,0.000,17.927
"Tenant B (Online Queries)","GetSmall",1,0,17.354,0.001,17.341
"Tenant B (Online Queries)","GetLarge",1,0,68.551,0.000,68.545
"Tenant B (Online Queries)","GetLarge",1,0,67.560,0.000,67.557
"Tenant B (Online Queries)","GetSmall",1,0,17.561,0.000,17.557
"Tenant B (Online Queries)","GetSmall",1,0,19.239,0.000,19.234
"Tenant B (Online Queries)","GetSmall",1,0,17.417,0.000,17.414
"Tenant B (Online Queries)","GetSmall",1,0,20.028,0.000,20.022
"Tenant B (Online Queries)","GetSmall",1,0,16.808,0.000,16.804
"Tenant B (Online Queries)","GetSmall",1,0,16.606,0.000,16.602
"Tenant B (Online Queries)","GetSmall",1,0,19.529,0.001,19.526
"Tenant B (Online Queries)","GetSmall",1,0,16.583,0.000,16.580
"Tenant B (Online Queries)","GetSmall",1,0,16.691,0.000,16.686
"Tenant B (Online Queries)","GetSmall",1,0,18.597,0.001,18.592
"Tenant B (Online Queries)","GetSmall",1,0,16.855,0.000,16.852
"Tenant B (Online Queries)","GetSmall",1,0,18.017,0.000,18.014
"Tenant B (Online Queries)","GetLarge",1,0,62.576,0.000,62.573
"Tenant B (Online Queries)","GetSmall",1,0,19.114,0.000,19.112
"Tenant B (Online Queries)","GetSmall",1,0,16.583,0.000,16.579
"Tenant B (Online Queries)","GetSmall",1,0,19.156,0.001,19.152
"Tenant B (Online Queries)","GetSmall",1,0,18.943,0.000,18.939
"Tenant B (Online Queries)","GetSmall",1,0,19.133,0.001,19.128
"Tenant B (Online Queries)","GetLarge",1,0,65.022,0.000,65.018
"Tenant B (Online Queries)","GetLarge",1,0,71.521,0.000,71.518
"Tenant B (Online Queries)","GetSmall",1,0,19.090,0.000,19.087
"Tenant B (Online Queries)","GetSmall",1,0,17.905,0.000,17.901
"Tenant B (Online Queries)","GetSmall",1,0,15.456,0.000,15.453
"Tenant B (Online Queries)","GetSmall",1,0,16.903,0.000,16.901
"Tenant B (Online Queries)","GetSmall",1,0,17.838,0.000,17.834
"Tenant B (Online Queries)","GetSmall",1,0,19.643,0.000,19.640
"Tenant B (Online Queries)","GetLarge",1,0,58.906,0.000,58.892
"Tenant B (Online Queries)","GetSmall",1,0,14.987,0.000,14.983
"Tenant B (Online Queries)","GetSmall",1,0,15.745,0.000,15.741
"Tenant B (Online Queries)","GetSmall",1,0,15.951,0.000,15.949
"Tenant B (Online Queries)","GetSmall",1,0,17.591,0.000,17.588
"Tenant B (Online Queries)","GetSmall",1,0,19.096,0.000,19.093
"Tenant B (Online Queries)","GetLarge",1,0,75.042,0.002,75.035
"Tenant B (Online Queries)","GetSmall",1,0,19.827,0.000,19.823
"Tenant B (Online Queries)","GetSmall",1,0,16.020,0.000,16.017
"Tenant B (Online Queries)","GetSmall",1,0,17.317,0.000,17.314
"Tenant B (Online Queries)","GetSmall",1,0,18.416,0.000,18.413
"Tenant B (Online Queries)","GetSmall",1,0,18.039,0.000,18.036
"Tenant B (Online Queries)","GetSmall",1,0,16.886,0.000,16.883
"Tenant B (Online Queries)","GetLarge",1,0,68.361,0.000,68.356
"Tenant B (Online Queries)","GetSmall",1,0,14.887,0.000,14.885
"Tenant B (Online Queries)","GetSmall",1,0,18.629,0.000,18.626
"Tenant B (Online Queries)","GetLarge",1,0,71.789,0.000,71.784
"Tenant B (Online Queries)","GetSmall",1,0,16.204,0.000,16.200
"Tenant B (Online Queries)","GetSmall",1,0,16.505,0.000,16.503
"Tenant B (Online Queries)","GetSmall",1,0,17.534,0.000,17.530
"Tenant B (Online Queries)","GetSmall",1,0,18.821,0.000,18.818
"Tenant B (Online Queries)","GetSmall",1,0,17.518,0.000,17.505
"Tenant B (Online Queries)","GetLarge",1,0,74.653,0.000,74.647
"Tenant B (Online Queries)","GetSmall",1,0,17.473,0.000,17.469
"Tenant B (Online Queries)","GetSmall",1,0,13.864,0.000,13.847
"Tenant B (Online Queries)","GetSmall",1,0,14.459,0.000,14.431
"Tenant B (Online Queries)","GetSmall",1,0,15.031,0.000,15.022
"Tenant B (Online Queries)","GetSmall",1,0,19.833,0.000,19.824
"Tenant B (Online Queries)","GetSmall",1,0,16.814,0.000,16.805
"Tenant B (Online Queries)","GetSmall",1,0,17.600,0.000,17.595
"Tenant B (Online Queries)","GetSmall",1,0,17.493,0.000,17.488
"Tenant B (Online Queries)","GetSmall",1,0,18.861,0.001,18.848
"Tenant B (Online Queries)","GetSmall",1,0,17.166,0.000,17.155
"Tenant B (Online Queries)","GetSmall",1,0,18.666,0.000,18.654
"Tenant B (Online Queries)","GetSmall",1,0,18.731,0.000,18.725
"Tenant B (Online Queries)","GetSmall",1,0,17.588,0.001,17.583
"Tenant B (Online Queries)","GetSmall",1,0,16.240,0.000,16.236
"Tenant B (Online Queries)","GetSmall",1,0,20.040,0.000,20.037
"Tenant B (Online Queries)","GetSmall",1,0,16.455,0.000,16.451
"Tenant B (Online Queries)","GetSmall",1,0,19.520,0.000,19.518
"Tenant B (Online Queries)","GetSmall",1,0,17.381,0.000,17.373
"Tenant B (Online Queries)","GetSmall",1,0,18.462,0.000,18.455
"Tenant B (Online Queries)","GetSmall",1,0,17.477,0.001,17.472
"Tenant B (Online Queries)","GetSmall",1,0,18.596,0.000,18.591
"Tenant B (Online Queries)","GetSmall",1,0,19.676,0.001,19.670
"Tenant B (Online Queries)","GetLarge",1,0,71.370,0.000,71.365
"Tenant B (Online Queries)","GetLarge",1,0,71.427,0.001,71.421
"Tenant B (Online Queries)","GetLarge",1,0,66.879,0.000,66.872
"Tenant B (Online Queries)","GetLarge",1,0,64.062,0.000,64.055
"Tenant B (Online Queries)","GetLarge",1,0,62.247,0.001,62.242
"Tenant B (Online Queries)","GetLarge",1,0,70.389,0.000,70.382
"Tenant B (Online Queries)","GetLarge",1,0,76.372,0.000,76.368
"Tenant B (Online Queries)","GetLarge",1,0,75.701,0.000,75.689
"Tenant B (Online Queries)","GetLarge",1,0,72.940,0.000,72.907
"Tenant B (Online Queries)","GetLarge",1,0,70.587,0.000,70.558
"Tenant B (Online Queries)","GetLarge",1,0,73.865,0.000,73.859
"Tenant B (Online Queries)","GetLarge",1,0,73.232,0.000,73.227
"Tenant B (Online Queries)","GetLarge",1,0,75.831,0.000,75.828
"Tenant B (Online Queries)","GetLarge",1,0,72.077,0.000,72.074
"Tenant B (Online Queries)","GetLarge",1,0,69.866,0.000,69.861
"Tenant B (Online Queries)","GetLarge",1,0,82.264,0.000,82.255
"Tenant B (Online Queries)","GetLarge",1,0,77.405,0.000,77.397
"Tenant B (Online Queries)","GetLarge",1,0,82.693,0.000,82.690
"Tenant B (Online Queries)","GetLarge",1,0,82.374,0.000,82.372
"Tenant B (Online Queries)","GetLarge",1,0,80.667,0.000,80.657
"Tenant B (Online Queries)","GetLarge",1,0,82.527,0.000,82.523
"Tenant B (Online Queries)","GetLarge",1,0,70.388,0.000,70.386
"Tenant B (Online Queries)","GetLarge",1,0,75.786,0.000,75.783
"Tenant B (Online Queries)","GetLarge",1,0,79.497,0.001,79.492
"Tenant B (Online Queries)","GetLarge",1,0,80.146,0.000,80.144
"Tenant B (Online Queries)","GetLarge",1,0,81.480,0.000,81.477
"Tenant B (Online Queries)","GetLarge",1,0,71.048,0.000,71.036
"Tenant B (Online Queries)","GetLarge",1,0,80.559,0.000,80.548
"Tenant B (Online Queries)","GetLarge",1,0,70.991,0.000,70.981
"Tenant B (Online Queries)","GetLarge",1,0,79.175,0.000,79.171
"Tenant B (Online Queries)","GetLarge",1,0,69.168,0.000,69.162
"Tenant B (Online Queries)","GetLarge",1,0,70.978,0.000,70.972
"Tenant B (Online Queries)","GetLarge",1,0,69.908,0.001,69.905
"Tenant B (Online Queries)","GetLarge",1,0,75.741,0.000,75.738
"Tenant B (Online Queries)","GetLarge",1,0,70.415,0.000,70.404
"Tenant B (Online Queries)","GetSmall",1,0,17.785,0.000,17.773
"Tenant B (Online Queries)","GetLarge",1,0,79.106,0.000,79.103
"Tenant B (Online Queries)","GetLarge",1,0,71.655,0.000,71.643
"Tenant B (Online Queries)","GetSmall",1,0,19.485,0.000,19.479
"Tenant B (Online Queries)","GetLarge",1,0,80.154,0.000,80.150
"Tenant B (Online Queries)","GetLarge",1,0,80.567,0.000,80.565
"Tenant B (Online Queries)","GetLarge",1,0,70.465,0.000,70.462
"Tenant B (Online Queries)","GetSmall",1,0,18.482,0.000,18.478
"Tenant B (Online Queries)","GetLarge",1,0,75.855,0.000,75.851
"Tenant B (Online Queries)","GetSmall",1,0,19.285,0.000,19.283
"Tenant B (Online Queries)","GetSmall",1,0,16.726,0.000,16.723
"Tenant B (Online Queries)","GetSmall",1,0,20.601,0.000,20.592
"Tenant B (Online Queries)","GetLarge",1,0,75.024,0.000,75.017
"Tenant B (Online Queries)","GetSmall",1,0,18.367,0.000,18.364
"Tenant B (Online Queries)","GetSmall",1,0,16.444,0.000,16.433
"Tenant B (Online Queries)","GetSmall",1,0,16.367,0.000,16.359
"Tenant B (Online Queries)","GetSmall",1,0,16.636,0.000,16.633
"Tenant B (Online Queries)","GetLarge",1,0,80.353,0.000,80.349
"Tenant B (Online Queries)","GetLarge",1,0,82.126,0.000,82.122
"Tenant B (Online Queries)","GetSmall",1,0,17.944,0.000,17.933
"Tenant B (Online Queries)","GetLarge",1,0,70.300,0.000,70.297
"Tenant B (Online Queries)","GetSmall",1,0,20.624,0.000,20.616
"Tenant B (Online Queries)","GetLarge",1,0,76.506,0.000,76.502
"Tenant B (Online Queries)","GetSmall",1,0,18.146,0.000,18.141
"Tenant B (Online Queries)","GetSmall",1,0,15.485,0.000,15.477
"Tenant B (Online Queries)","GetSmall",1,0,17.245,0.000,17.238
"Tenant B (Online Queries)","GetSmall",1,0,17.563,0.000,17.560
"Tenant B (Online Queries)","GetSmall",1,0,19.475,0.000,19.472
"Tenant B (Online Queries)","GetLarge",1,0,80.914,0.000,80.910
"Tenant B (Online Queries)","GetSmall",1,0,17.318,0.000,17.315
"Tenant B (Online Queries)","GetLarge",1,0,75.951,0.000,75.943
"Tenant B (Online Queries)","GetSmall",1,0,17.134,0.000,17.127
"Tenant B (Online Queries)","GetSmall",1,0,18.512,0.000,18.507
"Tenant B (Online Queries)","GetSmall",1,0,20.414,0.000,20.378
"Tenant B (Online Queries)","GetSmall",1,0,19.183,0.000,19.179
"Tenant B (Online Queries)","GetLarge",1,0,75.130,0.000,75.126
"Tenant B (Online Queries)","GetSmall",1,0,19.076,0.000,19.071
"Tenant B (Online Queries)","GetLarge",1,0,70.955,0.000,70.952
"Tenant B (Online Queries)","GetLarge",1,0,76.279,0.000,76.275
"Tenant B (Online Queries)","GetSmall",1,0,20.229,0.000,20.220
"Tenant B (Online Queries)","GetSmall",1,0,16.199,0.000,16.195
"Tenant B (Online Queries)","GetLarge",1,0,70.608,0.000,70.604
"Tenant B (Online Queries)","GetSmall",1,0,17.493,0.000,17.490
"Tenant B (Online Queries)","GetLarge",1,0,65.360,0.000,65.356
"Tenant B (Online Queries)","GetSmall",1,0,18.485,0.002,18.478
"Tenant B (Online Queries)","GetSmall",1,0,17.968,0.000,17.965
"Tenant B (Online Queries)","GetSmall",1,0,19.909,0.000,19.904
"Tenant B (Online Queries)","GetSmall",1,0,18.128,0.000,18.126
"Tenant B (Online Queries)","GetLarge",1,0,79.027,0.000,79.025
"Tenant B (Online Queries)","GetSmall",1,0,19.582,0.000,19.580
"Tenant B (Online Queries)","GetSmall",1,0,16.331,0.000,16.316
"Tenant B (Online Queries)","GetSmall",1,0,14.838,0.000,14.835
"Tenant B (Online Queries)","GetLarge",1,0,74.774,0.000,74.770
"Tenant B (Online Queries)","GetSmall",1,0,20.194,0.000,20.192
"Tenant B (Online Queries)","GetSmall",1,0,17.233,0.000,17.230
"Tenant B (Online Queries)","GetSmall",1,0,17.643,0.000,17.639
"Tenant B (Online Queries)","GetSmall",1,0,18.413,0.000,18.408
"Tenant B (Online Queries)","GetLarge",1,0,70.436,0.000,70.433
"Tenant B (Online Queries)","GetLarge",1,0,65.952,0.000,65.948
"Tenant B (Online Queries)","GetSmall",1,0,20.059,0.000,20.050
"Tenant B (Online Queries)","GetSmall",1,0,18.536,0.000,18.533
"Tenant B (Online Queries)","GetSmall",1,0,16.526,0.000,16.523
"Tenant B (Online Queries)","GetSmall",1,0,19.461,0.000,19.458
"Tenant B (Online Queries)","GetSmall",1,0,18.829,0.000,18.815
"Tenant B (Online Queries)","GetSmall",1,0,17.240,0.000,17.238
"Tenant B (Online Queries)","GetSmall",1,0,17.954,0.000,17.952
"Tenant B (Online Queries)","GetSmall",1,0,17.919,0.000,17.917
"Tenant B (Online Queries)","GetSmall",1,0,16.398,0.000,16.395
"Tenant B (Online Queries)","GetLarge",1,0,78.421,0.000,78.419
"Tenant B (Online Queries)","GetSmall",1,0,18.844,0.000,18.841
"Tenant B (Online Queries)","GetSmall",1,0,19.461,0.000,19.456
"Tenant B (Online Queries)","GetLarge",1,0,76.206,0.000,76.202
"Tenant B (Online Queries)","GetSmall",1,0,17.026,0.000,17.024
"Tenant B (Online Queries)","GetLarge",1,0,75.323,0.000,75.321
"Tenant B (Online Queries)","GetLarge",1,0,71.012,0.000,70.997
"Tenant B (Online Queries)","GetSmall",1,0,19.764,0.000,19.761
"Tenant B (Online Queries)","GetLarge",1,0,72.390,0.000,72.385
"Tenant B (Online Queries)","GetSmall",1,0,19.210,0.000,19.207
"Tenant B (Online Queries)","GetSmall",1,0,17.473,0.000,17.469
"Tenant B (Online Queries)","GetSmall",1,0,16.212,0.000,16.208
"Tenant B (Online Queries)","GetSmall",1,0,18.314,0.000,18.312
"Tenant B (Online Queries)","GetSmall",1,0,17.959,0.000,17.955
"Tenant B (Online Queries)","GetSmall",1,0,19.870,0.000,19.868
"Tenant B (Online Queries)","GetSmall",1,0,16.986,0.000,16.984
"Tenant B (Online Queries)","GetSmall",1,0,17.031,0.000,17.028
"Tenant B (Online Queries)","GetSmall",1,0,18.514,0.000,18.511
"Tenant B (Online Queries)","GetSmall",1,0,19.620,0.000,19.616
"Tenant B (Online Queries)","GetSmall",1,0,19.819,0.000,19.805
"Tenant B (Online Queries)","GetSmall",1,0,15.762,0.000,15.757
"Tenant B (Online Queries)","GetSmall",1,0,20.315,0.000,20.312
"Tenant B (Online Queries)","GetSmall",1,0,16.795,0.000,16.792
"Tenant B (Online Queries)","GetSmall",1,0,18.361,0.000,18.355
"Tenant B (Online Queries)","GetSmall",1,0,19.623,0.000,19.618
"Tenant B (Online Queries)","GetSmall",1,0,18.179,0.000,18.175
"Tenant B (Online Queries)","GetSmall",1,0,17.068,0.000,17.065
"Tenant B (Online Queries)","GetSmall",1,0,17.682,0.000,17.679
"Tenant B (Online Queries)","GetSmall",1,0,16.707,0.000,16.704
"Tenant B (Online Queries)","GetSmall",1,0,18.012,0.000,18.009
"Tenant B (Online Queries)","GetLarge",1,0,65.039,0.000,65.036
"Tenant B (Online Queries)","GetSmall",1,0,16.571,0.000,16.567
"Tenant B (Online Queries)","GetSmall",1,0,17.080,0.000,17.075
"Tenant B (Online Queries)","GetSmall",1,0,18.148,0.000,18.145
"Tenant B (Online Queries)","GetSmall",1,0,19.599,0.000,19.596
"Tenant B (Online Queries)","GetLarge",1,0,70.849,0.000,70.844
"Tenant B (Online Queries)","GetLarge",1,0,65.924,0.000,65.921
"Tenant B (Online Queries)","GetSmall",1,0,16.741,0.000,16.739
"Tenant B (Online Queries)","GetSmall",1,0,18.254,0.000,18.250
"Tenant B (Online Queries)","GetSmall",1,0,17.273,0.000,17.270
"Tenant B (Online Queries)","GetLarge",1,0,78.615,0.000,78.613
"Tenant B (Online Queries)","GetSmall",1,0,18.608,0.000,18.605
"Tenant B (Online Queries)","GetSmall",1,0,18.769,0.000,18.766
"Tenant B (Online Queries)","GetLarge",1,0,70.060,0.000,70.056
"Tenant B (Online Queries)","GetLarge",1,0,81.237,0.000,81.234
"Tenant B (Online Queries)","GetSmall",1,0,17.736,0.000,17.734
"Tenant B (Online Queries)","GetSmall",1,0,16.638,0.000,16.635
"Tenant B (Online Queries)","GetSmall",1,0,19.779,0.000,19.777
"Tenant B (Online Queries)","GetSmall",1,0,15.461,0.000,15.458
"Tenant B (Online Queries)","GetSmall",1,0,18.911,0.000,18.906
"Tenant B (Online Queries)","GetSmall",1,0,20.544,0.000,20.541
"Tenant B (Online Queries)","GetSmall",1,0,17.237,0.000,17.234
"Tenant B (Online Queries)","GetSmall",1,0,18.206,0.000,18.204
"Tenant B (Online Queries)","GetSmall",1,0,17.326,0.000,17.321
"Tenant B (Online Queries)","GetSmall",1,0,18.725,0.000,18.722
"Tenant B (Online Queries)","GetSmall",1,0,14.423,0.000,14.419
"Tenant B (Online Queries)","GetSmall",1,0,14.349,0.000,14.346
"Tenant B (Online Queries)","GetSmall",1,0,18.314,0.000,18.311
"Tenant B (Online Queries)","GetSmall",1,0,17.202,0.000,17.198
"Tenant B (Online Queries)","GetLarge",1,0,79.215,0.000,79.212
"Tenant B (Online Queries)","GetSmall",1,0,17.370,0.000,17.366
"Tenant B (Online Queries)","GetSmall",1,0,19.647,0.000,19.645
"Tenant B (Online Queries)","GetSmall",1,0,19.422,0.000,19.417
"Tenant B (Online Queries)","GetSmall",1,0,19.580,0.000,19.577
"Tenant B (Online Queries)","GetSmall",1,0,14.972,0.000,14.969
"Tenant B (Online Queries)","GetSmall",1,0,20.112,0.000,20.110
"Tenant B (Online Queries)","GetLarge",1,0,77.145,0.000,77.140
"Tenant B (Online Queries)","GetSmall",1,0,15.061,0.000,15.058
"Tenant B (Online Queries)","GetSmall",1,0,16.873,0.000,16.872
"Tenant B (Online Queries)","GetSmall",1,0,15.943,0.000,15.925
"Tenant B (Online Queries)","GetSmall",1,0,16.168,0.000,16.161
"Tenant B (Online Queries)","GetSmall",1,0,20.146,0.000,20.141
"Tenant B (Online Queries)","GetSmall",1,0,17.167,0.000,17.164
"Tenant B (Online Queries)","GetSmall",1,0,16.828,0.000,16.817
"Tenant B (Online Queries)","GetSmall",1,0,16.440,0.000,16.429
"Tenant B (Online Queries)","GetLarge",1,0,65.401,0.000,65.398
"Tenant B (Online Queries)","GetSmall",1,0,17.785,0.000,17.781
"Tenant B (Online Queries)","GetSmall",1,0,16.181,0.000,16.177
"Tenant B (Online Queries)","GetSmall",1,0,18.613,0.000,18.610
"Tenant B (Online Queries)","GetSmall",1,0,18.302,0.000,18.298
"Tenant B (Online Queries)","GetSmall",1,0,17.547,0.001,17.539
"Tenant B (Online Queries)","GetLarge",1,0,74.013,0.000,74.010
"Tenant B (Online Queries)","GetSmall",1,0,17.389,0.000,17.384
"Tenant B (Online Queries)","GetSmall",1,0,17.395,0.000,17.389
"Tenant B (Online Queries)","GetLarge",1,0,65.583,0.000,65.578
"Tenant B (Online Queries)","GetSmall",1,0,18.140,0.000,18.138
"Tenant B (Online Queries)","GetSmall",1,0,18.715,0.000,18.712
"Tenant B (Online Queries)","GetSmall",1,0,18.005,0.000,18.000
"Tenant B (Online Queries)","GetSmall",1,0,19.017,0.000,19.015
"Tenant B (Online Queries)","GetSmall",1,0,19.459,0.000,19.456
"Tenant B (Online Queries)","GetSmall",1,0,16.224,0.000,16.222
"Tenant B (Online Queries)","GetSmall",1,0,17.843,0.000,17.840
"Tenant B (Online Queries)","GetSmall",1,0,19.113,0.000,19.110
"Tenant B (Online Queries)","GetSmall",1,0,17.954,0.000,17.944
"Tenant B (Online Queries)","GetSmall",1,0,17.822,0.000,17.811
"Tenant B (Online Queries)","GetSmall",1,0,17.994,0.000,17.990
"Tenant B (Online Queries)","GetLarge",1,0,67.825,0.000,67.822
"Tenant B (Online Queries)","GetLarge",1,0,67.348,0.000,67.345
"Tenant B (Online Queries)","GetSmall",1,0,17.292,0.000,17.287
"Tenant B (Online Queries)","GetSmall",1,0,18.275,0.000,18.273
"Tenant B (Online Queries)","GetSmall",1,0,17.837,0.000,17.833
"Tenant B (Online Queries)","GetSmall",1,0,19.370,0.000,19.366
"Tenant B (Online Queries)","GetSmall",1,0,17.749,0.000,17.743
"Tenant B (Online Queries)","GetSmall",1,0,17.594,0.000,17.588
"Tenant B (Online Queries)","GetLarge",1,0,71.179,0.000,71.176
"Tenant B (Online Queries)","GetLarge",1,0,68.328,0.000,68.324
"Tenant B (Online Queries)","GetSmall",1,0,17.645,0.000,17.638
"Tenant B (Online Queries)","GetLarge",1,0,65.466,0.000,65.463
"Tenant B (Online Queries)","GetSmall",1,0,17.715,0.000,17.711
"Tenant B (Online Queries)","GetLarge",1,0,69.839,0.001,69.835
"Tenant B (Online Queries)","GetSmall",1,0,17.830,0.000,17.828
"Tenant B (Online Queries)","GetSmall",1,0,17.440,0.000,17.428
"Tenant B (Online Queries)","GetLarge",1,0,70.441,0.000,70.437
"Tenant B (Online Queries)","GetSmall",1,0,17.628,0.000,17.626
"Tenant B (Online Queries)","GetSmall",1,0,16.225,0.000,16.220
"Tenant B (Online Queries)","GetSmall",1,0,16.231,0.000,16.226
"Tenant B (Online Queries)","GetSmall",1,0,18.098,0.000,18.091
"Tenant B (Online Queries)","GetSmall",1,0,19.744,0.000,19.737
"Tenant B (Online Queries)","GetSmall",1,0,15.396,0.000,15.392
"Tenant B (Online Queries)","GetSmall",1,0,15.017,0.000,15.014
"Tenant B (Online Queries)","GetSmall",1,0,16.840,0.000,16.837
"Tenant B (Online Queries)","GetSmall",1,0,20.000,0.000,19.996
"Tenant B (Online Queries)","GetLarge",1,0,80.590,0.000,80.587
"Tenant B (Online Queries)","GetLarge",1,0,70.546,0.000,70.542
"Tenant B (Online Queries)","GetSmall",1,0,19.845,0.000,19.843
"Tenant B (Online Queries)","GetLarge",1,0,82.633,0.000,82.630
"Tenant B (Online Queries)","GetLarge",1,0,81.897,0.000,81.892
"Tenant B (Online Queries)","GetSmall",1,0,19.679,0.000,19.675
"Tenant B (Online Queries)","GetSmall",1,0,19.492,0.000,19.490
"Tenant B (Online Queries)","GetSmall",1,0,20.475,0.000,20.472
"Tenant B (Online Queries)","GetLarge",1,0,63.584,0.000,63.582
"Tenant B (Online Queries)","GetSmall",1,0,15.505,0.000,15.503
"Tenant B (Online Queries)","GetSmall",1,0,17.035,0.000,17.033
"Tenant B (Online Queries)","GetSmall",1,0,16.988,0.000,16.985
"Tenant B (Online Queries)","GetSmall",1,0,15.902,0.000,15.899
"Tenant B (Online Queries)","GetSmall",1,0,18.792,0.000,18.788
"Tenant B (Online Queries)","GetSmall",1,0,18.734,0.000,18.731
"Tenant B (Online Queries)","GetSmall",1,0,19.101,0.000,19.094
"Tenant B (Online Queries)","GetSmall",1,0,14.856,0.000,14.852
"Tenant B (Online Queries)","GetSmall",1,0,15.571,0.000,15.569
"Tenant B (Online Queries)","GetSmall",1,0,16.933,0.000,16.928
"Tenant B (Online Queries)","GetSmall",1,0,17.838,0.000,17.835
"Tenant B (Online Queries)","GetSmall",1,0,17.453,0.000,17.450
"Tenant B (Online Queries)","GetSmall",1,0,16.112,0.000,16.108
"Tenant B (Online Queries)","GetSmall",1,0,19.296,0.000,19.293
"Tenant B (Online Queries)","GetSmall",1,0,16.936,0.000,16.932
"Tenant B (Online Queries)","GetSmall",1,0,17.599,0.000,17.597
"Tenant B (Online Queries)","GetSmall",1,0,18.932,0.000,18.930
"Tenant B (Online Queries)","GetLarge",1,0,70.272,0.000,70.266
"Tenant B (Online Queries)","GetLarge",1,0,74.144,0.000,74.131
"Tenant B (Online Queries)","GetLarge",1,0,73.706,0.000,73.693
"Tenant B (Online Queries)","GetLarge",1,0,77.947,0.000,77.940
"Tenant B (Online Queries)","GetSmall",1,0,43.813,0.000,43.809
"Tenant B (Online Queries)","GetSmall",1,0,46.660,0.000,46.644
"Tenant B (Online Queries)","GetSmall",1,0,50.473,0.000,50.469
"Tenant B (Online Queries)","GetSmall",1,0,48.187,0.000,48.182
"Tenant B (Online Queries)","GetSmall",1,0,45.340,0.000,45.336
"Tenant B (Online Queries)","GetSmall",1,0,42.898,0.000,42.889
"Tenant B (Online Queries)","GetSmall",1,0,48.645,0.000,48.639
"Tenant B (Online Queries)","GetSmall",1,0,47.856,0.000,47.848
"Tenant B (Online Queries)","GetLarge",1,0,79.214,0.000,79.208
"Tenant B (Online Queries)","GetSmall",1,0,47.998,0.000,47.996
"Tenant B (Online Queries)","GetSmall",1,0,49.226,0.000,49.224
"Tenant B (Online Queries)","GetSmall",1,0,46.916,0.000,46.909
"Tenant B (Online Queries)","GetSmall",1,0,48.095,0.000,48.094
"Tenant B (Online Queries)","GetLarge",1,0,70.339,0.000,70.337
"Tenant B (Online Queries)","GetLarge",1,0,71.671,0.000,71.670
"Tenant B (Online Queries)","GetSmall",1,0,53.097,0.000,53.092
"Tenant B (Online Queries)","GetSmall",1,0,51.899,0.000,51.894
"Tenant B (Online Queries)","GetSmall",1,0,47.294,0.000,47.288
"Tenant B (Online Queries)","GetSmall",1,0,49.739,0.000,49.735
"Tenant B (Online Queries)","GetSmall",1,0,51.988,0.000,51.985
"Tenant B (Online Queries)","GetSmall",1,0,43.855,0.000,43.849
"Tenant B (Online Queries)","GetSmall",1,0,44.177,0.000,44.174
"Tenant B (Online Queries)","GetSmall",1,0,50.021,0.000,50.008
"Tenant B (Online Queries)","GetSmall",1,0,52.364,0.000,52.362
"Tenant B (Online Queries)","GetSmall",1,0,44.021,0.000,44.018
"Tenant B (Online Queries)","GetSmall",1,0,44.625,0.000,44.614
"Tenant B (Online Queries)","GetSmall",1,0,45.831,0.000,45.828
"Tenant B (Online Queries)","GetLarge",1,0,97.139,0.000,97.130
"Tenant B (Online Queries)","GetSmall",1,0,47.161,0.000,47.154
"Tenant B (Online Queries)","GetSmall",1,0,47.731,0.000,47.729
"Tenant B (Online Queries)","GetSmall",1,0,50.571,0.000,50.568
"Tenant B (Online Queries)","GetSmall",1,0,51.842,0.000,51.834
"Tenant B (Online Queries)","GetSmall",1,0,51.993,0.000,51.991
"Tenant B (Online Queries)","GetSmall",1,0,47.823,0.000,47.820
"Tenant B (Online Queries)","GetSmall",1,0,46.260,0.000,46.256
"Tenant B (Online Queries)","GetSmall",1,0,52.998,0.000,52.990
"Tenant B (Online Queries)","GetLarge",1,0,100.820,0.000,100.815
"Tenant B (Online Queries)","GetSmall",1,0,47.387,0.000,47.382
"Tenant B (Online Queries)","GetSmall",1,0,52.369,0.000,52.365
"Tenant B (Online Queries)","GetSmall",1,0,47.518,0.000,47.514
"Tenant B (Online Queries)","GetSmall",1,0,48.994,0.000,48.992
"Tenant B (Online Queries)","GetSmall",1,0,45.461,0.000,45.458
"Tenant B (Online Queries)","GetLarge",1,0,101.379,0.000,101.376
"Tenant B (Online Queries)","GetLarge",1,0,110.940,0.000,110.935
"Tenant B (Online Queries)","GetSmall",1,0,47.391,0.000,47.387
"Tenant B (Online Queries)","GetSmall",1,0,52.813,0.000,52.810
"Tenant B (Online Queries)","GetSmall",1,0,53.306,0.000,53.303
"Tenant B (Online Queries)","GetLarge",1,0,105.135,0.000,105.129
"Tenant B (Online Queries)","GetSmall",1,0,49.550,0.000,49.548
"Tenant B (Online Queries)","GetLarge",1,0,107.046,0.000,107.044
"Tenant B (Online Queries)","GetSmall",1,0,47.844,0.000,47.838
"Tenant B (Online Queries)","GetSmall",1,0,46.005,0.000,46.000
"Tenant B (Online Queries)","GetSmall",1,0,52.192,0.000,52.189
"Tenant B (Online Queries)","GetSmall",1,0,47.449,0.000,47.444
"Tenant B (Online Queries)","GetSmall",1,0,48.011,0.000,48.006
"Tenant B (Online Queries)","GetSmall",1,0,47.764,0.000,47.762
"Tenant B (Online Queries)","GetSmall",1,0,46.291,0.000,46.289
"Tenant B (Online Queries)","GetSmall",1,0,49.614,0.000,49.608
"Tenant B (Online Queries)","GetSmall",1,0,45.461,0.000,45.441
"Tenant B (Online Queries)","GetSmall",1,0,53.246,0.000,53.242
"Tenant B (Online Queries)","GetLarge",1,0,102.294,0.000,102.290
"Tenant B (Online Queries)","GetSmall",1,0,47.436,0.000,47.434
"Tenant B (Online Queries)","GetSmall",1,0,49.946,0.000,49.944
"Tenant B (Online Queries)","GetSmall",1,0,54.472,0.000,54.469
"Tenant B (Online Queries)","GetSmall",1,0,46.896,0.000,46.891
"Tenant B (Online Queries)","GetSmall",1,0,44.004,0.000,44.002
"Tenant B (Online Queries)","GetSmall",1,0,43.711,0.000,43.707
"Tenant B (Online Queries)","GetSmall",1,0,46.177,0.000,46.174
"Tenant B (Online Queries)","GetSmall",1,0,47.482,0.000,47.469
"Tenant B (Online Queries)","GetSmall",1,0,52.711,0.000,52.700
"Tenant B (Online Queries)","GetLarge",1,0,103.234,0.000,103.231
"Tenant B (Online Queries)","GetSmall",1,0,45.219,0.000,45.216
"Tenant B (Online Queries)","GetSmall",1,0,45.486,0.000,45.481
"Tenant B (Online Queries)","GetSmall",1,0,45.940,0.000,45.936
"Tenant B (Online Queries)","GetSmall",1,0,49.268,0.000,49.264
"Tenant B (Online Queries)","GetSmall",1,0,44.789,0.000,44.753
"Tenant B (Online Queries)","GetSmall",1,0,48.788,0.000,48.779
"Tenant B (Online Queries)","GetSmall",1,0,50.943,0.001,50.933
"Tenant B (Online Queries)","GetSmall",1,0,44.479,0.000,44.476
"Tenant B (Online Queries)","GetSmall",1,0,51.068,0.000,51.064
"Tenant B (Online Queries)","GetSmall",1,0,49.784,0.000,49.781
"Tenant B (Online Queries)","GetSmall",1,0,44.997,0.000,44.995
"Tenant B (Online Queries)","GetSmall",1,0,49.668,0.000,49.665
"Tenant B (Online Queries)","GetSmall",1,0,46.230,0.000,46.227
"Tenant B (Online Queries)","GetSmall",1,0,50.813,0.000,50.799
"Tenant B (Online Queries)","GetSmall",1,0,44.232,0.000,44.225
"Tenant B (Online Queries)","GetSmall",1,0,49.462,0.000,49.458
"Tenant B (Online Queries)","GetSmall",1,0,51.880,0.000,51.878
"Tenant B (Online Queries)","GetSmall",1,0,46.451,0.000,46.448
"Tenant B (Online Queries)","GetSmall",1,0,47.220,0.000,47.217
"Tenant B (Online Queries)","GetSmall",1,0,47.493,0.001,47.489
"Tenant B (Online Queries)","GetLarge",1,0,110.182,0.000,110.173
"Tenant B (Online Queries)","GetLarge",1,0,92.317,0.000,92.312
"Tenant B (Online Queries)","GetSmall",1,0,50.069,0.000,50.067
"Tenant B (Online Queries)","GetSmall",1,0,45.992,0.000,45.988
"Tenant B (Online Queries)","GetSmall",1,0,44.513,0.000,44.510
"Tenant B (Online Queries)","GetSmall",1,0,51.861,0.000,51.857
"Tenant B (Online Queries)","GetSmall",1,0,44.560,0.000,44.557
"Tenant B (Online Queries)","GetSmall",1,0,49.377,0.000,49.375
"Tenant B (Online Queries)","GetLarge",1,0,103.963,0.000,103.953
"Tenant B (Online Queries)","GetLarge",1,0,105.135,0.000,105.128
"Tenant B (Online Queries)","GetLarge",1,0,97.788,0.000,97.785
"Tenant B (Online Queries)","GetLarge",1,0,96.038,0.001,96.027
"Tenant B (Online Queries)","GetLarge",1,0,106.447,0.000,106.438
"Tenant C (Liveness Probe)","ProbeHealth",1,0,39.244,0.000,39.239
"Tenant C (Liveness Probe)","ProbeHealth",1,0,38.544,0.002,38.520
"Tenant C (Liveness Probe)","ProbeHealth",1,0,42.884,0.000,42.882
"Tenant C (Liveness Probe)","ProbeHealth",1,0,40.996,0.001,40.977
"Tenant C (Liveness Probe)","ProbeHealth",1,0,9.483,0.001,9.468
"Tenant C (Liveness Probe)","ProbeHealth",1,0,10.517,0.001,10.508
"Tenant C (Liveness Probe)","ProbeHealth",1,0,9.246,0.002,9.241
"Tenant C (Liveness Probe)","ProbeHealth",1,0,9.371,0.001,9.339
"Tenant C (Liveness Probe)","ProbeHealth",1,0,9.414,0.000,9.396
"Tenant C (Liveness Probe)","ProbeHealth",1,0,9.946,0.000,9.943
"Tenant C (Liveness Probe)","ProbeHealth",1,0,8.505,0.000,8.501
"Tenant C (Liveness Probe)","ProbeHealth",1,0,9.057,0.000,9.055
"Tenant C (Liveness Probe)","ProbeHealth",1,0,9.700,0.001,9.688
"Tenant C (Liveness Probe)","ProbeHealth",1,0,8.500,0.000,8.496
"Tenant C (Liveness Probe)","ProbeHealth",1,0,10.753,0.001,10.748
"Tenant C (Liveness Probe)","ProbeHealth",1,0,10.321,0.001,10.315
"Tenant C (Liveness Probe)","ProbeHealth",1,0,10.140,0.000,10.137
"Tenant C (Liveness Probe)","ProbeHealth",1,0,37.047,0.000,37.044
"Tenant C (Liveness Probe)","ProbeHealth",1,0,41.630,0.000,41.621
"Tenant C (Liveness Probe)","ProbeHealth",1,0,39.784,0.000,39.782
"Tenant C (Liveness Probe)","ProbeHealth",1,0,36.655,0.000,36.652
"Tenant C (Liveness Probe)","ProbeHealth",1,0,40.434,0.000,40.431
"Tenant C (Liveness Probe)","ProbeHealth",1,0,9.381,0.001,9.377
"Tenant C (Liveness Probe)","ProbeHealth",1,0,9.385,0.000,9.382
"Tenant C (Liveness Probe)","ProbeHealth",1,0,9.417,0.000,9.413
"Tenant C (Liveness Probe)","ProbeHealth",1,0,8.326,0.000,8.324
"Tenant C (Liveness Probe)","ProbeHealth",1,0,10.594,0.000,10.590
"Tenant C (Liveness Probe)","ProbeHealth",1,0,9.261,0.000,9.258
"Tenant C (Liveness Probe)","ProbeHealth",1,0,9.851,0.000,9.847
"Tenant C (Liveness Probe)","ProbeHealth",1,0,10.291,0.002,10.275
"Tenant C (Liveness Probe)","ProbeHealth",1,0,10.601,0.000,10.598
"Tenant C (Liveness Probe)","ProbeHealth",1,0,8.610,0.000,8.606
"Tenant C (Liveness Probe)","ProbeHealth",1,0,10.276,0.000,10.259
"Tenant C (Liveness Probe)","ProbeHealth",1,0,9.721,0.000,9.717
"Tenant C (Liveness Probe)","ProbeHealth",1,0,10.397,0.000,10.395
"Tenant C (Liveness Probe)","ProbeHealth",1,0,40.542,0.000,40.536
