tenant,op,success,error_code,total_lat_ms,queue_lat_ms,backend_lat_ms
"Tier 1 (Gold SLA - Premium)","GetSmall",1,0,4.695,0.001,4.678
"Tier 1 (Gold SLA - Premium)","GetSmall",1,0,4.713,0.001,4.707
"Tier 1 (Gold SLA - Premium)","GetSmall",1,0,4.889,0.001,4.829
"Tier 1 (Gold SLA - Premium)","GetSmall",1,0,4.868,0.000,4.847
"Tier 1 (Gold SLA - Premium)","GetSmall",1,0,5.150,0.001,5.129
"Tier 1 (Gold SLA - Premium)","GetSmall",1,0,5.144,0.000,5.133
"Tier 1 (Gold SLA - Premium)","GetSmall",1,0,5.201,0.000,5.190
"Tier 1 (Gold SLA - Premium)","GetSmall",1,0,5.307,0.001,5.250
"Tier 1 (Gold SLA - Premium)","PutSmall",1,0,6.803,0.000,6.798
"Tier 1 (Gold SLA - Premium)","PutSmall",1,0,6.836,0.002,6.803
"Tier 1 (Gold SLA - Premium)","PutSmall",1,0,7.136,0.002,7.085
"Tier 1 (Gold SLA - Premium)","PutSmall",1,0,7.124,0.000,7.112
"Tier 1 (Gold SLA - Premium)","PutSmall",1,0,7.487,0.000,7.483
"Tier 1 (Gold SLA - Premium)","PutSmall",1,0,7.555,0.000,7.552
"Tier 1 (Gold SLA - Premium)","GetSmall",1,0,12.150,0.000,12.145
"Tier 1 (Gold SLA - Premium)","GetSmall",1,0,12.549,0.000,12.544
"Tier 1 (Gold SLA - Premium)","PutSmall",1,0,19.858,0.002,19.816
"Tier 1 (Gold SLA - Premium)","GetSmall",1,0,13.351,0.000,13.346
"Tier 1 (Gold SLA - Premium)","GetSmall",1,0,13.554,0.000,13.549
"Tier 1 (Gold SLA - Premium)","GetSmall",1,0,13.497,0.000,13.487
"Tier 1 (Gold SLA - Premium)","GetSmall",1,0,14.301,0.000,14.296
"Tier 1 (Gold SLA - Premium)","GetSmall",1,0,13.208,0.000,13.196
"Tier 1 (Gold SLA - Premium)","GetSmall",1,0,14.325,0.000,14.321
"Tier 1 (Gold SLA - Premium)","GetSmall",1,0,13.905,0.000,13.903
"Tier 1 (Gold SLA - Premium)","GetSmall",1,0,14.951,0.000,14.948
"Tier 1 (Gold SLA - Premium)","PutSmall",1,0,17.991,0.000,17.985
"Tier 1 (Gold SLA - Premium)","PutSmall",1,0,19.335,0.000,19.331
"Tier 1 (Gold SLA - Premium)","PutSmall",1,0,19.858,0.000,19.854
"Tier 1 (Gold SLA - Premium)","PutSmall",1,0,23.266,0.000,23.261
"Tier 1 (Gold SLA - Premium)","GetSmall",1,0,14.800,0.000,14.796
"Tier 1 (Gold SLA - Premium)","GetSmall",1,0,13.989,0.000,13.985
"Tier 1 (Gold SLA - Premium)","PutSmall",1,0,19.706,0.000,19.702
"Tier 1 (Gold SLA - Premium)","PutSmall",1,0,20.913,0.000,20.910
"Tier 1 (Gold SLA - Premium)","PutSmall",1,0,22.043,0.000,22.038
"Tier 1 (Gold SLA - Premium)","PutSmall",1,0,21.810,0.000,21.806
"Tier 1 (Gold SLA - Premium)","PutSmall",1,0,20.343,0.000,20.333
"Tier 1 (Gold SLA - Premium)","PutSmall",1,0,22.400,0.000,22.392
"Tier 1 (Gold SLA - Premium)","PutSmall",1,0,21.781,0.000,21.776
"Tier 1 (Gold SLA - Premium)","PutSmall",1,0,20.463,0.000,20.460
"Tier 1 (Gold SLA - Premium)","PutSmall",1,0,23.790,0.000,23.787
"Tier 1 (Gold SLA - Premium)","PutSmall",1,0,20.929,0.000,20.926
"Tier 1 (Gold SLA - Premium)","GetSmall",1,0,13.936,0.000,13.933
"Tier 1 (Gold SLA - Premium)","PutSmall",1,0,20.751,0.000,20.748
"Tier 1 (Gold SLA - Premium)","GetSmall",1,0,14.581,0.000,14.577
"Tier 1 (Gold SLA - Premium)","PutSmall",1,0,23.768,0.000,23.763
"Tier 1 (Gold SLA - Premium)","GetSmall",1,0,13.259,0.000,13.256
"Tier 1 (Gold SLA - Premium)","GetSmall",1,0,15.245,0.000,15.241
"Tier 1 (Gold SLA - Premium)","GetSmall",1,0,15.397,0.000,15.390
"Tier 1 (Gold SLA - Premium)","GetSmall",1,0,13.574,0.000,13.571
"Tier 1 (Gold SLA - Premium)","GetSmall",1,0,13.229,0.000,13.224
"Tier 1 (Gold SLA - Premium)","GetSmall",1,0,13.747,0.000,13.745
"Tier 1 (Gold SLA - Premium)","PutSmall",1,0,17.497,0.000,17.493
"Tier 1 (Gold SLA - Premium)","PutSmall",1,0,22.364,0.000,22.361
"Tier 1 (Gold SLA - Premium)","PutSmall",1,0,20.084,0.000,20.081
"Tier 1 (Gold SLA - Premium)","PutSmall",1,0,20.706,0.000,20.703
"Tier 1 (Gold SLA - Premium)","PutSmall",1,0,21.355,0.000,21.347
"Tier 1 (Gold SLA - Premium)","PutSmall",1,0,21.049,0.000,21.047
"Tier 1 (Gold SLA - Premium)","GetSmall",1,0,14.875,0.000,14.873
"Tier 1 (Gold SLA - Premium)","PutSmall",1,0,23.489,0.000,23.486
"Tier 1 (Gold SLA - Premium)","GetSmall",1,0,13.802,0.000,13.790
"Tier 1 (Gold SLA - Premium)","GetSmall",1,0,14.526,0.000,14.521
"Tier 1 (Gold SLA - Premium)","PutSmall",1,0,22.408,0.000,22.404
"Tier 1 (Gold SLA - Premium)","GetSmall",1,0,14.793,0.000,14.790
"Tier 1 (Gold SLA - Premium)","PutSmall",1,0,22.860,0.000,22.858
"Tier 1 (Gold SLA - Premium)","PutSmall",1,0,24.106,0.000,24.103
"Tier 1 (Gold SLA - Premium)","GetSmall",1,0,14.000,0.000,13.997
"Tier 1 (Gold SLA - Premium)","GetSmall",1,0,15.154,0.000,15.151
"Tier 1 (Gold SLA - Premium)","GetSmall",1,0,13.603,0.000,13.599
"Tier 1 (Gold SLA - Premium)","PutSmall",1,0,23.342,0.001,23.337
"Tier 1 (Gold SLA - Premium)","PutSmall",1,0,23.385,0.000,23.381
"Tier 1 (Gold SLA - Premium)","PutSmall",1,0,23.335,0.000,23.331
"Tier 1 (Gold SLA - Premium)","PutSmall",1,0,22.393,0.000,22.391
"Tier 1 (Gold SLA - Premium)","GetSmall",1,0,15.691,0.000,15.686
"Tier 1 (Gold SLA - Premium)","PutSmall",1,0,22.963,0.000,22.960
"Tier 1 (Gold SLA - Premium)","GetSmall",1,0,16.523,0.000,16.520
"Tier 1 (Gold SLA - Premium)","PutSmall",1,0,21.796,0.000,21.793
"Tier 1 (Gold SLA - Premium)","GetSmall",1,0,14.113,0.001,14.109
"Tier 1 (Gold SLA - Premium)","GetSmall",1,0,13.774,0.000,13.770
"Tier 1 (Gold SLA - Premium)","GetSmall",1,0,13.318,0.000,13.313
"Tier 1 (Gold SLA - Premium)","GetSmall",1,0,14.318,0.000,14.313
"Tier 1 (Gold SLA - Premium)","PutSmall",1,0,24.144,0.000,24.139
"Tier 1 (Gold SLA - Premium)","GetSmall",1,0,16.201,0.000,16.198
"Tier 1 (Gold SLA - Premium)","GetSmall",1,0,13.004,0.000,13.000
"Tier 1 (Gold SLA - Premium)","GetSmall",1,0,13.262,0.000,13.258
"Tier 1 (Gold SLA - Premium)","GetSmall",1,0,13.678,0.000,13.674
"Tier 1 (Gold SLA - Premium)","GetSmall",1,0,14.231,0.000,14.226
"Tier 1 (Gold SLA - Premium)","PutSmall",1,0,21.998,0.000,21.994
"Tier 1 (Gold SLA - Premium)","GetSmall",1,0,14.295,0.000,14.293
"Tier 1 (Gold SLA - Premium)","PutSmall",1,0,20.522,0.000,20.516
"Tier 1 (Gold SLA - Premium)","PutSmall",1,0,18.870,0.000,18.857
"Tier 1 (Gold SLA - Premium)","PutSmall",1,0,21.817,0.000,21.809
"Tier 1 (Gold SLA - Premium)","PutSmall",1,0,20.708,0.000,20.705
"Tier 1 (Gold SLA - Premium)","GetSmall",1,0,15.739,0.000,15.734
"Tier 1 (Gold SLA - Premium)","GetSmall",1,0,14.428,0.001,14.422
"Tier 1 (Gold SLA - Premium)","PutSmall",1,0,21.102,0.000,21.099
"Tier 1 (Gold SLA - Premium)","PutSmall",1,0,22.430,0.000,22.426
"Tier 1 (Gold SLA - Premium)","PutSmall",1,0,20.088,0.001,20.084
"Tier 1 (Gold SLA - Premium)","PutSmall",1,0,20.353,0.000,20.350
"Tier 1 (Gold SLA - Premium)","GetSmall",1,0,15.021,0.000,15.017
"Tier 1 (Gold SLA - Premium)","PutSmall",1,0,22.294,0.000,22.290
"Tier 1 (Gold SLA - Premium)","GetSmall",1,0,14.265,0.000,14.261
"Tier 1 (Gold SLA - Premium)","GetSmall",1,0,14.822,0.001,14.819
"Tier 1 (Gold SLA - Premium)","PutSmall",1,0,23.001,0.000,22.996
"Tier 1 (Gold SLA - Premium)","GetSmall",1,0,15.185,0.000,15.180
"Tier 1 (Gold SLA - Premium)","PutSmall",1,0,21.260,0.001,21.257
"Tier 1 (Gold SLA - Premium)","GetSmall",1,0,14.564,0.000,14.553
"Tier 1 (Gold SLA - Premium)","PutSmall",1,0,20.881,0.000,20.876
"Tier 1 (Gold SLA - Premium)","PutSmall",1,0,22.713,0.000,22.709
"Tier 1 (Gold SLA - Premium)","GetSmall",1,0,14.528,0.000,14.525
"Tier 1 (Gold SLA - Premium)","GetSmall",1,0,15.539,0.000,15.534
"Tier 1 (Gold SLA - Premium)","GetSmall",1,0,13.612,0.000,13.609
"Tier 1 (Gold SLA - Premium)","GetSmall",1,0,14.751,0.000,14.748
"Tier 1 (Gold SLA - Premium)","GetSmall",1,0,13.967,0.000,13.963
"Tier 1 (Gold SLA - Premium)","PutSmall",1,0,20.672,0.000,20.668
"Tier 1 (Gold SLA - Premium)","GetSmall",1,0,13.792,0.000,13.786
"Tier 1 (Gold SLA - Premium)","PutSmall",1,0,21.193,0.000,21.189
"Tier 1 (Gold SLA - Premium)","GetSmall",1,0,13.603,0.000,13.594
"Tier 1 (Gold SLA - Premium)","GetSmall",1,0,15.800,0.000,15.791
"Tier 1 (Gold SLA - Premium)","PutSmall",1,0,23.119,0.000,23.113
"Tier 1 (Gold SLA - Premium)","PutSmall",1,0,23.118,0.000,23.113
"Tier 1 (Gold SLA - Premium)","PutSmall",1,0,23.193,0.000,23.190
"Tier 1 (Gold SLA - Premium)","GetSmall",1,0,14.249,0.000,14.237
"Tier 1 (Gold SLA - Premium)","GetSmall",1,0,12.500,0.000,12.497
"Tier 1 (Gold SLA - Premium)","PutSmall",1,0,20.840,0.000,20.837
"Tier 1 (Gold SLA - Premium)","PutSmall",1,0,23.161,0.000,23.159
"Tier 1 (Gold SLA - Premium)","GetSmall",1,0,13.648,0.000,13.645
"Tier 1 (Gold SLA - Premium)","PutSmall",1,0,24.055,0.000,24.050
"Tier 1 (Gold SLA - Premium)","PutSmall",1,0,21.134,0.000,21.115
"Tier 1 (Gold SLA - Premium)","PutSmall",1,0,22.607,0.000,22.603
"Tier 1 (Gold SLA - Premium)","GetSmall",1,0,15.495,0.000,15.490
"Tier 1 (Gold SLA - Premium)","PutSmall",1,0,21.865,0.000,21.860
"Tier 1 (Gold SLA - Premium)","PutSmall",1,0,22.380,0.000,22.376
"Tier 1 (Gold SLA - Premium)","GetSmall",1,0,13.855,0.000,13.852
"Tier 1 (Gold SLA - Premium)","PutSmall",1,0,19.619,0.000,19.615
"Tier 1 (Gold SLA - Premium)","PutSmall",1,0,23.607,0.000,23.602
"Tier 1 (Gold SLA - Premium)","GetSmall",1,0,15.067,0.000,15.064
"Tier 1 (Gold SLA - Premium)","PutSmall",1,0,20.437,0.000,20.432
"Tier 1 (Gold SLA - Premium)","GetSmall",1,0,16.018,0.000,16.014
"Tier 1 (Gold SLA - Premium)","GetSmall",1,0,13.694,0.000,13.690
"Tier 1 (Gold SLA - Premium)","GetSmall",1,0,14.315,0.000,14.311
"Tier 1 (Gold SLA - Premium)","PutSmall",1,0,21.027,0.000,21.024
"Tier 1 (Gold SLA - Premium)","GetSmall",1,0,13.667,0.000,13.663
"Tier 1 (Gold SLA - Premium)","GetSmall",1,0,12.561,0.000,12.558
"Tier 1 (Gold SLA - Premium)","GetSmall",1,0,15.169,0.000,15.165
"Tier 1 (Gold SLA - Premium)","GetSmall",1,0,13.961,0.000,13.957
"Tier 1 (Gold SLA - Premium)","PutSmall",1,0,18.999,0.000,18.996
"Tier 1 (Gold SLA - Premium)","PutSmall",1,0,18.335,0.000,18.332
"Tier 1 (Gold SLA - Premium)","GetSmall",1,0,15.933,0.000,15.931
"Tier 1 (Gold SLA - Premium)","GetSmall",1,0,15.879,0.000,15.875
"Tier 1 (Gold SLA - Premium)","PutSmall",1,0,20.408,0.000,20.406
"Tier 1 (Gold SLA - Premium)","PutSmall",1,0,22.081,0.000,22.078
"Tier 1 (Gold SLA - Premium)","GetSmall",1,0,14.164,0.000,14.160
"Tier 1 (Gold SLA - Premium)","GetSmall",1,0,13.248,0.000,13.246
"Tier 1 (Gold SLA - Premium)","PutSmall",1,0,23.273,0.000,23.270
"Tier 1 (Gold SLA - Premium)","GetSmall",1,0,13.135,0.000,13.133
"Tier 1 (Gold SLA - Premium)","GetSmall",1,0,15.114,0.000,15.112
"Tier 1 (Gold SLA - Premium)","GetSmall",1,0,13.355,0.000,13.353
"Tier 1 (Gold SLA - Premium)","GetSmall",1,0,13.725,0.000,13.723
"Tier 1 (Gold SLA - Premium)","PutSmall",1,0,22.415,0.000,22.413
"Tier 1 (Gold SLA - Premium)","GetSmall",1,0,14.691,0.000,14.686
"Tier 1 (Gold SLA - Premium)","PutSmall",1,0,22.736,0.000,22.733
"Tier 1 (Gold SLA - Premium)","GetSmall",1,0,12.811,0.000,12.809
"Tier 1 (Gold SLA - Premium)","PutSmall",1,0,23.812,0.000,23.808
"Tier 1 (Gold SLA - Premium)","GetSmall",1,0,15.642,0.000,15.639
"Tier 1 (Gold SLA - Premium)","PutSmall",1,0,19.932,0.000,19.931
"Tier 1 (Gold SLA - Premium)","PutSmall",1,0,21.333,0.000,21.326
"Tier 1 (Gold SLA - Premium)","GetSmall",1,0,13.193,0.000,13.191
"Tier 1 (Gold SLA - Premium)","GetSmall",1,0,15.452,0.000,15.449
"Tier 1 (Gold SLA - Premium)","GetSmall",1,0,13.724,0.000,13.722
"Tier 1 (Gold SLA - Premium)","PutSmall",1,0,19.609,0.000,19.607
"Tier 1 (Gold SLA - Premium)","GetSmall",1,0,13.120,0.000,13.117
"Tier 1 (Gold SLA - Premium)","GetSmall",1,0,13.450,0.000,13.447
"Tier 1 (Gold SLA - Premium)","PutSmall",1,0,19.171,0.000,19.168
"Tier 1 (Gold SLA - Premium)","PutSmall",1,0,20.524,0.000,20.520
"Tier 1 (Gold SLA - Premium)","PutSmall",1,0,22.359,0.000,22.357
"Tier 1 (Gold SLA - Premium)","PutSmall",1,0,20.245,0.000,20.241
"Tier 1 (Gold SLA - Premium)","PutSmall",1,0,20.970,0.000,20.968
"Tier 1 (Gold SLA - Premium)","GetSmall",1,0,14.801,0.000,14.793
"Tier 1 (Gold SLA - Premium)","GetSmall",1,0,15.704,0.000,15.701
"Tier 1 (Gold SLA - Premium)","PutSmall",1,0,22.257,0.000,22.253
"Tier 1 (Gold SLA - Premium)","GetSmall",1,0,14.805,0.000,14.802
"Tier 1 (Gold SLA - Premium)","GetSmall",1,0,12.887,0.000,12.884
"Tier 1 (Gold SLA - Premium)","GetSmall",1,0,15.045,0.000,15.042
"Tier 1 (Gold SLA - Premium)","PutSmall",1,0,22.743,0.000,22.739
"Tier 1 (Gold SLA - Premium)","GetSmall",1,0,15.870,0.000,15.866
"Tier 1 (Gold SLA - Premium)","GetSmall",1,0,16.346,0.000,16.342
"Tier 1 (Gold SLA - Premium)","PutSmall",1,0,21.369,0.000,21.367
"Tier 1 (Gold SLA - Premium)","PutSmall",1,0,21.861,0.000,21.858
"Tier 1 (Gold SLA - Premium)","PutSmall",1,0,21.971,0.000,21.968
"Tier 1 (Gold SLA - Premium)","PutSmall",1,0,24.774,0.000,24.769
"Tier 1 (Gold SLA - Premium)","GetSmall",1,0,15.377,0.000,15.374
"Tier 1 (Gold SLA - Premium)","GetSmall",1,0,15.303,0.000,15.301
"Tier 1 (Gold SLA - Premium)","GetSmall",1,0,14.429,0.000,14.426
"Tier 1 (Gold SLA - Premium)","PutSmall",1,0,21.302,0.000,21.298
"Tier 1 (Gold SLA - Premium)","PutSmall",1,0,21.095,0.000,21.091
"Tier 1 (Gold SLA - Premium)","PutSmall",1,0,23.759,0.000,23.755
"Tier 1 (Gold SLA - Premium)","GetSmall",1,0,13.074,0.000,13.069
"Tier 1 (Gold SLA - Premium)","PutSmall",1,0,22.851,0.000,22.849
"Tier 1 (Gold SLA - Premium)","PutSmall",1,0,24.889,0.000,24.885
"Tier 1 (Gold SLA - Premium)","GetSmall",1,0,13.505,0.000,13.502
"Tier 1 (Gold SLA - Premium)","PutSmall",1,0,20.755,0.000,20.753
"Tier 1 (Gold SLA - Premium)","PutSmall",1,0,21.881,0.000,21.879
"Tier 1 (Gold SLA - Premium)","GetSmall",1,0,13.450,0.000,13.448
"Tier 1 (Gold SLA - Premium)","PutSmall",1,0,24.907,0.000,24.904
"Tier 1 (Gold SLA - Premium)","PutSmall",1,0,21.198,0.000,21.196
"Tier 1 (Gold SLA - Premium)","PutSmall",1,0,22.972,0.000,22.970
"Tier 1 (Gold SLA - Premium)","GetSmall",1,0,16.380,0.000,16.376
"Tier 1 (Gold SLA - Premium)","PutSmall",1,0,20.722,0.000,20.719
"Tier 1 (Gold SLA - Premium)","PutSmall",1,0,20.790,0.000,20.787
"Tier 1 (Gold SLA - Premium)","GetSmall",1,0,14.924,0.000,14.923
"Tier 1 (Gold SLA - Premium)","PutSmall",1,0,20.478,0.000,20.475
"Tier 1 (Gold SLA - Premium)","GetSmall",1,0,14.729,0.000,14.725
"Tier 1 (Gold SLA - Premium)","GetSmall",1,0,15.324,0.000,15.322
"Tier 1 (Gold SLA - Premium)","GetSmall",1,0,13.798,0.000,13.794
"Tier 1 (Gold SLA - Premium)","GetSmall",1,0,13.724,0.000,13.721
"Tier 1 (Gold SLA - Premium)","GetSmall",1,0,14.343,0.000,14.340
"Tier 1 (Gold SLA - Premium)","GetSmall",1,0,15.103,0.000,15.100
"Tier 1 (Gold SLA - Premium)","GetSmall",1,0,16.535,0.000,16.533
"Tier 1 (Gold SLA - Premium)","GetSmall",1,0,14.937,0.000,14.933
"Tier 1 (Gold SLA - Premium)","PutSmall",1,0,20.528,0.000,20.525
"Tier 1 (Gold SLA - Premium)","PutSmall",1,0,18.821,0.000,18.819
"Tier 1 (Gold SLA - Premium)","PutSmall",1,0,22.658,0.000,22.656
"Tier 1 (Gold SLA - Premium)","GetSmall",1,0,16.351,0.000,16.349
"Tier 1 (Gold SLA - Premium)","PutSmall",1,0,21.529,0.000,21.527
"Tier 1 (Gold SLA - Premium)","PutSmall",1,0,23.698,0.000,23.696
"Tier 1 (Gold SLA - Premium)","PutSmall",1,0,23.241,0.000,23.233
"Tier 1 (Gold SLA - Premium)","PutSmall",1,0,23.394,0.000,23.391
"Tier 1 (Gold SLA - Premium)","PutSmall",1,0,20.767,0.000,20.765
"Tier 1 (Gold SLA - Premium)","PutSmall",1,0,24.272,0.000,24.271
"Tier 1 (Gold SLA - Premium)","PutSmall",1,0,21.856,0.000,21.852
"Tier 1 (Gold SLA - Premium)","PutSmall",1,0,23.759,0.000,23.756
"Tier 1 (Gold SLA - Premium)","GetSmall",1,0,15.034,0.000,15.028
"Tier 1 (Gold SLA - Premium)","PutSmall",1,0,21.942,0.000,21.939
"Tier 1 (Gold SLA - Premium)","PutSmall",1,0,23.177,0.000,23.174
"Tier 1 (Gold SLA - Premium)","GetSmall",1,0,15.811,0.000,15.808
"Tier 1 (Gold SLA - Premium)","PutSmall",1,0,21.543,0.000,21.540
"Tier 1 (Gold SLA - Premium)","PutSmall",1,0,23.308,0.000,23.305
"Tier 1 (Gold SLA - Premium)","GetSmall",1,0,12.894,0.000,12.890
"Tier 1 (Gold SLA - Premium)","PutSmall",1,0,23.316,0.000,23.313
"Tier 1 (Gold SLA - Premium)","PutSmall",1,0,20.958,0.000,20.955
"Tier 1 (Gold SLA - Premium)","GetSmall",1,0,14.193,0.000,14.190
"Tier 1 (Gold SLA - Premium)","PutSmall",1,0,22.659,0.000,22.656
"Tier 1 (Gold SLA - Premium)","GetSmall",1,0,14.806,0.000,14.803
"Tier 1 (Gold SLA - Premium)","GetSmall",1,0,13.614,0.000,13.612
"Tier 1 (Gold SLA - Premium)","GetSmall",1,0,16.343,0.000,16.340
"Tier 1 (Gold SLA - Premium)","PutSmall",1,0,22.462,0.000,22.459
"Tier 1 (Gold SLA - Premium)","PutSmall",1,0,21.753,0.000,21.750
"Tier 1 (Gold SLA - Premium)","GetSmall",1,0,15.293,0.000,15.291
"Tier 1 (Gold SLA - Premium)","GetSmall",1,0,13.449,0.000,13.447
"Tier 1 (Gold SLA - Premium)","GetSmall",1,0,13.942,0.000,13.938
"Tier 1 (Gold SLA - Premium)","GetSmall",1,0,15.811,0.000,15.809
"Tier 1 (Gold SLA - Premium)","PutSmall",1,0,20.528,0.000,20.525
"Tier 1 (Gold SLA - Premium)","GetSmall",1,0,15.268,0.000,15.266
"Tier 1 (Gold SLA - Premium)","PutSmall",1,0,22.565,0.000,22.563
"Tier 1 (Gold SLA - Premium)","PutSmall",1,0,21.210,0.000,21.206
"Tier 1 (Gold SLA - Premium)","PutSmall",1,0,21.428,0.000,21.424
"Tier 1 (Gold SLA - Premium)","GetSmall",1,0,14.147,0.000,14.143
"Tier 1 (Gold SLA - Premium)","PutSmall",1,0,19.189,0.000,19.186
"Tier 1 (Gold SLA - Premium)","PutSmall",1,0,19.359,0.000,19.332
"Tier 1 (Gold SLA - Premium)","PutSmall",1,0,21.942,0.000,21.939
"Tier 1 (Gold SLA - Premium)","PutSmall",1,0,21.799,0.000,21.797
"Tier 1 (Gold SLA - Premium)","PutSmall",1,0,22.704,0.000,22.701
"Tier 1 (Gold SLA - Premium)","PutSmall",1,0,23.733,0.000,23.730
"Tier 1 (Gold SLA - Premium)","PutSmall",1,0,21.410,0.000,21.408
"Tier 1 (Gold SLA - Premium)","GetSmall",1,0,14.826,0.000,14.823
"Tier 1 (Gold SLA - Premium)","GetSmall",1,0,15.331,0.000,15.327
"Tier 1 (Gold SLA - Premium)","GetSmall",1,0,14.672,0.013,14.656
"Tier 1 (Gold SLA - Premium)","PutSmall",1,0,20.442,0.000,20.439
"Tier 1 (Gold SLA - Premium)","GetSmall",1,0,15.885,0.000,15.882
"Tier 1 (Gold SLA - Premium)","PutSmall",1,0,23.125,0.000,23.123
"Tier 1 (Gold SLA - Premium)","PutSmall",1,0,21.153,0.000,21.151
"Tier 1 (Gold SLA - Premium)","GetSmall",1,0,14.571,0.000,14.568
"Tier 1 (Gold SLA - Premium)","PutSmall",1,0,22.710,0.000,22.707
"Tier 1 (Gold SLA - Premium)","GetSmall",1,0,13.244,0.000,13.242
"Tier 1 (Gold SLA - Premium)","GetSmall",1,0,13.516,0.000,13.513
"Tier 1 (Gold SLA - Premium)","GetSmall",1,0,14.293,0.000,14.291
"Tier 1 (Gold SLA - Premium)","PutSmall",1,0,22.283,0.000,22.279
"Tier 1 (Gold SLA - Premium)","GetSmall",1,0,14.542,0.000,14.540
"Tier 1 (Gold SLA - Premium)","PutSmall",1,0,20.594,0.000,20.591
"Tier 1 (Gold SLA - Premium)","GetSmall",1,0,13.124,0.000,13.121
"Tier 1 (Gold SLA - Premium)","GetSmall",1,0,13.762,0.000,13.757
"Tier 1 (Gold SLA - Premium)","PutSmall",1,0,21.862,0.000,21.859
"Tier 1 (Gold SLA - Premium)","PutSmall",1,0,22.041,0.000,22.038
"Tier 1 (Gold SLA - Premium)","PutSmall",1,0,23.873,0.000,23.870
"Tier 1 (Gold SLA - Premium)","PutSmall",1,0,21.355,0.000,21.352
"Tier 1 (Gold SLA - Premium)","PutSmall",1,0,23.336,0.000,23.333
"Tier 1 (Gold SLA - Premium)","GetSmall",1,0,14.314,0.000,14.311
"Tier 1 (Gold SLA - Premium)","PutSmall",1,0,21.155,0.000,21.152
"Tier 1 (Gold SLA - Premium)","PutSmall",1,0,22.209,0.000,22.208
"Tier 1 (Gold SLA - Premium)","PutSmall",1,0,20.601,0.000,20.598
"Tier 1 (Gold SLA - Premium)","GetSmall",1,0,16.247,0.000,16.244
"Tier 1 (Gold SLA - Premium)","PutSmall",1,0,23.621,0.000,23.618
"Tier 1 (Gold SLA - Premium)","GetSmall",1,0,13.724,0.000,13.721
"Tier 1 (Gold SLA - Premium)","GetSmall",1,0,14.118,0.000,14.115
"Tier 1 (Gold SLA - Premium)","PutSmall",1,0,22.639,0.000,22.637
"Tier 1 (Gold SLA - Premium)","PutSmall",1,0,22.502,0.000,22.498
"Tier 1 (Gold SLA - Premium)","GetSmall",1,0,13.952,0.000,13.945
"Tier 1 (Gold SLA - Premium)","PutSmall",1,0,20.291,0.000,20.287
"Tier 1 (Gold SLA - Premium)","PutSmall",1,0,23.138,0.000,23.136
"Tier 1 (Gold SLA - Premium)","PutSmall",1,0,19.283,0.000,19.250
"Tier 1 (Gold SLA - Premium)","PutSmall",1,0,22.660,0.000,22.650
"Tier 1 (Gold SLA - Premium)","PutSmall",1,0,23.345,0.000,23.341
"Tier 1 (Gold SLA - Premium)","PutSmall",1,0,21.177,0.000,21.173
"Tier 1 (Gold SLA - Premium)","GetSmall",1,0,15.523,0.000,15.521
"Tier 1 (Gold SLA - Premium)","GetSmall",1,0,15.734,0.000,15.729
"Tier 1 (Gold SLA - Premium)","GetSmall",1,0,15.355,0.000,15.351
"Tier 1 (Gold SLA - Premium)","PutSmall",1,0,20.296,0.000,20.292
"Tier 1 (Gold SLA - Premium)","PutSmall",1,0,24.666,0.000,24.663
"Tier 1 (Gold SLA - Premium)","PutSmall",1,0,22.997,0.000,22.994
"Tier 1 (Gold SLA - Premium)","GetSmall",1,0,14.321,0.000,14.318
"Tier 1 (Gold SLA - Premium)","GetSmall",1,0,14.377,0.001,14.373
"Tier 1 (Gold SLA - Premium)","GetSmall",1,0,15.323,0.000,15.319
"Tier 1 (Gold SLA - Premium)","GetSmall",1,0,14.513,0.000,14.510
"Tier 1 (Gold SLA - Premium)","PutSmall",1,0,23.534,0.000,23.530
"Tier 1 (Gold SLA - Premium)","PutSmall",1,0,21.057,0.000,21.054
"Tier 1 (Gold SLA - Premium)","PutSmall",1,0,21.722,0.001,21.717
"Tier 1 (Gold SLA - Premium)","GetSmall",1,0,14.479,0.000,14.477
"Tier 1 (Gold SLA - Premium)","PutSmall",1,0,20.991,0.000,20.989
"Tier 1 (Gold SLA - Premium)","PutSmall",1,0,24.334,0.000,24.332
"Tier 1 (Gold SLA - Premium)","PutSmall",1,0,23.652,0.000,23.648
"Tier 1 (Gold SLA - Premium)","PutSmall",1,0,20.310,0.000,20.306
"Tier 1 (Gold SLA - Premium)","PutSmall",1,0,20.542,0.000,20.539
"Tier 1 (Gold SLA - Premium)","GetSmall",1,0,14.410,0.000,14.377
"Tier 1 (Gold SLA - Premium)","PutSmall",1,0,22.855,0.000,22.851
"Tier 1 (Gold SLA - Premium)","PutSmall",1,0,21.815,0.000,21.811
"Tier 1 (Gold SLA - Premium)","PutSmall",1,0,20.428,0.000,20.425
"Tier 1 (Gold SLA - Premium)","GetSmall",1,0,14.963,0.000,14.961
"Tier 1 (Gold SLA - Premium)","GetSmall",1,0,14.065,0.000,14.063
"Tier 1 (Gold SLA - Premium)","GetSmall",1,0,15.240,0.000,15.238
"Tier 1 (Gold SLA - Premium)","PutSmall",1,0,21.512,0.000,21.509
"Tier 1 (Gold SLA - Premium)","GetSmall",1,0,14.565,0.000,14.561
"Tier 1 (Gold SLA - Premium)","GetSmall",1,0,13.524,0.000,13.522
"Tier 1 (Gold SLA - Premium)","GetSmall",1,0,15.026,0.000,15.023
"Tier 1 (Gold SLA - Premium)","PutSmall",1,0,21.894,0.000,21.891
"Tier 1 (Gold SLA - Premium)","GetSmall",1,0,14.489,0.001,14.483
"Tier 1 (Gold SLA - Premium)","GetSmall",1,0,12.474,0.000,12.472
"Tier 1 (Gold SLA - Premium)","PutSmall",1,0,18.783,0.000,18.770
"Tier 1 (Gold SLA - Premium)","PutSmall",1,0,23.597,0.000,23.595
"Tier 1 (Gold SLA - Premium)","GetSmall",1,0,13.812,0.000,13.809
"Tier 1 (Gold SLA - Premium)","GetSmall",1,0,14.560,0.000,14.549
"Tier 1 (Gold SLA - Premium)","GetSmall",1,0,13.552,0.000,13.548
"Tier 1 (Gold SLA - Premium)","PutSmall",1,0,20.029,0.000,20.027
"Tier 1 (Gold SLA - Premium)","GetSmall",1,0,15.385,0.000,15.383
"Tier 1 (Gold SLA - Premium)","PutSmall",1,0,22.668,0.000,22.664
"Tier 1 (Gold SLA - Premium)","GetSmall",1,0,12.990,0.000,12.986
"Tier 1 (Gold SLA - Premium)","GetSmall",1,0,13.409,0.000,13.406
"Tier 1 (Gold SLA - Premium)","GetSmall",1,0,14.367,0.000,14.365
"Tier 1 (Gold SLA - Premium)","GetSmall",1,0,12.725,0.000,12.721
"Tier 1 (Gold SLA - Premium)","GetSmall",1,0,13.271,0.000,13.268
"Tier 1 (Gold SLA - Premium)","PutSmall",1,0,19.206,0.000,19.198
"Tier 1 (Gold SLA - Premium)","GetSmall",1,0,13.414,0.000,13.411
"Tier 1 (Gold SLA - Premium)","GetSmall",1,0,14.776,0.000,14.773
"Tier 1 (Gold SLA - Premium)","PutSmall",1,0,21.829,0.000,21.826
"Tier 1 (Gold SLA - Premium)","PutSmall",1,0,22.267,0.000,22.263
"Tier 1 (Gold SLA - Premium)","PutSmall",1,0,22.025,0.000,22.021
"Tier 1 (Gold SLA - Premium)","GetSmall",1,0,14.960,0.000,14.957
"Tier 1 (Gold SLA - Premium)","PutSmall",1,0,23.168,0.000,23.164
"Tier 1 (Gold SLA - Premium)","GetSmall",1,0,15.357,0.000,15.355
"Tier 1 (Gold SLA - Premium)","GetSmall",1,0,13.925,0.000,13.917
"Tier 1 (Gold SLA - Premium)","GetSmall",1,0,15.854,0.000,15.847
"Tier 1 (Gold SLA - Premium)","PutSmall",1,0,23.922,0.000,23.918
"Tier 1 (Gold SLA - Premium)","GetSmall",1,0,14.236,0.000,14.234
"Tier 1 (Gold SLA - Premium)","PutSmall",1,0,20.717,0.000,20.713
"Tier 1 (Gold SLA - Premium)","PutSmall",1,0,22.967,0.000,22.964
"Tier 1 (Gold SLA - Premium)","GetSmall",1,0,15.081,0.000,15.077
"Tier 1 (Gold SLA - Premium)","GetSmall",1,0,13.479,0.000,13.474
"Tier 1 (Gold SLA - Premium)","GetSmall",1,0,14.298,0.000,14.294
"Tier 1 (Gold SLA - Premium)","PutSmall",1,0,23.663,0.000,23.659
"Tier 1 (Gold SLA - Premium)","PutSmall",1,0,24.309,0.000,24.306
"Tier 1 (Gold SLA - Premium)","PutSmall",1,0,24.154,0.000,24.150
"Tier 1 (Gold SLA - Premium)","GetSmall",1,0,14.647,0.000,14.644
"Tier 1 (Gold SLA - Premium)","PutSmall",1,0,23.099,0.000,23.097
"Tier 1 (Gold SLA - Premium)","PutSmall",1,0,19.235,0.000,19.218
"Tier 1 (Gold SLA - Premium)","PutSmall",1,0,20.525,0.001,20.509
"Tier 1 (Gold SLA - Premium)","PutSmall",1,0,21.416,0.000,21.413
"Tier 1 (Gold SLA - Premium)","PutSmall",1,0,20.915,0.000,20.911
"Tier 1 (Gold SLA - Premium)","GetSmall",1,0,14.113,0.000,14.107
"Tier 1 (Gold SLA - Premium)","PutSmall",1,0,20.299,0.000,20.263
"Tier 1 (Gold SLA - Premium)","GetSmall",1,0,14.179,0.000,14.172
"Tier 1 (Gold SLA - Premium)","PutSmall",1,0,23.826,0.000,23.823
"Tier 1 (Gold SLA - Premium)","GetSmall",1,0,15.007,0.000,15.004
"Tier 1 (Gold SLA - Premium)","PutSmall",1,0,22.453,0.000,22.449
"Tier 1 (Gold SLA - Premium)","PutSmall",1,0,23.599,0.001,23.595
"Tier 1 (Gold SLA - Premium)","GetSmall",1,0,13.556,0.000,13.552
"Tier 1 (Gold SLA - Premium)","GetSmall",1,0,14.567,0.001,14.563
"Tier 1 (Gold SLA - Premium)","GetSmall",1,0,14.903,0.006,14.894
"Tier 1 (Gold SLA - Premium)","GetSmall",1,0,15.072,0.000,15.070
"Tier 1 (Gold SLA - Premium)","PutSmall",1,0,20.367,0.000,20.363
"Tier 1 (Gold SLA - Premium)","GetSmall",1,0,13.946,0.000,13.943
"Tier 1 (Gold SLA - Premium)","PutSmall",1,0,24.226,0.000,24.223
"Tier 1 (Gold SLA - Premium)","PutSmall",1,0,19.947,0.000,19.940
"Tier 1 (Gold SLA - Premium)","GetSmall",1,0,15.262,0.000,15.259
"Tier 1 (Gold SLA - Premium)","GetSmall",1,0,14.916,0.000,14.913
"Tier 1 (Gold SLA - Premium)","GetSmall",1,0,13.883,0.000,13.879
"Tier 1 (Gold SLA - Premium)","GetSmall",1,0,14.476,0.000,14.464
"Tier 1 (Gold SLA - Premium)","PutSmall",1,0,22.716,0.000,22.713
"Tier 1 (Gold SLA - Premium)","GetSmall",1,0,15.945,0.000,15.942
"Tier 1 (Gold SLA - Premium)","GetSmall",1,0,13.011,0.000,13.005
"Tier 1 (Gold SLA - Premium)","PutSmall",1,0,21.299,0.000,21.296
"Tier 1 (Gold SLA - Premium)","PutSmall",1,0,20.620,0.000,20.617
"Tier 1 (Gold SLA - Premium)","GetSmall",1,0,14.248,0.000,14.243
"Tier 1 (Gold SLA - Premium)","GetSmall",1,0,13.883,0.000,13.881
"Tier 1 (Gold SLA - Premium)","PutSmall",1,0,22.772,0.000,22.769
"Tier 1 (Gold SLA - Premium)","GetSmall",1,0,15.455,0.001,15.442
"Tier 1 (Gold SLA - Premium)","GetSmall",1,0,15.260,0.000,15.251
"Tier 1 (Gold SLA - Premium)","PutSmall",1,0,20.837,0.000,20.835
"Tier 1 (Gold SLA - Premium)","PutSmall",1,0,23.351,0.000,23.348
"Tier 1 (Gold SLA - Premium)","PutSmall",1,0,22.749,0.000,22.746
"Tier 1 (Gold SLA - Premium)","GetSmall",1,0,13.901,0.000,13.899
"Tier 1 (Gold SLA - Premium)","PutSmall",1,0,19.838,0.000,19.836
"Tier 1 (Gold SLA - Premium)","PutSmall",1,0,21.419,0.000,21.416
"Tier 1 (Gold SLA - Premium)","PutSmall",1,0,23.984,0.000,23.981
"Tier 1 (Gold SLA - Premium)","PutSmall",1,0,20.552,0.000,20.549
"Tier 1 (Gold SLA - Premium)","PutSmall",1,0,22.513,0.000,22.510
"Tier 1 (Gold SLA - Premium)","GetSmall",1,0,14.433,0.000,14.430
"Tier 1 (Gold SLA - Premium)","PutSmall",1,0,23.033,0.000,23.030
"Tier 1 (Gold SLA - Premium)","GetSmall",1,0,14.495,0.000,14.492
"Tier 1 (Gold SLA - Premium)","PutSmall",1,0,23.304,0.000,23.302
"Tier 1 (Gold SLA - Premium)","GetSmall",1,0,13.132,0.000,13.129
"Tier 1 (Gold SLA - Premium)","PutSmall",1,0,20.638,0.000,20.628
"Tier 1 (Gold SLA - Premium)","PutSmall",1,0,24.162,0.000,24.151
"Tier 1 (Gold SLA - Premium)","PutSmall",1,0,21.930,0.000,21.917
"Tier 1 (Gold SLA - Premium)","PutSmall",1,0,20.263,0.000,20.259
"Tier 1 (Gold SLA - Premium)","GetSmall",1,0,15.097,0.000,15.094
"Tier 1 (Gold SLA - Premium)","GetSmall",1,0,14.723,0.000,14.718
"Tier 1 (Gold SLA - Premium)","PutSmall",1,0,20.936,0.000,20.929
"Tier 1 (Gold SLA - Premium)","PutSmall",1,0,20.410,0.000,20.406
"Tier 1 (Gold SLA - Premium)","GetSmall",1,0,14.128,0.000,14.123
"Tier 1 (Gold SLA - Premium)","PutSmall",1,0,21.834,0.000,21.831
"Tier 1 (Gold SLA - Premium)","PutSmall",1,0,21.310,0.000,21.307
"Tier 1 (Gold SLA - Premium)","PutSmall",1,0,21.255,0.000,21.251
"Tier 1 (Gold SLA - Premium)","GetSmall",1,0,15.076,0.000,15.068
"Tier 1 (Gold SLA - Premium)","PutSmall",1,0,22.559,0.000,22.550
"Tier 1 (Gold SLA - Premium)","PutSmall",1,0,21.515,0.000,21.505
"Tier 1 (Gold SLA - Premium)","PutSmall",1,0,19.985,0.000,19.976
"Tier 1 (Gold SLA - Premium)","PutSmall",1,0,22.093,0.000,22.090
"Tier 1 (Gold SLA - Premium)","GetSmall",1,0,14.851,0.000,14.847
"Tier 1 (Gold SLA - Premium)","GetSmall",1,0,13.272,0.000,13.266
"Tier 1 (Gold SLA - Premium)","GetSmall",1,0,13.259,0.000,13.256
"Tier 1 (Gold SLA - Premium)","PutSmall",1,0,23.056,0.000,23.051
"Tier 1 (Gold SLA - Premium)","PutSmall",1,0,22.163,0.000,22.160
"Tier 1 (Gold SLA - Premium)","GetSmall",1,0,15.216,0.000,15.213
"Tier 1 (Gold SLA - Premium)","PutSmall",1,0,22.057,0.000,22.036
"Tier 1 (Gold SLA - Premium)","PutSmall",1,0,23.881,0.000,23.878
"Tier 1 (Gold SLA - Premium)","GetSmall",1,0,13.345,0.000,13.342
"Tier 1 (Gold SLA - Premium)","PutSmall",1,0,22.505,0.000,22.502
"Tier 1 (Gold SLA - Premium)","GetSmall",1,0,14.400,0.000,14.397
"Tier 1 (Gold SLA - Premium)","GetSmall",1,0,15.147,0.000,15.122
"Tier 1 (Gold SLA - Premium)","GetSmall",1,0,14.218,0.000,14.194
"Tier 1 (Gold SLA - Premium)","GetSmall",1,0,14.094,0.000,14.092
"Tier 1 (Gold SLA - Premium)","PutSmall",1,0,21.381,0.000,21.379
"Tier 1 (Gold SLA - Premium)","GetSmall",1,0,15.186,0.000,15.183
"Tier 1 (Gold SLA - Premium)","PutSmall",1,0,20.166,0.000,20.164
"Tier 1 (Gold SLA - Premium)","GetSmall",1,0,15.545,0.001,15.541
"Tier 1 (Gold SLA - Premium)","PutSmall",1,0,20.501,0.000,20.497
"Tier 1 (Gold SLA - Premium)","GetSmall",1,0,15.327,0.000,15.323
"Tier 1 (Gold SLA - Premium)","GetSmall",1,0,15.822,0.000,15.819
"Tier 1 (Gold SLA - Premium)","PutSmall",1,0,22.849,0.000,22.847
"Tier 1 (Gold SLA - Premium)","GetSmall",1,0,15.515,0.000,15.512
"Tier 1 (Gold SLA - Premium)","GetSmall",1,0,13.094,0.000,13.092
"Tier 1 (Gold SLA - Premium)","GetSmall",1,0,13.181,0.000,13.178
"Tier 1 (Gold SLA - Premium)","GetSmall",1,0,13.288,0.000,13.285
"Tier 1 (Gold SLA - Premium)","PutSmall",1,0,19.688,0.001,19.683
"Tier 1 (Gold SLA - Premium)","PutSmall",1,0,19.683,0.000,19.680
"Tier 1 (Gold SLA - Premium)","GetSmall",1,0,15.318,0.000,15.315
"Tier 1 (Gold SLA - Premium)","PutSmall",1,0,20.445,0.000,20.442
"Tier 1 (Gold SLA - Premium)","PutSmall",1,0,21.785,0.000,21.782
"Tier 1 (Gold SLA - Premium)","PutSmall",1,0,22.158,0.000,22.156
"Tier 1 (Gold SLA - Premium)","PutSmall",1,0,21.620,0.000,21.618
"Tier 1 (Gold SLA - Premium)","PutSmall",1,0,21.250,0.000,21.234
"Tier 1 (Gold SLA - Premium)","GetSmall",1,0,15.469,0.000,15.467
"Tier 1 (Gold SLA - Premium)","PutSmall",1,0,21.695,0.000,21.683
"Tier 1 (Gold SLA - Premium)","GetSmall",1,0,14.109,0.000,14.106
"Tier 1 (Gold SLA - Premium)","PutSmall",1,0,24.185,0.000,24.182
"Tier 1 (Gold SLA - Premium)","GetSmall",1,0,15.697,0.000,15.693
"Tier 1 (Gold SLA - Premium)","GetSmall",1,0,13.761,0.000,13.758
"Tier 1 (Gold SLA - Premium)","GetSmall",1,0,14.254,0.000,14.251
"Tier 1 (Gold SLA - Premium)","PutSmall",1,0,22.971,0.000,22.968
"Tier 1 (Gold SLA - Premium)","GetSmall",1,0,14.603,0.000,14.600
"Tier 1 (Gold SLA - Premium)","GetSmall",1,0,13.792,0.000,13.788
"Tier 1 (Gold SLA - Premium)","PutSmall",1,0,20.318,0.000,20.310
"Tier 1 (Gold SLA - Premium)","PutSmall",1,0,20.979,0.000,20.975
"Tier 1 (Gold SLA - Premium)","GetSmall",1,0,14.484,0.000,14.450
"Tier 1 (Gold SLA - Premium)","PutSmall",1,0,20.254,0.000,20.224
"Tier 1 (Gold SLA - Premium)","GetSmall",1,0,13.383,0.000,13.375
"Tier 1 (Gold SLA - Premium)","GetSmall",1,0,13.709,0.000,13.706
"Tier 1 (Gold SLA - Premium)","GetSmall",1,0,15.059,0.000,15.056
"Tier 1 (Gold SLA - Premium)","GetSmall",1,0,13.604,0.000,13.599
"Tier 1 (Gold SLA - Premium)","PutSmall",1,0,20.525,0.000,20.521
"Tier 1 (Gold SLA - Premium)","PutSmall",1,0,21.699,0.000,21.695
"Tier 1 (Gold SLA - Premium)","GetSmall",1,0,13.725,0.000,13.723
"Tier 1 (Gold SLA - Premium)","GetSmall",1,0,14.558,0.000,14.555
"Tier 1 (Gold SLA - Premium)","GetSmall",1,0,14.865,0.001,14.861
"Tier 1 (Gold SLA - Premium)","PutSmall",1,0,19.170,0.000,19.166
"Tier 1 (Gold SLA - Premium)","PutSmall",1,0,19.279,0.000,19.276
"Tier 1 (Gold SLA - Premium)","GetSmall",1,0,15.668,0.000,15.663
"Tier 1 (Gold SLA - Premium)","PutSmall",1,0,22.837,0.000,22.834
"Tier 1 (Gold SLA - Premium)","GetSmall",1,0,15.366,0.000,15.356
"Tier 1 (Gold SLA - Premium)","PutSmall",1,0,19.447,0.000,19.442
"Tier 1 (Gold SLA - Premium)","PutSmall",1,0,21.606,0.000,21.602
"Tier 1 (Gold SLA - Premium)","GetSmall",1,0,14.912,0.000,14.909
"Tier 1 (Gold SLA - Premium)","GetSmall",1,0,15.175,0.000,15.171
"Tier 1 (Gold SLA - Premium)","PutSmall",1,0,22.848,0.000,22.844
"Tier 1 (Gold SLA - Premium)","PutSmall",1,0,21.894,0.000,21.880
"Tier 1 (Gold SLA - Premium)","GetSmall",1,0,15.486,0.000,15.478
"Tier 1 (Gold SLA - Premium)","PutSmall",1,0,24.233,0.000,24.230
"Tier 1 (Gold SLA - Premium)","PutSmall",1,0,19.630,0.000,19.627
"Tier 1 (Gold SLA - Premium)","GetSmall",1,0,15.409,0.000,15.407
"Tier 1 (Gold SLA - Premium)","GetSmall",1,0,15.554,0.000,15.550
"Tier 1 (Gold SLA - Premium)","GetSmall",1,0,14.576,0.000,14.572
"Tier 1 (Gold SLA - Premium)","PutSmall",1,0,20.324,0.000,20.320
"Tier 1 (Gold SLA - Premium)","GetSmall",1,0,13.190,0.000,13.186
"Tier 1 (Gold SLA - Premium)","PutSmall",1,0,20.190,0.000,20.187
"Tier 1 (Gold SLA - Premium)","PutSmall",1,0,19.665,0.000,19.661
"Tier 1 (Gold SLA - Premium)","PutSmall",1,0,20.766,0.000,20.762
"Tier 1 (Gold SLA - Premium)","PutSmall",1,0,23.592,0.000,23.590
"Tier 1 (Gold SLA - Premium)","PutSmall",1,0,21.489,0.000,21.485
"Tier 1 (Gold SLA - Premium)","GetSmall",1,0,14.062,0.000,14.059
"Tier 1 (Gold SLA - Premium)","PutSmall",1,0,20.923,0.000,20.918
"Tier 1 (Gold SLA - Premium)","GetSmall",1,0,16.644,0.000,16.641
"Tier 1 (Gold SLA - Premium)","GetSmall",1,0,14.141,0.000,14.139
"Tier 1 (Gold SLA - Premium)","PutSmall",1,0,22.600,0.000,22.596
"Tier 1 (Gold SLA - Premium)","PutSmall",1,0,22.685,0.000,22.676
"Tier 1 (Gold SLA - Premium)","GetSmall",1,0,14.153,0.000,14.151
"Tier 1 (Gold SLA - Premium)","PutSmall",1,0,22.356,0.000,22.352
"Tier 1 (Gold SLA - Premium)","GetSmall",1,0,14.628,0.000,14.625
"Tier 1 (Gold SLA - Premium)","GetSmall",1,0,15.255,0.000,15.253
"Tier 1 (Gold SLA - Premium)","GetSmall",1,0,14.661,0.000,14.657
"Tier 1 (Gold SLA - Premium)","PutSmall",1,0,22.428,0.000,22.424
"Tier 1 (Gold SLA - Premium)","PutSmall",1,0,21.239,0.000,21.236
"Tier 1 (Gold SLA - Premium)","PutSmall",1,0,20.338,0.000,20.336
"Tier 1 (Gold SLA - Premium)","GetSmall",1,0,14.129,0.000,14.126
"Tier 1 (Gold SLA - Premium)","GetSmall",1,0,14.863,0.000,14.857
"Tier 1 (Gold SLA - Premium)","GetSmall",1,0,13.430,0.000,13.428
"Tier 1 (Gold SLA - Premium)","GetSmall",1,0,13.411,0.000,13.407
"Tier 1 (Gold SLA - Premium)","PutSmall",1,0,25.102,0.000,25.098
"Tier 1 (Gold SLA - Premium)","GetSmall",1,0,14.028,0.000,14.026
"Tier 1 (Gold SLA - Premium)","PutSmall",1,0,22.652,0.000,22.649
"Tier 1 (Gold SLA - Premium)","PutSmall",1,0,22.987,0.000,22.985
"Tier 1 (Gold SLA - Premium)","PutSmall",1,0,21.754,0.000,21.752
"Tier 1 (Gold SLA - Premium)","PutSmall",1,0,23.595,0.000,23.592
"Tier 1 (Gold SLA - Premium)","PutSmall",1,0,23.537,0.000,23.534
"Tier 1 (Gold SLA - Premium)","GetSmall",1,0,15.053,0.000,15.050
"Tier 1 (Gold SLA - Premium)","PutSmall",1,0,21.324,0.000,21.314
"Tier 1 (Gold SLA - Premium)","GetSmall",1,0,16.483,0.000,16.480
"Tier 1 (Gold SLA - Premium)","PutSmall",1,0,20.276,0.000,20.273
"Tier 1 (Gold SLA - Premium)","PutSmall",1,0,22.183,0.000,22.180
"Tier 1 (Gold SLA - Premium)","PutSmall",1,0,22.279,0.000,22.276
"Tier 1 (Gold SLA - Premium)","GetSmall",1,0,15.525,0.000,15.523
"Tier 1 (Gold SLA - Premium)","GetSmall",1,0,14.991,0.000,14.988
"Tier 1 (Gold SLA - Premium)","GetSmall",1,0,15.376,0.000,15.372
"Tier 1 (Gold SLA - Premium)","PutSmall",1,0,20.251,0.000,20.248
"Tier 1 (Gold SLA - Premium)","PutSmall",1,0,23.369,0.000,23.367
"Tier 1 (Gold SLA - Premium)","GetSmall",1,0,13.082,0.000,13.080
"Tier 1 (Gold SLA - Premium)","PutSmall",1,0,19.806,0.000,19.803
"Tier 1 (Gold SLA - Premium)","PutSmall",1,0,21.475,0.000,21.473
"Tier 1 (Gold SLA - Premium)","PutSmall",1,0,23.596,0.000,23.593
"Tier 1 (Gold SLA - Premium)","PutSmall",1,0,25.111,0.000,25.108
"Tier 1 (Gold SLA - Premium)","GetSmall",1,0,15.495,0.000,15.492
"Tier 1 (Gold SLA - Premium)","GetSmall",1,0,13.220,0.000,13.217
"Tier 1 (Gold SLA - Premium)","PutSmall",1,0,23.124,0.000,23.122
"Tier 1 (Gold SLA - Premium)","PutSmall",1,0,23.527,0.000,23.525
"Tier 1 (Gold SLA - Premium)","PutSmall",1,0,20.656,0.000,20.653
"Tier 1 (Gold SLA - Premium)","GetSmall",1,0,15.662,0.000,15.660
"Tier 1 (Gold SLA - Premium)","PutSmall",1,0,22.104,0.000,22.103
"Tier 1 (Gold SLA - Premium)","PutSmall",1,0,23.018,0.000,23.014
"Tier 1 (Gold SLA - Premium)","PutSmall",1,0,23.708,0.000,23.705
"Tier 1 (Gold SLA - Premium)","PutSmall",1,0,24.313,0.000,24.311
"Tier 1 (Gold SLA - Premium)","PutSmall",1,0,22.259,0.000,22.257
"Tier 1 (Gold SLA - Premium)","PutSmall",1,0,24.117,0.000,24.115
"Tier 1 (Gold SLA - Premium)","GetSmall",1,0,15.558,0.000,15.554
"Tier 1 (Gold SLA - Premium)","PutSmall",1,0,23.864,0.000,23.862
"Tier 1 (Gold SLA - Premium)","PutSmall",1,0,24.476,0.000,24.473
"Tier 1 (Gold SLA - Premium)","PutSmall",1,0,20.059,0.000,20.056
"Tier 1 (Gold SLA - Premium)","PutSmall",1,0,20.932,0.000,20.929
"Tier 1 (Gold SLA - Premium)","PutSmall",1,0,19.405,0.000,19.403
"Tier 1 (Gold SLA - Premium)","PutSmall",1,0,19.585,0.000,19.583
"Tier 1 (Gold SLA - Premium)","PutSmall",1,0,22.889,0.000,22.887
"Tier 1 (Gold SLA - Premium)","GetSmall",1,0,14.215,0.000,14.212
"Tier 1 (Gold SLA - Premium)","PutSmall",1,0,23.251,0.000,23.247
"Tier 1 (Gold SLA - Premium)","PutSmall",1,0,23.494,0.000,23.492
"Tier 1 (Gold SLA - Premium)","GetSmall",1,0,14.944,0.000,14.941
"Tier 1 (Gold SLA - Premium)","GetSmall",1,0,13.293,0.000,13.291
"Tier 1 (Gold SLA - Premium)","PutSmall",1,0,24.318,0.000,24.309
"Tier 1 (Gold SLA - Premium)","PutSmall",1,0,20.747,0.000,20.745
"Tier 1 (Gold SLA - Premium)","GetSmall",1,0,14.118,0.000,14.115
"Tier 1 (Gold SLA - Premium)","GetSmall",1,0,13.703,0.000,13.702
"Tier 1 (Gold SLA - Premium)","PutSmall",1,0,24.173,0.000,24.171
"Tier 1 (Gold SLA - Premium)","GetSmall",1,0,13.314,0.000,13.307
"Tier 1 (Gold SLA - Premium)","PutSmall",1,0,20.784,0.000,20.776
"Tier 1 (Gold SLA - Premium)","PutSmall",1,0,21.396,0.000,21.393
"Tier 1 (Gold SLA - Premium)","PutSmall",1,0,22.281,0.000,22.280
"Tier 1 (Gold SLA - Premium)","GetSmall",1,0,14.301,0.000,14.298
"Tier 1 (Gold SLA - Premium)","PutSmall",1,0,23.307,0.000,23.304
"Tier 1 (Gold SLA - Premium)","GetSmall",1,0,13.754,0.000,13.752
"Tier 1 (Gold SLA - Premium)","GetSmall",1,0,15.194,0.000,15.192
"Tier 1 (Gold SLA - Premium)","PutSmall",1,0,22.158,0.000,22.150
"Tier 1 (Gold SLA - Premium)","PutSmall",1,0,24.490,0.000,24.486
"Tier 1 (Gold SLA - Premium)","PutSmall",1,0,20.686,0.000,20.683
"Tier 1 (Gold SLA - Premium)","GetSmall",1,0,13.754,0.000,13.750
"Tier 1 (Gold SLA - Premium)","GetSmall",1,0,16.238,0.000,16.236
"Tier 1 (Gold SLA - Premium)","PutSmall",1,0,22.214,0.000,22.211
"Tier 1 (Gold SLA - Premium)","PutSmall",1,0,19.406,0.000,19.402
"Tier 1 (Gold SLA - Premium)","PutSmall",1,0,23.397,0.000,23.396
"Tier 1 (Gold SLA - Premium)","PutSmall",1,0,23.120,0.000,23.118
"Tier 1 (Gold SLA - Premium)","GetSmall",1,0,13.722,0.000,13.719
"Tier 1 (Gold SLA - Premium)","GetSmall",1,0,14.791,0.000,14.789
"Tier 1 (Gold SLA - Premium)","GetSmall",1,0,16.167,0.000,16.160
"Tier 1 (Gold SLA - Premium)","PutSmall",1,0,21.215,0.000,21.212
"Tier 1 (Gold SLA - Premium)","GetSmall",1,0,14.977,0.000,14.974
"Tier 1 (Gold SLA - Premium)","PutSmall",1,0,22.415,0.000,22.413
"Tier 1 (Gold SLA - Premium)","GetSmall",1,0,12.668,0.000,12.664
"Tier 1 (Gold SLA - Premium)","GetSmall",1,0,14.225,0.000,14.221
"Tier 1 (Gold SLA - Premium)","PutSmall",1,0,24.387,0.000,24.383
"Tier 1 (Gold SLA - Premium)","GetSmall",1,0,14.426,0.000,14.423
"Tier 1 (Gold SLA - Premium)","PutSmall",1,0,22.071,0.000,22.067
"Tier 1 (Gold SLA - Premium)","PutSmall",1,0,21.540,0.000,21.537
"Tier 1 (Gold SLA - Premium)","GetSmall",1,0,14.155,0.000,14.153
"Tier 1 (Gold SLA - Premium)","PutSmall",1,0,21.457,0.000,21.454
"Tier 1 (Gold SLA - Premium)","GetSmall",1,0,16.185,0.000,16.184
"Tier 1 (Gold SLA - Premium)","PutSmall",1,0,21.977,0.000,21.975
"Tier 1 (Gold SLA - Premium)","PutSmall",1,0,23.161,0.000,23.160
"Tier 1 (Gold SLA - Premium)","GetSmall",1,0,15.816,0.000,15.813
"Tier 1 (Gold SLA - Premium)","PutSmall",1,0,24.933,0.000,24.930
"Tier 1 (Gold SLA - Premium)","GetSmall",1,0,13.850,0.000,13.847
"Tier 1 (Gold SLA - Premium)","PutSmall",1,0,22.046,0.000,22.043
"Tier 1 (Gold SLA - Premium)","PutSmall",1,0,20.616,0.000,20.613
"Tier 1 (Gold SLA - Premium)","GetSmall",1,0,14.117,0.000,14.115
"Tier 1 (Gold SLA - Premium)","GetSmall",1,0,15.007,0.000,15.004
"Tier 1 (Gold SLA - Premium)","GetSmall",1,0,14.695,0.000,14.683
"Tier 1 (Gold SLA - Premium)","PutSmall",1,0,22.236,0.000,22.234
"Tier 1 (Gold SLA - Premium)","GetSmall",1,0,13.609,0.000,13.606
"Tier 1 (Gold SLA - Premium)","GetSmall",1,0,15.091,0.000,15.089
"Tier 1 (Gold SLA - Premium)","PutSmall",1,0,21.412,0.000,21.410
"Tier 1 (Gold SLA - Premium)","GetSmall",1,0,15.420,0.000,15.418
"Tier 1 (Gold SLA - Premium)","GetSmall",1,0,13.852,0.000,13.850
"Tier 1 (Gold SLA - Premium)","GetSmall",1,0,14.047,0.000,14.044
"Tier 1 (Gold SLA - Premium)","PutSmall",1,0,22.695,0.000,22.693
"Tier 1 (Gold SLA - Premium)","PutSmall",1,0,22.270,0.000,22.267
"Tier 1 (Gold SLA - Premium)","GetSmall",1,0,14.356,0.000,14.353
"Tier 1 (Gold SLA - Premium)","GetSmall",1,0,15.886,0.000,15.883
"Tier 1 (Gold SLA - Premium)","GetSmall",1,0,15.784,0.000,15.782
"Tier 1 (Gold SLA - Premium)","GetSmall",1,0,14.164,0.000,14.161
"Tier 1 (Gold SLA - Premium)","PutSmall",1,0,24.019,0.000,24.017
"Tier 1 (Gold SLA - Premium)","PutSmall",1,0,22.472,0.000,22.445
"Tier 1 (Gold SLA - Premium)","PutSmall",1,0,20.597,0.000,20.588
"Tier 1 (Gold SLA - Premium)","GetSmall",1,0,16.114,0.000,16.110
"Tier 1 (Gold SLA - Premium)","GetSmall",1,0,16.292,0.000,16.286
"Tier 1 (Gold SLA - Premium)","PutSmall",1,0,21.673,0.000,21.671
"Tier 1 (Gold SLA - Premium)","GetSmall",1,0,14.434,0.000,14.431
"Tier 1 (Gold SLA - Premium)","PutSmall",1,0,22.364,0.000,22.361
"Tier 1 (Gold SLA - Premium)","GetSmall",1,0,14.524,0.000,14.521
"Tier 1 (Gold SLA - Premium)","PutSmall",1,0,22.113,0.000,22.110
"Tier 1 (Gold SLA - Premium)","PutSmall",1,0,22.024,0.000,22.011
"Tier 1 (Gold SLA - Premium)","GetSmall",1,0,14.757,0.000,14.754
"Tier 1 (Gold SLA - Premium)","GetSmall",1,0,12.546,0.000,12.541
"Tier 1 (Gold SLA - Premium)","PutSmall",1,0,21.660,0.000,21.659
"Tier 1 (Gold SLA - Premium)","GetSmall",1,0,14.635,0.000,14.631
"Tier 1 (Gold SLA - Premium)","GetSmall",1,0,15.618,0.000,15.614
"Tier 1 (Gold SLA - Premium)","PutSmall",1,0,20.166,0.000,20.162
"Tier 1 (Gold SLA - Premium)","GetSmall",1,0,12.762,0.000,12.758
"Tier 1 (Gold SLA - Premium)","PutSmall",1,0,19.898,0.000,19.893
"Tier 1 (Gold SLA - Premium)","GetSmall",1,0,14.923,0.000,14.920
"Tier 1 (Gold SLA - Premium)","GetSmall",1,0,14.352,0.000,14.350
"Tier 1 (Gold SLA - Premium)","PutSmall",1,0,21.512,0.000,21.508
"Tier 1 (Gold SLA - Premium)","GetSmall",1,0,13.099,0.000,13.095
"Tier 1 (Gold SLA - Premium)","GetSmall",1,0,14.297,0.000,14.293
"Tier 1 (Gold SLA - Premium)","GetSmall",1,0,13.999,0.000,13.996
"Tier 1 (Gold SLA - Premium)","GetSmall",1,0,14.044,0.000,14.039
"Tier 1 (Gold SLA - Premium)","PutSmall",1,0,20.631,0.000,20.626
"Tier 1 (Gold SLA - Premium)","GetSmall",1,0,15.911,0.000,15.908
"Tier 1 (Gold SLA - Premium)","PutSmall",1,0,23.990,0.000,23.985
"Tier 1 (Gold SLA - Premium)","GetSmall",1,0,15.382,0.000,15.380
"Tier 1 (Gold SLA - Premium)","GetSmall",1,0,14.717,0.000,14.713
"Tier 1 (Gold SLA - Premium)","GetSmall",1,0,15.908,0.000,15.904
"Tier 1 (Gold SLA - Premium)","GetSmall",1,0,15.314,0.000,15.312
"Tier 1 (Gold SLA - Premium)","PutSmall",1,0,23.263,0.000,23.261
"Tier 1 (Gold SLA - Premium)","GetSmall",1,0,13.806,0.000,13.803
"Tier 1 (Gold SLA - Premium)","GetSmall",1,0,15.540,0.000,15.528
"Tier 1 (Gold SLA - Premium)","PutSmall",1,0,23.574,0.000,23.515
"Tier 1 (Gold SLA - Premium)","PutSmall",1,0,20.944,0.000,20.936
"Tier 1 (Gold SLA - Premium)","GetSmall",1,0,15.545,0.000,15.537
"Tier 1 (Gold SLA - Premium)","GetSmall",1,0,14.544,0.000,14.539
"Tier 1 (Gold SLA - Premium)","PutSmall",1,0,22.008,0.000,22.005
"Tier 1 (Gold SLA - Premium)","PutSmall",1,0,22.405,0.000,22.402
"Tier 1 (Gold SLA - Premium)","GetSmall",1,0,15.326,0.000,15.318
"Tier 1 (Gold SLA - Premium)","GetSmall",1,0,14.747,0.000,14.743
"Tier 1 (Gold SLA - Premium)","PutSmall",1,0,21.513,0.000,21.511
"Tier 1 (Gold SLA - Premium)","GetSmall",1,0,13.686,0.000,13.684
"Tier 1 (Gold SLA - Premium)","PutSmall",1,0,21.545,0.000,21.540
"Tier 1 (Gold SLA - Premium)","GetSmall",1,0,15.063,0.000,15.059
"Tier 1 (Gold SLA - Premium)","GetSmall",1,0,13.629,0.000,13.626
"Tier 1 (Gold SLA - Premium)","PutSmall",1,0,23.068,0.000,23.064
"Tier 1 (Gold SLA - Premium)","PutSmall",1,0,21.128,0.000,21.126
"Tier 1 (Gold SLA - Premium)","GetSmall",1,0,13.530,0.000,13.528
"Tier 1 (Gold SLA - Premium)","PutSmall",1,0,20.719,0.000,20.716
"Tier 1 (Gold SLA - Premium)","PutSmall",1,0,19.276,0.000,19.273
"Tier 1 (Gold SLA - Premium)","PutSmall",1,0,20.493,0.000,20.489
"Tier 1 (Gold SLA - Premium)","GetSmall",1,0,15.188,0.000,15.186
"Tier 1 (Gold SLA - Premium)","PutSmall",1,0,21.566,0.000,21.563
"Tier 1 (Gold SLA - Premium)","GetSmall",1,0,14.521,0.000,14.519
"Tier 1 (Gold SLA - Premium)","PutSmall",1,0,24.438,0.000,24.435
"Tier 1 (Gold SLA - Premium)","GetSmall",1,0,14.187,0.000,14.183
"Tier 1 (Gold SLA - Premium)","PutSmall",1,0,21.769,0.000,21.767
"Tier 1 (Gold SLA - Premium)","PutSmall",1,0,21.785,0.000,21.782
"Tier 1 (Gold SLA - Premium)","PutSmall",1,0,20.997,0.000,20.991
"Tier 1 (Gold SLA - Premium)","GetSmall",1,0,12.479,0.000,12.476
"Tier 1 (Gold SLA - Premium)","GetSmall",1,0,13.199,0.000,13.196
"Tier 1 (Gold SLA - Premium)","GetSmall",1,0,13.182,0.000,13.180
"Tier 1 (Gold SLA - Premium)","GetSmall",1,0,14.235,0.000,14.232
"Tier 1 (Gold SLA - Premium)","PutSmall",1,0,20.008,0.000,20.004
"Tier 1 (Gold SLA - Premium)","PutSmall",1,0,21.562,0.000,21.558
"Tier 1 (Gold SLA - Premium)","GetSmall",1,0,15.278,0.000,15.276
"Tier 1 (Gold SLA - Premium)","PutSmall",1,0,20.529,0.000,20.525
"Tier 1 (Gold SLA - Premium)","GetSmall",1,0,15.120,0.000,15.091
"Tier 1 (Gold SLA - Premium)","GetSmall",1,0,13.032,0.000,12.995
"Tier 1 (Gold SLA - Premium)","GetSmall",1,0,14.683,0.000,14.679
"Tier 1 (Gold SLA - Premium)","PutSmall",1,0,23.037,0.000,23.033
"Tier 1 (Gold SLA - Premium)","PutSmall",1,0,22.271,0.000,22.263
"Tier 1 (Gold SLA - Premium)","PutSmall",1,0,22.523,0.000,22.494
"Tier 1 (Gold SLA - Premium)","GetSmall",1,0,16.342,0.000,16.334
"Tier 1 (Gold SLA - Premium)","GetSmall",1,0,13.575,0.000,13.563
"Tier 1 (Gold SLA - Premium)","PutSmall",1,0,20.192,0.000,20.187
"Tier 1 (Gold SLA - Premium)","PutSmall",1,0,20.525,0.000,20.507
"Tier 1 (Gold SLA - Premium)","PutSmall",1,0,22.727,0.000,22.725
"Tier 1 (Gold SLA - Premium)","GetSmall",1,0,14.312,0.000,14.308
"Tier 1 (Gold SLA - Premium)","PutSmall",1,0,23.359,0.000,23.355
"Tier 1 (Gold SLA - Premium)","PutSmall",1,0,21.950,0.000,21.947
"Tier 1 (Gold SLA - Premium)","GetSmall",1,0,14.537,0.000,14.524
"Tier 1 (Gold SLA - Premium)","PutSmall",1,0,23.512,0.000,23.509
"Tier 1 (Gold SLA - Premium)","PutSmall",1,0,23.950,0.000,23.948
"Tier 1 (Gold SLA - Premium)","PutSmall",1,0,21.219,0.000,21.207
"Tier 1 (Gold SLA - Premium)","PutSmall",1,0,23.644,0.000,23.641
"Tier 1 (Gold SLA - Premium)","GetSmall",1,0,13.624,0.000,13.620
"Tier 1 (Gold SLA - Premium)","GetSmall",1,0,14.774,0.000,14.771
"Tier 1 (Gold SLA - Premium)","GetSmall",1,0,15.164,0.000,15.161
"Tier 1 (Gold SLA - Premium)","GetSmall",1,0,13.906,0.000,13.902
"Tier 1 (Gold SLA - Premium)","GetSmall",1,0,14.047,0.000,14.043
"Tier 1 (Gold SLA - Premium)","PutSmall",1,0,20.169,0.000,20.165
"Tier 1 (Gold SLA - Premium)","GetSmall",1,0,15.518,0.000,15.514
"Tier 1 (Gold SLA - Premium)","GetSmall",1,0,14.335,0.000,14.331
"Tier 1 (Gold SLA - Premium)","PutSmall",1,0,22.410,0.000,22.406
"Tier 1 (Gold SLA - Premium)","PutSmall",1,0,23.699,0.000,23.695
"Tier 1 (Gold SLA - Premium)","GetSmall",1,0,14.898,0.000,14.894
"Tier 1 (Gold SLA - Premium)","PutSmall",1,0,21.912,0.000,21.903
"Tier 1 (Gold SLA - Premium)","PutSmall",1,0,23.556,0.000,23.553
"Tier 1 (Gold SLA - Premium)","PutSmall",1,0,22.720,0.000,22.716
"Tier 1 (Gold SLA - Premium)","GetSmall",1,0,13.415,0.000,13.411
"Tier 1 (Gold SLA - Premium)","GetSmall",1,0,14.415,0.000,14.411
"Tier 1 (Gold SLA - Premium)","PutSmall",1,0,20.530,0.000,20.526
"Tier 1 (Gold SLA - Premium)","PutSmall",1,0,23.279,0.000,23.276
"Tier 1 (Gold SLA - Premium)","GetSmall",1,0,14.910,0.000,14.906
"Tier 1 (Gold SLA - Premium)","PutSmall",1,0,24.176,0.000,24.170
"Tier 1 (Gold SLA - Premium)","PutSmall",1,0,18.629,0.000,18.627
"Tier 1 (Gold SLA - Premium)","PutSmall",1,0,23.600,0.000,23.596
"Tier 1 (Gold SLA - Premium)","PutSmall",1,0,21.313,0.000,21.309
"Tier 1 (Gold SLA - Premium)","GetSmall",1,0,16.529,0.000,16.524
"Tier 1 (Gold SLA - Premium)","PutSmall",1,0,23.590,0.000,23.585
"Tier 1 (Gold SLA - Premium)","PutSmall",1,0,21.213,0.000,21.210
"Tier 1 (Gold SLA - Premium)","GetSmall",1,0,14.067,0.000,14.065
"Tier 1 (Gold SLA - Premium)","GetSmall",1,0,14.426,0.000,14.423
"Tier 1 (Gold SLA - Premium)","GetSmall",1,0,14.431,0.000,14.428
"Tier 1 (Gold SLA - Premium)","GetSmall",1,0,13.663,0.000,13.660
"Tier 1 (Gold SLA - Premium)","GetSmall",1,0,14.325,0.000,14.320
"Tier 1 (Gold SLA - Premium)","PutSmall",1,0,21.616,0.001,21.611
"Tier 1 (Gold SLA - Premium)","PutSmall",1,0,22.066,0.001,22.061
"Tier 1 (Gold SLA - Premium)","GetSmall",1,0,14.353,0.000,14.350
"Tier 1 (Gold SLA - Premium)","PutSmall",1,0,20.967,0.000,20.964
"Tier 1 (Gold SLA - Premium)","GetSmall",1,0,13.743,0.000,13.742
"Tier 1 (Gold SLA - Premium)","GetSmall",1,0,14.737,0.000,14.734
"Tier 1 (Gold SLA - Premium)","PutSmall",1,0,22.291,0.000,22.287
"Tier 1 (Gold SLA - Premium)","GetSmall",1,0,15.522,0.000,15.518
"Tier 1 (Gold SLA - Premium)","PutSmall",1,0,22.223,0.000,22.220
"Tier 1 (Gold SLA - Premium)","GetSmall",1,0,12.752,0.000,12.749
"Tier 1 (Gold SLA - Premium)","GetSmall",1,0,15.216,0.000,15.211
"Tier 1 (Gold SLA - Premium)","GetSmall",1,0,14.242,0.000,14.239
"Tier 1 (Gold SLA - Premium)","PutSmall",1,0,21.669,0.000,21.666
"Tier 1 (Gold SLA - Premium)","GetSmall",1,0,15.495,0.000,15.492
"Tier 1 (Gold SLA - Premium)","GetSmall",1,0,14.561,0.000,14.557
"Tier 1 (Gold SLA - Premium)","GetSmall",1,0,15.262,0.000,15.250
"Tier 1 (Gold SLA - Premium)","PutSmall",1,0,22.957,0.000,22.952
"Tier 1 (Gold SLA - Premium)","GetSmall",1,0,15.675,0.000,15.671
"Tier 1 (Gold SLA - Premium)","GetSmall",1,0,13.337,0.000,13.334
"Tier 1 (Gold SLA - Premium)","GetSmall",1,0,14.947,0.000,14.943
"Tier 1 (Gold SLA - Premium)","GetSmall",1,0,14.090,0.000,14.086
"Tier 1 (Gold SLA - Premium)","GetSmall",1,0,14.047,0.000,14.043
"Tier 1 (Gold SLA - Premium)","PutSmall",1,0,22.140,0.000,22.117
"Tier 1 (Gold SLA - Premium)","GetSmall",1,0,13.843,0.000,13.815
"Tier 1 (Gold SLA - Premium)","PutSmall",1,0,22.214,0.000,22.210
"Tier 1 (Gold SLA - Premium)","GetSmall",1,0,15.160,0.001,15.156
"Tier 1 (Gold SLA - Premium)","GetSmall",1,0,13.323,0.000,13.297
"Tier 1 (Gold SLA - Premium)","PutSmall",1,0,21.794,0.000,21.791
"Tier 1 (Gold SLA - Premium)","PutSmall",1,0,20.935,0.000,20.931
"Tier 1 (Gold SLA - Premium)","PutSmall",1,0,23.199,0.000,23.196
"Tier 1 (Gold SLA - Premium)","PutSmall",1,0,20.544,0.000,20.539
"Tier 1 (Gold SLA - Premium)","PutSmall",1,0,23.154,0.000,23.150
"Tier 1 (Gold SLA - Premium)","PutSmall",1,0,20.406,0.000,20.402
"Tier 1 (Gold SLA - Premium)","PutSmall",1,0,23.019,0.000,23.015
"Tier 1 (Gold SLA - Premium)","GetSmall",1,0,15.263,0.000,15.258
"Tier 1 (Gold SLA - Premium)","PutSmall",1,0,23.196,0.000,23.192
"Tier 1 (Gold SLA - Premium)","PutSmall",1,0,21.596,0.000,21.588
"Tier 1 (Gold SLA - Premium)","PutSmall",1,0,24.496,0.000,24.460
"Tier 1 (Gold SLA - Premium)","GetSmall",1,0,13.852,0.000,13.843
"Tier 1 (Gold SLA - Premium)","GetSmall",1,0,15.038,0.001,15.035
"Tier 1 (Gold SLA - Premium)","PutSmall",1,0,20.955,0.000,20.951
"Tier 1 (Gold SLA - Premium)","GetSmall",1,0,14.059,0.000,14.050
"Tier 1 (Gold SLA - Premium)","GetSmall",1,0,16.128,0.000,16.118
"Tier 1 (Gold SLA - Premium)","GetSmall",1,0,15.797,0.000,15.794
"Tier 1 (Gold SLA - Premium)","PutSmall",1,0,22.198,0.000,22.194
"Tier 1 (Gold SLA - Premium)","PutSmall",1,0,24.681,0.000,24.677
"Tier 1 (Gold SLA - Premium)","GetSmall",1,0,15.721,0.000,15.717
"Tier 1 (Gold SLA - Premium)","GetSmall",1,0,13.861,0.000,13.857
"Tier 1 (Gold SLA - Premium)","GetSmall",1,0,13.233,0.000,13.230
"Tier 1 (Gold SLA - Premium)","PutSmall",1,0,21.339,0.000,21.333
"Tier 1 (Gold SLA - Premium)","PutSmall",1,0,22.735,0.000,22.733
"Tier 1 (Gold SLA - Premium)","PutSmall",1,0,19.062,0.000,19.058
"Tier 1 (Gold SLA - Premium)","GetSmall",1,0,15.886,0.000,15.884
"Tier 1 (Gold SLA - Premium)","PutSmall",1,0,20.515,0.000,20.511
"Tier 1 (Gold SLA - Premium)","GetSmall",1,0,14.084,0.000,14.081
"Tier 1 (Gold SLA - Premium)","GetSmall",1,0,14.335,0.000,14.332
"Tier 1 (Gold SLA - Premium)","PutSmall",1,0,20.686,0.000,20.684
"Tier 1 (Gold SLA - Premium)","PutSmall",1,0,22.035,0.000,22.033
"Tier 1 (Gold SLA - Premium)","GetSmall",1,0,13.586,0.000,13.580
"Tier 1 (Gold SLA - Premium)","GetSmall",1,0,13.541,0.000,13.537
"Tier 1 (Gold SLA - Premium)","GetSmall",1,0,13.789,0.000,13.788
"Tier 1 (Gold SLA - Premium)","PutSmall",1,0,20.188,0.000,20.183
"Tier 1 (Gold SLA - Premium)","GetSmall",1,0,15.600,0.000,15.597
"Tier 1 (Gold SLA - Premium)","PutSmall",1,0,19.717,0.000,19.714
"Tier 1 (Gold SLA - Premium)","PutSmall",1,0,21.956,0.000,21.944
"Tier 1 (Gold SLA - Premium)","PutSmall",1,0,19.258,0.000,19.255
"Tier 1 (Gold SLA - Premium)","GetSmall",1,0,14.927,0.000,14.924
"Tier 1 (Gold SLA - Premium)","PutSmall",1,0,23.468,0.000,23.464
"Tier 1 (Gold SLA - Premium)","PutSmall",1,0,20.633,0.000,20.631
"Tier 1 (Gold SLA - Premium)","PutSmall",1,0,24.651,0.000,24.649
"Tier 1 (Gold SLA - Premium)","GetSmall",1,0,13.573,0.000,13.571
"Tier 1 (Gold SLA - Premium)","GetSmall",1,0,14.277,0.000,14.275
"Tier 1 (Gold SLA - Premium)","PutSmall",1,0,23.589,0.000,23.586
"Tier 1 (Gold SLA - Premium)","PutSmall",1,0,22.944,0.000,22.941
"Tier 1 (Gold SLA - Premium)","GetSmall",1,0,15.686,0.000,15.647
"Tier 1 (Gold SLA - Premium)","PutSmall",1,0,24.640,0.000,24.629
"Tier 1 (Gold SLA - Premium)","GetSmall",1,0,13.513,0.000,13.510
"Tier 1 (Gold SLA - Premium)","PutSmall",1,0,21.798,0.000,21.796
"Tier 1 (Gold SLA - Premium)","GetSmall",1,0,15.665,0.000,15.663
"Tier 1 (Gold SLA - Premium)","PutSmall",1,0,20.268,0.000,20.264
"Tier 1 (Gold SLA - Premium)","GetSmall",1,0,13.495,0.000,13.492
"Tier 1 (Gold SLA - Premium)","PutSmall",1,0,20.669,0.000,20.667
"Tier 1 (Gold SLA - Premium)","GetSmall",1,0,14.227,0.000,14.223
"Tier 1 (Gold SLA - Premium)","GetSmall",1,0,14.414,0.000,14.404
"Tier 1 (Gold SLA - Premium)","GetSmall",1,0,13.406,0.000,13.402
"Tier 1 (Gold SLA - Premium)","GetSmall",1,0,15.420,0.000,15.418
"Tier 1 (Gold SLA - Premium)","GetSmall",1,0,15.361,0.000,15.358
"Tier 1 (Gold SLA - Premium)","GetSmall",1,0,14.739,0.000,14.736
"Tier 1 (Gold SLA - Premium)","GetSmall",1,0,14.814,0.001,14.810
"Tier 1 (Gold SLA - Premium)","PutSmall",1,0,21.720,0.000,21.717
"Tier 1 (Gold SLA - Premium)","GetSmall",1,0,13.819,0.000,13.817
"Tier 1 (Gold SLA - Premium)","PutSmall",1,0,21.073,0.000,21.070
"Tier 1 (Gold SLA - Premium)","PutSmall",1,0,21.113,0.000,21.111
"Tier 1 (Gold SLA - Premium)","PutSmall",1,0,19.496,0.000,19.492
"Tier 1 (Gold SLA - Premium)","PutSmall",1,0,20.132,0.000,20.129
"Tier 1 (Gold SLA - Premium)","GetSmall",1,0,12.941,0.000,12.939
"Tier 1 (Gold SLA - Premium)","PutSmall",1,0,21.439,0.000,21.436
"Tier 1 (Gold SLA - Premium)","PutSmall",1,0,21.441,0.000,21.438
"Tier 1 (Gold SLA - Premium)","PutSmall",1,0,22.926,0.000,22.924
"Tier 1 (Gold SLA - Premium)","PutSmall",1,0,19.734,0.000,19.731
"Tier 1 (Gold SLA - Premium)","PutSmall",1,0,23.072,0.000,23.071
"Tier 1 (Gold SLA - Premium)","PutSmall",1,0,24.039,0.000,24.035
"Tier 1 (Gold SLA - Premium)","PutSmall",1,0,19.778,0.000,19.772
"Tier 1 (Gold SLA - Premium)","PutSmall",1,0,23.069,0.000,23.066
"Tier 1 (Gold SLA - Premium)","GetSmall",1,0,14.559,0.000,14.555
"Tier 1 (Gold SLA - Premium)","GetSmall",1,0,13.481,0.000,13.477
"Tier 1 (Gold SLA - Premium)","GetSmall",1,0,15.016,0.000,15.013
"Tier 1 (Gold SLA - Premium)","PutSmall",1,0,18.188,0.000,18.184
"Tier 1 (Gold SLA - Premium)","PutSmall",1,0,20.682,0.000,20.679
"Tier 1 (Gold SLA - Premium)","GetSmall",1,0,12.406,0.000,12.403
"Tier 1 (Gold SLA - Premium)","GetSmall",1,0,12.969,0.000,12.967
"Tier 1 (Gold SLA - Premium)","PutSmall",1,0,23.381,0.000,23.378
"Tier 1 (Gold SLA - Premium)","PutSmall",1,0,20.600,0.000,20.597
"Tier 1 (Gold SLA - Premium)","PutSmall",1,0,20.794,0.000,20.790
"Tier 1 (Gold SLA - Premium)","GetSmall",1,0,15.736,0.000,15.732
"Tier 1 (Gold SLA - Premium)","PutSmall",1,0,23.696,0.000,23.694
"Tier 1 (Gold SLA - Premium)","GetSmall",1,0,13.492,0.000,13.488
"Tier 1 (Gold SLA - Premium)","PutSmall",1,0,22.598,0.000,22.595
"Tier 1 (Gold SLA - Premium)","GetSmall",1,0,13.966,0.000,13.964
"Tier 1 (Gold SLA - Premium)","GetSmall",1,0,15.285,0.000,15.283
"Tier 1 (Gold SLA - Premium)","GetSmall",1,0,13.761,0.000,13.759
"Tier 1 (Gold SLA - Premium)","GetSmall",1,0,15.164,0.000,15.162
"Tier 1 (Gold SLA - Premium)","PutSmall",1,0,24.587,0.000,24.584
"Tier 1 (Gold SLA - Premium)","GetSmall",1,0,13.125,0.000,13.124
"Tier 1 (Gold SLA - Premium)","GetSmall",1,0,13.852,0.000,13.848
"Tier 1 (Gold SLA - Premium)","GetSmall",1,0,15.259,0.000,15.256
"Tier 1 (Gold SLA - Premium)","GetSmall",1,0,15.316,0.000,15.310
"Tier 1 (Gold SLA - Premium)","GetSmall",1,0,14.903,0.000,14.901
"Tier 1 (Gold SLA - Premium)","GetSmall",1,0,15.329,0.000,15.326
"Tier 1 (Gold SLA - Premium)","PutSmall",1,0,22.034,0.000,22.031
"Tier 1 (Gold SLA - Premium)","GetSmall",1,0,14.631,0.000,14.628
"Tier 1 (Gold SLA - Premium)","PutSmall",1,0,20.835,0.000,20.831
"Tier 1 (Gold SLA - Premium)","GetSmall",1,0,14.067,0.000,14.064
"Tier 1 (Gold SLA - Premium)","PutSmall",1,0,20.202,0.000,20.199
"Tier 1 (Gold SLA - Premium)","GetSmall",1,0,13.660,0.000,13.656
"Tier 1 (Gold SLA - Premium)","PutSmall",1,0,23.892,0.000,23.889
"Tier 1 (Gold SLA - Premium)","GetSmall",1,0,15.432,0.000,15.428
"Tier 1 (Gold SLA - Premium)","PutSmall",1,0,21.335,0.000,21.333
"Tier 1 (Gold SLA - Premium)","PutSmall",1,0,22.050,0.000,22.043
"Tier 1 (Gold SLA - Premium)","GetSmall",1,0,14.574,0.000,14.572
"Tier 1 (Gold SLA - Premium)","GetSmall",1,0,12.612,0.000,12.609
"Tier 1 (Gold SLA - Premium)","GetSmall",1,0,15.009,0.000,15.007
"Tier 1 (Gold SLA - Premium)","GetSmall",1,0,12.550,0.000,12.548
"Tier 1 (Gold SLA - Premium)","PutSmall",1,0,21.254,0.000,21.251
"Tier 1 (Gold SLA - Premium)","GetSmall",1,0,15.036,0.000,15.034
"Tier 1 (Gold SLA - Premium)","GetSmall",1,0,16.071,0.000,16.068
"Tier 1 (Gold SLA - Premium)","GetSmall",1,0,13.913,0.000,13.909
"Tier 1 (Gold SLA - Premium)","GetSmall",1,0,15.227,0.000,15.214
"Tier 1 (Gold SLA - Premium)","PutSmall",1,0,20.875,0.000,20.872
"Tier 1 (Gold SLA - Premium)","GetSmall",1,0,14.752,0.000,14.749
"Tier 1 (Gold SLA - Premium)","PutSmall",1,0,19.319,0.000,19.317
"Tier 1 (Gold SLA - Premium)","GetSmall",1,0,16.382,0.000,16.379
"Tier 1 (Gold SLA - Premium)","GetSmall",1,0,15.123,0.000,15.120
"Tier 1 (Gold SLA - Premium)","PutSmall",1,0,19.941,0.000,19.938
"Tier 1 (Gold SLA - Premium)","PutSmall",1,0,21.915,0.000,21.912
"Tier 1 (Gold SLA - Premium)","GetSmall",1,0,14.280,0.000,14.276
"Tier 1 (Gold SLA - Premium)","GetSmall",1,0,14.717,0.000,14.714
"Tier 1 (Gold SLA - Premium)","GetSmall",1,0,13.399,0.000,13.397
"Tier 1 (Gold SLA - Premium)","GetSmall",1,0,15.220,0.000,15.217
"Tier 1 (Gold SLA - Premium)","PutSmall",1,0,20.918,0.000,20.915
"Tier 1 (Gold SLA - Premium)","GetSmall",1,0,13.497,0.000,13.494
"Tier 1 (Gold SLA - Premium)","PutSmall",1,0,22.902,0.000,22.899
"Tier 1 (Gold SLA - Premium)","GetSmall",1,0,12.524,0.000,12.521
"Tier 1 (Gold SLA - Premium)","GetSmall",1,0,14.633,0.000,14.631
"Tier 1 (Gold SLA - Premium)","PutSmall",1,0,22.090,0.000,22.087
"Tier 1 (Gold SLA - Premium)","GetSmall",1,0,15.900,0.000,15.896
"Tier 1 (Gold SLA - Premium)","PutSmall",1,0,20.318,0.000,20.292
"Tier 1 (Gold SLA - Premium)","GetSmall",1,0,13.839,0.000,13.836
"Tier 1 (Gold SLA - Premium)","GetSmall",1,0,14.787,0.000,14.783
"Tier 1 (Gold SLA - Premium)","GetSmall",1,0,16.391,0.000,16.388
"Tier 1 (Gold SLA - Premium)","PutSmall",1,0,19.783,0.000,19.780
"Tier 1 (Gold SLA - Premium)","PutSmall",1,0,21.865,0.000,21.863
"Tier 1 (Gold SLA - Premium)","PutSmall",1,0,23.093,0.000,23.091
"Tier 1 (Gold SLA - Premium)","GetSmall",1,0,15.741,0.000,15.733
"Tier 1 (Gold SLA - Premium)","GetSmall",1,0,15.554,0.000,15.552
"Tier 1 (Gold SLA - Premium)","GetSmall",1,0,14.036,0.000,14.033
"Tier 1 (Gold SLA - Premium)","PutSmall",1,0,21.364,0.000,21.361
"Tier 1 (Gold SLA - Premium)","PutSmall",1,0,23.753,0.000,23.751
"Tier 1 (Gold SLA - Premium)","PutSmall",1,0,19.909,0.000,19.905
"Tier 1 (Gold SLA - Premium)","GetSmall",1,0,13.085,0.000,13.082
"Tier 1 (Gold SLA - Premium)","PutSmall",1,0,20.565,0.000,20.562
"Tier 1 (Gold SLA - Premium)","PutSmall",1,0,20.157,0.000,20.153
"Tier 1 (Gold SLA - Premium)","PutSmall",1,0,20.397,0.000,20.393
"Tier 1 (Gold SLA - Premium)","PutSmall",1,0,23.139,0.000,23.135
"Tier 1 (Gold SLA - Premium)","PutSmall",1,0,19.148,0.000,19.144
"Tier 1 (Gold SLA - Premium)","PutSmall",1,0,20.107,0.000,20.105
"Tier 1 (Gold SLA - Premium)","GetSmall",1,0,14.085,0.000,14.083
"Tier 1 (Gold SLA - Premium)","GetSmall",1,0,13.841,0.000,13.838
"Tier 1 (Gold SLA - Premium)","PutSmall",1,0,23.961,0.000,23.958
"Tier 1 (Gold SLA - Premium)","PutSmall",1,0,22.386,0.000,22.383
"Tier 1 (Gold SLA - Premium)","PutSmall",1,0,20.999,0.000,20.996
"Tier 1 (Gold SLA - Premium)","GetSmall",1,0,14.202,0.000,14.199
"Tier 1 (Gold SLA - Premium)","GetSmall",1,0,15.790,0.000,15.787
"Tier 1 (Gold SLA - Premium)","PutSmall",1,0,19.949,0.000,19.946
"Tier 1 (Gold SLA - Premium)","GetSmall",1,0,15.555,0.000,15.543
"Tier 1 (Gold SLA - Premium)","PutSmall",1,0,22.967,0.000,22.964
"Tier 1 (Gold SLA - Premium)","GetSmall",1,0,14.054,0.000,14.051
"Tier 1 (Gold SLA - Premium)","PutSmall",1,0,23.723,0.000,23.714
"Tier 1 (Gold SLA - Premium)","PutSmall",1,0,23.542,0.000,23.538
"Tier 1 (Gold SLA - Premium)","GetSmall",1,0,13.330,0.000,13.326
"Tier 1 (Gold SLA - Premium)","GetSmall",1,0,14.941,0.000,14.937
"Tier 1 (Gold SLA - Premium)","PutSmall",1,0,22.316,0.000,22.313
"Tier 1 (Gold SLA - Premium)","PutSmall",1,0,21.696,0.000,21.693
"Tier 1 (Gold SLA - Premium)","PutSmall",1,0,22.413,0.000,22.407
"Tier 1 (Gold SLA - Premium)","PutSmall",1,0,20.492,0.000,20.487
"Tier 1 (Gold SLA - Premium)","GetSmall",1,0,13.839,0.000,13.835
"Tier 1 (Gold SLA - Premium)","PutSmall",1,0,22.370,0.000,22.367
"Tier 1 (Gold SLA - Premium)","GetSmall",1,0,15.039,0.000,15.035
"Tier 1 (Gold SLA - Premium)","PutSmall",1,0,23.143,0.000,23.135
"Tier 1 (Gold SLA - Premium)","PutSmall",1,0,23.287,0.000,23.284
"Tier 1 (Gold SLA - Premium)","PutSmall",1,0,21.383,0.000,21.380
"Tier 1 (Gold SLA - Premium)","PutSmall",1,0,24.297,0.000,24.294
"Tier 1 (Gold SLA - Premium)","GetSmall",1,0,13.957,0.000,13.954
"Tier 1 (Gold SLA - Premium)","PutSmall",1,0,21.088,0.000,21.086
"Tier 1 (Gold SLA - Premium)","GetSmall",1,0,15.542,0.000,15.538
"Tier 1 (Gold SLA - Premium)","PutSmall",1,0,20.251,0.000,20.247
"Tier 1 (Gold SLA - Premium)","GetSmall",1,0,15.682,0.000,15.678
"Tier 1 (Gold SLA - Premium)","PutSmall",1,0,22.412,0.000,22.409
"Tier 1 (Gold SLA - Premium)","PutSmall",1,0,22.526,0.000,22.522
"Tier 1 (Gold SLA - Premium)","GetSmall",1,0,13.822,0.000,13.819
"Tier 1 (Gold SLA - Premium)","GetSmall",1,0,15.587,0.000,15.585
"Tier 1 (Gold SLA - Premium)","PutSmall",1,0,19.553,0.000,19.540
"Tier 1 (Gold SLA - Premium)","GetSmall",1,0,13.844,0.000,13.842
"Tier 1 (Gold SLA - Premium)","GetSmall",1,0,13.895,0.000,13.890
"Tier 1 (Gold SLA - Premium)","PutSmall",1,0,22.201,0.000,22.198
"Tier 1 (Gold SLA - Premium)","GetSmall",1,0,14.844,0.000,14.840
"Tier 1 (Gold SLA - Premium)","GetSmall",1,0,16.115,0.000,16.114
"Tier 1 (Gold SLA - Premium)","PutSmall",1,0,22.425,0.000,22.420
"Tier 1 (Gold SLA - Premium)","PutSmall",1,0,20.099,0.000,20.094
"Tier 1 (Gold SLA - Premium)","PutSmall",1,0,23.011,0.000,23.009
"Tier 1 (Gold SLA - Premium)","GetSmall",1,0,15.776,0.000,15.773
"Tier 1 (Gold SLA - Premium)","GetSmall",1,0,14.518,0.000,14.516
"Tier 1 (Gold SLA - Premium)","GetSmall",1,0,14.452,0.000,14.449
"Tier 1 (Gold SLA - Premium)","PutSmall",1,0,20.925,0.000,20.921
"Tier 1 (Gold SLA - Premium)","GetSmall",1,0,14.660,0.000,14.658
"Tier 1 (Gold SLA - Premium)","PutSmall",1,0,20.210,0.000,20.207
"Tier 1 (Gold SLA - Premium)","GetSmall",1,0,16.338,0.000,16.334
"Tier 1 (Gold SLA - Premium)","PutSmall",1,0,21.190,0.000,21.187
"Tier 1 (Gold SLA - Premium)","PutSmall",1,0,23.231,0.000,23.228
"Tier 1 (Gold SLA - Premium)","PutSmall",1,0,19.623,0.000,19.620
"Tier 1 (Gold SLA - Premium)","PutSmall",1,0,20.600,0.000,20.597
"Tier 1 (Gold SLA - Premium)","GetSmall",1,0,12.970,0.000,12.968
"Tier 1 (Gold SLA - Premium)","PutSmall",1,0,21.668,0.000,21.666
"Tier 1 (Gold SLA - Premium)","GetSmall",1,0,13.054,0.000,13.052
"Tier 1 (Gold SLA - Premium)","GetSmall",1,0,14.314,0.000,14.307
"Tier 1 (Gold SLA - Premium)","GetSmall",1,0,14.846,0.000,14.845
"Tier 1 (Gold SLA - Premium)","GetSmall",1,0,14.411,0.000,14.409
"Tier 1 (Gold SLA - Premium)","PutSmall",1,0,22.661,0.000,22.658
"Tier 1 (Gold SLA - Premium)","GetSmall",1,0,16.739,0.000,16.735
"Tier 1 (Gold SLA - Premium)","GetSmall",1,0,14.624,0.000,14.621
"Tier 1 (Gold SLA - Premium)","GetSmall",1,0,15.594,0.000,15.590
"Tier 1 (Gold SLA - Premium)","PutSmall",1,0,20.020,0.000,20.017
"Tier 1 (Gold SLA - Premium)","GetSmall",1,0,14.981,0.000,14.977
"Tier 1 (Gold SLA - Premium)","GetSmall",1,0,13.241,0.000,13.237
"Tier 1 (Gold SLA - Premium)","GetSmall",1,0,14.181,0.000,14.168
"Tier 1 (Gold SLA - Premium)","GetSmall",1,0,13.554,0.000,13.551
"Tier 1 (Gold SLA - Premium)","GetSmall",1,0,14.919,0.000,14.916
"Tier 1 (Gold SLA - Premium)","GetSmall",1,0,13.466,0.000,13.462
"Tier 1 (Gold SLA - Premium)","GetSmall",1,0,13.426,0.000,13.422
"Tier 1 (Gold SLA - Premium)","PutSmall",1,0,20.087,0.000,20.084
"Tier 1 (Gold SLA - Premium)","GetSmall",1,0,16.160,0.000,16.156
"Tier 1 (Gold SLA - Premium)","PutSmall",1,0,24.443,0.000,24.441
"Tier 1 (Gold SLA - Premium)","PutSmall",1,0,21.206,0.000,21.202
"Tier 1 (Gold SLA - Premium)","GetSmall",1,0,14.561,0.000,14.557
"Tier 1 (Gold SLA - Premium)","GetSmall",1,0,14.330,0.000,14.329
"Tier 1 (Gold SLA - Premium)","PutSmall",1,0,23.005,0.000,23.002
"Tier 1 (Gold SLA - Premium)","PutSmall",1,0,23.318,0.000,23.315
"Tier 1 (Gold SLA - Premium)","PutSmall",1,0,22.581,0.000,22.577
"Tier 1 (Gold SLA - Premium)","PutSmall",1,0,23.158,0.000,23.155
"Tier 1 (Gold SLA - Premium)","GetSmall",1,0,13.985,0.000,13.980
"Tier 1 (Gold SLA - Premium)","PutSmall",1,0,23.415,0.000,23.412
"Tier 1 (Gold SLA - Premium)","PutSmall",1,0,20.532,0.000,20.519
"Tier 1 (Gold SLA - Premium)","GetSmall",1,0,14.443,0.000,14.416
"Tier 1 (Gold SLA - Premium)","PutSmall",1,0,21.060,0.000,21.051
"Tier 1 (Gold SLA - Premium)","GetSmall",1,0,13.762,0.000,13.758
"Tier 1 (Gold SLA - Premium)","PutSmall",1,0,23.171,0.000,23.169
"Tier 1 (Gold SLA - Premium)","GetSmall",1,0,13.316,0.000,13.313
"Tier 1 (Gold SLA - Premium)","GetSmall",1,0,13.677,0.000,13.671
"Tier 1 (Gold SLA - Premium)","PutSmall",1,0,21.376,0.000,21.373
"Tier 1 (Gold SLA - Premium)","GetSmall",1,0,14.217,0.000,14.214
"Tier 1 (Gold SLA - Premium)","PutSmall",1,0,20.975,0.000,20.973
"Tier 1 (Gold SLA - Premium)","PutSmall",1,0,20.317,0.000,20.313
"Tier 1 (Gold SLA - Premium)","PutSmall",1,0,21.075,0.000,21.071
"Tier 1 (Gold SLA - Premium)","PutSmall",1,0,22.220,0.000,22.208
"Tier 1 (Gold SLA - Premium)","GetSmall",1,0,15.635,0.000,15.595
"Tier 1 (Gold SLA - Premium)","PutSmall",1,0,21.404,0.000,21.401
"Tier 1 (Gold SLA - Premium)","PutSmall",1,0,22.833,0.000,22.829
"Tier 1 (Gold SLA - Premium)","GetSmall",1,0,15.461,0.000,15.457
"Tier 1 (Gold SLA - Premium)","GetSmall",1,0,14.148,0.000,14.136
"Tier 1 (Gold SLA - Premium)","PutSmall",1,0,20.882,0.000,20.879
"Tier 1 (Gold SLA - Premium)","GetSmall",1,0,12.282,0.001,12.278
"Tier 1 (Gold SLA - Premium)","GetSmall",1,0,13.593,0.001,13.589
"Tier 1 (Gold SLA - Premium)","PutSmall",1,0,24.251,0.000,24.248
"Tier 1 (Gold SLA - Premium)","GetSmall",1,0,14.016,0.000,14.013
"Tier 1 (Gold SLA - Premium)","GetSmall",1,0,15.228,0.000,15.224
"Tier 1 (Gold SLA - Premium)","PutSmall",1,0,18.191,0.000,18.185
"Tier 1 (Gold SLA - Premium)","PutSmall",1,0,17.594,0.000,17.590
"Tier 1 (Gold SLA - Premium)","PutSmall",1,0,20.016,0.001,20.011
"Tier 1 (Gold SLA - Premium)","PutSmall",1,0,20.635,0.000,20.633
"Tier 1 (Gold SLA - Premium)","GetSmall",1,0,14.214,0.001,14.206
"Tier 1 (Gold SLA - Premium)","PutSmall",1,0,20.021,0.000,20.019
"Tier 1 (Gold SLA - Premium)","GetSmall",1,0,15.887,0.000,15.884
"Tier 1 (Gold SLA - Premium)","GetSmall",1,0,14.828,0.000,14.823
"Tier 1 (Gold SLA - Premium)","PutSmall",1,0,23.482,0.000,23.479
"Tier 1 (Gold SLA - Premium)","GetSmall",1,0,15.969,0.000,15.965
"Tier 1 (Gold SLA - Premium)","GetSmall",1,0,14.515,0.000,14.511
"Tier 1 (Gold SLA - Premium)","GetSmall",1,0,13.576,0.000,13.573
"Tier 1 (Gold SLA - Premium)","PutSmall",1,0,21.850,0.000,21.846
"Tier 1 (Gold SLA - Premium)","GetSmall",1,0,14.457,0.000,14.455
"Tier 1 (Gold SLA - Premium)","GetSmall",1,0,13.035,0.000,13.033
"Tier 1 (Gold SLA - Premium)","GetSmall",1,0,14.553,0.000,14.551
"Tier 1 (Gold SLA - Premium)","PutSmall",1,0,20.813,0.000,20.811
"Tier 1 (Gold SLA - Premium)","GetSmall",1,0,15.434,0.000,15.432
"Tier 1 (Gold SLA - Premium)","PutSmall",1,0,22.147,0.000,22.146
"Tier 1 (Gold SLA - Premium)","PutSmall",1,0,22.055,0.000,22.053
"Tier 1 (Gold SLA - Premium)","GetSmall",1,0,16.147,0.000,16.145
"Tier 1 (Gold SLA - Premium)","GetSmall",1,0,14.981,0.000,14.977
"Tier 1 (Gold SLA - Premium)","GetSmall",1,0,14.931,0.000,14.928
"Tier 1 (Gold SLA - Premium)","PutSmall",1,0,23.829,0.000,23.826
"Tier 1 (Gold SLA - Premium)","PutSmall",1,0,24.476,0.000,24.473
"Tier 1 (Gold SLA - Premium)","GetSmall",1,0,14.417,0.000,14.413
"Tier 1 (Gold SLA - Premium)","GetSmall",1,0,14.927,0.000,14.925
"Tier 1 (Gold SLA - Premium)","PutSmall",1,0,22.220,0.000,22.216
"Tier 1 (Gold SLA - Premium)","PutSmall",1,0,20.253,0.000,20.249
"Tier 1 (Gold SLA - Premium)","GetSmall",1,0,13.515,0.000,13.513
"Tier 1 (Gold SLA - Premium)","PutSmall",1,0,21.246,0.000,21.244
"Tier 1 (Gold SLA - Premium)","PutSmall",1,0,19.810,0.000,19.808
"Tier 1 (Gold SLA - Premium)","PutSmall",1,0,23.553,0.000,23.547
"Tier 1 (Gold SLA - Premium)","GetSmall",1,0,15.437,0.000,15.432
"Tier 1 (Gold SLA - Premium)","PutSmall",1,0,21.159,0.000,21.157
"Tier 1 (Gold SLA - Premium)","PutSmall",1,0,20.038,0.000,20.035
"Tier 1 (Gold SLA - Premium)","GetSmall",1,0,16.442,0.000,16.438
"Tier 1 (Gold SLA - Premium)","PutSmall",1,0,20.849,0.000,20.844
"Tier 1 (Gold SLA - Premium)","GetSmall",1,0,14.681,0.000,14.676
"Tier 1 (Gold SLA - Premium)","GetSmall",1,0,13.340,0.000,13.338
"Tier 1 (Gold SLA - Premium)","GetSmall",1,0,13.189,0.000,13.185
"Tier 1 (Gold SLA - Premium)","GetSmall",1,0,13.757,0.000,13.751
"Tier 1 (Gold SLA - Premium)","PutSmall",1,0,23.332,0.000,23.330
"Tier 1 (Gold SLA - Premium)","GetSmall",1,0,14.620,0.000,14.615
"Tier 1 (Gold SLA - Premium)","PutSmall",1,0,24.345,0.001,24.342
"Tier 1 (Gold SLA - Premium)","PutSmall",1,0,19.824,0.000,19.820
"Tier 1 (Gold SLA - Premium)","PutSmall",1,0,19.634,0.000,19.629
"Tier 1 (Gold SLA - Premium)","PutSmall",1,0,19.647,0.000,19.644
"Tier 1 (Gold SLA - Premium)","GetSmall",1,0,13.605,0.000,13.602
"Tier 1 (Gold SLA - Premium)","PutSmall",1,0,20.302,0.000,20.299
"Tier 1 (Gold SLA - Premium)","GetSmall",1,0,13.602,0.000,13.600
"Tier 1 (Gold SLA - Premium)","PutSmall",1,0,22.856,0.000,22.853
"Tier 1 (Gold SLA - Premium)","GetSmall",1,0,12.951,0.000,12.948
"Tier 1 (Gold SLA - Premium)","PutSmall",1,0,21.217,0.000,21.215
"Tier 1 (Gold SLA - Premium)","GetSmall",1,0,14.316,0.000,14.315
"Tier 1 (Gold SLA - Premium)","GetSmall",1,0,14.374,0.000,14.372
"Tier 1 (Gold SLA - Premium)","PutSmall",1,0,20.766,0.000,20.763
"Tier 1 (Gold SLA - Premium)","GetSmall",1,0,14.653,0.000,14.651
"Tier 1 (Gold SLA - Premium)","GetSmall",1,0,15.313,0.000,15.312
"Tier 1 (Gold SLA - Premium)","PutSmall",1,0,22.071,0.000,22.068
"Tier 1 (Gold SLA - Premium)","PutSmall",1,0,21.215,0.000,21.204
"Tier 1 (Gold SLA - Premium)","GetSmall",1,0,13.307,0.000,13.304
"Tier 1 (Gold SLA - Premium)","PutSmall",1,0,22.733,0.000,22.730
"Tier 1 (Gold SLA - Premium)","GetSmall",1,0,14.288,0.000,14.286
"Tier 1 (Gold SLA - Premium)","PutSmall",1,0,20.843,0.000,20.839
"Tier 1 (Gold SLA - Premium)","GetSmall",1,0,15.057,0.000,15.054
"Tier 1 (Gold SLA - Premium)","GetSmall",1,0,14.918,0.000,14.916
"Tier 1 (Gold SLA - Premium)","GetSmall",1,0,15.109,0.000,15.105
"Tier 1 (Gold SLA - Premium)","PutSmall",1,0,20.067,0.000,20.065
"Tier 1 (Gold SLA - Premium)","GetSmall",1,0,13.997,0.000,13.994
"Tier 1 (Gold SLA - Premium)","GetSmall",1,0,14.794,0.000,14.791
"Tier 1 (Gold SLA - Premium)","PutSmall",1,0,23.069,0.000,23.067
"Tier 1 (Gold SLA - Premium)","GetSmall",1,0,14.394,0.000,14.391
"Tier 1 (Gold SLA - Premium)","PutSmall",1,0,24.450,0.000,24.448
"Tier 1 (Gold SLA - Premium)","GetSmall",1,0,14.338,0.001,14.336
"Tier 1 (Gold SLA - Premium)","GetSmall",1,0,13.756,0.000,13.755
"Tier 1 (Gold SLA - Premium)","PutSmall",1,0,19.690,0.000,19.688
"Tier 1 (Gold SLA - Premium)","PutSmall",1,0,21.848,0.000,21.845
"Tier 1 (Gold SLA - Premium)","PutSmall",1,0,21.674,0.000,21.671
"Tier 1 (Gold SLA - Premium)","GetSmall",1,0,14.886,0.000,14.883
"Tier 1 (Gold SLA - Premium)","GetSmall",1,0,15.293,0.000,15.281
"Tier 1 (Gold SLA - Premium)","PutSmall",1,0,23.641,0.000,23.640
"Tier 1 (Gold SLA - Premium)","PutSmall",1,0,21.353,0.000,21.350
"Tier 1 (Gold SLA - Premium)","GetSmall",1,0,14.329,0.000,14.326
"Tier 1 (Gold SLA - Premium)","PutSmall",1,0,24.396,0.000,24.393
"Tier 1 (Gold SLA - Premium)","GetSmall",1,0,14.305,0.000,14.303
"Tier 1 (Gold SLA - Premium)","GetSmall",1,0,15.678,0.000,15.676
"Tier 1 (Gold SLA - Premium)","PutSmall",1,0,21.360,0.000,21.358
"Tier 1 (Gold SLA - Premium)","PutSmall",1,0,20.790,0.000,20.788
"Tier 1 (Gold SLA - Premium)","PutSmall",1,0,22.595,0.000,22.592
"Tier 1 (Gold SLA - Premium)","PutSmall",1,0,21.311,0.000,21.310
"Tier 1 (Gold SLA - Premium)","GetSmall",1,0,14.774,0.000,14.772
"Tier 1 (Gold SLA - Premium)","PutSmall",1,0,22.227,0.000,22.225
"Tier 1 (Gold SLA - Premium)","GetSmall",1,0,12.726,0.000,12.723
"Tier 1 (Gold SLA - Premium)","GetSmall",1,0,13.268,0.000,13.265
"Tier 1 (Gold SLA - Premium)","GetSmall",1,0,13.621,0.000,13.618
"Tier 1 (Gold SLA - Premium)","PutSmall",1,0,20.199,0.000,20.197
"Tier 1 (Gold SLA - Premium)","PutSmall",1,0,23.525,0.000,23.524
"Tier 1 (Gold SLA - Premium)","GetSmall",1,0,13.970,0.000,13.969
"Tier 1 (Gold SLA - Premium)","GetSmall",1,0,13.064,0.000,13.063
"Tier 1 (Gold SLA - Premium)","GetSmall",1,0,12.017,0.000,12.015
"Tier 1 (Gold SLA - Premium)","GetSmall",1,0,15.044,0.000,15.039
"Tier 1 (Gold SLA - Premium)","PutSmall",1,0,20.760,0.000,20.758
"Tier 1 (Gold SLA - Premium)","PutSmall",1,0,23.707,0.000,23.705
"Tier 1 (Gold SLA - Premium)","GetSmall",1,0,14.576,0.000,14.574
"Tier 1 (Gold SLA - Premium)","GetSmall",1,0,15.022,0.000,15.019
"Tier 1 (Gold SLA - Premium)","GetSmall",1,0,16.105,0.000,16.072
"Tier 1 (Gold SLA - Premium)","GetSmall",1,0,14.267,0.000,14.264
"Tier 1 (Gold SLA - Premium)","PutSmall",1,0,19.364,0.000,19.361
"Tier 1 (Gold SLA - Premium)","PutSmall",1,0,21.244,0.000,21.241
"Tier 1 (Gold SLA - Premium)","GetSmall",1,0,13.488,0.000,13.486
"Tier 1 (Gold SLA - Premium)","PutSmall",1,0,23.167,0.000,23.164
"Tier 1 (Gold SLA - Premium)","GetSmall",1,0,13.748,0.000,13.745
"Tier 1 (Gold SLA - Premium)","GetSmall",1,0,14.216,0.000,14.211
"Tier 1 (Gold SLA - Premium)","GetSmall",1,0,14.510,0.000,14.508
"Tier 1 (Gold SLA - Premium)","GetSmall",1,0,16.308,0.000,16.306
"Tier 1 (Gold SLA - Premium)","GetSmall",1,0,15.454,0.000,15.451
"Tier 1 (Gold SLA - Premium)","PutSmall",1,0,23.936,0.000,23.932
"Tier 1 (Gold SLA - Premium)","GetSmall",1,0,15.631,0.000,15.629
"Tier 1 (Gold SLA - Premium)","PutSmall",1,0,22.029,0.000,22.025
"Tier 1 (Gold SLA - Premium)","PutSmall",1,0,22.209,0.000,22.179
"Tier 1 (Gold SLA - Premium)","PutSmall",1,0,22.748,0.000,22.728
"Tier 1 (Gold SLA - Premium)","PutSmall",1,0,20.527,0.000,20.524
"Tier 1 (Gold SLA - Premium)","PutSmall",1,0,20.703,0.000,20.694
"Tier 1 (Gold SLA - Premium)","PutSmall",1,0,18.222,0.000,18.219
"Tier 1 (Gold SLA - Premium)","GetSmall",1,0,15.489,0.000,15.486
"Tier 1 (Gold SLA - Premium)","PutSmall",1,0,22.985,0.000,22.984
"Tier 1 (Gold SLA - Premium)","GetSmall",1,0,14.875,0.000,14.871
"Tier 1 (Gold SLA - Premium)","PutSmall",1,0,21.415,0.000,21.414
"Tier 1 (Gold SLA - Premium)","GetSmall",1,0,13.246,0.000,13.245
"Tier 1 (Gold SLA - Premium)","PutSmall",1,0,22.625,0.000,22.622
"Tier 1 (Gold SLA - Premium)","PutSmall",1,0,21.740,0.000,21.737
"Tier 1 (Gold SLA - Premium)","GetSmall",1,0,13.098,0.000,13.094
"Tier 1 (Gold SLA - Premium)","GetSmall",1,0,14.189,0.000,14.188
"Tier 1 (Gold SLA - Premium)","PutSmall",1,0,23.505,0.000,23.502
"Tier 1 (Gold SLA - Premium)","PutSmall",1,0,20.668,0.000,20.666
"Tier 1 (Gold SLA - Premium)","PutSmall",1,0,22.026,0.000,22.022
"Tier 1 (Gold SLA - Premium)","GetSmall",1,0,15.283,0.000,15.282
"Tier 1 (Gold SLA - Premium)","GetSmall",1,0,15.163,0.000,15.160
"Tier 1 (Gold SLA - Premium)","GetSmall",1,0,14.860,0.000,14.857
"Tier 1 (Gold SLA - Premium)","PutSmall",1,0,22.897,0.000,22.891
"Tier 1 (Gold SLA - Premium)","PutSmall",1,0,21.378,0.000,21.377
"Tier 1 (Gold SLA - Premium)","GetSmall",1,0,15.540,0.000,15.539
"Tier 1 (Gold SLA - Premium)","PutSmall",1,0,23.373,0.000,23.371
"Tier 1 (Gold SLA - Premium)","GetSmall",1,0,15.077,0.000,15.076
"Tier 1 (Gold SLA - Premium)","GetSmall",1,0,14.297,0.000,14.295
"Tier 1 (Gold SLA - Premium)","GetSmall",1,0,13.817,0.001,13.815
"Tier 1 (Gold SLA - Premium)","GetSmall",1,0,14.983,0.000,14.981
"Tier 1 (Gold SLA - Premium)","PutSmall",1,0,23.524,0.000,23.521
"Tier 1 (Gold SLA - Premium)","PutSmall",1,0,23.566,0.000,23.563
"Tier 1 (Gold SLA - Premium)","PutSmall",1,0,21.080,0.000,21.075
"Tier 1 (Gold SLA - Premium)","GetSmall",1,0,14.387,0.000,14.385
"Tier 1 (Gold SLA - Premium)","GetSmall",1,0,14.382,0.000,14.378
"Tier 1 (Gold SLA - Premium)","GetSmall",1,0,15.168,0.000,15.165
"Tier 1 (Gold SLA - Premium)","PutSmall",1,0,21.583,0.000,21.579
"Tier 1 (Gold SLA - Premium)","GetSmall",1,0,14.709,0.000,14.707
"Tier 1 (Gold SLA - Premium)","PutSmall",1,0,19.650,0.000,19.646
"Tier 1 (Gold SLA - Premium)","PutSmall",1,0,19.635,0.000,19.633
"Tier 1 (Gold SLA - Premium)","GetSmall",1,0,14.851,0.000,14.846
"Tier 1 (Gold SLA - Premium)","PutSmall",1,0,21.015,0.000,21.013
"Tier 1 (Gold SLA - Premium)","PutSmall",1,0,23.303,0.000,23.301
"Tier 1 (Gold SLA - Premium)","PutSmall",1,0,20.636,0.000,20.634
"Tier 1 (Gold SLA - Premium)","GetSmall",1,0,15.366,0.000,15.364
"Tier 1 (Gold SLA - Premium)","PutSmall",1,0,22.114,0.000,22.112
"Tier 1 (Gold SLA - Premium)","PutSmall",1,0,23.737,0.000,23.733
"Tier 1 (Gold SLA - Premium)","GetSmall",1,0,15.799,0.000,15.797
"Tier 1 (Gold SLA - Premium)","PutSmall",1,0,23.373,0.000,23.370
"Tier 1 (Gold SLA - Premium)","PutSmall",1,0,21.794,0.000,21.791
"Tier 1 (Gold SLA - Premium)","GetSmall",1,0,15.580,0.000,15.578
"Tier 1 (Gold SLA - Premium)","PutSmall",1,0,24.198,0.000,24.195
"Tier 1 (Gold SLA - Premium)","PutSmall",1,0,21.786,0.000,21.784
"Tier 1 (Gold SLA - Premium)","GetSmall",1,0,13.401,0.000,13.398
"Tier 1 (Gold SLA - Premium)","PutSmall",1,0,21.017,0.000,21.012
"Tier 1 (Gold SLA - Premium)","PutSmall",1,0,24.370,0.000,24.367
"Tier 1 (Gold SLA - Premium)","GetSmall",1,0,14.658,0.000,14.655
"Tier 1 (Gold SLA - Premium)","PutSmall",1,0,20.767,0.000,20.765
"Tier 1 (Gold SLA - Premium)","GetSmall",1,0,13.443,0.000,13.439
"Tier 1 (Gold SLA - Premium)","PutSmall",1,0,21.194,0.000,21.192
"Tier 1 (Gold SLA - Premium)","GetSmall",1,0,13.704,0.000,13.694
"Tier 1 (Gold SLA - Premium)","PutSmall",1,0,20.820,0.000,20.816
"Tier 1 (Gold SLA - Premium)","PutSmall",1,0,23.220,0.000,23.219
"Tier 1 (Gold SLA - Premium)","GetSmall",1,0,13.397,0.000,13.395
"Tier 1 (Gold SLA - Premium)","PutSmall",1,0,20.348,0.000,20.345
"Tier 1 (Gold SLA - Premium)","PutSmall",1,0,19.620,0.000,19.616
"Tier 1 (Gold SLA - Premium)","PutSmall",1,0,22.372,0.000,22.368
"Tier 1 (Gold SLA - Premium)","PutSmall",1,0,22.901,0.000,22.898
"Tier 1 (Gold SLA - Premium)","GetSmall",1,0,14.511,0.000,14.507
"Tier 1 (Gold SLA - Premium)","GetSmall",1,0,13.580,0.000,13.577
"Tier 1 (Gold SLA - Premium)","GetSmall",1,0,13.214,0.000,13.213
"Tier 1 (Gold SLA - Premium)","PutSmall",1,0,22.580,0.000,22.579
"Tier 1 (Gold SLA - Premium)","PutSmall",1,0,23.532,0.000,23.532
"Tier 1 (Gold SLA - Premium)","GetSmall",1,0,15.971,0.000,15.970
"Tier 1 (Gold SLA - Premium)","GetSmall",1,0,15.944,0.000,15.941
"Tier 1 (Gold SLA - Premium)","GetSmall",1,0,15.599,0.000,15.597
"Tier 1 (Gold SLA - Premium)","PutSmall",1,0,22.455,0.000,22.453
"Tier 1 (Gold SLA - Premium)","PutSmall",1,0,20.449,0.000,20.447
"Tier 1 (Gold SLA - Premium)","GetSmall",1,0,16.197,0.000,16.195
"Tier 1 (Gold SLA - Premium)","GetSmall",1,0,12.347,0.000,12.345
"Tier 1 (Gold SLA - Premium)","GetSmall",1,0,13.330,0.000,13.328
"Tier 1 (Gold SLA - Premium)","GetSmall",1,0,15.231,0.000,15.229
"Tier 1 (Gold SLA - Premium)","GetSmall",1,0,14.763,0.000,14.762
"Tier 1 (Gold SLA - Premium)","PutSmall",1,0,22.416,0.000,22.408
"Tier 1 (Gold SLA - Premium)","GetSmall",1,0,13.369,0.000,13.367
"Tier 1 (Gold SLA - Premium)","GetSmall",1,0,16.057,0.000,16.047
"Tier 1 (Gold SLA - Premium)","PutSmall",1,0,20.835,0.000,20.830
"Tier 1 (Gold SLA - Premium)","PutSmall",1,0,22.634,0.000,22.632
"Tier 1 (Gold SLA - Premium)","GetSmall",1,0,14.377,0.000,14.373
"Tier 1 (Gold SLA - Premium)","GetSmall",1,0,14.986,0.000,14.985
"Tier 1 (Gold SLA - Premium)","GetSmall",1,0,14.264,0.000,14.260
"Tier 1 (Gold SLA - Premium)","PutSmall",1,0,21.592,0.000,21.590
"Tier 1 (Gold SLA - Premium)","GetSmall",1,0,14.978,0.000,14.975
"Tier 1 (Gold SLA - Premium)","GetSmall",1,0,14.562,0.000,14.561
"Tier 1 (Gold SLA - Premium)","GetSmall",1,0,14.806,0.000,14.801
"Tier 1 (Gold SLA - Premium)","PutSmall",1,0,22.863,0.000,22.853
"Tier 1 (Gold SLA - Premium)","GetSmall",1,0,13.937,0.000,13.936
"Tier 1 (Gold SLA - Premium)","GetSmall",1,0,14.855,0.000,14.853
"Tier 1 (Gold SLA - Premium)","PutSmall",1,0,22.620,0.000,22.618
"Tier 1 (Gold SLA - Premium)","GetSmall",1,0,15.451,0.000,15.448
"Tier 1 (Gold SLA - Premium)","PutSmall",1,0,21.814,0.000,21.810
"Tier 1 (Gold SLA - Premium)","GetSmall",1,0,15.191,0.000,15.186
"Tier 1 (Gold SLA - Premium)","GetSmall",1,0,15.542,0.000,15.540
"Tier 1 (Gold SLA - Premium)","GetSmall",1,0,15.159,0.000,15.156
"Tier 1 (Gold SLA - Premium)","GetSmall",1,0,13.509,0.000,13.508
"Tier 1 (Gold SLA - Premium)","PutSmall",1,0,19.827,0.000,19.825
"Tier 1 (Gold SLA - Premium)","PutSmall",1,0,20.401,0.000,20.397
"Tier 1 (Gold SLA - Premium)","GetSmall",1,0,16.087,0.000,16.084
"Tier 1 (Gold SLA - Premium)","PutSmall",1,0,21.752,0.000,21.750
"Tier 1 (Gold SLA - Premium)","GetSmall",1,0,12.513,0.000,12.510
"Tier 1 (Gold SLA - Premium)","GetSmall",1,0,14.032,0.000,14.030
"Tier 1 (Gold SLA - Premium)","PutSmall",1,0,20.306,0.000,20.303
"Tier 1 (Gold SLA - Premium)","PutSmall",1,0,24.249,0.000,24.247
"Tier 1 (Gold SLA - Premium)","GetSmall",1,0,14.009,0.000,14.006
"Tier 1 (Gold SLA - Premium)","PutSmall",1,0,23.248,0.000,23.241
"Tier 1 (Gold SLA - Premium)","GetSmall",1,0,15.488,0.000,15.486
"Tier 1 (Gold SLA - Premium)","GetSmall",1,0,15.371,0.000,15.367
"Tier 1 (Gold SLA - Premium)","PutSmall",1,0,23.547,0.000,23.544
"Tier 1 (Gold SLA - Premium)","GetSmall",1,0,15.650,0.000,15.646
"Tier 1 (Gold SLA - Premium)","GetSmall",1,0,11.948,0.000,11.945
"Tier 1 (Gold SLA - Premium)","GetSmall",1,0,11.767,0.000,11.766
"Tier 1 (Gold SLA - Premium)","GetSmall",1,0,12.037,0.000,12.035
"Tier 1 (Gold SLA - Premium)","PutSmall",1,0,24.195,0.000,24.194
"Tier 1 (Gold SLA - Premium)","PutSmall",1,0,20.562,0.000,20.561
"Tier 1 (Gold SLA - Premium)","GetSmall",1,0,13.062,0.000,13.061
"Tier 1 (Gold SLA - Premium)","PutSmall",1,0,23.151,0.000,23.149
"Tier 1 (Gold SLA - Premium)","GetSmall",1,0,15.681,0.000,15.678
"Tier 1 (Gold SLA - Premium)","PutSmall",1,0,19.769,0.000,19.766
"Tier 1 (Gold SLA - Premium)","GetSmall",1,0,14.469,0.000,14.465
"Tier 1 (Gold SLA - Premium)","PutSmall",1,0,23.938,0.000,23.933
"Tier 1 (Gold SLA - Premium)","PutSmall",1,0,24.418,0.000,24.414
"Tier 1 (Gold SLA - Premium)","PutSmall",1,0,24.404,0.000,24.400
"Tier 1 (Gold SLA - Premium)","GetSmall",1,0,12.993,0.000,12.991
"Tier 1 (Gold SLA - Premium)","PutSmall",1,0,22.164,0.000,22.161
"Tier 1 (Gold SLA - Premium)","GetSmall",1,0,15.414,0.000,15.412
"Tier 1 (Gold SLA - Premium)","GetSmall",1,0,15.055,0.000,15.053
"Tier 1 (Gold SLA - Premium)","PutSmall",1,0,19.028,0.000,19.026
"Tier 1 (Gold SLA - Premium)","GetSmall",1,0,14.061,0.000,14.058
"Tier 1 (Gold SLA - Premium)","GetSmall",1,0,15.269,0.000,15.267
"Tier 1 (Gold SLA - Premium)","PutSmall",1,0,19.708,0.000,19.705
"Tier 1 (Gold SLA - Premium)","PutSmall",1,0,20.986,0.000,20.985
"Tier 1 (Gold SLA - Premium)","GetSmall",1,0,14.199,0.000,14.197
"Tier 1 (Gold SLA - Premium)","GetSmall",1,0,15.958,0.000,15.956
"Tier 1 (Gold SLA - Premium)","GetSmall",1,0,15.810,0.000,15.808
"Tier 1 (Gold SLA - Premium)","PutSmall",1,0,20.412,0.000,20.409
"Tier 1 (Gold SLA - Premium)","GetSmall",1,0,15.731,0.000,15.726
"Tier 1 (Gold SLA - Premium)","GetSmall",1,0,15.382,0.000,15.381
"Tier 1 (Gold SLA - Premium)","PutSmall",1,0,22.996,0.000,22.992
"Tier 1 (Gold SLA - Premium)","GetSmall",1,0,14.512,0.000,14.509
"Tier 1 (Gold SLA - Premium)","GetSmall",1,0,15.513,0.000,15.511
"Tier 1 (Gold SLA - Premium)","PutSmall",1,0,22.315,0.000,22.311
"Tier 1 (Gold SLA - Premium)","GetSmall",1,0,13.783,0.000,13.780
"Tier 1 (Gold SLA - Premium)","PutSmall",1,0,23.433,0.000,23.431
"Tier 1 (Gold SLA - Premium)","GetSmall",1,0,14.667,0.000,14.666
"Tier 1 (Gold SLA - Premium)","GetSmall",1,0,14.170,0.000,14.168
"Tier 1 (Gold SLA - Premium)","PutSmall",1,0,21.035,0.000,21.025
"Tier 1 (Gold SLA - Premium)","PutSmall",1,0,23.548,0.000,23.540
"Tier 1 (Gold SLA - Premium)","PutSmall",1,0,21.690,0.000,21.686
"Tier 1 (Gold SLA - Premium)","GetSmall",1,0,14.917,0.000,14.913
"Tier 1 (Gold SLA - Premium)","GetSmall",1,0,14.593,0.000,14.589
"Tier 1 (Gold SLA - Premium)","PutSmall",1,0,23.722,0.000,23.720
"Tier 1 (Gold SLA - Premium)","GetSmall",1,0,14.492,0.000,14.489
"Tier 1 (Gold SLA - Premium)","GetSmall",1,0,15.462,0.000,15.458
"Tier 1 (Gold SLA - Premium)","PutSmall",1,0,20.239,0.000,20.236
"Tier 1 (Gold SLA - Premium)","GetSmall",1,0,14.473,0.000,14.471
"Tier 1 (Gold SLA - Premium)","PutSmall",1,0,20.432,0.000,20.430
"Tier 1 (Gold SLA - Premium)","GetSmall",1,0,14.073,0.000,14.072
"Tier 1 (Gold SLA - Premium)","GetSmall",1,0,14.892,0.000,14.889
"Tier 1 (Gold SLA - Premium)","PutSmall",1,0,22.636,0.000,22.634
"Tier 1 (Gold SLA - Premium)","PutSmall",1,0,24.507,0.000,24.504
"Tier 1 (Gold SLA - Premium)","GetSmall",1,0,13.516,0.000,13.512
"Tier 1 (Gold SLA - Premium)","GetSmall",1,0,15.588,0.000,15.585
"Tier 1 (Gold SLA - Premium)","PutSmall",1,0,24.197,0.000,24.196
"Tier 1 (Gold SLA - Premium)","PutSmall",1,0,21.790,0.000,21.788
"Tier 1 (Gold SLA - Premium)","GetSmall",1,0,14.071,0.000,14.068
"Tier 1 (Gold SLA - Premium)","GetSmall",1,0,14.321,0.000,14.318
"Tier 1 (Gold SLA - Premium)","PutSmall",1,0,23.688,0.000,23.683
"Tier 1 (Gold SLA - Premium)","PutSmall",1,0,22.213,0.000,22.208
"Tier 1 (Gold SLA - Premium)","GetSmall",1,0,14.179,0.000,14.178
"Tier 1 (Gold SLA - Premium)","GetSmall",1,0,13.698,0.000,13.663
"Tier 1 (Gold SLA - Premium)","GetSmall",1,0,16.755,0.000,16.752
"Tier 1 (Gold SLA - Premium)","PutSmall",1,0,20.671,0.000,20.666
"Tier 1 (Gold SLA - Premium)","PutSmall",1,0,21.282,0.000,21.280
"Tier 1 (Gold SLA - Premium)","PutSmall",1,0,22.565,0.000,22.563
"Tier 1 (Gold SLA - Premium)","GetSmall",1,0,13.622,0.000,13.618
"Tier 1 (Gold SLA - Premium)","GetSmall",1,0,14.520,0.000,14.519
"Tier 1 (Gold SLA - Premium)","PutSmall",1,0,23.141,0.000,23.138
"Tier 1 (Gold SLA - Premium)","PutSmall",1,0,20.385,0.000,20.383
"Tier 1 (Gold SLA - Premium)","PutSmall",1,0,21.762,0.000,21.759
"Tier 1 (Gold SLA - Premium)","GetSmall",1,0,14.048,0.000,14.046
"Tier 1 (Gold SLA - Premium)","GetSmall",1,0,13.695,0.000,13.694
"Tier 1 (Gold SLA - Premium)","PutSmall",1,0,21.438,0.000,21.435
"Tier 1 (Gold SLA - Premium)","PutSmall",1,0,20.132,0.000,20.129
"Tier 1 (Gold SLA - Premium)","PutSmall",1,0,20.700,0.000,20.697
"Tier 1 (Gold SLA - Premium)","GetSmall",1,0,13.606,0.000,13.603
"Tier 1 (Gold SLA - Premium)","GetSmall",1,0,14.879,0.000,14.876
"Tier 1 (Gold SLA - Premium)","PutSmall",1,0,24.263,0.000,24.248
"Tier 1 (Gold SLA - Premium)","GetSmall",1,0,13.290,0.000,13.282
"Tier 1 (Gold SLA - Premium)","GetSmall",1,0,15.952,0.000,15.928
"Tier 1 (Gold SLA - Premium)","PutSmall",1,0,22.148,0.000,22.136
"Tier 1 (Gold SLA - Premium)","GetSmall",1,0,14.554,0.000,14.552
"Tier 1 (Gold SLA - Premium)","GetSmall",1,0,14.885,0.000,14.883
"Tier 1 (Gold SLA - Premium)","PutSmall",1,0,22.773,0.000,22.770
"Tier 1 (Gold SLA - Premium)","PutSmall",1,0,21.172,0.000,21.169
"Tier 1 (Gold SLA - Premium)","GetSmall",1,0,12.264,0.000,12.262
"Tier 1 (Gold SLA - Premium)","PutSmall",1,0,19.692,0.000,19.689
"Tier 1 (Gold SLA - Premium)","GetSmall",1,0,13.737,0.000,13.736
"Tier 1 (Gold SLA - Premium)","PutSmall",1,0,23.276,0.000,23.274
"Tier 1 (Gold SLA - Premium)","PutSmall",1,0,18.833,0.000,18.830
"Tier 1 (Gold SLA - Premium)","GetSmall",1,0,14.591,0.001,14.588
"Tier 1 (Gold SLA - Premium)","PutSmall",1,0,21.466,0.000,21.463
"Tier 1 (Gold SLA - Premium)","GetSmall",1,0,13.888,0.000,13.887
"Tier 1 (Gold SLA - Premium)","GetSmall",1,0,14.043,0.000,14.041
"Tier 1 (Gold SLA - Premium)","GetSmall",1,0,14.147,0.000,14.146
"Tier 1 (Gold SLA - Premium)","PutSmall",1,0,23.684,0.000,23.681
"Tier 1 (Gold SLA - Premium)","GetSmall",1,0,15.237,0.000,15.235
"Tier 1 (Gold SLA - Premium)","GetSmall",1,0,16.209,0.000,16.207
"Tier 1 (Gold SLA - Premium)","PutSmall",1,0,20.408,0.000,20.405
"Tier 1 (Gold SLA - Premium)","GetSmall",1,0,14.319,0.000,14.317
"Tier 1 (Gold SLA - Premium)","PutSmall",1,0,20.215,0.000,20.212
"Tier 1 (Gold SLA - Premium)","PutSmall",1,0,24.056,0.000,24.045
"Tier 1 (Gold SLA - Premium)","PutSmall",1,0,22.908,0.000,22.907
"Tier 1 (Gold SLA - Premium)","GetSmall",1,0,14.960,0.000,14.954
"Tier 1 (Gold SLA - Premium)","PutSmall",1,0,23.573,0.000,23.572
"Tier 1 (Gold SLA - Premium)","PutSmall",1,0,24.469,0.000,24.460
"Tier 1 (Gold SLA - Premium)","PutSmall",1,0,22.526,0.000,22.523
"Tier 1 (Gold SLA - Premium)","PutSmall",1,0,20.865,0.000,20.864
"Tier 1 (Gold SLA - Premium)","PutSmall",1,0,23.457,0.000,23.455
"Tier 1 (Gold SLA - Premium)","GetSmall",1,0,15.154,0.000,15.151
"Tier 1 (Gold SLA - Premium)","PutSmall",1,0,21.416,0.000,21.403
"Tier 1 (Gold SLA - Premium)","PutSmall",1,0,23.577,0.000,23.574
"Tier 1 (Gold SLA - Premium)","PutSmall",1,0,19.943,0.000,19.940
"Tier 1 (Gold SLA - Premium)","PutSmall",1,0,23.654,0.000,23.651
"Tier 1 (Gold SLA - Premium)","GetSmall",1,0,14.626,0.000,14.623
"Tier 1 (Gold SLA - Premium)","PutSmall",1,0,21.634,0.000,21.632
"Tier 1 (Gold SLA - Premium)","GetSmall",1,0,14.686,0.000,14.682
"Tier 1 (Gold SLA - Premium)","PutSmall",1,0,19.259,0.000,19.257
"Tier 1 (Gold SLA - Premium)","GetSmall",1,0,12.954,0.000,12.951
"Tier 1 (Gold SLA - Premium)","GetSmall",1,0,13.170,0.000,13.169
"Tier 1 (Gold SLA - Premium)","PutSmall",1,0,23.777,0.000,23.775
"Tier 1 (Gold SLA - Premium)","GetSmall",1,0,14.451,0.000,14.449
"Tier 1 (Gold SLA - Premium)","GetSmall",1,0,15.432,0.000,15.429
"Tier 1 (Gold SLA - Premium)","GetSmall",1,0,13.482,0.000,13.475
"Tier 1 (Gold SLA - Premium)","GetSmall",1,0,15.488,0.000,15.486
"Tier 1 (Gold SLA - Premium)","PutSmall",1,0,22.085,0.000,22.082
"Tier 1 (Gold SLA - Premium)","PutSmall",1,0,20.295,0.000,20.293
"Tier 1 (Gold SLA - Premium)","PutSmall",1,0,23.888,0.000,23.886
"Tier 1 (Gold SLA - Premium)","PutSmall",1,0,20.756,0.000,20.754
"Tier 1 (Gold SLA - Premium)","PutSmall",1,0,22.548,0.000,22.545
"Tier 1 (Gold SLA - Premium)","PutSmall",1,0,22.438,0.000,22.437
"Tier 1 (Gold SLA - Premium)","GetSmall",1,0,15.434,0.000,15.431
"Tier 1 (Gold SLA - Premium)","PutSmall",1,0,19.782,0.000,19.780
"Tier 1 (Gold SLA - Premium)","GetSmall",1,0,14.238,0.000,14.236
"Tier 1 (Gold SLA - Premium)","GetSmall",1,0,14.976,0.000,14.972
"Tier 1 (Gold SLA - Premium)","PutSmall",1,0,23.984,0.000,23.982
"Tier 1 (Gold SLA - Premium)","GetSmall",1,0,15.159,0.000,15.157
"Tier 1 (Gold SLA - Premium)","PutSmall",1,0,20.503,0.000,20.502
"Tier 1 (Gold SLA - Premium)","PutSmall",1,0,21.708,0.000,21.707
"Tier 1 (Gold SLA - Premium)","PutSmall",1,0,19.729,0.000,19.726
"Tier 1 (Gold SLA - Premium)","GetSmall",1,0,13.843,0.000,13.842
"Tier 1 (Gold SLA - Premium)","GetSmall",1,0,13.145,0.000,13.142
"Tier 1 (Gold SLA - Premium)","PutSmall",1,0,22.002,0.000,21.999
"Tier 1 (Gold SLA - Premium)","PutSmall",1,0,22.251,0.000,22.248
"Tier 1 (Gold SLA - Premium)","PutSmall",1,0,22.353,0.000,22.351
"Tier 1 (Gold SLA - Premium)","GetSmall",1,0,15.640,0.000,15.638
"Tier 1 (Gold SLA - Premium)","PutSmall",1,0,21.819,0.000,21.817
"Tier 1 (Gold SLA - Premium)","GetSmall",1,0,14.341,0.000,14.339
"Tier 1 (Gold SLA - Premium)","PutSmall",1,0,21.420,0.000,21.417
"Tier 1 (Gold SLA - Premium)","PutSmall",1,0,22.216,0.000,22.215
"Tier 1 (Gold SLA - Premium)","GetSmall",1,0,15.101,0.000,15.099
"Tier 1 (Gold SLA - Premium)","PutSmall",1,0,21.100,0.000,21.097
"Tier 1 (Gold SLA - Premium)","PutSmall",1,0,20.973,0.000,20.972
"Tier 1 (Gold SLA - Premium)","PutSmall",1,0,21.757,0.000,21.755
"Tier 1 (Gold SLA - Premium)","PutSmall",1,0,19.763,0.000,19.749
"Tier 1 (Gold SLA - Premium)","GetSmall",1,0,13.158,0.000,13.154
"Tier 1 (Gold SLA - Premium)","GetSmall",1,0,13.093,0.000,13.091
"Tier 1 (Gold SLA - Premium)","PutSmall",1,0,19.745,0.000,19.743
"Tier 1 (Gold SLA - Premium)","PutSmall",1,0,21.429,0.000,21.427
"Tier 1 (Gold SLA - Premium)","PutSmall",1,0,22.816,0.000,22.808
"Tier 1 (Gold SLA - Premium)","PutSmall",1,0,23.531,0.000,23.523
"Tier 1 (Gold SLA - Premium)","PutSmall",1,0,23.235,0.000,23.231
"Tier 1 (Gold SLA - Premium)","GetSmall",1,0,15.574,0.000,15.569
"Tier 1 (Gold SLA - Premium)","PutSmall",1,0,23.200,0.000,23.198
"Tier 1 (Gold SLA - Premium)","GetSmall",1,0,14.416,0.000,14.413
"Tier 1 (Gold SLA - Premium)","PutSmall",1,0,22.135,0.000,22.133
"Tier 1 (Gold SLA - Premium)","GetSmall",1,0,14.300,0.000,14.299
"Tier 1 (Gold SLA - Premium)","PutSmall",1,0,24.520,0.000,24.519
"Tier 1 (Gold SLA - Premium)","GetSmall",1,0,13.805,0.000,13.802
"Tier 1 (Gold SLA - Premium)","GetSmall",1,0,15.614,0.000,15.611
"Tier 1 (Gold SLA - Premium)","GetSmall",1,0,13.174,0.000,13.171
"Tier 1 (Gold SLA - Premium)","PutSmall",1,0,20.160,0.000,20.158
"Tier 1 (Gold SLA - Premium)","PutSmall",1,0,20.875,0.000,20.873
"Tier 1 (Gold SLA - Premium)","GetSmall",1,0,14.929,0.000,14.926
"Tier 1 (Gold SLA - Premium)","PutSmall",1,0,24.107,0.000,24.095
"Tier 1 (Gold SLA - Premium)","GetSmall",1,0,15.237,0.000,15.236
"Tier 1 (Gold SLA - Premium)","PutSmall",1,0,24.245,0.000,24.244
"Tier 1 (Gold SLA - Premium)","PutSmall",1,0,19.346,0.000,19.344
"Tier 1 (Gold SLA - Premium)","GetSmall",1,0,15.671,0.000,15.669
"Tier 1 (Gold SLA - Premium)","PutSmall",1,0,21.658,0.000,21.655
"Tier 1 (Gold SLA - Premium)","PutSmall",1,0,20.319,0.000,20.316
"Tier 1 (Gold SLA - Premium)","PutSmall",1,0,21.880,0.000,21.877
"Tier 1 (Gold SLA - Premium)","GetSmall",1,0,15.666,0.000,15.664
"Tier 1 (Gold SLA - Premium)","PutSmall",1,0,22.860,0.000,22.858
"Tier 1 (Gold SLA - Premium)","GetSmall",1,0,14.081,0.000,14.079
"Tier 1 (Gold SLA - Premium)","GetSmall",1,0,15.014,0.000,15.011
"Tier 1 (Gold SLA - Premium)","PutSmall",1,0,23.320,0.000,23.318
"Tier 1 (Gold SLA - Premium)","PutSmall",1,0,21.316,0.000,21.314
"Tier 1 (Gold SLA - Premium)","PutSmall",1,0,20.269,0.000,20.266
"Tier 1 (Gold SLA - Premium)","PutSmall",1,0,21.648,0.000,21.646
"Tier 1 (Gold SLA - Premium)","PutSmall",1,0,23.292,0.000,23.290
"Tier 1 (Gold SLA - Premium)","GetSmall",1,0,16.227,0.000,16.226
"Tier 1 (Gold SLA - Premium)","PutSmall",1,0,19.499,0.000,19.497
"Tier 1 (Gold SLA - Premium)","PutSmall",1,0,20.449,0.000,20.447
"Tier 1 (Gold SLA - Premium)","PutSmall",1,0,21.784,0.000,21.783
"Tier 1 (Gold SLA - Premium)","PutSmall",1,0,22.529,0.000,22.527
"Tier 1 (Gold SLA - Premium)","PutSmall",1,0,20.754,0.000,20.751
"Tier 1 (Gold SLA - Premium)","PutSmall",1,0,20.544,0.000,20.542
"Tier 1 (Gold SLA - Premium)","GetSmall",1,0,15.748,0.000,15.747
"Tier 1 (Gold SLA - Premium)","PutSmall",1,0,20.949,0.000,20.947
"Tier 1 (Gold SLA - Premium)","PutSmall",1,0,20.951,0.000,20.949
"Tier 1 (Gold SLA - Premium)","GetSmall",1,0,13.069,0.000,13.067
"Tier 1 (Gold SLA - Premium)","GetSmall",1,0,14.059,0.000,14.058
"Tier 1 (Gold SLA - Premium)","GetSmall",1,0,15.040,0.000,15.038
"Tier 1 (Gold SLA - Premium)","PutSmall",1,0,22.748,0.000,22.745
"Tier 1 (Gold SLA - Premium)","GetSmall",1,0,14.492,0.000,14.489
"Tier 1 (Gold SLA - Premium)","GetSmall",1,0,14.493,0.000,14.491
"Tier 1 (Gold SLA - Premium)","PutSmall",1,0,23.983,0.000,23.982
"Tier 1 (Gold SLA - Premium)","PutSmall",1,0,19.958,0.000,19.951
"Tier 1 (Gold SLA - Premium)","PutSmall",1,0,20.975,0.000,20.973
"Tier 1 (Gold SLA - Premium)","GetSmall",1,0,15.430,0.000,15.427
"Tier 1 (Gold SLA - Premium)","GetSmall",1,0,16.018,0.000,16.016
"Tier 1 (Gold SLA - Premium)","PutSmall",1,0,23.530,0.000,23.528
"Tier 1 (Gold SLA - Premium)","PutSmall",1,0,20.395,0.000,20.386
"Tier 1 (Gold SLA - Premium)","PutSmall",1,0,23.576,0.000,23.573
"Tier 1 (Gold SLA - Premium)","PutSmall",1,0,23.227,0.000,23.224
"Tier 1 (Gold SLA - Premium)","PutSmall",1,0,23.681,0.000,23.678
"Tier 1 (Gold SLA - Premium)","PutSmall",1,0,23.199,0.000,23.197
"Tier 1 (Gold SLA - Premium)","GetSmall",1,0,13.460,0.000,13.457
"Tier 1 (Gold SLA - Premium)","PutSmall",1,0,22.114,0.000,22.111
"Tier 1 (Gold SLA - Premium)","GetSmall",1,0,15.388,0.000,15.384
"Tier 1 (Gold SLA - Premium)","PutSmall",1,0,18.920,0.000,18.917
"Tier 1 (Gold SLA - Premium)","GetSmall",1,0,15.731,0.000,15.722
"Tier 1 (Gold SLA - Premium)","PutSmall",1,0,23.181,0.000,23.178
"Tier 1 (Gold SLA - Premium)","GetSmall",1,0,13.666,0.000,13.662
"Tier 1 (Gold SLA - Premium)","PutSmall",1,0,23.344,0.000,23.332
"Tier 1 (Gold SLA - Premium)","PutSmall",1,0,20.004,0.000,20.001
"Tier 1 (Gold SLA - Premium)","PutSmall",1,0,21.533,0.000,21.531
"Tier 1 (Gold SLA - Premium)","PutSmall",1,0,21.050,0.000,21.048
"Tier 1 (Gold SLA - Premium)","PutSmall",1,0,20.190,0.000,20.188
"Tier 1 (Gold SLA - Premium)","GetSmall",1,0,14.340,0.000,14.338
"Tier 1 (Gold SLA - Premium)","GetSmall",1,0,13.365,0.000,13.364
"Tier 1 (Gold SLA - Premium)","GetSmall",1,0,15.675,0.000,15.673
"Tier 1 (Gold SLA - Premium)","GetSmall",1,0,13.700,0.000,13.697
"Tier 1 (Gold SLA - Premium)","GetSmall",1,0,16.470,0.000,16.468
"Tier 1 (Gold SLA - Premium)","GetSmall",1,0,13.396,0.000,13.393
"Tier 1 (Gold SLA - Premium)","PutSmall",1,0,23.060,0.000,23.057
"Tier 1 (Gold SLA - Premium)","PutSmall",1,0,23.647,0.000,23.645
"Tier 1 (Gold SLA - Premium)","GetSmall",1,0,15.176,0.000,15.174
"Tier 1 (Gold SLA - Premium)","PutSmall",1,0,23.374,0.000,23.371
"Tier 1 (Gold SLA - Premium)","PutSmall",1,0,22.461,0.000,22.457
"Tier 1 (Gold SLA - Premium)","GetSmall",1,0,16.534,0.000,16.533
"Tier 1 (Gold SLA - Premium)","GetSmall",1,0,13.150,0.000,13.148
"Tier 1 (Gold SLA - Premium)","GetSmall",1,0,13.833,0.000,13.830
"Tier 1 (Gold SLA - Premium)","PutSmall",1,0,19.676,0.000,19.674
"Tier 1 (Gold SLA - Premium)","GetSmall",1,0,14.487,0.000,14.478
"Tier 1 (Gold SLA - Premium)","PutSmall",1,0,21.913,0.000,21.911
"Tier 1 (Gold SLA - Premium)","PutSmall",1,0,22.180,0.000,22.178
"Tier 1 (Gold SLA - Premium)","GetSmall",1,0,13.673,0.000,13.670
"Tier 1 (Gold SLA - Premium)","GetSmall",1,0,13.579,0.000,13.568
"Tier 1 (Gold SLA - Premium)","GetSmall",1,0,14.425,0.000,14.423
"Tier 1 (Gold SLA - Premium)","GetSmall",1,0,14.030,0.000,14.027
"Tier 1 (Gold SLA - Premium)","GetSmall",1,0,13.625,0.000,13.623
"Tier 1 (Gold SLA - Premium)","GetSmall",1,0,13.143,0.000,13.139
"Tier 1 (Gold SLA - Premium)","PutSmall",1,0,19.117,0.000,19.114
"Tier 1 (Gold SLA - Premium)","PutSmall",1,0,23.812,0.000,23.810
"Tier 1 (Gold SLA - Premium)","PutSmall",1,0,21.595,0.000,21.591
"Tier 1 (Gold SLA - Premium)","GetSmall",1,0,15.156,0.000,15.148
"Tier 1 (Gold SLA - Premium)","GetSmall",1,0,14.099,0.000,14.095
"Tier 1 (Gold SLA - Premium)","PutSmall",1,0,20.664,0.000,20.661
"Tier 1 (Gold SLA - Premium)","PutSmall",1,0,23.432,0.000,23.429
"Tier 1 (Gold SLA - Premium)","GetSmall",1,0,13.724,0.000,13.721
"Tier 1 (Gold SLA - Premium)","GetSmall",1,0,13.368,0.000,13.364
"Tier 1 (Gold SLA - Premium)","PutSmall",1,0,21.517,0.000,21.516
"Tier 1 (Gold SLA - Premium)","GetSmall",1,0,14.844,0.000,14.843
"Tier 1 (Gold SLA - Premium)","PutSmall",1,0,23.587,0.000,23.585
"Tier 1 (Gold SLA - Premium)","PutSmall",1,0,19.172,0.000,19.170
"Tier 1 (Gold SLA - Premium)","PutSmall",1,0,22.810,0.000,22.806
"Tier 1 (Gold SLA - Premium)","PutSmall",1,0,23.851,0.000,23.848
"Tier 1 (Gold SLA - Premium)","GetSmall",1,0,15.212,0.000,15.209
"Tier 1 (Gold SLA - Premium)","GetSmall",1,0,12.876,0.000,12.874
"Tier 1 (Gold SLA - Premium)","PutSmall",1,0,21.967,0.000,21.965
"Tier 1 (Gold SLA - Premium)","PutSmall",1,0,21.732,0.000,21.724
"Tier 1 (Gold SLA - Premium)","PutSmall",1,0,19.883,0.000,19.881
"Tier 1 (Gold SLA - Premium)","GetSmall",1,0,15.966,0.000,15.962
"Tier 1 (Gold SLA - Premium)","PutSmall",1,0,20.597,0.000,20.596
"Tier 1 (Gold SLA - Premium)","PutSmall",1,0,22.298,0.000,22.295
"Tier 1 (Gold SLA - Premium)","GetSmall",1,0,15.782,0.000,15.779
"Tier 1 (Gold SLA - Premium)","GetSmall",1,0,13.356,0.000,13.355
"Tier 1 (Gold SLA - Premium)","GetSmall",1,0,14.564,0.000,14.562
"Tier 1 (Gold SLA - Premium)","PutSmall",1,0,20.564,0.000,20.563
"Tier 1 (Gold SLA - Premium)","GetSmall",1,0,13.426,0.000,13.421
"Tier 1 (Gold SLA - Premium)","GetSmall",1,0,14.941,0.000,14.937
"Tier 1 (Gold SLA - Premium)","GetSmall",1,0,13.146,0.000,13.145
"Tier 1 (Gold SLA - Premium)","GetSmall",1,0,15.134,0.000,15.132
"Tier 1 (Gold SLA - Premium)","GetSmall",1,0,15.483,0.000,15.480
"Tier 1 (Gold SLA - Premium)","PutSmall",1,0,23.210,0.000,23.207
"Tier 1 (Gold SLA - Premium)","PutSmall",1,0,22.852,0.000,22.847
"Tier 1 (Gold SLA - Premium)","GetSmall",1,0,13.709,0.000,13.707
"Tier 1 (Gold SLA - Premium)","GetSmall",1,0,14.194,0.000,14.193
"Tier 1 (Gold SLA - Premium)","GetSmall",1,0,14.053,0.000,14.051
"Tier 1 (Gold SLA - Premium)","GetSmall",1,0,14.468,0.000,14.464
"Tier 1 (Gold SLA - Premium)","GetSmall",1,0,14.683,0.000,14.680
"Tier 1 (Gold SLA - Premium)","PutSmall",1,0,23.811,0.000,23.809
"Tier 1 (Gold SLA - Premium)","PutSmall",1,0,20.184,0.000,20.181
"Tier 1 (Gold SLA - Premium)","GetSmall",1,0,14.079,0.000,14.076
"Tier 1 (Gold SLA - Premium)","GetSmall",1,0,13.752,0.000,13.751
"Tier 1 (Gold SLA - Premium)","PutSmall",1,0,21.109,0.000,21.107
"Tier 1 (Gold SLA - Premium)","PutSmall",1,0,22.827,0.000,22.825
"Tier 1 (Gold SLA - Premium)","PutSmall",1,0,21.421,0.000,21.420
"Tier 1 (Gold SLA - Premium)","PutSmall",1,0,22.064,0.000,22.062
"Tier 1 (Gold SLA - Premium)","GetSmall",1,0,15.460,0.000,15.458
"Tier 1 (Gold SLA - Premium)","GetSmall",1,0,13.039,0.000,13.036
"Tier 1 (Gold SLA - Premium)","PutSmall",1,0,23.837,0.000,23.835
"Tier 1 (Gold SLA - Premium)","GetSmall",1,0,13.629,0.000,13.627
"Tier 1 (Gold SLA - Premium)","PutSmall",1,0,23.216,0.000,23.213
"Tier 1 (Gold SLA - Premium)","GetSmall",1,0,14.337,0.000,14.336
"Tier 1 (Gold SLA - Premium)","GetSmall",1,0,14.799,0.000,14.798
"Tier 1 (Gold SLA - Premium)","PutSmall",1,0,22.509,0.000,22.507
"Tier 1 (Gold SLA - Premium)","GetSmall",1,0,15.928,0.000,15.927
"Tier 1 (Gold SLA - Premium)","GetSmall",1,0,14.042,0.000,14.040
"Tier 1 (Gold SLA - Premium)","GetSmall",1,0,15.581,0.000,15.569
"Tier 1 (Gold SLA - Premium)","PutSmall",1,0,22.909,0.000,22.906
"Tier 1 (Gold SLA - Premium)","PutSmall",1,0,21.708,0.000,21.706
"Tier 1 (Gold SLA - Premium)","PutSmall",1,0,21.411,0.000,21.408
"Tier 1 (Gold SLA - Premium)","GetSmall",1,0,12.860,0.000,12.850
"Tier 1 (Gold SLA - Premium)","PutSmall",1,0,20.109,0.000,20.106
"Tier 1 (Gold SLA - Premium)","GetSmall",1,0,15.636,0.000,15.634
"Tier 1 (Gold SLA - Premium)","GetSmall",1,0,15.531,0.000,15.530
"Tier 1 (Gold SLA - Premium)","PutSmall",1,0,19.825,0.000,19.823
"Tier 1 (Gold SLA - Premium)","GetSmall",1,0,14.740,0.000,14.736
"Tier 1 (Gold SLA - Premium)","GetSmall",1,0,14.983,0.000,14.982
"Tier 1 (Gold SLA - Premium)","PutSmall",1,0,21.347,0.000,21.346
"Tier 1 (Gold SLA - Premium)","GetSmall",1,0,15.507,0.000,15.505
"Tier 1 (Gold SLA - Premium)","PutSmall",1,0,22.721,0.000,22.675
"Tier 1 (Gold SLA - Premium)","GetSmall",1,0,14.036,0.000,14.034
"Tier 1 (Gold SLA - Premium)","PutSmall",1,0,22.395,0.000,22.393
"Tier 1 (Gold SLA - Premium)","GetSmall",1,0,13.613,0.000,13.610
"Tier 1 (Gold SLA - Premium)","GetSmall",1,0,13.526,0.000,13.525
"Tier 1 (Gold SLA - Premium)","GetSmall",1,0,13.259,0.000,13.258
"Tier 1 (Gold SLA - Premium)","GetSmall",1,0,14.643,0.000,14.640
"Tier 1 (Gold SLA - Premium)","PutSmall",1,0,22.307,0.000,22.304
"Tier 1 (Gold SLA - Premium)","GetSmall",1,0,13.777,0.000,13.774
"Tier 1 (Gold SLA - Premium)","PutSmall",1,0,19.204,0.000,19.202
"Tier 1 (Gold SLA - Premium)","PutSmall",1,0,21.178,0.000,21.175
"Tier 1 (Gold SLA - Premium)","PutSmall",1,0,22.587,0.000,22.585
"Tier 1 (Gold SLA - Premium)","GetSmall",1,0,15.472,0.000,15.470
"Tier 1 (Gold SLA - Premium)","GetSmall",1,0,14.258,0.000,14.257
"Tier 1 (Gold SLA - Premium)","PutSmall",1,0,20.804,0.001,20.800
"Tier 1 (Gold SLA - Premium)","PutSmall",1,0,21.652,0.000,21.649
"Tier 1 (Gold SLA - Premium)","PutSmall",1,0,22.364,0.000,22.360
"Tier 1 (Gold SLA - Premium)","GetSmall",1,0,13.735,0.000,13.734
"Tier 1 (Gold SLA - Premium)","PutSmall",1,0,22.908,0.000,22.905
"Tier 1 (Gold SLA - Premium)","GetSmall",1,0,15.108,0.000,15.106
"Tier 1 (Gold SLA - Premium)","PutSmall",1,0,19.597,0.000,19.594
"Tier 1 (Gold SLA - Premium)","PutSmall",1,0,21.755,0.000,21.752
"Tier 1 (Gold SLA - Premium)","PutSmall",1,0,20.798,0.000,20.796
"Tier 1 (Gold SLA - Premium)","GetSmall",1,0,12.431,0.000,12.429
"Tier 1 (Gold SLA - Premium)","PutSmall",1,0,22.441,0.000,22.440
"Tier 1 (Gold SLA - Premium)","GetSmall",1,0,14.501,0.000,14.498
"Tier 1 (Gold SLA - Premium)","GetSmall",1,0,14.954,0.000,14.950
"Tier 1 (Gold SLA - Premium)","PutSmall",1,0,21.668,0.000,21.665
"Tier 1 (Gold SLA - Premium)","GetSmall",1,0,14.907,0.000,14.905
"Tier 1 (Gold SLA - Premium)","GetSmall",1,0,15.472,0.000,15.469
"Tier 1 (Gold SLA - Premium)","PutSmall",1,0,19.909,0.000,19.908
"Tier 1 (Gold SLA - Premium)","GetSmall",1,0,15.941,0.000,15.937
"Tier 1 (Gold SLA - Premium)","PutSmall",1,0,21.965,0.000,21.962
"Tier 1 (Gold SLA - Premium)","PutSmall",1,0,22.664,0.000,22.656
"Tier 1 (Gold SLA - Premium)","GetSmall",1,0,15.837,0.000,15.835
"Tier 1 (Gold SLA - Premium)","GetSmall",1,0,12.796,0.000,12.795
"Tier 1 (Gold SLA - Premium)","PutSmall",1,0,24.757,0.000,24.752
"Tier 1 (Gold SLA - Premium)","PutSmall",1,0,24.127,0.000,24.125
"Tier 1 (Gold SLA - Premium)","PutSmall",1,0,23.982,0.000,23.962
"Tier 1 (Gold SLA - Premium)","GetSmall",1,0,12.874,0.000,12.871
"Tier 1 (Gold SLA - Premium)","PutSmall",1,0,23.410,0.000,23.405
"Tier 1 (Gold SLA - Premium)","GetSmall",1,0,14.992,0.000,14.990
"Tier 1 (Gold SLA - Premium)","PutSmall",1,0,24.671,0.000,24.670
"Tier 1 (Gold SLA - Premium)","PutSmall",1,0,21.074,0.000,21.072
"Tier 1 (Gold SLA - Premium)","PutSmall",1,0,22.267,0.000,22.265
"Tier 1 (Gold SLA - Premium)","PutSmall",1,0,23.377,0.000,23.374
"Tier 1 (Gold SLA - Premium)","PutSmall",1,0,20.067,0.000,20.064
"Tier 1 (Gold SLA - Premium)","PutSmall",1,0,21.021,0.000,21.019
"Tier 1 (Gold SLA - Premium)","PutSmall",1,0,23.801,0.000,23.798
"Tier 1 (Gold SLA - Premium)","GetSmall",1,0,15.215,0.000,15.212
"Tier 1 (Gold SLA - Premium)","GetSmall",1,0,13.187,0.000,13.185
"Tier 1 (Gold SLA - Premium)","PutSmall",1,0,20.822,0.000,20.821
"Tier 1 (Gold SLA - Premium)","PutSmall",1,0,22.564,0.001,22.555
"Tier 1 (Gold SLA - Premium)","PutSmall",1,0,19.134,0.000,19.124
"Tier 1 (Gold SLA - Premium)","GetSmall",1,0,14.632,0.000,14.629
"Tier 1 (Gold SLA - Premium)","PutSmall",1,0,18.452,0.000,18.450
"Tier 1 (Gold SLA - Premium)","PutSmall",1,0,19.913,0.000,19.911
"Tier 1 (Gold SLA - Premium)","GetSmall",1,0,15.792,0.000,15.790
"Tier 1 (Gold SLA - Premium)","GetSmall",1,0,14.218,0.000,14.215
"Tier 1 (Gold SLA - Premium)","PutSmall",1,0,20.298,0.000,20.296
"Tier 1 (Gold SLA - Premium)","PutSmall",1,0,19.892,0.000,19.891
"Tier 1 (Gold SLA - Premium)","PutSmall",1,0,21.039,0.000,21.038
"Tier 1 (Gold SLA - Premium)","GetSmall",1,0,15.222,0.000,15.219
"Tier 1 (Gold SLA - Premium)","GetSmall",1,0,15.976,0.000,15.974
"Tier 1 (Gold SLA - Premium)","PutSmall",1,0,21.416,0.000,21.414
"Tier 1 (Gold SLA - Premium)","GetSmall",1,0,14.804,0.000,14.802
"Tier 1 (Gold SLA - Premium)","GetSmall",1,0,12.893,0.000,12.891
"Tier 1 (Gold SLA - Premium)","GetSmall",1,0,15.736,0.000,15.733
"Tier 1 (Gold SLA - Premium)","GetSmall",1,0,14.256,0.000,14.253
"Tier 1 (Gold SLA - Premium)","GetSmall",1,0,15.405,0.000,15.403
"Tier 1 (Gold SLA - Premium)","PutSmall",1,0,19.893,0.000,19.882
"Tier 1 (Gold SLA - Premium)","PutSmall",1,0,21.955,0.000,21.953
"Tier 1 (Gold SLA - Premium)","PutSmall",1,0,21.691,0.000,21.688
"Tier 1 (Gold SLA - Premium)","PutSmall",1,0,20.235,0.000,20.234
"Tier 1 (Gold SLA - Premium)","GetSmall",1,0,15.806,0.000,15.800
"Tier 1 (Gold SLA - Premium)","GetSmall",1,0,15.399,0.000,15.397
"Tier 1 (Gold SLA - Premium)","GetSmall",1,0,14.813,0.000,14.808
"Tier 1 (Gold SLA - Premium)","GetSmall",1,0,15.044,0.000,15.041
"Tier 1 (Gold SLA - Premium)","PutSmall",1,0,24.412,0.000,24.410
"Tier 1 (Gold SLA - Premium)","PutSmall",1,0,21.378,0.000,21.377
"Tier 1 (Gold SLA - Premium)","GetSmall",1,0,14.660,0.000,14.657
"Tier 1 (Gold SLA - Premium)","GetSmall",1,0,14.889,0.000,14.886
"Tier 1 (Gold SLA - Premium)","GetSmall",1,0,15.630,0.000,15.626
"Tier 1 (Gold SLA - Premium)","PutSmall",1,0,21.532,0.000,21.530
"Tier 1 (Gold SLA - Premium)","PutSmall",1,0,21.436,0.000,21.434
"Tier 1 (Gold SLA - Premium)","PutSmall",1,0,22.464,0.000,22.462
"Tier 1 (Gold SLA - Premium)","PutSmall",1,0,20.892,0.000,20.888
"Tier 1 (Gold SLA - Premium)","GetSmall",1,0,15.571,0.000,15.569
"Tier 1 (Gold SLA - Premium)","GetSmall",1,0,14.764,0.000,14.762
"Tier 1 (Gold SLA - Premium)","GetSmall",1,0,13.965,0.000,13.963
"Tier 1 (Gold SLA - Premium)","PutSmall",1,0,22.981,0.001,22.977
"Tier 1 (Gold SLA - Premium)","PutSmall",1,0,21.755,0.000,21.753
"Tier 1 (Gold SLA - Premium)","PutSmall",1,0,24.966,0.000,24.963
"Tier 1 (Gold SLA - Premium)","GetSmall",1,0,15.307,0.000,15.303
"Tier 1 (Gold SLA - Premium)","PutSmall",1,0,20.111,0.000,20.108
"Tier 1 (Gold SLA - Premium)","GetSmall",1,0,13.440,0.000,13.436
"Tier 1 (Gold SLA - Premium)","GetSmall",1,0,15.911,0.000,15.909
"Tier 1 (Gold SLA - Premium)","GetSmall",1,0,14.118,0.000,14.103
"Tier 1 (Gold SLA - Premium)","PutSmall",1,0,22.905,0.000,22.897
"Tier 1 (Gold SLA - Premium)","GetSmall",1,0,14.806,0.000,14.805
"Tier 1 (Gold SLA - Premium)","GetSmall",1,0,16.238,0.000,16.233
"Tier 1 (Gold SLA - Premium)","PutSmall",1,0,20.198,0.000,20.196
"Tier 1 (Gold SLA - Premium)","PutSmall",1,0,24.910,0.000,24.908
"Tier 1 (Gold SLA - Premium)","GetSmall",1,0,13.753,0.000,13.742
"Tier 1 (Gold SLA - Premium)","GetSmall",1,0,13.639,0.000,13.635
"Tier 1 (Gold SLA - Premium)","GetSmall",1,0,14.003,0.000,13.999
"Tier 1 (Gold SLA - Premium)","PutSmall",1,0,23.035,0.000,23.032
"Tier 1 (Gold SLA - Premium)","PutSmall",1,0,20.265,0.000,20.263
"Tier 1 (Gold SLA - Premium)","PutSmall",1,0,19.800,0.000,19.798
"Tier 1 (Gold SLA - Premium)","PutSmall",1,0,20.533,0.000,20.530
"Tier 1 (Gold SLA - Premium)","GetSmall",1,0,14.576,0.000,14.574
"Tier 1 (Gold SLA - Premium)","GetSmall",1,0,15.250,0.000,15.245
"Tier 1 (Gold SLA - Premium)","PutSmall",1,0,20.823,0.000,20.816
"Tier 1 (Gold SLA - Premium)","GetSmall",1,0,16.034,0.000,16.030
"Tier 1 (Gold SLA - Premium)","PutSmall",1,0,19.314,0.000,19.302
"Tier 1 (Gold SLA - Premium)","GetSmall",1,0,14.602,0.000,14.600
"Tier 1 (Gold SLA - Premium)","PutSmall",1,0,21.101,0.000,21.098
"Tier 1 (Gold SLA - Premium)","PutSmall",1,0,24.804,0.000,24.801
"Tier 1 (Gold SLA - Premium)","PutSmall",1,0,21.773,0.000,21.772
"Tier 1 (Gold SLA - Premium)","GetSmall",1,0,15.812,0.000,15.810
"Tier 1 (Gold SLA - Premium)","GetSmall",1,0,15.447,0.000,15.444
"Tier 1 (Gold SLA - Premium)","PutSmall",1,0,21.258,0.000,21.246
"Tier 1 (Gold SLA - Premium)","PutSmall",1,0,19.580,0.000,19.578
"Tier 1 (Gold SLA - Premium)","PutSmall",1,0,23.791,0.000,23.790
"Tier 1 (Gold SLA - Premium)","GetSmall",1,0,16.211,0.000,16.208
"Tier 1 (Gold SLA - Premium)","PutSmall",1,0,23.118,0.000,23.114
"Tier 1 (Gold SLA - Premium)","GetSmall",1,0,12.228,0.000,12.226
"Tier 1 (Gold SLA - Premium)","GetSmall",1,0,12.953,0.000,12.950
"Tier 1 (Gold SLA - Premium)","GetSmall",1,0,14.312,0.000,14.309
"Tier 1 (Gold SLA - Premium)","PutSmall",1,0,25.055,0.000,25.042
"Tier 1 (Gold SLA - Premium)","GetSmall",1,0,14.871,0.000,14.867
"Tier 1 (Gold SLA - Premium)","GetSmall",1,0,14.373,0.000,14.370
"Tier 1 (Gold SLA - Premium)","PutSmall",1,0,22.310,0.000,22.307
"Tier 1 (Gold SLA - Premium)","GetSmall",1,0,14.768,0.000,14.765
"Tier 1 (Gold SLA - Premium)","PutSmall",1,0,22.602,0.000,22.599
"Tier 1 (Gold SLA - Premium)","PutSmall",1,0,19.040,0.000,19.037
"Tier 1 (Gold SLA - Premium)","PutSmall",1,0,23.513,0.000,23.510
"Tier 1 (Gold SLA - Premium)","PutSmall",1,0,20.631,0.000,20.629
"Tier 1 (Gold SLA - Premium)","PutSmall",1,0,20.210,0.000,20.208
"Tier 1 (Gold SLA - Premium)","GetSmall",1,0,14.303,0.000,14.302
"Tier 1 (Gold SLA - Premium)","GetSmall",1,0,13.423,0.000,13.421
"Tier 1 (Gold SLA - Premium)","GetSmall",1,0,13.833,0.000,13.832
"Tier 1 (Gold SLA - Premium)","PutSmall",1,0,22.451,0.000,22.447
"Tier 1 (Gold SLA - Premium)","GetSmall",1,0,14.558,0.000,14.556
"Tier 1 (Gold SLA - Premium)","GetSmall",1,0,14.322,0.000,14.321
"Tier 1 (Gold SLA - Premium)","GetSmall",1,0,13.611,0.000,13.608
"Tier 1 (Gold SLA - Premium)","GetSmall",1,0,13.850,0.000,13.847
"Tier 1 (Gold SLA - Premium)","PutSmall",1,0,20.010,0.000,20.007
"Tier 1 (Gold SLA - Premium)","PutSmall",1,0,20.884,0.000,20.881
"Tier 1 (Gold SLA - Premium)","PutSmall",1,0,23.535,0.000,23.534
"Tier 1 (Gold SLA - Premium)","PutSmall",1,0,21.935,0.000,21.933
"Tier 1 (Gold SLA - Premium)","PutSmall",1,0,22.628,0.000,22.625
"Tier 1 (Gold SLA - Premium)","GetSmall",1,0,13.349,0.000,13.348
"Tier 1 (Gold SLA - Premium)","GetSmall",1,0,13.467,0.000,13.465
"Tier 1 (Gold SLA - Premium)","GetSmall",1,0,13.915,0.000,13.914
"Tier 1 (Gold SLA - Premium)","PutSmall",1,0,23.083,0.000,23.080
"Tier 1 (Gold SLA - Premium)","PutSmall",1,0,21.444,0.000,21.442
"Tier 1 (Gold SLA - Premium)","PutSmall",1,0,20.695,0.000,20.693
"Tier 1 (Gold SLA - Premium)","GetSmall",1,0,13.589,0.000,13.587
"Tier 1 (Gold SLA - Premium)","GetSmall",1,0,15.609,0.000,15.599
"Tier 1 (Gold SLA - Premium)","PutSmall",1,0,23.632,0.000,23.630
"Tier 1 (Gold SLA - Premium)","GetSmall",1,0,13.173,0.000,13.171
"Tier 1 (Gold SLA - Premium)","GetSmall",1,0,14.923,0.000,14.920
"Tier 1 (Gold SLA - Premium)","GetSmall",1,0,14.410,0.000,14.408
"Tier 1 (Gold SLA - Premium)","GetSmall",1,0,15.906,0.000,15.903
"Tier 1 (Gold SLA - Premium)","GetSmall",1,0,14.769,0.000,14.768
"Tier 1 (Gold SLA - Premium)","PutSmall",1,0,23.000,0.000,22.998
"Tier 1 (Gold SLA - Premium)","PutSmall",1,0,20.539,0.000,20.537
"Tier 1 (Gold SLA - Premium)","PutSmall",1,0,20.439,0.000,20.436
"Tier 1 (Gold SLA - Premium)","GetSmall",1,0,15.773,0.000,15.770
"Tier 1 (Gold SLA - Premium)","PutSmall",1,0,22.472,0.000,22.469
"Tier 1 (Gold SLA - Premium)","PutSmall",1,0,21.916,0.000,21.914
"Tier 1 (Gold SLA - Premium)","GetSmall",1,0,13.211,0.000,13.208
"Tier 1 (Gold SLA - Premium)","PutSmall",1,0,22.469,0.000,22.468
"Tier 1 (Gold SLA - Premium)","GetSmall",1,0,14.085,0.000,14.082
"Tier 1 (Gold SLA - Premium)","GetSmall",1,0,15.343,0.000,15.340
"Tier 1 (Gold SLA - Premium)","PutSmall",1,0,23.453,0.000,23.450
"Tier 1 (Gold SLA - Premium)","PutSmall",1,0,24.163,0.000,24.160
"Tier 1 (Gold SLA - Premium)","PutSmall",1,0,20.910,0.001,20.907
"Tier 1 (Gold SLA - Premium)","GetSmall",1,0,15.176,0.000,15.174
"Tier 1 (Gold SLA - Premium)","GetSmall",1,0,15.950,0.000,15.949
"Tier 1 (Gold SLA - Premium)","GetSmall",1,0,14.514,0.000,14.512
"Tier 1 (Gold SLA - Premium)","PutSmall",1,0,19.963,0.000,19.961
"Tier 1 (Gold SLA - Premium)","GetSmall",1,0,12.906,0.000,12.904
"Tier 1 (Gold SLA - Premium)","PutSmall",1,0,24.018,0.000,24.017
"Tier 1 (Gold SLA - Premium)","GetSmall",1,0,15.614,0.000,15.605
"Tier 1 (Gold SLA - Premium)","GetSmall",1,0,15.330,0.000,15.329
"Tier 1 (Gold SLA - Premium)","PutSmall",1,0,20.629,0.000,20.627
"Tier 1 (Gold SLA - Premium)","GetSmall",1,0,15.477,0.000,15.476
"Tier 1 (Gold SLA - Premium)","PutSmall",1,0,21.806,0.000,21.804
"Tier 1 (Gold SLA - Premium)","GetSmall",1,0,14.664,0.000,14.657
"Tier 1 (Gold SLA - Premium)","PutSmall",1,0,20.129,0.000,20.127
"Tier 1 (Gold SLA - Premium)","GetSmall",1,0,13.840,0.000,13.837
"Tier 1 (Gold SLA - Premium)","GetSmall",1,0,13.480,0.000,13.477
"Tier 1 (Gold SLA - Premium)","PutSmall",1,0,22.515,0.000,22.511
"Tier 1 (Gold SLA - Premium)","PutSmall",1,0,23.411,0.000,23.409
"Tier 1 (Gold SLA - Premium)","GetSmall",1,0,16.092,0.000,16.090
"Tier 1 (Gold SLA - Premium)","PutSmall",1,0,20.175,0.000,20.174
"Tier 1 (Gold SLA - Premium)","GetSmall",1,0,15.119,0.000,15.116
"Tier 1 (Gold SLA - Premium)","GetSmall",1,0,13.444,0.000,13.442
"Tier 1 (Gold SLA - Premium)","GetSmall",1,0,15.771,0.000,15.766
"Tier 1 (Gold SLA - Premium)","PutSmall",1,0,21.334,0.000,21.332
"Tier 1 (Gold SLA - Premium)","GetSmall",1,0,15.264,0.000,15.259
"Tier 1 (Gold SLA - Premium)","GetSmall",1,0,15.113,0.000,15.109
"Tier 1 (Gold SLA - Premium)","PutSmall",1,0,23.366,0.000,23.363
"Tier 1 (Gold SLA - Premium)","GetSmall",1,0,13.530,0.000,13.529
"Tier 1 (Gold SLA - Premium)","PutSmall",1,0,19.574,0.000,19.570
"Tier 1 (Gold SLA - Premium)","PutSmall",1,0,20.993,0.000,20.990
"Tier 1 (Gold SLA - Premium)","PutSmall",1,0,23.154,0.000,23.151
"Tier 1 (Gold SLA - Premium)","GetSmall",1,0,14.093,0.000,14.091
"Tier 1 (Gold SLA - Premium)","GetSmall",1,0,14.930,0.000,14.926
"Tier 1 (Gold SLA - Premium)","PutSmall",1,0,21.557,0.000,21.555
"Tier 1 (Gold SLA - Premium)","PutSmall",1,0,18.748,0.001,18.745
"Tier 1 (Gold SLA - Premium)","PutSmall",1,0,22.537,0.000,22.533
"Tier 1 (Gold SLA - Premium)","PutSmall",1,0,22.419,0.000,22.408
"Tier 1 (Gold SLA - Premium)","PutSmall",1,0,20.259,0.000,20.256
"Tier 1 (Gold SLA - Premium)","GetSmall",1,0,15.200,0.000,15.199
"Tier 1 (Gold SLA - Premium)","PutSmall",1,0,23.968,0.000,23.967
"Tier 1 (Gold SLA - Premium)","PutSmall",1,0,22.897,0.000,22.894
"Tier 1 (Gold SLA - Premium)","PutSmall",1,0,21.336,0.000,21.332
"Tier 1 (Gold SLA - Premium)","PutSmall",1,0,23.817,0.000,23.815
"Tier 1 (Gold SLA - Premium)","PutSmall",1,0,23.687,0.000,23.685
"Tier 1 (Gold SLA - Premium)","GetSmall",1,0,13.701,0.000,13.699
"Tier 1 (Gold SLA - Premium)","PutSmall",1,0,21.258,0.000,21.257
"Tier 1 (Gold SLA - Premium)","GetSmall",1,0,15.196,0.000,15.195
"Tier 1 (Gold SLA - Premium)","PutSmall",1,0,25.050,0.000,25.048
"Tier 1 (Gold SLA - Premium)","GetSmall",1,0,14.413,0.000,14.412
"Tier 1 (Gold SLA - Premium)","PutSmall",1,0,23.578,0.000,23.575
"Tier 1 (Gold SLA - Premium)","PutSmall",1,0,21.020,0.000,21.017
"Tier 1 (Gold SLA - Premium)","PutSmall",1,0,21.568,0.000,21.566
"Tier 1 (Gold SLA - Premium)","PutSmall",1,0,23.088,0.000,23.086
"Tier 1 (Gold SLA - Premium)","GetSmall",1,0,14.671,0.000,14.670
"Tier 1 (Gold SLA - Premium)","PutSmall",1,0,22.031,0.000,22.027
"Tier 1 (Gold SLA - Premium)","PutSmall",1,0,20.274,0.000,20.267
"Tier 1 (Gold SLA - Premium)","GetSmall",1,0,14.667,0.000,14.629
"Tier 1 (Gold SLA - Premium)","PutSmall",1,0,22.447,0.000,22.445
"Tier 1 (Gold SLA - Premium)","PutSmall",1,0,21.138,0.000,21.136
"Tier 1 (Gold SLA - Premium)","PutSmall",1,0,21.774,0.000,21.770
"Tier 1 (Gold SLA - Premium)","PutSmall",1,0,21.297,0.000,21.295
"Tier 1 (Gold SLA - Premium)","GetSmall",1,0,15.384,0.000,15.381
"Tier 1 (Gold SLA - Premium)","GetSmall",1,0,13.278,0.000,13.277
"Tier 1 (Gold SLA - Premium)","PutSmall",1,0,22.849,0.000,22.847
"Tier 1 (Gold SLA - Premium)","GetSmall",1,0,15.273,0.000,15.270
"Tier 1 (Gold SLA - Premium)","GetSmall",1,0,14.429,0.000,14.426
"Tier 1 (Gold SLA - Premium)","GetSmall",1,0,15.578,0.000,15.577
"Tier 1 (Gold SLA - Premium)","PutSmall",1,0,22.919,0.000,22.916
"Tier 1 (Gold SLA - Premium)","GetSmall",1,0,14.941,0.000,14.940
"Tier 1 (Gold SLA - Premium)","GetSmall",1,0,14.080,0.000,14.079
"Tier 1 (Gold SLA - Premium)","PutSmall",1,0,24.126,0.000,24.123
"Tier 1 (Gold SLA - Premium)","GetSmall",1,0,15.094,0.000,15.093
"Tier 1 (Gold SLA - Premium)","GetSmall",1,0,15.229,0.000,15.225
"Tier 1 (Gold SLA - Premium)","GetSmall",1,0,15.450,0.000,15.445
"Tier 1 (Gold SLA - Premium)","PutSmall",1,0,20.131,0.000,20.128
"Tier 1 (Gold SLA - Premium)","PutSmall",1,0,20.404,0.000,20.402
"Tier 1 (Gold SLA - Premium)","GetSmall",1,0,13.237,0.000,13.236
"Tier 1 (Gold SLA - Premium)","GetSmall",1,0,14.196,0.000,14.194
"Tier 1 (Gold SLA - Premium)","PutSmall",1,0,21.372,0.000,21.370
"Tier 1 (Gold SLA - Premium)","GetSmall",1,0,14.471,0.000,14.469
"Tier 1 (Gold SLA - Premium)","PutSmall",1,0,20.422,0.000,20.420
"Tier 1 (Gold SLA - Premium)","PutSmall",1,0,23.131,0.000,23.130
"Tier 1 (Gold SLA - Premium)","GetSmall",1,0,14.964,0.000,14.954
"Tier 1 (Gold SLA - Premium)","PutSmall",1,0,20.780,0.000,20.779
"Tier 1 (Gold SLA - Premium)","GetSmall",1,0,13.344,0.000,13.342
"Tier 1 (Gold SLA - Premium)","PutSmall",1,0,20.211,0.000,20.210
"Tier 1 (Gold SLA - Premium)","GetSmall",1,0,14.088,0.000,14.086
"Tier 1 (Gold SLA - Premium)","PutSmall",1,0,21.274,0.000,21.271
"Tier 1 (Gold SLA - Premium)","GetSmall",1,0,16.266,0.000,16.264
"Tier 1 (Gold SLA - Premium)","PutSmall",1,0,20.920,0.000,20.919
"Tier 1 (Gold SLA - Premium)","GetSmall",1,0,14.139,0.000,14.138
"Tier 1 (Gold SLA - Premium)","GetSmall",1,0,15.020,0.000,15.019
"Tier 1 (Gold SLA - Premium)","GetSmall",1,0,13.850,0.000,13.848
"Tier 1 (Gold SLA - Premium)","GetSmall",1,0,13.787,0.000,13.756
"Tier 1 (Gold SLA - Premium)","PutSmall",1,0,22.041,0.000,22.033
"Tier 1 (Gold SLA - Premium)","GetSmall",1,0,13.479,0.000,13.441
"Tier 1 (Gold SLA - Premium)","GetSmall",1,0,15.880,0.000,15.872
"Tier 1 (Gold SLA - Premium)","GetSmall",1,0,14.599,0.000,14.597
"Tier 1 (Gold SLA - Premium)","PutSmall",1,0,18.696,0.000,18.694
"Tier 1 (Gold SLA - Premium)","GetSmall",1,0,14.179,0.000,14.177
"Tier 1 (Gold SLA - Premium)","PutSmall",1,0,19.111,0.000,19.110
"Tier 1 (Gold SLA - Premium)","PutSmall",1,0,21.899,0.000,21.898
"Tier 1 (Gold SLA - Premium)","PutSmall",1,0,20.145,0.000,20.144
"Tier 1 (Gold SLA - Premium)","GetSmall",1,0,15.430,0.000,15.428
"Tier 1 (Gold SLA - Premium)","PutSmall",1,0,23.131,0.000,23.128
"Tier 1 (Gold SLA - Premium)","GetSmall",1,0,14.410,0.000,14.407
"Tier 1 (Gold SLA - Premium)","PutSmall",1,0,22.762,0.000,22.761
"Tier 1 (Gold SLA - Premium)","GetSmall",1,0,13.364,0.000,13.357
"Tier 1 (Gold SLA - Premium)","GetSmall",1,0,13.030,0.000,13.028
"Tier 1 (Gold SLA - Premium)","GetSmall",1,0,14.599,0.000,14.598
"Tier 1 (Gold SLA - Premium)","PutSmall",1,0,23.677,0.000,23.674
"Tier 1 (Gold SLA - Premium)","PutSmall",1,0,20.231,0.000,20.229
"Tier 1 (Gold SLA - Premium)","GetSmall",1,0,15.960,0.000,15.958
"Tier 1 (Gold SLA - Premium)","GetSmall",1,0,15.120,0.000,15.109
"Tier 1 (Gold SLA - Premium)","PutSmall",1,0,20.865,0.000,20.863
"Tier 1 (Gold SLA - Premium)","PutSmall",1,0,21.956,0.000,21.945
"Tier 1 (Gold SLA - Premium)","PutSmall",1,0,21.305,0.000,21.304
"Tier 1 (Gold SLA - Premium)","GetSmall",1,0,15.073,0.000,15.071
"Tier 1 (Gold SLA - Premium)","PutSmall",1,0,22.206,0.000,22.203
"Tier 1 (Gold SLA - Premium)","PutSmall",1,0,21.298,0.000,21.295
"Tier 1 (Gold SLA - Premium)","PutSmall",1,0,21.625,0.000,21.623
"Tier 1 (Gold SLA - Premium)","GetSmall",1,0,15.822,0.000,15.819
"Tier 1 (Gold SLA - Premium)","GetSmall",1,0,15.462,0.000,15.454
"Tier 1 (Gold SLA - Premium)","GetSmall",1,0,15.990,0.000,15.988
"Tier 1 (Gold SLA - Premium)","GetSmall",1,0,14.259,0.000,14.257
"Tier 1 (Gold SLA - Premium)","GetSmall",1,0,14.571,0.000,14.569
"Tier 1 (Gold SLA - Premium)","GetSmall",1,0,14.221,0.000,14.220
"Tier 1 (Gold SLA - Premium)","GetSmall",1,0,14.967,0.000,14.964
"Tier 1 (Gold SLA - Premium)","PutSmall",1,0,23.594,0.000,23.591
"Tier 1 (Gold SLA - Premium)","PutSmall",1,0,23.005,0.000,23.004
"Tier 1 (Gold SLA - Premium)","PutSmall",1,0,19.673,0.000,19.671
"Tier 1 (Gold SLA - Premium)","GetSmall",1,0,14.510,0.000,14.509
"Tier 1 (Gold SLA - Premium)","GetSmall",1,0,13.468,0.000,13.466
"Tier 1 (Gold SLA - Premium)","GetSmall",1,0,14.168,0.000,14.166
"Tier 1 (Gold SLA - Premium)","PutSmall",1,0,21.133,0.000,21.128
"Tier 1 (Gold SLA - Premium)","GetSmall",1,0,13.736,0.000,13.733
"Tier 1 (Gold SLA - Premium)","PutSmall",1,0,23.948,0.000,23.946
"Tier 1 (Gold SLA - Premium)","GetSmall",1,0,13.478,0.000,13.476
"Tier 1 (Gold SLA - Premium)","GetSmall",1,0,15.767,0.000,15.764
"Tier 1 (Gold SLA - Premium)","PutSmall",1,0,22.866,0.000,22.864
"Tier 1 (Gold SLA - Premium)","PutSmall",1,0,21.043,0.000,21.042
"Tier 1 (Gold SLA - Premium)","PutSmall",1,0,21.123,0.000,21.122
"Tier 1 (Gold SLA - Premium)","GetSmall",1,0,15.505,0.000,15.502
"Tier 1 (Gold SLA - Premium)","GetSmall",1,0,13.826,0.000,13.823
"Tier 1 (Gold SLA - Premium)","PutSmall",1,0,21.138,0.000,21.135
"Tier 1 (Gold SLA - Premium)","GetSmall",1,0,16.300,0.000,16.298
"Tier 1 (Gold SLA - Premium)","GetSmall",1,0,15.089,0.000,15.086
"Tier 1 (Gold SLA - Premium)","PutSmall",1,0,21.394,0.000,21.393
"Tier 1 (Gold SLA - Premium)","PutSmall",1,0,23.635,0.000,23.634
"Tier 1 (Gold SLA - Premium)","GetSmall",1,0,14.521,0.000,14.519
"Tier 1 (Gold SLA - Premium)","PutSmall",1,0,22.225,0.000,22.224
"Tier 1 (Gold SLA - Premium)","GetSmall",1,0,13.085,0.000,13.084
"Tier 1 (Gold SLA - Premium)","GetSmall",1,0,15.143,0.000,15.141
"Tier 1 (Gold SLA - Premium)","PutSmall",1,0,21.795,0.000,21.793
"Tier 1 (Gold SLA - Premium)","GetSmall",1,0,14.019,0.000,14.018
"Tier 1 (Gold SLA - Premium)","GetSmall",1,0,15.512,0.000,15.511
"Tier 1 (Gold SLA - Premium)","PutSmall",1,0,24.972,0.000,24.968
"Tier 1 (Gold SLA - Premium)","PutSmall",1,0,20.797,0.000,20.795
"Tier 1 (Gold SLA - Premium)","PutSmall",1,0,24.759,0.000,24.756
"Tier 1 (Gold SLA - Premium)","GetSmall",1,0,15.591,0.000,15.589
"Tier 1 (Gold SLA - Premium)","GetSmall",1,0,15.734,0.000,15.733
"Tier 1 (Gold SLA - Premium)","PutSmall",1,0,23.808,0.000,23.805
"Tier 1 (Gold SLA - Premium)","GetSmall",1,0,15.775,0.000,15.774
"Tier 1 (Gold SLA - Premium)","PutSmall",1,0,20.814,0.000,20.812
"Tier 1 (Gold SLA - Premium)","PutSmall",1,0,22.464,0.000,22.462
"Tier 1 (Gold SLA - Premium)","GetSmall",1,0,15.081,0.000,15.078
"Tier 1 (Gold SLA - Premium)","PutSmall",1,0,20.979,0.000,20.978
"Tier 1 (Gold SLA - Premium)","PutSmall",1,0,21.920,0.000,21.918
"Tier 1 (Gold SLA - Premium)","GetSmall",1,0,13.846,0.000,13.845
"Tier 1 (Gold SLA - Premium)","PutSmall",1,0,21.718,0.000,21.716
"Tier 1 (Gold SLA - Premium)","GetSmall",1,0,14.424,0.000,14.422
"Tier 1 (Gold SLA - Premium)","PutSmall",1,0,22.413,0.000,22.411
"Tier 1 (Gold SLA - Premium)","PutSmall",1,0,21.568,0.000,21.566
"Tier 1 (Gold SLA - Premium)","GetSmall",1,0,12.874,0.000,12.872
"Tier 1 (Gold SLA - Premium)","PutSmall",1,0,21.223,0.000,21.221
"Tier 1 (Gold SLA - Premium)","PutSmall",1,0,21.477,0.000,21.476
"Tier 1 (Gold SLA - Premium)","PutSmall",1,0,20.182,0.000,20.181
"Tier 1 (Gold SLA - Premium)","PutSmall",1,0,20.686,0.000,20.686
"Tier 1 (Gold SLA - Premium)","PutSmall",1,0,20.355,0.000,20.354
"Tier 1 (Gold SLA - Premium)","GetSmall",1,0,13.749,0.000,13.747
"Tier 1 (Gold SLA - Premium)","GetSmall",1,0,14.128,0.000,14.126
"Tier 1 (Gold SLA - Premium)","PutSmall",1,0,24.481,0.000,24.473
"Tier 1 (Gold SLA - Premium)","GetSmall",1,0,14.292,0.000,14.289
"Tier 1 (Gold SLA - Premium)","GetSmall",1,0,13.719,0.000,13.717
"Tier 1 (Gold SLA - Premium)","GetSmall",1,0,13.783,0.000,13.780
"Tier 1 (Gold SLA - Premium)","PutSmall",1,0,22.016,0.000,22.013
"Tier 1 (Gold SLA - Premium)","PutSmall",1,0,20.534,0.000,20.532
"Tier 1 (Gold SLA - Premium)","GetSmall",1,0,16.218,0.000,16.214
"Tier 1 (Gold SLA - Premium)","PutSmall",1,0,20.707,0.000,20.706
"Tier 1 (Gold SLA - Premium)","PutSmall",1,0,22.320,0.000,22.317
"Tier 1 (Gold SLA - Premium)","PutSmall",1,0,20.742,0.000,20.740
"Tier 1 (Gold SLA - Premium)","GetSmall",1,0,12.517,0.000,12.514
"Tier 1 (Gold SLA - Premium)","PutSmall",1,0,22.699,0.000,22.696
"Tier 1 (Gold SLA - Premium)","GetSmall",1,0,13.752,0.000,13.750
"Tier 1 (Gold SLA - Premium)","GetSmall",1,0,15.237,0.000,15.236
"Tier 1 (Gold SLA - Premium)","PutSmall",1,0,21.630,0.000,21.629
"Tier 1 (Gold SLA - Premium)","PutSmall",1,0,20.560,0.000,20.558
"Tier 1 (Gold SLA - Premium)","GetSmall",1,0,14.659,0.000,14.657
"Tier 1 (Gold SLA - Premium)","PutSmall",1,0,18.960,0.000,18.958
"Tier 1 (Gold SLA - Premium)","GetSmall",1,0,14.281,0.000,14.278
"Tier 1 (Gold SLA - Premium)","GetSmall",1,0,13.858,0.000,13.856
"Tier 1 (Gold SLA - Premium)","PutSmall",1,0,23.744,0.000,23.741
"Tier 1 (Gold SLA - Premium)","GetSmall",1,0,15.458,0.000,15.452
"Tier 1 (Gold SLA - Premium)","GetSmall",1,0,12.745,0.000,12.742
"Tier 1 (Gold SLA - Premium)","PutSmall",1,0,20.711,0.000,20.707
"Tier 1 (Gold SLA - Premium)","GetSmall",1,0,12.962,0.000,12.961
"Tier 1 (Gold SLA - Premium)","PutSmall",1,0,22.398,0.000,22.395
"Tier 1 (Gold SLA - Premium)","PutSmall",1,0,19.020,0.000,19.018
"Tier 1 (Gold SLA - Premium)","GetSmall",1,0,15.882,0.000,15.880
"Tier 1 (Gold SLA - Premium)","GetSmall",1,0,13.998,0.000,13.996
"Tier 1 (Gold SLA - Premium)","PutSmall",1,0,19.613,0.000,19.611
"Tier 1 (Gold SLA - Premium)","PutSmall",1,0,19.354,0.000,19.352
"Tier 1 (Gold SLA - Premium)","PutSmall",1,0,20.496,0.000,20.494
"Tier 1 (Gold SLA - Premium)","PutSmall",1,0,21.361,0.000,21.359
"Tier 1 (Gold SLA - Premium)","PutSmall",1,0,19.916,0.000,19.905
"Tier 1 (Gold SLA - Premium)","GetSmall",1,0,13.818,0.000,13.817
"Tier 1 (Gold SLA - Premium)","GetSmall",1,0,15.395,0.000,15.394
"Tier 1 (Gold SLA - Premium)","GetSmall",1,0,13.498,0.000,13.496
"Tier 1 (Gold SLA - Premium)","PutSmall",1,0,23.051,0.000,23.050
"Tier 1 (Gold SLA - Premium)","GetSmall",1,0,14.128,0.000,14.127
"Tier 1 (Gold SLA - Premium)","GetSmall",1,0,12.968,0.000,12.966
"Tier 1 (Gold SLA - Premium)","GetSmall",1,0,13.263,0.000,13.261
"Tier 1 (Gold SLA - Premium)","GetSmall",1,0,15.474,0.000,15.471
"Tier 1 (Gold SLA - Premium)","GetSmall",1,0,13.991,0.000,13.988
"Tier 1 (Gold SLA - Premium)","PutSmall",1,0,23.686,0.000,23.685
"Tier 1 (Gold SLA - Premium)","PutSmall",1,0,23.210,0.000,23.207
"Tier 1 (Gold SLA - Premium)","GetSmall",1,0,12.654,0.000,12.621
"Tier 1 (Gold SLA - Premium)","PutSmall",1,0,20.312,0.000,20.310
"Tier 1 (Gold SLA - Premium)","GetSmall",1,0,13.562,0.000,13.559
"Tier 1 (Gold SLA - Premium)","PutSmall",1,0,20.339,0.000,20.336
"Tier 1 (Gold SLA - Premium)","GetSmall",1,0,14.669,0.000,14.668
"Tier 1 (Gold SLA - Premium)","PutSmall",1,0,22.936,0.000,22.933
"Tier 1 (Gold SLA - Premium)","PutSmall",1,0,22.737,0.000,22.726
"Tier 1 (Gold SLA - Premium)","GetSmall",1,0,13.762,0.000,13.761
"Tier 1 (Gold SLA - Premium)","PutSmall",1,0,25.077,0.000,25.074
"Tier 1 (Gold SLA - Premium)","GetSmall",1,0,13.760,0.000,13.749
"Tier 1 (Gold SLA - Premium)","GetSmall",1,0,15.899,0.000,15.897
"Tier 1 (Gold SLA - Premium)","GetSmall",1,0,12.671,0.000,12.668
"Tier 1 (Gold SLA - Premium)","GetSmall",1,0,15.681,0.000,15.678
"Tier 1 (Gold SLA - Premium)","GetSmall",1,0,15.363,0.000,15.360
"Tier 1 (Gold SLA - Premium)","GetSmall",1,0,14.682,0.000,14.680
"Tier 1 (Gold SLA - Premium)","PutSmall",1,0,20.487,0.000,20.484
"Tier 1 (Gold SLA - Premium)","GetSmall",1,0,13.726,0.000,13.725
"Tier 1 (Gold SLA - Premium)","GetSmall",1,0,14.516,0.000,14.514
"Tier 1 (Gold SLA - Premium)","GetSmall",1,0,13.775,0.000,13.773
"Tier 1 (Gold SLA - Premium)","PutSmall",1,0,20.471,0.000,20.470
"Tier 1 (Gold SLA - Premium)","PutSmall",1,0,21.008,0.000,20.999
"Tier 1 (Gold SLA - Premium)","PutSmall",1,0,21.977,0.000,21.975
"Tier 1 (Gold SLA - Premium)","PutSmall",1,0,21.232,0.000,21.230
"Tier 1 (Gold SLA - Premium)","GetSmall",1,0,14.978,0.000,14.976
"Tier 1 (Gold SLA - Premium)","GetSmall",1,0,14.851,0.000,14.849
"Tier 1 (Gold SLA - Premium)","PutSmall",1,0,21.751,0.000,21.749
"Tier 1 (Gold SLA - Premium)","PutSmall",1,0,21.998,0.000,21.995
"Tier 1 (Gold SLA - Premium)","GetSmall",1,0,15.300,0.000,15.299
"Tier 1 (Gold SLA - Premium)","GetSmall",1,0,12.784,0.000,12.782
"Tier 1 (Gold SLA - Premium)","GetSmall",1,0,14.719,0.000,14.718
"Tier 1 (Gold SLA - Premium)","PutSmall",1,0,23.731,0.000,23.729
"Tier 1 (Gold SLA - Premium)","GetSmall",1,0,13.999,0.000,13.997
"Tier 1 (Gold SLA - Premium)","PutSmall",1,0,21.381,0.000,21.378
"Tier 1 (Gold SLA - Premium)","GetSmall",1,0,14.159,0.000,14.158
"Tier 1 (Gold SLA - Premium)","GetSmall",1,0,15.051,0.000,15.048
"Tier 1 (Gold SLA - Premium)","GetSmall",1,0,16.243,0.000,16.240
"Tier 1 (Gold SLA - Premium)","PutSmall",1,0,20.585,0.000,20.583
"Tier 1 (Gold SLA - Premium)","GetSmall",1,0,12.814,0.000,12.813
"Tier 1 (Gold SLA - Premium)","PutSmall",1,0,23.887,0.000,23.886
"Tier 1 (Gold SLA - Premium)","PutSmall",1,0,21.570,0.000,21.558
"Tier 1 (Gold SLA - Premium)","GetSmall",1,0,13.888,0.000,13.859
"Tier 1 (Gold SLA - Premium)","GetSmall",1,0,13.841,0.000,13.839
"Tier 1 (Gold SLA - Premium)","PutSmall",1,0,20.702,0.000,20.699
"Tier 1 (Gold SLA - Premium)","GetSmall",1,0,14.334,0.000,14.332
"Tier 1 (Gold SLA - Premium)","PutSmall",1,0,20.174,0.000,20.172
"Tier 1 (Gold SLA - Premium)","PutSmall",1,0,21.957,0.000,21.955
"Tier 1 (Gold SLA - Premium)","GetSmall",1,0,13.830,0.000,13.828
"Tier 1 (Gold SLA - Premium)","GetSmall",1,0,15.684,0.000,15.681
"Tier 1 (Gold SLA - Premium)","GetSmall",1,0,14.395,0.000,14.392
"Tier 1 (Gold SLA - Premium)","PutSmall",1,0,21.180,0.000,21.140
"Tier 1 (Gold SLA - Premium)","PutSmall",1,0,21.835,0.000,21.832
"Tier 1 (Gold SLA - Premium)","GetSmall",1,0,14.044,0.000,14.043
"Tier 1 (Gold SLA - Premium)","PutSmall",1,0,22.816,0.000,22.814
"Tier 1 (Gold SLA - Premium)","PutSmall",1,0,21.444,0.000,21.442
"Tier 1 (Gold SLA - Premium)","PutSmall",1,0,22.251,0.001,22.248
"Tier 1 (Gold SLA - Premium)","PutSmall",1,0,21.928,0.000,21.926
"Tier 1 (Gold SLA - Premium)","GetSmall",1,0,13.959,0.000,13.956
"Tier 1 (Gold SLA - Premium)","PutSmall",1,0,21.708,0.000,21.707
"Tier 1 (Gold SLA - Premium)","PutSmall",1,0,20.560,0.000,20.558
"Tier 1 (Gold SLA - Premium)","GetSmall",1,0,14.699,0.000,14.697
"Tier 1 (Gold SLA - Premium)","GetSmall",1,0,14.761,0.001,14.758
"Tier 1 (Gold SLA - Premium)","PutSmall",1,0,22.566,0.000,22.564
"Tier 1 (Gold SLA - Premium)","PutSmall",1,0,24.425,0.000,24.422
"Tier 1 (Gold SLA - Premium)","GetSmall",1,0,14.510,0.000,14.508
"Tier 1 (Gold SLA - Premium)","PutSmall",1,0,22.454,0.000,22.451
"Tier 1 (Gold SLA - Premium)","PutSmall",1,0,23.195,0.001,23.192
"Tier 1 (Gold SLA - Premium)","PutSmall",1,0,21.984,0.000,21.981
"Tier 1 (Gold SLA - Premium)","GetSmall",1,0,14.284,0.000,14.281
"Tier 1 (Gold SLA - Premium)","PutSmall",1,0,20.158,0.000,20.155
"Tier 1 (Gold SLA - Premium)","GetSmall",1,0,14.891,0.000,14.889
"Tier 1 (Gold SLA - Premium)","PutSmall",1,0,19.331,0.000,19.330
"Tier 1 (Gold SLA - Premium)","PutSmall",1,0,22.010,0.000,22.008
"Tier 1 (Gold SLA - Premium)","GetSmall",1,0,14.570,0.000,14.569
"Tier 1 (Gold SLA - Premium)","GetSmall",1,0,13.545,0.000,13.533
"Tier 1 (Gold SLA - Premium)","PutSmall",1,0,21.812,0.000,21.811
"Tier 1 (Gold SLA - Premium)","PutSmall",1,0,23.198,0.000,23.198
"Tier 1 (Gold SLA - Premium)","GetSmall",1,0,13.753,0.000,13.749
"Tier 1 (Gold SLA - Premium)","PutSmall",1,0,21.849,0.000,21.848
"Tier 1 (Gold SLA - Premium)","GetSmall",1,0,16.366,0.000,16.364
"Tier 1 (Gold SLA - Premium)","PutSmall",1,0,23.302,0.000,23.301
"Tier 1 (Gold SLA - Premium)","GetSmall",1,0,15.940,0.000,15.938
"Tier 1 (Gold SLA - Premium)","GetSmall",1,0,16.310,0.000,16.307
"Tier 1 (Gold SLA - Premium)","GetSmall",1,0,13.961,0.000,13.960
"Tier 1 (Gold SLA - Premium)","GetSmall",1,0,13.417,0.000,13.416
"Tier 1 (Gold SLA - Premium)","GetSmall",1,0,13.496,0.000,13.494
"Tier 1 (Gold SLA - Premium)","GetSmall",1,0,15.901,0.000,15.899
"Tier 1 (Gold SLA - Premium)","GetSmall",1,0,14.001,0.000,13.999
"Tier 1 (Gold SLA - Premium)","GetSmall",1,0,13.807,0.000,13.804
"Tier 1 (Gold SLA - Premium)","PutSmall",1,0,21.674,0.000,21.672
"Tier 1 (Gold SLA - Premium)","PutSmall",1,0,21.097,0.000,21.095
"Tier 1 (Gold SLA - Premium)","GetSmall",1,0,14.005,0.000,14.002
"Tier 1 (Gold SLA - Premium)","PutSmall",1,0,22.307,0.000,22.306
"Tier 1 (Gold SLA - Premium)","PutSmall",1,0,21.964,0.000,21.962
"Tier 1 (Gold SLA - Premium)","PutSmall",1,0,19.658,0.000,19.656
"Tier 1 (Gold SLA - Premium)","GetSmall",1,0,13.235,0.000,13.233
"Tier 1 (Gold SLA - Premium)","PutSmall",1,0,19.565,0.000,19.564
"Tier 1 (Gold SLA - Premium)","PutSmall",1,0,21.832,0.000,21.831
"Tier 1 (Gold SLA - Premium)","GetSmall",1,0,15.688,0.000,15.685
"Tier 1 (Gold SLA - Premium)","PutSmall",1,0,20.691,0.000,20.690
"Tier 1 (Gold SLA - Premium)","GetSmall",1,0,14.107,0.000,14.104
"Tier 1 (Gold SLA - Premium)","PutSmall",1,0,21.605,0.000,21.603
"Tier 1 (Gold SLA - Premium)","GetSmall",1,0,15.789,0.000,15.787
"Tier 1 (Gold SLA - Premium)","PutSmall",1,0,20.738,0.000,20.735
"Tier 1 (Gold SLA - Premium)","GetSmall",1,0,13.398,0.000,13.395
"Tier 1 (Gold SLA - Premium)","PutSmall",1,0,22.489,0.000,22.488
"Tier 1 (Gold SLA - Premium)","PutSmall",1,0,23.912,0.000,23.903
"Tier 1 (Gold SLA - Premium)","GetSmall",1,0,13.324,0.000,13.323
"Tier 1 (Gold SLA - Premium)","GetSmall",1,0,13.476,0.000,13.475
"Tier 1 (Gold SLA - Premium)","PutSmall",1,0,24.498,0.000,24.496
"Tier 1 (Gold SLA - Premium)","PutSmall",1,0,25.059,0.000,25.058
"Tier 1 (Gold SLA - Premium)","GetSmall",1,0,14.690,0.000,14.685
"Tier 1 (Gold SLA - Premium)","GetSmall",1,0,13.928,0.000,13.926
"Tier 1 (Gold SLA - Premium)","GetSmall",1,0,13.721,0.000,13.718
"Tier 1 (Gold SLA - Premium)","PutSmall",1,0,23.300,0.000,23.297
"Tier 1 (Gold SLA - Premium)","GetSmall",1,0,14.980,0.000,14.977
"Tier 1 (Gold SLA - Premium)","GetSmall",1,0,13.165,0.000,13.163
"Tier 1 (Gold SLA - Premium)","GetSmall",1,0,13.818,0.000,13.816
"Tier 1 (Gold SLA - Premium)","GetSmall",1,0,13.474,0.000,13.472
"Tier 1 (Gold SLA - Premium)","PutSmall",1,0,22.894,0.000,22.892
"Tier 1 (Gold SLA - Premium)","GetSmall",1,0,14.618,0.000,14.616
"Tier 1 (Gold SLA - Premium)","GetSmall",1,0,15.916,0.000,15.915
"Tier 1 (Gold SLA - Premium)","GetSmall",1,0,15.189,0.000,15.182
"Tier 1 (Gold SLA - Premium)","PutSmall",1,0,23.655,0.000,23.653
"Tier 1 (Gold SLA - Premium)","GetSmall",1,0,15.124,0.000,15.122
"Tier 1 (Gold SLA - Premium)","GetSmall",1,0,13.341,0.000,13.340
"Tier 1 (Gold SLA - Premium)","GetSmall",1,0,15.835,0.000,15.833
"Tier 1 (Gold SLA - Premium)","GetSmall",1,0,13.104,0.000,13.103
"Tier 1 (Gold SLA - Premium)","GetSmall",1,0,13.491,0.000,13.489
"Tier 1 (Gold SLA - Premium)","PutSmall",1,0,20.908,0.000,20.897
"Tier 1 (Gold SLA - Premium)","GetSmall",1,0,14.842,0.000,14.841
"Tier 1 (Gold SLA - Premium)","PutSmall",1,0,20.759,0.000,20.758
"Tier 1 (Gold SLA - Premium)","PutSmall",1,0,21.363,0.000,21.362
"Tier 1 (Gold SLA - Premium)","PutSmall",1,0,21.316,0.000,21.315
"Tier 1 (Gold SLA - Premium)","GetSmall",1,0,16.351,0.000,16.349
"Tier 1 (Gold SLA - Premium)","GetSmall",1,0,13.906,0.000,13.896
"Tier 1 (Gold SLA - Premium)","PutSmall",1,0,21.996,0.000,21.994
"Tier 1 (Gold SLA - Premium)","GetSmall",1,0,15.265,0.000,15.264
"Tier 1 (Gold SLA - Premium)","GetSmall",1,0,15.780,0.000,15.778
"Tier 1 (Gold SLA - Premium)","PutSmall",1,0,22.039,0.000,22.005
"Tier 1 (Gold SLA - Premium)","GetSmall",1,0,13.229,0.000,13.226
"Tier 1 (Gold SLA - Premium)","GetSmall",1,0,12.958,0.000,12.956
"Tier 1 (Gold SLA - Premium)","PutSmall",1,0,23.081,0.000,23.080
"Tier 1 (Gold SLA - Premium)","PutSmall",1,0,21.909,0.000,21.907
"Tier 1 (Gold SLA - Premium)","GetSmall",1,0,14.869,0.000,14.867
"Tier 1 (Gold SLA - Premium)","PutSmall",1,0,19.657,0.000,19.655
"Tier 1 (Gold SLA - Premium)","GetSmall",1,0,16.331,0.000,16.329
"Tier 1 (Gold SLA - Premium)","PutSmall",1,0,21.351,0.000,21.348
"Tier 1 (Gold SLA - Premium)","PutSmall",1,0,19.401,0.000,19.400
"Tier 1 (Gold SLA - Premium)","GetSmall",1,0,13.927,0.000,13.926
"Tier 1 (Gold SLA - Premium)","PutSmall",1,0,21.543,0.000,21.541
"Tier 1 (Gold SLA - Premium)","GetSmall",1,0,14.247,0.000,14.245
"Tier 1 (Gold SLA - Premium)","PutSmall",1,0,23.244,0.000,23.243
"Tier 1 (Gold SLA - Premium)","GetSmall",1,0,14.584,0.000,14.583
"Tier 1 (Gold SLA - Premium)","PutSmall",1,0,22.147,0.000,22.146
"Tier 1 (Gold SLA - Premium)","GetSmall",1,0,15.816,0.000,15.816
"Tier 1 (Gold SLA - Premium)","GetSmall",1,0,15.729,0.000,15.718
"Tier 1 (Gold SLA - Premium)","GetSmall",1,0,15.471,0.000,15.470
"Tier 1 (Gold SLA - Premium)","PutSmall",1,0,24.234,0.000,24.232
"Tier 1 (Gold SLA - Premium)","GetSmall",1,0,15.683,0.000,15.682
"Tier 1 (Gold SLA - Premium)","PutSmall",1,0,19.115,0.000,19.114
"Tier 1 (Gold SLA - Premium)","PutSmall",1,0,22.153,0.000,22.151
"Tier 1 (Gold SLA - Premium)","GetSmall",1,0,14.325,0.000,14.323
"Tier 1 (Gold SLA - Premium)","PutSmall",1,0,21.698,0.000,21.696
"Tier 1 (Gold SLA - Premium)","PutSmall",1,0,21.273,0.000,21.271
"Tier 1 (Gold SLA - Premium)","GetSmall",1,0,13.408,0.000,13.405
"Tier 1 (Gold SLA - Premium)","PutSmall",1,0,21.850,0.000,21.848
"Tier 1 (Gold SLA - Premium)","GetSmall",1,0,13.417,0.000,13.416
"Tier 1 (Gold SLA - Premium)","GetSmall",1,0,15.216,0.000,15.215
"Tier 1 (Gold SLA - Premium)","PutSmall",1,0,22.065,0.000,22.063
"Tier 1 (Gold SLA - Premium)","GetSmall",1,0,12.862,0.000,12.855
"Tier 1 (Gold SLA - Premium)","PutSmall",1,0,22.638,0.000,22.636
"Tier 1 (Gold SLA - Premium)","GetSmall",1,0,14.084,0.000,14.082
"Tier 1 (Gold SLA - Premium)","GetSmall",1,0,15.501,0.000,15.499
"Tier 1 (Gold SLA - Premium)","GetSmall",1,0,14.296,0.000,14.293
"Tier 1 (Gold SLA - Premium)","GetSmall",1,0,14.767,0.000,14.766
"Tier 1 (Gold SLA - Premium)","GetSmall",1,0,14.210,0.000,14.209
"Tier 1 (Gold SLA - Premium)","PutSmall",1,0,23.268,0.000,23.267
"Tier 1 (Gold SLA - Premium)","GetSmall",1,0,14.838,0.000,14.836
"Tier 1 (Gold SLA - Premium)","GetSmall",1,0,14.332,0.000,14.330
"Tier 1 (Gold SLA - Premium)","GetSmall",1,0,14.890,0.000,14.878
"Tier 1 (Gold SLA - Premium)","PutSmall",1,0,20.129,0.000,20.127
"Tier 1 (Gold SLA - Premium)","GetSmall",1,0,15.934,0.000,15.932
"Tier 1 (Gold SLA - Premium)","GetSmall",1,0,15.731,0.000,15.730
"Tier 1 (Gold SLA - Premium)","PutSmall",1,0,21.724,0.000,21.723
"Tier 1 (Gold SLA - Premium)","GetSmall",1,0,15.280,0.000,15.278
"Tier 1 (Gold SLA - Premium)","PutSmall",1,0,21.476,0.000,21.474
"Tier 1 (Gold SLA - Premium)","PutSmall",1,0,22.737,0.000,22.735
"Tier 1 (Gold SLA - Premium)","PutSmall",1,0,22.438,0.000,22.429
"Tier 1 (Gold SLA - Premium)","GetSmall",1,0,13.808,0.000,13.807
"Tier 1 (Gold SLA - Premium)","GetSmall",1,0,14.934,0.000,14.931
"Tier 1 (Gold SLA - Premium)","GetSmall",1,0,15.634,0.000,15.631
"Tier 1 (Gold SLA - Premium)","PutSmall",1,0,22.302,0.000,22.273
"Tier 1 (Gold SLA - Premium)","GetSmall",1,0,16.310,0.000,16.280
"Tier 1 (Gold SLA - Premium)","GetSmall",1,0,13.679,0.001,13.670
"Tier 1 (Gold SLA - Premium)","GetSmall",1,0,13.422,0.000,13.414
"Tier 1 (Gold SLA - Premium)","PutSmall",1,0,21.440,0.000,21.438
"Tier 1 (Gold SLA - Premium)","GetSmall",1,0,14.643,0.000,14.641
"Tier 1 (Gold SLA - Premium)","PutSmall",1,0,22.394,0.000,22.393
"Tier 1 (Gold SLA - Premium)","PutSmall",1,0,24.271,0.000,24.270
"Tier 1 (Gold SLA - Premium)","PutSmall",1,0,20.538,0.000,20.537
"Tier 1 (Gold SLA - Premium)","GetSmall",1,0,15.309,0.000,15.306
"Tier 1 (Gold SLA - Premium)","GetSmall",1,0,14.216,0.000,14.214
"Tier 1 (Gold SLA - Premium)","PutSmall",1,0,21.097,0.000,21.094
"Tier 1 (Gold SLA - Premium)","PutSmall",1,0,23.589,0.000,23.586
"Tier 1 (Gold SLA - Premium)","GetSmall",1,0,12.182,0.000,12.180
"Tier 1 (Gold SLA - Premium)","GetSmall",1,0,13.093,0.000,13.089
"Tier 1 (Gold SLA - Premium)","PutSmall",1,0,21.123,0.000,21.119
"Tier 1 (Gold SLA - Premium)","GetSmall",1,0,12.503,0.000,12.500
"Tier 1 (Gold SLA - Premium)","GetSmall",1,0,15.380,0.000,15.369
"Tier 1 (Gold SLA - Premium)","GetSmall",1,0,14.889,0.000,14.887
"Tier 1 (Gold SLA - Premium)","GetSmall",1,0,14.949,0.000,14.947
"Tier 1 (Gold SLA - Premium)","PutSmall",1,0,20.947,0.000,20.945
"Tier 1 (Gold SLA - Premium)","PutSmall",1,0,21.965,0.000,21.944
"Tier 1 (Gold SLA - Premium)","PutSmall",1,0,22.208,0.000,22.179
"Tier 1 (Gold SLA - Premium)","GetSmall",1,0,15.897,0.000,15.889
"Tier 1 (Gold SLA - Premium)","PutSmall",1,0,19.601,0.000,19.598
"Tier 1 (Gold SLA - Premium)","PutSmall",1,0,22.553,0.000,22.541
"Tier 1 (Gold SLA - Premium)","PutSmall",1,0,22.842,0.000,22.840
"Tier 1 (Gold SLA - Premium)","GetSmall",1,0,15.417,0.000,15.414
"Tier 1 (Gold SLA - Premium)","GetSmall",1,0,13.308,0.000,13.306
"Tier 1 (Gold SLA - Premium)","GetSmall",1,0,14.575,0.000,14.573
"Tier 1 (Gold SLA - Premium)","PutSmall",1,0,21.880,0.000,21.878
"Tier 1 (Gold SLA - Premium)","PutSmall",1,0,20.083,0.000,20.082
"Tier 1 (Gold SLA - Premium)","GetSmall",1,0,13.156,0.001,13.153
"Tier 1 (Gold SLA - Premium)","GetSmall",1,0,16.292,0.000,16.290
"Tier 1 (Gold SLA - Premium)","GetSmall",1,0,14.892,0.000,14.889
"Tier 1 (Gold SLA - Premium)","PutSmall",1,0,21.112,0.000,21.111
"Tier 1 (Gold SLA - Premium)","GetSmall",1,0,15.593,0.000,15.592
"Tier 1 (Gold SLA - Premium)","PutSmall",1,0,19.291,0.000,19.287
"Tier 1 (Gold SLA - Premium)","GetSmall",1,0,13.853,0.000,13.852
"Tier 1 (Gold SLA - Premium)","GetSmall",1,0,13.399,0.000,13.398
"Tier 1 (Gold SLA - Premium)","GetSmall",1,0,16.060,0.000,16.058
"Tier 1 (Gold SLA - Premium)","PutSmall",1,0,20.101,0.000,20.099
"Tier 1 (Gold SLA - Premium)","PutSmall",1,0,19.739,0.000,19.736
"Tier 1 (Gold SLA - Premium)","PutSmall",1,0,20.899,0.000,20.897
"Tier 1 (Gold SLA - Premium)","PutSmall",1,0,21.489,0.000,21.487
"Tier 1 (Gold SLA - Premium)","GetSmall",1,0,14.391,0.000,14.391
"Tier 1 (Gold SLA - Premium)","GetSmall",1,0,14.306,0.000,14.305
"Tier 1 (Gold SLA - Premium)","PutSmall",1,0,21.711,0.000,21.709
"Tier 1 (Gold SLA - Premium)","PutSmall",1,0,19.280,0.000,19.278
"Tier 1 (Gold SLA - Premium)","PutSmall",1,0,19.626,0.000,19.624
"Tier 1 (Gold SLA - Premium)","PutSmall",1,0,20.743,0.000,20.742
"Tier 1 (Gold SLA - Premium)","GetSmall",1,0,14.035,0.000,14.033
"Tier 1 (Gold SLA - Premium)","PutSmall",1,0,23.953,0.000,23.950
"Tier 1 (Gold SLA - Premium)","GetSmall",1,0,15.885,0.000,15.884
"Tier 1 (Gold SLA - Premium)","PutSmall",1,0,22.737,0.000,22.736
"Tier 1 (Gold SLA - Premium)","PutSmall",1,0,20.471,0.000,20.469
"Tier 1 (Gold SLA - Premium)","PutSmall",1,0,21.866,0.000,21.863
"Tier 1 (Gold SLA - Premium)","PutSmall",1,0,23.067,0.000,23.065
"Tier 1 (Gold SLA - Premium)","GetSmall",1,0,13.444,0.000,13.442
"Tier 1 (Gold SLA - Premium)","GetSmall",1,0,14.106,0.000,14.104
"Tier 1 (Gold SLA - Premium)","PutSmall",1,0,24.053,0.000,24.052
"Tier 1 (Gold SLA - Premium)","GetSmall",1,0,15.076,0.000,15.075
"Tier 1 (Gold SLA - Premium)","PutSmall",1,0,22.262,0.000,22.260
"Tier 1 (Gold SLA - Premium)","PutSmall",1,0,21.458,0.000,21.454
"Tier 1 (Gold SLA - Premium)","PutSmall",1,0,20.193,0.000,20.192
"Tier 1 (Gold SLA - Premium)","GetSmall",1,0,14.547,0.000,14.545
"Tier 1 (Gold SLA - Premium)","GetSmall",1,0,14.239,0.000,14.236
"Tier 1 (Gold SLA - Premium)","PutSmall",1,0,22.721,0.000,22.720
"Tier 1 (Gold SLA - Premium)","GetSmall",1,0,14.135,0.000,14.127
"Tier 1 (Gold SLA - Premium)","PutSmall",1,0,21.337,0.000,21.336
"Tier 1 (Gold SLA - Premium)","GetSmall",1,0,14.200,0.000,14.189
"Tier 1 (Gold SLA - Premium)","GetSmall",1,0,13.480,0.000,13.477
"Tier 1 (Gold SLA - Premium)","GetSmall",1,0,15.563,0.000,15.562
"Tier 1 (Gold SLA - Premium)","GetSmall",1,0,14.329,0.000,14.326
"Tier 1 (Gold SLA - Premium)","GetSmall",1,0,14.784,0.000,14.782
"Tier 1 (Gold SLA - Premium)","PutSmall",1,0,21.356,0.000,21.347
"Tier 1 (Gold SLA - Premium)","GetSmall",1,0,12.136,0.000,12.135
"Tier 1 (Gold SLA - Premium)","GetSmall",1,0,13.027,0.000,13.026
"Tier 1 (Gold SLA - Premium)","GetSmall",1,0,12.627,0.000,12.625
"Tier 1 (Gold SLA - Premium)","PutSmall",1,0,24.063,0.000,24.060
"Tier 1 (Gold SLA - Premium)","PutSmall",1,0,20.206,0.000,20.205
"Tier 1 (Gold SLA - Premium)","GetSmall",1,0,14.970,0.000,14.966
"Tier 1 (Gold SLA - Premium)","PutSmall",1,0,20.752,0.000,20.750
"Tier 1 (Gold SLA - Premium)","PutSmall",1,0,22.103,0.000,22.101
"Tier 1 (Gold SLA - Premium)","GetSmall",1,0,13.860,0.000,13.857
"Tier 1 (Gold SLA - Premium)","PutSmall",1,0,20.701,0.000,20.698
"Tier 1 (Gold SLA - Premium)","PutSmall",1,0,20.358,0.000,20.356
"Tier 1 (Gold SLA - Premium)","PutSmall",1,0,21.932,0.000,21.922
"Tier 1 (Gold SLA - Premium)","GetSmall",1,0,13.949,0.001,13.945
"Tier 1 (Gold SLA - Premium)","PutSmall",1,0,23.455,0.000,23.453
"Tier 1 (Gold SLA - Premium)","PutSmall",1,0,20.685,0.000,20.684
"Tier 1 (Gold SLA - Premium)","GetSmall",1,0,13.085,0.000,13.084
"Tier 1 (Gold SLA - Premium)","GetSmall",1,0,15.661,0.000,15.659
"Tier 1 (Gold SLA - Premium)","GetSmall",1,0,14.488,0.000,14.488
"Tier 1 (Gold SLA - Premium)","GetSmall",1,0,14.289,0.000,14.287
"Tier 1 (Gold SLA - Premium)","GetSmall",1,0,13.202,0.000,13.200
"Tier 1 (Gold SLA - Premium)","GetSmall",1,0,14.419,0.000,14.416
"Tier 1 (Gold SLA - Premium)","GetSmall",1,0,13.736,0.000,13.734
"Tier 1 (Gold SLA - Premium)","GetSmall",1,0,14.242,0.000,14.239
"Tier 1 (Gold SLA - Premium)","PutSmall",1,0,23.547,0.000,23.545
"Tier 1 (Gold SLA - Premium)","GetSmall",1,0,14.892,0.000,14.890
"Tier 1 (Gold SLA - Premium)","PutSmall",1,0,22.582,0.000,22.581
"Tier 1 (Gold SLA - Premium)","PutSmall",1,0,20.110,0.000,20.109
"Tier 1 (Gold SLA - Premium)","GetSmall",1,0,15.396,0.000,15.395
"Tier 1 (Gold SLA - Premium)","PutSmall",1,0,21.100,0.000,21.099
"Tier 1 (Gold SLA - Premium)","GetSmall",1,0,14.501,0.000,14.500
"Tier 1 (Gold SLA - Premium)","PutSmall",1,0,21.940,0.000,21.939
"Tier 1 (Gold SLA - Premium)","PutSmall",1,0,22.293,0.000,22.291
"Tier 1 (Gold SLA - Premium)","GetSmall",1,0,13.935,0.000,13.932
"Tier 1 (Gold SLA - Premium)","GetSmall",1,0,14.038,0.000,14.036
"Tier 1 (Gold SLA - Premium)","PutSmall",1,0,20.325,0.000,20.323
"Tier 1 (Gold SLA - Premium)","PutSmall",1,0,21.804,0.000,21.802
"Tier 1 (Gold SLA - Premium)","PutSmall",1,0,22.882,0.000,22.881
"Tier 1 (Gold SLA - Premium)","PutSmall",1,0,22.442,0.000,22.441
"Tier 1 (Gold SLA - Premium)","PutSmall",1,0,22.828,0.000,22.825
"Tier 1 (Gold SLA - Premium)","GetSmall",1,0,15.090,0.000,15.089
"Tier 1 (Gold SLA - Premium)","GetSmall",1,0,15.155,0.000,15.153
"Tier 1 (Gold SLA - Premium)","GetSmall",1,0,13.647,0.000,13.645
"Tier 1 (Gold SLA - Premium)","GetSmall",1,0,15.890,0.000,15.888
"Tier 1 (Gold SLA - Premium)","PutSmall",1,0,21.431,0.000,21.428
"Tier 1 (Gold SLA - Premium)","GetSmall",1,0,16.102,0.000,16.092
"Tier 1 (Gold SLA - Premium)","GetSmall",1,0,16.322,0.000,16.320
"Tier 1 (Gold SLA - Premium)","PutSmall",1,0,23.031,0.000,23.029
"Tier 1 (Gold SLA - Premium)","GetSmall",1,0,13.753,0.000,13.751
"Tier 1 (Gold SLA - Premium)","PutSmall",1,0,20.181,0.000,20.180
"Tier 1 (Gold SLA - Premium)","GetSmall",1,0,14.406,0.000,14.406
"Tier 1 (Gold SLA - Premium)","GetSmall",1,0,15.565,0.000,15.563
"Tier 1 (Gold SLA - Premium)","GetSmall",1,0,14.433,0.000,14.431
"Tier 1 (Gold SLA - Premium)","GetSmall",1,0,12.911,0.000,12.910
"Tier 1 (Gold SLA - Premium)","GetSmall",1,0,15.428,0.000,15.427
"Tier 1 (Gold SLA - Premium)","PutSmall",1,0,20.106,0.000,20.104
"Tier 1 (Gold SLA - Premium)","GetSmall",1,0,14.532,0.000,14.531
"Tier 1 (Gold SLA - Premium)","GetSmall",1,0,15.547,0.000,15.546
"Tier 1 (Gold SLA - Premium)","PutSmall",1,0,19.647,0.000,19.645
"Tier 1 (Gold SLA - Premium)","PutSmall",1,0,19.863,0.000,19.861
"Tier 1 (Gold SLA - Premium)","PutSmall",1,0,20.348,0.000,20.347
"Tier 1 (Gold SLA - Premium)","GetSmall",1,0,14.009,0.000,14.008
"Tier 1 (Gold SLA - Premium)","GetSmall",1,0,13.398,0.000,13.396
"Tier 1 (Gold SLA - Premium)","GetSmall",1,0,14.601,0.000,14.599
"Tier 1 (Gold SLA - Premium)","GetSmall",1,0,14.888,0.000,14.885
"Tier 1 (Gold SLA - Premium)","GetSmall",1,0,14.264,0.000,14.262
"Tier 1 (Gold SLA - Premium)","PutSmall",1,0,20.335,0.000,20.332
"Tier 1 (Gold SLA - Premium)","GetSmall",1,0,14.896,0.000,14.890
"Tier 1 (Gold SLA - Premium)","PutSmall",1,0,22.573,0.000,22.571
"Tier 1 (Gold SLA - Premium)","GetSmall",1,0,13.162,0.000,13.159
"Tier 1 (Gold SLA - Premium)","GetSmall",1,0,13.685,0.000,13.683
"Tier 1 (Gold SLA - Premium)","GetSmall",1,0,12.579,0.000,12.578
"Tier 1 (Gold SLA - Premium)","GetSmall",1,0,14.681,0.000,14.679
"Tier 1 (Gold SLA - Premium)","PutSmall",1,0,20.657,0.000,20.655
"Tier 1 (Gold SLA - Premium)","GetSmall",1,0,15.100,0.000,15.099
"Tier 1 (Gold SLA - Premium)","PutSmall",1,0,21.348,0.000,21.315
"Tier 1 (Gold SLA - Premium)","GetSmall",1,0,14.366,0.000,14.338
"Tier 1 (Gold SLA - Premium)","GetSmall",1,0,14.425,0.000,14.396
"Tier 1 (Gold SLA - Premium)","GetSmall",1,0,14.602,0.000,14.573
"Tier 1 (Gold SLA - Premium)","PutSmall",1,0,22.908,0.000,22.906
"Tier 1 (Gold SLA - Premium)","GetSmall",1,0,13.906,0.000,13.894
"Tier 1 (Gold SLA - Premium)","PutSmall",1,0,22.476,0.000,22.446
"Tier 1 (Gold SLA - Premium)","GetSmall",1,0,14.088,0.000,14.085
"Tier 1 (Gold SLA - Premium)","GetSmall",1,0,13.083,0.000,13.080
"Tier 1 (Gold SLA - Premium)","GetSmall",1,0,15.368,0.000,15.365
"Tier 1 (Gold SLA - Premium)","GetSmall",1,0,13.307,0.000,13.306
"Tier 1 (Gold SLA - Premium)","PutSmall",1,0,21.813,0.000,21.810
"Tier 1 (Gold SLA - Premium)","PutSmall",1,0,20.527,0.000,20.525
"Tier 1 (Gold SLA - Premium)","GetSmall",1,0,14.234,0.000,14.232
"Tier 1 (Gold SLA - Premium)","PutSmall",1,0,22.732,0.000,22.730
"Tier 1 (Gold SLA - Premium)","PutSmall",1,0,20.432,0.000,20.424
"Tier 1 (Gold SLA - Premium)","GetSmall",1,0,14.303,0.000,14.296
"Tier 1 (Gold SLA - Premium)","PutSmall",1,0,19.607,0.000,19.605
"Tier 1 (Gold SLA - Premium)","PutSmall",1,0,21.098,0.000,21.095
"Tier 1 (Gold SLA - Premium)","PutSmall",1,0,21.576,0.000,21.571
"Tier 1 (Gold SLA - Premium)","PutSmall",1,0,20.979,0.000,20.977
"Tier 1 (Gold SLA - Premium)","GetSmall",1,0,14.158,0.000,14.157
"Tier 1 (Gold SLA - Premium)","GetSmall",1,0,14.942,0.000,14.941
"Tier 1 (Gold SLA - Premium)","PutSmall",1,0,21.702,0.000,21.690
"Tier 1 (Gold SLA - Premium)","GetSmall",1,0,16.316,0.000,16.314
"Tier 1 (Gold SLA - Premium)","GetSmall",1,0,15.951,0.000,15.948
"Tier 1 (Gold SLA - Premium)","PutSmall",1,0,21.197,0.000,21.195
"Tier 1 (Gold SLA - Premium)","GetSmall",1,0,13.620,0.000,13.617
"Tier 1 (Gold SLA - Premium)","GetSmall",1,0,14.041,0.000,14.039
"Tier 1 (Gold SLA - Premium)","GetSmall",1,0,15.359,0.000,15.356
"Tier 1 (Gold SLA - Premium)","PutSmall",1,0,19.993,0.000,19.989
"Tier 1 (Gold SLA - Premium)","PutSmall",1,0,20.794,0.000,20.793
"Tier 1 (Gold SLA - Premium)","PutSmall",1,0,20.913,0.000,20.910
"Tier 1 (Gold SLA - Premium)","PutSmall",1,0,20.891,0.000,20.889
"Tier 1 (Gold SLA - Premium)","PutSmall",1,0,23.243,0.000,23.241
"Tier 1 (Gold SLA - Premium)","PutSmall",1,0,20.499,0.000,20.496
"Tier 1 (Gold SLA - Premium)","GetSmall",1,0,15.478,0.000,15.476
"Tier 1 (Gold SLA - Premium)","PutSmall",1,0,19.713,0.000,19.711
"Tier 1 (Gold SLA - Premium)","PutSmall",1,0,19.589,0.000,19.588
"Tier 1 (Gold SLA - Premium)","GetSmall",1,0,13.700,0.000,13.698
"Tier 1 (Gold SLA - Premium)","GetSmall",1,0,12.252,0.000,12.250
"Tier 1 (Gold SLA - Premium)","GetSmall",1,0,15.743,0.000,15.741
"Tier 1 (Gold SLA - Premium)","PutSmall",1,0,24.056,0.000,24.044
"Tier 1 (Gold SLA - Premium)","PutSmall",1,0,21.103,0.000,21.101
"Tier 1 (Gold SLA - Premium)","GetSmall",1,0,13.278,0.000,13.274
"Tier 1 (Gold SLA - Premium)","GetSmall",1,0,12.760,0.000,12.757
"Tier 1 (Gold SLA - Premium)","GetSmall",1,0,14.278,0.000,14.275
"Tier 1 (Gold SLA - Premium)","PutSmall",1,0,20.220,0.000,20.217
"Tier 1 (Gold SLA - Premium)","GetSmall",1,0,13.820,0.000,13.818
"Tier 1 (Gold SLA - Premium)","GetSmall",1,0,15.336,0.000,15.334
"Tier 1 (Gold SLA - Premium)","PutSmall",1,0,20.952,0.000,20.951
"Tier 1 (Gold SLA - Premium)","PutSmall",1,0,22.325,0.000,22.313
"Tier 1 (Gold SLA - Premium)","PutSmall",1,0,20.573,0.000,20.572
"Tier 1 (Gold SLA - Premium)","PutSmall",1,0,18.808,0.000,18.806
"Tier 1 (Gold SLA - Premium)","GetSmall",1,0,13.625,0.000,13.624
"Tier 1 (Gold SLA - Premium)","PutSmall",1,0,22.623,0.000,22.620
"Tier 1 (Gold SLA - Premium)","GetSmall",1,0,15.487,0.000,15.484
"Tier 1 (Gold SLA - Premium)","GetSmall",1,0,14.536,0.000,14.534
"Tier 1 (Gold SLA - Premium)","PutSmall",1,0,21.205,0.000,21.197
"Tier 1 (Gold SLA - Premium)","GetSmall",1,0,15.183,0.000,15.181
"Tier 1 (Gold SLA - Premium)","GetSmall",1,0,13.004,0.000,13.001
"Tier 1 (Gold SLA - Premium)","PutSmall",1,0,22.620,0.000,22.618
"Tier 1 (Gold SLA - Premium)","GetSmall",1,0,14.823,0.000,14.820
"Tier 1 (Gold SLA - Premium)","GetSmall",1,0,15.870,0.000,15.865
"Tier 1 (Gold SLA - Premium)","GetSmall",1,0,16.437,0.000,16.436
"Tier 1 (Gold SLA - Premium)","PutSmall",1,0,23.370,0.000,23.367
"Tier 1 (Gold SLA - Premium)","PutSmall",1,0,21.980,0.000,21.979
"Tier 1 (Gold SLA - Premium)","PutSmall",1,0,20.903,0.000,20.901
"Tier 1 (Gold SLA - Premium)","PutSmall",1,0,23.678,0.000,23.676
"Tier 1 (Gold SLA - Premium)","GetSmall",1,0,15.221,0.000,15.220
"Tier 1 (Gold SLA - Premium)","PutSmall",1,0,20.070,0.000,20.069
"Tier 1 (Gold SLA - Premium)","PutSmall",1,0,21.749,0.000,21.746
"Tier 1 (Gold SLA - Premium)","PutSmall",1,0,22.927,0.000,22.925
"Tier 1 (Gold SLA - Premium)","GetSmall",1,0,14.412,0.000,14.411
"Tier 1 (Gold SLA - Premium)","GetSmall",1,0,13.842,0.000,13.840
"Tier 1 (Gold SLA - Premium)","GetSmall",1,0,14.945,0.000,14.944
"Tier 1 (Gold SLA - Premium)","PutSmall",1,0,22.617,0.000,22.616
"Tier 1 (Gold SLA - Premium)","GetSmall",1,0,15.095,0.000,15.093
"Tier 1 (Gold SLA - Premium)","GetSmall",1,0,13.533,0.000,13.531
"Tier 1 (Gold SLA - Premium)","PutSmall",1,0,24.278,0.000,24.276
"Tier 1 (Gold SLA - Premium)","PutSmall",1,0,20.067,0.000,20.064
"Tier 1 (Gold SLA - Premium)","GetSmall",1,0,12.804,0.000,12.801
"Tier 1 (Gold SLA - Premium)","PutSmall",1,0,19.533,0.000,19.531
"Tier 1 (Gold SLA - Premium)","PutSmall",1,0,23.450,0.000,23.449
"Tier 1 (Gold SLA - Premium)","PutSmall",1,0,21.126,0.000,21.124
"Tier 1 (Gold SLA - Premium)","PutSmall",1,0,24.196,0.000,24.188
"Tier 1 (Gold SLA - Premium)","PutSmall",1,0,19.761,0.000,19.758
"Tier 1 (Gold SLA - Premium)","PutSmall",1,0,20.440,0.000,20.438
"Tier 1 (Gold SLA - Premium)","GetSmall",1,0,14.232,0.000,14.230
"Tier 1 (Gold SLA - Premium)","PutSmall",1,0,20.815,0.000,20.815
"Tier 1 (Gold SLA - Premium)","PutSmall",1,0,22.846,0.000,22.844
"Tier 1 (Gold SLA - Premium)","GetSmall",1,0,15.771,0.000,15.769
"Tier 1 (Gold SLA - Premium)","GetSmall",1,0,13.480,0.000,13.479
"Tier 1 (Gold SLA - Premium)","GetSmall",1,0,15.202,0.000,15.199
"Tier 1 (Gold SLA - Premium)","PutSmall",1,0,24.644,0.000,24.643
"Tier 1 (Gold SLA - Premium)","GetSmall",1,0,15.140,0.000,15.139
"Tier 1 (Gold SLA - Premium)","GetSmall",1,0,15.320,0.000,15.318
"Tier 1 (Gold SLA - Premium)","PutSmall",1,0,21.931,0.000,21.929
"Tier 1 (Gold SLA - Premium)","PutSmall",1,0,22.997,0.000,22.986
"Tier 1 (Gold SLA - Premium)","GetSmall",1,0,13.107,0.000,13.106
"Tier 1 (Gold SLA - Premium)","GetSmall",1,0,15.064,0.000,15.063
"Tier 1 (Gold SLA - Premium)","GetSmall",1,0,15.436,0.000,15.433
"Tier 1 (Gold SLA - Premium)","GetSmall",1,0,16.203,0.000,16.201
"Tier 1 (Gold SLA - Premium)","PutSmall",1,0,20.024,0.000,20.022
"Tier 1 (Gold SLA - Premium)","PutSmall",1,0,24.400,0.000,24.397
"Tier 1 (Gold SLA - Premium)","GetSmall",1,0,13.690,0.000,13.689
"Tier 1 (Gold SLA - Premium)","PutSmall",1,0,24.234,0.000,24.229
"Tier 1 (Gold SLA - Premium)","GetSmall",1,0,13.638,0.000,13.635
"Tier 1 (Gold SLA - Premium)","GetSmall",1,0,14.144,0.000,14.143
"Tier 1 (Gold SLA - Premium)","GetSmall",1,0,14.556,0.000,14.555
"Tier 1 (Gold SLA - Premium)","GetSmall",1,0,14.478,0.000,14.476
"Tier 1 (Gold SLA - Premium)","GetSmall",1,0,15.452,0.000,15.450
"Tier 1 (Gold SLA - Premium)","PutSmall",1,0,21.741,0.000,21.739
"Tier 1 (Gold SLA - Premium)","PutSmall",1,0,21.458,0.000,21.457
"Tier 1 (Gold SLA - Premium)","GetSmall",1,0,14.295,0.000,14.293
"Tier 1 (Gold SLA - Premium)","GetSmall",1,0,15.275,0.000,15.274
"Tier 1 (Gold SLA - Premium)","PutSmall",1,0,21.889,0.000,21.887
"Tier 1 (Gold SLA - Premium)","GetSmall",1,0,13.490,0.000,13.488
"Tier 1 (Gold SLA - Premium)","GetSmall",1,0,14.827,0.000,14.826
"Tier 1 (Gold SLA - Premium)","GetSmall",1,0,13.835,0.000,13.832
"Tier 1 (Gold SLA - Premium)","PutSmall",1,0,20.091,0.000,20.089
"Tier 1 (Gold SLA - Premium)","PutSmall",1,0,20.468,0.000,20.466
"Tier 1 (Gold SLA - Premium)","PutSmall",1,0,23.802,0.000,23.800
"Tier 1 (Gold SLA - Premium)","PutSmall",1,0,19.569,0.000,19.567
"Tier 1 (Gold SLA - Premium)","PutSmall",1,0,22.999,0.000,22.998
"Tier 1 (Gold SLA - Premium)","PutSmall",1,0,20.934,0.000,20.931
"Tier 1 (Gold SLA - Premium)","PutSmall",1,0,20.158,0.000,20.156
"Tier 1 (Gold SLA - Premium)","GetSmall",1,0,15.713,0.000,15.711
"Tier 1 (Gold SLA - Premium)","GetSmall",1,0,13.468,0.000,13.465
"Tier 1 (Gold SLA - Premium)","GetSmall",1,0,15.885,0.000,15.884
"Tier 1 (Gold SLA - Premium)","GetSmall",1,0,13.114,0.000,13.111
"Tier 1 (Gold SLA - Premium)","GetSmall",1,0,14.600,0.000,14.599
"Tier 1 (Gold SLA - Premium)","GetSmall",1,0,12.427,0.000,12.425
"Tier 1 (Gold SLA - Premium)","GetSmall",1,0,14.471,0.000,14.469
"Tier 1 (Gold SLA - Premium)","GetSmall",1,0,15.157,0.000,15.156
"Tier 1 (Gold SLA - Premium)","GetSmall",1,0,13.854,0.000,13.852
"Tier 1 (Gold SLA - Premium)","PutSmall",1,0,18.658,0.000,18.656
"Tier 1 (Gold SLA - Premium)","GetSmall",1,0,14.273,0.000,14.272
"Tier 1 (Gold SLA - Premium)","PutSmall",1,0,23.149,0.000,23.147
"Tier 1 (Gold SLA - Premium)","PutSmall",1,0,20.665,0.000,20.664
"Tier 1 (Gold SLA - Premium)","PutSmall",1,0,21.359,0.000,21.357
"Tier 1 (Gold SLA - Premium)","GetSmall",1,0,14.205,0.000,14.202
"Tier 1 (Gold SLA - Premium)","GetSmall",1,0,15.030,0.000,15.029
"Tier 1 (Gold SLA - Premium)","GetSmall",1,0,14.656,0.000,14.654
"Tier 1 (Gold SLA - Premium)","PutSmall",1,0,22.695,0.000,22.692
"Tier 1 (Gold SLA - Premium)","PutSmall",1,0,23.071,0.000,23.069
"Tier 1 (Gold SLA - Premium)","PutSmall",1,0,21.485,0.000,21.484
"Tier 1 (Gold SLA - Premium)","GetSmall",1,0,14.509,0.000,14.507
"Tier 1 (Gold SLA - Premium)","GetSmall",1,0,15.767,0.000,15.765
"Tier 1 (Gold SLA - Premium)","GetSmall",1,0,13.523,0.000,13.521
"Tier 1 (Gold SLA - Premium)","GetSmall",1,0,14.201,0.000,14.198
"Tier 1 (Gold SLA - Premium)","GetSmall",1,0,14.497,0.000,14.495
"Tier 1 (Gold SLA - Premium)","GetSmall",1,0,15.582,0.000,15.580
"Tier 1 (Gold SLA - Premium)","PutSmall",1,0,21.088,0.000,21.086
"Tier 1 (Gold SLA - Premium)","PutSmall",1,0,20.743,0.000,20.740
"Tier 1 (Gold SLA - Premium)","GetSmall",1,0,15.001,0.000,14.971
"Tier 1 (Gold SLA - Premium)","PutSmall",1,0,22.588,0.000,22.582
"Tier 1 (Gold SLA - Premium)","GetSmall",1,0,14.139,0.000,14.137
"Tier 1 (Gold SLA - Premium)","GetSmall",1,0,14.131,0.000,14.130
"Tier 1 (Gold SLA - Premium)","PutSmall",1,0,23.146,0.000,23.145
"Tier 1 (Gold SLA - Premium)","PutSmall",1,0,19.603,0.000,19.599
"Tier 1 (Gold SLA - Premium)","GetSmall",1,0,14.182,0.000,14.180
"Tier 1 (Gold SLA - Premium)","PutSmall",1,0,21.012,0.000,21.010
"Tier 1 (Gold SLA - Premium)","PutSmall",1,0,21.223,0.000,21.220
"Tier 1 (Gold SLA - Premium)","GetSmall",1,0,15.487,0.000,15.485
"Tier 1 (Gold SLA - Premium)","GetSmall",1,0,15.772,0.000,15.769
"Tier 1 (Gold SLA - Premium)","GetSmall",1,0,13.526,0.000,13.524
"Tier 1 (Gold SLA - Premium)","PutSmall",1,0,23.144,0.000,23.143
"Tier 1 (Gold SLA - Premium)","PutSmall",1,0,20.083,0.000,20.081
"Tier 1 (Gold SLA - Premium)","PutSmall",1,0,20.329,0.001,20.327
"Tier 1 (Gold SLA - Premium)","PutSmall",1,0,22.001,0.001,21.997
"Tier 1 (Gold SLA - Premium)","PutSmall",1,0,20.485,0.000,20.456
"Tier 1 (Gold SLA - Premium)","GetSmall",1,0,13.872,0.000,13.870
"Tier 1 (Gold SLA - Premium)","GetSmall",1,0,15.324,0.000,15.322
"Tier 1 (Gold SLA - Premium)","PutSmall",1,0,19.398,0.000,19.395
"Tier 1 (Gold SLA - Premium)","PutSmall",1,0,24.369,0.000,24.366
"Tier 1 (Gold SLA - Premium)","GetSmall",1,0,15.035,0.000,15.032
"Tier 1 (Gold SLA - Premium)","PutSmall",1,0,24.015,0.000,24.014
"Tier 1 (Gold SLA - Premium)","PutSmall",1,0,22.155,0.000,22.153
"Tier 1 (Gold SLA - Premium)","PutSmall",1,0,23.205,0.000,23.204
"Tier 1 (Gold SLA - Premium)","GetSmall",1,0,15.705,0.000,15.704
"Tier 1 (Gold SLA - Premium)","PutSmall",1,0,23.397,0.000,23.394
"Tier 1 (Gold SLA - Premium)","GetSmall",1,0,13.625,0.000,13.622
"Tier 1 (Gold SLA - Premium)","PutSmall",1,0,21.269,0.000,21.266
"Tier 1 (Gold SLA - Premium)","PutSmall",1,0,20.424,0.000,20.422
"Tier 1 (Gold SLA - Premium)","GetSmall",1,0,14.189,0.000,14.187
"Tier 1 (Gold SLA - Premium)","PutSmall",1,0,20.290,0.000,20.288
"Tier 1 (Gold SLA - Premium)","GetSmall",1,0,12.759,0.000,12.758
"Tier 1 (Gold SLA - Premium)","GetSmall",1,0,12.495,0.000,12.494
"Tier 1 (Gold SLA - Premium)","GetSmall",1,0,16.383,0.000,16.381
"Tier 1 (Gold SLA - Premium)","GetSmall",1,0,14.491,0.000,14.490
"Tier 1 (Gold SLA - Premium)","PutSmall",1,0,23.625,0.000,23.623
"Tier 1 (Gold SLA - Premium)","PutSmall",1,0,20.608,0.000,20.607
"Tier 1 (Gold SLA - Premium)","PutSmall",1,0,20.946,0.000,20.943
"Tier 1 (Gold SLA - Premium)","GetSmall",1,0,13.628,0.000,13.626
"Tier 1 (Gold SLA - Premium)","GetSmall",1,0,14.102,0.000,14.100
"Tier 1 (Gold SLA - Premium)","GetSmall",1,0,12.232,0.000,12.229
"Tier 1 (Gold SLA - Premium)","PutSmall",1,0,21.687,0.000,21.684
"Tier 1 (Gold SLA - Premium)","PutSmall",1,0,22.599,0.000,22.596
"Tier 1 (Gold SLA - Premium)","GetSmall",1,0,14.419,0.000,14.418
"Tier 1 (Gold SLA - Premium)","PutSmall",1,0,22.421,0.000,22.420
"Tier 1 (Gold SLA - Premium)","PutSmall",1,0,21.239,0.000,21.235
"Tier 1 (Gold SLA - Premium)","PutSmall",1,0,21.079,0.000,21.077
"Tier 1 (Gold SLA - Premium)","PutSmall",1,0,20.375,0.000,20.374
"Tier 1 (Gold SLA - Premium)","GetSmall",1,0,14.317,0.000,14.315
"Tier 1 (Gold SLA - Premium)","PutSmall",1,0,20.370,0.000,20.369
"Tier 1 (Gold SLA - Premium)","PutSmall",1,0,21.599,0.000,21.596
"Tier 1 (Gold SLA - Premium)","GetSmall",1,0,14.519,0.000,14.517
"Tier 1 (Gold SLA - Premium)","GetSmall",1,0,15.092,0.000,15.090
"Tier 1 (Gold SLA - Premium)","PutSmall",1,0,23.238,0.000,23.236
"Tier 1 (Gold SLA - Premium)","GetSmall",1,0,14.196,0.000,14.193
"Tier 1 (Gold SLA - Premium)","GetSmall",1,0,13.831,0.000,13.828
"Tier 1 (Gold SLA - Premium)","GetSmall",1,0,15.008,0.000,15.006
"Tier 1 (Gold SLA - Premium)","GetSmall",1,0,13.307,0.000,13.304
"Tier 1 (Gold SLA - Premium)","PutSmall",1,0,21.404,0.000,21.400
"Tier 1 (Gold SLA - Premium)","GetSmall",1,0,15.942,0.000,15.940
"Tier 1 (Gold SLA - Premium)","PutSmall",1,0,20.174,0.000,20.172
"Tier 1 (Gold SLA - Premium)","GetSmall",1,0,12.497,0.000,12.493
"Tier 1 (Gold SLA - Premium)","GetSmall",1,0,15.453,0.000,15.444
"Tier 1 (Gold SLA - Premium)","PutSmall",1,0,20.158,0.000,20.156
"Tier 1 (Gold SLA - Premium)","GetSmall",1,0,15.585,0.000,15.584
"Tier 1 (Gold SLA - Premium)","GetSmall",1,0,14.578,0.000,14.576
"Tier 1 (Gold SLA - Premium)","PutSmall",1,0,19.819,0.000,19.817
"Tier 1 (Gold SLA - Premium)","GetSmall",1,0,15.861,0.000,15.850
"Tier 1 (Gold SLA - Premium)","PutSmall",1,0,21.874,0.000,21.872
"Tier 1 (Gold SLA - Premium)","GetSmall",1,0,15.988,0.000,15.985
"Tier 1 (Gold SLA - Premium)","GetSmall",1,0,14.010,0.000,13.998
"Tier 1 (Gold SLA - Premium)","GetSmall",1,0,15.755,0.000,15.753
"Tier 1 (Gold SLA - Premium)","GetSmall",1,0,14.488,0.000,14.487
"Tier 1 (Gold SLA - Premium)","GetSmall",1,0,12.796,0.000,12.793
"Tier 1 (Gold SLA - Premium)","GetSmall",1,0,14.138,0.000,14.136
"Tier 1 (Gold SLA - Premium)","GetSmall",1,0,14.446,0.000,14.445
"Tier 1 (Gold SLA - Premium)","PutSmall",1,0,24.461,0.000,24.452
"Tier 1 (Gold SLA - Premium)","GetSmall",1,0,13.245,0.000,13.243
"Tier 1 (Gold SLA - Premium)","GetSmall",1,0,16.537,0.000,16.534
"Tier 1 (Gold SLA - Premium)","GetSmall",1,0,12.935,0.000,12.932
"Tier 1 (Gold SLA - Premium)","GetSmall",1,0,13.431,0.000,13.428
"Tier 1 (Gold SLA - Premium)","PutSmall",1,0,21.456,0.000,21.453
"Tier 1 (Gold SLA - Premium)","GetSmall",1,0,14.074,0.000,14.069
"Tier 1 (Gold SLA - Premium)","GetSmall",1,0,15.915,0.000,15.914
"Tier 1 (Gold SLA - Premium)","PutSmall",1,0,23.797,0.000,23.794
"Tier 1 (Gold SLA - Premium)","GetSmall",1,0,15.497,0.000,15.494
"Tier 1 (Gold SLA - Premium)","GetSmall",1,0,14.567,0.000,14.565
"Tier 1 (Gold SLA - Premium)","PutSmall",1,0,22.462,0.000,22.460
"Tier 1 (Gold SLA - Premium)","GetSmall",1,0,15.058,0.000,15.056
"Tier 1 (Gold SLA - Premium)","PutSmall",1,0,22.290,0.000,22.289
"Tier 1 (Gold SLA - Premium)","PutSmall",1,0,20.078,0.000,20.075
"Tier 1 (Gold SLA - Premium)","PutSmall",1,0,20.138,0.000,20.135
"Tier 1 (Gold SLA - Premium)","GetSmall",1,0,12.645,0.000,12.643
"Tier 1 (Gold SLA - Premium)","PutSmall",1,0,22.709,0.000,22.707
"Tier 1 (Gold SLA - Premium)","GetSmall",1,0,13.789,0.000,13.787
"Tier 1 (Gold SLA - Premium)","GetSmall",1,0,14.505,0.000,14.503
"Tier 1 (Gold SLA - Premium)","GetSmall",1,0,15.319,0.000,15.316
"Tier 1 (Gold SLA - Premium)","PutSmall",1,0,20.019,0.000,20.016
"Tier 1 (Gold SLA - Premium)","GetSmall",1,0,14.806,0.000,14.803
"Tier 1 (Gold SLA - Premium)","GetSmall",1,0,15.786,0.000,15.784
"Tier 1 (Gold SLA - Premium)","GetSmall",1,0,15.333,0.000,15.329
"Tier 1 (Gold SLA - Premium)","PutSmall",1,0,20.627,0.000,20.624
"Tier 1 (Gold SLA - Premium)","PutSmall",1,0,21.189,0.000,21.186
"Tier 1 (Gold SLA - Premium)","PutSmall",1,0,21.779,0.000,21.777
"Tier 1 (Gold SLA - Premium)","GetSmall",1,0,14.588,0.000,14.586
"Tier 1 (Gold SLA - Premium)","GetSmall",1,0,15.039,0.000,15.036
"Tier 1 (Gold SLA - Premium)","PutSmall",1,0,20.566,0.001,20.562
"Tier 1 (Gold SLA - Premium)","GetSmall",1,0,14.591,0.000,14.588
"Tier 1 (Gold SLA - Premium)","GetSmall",1,0,14.815,0.000,14.813
"Tier 1 (Gold SLA - Premium)","GetSmall",1,0,15.265,0.000,15.261
"Tier 1 (Gold SLA - Premium)","PutSmall",1,0,21.514,0.000,21.512
"Tier 1 (Gold SLA - Premium)","GetSmall",1,0,13.843,0.000,13.840
"Tier 1 (Gold SLA - Premium)","GetSmall",1,0,14.068,0.000,14.067
"Tier 1 (Gold SLA - Premium)","PutSmall",1,0,22.518,0.000,22.515
"Tier 1 (Gold SLA - Premium)","GetSmall",1,0,13.494,0.000,13.492
"Tier 1 (Gold SLA - Premium)","GetSmall",1,0,14.127,0.000,14.124
"Tier 1 (Gold SLA - Premium)","PutSmall",1,0,22.010,0.000,22.007
"Tier 1 (Gold SLA - Premium)","PutSmall",1,0,23.631,0.000,23.629
"Tier 1 (Gold SLA - Premium)","GetSmall",1,0,15.849,0.000,15.846
"Tier 1 (Gold SLA - Premium)","GetSmall",1,0,15.216,0.000,15.213
"Tier 1 (Gold SLA - Premium)","PutSmall",1,0,22.575,0.000,22.571
"Tier 1 (Gold SLA - Premium)","PutSmall",1,0,22.916,0.000,22.912
"Tier 1 (Gold SLA - Premium)","PutSmall",1,0,21.604,0.000,21.602
"Tier 1 (Gold SLA - Premium)","PutSmall",1,0,21.500,0.000,21.497
"Tier 1 (Gold SLA - Premium)","GetSmall",1,0,14.837,0.000,14.834
"Tier 1 (Gold SLA - Premium)","PutSmall",1,0,23.930,0.000,23.927
"Tier 1 (Gold SLA - Premium)","GetSmall",1,0,15.787,0.000,15.784
"Tier 1 (Gold SLA - Premium)","PutSmall",1,0,23.209,0.000,23.207
"Tier 1 (Gold SLA - Premium)","GetSmall",1,0,15.513,0.000,15.509
"Tier 1 (Gold SLA - Premium)","PutSmall",1,0,22.615,0.000,22.612
"Tier 1 (Gold SLA - Premium)","PutSmall",1,0,22.596,0.000,22.594
"Tier 1 (Gold SLA - Premium)","PutSmall",1,0,21.483,0.000,21.481
"Tier 1 (Gold SLA - Premium)","GetSmall",1,0,15.393,0.000,15.392
"Tier 1 (Gold SLA - Premium)","PutSmall",1,0,20.692,0.000,20.688
"Tier 1 (Gold SLA - Premium)","PutSmall",1,0,22.642,0.000,22.638
"Tier 1 (Gold SLA - Premium)","PutSmall",1,0,21.840,0.000,21.838
"Tier 1 (Gold SLA - Premium)","PutSmall",1,0,23.020,0.000,23.018
"Tier 1 (Gold SLA - Premium)","GetSmall",1,0,14.975,0.000,14.969
"Tier 1 (Gold SLA - Premium)","GetSmall",1,0,14.703,0.000,14.701
"Tier 1 (Gold SLA - Premium)","GetSmall",1,0,14.723,0.000,14.720
"Tier 1 (Gold SLA - Premium)","PutSmall",1,0,24.729,0.000,24.726
"Tier 1 (Gold SLA - Premium)","GetSmall",1,0,14.429,0.000,14.427
"Tier 1 (Gold SLA - Premium)","PutSmall",1,0,23.588,0.000,23.585
"Tier 1 (Gold SLA - Premium)","PutSmall",1,0,24.292,0.000,24.290
"Tier 1 (Gold SLA - Premium)","GetSmall",1,0,14.994,0.000,14.993
"Tier 1 (Gold SLA - Premium)","GetSmall",1,0,14.556,0.000,14.553
"Tier 1 (Gold SLA - Premium)","GetSmall",1,0,13.904,0.000,13.901
"Tier 1 (Gold SLA - Premium)","PutSmall",1,0,21.929,0.000,21.927
"Tier 1 (Gold SLA - Premium)","PutSmall",1,0,23.124,0.000,23.122
"Tier 1 (Gold SLA - Premium)","GetSmall",1,0,15.325,0.000,15.323
"Tier 1 (Gold SLA - Premium)","PutSmall",1,0,20.332,0.000,20.330
"Tier 1 (Gold SLA - Premium)","PutSmall",1,0,21.778,0.000,21.775
"Tier 1 (Gold SLA - Premium)","PutSmall",1,0,22.046,0.000,22.043
"Tier 1 (Gold SLA - Premium)","GetSmall",1,0,14.144,0.000,14.142
"Tier 1 (Gold SLA - Premium)","PutSmall",1,0,21.973,0.000,21.972
"Tier 1 (Gold SLA - Premium)","PutSmall",1,0,22.390,0.000,22.388
"Tier 1 (Gold SLA - Premium)","GetSmall",1,0,14.548,0.000,14.545
"Tier 1 (Gold SLA - Premium)","GetSmall",1,0,14.369,0.000,14.358
"Tier 1 (Gold SLA - Premium)","GetSmall",1,0,14.067,0.000,14.065
"Tier 1 (Gold SLA - Premium)","GetSmall",1,0,14.101,0.000,14.098
"Tier 1 (Gold SLA - Premium)","PutSmall",1,0,23.434,0.000,23.431
"Tier 1 (Gold SLA - Premium)","GetSmall",1,0,14.812,0.000,14.811
"Tier 1 (Gold SLA - Premium)","PutSmall",1,0,19.607,0.000,19.605
"Tier 1 (Gold SLA - Premium)","PutSmall",1,0,23.840,0.000,23.837
"Tier 1 (Gold SLA - Premium)","PutSmall",1,0,22.318,0.000,22.316
"Tier 1 (Gold SLA - Premium)","GetSmall",1,0,13.211,0.000,13.209
"Tier 1 (Gold SLA - Premium)","GetSmall",1,0,14.614,0.000,14.612
"Tier 1 (Gold SLA - Premium)","PutSmall",1,0,23.180,0.000,23.177
"Tier 1 (Gold SLA - Premium)","PutSmall",1,0,21.827,0.000,21.825
"Tier 1 (Gold SLA - Premium)","PutSmall",1,0,22.796,0.000,22.794
"Tier 1 (Gold SLA - Premium)","GetSmall",1,0,16.572,0.000,16.569
"Tier 1 (Gold SLA - Premium)","PutSmall",1,0,23.037,0.000,23.034
"Tier 1 (Gold SLA - Premium)","GetSmall",1,0,15.851,0.000,15.848
"Tier 1 (Gold SLA - Premium)","GetSmall",1,0,13.525,0.000,13.523
"Tier 1 (Gold SLA - Premium)","GetSmall",1,0,15.194,0.000,15.191
"Tier 1 (Gold SLA - Premium)","PutSmall",1,0,22.269,0.000,22.264
"Tier 1 (Gold SLA - Premium)","PutSmall",1,0,18.937,0.000,18.911
"Tier 1 (Gold SLA - Premium)","GetSmall",1,0,14.681,0.000,14.678
"Tier 1 (Gold SLA - Premium)","GetSmall",1,0,15.823,0.000,15.820
"Tier 1 (Gold SLA - Premium)","PutSmall",1,0,24.275,0.000,24.274
"Tier 1 (Gold SLA - Premium)","PutSmall",1,0,21.601,0.000,21.598
"Tier 1 (Gold SLA - Premium)","GetSmall",1,0,15.816,0.000,15.815
"Tier 1 (Gold SLA - Premium)","PutSmall",1,0,22.394,0.000,22.390
"Tier 1 (Gold SLA - Premium)","GetSmall",1,0,15.679,0.000,15.657
"Tier 1 (Gold SLA - Premium)","PutSmall",1,0,23.626,0.000,23.623
"Tier 1 (Gold SLA - Premium)","PutSmall",1,0,20.343,0.000,20.342
"Tier 1 (Gold SLA - Premium)","PutSmall",1,0,23.911,0.000,23.909
"Tier 1 (Gold SLA - Premium)","PutSmall",1,0,22.707,0.000,22.704
"Tier 1 (Gold SLA - Premium)","GetSmall",1,0,14.333,0.000,14.332
"Tier 1 (Gold SLA - Premium)","GetSmall",1,0,13.626,0.000,13.623
"Tier 1 (Gold SLA - Premium)","PutSmall",1,0,22.611,0.000,22.609
"Tier 1 (Gold SLA - Premium)","GetSmall",1,0,15.456,0.000,15.452
"Tier 1 (Gold SLA - Premium)","GetSmall",1,0,15.137,0.000,15.135
"Tier 1 (Gold SLA - Premium)","PutSmall",1,0,22.485,0.001,22.480
"Tier 1 (Gold SLA - Premium)","PutSmall",1,0,21.734,0.000,21.731
"Tier 1 (Gold SLA - Premium)","PutSmall",1,0,19.474,0.000,19.472
"Tier 1 (Gold SLA - Premium)","PutSmall",1,0,23.933,0.000,23.929
"Tier 1 (Gold SLA - Premium)","PutSmall",1,0,21.745,0.000,21.743
"Tier 1 (Gold SLA - Premium)","GetSmall",1,0,13.799,0.000,13.797
"Tier 1 (Gold SLA - Premium)","PutSmall",1,0,22.219,0.000,22.217
"Tier 1 (Gold SLA - Premium)","PutSmall",1,0,24.103,0.000,24.100
"Tier 1 (Gold SLA - Premium)","GetSmall",1,0,13.547,0.000,13.544
"Tier 1 (Gold SLA - Premium)","GetSmall",1,0,13.449,0.000,13.448
"Tier 1 (Gold SLA - Premium)","GetSmall",1,0,13.707,0.000,13.703
"Tier 1 (Gold SLA - Premium)","GetSmall",1,0,13.253,0.000,13.251
"Tier 1 (Gold SLA - Premium)","GetSmall",1,0,12.621,0.000,12.610
"Tier 1 (Gold SLA - Premium)","PutSmall",1,0,18.857,0.000,18.831
"Tier 1 (Gold SLA - Premium)","GetSmall",1,0,15.170,0.000,15.161
"Tier 1 (Gold SLA - Premium)","PutSmall",1,0,19.598,0.000,19.590
"Tier 1 (Gold SLA - Premium)","PutSmall",1,0,24.905,0.000,24.903
"Tier 1 (Gold SLA - Premium)","PutSmall",1,0,21.076,0.000,21.073
"Tier 1 (Gold SLA - Premium)","GetSmall",1,0,16.019,0.000,16.016
"Tier 1 (Gold SLA - Premium)","PutSmall",1,0,20.939,0.000,20.936
"Tier 1 (Gold SLA - Premium)","GetSmall",1,0,13.524,0.000,13.522
"Tier 1 (Gold SLA - Premium)","PutSmall",1,0,23.052,0.000,23.049
"Tier 1 (Gold SLA - Premium)","GetSmall",1,0,14.734,0.000,14.731
"Tier 1 (Gold SLA - Premium)","PutSmall",1,0,20.158,0.000,20.155
"Tier 1 (Gold SLA - Premium)","GetSmall",1,0,13.481,0.000,13.480
"Tier 1 (Gold SLA - Premium)","PutSmall",1,0,23.309,0.000,23.307
"Tier 1 (Gold SLA - Premium)","GetSmall",1,0,15.017,0.000,15.014
"Tier 1 (Gold SLA - Premium)","PutSmall",1,0,18.178,0.000,18.176
"Tier 1 (Gold SLA - Premium)","GetSmall",1,0,13.365,0.000,13.362
"Tier 1 (Gold SLA - Premium)","PutSmall",1,0,20.866,0.000,20.863
"Tier 1 (Gold SLA - Premium)","PutSmall",1,0,23.739,0.000,23.734
"Tier 1 (Gold SLA - Premium)","PutSmall",1,0,21.089,0.000,21.087
"Tier 1 (Gold SLA - Premium)","GetSmall",1,0,13.505,0.000,13.502
"Tier 1 (Gold SLA - Premium)","PutSmall",1,0,21.739,0.000,21.737
"Tier 1 (Gold SLA - Premium)","PutSmall",1,0,20.603,0.000,20.600
"Tier 1 (Gold SLA - Premium)","PutSmall",1,0,22.803,0.000,22.800
"Tier 1 (Gold SLA - Premium)","GetSmall",1,0,14.386,0.000,14.385
"Tier 1 (Gold SLA - Premium)","GetSmall",1,0,13.548,0.000,13.546
"Tier 1 (Gold SLA - Premium)","PutSmall",1,0,22.881,0.000,22.879
"Tier 1 (Gold SLA - Premium)","PutSmall",1,0,22.727,0.000,22.725
"Tier 1 (Gold SLA - Premium)","PutSmall",1,0,20.519,0.000,20.517
"Tier 1 (Gold SLA - Premium)","GetSmall",1,0,14.083,0.000,14.069
"Tier 1 (Gold SLA - Premium)","PutSmall",1,0,20.723,0.000,20.720
"Tier 1 (Gold SLA - Premium)","PutSmall",1,0,19.835,0.000,19.832
"Tier 1 (Gold SLA - Premium)","GetSmall",1,0,15.624,0.000,15.621
"Tier 1 (Gold SLA - Premium)","GetSmall",1,0,14.615,0.000,14.612
"Tier 1 (Gold SLA - Premium)","PutSmall",1,0,21.861,0.000,21.858
"Tier 1 (Gold SLA - Premium)","GetSmall",1,0,15.268,0.000,15.266
"Tier 1 (Gold SLA - Premium)","GetSmall",1,0,16.356,0.000,16.354
"Tier 1 (Gold SLA - Premium)","PutSmall",1,0,21.558,0.000,21.556
"Tier 1 (Gold SLA - Premium)","GetSmall",1,0,15.876,0.000,15.873
"Tier 1 (Gold SLA - Premium)","PutSmall",1,0,23.561,0.000,23.557
"Tier 1 (Gold SLA - Premium)","GetSmall",1,0,13.752,0.000,13.749
"Tier 1 (Gold SLA - Premium)","GetSmall",1,0,15.648,0.001,15.644
"Tier 1 (Gold SLA - Premium)","PutSmall",1,0,21.221,0.000,21.218
"Tier 1 (Gold SLA - Premium)","GetSmall",1,0,14.221,0.000,14.218
"Tier 1 (Gold SLA - Premium)","PutSmall",1,0,21.428,0.000,21.424
"Tier 1 (Gold SLA - Premium)","GetSmall",1,0,14.860,0.000,14.857
"Tier 1 (Gold SLA - Premium)","PutSmall",1,0,21.163,0.000,21.161
"Tier 1 (Gold SLA - Premium)","PutSmall",1,0,23.052,0.000,23.049
"Tier 1 (Gold SLA - Premium)","PutSmall",1,0,21.319,0.000,21.316
"Tier 1 (Gold SLA - Premium)","PutSmall",1,0,23.204,0.000,23.202
"Tier 1 (Gold SLA - Premium)","GetSmall",1,0,15.787,0.000,15.785
"Tier 1 (Gold SLA - Premium)","PutSmall",1,0,21.510,0.001,21.506
"Tier 1 (Gold SLA - Premium)","PutSmall",1,0,22.680,0.000,22.678
"Tier 1 (Gold SLA - Premium)","PutSmall",1,0,22.830,0.000,22.821
"Tier 1 (Gold SLA - Premium)","PutSmall",1,0,20.909,0.000,20.902
"Tier 1 (Gold SLA - Premium)","GetSmall",1,0,14.928,0.000,14.926
"Tier 1 (Gold SLA - Premium)","PutSmall",1,0,20.611,0.000,20.608
"Tier 1 (Gold SLA - Premium)","GetSmall",1,0,13.833,0.000,13.830
"Tier 1 (Gold SLA - Premium)","PutSmall",1,0,24.452,0.000,24.450
"Tier 1 (Gold SLA - Premium)","PutSmall",1,0,22.550,0.000,22.548
"Tier 1 (Gold SLA - Premium)","PutSmall",1,0,21.281,0.000,21.269
"Tier 1 (Gold SLA - Premium)","GetSmall",1,0,13.134,0.000,13.132
"Tier 1 (Gold SLA - Premium)","GetSmall",1,0,14.428,0.000,14.426
"Tier 1 (Gold SLA - Premium)","GetSmall",1,0,14.453,0.000,14.451
"Tier 1 (Gold SLA - Premium)","GetSmall",1,0,16.067,0.000,16.065
"Tier 1 (Gold SLA - Premium)","PutSmall",1,0,22.541,0.000,22.538
"Tier 1 (Gold SLA - Premium)","PutSmall",1,0,22.520,0.000,22.517
"Tier 1 (Gold SLA - Premium)","PutSmall",1,0,20.199,0.000,20.197
"Tier 1 (Gold SLA - Premium)","GetSmall",1,0,13.199,0.000,13.197
"Tier 1 (Gold SLA - Premium)","PutSmall",1,0,21.668,0.000,21.654
"Tier 1 (Gold SLA - Premium)","PutSmall",1,0,24.343,0.000,24.342
"Tier 1 (Gold SLA - Premium)","GetSmall",1,0,13.725,0.000,13.723
"Tier 1 (Gold SLA - Premium)","PutSmall",1,0,21.968,0.000,21.965
"Tier 1 (Gold SLA - Premium)","PutSmall",1,0,21.865,0.000,21.862
"Tier 1 (Gold SLA - Premium)","GetSmall",1,0,15.068,0.000,15.065
"Tier 1 (Gold SLA - Premium)","PutSmall",1,0,21.282,0.000,21.280
"Tier 1 (Gold SLA - Premium)","PutSmall",1,0,21.902,0.000,21.900
"Tier 1 (Gold SLA - Premium)","PutSmall",1,0,24.320,0.000,24.319
"Tier 1 (Gold SLA - Premium)","GetSmall",1,0,14.089,0.000,14.087
"Tier 1 (Gold SLA - Premium)","GetSmall",1,0,14.011,0.000,14.009
"Tier 1 (Gold SLA - Premium)","GetSmall",1,0,15.447,0.000,15.444
"Tier 1 (Gold SLA - Premium)","PutSmall",1,0,23.194,0.000,23.191
"Tier 1 (Gold SLA - Premium)","GetSmall",1,0,13.317,0.000,13.315
"Tier 1 (Gold SLA - Premium)","GetSmall",1,0,13.225,0.000,13.223
"Tier 1 (Gold SLA - Premium)","GetSmall",1,0,14.193,0.000,14.191
"Tier 1 (Gold SLA - Premium)","PutSmall",1,0,22.405,0.000,22.402
"Tier 1 (Gold SLA - Premium)","GetSmall",1,0,13.302,0.000,13.299
"Tier 1 (Gold SLA - Premium)","GetSmall",1,0,13.437,0.000,13.436
"Tier 1 (Gold SLA - Premium)","GetSmall",1,0,14.682,0.000,14.682
"Tier 1 (Gold SLA - Premium)","GetSmall",1,0,13.388,0.000,13.387
"Tier 1 (Gold SLA - Premium)","PutSmall",1,0,21.605,0.000,21.602
"Tier 1 (Gold SLA - Premium)","GetSmall",1,0,16.107,0.000,16.105
"Tier 1 (Gold SLA - Premium)","PutSmall",1,0,21.513,0.000,21.510
"Tier 1 (Gold SLA - Premium)","PutSmall",1,0,23.881,0.000,23.880
"Tier 1 (Gold SLA - Premium)","PutSmall",1,0,18.754,0.000,18.752
"Tier 1 (Gold SLA - Premium)","PutSmall",1,0,22.483,0.000,22.481
"Tier 1 (Gold SLA - Premium)","GetSmall",1,0,13.441,0.000,13.438
"Tier 1 (Gold SLA - Premium)","PutSmall",1,0,21.908,0.000,21.907
"Tier 1 (Gold SLA - Premium)","GetSmall",1,0,15.196,0.000,15.194
"Tier 1 (Gold SLA - Premium)","GetSmall",1,0,12.933,0.000,12.931
"Tier 1 (Gold SLA - Premium)","PutSmall",1,0,20.511,0.000,20.510
"Tier 1 (Gold SLA - Premium)","GetSmall",1,0,15.088,0.000,15.085
"Tier 1 (Gold SLA - Premium)","GetSmall",1,0,13.122,0.000,13.121
"Tier 1 (Gold SLA - Premium)","PutSmall",1,0,19.816,0.000,19.814
"Tier 1 (Gold SLA - Premium)","GetSmall",1,0,14.408,0.000,14.406
"Tier 1 (Gold SLA - Premium)","GetSmall",1,0,14.774,0.000,14.772
"Tier 1 (Gold SLA - Premium)","PutSmall",1,0,22.470,0.000,22.468
"Tier 1 (Gold SLA - Premium)","PutSmall",1,0,21.649,0.000,21.641
"Tier 1 (Gold SLA - Premium)","GetSmall",1,0,15.551,0.000,15.550
"Tier 1 (Gold SLA - Premium)","PutSmall",1,0,23.265,0.000,23.253
"Tier 1 (Gold SLA - Premium)","PutSmall",1,0,24.523,0.000,24.522
"Tier 1 (Gold SLA - Premium)","PutSmall",1,0,21.110,0.000,21.108
"Tier 1 (Gold SLA - Premium)","PutSmall",1,0,24.053,0.000,24.050
"Tier 1 (Gold SLA - Premium)","GetSmall",1,0,15.793,0.000,15.783
"Tier 1 (Gold SLA - Premium)","GetSmall",1,0,14.237,0.000,14.227
"Tier 1 (Gold SLA - Premium)","GetSmall",1,0,13.700,0.000,13.698
"Tier 1 (Gold SLA - Premium)","PutSmall",1,0,22.109,0.000,22.106
"Tier 1 (Gold SLA - Premium)","GetSmall",1,0,13.649,0.000,13.647
"Tier 1 (Gold SLA - Premium)","GetSmall",1,0,15.654,0.000,15.653
"Tier 1 (Gold SLA - Premium)","PutSmall",1,0,23.279,0.000,23.276
"Tier 1 (Gold SLA - Premium)","GetSmall",1,0,13.977,0.000,13.975
"Tier 1 (Gold SLA - Premium)","PutSmall",1,0,20.287,0.000,20.285
"Tier 1 (Gold SLA - Premium)","PutSmall",1,0,22.459,0.000,22.456
"Tier 1 (Gold SLA - Premium)","PutSmall",1,0,21.489,0.000,21.488
"Tier 1 (Gold SLA - Premium)","GetSmall",1,0,14.448,0.000,14.446
"Tier 1 (Gold SLA - Premium)","GetSmall",1,0,15.005,0.000,15.002
"Tier 1 (Gold SLA - Premium)","GetSmall",1,0,14.890,0.000,14.882
"Tier 1 (Gold SLA - Premium)","PutSmall",1,0,21.348,0.000,21.347
"Tier 1 (Gold SLA - Premium)","GetSmall",1,0,13.984,0.000,13.980
"Tier 1 (Gold SLA - Premium)","GetSmall",1,0,13.872,0.000,13.869
"Tier 1 (Gold SLA - Premium)","GetSmall",1,0,13.185,0.000,13.183
"Tier 1 (Gold SLA - Premium)","GetSmall",1,0,13.503,0.000,13.500
"Tier 1 (Gold SLA - Premium)","GetSmall",1,0,13.723,0.000,13.720
"Tier 1 (Gold SLA - Premium)","PutSmall",1,0,20.636,0.000,20.635
"Tier 1 (Gold SLA - Premium)","GetSmall",1,0,13.281,0.000,13.279
"Tier 1 (Gold SLA - Premium)","GetSmall",1,0,13.670,0.000,13.668
"Tier 1 (Gold SLA - Premium)","GetSmall",1,0,14.357,0.000,14.356
"Tier 1 (Gold SLA - Premium)","PutSmall",1,0,23.026,0.000,23.024
"Tier 1 (Gold SLA - Premium)","PutSmall",1,0,21.154,0.000,21.153
"Tier 1 (Gold SLA - Premium)","GetSmall",1,0,13.973,0.000,13.971
"Tier 1 (Gold SLA - Premium)","PutSmall",1,0,22.298,0.000,22.291
"Tier 1 (Gold SLA - Premium)","PutSmall",1,0,24.083,0.000,24.071
"Tier 1 (Gold SLA - Premium)","GetSmall",1,0,14.724,0.000,14.723
"Tier 1 (Gold SLA - Premium)","PutSmall",1,0,23.775,0.000,23.767
"Tier 1 (Gold SLA - Premium)","PutSmall",1,0,21.679,0.000,21.670
"Tier 1 (Gold SLA - Premium)","PutSmall",1,0,21.477,0.000,21.475
"Tier 1 (Gold SLA - Premium)","PutSmall",1,0,22.234,0.000,22.230
"Tier 1 (Gold SLA - Premium)","PutSmall",1,0,21.018,0.000,21.016
"Tier 1 (Gold SLA - Premium)","GetSmall",1,0,13.437,0.000,13.436
"Tier 1 (Gold SLA - Premium)","GetSmall",1,0,13.376,0.000,13.374
"Tier 1 (Gold SLA - Premium)","GetSmall",1,0,13.955,0.000,13.950
"Tier 1 (Gold SLA - Premium)","GetSmall",1,0,14.903,0.000,14.901
"Tier 1 (Gold SLA - Premium)","GetSmall",1,0,14.652,0.000,14.650
"Tier 1 (Gold SLA - Premium)","GetSmall",1,0,14.414,0.000,14.409
"Tier 1 (Gold SLA - Premium)","PutSmall",1,0,22.154,0.000,22.143
"Tier 1 (Gold SLA - Premium)","PutSmall",1,0,22.833,0.000,22.832
"Tier 1 (Gold SLA - Premium)","PutSmall",1,0,23.468,0.000,23.461
"Tier 1 (Gold SLA - Premium)","PutSmall",1,0,22.070,0.000,22.067
"Tier 1 (Gold SLA - Premium)","GetSmall",1,0,14.023,0.000,14.021
"Tier 1 (Gold SLA - Premium)","GetSmall",1,0,15.701,0.000,15.700
"Tier 1 (Gold SLA - Premium)","GetSmall",1,0,13.171,0.000,13.169
"Tier 1 (Gold SLA - Premium)","PutSmall",1,0,22.802,0.000,22.800
"Tier 1 (Gold SLA - Premium)","PutSmall",1,0,22.092,0.000,22.089
"Tier 1 (Gold SLA - Premium)","PutSmall",1,0,22.623,0.000,22.621
"Tier 1 (Gold SLA - Premium)","PutSmall",1,0,21.079,0.000,21.076
"Tier 1 (Gold SLA - Premium)","GetSmall",1,0,13.819,0.000,13.813
"Tier 1 (Gold SLA - Premium)","GetSmall",1,0,13.237,0.000,13.235
"Tier 1 (Gold SLA - Premium)","PutSmall",1,0,21.529,0.001,21.526
"Tier 1 (Gold SLA - Premium)","GetSmall",1,0,13.011,0.000,13.009
"Tier 1 (Gold SLA - Premium)","PutSmall",1,0,22.424,0.000,22.421
"Tier 1 (Gold SLA - Premium)","GetSmall",1,0,13.779,0.000,13.767
"Tier 1 (Gold SLA - Premium)","PutSmall",1,0,19.743,0.000,19.739
"Tier 1 (Gold SLA - Premium)","GetSmall",1,0,15.486,0.000,15.484
"Tier 1 (Gold SLA - Premium)","GetSmall",1,0,14.953,0.000,14.951
"Tier 1 (Gold SLA - Premium)","GetSmall",1,0,13.886,0.000,13.882
"Tier 1 (Gold SLA - Premium)","GetSmall",1,0,14.565,0.000,14.562
"Tier 1 (Gold SLA - Premium)","PutSmall",1,0,23.852,0.000,23.848
"Tier 1 (Gold SLA - Premium)","GetSmall",1,0,12.860,0.000,12.852
"Tier 1 (Gold SLA - Premium)","PutSmall",1,0,21.732,0.000,21.725
"Tier 1 (Gold SLA - Premium)","PutSmall",1,0,21.527,0.000,21.524
"Tier 1 (Gold SLA - Premium)","GetSmall",1,0,14.806,0.000,14.802
"Tier 1 (Gold SLA - Premium)","GetSmall",1,0,13.258,0.000,13.256
"Tier 1 (Gold SLA - Premium)","GetSmall",1,0,13.540,0.000,13.538
"Tier 1 (Gold SLA - Premium)","GetSmall",1,0,13.584,0.000,13.581
"Tier 1 (Gold SLA - Premium)","GetSmall",1,0,15.068,0.000,15.066
"Tier 1 (Gold SLA - Premium)","PutSmall",1,0,21.710,0.000,21.703
"Tier 1 (Gold SLA - Premium)","PutSmall",1,0,21.833,0.000,21.830
"Tier 1 (Gold SLA - Premium)","GetSmall",1,0,15.203,0.000,15.201
"Tier 1 (Gold SLA - Premium)","PutSmall",1,0,20.949,0.000,20.946
"Tier 1 (Gold SLA - Premium)","GetSmall",1,0,14.410,0.000,14.402
"Tier 1 (Gold SLA - Premium)","PutSmall",1,0,21.066,0.000,21.064
"Tier 1 (Gold SLA - Premium)","GetSmall",1,0,13.834,0.000,13.832
"Tier 1 (Gold SLA - Premium)","PutSmall",1,0,20.882,0.000,20.879
"Tier 1 (Gold SLA - Premium)","PutSmall",1,0,20.266,0.000,20.263
"Tier 1 (Gold SLA - Premium)","GetSmall",1,0,14.314,0.000,14.308
"Tier 1 (Gold SLA - Premium)","GetSmall",1,0,13.292,0.000,13.291
"Tier 1 (Gold SLA - Premium)","GetSmall",1,0,16.236,0.000,16.234
"Tier 1 (Gold SLA - Premium)","GetSmall",1,0,13.652,0.000,13.649
"Tier 1 (Gold SLA - Premium)","GetSmall",1,0,13.811,0.000,13.806
"Tier 1 (Gold SLA - Premium)","PutSmall",1,0,23.438,0.000,23.437
"Tier 1 (Gold SLA - Premium)","PutSmall",1,0,21.428,0.000,21.424
"Tier 1 (Gold SLA - Premium)","GetSmall",1,0,12.945,0.000,12.943
"Tier 1 (Gold SLA - Premium)","GetSmall",1,0,14.702,0.000,14.701
"Tier 1 (Gold SLA - Premium)","GetSmall",1,0,15.239,0.000,15.237
"Tier 1 (Gold SLA - Premium)","GetSmall",1,0,15.351,0.000,15.348
"Tier 1 (Gold SLA - Premium)","PutSmall",1,0,21.493,0.000,21.491
"Tier 1 (Gold SLA - Premium)","PutSmall",1,0,24.051,0.000,24.049
"Tier 1 (Gold SLA - Premium)","PutSmall",1,0,20.307,0.000,20.306
"Tier 1 (Gold SLA - Premium)","PutSmall",1,0,23.703,0.000,23.701
"Tier 1 (Gold SLA - Premium)","PutSmall",1,0,20.072,0.000,20.069
"Tier 1 (Gold SLA - Premium)","PutSmall",1,0,23.725,0.000,23.722
"Tier 1 (Gold SLA - Premium)","PutSmall",1,0,20.500,0.000,20.497
"Tier 1 (Gold SLA - Premium)","PutSmall",1,0,22.541,0.000,22.537
"Tier 1 (Gold SLA - Premium)","GetSmall",1,0,14.044,0.000,14.042
"Tier 1 (Gold SLA - Premium)","PutSmall",1,0,20.899,0.000,20.896
"Tier 1 (Gold SLA - Premium)","PutSmall",1,0,22.523,0.000,22.521
"Tier 1 (Gold SLA - Premium)","PutSmall",1,0,23.657,0.000,23.654
"Tier 1 (Gold SLA - Premium)","GetSmall",1,0,13.687,0.000,13.685
"Tier 1 (Gold SLA - Premium)","PutSmall",1,0,24.364,0.000,24.362
"Tier 1 (Gold SLA - Premium)","GetSmall",1,0,14.254,0.000,14.251
"Tier 1 (Gold SLA - Premium)","PutSmall",1,0,24.383,0.000,24.380
"Tier 1 (Gold SLA - Premium)","GetSmall",1,0,13.681,0.000,13.679
"Tier 1 (Gold SLA - Premium)","PutSmall",1,0,22.241,0.000,22.240
"Tier 1 (Gold SLA - Premium)","GetSmall",1,0,13.786,0.000,13.785
"Tier 1 (Gold SLA - Premium)","PutSmall",1,0,21.663,0.000,21.660
"Tier 1 (Gold SLA - Premium)","PutSmall",1,0,22.899,0.000,22.896
"Tier 1 (Gold SLA - Premium)","GetSmall",1,0,13.965,0.000,13.964
"Tier 1 (Gold SLA - Premium)","PutSmall",1,0,19.688,0.000,19.684
"Tier 1 (Gold SLA - Premium)","PutSmall",1,0,19.710,0.000,19.708
"Tier 1 (Gold SLA - Premium)","PutSmall",1,0,22.470,0.000,22.467
"Tier 1 (Gold SLA - Premium)","GetSmall",1,0,13.209,0.000,13.206
"Tier 1 (Gold SLA - Premium)","PutSmall",1,0,23.666,0.000,23.664
"Tier 1 (Gold SLA - Premium)","GetSmall",1,0,15.531,0.000,15.529
"Tier 1 (Gold SLA - Premium)","GetSmall",1,0,15.940,0.000,15.937
"Tier 1 (Gold SLA - Premium)","GetSmall",1,0,15.592,0.000,15.581
"Tier 1 (Gold SLA - Premium)","GetSmall",1,0,15.518,0.000,15.516
"Tier 1 (Gold SLA - Premium)","GetSmall",1,0,15.151,0.000,15.148
"Tier 1 (Gold SLA - Premium)","GetSmall",1,0,13.801,0.000,13.799
"Tier 1 (Gold SLA - Premium)","PutSmall",1,0,23.012,0.000,23.010
"Tier 1 (Gold SLA - Premium)","PutSmall",1,0,21.248,0.000,21.246
"Tier 1 (Gold SLA - Premium)","PutSmall",1,0,19.637,0.000,19.635
"Tier 1 (Gold SLA - Premium)","PutSmall",1,0,22.822,0.000,22.820
"Tier 1 (Gold SLA - Premium)","PutSmall",1,0,20.477,0.000,20.474
"Tier 1 (Gold SLA - Premium)","GetSmall",1,0,14.109,0.000,14.108
"Tier 1 (Gold SLA - Premium)","GetSmall",1,0,13.852,0.000,13.850
"Tier 1 (Gold SLA - Premium)","GetSmall",1,0,13.174,0.000,13.170
"Tier 1 (Gold SLA - Premium)","GetSmall",1,0,14.394,0.000,14.391
"Tier 1 (Gold SLA - Premium)","PutSmall",1,0,22.973,0.000,22.970
"Tier 1 (Gold SLA - Premium)","PutSmall",1,0,20.605,0.000,20.600
"Tier 1 (Gold SLA - Premium)","GetSmall",1,0,14.992,0.000,14.990
"Tier 1 (Gold SLA - Premium)","GetSmall",1,0,13.945,0.000,13.943
"Tier 1 (Gold SLA - Premium)","GetSmall",1,0,14.970,0.000,14.968
"Tier 1 (Gold SLA - Premium)","GetSmall",1,0,13.547,0.000,13.546
"Tier 1 (Gold SLA - Premium)","PutSmall",1,0,21.304,0.000,21.296
"Tier 1 (Gold SLA - Premium)","GetSmall",1,0,14.431,0.000,14.428
"Tier 1 (Gold SLA - Premium)","GetSmall",1,0,15.142,0.000,15.139
"Tier 1 (Gold SLA - Premium)","PutSmall",1,0,23.025,0.000,23.023
"Tier 1 (Gold SLA - Premium)","GetSmall",1,0,14.009,0.000,14.007
"Tier 1 (Gold SLA - Premium)","PutSmall",1,0,21.066,0.000,21.064
"Tier 1 (Gold SLA - Premium)","PutSmall",1,0,23.672,0.000,23.671
"Tier 1 (Gold SLA - Premium)","GetSmall",1,0,13.369,0.000,13.366
"Tier 1 (Gold SLA - Premium)","GetSmall",1,0,16.654,0.000,16.652
"Tier 1 (Gold SLA - Premium)","GetSmall",1,0,13.337,0.000,13.333
"Tier 1 (Gold SLA - Premium)","PutSmall",1,0,21.238,0.000,21.217
"Tier 1 (Gold SLA - Premium)","GetSmall",1,0,15.658,0.000,15.637
"Tier 1 (Gold SLA - Premium)","GetSmall",1,0,15.969,0.000,15.966
"Tier 1 (Gold SLA - Premium)","GetSmall",1,0,15.636,0.000,15.634
"Tier 1 (Gold SLA - Premium)","PutSmall",1,0,21.303,0.000,21.301
"Tier 1 (Gold SLA - Premium)","PutSmall",1,0,23.693,0.000,23.691
"Tier 1 (Gold SLA - Premium)","GetSmall",1,0,15.881,0.000,15.879
"Tier 1 (Gold SLA - Premium)","PutSmall",1,0,22.996,0.000,22.992
"Tier 1 (Gold SLA - Premium)","PutSmall",1,0,21.053,0.000,21.050
"Tier 1 (Gold SLA - Premium)","PutSmall",1,0,20.665,0.000,20.663
"Tier 1 (Gold SLA - Premium)","PutSmall",1,0,22.909,0.000,22.906
"Tier 1 (Gold SLA - Premium)","GetSmall",1,0,14.366,0.000,14.356
"Tier 1 (Gold SLA - Premium)","PutSmall",1,0,22.784,0.000,22.782
"Tier 1 (Gold SLA - Premium)","PutSmall",1,0,23.688,0.000,23.684
"Tier 1 (Gold SLA - Premium)","PutSmall",1,0,20.528,0.000,20.526
"Tier 1 (Gold SLA - Premium)","PutSmall",1,0,24.059,0.000,24.057
"Tier 1 (Gold SLA - Premium)","PutSmall",1,0,23.081,0.000,23.079
"Tier 1 (Gold SLA - Premium)","GetSmall",1,0,15.662,0.000,15.659
"Tier 1 (Gold SLA - Premium)","GetSmall",1,0,14.222,0.000,14.220
"Tier 1 (Gold SLA - Premium)","PutSmall",1,0,21.619,0.000,21.616
"Tier 1 (Gold SLA - Premium)","GetSmall",1,0,13.550,0.000,13.548
"Tier 1 (Gold SLA - Premium)","PutSmall",1,0,22.629,0.000,22.627
"Tier 1 (Gold SLA - Premium)","PutSmall",1,0,22.490,0.000,22.487
"Tier 1 (Gold SLA - Premium)","GetSmall",1,0,15.432,0.000,15.427
"Tier 1 (Gold SLA - Premium)","GetSmall",1,0,15.883,0.000,15.880
"Tier 1 (Gold SLA - Premium)","PutSmall",1,0,23.140,0.000,23.137
"Tier 1 (Gold SLA - Premium)","GetSmall",1,0,14.694,0.000,14.691
"Tier 1 (Gold SLA - Premium)","PutSmall",1,0,21.353,0.000,21.350
"Tier 1 (Gold SLA - Premium)","GetSmall",1,0,15.883,0.000,15.881
"Tier 1 (Gold SLA - Premium)","GetSmall",1,0,13.259,0.000,13.257
"Tier 1 (Gold SLA - Premium)","PutSmall",1,0,19.662,0.000,19.659
"Tier 1 (Gold SLA - Premium)","PutSmall",1,0,21.311,0.000,21.308
"Tier 1 (Gold SLA - Premium)","PutSmall",1,0,22.624,0.000,22.621
"Tier 1 (Gold SLA - Premium)","GetSmall",1,0,14.052,0.000,14.045
"Tier 1 (Gold SLA - Premium)","GetSmall",1,0,13.926,0.000,13.924
"Tier 1 (Gold SLA - Premium)","PutSmall",1,0,20.355,0.000,20.353
"Tier 1 (Gold SLA - Premium)","PutSmall",1,0,20.658,0.000,20.655
"Tier 1 (Gold SLA - Premium)","PutSmall",1,0,23.038,0.000,23.036
"Tier 1 (Gold SLA - Premium)","GetSmall",1,0,15.648,0.000,15.645
"Tier 1 (Gold SLA - Premium)","GetSmall",1,0,14.662,0.000,14.658
"Tier 1 (Gold SLA - Premium)","PutSmall",1,0,21.406,0.000,21.404
"Tier 1 (Gold SLA - Premium)","PutSmall",1,0,23.033,0.000,23.030
"Tier 1 (Gold SLA - Premium)","PutSmall",1,0,20.475,0.000,20.456
"Tier 1 (Gold SLA - Premium)","GetSmall",1,0,16.241,0.000,16.240
"Tier 1 (Gold SLA - Premium)","PutSmall",1,0,22.712,0.000,22.708
"Tier 1 (Gold SLA - Premium)","PutSmall",1,0,22.428,0.000,22.427
"Tier 1 (Gold SLA - Premium)","GetSmall",1,0,14.779,0.000,14.776
"Tier 1 (Gold SLA - Premium)","GetSmall",1,0,13.316,0.000,13.313
"Tier 1 (Gold SLA - Premium)","GetSmall",1,0,14.507,0.000,14.503
"Tier 1 (Gold SLA - Premium)","PutSmall",1,0,22.352,0.000,22.350
"Tier 1 (Gold SLA - Premium)","GetSmall",1,0,14.492,0.000,14.490
"Tier 1 (Gold SLA - Premium)","GetSmall",1,0,14.760,0.000,14.758
"Tier 1 (Gold SLA - Premium)","PutSmall",1,0,21.878,0.001,21.874
"Tier 1 (Gold SLA - Premium)","PutSmall",1,0,20.754,0.000,20.750
"Tier 1 (Gold SLA - Premium)","PutSmall",1,0,23.546,0.000,23.543
"Tier 1 (Gold SLA - Premium)","PutSmall",1,0,21.945,0.000,21.942
"Tier 1 (Gold SLA - Premium)","GetSmall",1,0,14.853,0.000,14.849
"Tier 1 (Gold SLA - Premium)","PutSmall",1,0,23.160,0.000,23.158
"Tier 1 (Gold SLA - Premium)","GetSmall",1,0,13.767,0.000,13.764
"Tier 1 (Gold SLA - Premium)","GetSmall",1,0,14.075,0.000,14.074
"Tier 1 (Gold SLA - Premium)","GetSmall",1,0,14.998,0.000,14.995
"Tier 1 (Gold SLA - Premium)","PutSmall",1,0,23.685,0.000,23.681
"Tier 1 (Gold SLA - Premium)","GetSmall",1,0,15.657,0.000,15.654
"Tier 1 (Gold SLA - Premium)","PutSmall",1,0,20.872,0.000,20.864
"Tier 1 (Gold SLA - Premium)","PutSmall",1,0,19.781,0.000,19.778
"Tier 1 (Gold SLA - Premium)","GetSmall",1,0,15.190,0.000,15.187
"Tier 1 (Gold SLA - Premium)","PutSmall",1,0,21.187,0.000,21.185
"Tier 1 (Gold SLA - Premium)","PutSmall",1,0,22.472,0.000,22.470
"Tier 1 (Gold SLA - Premium)","GetSmall",1,0,14.519,0.000,14.517
"Tier 1 (Gold SLA - Premium)","GetSmall",1,0,15.096,0.000,15.092
"Tier 1 (Gold SLA - Premium)","PutSmall",1,0,23.161,0.000,23.158
"Tier 1 (Gold SLA - Premium)","GetSmall",1,0,12.952,0.000,12.951
"Tier 1 (Gold SLA - Premium)","PutSmall",1,0,21.172,0.000,21.168
"Tier 1 (Gold SLA - Premium)","GetSmall",1,0,14.535,0.000,14.526
"Tier 1 (Gold SLA - Premium)","PutSmall",1,0,21.264,0.000,21.261
"Tier 1 (Gold SLA - Premium)","PutSmall",1,0,21.310,0.000,21.306
"Tier 1 (Gold SLA - Premium)","GetSmall",1,0,12.108,0.000,12.106
"Tier 1 (Gold SLA - Premium)","GetSmall",1,0,14.879,0.000,14.876
"Tier 1 (Gold SLA - Premium)","PutSmall",1,0,20.010,0.000,20.007
"Tier 1 (Gold SLA - Premium)","PutSmall",1,0,23.719,0.000,23.710
"Tier 1 (Gold SLA - Premium)","GetSmall",1,0,15.675,0.000,15.672
"Tier 1 (Gold SLA - Premium)","PutSmall",1,0,21.143,0.000,21.128
"Tier 1 (Gold SLA - Premium)","GetSmall",1,0,15.883,0.000,15.882
"Tier 1 (Gold SLA - Premium)","PutSmall",1,0,22.203,0.000,22.198
"Tier 1 (Gold SLA - Premium)","PutSmall",1,0,21.464,0.000,21.462
"Tier 1 (Gold SLA - Premium)","PutSmall",1,0,21.586,0.000,21.582
"Tier 1 (Gold SLA - Premium)","PutSmall",1,0,20.329,0.000,20.326
"Tier 1 (Gold SLA - Premium)","PutSmall",1,0,21.834,0.000,21.829
"Tier 1 (Gold SLA - Premium)","PutSmall",1,0,21.293,0.000,21.290
"Tier 1 (Gold SLA - Premium)","GetSmall",1,0,12.762,0.000,12.758
"Tier 1 (Gold SLA - Premium)","PutSmall",1,0,22.694,0.000,22.690
"Tier 1 (Gold SLA - Premium)","GetSmall",1,0,15.593,0.000,15.589
"Tier 1 (Gold SLA - Premium)","GetSmall",1,0,14.075,0.000,14.069
"Tier 1 (Gold SLA - Premium)","GetSmall",1,0,13.696,0.000,13.693
"Tier 1 (Gold SLA - Premium)","PutSmall",1,0,19.894,0.000,19.891
"Tier 1 (Gold SLA - Premium)","GetSmall",1,0,12.891,0.000,12.887
"Tier 1 (Gold SLA - Premium)","GetSmall",1,0,15.941,0.000,15.939
"Tier 1 (Gold SLA - Premium)","PutSmall",1,0,18.830,0.000,18.826
"Tier 1 (Gold SLA - Premium)","GetSmall",1,0,14.081,0.000,14.078
"Tier 1 (Gold SLA - Premium)","PutSmall",1,0,20.644,0.000,20.641
"Tier 1 (Gold SLA - Premium)","PutSmall",1,0,23.937,0.000,23.930
"Tier 1 (Gold SLA - Premium)","PutSmall",1,0,22.689,0.000,22.686
"Tier 1 (Gold SLA - Premium)","PutSmall",1,0,23.193,0.001,23.190
"Tier 1 (Gold SLA - Premium)","GetSmall",1,0,15.977,0.000,15.965
"Tier 1 (Gold SLA - Premium)","PutSmall",1,0,20.827,0.000,20.824
"Tier 1 (Gold SLA - Premium)","GetSmall",1,0,13.887,0.000,13.883
"Tier 1 (Gold SLA - Premium)","PutSmall",1,0,22.349,0.000,22.346
"Tier 1 (Gold SLA - Premium)","PutSmall",1,0,20.460,0.000,20.456
"Tier 1 (Gold SLA - Premium)","PutSmall",1,0,20.541,0.000,20.538
"Tier 1 (Gold SLA - Premium)","GetSmall",1,0,14.536,0.000,14.531
"Tier 1 (Gold SLA - Premium)","GetSmall",1,0,14.756,0.000,14.752
"Tier 1 (Gold SLA - Premium)","GetSmall",1,0,15.904,0.000,15.897
"Tier 1 (Gold SLA - Premium)","PutSmall",1,0,18.864,0.001,18.861
"Tier 1 (Gold SLA - Premium)","PutSmall",1,0,23.720,0.000,23.712
"Tier 1 (Gold SLA - Premium)","PutSmall",1,0,22.334,0.001,22.331
"Tier 1 (Gold SLA - Premium)","PutSmall",1,0,22.695,0.000,22.691
"Tier 1 (Gold SLA - Premium)","PutSmall",1,0,21.645,0.000,21.642
"Tier 1 (Gold SLA - Premium)","GetSmall",1,0,14.033,0.000,14.030
"Tier 1 (Gold SLA - Premium)","GetSmall",1,0,13.549,0.000,13.546
"Tier 1 (Gold SLA - Premium)","GetSmall",1,0,15.052,0.000,15.043
"Tier 1 (Gold SLA - Premium)","PutSmall",1,0,20.133,0.000,20.130
"Tier 1 (Gold SLA - Premium)","PutSmall",1,0,20.430,0.001,20.426
"Tier 1 (Gold SLA - Premium)","GetSmall",1,0,15.004,0.000,14.998
"Tier 1 (Gold SLA - Premium)","GetSmall",1,0,12.823,0.000,12.821
"Tier 1 (Gold SLA - Premium)","GetSmall",1,0,13.063,0.000,13.051
"Tier 1 (Gold SLA - Premium)","PutSmall",1,0,23.521,0.000,23.511
"Tier 1 (Gold SLA - Premium)","PutSmall",1,0,20.659,0.000,20.654
"Tier 1 (Gold SLA - Premium)","PutSmall",1,0,20.948,0.000,20.945
"Tier 1 (Gold SLA - Premium)","GetSmall",1,0,14.979,0.000,14.975
"Tier 1 (Gold SLA - Premium)","PutSmall",1,0,21.217,0.000,21.213
"Tier 1 (Gold SLA - Premium)","GetSmall",1,0,14.976,0.000,14.971
"Tier 1 (Gold SLA - Premium)","PutSmall",1,0,24.294,0.000,24.291
"Tier 1 (Gold SLA - Premium)","PutSmall",1,0,21.892,0.000,21.886
"Tier 1 (Gold SLA - Premium)","PutSmall",1,0,22.668,0.000,22.665
"Tier 1 (Gold SLA - Premium)","PutSmall",1,0,22.027,0.000,22.024
"Tier 1 (Gold SLA - Premium)","GetSmall",1,0,15.113,0.000,15.104
"Tier 1 (Gold SLA - Premium)","GetSmall",1,0,13.806,0.000,13.801
"Tier 1 (Gold SLA - Premium)","PutSmall",1,0,22.809,0.000,22.804
"Tier 1 (Gold SLA - Premium)","PutSmall",1,0,22.670,0.001,22.666
"Tier 1 (Gold SLA - Premium)","GetSmall",1,0,13.614,0.000,13.611
"Tier 1 (Gold SLA - Premium)","PutSmall",1,0,21.276,0.000,21.273
"Tier 1 (Gold SLA - Premium)","GetSmall",1,0,13.152,0.000,13.150
"Tier 1 (Gold SLA - Premium)","GetSmall",1,0,14.756,0.000,14.752
"Tier 1 (Gold SLA - Premium)","GetSmall",1,0,13.835,0.000,13.832
"Tier 1 (Gold SLA - Premium)","PutSmall",1,0,21.226,0.000,21.222
"Tier 1 (Gold SLA - Premium)","PutSmall",1,0,23.097,0.000,23.095
"Tier 1 (Gold SLA - Premium)","GetSmall",1,0,16.093,0.000,16.087
"Tier 1 (Gold SLA - Premium)","PutSmall",1,0,22.884,0.000,22.881
"Tier 1 (Gold SLA - Premium)","GetSmall",1,0,14.511,0.000,14.509
"Tier 1 (Gold SLA - Premium)","PutSmall",1,0,23.837,0.000,23.832
"Tier 1 (Gold SLA - Premium)","GetSmall",1,0,14.881,0.000,14.875
"Tier 1 (Gold SLA - Premium)","GetSmall",1,0,15.000,0.000,14.997
"Tier 1 (Gold SLA - Premium)","GetSmall",1,0,14.244,0.000,14.241
"Tier 1 (Gold SLA - Premium)","PutSmall",1,0,23.386,0.000,23.381
"Tier 1 (Gold SLA - Premium)","PutSmall",1,0,21.218,0.000,21.215
"Tier 1 (Gold SLA - Premium)","PutSmall",1,0,21.603,0.000,21.601
"Tier 1 (Gold SLA - Premium)","GetSmall",1,0,14.638,0.000,14.630
"Tier 1 (Gold SLA - Premium)","GetSmall",1,0,14.841,0.000,14.835
"Tier 1 (Gold SLA - Premium)","PutSmall",1,0,20.038,0.000,20.033
"Tier 1 (Gold SLA - Premium)","PutSmall",1,0,24.289,0.000,24.286
"Tier 1 (Gold SLA - Premium)","GetSmall",1,0,14.225,0.000,14.223
"Tier 1 (Gold SLA - Premium)","PutSmall",1,0,22.724,0.000,22.720
"Tier 1 (Gold SLA - Premium)","PutSmall",1,0,21.618,0.000,21.615
"Tier 1 (Gold SLA - Premium)","GetSmall",1,0,14.224,0.000,14.220
"Tier 1 (Gold SLA - Premium)","PutSmall",1,0,19.840,0.000,19.838
"Tier 1 (Gold SLA - Premium)","PutSmall",1,0,21.815,0.001,21.807
"Tier 1 (Gold SLA - Premium)","GetSmall",1,0,16.261,0.000,16.254
"Tier 1 (Gold SLA - Premium)","GetSmall",1,0,15.218,0.000,15.201
"Tier 1 (Gold SLA - Premium)","PutSmall",1,0,23.034,0.000,23.027
"Tier 1 (Gold SLA - Premium)","GetSmall",1,0,12.583,0.000,12.576
"Tier 1 (Gold SLA - Premium)","PutSmall",1,0,21.172,0.000,21.168
"Tier 1 (Gold SLA - Premium)","PutSmall",1,0,24.212,0.000,24.207
"Tier 1 (Gold SLA - Premium)","GetSmall",1,0,15.363,0.000,15.358
"Tier 1 (Gold SLA - Premium)","PutSmall",1,0,22.564,0.000,22.561
"Tier 1 (Gold SLA - Premium)","PutSmall",1,0,20.932,0.000,20.917
"Tier 1 (Gold SLA - Premium)","PutSmall",1,0,20.920,0.000,20.917
"Tier 1 (Gold SLA - Premium)","PutSmall",1,0,23.269,0.000,23.264
"Tier 1 (Gold SLA - Premium)","PutSmall",1,0,23.918,0.000,23.915
"Tier 1 (Gold SLA - Premium)","GetSmall",1,0,16.086,0.000,16.083
"Tier 1 (Gold SLA - Premium)","GetSmall",1,0,13.100,0.000,13.098
"Tier 1 (Gold SLA - Premium)","GetSmall",1,0,13.349,0.000,13.346
"Tier 1 (Gold SLA - Premium)","GetSmall",1,0,14.517,0.000,14.512
"Tier 1 (Gold SLA - Premium)","GetSmall",1,0,13.737,0.000,13.733
"Tier 1 (Gold SLA - Premium)","PutSmall",1,0,17.866,0.000,17.864
"Tier 1 (Gold SLA - Premium)","GetSmall",1,0,14.881,0.000,14.878
"Tier 1 (Gold SLA - Premium)","PutSmall",1,0,22.983,0.000,22.977
"Tier 1 (Gold SLA - Premium)","PutSmall",1,0,21.863,0.000,21.861
"Tier 1 (Gold SLA - Premium)","GetSmall",1,0,16.569,0.000,16.562
"Tier 1 (Gold SLA - Premium)","PutSmall",1,0,22.271,0.000,22.261
"Tier 1 (Gold SLA - Premium)","GetSmall",1,0,13.209,0.000,13.207
"Tier 1 (Gold SLA - Premium)","PutSmall",1,0,21.143,0.000,21.140
"Tier 1 (Gold SLA - Premium)","PutSmall",1,0,24.771,0.000,24.769
"Tier 1 (Gold SLA - Premium)","GetSmall",1,0,15.881,0.000,15.879
"Tier 1 (Gold SLA - Premium)","GetSmall",1,0,13.858,0.000,13.855
"Tier 1 (Gold SLA - Premium)","PutSmall",1,0,19.344,0.000,19.342
"Tier 1 (Gold SLA - Premium)","GetSmall",1,0,14.399,0.000,14.395
"Tier 1 (Gold SLA - Premium)","GetSmall",1,0,15.401,0.000,15.398
"Tier 1 (Gold SLA - Premium)","PutSmall",1,0,22.784,0.000,22.780
"Tier 1 (Gold SLA - Premium)","GetSmall",1,0,15.484,0.000,15.480
"Tier 1 (Gold SLA - Premium)","PutSmall",1,0,22.793,0.000,22.791
"Tier 1 (Gold SLA - Premium)","GetSmall",1,0,14.667,0.000,14.664
"Tier 1 (Gold SLA - Premium)","PutSmall",1,0,24.212,0.000,24.210
"Tier 1 (Gold SLA - Premium)","GetSmall",1,0,13.668,0.000,13.659
"Tier 1 (Gold SLA - Premium)","GetSmall",1,0,13.700,0.000,13.698
"Tier 1 (Gold SLA - Premium)","GetSmall",1,0,14.314,0.000,14.311
"Tier 1 (Gold SLA - Premium)","GetSmall",1,0,14.722,0.000,14.720
"Tier 1 (Gold SLA - Premium)","PutSmall",1,0,20.385,0.000,20.379
"Tier 1 (Gold SLA - Premium)","GetSmall",1,0,13.702,0.000,13.698
"Tier 1 (Gold SLA - Premium)","GetSmall",1,0,13.163,0.000,13.161
"Tier 1 (Gold SLA - Premium)","PutSmall",1,0,20.043,0.000,20.040
"Tier 1 (Gold SLA - Premium)","GetSmall",1,0,15.523,0.000,15.521
"Tier 1 (Gold SLA - Premium)","PutSmall",1,0,20.330,0.000,20.310
"Tier 1 (Gold SLA - Premium)","PutSmall",1,0,21.312,0.000,21.310
"Tier 1 (Gold SLA - Premium)","PutSmall",1,0,23.042,0.000,23.040
"Tier 1 (Gold SLA - Premium)","GetSmall",1,0,14.362,0.000,14.356
"Tier 1 (Gold SLA - Premium)","GetSmall",1,0,15.264,0.000,15.258
"Tier 1 (Gold SLA - Premium)","GetSmall",1,0,13.937,0.000,13.933
"Tier 1 (Gold SLA - Premium)","GetSmall",1,0,15.787,0.000,15.785
"Tier 1 (Gold SLA - Premium)","PutSmall",1,0,23.114,0.000,23.108
"Tier 1 (Gold SLA - Premium)","PutSmall",1,0,22.948,0.000,22.945
"Tier 1 (Gold SLA - Premium)","GetSmall",1,0,15.357,0.000,15.344
"Tier 1 (Gold SLA - Premium)","GetSmall",1,0,14.656,0.000,14.651
"Tier 1 (Gold SLA - Premium)","GetSmall",1,0,14.868,0.000,14.859
"Tier 1 (Gold SLA - Premium)","PutSmall",1,0,21.645,0.000,21.637
"Tier 1 (Gold SLA - Premium)","PutSmall",1,0,19.878,0.000,19.875
"Tier 1 (Gold SLA - Premium)","GetSmall",1,0,14.396,0.000,14.394
"Tier 1 (Gold SLA - Premium)","GetSmall",1,0,14.928,0.000,14.924
"Tier 1 (Gold SLA - Premium)","PutSmall",1,0,21.214,0.000,21.204
"Tier 1 (Gold SLA - Premium)","GetSmall",1,0,12.817,0.000,12.814
"Tier 1 (Gold SLA - Premium)","PutSmall",1,0,18.820,0.000,18.817
"Tier 1 (Gold SLA - Premium)","GetSmall",1,0,14.394,0.000,14.391
"Tier 1 (Gold SLA - Premium)","PutSmall",1,0,22.251,0.000,22.248
"Tier 1 (Gold SLA - Premium)","PutSmall",1,0,20.835,0.000,20.832
"Tier 1 (Gold SLA - Premium)","PutSmall",1,0,20.638,0.000,20.633
"Tier 1 (Gold SLA - Premium)","GetSmall",1,0,13.743,0.001,13.740
"Tier 1 (Gold SLA - Premium)","GetSmall",1,0,12.634,0.000,12.630
"Tier 1 (Gold SLA - Premium)","PutSmall",1,0,20.821,0.000,20.810
"Tier 1 (Gold SLA - Premium)","GetSmall",1,0,13.837,0.000,13.829
"Tier 1 (Gold SLA - Premium)","GetSmall",1,0,14.395,0.000,14.389
"Tier 1 (Gold SLA - Premium)","GetSmall",1,0,12.989,0.000,12.987
"Tier 1 (Gold SLA - Premium)","GetSmall",1,0,14.368,0.000,14.356
"Tier 1 (Gold SLA - Premium)","GetSmall",1,0,13.544,0.000,13.541
"Tier 1 (Gold SLA - Premium)","GetSmall",1,0,13.999,0.000,13.996
"Tier 1 (Gold SLA - Premium)","GetSmall",1,0,15.120,0.000,15.118
"Tier 1 (Gold SLA - Premium)","PutSmall",1,0,21.161,0.000,21.153
"Tier 1 (Gold SLA - Premium)","PutSmall",1,0,23.343,0.000,23.337
"Tier 1 (Gold SLA - Premium)","GetSmall",1,0,14.046,0.000,14.037
"Tier 1 (Gold SLA - Premium)","GetSmall",1,0,14.459,0.000,14.456
"Tier 1 (Gold SLA - Premium)","PutSmall",1,0,23.515,0.000,23.512
"Tier 1 (Gold SLA - Premium)","PutSmall",1,0,21.517,0.000,21.514
"Tier 1 (Gold SLA - Premium)","PutSmall",1,0,23.722,0.000,23.720
"Tier 1 (Gold SLA - Premium)","PutSmall",1,0,20.495,0.000,20.492
"Tier 1 (Gold SLA - Premium)","PutSmall",1,0,20.173,0.000,20.171
"Tier 1 (Gold SLA - Premium)","PutSmall",1,0,19.639,0.000,19.637
"Tier 1 (Gold SLA - Premium)","PutSmall",1,0,23.040,0.000,23.037
"Tier 1 (Gold SLA - Premium)","PutSmall",1,0,19.982,0.000,19.971
"Tier 1 (Gold SLA - Premium)","PutSmall",1,0,20.812,0.000,20.809
"Tier 1 (Gold SLA - Premium)","GetSmall",1,0,14.382,0.000,14.380
"Tier 1 (Gold SLA - Premium)","GetSmall",1,0,16.211,0.000,16.208
"Tier 1 (Gold SLA - Premium)","GetSmall",1,0,13.848,0.000,13.845
"Tier 1 (Gold SLA - Premium)","GetSmall",1,0,15.528,0.000,15.525
"Tier 1 (Gold SLA - Premium)","PutSmall",1,0,23.577,0.000,23.575
"Tier 1 (Gold SLA - Premium)","GetSmall",1,0,14.723,0.000,14.711
"Tier 1 (Gold SLA - Premium)","GetSmall",1,0,13.969,0.000,13.967
"Tier 1 (Gold SLA - Premium)","PutSmall",1,0,22.908,0.000,22.904
"Tier 1 (Gold SLA - Premium)","GetSmall",1,0,16.584,0.000,16.582
"Tier 1 (Gold SLA - Premium)","PutSmall",1,0,22.247,0.000,22.243
"Tier 1 (Gold SLA - Premium)","GetSmall",1,0,14.442,0.000,14.439
"Tier 1 (Gold SLA - Premium)","GetSmall",1,0,13.762,0.000,13.760
"Tier 1 (Gold SLA - Premium)","GetSmall",1,0,15.938,0.000,15.937
"Tier 1 (Gold SLA - Premium)","PutSmall",1,0,24.042,0.000,24.037
"Tier 1 (Gold SLA - Premium)","GetSmall",1,0,13.300,0.000,13.295
"Tier 1 (Gold SLA - Premium)","GetSmall",1,0,14.660,0.000,14.653
"Tier 1 (Gold SLA - Premium)","GetSmall",1,0,13.315,0.000,13.312
"Tier 1 (Gold SLA - Premium)","PutSmall",1,0,22.607,0.000,22.604
"Tier 1 (Gold SLA - Premium)","PutSmall",1,0,23.013,0.000,23.011
"Tier 1 (Gold SLA - Premium)","PutSmall",1,0,21.475,0.000,21.472
"Tier 1 (Gold SLA - Premium)","PutSmall",1,0,18.749,0.000,18.746
"Tier 1 (Gold SLA - Premium)","PutSmall",1,0,20.794,0.000,20.791
"Tier 1 (Gold SLA - Premium)","GetSmall",1,0,14.444,0.000,14.441
"Tier 1 (Gold SLA - Premium)","PutSmall",1,0,21.317,0.000,21.314
"Tier 1 (Gold SLA - Premium)","PutSmall",1,0,20.659,0.000,20.655
"Tier 1 (Gold SLA - Premium)","PutSmall",1,0,21.615,0.000,21.612
"Tier 1 (Gold SLA - Premium)","PutSmall",1,0,23.162,0.000,23.146
"Tier 1 (Gold SLA - Premium)","GetSmall",1,0,15.871,0.000,15.868
"Tier 1 (Gold SLA - Premium)","PutSmall",1,0,23.693,0.000,23.687
"Tier 1 (Gold SLA - Premium)","GetSmall",1,0,16.164,0.000,16.162
"Tier 1 (Gold SLA - Premium)","GetSmall",1,0,14.283,0.000,14.279
"Tier 1 (Gold SLA - Premium)","PutSmall",1,0,23.221,0.000,23.217
"Tier 1 (Gold SLA - Premium)","PutSmall",1,0,21.664,0.000,21.661
"Tier 1 (Gold SLA - Premium)","GetSmall",1,0,14.204,0.000,14.202
"Tier 1 (Gold SLA - Premium)","GetSmall",1,0,15.313,0.000,15.311
"Tier 1 (Gold SLA - Premium)","PutSmall",1,0,21.879,0.000,21.877
"Tier 1 (Gold SLA - Premium)","PutSmall",1,0,19.316,0.000,19.312
"Tier 1 (Gold SLA - Premium)","PutSmall",1,0,21.503,0.000,21.500
"Tier 1 (Gold SLA - Premium)","PutSmall",1,0,22.059,0.000,22.056
"Tier 1 (Gold SLA - Premium)","PutSmall",1,0,20.636,0.000,20.633
"Tier 1 (Gold SLA - Premium)","GetSmall",1,0,15.666,0.000,15.665
"Tier 1 (Gold SLA - Premium)","GetSmall",1,0,14.731,0.000,14.728
"Tier 1 (Gold SLA - Premium)","GetSmall",1,0,15.341,0.000,15.338
"Tier 1 (Gold SLA - Premium)","PutSmall",1,0,23.924,0.000,23.922
"Tier 1 (Gold SLA - Premium)","GetSmall",1,0,12.984,0.000,12.983
"Tier 1 (Gold SLA - Premium)","GetSmall",1,0,13.596,0.000,13.592
"Tier 1 (Gold SLA - Premium)","GetSmall",1,0,13.944,0.000,13.941
"Tier 1 (Gold SLA - Premium)","PutSmall",1,0,22.669,0.000,22.667
"Tier 1 (Gold SLA - Premium)","GetSmall",1,0,13.000,0.000,12.997
"Tier 1 (Gold SLA - Premium)","PutSmall",1,0,19.196,0.000,19.192
"Tier 1 (Gold SLA - Premium)","PutSmall",1,0,21.319,0.000,21.317
"Tier 1 (Gold SLA - Premium)","GetSmall",1,0,13.836,0.000,13.833
"Tier 1 (Gold SLA - Premium)","GetSmall",1,0,15.293,0.000,15.291
"Tier 1 (Gold SLA - Premium)","GetSmall",1,0,13.166,0.000,13.163
"Tier 1 (Gold SLA - Premium)","PutSmall",1,0,22.802,0.000,22.799
"Tier 1 (Gold SLA - Premium)","GetSmall",1,0,13.851,0.000,13.848
"Tier 1 (Gold SLA - Premium)","PutSmall",1,0,23.855,0.000,23.853
"Tier 1 (Gold SLA - Premium)","GetSmall",1,0,14.741,0.000,14.732
"Tier 1 (Gold SLA - Premium)","GetSmall",1,0,13.739,0.000,13.736
"Tier 1 (Gold SLA - Premium)","GetSmall",1,0,13.812,0.000,13.810
"Tier 1 (Gold SLA - Premium)","PutSmall",1,0,23.180,0.000,23.169
"Tier 1 (Gold SLA - Premium)","PutSmall",1,0,21.100,0.000,21.098
"Tier 1 (Gold SLA - Premium)","GetSmall",1,0,14.332,0.000,14.328
"Tier 1 (Gold SLA - Premium)","PutSmall",1,0,19.823,0.000,19.819
"Tier 1 (Gold SLA - Premium)","GetSmall",1,0,14.724,0.000,14.721
"Tier 1 (Gold SLA - Premium)","PutSmall",1,0,20.467,0.000,20.465
"Tier 1 (Gold SLA - Premium)","GetSmall",1,0,13.951,0.000,13.949
"Tier 1 (Gold SLA - Premium)","PutSmall",1,0,25.034,0.000,25.031
"Tier 1 (Gold SLA - Premium)","GetSmall",1,0,13.922,0.000,13.920
"Tier 1 (Gold SLA - Premium)","GetSmall",1,0,14.467,0.000,14.466
"Tier 1 (Gold SLA - Premium)","GetSmall",1,0,14.271,0.000,14.268
"Tier 1 (Gold SLA - Premium)","GetSmall",1,0,14.320,0.000,14.318
"Tier 1 (Gold SLA - Premium)","PutSmall",1,0,21.665,0.000,21.663
"Tier 1 (Gold SLA - Premium)","GetSmall",1,0,16.311,0.000,16.308
"Tier 1 (Gold SLA - Premium)","GetSmall",1,0,14.981,0.000,14.978
"Tier 1 (Gold SLA - Premium)","GetSmall",1,0,13.603,0.000,13.600
"Tier 1 (Gold SLA - Premium)","PutSmall",1,0,21.002,0.000,20.998
"Tier 1 (Gold SLA - Premium)","PutSmall",1,0,20.606,0.000,20.604
"Tier 1 (Gold SLA - Premium)","GetSmall",1,0,14.919,0.000,14.917
"Tier 1 (Gold SLA - Premium)","GetSmall",1,0,14.081,0.000,14.078
"Tier 1 (Gold SLA - Premium)","GetSmall",1,0,14.822,0.000,14.819
"Tier 1 (Gold SLA - Premium)","GetSmall",1,0,13.423,0.000,13.421
"Tier 1 (Gold SLA - Premium)","PutSmall",1,0,23.124,0.000,23.121
"Tier 1 (Gold SLA - Premium)","GetSmall",1,0,15.356,0.000,15.353
"Tier 1 (Gold SLA - Premium)","GetSmall",1,0,14.007,0.000,14.004
"Tier 1 (Gold SLA - Premium)","PutSmall",1,0,21.764,0.000,21.763
"Tier 1 (Gold SLA - Premium)","PutSmall",1,0,22.275,0.000,22.274
"Tier 1 (Gold SLA - Premium)","GetSmall",1,0,13.573,0.000,13.570
"Tier 1 (Gold SLA - Premium)","GetSmall",1,0,14.922,0.000,14.919
"Tier 1 (Gold SLA - Premium)","PutSmall",1,0,24.120,0.000,24.116
"Tier 1 (Gold SLA - Premium)","GetSmall",1,0,16.182,0.000,16.180
"Tier 1 (Gold SLA - Premium)","PutSmall",1,0,23.909,0.000,23.905
"Tier 1 (Gold SLA - Premium)","PutSmall",1,0,19.926,0.000,19.924
"Tier 1 (Gold SLA - Premium)","GetSmall",1,0,15.903,0.000,15.900
"Tier 1 (Gold SLA - Premium)","GetSmall",1,0,13.457,0.000,13.455
"Tier 1 (Gold SLA - Premium)","PutSmall",1,0,23.220,0.000,23.217
"Tier 1 (Gold SLA - Premium)","GetSmall",1,0,15.230,0.000,15.229
"Tier 1 (Gold SLA - Premium)","PutSmall",1,0,21.240,0.000,21.237
"Tier 1 (Gold SLA - Premium)","GetSmall",1,0,13.957,0.000,13.955
"Tier 1 (Gold SLA - Premium)","PutSmall",1,0,23.778,0.000,23.776
"Tier 1 (Gold SLA - Premium)","PutSmall",1,0,20.570,0.000,20.567
"Tier 1 (Gold SLA - Premium)","PutSmall",1,0,20.954,0.000,20.952
"Tier 1 (Gold SLA - Premium)","PutSmall",1,0,21.038,0.000,21.035
"Tier 1 (Gold SLA - Premium)","GetSmall",1,0,15.029,0.000,15.026
"Tier 1 (Gold SLA - Premium)","GetSmall",1,0,14.908,0.000,14.905
"Tier 1 (Gold SLA - Premium)","GetSmall",1,0,15.532,0.000,15.529
"Tier 1 (Gold SLA - Premium)","PutSmall",1,0,21.025,0.000,21.023
"Tier 1 (Gold SLA - Premium)","PutSmall",1,0,23.706,0.000,23.705
"Tier 1 (Gold SLA - Premium)","PutSmall",1,0,21.399,0.000,21.397
"Tier 1 (Gold SLA - Premium)","PutSmall",1,0,21.884,0.000,21.882
"Tier 1 (Gold SLA - Premium)","GetSmall",1,0,15.689,0.000,15.687
"Tier 1 (Gold SLA - Premium)","PutSmall",1,0,21.285,0.000,21.284
"Tier 1 (Gold SLA - Premium)","PutSmall",1,0,20.572,0.000,20.571
"Tier 1 (Gold SLA - Premium)","PutSmall",1,0,24.852,0.000,24.849
"Tier 1 (Gold SLA - Premium)","GetSmall",1,0,14.547,0.000,14.545
"Tier 1 (Gold SLA - Premium)","GetSmall",1,0,13.245,0.000,13.243
"Tier 1 (Gold SLA - Premium)","PutSmall",1,0,21.148,0.000,21.145
"Tier 1 (Gold SLA - Premium)","GetSmall",1,0,14.921,0.000,14.918
"Tier 1 (Gold SLA - Premium)","PutSmall",1,0,20.281,0.000,20.279
"Tier 1 (Gold SLA - Premium)","GetSmall",1,0,13.366,0.000,13.364
"Tier 1 (Gold SLA - Premium)","GetSmall",1,0,14.990,0.000,14.988
"Tier 1 (Gold SLA - Premium)","PutSmall",1,0,20.234,0.000,20.232
"Tier 1 (Gold SLA - Premium)","GetSmall",1,0,13.878,0.000,13.875
"Tier 1 (Gold SLA - Premium)","PutSmall",1,0,22.215,0.000,22.208
"Tier 1 (Gold SLA - Premium)","PutSmall",1,0,19.659,0.000,19.657
"Tier 1 (Gold SLA - Premium)","GetSmall",1,0,14.906,0.000,14.904
"Tier 1 (Gold SLA - Premium)","GetSmall",1,0,16.518,0.000,16.514
"Tier 1 (Gold SLA - Premium)","GetSmall",1,0,14.548,0.000,14.545
"Tier 1 (Gold SLA - Premium)","GetSmall",1,0,13.582,0.000,13.580
"Tier 1 (Gold SLA - Premium)","GetSmall",1,0,13.638,0.000,13.635
"Tier 1 (Gold SLA - Premium)","GetSmall",1,0,13.996,0.000,13.994
"Tier 1 (Gold SLA - Premium)","PutSmall",1,0,21.647,0.000,21.646
"Tier 1 (Gold SLA - Premium)","PutSmall",1,0,19.814,0.000,19.811
"Tier 1 (Gold SLA - Premium)","PutSmall",1,0,19.217,0.000,19.214
"Tier 1 (Gold SLA - Premium)","PutSmall",1,0,18.705,0.000,18.703
"Tier 1 (Gold SLA - Premium)","GetSmall",1,0,14.141,0.000,14.138
"Tier 1 (Gold SLA - Premium)","PutSmall",1,0,22.194,0.000,22.192
"Tier 1 (Gold SLA - Premium)","PutSmall",1,0,19.734,0.000,19.732
"Tier 1 (Gold SLA - Premium)","PutSmall",1,0,22.143,0.000,22.141
"Tier 1 (Gold SLA - Premium)","PutSmall",1,0,21.570,0.000,21.569
"Tier 1 (Gold SLA - Premium)","GetSmall",1,0,16.049,0.000,16.046
"Tier 1 (Gold SLA - Premium)","PutSmall",1,0,24.167,0.000,24.153
"Tier 1 (Gold SLA - Premium)","PutSmall",1,0,22.566,0.000,22.563
"Tier 1 (Gold SLA - Premium)","PutSmall",1,0,22.690,0.000,22.689
"Tier 1 (Gold SLA - Premium)","GetSmall",1,0,14.457,0.000,14.455
"Tier 1 (Gold SLA - Premium)","PutSmall",1,0,21.355,0.000,21.353
"Tier 1 (Gold SLA - Premium)","GetSmall",1,0,14.156,0.000,14.154
"Tier 1 (Gold SLA - Premium)","GetSmall",1,0,14.417,0.000,14.416
"Tier 1 (Gold SLA - Premium)","GetSmall",1,0,15.336,0.000,15.332
"Tier 1 (Gold SLA - Premium)","GetSmall",1,0,13.453,0.000,13.452
"Tier 1 (Gold SLA - Premium)","PutSmall",1,0,22.878,0.000,22.876
"Tier 1 (Gold SLA - Premium)","GetSmall",1,0,15.599,0.000,15.596
"Tier 1 (Gold SLA - Premium)","PutSmall",1,0,22.627,0.000,22.625
"Tier 1 (Gold SLA - Premium)","PutSmall",1,0,22.546,0.000,22.544
"Tier 1 (Gold SLA - Premium)","GetSmall",1,0,14.472,0.000,14.469
"Tier 1 (Gold SLA - Premium)","GetSmall",1,0,13.361,0.000,13.359
"Tier 1 (Gold SLA - Premium)","PutSmall",1,0,22.161,0.000,22.160
"Tier 1 (Gold SLA - Premium)","GetSmall",1,0,14.605,0.000,14.603
"Tier 1 (Gold SLA - Premium)","GetSmall",1,0,14.803,0.000,14.801
"Tier 1 (Gold SLA - Premium)","GetSmall",1,0,14.787,0.000,14.784
"Tier 1 (Gold SLA - Premium)","GetSmall",1,0,13.575,0.000,13.573
"Tier 1 (Gold SLA - Premium)","GetSmall",1,0,14.039,0.000,14.035
"Tier 1 (Gold SLA - Premium)","GetSmall",1,0,15.265,0.000,15.264
"Tier 1 (Gold SLA - Premium)","GetSmall",1,0,15.538,0.000,15.535
"Tier 1 (Gold SLA - Premium)","GetSmall",1,0,13.189,0.000,13.186
"Tier 1 (Gold SLA - Premium)","GetSmall",1,0,15.679,0.000,15.677
"Tier 1 (Gold SLA - Premium)","PutSmall",1,0,24.814,0.000,24.812
"Tier 1 (Gold SLA - Premium)","PutSmall",1,0,20.535,0.000,20.533
"Tier 1 (Gold SLA - Premium)","PutSmall",1,0,17.829,0.000,17.826
"Tier 1 (Gold SLA - Premium)","GetSmall",1,0,14.329,0.000,14.328
"Tier 1 (Gold SLA - Premium)","PutSmall",1,0,20.256,0.000,20.254
"Tier 1 (Gold SLA - Premium)","PutSmall",1,0,23.201,0.000,23.198
"Tier 1 (Gold SLA - Premium)","PutSmall",1,0,22.232,0.000,22.229
"Tier 1 (Gold SLA - Premium)","GetSmall",1,0,15.335,0.000,15.332
"Tier 1 (Gold SLA - Premium)","GetSmall",1,0,15.600,0.000,15.597
"Tier 1 (Gold SLA - Premium)","PutSmall",1,0,21.936,0.000,21.925
"Tier 1 (Gold SLA - Premium)","GetSmall",1,0,15.143,0.000,15.142
"Tier 1 (Gold SLA - Premium)","PutSmall",1,0,25.056,0.000,25.054
"Tier 1 (Gold SLA - Premium)","GetSmall",1,0,14.870,0.000,14.869
"Tier 1 (Gold SLA - Premium)","PutSmall",1,0,21.613,0.000,21.610
"Tier 1 (Gold SLA - Premium)","GetSmall",1,0,15.180,0.000,15.179
"Tier 1 (Gold SLA - Premium)","PutSmall",1,0,24.293,0.000,24.291
"Tier 1 (Gold SLA - Premium)","GetSmall",1,0,13.662,0.000,13.658
"Tier 1 (Gold SLA - Premium)","GetSmall",1,0,14.781,0.000,14.779
"Tier 1 (Gold SLA - Premium)","PutSmall",1,0,22.547,0.000,22.526
"Tier 1 (Gold SLA - Premium)","PutSmall",1,0,20.355,0.000,20.352
"Tier 1 (Gold SLA - Premium)","PutSmall",1,0,22.677,0.000,22.675
"Tier 1 (Gold SLA - Premium)","GetSmall",1,0,13.409,0.000,13.407
"Tier 1 (Gold SLA - Premium)","PutSmall",1,0,20.475,0.000,20.472
"Tier 1 (Gold SLA - Premium)","GetSmall",1,0,13.593,0.000,13.590
"Tier 1 (Gold SLA - Premium)","PutSmall",1,0,21.101,0.000,21.099
"Tier 1 (Gold SLA - Premium)","PutSmall",1,0,20.976,0.000,20.973
"Tier 1 (Gold SLA - Premium)","PutSmall",1,0,18.307,0.000,18.303
"Tier 1 (Gold SLA - Premium)","PutSmall",1,0,23.717,0.000,23.715
"Tier 1 (Gold SLA - Premium)","GetSmall",1,0,13.014,0.000,13.011
"Tier 1 (Gold SLA - Premium)","GetSmall",1,0,14.018,0.000,14.016
"Tier 1 (Gold SLA - Premium)","GetSmall",1,0,13.836,0.000,13.834
"Tier 1 (Gold SLA - Premium)","PutSmall",1,0,23.759,0.000,23.750
"Tier 1 (Gold SLA - Premium)","PutSmall",1,0,23.423,0.000,23.421
"Tier 1 (Gold SLA - Premium)","GetSmall",1,0,15.669,0.000,15.667
"Tier 1 (Gold SLA - Premium)","GetSmall",1,0,12.877,0.000,12.874
"Tier 1 (Gold SLA - Premium)","PutSmall",1,0,22.214,0.000,22.212
"Tier 1 (Gold SLA - Premium)","PutSmall",1,0,21.978,0.000,21.976
"Tier 1 (Gold SLA - Premium)","GetSmall",1,0,15.131,0.000,15.130
"Tier 1 (Gold SLA - Premium)","PutSmall",1,0,21.111,0.000,21.108
"Tier 1 (Gold SLA - Premium)","GetSmall",1,0,15.676,0.000,15.673
"Tier 1 (Gold SLA - Premium)","PutSmall",1,0,19.189,0.000,19.186
"Tier 1 (Gold SLA - Premium)","PutSmall",1,0,22.360,0.000,22.359
"Tier 1 (Gold SLA - Premium)","PutSmall",1,0,23.355,0.000,23.352
"Tier 1 (Gold SLA - Premium)","GetSmall",1,0,14.272,0.000,14.269
"Tier 1 (Gold SLA - Premium)","GetSmall",1,0,13.458,0.000,13.456
"Tier 1 (Gold SLA - Premium)","GetSmall",1,0,15.461,0.000,15.456
"Tier 1 (Gold SLA - Premium)","GetSmall",1,0,13.513,0.000,13.510
"Tier 1 (Gold SLA - Premium)","GetSmall",1,0,13.083,0.000,13.080
"Tier 1 (Gold SLA - Premium)","PutSmall",1,0,23.843,0.000,23.842
"Tier 1 (Gold SLA - Premium)","PutSmall",1,0,22.218,0.000,22.216
"Tier 1 (Gold SLA - Premium)","GetSmall",1,0,13.958,0.000,13.957
"Tier 1 (Gold SLA - Premium)","GetSmall",1,0,13.886,0.000,13.885
"Tier 1 (Gold SLA - Premium)","PutSmall",1,0,22.225,0.000,22.223
"Tier 1 (Gold SLA - Premium)","GetSmall",1,0,12.671,0.000,12.667
"Tier 1 (Gold SLA - Premium)","GetSmall",1,0,14.299,0.000,14.297
"Tier 1 (Gold SLA - Premium)","PutSmall",1,0,20.150,0.000,20.149
"Tier 1 (Gold SLA - Premium)","PutSmall",1,0,18.881,0.000,18.878
"Tier 1 (Gold SLA - Premium)","PutSmall",1,0,20.663,0.000,20.660
"Tier 1 (Gold SLA - Premium)","GetSmall",1,0,13.441,0.000,13.435
"Tier 1 (Gold SLA - Premium)","GetSmall",1,0,13.458,0.000,13.456
"Tier 1 (Gold SLA - Premium)","GetSmall",1,0,14.744,0.000,14.743
"Tier 1 (Gold SLA - Premium)","PutSmall",1,0,22.365,0.000,22.362
"Tier 1 (Gold SLA - Premium)","PutSmall",1,0,22.238,0.000,22.236
"Tier 1 (Gold SLA - Premium)","GetSmall",1,0,14.580,0.000,14.578
"Tier 1 (Gold SLA - Premium)","GetSmall",1,0,12.788,0.000,12.786
"Tier 1 (Gold SLA - Premium)","GetSmall",1,0,15.097,0.000,15.093
"Tier 1 (Gold SLA - Premium)","PutSmall",1,0,23.529,0.000,23.527
"Tier 1 (Gold SLA - Premium)","PutSmall",1,0,21.457,0.000,21.455
"Tier 1 (Gold SLA - Premium)","GetSmall",1,0,14.209,0.000,14.207
"Tier 1 (Gold SLA - Premium)","GetSmall",1,0,15.605,0.000,15.602
"Tier 1 (Gold SLA - Premium)","GetSmall",1,0,15.495,0.000,15.493
"Tier 1 (Gold SLA - Premium)","PutSmall",1,0,22.635,0.000,22.633
"Tier 1 (Gold SLA - Premium)","GetSmall",1,0,14.041,0.000,14.038
"Tier 1 (Gold SLA - Premium)","GetSmall",1,0,14.471,0.000,14.468
"Tier 1 (Gold SLA - Premium)","PutSmall",1,0,20.084,0.000,20.081
"Tier 1 (Gold SLA - Premium)","PutSmall",1,0,21.359,0.000,21.357
"Tier 1 (Gold SLA - Premium)","PutSmall",1,0,20.551,0.000,20.548
"Tier 1 (Gold SLA - Premium)","GetSmall",1,0,14.866,0.000,14.865
"Tier 1 (Gold SLA - Premium)","PutSmall",1,0,22.576,0.000,22.574
"Tier 1 (Gold SLA - Premium)","GetSmall",1,0,13.089,0.000,13.087
"Tier 1 (Gold SLA - Premium)","GetSmall",1,0,13.319,0.000,13.318
"Tier 1 (Gold SLA - Premium)","GetSmall",1,0,13.771,0.000,13.770
"Tier 1 (Gold SLA - Premium)","PutSmall",1,0,23.006,0.000,23.003
"Tier 1 (Gold SLA - Premium)","GetSmall",1,0,15.552,0.000,15.549
"Tier 1 (Gold SLA - Premium)","PutSmall",1,0,22.839,0.000,22.836
"Tier 1 (Gold SLA - Premium)","GetSmall",1,0,16.303,0.000,16.301
"Tier 1 (Gold SLA - Premium)","GetSmall",1,0,16.238,0.000,16.232
"Tier 1 (Gold SLA - Premium)","GetSmall",1,0,14.576,0.000,14.568
"Tier 1 (Gold SLA - Premium)","PutSmall",1,0,19.661,0.000,19.658
"Tier 1 (Gold SLA - Premium)","GetSmall",1,0,14.098,0.000,14.096
"Tier 1 (Gold SLA - Premium)","PutSmall",1,0,19.198,0.000,19.193
"Tier 1 (Gold SLA - Premium)","PutSmall",1,0,22.915,0.000,22.913
"Tier 1 (Gold SLA - Premium)","PutSmall",1,0,22.808,0.000,22.806
"Tier 1 (Gold SLA - Premium)","PutSmall",1,0,21.886,0.000,21.884
"Tier 1 (Gold SLA - Premium)","PutSmall",1,0,21.986,0.000,21.983
"Tier 1 (Gold SLA - Premium)","PutSmall",1,0,20.747,0.000,20.744
"Tier 1 (Gold SLA - Premium)","PutSmall",1,0,24.433,0.000,24.430
"Tier 1 (Gold SLA - Premium)","GetSmall",1,0,14.984,0.000,14.981
"Tier 1 (Gold SLA - Premium)","PutSmall",1,0,21.232,0.000,21.230
"Tier 1 (Gold SLA - Premium)","GetSmall",1,0,14.458,0.000,14.455
"Tier 1 (Gold SLA - Premium)","PutSmall",1,0,20.563,0.000,20.561
"Tier 1 (Gold SLA - Premium)","PutSmall",1,0,20.001,0.000,19.998
"Tier 1 (Gold SLA - Premium)","GetSmall",1,0,15.784,0.000,15.778
"Tier 1 (Gold SLA - Premium)","GetSmall",1,0,12.664,0.000,12.657
"Tier 1 (Gold SLA - Premium)","GetSmall",1,0,13.473,0.000,13.470
"Tier 1 (Gold SLA - Premium)","GetSmall",1,0,15.715,0.000,15.712
"Tier 1 (Gold SLA - Premium)","GetSmall",1,0,13.492,0.000,13.490
"Tier 1 (Gold SLA - Premium)","PutSmall",1,0,20.996,0.000,20.995
"Tier 1 (Gold SLA - Premium)","PutSmall",1,0,19.407,0.000,19.398
"Tier 1 (Gold SLA - Premium)","GetSmall",1,0,14.693,0.000,14.689
"Tier 1 (Gold SLA - Premium)","GetSmall",1,0,15.486,0.000,15.480
"Tier 1 (Gold SLA - Premium)","GetSmall",1,0,13.684,0.000,13.679
"Tier 1 (Gold SLA - Premium)","PutSmall",1,0,24.357,0.000,24.353
"Tier 1 (Gold SLA - Premium)","PutSmall",1,0,24.835,0.000,24.832
"Tier 1 (Gold SLA - Premium)","GetSmall",1,0,13.888,0.000,13.886
"Tier 1 (Gold SLA - Premium)","PutSmall",1,0,22.883,0.000,22.881
"Tier 1 (Gold SLA - Premium)","PutSmall",1,0,21.927,0.000,21.924
"Tier 1 (Gold SLA - Premium)","GetSmall",1,0,14.959,0.000,14.957
"Tier 1 (Gold SLA - Premium)","PutSmall",1,0,22.661,0.000,22.660
"Tier 1 (Gold SLA - Premium)","PutSmall",1,0,18.939,0.000,18.936
"Tier 1 (Gold SLA - Premium)","GetSmall",1,0,13.835,0.000,13.832
"Tier 1 (Gold SLA - Premium)","PutSmall",1,0,20.841,0.000,20.840
"Tier 1 (Gold SLA - Premium)","GetSmall",1,0,13.853,0.000,13.850
"Tier 1 (Gold SLA - Premium)","PutSmall",1,0,21.690,0.000,21.688
"Tier 1 (Gold SLA - Premium)","PutSmall",1,0,22.922,0.000,22.919
"Tier 1 (Gold SLA - Premium)","GetSmall",1,0,15.979,0.000,15.977
"Tier 1 (Gold SLA - Premium)","GetSmall",1,0,13.160,0.000,13.136
"Tier 1 (Gold SLA - Premium)","GetSmall",1,0,14.667,0.000,14.661
"Tier 1 (Gold SLA - Premium)","GetSmall",1,0,13.513,0.000,13.494
"Tier 1 (Gold SLA - Premium)","GetSmall",1,0,16.158,0.000,16.157
"Tier 1 (Gold SLA - Premium)","GetSmall",1,0,13.795,0.000,13.793
"Tier 1 (Gold SLA - Premium)","GetSmall",1,0,15.327,0.000,15.325
"Tier 1 (Gold SLA - Premium)","GetSmall",1,0,14.468,0.000,14.466
"Tier 1 (Gold SLA - Premium)","GetSmall",1,0,12.885,0.000,12.883
"Tier 1 (Gold SLA - Premium)","PutSmall",1,0,19.814,0.000,19.811
"Tier 1 (Gold SLA - Premium)","PutSmall",1,0,22.191,0.000,22.189
"Tier 1 (Gold SLA - Premium)","GetSmall",1,0,14.830,0.000,14.828
"Tier 1 (Gold SLA - Premium)","GetSmall",1,0,14.268,0.000,14.265
"Tier 1 (Gold SLA - Premium)","GetSmall",1,0,14.137,0.000,14.134
"Tier 1 (Gold SLA - Premium)","GetSmall",1,0,14.820,0.000,14.814
"Tier 1 (Gold SLA - Premium)","GetSmall",1,0,15.417,0.000,15.415
"Tier 1 (Gold SLA - Premium)","GetSmall",1,0,15.534,0.000,15.531
"Tier 1 (Gold SLA - Premium)","PutSmall",1,0,22.191,0.000,22.188
"Tier 1 (Gold SLA - Premium)","GetSmall",1,0,15.662,0.000,15.660
"Tier 1 (Gold SLA - Premium)","GetSmall",1,0,16.222,0.000,16.221
"Tier 1 (Gold SLA - Premium)","GetSmall",1,0,14.372,0.000,14.370
"Tier 1 (Gold SLA - Premium)","PutSmall",1,0,22.991,0.000,22.988
"Tier 1 (Gold SLA - Premium)","GetSmall",1,0,13.321,0.000,13.318
"Tier 1 (Gold SLA - Premium)","PutSmall",1,0,22.206,0.000,22.203
"Tier 1 (Gold SLA - Premium)","PutSmall",1,0,20.384,0.000,20.381
"Tier 1 (Gold SLA - Premium)","PutSmall",1,0,20.544,0.000,20.542
"Tier 1 (Gold SLA - Premium)","GetSmall",1,0,15.109,0.000,15.107
"Tier 1 (Gold SLA - Premium)","PutSmall",1,0,20.453,0.000,20.450
"Tier 1 (Gold SLA - Premium)","PutSmall",1,0,22.257,0.000,22.256
"Tier 1 (Gold SLA - Premium)","PutSmall",1,0,19.897,0.000,19.896
"Tier 1 (Gold SLA - Premium)","PutSmall",1,0,20.456,0.000,20.454
"Tier 1 (Gold SLA - Premium)","PutSmall",1,0,23.893,0.000,23.891
"Tier 1 (Gold SLA - Premium)","PutSmall",1,0,20.182,0.000,20.175
"Tier 1 (Gold SLA - Premium)","PutSmall",1,0,23.725,0.000,23.723
"Tier 1 (Gold SLA - Premium)","PutSmall",1,0,23.083,0.000,23.076
"Tier 1 (Gold SLA - Premium)","GetSmall",1,0,14.228,0.000,14.221
"Tier 1 (Gold SLA - Premium)","GetSmall",1,0,14.438,0.000,14.405
"Tier 1 (Gold SLA - Premium)","GetSmall",1,0,14.707,0.000,14.693
"Tier 1 (Gold SLA - Premium)","PutSmall",1,0,20.103,0.000,20.100
"Tier 1 (Gold SLA - Premium)","PutSmall",1,0,25.102,0.000,25.099
"Tier 1 (Gold SLA - Premium)","GetSmall",1,0,15.398,0.000,15.394
"Tier 1 (Gold SLA - Premium)","PutSmall",1,0,22.276,0.000,22.274
"Tier 1 (Gold SLA - Premium)","PutSmall",1,0,19.596,0.000,19.591
"Tier 1 (Gold SLA - Premium)","GetSmall",1,0,15.762,0.000,15.760
"Tier 1 (Gold SLA - Premium)","PutSmall",1,0,20.317,0.000,20.314
"Tier 1 (Gold SLA - Premium)","GetSmall",1,0,14.004,0.000,14.002
"Tier 1 (Gold SLA - Premium)","PutSmall",1,0,21.672,0.000,21.670
"Tier 1 (Gold SLA - Premium)","GetSmall",1,0,15.645,0.000,15.643
"Tier 1 (Gold SLA - Premium)","PutSmall",1,0,22.963,0.000,22.957
"Tier 1 (Gold SLA - Premium)","PutSmall",1,0,20.995,0.000,20.993
"Tier 1 (Gold SLA - Premium)","PutSmall",1,0,21.610,0.000,21.607
"Tier 1 (Gold SLA - Premium)","PutSmall",1,0,22.161,0.000,22.159
"Tier 1 (Gold SLA - Premium)","PutSmall",1,0,20.526,0.000,20.523
"Tier 1 (Gold SLA - Premium)","PutSmall",1,0,21.782,0.000,21.780
"Tier 1 (Gold SLA - Premium)","GetSmall",1,0,15.922,0.000,15.920
"Tier 1 (Gold SLA - Premium)","PutSmall",1,0,20.220,0.000,20.216
"Tier 1 (Gold SLA - Premium)","PutSmall",1,0,21.913,0.000,21.886
"Tier 1 (Gold SLA - Premium)","PutSmall",1,0,21.841,0.000,21.834
"Tier 1 (Gold SLA - Premium)","GetSmall",1,0,14.393,0.000,14.390
"Tier 1 (Gold SLA - Premium)","PutSmall",1,0,23.414,0.000,23.411
"Tier 1 (Gold SLA - Premium)","PutSmall",1,0,23.868,0.000,23.865
"Tier 1 (Gold SLA - Premium)","GetSmall",1,0,15.335,0.000,15.333
"Tier 1 (Gold SLA - Premium)","GetSmall",1,0,15.777,0.000,15.775
"Tier 1 (Gold SLA - Premium)","GetSmall",1,0,14.229,0.000,14.228
"Tier 1 (Gold SLA - Premium)","PutSmall",1,0,20.152,0.000,20.149
"Tier 1 (Gold SLA - Premium)","PutSmall",1,0,21.414,0.000,21.412
"Tier 1 (Gold SLA - Premium)","GetSmall",1,0,12.974,0.000,12.972
"Tier 1 (Gold SLA - Premium)","GetSmall",1,0,14.804,0.000,14.802
"Tier 1 (Gold SLA - Premium)","GetSmall",1,0,15.190,0.000,15.188
"Tier 1 (Gold SLA - Premium)","GetSmall",1,0,15.802,0.000,15.800
"Tier 1 (Gold SLA - Premium)","GetSmall",1,0,14.477,0.000,14.475
"Tier 1 (Gold SLA - Premium)","GetSmall",1,0,14.083,0.000,14.081
"Tier 1 (Gold SLA - Premium)","GetSmall",1,0,14.320,0.000,14.319
"Tier 1 (Gold SLA - Premium)","GetSmall",1,0,14.595,0.000,14.588
"Tier 1 (Gold SLA - Premium)","PutSmall",1,0,21.760,0.000,21.757
"Tier 1 (Gold SLA - Premium)","PutSmall",1,0,24.121,0.000,24.120
"Tier 1 (Gold SLA - Premium)","GetSmall",1,0,15.477,0.000,15.475
"Tier 1 (Gold SLA - Premium)","GetSmall",1,0,13.743,0.000,13.742
"Tier 1 (Gold SLA - Premium)","GetSmall",1,0,13.621,0.000,13.618
"Tier 1 (Gold SLA - Premium)","GetSmall",1,0,14.436,0.000,14.433
"Tier 1 (Gold SLA - Premium)","GetSmall",1,0,14.934,0.000,14.931
"Tier 1 (Gold SLA - Premium)","GetSmall",1,0,14.675,0.000,14.672
"Tier 1 (Gold SLA - Premium)","PutSmall",1,0,23.406,0.000,23.404
"Tier 1 (Gold SLA - Premium)","GetSmall",1,0,14.151,0.000,14.147
"Tier 1 (Gold SLA - Premium)","PutSmall",1,0,20.375,0.000,20.373
"Tier 1 (Gold SLA - Premium)","PutSmall",1,0,22.111,0.000,22.109
"Tier 1 (Gold SLA - Premium)","PutSmall",1,0,22.477,0.000,22.475
"Tier 1 (Gold SLA - Premium)","PutSmall",1,0,22.533,0.000,22.528
"Tier 1 (Gold SLA - Premium)","GetSmall",1,0,16.249,0.000,16.248
"Tier 1 (Gold SLA - Premium)","PutSmall",1,0,22.448,0.000,22.446
"Tier 1 (Gold SLA - Premium)","PutSmall",1,0,20.596,0.000,20.595
"Tier 1 (Gold SLA - Premium)","PutSmall",1,0,23.824,0.000,23.821
"Tier 1 (Gold SLA - Premium)","GetSmall",1,0,13.228,0.000,13.226
"Tier 1 (Gold SLA - Premium)","PutSmall",1,0,20.619,0.000,20.618
"Tier 1 (Gold SLA - Premium)","PutSmall",1,0,23.154,0.000,23.151
"Tier 1 (Gold SLA - Premium)","GetSmall",1,0,16.018,0.000,16.017
"Tier 1 (Gold SLA - Premium)","PutSmall",1,0,23.052,0.000,23.051
"Tier 1 (Gold SLA - Premium)","PutSmall",1,0,21.482,0.000,21.480
"Tier 1 (Gold SLA - Premium)","PutSmall",1,0,23.875,0.000,23.874
"Tier 1 (Gold SLA - Premium)","PutSmall",1,0,18.897,0.000,18.896
"Tier 1 (Gold SLA - Premium)","PutSmall",1,0,22.732,0.000,22.720
"Tier 1 (Gold SLA - Premium)","GetSmall",1,0,14.446,0.000,14.444
"Tier 1 (Gold SLA - Premium)","PutSmall",1,0,24.506,0.000,24.504
"Tier 1 (Gold SLA - Premium)","GetSmall",1,0,14.237,0.000,14.235
"Tier 1 (Gold SLA - Premium)","PutSmall",1,0,21.590,0.000,21.588
"Tier 1 (Gold SLA - Premium)","PutSmall",1,0,22.084,0.000,22.080
"Tier 1 (Gold SLA - Premium)","GetSmall",1,0,13.734,0.000,13.732
"Tier 1 (Gold SLA - Premium)","GetSmall",1,0,14.066,0.000,14.064
"Tier 1 (Gold SLA - Premium)","GetSmall",1,0,14.389,0.000,14.388
"Tier 1 (Gold SLA - Premium)","GetSmall",1,0,13.175,0.000,13.173
"Tier 1 (Gold SLA - Premium)","PutSmall",1,0,22.414,0.000,22.412
"Tier 1 (Gold SLA - Premium)","PutSmall",1,0,23.537,0.000,23.536
"Tier 1 (Gold SLA - Premium)","GetSmall",1,0,15.072,0.000,15.070
"Tier 1 (Gold SLA - Premium)","PutSmall",1,0,22.876,0.000,22.873
"Tier 1 (Gold SLA - Premium)","PutSmall",1,0,20.722,0.000,20.721
"Tier 1 (Gold SLA - Premium)","GetSmall",1,0,16.084,0.000,16.082
"Tier 1 (Gold SLA - Premium)","GetSmall",1,0,14.818,0.000,14.815
"Tier 1 (Gold SLA - Premium)","GetSmall",1,0,14.355,0.000,14.353
"Tier 1 (Gold SLA - Premium)","PutSmall",1,0,20.726,0.000,20.724
"Tier 1 (Gold SLA - Premium)","PutSmall",1,0,24.670,0.000,24.669
"Tier 1 (Gold SLA - Premium)","GetSmall",1,0,14.583,0.000,14.580
"Tier 1 (Gold SLA - Premium)","GetSmall",1,0,14.824,0.000,14.822
"Tier 1 (Gold SLA - Premium)","PutSmall",1,0,24.583,0.000,24.580
"Tier 1 (Gold SLA - Premium)","GetSmall",1,0,15.831,0.000,15.828
"Tier 1 (Gold SLA - Premium)","PutSmall",1,0,20.594,0.000,20.592
"Tier 1 (Gold SLA - Premium)","GetSmall",1,0,13.698,0.000,13.696
"Tier 1 (Gold SLA - Premium)","PutSmall",1,0,22.082,0.000,22.080
"Tier 1 (Gold SLA - Premium)","GetSmall",1,0,13.756,0.000,13.754
"Tier 1 (Gold SLA - Premium)","PutSmall",1,0,22.630,0.000,22.627
"Tier 1 (Gold SLA - Premium)","PutSmall",1,0,23.947,0.000,23.939
"Tier 1 (Gold SLA - Premium)","PutSmall",1,0,21.589,0.000,21.582
"Tier 1 (Gold SLA - Premium)","GetSmall",1,0,15.172,0.000,15.170
"Tier 1 (Gold SLA - Premium)","GetSmall",1,0,14.808,0.000,14.805
"Tier 1 (Gold SLA - Premium)","PutSmall",1,0,20.809,0.000,20.808
"Tier 1 (Gold SLA - Premium)","GetSmall",1,0,14.892,0.000,14.889
"Tier 1 (Gold SLA - Premium)","PutSmall",1,0,23.576,0.000,23.574
"Tier 1 (Gold SLA - Premium)","PutSmall",1,0,24.404,0.000,24.401
"Tier 1 (Gold SLA - Premium)","PutSmall",1,0,23.875,0.000,23.873
"Tier 1 (Gold SLA - Premium)","PutSmall",1,0,18.798,0.000,18.795
"Tier 1 (Gold SLA - Premium)","PutSmall",1,0,19.046,0.001,19.043
"Tier 1 (Gold SLA - Premium)","PutSmall",1,0,19.238,0.000,19.236
"Tier 1 (Gold SLA - Premium)","PutSmall",1,0,20.234,0.000,20.230
"Tier 1 (Gold SLA - Premium)","PutSmall",1,0,21.832,0.000,21.830
"Tier 1 (Gold SLA - Premium)","GetSmall",1,0,14.138,0.000,14.135
"Tier 1 (Gold SLA - Premium)","GetSmall",1,0,15.444,0.000,15.442
"Tier 1 (Gold SLA - Premium)","PutSmall",1,0,20.919,0.000,20.917
"Tier 1 (Gold SLA - Premium)","GetSmall",1,0,16.589,0.000,16.587
"Tier 1 (Gold SLA - Premium)","GetSmall",1,0,13.538,0.000,13.536
"Tier 1 (Gold SLA - Premium)","GetSmall",1,0,12.641,0.000,12.639
"Tier 1 (Gold SLA - Premium)","GetSmall",1,0,12.621,0.000,12.619
"Tier 1 (Gold SLA - Premium)","GetSmall",1,0,14.881,0.000,14.878
"Tier 1 (Gold SLA - Premium)","GetSmall",1,0,15.658,0.000,15.656
"Tier 1 (Gold SLA - Premium)","PutSmall",1,0,22.796,0.000,22.793
"Tier 1 (Gold SLA - Premium)","PutSmall",1,0,23.115,0.000,23.108
"Tier 1 (Gold SLA - Premium)","GetSmall",1,0,15.715,0.000,15.708
"Tier 1 (Gold SLA - Premium)","GetSmall",1,0,15.942,0.000,15.939
"Tier 1 (Gold SLA - Premium)","PutSmall",1,0,19.321,0.000,19.319
"Tier 1 (Gold SLA - Premium)","PutSmall",1,0,23.204,0.000,23.201
"Tier 1 (Gold SLA - Premium)","GetSmall",1,0,15.164,0.000,15.162
"Tier 1 (Gold SLA - Premium)","PutSmall",1,0,20.373,0.000,20.370
"Tier 1 (Gold SLA - Premium)","GetSmall",1,0,15.516,0.000,15.514
"Tier 1 (Gold SLA - Premium)","GetSmall",1,0,14.496,0.000,14.493
"Tier 1 (Gold SLA - Premium)","PutSmall",1,0,20.465,0.000,20.463
"Tier 1 (Gold SLA - Premium)","GetSmall",1,0,15.514,0.000,15.513
"Tier 1 (Gold SLA - Premium)","GetSmall",1,0,13.940,0.000,13.937
"Tier 1 (Gold SLA - Premium)","GetSmall",1,0,14.036,0.000,14.033
"Tier 1 (Gold SLA - Premium)","GetSmall",1,0,15.675,0.000,15.672
"Tier 1 (Gold SLA - Premium)","PutSmall",1,0,21.100,0.000,21.098
"Tier 1 (Gold SLA - Premium)","GetSmall",1,0,15.930,0.000,15.927
"Tier 1 (Gold SLA - Premium)","PutSmall",1,0,19.844,0.000,19.843
"Tier 1 (Gold SLA - Premium)","PutSmall",1,0,21.209,0.000,21.208
"Tier 1 (Gold SLA - Premium)","GetSmall",1,0,14.049,0.000,14.048
"Tier 1 (Gold SLA - Premium)","PutSmall",1,0,21.375,0.000,21.374
"Tier 1 (Gold SLA - Premium)","PutSmall",1,0,22.047,0.000,22.044
"Tier 1 (Gold SLA - Premium)","GetSmall",1,0,14.580,0.000,14.578
"Tier 1 (Gold SLA - Premium)","GetSmall",1,0,14.742,0.000,14.741
"Tier 1 (Gold SLA - Premium)","GetSmall",1,0,14.480,0.000,14.478
"Tier 1 (Gold SLA - Premium)","GetSmall",1,0,13.888,0.000,13.885
"Tier 1 (Gold SLA - Premium)","GetSmall",1,0,14.252,0.000,14.249
"Tier 1 (Gold SLA - Premium)","GetSmall",1,0,13.908,0.000,13.906
"Tier 1 (Gold SLA - Premium)","PutSmall",1,0,21.808,0.000,21.806
"Tier 1 (Gold SLA - Premium)","PutSmall",1,0,22.789,0.000,22.786
"Tier 1 (Gold SLA - Premium)","GetSmall",1,0,15.658,0.000,15.655
"Tier 1 (Gold SLA - Premium)","GetSmall",1,0,15.507,0.000,15.505
"Tier 1 (Gold SLA - Premium)","GetSmall",1,0,14.348,0.000,14.346
"Tier 1 (Gold SLA - Premium)","PutSmall",1,0,24.527,0.000,24.524
"Tier 1 (Gold SLA - Premium)","GetSmall",1,0,13.621,0.000,13.608
"Tier 1 (Gold SLA - Premium)","PutSmall",1,0,21.991,0.000,21.988
"Tier 1 (Gold SLA - Premium)","GetSmall",1,0,15.079,0.000,15.077
"Tier 1 (Gold SLA - Premium)","PutSmall",1,0,23.814,0.000,23.811
"Tier 1 (Gold SLA - Premium)","PutSmall",1,0,21.720,0.000,21.716
"Tier 1 (Gold SLA - Premium)","PutSmall",1,0,22.931,0.000,22.928
"Tier 1 (Gold SLA - Premium)","PutSmall",1,0,21.155,0.000,21.152
"Tier 1 (Gold SLA - Premium)","GetSmall",1,0,15.769,0.000,15.765
"Tier 1 (Gold SLA - Premium)","GetSmall",1,0,12.879,0.000,12.877
"Tier 1 (Gold SLA - Premium)","GetSmall",1,0,15.314,0.000,15.311
"Tier 1 (Gold SLA - Premium)","PutSmall",1,0,20.393,0.000,20.391
"Tier 1 (Gold SLA - Premium)","PutSmall",1,0,22.591,0.000,22.588
"Tier 1 (Gold SLA - Premium)","GetSmall",1,0,14.985,0.000,14.983
"Tier 1 (Gold SLA - Premium)","GetSmall",1,0,14.197,0.000,14.193
"Tier 1 (Gold SLA - Premium)","PutSmall",1,0,20.213,0.000,20.204
"Tier 1 (Gold SLA - Premium)","PutSmall",1,0,20.990,0.000,20.987
"Tier 1 (Gold SLA - Premium)","GetSmall",1,0,16.314,0.000,16.311
"Tier 1 (Gold SLA - Premium)","GetSmall",1,0,16.077,0.000,16.074
"Tier 1 (Gold SLA - Premium)","GetSmall",1,0,13.861,0.000,13.858
"Tier 1 (Gold SLA - Premium)","PutSmall",1,0,23.472,0.000,23.469
"Tier 1 (Gold SLA - Premium)","GetSmall",1,0,14.784,0.000,14.783
"Tier 1 (Gold SLA - Premium)","GetSmall",1,0,13.818,0.000,13.815
"Tier 1 (Gold SLA - Premium)","PutSmall",1,0,23.127,0.000,23.091
"Tier 1 (Gold SLA - Premium)","GetSmall",1,0,15.593,0.000,15.581
"Tier 1 (Gold SLA - Premium)","PutSmall",1,0,20.287,0.000,20.280
"Tier 1 (Gold SLA - Premium)","PutSmall",1,0,24.237,0.000,24.234
"Tier 1 (Gold SLA - Premium)","PutSmall",1,0,24.409,0.000,24.406
"Tier 1 (Gold SLA - Premium)","PutSmall",1,0,21.466,0.000,21.462
"Tier 1 (Gold SLA - Premium)","PutSmall",1,0,20.687,0.000,20.686
"Tier 1 (Gold SLA - Premium)","GetSmall",1,0,14.901,0.000,14.899
"Tier 1 (Gold SLA - Premium)","PutSmall",1,0,21.167,0.000,21.165
"Tier 1 (Gold SLA - Premium)","PutSmall",1,0,23.978,0.000,23.975
"Tier 1 (Gold SLA - Premium)","PutSmall",1,0,22.970,0.000,22.968
"Tier 1 (Gold SLA - Premium)","PutSmall",1,0,22.890,0.000,22.888
"Tier 1 (Gold SLA - Premium)","PutSmall",1,0,22.520,0.000,22.517
"Tier 1 (Gold SLA - Premium)","GetSmall",1,0,15.660,0.000,15.657
"Tier 1 (Gold SLA - Premium)","GetSmall",1,0,13.844,0.000,13.842
"Tier 1 (Gold SLA - Premium)","GetSmall",1,0,14.905,0.000,14.903
"Tier 1 (Gold SLA - Premium)","PutSmall",1,0,20.667,0.000,20.663
"Tier 1 (Gold SLA - Premium)","PutSmall",1,0,21.216,0.000,21.214
"Tier 1 (Gold SLA - Premium)","PutSmall",1,0,21.731,0.000,21.728
"Tier 1 (Gold SLA - Premium)","PutSmall",1,0,23.140,0.000,23.138
"Tier 1 (Gold SLA - Premium)","PutSmall",1,0,21.347,0.000,21.346
"Tier 1 (Gold SLA - Premium)","GetSmall",1,0,13.436,0.000,13.434
"Tier 1 (Gold SLA - Premium)","GetSmall",1,0,14.442,0.000,14.440
"Tier 1 (Gold SLA - Premium)","PutSmall",1,0,23.062,0.000,23.053
"Tier 1 (Gold SLA - Premium)","PutSmall",1,0,19.391,0.000,19.388
"Tier 1 (Gold SLA - Premium)","PutSmall",1,0,19.812,0.000,19.810
"Tier 1 (Gold SLA - Premium)","GetSmall",1,0,14.398,0.000,14.395
"Tier 1 (Gold SLA - Premium)","PutSmall",1,0,22.493,0.000,22.490
"Tier 1 (Gold SLA - Premium)","PutSmall",1,0,20.602,0.000,20.601
"Tier 1 (Gold SLA - Premium)","PutSmall",1,0,23.358,0.000,23.355
"Tier 1 (Gold SLA - Premium)","GetSmall",1,0,14.533,0.000,14.522
"Tier 1 (Gold SLA - Premium)","GetSmall",1,0,14.552,0.000,14.551
"Tier 1 (Gold SLA - Premium)","GetSmall",1,0,13.366,0.000,13.355
"Tier 1 (Gold SLA - Premium)","PutSmall",1,0,23.178,0.000,23.176
"Tier 1 (Gold SLA - Premium)","PutSmall",1,0,21.325,0.000,21.322
"Tier 1 (Gold SLA - Premium)","GetSmall",1,0,15.882,0.000,15.881
"Tier 1 (Gold SLA - Premium)","GetSmall",1,0,15.368,0.000,15.365
"Tier 1 (Gold SLA - Premium)","PutSmall",1,0,22.507,0.000,22.504
"Tier 1 (Gold SLA - Premium)","GetSmall",1,0,14.762,0.000,14.759
"Tier 1 (Gold SLA - Premium)","GetSmall",1,0,13.467,0.000,13.460
"Tier 1 (Gold SLA - Premium)","GetSmall",1,0,13.977,0.000,13.974
"Tier 1 (Gold SLA - Premium)","GetSmall",1,0,13.660,0.000,13.658
"Tier 1 (Gold SLA - Premium)","GetSmall",1,0,14.603,0.000,14.600
"Tier 1 (Gold SLA - Premium)","PutSmall",1,0,24.337,0.000,24.335
"Tier 1 (Gold SLA - Premium)","PutSmall",1,0,22.615,0.000,22.613
"Tier 1 (Gold SLA - Premium)","GetSmall",1,0,13.714,0.000,13.711
"Tier 1 (Gold SLA - Premium)","PutSmall",1,0,18.826,0.000,18.823
"Tier 1 (Gold SLA - Premium)","PutSmall",1,0,21.528,0.000,21.526
"Tier 1 (Gold SLA - Premium)","PutSmall",1,0,19.280,0.000,19.278
"Tier 1 (Gold SLA - Premium)","GetSmall",1,0,14.563,0.000,14.551
"Tier 1 (Gold SLA - Premium)","PutSmall",1,0,20.620,0.000,20.614
"Tier 1 (Gold SLA - Premium)","PutSmall",1,0,22.709,0.000,22.706
"Tier 1 (Gold SLA - Premium)","PutSmall",1,0,23.131,0.000,23.128
"Tier 1 (Gold SLA - Premium)","PutSmall",1,0,19.895,0.000,19.888
"Tier 1 (Gold SLA - Premium)","PutSmall",1,0,22.053,0.000,22.050
"Tier 1 (Gold SLA - Premium)","PutSmall",1,0,21.503,0.000,21.501
"Tier 1 (Gold SLA - Premium)","GetSmall",1,0,16.149,0.000,16.146
"Tier 1 (Gold SLA - Premium)","GetSmall",1,0,11.991,0.000,11.988
"Tier 1 (Gold SLA - Premium)","PutSmall",1,0,20.356,0.000,20.353
"Tier 1 (Gold SLA - Premium)","PutSmall",1,0,23.410,0.000,23.408
"Tier 1 (Gold SLA - Premium)","PutSmall",1,0,21.013,0.000,21.010
"Tier 1 (Gold SLA - Premium)","GetSmall",1,0,13.941,0.000,13.940
"Tier 1 (Gold SLA - Premium)","GetSmall",1,0,14.962,0.000,14.961
"Tier 1 (Gold SLA - Premium)","GetSmall",1,0,16.238,0.000,16.235
"Tier 1 (Gold SLA - Premium)","PutSmall",1,0,18.798,0.000,18.791
"Tier 1 (Gold SLA - Premium)","PutSmall",1,0,20.948,0.000,20.944
"Tier 1 (Gold SLA - Premium)","PutSmall",1,0,21.458,0.000,21.456
"Tier 1 (Gold SLA - Premium)","GetSmall",1,0,15.917,0.000,15.914
"Tier 1 (Gold SLA - Premium)","GetSmall",1,0,13.605,0.000,13.602
"Tier 1 (Gold SLA - Premium)","PutSmall",1,0,24.593,0.000,24.591
"Tier 1 (Gold SLA - Premium)","GetSmall",1,0,13.052,0.000,13.050
"Tier 1 (Gold SLA - Premium)","GetSmall",1,0,13.290,0.000,13.288
"Tier 1 (Gold SLA - Premium)","PutSmall",1,0,23.298,0.000,23.295
"Tier 1 (Gold SLA - Premium)","GetSmall",1,0,15.869,0.000,15.868
"Tier 1 (Gold SLA - Premium)","GetSmall",1,0,14.312,0.000,14.310
"Tier 1 (Gold SLA - Premium)","PutSmall",1,0,23.624,0.000,23.622
"Tier 1 (Gold SLA - Premium)","PutSmall",1,0,20.364,0.000,20.363
"Tier 1 (Gold SLA - Premium)","GetSmall",1,0,13.748,0.000,13.746
"Tier 1 (Gold SLA - Premium)","PutSmall",1,0,22.290,0.000,22.289
"Tier 1 (Gold SLA - Premium)","GetSmall",1,0,14.400,0.000,14.398
"Tier 1 (Gold SLA - Premium)","PutSmall",1,0,22.231,0.000,22.229
"Tier 1 (Gold SLA - Premium)","PutSmall",1,0,22.402,0.000,22.399
"Tier 1 (Gold SLA - Premium)","GetSmall",1,0,13.542,0.000,13.540
"Tier 1 (Gold SLA - Premium)","GetSmall",1,0,12.967,0.000,12.963
"Tier 1 (Gold SLA - Premium)","GetSmall",1,0,13.133,0.000,13.131
"Tier 1 (Gold SLA - Premium)","GetSmall",1,0,15.128,0.000,15.116
"Tier 1 (Gold SLA - Premium)","GetSmall",1,0,14.474,0.000,14.471
"Tier 1 (Gold SLA - Premium)","PutSmall",1,0,22.675,0.000,22.672
"Tier 1 (Gold SLA - Premium)","PutSmall",1,0,21.641,0.000,21.637
"Tier 1 (Gold SLA - Premium)","GetSmall",1,0,15.306,0.000,15.303
"Tier 1 (Gold SLA - Premium)","GetSmall",1,0,14.647,0.000,14.644
"Tier 1 (Gold SLA - Premium)","GetSmall",1,0,15.670,0.000,15.667
"Tier 1 (Gold SLA - Premium)","GetSmall",1,0,14.409,0.000,14.403
"Tier 1 (Gold SLA - Premium)","GetSmall",1,0,12.859,0.000,12.857
"Tier 1 (Gold SLA - Premium)","GetSmall",1,0,13.951,0.000,13.949
"Tier 1 (Gold SLA - Premium)","PutSmall",1,0,20.646,0.000,20.643
"Tier 1 (Gold SLA - Premium)","GetSmall",1,0,14.126,0.000,14.123
"Tier 1 (Gold SLA - Premium)","PutSmall",1,0,20.967,0.000,20.963
"Tier 1 (Gold SLA - Premium)","PutSmall",1,0,23.554,0.000,23.551
"Tier 1 (Gold SLA - Premium)","GetSmall",1,0,13.987,0.000,13.986
"Tier 1 (Gold SLA - Premium)","PutSmall",1,0,20.627,0.000,20.625
"Tier 1 (Gold SLA - Premium)","PutSmall",1,0,19.950,0.000,19.947
"Tier 1 (Gold SLA - Premium)","PutSmall",1,0,19.832,0.000,19.826
"Tier 1 (Gold SLA - Premium)","GetSmall",1,0,13.584,0.000,13.581
"Tier 1 (Gold SLA - Premium)","GetSmall",1,0,15.021,0.000,15.019
"Tier 1 (Gold SLA - Premium)","PutSmall",1,0,21.405,0.000,21.402
"Tier 1 (Gold SLA - Premium)","GetSmall",1,0,13.174,0.000,13.170
"Tier 1 (Gold SLA - Premium)","PutSmall",1,0,19.156,0.000,19.152
"Tier 1 (Gold SLA - Premium)","GetSmall",1,0,14.747,0.000,14.745
"Tier 1 (Gold SLA - Premium)","GetSmall",1,0,15.960,0.000,15.952
"Tier 1 (Gold SLA - Premium)","PutSmall",1,0,21.048,0.000,21.041
"Tier 1 (Gold SLA - Premium)","GetSmall",1,0,14.127,0.000,14.124
"Tier 1 (Gold SLA - Premium)","PutSmall",1,0,19.506,0.000,19.503
"Tier 1 (Gold SLA - Premium)","GetSmall",1,0,15.394,0.000,15.382
"Tier 1 (Gold SLA - Premium)","PutSmall",1,0,20.589,0.000,20.586
"Tier 1 (Gold SLA - Premium)","PutSmall",1,0,20.702,0.000,20.699
"Tier 1 (Gold SLA - Premium)","GetSmall",1,0,14.681,0.000,14.678
"Tier 1 (Gold SLA - Premium)","PutSmall",1,0,21.254,0.000,21.253
"Tier 1 (Gold SLA - Premium)","GetSmall",1,0,14.270,0.000,14.267
"Tier 1 (Gold SLA - Premium)","GetSmall",1,0,15.043,0.000,15.040
"Tier 1 (Gold SLA - Premium)","PutSmall",1,0,19.277,0.000,19.274
"Tier 1 (Gold SLA - Premium)","PutSmall",1,0,19.200,0.000,19.198
"Tier 1 (Gold SLA - Premium)","GetSmall",1,0,13.867,0.000,13.865
"Tier 1 (Gold SLA - Premium)","GetSmall",1,0,15.409,0.000,15.406
"Tier 1 (Gold SLA - Premium)","GetSmall",1,0,14.282,0.000,14.280
"Tier 1 (Gold SLA - Premium)","PutSmall",1,0,21.428,0.000,21.426
"Tier 1 (Gold SLA - Premium)","GetSmall",1,0,16.059,0.000,16.056
"Tier 1 (Gold SLA - Premium)","PutSmall",1,0,22.171,0.000,22.167
"Tier 1 (Gold SLA - Premium)","GetSmall",1,0,13.254,0.000,13.251
"Tier 1 (Gold SLA - Premium)","GetSmall",1,0,13.880,0.000,13.877
"Tier 1 (Gold SLA - Premium)","PutSmall",1,0,23.050,0.000,23.047
"Tier 1 (Gold SLA - Premium)","PutSmall",1,0,19.314,0.000,19.312
"Tier 1 (Gold SLA - Premium)","GetSmall",1,0,16.276,0.000,16.273
"Tier 1 (Gold SLA - Premium)","PutSmall",1,0,20.761,0.000,20.759
"Tier 1 (Gold SLA - Premium)","PutSmall",1,0,21.803,0.000,21.799
"Tier 1 (Gold SLA - Premium)","PutSmall",1,0,20.926,0.000,20.923
"Tier 1 (Gold SLA - Premium)","PutSmall",1,0,20.141,0.000,20.140
"Tier 1 (Gold SLA - Premium)","PutSmall",1,0,23.267,0.000,23.264
"Tier 1 (Gold SLA - Premium)","GetSmall",1,0,14.755,0.000,14.746
"Tier 1 (Gold SLA - Premium)","GetSmall",1,0,16.239,0.000,16.231
"Tier 1 (Gold SLA - Premium)","PutSmall",1,0,24.430,0.000,24.428
"Tier 1 (Gold SLA - Premium)","GetSmall",1,0,15.683,0.000,15.681
"Tier 1 (Gold SLA - Premium)","PutSmall",1,0,22.969,0.000,22.967
"Tier 1 (Gold SLA - Premium)","GetSmall",1,0,15.664,0.000,15.661
"Tier 1 (Gold SLA - Premium)","PutSmall",1,0,23.318,0.000,23.316
"Tier 1 (Gold SLA - Premium)","PutSmall",1,0,23.229,0.000,23.227
"Tier 1 (Gold SLA - Premium)","GetSmall",1,0,15.092,0.000,15.090
"Tier 1 (Gold SLA - Premium)","GetSmall",1,0,13.328,0.000,13.326
"Tier 1 (Gold SLA - Premium)","GetSmall",1,0,14.232,0.000,14.231
"Tier 1 (Gold SLA - Premium)","PutSmall",1,0,20.199,0.000,20.197
"Tier 1 (Gold SLA - Premium)","PutSmall",1,0,21.583,0.000,21.581
"Tier 1 (Gold SLA - Premium)","PutSmall",1,0,21.397,0.000,21.394
"Tier 1 (Gold SLA - Premium)","GetSmall",1,0,14.259,0.000,14.257
"Tier 1 (Gold SLA - Premium)","PutSmall",1,0,19.167,0.000,19.166
"Tier 1 (Gold SLA - Premium)","PutSmall",1,0,20.768,0.000,20.766
"Tier 1 (Gold SLA - Premium)","PutSmall",1,0,19.553,0.000,19.551
"Tier 1 (Gold SLA - Premium)","PutSmall",1,0,21.168,0.000,21.166
"Tier 1 (Gold SLA - Premium)","PutSmall",1,0,22.450,0.000,22.447
"Tier 1 (Gold SLA - Premium)","PutSmall",1,0,22.766,0.000,22.765
"Tier 1 (Gold SLA - Premium)","GetSmall",1,0,15.864,0.000,15.862
"Tier 1 (Gold SLA - Premium)","GetSmall",1,0,13.066,0.000,13.064
"Tier 1 (Gold SLA - Premium)","PutSmall",1,0,23.616,0.000,23.614
"Tier 1 (Gold SLA - Premium)","GetSmall",1,0,14.496,0.000,14.494
"Tier 1 (Gold SLA - Premium)","PutSmall",1,0,21.992,0.000,21.989
"Tier 1 (Gold SLA - Premium)","GetSmall",1,0,13.862,0.000,13.859
"Tier 1 (Gold SLA - Premium)","GetSmall",1,0,14.174,0.000,14.169
"Tier 1 (Gold SLA - Premium)","PutSmall",1,0,21.651,0.000,21.649
"Tier 1 (Gold SLA - Premium)","PutSmall",1,0,24.232,0.000,24.230
"Tier 1 (Gold SLA - Premium)","PutSmall",1,0,22.795,0.000,22.791
"Tier 1 (Gold SLA - Premium)","GetSmall",1,0,15.326,0.000,15.324
"Tier 1 (Gold SLA - Premium)","GetSmall",1,0,13.233,0.000,13.231
"Tier 1 (Gold SLA - Premium)","GetSmall",1,0,12.994,0.000,12.991
"Tier 1 (Gold SLA - Premium)","PutSmall",1,0,22.170,0.000,22.167
"Tier 1 (Gold SLA - Premium)","GetSmall",1,0,14.755,0.000,14.753
"Tier 1 (Gold SLA - Premium)","GetSmall",1,0,13.462,0.000,13.459
"Tier 1 (Gold SLA - Premium)","GetSmall",1,0,14.465,0.000,14.463
"Tier 1 (Gold SLA - Premium)","PutSmall",1,0,21.695,0.000,21.692
"Tier 1 (Gold SLA - Premium)","PutSmall",1,0,19.794,0.000,19.792
"Tier 1 (Gold SLA - Premium)","GetSmall",1,0,13.923,0.000,13.920
"Tier 1 (Gold SLA - Premium)","PutSmall",1,0,21.774,0.000,21.771
"Tier 1 (Gold SLA - Premium)","PutSmall",1,0,21.563,0.000,21.561
"Tier 1 (Gold SLA - Premium)","PutSmall",1,0,23.417,0.000,23.415
"Tier 1 (Gold SLA - Premium)","GetSmall",1,0,14.429,0.000,14.427
"Tier 1 (Gold SLA - Premium)","PutSmall",1,0,23.140,0.000,23.138
"Tier 1 (Gold SLA - Premium)","GetSmall",1,0,15.847,0.000,15.844
"Tier 1 (Gold SLA - Premium)","PutSmall",1,0,21.189,0.000,21.186
"Tier 1 (Gold SLA - Premium)","PutSmall",1,0,20.783,0.000,20.780
"Tier 1 (Gold SLA - Premium)","PutSmall",1,0,21.778,0.000,21.775
"Tier 1 (Gold SLA - Premium)","PutSmall",1,0,20.677,0.000,20.675
"Tier 1 (Gold SLA - Premium)","GetSmall",1,0,14.514,0.000,14.512
"Tier 1 (Gold SLA - Premium)","PutSmall",1,0,24.131,0.000,24.128
"Tier 1 (Gold SLA - Premium)","GetSmall",1,0,13.847,0.000,13.843
"Tier 1 (Gold SLA - Premium)","GetSmall",1,0,14.292,0.000,14.291
"Tier 1 (Gold SLA - Premium)","PutSmall",1,0,23.786,0.000,23.783
"Tier 1 (Gold SLA - Premium)","GetSmall",1,0,14.884,0.000,14.882
"Tier 1 (Gold SLA - Premium)","PutSmall",1,0,23.413,0.000,23.411
"Tier 1 (Gold SLA - Premium)","PutSmall",1,0,19.370,0.000,19.369
"Tier 1 (Gold SLA - Premium)","GetSmall",1,0,12.869,0.000,12.867
"Tier 1 (Gold SLA - Premium)","PutSmall",1,0,21.719,0.000,21.716
"Tier 1 (Gold SLA - Premium)","GetSmall",1,0,14.724,0.000,14.722
"Tier 1 (Gold SLA - Premium)","PutSmall",1,0,22.212,0.000,22.208
"Tier 1 (Gold SLA - Premium)","GetSmall",1,0,13.476,0.000,13.475
"Tier 1 (Gold SLA - Premium)","GetSmall",1,0,14.173,0.000,14.170
"Tier 1 (Gold SLA - Premium)","PutSmall",1,0,23.342,0.000,23.340
"Tier 1 (Gold SLA - Premium)","GetSmall",1,0,14.638,0.000,14.635
"Tier 1 (Gold SLA - Premium)","GetSmall",1,0,12.946,0.001,12.941
"Tier 1 (Gold SLA - Premium)","GetSmall",1,0,13.384,0.000,13.382
"Tier 1 (Gold SLA - Premium)","GetSmall",1,0,13.111,0.000,13.099
"Tier 1 (Gold SLA - Premium)","PutSmall",1,0,20.649,0.000,20.645
"Tier 1 (Gold SLA - Premium)","GetSmall",1,0,16.012,0.000,16.010
"Tier 1 (Gold SLA - Premium)","PutSmall",1,0,24.991,0.000,24.988
"Tier 1 (Gold SLA - Premium)","PutSmall",1,0,20.529,0.000,20.527
"Tier 1 (Gold SLA - Premium)","GetSmall",1,0,13.757,0.000,13.755
"Tier 1 (Gold SLA - Premium)","PutSmall",1,0,21.658,0.000,21.657
"Tier 1 (Gold SLA - Premium)","PutSmall",1,0,22.206,0.000,22.204
"Tier 1 (Gold SLA - Premium)","PutSmall",1,0,21.803,0.000,21.802
"Tier 1 (Gold SLA - Premium)","PutSmall",1,0,20.962,0.000,20.960
"Tier 1 (Gold SLA - Premium)","GetSmall",1,0,13.739,0.000,13.736
"Tier 1 (Gold SLA - Premium)","PutSmall",1,0,21.973,0.000,21.971
"Tier 1 (Gold SLA - Premium)","GetSmall",1,0,12.931,0.000,12.929
"Tier 1 (Gold SLA - Premium)","PutSmall",1,0,20.319,0.000,20.317
"Tier 1 (Gold SLA - Premium)","GetSmall",1,0,14.437,0.000,14.434
"Tier 1 (Gold SLA - Premium)","GetSmall",1,0,15.450,0.000,15.449
"Tier 1 (Gold SLA - Premium)","GetSmall",1,0,13.956,0.000,13.954
"Tier 1 (Gold SLA - Premium)","PutSmall",1,0,23.196,0.000,23.193
"Tier 1 (Gold SLA - Premium)","PutSmall",1,0,20.797,0.000,20.794
"Tier 1 (Gold SLA - Premium)","PutSmall",1,0,20.285,0.000,20.284
"Tier 1 (Gold SLA - Premium)","PutSmall",1,0,19.777,0.000,19.775
"Tier 1 (Gold SLA - Premium)","PutSmall",1,0,23.591,0.000,23.589
"Tier 1 (Gold SLA - Premium)","GetSmall",1,0,14.689,0.000,14.686
"Tier 1 (Gold SLA - Premium)","PutSmall",1,0,23.284,0.000,23.283
"Tier 1 (Gold SLA - Premium)","GetSmall",1,0,15.628,0.000,15.601
"Tier 1 (Gold SLA - Premium)","PutSmall",1,0,23.761,0.000,23.758
"Tier 1 (Gold SLA - Premium)","GetSmall",1,0,13.384,0.000,13.381
"Tier 1 (Gold SLA - Premium)","PutSmall",1,0,22.758,0.000,22.756
"Tier 1 (Gold SLA - Premium)","GetSmall",1,0,15.922,0.000,15.921
"Tier 1 (Gold SLA - Premium)","PutSmall",1,0,21.881,0.000,21.878
"Tier 1 (Gold SLA - Premium)","PutSmall",1,0,18.243,0.000,18.234
"Tier 1 (Gold SLA - Premium)","PutSmall",1,0,20.674,0.000,20.671
"Tier 1 (Gold SLA - Premium)","PutSmall",1,0,21.341,0.000,21.340
"Tier 1 (Gold SLA - Premium)","PutSmall",1,0,19.879,0.000,19.877
"Tier 1 (Gold SLA - Premium)","PutSmall",1,0,20.716,0.000,20.715
"Tier 1 (Gold SLA - Premium)","GetSmall",1,0,15.325,0.000,15.323
"Tier 1 (Gold SLA - Premium)","PutSmall",1,0,21.293,0.000,21.291
"Tier 1 (Gold SLA - Premium)","PutSmall",1,0,20.576,0.000,20.573
"Tier 1 (Gold SLA - Premium)","PutSmall",1,0,23.747,0.000,23.743
"Tier 1 (Gold SLA - Premium)","GetSmall",1,0,14.323,0.000,14.320
"Tier 1 (Gold SLA - Premium)","PutSmall",1,0,23.399,0.000,23.396
"Tier 1 (Gold SLA - Premium)","PutSmall",1,0,23.198,0.000,23.196
"Tier 1 (Gold SLA - Premium)","PutSmall",1,0,22.184,0.000,22.178
"Tier 1 (Gold SLA - Premium)","GetSmall",1,0,13.605,0.000,13.603
"Tier 1 (Gold SLA - Premium)","GetSmall",1,0,14.118,0.000,14.114
"Tier 1 (Gold SLA - Premium)","PutSmall",1,0,19.137,0.000,19.128
"Tier 1 (Gold SLA - Premium)","GetSmall",1,0,15.542,0.000,15.539
"Tier 1 (Gold SLA - Premium)","PutSmall",1,0,19.995,0.000,19.992
"Tier 1 (Gold SLA - Premium)","GetSmall",1,0,15.401,0.000,15.399
"Tier 1 (Gold SLA - Premium)","PutSmall",1,0,23.087,0.000,23.085
"Tier 1 (Gold SLA - Premium)","PutSmall",1,0,22.638,0.000,22.636
"Tier 1 (Gold SLA - Premium)","PutSmall",1,0,21.860,0.000,21.858
"Tier 1 (Gold SLA - Premium)","PutSmall",1,0,21.622,0.000,21.621
"Tier 1 (Gold SLA - Premium)","GetSmall",1,0,15.715,0.000,15.714
"Tier 1 (Gold SLA - Premium)","GetSmall",1,0,14.352,0.000,14.349
"Tier 1 (Gold SLA - Premium)","PutSmall",1,0,22.957,0.000,22.955
"Tier 1 (Gold SLA - Premium)","PutSmall",1,0,22.821,0.000,22.819
"Tier 1 (Gold SLA - Premium)","GetSmall",1,0,13.226,0.000,13.223
"Tier 1 (Gold SLA - Premium)","GetSmall",1,0,16.242,0.000,16.240
"Tier 1 (Gold SLA - Premium)","GetSmall",1,0,14.608,0.000,14.604
"Tier 1 (Gold SLA - Premium)","GetSmall",1,0,12.449,0.000,12.447
"Tier 1 (Gold SLA - Premium)","GetSmall",1,0,13.508,0.000,13.500
"Tier 1 (Gold SLA - Premium)","PutSmall",1,0,21.875,0.000,21.868
"Tier 1 (Gold SLA - Premium)","PutSmall",1,0,19.501,0.000,19.494
"Tier 1 (Gold SLA - Premium)","GetSmall",1,0,16.306,0.000,16.303
"Tier 1 (Gold SLA - Premium)","PutSmall",1,0,20.454,0.000,20.451
"Tier 1 (Gold SLA - Premium)","PutSmall",1,0,22.402,0.000,22.400
"Tier 1 (Gold SLA - Premium)","GetSmall",1,0,14.947,0.000,14.945
"Tier 1 (Gold SLA - Premium)","GetSmall",1,0,14.454,0.000,14.452
"Tier 1 (Gold SLA - Premium)","PutSmall",1,0,23.202,0.000,23.199
"Tier 1 (Gold SLA - Premium)","PutSmall",1,0,23.487,0.000,23.480
"Tier 1 (Gold SLA - Premium)","PutSmall",1,0,21.161,0.000,21.159
"Tier 1 (Gold SLA - Premium)","PutSmall",1,0,19.173,0.000,19.170
"Tier 1 (Gold SLA - Premium)","GetSmall",1,0,16.136,0.000,16.135
"Tier 1 (Gold SLA - Premium)","GetSmall",1,0,13.859,0.000,13.856
"Tier 1 (Gold SLA - Premium)","GetSmall",1,0,15.304,0.000,15.302
"Tier 1 (Gold SLA - Premium)","PutSmall",1,0,21.088,0.000,21.086
"Tier 1 (Gold SLA - Premium)","PutSmall",1,0,23.791,0.000,23.789
"Tier 1 (Gold SLA - Premium)","GetSmall",1,0,14.758,0.000,14.754
"Tier 1 (Gold SLA - Premium)","PutSmall",1,0,22.147,0.000,22.144
"Tier 1 (Gold SLA - Premium)","PutSmall",1,0,21.334,0.000,21.331
"Tier 1 (Gold SLA - Premium)","PutSmall",1,0,22.942,0.000,22.940
"Tier 1 (Gold SLA - Premium)","PutSmall",1,0,20.514,0.000,20.512
"Tier 1 (Gold SLA - Premium)","PutSmall",1,0,22.611,0.000,22.609
"Tier 1 (Gold SLA - Premium)","GetSmall",1,0,13.391,0.000,13.388
"Tier 1 (Gold SLA - Premium)","GetSmall",1,0,16.078,0.000,16.075
"Tier 1 (Gold SLA - Premium)","GetSmall",1,0,14.519,0.000,14.516
"Tier 1 (Gold SLA - Premium)","GetSmall",1,0,14.911,0.000,14.909
"Tier 1 (Gold SLA - Premium)","PutSmall",1,0,24.265,0.000,24.263
"Tier 1 (Gold SLA - Premium)","GetSmall",1,0,15.249,0.000,15.247
"Tier 1 (Gold SLA - Premium)","PutSmall",1,0,22.888,0.000,22.886
"Tier 1 (Gold SLA - Premium)","PutSmall",1,0,23.095,0.000,23.093
"Tier 1 (Gold SLA - Premium)","PutSmall",1,0,21.699,0.000,21.697
"Tier 1 (Gold SLA - Premium)","GetSmall",1,0,12.835,0.000,12.833
"Tier 1 (Gold SLA - Premium)","GetSmall",1,0,14.304,0.000,14.301
"Tier 1 (Gold SLA - Premium)","GetSmall",1,0,12.598,0.000,12.597
"Tier 1 (Gold SLA - Premium)","GetSmall",1,0,13.515,0.000,13.513
"Tier 1 (Gold SLA - Premium)","GetSmall",1,0,14.277,0.000,14.276
"Tier 1 (Gold SLA - Premium)","PutSmall",1,0,24.957,0.000,24.955
"Tier 1 (Gold SLA - Premium)","PutSmall",1,0,20.782,0.000,20.778
"Tier 1 (Gold SLA - Premium)","GetSmall",1,0,15.589,0.000,15.587
"Tier 1 (Gold SLA - Premium)","GetSmall",1,0,15.639,0.000,15.637
"Tier 1 (Gold SLA - Premium)","PutSmall",1,0,22.196,0.000,22.193
"Tier 1 (Gold SLA - Premium)","PutSmall",1,0,23.257,0.000,23.256
"Tier 1 (Gold SLA - Premium)","GetSmall",1,0,16.239,0.000,16.237
"Tier 1 (Gold SLA - Premium)","GetSmall",1,0,14.250,0.000,14.249
"Tier 1 (Gold SLA - Premium)","GetSmall",1,0,14.091,0.000,14.088
"Tier 1 (Gold SLA - Premium)","GetSmall",1,0,13.885,0.000,13.884
"Tier 1 (Gold SLA - Premium)","PutSmall",1,0,19.404,0.000,19.394
"Tier 1 (Gold SLA - Premium)","GetSmall",1,0,15.781,0.000,15.779
"Tier 1 (Gold SLA - Premium)","PutSmall",1,0,20.325,0.000,20.323
"Tier 1 (Gold SLA - Premium)","PutSmall",1,0,20.514,0.000,20.511
"Tier 1 (Gold SLA - Premium)","PutSmall",1,0,24.631,0.000,24.630
"Tier 1 (Gold SLA - Premium)","GetSmall",1,0,13.332,0.000,13.329
"Tier 1 (Gold SLA - Premium)","PutSmall",1,0,20.644,0.000,20.642
"Tier 1 (Gold SLA - Premium)","PutSmall",1,0,23.139,0.000,23.136
"Tier 1 (Gold SLA - Premium)","PutSmall",1,0,21.966,0.000,21.961
"Tier 1 (Gold SLA - Premium)","GetSmall",1,0,14.828,0.000,14.825
"Tier 1 (Gold SLA - Premium)","PutSmall",1,0,23.911,0.000,23.908
"Tier 1 (Gold SLA - Premium)","PutSmall",1,0,23.288,0.000,23.285
"Tier 1 (Gold SLA - Premium)","PutSmall",1,0,21.492,0.000,21.490
"Tier 1 (Gold SLA - Premium)","GetSmall",1,0,14.274,0.000,14.272
"Tier 1 (Gold SLA - Premium)","PutSmall",1,0,19.812,0.000,19.810
"Tier 1 (Gold SLA - Premium)","GetSmall",1,0,14.814,0.000,14.810
"Tier 1 (Gold SLA - Premium)","PutSmall",1,0,23.491,0.000,23.485
"Tier 1 (Gold SLA - Premium)","PutSmall",1,0,20.000,0.000,19.997
"Tier 1 (Gold SLA - Premium)","PutSmall",1,0,22.258,0.000,22.256
"Tier 1 (Gold SLA - Premium)","PutSmall",1,0,22.429,0.000,22.427
"Tier 1 (Gold SLA - Premium)","PutSmall",1,0,20.820,0.000,20.817
"Tier 1 (Gold SLA - Premium)","GetSmall",1,0,15.461,0.000,15.459
"Tier 1 (Gold SLA - Premium)","PutSmall",1,0,23.631,0.000,23.628
"Tier 1 (Gold SLA - Premium)","PutSmall",1,0,24.243,0.000,24.240
"Tier 1 (Gold SLA - Premium)","GetSmall",1,0,13.483,0.000,13.481
"Tier 1 (Gold SLA - Premium)","GetSmall",1,0,14.452,0.000,14.450
"Tier 1 (Gold SLA - Premium)","PutSmall",1,0,24.855,0.000,24.852
"Tier 1 (Gold SLA - Premium)","GetSmall",1,0,14.412,0.000,14.411
"Tier 1 (Gold SLA - Premium)","GetSmall",1,0,14.035,0.000,14.032
"Tier 1 (Gold SLA - Premium)","GetSmall",1,0,15.096,0.000,15.093
"Tier 1 (Gold SLA - Premium)","PutSmall",1,0,19.693,0.000,19.691
"Tier 1 (Gold SLA - Premium)","GetSmall",1,0,14.699,0.000,14.698
"Tier 1 (Gold SLA - Premium)","PutSmall",1,0,22.180,0.000,22.177
"Tier 1 (Gold SLA - Premium)","PutSmall",1,0,23.414,0.000,23.411
"Tier 1 (Gold SLA - Premium)","PutSmall",1,0,21.337,0.000,21.334
"Tier 1 (Gold SLA - Premium)","PutSmall",1,0,22.955,0.000,22.952
"Tier 1 (Gold SLA - Premium)","GetSmall",1,0,14.016,0.000,14.014
"Tier 1 (Gold SLA - Premium)","PutSmall",1,0,20.053,0.000,20.052
"Tier 1 (Gold SLA - Premium)","PutSmall",1,0,22.052,0.000,22.049
"Tier 1 (Gold SLA - Premium)","GetSmall",1,0,13.626,0.000,13.624
"Tier 1 (Gold SLA - Premium)","GetSmall",1,0,13.740,0.000,13.737
"Tier 1 (Gold SLA - Premium)","GetSmall",1,0,13.485,0.000,13.483
"Tier 1 (Gold SLA - Premium)","PutSmall",1,0,21.309,0.000,21.299
"Tier 1 (Gold SLA - Premium)","GetSmall",1,0,14.492,0.000,14.483
"Tier 1 (Gold SLA - Premium)","PutSmall",1,0,19.933,0.000,19.924
"Tier 1 (Gold SLA - Premium)","GetSmall",1,0,15.221,0.000,15.218
"Tier 1 (Gold SLA - Premium)","GetSmall",1,0,14.158,0.000,14.157
"Tier 1 (Gold SLA - Premium)","GetSmall",1,0,16.364,0.000,16.353
"Tier 1 (Gold SLA - Premium)","PutSmall",1,0,23.372,0.000,23.361
"Tier 1 (Gold SLA - Premium)","GetSmall",1,0,15.439,0.000,15.433
"Tier 1 (Gold SLA - Premium)","PutSmall",1,0,20.570,0.000,20.565
"Tier 1 (Gold SLA - Premium)","PutSmall",1,0,19.788,0.000,19.785
"Tier 1 (Gold SLA - Premium)","PutSmall",1,0,21.138,0.000,21.133
"Tier 1 (Gold SLA - Premium)","PutSmall",1,0,20.357,0.000,20.353
"Tier 1 (Gold SLA - Premium)","GetSmall",1,0,13.625,0.000,13.622
"Tier 1 (Gold SLA - Premium)","GetSmall",1,0,13.357,0.000,13.353
"Tier 1 (Gold SLA - Premium)","GetSmall",1,0,14.677,0.000,14.675
"Tier 1 (Gold SLA - Premium)","PutSmall",1,0,21.604,0.000,21.602
"Tier 1 (Gold SLA - Premium)","PutSmall",1,0,19.297,0.000,19.292
"Tier 1 (Gold SLA - Premium)","PutSmall",1,0,21.723,0.000,21.721
"Tier 1 (Gold SLA - Premium)","GetSmall",1,0,14.215,0.000,14.210
"Tier 1 (Gold SLA - Premium)","PutSmall",1,0,23.908,0.000,23.904
"Tier 1 (Gold SLA - Premium)","GetSmall",1,0,13.327,0.000,13.325
"Tier 1 (Gold SLA - Premium)","GetSmall",1,0,13.157,0.000,13.144
"Tier 1 (Gold SLA - Premium)","PutSmall",1,0,23.670,0.000,23.667
"Tier 1 (Gold SLA - Premium)","GetSmall",1,0,15.465,0.000,15.461
"Tier 1 (Gold SLA - Premium)","PutSmall",1,0,21.066,0.000,21.063
"Tier 1 (Gold SLA - Premium)","PutSmall",1,0,21.607,0.000,21.600
"Tier 1 (Gold SLA - Premium)","PutSmall",1,0,22.374,0.000,22.371
"Tier 1 (Gold SLA - Premium)","PutSmall",1,0,22.518,0.000,22.516
"Tier 1 (Gold SLA - Premium)","PutSmall",1,0,23.338,0.000,23.328
"Tier 1 (Gold SLA - Premium)","PutSmall",1,0,22.672,0.000,22.662
"Tier 1 (Gold SLA - Premium)","GetSmall",1,0,13.867,0.000,13.865
"Tier 1 (Gold SLA - Premium)","PutSmall",1,0,23.488,0.001,23.481
"Tier 1 (Gold SLA - Premium)","GetSmall",1,0,15.817,0.000,15.812
"Tier 1 (Gold SLA - Premium)","GetSmall",1,0,15.631,0.000,15.628
"Tier 1 (Gold SLA - Premium)","GetSmall",1,0,13.318,0.000,13.315
"Tier 1 (Gold SLA - Premium)","PutSmall",1,0,22.536,0.000,22.534
"Tier 1 (Gold SLA - Premium)","PutSmall",1,0,21.981,0.000,21.978
"Tier 1 (Gold SLA - Premium)","GetSmall",1,0,15.237,0.000,15.235
"Tier 1 (Gold SLA - Premium)","GetSmall",1,0,15.683,0.000,15.676
"Tier 1 (Gold SLA - Premium)","PutSmall",1,0,23.998,0.000,23.991
"Tier 1 (Gold SLA - Premium)","PutSmall",1,0,22.999,0.000,22.996
"Tier 1 (Gold SLA - Premium)","PutSmall",1,0,23.067,0.000,23.062
"Tier 1 (Gold SLA - Premium)","GetSmall",1,0,15.030,0.000,15.027
"Tier 1 (Gold SLA - Premium)","GetSmall",1,0,13.261,0.000,13.259
"Tier 1 (Gold SLA - Premium)","GetSmall",1,0,13.746,0.000,13.742
"Tier 1 (Gold SLA - Premium)","GetSmall",1,0,14.118,0.000,14.115
"Tier 1 (Gold SLA - Premium)","PutSmall",1,0,20.600,0.000,20.598
"Tier 1 (Gold SLA - Premium)","GetSmall",1,0,13.401,0.000,13.398
"Tier 1 (Gold SLA - Premium)","GetSmall",1,0,13.063,0.000,13.058
"Tier 1 (Gold SLA - Premium)","PutSmall",1,0,20.360,0.000,20.357
"Tier 1 (Gold SLA - Premium)","GetSmall",1,0,13.732,0.000,13.727
"Tier 1 (Gold SLA - Premium)","GetSmall",1,0,13.641,0.000,13.639
"Tier 1 (Gold SLA - Premium)","GetSmall",1,0,13.820,0.000,13.815
"Tier 1 (Gold SLA - Premium)","GetSmall",1,0,13.206,0.000,13.203
"Tier 1 (Gold SLA - Premium)","PutSmall",1,0,23.110,0.000,23.108
"Tier 1 (Gold SLA - Premium)","PutSmall",1,0,23.820,0.000,23.816
"Tier 1 (Gold SLA - Premium)","PutSmall",1,0,19.605,0.000,19.601
"Tier 1 (Gold SLA - Premium)","GetSmall",1,0,15.512,0.000,15.509
"Tier 1 (Gold SLA - Premium)","GetSmall",1,0,14.750,0.000,14.737
"Tier 1 (Gold SLA - Premium)","PutSmall",1,0,21.887,0.000,21.885
"Tier 1 (Gold SLA - Premium)","PutSmall",1,0,19.628,0.000,19.624
"Tier 1 (Gold SLA - Premium)","GetSmall",1,0,13.816,0.000,13.812
"Tier 1 (Gold SLA - Premium)","GetSmall",1,0,13.492,0.000,13.490
"Tier 1 (Gold SLA - Premium)","GetSmall",1,0,15.739,0.000,15.729
"Tier 1 (Gold SLA - Premium)","PutSmall",1,0,23.298,0.000,23.293
"Tier 1 (Gold SLA - Premium)","GetSmall",1,0,14.867,0.000,14.864
"Tier 1 (Gold SLA - Premium)","GetSmall",1,0,13.892,0.000,13.888
"Tier 1 (Gold SLA - Premium)","PutSmall",1,0,22.826,0.000,22.821
"Tier 1 (Gold SLA - Premium)","GetSmall",1,0,13.801,0.000,13.798
"Tier 1 (Gold SLA - Premium)","GetSmall",1,0,14.861,0.000,14.858
"Tier 1 (Gold SLA - Premium)","GetSmall",1,0,12.861,0.000,12.859
"Tier 1 (Gold SLA - Premium)","GetSmall",1,0,14.378,0.000,14.375
"Tier 1 (Gold SLA - Premium)","GetSmall",1,0,14.564,0.001,14.562
"Tier 1 (Gold SLA - Premium)","GetSmall",1,0,14.467,0.000,14.465
"Tier 1 (Gold SLA - Premium)","PutSmall",1,0,21.868,0.000,21.864
"Tier 1 (Gold SLA - Premium)","GetSmall",1,0,13.290,0.000,13.288
"Tier 1 (Gold SLA - Premium)","PutSmall",1,0,21.562,0.001,21.559
"Tier 1 (Gold SLA - Premium)","PutSmall",1,0,23.743,0.000,23.735
"Tier 1 (Gold SLA - Premium)","GetSmall",1,0,14.300,0.000,14.297
"Tier 1 (Gold SLA - Premium)","GetSmall",1,0,15.314,0.000,15.294
"Tier 1 (Gold SLA - Premium)","PutSmall",1,0,20.511,0.000,20.507
"Tier 1 (Gold SLA - Premium)","PutSmall",1,0,22.801,0.000,22.797
"Tier 1 (Gold SLA - Premium)","GetSmall",1,0,14.555,0.000,14.551
"Tier 1 (Gold SLA - Premium)","GetSmall",1,0,15.200,0.000,15.197
"Tier 1 (Gold SLA - Premium)","PutSmall",1,0,21.960,0.000,21.953
"Tier 1 (Gold SLA - Premium)","GetSmall",1,0,15.352,0.000,15.348
"Tier 1 (Gold SLA - Premium)","GetSmall",1,0,15.754,0.000,15.748
"Tier 1 (Gold SLA - Premium)","GetSmall",1,0,13.503,0.000,13.498
"Tier 1 (Gold SLA - Premium)","GetSmall",1,0,14.111,0.000,14.099
"Tier 1 (Gold SLA - Premium)","PutSmall",1,0,22.286,0.000,22.280
"Tier 1 (Gold SLA - Premium)","PutSmall",1,0,20.117,0.000,20.112
"Tier 1 (Gold SLA - Premium)","PutSmall",1,0,21.712,0.000,21.709
"Tier 1 (Gold SLA - Premium)","PutSmall",1,0,19.737,0.001,19.731
"Tier 1 (Gold SLA - Premium)","PutSmall",1,0,22.302,0.000,22.297
"Tier 1 (Gold SLA - Premium)","PutSmall",1,0,24.789,0.000,24.780
"Tier 1 (Gold SLA - Premium)","PutSmall",1,0,20.588,0.000,20.584
"Tier 1 (Gold SLA - Premium)","GetSmall",1,0,14.791,0.002,14.785
"Tier 1 (Gold SLA - Premium)","PutSmall",1,0,23.042,0.000,23.037
"Tier 1 (Gold SLA - Premium)","GetSmall",1,0,15.754,0.000,15.751
"Tier 1 (Gold SLA - Premium)","PutSmall",1,0,21.269,0.000,21.263
"Tier 1 (Gold SLA - Premium)","PutSmall",1,0,19.673,0.000,19.670
"Tier 1 (Gold SLA - Premium)","PutSmall",1,0,20.409,0.000,20.406
"Tier 1 (Gold SLA - Premium)","PutSmall",1,0,22.368,0.000,22.366
"Tier 1 (Gold SLA - Premium)","PutSmall",1,0,23.782,0.000,23.778
"Tier 1 (Gold SLA - Premium)","GetSmall",1,0,13.387,0.000,13.383
"Tier 1 (Gold SLA - Premium)","PutSmall",1,0,24.504,0.000,24.495
"Tier 1 (Gold SLA - Premium)","PutSmall",1,0,21.368,0.000,21.362
"Tier 1 (Gold SLA - Premium)","PutSmall",1,0,24.562,0.000,24.559
"Tier 1 (Gold SLA - Premium)","PutSmall",1,0,22.424,0.000,22.415
"Tier 1 (Gold SLA - Premium)","GetSmall",1,0,15.585,0.000,15.582
"Tier 1 (Gold SLA - Premium)","GetSmall",1,0,13.839,0.000,13.837
"Tier 1 (Gold SLA - Premium)","PutSmall",1,0,19.191,0.000,19.189
"Tier 1 (Gold SLA - Premium)","GetSmall",1,0,14.299,0.001,14.294
"Tier 1 (Gold SLA - Premium)","GetSmall",1,0,14.780,0.000,14.776
"Tier 1 (Gold SLA - Premium)","PutSmall",1,0,21.017,0.000,21.014
"Tier 1 (Gold SLA - Premium)","PutSmall",1,0,21.601,0.000,21.597
"Tier 1 (Gold SLA - Premium)","PutSmall",1,0,20.805,0.000,20.803
"Tier 1 (Gold SLA - Premium)","PutSmall",1,0,22.633,0.000,22.631
"Tier 1 (Gold SLA - Premium)","PutSmall",1,0,22.814,0.000,22.812
"Tier 1 (Gold SLA - Premium)","PutSmall",1,0,22.819,0.000,22.816
"Tier 1 (Gold SLA - Premium)","GetSmall",1,0,13.846,0.000,13.845
"Tier 1 (Gold SLA - Premium)","PutSmall",1,0,23.365,0.000,23.364
"Tier 1 (Gold SLA - Premium)","PutSmall",1,0,22.924,0.000,22.921
"Tier 1 (Gold SLA - Premium)","GetSmall",1,0,14.577,0.000,14.574
"Tier 1 (Gold SLA - Premium)","GetSmall",1,0,15.038,0.000,15.036
"Tier 1 (Gold SLA - Premium)","GetSmall",1,0,14.342,0.000,14.339
"Tier 1 (Gold SLA - Premium)","PutSmall",1,0,22.453,0.000,22.450
"Tier 1 (Gold SLA - Premium)","GetSmall",1,0,16.173,0.000,16.171
"Tier 1 (Gold SLA - Premium)","PutSmall",1,0,23.936,0.000,23.931
"Tier 1 (Gold SLA - Premium)","PutSmall",1,0,19.425,0.000,19.421
"Tier 1 (Gold SLA - Premium)","PutSmall",1,0,23.153,0.000,23.151
"Tier 1 (Gold SLA - Premium)","GetSmall",1,0,15.483,0.000,15.480
"Tier 1 (Gold SLA - Premium)","PutSmall",1,0,22.040,0.000,22.038
"Tier 1 (Gold SLA - Premium)","PutSmall",1,0,20.226,0.000,20.219
"Tier 1 (Gold SLA - Premium)","GetSmall",1,0,13.100,0.000,13.097
"Tier 1 (Gold SLA - Premium)","GetSmall",1,0,12.960,0.000,12.958
"Tier 1 (Gold SLA - Premium)","PutSmall",1,0,21.013,0.000,21.010
"Tier 1 (Gold SLA - Premium)","PutSmall",1,0,19.988,0.000,19.985
"Tier 1 (Gold SLA - Premium)","PutSmall",1,0,20.474,0.000,20.472
"Tier 1 (Gold SLA - Premium)","GetSmall",1,0,14.967,0.000,14.963
"Tier 1 (Gold SLA - Premium)","PutSmall",1,0,22.731,0.000,22.725
"Tier 1 (Gold SLA - Premium)","GetSmall",1,0,15.318,0.000,15.292
"Tier 1 (Gold SLA - Premium)","GetSmall",1,0,15.497,0.000,15.489
"Tier 1 (Gold SLA - Premium)","GetSmall",1,0,14.751,0.000,14.745
"Tier 1 (Gold SLA - Premium)","PutSmall",1,0,22.806,0.000,22.797
"Tier 1 (Gold SLA - Premium)","GetSmall",1,0,14.322,0.000,14.318
"Tier 1 (Gold SLA - Premium)","PutSmall",1,0,22.133,0.001,22.129
"Tier 1 (Gold SLA - Premium)","PutSmall",1,0,20.619,0.000,20.617
"Tier 1 (Gold SLA - Premium)","GetSmall",1,0,13.452,0.000,13.448
"Tier 1 (Gold SLA - Premium)","GetSmall",1,0,15.743,0.000,15.739
"Tier 1 (Gold SLA - Premium)","GetSmall",1,0,13.849,0.000,13.846
"Tier 1 (Gold SLA - Premium)","GetSmall",1,0,13.579,0.000,13.576
"Tier 1 (Gold SLA - Premium)","GetSmall",1,0,15.073,0.000,15.070
"Tier 1 (Gold SLA - Premium)","PutSmall",1,0,23.643,0.000,23.641
"Tier 1 (Gold SLA - Premium)","PutSmall",1,0,21.968,0.000,21.966
"Tier 1 (Gold SLA - Premium)","GetSmall",1,0,14.650,0.000,14.646
"Tier 1 (Gold SLA - Premium)","PutSmall",1,0,23.501,0.001,23.498
"Tier 1 (Gold SLA - Premium)","GetSmall",1,0,13.562,0.000,13.558
"Tier 1 (Gold SLA - Premium)","PutSmall",1,0,22.747,0.001,22.744
"Tier 1 (Gold SLA - Premium)","PutSmall",1,0,22.109,0.000,22.107
"Tier 1 (Gold SLA - Premium)","PutSmall",1,0,21.097,0.000,21.094
"Tier 1 (Gold SLA - Premium)","PutSmall",1,0,20.142,0.000,20.139
"Tier 1 (Gold SLA - Premium)","PutSmall",1,0,22.538,0.000,22.536
"Tier 1 (Gold SLA - Premium)","PutSmall",1,0,21.895,0.000,21.892
"Tier 1 (Gold SLA - Premium)","GetSmall",1,0,13.838,0.000,13.834
"Tier 1 (Gold SLA - Premium)","GetSmall",1,0,14.040,0.000,14.037
"Tier 1 (Gold SLA - Premium)","PutSmall",1,0,23.438,0.000,23.436
"Tier 1 (Gold SLA - Premium)","PutSmall",1,0,22.160,0.000,22.157
"Tier 1 (Gold SLA - Premium)","PutSmall",1,0,21.548,0.000,21.547
"Tier 1 (Gold SLA - Premium)","GetSmall",1,0,14.093,0.000,14.090
"Tier 1 (Gold SLA - Premium)","GetSmall",1,0,13.806,0.000,13.804
"Tier 1 (Gold SLA - Premium)","GetSmall",1,0,13.946,0.000,13.944
"Tier 1 (Gold SLA - Premium)","GetSmall",1,0,15.420,0.000,15.419
"Tier 1 (Gold SLA - Premium)","PutSmall",1,0,21.790,0.000,21.787
"Tier 1 (Gold SLA - Premium)","GetSmall",1,0,15.960,0.000,15.958
"Tier 1 (Gold SLA - Premium)","PutSmall",1,0,21.197,0.000,21.196
"Tier 1 (Gold SLA - Premium)","PutSmall",1,0,20.497,0.000,20.496
"Tier 1 (Gold SLA - Premium)","PutSmall",1,0,23.659,0.000,23.657
"Tier 1 (Gold SLA - Premium)","PutSmall",1,0,20.755,0.000,20.753
"Tier 1 (Gold SLA - Premium)","GetSmall",1,0,15.620,0.000,15.617
"Tier 1 (Gold SLA - Premium)","GetSmall",1,0,14.044,0.000,14.042
"Tier 1 (Gold SLA - Premium)","GetSmall",1,0,13.513,0.000,13.510
"Tier 1 (Gold SLA - Premium)","PutSmall",1,0,20.084,0.000,20.078
"Tier 1 (Gold SLA - Premium)","PutSmall",1,0,20.346,0.000,20.343
"Tier 1 (Gold SLA - Premium)","GetSmall",1,0,14.659,0.000,14.657
"Tier 1 (Gold SLA - Premium)","PutSmall",1,0,20.986,0.000,20.982
"Tier 1 (Gold SLA - Premium)","GetSmall",1,0,12.999,0.000,12.997
"Tier 1 (Gold SLA - Premium)","GetSmall",1,0,14.572,0.000,14.569
"Tier 1 (Gold SLA - Premium)","GetSmall",1,0,12.622,0.000,12.621
"Tier 1 (Gold SLA - Premium)","GetSmall",1,0,15.431,0.000,15.428
"Tier 1 (Gold SLA - Premium)","GetSmall",1,0,14.762,0.000,14.758
"Tier 1 (Gold SLA - Premium)","PutSmall",1,0,23.706,0.000,23.703
"Tier 1 (Gold SLA - Premium)","PutSmall",1,0,21.684,0.000,21.681
"Tier 1 (Gold SLA - Premium)","GetSmall",1,0,14.624,0.000,14.614
"Tier 1 (Gold SLA - Premium)","PutSmall",1,0,21.615,0.000,21.612
"Tier 1 (Gold SLA - Premium)","PutSmall",1,0,20.013,0.000,20.010
"Tier 1 (Gold SLA - Premium)","GetSmall",1,0,14.575,0.000,14.568
"Tier 1 (Gold SLA - Premium)","PutSmall",1,0,20.751,0.000,20.747
"Tier 1 (Gold SLA - Premium)","GetSmall",1,0,15.364,0.000,15.361
"Tier 1 (Gold SLA - Premium)","PutSmall",1,0,21.862,0.000,21.861
"Tier 1 (Gold SLA - Premium)","PutSmall",1,0,23.329,0.000,23.326
"Tier 1 (Gold SLA - Premium)","PutSmall",1,0,24.138,0.000,24.126
"Tier 1 (Gold SLA - Premium)","GetSmall",1,0,12.830,0.000,12.827
"Tier 1 (Gold SLA - Premium)","PutSmall",1,0,22.761,0.000,22.759
"Tier 1 (Gold SLA - Premium)","PutSmall",1,0,23.161,0.000,23.160
"Tier 1 (Gold SLA - Premium)","PutSmall",1,0,19.654,0.000,19.653
"Tier 1 (Gold SLA - Premium)","PutSmall",1,0,20.437,0.000,20.435
"Tier 1 (Gold SLA - Premium)","PutSmall",1,0,22.024,0.000,22.010
"Tier 1 (Gold SLA - Premium)","GetSmall",1,0,14.617,0.000,14.602
"Tier 1 (Gold SLA - Premium)","PutSmall",1,0,21.090,0.000,21.087
"Tier 1 (Gold SLA - Premium)","PutSmall",1,0,24.562,0.000,24.560
"Tier 1 (Gold SLA - Premium)","GetSmall",1,0,12.921,0.000,12.917
"Tier 1 (Gold SLA - Premium)","PutSmall",1,0,22.812,0.000,22.809
"Tier 1 (Gold SLA - Premium)","PutSmall",1,0,20.074,0.000,20.072
"Tier 1 (Gold SLA - Premium)","GetSmall",1,0,14.954,0.000,14.951
"Tier 1 (Gold SLA - Premium)","PutSmall",1,0,20.886,0.000,20.884
"Tier 1 (Gold SLA - Premium)","GetSmall",1,0,13.917,0.000,13.914
"Tier 1 (Gold SLA - Premium)","GetSmall",1,0,13.635,0.000,13.632
"Tier 1 (Gold SLA - Premium)","PutSmall",1,0,21.279,0.000,21.278
"Tier 1 (Gold SLA - Premium)","PutSmall",1,0,23.638,0.000,23.636
"Tier 1 (Gold SLA - Premium)","PutSmall",1,0,22.686,0.000,22.685
"Tier 1 (Gold SLA - Premium)","PutSmall",1,0,23.501,0.000,23.490
"Tier 1 (Gold SLA - Premium)","GetSmall",1,0,16.332,0.000,16.329
"Tier 1 (Gold SLA - Premium)","PutSmall",1,0,23.055,0.000,23.050
"Tier 1 (Gold SLA - Premium)","GetSmall",1,0,12.989,0.000,12.986
"Tier 1 (Gold SLA - Premium)","PutSmall",1,0,21.086,0.000,21.083
"Tier 1 (Gold SLA - Premium)","GetSmall",1,0,12.997,0.000,12.995
"Tier 1 (Gold SLA - Premium)","GetSmall",1,0,14.089,0.000,14.086
"Tier 1 (Gold SLA - Premium)","GetSmall",1,0,15.263,0.000,15.260
"Tier 1 (Gold SLA - Premium)","GetSmall",1,0,12.975,0.000,12.973
"Tier 1 (Gold SLA - Premium)","PutSmall",1,0,18.388,0.000,18.386
"Tier 1 (Gold SLA - Premium)","GetSmall",1,0,14.840,0.000,14.839
"Tier 1 (Gold SLA - Premium)","GetSmall",1,0,15.559,0.000,15.557
"Tier 1 (Gold SLA - Premium)","PutSmall",1,0,23.523,0.000,23.522
"Tier 1 (Gold SLA - Premium)","GetSmall",1,0,13.182,0.000,13.178
"Tier 1 (Gold SLA - Premium)","GetSmall",1,0,13.833,0.000,13.832
"Tier 1 (Gold SLA - Premium)","GetSmall",1,0,13.705,0.000,13.703
"Tier 1 (Gold SLA - Premium)","GetSmall",1,0,13.136,0.000,13.133
"Tier 1 (Gold SLA - Premium)","PutSmall",1,0,22.380,0.000,22.377
"Tier 1 (Gold SLA - Premium)","PutSmall",1,0,20.035,0.000,20.032
"Tier 1 (Gold SLA - Premium)","GetSmall",1,0,15.023,0.000,15.020
"Tier 1 (Gold SLA - Premium)","GetSmall",1,0,14.615,0.000,14.612
"Tier 1 (Gold SLA - Premium)","PutSmall",1,0,22.405,0.000,22.402
"Tier 1 (Gold SLA - Premium)","PutSmall",1,0,20.465,0.000,20.462
"Tier 1 (Gold SLA - Premium)","GetSmall",1,0,13.222,0.000,13.210
"Tier 1 (Gold SLA - Premium)","PutSmall",1,0,22.689,0.000,22.687
"Tier 1 (Gold SLA - Premium)","PutSmall",1,0,18.969,0.000,18.961
"Tier 1 (Gold SLA - Premium)","PutSmall",1,0,22.186,0.000,22.178
"Tier 1 (Gold SLA - Premium)","PutSmall",1,0,20.440,0.000,20.437
"Tier 1 (Gold SLA - Premium)","GetSmall",1,0,14.034,0.000,14.031
"Tier 1 (Gold SLA - Premium)","PutSmall",1,0,22.473,0.000,22.471
"Tier 1 (Gold SLA - Premium)","PutSmall",1,0,21.046,0.000,21.043
"Tier 1 (Gold SLA - Premium)","PutSmall",1,0,23.185,0.000,23.181
"Tier 1 (Gold SLA - Premium)","GetSmall",1,0,12.567,0.000,12.565
"Tier 1 (Gold SLA - Premium)","PutSmall",1,0,22.778,0.000,22.776
"Tier 1 (Gold SLA - Premium)","GetSmall",1,0,15.634,0.000,15.631
"Tier 1 (Gold SLA - Premium)","GetSmall",1,0,15.037,0.000,15.035
"Tier 1 (Gold SLA - Premium)","GetSmall",1,0,13.559,0.000,13.557
"Tier 1 (Gold SLA - Premium)","PutSmall",1,0,22.104,0.000,22.101
"Tier 1 (Gold SLA - Premium)","PutSmall",1,0,20.913,0.000,20.911
"Tier 1 (Gold SLA - Premium)","GetSmall",1,0,14.421,0.000,14.417
"Tier 1 (Gold SLA - Premium)","GetSmall",1,0,13.568,0.000,13.566
"Tier 1 (Gold SLA - Premium)","GetSmall",1,0,13.856,0.000,13.853
"Tier 1 (Gold SLA - Premium)","PutSmall",1,0,21.549,0.000,21.546
"Tier 1 (Gold SLA - Premium)","GetSmall",1,0,12.968,0.000,12.966
"Tier 1 (Gold SLA - Premium)","PutSmall",1,0,21.439,0.000,21.436
"Tier 1 (Gold SLA - Premium)","GetSmall",1,0,13.265,0.000,13.262
"Tier 1 (Gold SLA - Premium)","PutSmall",1,0,22.962,0.000,22.960
"Tier 1 (Gold SLA - Premium)","PutSmall",1,0,19.766,0.000,19.763
"Tier 1 (Gold SLA - Premium)","PutSmall",1,0,20.563,0.000,20.551
"Tier 1 (Gold SLA - Premium)","PutSmall",1,0,19.610,0.000,19.606
"Tier 1 (Gold SLA - Premium)","GetSmall",1,0,16.482,0.000,16.479
"Tier 1 (Gold SLA - Premium)","GetSmall",1,0,13.988,0.000,13.986
"Tier 1 (Gold SLA - Premium)","GetSmall",1,0,13.407,0.000,13.405
"Tier 1 (Gold SLA - Premium)","GetSmall",1,0,15.070,0.000,15.067
"Tier 1 (Gold SLA - Premium)","GetSmall",1,0,13.803,0.000,13.800
"Tier 1 (Gold SLA - Premium)","PutSmall",1,0,21.040,0.000,21.038
"Tier 1 (Gold SLA - Premium)","GetSmall",1,0,15.329,0.000,15.326
"Tier 1 (Gold SLA - Premium)","PutSmall",1,0,22.128,0.000,22.124
"Tier 1 (Gold SLA - Premium)","GetSmall",1,0,15.477,0.000,15.475
"Tier 1 (Gold SLA - Premium)","GetSmall",1,0,13.586,0.000,13.584
"Tier 1 (Gold SLA - Premium)","GetSmall",1,0,14.009,0.000,14.007
"Tier 1 (Gold SLA - Premium)","PutSmall",1,0,23.449,0.000,23.446
"Tier 1 (Gold SLA - Premium)","PutSmall",1,0,22.913,0.000,22.911
"Tier 1 (Gold SLA - Premium)","PutSmall",1,0,20.480,0.000,20.477
"Tier 1 (Gold SLA - Premium)","GetSmall",1,0,15.023,0.000,15.020
"Tier 1 (Gold SLA - Premium)","GetSmall",1,0,14.833,0.000,14.830
"Tier 1 (Gold SLA - Premium)","PutSmall",1,0,20.422,0.000,20.421
"Tier 1 (Gold SLA - Premium)","GetSmall",1,0,15.174,0.000,15.172
"Tier 1 (Gold SLA - Premium)","GetSmall",1,0,13.757,0.000,13.754
"Tier 1 (Gold SLA - Premium)","PutSmall",1,0,23.534,0.000,23.532
"Tier 1 (Gold SLA - Premium)","GetSmall",1,0,15.752,0.000,15.751
"Tier 1 (Gold SLA - Premium)","GetSmall",1,0,13.460,0.000,13.452
"Tier 1 (Gold SLA - Premium)","PutSmall",1,0,20.275,0.000,20.273
"Tier 1 (Gold SLA - Premium)","PutSmall",1,0,24.401,0.000,24.399
"Tier 1 (Gold SLA - Premium)","GetSmall",1,0,15.060,0.000,15.058
"Tier 1 (Gold SLA - Premium)","GetSmall",1,0,14.551,0.000,14.549
"Tier 1 (Gold SLA - Premium)","GetSmall",1,0,15.011,0.000,15.008
"Tier 1 (Gold SLA - Premium)","PutSmall",1,0,23.872,0.000,23.870
"Tier 1 (Gold SLA - Premium)","GetSmall",1,0,15.162,0.000,15.161
"Tier 1 (Gold SLA - Premium)","GetSmall",1,0,16.350,0.000,16.348
"Tier 1 (Gold SLA - Premium)","GetSmall",1,0,16.101,0.000,16.098
"Tier 1 (Gold SLA - Premium)","GetSmall",1,0,14.103,0.000,14.100
"Tier 1 (Gold SLA - Premium)","GetSmall",1,0,15.929,0.000,15.928
"Tier 1 (Gold SLA - Premium)","PutSmall",1,0,22.657,0.000,22.654
"Tier 1 (Gold SLA - Premium)","GetSmall",1,0,14.986,0.000,14.984
"Tier 1 (Gold SLA - Premium)","GetSmall",1,0,14.444,0.000,14.441
"Tier 1 (Gold SLA - Premium)","GetSmall",1,0,14.328,0.000,14.325
"Tier 1 (Gold SLA - Premium)","GetSmall",1,0,14.065,0.000,14.063
"Tier 1 (Gold SLA - Premium)","PutSmall",1,0,23.796,0.000,23.791
"Tier 1 (Gold SLA - Premium)","GetSmall",1,0,14.570,0.000,14.567
"Tier 1 (Gold SLA - Premium)","PutSmall",1,0,21.817,0.000,21.815
"Tier 1 (Gold SLA - Premium)","GetSmall",1,0,13.890,0.000,13.888
"Tier 1 (Gold SLA - Premium)","GetSmall",1,0,15.650,0.000,15.648
"Tier 1 (Gold SLA - Premium)","PutSmall",1,0,23.914,0.000,23.912
"Tier 1 (Gold SLA - Premium)","GetSmall",1,0,16.295,0.000,16.293
"Tier 1 (Gold SLA - Premium)","GetSmall",1,0,13.547,0.000,13.545
"Tier 1 (Gold SLA - Premium)","PutSmall",1,0,23.290,0.000,23.288
"Tier 1 (Gold SLA - Premium)","PutSmall",1,0,23.190,0.000,23.187
"Tier 1 (Gold SLA - Premium)","GetSmall",1,0,15.645,0.000,15.642
"Tier 1 (Gold SLA - Premium)","PutSmall",1,0,23.616,0.000,23.614
"Tier 1 (Gold SLA - Premium)","GetSmall",1,0,13.674,0.000,13.671
"Tier 1 (Gold SLA - Premium)","GetSmall",1,0,16.508,0.000,16.505
"Tier 1 (Gold SLA - Premium)","GetSmall",1,0,15.367,0.000,15.365
"Tier 1 (Gold SLA - Premium)","PutSmall",1,0,20.854,0.000,20.851
"Tier 1 (Gold SLA - Premium)","GetSmall",1,0,13.501,0.000,13.498
"Tier 1 (Gold SLA - Premium)","PutSmall",1,0,23.182,0.000,23.180
"Tier 1 (Gold SLA - Premium)","GetSmall",1,0,15.883,0.000,15.880
"Tier 1 (Gold SLA - Premium)","GetSmall",1,0,12.390,0.000,12.388
"Tier 1 (Gold SLA - Premium)","GetSmall",1,0,13.934,0.000,13.931
"Tier 1 (Gold SLA - Premium)","GetSmall",1,0,13.344,0.000,13.341
"Tier 1 (Gold SLA - Premium)","PutSmall",1,0,24.194,0.000,24.192
"Tier 1 (Gold SLA - Premium)","GetSmall",1,0,13.320,0.000,13.317
"Tier 1 (Gold SLA - Premium)","GetSmall",1,0,15.472,0.000,15.470
"Tier 1 (Gold SLA - Premium)","PutSmall",1,0,22.256,0.000,22.252
"Tier 1 (Gold SLA - Premium)","GetSmall",1,0,15.515,0.000,15.512
"Tier 1 (Gold SLA - Premium)","GetSmall",1,0,12.871,0.000,12.870
"Tier 1 (Gold SLA - Premium)","GetSmall",1,0,14.720,0.000,14.717
"Tier 1 (Gold SLA - Premium)","GetSmall",1,0,13.689,0.000,13.687
"Tier 1 (Gold SLA - Premium)","GetSmall",1,0,15.053,0.000,15.051
"Tier 1 (Gold SLA - Premium)","GetSmall",1,0,12.927,0.000,12.925
"Tier 1 (Gold SLA - Premium)","PutSmall",1,0,21.412,0.000,21.410
"Tier 1 (Gold SLA - Premium)","PutSmall",1,0,18.439,0.000,18.426
"Tier 1 (Gold SLA - Premium)","GetSmall",1,0,14.498,0.000,14.490
"Tier 1 (Gold SLA - Premium)","GetSmall",1,0,14.432,0.000,14.425
"Tier 1 (Gold SLA - Premium)","PutSmall",1,0,23.420,0.000,23.419
"Tier 1 (Gold SLA - Premium)","GetSmall",1,0,14.158,0.000,14.156
"Tier 1 (Gold SLA - Premium)","PutSmall",1,0,21.811,0.000,21.810
"Tier 1 (Gold SLA - Premium)","PutSmall",1,0,24.656,0.000,24.655
"Tier 1 (Gold SLA - Premium)","GetSmall",1,0,13.404,0.000,13.401
"Tier 1 (Gold SLA - Premium)","GetSmall",1,0,14.740,0.000,14.738
"Tier 1 (Gold SLA - Premium)","GetSmall",1,0,14.780,0.000,14.746
"Tier 1 (Gold SLA - Premium)","GetSmall",1,0,13.941,0.000,13.938
"Tier 1 (Gold SLA - Premium)","PutSmall",1,0,21.672,0.000,21.670
"Tier 1 (Gold SLA - Premium)","GetSmall",1,0,14.935,0.000,14.934
"Tier 1 (Gold SLA - Premium)","GetSmall",1,0,14.327,0.000,14.326
"Tier 1 (Gold SLA - Premium)","PutSmall",1,0,21.920,0.000,21.918
"Tier 1 (Gold SLA - Premium)","PutSmall",1,0,23.536,0.000,23.534
"Tier 1 (Gold SLA - Premium)","PutSmall",1,0,19.749,0.000,19.748
"Tier 1 (Gold SLA - Premium)","PutSmall",1,0,22.746,0.000,22.743
"Tier 1 (Gold SLA - Premium)","PutSmall",1,0,22.299,0.000,22.287
"Tier 1 (Gold SLA - Premium)","PutSmall",1,0,24.185,0.000,24.180
"Tier 1 (Gold SLA - Premium)","PutSmall",1,0,20.840,0.000,20.837
"Tier 1 (Gold SLA - Premium)","GetSmall",1,0,13.997,0.000,13.989
"Tier 1 (Gold SLA - Premium)","PutSmall",1,0,20.143,0.000,20.133
"Tier 1 (Gold SLA - Premium)","GetSmall",1,0,15.298,0.000,15.286
"Tier 1 (Gold SLA - Premium)","GetSmall",1,0,12.435,0.000,12.428
"Tier 1 (Gold SLA - Premium)","GetSmall",1,0,13.196,0.000,13.191
"Tier 1 (Gold SLA - Premium)","PutSmall",1,0,21.703,0.000,21.700
"Tier 1 (Gold SLA - Premium)","PutSmall",1,0,22.224,0.000,22.217
"Tier 1 (Gold SLA - Premium)","PutSmall",1,0,20.896,0.000,20.893
"Tier 1 (Gold SLA - Premium)","PutSmall",1,0,23.824,0.000,23.820
"Tier 1 (Gold SLA - Premium)","PutSmall",1,0,20.127,0.000,20.124
"Tier 1 (Gold SLA - Premium)","PutSmall",1,0,23.001,0.000,22.997
"Tier 2 (Silver SLA - Standard)","GetSmall",1,0,4.614,0.001,4.602
"Tier 2 (Silver SLA - Standard)","GetSmall",1,0,4.638,0.000,4.629
"Tier 2 (Silver SLA - Standard)","GetSmall",1,0,4.659,0.000,4.655
"Tier 2 (Silver SLA - Standard)","GetSmall",1,0,4.749,0.000,4.745
"Tier 2 (Silver SLA - Standard)","GetSmall",1,0,4.785,0.000,4.780
"Tier 2 (Silver SLA - Standard)","GetSmall",1,0,4.898,0.000,4.884
"Tier 2 (Silver SLA - Standard)","GetSmall",1,0,4.940,0.000,4.929
"Tier 2 (Silver SLA - Standard)","GetSmall",1,0,5.175,0.001,5.168
"Tier 2 (Silver SLA - Standard)","GetSmall",1,0,5.297,0.000,5.292
"Tier 2 (Silver SLA - Standard)","GetSmall",1,0,5.316,0.000,5.312
"Tier 2 (Silver SLA - Standard)","GetSmall",1,0,5.368,0.001,5.362
"Tier 2 (Silver SLA - Standard)","GetSmall",1,0,5.386,0.000,5.379
"Tier 2 (Silver SLA - Standard)","GetSmall",1,0,5.400,0.000,5.392
"Tier 2 (Silver SLA - Standard)","GetSmall",1,0,5.442,0.000,5.437
"Tier 2 (Silver SLA - Standard)","GetSmall",1,0,5.438,0.000,5.434
"Tier 2 (Silver SLA - Standard)","GetSmall",1,0,8.759,0.000,8.748
"Tier 2 (Silver SLA - Standard)","GetSmall",1,0,14.502,0.002,14.451
"Tier 2 (Silver SLA - Standard)","GetSmall",1,0,9.111,0.001,9.108
"Tier 2 (Silver SLA - Standard)","GetSmall",1,0,9.518,0.000,9.513
"Tier 2 (Silver SLA - Standard)","GetSmall",1,0,9.974,0.001,9.970
"Tier 2 (Silver SLA - Standard)","GetSmall",1,0,9.925,0.000,9.919
"Tier 2 (Silver SLA - Standard)","GetSmall",1,0,9.897,0.000,9.892
"Tier 2 (Silver SLA - Standard)","GetSmall",1,0,10.812,0.000,10.807
"Tier 2 (Silver SLA - Standard)","GetSmall",1,0,11.144,0.000,11.137
"Tier 2 (Silver SLA - Standard)","GetSmall",1,0,11.413,0.000,11.407
"Tier 2 (Silver SLA - Standard)","GetSmall",1,0,11.627,0.000,11.622
"Tier 2 (Silver SLA - Standard)","ListBucket",1,0,23.881,0.000,23.875
"Tier 2 (Silver SLA - Standard)","ListBucket",1,0,23.875,0.000,23.871
"Tier 2 (Silver SLA - Standard)","ListBucket",1,0,24.358,0.001,24.354
"Tier 2 (Silver SLA - Standard)","ListBucket",1,0,24.449,0.001,24.443
"Tier 2 (Silver SLA - Standard)","ListBucket",1,0,25.063,0.001,25.056
"Tier 2 (Silver SLA - Standard)","ListBucket",1,0,25.388,0.000,25.385
"Tier 2 (Silver SLA - Standard)","ListBucket",1,0,26.226,0.000,26.223
"Tier 2 (Silver SLA - Standard)","ListBucket",1,0,26.481,0.001,26.475
"Tier 2 (Silver SLA - Standard)","ListBucket",1,0,26.574,0.000,26.565
"Tier 2 (Silver SLA - Standard)","GetSmall",1,0,13.187,0.000,13.183
"Tier 2 (Silver SLA - Standard)","GetSmall",1,0,13.939,0.000,13.935
"Tier 2 (Silver SLA - Standard)","GetSmall",1,0,14.749,0.000,14.742
"Tier 2 (Silver SLA - Standard)","GetSmall",1,0,14.347,0.000,14.343
"Tier 2 (Silver SLA - Standard)","GetSmall",1,0,14.325,0.000,14.321
"Tier 2 (Silver SLA - Standard)","GetSmall",1,0,15.278,0.000,15.274
"Tier 2 (Silver SLA - Standard)","GetSmall",1,0,13.626,0.000,13.623
"Tier 2 (Silver SLA - Standard)","GetSmall",1,0,14.421,0.000,14.417
"Tier 2 (Silver SLA - Standard)","ListBucket",1,0,38.114,0.000,38.111
"Tier 2 (Silver SLA - Standard)","GetSmall",1,0,15.534,0.000,15.530
"Tier 2 (Silver SLA - Standard)","GetSmall",1,0,14.282,0.000,14.279
"Tier 2 (Silver SLA - Standard)","GetSmall",1,0,15.977,0.000,15.973
"Tier 2 (Silver SLA - Standard)","GetSmall",1,0,14.524,0.000,14.519
"Tier 2 (Silver SLA - Standard)","ListBucket",1,0,44.966,0.001,44.963
"Tier 2 (Silver SLA - Standard)","ListBucket",1,0,47.296,0.000,47.293
"Tier 2 (Silver SLA - Standard)","GetSmall",1,0,14.959,0.000,14.956
"Tier 2 (Silver SLA - Standard)","ListBucket",1,0,52.108,0.001,52.104
"Tier 2 (Silver SLA - Standard)","GetSmall",1,0,14.890,0.000,14.888
"Tier 2 (Silver SLA - Standard)","ListBucket",1,0,62.852,0.000,62.847
"Tier 2 (Silver SLA - Standard)","GetSmall",1,0,13.544,0.000,13.538
"Tier 2 (Silver SLA - Standard)","GetSmall",1,0,14.259,0.000,14.256
"Tier 2 (Silver SLA - Standard)","ListBucket",1,0,65.808,0.000,65.802
"Tier 2 (Silver SLA - Standard)","GetSmall",1,0,13.692,0.000,13.689
"Tier 2 (Silver SLA - Standard)","ListBucket",1,0,67.850,0.000,67.846
"Tier 2 (Silver SLA - Standard)","ListBucket",1,0,64.114,0.000,64.111
"Tier 2 (Silver SLA - Standard)","ListBucket",1,0,75.900,0.000,75.897
"Tier 2 (Silver SLA - Standard)","ListBucket",1,0,66.674,0.000,66.671
"Tier 2 (Silver SLA - Standard)","ListBucket",1,0,78.438,0.000,78.432
"Tier 2 (Silver SLA - Standard)","ListBucket",1,0,68.716,0.000,68.713
"Tier 2 (Silver SLA - Standard)","ListBucket",1,0,67.119,0.001,67.115
"Tier 2 (Silver SLA - Standard)","ListBucket",1,0,79.280,0.000,79.276
"Tier 2 (Silver SLA - Standard)","ListBucket",1,0,69.525,0.001,69.520
"Tier 2 (Silver SLA - Standard)","ListBucket",1,0,71.990,0.000,71.988
"Tier 2 (Silver SLA - Standard)","GetSmall",1,0,14.621,0.000,14.615
"Tier 2 (Silver SLA - Standard)","GetSmall",1,0,14.921,0.000,14.912
"Tier 2 (Silver SLA - Standard)","ListBucket",1,0,75.475,0.000,75.470
"Tier 2 (Silver SLA - Standard)","ListBucket",1,0,68.145,0.000,68.140
"Tier 2 (Silver SLA - Standard)","GetSmall",1,0,13.097,0.000,13.094
"Tier 2 (Silver SLA - Standard)","ListBucket",1,0,64.840,0.000,64.837
"Tier 2 (Silver SLA - Standard)","GetSmall",1,0,13.874,0.000,13.870
"Tier 2 (Silver SLA - Standard)","ListBucket",1,0,76.934,0.000,76.930
"Tier 2 (Silver SLA - Standard)","GetSmall",1,0,15.301,0.000,15.297
"Tier 2 (Silver SLA - Standard)","ListBucket",1,0,65.001,0.000,64.997
"Tier 2 (Silver SLA - Standard)","GetSmall",1,0,13.615,0.000,13.605
"Tier 2 (Silver SLA - Standard)","GetSmall",1,0,12.887,0.000,12.880
"Tier 2 (Silver SLA - Standard)","ListBucket",1,0,70.758,0.000,70.754
"Tier 2 (Silver SLA - Standard)","GetSmall",1,0,16.260,0.000,16.257
"Tier 2 (Silver SLA - Standard)","GetSmall",1,0,14.120,0.000,14.116
"Tier 2 (Silver SLA - Standard)","ListBucket",1,0,76.633,0.000,76.630
"Tier 2 (Silver SLA - Standard)","GetSmall",1,0,13.495,0.000,13.491
"Tier 2 (Silver SLA - Standard)","GetSmall",1,0,13.852,0.000,13.848
"Tier 2 (Silver SLA - Standard)","ListBucket",1,0,73.771,0.000,73.766
"Tier 2 (Silver SLA - Standard)","ListBucket",1,0,76.732,0.000,76.728
"Tier 2 (Silver SLA - Standard)","ListBucket",1,0,77.831,0.000,77.826
"Tier 2 (Silver SLA - Standard)","GetSmall",1,0,15.255,0.000,15.252
"Tier 2 (Silver SLA - Standard)","GetSmall",1,0,14.692,0.000,14.686
"Tier 2 (Silver SLA - Standard)","GetSmall",1,0,13.770,0.001,13.764
"Tier 2 (Silver SLA - Standard)","GetSmall",1,0,14.714,0.000,14.710
"Tier 2 (Silver SLA - Standard)","ListBucket",1,0,70.185,0.000,70.179
"Tier 2 (Silver SLA - Standard)","ListBucket",1,0,74.451,0.000,74.447
"Tier 2 (Silver SLA - Standard)","ListBucket",1,0,72.267,0.000,72.262
"Tier 2 (Silver SLA - Standard)","GetSmall",1,0,14.627,0.000,14.624
"Tier 2 (Silver SLA - Standard)","ListBucket",1,0,66.741,0.000,66.736
"Tier 2 (Silver SLA - Standard)","GetSmall",1,0,12.900,0.000,12.896
"Tier 2 (Silver SLA - Standard)","GetSmall",1,0,14.004,0.000,14.001
"Tier 2 (Silver SLA - Standard)","ListBucket",1,0,64.185,0.000,64.181
"Tier 2 (Silver SLA - Standard)","ListBucket",1,0,67.882,0.000,67.877
"Tier 2 (Silver SLA - Standard)","GetSmall",1,0,14.098,0.000,14.094
"Tier 2 (Silver SLA - Standard)","ListBucket",1,0,72.985,0.000,72.980
"Tier 2 (Silver SLA - Standard)","GetSmall",1,0,15.852,0.000,15.845
"Tier 2 (Silver SLA - Standard)","ListBucket",1,0,72.657,0.000,72.652
"Tier 2 (Silver SLA - Standard)","ListBucket",1,0,74.549,0.001,74.543
"Tier 2 (Silver SLA - Standard)","ListBucket",1,0,72.040,0.000,72.036
"Tier 2 (Silver SLA - Standard)","ListBucket",1,0,75.763,0.000,75.760
"Tier 2 (Silver SLA - Standard)","GetSmall",1,0,16.232,0.000,16.229
"Tier 2 (Silver SLA - Standard)","GetSmall",1,0,16.181,0.000,16.178
"Tier 2 (Silver SLA - Standard)","ListBucket",1,0,68.022,0.000,68.017
"Tier 2 (Silver SLA - Standard)","ListBucket",1,0,70.344,0.000,70.339
"Tier 2 (Silver SLA - Standard)","GetSmall",1,0,16.034,0.000,16.030
"Tier 2 (Silver SLA - Standard)","GetSmall",1,0,13.187,0.000,13.184
"Tier 2 (Silver SLA - Standard)","ListBucket",1,0,71.158,0.000,71.155
"Tier 2 (Silver SLA - Standard)","GetSmall",1,0,14.645,0.000,14.642
"Tier 2 (Silver SLA - Standard)","ListBucket",1,0,72.915,0.000,72.911
"Tier 2 (Silver SLA - Standard)","ListBucket",1,0,77.082,0.000,77.078
"Tier 2 (Silver SLA - Standard)","ListBucket",1,0,65.000,0.000,64.996
"Tier 2 (Silver SLA - Standard)","ListBucket",1,0,73.088,0.000,73.085
"Tier 2 (Silver SLA - Standard)","GetSmall",1,0,13.111,0.000,13.109
"Tier 2 (Silver SLA - Standard)","GetSmall",1,0,15.127,0.000,15.123
"Tier 2 (Silver SLA - Standard)","GetSmall",1,0,14.001,0.000,13.998
"Tier 2 (Silver SLA - Standard)","ListBucket",1,0,73.108,0.000,73.104
"Tier 2 (Silver SLA - Standard)","ListBucket",1,0,74.925,0.000,74.920
"Tier 2 (Silver SLA - Standard)","GetSmall",1,0,14.467,0.000,14.464
"Tier 2 (Silver SLA - Standard)","GetSmall",1,0,15.281,0.000,15.278
"Tier 2 (Silver SLA - Standard)","GetSmall",1,0,14.982,0.000,14.979
"Tier 2 (Silver SLA - Standard)","GetSmall",1,0,15.443,0.000,15.440
"Tier 2 (Silver SLA - Standard)","GetSmall",1,0,13.352,0.000,13.350
"Tier 2 (Silver SLA - Standard)","GetSmall",1,0,13.391,0.000,13.389
"Tier 2 (Silver SLA - Standard)","ListBucket",1,0,72.741,0.000,72.739
"Tier 2 (Silver SLA - Standard)","ListBucket",1,0,74.509,0.000,74.505
"Tier 2 (Silver SLA - Standard)","ListBucket",1,0,75.037,0.000,75.033
"Tier 2 (Silver SLA - Standard)","ListBucket",1,0,77.757,0.001,77.753
"Tier 2 (Silver SLA - Standard)","ListBucket",1,0,69.252,0.000,69.248
"Tier 2 (Silver SLA - Standard)","GetSmall",1,0,14.313,0.000,14.310
"Tier 2 (Silver SLA - Standard)","GetSmall",1,0,12.682,0.000,12.678
"Tier 2 (Silver SLA - Standard)","GetSmall",1,0,13.953,0.000,13.951
"Tier 2 (Silver SLA - Standard)","GetSmall",1,0,14.322,0.000,14.320
"Tier 2 (Silver SLA - Standard)","ListBucket",1,0,71.966,0.000,71.957
"Tier 2 (Silver SLA - Standard)","GetSmall",1,0,16.124,0.000,16.117
"Tier 2 (Silver SLA - Standard)","GetSmall",1,0,15.173,0.000,15.170
"Tier 2 (Silver SLA - Standard)","ListBucket",1,0,73.191,0.000,73.188
"Tier 2 (Silver SLA - Standard)","ListBucket",1,0,67.408,0.000,67.405
"Tier 2 (Silver SLA - Standard)","GetSmall",1,0,15.580,0.000,15.577
"Tier 2 (Silver SLA - Standard)","ListBucket",1,0,79.623,0.000,79.619
"Tier 2 (Silver SLA - Standard)","ListBucket",1,0,69.840,0.000,69.838
"Tier 2 (Silver SLA - Standard)","ListBucket",1,0,68.640,0.000,68.637
"Tier 2 (Silver SLA - Standard)","GetSmall",1,0,14.440,0.000,14.437
"Tier 2 (Silver SLA - Standard)","GetSmall",1,0,14.401,0.000,14.399
"Tier 2 (Silver SLA - Standard)","GetSmall",1,0,15.672,0.000,15.669
"Tier 2 (Silver SLA - Standard)","ListBucket",1,0,74.881,0.000,74.877
"Tier 2 (Silver SLA - Standard)","GetSmall",1,0,16.269,0.000,16.265
"Tier 2 (Silver SLA - Standard)","GetSmall",1,0,15.387,0.000,15.384
"Tier 2 (Silver SLA - Standard)","ListBucket",1,0,70.964,0.000,70.962
"Tier 2 (Silver SLA - Standard)","GetSmall",1,0,15.502,0.000,15.499
"Tier 2 (Silver SLA - Standard)","ListBucket",1,0,83.218,0.000,83.214
"Tier 2 (Silver SLA - Standard)","ListBucket",1,0,78.339,0.000,78.336
"Tier 2 (Silver SLA - Standard)","ListBucket",1,0,69.980,0.000,69.977
"Tier 2 (Silver SLA - Standard)","ListBucket",1,0,67.203,0.000,67.200
"Tier 2 (Silver SLA - Standard)","GetSmall",1,0,14.722,0.000,14.712
"Tier 2 (Silver SLA - Standard)","ListBucket",1,0,70.011,0.000,70.007
"Tier 2 (Silver SLA - Standard)","GetSmall",1,0,16.305,0.000,16.301
"Tier 2 (Silver SLA - Standard)","GetSmall",1,0,15.055,0.000,15.052
"Tier 2 (Silver SLA - Standard)","ListBucket",1,0,67.852,0.000,67.850
"Tier 2 (Silver SLA - Standard)","GetSmall",1,0,14.072,0.000,14.070
"Tier 2 (Silver SLA - Standard)","ListBucket",1,0,82.880,0.000,82.877
"Tier 2 (Silver SLA - Standard)","GetSmall",1,0,13.632,0.000,13.629
"Tier 2 (Silver SLA - Standard)","ListBucket",1,0,73.587,0.000,73.584
"Tier 2 (Silver SLA - Standard)","ListBucket",1,0,71.288,0.000,71.278
"Tier 2 (Silver SLA - Standard)","ListBucket",1,0,72.761,0.000,72.758
"Tier 2 (Silver SLA - Standard)","ListBucket",1,0,68.700,0.000,68.698
"Tier 2 (Silver SLA - Standard)","GetSmall",1,0,13.419,0.001,13.415
"Tier 2 (Silver SLA - Standard)","ListBucket",1,0,67.248,0.000,67.241
"Tier 2 (Silver SLA - Standard)","GetSmall",1,0,16.411,0.000,16.408
"Tier 2 (Silver SLA - Standard)","ListBucket",1,0,67.726,0.000,67.723
"Tier 2 (Silver SLA - Standard)","GetSmall",1,0,15.462,0.000,15.459
"Tier 2 (Silver SLA - Standard)","ListBucket",1,0,76.921,0.000,76.918
"Tier 2 (Silver SLA - Standard)","GetSmall",1,0,13.377,0.000,13.375
"Tier 2 (Silver SLA - Standard)","GetSmall",1,0,15.457,0.000,15.455
"Tier 2 (Silver SLA - Standard)","ListBucket",1,0,78.471,0.000,78.470
"Tier 2 (Silver SLA - Standard)","ListBucket",1,0,80.129,0.000,80.125
"Tier 2 (Silver SLA - Standard)","ListBucket",1,0,69.599,0.000,69.595
"Tier 2 (Silver SLA - Standard)","ListBucket",1,0,77.073,0.000,77.071
"Tier 2 (Silver SLA - Standard)","GetSmall",1,0,14.957,0.000,14.954
"Tier 2 (Silver SLA - Standard)","ListBucket",1,0,81.760,0.000,81.756
"Tier 2 (Silver SLA - Standard)","GetSmall",1,0,14.417,0.000,14.413
"Tier 2 (Silver SLA - Standard)","ListBucket",1,0,70.091,0.000,70.088
"Tier 2 (Silver SLA - Standard)","ListBucket",1,0,70.095,0.000,70.092
"Tier 2 (Silver SLA - Standard)","ListBucket",1,0,63.389,0.000,63.385
"Tier 2 (Silver SLA - Standard)","GetSmall",1,0,15.597,0.000,15.595
"Tier 2 (Silver SLA - Standard)","ListBucket",1,0,76.000,0.000,75.998
"Tier 2 (Silver SLA - Standard)","ListBucket",1,0,76.298,0.000,76.295
"Tier 2 (Silver SLA - Standard)","ListBucket",1,0,68.280,0.000,68.251
"Tier 2 (Silver SLA - Standard)","ListBucket",1,0,69.759,0.000,69.749
"Tier 2 (Silver SLA - Standard)","ListBucket",1,0,66.105,0.000,66.100
"Tier 2 (Silver SLA - Standard)","GetSmall",1,0,14.200,0.000,14.190
"Tier 2 (Silver SLA - Standard)","ListBucket",1,0,66.018,0.000,66.010
"Tier 2 (Silver SLA - Standard)","GetSmall",1,0,16.147,0.000,16.145
"Tier 2 (Silver SLA - Standard)","GetSmall",1,0,14.257,0.000,14.253
"Tier 2 (Silver SLA - Standard)","GetSmall",1,0,15.077,0.000,15.074
"Tier 2 (Silver SLA - Standard)","GetSmall",1,0,13.158,0.001,13.152
"Tier 2 (Silver SLA - Standard)","ListBucket",1,0,77.972,0.000,77.969
"Tier 2 (Silver SLA - Standard)","GetSmall",1,0,14.088,0.001,14.085
"Tier 2 (Silver SLA - Standard)","GetSmall",1,0,14.683,0.000,14.671
"Tier 2 (Silver SLA - Standard)","ListBucket",1,0,65.659,0.000,65.657
"Tier 2 (Silver SLA - Standard)","ListBucket",1,0,70.809,0.000,70.806
"Tier 2 (Silver SLA - Standard)","GetSmall",1,0,14.036,0.000,14.034
"Tier 2 (Silver SLA - Standard)","GetSmall",1,0,14.460,0.000,14.458
"Tier 2 (Silver SLA - Standard)","GetSmall",1,0,15.547,0.000,15.544
"Tier 2 (Silver SLA - Standard)","ListBucket",1,0,71.279,0.000,71.277
"Tier 2 (Silver SLA - Standard)","ListBucket",1,0,75.698,0.000,75.694
"Tier 2 (Silver SLA - Standard)","GetSmall",1,0,15.452,0.000,15.449
"Tier 2 (Silver SLA - Standard)","ListBucket",1,0,67.846,0.000,67.841
"Tier 2 (Silver SLA - Standard)","ListBucket",1,0,81.089,0.000,81.084
"Tier 2 (Silver SLA - Standard)","GetSmall",1,0,13.513,0.000,13.512
"Tier 2 (Silver SLA - Standard)","ListBucket",1,0,78.770,0.000,78.766
"Tier 2 (Silver SLA - Standard)","ListBucket",1,0,76.685,0.000,76.682
"Tier 2 (Silver SLA - Standard)","GetSmall",1,0,14.834,0.000,14.832
"Tier 2 (Silver SLA - Standard)","GetSmall",1,0,13.261,0.000,13.258
"Tier 2 (Silver SLA - Standard)","GetSmall",1,0,14.331,0.000,14.329
"Tier 2 (Silver SLA - Standard)","GetSmall",1,0,14.109,0.000,14.106
"Tier 2 (Silver SLA - Standard)","GetSmall",1,0,15.360,0.000,15.358
"Tier 2 (Silver SLA - Standard)","ListBucket",1,0,71.605,0.000,71.602
"Tier 2 (Silver SLA - Standard)","ListBucket",1,0,79.793,0.000,79.790
"Tier 2 (Silver SLA - Standard)","ListBucket",1,0,65.445,0.000,65.442
"Tier 2 (Silver SLA - Standard)","ListBucket",1,0,75.393,0.000,75.390
"Tier 2 (Silver SLA - Standard)","GetSmall",1,0,14.539,0.000,14.536
"Tier 2 (Silver SLA - Standard)","GetSmall",1,0,13.541,0.000,13.538
"Tier 2 (Silver SLA - Standard)","ListBucket",1,0,72.973,0.000,72.971
"Tier 2 (Silver SLA - Standard)","GetSmall",1,0,13.880,0.000,13.878
"Tier 2 (Silver SLA - Standard)","GetSmall",1,0,15.814,0.000,15.811
"Tier 2 (Silver SLA - Standard)","GetSmall",1,0,15.144,0.000,15.141
"Tier 2 (Silver SLA - Standard)","ListBucket",1,0,68.850,0.001,68.847
"Tier 2 (Silver SLA - Standard)","GetSmall",1,0,15.181,0.000,15.176
"Tier 2 (Silver SLA - Standard)","GetSmall",1,0,13.980,0.000,13.977
"Tier 2 (Silver SLA - Standard)","GetSmall",1,0,13.270,0.000,13.266
"Tier 2 (Silver SLA - Standard)","ListBucket",1,0,76.602,0.000,76.598
"Tier 2 (Silver SLA - Standard)","ListBucket",1,0,70.444,0.000,70.440
"Tier 2 (Silver SLA - Standard)","ListBucket",1,0,65.277,0.000,65.272
"Tier 2 (Silver SLA - Standard)","ListBucket",1,0,73.828,0.000,73.823
"Tier 2 (Silver SLA - Standard)","GetSmall",1,0,14.152,0.000,14.150
"Tier 2 (Silver SLA - Standard)","ListBucket",1,0,68.481,0.000,68.476
"Tier 2 (Silver SLA - Standard)","GetSmall",1,0,15.233,0.000,15.229
"Tier 2 (Silver SLA - Standard)","ListBucket",1,0,71.948,0.000,71.945
"Tier 2 (Silver SLA - Standard)","ListBucket",1,0,65.392,0.000,65.390
"Tier 2 (Silver SLA - Standard)","GetSmall",1,0,15.535,0.000,15.533
"Tier 2 (Silver SLA - Standard)","ListBucket",1,0,76.598,0.000,76.594
"Tier 2 (Silver SLA - Standard)","ListBucket",1,0,70.537,0.001,70.527
"Tier 2 (Silver SLA - Standard)","GetSmall",1,0,14.996,0.000,14.994
"Tier 2 (Silver SLA - Standard)","ListBucket",1,0,77.219,0.000,77.213
"Tier 2 (Silver SLA - Standard)","ListBucket",1,0,78.439,0.000,78.437
"Tier 2 (Silver SLA - Standard)","ListBucket",1,0,69.203,0.000,69.199
"Tier 2 (Silver SLA - Standard)","ListBucket",1,0,62.575,0.000,62.571
"Tier 2 (Silver SLA - Standard)","ListBucket",1,0,79.407,0.000,79.403
"Tier 2 (Silver SLA - Standard)","GetSmall",1,0,15.593,0.000,15.589
"Tier 2 (Silver SLA - Standard)","GetSmall",1,0,13.700,0.000,13.696
"Tier 2 (Silver SLA - Standard)","GetSmall",1,0,15.563,0.000,15.555
"Tier 2 (Silver SLA - Standard)","GetSmall",1,0,13.652,0.000,13.650
"Tier 2 (Silver SLA - Standard)","GetSmall",1,0,15.631,0.000,15.627
"Tier 2 (Silver SLA - Standard)","ListBucket",1,0,68.284,0.000,68.280
"Tier 2 (Silver SLA - Standard)","GetSmall",1,0,14.051,0.000,14.048
"Tier 2 (Silver SLA - Standard)","ListBucket",1,0,69.174,0.000,69.162
"Tier 2 (Silver SLA - Standard)","GetSmall",1,0,15.204,0.000,15.201
"Tier 2 (Silver SLA - Standard)","GetSmall",1,0,14.003,0.000,14.000
"Tier 2 (Silver SLA - Standard)","ListBucket",1,0,76.238,0.000,76.233
"Tier 2 (Silver SLA - Standard)","GetSmall",1,0,15.893,0.000,15.890
"Tier 2 (Silver SLA - Standard)","ListBucket",1,0,78.373,0.000,78.370
"Tier 2 (Silver SLA - Standard)","GetSmall",1,0,13.785,0.000,13.782
"Tier 2 (Silver SLA - Standard)","GetSmall",1,0,14.816,0.000,14.814
"Tier 2 (Silver SLA - Standard)","ListBucket",1,0,64.313,0.000,64.309
"Tier 2 (Silver SLA - Standard)","GetSmall",1,0,15.204,0.000,15.201
"Tier 2 (Silver SLA - Standard)","ListBucket",1,0,69.638,0.000,69.636
"Tier 2 (Silver SLA - Standard)","GetSmall",1,0,13.915,0.000,13.913
"Tier 2 (Silver SLA - Standard)","GetSmall",1,0,13.743,0.000,13.740
"Tier 2 (Silver SLA - Standard)","ListBucket",1,0,80.859,0.000,80.856
"Tier 2 (Silver SLA - Standard)","ListBucket",1,0,78.499,0.000,78.497
"Tier 2 (Silver SLA - Standard)","GetSmall",1,0,15.829,0.000,15.825
"Tier 2 (Silver SLA - Standard)","ListBucket",1,0,68.094,0.000,68.091
"Tier 2 (Silver SLA - Standard)","GetSmall",1,0,13.127,0.000,13.125
"Tier 2 (Silver SLA - Standard)","GetSmall",1,0,14.108,0.000,14.106
"Tier 2 (Silver SLA - Standard)","GetSmall",1,0,14.965,0.000,14.963
"Tier 2 (Silver SLA - Standard)","ListBucket",1,0,72.252,0.000,72.192
"Tier 2 (Silver SLA - Standard)","GetSmall",1,0,13.540,0.000,13.536
"Tier 2 (Silver SLA - Standard)","GetSmall",1,0,13.464,0.000,13.460
"Tier 2 (Silver SLA - Standard)","GetSmall",1,0,15.064,0.000,15.059
"Tier 2 (Silver SLA - Standard)","ListBucket",1,0,68.363,0.000,68.326
"Tier 2 (Silver SLA - Standard)","ListBucket",1,0,66.831,0.000,66.817
"Tier 2 (Silver SLA - Standard)","GetSmall",1,0,14.442,0.000,14.435
"Tier 2 (Silver SLA - Standard)","ListBucket",1,0,76.525,0.000,76.521
"Tier 2 (Silver SLA - Standard)","GetSmall",1,0,13.790,0.000,13.786
"Tier 2 (Silver SLA - Standard)","ListBucket",1,0,74.242,0.000,74.214
"Tier 2 (Silver SLA - Standard)","ListBucket",1,0,76.872,0.000,76.869
"Tier 2 (Silver SLA - Standard)","ListBucket",1,0,69.960,0.000,69.957
"Tier 2 (Silver SLA - Standard)","GetSmall",1,0,14.758,0.000,14.753
"Tier 2 (Silver SLA - Standard)","ListBucket",1,0,64.837,0.000,64.833
"Tier 2 (Silver SLA - Standard)","ListBucket",1,0,81.189,0.000,81.186
"Tier 2 (Silver SLA - Standard)","GetSmall",1,0,14.749,0.000,14.745
"Tier 2 (Silver SLA - Standard)","GetSmall",1,0,14.572,0.000,14.569
"Tier 2 (Silver SLA - Standard)","GetSmall",1,0,15.058,0.000,15.045
"Tier 2 (Silver SLA - Standard)","GetSmall",1,0,13.403,0.000,13.399
"Tier 2 (Silver SLA - Standard)","ListBucket",1,0,70.123,0.000,70.120
"Tier 2 (Silver SLA - Standard)","ListBucket",1,0,72.536,0.000,72.528
"Tier 2 (Silver SLA - Standard)","ListBucket",1,0,71.291,0.000,71.284
"Tier 2 (Silver SLA - Standard)","GetSmall",1,0,13.270,0.000,13.268
"Tier 2 (Silver SLA - Standard)","GetSmall",1,0,14.471,0.000,14.469
"Tier 2 (Silver SLA - Standard)","GetSmall",1,0,14.158,0.000,14.155
"Tier 2 (Silver SLA - Standard)","GetSmall",1,0,15.775,0.000,15.770
"Tier 2 (Silver SLA - Standard)","GetSmall",1,0,13.942,0.000,13.938
"Tier 2 (Silver SLA - Standard)","ListBucket",1,0,67.391,0.000,67.387
"Tier 2 (Silver SLA - Standard)","ListBucket",1,0,79.086,0.000,79.083
"Tier 2 (Silver SLA - Standard)","ListBucket",1,0,77.437,0.000,77.434
"Tier 2 (Silver SLA - Standard)","ListBucket",1,0,70.564,0.000,70.561
"Tier 2 (Silver SLA - Standard)","GetSmall",1,0,15.443,0.000,15.440
"Tier 2 (Silver SLA - Standard)","ListBucket",1,0,70.766,0.000,70.762
"Tier 2 (Silver SLA - Standard)","GetSmall",1,0,12.495,0.000,12.492
"Tier 2 (Silver SLA - Standard)","ListBucket",1,0,76.926,0.000,76.923
"Tier 2 (Silver SLA - Standard)","ListBucket",1,0,67.438,0.000,67.436
"Tier 2 (Silver SLA - Standard)","ListBucket",1,0,83.026,0.000,83.022
"Tier 2 (Silver SLA - Standard)","GetSmall",1,0,15.350,0.000,15.347
"Tier 2 (Silver SLA - Standard)","GetSmall",1,0,13.858,0.000,13.853
"Tier 2 (Silver SLA - Standard)","GetSmall",1,0,15.677,0.000,15.673
"Tier 2 (Silver SLA - Standard)","ListBucket",1,0,76.862,0.000,76.822
"Tier 2 (Silver SLA - Standard)","ListBucket",1,0,72.783,0.000,72.781
"Tier 2 (Silver SLA - Standard)","GetSmall",1,0,13.459,0.000,13.456
"Tier 2 (Silver SLA - Standard)","GetSmall",1,0,14.215,0.000,14.213
"Tier 2 (Silver SLA - Standard)","GetSmall",1,0,15.714,0.000,15.711
"Tier 2 (Silver SLA - Standard)","ListBucket",1,0,77.531,0.000,77.524
"Tier 2 (Silver SLA - Standard)","ListBucket",1,0,79.792,0.000,79.787
"Tier 2 (Silver SLA - Standard)","GetSmall",1,0,15.146,0.000,15.142
"Tier 2 (Silver SLA - Standard)","GetSmall",1,0,16.600,0.000,16.595
"Tier 2 (Silver SLA - Standard)","ListBucket",1,0,69.749,0.000,69.744
"Tier 2 (Silver SLA - Standard)","GetSmall",1,0,14.421,0.000,14.416
"Tier 2 (Silver SLA - Standard)","ListBucket",1,0,68.448,0.000,68.440
"Tier 2 (Silver SLA - Standard)","GetSmall",1,0,14.132,0.000,14.129
"Tier 2 (Silver SLA - Standard)","GetSmall",1,0,12.809,0.000,12.807
"Tier 2 (Silver SLA - Standard)","GetSmall",1,0,16.029,0.000,15.999
"Tier 2 (Silver SLA - Standard)","ListBucket",1,0,69.648,0.000,69.643
"Tier 2 (Silver SLA - Standard)","ListBucket",1,0,66.700,0.000,66.697
"Tier 2 (Silver SLA - Standard)","ListBucket",1,0,79.272,0.000,79.269
"Tier 2 (Silver SLA - Standard)","ListBucket",1,0,76.536,0.000,76.533
"Tier 2 (Silver SLA - Standard)","ListBucket",1,0,81.761,0.000,81.756
"Tier 2 (Silver SLA - Standard)","ListBucket",1,0,68.207,0.000,68.194
"Tier 2 (Silver SLA - Standard)","GetSmall",1,0,13.423,0.000,13.422
"Tier 2 (Silver SLA - Standard)","GetSmall",1,0,15.449,0.000,15.437
"Tier 2 (Silver SLA - Standard)","ListBucket",1,0,73.884,0.000,73.881
"Tier 2 (Silver SLA - Standard)","ListBucket",1,0,77.268,0.000,77.265
"Tier 2 (Silver SLA - Standard)","ListBucket",1,0,78.614,0.000,78.609
"Tier 2 (Silver SLA - Standard)","ListBucket",1,0,68.011,0.000,68.007
"Tier 2 (Silver SLA - Standard)","ListBucket",1,0,69.820,0.000,69.816
"Tier 2 (Silver SLA - Standard)","ListBucket",1,0,79.122,0.000,79.117
"Tier 2 (Silver SLA - Standard)","GetSmall",1,0,16.264,0.000,16.260
"Tier 2 (Silver SLA - Standard)","GetSmall",1,0,14.847,0.000,14.845
"Tier 2 (Silver SLA - Standard)","ListBucket",1,0,70.500,0.000,70.497
"Tier 2 (Silver SLA - Standard)","ListBucket",1,0,74.013,0.000,74.010
"Tier 2 (Silver SLA - Standard)","ListBucket",1,0,67.830,0.000,67.826
"Tier 2 (Silver SLA - Standard)","GetSmall",1,0,15.811,0.000,15.807
"Tier 2 (Silver SLA - Standard)","GetSmall",1,0,16.069,0.000,16.066
"Tier 2 (Silver SLA - Standard)","GetSmall",1,0,14.616,0.000,14.612
"Tier 2 (Silver SLA - Standard)","ListBucket",1,0,78.094,0.000,78.090
"Tier 2 (Silver SLA - Standard)","GetSmall",1,0,15.095,0.000,15.092
"Tier 2 (Silver SLA - Standard)","ListBucket",1,0,76.487,0.000,76.474
"Tier 2 (Silver SLA - Standard)","GetSmall",1,0,13.728,0.000,13.726
"Tier 2 (Silver SLA - Standard)","GetSmall",1,0,14.072,0.000,14.069
"Tier 2 (Silver SLA - Standard)","ListBucket",1,0,67.210,0.000,67.207
"Tier 2 (Silver SLA - Standard)","ListBucket",1,0,68.860,0.000,68.857
"Tier 2 (Silver SLA - Standard)","GetSmall",1,0,12.736,0.000,12.732
"Tier 2 (Silver SLA - Standard)","GetSmall",1,0,14.559,0.000,14.556
"Tier 2 (Silver SLA - Standard)","GetSmall",1,0,12.999,0.000,12.984
"Tier 2 (Silver SLA - Standard)","ListBucket",1,0,77.403,0.000,77.394
"Tier 2 (Silver SLA - Standard)","ListBucket",1,0,71.071,0.000,71.065
"Tier 2 (Silver SLA - Standard)","ListBucket",1,0,63.810,0.000,63.807
"Tier 2 (Silver SLA - Standard)","GetSmall",1,0,14.692,0.000,14.688
"Tier 2 (Silver SLA - Standard)","GetSmall",1,0,13.972,0.000,13.969
"Tier 2 (Silver SLA - Standard)","GetSmall",1,0,13.480,0.000,13.477
"Tier 2 (Silver SLA - Standard)","GetSmall",1,0,13.878,0.000,13.875
"Tier 2 (Silver SLA - Standard)","GetSmall",1,0,13.573,0.000,13.571
"Tier 2 (Silver SLA - Standard)","GetSmall",1,0,15.448,0.000,15.446
"Tier 2 (Silver SLA - Standard)","ListBucket",1,0,65.778,0.000,65.775
"Tier 2 (Silver SLA - Standard)","ListBucket",1,0,72.081,0.000,72.044
"Tier 2 (Silver SLA - Standard)","ListBucket",1,0,68.938,0.000,68.935
"Tier 2 (Silver SLA - Standard)","ListBucket",1,0,78.057,0.000,78.055
"Tier 2 (Silver SLA - Standard)","ListBucket",1,0,67.090,0.000,67.086
"Tier 2 (Silver SLA - Standard)","ListBucket",1,0,71.024,0.000,71.021
"Tier 2 (Silver SLA - Standard)","GetSmall",1,0,15.994,0.000,15.964
"Tier 2 (Silver SLA - Standard)","ListBucket",1,0,76.760,0.000,76.756
"Tier 2 (Silver SLA - Standard)","ListBucket",1,0,70.720,0.000,70.718
"Tier 2 (Silver SLA - Standard)","ListBucket",1,0,70.275,0.000,70.271
"Tier 2 (Silver SLA - Standard)","GetSmall",1,0,12.985,0.000,12.982
"Tier 2 (Silver SLA - Standard)","GetSmall",1,0,15.964,0.000,15.960
"Tier 2 (Silver SLA - Standard)","GetSmall",1,0,13.898,0.000,13.894
"Tier 2 (Silver SLA - Standard)","GetSmall",1,0,14.450,0.000,14.447
"Tier 2 (Silver SLA - Standard)","GetSmall",1,0,13.706,0.000,13.702
"Tier 2 (Silver SLA - Standard)","GetSmall",1,0,15.524,0.000,15.518
"Tier 2 (Silver SLA - Standard)","ListBucket",1,0,68.023,0.000,68.019
"Tier 2 (Silver SLA - Standard)","GetSmall",1,0,14.699,0.000,14.695
"Tier 2 (Silver SLA - Standard)","ListBucket",1,0,71.574,0.000,71.570
"Tier 2 (Silver SLA - Standard)","GetSmall",1,0,14.582,0.000,14.578
"Tier 2 (Silver SLA - Standard)","GetSmall",1,0,15.227,0.000,15.224
"Tier 2 (Silver SLA - Standard)","GetSmall",1,0,14.316,0.000,14.313
"Tier 2 (Silver SLA - Standard)","GetSmall",1,0,13.125,0.000,13.122
"Tier 2 (Silver SLA - Standard)","ListBucket",1,0,71.989,0.000,71.986
"Tier 2 (Silver SLA - Standard)","GetSmall",1,0,14.394,0.000,14.390
"Tier 2 (Silver SLA - Standard)","GetSmall",1,0,12.551,0.000,12.546
"Tier 2 (Silver SLA - Standard)","ListBucket",1,0,72.721,0.000,72.711
"Tier 2 (Silver SLA - Standard)","ListBucket",1,0,77.257,0.000,77.250
"Tier 2 (Silver SLA - Standard)","ListBucket",1,0,75.722,0.000,75.718
"Tier 2 (Silver SLA - Standard)","ListBucket",1,0,68.818,0.000,68.815
"Tier 2 (Silver SLA - Standard)","GetSmall",1,0,16.133,0.000,16.129
"Tier 2 (Silver SLA - Standard)","GetSmall",1,0,14.495,0.000,14.490
"Tier 2 (Silver SLA - Standard)","ListBucket",1,0,75.442,0.000,75.439
"Tier 2 (Silver SLA - Standard)","ListBucket",1,0,73.102,0.000,73.098
"Tier 2 (Silver SLA - Standard)","GetSmall",1,0,12.522,0.000,12.519
"Tier 2 (Silver SLA - Standard)","GetSmall",1,0,13.300,0.000,13.297
"Tier 2 (Silver SLA - Standard)","ListBucket",1,0,71.164,0.000,71.162
"Tier 2 (Silver SLA - Standard)","ListBucket",1,0,78.749,0.001,78.744
"Tier 2 (Silver SLA - Standard)","ListBucket",1,0,73.166,0.000,73.162
"Tier 2 (Silver SLA - Standard)","GetSmall",1,0,15.470,0.000,15.468
"Tier 2 (Silver SLA - Standard)","GetSmall",1,0,15.742,0.000,15.739
"Tier 2 (Silver SLA - Standard)","ListBucket",1,0,61.528,0.000,61.525
"Tier 2 (Silver SLA - Standard)","ListBucket",1,0,66.233,0.000,66.230
"Tier 2 (Silver SLA - Standard)","GetSmall",1,0,13.535,0.000,13.533
"Tier 2 (Silver SLA - Standard)","GetSmall",1,0,13.063,0.000,13.062
"Tier 2 (Silver SLA - Standard)","ListBucket",1,0,69.928,0.000,69.924
"Tier 2 (Silver SLA - Standard)","ListBucket",1,0,77.134,0.000,77.131
"Tier 2 (Silver SLA - Standard)","ListBucket",1,0,75.129,0.000,75.125
"Tier 2 (Silver SLA - Standard)","GetSmall",1,0,14.240,0.000,14.237
"Tier 2 (Silver SLA - Standard)","ListBucket",1,0,72.511,0.000,72.507
"Tier 2 (Silver SLA - Standard)","ListBucket",1,0,71.410,0.000,71.406
"Tier 2 (Silver SLA - Standard)","ListBucket",1,0,79.725,0.000,79.723
"Tier 2 (Silver SLA - Standard)","ListBucket",1,0,72.733,0.000,72.731
"Tier 2 (Silver SLA - Standard)","ListBucket",1,0,65.750,0.000,65.747
"Tier 2 (Silver SLA - Standard)","GetSmall",1,0,13.215,0.000,13.211
"Tier 2 (Silver SLA - Standard)","GetSmall",1,0,14.130,0.000,14.128
"Tier 2 (Silver SLA - Standard)","ListBucket",1,0,76.255,0.000,76.251
"Tier 2 (Silver SLA - Standard)","GetSmall",1,0,14.808,0.000,14.806
"Tier 2 (Silver SLA - Standard)","ListBucket",1,0,64.824,0.000,64.821
"Tier 2 (Silver SLA - Standard)","GetSmall",1,0,14.803,0.000,14.791
"Tier 2 (Silver SLA - Standard)","ListBucket",1,0,73.521,0.000,73.517
"Tier 2 (Silver SLA - Standard)","ListBucket",1,0,71.513,0.000,71.509
"Tier 2 (Silver SLA - Standard)","GetSmall",1,0,15.407,0.000,15.403
"Tier 2 (Silver SLA - Standard)","GetSmall",1,0,15.791,0.000,15.788
"Tier 2 (Silver SLA - Standard)","GetSmall",1,0,14.424,0.000,14.421
"Tier 2 (Silver SLA - Standard)","ListBucket",1,0,68.654,0.000,68.652
"Tier 2 (Silver SLA - Standard)","GetSmall",1,0,15.655,0.000,15.653
"Tier 2 (Silver SLA - Standard)","ListBucket",1,0,72.605,0.000,72.601
"Tier 2 (Silver SLA - Standard)","GetSmall",1,0,13.315,0.000,13.311
"Tier 2 (Silver SLA - Standard)","ListBucket",1,0,76.354,0.000,76.346
"Tier 2 (Silver SLA - Standard)","GetSmall",1,0,13.375,0.000,13.373
"Tier 2 (Silver SLA - Standard)","ListBucket",1,0,73.544,0.000,73.540
"Tier 2 (Silver SLA - Standard)","GetSmall",1,0,14.964,0.000,14.962
"Tier 2 (Silver SLA - Standard)","ListBucket",1,0,63.845,0.000,63.842
"Tier 2 (Silver SLA - Standard)","ListBucket",1,0,66.792,0.000,66.791
"Tier 2 (Silver SLA - Standard)","GetSmall",1,0,14.869,0.000,14.866
"Tier 2 (Silver SLA - Standard)","ListBucket",1,0,74.069,0.000,74.061
"Tier 2 (Silver SLA - Standard)","GetSmall",1,0,13.135,0.000,13.128
"Tier 2 (Silver SLA - Standard)","GetSmall",1,0,15.630,0.000,15.603
"Tier 2 (Silver SLA - Standard)","GetSmall",1,0,13.694,0.000,13.691
"Tier 2 (Silver SLA - Standard)","ListBucket",1,0,79.094,0.000,79.091
"Tier 2 (Silver SLA - Standard)","GetSmall",1,0,14.290,0.000,14.287
"Tier 2 (Silver SLA - Standard)","GetSmall",1,0,15.589,0.000,15.587
"Tier 2 (Silver SLA - Standard)","GetSmall",1,0,14.067,0.000,14.059
"Tier 2 (Silver SLA - Standard)","ListBucket",1,0,74.460,0.000,74.451
"Tier 2 (Silver SLA - Standard)","GetSmall",1,0,13.122,0.000,13.119
"Tier 2 (Silver SLA - Standard)","GetSmall",1,0,13.420,0.000,13.417
"Tier 2 (Silver SLA - Standard)","GetSmall",1,0,14.534,0.000,14.532
"Tier 2 (Silver SLA - Standard)","GetSmall",1,0,15.041,0.000,15.039
"Tier 2 (Silver SLA - Standard)","GetSmall",1,0,14.665,0.000,14.664
"Tier 2 (Silver SLA - Standard)","ListBucket",1,0,81.043,0.000,81.036
"Tier 2 (Silver SLA - Standard)","ListBucket",1,0,70.214,0.000,70.206
"Tier 2 (Silver SLA - Standard)","GetSmall",1,0,14.346,0.000,14.344
"Tier 2 (Silver SLA - Standard)","GetSmall",1,0,14.453,0.000,14.450
"Tier 2 (Silver SLA - Standard)","GetSmall",1,0,16.112,0.000,16.111
"Tier 2 (Silver SLA - Standard)","ListBucket",1,0,75.680,0.000,75.676
"Tier 2 (Silver SLA - Standard)","ListBucket",1,0,73.175,0.000,73.173
"Tier 2 (Silver SLA - Standard)","GetSmall",1,0,15.167,0.000,15.165
"Tier 2 (Silver SLA - Standard)","ListBucket",1,0,71.595,0.000,71.592
"Tier 2 (Silver SLA - Standard)","ListBucket",1,0,73.233,0.000,73.231
"Tier 2 (Silver SLA - Standard)","GetSmall",1,0,13.956,0.000,13.953
"Tier 2 (Silver SLA - Standard)","ListBucket",1,0,73.904,0.000,73.900
"Tier 2 (Silver SLA - Standard)","ListBucket",1,0,79.310,0.000,79.306
"Tier 2 (Silver SLA - Standard)","ListBucket",1,0,72.058,0.000,72.055
"Tier 2 (Silver SLA - Standard)","ListBucket",1,0,81.474,0.000,81.472
"Tier 2 (Silver SLA - Standard)","GetSmall",1,0,14.635,0.000,14.633
"Tier 2 (Silver SLA - Standard)","ListBucket",1,0,69.436,0.000,69.433
"Tier 2 (Silver SLA - Standard)","ListBucket",1,0,74.174,0.000,74.172
"Tier 2 (Silver SLA - Standard)","GetSmall",1,0,13.726,0.000,13.723
"Tier 2 (Silver SLA - Standard)","GetSmall",1,0,13.867,0.000,13.865
"Tier 2 (Silver SLA - Standard)","ListBucket",1,0,67.701,0.000,67.698
"Tier 2 (Silver SLA - Standard)","ListBucket",1,0,73.864,0.000,73.862
"Tier 2 (Silver SLA - Standard)","ListBucket",1,0,79.552,0.000,79.550
"Tier 2 (Silver SLA - Standard)","GetSmall",1,0,15.312,0.000,15.310
"Tier 2 (Silver SLA - Standard)","GetSmall",1,0,13.421,0.000,13.419
"Tier 2 (Silver SLA - Standard)","GetSmall",1,0,13.597,0.000,13.593
"Tier 2 (Silver SLA - Standard)","GetSmall",1,0,15.156,0.000,15.147
"Tier 2 (Silver SLA - Standard)","GetSmall",1,0,14.342,0.000,14.341
"Tier 2 (Silver SLA - Standard)","GetSmall",1,0,13.872,0.000,13.868
"Tier 2 (Silver SLA - Standard)","ListBucket",1,0,73.073,0.001,73.070
"Tier 2 (Silver SLA - Standard)","GetSmall",1,0,16.001,0.000,15.999
"Tier 2 (Silver SLA - Standard)","GetSmall",1,0,13.594,0.000,13.563
"Tier 2 (Silver SLA - Standard)","GetSmall",1,0,12.823,0.000,12.815
"Tier 2 (Silver SLA - Standard)","GetSmall",1,0,15.700,0.000,15.692
"Tier 2 (Silver SLA - Standard)","ListBucket",1,0,69.376,0.000,69.369
"Tier 2 (Silver SLA - Standard)","ListBucket",1,0,66.841,0.000,66.838
"Tier 2 (Silver SLA - Standard)","GetSmall",1,0,12.834,0.000,12.831
"Tier 2 (Silver SLA - Standard)","ListBucket",1,0,78.822,0.000,78.820
"Tier 2 (Silver SLA - Standard)","GetSmall",1,0,14.496,0.000,14.485
"Tier 2 (Silver SLA - Standard)","ListBucket",1,0,64.850,0.000,64.846
"Tier 2 (Silver SLA - Standard)","GetSmall",1,0,16.505,0.000,16.503
"Tier 2 (Silver SLA - Standard)","GetSmall",1,0,13.861,0.000,13.858
"Tier 2 (Silver SLA - Standard)","GetSmall",1,0,14.172,0.001,14.168
"Tier 2 (Silver SLA - Standard)","GetSmall",1,0,12.881,0.000,12.873
"Tier 2 (Silver SLA - Standard)","GetSmall",1,0,14.270,0.000,14.265
"Tier 2 (Silver SLA - Standard)","ListBucket",1,0,77.453,0.000,77.450
"Tier 2 (Silver SLA - Standard)","ListBucket",1,0,69.413,0.000,69.408
"Tier 2 (Silver SLA - Standard)","GetSmall",1,0,14.999,0.000,14.995
"Tier 2 (Silver SLA - Standard)","ListBucket",1,0,73.361,0.000,73.356
"Tier 2 (Silver SLA - Standard)","GetSmall",1,0,14.503,0.000,14.500
"Tier 2 (Silver SLA - Standard)","GetSmall",1,0,14.065,0.000,14.063
"Tier 2 (Silver SLA - Standard)","ListBucket",1,0,66.325,0.000,66.322
"Tier 2 (Silver SLA - Standard)","GetSmall",1,0,13.984,0.000,13.981
"Tier 2 (Silver SLA - Standard)","GetSmall",1,0,14.162,0.000,14.157
"Tier 2 (Silver SLA - Standard)","ListBucket",1,0,77.108,0.000,77.105
"Tier 2 (Silver SLA - Standard)","GetSmall",1,0,15.194,0.000,15.190
"Tier 2 (Silver SLA - Standard)","GetSmall",1,0,15.206,0.000,15.200
"Tier 2 (Silver SLA - Standard)","ListBucket",1,0,71.952,0.000,71.948
"Tier 2 (Silver SLA - Standard)","ListBucket",1,0,66.222,0.000,66.218
"Tier 2 (Silver SLA - Standard)","GetSmall",1,0,14.686,0.000,14.674
"Tier 2 (Silver SLA - Standard)","ListBucket",1,0,78.251,0.000,78.247
"Tier 2 (Silver SLA - Standard)","GetSmall",1,0,15.070,0.000,15.066
"Tier 2 (Silver SLA - Standard)","GetSmall",1,0,13.125,0.000,13.122
"Tier 2 (Silver SLA - Standard)","ListBucket",1,0,75.027,0.000,75.023
"Tier 2 (Silver SLA - Standard)","GetSmall",1,0,13.546,0.000,13.542
"Tier 2 (Silver SLA - Standard)","GetSmall",1,0,13.866,0.000,13.862
"Tier 2 (Silver SLA - Standard)","ListBucket",1,0,70.743,0.000,70.701
"Tier 2 (Silver SLA - Standard)","GetSmall",1,0,14.191,0.000,14.186
"Tier 2 (Silver SLA - Standard)","GetSmall",1,0,13.468,0.000,13.465
"Tier 2 (Silver SLA - Standard)","GetSmall",1,0,14.858,0.000,14.854
"Tier 2 (Silver SLA - Standard)","GetSmall",1,0,13.741,0.000,13.738
"Tier 2 (Silver SLA - Standard)","GetSmall",1,0,13.819,0.000,13.811
"Tier 2 (Silver SLA - Standard)","ListBucket",1,0,73.640,0.000,73.637
"Tier 2 (Silver SLA - Standard)","ListBucket",1,0,71.015,0.000,71.013
"Tier 2 (Silver SLA - Standard)","ListBucket",1,0,66.175,0.000,66.172
"Tier 2 (Silver SLA - Standard)","ListBucket",1,0,68.596,0.000,68.594
"Tier 2 (Silver SLA - Standard)","GetSmall",1,0,13.393,0.000,13.390
"Tier 2 (Silver SLA - Standard)","ListBucket",1,0,72.502,0.000,72.499
"Tier 2 (Silver SLA - Standard)","GetSmall",1,0,13.809,0.000,13.806
"Tier 2 (Silver SLA - Standard)","ListBucket",1,0,74.234,0.000,74.231
"Tier 2 (Silver SLA - Standard)","ListBucket",1,0,67.743,0.000,67.738
"Tier 2 (Silver SLA - Standard)","GetSmall",1,0,15.017,0.000,15.014
"Tier 2 (Silver SLA - Standard)","GetSmall",1,0,14.021,0.000,14.009
"Tier 2 (Silver SLA - Standard)","ListBucket",1,0,77.968,0.000,77.966
"Tier 2 (Silver SLA - Standard)","GetSmall",1,0,15.334,0.000,15.331
"Tier 2 (Silver SLA - Standard)","ListBucket",1,0,66.634,0.000,66.630
"Tier 2 (Silver SLA - Standard)","ListBucket",1,0,69.029,0.000,69.026
"Tier 2 (Silver SLA - Standard)","ListBucket",1,0,78.629,0.000,78.625
"Tier 2 (Silver SLA - Standard)","GetSmall",1,0,12.948,0.000,12.944
"Tier 2 (Silver SLA - Standard)","GetSmall",1,0,14.284,0.000,14.280
"Tier 2 (Silver SLA - Standard)","GetSmall",1,0,15.256,0.000,15.252
"Tier 2 (Silver SLA - Standard)","ListBucket",1,0,67.355,0.000,67.352
"Tier 2 (Silver SLA - Standard)","ListBucket",1,0,71.545,0.000,71.516
"Tier 2 (Silver SLA - Standard)","ListBucket",1,0,79.423,0.000,79.411
"Tier 2 (Silver SLA - Standard)","GetSmall",1,0,15.524,0.000,15.509
"Tier 2 (Silver SLA - Standard)","ListBucket",1,0,68.906,0.000,68.902
"Tier 2 (Silver SLA - Standard)","GetSmall",1,0,14.294,0.000,14.292
"Tier 2 (Silver SLA - Standard)","ListBucket",1,0,69.378,0.000,69.374
"Tier 2 (Silver SLA - Standard)","ListBucket",1,0,76.257,0.000,76.254
"Tier 2 (Silver SLA - Standard)","ListBucket",1,0,71.779,0.000,71.777
"Tier 2 (Silver SLA - Standard)","GetSmall",1,0,14.087,0.000,14.083
"Tier 2 (Silver SLA - Standard)","GetSmall",1,0,16.124,0.000,16.120
"Tier 2 (Silver SLA - Standard)","ListBucket",1,0,76.475,0.000,76.472
"Tier 2 (Silver SLA - Standard)","GetSmall",1,0,13.728,0.000,13.723
"Tier 2 (Silver SLA - Standard)","ListBucket",1,0,77.917,0.000,77.913
"Tier 2 (Silver SLA - Standard)","GetSmall",1,0,13.324,0.000,13.321
"Tier 2 (Silver SLA - Standard)","ListBucket",1,0,70.875,0.000,70.872
"Tier 2 (Silver SLA - Standard)","GetSmall",1,0,15.039,0.000,15.012
"Tier 2 (Silver SLA - Standard)","GetSmall",1,0,14.263,0.000,14.258
"Tier 2 (Silver SLA - Standard)","GetSmall",1,0,13.125,0.000,13.121
"Tier 2 (Silver SLA - Standard)","ListBucket",1,0,74.651,0.000,74.641
"Tier 2 (Silver SLA - Standard)","GetSmall",1,0,14.657,0.000,14.653
"Tier 2 (Silver SLA - Standard)","ListBucket",1,0,73.727,0.000,73.723
"Tier 2 (Silver SLA - Standard)","ListBucket",1,0,63.829,0.000,63.826
"Tier 2 (Silver SLA - Standard)","GetSmall",1,0,15.418,0.000,15.415
"Tier 2 (Silver SLA - Standard)","ListBucket",1,0,71.218,0.000,71.214
"Tier 2 (Silver SLA - Standard)","GetSmall",1,0,14.108,0.000,14.096
"Tier 2 (Silver SLA - Standard)","GetSmall",1,0,13.698,0.000,13.696
"Tier 2 (Silver SLA - Standard)","GetSmall",1,0,15.048,0.000,15.045
"Tier 2 (Silver SLA - Standard)","ListBucket",1,0,70.669,0.000,70.667
"Tier 2 (Silver SLA - Standard)","GetSmall",1,0,14.780,0.000,14.777
"Tier 2 (Silver SLA - Standard)","ListBucket",1,0,70.893,0.000,70.890
"Tier 2 (Silver SLA - Standard)","ListBucket",1,0,80.450,0.000,80.445
"Tier 2 (Silver SLA - Standard)","ListBucket",1,0,74.980,0.000,74.978
"Tier 2 (Silver SLA - Standard)","GetSmall",1,0,15.141,0.000,15.137
"Tier 2 (Silver SLA - Standard)","ListBucket",1,0,67.488,0.000,67.487
"Tier 2 (Silver SLA - Standard)","GetSmall",1,0,15.038,0.000,15.035
"Tier 2 (Silver SLA - Standard)","GetSmall",1,0,15.340,0.000,15.336
"Tier 2 (Silver SLA - Standard)","ListBucket",1,0,77.191,0.000,77.188
"Tier 2 (Silver SLA - Standard)","ListBucket",1,0,63.654,0.000,63.649
"Tier 2 (Silver SLA - Standard)","ListBucket",1,0,77.230,0.000,77.221
"Tier 2 (Silver SLA - Standard)","GetSmall",1,0,14.718,0.000,14.712
"Tier 2 (Silver SLA - Standard)","ListBucket",1,0,74.006,0.000,74.002
"Tier 2 (Silver SLA - Standard)","ListBucket",1,0,73.722,0.000,73.718
"Tier 2 (Silver SLA - Standard)","ListBucket",1,0,70.749,0.000,70.747
"Tier 2 (Silver SLA - Standard)","GetSmall",1,0,13.662,0.000,13.659
"Tier 2 (Silver SLA - Standard)","ListBucket",1,0,76.572,0.000,76.568
"Tier 2 (Silver SLA - Standard)","ListBucket",1,0,72.147,0.000,72.143
"Tier 2 (Silver SLA - Standard)","ListBucket",1,0,72.715,0.000,72.713
"Tier 2 (Silver SLA - Standard)","ListBucket",1,0,70.683,0.000,70.680
"Tier 2 (Silver SLA - Standard)","ListBucket",1,0,82.622,0.000,82.592
"Tier 2 (Silver SLA - Standard)","ListBucket",1,0,63.769,0.000,63.764
"Tier 2 (Silver SLA - Standard)","GetSmall",1,0,14.712,0.000,14.709
"Tier 2 (Silver SLA - Standard)","GetSmall",1,0,14.261,0.000,14.257
"Tier 2 (Silver SLA - Standard)","GetSmall",1,0,14.971,0.000,14.967
"Tier 2 (Silver SLA - Standard)","GetSmall",1,0,13.673,0.000,13.670
"Tier 2 (Silver SLA - Standard)","GetSmall",1,0,14.504,0.000,14.497
"Tier 2 (Silver SLA - Standard)","GetSmall",1,0,14.244,0.000,14.240
"Tier 2 (Silver SLA - Standard)","ListBucket",1,0,70.879,0.000,70.875
"Tier 2 (Silver SLA - Standard)","ListBucket",1,0,71.667,0.000,71.664
"Tier 2 (Silver SLA - Standard)","ListBucket",1,0,75.046,0.000,75.040
"Tier 2 (Silver SLA - Standard)","ListBucket",1,0,64.760,0.000,64.756
"Tier 2 (Silver SLA - Standard)","GetSmall",1,0,13.727,0.000,13.720
"Tier 2 (Silver SLA - Standard)","ListBucket",1,0,69.311,0.000,69.272
"Tier 2 (Silver SLA - Standard)","ListBucket",1,0,81.964,0.000,81.961
"Tier 2 (Silver SLA - Standard)","GetSmall",1,0,13.753,0.000,13.750
"Tier 2 (Silver SLA - Standard)","GetSmall",1,0,15.920,0.000,15.916
"Tier 2 (Silver SLA - Standard)","GetSmall",1,0,15.028,0.000,15.026
"Tier 2 (Silver SLA - Standard)","GetSmall",1,0,13.759,0.000,13.756
"Tier 2 (Silver SLA - Standard)","GetSmall",1,0,12.794,0.000,12.791
"Tier 2 (Silver SLA - Standard)","GetSmall",1,0,14.835,0.000,14.833
"Tier 2 (Silver SLA - Standard)","ListBucket",1,0,76.453,0.000,76.450
"Tier 2 (Silver SLA - Standard)","ListBucket",1,0,72.218,0.000,72.215
"Tier 2 (Silver SLA - Standard)","ListBucket",1,0,77.636,0.000,77.631
"Tier 2 (Silver SLA - Standard)","GetSmall",1,0,12.778,0.000,12.774
"Tier 2 (Silver SLA - Standard)","ListBucket",1,0,71.314,0.000,71.310
"Tier 2 (Silver SLA - Standard)","GetSmall",1,0,15.143,0.000,15.139
"Tier 2 (Silver SLA - Standard)","ListBucket",1,0,77.649,0.000,77.645
"Tier 2 (Silver SLA - Standard)","ListBucket",1,0,68.757,0.000,68.754
"Tier 2 (Silver SLA - Standard)","GetSmall",1,0,14.648,0.000,14.636
"Tier 2 (Silver SLA - Standard)","ListBucket",1,0,75.321,0.000,75.317
"Tier 2 (Silver SLA - Standard)","ListBucket",1,0,71.641,0.000,71.628
"Tier 2 (Silver SLA - Standard)","ListBucket",1,0,71.407,0.000,71.403
"Tier 2 (Silver SLA - Standard)","GetSmall",1,0,15.782,0.000,15.780
"Tier 2 (Silver SLA - Standard)","ListBucket",1,0,67.119,0.000,67.110
"Tier 2 (Silver SLA - Standard)","GetSmall",1,0,13.818,0.000,13.814
"Tier 2 (Silver SLA - Standard)","ListBucket",1,0,74.833,0.000,74.830
"Tier 2 (Silver SLA - Standard)","GetSmall",1,0,13.932,0.000,13.930
"Tier 2 (Silver SLA - Standard)","GetSmall",1,0,14.756,0.000,14.752
"Tier 2 (Silver SLA - Standard)","ListBucket",1,0,74.323,0.000,74.320
"Tier 2 (Silver SLA - Standard)","ListBucket",1,0,79.273,0.000,79.271
"Tier 2 (Silver SLA - Standard)","ListBucket",1,0,77.851,0.000,77.849
"Tier 2 (Silver SLA - Standard)","GetSmall",1,0,14.874,0.000,14.871
"Tier 2 (Silver SLA - Standard)","ListBucket",1,0,78.183,0.000,78.179
"Tier 2 (Silver SLA - Standard)","ListBucket",1,0,62.388,0.001,62.385
"Tier 2 (Silver SLA - Standard)","GetSmall",1,0,14.144,0.000,14.140
"Tier 2 (Silver SLA - Standard)","ListBucket",1,0,72.410,0.000,72.406
"Tier 2 (Silver SLA - Standard)","ListBucket",1,0,76.024,0.000,76.021
"Tier 2 (Silver SLA - Standard)","GetSmall",1,0,13.720,0.000,13.717
"Tier 2 (Silver SLA - Standard)","GetSmall",1,0,15.765,0.000,15.763
"Tier 2 (Silver SLA - Standard)","GetSmall",1,0,14.764,0.000,14.761
"Tier 2 (Silver SLA - Standard)","GetSmall",1,0,14.204,0.000,14.201
"Tier 2 (Silver SLA - Standard)","GetSmall",1,0,15.558,0.000,15.555
"Tier 2 (Silver SLA - Standard)","ListBucket",1,0,74.787,0.000,74.783
"Tier 2 (Silver SLA - Standard)","ListBucket",1,0,66.564,0.000,66.553
"Tier 2 (Silver SLA - Standard)","GetSmall",1,0,13.536,0.000,13.533
"Tier 2 (Silver SLA - Standard)","ListBucket",1,0,65.673,0.000,65.671
"Tier 2 (Silver SLA - Standard)","GetSmall",1,0,13.598,0.000,13.596
"Tier 2 (Silver SLA - Standard)","GetSmall",1,0,13.520,0.000,13.517
"Tier 2 (Silver SLA - Standard)","GetSmall",1,0,14.843,0.000,14.841
"Tier 2 (Silver SLA - Standard)","ListBucket",1,0,68.968,0.000,68.965
"Tier 2 (Silver SLA - Standard)","ListBucket",1,0,73.773,0.000,73.771
"Tier 2 (Silver SLA - Standard)","ListBucket",1,0,73.019,0.000,73.013
"Tier 2 (Silver SLA - Standard)","GetSmall",1,0,13.547,0.000,13.544
"Tier 2 (Silver SLA - Standard)","GetSmall",1,0,15.575,0.000,15.570
"Tier 2 (Silver SLA - Standard)","GetSmall",1,0,13.804,0.000,13.801
"Tier 2 (Silver SLA - Standard)","ListBucket",1,0,70.660,0.000,70.656
"Tier 2 (Silver SLA - Standard)","GetSmall",1,0,15.107,0.000,15.103
"Tier 2 (Silver SLA - Standard)","ListBucket",1,0,64.432,0.000,64.430
"Tier 2 (Silver SLA - Standard)","GetSmall",1,0,12.712,0.000,12.708
"Tier 2 (Silver SLA - Standard)","GetSmall",1,0,15.170,0.000,15.167
"Tier 2 (Silver SLA - Standard)","ListBucket",1,0,79.943,0.000,79.939
"Tier 2 (Silver SLA - Standard)","GetSmall",1,0,13.953,0.000,13.949
"Tier 2 (Silver SLA - Standard)","GetSmall",1,0,16.307,0.000,16.304
"Tier 2 (Silver SLA - Standard)","ListBucket",1,0,75.011,0.000,75.008
"Tier 2 (Silver SLA - Standard)","ListBucket",1,0,75.758,0.000,75.756
"Tier 2 (Silver SLA - Standard)","ListBucket",1,0,64.673,0.000,64.670
"Tier 2 (Silver SLA - Standard)","GetSmall",1,0,16.288,0.000,16.286
"Tier 2 (Silver SLA - Standard)","ListBucket",1,0,75.810,0.000,75.808
"Tier 2 (Silver SLA - Standard)","ListBucket",1,0,63.991,0.000,63.988
"Tier 2 (Silver SLA - Standard)","ListBucket",1,0,72.762,0.000,72.759
"Tier 2 (Silver SLA - Standard)","ListBucket",1,0,71.817,0.000,71.814
"Tier 2 (Silver SLA - Standard)","GetSmall",1,0,14.883,0.000,14.881
"Tier 2 (Silver SLA - Standard)","ListBucket",1,0,74.323,0.000,74.320
"Tier 2 (Silver SLA - Standard)","ListBucket",1,0,71.115,0.000,71.113
"Tier 2 (Silver SLA - Standard)","GetSmall",1,0,14.793,0.000,14.791
"Tier 2 (Silver SLA - Standard)","ListBucket",1,0,70.413,0.000,70.412
"Tier 2 (Silver SLA - Standard)","GetSmall",1,0,14.906,0.000,14.905
"Tier 2 (Silver SLA - Standard)","ListBucket",1,0,82.738,0.000,82.735
"Tier 2 (Silver SLA - Standard)","GetSmall",1,0,14.504,0.000,14.502
"Tier 2 (Silver SLA - Standard)","ListBucket",1,0,66.957,0.000,66.955
"Tier 2 (Silver SLA - Standard)","GetSmall",1,0,13.508,0.000,13.506
"Tier 2 (Silver SLA - Standard)","ListBucket",1,0,66.147,0.000,66.145
"Tier 2 (Silver SLA - Standard)","ListBucket",1,0,74.914,0.000,74.911
"Tier 2 (Silver SLA - Standard)","GetSmall",1,0,13.164,0.000,13.162
"Tier 2 (Silver SLA - Standard)","ListBucket",1,0,69.746,0.000,69.743
"Tier 2 (Silver SLA - Standard)","ListBucket",1,0,70.322,0.000,70.320
"Tier 2 (Silver SLA - Standard)","GetSmall",1,0,13.115,0.000,13.113
"Tier 2 (Silver SLA - Standard)","ListBucket",1,0,70.484,0.000,70.481
"Tier 2 (Silver SLA - Standard)","ListBucket",1,0,77.535,0.000,77.533
"Tier 2 (Silver SLA - Standard)","GetSmall",1,0,13.811,0.000,13.808
"Tier 2 (Silver SLA - Standard)","ListBucket",1,0,70.375,0.000,70.351
"Tier 2 (Silver SLA - Standard)","GetSmall",1,0,13.294,0.000,13.282
"Tier 2 (Silver SLA - Standard)","GetSmall",1,0,14.358,0.000,14.353
"Tier 2 (Silver SLA - Standard)","ListBucket",1,0,77.240,0.000,77.236
"Tier 2 (Silver SLA - Standard)","ListBucket",1,0,76.286,0.000,76.282
"Tier 2 (Silver SLA - Standard)","GetSmall",1,0,14.508,0.000,14.505
"Tier 2 (Silver SLA - Standard)","GetSmall",1,0,13.788,0.000,13.785
"Tier 2 (Silver SLA - Standard)","ListBucket",1,0,75.756,0.000,75.753
"Tier 2 (Silver SLA - Standard)","GetSmall",1,0,16.309,0.000,16.307
"Tier 2 (Silver SLA - Standard)","GetSmall",1,0,12.770,0.000,12.767
"Tier 2 (Silver SLA - Standard)","GetSmall",1,0,13.497,0.001,13.483
"Tier 2 (Silver SLA - Standard)","ListBucket",1,0,67.413,0.000,67.410
"Tier 2 (Silver SLA - Standard)","GetSmall",1,0,13.240,0.000,13.237
"Tier 2 (Silver SLA - Standard)","ListBucket",1,0,75.983,0.000,75.982
"Tier 2 (Silver SLA - Standard)","GetSmall",1,0,14.211,0.000,14.208
"Tier 2 (Silver SLA - Standard)","ListBucket",1,0,70.585,0.000,70.583
"Tier 2 (Silver SLA - Standard)","ListBucket",1,0,68.184,0.000,68.182
"Tier 2 (Silver SLA - Standard)","ListBucket",1,0,69.584,0.000,69.581
"Tier 2 (Silver SLA - Standard)","ListBucket",1,0,73.002,0.000,72.999
"Tier 2 (Silver SLA - Standard)","ListBucket",1,0,71.502,0.000,71.500
"Tier 2 (Silver SLA - Standard)","ListBucket",1,0,66.684,0.000,66.682
"Tier 2 (Silver SLA - Standard)","GetSmall",1,0,16.483,0.000,16.480
"Tier 2 (Silver SLA - Standard)","ListBucket",1,0,64.767,0.000,64.756
"Tier 2 (Silver SLA - Standard)","GetSmall",1,0,16.370,0.000,16.367
"Tier 2 (Silver SLA - Standard)","GetSmall",1,0,15.058,0.000,15.054
"Tier 2 (Silver SLA - Standard)","GetSmall",1,0,15.499,0.000,15.495
"Tier 2 (Silver SLA - Standard)","ListBucket",1,0,73.790,0.000,73.785
"Tier 2 (Silver SLA - Standard)","ListBucket",1,0,82.888,0.000,82.884
"Tier 2 (Silver SLA - Standard)","ListBucket",1,0,74.344,0.000,74.340
"Tier 2 (Silver SLA - Standard)","ListBucket",1,0,69.496,0.000,69.493
"Tier 2 (Silver SLA - Standard)","GetSmall",1,0,15.093,0.000,15.088
"Tier 2 (Silver SLA - Standard)","ListBucket",1,0,79.425,0.000,79.413
"Tier 2 (Silver SLA - Standard)","GetSmall",1,0,14.336,0.000,14.333
"Tier 2 (Silver SLA - Standard)","ListBucket",1,0,66.628,0.000,66.624
"Tier 2 (Silver SLA - Standard)","ListBucket",1,0,68.320,0.000,68.314
"Tier 2 (Silver SLA - Standard)","GetSmall",1,0,13.955,0.000,13.952
"Tier 2 (Silver SLA - Standard)","ListBucket",1,0,67.932,0.000,67.929
"Tier 2 (Silver SLA - Standard)","GetSmall",1,0,14.635,0.000,14.632
"Tier 2 (Silver SLA - Standard)","GetSmall",1,0,14.947,0.000,14.945
"Tier 2 (Silver SLA - Standard)","ListBucket",1,0,74.822,0.000,74.819
"Tier 2 (Silver SLA - Standard)","ListBucket",1,0,74.187,0.000,74.183
"Tier 2 (Silver SLA - Standard)","GetSmall",1,0,15.644,0.000,15.641
"Tier 2 (Silver SLA - Standard)","ListBucket",1,0,77.729,0.000,77.727
"Tier 2 (Silver SLA - Standard)","ListBucket",1,0,74.077,0.000,74.074
"Tier 2 (Silver SLA - Standard)","ListBucket",1,0,77.670,0.000,77.665
"Tier 2 (Silver SLA - Standard)","GetSmall",1,0,14.848,0.000,14.846
"Tier 2 (Silver SLA - Standard)","GetSmall",1,0,13.199,0.000,13.169
"Tier 2 (Silver SLA - Standard)","GetSmall",1,0,14.289,0.000,14.262
"Tier 2 (Silver SLA - Standard)","ListBucket",1,0,77.872,0.000,77.869
"Tier 2 (Silver SLA - Standard)","ListBucket",1,0,72.821,0.000,72.818
"Tier 2 (Silver SLA - Standard)","GetSmall",1,0,15.550,0.000,15.546
"Tier 2 (Silver SLA - Standard)","GetSmall",1,0,14.776,0.000,14.772
"Tier 2 (Silver SLA - Standard)","GetSmall",1,0,14.397,0.000,14.394
"Tier 2 (Silver SLA - Standard)","ListBucket",1,0,80.465,0.000,80.463
"Tier 2 (Silver SLA - Standard)","GetSmall",1,0,14.201,0.000,14.197
"Tier 2 (Silver SLA - Standard)","ListBucket",1,0,73.087,0.000,73.085
"Tier 2 (Silver SLA - Standard)","ListBucket",1,0,73.286,0.000,73.283
"Tier 2 (Silver SLA - Standard)","GetSmall",1,0,15.195,0.000,15.192
"Tier 2 (Silver SLA - Standard)","ListBucket",1,0,66.759,0.000,66.757
"Tier 2 (Silver SLA - Standard)","ListBucket",1,0,75.761,0.000,75.757
"Tier 2 (Silver SLA - Standard)","GetSmall",1,0,14.266,0.000,14.263
"Tier 2 (Silver SLA - Standard)","GetSmall",1,0,15.327,0.000,15.321
"Tier 2 (Silver SLA - Standard)","GetSmall",1,0,16.143,0.000,16.131
"Tier 2 (Silver SLA - Standard)","GetSmall",1,0,14.103,0.001,14.100
"Tier 2 (Silver SLA - Standard)","ListBucket",1,0,65.569,0.000,65.566
"Tier 2 (Silver SLA - Standard)","GetSmall",1,0,15.346,0.000,15.342
"Tier 2 (Silver SLA - Standard)","GetSmall",1,0,14.362,0.000,14.360
"Tier 2 (Silver SLA - Standard)","GetSmall",1,0,14.276,0.000,14.273
"Tier 2 (Silver SLA - Standard)","ListBucket",1,0,74.101,0.000,74.097
"Tier 2 (Silver SLA - Standard)","ListBucket",1,0,70.008,0.000,70.005
"Tier 2 (Silver SLA - Standard)","ListBucket",1,0,67.097,0.000,67.095
"Tier 2 (Silver SLA - Standard)","ListBucket",1,0,79.007,0.000,79.004
"Tier 2 (Silver SLA - Standard)","GetSmall",1,0,15.135,0.000,15.131
"Tier 2 (Silver SLA - Standard)","GetSmall",1,0,13.923,0.000,13.920
"Tier 2 (Silver SLA - Standard)","ListBucket",1,0,74.988,0.000,74.979
"Tier 2 (Silver SLA - Standard)","ListBucket",1,0,75.378,0.000,75.373
"Tier 2 (Silver SLA - Standard)","GetSmall",1,0,15.908,0.000,15.905
"Tier 2 (Silver SLA - Standard)","GetSmall",1,0,16.205,0.000,16.202
"Tier 2 (Silver SLA - Standard)","ListBucket",1,0,65.658,0.000,65.654
"Tier 2 (Silver SLA - Standard)","GetSmall",1,0,15.120,0.000,15.117
"Tier 2 (Silver SLA - Standard)","ListBucket",1,0,67.480,0.000,67.477
"Tier 2 (Silver SLA - Standard)","GetSmall",1,0,15.231,0.000,15.228
"Tier 2 (Silver SLA - Standard)","GetSmall",1,0,15.049,0.000,15.009
"Tier 2 (Silver SLA - Standard)","ListBucket",1,0,73.777,0.000,73.774
"Tier 2 (Silver SLA - Standard)","GetSmall",1,0,14.210,0.000,14.192
"Tier 2 (Silver SLA - Standard)","GetSmall",1,0,13.092,0.000,13.088
"Tier 2 (Silver SLA - Standard)","ListBucket",1,0,71.797,0.000,71.794
"Tier 2 (Silver SLA - Standard)","GetSmall",1,0,13.912,0.000,13.910
"Tier 2 (Silver SLA - Standard)","GetSmall",1,0,15.044,0.000,14.994
"Tier 2 (Silver SLA - Standard)","ListBucket",1,0,76.903,0.000,76.898
"Tier 2 (Silver SLA - Standard)","GetSmall",1,0,15.211,0.000,15.207
"Tier 2 (Silver SLA - Standard)","ListBucket",1,0,77.099,0.000,77.090
"Tier 2 (Silver SLA - Standard)","ListBucket",1,0,69.735,0.000,69.729
"Tier 2 (Silver SLA - Standard)","GetSmall",1,0,14.071,0.000,14.065
"Tier 2 (Silver SLA - Standard)","ListBucket",1,0,65.662,0.000,65.658
"Tier 2 (Silver SLA - Standard)","GetSmall",1,0,15.665,0.000,15.662
"Tier 2 (Silver SLA - Standard)","ListBucket",1,0,74.773,0.000,74.766
"Tier 2 (Silver SLA - Standard)","GetSmall",1,0,15.237,0.000,15.234
"Tier 2 (Silver SLA - Standard)","ListBucket",1,0,74.250,0.000,74.247
"Tier 2 (Silver SLA - Standard)","ListBucket",1,0,63.912,0.000,63.908
"Tier 2 (Silver SLA - Standard)","ListBucket",1,0,79.722,0.000,79.719
"Tier 2 (Silver SLA - Standard)","GetSmall",1,0,15.100,0.000,15.096
"Tier 2 (Silver SLA - Standard)","GetSmall",1,0,14.807,0.000,14.804
"Tier 2 (Silver SLA - Standard)","ListBucket",1,0,81.068,0.000,81.066
"Tier 2 (Silver SLA - Standard)","ListBucket",1,0,71.047,0.000,71.043
"Tier 2 (Silver SLA - Standard)","GetSmall",1,0,14.229,0.000,14.225
"Tier 2 (Silver SLA - Standard)","ListBucket",1,0,75.076,0.000,75.073
"Tier 2 (Silver SLA - Standard)","GetSmall",1,0,13.977,0.000,13.974
"Tier 2 (Silver SLA - Standard)","ListBucket",1,0,75.937,0.000,75.933
"Tier 2 (Silver SLA - Standard)","GetSmall",1,0,15.047,0.000,15.042
"Tier 2 (Silver SLA - Standard)","GetSmall",1,0,14.472,0.000,14.469
"Tier 2 (Silver SLA - Standard)","GetSmall",1,0,16.332,0.000,16.329
"Tier 2 (Silver SLA - Standard)","ListBucket",1,0,79.797,0.000,79.793
"Tier 2 (Silver SLA - Standard)","ListBucket",1,0,70.484,0.000,70.481
"Tier 2 (Silver SLA - Standard)","ListBucket",1,0,70.511,0.000,70.508
"Tier 2 (Silver SLA - Standard)","GetSmall",1,0,14.168,0.000,14.166
"Tier 2 (Silver SLA - Standard)","ListBucket",1,0,78.433,0.000,78.430
"Tier 2 (Silver SLA - Standard)","ListBucket",1,0,75.561,0.000,75.557
"Tier 2 (Silver SLA - Standard)","ListBucket",1,0,68.245,0.000,68.240
"Tier 2 (Silver SLA - Standard)","GetSmall",1,0,14.884,0.000,14.881
"Tier 2 (Silver SLA - Standard)","GetSmall",1,0,13.394,0.000,13.388
"Tier 2 (Silver SLA - Standard)","GetSmall",1,0,13.430,0.000,13.428
"Tier 2 (Silver SLA - Standard)","GetSmall",1,0,16.013,0.000,16.011
"Tier 2 (Silver SLA - Standard)","GetSmall",1,0,14.113,0.000,14.110
"Tier 2 (Silver SLA - Standard)","GetSmall",1,0,14.328,0.000,14.325
"Tier 2 (Silver SLA - Standard)","ListBucket",1,0,65.379,0.000,65.375
"Tier 2 (Silver SLA - Standard)","GetSmall",1,0,13.561,0.000,13.550
"Tier 2 (Silver SLA - Standard)","ListBucket",1,0,74.867,0.000,74.856
"Tier 2 (Silver SLA - Standard)","ListBucket",1,0,67.368,0.000,67.366
"Tier 2 (Silver SLA - Standard)","GetSmall",1,0,15.145,0.000,15.142
"Tier 2 (Silver SLA - Standard)","ListBucket",1,0,76.543,0.000,76.529
"Tier 2 (Silver SLA - Standard)","GetSmall",1,0,16.098,0.000,16.071
"Tier 2 (Silver SLA - Standard)","ListBucket",1,0,75.248,0.000,75.221
"Tier 2 (Silver SLA - Standard)","ListBucket",1,0,83.674,0.000,83.669
"Tier 2 (Silver SLA - Standard)","ListBucket",1,0,65.321,0.000,65.316
"Tier 2 (Silver SLA - Standard)","GetSmall",1,0,13.392,0.000,13.388
"Tier 2 (Silver SLA - Standard)","GetSmall",1,0,15.661,0.000,15.656
"Tier 2 (Silver SLA - Standard)","GetSmall",1,0,14.983,0.000,14.970
"Tier 2 (Silver SLA - Standard)","ListBucket",1,0,78.204,0.000,78.202
"Tier 2 (Silver SLA - Standard)","GetSmall",1,0,13.253,0.000,13.248
"Tier 2 (Silver SLA - Standard)","GetSmall",1,0,13.045,0.000,13.043
"Tier 2 (Silver SLA - Standard)","GetSmall",1,0,14.618,0.000,14.615
"Tier 2 (Silver SLA - Standard)","GetSmall",1,0,13.057,0.000,13.055
"Tier 2 (Silver SLA - Standard)","GetSmall",1,0,16.344,0.000,16.342
"Tier 2 (Silver SLA - Standard)","ListBucket",1,0,70.165,0.000,70.161
"Tier 2 (Silver SLA - Standard)","ListBucket",1,0,78.799,0.000,78.795
"Tier 2 (Silver SLA - Standard)","ListBucket",1,0,77.313,0.000,77.309
"Tier 2 (Silver SLA - Standard)","GetSmall",1,0,16.148,0.000,16.145
"Tier 2 (Silver SLA - Standard)","ListBucket",1,0,74.390,0.000,74.389
"Tier 2 (Silver SLA - Standard)","ListBucket",1,0,67.113,0.000,67.102
"Tier 2 (Silver SLA - Standard)","GetSmall",1,0,14.832,0.000,14.829
"Tier 2 (Silver SLA - Standard)","ListBucket",1,0,75.874,0.000,75.873
"Tier 2 (Silver SLA - Standard)","ListBucket",1,0,67.332,0.000,67.330
"Tier 2 (Silver SLA - Standard)","ListBucket",1,0,76.216,0.000,76.213
"Tier 2 (Silver SLA - Standard)","ListBucket",1,0,72.352,0.000,72.351
"Tier 2 (Silver SLA - Standard)","GetSmall",1,0,15.352,0.000,15.349
"Tier 2 (Silver SLA - Standard)","GetSmall",1,0,13.822,0.000,13.820
"Tier 2 (Silver SLA - Standard)","GetSmall",1,0,13.883,0.000,13.879
"Tier 2 (Silver SLA - Standard)","ListBucket",1,0,78.779,0.000,78.776
"Tier 2 (Silver SLA - Standard)","ListBucket",1,0,78.288,0.000,78.286
"Tier 2 (Silver SLA - Standard)","GetSmall",1,0,13.905,0.000,13.904
"Tier 2 (Silver SLA - Standard)","GetSmall",1,0,13.966,0.000,13.963
"Tier 2 (Silver SLA - Standard)","ListBucket",1,0,70.306,0.001,70.303
"Tier 2 (Silver SLA - Standard)","GetSmall",1,0,15.826,0.000,15.825
"Tier 2 (Silver SLA - Standard)","ListBucket",1,0,73.213,0.000,73.210
"Tier 2 (Silver SLA - Standard)","ListBucket",1,0,73.007,0.000,73.005
"Tier 2 (Silver SLA - Standard)","ListBucket",1,0,71.300,0.000,71.298
"Tier 2 (Silver SLA - Standard)","ListBucket",1,0,72.843,0.000,72.840
"Tier 2 (Silver SLA - Standard)","GetSmall",1,0,15.287,0.000,15.284
"Tier 2 (Silver SLA - Standard)","ListBucket",1,0,65.083,0.000,65.081
"Tier 2 (Silver SLA - Standard)","GetSmall",1,0,13.477,0.000,13.475
"Tier 2 (Silver SLA - Standard)","GetSmall",1,0,13.157,0.000,13.154
"Tier 2 (Silver SLA - Standard)","GetSmall",1,0,14.463,0.000,14.460
"Tier 2 (Silver SLA - Standard)","GetSmall",1,0,16.004,0.000,16.002
"Tier 2 (Silver SLA - Standard)","GetSmall",1,0,15.405,0.000,15.403
"Tier 2 (Silver SLA - Standard)","ListBucket",1,0,77.353,0.000,77.351
"Tier 2 (Silver SLA - Standard)","ListBucket",1,0,64.646,0.000,64.642
"Tier 2 (Silver SLA - Standard)","GetSmall",1,0,13.439,0.000,13.437
"Tier 2 (Silver SLA - Standard)","ListBucket",1,0,65.169,0.000,65.167
"Tier 2 (Silver SLA - Standard)","ListBucket",1,0,68.891,0.000,68.889
"Tier 2 (Silver SLA - Standard)","GetSmall",1,0,14.074,0.000,14.072
"Tier 2 (Silver SLA - Standard)","ListBucket",1,0,75.299,0.000,75.297
"Tier 2 (Silver SLA - Standard)","ListBucket",1,0,76.699,0.000,76.696
"Tier 2 (Silver SLA - Standard)","ListBucket",1,0,69.457,0.000,69.452
"Tier 2 (Silver SLA - Standard)","GetSmall",1,0,14.905,0.000,14.903
"Tier 2 (Silver SLA - Standard)","GetSmall",1,0,13.842,0.000,13.837
"Tier 2 (Silver SLA - Standard)","GetSmall",1,0,14.854,0.000,14.852
"Tier 2 (Silver SLA - Standard)","GetSmall",1,0,14.108,0.000,14.106
"Tier 2 (Silver SLA - Standard)","ListBucket",1,0,67.633,0.000,67.630
"Tier 2 (Silver SLA - Standard)","ListBucket",1,0,64.124,0.000,64.122
"Tier 2 (Silver SLA - Standard)","GetSmall",1,0,14.996,0.000,14.986
"Tier 2 (Silver SLA - Standard)","ListBucket",1,0,78.543,0.000,78.541
"Tier 2 (Silver SLA - Standard)","GetSmall",1,0,13.983,0.000,13.980
"Tier 2 (Silver SLA - Standard)","GetSmall",1,0,12.946,0.000,12.944
"Tier 2 (Silver SLA - Standard)","GetSmall",1,0,13.839,0.000,13.837
"Tier 2 (Silver SLA - Standard)","ListBucket",1,0,72.615,0.000,72.613
"Tier 2 (Silver SLA - Standard)","ListBucket",1,0,74.646,0.000,74.644
"Tier 2 (Silver SLA - Standard)","ListBucket",1,0,69.999,0.000,69.996
"Tier 2 (Silver SLA - Standard)","ListBucket",1,0,75.153,0.000,75.151
"Tier 2 (Silver SLA - Standard)","ListBucket",1,0,74.683,0.000,74.681
"Tier 2 (Silver SLA - Standard)","ListBucket",1,0,76.404,0.000,76.402
"Tier 2 (Silver SLA - Standard)","GetSmall",1,0,15.430,0.000,15.427
"Tier 2 (Silver SLA - Standard)","ListBucket",1,0,77.413,0.000,77.410
"Tier 2 (Silver SLA - Standard)","ListBucket",1,0,77.314,0.000,77.304
"Tier 2 (Silver SLA - Standard)","GetSmall",1,0,14.406,0.000,14.404
"Tier 2 (Silver SLA - Standard)","ListBucket",1,0,79.403,0.000,79.401
"Tier 2 (Silver SLA - Standard)","ListBucket",1,0,77.394,0.000,77.390
"Tier 2 (Silver SLA - Standard)","GetSmall",1,0,13.436,0.000,13.433
"Tier 2 (Silver SLA - Standard)","ListBucket",1,0,67.251,0.000,67.250
"Tier 2 (Silver SLA - Standard)","GetSmall",1,0,14.688,0.000,14.686
"Tier 2 (Silver SLA - Standard)","GetSmall",1,0,15.679,0.000,15.669
"Tier 2 (Silver SLA - Standard)","GetSmall",1,0,14.852,0.000,14.851
"Tier 2 (Silver SLA - Standard)","ListBucket",1,0,65.304,0.000,65.301
"Tier 2 (Silver SLA - Standard)","GetSmall",1,0,14.029,0.000,14.028
"Tier 2 (Silver SLA - Standard)","ListBucket",1,0,70.819,0.000,70.817
"Tier 2 (Silver SLA - Standard)","ListBucket",1,0,70.117,0.000,70.109
"Tier 2 (Silver SLA - Standard)","ListBucket",1,0,74.922,0.000,74.920
"Tier 2 (Silver SLA - Standard)","GetSmall",1,0,14.936,0.000,14.935
"Tier 2 (Silver SLA - Standard)","ListBucket",1,0,77.924,0.000,77.921
"Tier 2 (Silver SLA - Standard)","ListBucket",1,0,77.779,0.000,77.778
"Tier 2 (Silver SLA - Standard)","GetSmall",1,0,16.463,0.000,16.461
"Tier 2 (Silver SLA - Standard)","GetSmall",1,0,15.063,0.000,15.061
"Tier 2 (Silver SLA - Standard)","ListBucket",1,0,68.507,0.000,68.503
"Tier 2 (Silver SLA - Standard)","ListBucket",1,0,67.976,0.000,67.974
"Tier 2 (Silver SLA - Standard)","ListBucket",1,0,75.426,0.001,75.421
"Tier 2 (Silver SLA - Standard)","ListBucket",1,0,75.690,0.001,75.685
"Tier 2 (Silver SLA - Standard)","ListBucket",1,0,77.165,0.000,77.162
"Tier 2 (Silver SLA - Standard)","GetSmall",1,0,13.785,0.000,13.784
"Tier 2 (Silver SLA - Standard)","GetSmall",1,0,13.931,0.000,13.929
"Tier 2 (Silver SLA - Standard)","ListBucket",1,0,77.397,0.000,77.396
"Tier 2 (Silver SLA - Standard)","ListBucket",1,0,67.749,0.000,67.746
"Tier 2 (Silver SLA - Standard)","ListBucket",1,0,77.300,0.000,77.298
"Tier 2 (Silver SLA - Standard)","ListBucket",1,0,78.953,0.000,78.950
"Tier 2 (Silver SLA - Standard)","ListBucket",1,0,75.261,0.000,75.260
"Tier 2 (Silver SLA - Standard)","ListBucket",1,0,68.145,0.000,68.143
"Tier 2 (Silver SLA - Standard)","ListBucket",1,0,74.810,0.000,74.808
"Tier 2 (Silver SLA - Standard)","ListBucket",1,0,75.063,0.000,75.060
"Tier 2 (Silver SLA - Standard)","GetSmall",1,0,15.298,0.000,15.296
"Tier 2 (Silver SLA - Standard)","ListBucket",1,0,68.800,0.000,68.797
"Tier 2 (Silver SLA - Standard)","GetSmall",1,0,14.629,0.000,14.626
"Tier 2 (Silver SLA - Standard)","GetSmall",1,0,13.077,0.000,13.074
"Tier 2 (Silver SLA - Standard)","ListBucket",1,0,72.757,0.000,72.754
"Tier 2 (Silver SLA - Standard)","GetSmall",1,0,15.566,0.000,15.564
"Tier 2 (Silver SLA - Standard)","ListBucket",1,0,74.477,0.000,74.471
"Tier 2 (Silver SLA - Standard)","ListBucket",1,0,75.468,0.000,75.464
"Tier 2 (Silver SLA - Standard)","ListBucket",1,0,64.509,0.000,64.503
"Tier 2 (Silver SLA - Standard)","GetSmall",1,0,13.442,0.000,13.440
"Tier 2 (Silver SLA - Standard)","GetSmall",1,0,13.170,0.000,13.167
"Tier 2 (Silver SLA - Standard)","GetSmall",1,0,12.933,0.000,12.931
"Tier 2 (Silver SLA - Standard)","ListBucket",1,0,77.222,0.000,77.220
"Tier 2 (Silver SLA - Standard)","ListBucket",1,0,68.004,0.000,68.000
"Tier 2 (Silver SLA - Standard)","ListBucket",1,0,75.604,0.000,75.601
"Tier 2 (Silver SLA - Standard)","GetSmall",1,0,15.873,0.000,15.872
"Tier 2 (Silver SLA - Standard)","ListBucket",1,0,75.729,0.000,75.724
"Tier 2 (Silver SLA - Standard)","ListBucket",1,0,65.442,0.000,65.440
"Tier 2 (Silver SLA - Standard)","ListBucket",1,0,81.270,0.000,81.266
"Tier 2 (Silver SLA - Standard)","GetSmall",1,0,12.701,0.000,12.697
"Tier 2 (Silver SLA - Standard)","GetSmall",1,0,13.521,0.000,13.519
"Tier 2 (Silver SLA - Standard)","ListBucket",1,0,65.774,0.000,65.772
"Tier 2 (Silver SLA - Standard)","ListBucket",1,0,77.711,0.000,77.709
"Tier 2 (Silver SLA - Standard)","GetSmall",1,0,14.567,0.001,14.564
"Tier 2 (Silver SLA - Standard)","ListBucket",1,0,67.626,0.000,67.613
"Tier 2 (Silver SLA - Standard)","GetSmall",1,0,14.147,0.000,14.138
"Tier 2 (Silver SLA - Standard)","ListBucket",1,0,73.224,0.000,73.223
"Tier 2 (Silver SLA - Standard)","GetSmall",1,0,14.226,0.000,14.219
"Tier 2 (Silver SLA - Standard)","GetSmall",1,0,13.513,0.000,13.510
"Tier 2 (Silver SLA - Standard)","ListBucket",1,0,71.359,0.000,71.356
"Tier 2 (Silver SLA - Standard)","GetSmall",1,0,13.828,0.000,13.825
"Tier 2 (Silver SLA - Standard)","GetSmall",1,0,11.834,0.000,11.831
"Tier 2 (Silver SLA - Standard)","ListBucket",1,0,67.037,0.000,67.034
"Tier 2 (Silver SLA - Standard)","GetSmall",1,0,15.018,0.000,15.015
"Tier 2 (Silver SLA - Standard)","ListBucket",1,0,74.434,0.000,74.432
"Tier 2 (Silver SLA - Standard)","ListBucket",1,0,78.374,0.000,78.371
"Tier 2 (Silver SLA - Standard)","ListBucket",1,0,72.784,0.000,72.781
"Tier 2 (Silver SLA - Standard)","GetSmall",1,0,15.743,0.000,15.740
"Tier 2 (Silver SLA - Standard)","ListBucket",1,0,64.456,0.000,64.455
"Tier 2 (Silver SLA - Standard)","ListBucket",1,0,75.432,0.000,75.429
"Tier 2 (Silver SLA - Standard)","GetSmall",1,0,15.128,0.000,15.126
"Tier 2 (Silver SLA - Standard)","GetSmall",1,0,14.808,0.000,14.804
"Tier 2 (Silver SLA - Standard)","ListBucket",1,0,67.341,0.000,67.338
"Tier 2 (Silver SLA - Standard)","GetSmall",1,0,15.469,0.000,15.467
"Tier 2 (Silver SLA - Standard)","GetSmall",1,0,12.775,0.000,12.774
"Tier 2 (Silver SLA - Standard)","ListBucket",1,0,76.280,0.000,76.278
"Tier 2 (Silver SLA - Standard)","GetSmall",1,0,13.324,0.000,13.322
"Tier 2 (Silver SLA - Standard)","GetSmall",1,0,13.716,0.000,13.714
"Tier 2 (Silver SLA - Standard)","GetSmall",1,0,13.815,0.000,13.814
"Tier 2 (Silver SLA - Standard)","ListBucket",1,0,68.760,0.000,68.756
"Tier 2 (Silver SLA - Standard)","ListBucket",1,0,63.528,0.000,63.525
"Tier 2 (Silver SLA - Standard)","ListBucket",1,0,70.327,0.000,70.325
"Tier 2 (Silver SLA - Standard)","ListBucket",1,0,64.546,0.000,64.543
"Tier 2 (Silver SLA - Standard)","ListBucket",1,0,63.905,0.000,63.901
"Tier 2 (Silver SLA - Standard)","ListBucket",1,0,63.373,0.000,63.371
"Tier 2 (Silver SLA - Standard)","ListBucket",1,0,63.938,0.000,63.935
"Tier 2 (Silver SLA - Standard)","ListBucket",1,0,64.237,0.000,64.225
"Tier 2 (Silver SLA - Standard)","ListBucket",1,0,64.936,0.000,64.927
"Tier 2 (Silver SLA - Standard)","ListBucket",1,0,70.919,0.000,70.917
"Tier 2 (Silver SLA - Standard)","GetSmall",1,0,16.225,0.000,16.222
"Tier 2 (Silver SLA - Standard)","ListBucket",1,0,66.420,0.000,66.415
"Tier 2 (Silver SLA - Standard)","GetSmall",1,0,13.569,0.000,13.566
"Tier 2 (Silver SLA - Standard)","ListBucket",1,0,73.742,0.000,73.737
"Tier 2 (Silver SLA - Standard)","ListBucket",1,0,74.556,0.000,74.555
"Tier 2 (Silver SLA - Standard)","ListBucket",1,0,70.299,0.000,70.295
"Tier 2 (Silver SLA - Standard)","ListBucket",1,0,70.800,0.000,70.798
"Tier 2 (Silver SLA - Standard)","GetSmall",1,0,13.884,0.000,13.882
"Tier 2 (Silver SLA - Standard)","GetSmall",1,0,15.953,0.000,15.951
"Tier 2 (Silver SLA - Standard)","GetSmall",1,0,16.536,0.000,16.533
"Tier 2 (Silver SLA - Standard)","GetSmall",1,0,15.610,0.000,15.607
"Tier 2 (Silver SLA - Standard)","ListBucket",1,0,68.158,0.000,68.156
"Tier 2 (Silver SLA - Standard)","ListBucket",1,0,72.090,0.000,72.087
"Tier 2 (Silver SLA - Standard)","GetSmall",1,0,13.326,0.000,13.324
"Tier 2 (Silver SLA - Standard)","GetSmall",1,0,13.804,0.000,13.803
"Tier 2 (Silver SLA - Standard)","GetSmall",1,0,15.456,0.000,15.455
"Tier 2 (Silver SLA - Standard)","GetSmall",1,0,13.469,0.000,13.468
"Tier 2 (Silver SLA - Standard)","GetSmall",1,0,14.556,0.000,14.555
"Tier 2 (Silver SLA - Standard)","ListBucket",1,0,74.878,0.000,74.865
"Tier 2 (Silver SLA - Standard)","ListBucket",1,0,73.336,0.000,73.333
"Tier 2 (Silver SLA - Standard)","ListBucket",1,0,76.641,0.000,76.638
"Tier 2 (Silver SLA - Standard)","GetSmall",1,0,14.874,0.000,14.870
"Tier 2 (Silver SLA - Standard)","ListBucket",1,0,75.560,0.000,75.557
"Tier 2 (Silver SLA - Standard)","ListBucket",1,0,70.835,0.000,70.833
"Tier 2 (Silver SLA - Standard)","ListBucket",1,0,67.721,0.000,67.718
"Tier 2 (Silver SLA - Standard)","ListBucket",1,0,79.342,0.000,79.339
"Tier 2 (Silver SLA - Standard)","ListBucket",1,0,67.926,0.000,67.925
"Tier 2 (Silver SLA - Standard)","GetSmall",1,0,15.252,0.000,15.238
"Tier 2 (Silver SLA - Standard)","ListBucket",1,0,70.630,0.000,70.626
"Tier 2 (Silver SLA - Standard)","ListBucket",1,0,71.482,0.000,71.479
"Tier 2 (Silver SLA - Standard)","ListBucket",1,0,68.937,0.000,68.935
"Tier 2 (Silver SLA - Standard)","ListBucket",1,0,70.439,0.000,70.436
"Tier 2 (Silver SLA - Standard)","ListBucket",1,0,66.096,0.000,66.087
"Tier 2 (Silver SLA - Standard)","GetSmall",1,0,14.038,0.000,14.036
"Tier 2 (Silver SLA - Standard)","ListBucket",1,0,69.323,0.000,69.321
"Tier 2 (Silver SLA - Standard)","GetSmall",1,0,13.851,0.000,13.849
"Tier 2 (Silver SLA - Standard)","ListBucket",1,0,72.813,0.000,72.810
"Tier 2 (Silver SLA - Standard)","GetSmall",1,0,15.741,0.000,15.739
"Tier 2 (Silver SLA - Standard)","ListBucket",1,0,75.922,0.000,75.906
"Tier 2 (Silver SLA - Standard)","GetSmall",1,0,13.768,0.000,13.750
"Tier 2 (Silver SLA - Standard)","GetSmall",1,0,15.389,0.000,15.382
"Tier 2 (Silver SLA - Standard)","ListBucket",1,0,78.074,0.000,78.072
"Tier 2 (Silver SLA - Standard)","ListBucket",1,0,77.232,0.000,77.229
"Tier 2 (Silver SLA - Standard)","GetSmall",1,0,13.220,0.000,13.217
"Tier 2 (Silver SLA - Standard)","GetSmall",1,0,15.477,0.000,15.475
"Tier 2 (Silver SLA - Standard)","ListBucket",1,0,73.817,0.000,73.815
"Tier 2 (Silver SLA - Standard)","GetSmall",1,0,15.795,0.000,15.792
"Tier 2 (Silver SLA - Standard)","GetSmall",1,0,13.919,0.000,13.916
"Tier 2 (Silver SLA - Standard)","GetSmall",1,0,14.624,0.000,14.622
"Tier 2 (Silver SLA - Standard)","ListBucket",1,0,73.712,0.000,73.709
"Tier 2 (Silver SLA - Standard)","GetSmall",1,0,15.790,0.000,15.776
"Tier 2 (Silver SLA - Standard)","ListBucket",1,0,79.268,0.000,79.266
"Tier 2 (Silver SLA - Standard)","GetSmall",1,0,15.656,0.000,15.655
"Tier 2 (Silver SLA - Standard)","ListBucket",1,0,77.128,0.000,77.126
"Tier 2 (Silver SLA - Standard)","ListBucket",1,0,66.947,0.000,66.945
"Tier 2 (Silver SLA - Standard)","GetSmall",1,0,14.176,0.000,14.173
"Tier 2 (Silver SLA - Standard)","GetSmall",1,0,14.514,0.000,14.511
"Tier 2 (Silver SLA - Standard)","GetSmall",1,0,16.088,0.000,16.087
"Tier 2 (Silver SLA - Standard)","GetSmall",1,0,14.193,0.000,14.192
"Tier 2 (Silver SLA - Standard)","GetSmall",1,0,13.733,0.001,13.728
"Tier 2 (Silver SLA - Standard)","GetSmall",1,0,14.582,0.000,14.573
"Tier 2 (Silver SLA - Standard)","GetSmall",1,0,15.897,0.000,15.894
"Tier 2 (Silver SLA - Standard)","ListBucket",1,0,65.058,0.000,65.056
"Tier 2 (Silver SLA - Standard)","GetSmall",1,0,14.977,0.000,14.975
"Tier 2 (Silver SLA - Standard)","GetSmall",1,0,14.477,0.000,14.475
"Tier 2 (Silver SLA - Standard)","GetSmall",1,0,16.258,0.000,16.253
"Tier 2 (Silver SLA - Standard)","GetSmall",1,0,14.397,0.000,14.396
"Tier 2 (Silver SLA - Standard)","ListBucket",1,0,79.049,0.000,79.047
"Tier 2 (Silver SLA - Standard)","GetSmall",1,0,15.081,0.000,15.080
"Tier 2 (Silver SLA - Standard)","ListBucket",1,0,62.288,0.000,62.286
"Tier 2 (Silver SLA - Standard)","GetSmall",1,0,13.966,0.000,13.964
"Tier 2 (Silver SLA - Standard)","ListBucket",1,0,67.971,0.000,67.960
"Tier 2 (Silver SLA - Standard)","GetSmall",1,0,15.415,0.000,15.414
"Tier 2 (Silver SLA - Standard)","ListBucket",1,0,66.151,0.001,66.148
"Tier 2 (Silver SLA - Standard)","ListBucket",1,0,68.867,0.000,68.865
"Tier 2 (Silver SLA - Standard)","ListBucket",1,0,69.820,0.000,69.816
"Tier 2 (Silver SLA - Standard)","ListBucket",1,0,69.178,0.000,69.176
"Tier 2 (Silver SLA - Standard)","GetSmall",1,0,13.636,0.000,13.634
"Tier 2 (Silver SLA - Standard)","GetSmall",1,0,14.838,0.000,14.837
"Tier 2 (Silver SLA - Standard)","ListBucket",1,0,77.788,0.000,77.781
"Tier 2 (Silver SLA - Standard)","ListBucket",1,0,72.805,0.000,72.803
"Tier 2 (Silver SLA - Standard)","ListBucket",1,0,73.953,0.000,73.951
"Tier 2 (Silver SLA - Standard)","ListBucket",1,0,76.121,0.000,76.119
"Tier 2 (Silver SLA - Standard)","ListBucket",1,0,70.765,0.000,70.763
"Tier 2 (Silver SLA - Standard)","ListBucket",1,0,69.883,0.000,69.879
"Tier 2 (Silver SLA - Standard)","ListBucket",1,0,67.364,0.000,67.362
"Tier 2 (Silver SLA - Standard)","GetSmall",1,0,15.625,0.000,15.622
"Tier 2 (Silver SLA - Standard)","GetSmall",1,0,14.624,0.000,14.621
"Tier 2 (Silver SLA - Standard)","GetSmall",1,0,15.101,0.000,15.097
"Tier 2 (Silver SLA - Standard)","GetSmall",1,0,15.476,0.000,15.473
"Tier 2 (Silver SLA - Standard)","ListBucket",1,0,66.291,0.000,66.289
"Tier 2 (Silver SLA - Standard)","GetSmall",1,0,15.589,0.000,15.588
"Tier 2 (Silver SLA - Standard)","GetSmall",1,0,14.928,0.000,14.927
"Tier 2 (Silver SLA - Standard)","ListBucket",1,0,71.303,0.000,71.300
"Tier 2 (Silver SLA - Standard)","ListBucket",1,0,77.386,0.000,77.383
"Tier 2 (Silver SLA - Standard)","GetSmall",1,0,13.912,0.000,13.909
"Tier 2 (Silver SLA - Standard)","GetSmall",1,0,14.247,0.000,14.244
"Tier 2 (Silver SLA - Standard)","GetSmall",1,0,12.716,0.000,12.715
"Tier 2 (Silver SLA - Standard)","GetSmall",1,0,13.160,0.000,13.157
"Tier 2 (Silver SLA - Standard)","GetSmall",1,0,13.423,0.000,13.412
"Tier 2 (Silver SLA - Standard)","ListBucket",1,0,82.626,0.000,82.625
"Tier 2 (Silver SLA - Standard)","GetSmall",1,0,15.722,0.000,15.719
"Tier 2 (Silver SLA - Standard)","GetSmall",1,0,16.511,0.000,16.508
"Tier 2 (Silver SLA - Standard)","ListBucket",1,0,74.826,0.000,74.824
"Tier 2 (Silver SLA - Standard)","ListBucket",1,0,65.533,0.000,65.529
"Tier 2 (Silver SLA - Standard)","GetSmall",1,0,16.342,0.000,16.339
"Tier 2 (Silver SLA - Standard)","ListBucket",1,0,78.605,0.000,78.595
"Tier 2 (Silver SLA - Standard)","GetSmall",1,0,13.205,0.000,13.203
"Tier 2 (Silver SLA - Standard)","ListBucket",1,0,72.898,0.000,72.897
"Tier 2 (Silver SLA - Standard)","GetSmall",1,0,14.796,0.000,14.795
"Tier 2 (Silver SLA - Standard)","ListBucket",1,0,77.276,0.000,77.271
"Tier 2 (Silver SLA - Standard)","GetSmall",1,0,13.788,0.000,13.786
"Tier 2 (Silver SLA - Standard)","GetSmall",1,0,14.394,0.000,14.392
"Tier 2 (Silver SLA - Standard)","ListBucket",1,0,77.926,0.000,77.924
"Tier 2 (Silver SLA - Standard)","ListBucket",1,0,69.166,0.000,69.156
"Tier 2 (Silver SLA - Standard)","ListBucket",1,0,66.911,0.000,66.900
"Tier 2 (Silver SLA - Standard)","ListBucket",1,0,67.413,0.000,67.412
"Tier 2 (Silver SLA - Standard)","GetSmall",1,0,13.409,0.000,13.406
"Tier 2 (Silver SLA - Standard)","GetSmall",1,0,15.522,0.000,15.520
"Tier 2 (Silver SLA - Standard)","GetSmall",1,0,14.668,0.000,14.666
"Tier 2 (Silver SLA - Standard)","ListBucket",1,0,69.540,0.000,69.539
"Tier 2 (Silver SLA - Standard)","GetSmall",1,0,15.575,0.000,15.574
"Tier 2 (Silver SLA - Standard)","GetSmall",1,0,16.351,0.000,16.349
"Tier 2 (Silver SLA - Standard)","GetSmall",1,0,16.702,0.000,16.700
"Tier 2 (Silver SLA - Standard)","GetSmall",1,0,15.630,0.000,15.627
"Tier 2 (Silver SLA - Standard)","GetSmall",1,0,13.335,0.000,13.333
"Tier 2 (Silver SLA - Standard)","GetSmall",1,0,14.776,0.000,14.773
"Tier 2 (Silver SLA - Standard)","GetSmall",1,0,12.715,0.000,12.711
"Tier 2 (Silver SLA - Standard)","ListBucket",1,0,80.819,0.000,80.816
"Tier 2 (Silver SLA - Standard)","ListBucket",1,0,75.577,0.000,75.573
"Tier 2 (Silver SLA - Standard)","ListBucket",1,0,81.509,0.000,81.507
"Tier 2 (Silver SLA - Standard)","ListBucket",1,0,78.909,0.000,78.903
"Tier 2 (Silver SLA - Standard)","GetSmall",1,0,15.758,0.000,15.746
"Tier 2 (Silver SLA - Standard)","GetSmall",1,0,13.163,0.000,13.162
"Tier 2 (Silver SLA - Standard)","GetSmall",1,0,13.787,0.000,13.776
"Tier 2 (Silver SLA - Standard)","ListBucket",1,0,72.332,0.000,72.330
"Tier 2 (Silver SLA - Standard)","ListBucket",1,0,69.424,0.000,69.420
"Tier 2 (Silver SLA - Standard)","GetSmall",1,0,15.395,0.000,15.393
"Tier 2 (Silver SLA - Standard)","ListBucket",1,0,73.466,0.000,73.464
"Tier 2 (Silver SLA - Standard)","GetSmall",1,0,14.801,0.000,14.798
"Tier 2 (Silver SLA - Standard)","ListBucket",1,0,73.078,0.000,73.076
"Tier 2 (Silver SLA - Standard)","GetSmall",1,0,13.855,0.000,13.852
"Tier 2 (Silver SLA - Standard)","GetSmall",1,0,14.429,0.000,14.424
"Tier 2 (Silver SLA - Standard)","ListBucket",1,0,73.183,0.000,73.181
"Tier 2 (Silver SLA - Standard)","GetSmall",1,0,15.793,0.000,15.791
"Tier 2 (Silver SLA - Standard)","ListBucket",1,0,72.137,0.000,72.134
"Tier 2 (Silver SLA - Standard)","ListBucket",1,0,70.091,0.000,70.089
"Tier 2 (Silver SLA - Standard)","GetSmall",1,0,14.752,0.000,14.749
"Tier 2 (Silver SLA - Standard)","ListBucket",1,0,70.246,0.000,70.243
"Tier 2 (Silver SLA - Standard)","GetSmall",1,0,14.437,0.000,14.435
"Tier 2 (Silver SLA - Standard)","ListBucket",1,0,69.132,0.000,69.130
"Tier 2 (Silver SLA - Standard)","GetSmall",1,0,16.193,0.000,16.192
"Tier 2 (Silver SLA - Standard)","ListBucket",1,0,80.202,0.000,80.199
"Tier 2 (Silver SLA - Standard)","ListBucket",1,0,72.425,0.000,72.422
"Tier 2 (Silver SLA - Standard)","GetSmall",1,0,13.836,0.000,13.833
"Tier 2 (Silver SLA - Standard)","ListBucket",1,0,80.928,0.000,80.926
"Tier 2 (Silver SLA - Standard)","GetSmall",1,0,13.699,0.000,13.696
"Tier 2 (Silver SLA - Standard)","ListBucket",1,0,75.447,0.000,75.444
"Tier 2 (Silver SLA - Standard)","ListBucket",1,0,70.205,0.000,70.203
"Tier 2 (Silver SLA - Standard)","ListBucket",1,0,81.434,0.000,81.432
"Tier 2 (Silver SLA - Standard)","ListBucket",1,0,78.560,0.000,78.557
"Tier 2 (Silver SLA - Standard)","ListBucket",1,0,67.038,0.001,67.030
"Tier 2 (Silver SLA - Standard)","GetSmall",1,0,14.084,0.000,14.082
"Tier 2 (Silver SLA - Standard)","GetSmall",1,0,14.333,0.000,14.330
"Tier 2 (Silver SLA - Standard)","ListBucket",1,0,72.496,0.000,72.493
"Tier 2 (Silver SLA - Standard)","ListBucket",1,0,68.826,0.000,68.823
"Tier 2 (Silver SLA - Standard)","ListBucket",1,0,67.041,0.000,67.039
"Tier 2 (Silver SLA - Standard)","GetSmall",1,0,13.911,0.000,13.907
"Tier 2 (Silver SLA - Standard)","ListBucket",1,0,77.004,0.000,77.002
"Tier 2 (Silver SLA - Standard)","GetSmall",1,0,15.279,0.000,15.276
"Tier 2 (Silver SLA - Standard)","ListBucket",1,0,73.196,0.000,73.191
"Tier 2 (Silver SLA - Standard)","ListBucket",1,0,76.508,0.000,76.506
"Tier 2 (Silver SLA - Standard)","ListBucket",1,0,70.913,0.000,70.912
"Tier 2 (Silver SLA - Standard)","ListBucket",1,0,80.738,0.000,80.735
"Tier 2 (Silver SLA - Standard)","GetSmall",1,0,13.655,0.000,13.652
"Tier 2 (Silver SLA - Standard)","GetSmall",1,0,14.762,0.000,14.760
"Tier 2 (Silver SLA - Standard)","ListBucket",1,0,69.152,0.000,69.150
"Tier 2 (Silver SLA - Standard)","ListBucket",1,0,64.613,0.000,64.610
"Tier 2 (Silver SLA - Standard)","GetSmall",1,0,14.221,0.000,14.218
"Tier 2 (Silver SLA - Standard)","GetSmall",1,0,13.733,0.000,13.730
"Tier 2 (Silver SLA - Standard)","GetSmall",1,0,15.016,0.000,15.015
"Tier 2 (Silver SLA - Standard)","GetSmall",1,0,13.158,0.000,13.154
"Tier 2 (Silver SLA - Standard)","GetSmall",1,0,13.867,0.000,13.864
"Tier 2 (Silver SLA - Standard)","GetSmall",1,0,14.045,0.000,14.041
"Tier 2 (Silver SLA - Standard)","ListBucket",1,0,71.069,0.000,71.063
"Tier 2 (Silver SLA - Standard)","ListBucket",1,0,71.002,0.000,71.000
"Tier 2 (Silver SLA - Standard)","ListBucket",1,0,71.350,0.000,71.347
"Tier 2 (Silver SLA - Standard)","ListBucket",1,0,65.724,0.000,65.723
"Tier 2 (Silver SLA - Standard)","GetSmall",1,0,13.770,0.000,13.769
"Tier 2 (Silver SLA - Standard)","GetSmall",1,0,13.459,0.000,13.457
"Tier 2 (Silver SLA - Standard)","GetSmall",1,0,15.614,0.000,15.612
"Tier 2 (Silver SLA - Standard)","ListBucket",1,0,71.160,0.000,71.157
"Tier 2 (Silver SLA - Standard)","ListBucket",1,0,70.620,0.000,70.619
"Tier 2 (Silver SLA - Standard)","ListBucket",1,0,76.837,0.000,76.835
"Tier 2 (Silver SLA - Standard)","GetSmall",1,0,13.362,0.000,13.359
"Tier 2 (Silver SLA - Standard)","ListBucket",1,0,79.253,0.000,79.250
"Tier 2 (Silver SLA - Standard)","ListBucket",1,0,73.087,0.000,73.085
"Tier 2 (Silver SLA - Standard)","GetSmall",1,0,15.546,0.000,15.544
"Tier 2 (Silver SLA - Standard)","ListBucket",1,0,74.657,0.000,74.649
"Tier 2 (Silver SLA - Standard)","GetSmall",1,0,14.572,0.000,14.570
"Tier 2 (Silver SLA - Standard)","GetSmall",1,0,13.772,0.000,13.770
"Tier 2 (Silver SLA - Standard)","GetSmall",1,0,13.990,0.000,13.987
"Tier 2 (Silver SLA - Standard)","GetSmall",1,0,14.278,0.000,14.275
"Tier 2 (Silver SLA - Standard)","GetSmall",1,0,15.604,0.000,15.602
"Tier 2 (Silver SLA - Standard)","GetSmall",1,0,13.569,0.000,13.557
"Tier 2 (Silver SLA - Standard)","ListBucket",1,0,68.147,0.000,68.139
"Tier 2 (Silver SLA - Standard)","ListBucket",1,0,76.545,0.000,76.534
"Tier 2 (Silver SLA - Standard)","ListBucket",1,0,83.211,0.000,83.209
"Tier 2 (Silver SLA - Standard)","ListBucket",1,0,79.755,0.000,79.747
"Tier 2 (Silver SLA - Standard)","GetSmall",1,0,13.272,0.000,13.270
"Tier 2 (Silver SLA - Standard)","ListBucket",1,0,74.357,0.000,74.355
"Tier 2 (Silver SLA - Standard)","ListBucket",1,0,69.563,0.000,69.562
"Tier 2 (Silver SLA - Standard)","ListBucket",1,0,76.698,0.000,76.686
"Tier 2 (Silver SLA - Standard)","ListBucket",1,0,67.847,0.000,67.845
"Tier 2 (Silver SLA - Standard)","ListBucket",1,0,71.425,0.000,71.424
"Tier 2 (Silver SLA - Standard)","ListBucket",1,0,68.351,0.000,68.348
"Tier 2 (Silver SLA - Standard)","GetSmall",1,0,16.077,0.000,16.076
"Tier 2 (Silver SLA - Standard)","ListBucket",1,0,79.110,0.000,79.108
"Tier 2 (Silver SLA - Standard)","ListBucket",1,0,67.653,0.000,67.650
"Tier 2 (Silver SLA - Standard)","GetSmall",1,0,15.637,0.000,15.635
"Tier 2 (Silver SLA - Standard)","GetSmall",1,0,14.006,0.000,14.004
"Tier 2 (Silver SLA - Standard)","ListBucket",1,0,66.647,0.000,66.646
"Tier 2 (Silver SLA - Standard)","GetSmall",1,0,15.487,0.000,15.486
"Tier 2 (Silver SLA - Standard)","ListBucket",1,0,67.655,0.000,67.643
"Tier 2 (Silver SLA - Standard)","GetSmall",1,0,15.594,0.000,15.593
"Tier 2 (Silver SLA - Standard)","ListBucket",1,0,79.142,0.000,79.140
"Tier 2 (Silver SLA - Standard)","ListBucket",1,0,75.311,0.000,75.309
"Tier 2 (Silver SLA - Standard)","GetSmall",1,0,14.856,0.000,14.844
"Tier 2 (Silver SLA - Standard)","GetSmall",1,0,12.937,0.000,12.936
"Tier 2 (Silver SLA - Standard)","ListBucket",1,0,77.949,0.000,77.946
"Tier 2 (Silver SLA - Standard)","ListBucket",1,0,75.996,0.000,75.994
"Tier 2 (Silver SLA - Standard)","GetSmall",1,0,15.835,0.000,15.826
"Tier 2 (Silver SLA - Standard)","ListBucket",1,0,55.824,0.000,55.819
"Tier 2 (Silver SLA - Standard)","ListBucket",1,0,80.063,0.000,80.061
"Tier 2 (Silver SLA - Standard)","ListBucket",1,0,57.695,0.001,57.691
"Tier 2 (Silver SLA - Standard)","ListBucket",1,0,70.906,0.000,70.904
"Tier 2 (Silver SLA - Standard)","GetSmall",1,0,16.616,0.000,16.610
"Tier 2 (Silver SLA - Standard)","GetSmall",1,0,13.077,0.000,13.071
"Tier 2 (Silver SLA - Standard)","ListBucket",1,0,63.701,0.000,63.697
"Tier 2 (Silver SLA - Standard)","GetSmall",1,0,14.577,0.000,14.574
"Tier 2 (Silver SLA - Standard)","ListBucket",1,0,66.201,0.000,66.200
"Tier 2 (Silver SLA - Standard)","GetSmall",1,0,13.329,0.000,13.327
"Tier 2 (Silver SLA - Standard)","ListBucket",1,0,77.298,0.000,77.296
"Tier 2 (Silver SLA - Standard)","ListBucket",1,0,81.451,0.000,81.449
"Tier 2 (Silver SLA - Standard)","GetSmall",1,0,14.093,0.000,14.091
"Tier 2 (Silver SLA - Standard)","GetSmall",1,0,13.446,0.000,13.444
"Tier 2 (Silver SLA - Standard)","GetSmall",1,0,15.963,0.000,15.960
"Tier 2 (Silver SLA - Standard)","ListBucket",1,0,82.282,0.000,82.279
"Tier 2 (Silver SLA - Standard)","GetSmall",1,0,14.323,0.000,14.321
"Tier 2 (Silver SLA - Standard)","GetSmall",1,0,15.483,0.000,15.482
"Tier 2 (Silver SLA - Standard)","GetSmall",1,0,15.151,0.000,15.149
"Tier 2 (Silver SLA - Standard)","ListBucket",1,0,69.975,0.000,69.974
"Tier 2 (Silver SLA - Standard)","ListBucket",1,0,68.675,0.000,68.673
"Tier 2 (Silver SLA - Standard)","GetSmall",1,0,13.233,0.000,13.232
"Tier 2 (Silver SLA - Standard)","ListBucket",1,0,72.139,0.000,72.137
"Tier 2 (Silver SLA - Standard)","GetSmall",1,0,14.481,0.000,14.478
"Tier 2 (Silver SLA - Standard)","GetSmall",1,0,13.915,0.000,13.912
"Tier 2 (Silver SLA - Standard)","ListBucket",1,0,72.014,0.000,72.012
"Tier 2 (Silver SLA - Standard)","GetSmall",1,0,15.782,0.000,15.780
"Tier 2 (Silver SLA - Standard)","GetSmall",1,0,12.450,0.000,12.446
"Tier 2 (Silver SLA - Standard)","ListBucket",1,0,69.988,0.000,69.982
"Tier 2 (Silver SLA - Standard)","ListBucket",1,0,69.810,0.000,69.808
"Tier 2 (Silver SLA - Standard)","ListBucket",1,0,66.611,0.000,66.607
"Tier 2 (Silver SLA - Standard)","GetSmall",1,0,15.961,0.000,15.960
"Tier 2 (Silver SLA - Standard)","ListBucket",1,0,69.099,0.000,69.087
"Tier 2 (Silver SLA - Standard)","GetSmall",1,0,15.184,0.000,15.182
"Tier 2 (Silver SLA - Standard)","GetSmall",1,0,14.247,0.000,14.235
"Tier 2 (Silver SLA - Standard)","GetSmall",1,0,13.922,0.000,13.910
"Tier 2 (Silver SLA - Standard)","ListBucket",1,0,76.218,0.000,76.217
"Tier 2 (Silver SLA - Standard)","ListBucket",1,0,77.713,0.000,77.704
"Tier 2 (Silver SLA - Standard)","ListBucket",1,0,67.657,0.000,67.653
"Tier 2 (Silver SLA - Standard)","GetSmall",1,0,13.740,0.000,13.738
"Tier 2 (Silver SLA - Standard)","GetSmall",1,0,14.667,0.000,14.664
"Tier 2 (Silver SLA - Standard)","GetSmall",1,0,13.368,0.000,13.367
"Tier 2 (Silver SLA - Standard)","ListBucket",1,0,76.847,0.000,76.845
"Tier 2 (Silver SLA - Standard)","GetSmall",1,0,14.204,0.000,14.201
"Tier 2 (Silver SLA - Standard)","ListBucket",1,0,81.164,0.000,81.160
"Tier 2 (Silver SLA - Standard)","GetSmall",1,0,14.546,0.000,14.542
"Tier 2 (Silver SLA - Standard)","GetSmall",1,0,15.775,0.000,15.774
"Tier 2 (Silver SLA - Standard)","GetSmall",1,0,14.634,0.000,14.629
"Tier 2 (Silver SLA - Standard)","ListBucket",1,0,69.855,0.000,69.853
"Tier 2 (Silver SLA - Standard)","ListBucket",1,0,68.596,0.000,68.593
"Tier 2 (Silver SLA - Standard)","ListBucket",1,0,64.966,0.000,64.965
"Tier 2 (Silver SLA - Standard)","GetSmall",1,0,15.384,0.000,15.381
"Tier 2 (Silver SLA - Standard)","ListBucket",1,0,69.814,0.000,69.813
"Tier 2 (Silver SLA - Standard)","ListBucket",1,0,74.720,0.000,74.718
"Tier 2 (Silver SLA - Standard)","ListBucket",1,0,70.168,0.000,70.165
"Tier 2 (Silver SLA - Standard)","ListBucket",1,0,75.770,0.000,75.768
"Tier 2 (Silver SLA - Standard)","GetSmall",1,0,13.853,0.000,13.849
"Tier 2 (Silver SLA - Standard)","GetSmall",1,0,15.825,0.000,15.823
"Tier 2 (Silver SLA - Standard)","GetSmall",1,0,16.316,0.000,16.314
"Tier 2 (Silver SLA - Standard)","ListBucket",1,0,71.099,0.000,71.098
"Tier 2 (Silver SLA - Standard)","GetSmall",1,0,12.357,0.000,12.356
"Tier 2 (Silver SLA - Standard)","ListBucket",1,0,82.781,0.000,82.779
"Tier 2 (Silver SLA - Standard)","ListBucket",1,0,76.211,0.000,76.210
"Tier 2 (Silver SLA - Standard)","ListBucket",1,0,75.949,0.000,75.946
"Tier 2 (Silver SLA - Standard)","GetSmall",1,0,14.678,0.000,14.676
"Tier 2 (Silver SLA - Standard)","GetSmall",1,0,14.150,0.000,14.148
"Tier 2 (Silver SLA - Standard)","ListBucket",1,0,69.561,0.000,69.553
"Tier 2 (Silver SLA - Standard)","ListBucket",1,0,65.469,0.000,65.467
"Tier 2 (Silver SLA - Standard)","ListBucket",1,0,73.328,0.000,73.326
"Tier 2 (Silver SLA - Standard)","ListBucket",1,0,74.601,0.000,74.598
"Tier 2 (Silver SLA - Standard)","GetSmall",1,0,13.603,0.000,13.593
"Tier 2 (Silver SLA - Standard)","ListBucket",1,0,68.599,0.000,68.597
"Tier 2 (Silver SLA - Standard)","GetSmall",1,0,15.562,0.000,15.556
"Tier 2 (Silver SLA - Standard)","ListBucket",1,0,71.428,0.000,71.426
"Tier 2 (Silver SLA - Standard)","GetSmall",1,0,15.500,0.000,15.499
"Tier 2 (Silver SLA - Standard)","ListBucket",1,0,75.022,0.000,75.019
"Tier 2 (Silver SLA - Standard)","GetSmall",1,0,15.698,0.000,15.697
"Tier 2 (Silver SLA - Standard)","ListBucket",1,0,69.321,0.000,69.318
"Tier 2 (Silver SLA - Standard)","GetSmall",1,0,15.536,0.000,15.533
"Tier 2 (Silver SLA - Standard)","ListBucket",1,0,70.432,0.000,70.429
"Tier 2 (Silver SLA - Standard)","ListBucket",1,0,68.643,0.000,68.640
"Tier 2 (Silver SLA - Standard)","ListBucket",1,0,71.384,0.000,71.381
"Tier 2 (Silver SLA - Standard)","ListBucket",1,0,74.881,0.000,74.878
"Tier 2 (Silver SLA - Standard)","ListBucket",1,0,63.153,0.000,63.150
"Tier 2 (Silver SLA - Standard)","ListBucket",1,0,68.371,0.000,68.368
"Tier 2 (Silver SLA - Standard)","ListBucket",1,0,77.676,0.000,77.674
"Tier 2 (Silver SLA - Standard)","GetSmall",1,0,13.667,0.000,13.665
"Tier 2 (Silver SLA - Standard)","ListBucket",1,0,64.549,0.000,64.547
"Tier 2 (Silver SLA - Standard)","GetSmall",1,0,14.855,0.000,14.853
"Tier 2 (Silver SLA - Standard)","GetSmall",1,0,14.015,0.000,14.013
"Tier 2 (Silver SLA - Standard)","ListBucket",1,0,71.993,0.000,71.990
"Tier 2 (Silver SLA - Standard)","ListBucket",1,0,70.339,0.000,70.337
"Tier 2 (Silver SLA - Standard)","GetSmall",1,0,15.511,0.000,15.508
"Tier 2 (Silver SLA - Standard)","ListBucket",1,0,79.861,0.000,79.858
"Tier 2 (Silver SLA - Standard)","GetSmall",1,0,13.944,0.000,13.942
"Tier 2 (Silver SLA - Standard)","ListBucket",1,0,64.141,0.000,64.139
"Tier 2 (Silver SLA - Standard)","ListBucket",1,0,70.946,0.000,70.945
"Tier 2 (Silver SLA - Standard)","ListBucket",1,0,77.077,0.000,77.075
"Tier 2 (Silver SLA - Standard)","GetSmall",1,0,14.753,0.000,14.751
"Tier 2 (Silver SLA - Standard)","ListBucket",1,0,78.798,0.000,78.796
"Tier 2 (Silver SLA - Standard)","GetSmall",1,0,14.993,0.000,14.992
"Tier 2 (Silver SLA - Standard)","GetSmall",1,0,15.549,0.000,15.546
"Tier 2 (Silver SLA - Standard)","GetSmall",1,0,13.636,0.000,13.634
"Tier 2 (Silver SLA - Standard)","ListBucket",1,0,81.774,0.000,81.772
"Tier 2 (Silver SLA - Standard)","GetSmall",1,0,15.774,0.000,15.772
"Tier 2 (Silver SLA - Standard)","GetSmall",1,0,14.225,0.000,14.222
"Tier 2 (Silver SLA - Standard)","ListBucket",1,0,63.556,0.000,63.554
"Tier 2 (Silver SLA - Standard)","ListBucket",1,0,69.971,0.000,69.970
"Tier 2 (Silver SLA - Standard)","ListBucket",1,0,75.640,0.000,75.637
"Tier 2 (Silver SLA - Standard)","ListBucket",1,0,79.959,0.000,79.957
"Tier 2 (Silver SLA - Standard)","ListBucket",1,0,69.614,0.000,69.613
"Tier 2 (Silver SLA - Standard)","GetSmall",1,0,14.386,0.000,14.383
"Tier 2 (Silver SLA - Standard)","GetSmall",1,0,13.900,0.000,13.897
"Tier 2 (Silver SLA - Standard)","ListBucket",1,0,70.944,0.000,70.943
"Tier 2 (Silver SLA - Standard)","ListBucket",1,0,69.336,0.000,69.335
"Tier 2 (Silver SLA - Standard)","GetSmall",1,0,15.254,0.000,15.252
"Tier 2 (Silver SLA - Standard)","GetSmall",1,0,13.368,0.000,13.365
"Tier 2 (Silver SLA - Standard)","GetSmall",1,0,14.862,0.000,14.860
"Tier 2 (Silver SLA - Standard)","ListBucket",1,0,74.474,0.000,74.471
"Tier 2 (Silver SLA - Standard)","ListBucket",1,0,69.511,0.000,69.508
"Tier 2 (Silver SLA - Standard)","ListBucket",1,0,80.490,0.000,80.487
"Tier 2 (Silver SLA - Standard)","GetSmall",1,0,15.488,0.001,15.476
"Tier 2 (Silver SLA - Standard)","ListBucket",1,0,70.142,0.000,70.137
"Tier 2 (Silver SLA - Standard)","GetSmall",1,0,14.019,0.000,14.015
"Tier 2 (Silver SLA - Standard)","ListBucket",1,0,70.447,0.000,70.446
"Tier 2 (Silver SLA - Standard)","ListBucket",1,0,72.701,0.000,72.700
"Tier 2 (Silver SLA - Standard)","ListBucket",1,0,71.014,0.000,71.013
"Tier 2 (Silver SLA - Standard)","GetSmall",1,0,15.258,0.000,15.246
"Tier 2 (Silver SLA - Standard)","GetSmall",1,0,14.049,0.000,14.046
"Tier 2 (Silver SLA - Standard)","ListBucket",1,0,71.083,0.000,71.079
"Tier 2 (Silver SLA - Standard)","GetSmall",1,0,15.720,0.000,15.710
"Tier 2 (Silver SLA - Standard)","GetSmall",1,0,14.516,0.000,14.512
"Tier 2 (Silver SLA - Standard)","GetSmall",1,0,13.650,0.000,13.648
"Tier 2 (Silver SLA - Standard)","GetSmall",1,0,13.699,0.000,13.696
"Tier 2 (Silver SLA - Standard)","ListBucket",1,0,70.133,0.000,70.132
"Tier 2 (Silver SLA - Standard)","ListBucket",1,0,75.813,0.000,75.800
"Tier 2 (Silver SLA - Standard)","GetSmall",1,0,15.219,0.000,15.217
"Tier 2 (Silver SLA - Standard)","ListBucket",1,0,69.553,0.000,69.551
"Tier 2 (Silver SLA - Standard)","GetSmall",1,0,14.333,0.000,14.332
"Tier 2 (Silver SLA - Standard)","GetSmall",1,0,13.345,0.000,13.343
"Tier 2 (Silver SLA - Standard)","ListBucket",1,0,70.596,0.000,70.593
"Tier 2 (Silver SLA - Standard)","GetSmall",1,0,13.832,0.000,13.830
"Tier 2 (Silver SLA - Standard)","ListBucket",1,0,64.321,0.000,64.318
"Tier 2 (Silver SLA - Standard)","ListBucket",1,0,68.600,0.000,68.598
"Tier 2 (Silver SLA - Standard)","ListBucket",1,0,67.738,0.000,67.736
"Tier 2 (Silver SLA - Standard)","ListBucket",1,0,76.075,0.000,76.071
"Tier 2 (Silver SLA - Standard)","ListBucket",1,0,70.933,0.000,70.931
"Tier 2 (Silver SLA - Standard)","ListBucket",1,0,74.256,0.000,74.219
"Tier 2 (Silver SLA - Standard)","GetSmall",1,0,15.916,0.000,15.905
"Tier 2 (Silver SLA - Standard)","GetSmall",1,0,14.518,0.000,14.516
"Tier 2 (Silver SLA - Standard)","ListBucket",1,0,77.120,0.000,77.116
"Tier 2 (Silver SLA - Standard)","ListBucket",1,0,70.368,0.000,70.364
"Tier 2 (Silver SLA - Standard)","ListBucket",1,0,73.362,0.000,73.359
"Tier 2 (Silver SLA - Standard)","ListBucket",1,0,70.522,0.000,70.519
"Tier 2 (Silver SLA - Standard)","GetSmall",1,0,14.496,0.000,14.494
"Tier 2 (Silver SLA - Standard)","ListBucket",1,0,62.075,0.000,62.074
"Tier 2 (Silver SLA - Standard)","GetSmall",1,0,14.619,0.000,14.617
"Tier 2 (Silver SLA - Standard)","GetSmall",1,0,13.426,0.000,13.423
"Tier 2 (Silver SLA - Standard)","ListBucket",1,0,64.278,0.000,64.275
"Tier 2 (Silver SLA - Standard)","ListBucket",1,0,73.794,0.001,73.791
"Tier 2 (Silver SLA - Standard)","GetSmall",1,0,14.064,0.000,14.061
"Tier 2 (Silver SLA - Standard)","ListBucket",1,0,66.048,0.000,66.046
"Tier 2 (Silver SLA - Standard)","GetSmall",1,0,14.136,0.000,14.134
"Tier 2 (Silver SLA - Standard)","GetSmall",1,0,14.044,0.000,14.043
"Tier 2 (Silver SLA - Standard)","GetSmall",1,0,14.096,0.000,14.094
"Tier 2 (Silver SLA - Standard)","GetSmall",1,0,15.738,0.000,15.735
"Tier 2 (Silver SLA - Standard)","ListBucket",1,0,80.383,0.000,80.381
"Tier 2 (Silver SLA - Standard)","ListBucket",1,0,71.437,0.000,71.436
"Tier 2 (Silver SLA - Standard)","ListBucket",1,0,64.354,0.000,64.352
"Tier 2 (Silver SLA - Standard)","GetSmall",1,0,13.891,0.000,13.862
"Tier 2 (Silver SLA - Standard)","ListBucket",1,0,76.097,0.000,76.058
"Tier 2 (Silver SLA - Standard)","ListBucket",1,0,72.496,0.000,72.493
"Tier 2 (Silver SLA - Standard)","ListBucket",1,0,68.070,0.000,68.068
"Tier 2 (Silver SLA - Standard)","GetSmall",1,0,13.844,0.000,13.843
"Tier 2 (Silver SLA - Standard)","GetSmall",1,0,14.947,0.000,14.944
"Tier 2 (Silver SLA - Standard)","ListBucket",1,0,69.546,0.000,69.545
"Tier 2 (Silver SLA - Standard)","ListBucket",1,0,69.897,0.000,69.895
"Tier 2 (Silver SLA - Standard)","ListBucket",1,0,65.324,0.000,65.322
"Tier 2 (Silver SLA - Standard)","ListBucket",1,0,75.592,0.000,75.584
"Tier 2 (Silver SLA - Standard)","ListBucket",1,0,66.678,0.000,66.675
"Tier 2 (Silver SLA - Standard)","ListBucket",1,0,72.072,0.000,72.070
"Tier 2 (Silver SLA - Standard)","GetSmall",1,0,13.562,0.000,13.556
"Tier 2 (Silver SLA - Standard)","ListBucket",1,0,81.468,0.000,81.466
"Tier 2 (Silver SLA - Standard)","ListBucket",1,0,69.439,0.000,69.436
"Tier 2 (Silver SLA - Standard)","ListBucket",1,0,72.215,0.000,72.205
"Tier 2 (Silver SLA - Standard)","ListBucket",1,0,67.132,0.000,67.130
"Tier 2 (Silver SLA - Standard)","GetSmall",1,0,15.866,0.000,15.865
"Tier 2 (Silver SLA - Standard)","GetSmall",1,0,15.685,0.000,15.683
"Tier 2 (Silver SLA - Standard)","ListBucket",1,0,71.948,0.000,71.947
"Tier 2 (Silver SLA - Standard)","GetSmall",1,0,14.584,0.000,14.582
"Tier 2 (Silver SLA - Standard)","GetSmall",1,0,14.416,0.000,14.415
"Tier 2 (Silver SLA - Standard)","ListBucket",1,0,67.503,0.000,67.502
"Tier 2 (Silver SLA - Standard)","ListBucket",1,0,73.261,0.000,73.259
"Tier 2 (Silver SLA - Standard)","ListBucket",1,0,73.012,0.000,73.010
"Tier 2 (Silver SLA - Standard)","GetSmall",1,0,13.560,0.000,13.557
"Tier 2 (Silver SLA - Standard)","GetSmall",1,0,14.333,0.001,14.330
"Tier 2 (Silver SLA - Standard)","GetSmall",1,0,15.822,0.000,15.821
"Tier 2 (Silver SLA - Standard)","ListBucket",1,0,69.778,0.000,69.775
"Tier 2 (Silver SLA - Standard)","ListBucket",1,0,75.306,0.000,75.303
"Tier 2 (Silver SLA - Standard)","ListBucket",1,0,67.803,0.000,67.802
"Tier 2 (Silver SLA - Standard)","GetSmall",1,0,14.260,0.000,14.257
"Tier 2 (Silver SLA - Standard)","GetSmall",1,0,13.135,0.000,13.130
"Tier 2 (Silver SLA - Standard)","GetSmall",1,0,14.636,0.000,14.634
"Tier 2 (Silver SLA - Standard)","ListBucket",1,0,74.852,0.000,74.849
"Tier 2 (Silver SLA - Standard)","GetSmall",1,0,13.991,0.000,13.989
"Tier 2 (Silver SLA - Standard)","GetSmall",1,0,13.934,0.000,13.931
"Tier 2 (Silver SLA - Standard)","ListBucket",1,0,67.168,0.000,67.166
"Tier 2 (Silver SLA - Standard)","GetSmall",1,0,14.962,0.000,14.959
"Tier 2 (Silver SLA - Standard)","GetSmall",1,0,15.153,0.000,15.151
"Tier 2 (Silver SLA - Standard)","GetSmall",1,0,16.011,0.000,16.008
"Tier 2 (Silver SLA - Standard)","GetSmall",1,0,13.676,0.000,13.675
"Tier 2 (Silver SLA - Standard)","ListBucket",1,0,77.126,0.000,77.122
"Tier 2 (Silver SLA - Standard)","ListBucket",1,0,74.818,0.000,74.815
"Tier 2 (Silver SLA - Standard)","ListBucket",1,0,68.830,0.000,68.828
"Tier 2 (Silver SLA - Standard)","GetSmall",1,0,13.864,0.000,13.862
"Tier 2 (Silver SLA - Standard)","ListBucket",1,0,69.082,0.000,69.080
"Tier 2 (Silver SLA - Standard)","ListBucket",1,0,62.192,0.000,62.187
"Tier 2 (Silver SLA - Standard)","ListBucket",1,0,76.361,0.000,76.359
"Tier 2 (Silver SLA - Standard)","GetSmall",1,0,12.780,0.000,12.778
"Tier 2 (Silver SLA - Standard)","GetSmall",1,0,15.704,0.000,15.702
"Tier 2 (Silver SLA - Standard)","ListBucket",1,0,73.182,0.000,73.181
"Tier 2 (Silver SLA - Standard)","ListBucket",1,0,75.432,0.000,75.431
"Tier 2 (Silver SLA - Standard)","GetSmall",1,0,14.905,0.000,14.904
"Tier 2 (Silver SLA - Standard)","ListBucket",1,0,71.261,0.000,71.258
"Tier 2 (Silver SLA - Standard)","ListBucket",1,0,74.701,0.000,74.700
"Tier 2 (Silver SLA - Standard)","ListBucket",1,0,72.039,0.000,72.036
"Tier 2 (Silver SLA - Standard)","ListBucket",1,0,70.032,0.000,70.030
"Tier 2 (Silver SLA - Standard)","ListBucket",1,0,74.060,0.000,74.059
"Tier 2 (Silver SLA - Standard)","ListBucket",1,0,63.804,0.000,63.802
"Tier 2 (Silver SLA - Standard)","ListBucket",1,0,68.372,0.000,68.370
"Tier 2 (Silver SLA - Standard)","GetSmall",1,0,14.655,0.000,14.625
"Tier 2 (Silver SLA - Standard)","ListBucket",1,0,70.653,0.000,70.651
"Tier 2 (Silver SLA - Standard)","GetSmall",1,0,14.403,0.000,14.400
"Tier 2 (Silver SLA - Standard)","GetSmall",1,0,14.844,0.000,14.836
"Tier 2 (Silver SLA - Standard)","ListBucket",1,0,73.776,0.000,73.774
"Tier 2 (Silver SLA - Standard)","GetSmall",1,0,15.364,0.000,15.363
"Tier 2 (Silver SLA - Standard)","GetSmall",1,0,14.821,0.000,14.819
"Tier 2 (Silver SLA - Standard)","ListBucket",1,0,71.598,0.000,71.590
"Tier 2 (Silver SLA - Standard)","ListBucket",1,0,68.840,0.000,68.838
"Tier 2 (Silver SLA - Standard)","GetSmall",1,0,13.799,0.000,13.796
"Tier 2 (Silver SLA - Standard)","GetSmall",1,0,13.854,0.000,13.853
"Tier 2 (Silver SLA - Standard)","GetSmall",1,0,14.260,0.000,14.259
"Tier 2 (Silver SLA - Standard)","ListBucket",1,0,71.940,0.000,71.938
"Tier 2 (Silver SLA - Standard)","GetSmall",1,0,15.080,0.001,15.077
"Tier 2 (Silver SLA - Standard)","ListBucket",1,0,76.232,0.000,76.230
"Tier 2 (Silver SLA - Standard)","ListBucket",1,0,69.138,0.000,69.136
"Tier 2 (Silver SLA - Standard)","GetSmall",1,0,14.895,0.000,14.883
"Tier 2 (Silver SLA - Standard)","ListBucket",1,0,69.465,0.000,69.458
"Tier 2 (Silver SLA - Standard)","GetSmall",1,0,15.851,0.000,15.849
"Tier 2 (Silver SLA - Standard)","GetSmall",1,0,14.621,0.000,14.617
"Tier 2 (Silver SLA - Standard)","GetSmall",1,0,14.397,0.000,14.394
"Tier 2 (Silver SLA - Standard)","GetSmall",1,0,13.515,0.000,13.512
"Tier 2 (Silver SLA - Standard)","ListBucket",1,0,65.559,0.000,65.556
"Tier 2 (Silver SLA - Standard)","ListBucket",1,0,77.143,0.000,77.142
"Tier 2 (Silver SLA - Standard)","ListBucket",1,0,66.198,0.000,66.188
"Tier 2 (Silver SLA - Standard)","ListBucket",1,0,78.819,0.000,78.817
"Tier 2 (Silver SLA - Standard)","GetSmall",1,0,14.792,0.000,14.790
"Tier 2 (Silver SLA - Standard)","ListBucket",1,0,78.297,0.000,78.294
"Tier 2 (Silver SLA - Standard)","ListBucket",1,0,73.054,0.000,73.050
"Tier 2 (Silver SLA - Standard)","GetSmall",1,0,15.448,0.000,15.446
"Tier 2 (Silver SLA - Standard)","ListBucket",1,0,73.358,0.000,73.356
"Tier 2 (Silver SLA - Standard)","GetSmall",1,0,13.492,0.000,13.489
"Tier 2 (Silver SLA - Standard)","GetSmall",1,0,13.178,0.000,13.177
"Tier 2 (Silver SLA - Standard)","ListBucket",1,0,73.756,0.000,73.755
"Tier 2 (Silver SLA - Standard)","GetSmall",1,0,14.006,0.000,13.996
"Tier 2 (Silver SLA - Standard)","GetSmall",1,0,12.898,0.000,12.897
"Tier 2 (Silver SLA - Standard)","GetSmall",1,0,14.417,0.000,14.416
"Tier 2 (Silver SLA - Standard)","ListBucket",1,0,72.023,0.000,72.022
"Tier 2 (Silver SLA - Standard)","GetSmall",1,0,14.428,0.000,14.425
"Tier 2 (Silver SLA - Standard)","GetSmall",1,0,13.641,0.000,13.639
"Tier 2 (Silver SLA - Standard)","GetSmall",1,0,13.151,0.000,13.142
"Tier 2 (Silver SLA - Standard)","GetSmall",1,0,16.251,0.000,16.248
"Tier 2 (Silver SLA - Standard)","ListBucket",1,0,81.673,0.000,81.670
"Tier 2 (Silver SLA - Standard)","ListBucket",1,0,83.683,0.000,83.680
"Tier 2 (Silver SLA - Standard)","GetSmall",1,0,12.865,0.000,12.864
"Tier 2 (Silver SLA - Standard)","GetSmall",1,0,14.065,0.000,14.063
"Tier 2 (Silver SLA - Standard)","GetSmall",1,0,13.499,0.000,13.497
"Tier 2 (Silver SLA - Standard)","GetSmall",1,0,13.828,0.000,13.827
"Tier 2 (Silver SLA - Standard)","ListBucket",1,0,69.619,0.000,69.618
"Tier 2 (Silver SLA - Standard)","ListBucket",1,0,74.511,0.000,74.509
"Tier 2 (Silver SLA - Standard)","ListBucket",1,0,66.542,0.000,66.541
"Tier 2 (Silver SLA - Standard)","ListBucket",1,0,71.404,0.000,71.403
"Tier 2 (Silver SLA - Standard)","GetSmall",1,0,15.031,0.001,15.028
"Tier 2 (Silver SLA - Standard)","ListBucket",1,0,70.617,0.000,70.606
"Tier 2 (Silver SLA - Standard)","GetSmall",1,0,12.557,0.000,12.554
"Tier 2 (Silver SLA - Standard)","GetSmall",1,0,13.446,0.000,13.436
"Tier 2 (Silver SLA - Standard)","ListBucket",1,0,69.333,0.000,69.331
"Tier 2 (Silver SLA - Standard)","GetSmall",1,0,14.240,0.000,14.239
"Tier 2 (Silver SLA - Standard)","ListBucket",1,0,64.073,0.000,64.070
"Tier 2 (Silver SLA - Standard)","GetSmall",1,0,13.262,0.000,13.261
"Tier 2 (Silver SLA - Standard)","ListBucket",1,0,69.823,0.000,69.822
"Tier 2 (Silver SLA - Standard)","GetSmall",1,0,14.587,0.000,14.584
"Tier 2 (Silver SLA - Standard)","GetSmall",1,0,15.280,0.001,15.277
"Tier 2 (Silver SLA - Standard)","ListBucket",1,0,73.791,0.000,73.780
"Tier 2 (Silver SLA - Standard)","GetSmall",1,0,15.571,0.000,15.561
"Tier 2 (Silver SLA - Standard)","GetSmall",1,0,14.658,0.000,14.650
"Tier 2 (Silver SLA - Standard)","GetSmall",1,0,16.176,0.000,16.173
"Tier 2 (Silver SLA - Standard)","GetSmall",1,0,16.119,0.000,16.117
"Tier 2 (Silver SLA - Standard)","GetSmall",1,0,13.392,0.000,13.389
"Tier 2 (Silver SLA - Standard)","GetSmall",1,0,15.016,0.000,15.014
"Tier 2 (Silver SLA - Standard)","GetSmall",1,0,13.156,0.000,13.154
"Tier 2 (Silver SLA - Standard)","GetSmall",1,0,15.231,0.000,15.229
"Tier 2 (Silver SLA - Standard)","ListBucket",1,0,68.484,0.000,68.482
"Tier 2 (Silver SLA - Standard)","ListBucket",1,0,71.397,0.000,71.368
"Tier 2 (Silver SLA - Standard)","GetSmall",1,0,15.271,0.000,15.269
"Tier 2 (Silver SLA - Standard)","GetSmall",1,0,15.550,0.000,15.547
"Tier 2 (Silver SLA - Standard)","GetSmall",1,0,15.209,0.000,15.196
"Tier 2 (Silver SLA - Standard)","GetSmall",1,0,13.785,0.000,13.777
"Tier 2 (Silver SLA - Standard)","ListBucket",1,0,64.182,0.000,64.180
"Tier 2 (Silver SLA - Standard)","GetSmall",1,0,14.214,0.000,14.212
"Tier 2 (Silver SLA - Standard)","GetSmall",1,0,15.966,0.000,15.963
"Tier 2 (Silver SLA - Standard)","ListBucket",1,0,67.341,0.000,67.337
"Tier 2 (Silver SLA - Standard)","GetSmall",1,0,13.168,0.000,13.166
"Tier 2 (Silver SLA - Standard)","ListBucket",1,0,68.648,0.000,68.644
"Tier 2 (Silver SLA - Standard)","ListBucket",1,0,66.930,0.000,66.927
"Tier 2 (Silver SLA - Standard)","ListBucket",1,0,81.112,0.000,81.110
"Tier 2 (Silver SLA - Standard)","GetSmall",1,0,16.633,0.000,16.630
"Tier 2 (Silver SLA - Standard)","ListBucket",1,0,78.491,0.000,78.489
"Tier 2 (Silver SLA - Standard)","ListBucket",1,0,68.043,0.000,68.035
"Tier 2 (Silver SLA - Standard)","ListBucket",1,0,68.662,0.000,68.661
"Tier 2 (Silver SLA - Standard)","ListBucket",1,0,72.267,0.000,72.266
"Tier 2 (Silver SLA - Standard)","ListBucket",1,0,66.401,0.000,66.390
"Tier 2 (Silver SLA - Standard)","ListBucket",1,0,73.726,0.000,73.725
"Tier 2 (Silver SLA - Standard)","GetSmall",1,0,16.341,0.000,16.332
"Tier 2 (Silver SLA - Standard)","GetSmall",1,0,13.443,0.000,13.440
"Tier 2 (Silver SLA - Standard)","GetSmall",1,0,15.176,0.000,15.175
"Tier 2 (Silver SLA - Standard)","GetSmall",1,0,16.462,0.000,16.460
"Tier 2 (Silver SLA - Standard)","GetSmall",1,0,14.866,0.000,14.863
"Tier 2 (Silver SLA - Standard)","ListBucket",1,0,62.368,0.000,62.366
"Tier 2 (Silver SLA - Standard)","GetSmall",1,0,14.304,0.000,14.303
"Tier 2 (Silver SLA - Standard)","GetSmall",1,0,14.152,0.000,14.149
"Tier 2 (Silver SLA - Standard)","GetSmall",1,0,13.793,0.000,13.791
"Tier 2 (Silver SLA - Standard)","GetSmall",1,0,14.494,0.000,14.493
"Tier 2 (Silver SLA - Standard)","ListBucket",1,0,63.854,0.000,63.853
"Tier 2 (Silver SLA - Standard)","ListBucket",1,0,74.343,0.000,74.339
"Tier 2 (Silver SLA - Standard)","ListBucket",1,0,66.339,0.000,66.336
"Tier 2 (Silver SLA - Standard)","ListBucket",1,0,80.471,0.000,80.469
"Tier 2 (Silver SLA - Standard)","GetSmall",1,0,13.700,0.000,13.698
"Tier 2 (Silver SLA - Standard)","GetSmall",1,0,16.216,0.000,16.215
"Tier 2 (Silver SLA - Standard)","ListBucket",1,0,72.450,0.000,72.449
"Tier 2 (Silver SLA - Standard)","GetSmall",1,0,13.581,0.000,13.569
"Tier 2 (Silver SLA - Standard)","GetSmall",1,0,14.228,0.000,14.228
"Tier 2 (Silver SLA - Standard)","GetSmall",1,0,13.583,0.000,13.582
"Tier 2 (Silver SLA - Standard)","GetSmall",1,0,14.021,0.000,14.018
"Tier 2 (Silver SLA - Standard)","ListBucket",1,0,76.766,0.000,76.763
"Tier 2 (Silver SLA - Standard)","GetSmall",1,0,14.226,0.000,14.224
"Tier 2 (Silver SLA - Standard)","ListBucket",1,0,79.070,0.000,79.069
"Tier 2 (Silver SLA - Standard)","GetSmall",1,0,13.534,0.000,13.533
"Tier 2 (Silver SLA - Standard)","GetSmall",1,0,15.671,0.000,15.668
"Tier 2 (Silver SLA - Standard)","ListBucket",1,0,75.316,0.000,75.314
"Tier 2 (Silver SLA - Standard)","GetSmall",1,0,15.472,0.000,15.471
"Tier 2 (Silver SLA - Standard)","GetSmall",1,0,13.751,0.000,13.748
"Tier 2 (Silver SLA - Standard)","GetSmall",1,0,15.507,0.000,15.505
"Tier 2 (Silver SLA - Standard)","ListBucket",1,0,64.270,0.000,64.269
"Tier 2 (Silver SLA - Standard)","GetSmall",1,0,13.382,0.000,13.380
"Tier 2 (Silver SLA - Standard)","ListBucket",1,0,72.305,0.000,72.302
"Tier 2 (Silver SLA - Standard)","ListBucket",1,0,75.955,0.000,75.952
"Tier 2 (Silver SLA - Standard)","GetSmall",1,0,13.961,0.000,13.959
"Tier 2 (Silver SLA - Standard)","ListBucket",1,0,75.909,0.001,75.906
"Tier 2 (Silver SLA - Standard)","ListBucket",1,0,71.769,0.000,71.768
"Tier 2 (Silver SLA - Standard)","ListBucket",1,0,75.482,0.000,75.481
"Tier 2 (Silver SLA - Standard)","ListBucket",1,0,75.486,0.000,75.484
"Tier 2 (Silver SLA - Standard)","ListBucket",1,0,79.652,0.000,79.651
"Tier 2 (Silver SLA - Standard)","ListBucket",1,0,70.742,0.000,70.735
"Tier 2 (Silver SLA - Standard)","GetSmall",1,0,16.344,0.000,16.343
"Tier 2 (Silver SLA - Standard)","GetSmall",1,0,14.640,0.000,14.638
"Tier 2 (Silver SLA - Standard)","ListBucket",1,0,77.388,0.000,77.387
"Tier 2 (Silver SLA - Standard)","ListBucket",1,0,71.631,0.000,71.628
"Tier 2 (Silver SLA - Standard)","GetSmall",1,0,15.005,0.000,15.004
"Tier 2 (Silver SLA - Standard)","ListBucket",1,0,65.812,0.000,65.810
"Tier 2 (Silver SLA - Standard)","ListBucket",1,0,67.449,0.000,67.447
"Tier 2 (Silver SLA - Standard)","GetSmall",1,0,14.238,0.000,14.237
"Tier 2 (Silver SLA - Standard)","GetSmall",1,0,13.320,0.000,13.318
"Tier 2 (Silver SLA - Standard)","ListBucket",1,0,64.308,0.000,64.305
"Tier 2 (Silver SLA - Standard)","ListBucket",1,0,75.499,0.000,75.496
"Tier 2 (Silver SLA - Standard)","ListBucket",1,0,66.474,0.000,66.449
"Tier 2 (Silver SLA - Standard)","ListBucket",1,0,77.249,0.000,77.220
"Tier 2 (Silver SLA - Standard)","ListBucket",1,0,75.867,0.000,75.856
"Tier 2 (Silver SLA - Standard)","GetSmall",1,0,13.065,0.000,13.062
"Tier 2 (Silver SLA - Standard)","ListBucket",1,0,74.851,0.000,74.849
"Tier 2 (Silver SLA - Standard)","ListBucket",1,0,78.479,0.000,78.477
"Tier 2 (Silver SLA - Standard)","GetSmall",1,0,15.788,0.000,15.786
"Tier 2 (Silver SLA - Standard)","GetSmall",1,0,13.781,0.000,13.780
"Tier 2 (Silver SLA - Standard)","ListBucket",1,0,76.129,0.000,76.127
"Tier 2 (Silver SLA - Standard)","ListBucket",1,0,77.334,0.000,77.331
"Tier 2 (Silver SLA - Standard)","GetSmall",1,0,16.514,0.000,16.514
"Tier 2 (Silver SLA - Standard)","ListBucket",1,0,78.013,0.000,78.012
"Tier 2 (Silver SLA - Standard)","GetSmall",1,0,13.880,0.000,13.878
"Tier 2 (Silver SLA - Standard)","ListBucket",1,0,72.788,0.000,72.786
"Tier 2 (Silver SLA - Standard)","ListBucket",1,0,70.226,0.000,70.223
"Tier 2 (Silver SLA - Standard)","GetSmall",1,0,16.038,0.000,16.036
"Tier 2 (Silver SLA - Standard)","GetSmall",1,0,15.098,0.000,15.096
"Tier 2 (Silver SLA - Standard)","ListBucket",1,0,69.599,0.000,69.598
"Tier 2 (Silver SLA - Standard)","ListBucket",1,0,68.656,0.000,68.654
"Tier 2 (Silver SLA - Standard)","GetSmall",1,0,13.940,0.000,13.938
"Tier 2 (Silver SLA - Standard)","GetSmall",1,0,15.746,0.000,15.735
"Tier 2 (Silver SLA - Standard)","ListBucket",1,0,76.383,0.000,76.381
"Tier 2 (Silver SLA - Standard)","ListBucket",1,0,67.982,0.000,67.981
"Tier 2 (Silver SLA - Standard)","ListBucket",1,0,66.808,0.000,66.807
"Tier 2 (Silver SLA - Standard)","ListBucket",1,0,79.021,0.000,79.020
"Tier 2 (Silver SLA - Standard)","ListBucket",1,0,68.604,0.000,68.600
"Tier 2 (Silver SLA - Standard)","GetSmall",1,0,14.629,0.000,14.627
"Tier 2 (Silver SLA - Standard)","ListBucket",1,0,77.296,0.000,77.295
"Tier 2 (Silver SLA - Standard)","ListBucket",1,0,64.490,0.000,64.489
"Tier 2 (Silver SLA - Standard)","ListBucket",1,0,67.471,0.000,67.470
"Tier 2 (Silver SLA - Standard)","ListBucket",1,0,73.451,0.000,73.448
"Tier 2 (Silver SLA - Standard)","ListBucket",1,0,80.853,0.000,80.852
"Tier 2 (Silver SLA - Standard)","ListBucket",1,0,73.429,0.000,73.401
"Tier 2 (Silver SLA - Standard)","GetSmall",1,0,13.747,0.000,13.736
"Tier 2 (Silver SLA - Standard)","GetSmall",1,0,15.770,0.000,15.767
"Tier 2 (Silver SLA - Standard)","GetSmall",1,0,14.401,0.000,14.399
"Tier 2 (Silver SLA - Standard)","GetSmall",1,0,15.078,0.000,15.077
"Tier 2 (Silver SLA - Standard)","ListBucket",1,0,72.303,0.000,72.299
"Tier 2 (Silver SLA - Standard)","GetSmall",1,0,13.694,0.000,13.690
"Tier 2 (Silver SLA - Standard)","GetSmall",1,0,12.700,0.000,12.698
"Tier 2 (Silver SLA - Standard)","GetSmall",1,0,14.765,0.000,14.733
"Tier 2 (Silver SLA - Standard)","ListBucket",1,0,75.022,0.000,75.018
"Tier 2 (Silver SLA - Standard)","GetSmall",1,0,15.334,0.000,15.331
"Tier 2 (Silver SLA - Standard)","ListBucket",1,0,69.807,0.000,69.805
"Tier 2 (Silver SLA - Standard)","GetSmall",1,0,15.633,0.000,15.631
"Tier 2 (Silver SLA - Standard)","ListBucket",1,0,67.260,0.000,67.256
"Tier 2 (Silver SLA - Standard)","GetSmall",1,0,15.639,0.000,15.638
"Tier 2 (Silver SLA - Standard)","GetSmall",1,0,16.392,0.000,16.385
"Tier 2 (Silver SLA - Standard)","GetSmall",1,0,14.110,0.000,14.104
"Tier 2 (Silver SLA - Standard)","GetSmall",1,0,13.273,0.000,13.271
"Tier 2 (Silver SLA - Standard)","GetSmall",1,0,13.000,0.000,12.999
"Tier 2 (Silver SLA - Standard)","GetSmall",1,0,14.099,0.000,14.097
"Tier 2 (Silver SLA - Standard)","ListBucket",1,0,73.463,0.000,73.444
"Tier 2 (Silver SLA - Standard)","ListBucket",1,0,74.640,0.000,74.622
"Tier 2 (Silver SLA - Standard)","ListBucket",1,0,63.897,0.000,63.895
"Tier 2 (Silver SLA - Standard)","GetSmall",1,0,14.352,0.000,14.349
"Tier 2 (Silver SLA - Standard)","ListBucket",1,0,77.164,0.000,77.162
"Tier 2 (Silver SLA - Standard)","ListBucket",1,0,69.248,0.000,69.237
"Tier 2 (Silver SLA - Standard)","ListBucket",1,0,79.146,0.000,79.143
"Tier 2 (Silver SLA - Standard)","GetSmall",1,0,15.816,0.000,15.814
"Tier 2 (Silver SLA - Standard)","ListBucket",1,0,77.225,0.000,77.215
"Tier 2 (Silver SLA - Standard)","ListBucket",1,0,77.106,0.000,77.104
"Tier 2 (Silver SLA - Standard)","ListBucket",1,0,74.704,0.000,74.703
"Tier 2 (Silver SLA - Standard)","ListBucket",1,0,64.565,0.000,64.558
"Tier 2 (Silver SLA - Standard)","ListBucket",1,0,67.285,0.000,67.283
"Tier 2 (Silver SLA - Standard)","GetSmall",1,0,14.998,0.000,14.996
"Tier 2 (Silver SLA - Standard)","GetSmall",1,0,16.239,0.000,16.238
"Tier 2 (Silver SLA - Standard)","GetSmall",1,0,15.716,0.000,15.714
"Tier 2 (Silver SLA - Standard)","ListBucket",1,0,71.624,0.000,71.622
"Tier 2 (Silver SLA - Standard)","ListBucket",1,0,74.712,0.000,74.711
"Tier 2 (Silver SLA - Standard)","ListBucket",1,0,71.116,0.000,71.114
"Tier 2 (Silver SLA - Standard)","ListBucket",1,0,67.067,0.000,67.065
"Tier 2 (Silver SLA - Standard)","ListBucket",1,0,69.521,0.000,69.520
"Tier 2 (Silver SLA - Standard)","ListBucket",1,0,68.952,0.000,68.950
"Tier 2 (Silver SLA - Standard)","GetSmall",1,0,13.607,0.000,13.607
"Tier 2 (Silver SLA - Standard)","GetSmall",1,0,14.338,0.000,14.336
"Tier 2 (Silver SLA - Standard)","ListBucket",1,0,73.075,0.000,73.073
"Tier 2 (Silver SLA - Standard)","ListBucket",1,0,75.066,0.000,75.065
"Tier 2 (Silver SLA - Standard)","ListBucket",1,0,72.267,0.000,72.264
"Tier 2 (Silver SLA - Standard)","GetSmall",1,0,14.415,0.000,14.413
"Tier 2 (Silver SLA - Standard)","GetSmall",1,0,14.519,0.000,14.517
"Tier 2 (Silver SLA - Standard)","ListBucket",1,0,71.596,0.000,71.594
"Tier 2 (Silver SLA - Standard)","ListBucket",1,0,68.790,0.000,68.789
"Tier 2 (Silver SLA - Standard)","GetSmall",1,0,15.020,0.000,15.017
"Tier 2 (Silver SLA - Standard)","ListBucket",1,0,62.208,0.000,62.205
"Tier 2 (Silver SLA - Standard)","ListBucket",1,0,71.582,0.000,71.575
"Tier 2 (Silver SLA - Standard)","ListBucket",1,0,70.487,0.000,70.486
"Tier 2 (Silver SLA - Standard)","ListBucket",1,0,68.416,0.000,68.387
"Tier 2 (Silver SLA - Standard)","GetSmall",1,0,12.273,0.000,12.262
"Tier 2 (Silver SLA - Standard)","GetSmall",1,0,15.459,0.000,15.450
"Tier 2 (Silver SLA - Standard)","GetSmall",1,0,14.339,0.000,14.338
"Tier 2 (Silver SLA - Standard)","ListBucket",1,0,70.131,0.000,70.119
"Tier 2 (Silver SLA - Standard)","GetSmall",1,0,15.533,0.000,15.531
"Tier 2 (Silver SLA - Standard)","ListBucket",1,0,77.459,0.000,77.457
"Tier 2 (Silver SLA - Standard)","ListBucket",1,0,73.015,0.000,73.013
"Tier 2 (Silver SLA - Standard)","ListBucket",1,0,68.032,0.000,68.031
"Tier 2 (Silver SLA - Standard)","ListBucket",1,0,65.396,0.000,65.393
"Tier 2 (Silver SLA - Standard)","ListBucket",1,0,66.909,0.000,66.907
"Tier 2 (Silver SLA - Standard)","ListBucket",1,0,78.388,0.000,78.386
"Tier 2 (Silver SLA - Standard)","ListBucket",1,0,71.893,0.000,71.892
"Tier 2 (Silver SLA - Standard)","GetSmall",1,0,13.712,0.000,13.710
"Tier 2 (Silver SLA - Standard)","GetSmall",1,0,15.577,0.000,15.568
"Tier 2 (Silver SLA - Standard)","GetSmall",1,0,14.422,0.000,14.422
"Tier 2 (Silver SLA - Standard)","GetSmall",1,0,15.500,0.000,15.499
"Tier 2 (Silver SLA - Standard)","ListBucket",1,0,74.694,0.000,74.691
"Tier 2 (Silver SLA - Standard)","GetSmall",1,0,14.155,0.000,14.153
"Tier 2 (Silver SLA - Standard)","GetSmall",1,0,13.995,0.000,13.993
"Tier 2 (Silver SLA - Standard)","ListBucket",1,0,77.183,0.000,77.181
"Tier 2 (Silver SLA - Standard)","ListBucket",1,0,66.865,0.000,66.863
"Tier 2 (Silver SLA - Standard)","ListBucket",1,0,78.214,0.000,78.211
"Tier 2 (Silver SLA - Standard)","GetSmall",1,0,13.822,0.000,13.821
"Tier 2 (Silver SLA - Standard)","GetSmall",1,0,14.370,0.000,14.368
"Tier 2 (Silver SLA - Standard)","ListBucket",1,0,82.145,0.000,82.143
"Tier 2 (Silver SLA - Standard)","ListBucket",1,0,65.290,0.000,65.288
"Tier 2 (Silver SLA - Standard)","ListBucket",1,0,73.611,0.000,73.610
"Tier 2 (Silver SLA - Standard)","ListBucket",1,0,74.951,0.000,74.950
"Tier 2 (Silver SLA - Standard)","ListBucket",1,0,70.428,0.000,70.426
"Tier 2 (Silver SLA - Standard)","GetSmall",1,0,14.379,0.000,14.378
"Tier 2 (Silver SLA - Standard)","ListBucket",1,0,79.772,0.000,79.770
"Tier 2 (Silver SLA - Standard)","GetSmall",1,0,13.777,0.000,13.774
"Tier 2 (Silver SLA - Standard)","ListBucket",1,0,69.299,0.001,69.296
"Tier 2 (Silver SLA - Standard)","GetSmall",1,0,14.053,0.000,14.051
"Tier 2 (Silver SLA - Standard)","ListBucket",1,0,68.691,0.000,68.689
"Tier 2 (Silver SLA - Standard)","GetSmall",1,0,14.412,0.000,14.408
"Tier 2 (Silver SLA - Standard)","ListBucket",1,0,69.560,0.000,69.558
"Tier 2 (Silver SLA - Standard)","GetSmall",1,0,15.762,0.000,15.760
"Tier 2 (Silver SLA - Standard)","ListBucket",1,0,69.388,0.000,69.386
"Tier 2 (Silver SLA - Standard)","ListBucket",1,0,77.917,0.000,77.915
"Tier 2 (Silver SLA - Standard)","ListBucket",1,0,77.303,0.000,77.300
"Tier 2 (Silver SLA - Standard)","ListBucket",1,0,69.013,0.000,69.009
"Tier 2 (Silver SLA - Standard)","GetSmall",1,0,14.111,0.000,14.108
"Tier 2 (Silver SLA - Standard)","GetSmall",1,0,13.664,0.000,13.662
"Tier 2 (Silver SLA - Standard)","ListBucket",1,0,79.779,0.000,79.778
"Tier 2 (Silver SLA - Standard)","GetSmall",1,0,13.286,0.000,13.284
"Tier 2 (Silver SLA - Standard)","GetSmall",1,0,14.175,0.000,14.174
"Tier 2 (Silver SLA - Standard)","GetSmall",1,0,14.156,0.000,14.155
"Tier 2 (Silver SLA - Standard)","ListBucket",1,0,81.114,0.000,81.112
"Tier 2 (Silver SLA - Standard)","ListBucket",1,0,73.564,0.000,73.562
"Tier 2 (Silver SLA - Standard)","GetSmall",1,0,14.362,0.000,14.332
"Tier 2 (Silver SLA - Standard)","GetSmall",1,0,15.845,0.000,15.843
"Tier 2 (Silver SLA - Standard)","ListBucket",1,0,64.091,0.000,64.077
"Tier 2 (Silver SLA - Standard)","ListBucket",1,0,78.941,0.000,78.938
"Tier 2 (Silver SLA - Standard)","GetSmall",1,0,16.008,0.000,16.002
"Tier 2 (Silver SLA - Standard)","ListBucket",1,0,80.987,0.000,80.986
"Tier 2 (Silver SLA - Standard)","GetSmall",1,0,13.942,0.000,13.941
"Tier 2 (Silver SLA - Standard)","GetSmall",1,0,13.516,0.000,13.515
"Tier 2 (Silver SLA - Standard)","GetSmall",1,0,15.271,0.000,15.268
"Tier 2 (Silver SLA - Standard)","ListBucket",1,0,81.660,0.000,81.657
"Tier 2 (Silver SLA - Standard)","GetSmall",1,0,15.237,0.000,15.234
"Tier 2 (Silver SLA - Standard)","ListBucket",1,0,64.789,0.000,64.787
"Tier 2 (Silver SLA - Standard)","GetSmall",1,0,15.820,0.000,15.818
"Tier 2 (Silver SLA - Standard)","GetSmall",1,0,13.902,0.000,13.900
"Tier 2 (Silver SLA - Standard)","ListBucket",1,0,74.002,0.000,73.994
"Tier 2 (Silver SLA - Standard)","ListBucket",1,0,73.250,0.000,73.249
"Tier 2 (Silver SLA - Standard)","GetSmall",1,0,15.877,0.000,15.875
"Tier 2 (Silver SLA - Standard)","ListBucket",1,0,72.780,0.000,72.778
"Tier 2 (Silver SLA - Standard)","ListBucket",1,0,66.406,0.000,66.405
"Tier 2 (Silver SLA - Standard)","GetSmall",1,0,13.863,0.000,13.861
"Tier 2 (Silver SLA - Standard)","GetSmall",1,0,15.566,0.000,15.556
"Tier 2 (Silver SLA - Standard)","GetSmall",1,0,12.153,0.000,12.150
"Tier 2 (Silver SLA - Standard)","GetSmall",1,0,15.772,0.000,15.749
"Tier 2 (Silver SLA - Standard)","GetSmall",1,0,14.521,0.000,14.510
"Tier 2 (Silver SLA - Standard)","ListBucket",1,0,68.674,0.000,68.672
"Tier 2 (Silver SLA - Standard)","ListBucket",1,0,73.137,0.000,73.134
"Tier 2 (Silver SLA - Standard)","ListBucket",1,0,68.607,0.000,68.604
"Tier 2 (Silver SLA - Standard)","ListBucket",1,0,68.276,0.000,68.274
"Tier 2 (Silver SLA - Standard)","GetSmall",1,0,14.647,0.000,14.645
"Tier 2 (Silver SLA - Standard)","ListBucket",1,0,71.201,0.000,71.199
"Tier 2 (Silver SLA - Standard)","ListBucket",1,0,64.856,0.000,64.853
"Tier 2 (Silver SLA - Standard)","GetSmall",1,0,14.605,0.000,14.603
"Tier 2 (Silver SLA - Standard)","ListBucket",1,0,81.450,0.000,81.448
"Tier 2 (Silver SLA - Standard)","GetSmall",1,0,14.084,0.000,14.081
"Tier 2 (Silver SLA - Standard)","GetSmall",1,0,12.669,0.000,12.667
"Tier 2 (Silver SLA - Standard)","ListBucket",1,0,66.636,0.000,66.635
"Tier 2 (Silver SLA - Standard)","GetSmall",1,0,16.124,0.000,16.122
"Tier 2 (Silver SLA - Standard)","ListBucket",1,0,75.493,0.000,75.489
"Tier 2 (Silver SLA - Standard)","ListBucket",1,0,71.886,0.000,71.884
"Tier 2 (Silver SLA - Standard)","GetSmall",1,0,14.829,0.000,14.826
"Tier 2 (Silver SLA - Standard)","GetSmall",1,0,14.443,0.000,14.441
"Tier 2 (Silver SLA - Standard)","ListBucket",1,0,74.361,0.000,74.357
"Tier 2 (Silver SLA - Standard)","ListBucket",1,0,63.122,0.000,63.120
"Tier 2 (Silver SLA - Standard)","GetSmall",1,0,13.438,0.000,13.436
"Tier 2 (Silver SLA - Standard)","ListBucket",1,0,75.403,0.000,75.401
"Tier 2 (Silver SLA - Standard)","ListBucket",1,0,73.884,0.000,73.882
"Tier 2 (Silver SLA - Standard)","ListBucket",1,0,67.445,0.000,67.443
"Tier 2 (Silver SLA - Standard)","GetSmall",1,0,15.923,0.000,15.922
"Tier 2 (Silver SLA - Standard)","ListBucket",1,0,66.629,0.000,66.627
"Tier 2 (Silver SLA - Standard)","ListBucket",1,0,79.647,0.000,79.645
"Tier 2 (Silver SLA - Standard)","ListBucket",1,0,79.494,0.000,79.493
"Tier 2 (Silver SLA - Standard)","ListBucket",1,0,66.237,0.000,66.236
"Tier 2 (Silver SLA - Standard)","GetSmall",1,0,12.763,0.000,12.761
"Tier 2 (Silver SLA - Standard)","ListBucket",1,0,73.985,0.000,73.981
"Tier 2 (Silver SLA - Standard)","GetSmall",1,0,12.933,0.000,12.929
"Tier 2 (Silver SLA - Standard)","GetSmall",1,0,14.381,0.000,14.378
"Tier 2 (Silver SLA - Standard)","GetSmall",1,0,14.156,0.000,14.154
"Tier 2 (Silver SLA - Standard)","ListBucket",1,0,78.841,0.000,78.838
"Tier 2 (Silver SLA - Standard)","ListBucket",1,0,73.762,0.000,73.760
"Tier 2 (Silver SLA - Standard)","ListBucket",1,0,70.864,0.000,70.862
"Tier 2 (Silver SLA - Standard)","ListBucket",1,0,77.372,0.000,77.370
"Tier 2 (Silver SLA - Standard)","ListBucket",1,0,75.724,0.000,75.722
"Tier 2 (Silver SLA - Standard)","GetSmall",1,0,13.511,0.000,13.509
"Tier 2 (Silver SLA - Standard)","GetSmall",1,0,15.423,0.000,15.422
"Tier 2 (Silver SLA - Standard)","GetSmall",1,0,14.550,0.000,14.547
"Tier 2 (Silver SLA - Standard)","GetSmall",1,0,15.247,0.000,15.246
"Tier 2 (Silver SLA - Standard)","ListBucket",1,0,75.503,0.000,75.501
"Tier 2 (Silver SLA - Standard)","GetSmall",1,0,14.703,0.000,14.701
"Tier 2 (Silver SLA - Standard)","ListBucket",1,0,80.041,0.000,80.038
"Tier 2 (Silver SLA - Standard)","ListBucket",1,0,78.806,0.000,78.803
"Tier 2 (Silver SLA - Standard)","ListBucket",1,0,73.202,0.000,73.200
"Tier 2 (Silver SLA - Standard)","GetSmall",1,0,14.793,0.000,14.791
"Tier 2 (Silver SLA - Standard)","GetSmall",1,0,14.980,0.000,14.979
"Tier 2 (Silver SLA - Standard)","ListBucket",1,0,77.901,0.000,77.899
"Tier 2 (Silver SLA - Standard)","GetSmall",1,0,13.769,0.000,13.767
"Tier 2 (Silver SLA - Standard)","GetSmall",1,0,13.916,0.000,13.914
"Tier 2 (Silver SLA - Standard)","ListBucket",1,0,77.404,0.000,77.402
"Tier 2 (Silver SLA - Standard)","GetSmall",1,0,15.076,0.000,15.075
"Tier 2 (Silver SLA - Standard)","ListBucket",1,0,66.808,0.000,66.806
"Tier 2 (Silver SLA - Standard)","ListBucket",1,0,75.734,0.000,75.730
"Tier 2 (Silver SLA - Standard)","GetSmall",1,0,13.608,0.000,13.605
"Tier 2 (Silver SLA - Standard)","GetSmall",1,0,12.719,0.000,12.716
"Tier 2 (Silver SLA - Standard)","GetSmall",1,0,13.316,0.000,13.313
"Tier 2 (Silver SLA - Standard)","GetSmall",1,0,12.872,0.000,12.870
"Tier 2 (Silver SLA - Standard)","ListBucket",1,0,66.418,0.000,66.416
"Tier 2 (Silver SLA - Standard)","ListBucket",1,0,69.005,0.000,69.004
"Tier 2 (Silver SLA - Standard)","GetSmall",1,0,14.626,0.000,14.625
"Tier 2 (Silver SLA - Standard)","ListBucket",1,0,76.401,0.000,76.399
"Tier 2 (Silver SLA - Standard)","ListBucket",1,0,71.089,0.000,71.088
"Tier 2 (Silver SLA - Standard)","GetSmall",1,0,15.016,0.000,15.013
"Tier 2 (Silver SLA - Standard)","GetSmall",1,0,13.334,0.000,13.333
"Tier 2 (Silver SLA - Standard)","GetSmall",1,0,14.084,0.000,14.082
"Tier 2 (Silver SLA - Standard)","GetSmall",1,0,13.644,0.000,13.638
"Tier 2 (Silver SLA - Standard)","GetSmall",1,0,13.742,0.000,13.740
"Tier 2 (Silver SLA - Standard)","GetSmall",1,0,14.237,0.000,14.236
"Tier 2 (Silver SLA - Standard)","GetSmall",1,0,15.118,0.000,15.116
"Tier 2 (Silver SLA - Standard)","ListBucket",1,0,69.056,0.000,69.055
"Tier 2 (Silver SLA - Standard)","ListBucket",1,0,74.414,0.000,74.413
"Tier 2 (Silver SLA - Standard)","ListBucket",1,0,73.270,0.000,73.269
"Tier 2 (Silver SLA - Standard)","ListBucket",1,0,65.982,0.000,65.972
"Tier 2 (Silver SLA - Standard)","ListBucket",1,0,80.793,0.000,80.791
"Tier 2 (Silver SLA - Standard)","ListBucket",1,0,79.549,0.000,79.547
"Tier 2 (Silver SLA - Standard)","GetSmall",1,0,14.525,0.000,14.524
"Tier 2 (Silver SLA - Standard)","GetSmall",1,0,13.173,0.000,13.171
"Tier 2 (Silver SLA - Standard)","GetSmall",1,0,13.480,0.000,13.479
"Tier 2 (Silver SLA - Standard)","ListBucket",1,0,67.081,0.000,67.078
"Tier 2 (Silver SLA - Standard)","ListBucket",1,0,81.902,0.000,81.901
"Tier 2 (Silver SLA - Standard)","GetSmall",1,0,14.586,0.000,14.584
"Tier 2 (Silver SLA - Standard)","GetSmall",1,0,14.325,0.000,14.324
"Tier 2 (Silver SLA - Standard)","GetSmall",1,0,15.063,0.000,15.061
"Tier 2 (Silver SLA - Standard)","GetSmall",1,0,15.693,0.000,15.692
"Tier 2 (Silver SLA - Standard)","GetSmall",1,0,15.360,0.000,15.359
"Tier 2 (Silver SLA - Standard)","GetSmall",1,0,15.210,0.000,15.207
"Tier 2 (Silver SLA - Standard)","ListBucket",1,0,70.077,0.000,70.056
"Tier 2 (Silver SLA - Standard)","ListBucket",1,0,73.423,0.000,73.421
"Tier 2 (Silver SLA - Standard)","GetSmall",1,0,14.267,0.000,14.265
"Tier 2 (Silver SLA - Standard)","GetSmall",1,0,15.561,0.000,15.506
"Tier 2 (Silver SLA - Standard)","GetSmall",1,0,15.284,0.000,15.234
"Tier 2 (Silver SLA - Standard)","GetSmall",1,0,14.112,0.000,14.064
"Tier 2 (Silver SLA - Standard)","GetSmall",1,0,13.799,0.000,13.772
"Tier 2 (Silver SLA - Standard)","GetSmall",1,0,14.358,0.000,14.355
"Tier 2 (Silver SLA - Standard)","ListBucket",1,0,79.537,0.000,79.535
"Tier 2 (Silver SLA - Standard)","ListBucket",1,0,68.351,0.000,68.349
"Tier 2 (Silver SLA - Standard)","GetSmall",1,0,13.159,0.001,13.156
"Tier 2 (Silver SLA - Standard)","ListBucket",1,0,81.154,0.000,81.152
"Tier 2 (Silver SLA - Standard)","GetSmall",1,0,15.278,0.000,15.276
"Tier 2 (Silver SLA - Standard)","GetSmall",1,0,15.074,0.000,15.073
"Tier 2 (Silver SLA - Standard)","ListBucket",1,0,73.084,0.000,73.059
"Tier 2 (Silver SLA - Standard)","GetSmall",1,0,13.970,0.000,13.959
"Tier 2 (Silver SLA - Standard)","ListBucket",1,0,70.669,0.000,70.667
"Tier 2 (Silver SLA - Standard)","ListBucket",1,0,69.968,0.000,69.966
"Tier 2 (Silver SLA - Standard)","ListBucket",1,0,71.994,0.000,71.993
"Tier 2 (Silver SLA - Standard)","GetSmall",1,0,14.909,0.000,14.907
"Tier 2 (Silver SLA - Standard)","GetSmall",1,0,14.465,0.000,14.455
"Tier 2 (Silver SLA - Standard)","ListBucket",1,0,80.097,0.000,80.094
"Tier 2 (Silver SLA - Standard)","ListBucket",1,0,76.793,0.000,76.791
"Tier 2 (Silver SLA - Standard)","GetSmall",1,0,14.718,0.000,14.717
"Tier 2 (Silver SLA - Standard)","ListBucket",1,0,74.524,0.000,74.521
"Tier 2 (Silver SLA - Standard)","ListBucket",1,0,70.685,0.000,70.682
"Tier 2 (Silver SLA - Standard)","GetSmall",1,0,12.160,0.000,12.157
"Tier 2 (Silver SLA - Standard)","ListBucket",1,0,79.958,0.000,79.956
"Tier 2 (Silver SLA - Standard)","GetSmall",1,0,13.171,0.000,13.169
"Tier 2 (Silver SLA - Standard)","ListBucket",1,0,78.134,0.000,78.132
"Tier 2 (Silver SLA - Standard)","ListBucket",1,0,71.349,0.000,71.348
"Tier 2 (Silver SLA - Standard)","GetSmall",1,0,14.615,0.000,14.614
"Tier 2 (Silver SLA - Standard)","ListBucket",1,0,78.358,0.000,78.356
"Tier 2 (Silver SLA - Standard)","GetSmall",1,0,13.504,0.000,13.503
"Tier 2 (Silver SLA - Standard)","GetSmall",1,0,12.686,0.000,12.683
"Tier 2 (Silver SLA - Standard)","ListBucket",1,0,72.635,0.000,72.633
"Tier 2 (Silver SLA - Standard)","ListBucket",1,0,72.354,0.000,72.351
"Tier 2 (Silver SLA - Standard)","ListBucket",1,0,74.283,0.000,74.281
"Tier 2 (Silver SLA - Standard)","ListBucket",1,0,69.532,0.000,69.529
"Tier 2 (Silver SLA - Standard)","GetSmall",1,0,16.318,0.000,16.315
"Tier 2 (Silver SLA - Standard)","GetSmall",1,0,14.194,0.000,14.192
"Tier 2 (Silver SLA - Standard)","ListBucket",1,0,71.288,0.000,71.285
"Tier 2 (Silver SLA - Standard)","ListBucket",1,0,68.841,0.001,68.836
"Tier 2 (Silver SLA - Standard)","GetSmall",1,0,14.607,0.000,14.604
"Tier 2 (Silver SLA - Standard)","ListBucket",1,0,75.266,0.000,75.265
"Tier 2 (Silver SLA - Standard)","GetSmall",1,0,14.257,0.000,14.254
"Tier 2 (Silver SLA - Standard)","ListBucket",1,0,70.513,0.000,70.512
"Tier 2 (Silver SLA - Standard)","GetSmall",1,0,15.492,0.000,15.489
"Tier 2 (Silver SLA - Standard)","ListBucket",1,0,75.440,0.000,75.437
"Tier 2 (Silver SLA - Standard)","GetSmall",1,0,15.415,0.000,15.412
"Tier 2 (Silver SLA - Standard)","ListBucket",1,0,69.963,0.000,69.961
"Tier 2 (Silver SLA - Standard)","ListBucket",1,0,76.598,0.000,76.596
"Tier 2 (Silver SLA - Standard)","GetSmall",1,0,14.592,0.000,14.590
"Tier 2 (Silver SLA - Standard)","GetSmall",1,0,15.972,0.000,15.971
"Tier 2 (Silver SLA - Standard)","ListBucket",1,0,76.541,0.000,76.538
"Tier 2 (Silver SLA - Standard)","GetSmall",1,0,14.844,0.000,14.842
"Tier 2 (Silver SLA - Standard)","GetSmall",1,0,14.086,0.000,14.083
"Tier 2 (Silver SLA - Standard)","ListBucket",1,0,72.435,0.000,72.433
"Tier 2 (Silver SLA - Standard)","ListBucket",1,0,75.064,0.000,75.063
"Tier 2 (Silver SLA - Standard)","ListBucket",1,0,74.564,0.000,74.562
"Tier 2 (Silver SLA - Standard)","ListBucket",1,0,63.531,0.000,63.528
"Tier 2 (Silver SLA - Standard)","GetSmall",1,0,15.048,0.000,15.047
"Tier 2 (Silver SLA - Standard)","ListBucket",1,0,69.306,0.000,69.304
"Tier 2 (Silver SLA - Standard)","ListBucket",1,0,67.003,0.000,67.000
"Tier 2 (Silver SLA - Standard)","ListBucket",1,0,68.732,0.000,68.731
"Tier 2 (Silver SLA - Standard)","ListBucket",1,0,69.076,0.000,69.074
"Tier 2 (Silver SLA - Standard)","GetSmall",1,0,15.511,0.000,15.509
"Tier 2 (Silver SLA - Standard)","GetSmall",1,0,15.003,0.000,15.001
"Tier 2 (Silver SLA - Standard)","GetSmall",1,0,14.088,0.000,14.086
"Tier 2 (Silver SLA - Standard)","ListBucket",1,0,74.686,0.000,74.684
"Tier 2 (Silver SLA - Standard)","GetSmall",1,0,13.217,0.000,13.214
"Tier 2 (Silver SLA - Standard)","ListBucket",1,0,76.593,0.000,76.589
"Tier 2 (Silver SLA - Standard)","GetSmall",1,0,13.765,0.000,13.763
"Tier 2 (Silver SLA - Standard)","GetSmall",1,0,14.929,0.000,14.926
"Tier 2 (Silver SLA - Standard)","GetSmall",1,0,14.284,0.000,14.259
"Tier 2 (Silver SLA - Standard)","ListBucket",1,0,73.728,0.000,73.702
"Tier 2 (Silver SLA - Standard)","GetSmall",1,0,12.790,0.000,12.788
"Tier 2 (Silver SLA - Standard)","ListBucket",1,0,75.877,0.000,75.849
"Tier 2 (Silver SLA - Standard)","GetSmall",1,0,14.854,0.000,14.827
"Tier 2 (Silver SLA - Standard)","GetSmall",1,0,15.058,0.000,15.051
"Tier 2 (Silver SLA - Standard)","GetSmall",1,0,15.215,0.000,15.214
"Tier 2 (Silver SLA - Standard)","ListBucket",1,0,69.218,0.000,69.216
"Tier 2 (Silver SLA - Standard)","GetSmall",1,0,12.671,0.000,12.669
"Tier 2 (Silver SLA - Standard)","GetSmall",1,0,13.724,0.000,13.722
"Tier 2 (Silver SLA - Standard)","ListBucket",1,0,74.115,0.000,74.113
"Tier 2 (Silver SLA - Standard)","ListBucket",1,0,72.002,0.000,71.999
"Tier 2 (Silver SLA - Standard)","GetSmall",1,0,15.729,0.000,15.727
"Tier 2 (Silver SLA - Standard)","GetSmall",1,0,13.954,0.000,13.951
"Tier 2 (Silver SLA - Standard)","ListBucket",1,0,81.370,0.000,81.368
"Tier 2 (Silver SLA - Standard)","ListBucket",1,0,76.427,0.000,76.424
"Tier 2 (Silver SLA - Standard)","GetSmall",1,0,12.660,0.000,12.657
"Tier 2 (Silver SLA - Standard)","GetSmall",1,0,15.374,0.000,15.371
"Tier 2 (Silver SLA - Standard)","GetSmall",1,0,15.425,0.000,15.423
"Tier 2 (Silver SLA - Standard)","GetSmall",1,0,14.673,0.000,14.670
"Tier 2 (Silver SLA - Standard)","GetSmall",1,0,12.816,0.000,12.813
"Tier 2 (Silver SLA - Standard)","GetSmall",1,0,15.065,0.000,15.062
"Tier 2 (Silver SLA - Standard)","GetSmall",1,0,15.276,0.000,15.272
"Tier 2 (Silver SLA - Standard)","GetSmall",1,0,16.179,0.000,16.177
"Tier 2 (Silver SLA - Standard)","GetSmall",1,0,12.980,0.000,12.977
"Tier 2 (Silver SLA - Standard)","GetSmall",1,0,14.838,0.000,14.836
"Tier 2 (Silver SLA - Standard)","ListBucket",1,0,69.273,0.000,69.270
"Tier 2 (Silver SLA - Standard)","GetSmall",1,0,14.908,0.000,14.905
"Tier 2 (Silver SLA - Standard)","GetSmall",1,0,14.425,0.000,14.422
"Tier 2 (Silver SLA - Standard)","ListBucket",1,0,74.899,0.000,74.885
"Tier 2 (Silver SLA - Standard)","ListBucket",1,0,63.640,0.000,63.633
"Tier 2 (Silver SLA - Standard)","ListBucket",1,0,72.540,0.000,72.537
"Tier 2 (Silver SLA - Standard)","GetSmall",1,0,15.327,0.000,15.324
"Tier 2 (Silver SLA - Standard)","ListBucket",1,0,76.622,0.000,76.620
"Tier 2 (Silver SLA - Standard)","GetSmall",1,0,12.685,0.000,12.683
"Tier 2 (Silver SLA - Standard)","GetSmall",1,0,14.640,0.000,14.638
"Tier 2 (Silver SLA - Standard)","ListBucket",1,0,79.587,0.000,79.579
"Tier 2 (Silver SLA - Standard)","GetSmall",1,0,14.827,0.000,14.826
"Tier 2 (Silver SLA - Standard)","ListBucket",1,0,79.386,0.000,79.382
"Tier 2 (Silver SLA - Standard)","ListBucket",1,0,72.432,0.000,72.429
"Tier 2 (Silver SLA - Standard)","ListBucket",1,0,71.972,0.000,71.970
"Tier 2 (Silver SLA - Standard)","GetSmall",1,0,15.551,0.000,15.547
"Tier 2 (Silver SLA - Standard)","GetSmall",1,0,14.541,0.000,14.539
"Tier 2 (Silver SLA - Standard)","GetSmall",1,0,16.757,0.000,16.753
"Tier 2 (Silver SLA - Standard)","GetSmall",1,0,14.920,0.000,14.918
"Tier 2 (Silver SLA - Standard)","GetSmall",1,0,14.677,0.000,14.674
"Tier 2 (Silver SLA - Standard)","ListBucket",1,0,63.840,0.000,63.838
"Tier 2 (Silver SLA - Standard)","ListBucket",1,0,72.601,0.000,72.600
"Tier 2 (Silver SLA - Standard)","GetSmall",1,0,15.367,0.000,15.365
"Tier 2 (Silver SLA - Standard)","GetSmall",1,0,16.235,0.000,16.234
"Tier 2 (Silver SLA - Standard)","ListBucket",1,0,68.902,0.000,68.899
"Tier 2 (Silver SLA - Standard)","ListBucket",1,0,77.965,0.001,77.962
"Tier 2 (Silver SLA - Standard)","GetSmall",1,0,14.877,0.000,14.875
"Tier 2 (Silver SLA - Standard)","GetSmall",1,0,15.681,0.000,15.678
"Tier 2 (Silver SLA - Standard)","ListBucket",1,0,65.074,0.000,65.072
"Tier 2 (Silver SLA - Standard)","GetSmall",1,0,15.128,0.000,15.123
"Tier 2 (Silver SLA - Standard)","ListBucket",1,0,74.458,0.000,74.456
"Tier 2 (Silver SLA - Standard)","ListBucket",1,0,62.692,0.000,62.687
"Tier 2 (Silver SLA - Standard)","GetSmall",1,0,13.337,0.000,13.335
"Tier 2 (Silver SLA - Standard)","ListBucket",1,0,71.002,0.000,71.000
"Tier 2 (Silver SLA - Standard)","GetSmall",1,0,13.850,0.000,13.849
"Tier 2 (Silver SLA - Standard)","GetSmall",1,0,13.250,0.000,13.248
"Tier 2 (Silver SLA - Standard)","ListBucket",1,0,75.301,0.000,75.297
"Tier 2 (Silver SLA - Standard)","ListBucket",1,0,77.663,0.000,77.660
"Tier 2 (Silver SLA - Standard)","ListBucket",1,0,64.888,0.000,64.884
"Tier 2 (Silver SLA - Standard)","ListBucket",1,0,74.111,0.000,74.108
"Tier 2 (Silver SLA - Standard)","GetSmall",1,0,14.304,0.000,14.302
"Tier 2 (Silver SLA - Standard)","ListBucket",1,0,72.078,0.000,72.076
"Tier 2 (Silver SLA - Standard)","GetSmall",1,0,13.994,0.000,13.992
"Tier 2 (Silver SLA - Standard)","GetSmall",1,0,14.023,0.000,14.021
"Tier 2 (Silver SLA - Standard)","ListBucket",1,0,70.071,0.000,70.069
"Tier 2 (Silver SLA - Standard)","GetSmall",1,0,13.893,0.000,13.890
"Tier 2 (Silver SLA - Standard)","ListBucket",1,0,74.757,0.000,74.755
"Tier 2 (Silver SLA - Standard)","ListBucket",1,0,73.395,0.000,73.392
"Tier 2 (Silver SLA - Standard)","ListBucket",1,0,72.709,0.000,72.708
"Tier 2 (Silver SLA - Standard)","ListBucket",1,0,66.917,0.000,66.915
"Tier 2 (Silver SLA - Standard)","GetSmall",1,0,15.105,0.000,15.102
"Tier 2 (Silver SLA - Standard)","ListBucket",1,0,74.344,0.000,74.342
"Tier 2 (Silver SLA - Standard)","GetSmall",1,0,16.311,0.000,16.309
"Tier 2 (Silver SLA - Standard)","ListBucket",1,0,83.326,0.000,83.324
"Tier 2 (Silver SLA - Standard)","ListBucket",1,0,65.651,0.000,65.649
"Tier 2 (Silver SLA - Standard)","GetSmall",1,0,15.297,0.000,15.295
"Tier 2 (Silver SLA - Standard)","ListBucket",1,0,77.843,0.000,77.841
"Tier 2 (Silver SLA - Standard)","GetSmall",1,0,15.950,0.000,15.948
"Tier 2 (Silver SLA - Standard)","ListBucket",1,0,70.936,0.000,70.934
"Tier 2 (Silver SLA - Standard)","ListBucket",1,0,73.759,0.000,73.757
"Tier 2 (Silver SLA - Standard)","ListBucket",1,0,70.465,0.000,70.437
"Tier 2 (Silver SLA - Standard)","GetSmall",1,0,14.920,0.000,14.913
"Tier 2 (Silver SLA - Standard)","ListBucket",1,0,77.223,0.000,77.219
"Tier 2 (Silver SLA - Standard)","ListBucket",1,0,69.342,0.000,69.338
"Tier 2 (Silver SLA - Standard)","GetSmall",1,0,15.393,0.000,15.390
"Tier 2 (Silver SLA - Standard)","ListBucket",1,0,69.953,0.000,69.951
"Tier 2 (Silver SLA - Standard)","ListBucket",1,0,79.745,0.000,79.741
"Tier 2 (Silver SLA - Standard)","ListBucket",1,0,68.683,0.000,68.679
"Tier 2 (Silver SLA - Standard)","GetSmall",1,0,14.459,0.000,14.455
"Tier 2 (Silver SLA - Standard)","GetSmall",1,0,15.745,0.000,15.743
"Tier 2 (Silver SLA - Standard)","ListBucket",1,0,74.557,0.000,74.555
"Tier 2 (Silver SLA - Standard)","GetSmall",1,0,14.158,0.000,14.154
"Tier 2 (Silver SLA - Standard)","GetSmall",1,0,15.511,0.000,15.509
"Tier 2 (Silver SLA - Standard)","ListBucket",1,0,69.350,0.000,69.349
"Tier 2 (Silver SLA - Standard)","GetSmall",1,0,14.255,0.000,14.246
"Tier 2 (Silver SLA - Standard)","GetSmall",1,0,15.430,0.000,15.428
"Tier 2 (Silver SLA - Standard)","GetSmall",1,0,15.128,0.000,15.123
"Tier 2 (Silver SLA - Standard)","GetSmall",1,0,13.992,0.000,13.990
"Tier 2 (Silver SLA - Standard)","ListBucket",1,0,78.401,0.000,78.398
"Tier 2 (Silver SLA - Standard)","ListBucket",1,0,74.967,0.000,74.965
"Tier 2 (Silver SLA - Standard)","GetSmall",1,0,13.587,0.000,13.585
"Tier 2 (Silver SLA - Standard)","ListBucket",1,0,79.708,0.000,79.705
"Tier 2 (Silver SLA - Standard)","GetSmall",1,0,14.322,0.000,14.321
"Tier 2 (Silver SLA - Standard)","GetSmall",1,0,13.795,0.000,13.793
"Tier 2 (Silver SLA - Standard)","ListBucket",1,0,74.410,0.000,74.407
"Tier 2 (Silver SLA - Standard)","GetSmall",1,0,13.621,0.000,13.619
"Tier 2 (Silver SLA - Standard)","GetSmall",1,0,15.665,0.001,15.654
"Tier 2 (Silver SLA - Standard)","ListBucket",1,0,74.442,0.000,74.439
"Tier 2 (Silver SLA - Standard)","GetSmall",1,0,14.374,0.000,14.371
"Tier 2 (Silver SLA - Standard)","GetSmall",1,0,12.930,0.000,12.926
"Tier 2 (Silver SLA - Standard)","ListBucket",1,0,76.655,0.000,76.651
"Tier 2 (Silver SLA - Standard)","GetSmall",1,0,16.111,0.000,16.109
"Tier 2 (Silver SLA - Standard)","ListBucket",1,0,64.088,0.000,64.085
"Tier 2 (Silver SLA - Standard)","ListBucket",1,0,72.247,0.000,72.237
"Tier 2 (Silver SLA - Standard)","ListBucket",1,0,71.512,0.000,71.510
"Tier 2 (Silver SLA - Standard)","GetSmall",1,0,14.006,0.000,14.004
"Tier 2 (Silver SLA - Standard)","ListBucket",1,0,76.324,0.000,76.321
"Tier 2 (Silver SLA - Standard)","GetSmall",1,0,13.433,0.000,13.430
"Tier 2 (Silver SLA - Standard)","ListBucket",1,0,69.711,0.000,69.709
"Tier 2 (Silver SLA - Standard)","ListBucket",1,0,76.358,0.000,76.351
"Tier 2 (Silver SLA - Standard)","GetSmall",1,0,13.434,0.000,13.431
"Tier 2 (Silver SLA - Standard)","ListBucket",1,0,78.518,0.000,78.517
"Tier 2 (Silver SLA - Standard)","GetSmall",1,0,14.149,0.000,14.115
"Tier 2 (Silver SLA - Standard)","GetSmall",1,0,14.823,0.000,14.820
"Tier 2 (Silver SLA - Standard)","ListBucket",1,0,68.573,0.000,68.570
"Tier 2 (Silver SLA - Standard)","ListBucket",1,0,69.106,0.000,69.104
"Tier 2 (Silver SLA - Standard)","ListBucket",1,0,70.558,0.000,70.556
"Tier 2 (Silver SLA - Standard)","GetSmall",1,0,14.181,0.000,14.178
"Tier 2 (Silver SLA - Standard)","GetSmall",1,0,15.555,0.000,15.543
"Tier 2 (Silver SLA - Standard)","GetSmall",1,0,13.136,0.000,13.135
"Tier 2 (Silver SLA - Standard)","GetSmall",1,0,14.975,0.000,14.973
"Tier 2 (Silver SLA - Standard)","GetSmall",1,0,15.863,0.000,15.859
"Tier 2 (Silver SLA - Standard)","ListBucket",1,0,79.915,0.000,79.905
"Tier 2 (Silver SLA - Standard)","ListBucket",1,0,64.863,0.000,64.860
"Tier 2 (Silver SLA - Standard)","ListBucket",1,0,67.390,0.000,67.388
"Tier 2 (Silver SLA - Standard)","ListBucket",1,0,71.579,0.000,71.577
"Tier 2 (Silver SLA - Standard)","ListBucket",1,0,73.884,0.000,73.882
"Tier 2 (Silver SLA - Standard)","ListBucket",1,0,75.531,0.000,75.529
"Tier 2 (Silver SLA - Standard)","GetSmall",1,0,13.591,0.000,13.589
"Tier 2 (Silver SLA - Standard)","GetSmall",1,0,14.626,0.000,14.624
"Tier 2 (Silver SLA - Standard)","GetSmall",1,0,14.702,0.000,14.701
"Tier 2 (Silver SLA - Standard)","GetSmall",1,0,15.057,0.000,15.055
"Tier 2 (Silver SLA - Standard)","GetSmall",1,0,12.802,0.000,12.800
"Tier 2 (Silver SLA - Standard)","GetSmall",1,0,15.897,0.000,15.894
"Tier 2 (Silver SLA - Standard)","ListBucket",1,0,69.539,0.000,69.537
"Tier 2 (Silver SLA - Standard)","ListBucket",1,0,71.434,0.000,71.432
"Tier 2 (Silver SLA - Standard)","ListBucket",1,0,67.708,0.000,67.706
"Tier 2 (Silver SLA - Standard)","GetSmall",1,0,14.548,0.000,14.547
"Tier 2 (Silver SLA - Standard)","ListBucket",1,0,65.473,0.000,65.470
"Tier 2 (Silver SLA - Standard)","GetSmall",1,0,14.547,0.000,14.537
"Tier 2 (Silver SLA - Standard)","GetSmall",1,0,15.222,0.000,15.219
"Tier 2 (Silver SLA - Standard)","ListBucket",1,0,71.570,0.000,71.567
"Tier 2 (Silver SLA - Standard)","GetSmall",1,0,15.086,0.000,15.083
"Tier 2 (Silver SLA - Standard)","GetSmall",1,0,14.013,0.000,14.010
"Tier 2 (Silver SLA - Standard)","ListBucket",1,0,71.701,0.000,71.698
"Tier 2 (Silver SLA - Standard)","ListBucket",1,0,75.246,0.000,75.244
"Tier 2 (Silver SLA - Standard)","ListBucket",1,0,74.031,0.000,74.028
"Tier 2 (Silver SLA - Standard)","GetSmall",1,0,14.243,0.000,14.241
"Tier 2 (Silver SLA - Standard)","ListBucket",1,0,69.019,0.000,69.017
"Tier 2 (Silver SLA - Standard)","GetSmall",1,0,13.451,0.000,13.448
"Tier 2 (Silver SLA - Standard)","GetSmall",1,0,15.465,0.000,15.462
"Tier 2 (Silver SLA - Standard)","ListBucket",1,0,63.820,0.000,63.818
"Tier 2 (Silver SLA - Standard)","GetSmall",1,0,15.482,0.000,15.479
"Tier 2 (Silver SLA - Standard)","ListBucket",1,0,78.744,0.000,78.742
"Tier 2 (Silver SLA - Standard)","GetSmall",1,0,14.582,0.000,14.580
"Tier 2 (Silver SLA - Standard)","ListBucket",1,0,70.404,0.000,70.399
"Tier 2 (Silver SLA - Standard)","GetSmall",1,0,15.812,0.000,15.810
"Tier 2 (Silver SLA - Standard)","GetSmall",1,0,13.605,0.000,13.603
"Tier 2 (Silver SLA - Standard)","ListBucket",1,0,66.061,0.000,66.059
"Tier 2 (Silver SLA - Standard)","ListBucket",1,0,67.950,0.000,67.947
"Tier 2 (Silver SLA - Standard)","ListBucket",1,0,71.884,0.000,71.882
"Tier 2 (Silver SLA - Standard)","GetSmall",1,0,14.980,0.000,14.978
"Tier 2 (Silver SLA - Standard)","ListBucket",1,0,71.114,0.000,71.111
"Tier 2 (Silver SLA - Standard)","ListBucket",1,0,71.446,0.000,71.444
"Tier 2 (Silver SLA - Standard)","ListBucket",1,0,71.316,0.001,71.313
"Tier 2 (Silver SLA - Standard)","GetSmall",1,0,14.838,0.000,14.834
"Tier 2 (Silver SLA - Standard)","ListBucket",1,0,69.840,0.000,69.838
"Tier 2 (Silver SLA - Standard)","GetSmall",1,0,15.555,0.000,15.553
"Tier 2 (Silver SLA - Standard)","GetSmall",1,0,13.718,0.000,13.717
"Tier 2 (Silver SLA - Standard)","ListBucket",1,0,64.962,0.000,64.959
"Tier 2 (Silver SLA - Standard)","ListBucket",1,0,76.346,0.000,76.343
"Tier 2 (Silver SLA - Standard)","ListBucket",1,0,81.433,0.000,81.432
"Tier 2 (Silver SLA - Standard)","GetSmall",1,0,16.445,0.000,16.443
"Tier 2 (Silver SLA - Standard)","ListBucket",1,0,78.938,0.000,78.936
"Tier 2 (Silver SLA - Standard)","GetSmall",1,0,15.082,0.000,15.081
"Tier 2 (Silver SLA - Standard)","GetSmall",1,0,12.745,0.000,12.743
"Tier 2 (Silver SLA - Standard)","GetSmall",1,0,12.772,0.000,12.769
"Tier 2 (Silver SLA - Standard)","GetSmall",1,0,16.737,0.000,16.736
"Tier 2 (Silver SLA - Standard)","ListBucket",1,0,66.184,0.000,66.182
"Tier 2 (Silver SLA - Standard)","GetSmall",1,0,14.322,0.000,14.321
"Tier 2 (Silver SLA - Standard)","ListBucket",1,0,74.085,0.000,74.081
"Tier 2 (Silver SLA - Standard)","ListBucket",1,0,78.288,0.000,78.285
"Tier 2 (Silver SLA - Standard)","GetSmall",1,0,14.748,0.000,14.745
"Tier 2 (Silver SLA - Standard)","GetSmall",1,0,14.776,0.000,14.774
"Tier 2 (Silver SLA - Standard)","ListBucket",1,0,72.758,0.000,72.756
"Tier 2 (Silver SLA - Standard)","ListBucket",1,0,71.045,0.000,71.042
"Tier 2 (Silver SLA - Standard)","ListBucket",1,0,74.020,0.000,74.018
"Tier 2 (Silver SLA - Standard)","ListBucket",1,0,74.708,0.000,74.696
"Tier 2 (Silver SLA - Standard)","GetSmall",1,0,14.800,0.000,14.798
"Tier 2 (Silver SLA - Standard)","GetSmall",1,0,14.768,0.000,14.765
"Tier 2 (Silver SLA - Standard)","GetSmall",1,0,13.212,0.000,13.210
"Tier 2 (Silver SLA - Standard)","ListBucket",1,0,67.811,0.000,67.809
"Tier 2 (Silver SLA - Standard)","ListBucket",1,0,68.961,0.000,68.959
"Tier 2 (Silver SLA - Standard)","GetSmall",1,0,13.741,0.000,13.739
"Tier 2 (Silver SLA - Standard)","ListBucket",1,0,66.698,0.000,66.696
"Tier 2 (Silver SLA - Standard)","ListBucket",1,0,68.260,0.000,68.258
"Tier 2 (Silver SLA - Standard)","ListBucket",1,0,66.724,0.000,66.710
"Tier 2 (Silver SLA - Standard)","GetSmall",1,0,14.113,0.000,14.110
"Tier 2 (Silver SLA - Standard)","GetSmall",1,0,13.339,0.000,13.338
"Tier 2 (Silver SLA - Standard)","ListBucket",1,0,69.749,0.000,69.748
"Tier 2 (Silver SLA - Standard)","GetSmall",1,0,14.012,0.000,14.010
"Tier 2 (Silver SLA - Standard)","ListBucket",1,0,72.229,0.000,72.228
"Tier 2 (Silver SLA - Standard)","ListBucket",1,0,67.539,0.000,67.536
"Tier 2 (Silver SLA - Standard)","ListBucket",1,0,78.526,0.000,78.523
"Tier 2 (Silver SLA - Standard)","GetSmall",1,0,14.937,0.000,14.934
"Tier 2 (Silver SLA - Standard)","GetSmall",1,0,15.175,0.000,15.173
"Tier 2 (Silver SLA - Standard)","ListBucket",1,0,68.786,0.000,68.784
"Tier 2 (Silver SLA - Standard)","ListBucket",1,0,75.848,0.000,75.846
"Tier 2 (Silver SLA - Standard)","GetSmall",1,0,14.604,0.000,14.602
"Tier 2 (Silver SLA - Standard)","GetSmall",1,0,14.256,0.000,14.252
"Tier 2 (Silver SLA - Standard)","ListBucket",1,0,66.011,0.000,66.010
"Tier 2 (Silver SLA - Standard)","GetSmall",1,0,14.700,0.000,14.697
"Tier 2 (Silver SLA - Standard)","ListBucket",1,0,72.745,0.000,72.743
"Tier 2 (Silver SLA - Standard)","ListBucket",1,0,74.281,0.000,74.278
"Tier 2 (Silver SLA - Standard)","ListBucket",1,0,74.929,0.000,74.923
"Tier 2 (Silver SLA - Standard)","GetSmall",1,0,15.746,0.000,15.741
"Tier 2 (Silver SLA - Standard)","GetSmall",1,0,14.173,0.000,14.171
"Tier 2 (Silver SLA - Standard)","GetSmall",1,0,14.031,0.000,14.029
"Tier 2 (Silver SLA - Standard)","ListBucket",1,0,70.635,0.000,70.632
"Tier 2 (Silver SLA - Standard)","GetSmall",1,0,15.010,0.000,15.008
"Tier 2 (Silver SLA - Standard)","GetSmall",1,0,14.839,0.000,14.838
"Tier 2 (Silver SLA - Standard)","ListBucket",1,0,71.660,0.000,71.659
"Tier 2 (Silver SLA - Standard)","ListBucket",1,0,67.311,0.000,67.308
"Tier 2 (Silver SLA - Standard)","GetSmall",1,0,15.258,0.000,15.256
"Tier 2 (Silver SLA - Standard)","GetSmall",1,0,14.176,0.000,14.172
"Tier 2 (Silver SLA - Standard)","GetSmall",1,0,13.454,0.000,13.450
"Tier 2 (Silver SLA - Standard)","GetSmall",1,0,13.153,0.000,13.149
"Tier 2 (Silver SLA - Standard)","ListBucket",1,0,73.031,0.000,73.028
"Tier 2 (Silver SLA - Standard)","GetSmall",1,0,13.861,0.000,13.858
"Tier 2 (Silver SLA - Standard)","GetSmall",1,0,13.675,0.000,13.672
"Tier 2 (Silver SLA - Standard)","GetSmall",1,0,14.107,0.000,14.104
"Tier 2 (Silver SLA - Standard)","ListBucket",1,0,69.785,0.000,69.783
"Tier 2 (Silver SLA - Standard)","ListBucket",1,0,67.556,0.000,67.553
"Tier 2 (Silver SLA - Standard)","GetSmall",1,0,13.717,0.000,13.714
"Tier 2 (Silver SLA - Standard)","GetSmall",1,0,15.906,0.000,15.903
"Tier 2 (Silver SLA - Standard)","GetSmall",1,0,14.912,0.000,14.909
"Tier 2 (Silver SLA - Standard)","ListBucket",1,0,68.058,0.000,68.053
"Tier 2 (Silver SLA - Standard)","GetSmall",1,0,14.854,0.000,14.852
"Tier 2 (Silver SLA - Standard)","ListBucket",1,0,76.103,0.000,76.101
"Tier 2 (Silver SLA - Standard)","GetSmall",1,0,13.673,0.000,13.670
"Tier 2 (Silver SLA - Standard)","GetSmall",1,0,15.077,0.000,15.074
"Tier 2 (Silver SLA - Standard)","ListBucket",1,0,77.381,0.000,77.377
"Tier 2 (Silver SLA - Standard)","ListBucket",1,0,68.541,0.000,68.539
"Tier 2 (Silver SLA - Standard)","ListBucket",1,0,76.258,0.000,76.255
"Tier 2 (Silver SLA - Standard)","GetSmall",1,0,14.687,0.000,14.686
"Tier 2 (Silver SLA - Standard)","GetSmall",1,0,13.243,0.000,13.241
"Tier 2 (Silver SLA - Standard)","GetSmall",1,0,13.245,0.000,13.242
"Tier 2 (Silver SLA - Standard)","ListBucket",1,0,77.833,0.000,77.826
"Tier 2 (Silver SLA - Standard)","ListBucket",1,0,78.623,0.001,78.618
"Tier 2 (Silver SLA - Standard)","GetSmall",1,0,14.701,0.000,14.699
"Tier 2 (Silver SLA - Standard)","ListBucket",1,0,78.738,0.000,78.735
"Tier 2 (Silver SLA - Standard)","ListBucket",1,0,68.580,0.000,68.577
"Tier 2 (Silver SLA - Standard)","GetSmall",1,0,15.388,0.000,15.385
"Tier 2 (Silver SLA - Standard)","GetSmall",1,0,15.537,0.000,15.534
"Tier 2 (Silver SLA - Standard)","ListBucket",1,0,73.559,0.000,73.556
"Tier 2 (Silver SLA - Standard)","GetSmall",1,0,13.888,0.000,13.886
"Tier 2 (Silver SLA - Standard)","ListBucket",1,0,70.645,0.000,70.642
"Tier 2 (Silver SLA - Standard)","ListBucket",1,0,75.557,0.000,75.554
"Tier 2 (Silver SLA - Standard)","GetSmall",1,0,15.093,0.000,15.091
"Tier 2 (Silver SLA - Standard)","ListBucket",1,0,73.287,0.000,73.284
"Tier 2 (Silver SLA - Standard)","GetSmall",1,0,14.009,0.000,14.001
"Tier 2 (Silver SLA - Standard)","GetSmall",1,0,13.652,0.000,13.649
"Tier 2 (Silver SLA - Standard)","GetSmall",1,0,12.819,0.000,12.816
"Tier 2 (Silver SLA - Standard)","ListBucket",1,0,71.915,0.000,71.913
"Tier 2 (Silver SLA - Standard)","ListBucket",1,0,72.753,0.000,72.751
"Tier 2 (Silver SLA - Standard)","GetSmall",1,0,13.909,0.000,13.908
"Tier 2 (Silver SLA - Standard)","GetSmall",1,0,15.064,0.000,15.062
"Tier 2 (Silver SLA - Standard)","ListBucket",1,0,75.426,0.000,75.423
"Tier 2 (Silver SLA - Standard)","ListBucket",1,0,65.573,0.000,65.571
"Tier 2 (Silver SLA - Standard)","GetSmall",1,0,13.257,0.000,13.255
"Tier 2 (Silver SLA - Standard)","ListBucket",1,0,69.132,0.000,69.129
"Tier 2 (Silver SLA - Standard)","GetSmall",1,0,14.059,0.000,14.057
"Tier 2 (Silver SLA - Standard)","GetSmall",1,0,13.418,0.000,13.416
"Tier 2 (Silver SLA - Standard)","ListBucket",1,0,70.941,0.000,70.914
"Tier 2 (Silver SLA - Standard)","ListBucket",1,0,74.704,0.000,74.696
"Tier 2 (Silver SLA - Standard)","ListBucket",1,0,70.283,0.000,70.280
"Tier 2 (Silver SLA - Standard)","GetSmall",1,0,13.372,0.000,13.369
"Tier 2 (Silver SLA - Standard)","ListBucket",1,0,77.882,0.000,77.880
"Tier 2 (Silver SLA - Standard)","ListBucket",1,0,78.635,0.000,78.633
"Tier 2 (Silver SLA - Standard)","GetSmall",1,0,14.189,0.000,14.181
"Tier 2 (Silver SLA - Standard)","ListBucket",1,0,77.098,0.000,77.095
"Tier 2 (Silver SLA - Standard)","GetSmall",1,0,15.803,0.001,15.800
"Tier 2 (Silver SLA - Standard)","GetSmall",1,0,14.335,0.000,14.332
"Tier 2 (Silver SLA - Standard)","ListBucket",1,0,81.324,0.000,81.321
"Tier 2 (Silver SLA - Standard)","GetSmall",1,0,14.771,0.000,14.769
"Tier 2 (Silver SLA - Standard)","GetSmall",1,0,14.601,0.000,14.598
"Tier 2 (Silver SLA - Standard)","ListBucket",1,0,73.685,0.000,73.682
"Tier 2 (Silver SLA - Standard)","ListBucket",1,0,67.063,0.000,67.060
"Tier 2 (Silver SLA - Standard)","ListBucket",1,0,66.871,0.000,66.869
"Tier 2 (Silver SLA - Standard)","ListBucket",1,0,76.277,0.000,76.273
"Tier 2 (Silver SLA - Standard)","ListBucket",1,0,74.206,0.000,74.204
"Tier 2 (Silver SLA - Standard)","ListBucket",1,0,69.778,0.000,69.766
"Tier 2 (Silver SLA - Standard)","ListBucket",1,0,72.745,0.000,72.742
"Tier 2 (Silver SLA - Standard)","ListBucket",1,0,73.995,0.000,73.993
"Tier 2 (Silver SLA - Standard)","ListBucket",1,0,75.180,0.000,75.179
"Tier 2 (Silver SLA - Standard)","ListBucket",1,0,74.650,0.000,74.648
"Tier 2 (Silver SLA - Standard)","ListBucket",1,0,82.807,0.000,82.804
"Tier 2 (Silver SLA - Standard)","ListBucket",1,0,73.912,0.000,73.908
"Tier 2 (Silver SLA - Standard)","ListBucket",1,0,64.214,0.000,64.195
"Tier 2 (Silver SLA - Standard)","ListBucket",1,0,69.590,0.000,69.564
"Tier 2 (Silver SLA - Standard)","GetSmall",1,0,13.208,0.000,13.205
"Tier 2 (Silver SLA - Standard)","GetSmall",1,0,16.643,0.000,16.640
"Tier 2 (Silver SLA - Standard)","GetSmall",1,0,13.519,0.000,13.517
"Tier 2 (Silver SLA - Standard)","ListBucket",1,0,76.242,0.000,76.240
"Tier 2 (Silver SLA - Standard)","ListBucket",1,0,67.724,0.000,67.722
"Tier 2 (Silver SLA - Standard)","GetSmall",1,0,15.269,0.000,15.266
"Tier 2 (Silver SLA - Standard)","GetSmall",1,0,15.120,0.000,15.117
"Tier 2 (Silver SLA - Standard)","GetSmall",1,0,13.889,0.000,13.884
"Tier 2 (Silver SLA - Standard)","ListBucket",1,0,63.654,0.000,63.653
"Tier 2 (Silver SLA - Standard)","ListBucket",1,0,65.868,0.000,65.866
"Tier 2 (Silver SLA - Standard)","ListBucket",1,0,79.373,0.000,79.370
"Tier 2 (Silver SLA - Standard)","GetSmall",1,0,14.715,0.000,14.711
"Tier 2 (Silver SLA - Standard)","ListBucket",1,0,71.162,0.000,71.158
"Tier 2 (Silver SLA - Standard)","ListBucket",1,0,77.582,0.000,77.574
"Tier 2 (Silver SLA - Standard)","GetSmall",1,0,14.766,0.000,14.765
"Tier 2 (Silver SLA - Standard)","ListBucket",1,0,76.089,0.000,76.087
"Tier 2 (Silver SLA - Standard)","GetSmall",1,0,13.876,0.000,13.873
"Tier 2 (Silver SLA - Standard)","GetSmall",1,0,14.571,0.000,14.564
"Tier 2 (Silver SLA - Standard)","ListBucket",1,0,77.999,0.000,77.997
"Tier 2 (Silver SLA - Standard)","GetSmall",1,0,14.096,0.000,14.090
"Tier 2 (Silver SLA - Standard)","GetSmall",1,0,14.547,0.000,14.518
"Tier 2 (Silver SLA - Standard)","GetSmall",1,0,15.683,0.000,15.677
"Tier 2 (Silver SLA - Standard)","GetSmall",1,0,14.999,0.000,14.994
"Tier 2 (Silver SLA - Standard)","GetSmall",1,0,14.311,0.000,14.307
"Tier 2 (Silver SLA - Standard)","GetSmall",1,0,13.277,0.000,13.274
"Tier 2 (Silver SLA - Standard)","ListBucket",1,0,75.376,0.000,75.373
"Tier 2 (Silver SLA - Standard)","GetSmall",1,0,13.357,0.000,13.330
"Tier 2 (Silver SLA - Standard)","ListBucket",1,0,76.434,0.000,76.424
"Tier 2 (Silver SLA - Standard)","ListBucket",1,0,74.145,0.000,74.143
"Tier 2 (Silver SLA - Standard)","GetSmall",1,0,14.691,0.000,14.687
"Tier 2 (Silver SLA - Standard)","ListBucket",1,0,74.385,0.000,74.382
"Tier 2 (Silver SLA - Standard)","ListBucket",1,0,73.993,0.000,73.990
"Tier 2 (Silver SLA - Standard)","GetSmall",1,0,15.828,0.000,15.824
"Tier 2 (Silver SLA - Standard)","ListBucket",1,0,81.521,0.000,81.517
"Tier 2 (Silver SLA - Standard)","ListBucket",1,0,74.939,0.000,74.935
"Tier 2 (Silver SLA - Standard)","GetSmall",1,0,14.929,0.000,14.925
"Tier 2 (Silver SLA - Standard)","GetSmall",1,0,14.008,0.001,14.002
"Tier 2 (Silver SLA - Standard)","ListBucket",1,0,74.378,0.000,74.374
"Tier 2 (Silver SLA - Standard)","GetSmall",1,0,14.568,0.001,14.565
"Tier 2 (Silver SLA - Standard)","ListBucket",1,0,77.776,0.000,77.765
"Tier 2 (Silver SLA - Standard)","ListBucket",1,0,78.084,0.000,78.072
"Tier 2 (Silver SLA - Standard)","GetSmall",1,0,15.844,0.000,15.841
"Tier 2 (Silver SLA - Standard)","GetSmall",1,0,13.935,0.001,13.929
"Tier 2 (Silver SLA - Standard)","ListBucket",1,0,70.396,0.000,70.383
"Tier 2 (Silver SLA - Standard)","ListBucket",1,0,79.056,0.000,79.046
"Tier 2 (Silver SLA - Standard)","ListBucket",1,0,76.031,0.000,76.026
"Tier 2 (Silver SLA - Standard)","ListBucket",1,0,78.533,0.000,78.530
"Tier 2 (Silver SLA - Standard)","ListBucket",1,0,67.968,0.000,67.960
"Tier 2 (Silver SLA - Standard)","GetSmall",1,0,15.070,0.000,15.059
"Tier 2 (Silver SLA - Standard)","GetSmall",1,0,12.297,0.000,12.286
"Tier 2 (Silver SLA - Standard)","GetSmall",1,0,12.984,0.000,12.979
"Tier 2 (Silver SLA - Standard)","GetSmall",1,0,14.764,0.000,14.761
"Tier 2 (Silver SLA - Standard)","GetSmall",1,0,14.210,0.001,14.207
"Tier 2 (Silver SLA - Standard)","GetSmall",1,0,12.647,0.001,12.642
"Tier 2 (Silver SLA - Standard)","GetSmall",1,0,12.164,0.000,12.161
"Tier 2 (Silver SLA - Standard)","ListBucket",1,0,66.608,0.000,66.602
"Tier 2 (Silver SLA - Standard)","ListBucket",1,0,62.788,0.000,62.785
"Tier 2 (Silver SLA - Standard)","GetSmall",1,0,13.550,0.001,13.546
"Tier 2 (Silver SLA - Standard)","GetSmall",1,0,14.161,0.000,14.155
"Tier 2 (Silver SLA - Standard)","ListBucket",1,0,73.583,0.000,73.578
"Tier 2 (Silver SLA - Standard)","GetSmall",1,0,13.170,0.000,13.166
"Tier 2 (Silver SLA - Standard)","GetSmall",1,0,14.611,0.000,14.606
"Tier 2 (Silver SLA - Standard)","ListBucket",1,0,74.029,0.000,74.022
"Tier 2 (Silver SLA - Standard)","ListBucket",1,0,66.719,0.000,66.716
"Tier 2 (Silver SLA - Standard)","GetSmall",1,0,14.833,0.000,14.830
"Tier 2 (Silver SLA - Standard)","GetSmall",1,0,15.638,0.000,15.635
"Tier 2 (Silver SLA - Standard)","ListBucket",1,0,77.202,0.000,77.199
"Tier 2 (Silver SLA - Standard)","ListBucket",1,0,70.417,0.000,70.413
"Tier 2 (Silver SLA - Standard)","ListBucket",1,0,83.110,0.000,83.107
"Tier 2 (Silver SLA - Standard)","GetSmall",1,0,15.775,0.000,15.773
"Tier 2 (Silver SLA - Standard)","ListBucket",1,0,77.656,0.000,77.652
"Tier 2 (Silver SLA - Standard)","ListBucket",1,0,72.142,0.000,72.137
"Tier 2 (Silver SLA - Standard)","ListBucket",1,0,73.762,0.000,73.752
"Tier 2 (Silver SLA - Standard)","GetSmall",1,0,13.705,0.000,13.702
"Tier 2 (Silver SLA - Standard)","GetSmall",1,0,14.749,0.000,14.746
"Tier 2 (Silver SLA - Standard)","GetSmall",1,0,15.684,0.000,15.672
"Tier 2 (Silver SLA - Standard)","ListBucket",1,0,81.058,0.000,81.053
"Tier 2 (Silver SLA - Standard)","GetSmall",1,0,15.246,0.002,15.241
"Tier 2 (Silver SLA - Standard)","GetSmall",1,0,15.514,0.000,15.510
"Tier 2 (Silver SLA - Standard)","GetSmall",1,0,14.124,0.000,14.122
"Tier 2 (Silver SLA - Standard)","GetSmall",1,0,13.773,0.000,13.771
"Tier 2 (Silver SLA - Standard)","ListBucket",1,0,68.108,0.000,68.105
"Tier 2 (Silver SLA - Standard)","ListBucket",1,0,60.876,0.002,60.872
"Tier 2 (Silver SLA - Standard)","GetSmall",1,0,15.398,0.000,15.394
"Tier 2 (Silver SLA - Standard)","GetSmall",1,0,13.072,0.000,13.054
"Tier 2 (Silver SLA - Standard)","ListBucket",1,0,75.417,0.000,75.396
"Tier 2 (Silver SLA - Standard)","GetSmall",1,0,13.562,0.000,13.555
"Tier 2 (Silver SLA - Standard)","ListBucket",1,0,62.854,0.000,62.840
"Tier 2 (Silver SLA - Standard)","ListBucket",1,0,82.440,0.001,82.432
"Tier 2 (Silver SLA - Standard)","ListBucket",1,0,65.492,0.000,65.489
"Tier 2 (Silver SLA - Standard)","GetSmall",1,0,14.353,0.000,14.347
"Tier 2 (Silver SLA - Standard)","ListBucket",1,0,77.270,0.000,77.268
"Tier 2 (Silver SLA - Standard)","ListBucket",1,0,81.880,0.000,81.873
"Tier 2 (Silver SLA - Standard)","ListBucket",1,0,82.302,0.000,82.299
"Tier 2 (Silver SLA - Standard)","ListBucket",1,0,72.886,0.000,72.882
"Tier 2 (Silver SLA - Standard)","ListBucket",1,0,74.665,0.000,74.662
"Tier 2 (Silver SLA - Standard)","GetSmall",1,0,13.731,0.000,13.722
"Tier 2 (Silver SLA - Standard)","ListBucket",1,0,73.060,0.001,73.056
"Tier 2 (Silver SLA - Standard)","ListBucket",1,0,67.608,0.001,67.600
"Tier 2 (Silver SLA - Standard)","ListBucket",1,0,78.075,0.000,78.073
"Tier 2 (Silver SLA - Standard)","GetSmall",1,0,13.341,0.000,13.335
"Tier 2 (Silver SLA - Standard)","GetSmall",1,0,15.625,0.000,15.622
"Tier 2 (Silver SLA - Standard)","GetSmall",1,0,14.124,0.000,14.122
"Tier 2 (Silver SLA - Standard)","ListBucket",1,0,65.822,0.000,65.817
"Tier 2 (Silver SLA - Standard)","ListBucket",1,0,71.010,0.000,71.004
"Tier 2 (Silver SLA - Standard)","ListBucket",1,0,77.991,0.000,77.983
"Tier 2 (Silver SLA - Standard)","GetSmall",1,0,15.883,0.000,15.880
"Tier 2 (Silver SLA - Standard)","ListBucket",1,0,82.695,0.000,82.692
"Tier 2 (Silver SLA - Standard)","ListBucket",1,0,82.220,0.001,82.215
"Tier 2 (Silver SLA - Standard)","GetSmall",1,0,13.408,0.000,13.406
"Tier 2 (Silver SLA - Standard)","ListBucket",1,0,67.043,0.001,67.038
"Tier 2 (Silver SLA - Standard)","GetSmall",1,0,12.954,0.000,12.950
"Tier 2 (Silver SLA - Standard)","ListBucket",1,0,81.065,0.000,81.062
"Tier 2 (Silver SLA - Standard)","ListBucket",1,0,72.230,0.001,72.224
"Tier 2 (Silver SLA - Standard)","ListBucket",1,0,80.340,0.000,80.336
"Tier 2 (Silver SLA - Standard)","ListBucket",1,0,73.301,0.000,73.299
"Tier 2 (Silver SLA - Standard)","GetSmall",1,0,13.154,0.000,13.151
"Tier 2 (Silver SLA - Standard)","GetSmall",1,0,15.934,0.000,15.929
"Tier 2 (Silver SLA - Standard)","ListBucket",1,0,77.010,0.001,77.004
"Tier 2 (Silver SLA - Standard)","GetSmall",1,0,12.831,0.000,12.828
"Tier 2 (Silver SLA - Standard)","GetSmall",1,0,14.461,0.000,14.458
"Tier 2 (Silver SLA - Standard)","GetSmall",1,0,16.717,0.000,16.714
"Tier 2 (Silver SLA - Standard)","ListBucket",1,0,76.449,0.000,76.443
"Tier 2 (Silver SLA - Standard)","ListBucket",1,0,70.452,0.000,70.448
"Tier 2 (Silver SLA - Standard)","GetSmall",1,0,13.422,0.000,13.418
"Tier 2 (Silver SLA - Standard)","ListBucket",1,0,68.942,0.000,68.937
"Tier 2 (Silver SLA - Standard)","GetSmall",1,0,14.746,0.000,14.742
"Tier 2 (Silver SLA - Standard)","GetSmall",1,0,15.416,0.000,15.413
"Tier 2 (Silver SLA - Standard)","ListBucket",1,0,76.951,0.000,76.948
"Tier 2 (Silver SLA - Standard)","ListBucket",1,0,66.836,0.000,66.833
"Tier 2 (Silver SLA - Standard)","GetSmall",1,0,13.424,0.000,13.419
"Tier 2 (Silver SLA - Standard)","ListBucket",1,0,79.485,0.001,79.478
"Tier 2 (Silver SLA - Standard)","GetSmall",1,0,12.986,0.000,12.981
"Tier 2 (Silver SLA - Standard)","GetSmall",1,0,13.325,0.001,13.316
"Tier 2 (Silver SLA - Standard)","ListBucket",1,0,75.323,0.000,75.320
"Tier 2 (Silver SLA - Standard)","ListBucket",1,0,74.645,0.000,74.643
"Tier 2 (Silver SLA - Standard)","GetSmall",1,0,14.221,0.000,14.218
"Tier 2 (Silver SLA - Standard)","GetSmall",1,0,14.448,0.000,14.443
"Tier 2 (Silver SLA - Standard)","ListBucket",1,0,82.899,0.000,82.896
"Tier 2 (Silver SLA - Standard)","ListBucket",1,0,75.299,0.000,75.296
"Tier 2 (Silver SLA - Standard)","GetSmall",1,0,15.281,0.000,15.278
"Tier 2 (Silver SLA - Standard)","GetSmall",1,0,13.151,0.000,13.147
"Tier 2 (Silver SLA - Standard)","GetSmall",1,0,13.319,0.000,13.316
"Tier 2 (Silver SLA - Standard)","GetSmall",1,0,13.791,0.000,13.790
"Tier 2 (Silver SLA - Standard)","GetSmall",1,0,12.837,0.000,12.834
"Tier 2 (Silver SLA - Standard)","GetSmall",1,0,13.177,0.000,13.174
"Tier 2 (Silver SLA - Standard)","ListBucket",1,0,73.264,0.000,73.262
"Tier 2 (Silver SLA - Standard)","ListBucket",1,0,68.247,0.000,68.242
"Tier 2 (Silver SLA - Standard)","ListBucket",1,0,73.224,0.000,73.221
"Tier 2 (Silver SLA - Standard)","ListBucket",1,0,69.162,0.000,69.159
"Tier 2 (Silver SLA - Standard)","ListBucket",1,0,78.903,0.000,78.900
"Tier 2 (Silver SLA - Standard)","ListBucket",1,0,68.799,0.000,68.795
"Tier 2 (Silver SLA - Standard)","GetSmall",1,0,15.446,0.000,15.444
"Tier 2 (Silver SLA - Standard)","GetSmall",1,0,14.220,0.000,14.217
"Tier 2 (Silver SLA - Standard)","GetSmall",1,0,15.705,0.000,15.700
"Tier 2 (Silver SLA - Standard)","ListBucket",1,0,67.456,0.000,67.451
"Tier 2 (Silver SLA - Standard)","GetSmall",1,0,15.044,0.000,15.041
"Tier 2 (Silver SLA - Standard)","GetSmall",1,0,13.717,0.000,13.714
"Tier 2 (Silver SLA - Standard)","ListBucket",1,0,65.686,0.000,65.683
"Tier 2 (Silver SLA - Standard)","ListBucket",1,0,71.861,0.000,71.858
"Tier 2 (Silver SLA - Standard)","ListBucket",1,0,77.261,0.000,77.258
"Tier 2 (Silver SLA - Standard)","ListBucket",1,0,66.911,0.000,66.909
"Tier 2 (Silver SLA - Standard)","ListBucket",1,0,73.631,0.000,73.628
"Tier 2 (Silver SLA - Standard)","ListBucket",1,0,64.842,0.001,64.837
"Tier 2 (Silver SLA - Standard)","GetSmall",1,0,16.222,0.000,16.219
"Tier 2 (Silver SLA - Standard)","ListBucket",1,0,68.911,0.000,68.899
"Tier 2 (Silver SLA - Standard)","ListBucket",1,0,66.667,0.000,66.663
"Tier 2 (Silver SLA - Standard)","ListBucket",1,0,74.601,0.000,74.597
"Tier 2 (Silver SLA - Standard)","ListBucket",1,0,66.300,0.000,66.298
"Tier 2 (Silver SLA - Standard)","GetSmall",1,0,12.789,0.000,12.786
"Tier 2 (Silver SLA - Standard)","GetSmall",1,0,16.736,0.000,16.734
"Tier 2 (Silver SLA - Standard)","ListBucket",1,0,74.285,0.000,74.282
"Tier 2 (Silver SLA - Standard)","ListBucket",1,0,77.121,0.000,77.119
"Tier 2 (Silver SLA - Standard)","GetSmall",1,0,15.815,0.000,15.807
"Tier 2 (Silver SLA - Standard)","ListBucket",1,0,80.542,0.000,80.540
"Tier 2 (Silver SLA - Standard)","GetSmall",1,0,13.687,0.000,13.685
"Tier 2 (Silver SLA - Standard)","ListBucket",1,0,67.387,0.000,67.383
"Tier 2 (Silver SLA - Standard)","ListBucket",1,0,69.232,0.000,69.230
"Tier 2 (Silver SLA - Standard)","ListBucket",1,0,70.363,0.000,70.360
"Tier 2 (Silver SLA - Standard)","GetSmall",1,0,13.210,0.000,13.207
"Tier 2 (Silver SLA - Standard)","ListBucket",1,0,71.100,0.000,71.096
"Tier 2 (Silver SLA - Standard)","GetSmall",1,0,13.580,0.001,13.576
"Tier 2 (Silver SLA - Standard)","GetSmall",1,0,14.161,0.000,14.159
"Tier 2 (Silver SLA - Standard)","ListBucket",1,0,73.375,0.000,73.372
"Tier 2 (Silver SLA - Standard)","GetSmall",1,0,14.656,0.000,14.648
"Tier 2 (Silver SLA - Standard)","ListBucket",1,0,74.372,0.000,74.370
"Tier 2 (Silver SLA - Standard)","GetSmall",1,0,13.694,0.000,13.692
"Tier 2 (Silver SLA - Standard)","GetSmall",1,0,13.599,0.000,13.596
"Tier 2 (Silver SLA - Standard)","GetSmall",1,0,14.574,0.000,14.571
"Tier 2 (Silver SLA - Standard)","GetSmall",1,0,14.345,0.000,14.343
"Tier 2 (Silver SLA - Standard)","GetSmall",1,0,14.020,0.000,14.018
"Tier 2 (Silver SLA - Standard)","ListBucket",1,0,76.754,0.000,76.751
"Tier 2 (Silver SLA - Standard)","GetSmall",1,0,15.729,0.000,15.726
"Tier 2 (Silver SLA - Standard)","ListBucket",1,0,68.935,0.000,68.930
"Tier 2 (Silver SLA - Standard)","ListBucket",1,0,72.048,0.000,72.045
"Tier 2 (Silver SLA - Standard)","GetSmall",1,0,14.298,0.000,14.296
"Tier 2 (Silver SLA - Standard)","GetSmall",1,0,16.179,0.000,16.177
"Tier 2 (Silver SLA - Standard)","GetSmall",1,0,13.517,0.000,13.515
"Tier 2 (Silver SLA - Standard)","ListBucket",1,0,76.193,0.000,76.191
"Tier 2 (Silver SLA - Standard)","ListBucket",1,0,71.652,0.000,71.651
"Tier 2 (Silver SLA - Standard)","GetSmall",1,0,13.126,0.000,13.122
"Tier 2 (Silver SLA - Standard)","GetSmall",1,0,14.776,0.000,14.773
"Tier 2 (Silver SLA - Standard)","ListBucket",1,0,73.724,0.000,73.722
"Tier 2 (Silver SLA - Standard)","GetSmall",1,0,14.758,0.000,14.756
"Tier 2 (Silver SLA - Standard)","GetSmall",1,0,14.041,0.000,14.038
"Tier 2 (Silver SLA - Standard)","ListBucket",1,0,72.260,0.001,72.256
"Tier 2 (Silver SLA - Standard)","ListBucket",1,0,77.295,0.000,77.292
"Tier 2 (Silver SLA - Standard)","GetSmall",1,0,13.629,0.000,13.626
"Tier 2 (Silver SLA - Standard)","ListBucket",1,0,71.449,0.000,71.447
"Tier 2 (Silver SLA - Standard)","ListBucket",1,0,79.462,0.000,79.461
"Tier 2 (Silver SLA - Standard)","GetSmall",1,0,13.903,0.000,13.902
"Tier 2 (Silver SLA - Standard)","GetSmall",1,0,14.022,0.000,14.019
"Tier 2 (Silver SLA - Standard)","ListBucket",1,0,76.703,0.000,76.700
"Tier 2 (Silver SLA - Standard)","GetSmall",1,0,13.758,0.000,13.757
"Tier 2 (Silver SLA - Standard)","ListBucket",1,0,79.252,0.000,79.249
"Tier 2 (Silver SLA - Standard)","ListBucket",1,0,73.054,0.000,73.051
"Tier 2 (Silver SLA - Standard)","GetSmall",1,0,15.518,0.000,15.516
"Tier 2 (Silver SLA - Standard)","GetSmall",1,0,15.245,0.000,15.243
"Tier 2 (Silver SLA - Standard)","ListBucket",1,0,71.946,0.000,71.943
"Tier 2 (Silver SLA - Standard)","GetSmall",1,0,14.514,0.000,14.511
"Tier 2 (Silver SLA - Standard)","GetSmall",1,0,15.884,0.000,15.881
"Tier 2 (Silver SLA - Standard)","GetSmall",1,0,14.492,0.000,14.490
"Tier 2 (Silver SLA - Standard)","ListBucket",1,0,78.989,0.000,78.986
"Tier 2 (Silver SLA - Standard)","GetSmall",1,0,13.628,0.000,13.626
"Tier 2 (Silver SLA - Standard)","GetSmall",1,0,13.639,0.000,13.636
"Tier 2 (Silver SLA - Standard)","GetSmall",1,0,14.276,0.000,14.274
"Tier 2 (Silver SLA - Standard)","GetSmall",1,0,15.817,0.000,15.816
"Tier 2 (Silver SLA - Standard)","GetSmall",1,0,15.179,0.000,15.177
"Tier 2 (Silver SLA - Standard)","ListBucket",1,0,65.914,0.000,65.911
"Tier 2 (Silver SLA - Standard)","ListBucket",1,0,78.721,0.000,78.720
"Tier 2 (Silver SLA - Standard)","GetSmall",1,0,15.185,0.000,15.182
"Tier 2 (Silver SLA - Standard)","ListBucket",1,0,78.948,0.000,78.946
"Tier 2 (Silver SLA - Standard)","GetSmall",1,0,15.525,0.000,15.522
"Tier 2 (Silver SLA - Standard)","GetSmall",1,0,13.219,0.000,13.217
"Tier 2 (Silver SLA - Standard)","ListBucket",1,0,82.693,0.000,82.692
"Tier 2 (Silver SLA - Standard)","ListBucket",1,0,71.483,0.000,71.480
"Tier 2 (Silver SLA - Standard)","GetSmall",1,0,15.436,0.000,15.434
"Tier 2 (Silver SLA - Standard)","ListBucket",1,0,59.956,0.000,59.954
"Tier 2 (Silver SLA - Standard)","ListBucket",1,0,67.393,0.000,67.391
"Tier 2 (Silver SLA - Standard)","ListBucket",1,0,73.715,0.000,73.711
"Tier 2 (Silver SLA - Standard)","GetSmall",1,0,14.909,0.000,14.906
"Tier 2 (Silver SLA - Standard)","ListBucket",1,0,75.246,0.000,75.242
"Tier 2 (Silver SLA - Standard)","GetSmall",1,0,15.808,0.000,15.805
"Tier 2 (Silver SLA - Standard)","ListBucket",1,0,66.820,0.000,66.818
"Tier 2 (Silver SLA - Standard)","GetSmall",1,0,13.651,0.000,13.649
"Tier 2 (Silver SLA - Standard)","GetSmall",1,0,14.793,0.000,14.784
"Tier 2 (Silver SLA - Standard)","GetSmall",1,0,15.642,0.000,15.640
"Tier 2 (Silver SLA - Standard)","ListBucket",1,0,66.343,0.000,66.341
"Tier 2 (Silver SLA - Standard)","GetSmall",1,0,14.067,0.001,14.064
"Tier 2 (Silver SLA - Standard)","GetSmall",1,0,14.798,0.000,14.795
"Tier 2 (Silver SLA - Standard)","ListBucket",1,0,79.014,0.000,79.012
"Tier 2 (Silver SLA - Standard)","ListBucket",1,0,72.304,0.000,72.302
"Tier 2 (Silver SLA - Standard)","ListBucket",1,0,73.165,0.000,73.163
"Tier 2 (Silver SLA - Standard)","GetSmall",1,0,15.938,0.000,15.936
"Tier 2 (Silver SLA - Standard)","GetSmall",1,0,13.543,0.000,13.540
"Tier 2 (Silver SLA - Standard)","ListBucket",1,0,67.139,0.000,67.131
"Tier 2 (Silver SLA - Standard)","GetSmall",1,0,16.246,0.000,16.244
"Tier 2 (Silver SLA - Standard)","GetSmall",1,0,13.645,0.000,13.642
"Tier 2 (Silver SLA - Standard)","GetSmall",1,0,16.028,0.000,16.025
"Tier 2 (Silver SLA - Standard)","GetSmall",1,0,15.593,0.000,15.590
"Tier 2 (Silver SLA - Standard)","GetSmall",1,0,13.414,0.000,13.412
"Tier 2 (Silver SLA - Standard)","GetSmall",1,0,14.695,0.000,14.694
"Tier 2 (Silver SLA - Standard)","GetSmall",1,0,13.647,0.000,13.646
"Tier 2 (Silver SLA - Standard)","ListBucket",1,0,66.950,0.000,66.947
"Tier 2 (Silver SLA - Standard)","GetSmall",1,0,15.561,0.000,15.559
"Tier 2 (Silver SLA - Standard)","GetSmall",1,0,15.952,0.000,15.949
"Tier 2 (Silver SLA - Standard)","ListBucket",1,0,73.963,0.000,73.962
"Tier 2 (Silver SLA - Standard)","GetSmall",1,0,15.128,0.000,15.121
"Tier 2 (Silver SLA - Standard)","GetSmall",1,0,14.147,0.000,14.140
"Tier 2 (Silver SLA - Standard)","GetSmall",1,0,16.188,0.000,16.186
"Tier 2 (Silver SLA - Standard)","ListBucket",1,0,70.259,0.000,70.257
"Tier 2 (Silver SLA - Standard)","GetSmall",1,0,13.787,0.000,13.784
"Tier 2 (Silver SLA - Standard)","ListBucket",1,0,80.088,0.000,80.087
"Tier 2 (Silver SLA - Standard)","GetSmall",1,0,14.313,0.000,14.310
"Tier 2 (Silver SLA - Standard)","ListBucket",1,0,78.600,0.000,78.598
"Tier 2 (Silver SLA - Standard)","ListBucket",1,0,78.508,0.000,78.505
"Tier 2 (Silver SLA - Standard)","GetSmall",1,0,14.579,0.000,14.578
"Tier 2 (Silver SLA - Standard)","GetSmall",1,0,14.191,0.000,14.189
"Tier 2 (Silver SLA - Standard)","ListBucket",1,0,71.136,0.000,71.134
"Tier 2 (Silver SLA - Standard)","ListBucket",1,0,72.213,0.000,72.210
"Tier 2 (Silver SLA - Standard)","ListBucket",1,0,67.508,0.000,67.506
"Tier 2 (Silver SLA - Standard)","GetSmall",1,0,14.767,0.000,14.765
"Tier 2 (Silver SLA - Standard)","ListBucket",1,0,68.836,0.000,68.831
"Tier 2 (Silver SLA - Standard)","GetSmall",1,0,13.201,0.000,13.200
"Tier 2 (Silver SLA - Standard)","ListBucket",1,0,74.119,0.000,74.116
"Tier 2 (Silver SLA - Standard)","ListBucket",1,0,80.376,0.000,80.373
"Tier 2 (Silver SLA - Standard)","GetSmall",1,0,13.960,0.000,13.958
"Tier 2 (Silver SLA - Standard)","ListBucket",1,0,65.633,0.000,65.630
"Tier 2 (Silver SLA - Standard)","GetSmall",1,0,15.122,0.000,15.119
"Tier 2 (Silver SLA - Standard)","ListBucket",1,0,76.792,0.000,76.789
"Tier 2 (Silver SLA - Standard)","GetSmall",1,0,14.638,0.000,14.635
"Tier 2 (Silver SLA - Standard)","GetSmall",1,0,15.537,0.000,15.534
"Tier 2 (Silver SLA - Standard)","GetSmall",1,0,12.833,0.000,12.831
"Tier 2 (Silver SLA - Standard)","GetSmall",1,0,13.872,0.000,13.870
"Tier 2 (Silver SLA - Standard)","ListBucket",1,0,80.055,0.000,80.052
"Tier 2 (Silver SLA - Standard)","GetSmall",1,0,15.425,0.000,15.424
"Tier 2 (Silver SLA - Standard)","ListBucket",1,0,66.563,0.000,66.561
"Tier 2 (Silver SLA - Standard)","GetSmall",1,0,13.291,0.000,13.288
"Tier 2 (Silver SLA - Standard)","GetSmall",1,0,14.145,0.000,14.143
"Tier 2 (Silver SLA - Standard)","GetSmall",1,0,14.772,0.000,14.769
"Tier 2 (Silver SLA - Standard)","GetSmall",1,0,13.903,0.000,13.899
"Tier 2 (Silver SLA - Standard)","ListBucket",1,0,69.240,0.000,69.239
"Tier 2 (Silver SLA - Standard)","GetSmall",1,0,12.609,0.000,12.608
"Tier 2 (Silver SLA - Standard)","GetSmall",1,0,14.293,0.000,14.291
"Tier 2 (Silver SLA - Standard)","GetSmall",1,0,14.584,0.000,14.582
"Tier 2 (Silver SLA - Standard)","ListBucket",1,0,70.901,0.000,70.899
"Tier 2 (Silver SLA - Standard)","ListBucket",1,0,82.901,0.000,82.899
"Tier 2 (Silver SLA - Standard)","GetSmall",1,0,12.575,0.000,12.571
"Tier 2 (Silver SLA - Standard)","GetSmall",1,0,14.314,0.000,14.312
"Tier 2 (Silver SLA - Standard)","ListBucket",1,0,75.391,0.000,75.389
"Tier 2 (Silver SLA - Standard)","ListBucket",1,0,78.507,0.000,78.504
"Tier 2 (Silver SLA - Standard)","GetSmall",1,0,13.589,0.001,13.584
"Tier 2 (Silver SLA - Standard)","GetSmall",1,0,14.137,0.000,14.135
"Tier 2 (Silver SLA - Standard)","ListBucket",1,0,74.002,0.000,74.000
"Tier 2 (Silver SLA - Standard)","GetSmall",1,0,14.937,0.000,14.934
"Tier 2 (Silver SLA - Standard)","GetSmall",1,0,14.369,0.000,14.366
"Tier 2 (Silver SLA - Standard)","GetSmall",1,0,12.989,0.000,12.988
"Tier 2 (Silver SLA - Standard)","ListBucket",1,0,69.132,0.000,69.130
"Tier 2 (Silver SLA - Standard)","ListBucket",1,0,68.290,0.000,68.288
"Tier 2 (Silver SLA - Standard)","ListBucket",1,0,73.898,0.000,73.895
"Tier 2 (Silver SLA - Standard)","ListBucket",1,0,72.216,0.000,72.213
"Tier 2 (Silver SLA - Standard)","ListBucket",1,0,68.136,0.000,68.133
"Tier 2 (Silver SLA - Standard)","ListBucket",1,0,68.632,0.000,68.630
"Tier 2 (Silver SLA - Standard)","ListBucket",1,0,68.416,0.000,68.414
"Tier 2 (Silver SLA - Standard)","GetSmall",1,0,14.544,0.000,14.541
"Tier 2 (Silver SLA - Standard)","GetSmall",1,0,15.880,0.000,15.878
"Tier 2 (Silver SLA - Standard)","ListBucket",1,0,73.212,0.000,73.210
"Tier 2 (Silver SLA - Standard)","ListBucket",1,0,76.230,0.000,76.220
"Tier 2 (Silver SLA - Standard)","ListBucket",1,0,77.636,0.000,77.634
"Tier 2 (Silver SLA - Standard)","ListBucket",1,0,68.032,0.000,68.031
"Tier 2 (Silver SLA - Standard)","GetSmall",1,0,15.074,0.000,15.072
"Tier 2 (Silver SLA - Standard)","GetSmall",1,0,15.257,0.000,15.255
"Tier 2 (Silver SLA - Standard)","ListBucket",1,0,75.806,0.000,75.803
"Tier 2 (Silver SLA - Standard)","GetSmall",1,0,13.026,0.000,13.024
"Tier 2 (Silver SLA - Standard)","GetSmall",1,0,14.056,0.000,14.051
"Tier 2 (Silver SLA - Standard)","GetSmall",1,0,14.409,0.000,14.407
"Tier 2 (Silver SLA - Standard)","GetSmall",1,0,13.149,0.000,13.148
"Tier 2 (Silver SLA - Standard)","ListBucket",1,0,75.244,0.000,75.241
"Tier 2 (Silver SLA - Standard)","ListBucket",1,0,79.738,0.000,79.735
"Tier 2 (Silver SLA - Standard)","GetSmall",1,0,12.529,0.000,12.527
"Tier 2 (Silver SLA - Standard)","ListBucket",1,0,73.071,0.000,73.070
"Tier 2 (Silver SLA - Standard)","ListBucket",1,0,70.458,0.000,70.455
"Tier 2 (Silver SLA - Standard)","GetSmall",1,0,13.843,0.000,13.840
"Tier 2 (Silver SLA - Standard)","GetSmall",1,0,14.087,0.000,14.085
"Tier 2 (Silver SLA - Standard)","ListBucket",1,0,70.385,0.000,70.382
"Tier 2 (Silver SLA - Standard)","ListBucket",1,0,67.859,0.000,67.857
"Tier 2 (Silver SLA - Standard)","GetSmall",1,0,14.040,0.000,14.037
"Tier 2 (Silver SLA - Standard)","GetSmall",1,0,14.745,0.000,14.742
"Tier 2 (Silver SLA - Standard)","GetSmall",1,0,13.705,0.000,13.701
"Tier 2 (Silver SLA - Standard)","GetSmall",1,0,15.685,0.000,15.682
"Tier 2 (Silver SLA - Standard)","GetSmall",1,0,12.755,0.000,12.752
"Tier 2 (Silver SLA - Standard)","ListBucket",1,0,73.721,0.000,73.719
"Tier 2 (Silver SLA - Standard)","GetSmall",1,0,13.759,0.000,13.758
"Tier 2 (Silver SLA - Standard)","ListBucket",1,0,67.341,0.000,67.339
"Tier 2 (Silver SLA - Standard)","GetSmall",1,0,14.776,0.000,14.769
"Tier 2 (Silver SLA - Standard)","ListBucket",1,0,69.256,0.000,69.254
"Tier 2 (Silver SLA - Standard)","ListBucket",1,0,72.308,0.000,72.307
"Tier 2 (Silver SLA - Standard)","ListBucket",1,0,79.521,0.000,79.517
"Tier 2 (Silver SLA - Standard)","ListBucket",1,0,70.802,0.000,70.796
"Tier 2 (Silver SLA - Standard)","ListBucket",1,0,68.159,0.000,68.157
"Tier 2 (Silver SLA - Standard)","GetSmall",1,0,13.726,0.000,13.723
"Tier 2 (Silver SLA - Standard)","GetSmall",1,0,14.152,0.000,14.149
"Tier 2 (Silver SLA - Standard)","GetSmall",1,0,16.078,0.000,16.071
"Tier 2 (Silver SLA - Standard)","GetSmall",1,0,15.044,0.000,15.041
"Tier 2 (Silver SLA - Standard)","GetSmall",1,0,15.005,0.000,15.003
"Tier 2 (Silver SLA - Standard)","ListBucket",1,0,70.825,0.000,70.822
"Tier 2 (Silver SLA - Standard)","ListBucket",1,0,67.432,0.000,67.429
"Tier 2 (Silver SLA - Standard)","ListBucket",1,0,75.344,0.000,75.334
"Tier 2 (Silver SLA - Standard)","GetSmall",1,0,12.067,0.000,12.065
"Tier 2 (Silver SLA - Standard)","ListBucket",1,0,73.645,0.000,73.641
"Tier 2 (Silver SLA - Standard)","GetSmall",1,0,13.541,0.000,13.539
"Tier 2 (Silver SLA - Standard)","GetSmall",1,0,13.313,0.000,13.311
"Tier 2 (Silver SLA - Standard)","GetSmall",1,0,12.784,0.000,12.783
"Tier 2 (Silver SLA - Standard)","GetSmall",1,0,13.783,0.000,13.781
"Tier 2 (Silver SLA - Standard)","ListBucket",1,0,74.602,0.000,74.600
"Tier 2 (Silver SLA - Standard)","GetSmall",1,0,14.326,0.000,14.320
"Tier 2 (Silver SLA - Standard)","ListBucket",1,0,69.716,0.000,69.713
"Tier 2 (Silver SLA - Standard)","GetSmall",1,0,11.879,0.000,11.876
"Tier 2 (Silver SLA - Standard)","GetSmall",1,0,14.180,0.000,14.178
"Tier 2 (Silver SLA - Standard)","GetSmall",1,0,13.836,0.000,13.833
"Tier 2 (Silver SLA - Standard)","ListBucket",1,0,69.924,0.000,69.922
"Tier 2 (Silver SLA - Standard)","GetSmall",1,0,15.369,0.000,15.367
"Tier 2 (Silver SLA - Standard)","ListBucket",1,0,81.563,0.000,81.561
"Tier 2 (Silver SLA - Standard)","GetSmall",1,0,16.508,0.000,16.506
"Tier 2 (Silver SLA - Standard)","ListBucket",1,0,69.764,0.000,69.762
"Tier 2 (Silver SLA - Standard)","ListBucket",1,0,76.717,0.000,76.715
"Tier 2 (Silver SLA - Standard)","GetSmall",1,0,12.789,0.000,12.760
"Tier 2 (Silver SLA - Standard)","GetSmall",1,0,14.267,0.000,14.254
"Tier 2 (Silver SLA - Standard)","GetSmall",1,0,14.652,0.000,14.645
"Tier 2 (Silver SLA - Standard)","GetSmall",1,0,13.844,0.000,13.836
"Tier 2 (Silver SLA - Standard)","ListBucket",1,0,68.533,0.000,68.517
"Tier 2 (Silver SLA - Standard)","ListBucket",1,0,68.935,0.000,68.921
"Tier 2 (Silver SLA - Standard)","GetSmall",1,0,13.286,0.000,13.283
"Tier 2 (Silver SLA - Standard)","GetSmall",1,0,15.921,0.000,15.919
"Tier 2 (Silver SLA - Standard)","ListBucket",1,0,73.744,0.000,73.741
"Tier 2 (Silver SLA - Standard)","ListBucket",1,0,66.615,0.000,66.612
"Tier 2 (Silver SLA - Standard)","GetSmall",1,0,15.405,0.000,15.403
"Tier 2 (Silver SLA - Standard)","GetSmall",1,0,14.254,0.000,14.251
"Tier 2 (Silver SLA - Standard)","ListBucket",1,0,72.626,0.000,72.624
"Tier 2 (Silver SLA - Standard)","GetSmall",1,0,12.566,0.000,12.565
"Tier 2 (Silver SLA - Standard)","ListBucket",1,0,73.735,0.000,73.731
"Tier 2 (Silver SLA - Standard)","GetSmall",1,0,13.600,0.000,13.597
"Tier 2 (Silver SLA - Standard)","GetSmall",1,0,15.300,0.000,15.298
"Tier 2 (Silver SLA - Standard)","ListBucket",1,0,60.000,0.000,59.998
"Tier 2 (Silver SLA - Standard)","ListBucket",1,0,59.499,0.000,59.495
"Tier 2 (Silver SLA - Standard)","ListBucket",1,0,76.917,0.000,76.915
"Tier 2 (Silver SLA - Standard)","GetSmall",1,0,15.003,0.000,15.001
"Tier 2 (Silver SLA - Standard)","GetSmall",1,0,15.057,0.000,15.054
"Tier 2 (Silver SLA - Standard)","GetSmall",1,0,13.615,0.000,13.613
"Tier 2 (Silver SLA - Standard)","ListBucket",1,0,76.201,0.000,76.199
"Tier 2 (Silver SLA - Standard)","GetSmall",1,0,14.537,0.000,14.535
"Tier 2 (Silver SLA - Standard)","ListBucket",1,0,69.896,0.000,69.893
"Tier 2 (Silver SLA - Standard)","GetSmall",1,0,14.162,0.000,14.161
"Tier 2 (Silver SLA - Standard)","GetSmall",1,0,15.910,0.000,15.908
"Tier 2 (Silver SLA - Standard)","ListBucket",1,0,63.676,0.000,63.671
"Tier 2 (Silver SLA - Standard)","ListBucket",1,0,65.502,0.000,65.501
"Tier 2 (Silver SLA - Standard)","ListBucket",1,0,69.459,0.000,69.455
"Tier 2 (Silver SLA - Standard)","GetSmall",1,0,13.428,0.000,13.425
"Tier 2 (Silver SLA - Standard)","GetSmall",1,0,13.964,0.000,13.962
"Tier 2 (Silver SLA - Standard)","GetSmall",1,0,15.107,0.000,15.073
"Tier 2 (Silver SLA - Standard)","ListBucket",1,0,67.456,0.000,67.452
"Tier 2 (Silver SLA - Standard)","GetSmall",1,0,16.151,0.000,16.148
"Tier 2 (Silver SLA - Standard)","GetSmall",1,0,15.413,0.000,15.409
"Tier 2 (Silver SLA - Standard)","ListBucket",1,0,71.422,0.000,71.420
"Tier 2 (Silver SLA - Standard)","GetSmall",1,0,12.809,0.000,12.807
"Tier 2 (Silver SLA - Standard)","GetSmall",1,0,13.897,0.000,13.895
"Tier 2 (Silver SLA - Standard)","ListBucket",1,0,71.716,0.000,71.713
"Tier 2 (Silver SLA - Standard)","ListBucket",1,0,66.606,0.000,66.603
"Tier 2 (Silver SLA - Standard)","GetSmall",1,0,15.749,0.000,15.745
"Tier 2 (Silver SLA - Standard)","ListBucket",1,0,73.953,0.000,73.951
"Tier 2 (Silver SLA - Standard)","ListBucket",1,0,72.267,0.000,72.265
"Tier 2 (Silver SLA - Standard)","GetSmall",1,0,16.244,0.000,16.242
"Tier 2 (Silver SLA - Standard)","GetSmall",1,0,15.991,0.000,15.988
"Tier 2 (Silver SLA - Standard)","GetSmall",1,0,15.402,0.000,15.399
"Tier 2 (Silver SLA - Standard)","ListBucket",1,0,78.372,0.000,78.369
"Tier 2 (Silver SLA - Standard)","ListBucket",1,0,71.088,0.000,71.086
"Tier 2 (Silver SLA - Standard)","ListBucket",1,0,75.008,0.000,75.006
"Tier 2 (Silver SLA - Standard)","GetSmall",1,0,15.253,0.000,15.252
"Tier 2 (Silver SLA - Standard)","ListBucket",1,0,67.333,0.000,67.331
"Tier 2 (Silver SLA - Standard)","ListBucket",1,0,71.596,0.000,71.594
"Tier 2 (Silver SLA - Standard)","ListBucket",1,0,77.878,0.000,77.875
"Tier 2 (Silver SLA - Standard)","ListBucket",1,0,74.686,0.000,74.685
"Tier 2 (Silver SLA - Standard)","GetSmall",1,0,13.357,0.000,13.355
"Tier 2 (Silver SLA - Standard)","ListBucket",1,0,68.634,0.000,68.631
"Tier 2 (Silver SLA - Standard)","GetSmall",1,0,13.418,0.000,13.415
"Tier 2 (Silver SLA - Standard)","ListBucket",1,0,66.638,0.000,66.634
"Tier 2 (Silver SLA - Standard)","GetSmall",1,0,14.995,0.000,14.989
"Tier 2 (Silver SLA - Standard)","GetSmall",1,0,15.439,0.000,15.437
"Tier 2 (Silver SLA - Standard)","GetSmall",1,0,13.521,0.000,13.518
"Tier 2 (Silver SLA - Standard)","GetSmall",1,0,14.368,0.000,14.366
"Tier 2 (Silver SLA - Standard)","ListBucket",1,0,72.131,0.000,72.129
"Tier 2 (Silver SLA - Standard)","ListBucket",1,0,76.996,0.000,76.993
"Tier 2 (Silver SLA - Standard)","ListBucket",1,0,76.145,0.000,76.142
"Tier 2 (Silver SLA - Standard)","ListBucket",1,0,71.828,0.000,71.824
"Tier 2 (Silver SLA - Standard)","ListBucket",1,0,74.206,0.000,74.204
"Tier 2 (Silver SLA - Standard)","GetSmall",1,0,13.773,0.000,13.772
"Tier 2 (Silver SLA - Standard)","ListBucket",1,0,76.051,0.000,76.049
"Tier 2 (Silver SLA - Standard)","GetSmall",1,0,12.922,0.000,12.919
"Tier 2 (Silver SLA - Standard)","GetSmall",1,0,14.617,0.000,14.615
"Tier 2 (Silver SLA - Standard)","ListBucket",1,0,83.661,0.000,83.658
"Tier 2 (Silver SLA - Standard)","GetSmall",1,0,12.918,0.000,12.917
"Tier 2 (Silver SLA - Standard)","GetSmall",1,0,14.480,0.000,14.478
"Tier 2 (Silver SLA - Standard)","GetSmall",1,0,16.084,0.000,16.082
"Tier 2 (Silver SLA - Standard)","ListBucket",1,0,69.347,0.000,69.343
"Tier 2 (Silver SLA - Standard)","ListBucket",1,0,79.709,0.000,79.708
"Tier 2 (Silver SLA - Standard)","ListBucket",1,0,71.692,0.000,71.691
"Tier 2 (Silver SLA - Standard)","ListBucket",1,0,67.411,0.000,67.408
"Tier 2 (Silver SLA - Standard)","ListBucket",1,0,69.456,0.000,69.454
"Tier 2 (Silver SLA - Standard)","ListBucket",1,0,69.661,0.000,69.659
"Tier 2 (Silver SLA - Standard)","GetSmall",1,0,14.585,0.000,14.576
"Tier 2 (Silver SLA - Standard)","ListBucket",1,0,70.073,0.000,70.071
"Tier 2 (Silver SLA - Standard)","GetSmall",1,0,14.760,0.000,14.757
"Tier 2 (Silver SLA - Standard)","ListBucket",1,0,68.825,0.000,68.822
"Tier 2 (Silver SLA - Standard)","ListBucket",1,0,78.368,0.000,78.365
"Tier 2 (Silver SLA - Standard)","GetSmall",1,0,13.311,0.000,13.310
"Tier 2 (Silver SLA - Standard)","ListBucket",1,0,74.889,0.000,74.887
"Tier 2 (Silver SLA - Standard)","ListBucket",1,0,71.689,0.000,71.667
"Tier 2 (Silver SLA - Standard)","ListBucket",1,0,76.843,0.000,76.837
"Tier 2 (Silver SLA - Standard)","ListBucket",1,0,78.457,0.000,78.455
"Tier 2 (Silver SLA - Standard)","ListBucket",1,0,73.804,0.000,73.801
"Tier 2 (Silver SLA - Standard)","ListBucket",1,0,78.377,0.000,78.375
"Tier 2 (Silver SLA - Standard)","GetSmall",1,0,14.122,0.000,14.119
"Tier 2 (Silver SLA - Standard)","GetSmall",1,0,13.812,0.000,13.810
"Tier 2 (Silver SLA - Standard)","ListBucket",1,0,77.969,0.000,77.966
"Tier 2 (Silver SLA - Standard)","ListBucket",1,0,79.342,0.000,79.340
"Tier 2 (Silver SLA - Standard)","ListBucket",1,0,78.710,0.000,78.707
"Tier 2 (Silver SLA - Standard)","ListBucket",1,0,70.478,0.000,70.475
"Tier 2 (Silver SLA - Standard)","GetSmall",1,0,15.749,0.000,15.747
"Tier 2 (Silver SLA - Standard)","ListBucket",1,0,68.159,0.000,68.156
"Tier 2 (Silver SLA - Standard)","ListBucket",1,0,75.755,0.000,75.753
"Tier 2 (Silver SLA - Standard)","ListBucket",1,0,75.214,0.000,75.213
"Tier 2 (Silver SLA - Standard)","GetSmall",1,0,16.500,0.000,16.497
"Tier 2 (Silver SLA - Standard)","GetSmall",1,0,13.786,0.000,13.784
"Tier 2 (Silver SLA - Standard)","ListBucket",1,0,69.639,0.000,69.637
"Tier 2 (Silver SLA - Standard)","ListBucket",1,0,69.837,0.000,69.835
"Tier 2 (Silver SLA - Standard)","GetSmall",1,0,14.570,0.000,14.567
"Tier 2 (Silver SLA - Standard)","GetSmall",1,0,14.965,0.000,14.958
"Tier 2 (Silver SLA - Standard)","ListBucket",1,0,72.430,0.000,72.428
"Tier 2 (Silver SLA - Standard)","GetSmall",1,0,16.048,0.000,16.045
"Tier 2 (Silver SLA - Standard)","ListBucket",1,0,62.653,0.000,62.652
"Tier 2 (Silver SLA - Standard)","GetSmall",1,0,14.188,0.000,14.185
"Tier 2 (Silver SLA - Standard)","GetSmall",1,0,13.820,0.000,13.817
"Tier 2 (Silver SLA - Standard)","ListBucket",1,0,67.263,0.000,67.262
"Tier 2 (Silver SLA - Standard)","ListBucket",1,0,76.789,0.000,76.787
"Tier 2 (Silver SLA - Standard)","GetSmall",1,0,13.343,0.000,13.340
"Tier 2 (Silver SLA - Standard)","GetSmall",1,0,14.949,0.000,14.947
"Tier 2 (Silver SLA - Standard)","ListBucket",1,0,77.717,0.000,77.715
"Tier 2 (Silver SLA - Standard)","ListBucket",1,0,75.975,0.000,75.974
"Tier 2 (Silver SLA - Standard)","GetSmall",1,0,13.422,0.000,13.420
"Tier 2 (Silver SLA - Standard)","ListBucket",1,0,70.859,0.000,70.857
"Tier 2 (Silver SLA - Standard)","GetSmall",1,0,14.506,0.000,14.503
"Tier 2 (Silver SLA - Standard)","ListBucket",1,0,68.604,0.000,68.602
"Tier 2 (Silver SLA - Standard)","ListBucket",1,0,78.478,0.000,78.477
"Tier 2 (Silver SLA - Standard)","ListBucket",1,0,68.964,0.000,68.962
"Tier 2 (Silver SLA - Standard)","GetSmall",1,0,16.073,0.000,16.072
"Tier 2 (Silver SLA - Standard)","ListBucket",1,0,68.764,0.000,68.762
"Tier 2 (Silver SLA - Standard)","ListBucket",1,0,75.234,0.000,75.232
"Tier 2 (Silver SLA - Standard)","ListBucket",1,0,76.269,0.000,76.267
"Tier 2 (Silver SLA - Standard)","ListBucket",1,0,78.626,0.000,78.624
"Tier 2 (Silver SLA - Standard)","ListBucket",1,0,62.240,0.000,62.237
"Tier 2 (Silver SLA - Standard)","ListBucket",1,0,64.798,0.000,64.796
"Tier 2 (Silver SLA - Standard)","GetSmall",1,0,13.630,0.000,13.629
"Tier 2 (Silver SLA - Standard)","GetSmall",1,0,15.352,0.000,15.349
"Tier 2 (Silver SLA - Standard)","GetSmall",1,0,14.841,0.000,14.838
"Tier 2 (Silver SLA - Standard)","GetSmall",1,0,14.649,0.001,14.644
"Tier 2 (Silver SLA - Standard)","ListBucket",1,0,77.729,0.000,77.722
"Tier 2 (Silver SLA - Standard)","ListBucket",1,0,80.375,0.000,80.374
"Tier 2 (Silver SLA - Standard)","GetSmall",1,0,15.184,0.000,15.181
"Tier 2 (Silver SLA - Standard)","ListBucket",1,0,72.280,0.000,72.277
"Tier 2 (Silver SLA - Standard)","ListBucket",1,0,79.310,0.000,79.309
"Tier 2 (Silver SLA - Standard)","GetSmall",1,0,14.841,0.000,14.838
"Tier 2 (Silver SLA - Standard)","ListBucket",1,0,75.163,0.000,75.162
"Tier 2 (Silver SLA - Standard)","GetSmall",1,0,15.235,0.000,15.233
"Tier 2 (Silver SLA - Standard)","GetSmall",1,0,13.883,0.000,13.880
"Tier 2 (Silver SLA - Standard)","ListBucket",1,0,69.771,0.000,69.746
"Tier 2 (Silver SLA - Standard)","GetSmall",1,0,14.917,0.000,14.908
"Tier 2 (Silver SLA - Standard)","ListBucket",1,0,64.451,0.000,64.449
"Tier 2 (Silver SLA - Standard)","GetSmall",1,0,16.352,0.000,16.350
"Tier 2 (Silver SLA - Standard)","GetSmall",1,0,14.791,0.000,14.789
"Tier 2 (Silver SLA - Standard)","ListBucket",1,0,67.194,0.000,67.190
"Tier 2 (Silver SLA - Standard)","ListBucket",1,0,80.923,0.000,80.920
"Tier 2 (Silver SLA - Standard)","GetSmall",1,0,13.073,0.000,13.070
"Tier 2 (Silver SLA - Standard)","ListBucket",1,0,64.682,0.000,64.680
"Tier 2 (Silver SLA - Standard)","GetSmall",1,0,14.224,0.000,14.222
"Tier 2 (Silver SLA - Standard)","ListBucket",1,0,78.018,0.000,78.016
"Tier 2 (Silver SLA - Standard)","GetSmall",1,0,13.821,0.000,13.818
"Tier 2 (Silver SLA - Standard)","GetSmall",1,0,12.688,0.000,12.685
"Tier 2 (Silver SLA - Standard)","GetSmall",1,0,15.498,0.000,15.494
"Tier 2 (Silver SLA - Standard)","ListBucket",1,0,72.394,0.000,72.391
"Tier 2 (Silver SLA - Standard)","GetSmall",1,0,13.158,0.000,13.156
"Tier 2 (Silver SLA - Standard)","GetSmall",1,0,13.751,0.000,13.749
"Tier 2 (Silver SLA - Standard)","GetSmall",1,0,14.299,0.000,14.297
"Tier 2 (Silver SLA - Standard)","ListBucket",1,0,68.856,0.000,68.853
"Tier 2 (Silver SLA - Standard)","GetSmall",1,0,13.898,0.000,13.896
"Tier 2 (Silver SLA - Standard)","ListBucket",1,0,72.920,0.000,72.918
"Tier 2 (Silver SLA - Standard)","GetSmall",1,0,14.327,0.000,14.324
"Tier 2 (Silver SLA - Standard)","GetSmall",1,0,15.687,0.000,15.684
"Tier 2 (Silver SLA - Standard)","ListBucket",1,0,72.883,0.000,72.880
"Tier 2 (Silver SLA - Standard)","GetSmall",1,0,14.790,0.000,14.788
"Tier 2 (Silver SLA - Standard)","GetSmall",1,0,14.634,0.000,14.632
"Tier 2 (Silver SLA - Standard)","ListBucket",1,0,74.910,0.000,74.907
"Tier 2 (Silver SLA - Standard)","GetSmall",1,0,13.936,0.000,13.933
"Tier 2 (Silver SLA - Standard)","GetSmall",1,0,13.771,0.000,13.769
"Tier 2 (Silver SLA - Standard)","GetSmall",1,0,13.190,0.000,13.182
"Tier 2 (Silver SLA - Standard)","ListBucket",1,0,78.937,0.000,78.934
"Tier 2 (Silver SLA - Standard)","ListBucket",1,0,73.041,0.000,73.038
"Tier 2 (Silver SLA - Standard)","ListBucket",1,0,68.006,0.000,68.004
"Tier 2 (Silver SLA - Standard)","ListBucket",1,0,78.479,0.000,78.477
"Tier 2 (Silver SLA - Standard)","GetSmall",1,0,14.212,0.000,14.210
"Tier 2 (Silver SLA - Standard)","GetSmall",1,0,13.416,0.000,13.413
"Tier 2 (Silver SLA - Standard)","ListBucket",1,0,72.731,0.000,72.728
"Tier 2 (Silver SLA - Standard)","GetSmall",1,0,14.899,0.000,14.896
"Tier 2 (Silver SLA - Standard)","GetSmall",1,0,13.756,0.000,13.753
"Tier 2 (Silver SLA - Standard)","ListBucket",1,0,71.181,0.000,71.179
"Tier 2 (Silver SLA - Standard)","ListBucket",1,0,72.655,0.000,72.650
"Tier 2 (Silver SLA - Standard)","GetSmall",1,0,14.632,0.000,14.628
"Tier 2 (Silver SLA - Standard)","GetSmall",1,0,15.672,0.000,15.665
"Tier 2 (Silver SLA - Standard)","GetSmall",1,0,13.498,0.000,13.495
"Tier 2 (Silver SLA - Standard)","GetSmall",1,0,13.845,0.000,13.844
"Tier 2 (Silver SLA - Standard)","ListBucket",1,0,73.637,0.000,73.634
"Tier 2 (Silver SLA - Standard)","GetSmall",1,0,16.184,0.000,16.182
"Tier 2 (Silver SLA - Standard)","GetSmall",1,0,14.148,0.000,14.145
"Tier 2 (Silver SLA - Standard)","ListBucket",1,0,72.322,0.000,72.320
"Tier 2 (Silver SLA - Standard)","ListBucket",1,0,67.483,0.000,67.479
"Tier 2 (Silver SLA - Standard)","ListBucket",1,0,73.390,0.000,73.387
"Tier 2 (Silver SLA - Standard)","GetSmall",1,0,15.861,0.000,15.859
"Tier 2 (Silver SLA - Standard)","ListBucket",1,0,71.559,0.000,71.557
"Tier 2 (Silver SLA - Standard)","ListBucket",1,0,81.068,0.000,81.060
"Tier 2 (Silver SLA - Standard)","ListBucket",1,0,67.773,0.000,67.771
"Tier 2 (Silver SLA - Standard)","GetSmall",1,0,13.046,0.000,13.044
"Tier 2 (Silver SLA - Standard)","GetSmall",1,0,12.712,0.000,12.708
"Tier 2 (Silver SLA - Standard)","ListBucket",1,0,64.101,0.000,64.099
"Tier 2 (Silver SLA - Standard)","ListBucket",1,0,76.446,0.000,76.444
"Tier 2 (Silver SLA - Standard)","ListBucket",1,0,72.275,0.000,72.272
"Tier 2 (Silver SLA - Standard)","ListBucket",1,0,69.842,0.000,69.840
"Tier 2 (Silver SLA - Standard)","ListBucket",1,0,75.406,0.000,75.403
"Tier 2 (Silver SLA - Standard)","ListBucket",1,0,62.291,0.000,62.289
"Tier 2 (Silver SLA - Standard)","GetSmall",1,0,14.645,0.000,14.636
"Tier 2 (Silver SLA - Standard)","GetSmall",1,0,14.930,0.000,14.927
"Tier 2 (Silver SLA - Standard)","GetSmall",1,0,15.362,0.000,15.360
"Tier 2 (Silver SLA - Standard)","GetSmall",1,0,12.722,0.000,12.721
"Tier 2 (Silver SLA - Standard)","ListBucket",1,0,70.663,0.000,70.659
"Tier 2 (Silver SLA - Standard)","ListBucket",1,0,72.319,0.000,72.316
"Tier 2 (Silver SLA - Standard)","ListBucket",1,0,69.796,0.000,69.792
"Tier 2 (Silver SLA - Standard)","GetSmall",1,0,15.793,0.000,15.790
"Tier 2 (Silver SLA - Standard)","GetSmall",1,0,14.114,0.000,14.110
"Tier 2 (Silver SLA - Standard)","GetSmall",1,0,13.125,0.000,13.119
"Tier 2 (Silver SLA - Standard)","ListBucket",1,0,79.297,0.000,79.295
"Tier 2 (Silver SLA - Standard)","GetSmall",1,0,14.590,0.000,14.587
"Tier 2 (Silver SLA - Standard)","GetSmall",1,0,14.563,0.000,14.560
"Tier 2 (Silver SLA - Standard)","ListBucket",1,0,69.635,0.000,69.632
"Tier 2 (Silver SLA - Standard)","ListBucket",1,0,71.284,0.000,71.281
"Tier 2 (Silver SLA - Standard)","GetSmall",1,0,15.372,0.000,15.370
"Tier 2 (Silver SLA - Standard)","GetSmall",1,0,15.439,0.000,15.437
"Tier 2 (Silver SLA - Standard)","GetSmall",1,0,13.549,0.000,13.547
"Tier 2 (Silver SLA - Standard)","ListBucket",1,0,76.372,0.000,76.370
"Tier 2 (Silver SLA - Standard)","GetSmall",1,0,15.207,0.000,15.206
"Tier 2 (Silver SLA - Standard)","GetSmall",1,0,13.720,0.000,13.718
"Tier 2 (Silver SLA - Standard)","ListBucket",1,0,71.894,0.000,71.891
"Tier 2 (Silver SLA - Standard)","GetSmall",1,0,14.422,0.000,14.421
"Tier 2 (Silver SLA - Standard)","GetSmall",1,0,16.335,0.000,16.332
"Tier 2 (Silver SLA - Standard)","GetSmall",1,0,13.757,0.000,13.755
"Tier 2 (Silver SLA - Standard)","GetSmall",1,0,14.105,0.000,14.100
"Tier 2 (Silver SLA - Standard)","GetSmall",1,0,13.591,0.000,13.590
"Tier 2 (Silver SLA - Standard)","ListBucket",1,0,82.156,0.000,82.154
"Tier 2 (Silver SLA - Standard)","GetSmall",1,0,13.761,0.000,13.754
"Tier 2 (Silver SLA - Standard)","GetSmall",1,0,15.713,0.000,15.705
"Tier 2 (Silver SLA - Standard)","ListBucket",1,0,63.284,0.000,63.278
"Tier 2 (Silver SLA - Standard)","GetSmall",1,0,14.335,0.000,14.333
"Tier 2 (Silver SLA - Standard)","ListBucket",1,0,72.956,0.000,72.955
"Tier 2 (Silver SLA - Standard)","ListBucket",1,0,70.412,0.000,70.410
"Tier 2 (Silver SLA - Standard)","ListBucket",1,0,73.166,0.000,73.161
"Tier 2 (Silver SLA - Standard)","GetSmall",1,0,14.264,0.000,14.261
"Tier 2 (Silver SLA - Standard)","GetSmall",1,0,14.451,0.000,14.450
"Tier 2 (Silver SLA - Standard)","GetSmall",1,0,14.869,0.000,14.867
"Tier 2 (Silver SLA - Standard)","ListBucket",1,0,66.910,0.000,66.908
"Tier 2 (Silver SLA - Standard)","GetSmall",1,0,15.390,0.000,15.387
"Tier 2 (Silver SLA - Standard)","ListBucket",1,0,68.019,0.000,68.015
"Tier 2 (Silver SLA - Standard)","ListBucket",1,0,67.570,0.000,67.567
"Tier 2 (Silver SLA - Standard)","GetSmall",1,0,13.496,0.000,13.495
"Tier 2 (Silver SLA - Standard)","ListBucket",1,0,60.578,0.000,60.575
"Tier 2 (Silver SLA - Standard)","ListBucket",1,0,65.667,0.000,65.664
"Tier 2 (Silver SLA - Standard)","GetSmall",1,0,13.192,0.000,13.190
"Tier 2 (Silver SLA - Standard)","ListBucket",1,0,67.939,0.000,67.928
"Tier 2 (Silver SLA - Standard)","GetSmall",1,0,13.293,0.000,13.291
"Tier 2 (Silver SLA - Standard)","GetSmall",1,0,15.842,0.000,15.840
"Tier 2 (Silver SLA - Standard)","ListBucket",1,0,64.669,0.000,64.666
"Tier 2 (Silver SLA - Standard)","GetSmall",1,0,15.131,0.000,15.129
"Tier 2 (Silver SLA - Standard)","ListBucket",1,0,69.313,0.000,69.311
"Tier 2 (Silver SLA - Standard)","ListBucket",1,0,68.169,0.000,68.167
"Tier 2 (Silver SLA - Standard)","GetSmall",1,0,15.527,0.000,15.525
"Tier 2 (Silver SLA - Standard)","ListBucket",1,0,69.265,0.000,69.264
"Tier 2 (Silver SLA - Standard)","GetSmall",1,0,14.834,0.000,14.823
"Tier 2 (Silver SLA - Standard)","GetSmall",1,0,14.702,0.000,14.700
"Tier 2 (Silver SLA - Standard)","GetSmall",1,0,12.673,0.000,12.671
"Tier 2 (Silver SLA - Standard)","GetSmall",1,0,14.905,0.000,14.901
"Tier 2 (Silver SLA - Standard)","GetSmall",1,0,14.055,0.000,14.053
"Tier 2 (Silver SLA - Standard)","ListBucket",1,0,66.702,0.000,66.701
"Tier 2 (Silver SLA - Standard)","GetSmall",1,0,15.259,0.000,15.256
"Tier 2 (Silver SLA - Standard)","GetSmall",1,0,14.317,0.000,14.315
"Tier 2 (Silver SLA - Standard)","ListBucket",1,0,73.992,0.000,73.990
"Tier 2 (Silver SLA - Standard)","ListBucket",1,0,74.819,0.000,74.816
"Tier 2 (Silver SLA - Standard)","ListBucket",1,0,81.725,0.000,81.723
"Tier 2 (Silver SLA - Standard)","GetSmall",1,0,13.122,0.000,13.119
"Tier 2 (Silver SLA - Standard)","ListBucket",1,0,66.655,0.000,66.652
"Tier 2 (Silver SLA - Standard)","ListBucket",1,0,73.067,0.000,73.064
"Tier 2 (Silver SLA - Standard)","GetSmall",1,0,14.203,0.000,14.200
"Tier 2 (Silver SLA - Standard)","GetSmall",1,0,14.142,0.000,14.140
"Tier 2 (Silver SLA - Standard)","GetSmall",1,0,15.327,0.000,15.326
"Tier 2 (Silver SLA - Standard)","GetSmall",1,0,14.650,0.000,14.647
"Tier 2 (Silver SLA - Standard)","ListBucket",1,0,75.665,0.000,75.663
"Tier 2 (Silver SLA - Standard)","ListBucket",1,0,76.700,0.000,76.698
"Tier 2 (Silver SLA - Standard)","GetSmall",1,0,16.049,0.000,16.047
"Tier 2 (Silver SLA - Standard)","GetSmall",1,0,15.380,0.000,15.378
"Tier 2 (Silver SLA - Standard)","GetSmall",1,0,14.336,0.000,14.333
"Tier 2 (Silver SLA - Standard)","ListBucket",1,0,66.081,0.000,66.077
"Tier 2 (Silver SLA - Standard)","ListBucket",1,0,81.464,0.000,81.461
"Tier 2 (Silver SLA - Standard)","GetSmall",1,0,14.302,0.000,14.300
"Tier 2 (Silver SLA - Standard)","ListBucket",1,0,70.893,0.000,70.890
"Tier 2 (Silver SLA - Standard)","ListBucket",1,0,62.526,0.000,62.523
"Tier 2 (Silver SLA - Standard)","ListBucket",1,0,68.339,0.000,68.337
"Tier 2 (Silver SLA - Standard)","GetSmall",1,0,13.559,0.000,13.558
"Tier 2 (Silver SLA - Standard)","ListBucket",1,0,66.678,0.000,66.676
"Tier 2 (Silver SLA - Standard)","ListBucket",1,0,77.271,0.000,77.268
"Tier 2 (Silver SLA - Standard)","GetSmall",1,0,14.826,0.000,14.825
"Tier 2 (Silver SLA - Standard)","ListBucket",1,0,77.955,0.000,77.953
"Tier 2 (Silver SLA - Standard)","ListBucket",1,0,69.926,0.000,69.919
"Tier 2 (Silver SLA - Standard)","ListBucket",1,0,73.167,0.000,73.165
"Tier 2 (Silver SLA - Standard)","GetSmall",1,0,13.481,0.000,13.479
"Tier 2 (Silver SLA - Standard)","ListBucket",1,0,68.580,0.000,68.578
"Tier 2 (Silver SLA - Standard)","ListBucket",1,0,73.128,0.000,73.126
"Tier 2 (Silver SLA - Standard)","GetSmall",1,0,16.097,0.000,16.096
"Tier 2 (Silver SLA - Standard)","ListBucket",1,0,71.152,0.000,71.149
"Tier 2 (Silver SLA - Standard)","GetSmall",1,0,14.058,0.000,14.053
"Tier 2 (Silver SLA - Standard)","ListBucket",1,0,75.134,0.000,75.130
"Tier 2 (Silver SLA - Standard)","GetSmall",1,0,12.465,0.000,12.455
"Tier 2 (Silver SLA - Standard)","ListBucket",1,0,74.575,0.000,74.567
"Tier 2 (Silver SLA - Standard)","ListBucket",1,0,67.985,0.000,67.978
"Tier 2 (Silver SLA - Standard)","GetSmall",1,0,13.656,0.000,13.653
"Tier 2 (Silver SLA - Standard)","ListBucket",1,0,73.581,0.000,73.579
"Tier 2 (Silver SLA - Standard)","ListBucket",1,0,66.242,0.000,66.240
"Tier 2 (Silver SLA - Standard)","ListBucket",1,0,73.795,0.000,73.792
"Tier 2 (Silver SLA - Standard)","ListBucket",1,0,71.029,0.000,71.028
"Tier 2 (Silver SLA - Standard)","ListBucket",1,0,73.024,0.000,73.021
"Tier 2 (Silver SLA - Standard)","GetSmall",1,0,15.192,0.000,15.184
"Tier 2 (Silver SLA - Standard)","ListBucket",1,0,64.865,0.000,64.863
"Tier 2 (Silver SLA - Standard)","ListBucket",1,0,65.554,0.000,65.552
"Tier 2 (Silver SLA - Standard)","ListBucket",1,0,74.779,0.000,74.777
"Tier 2 (Silver SLA - Standard)","ListBucket",1,0,73.090,0.000,73.087
"Tier 2 (Silver SLA - Standard)","ListBucket",1,0,78.071,0.000,78.068
"Tier 2 (Silver SLA - Standard)","GetSmall",1,0,14.009,0.000,14.006
"Tier 2 (Silver SLA - Standard)","GetSmall",1,0,14.620,0.000,14.618
"Tier 2 (Silver SLA - Standard)","GetSmall",1,0,14.692,0.000,14.688
"Tier 2 (Silver SLA - Standard)","ListBucket",1,0,65.485,0.000,65.483
"Tier 2 (Silver SLA - Standard)","ListBucket",1,0,66.483,0.000,66.478
"Tier 2 (Silver SLA - Standard)","GetSmall",1,0,14.031,0.000,14.028
"Tier 2 (Silver SLA - Standard)","GetSmall",1,0,14.988,0.000,14.982
"Tier 2 (Silver SLA - Standard)","ListBucket",1,0,78.529,0.000,78.527
"Tier 2 (Silver SLA - Standard)","ListBucket",1,0,75.411,0.000,75.408
"Tier 2 (Silver SLA - Standard)","ListBucket",1,0,77.764,0.000,77.761
"Tier 2 (Silver SLA - Standard)","GetSmall",1,0,14.250,0.000,14.248
"Tier 2 (Silver SLA - Standard)","GetSmall",1,0,15.582,0.000,15.577
"Tier 2 (Silver SLA - Standard)","GetSmall",1,0,16.755,0.000,16.753
"Tier 2 (Silver SLA - Standard)","ListBucket",1,0,73.095,0.000,73.092
"Tier 2 (Silver SLA - Standard)","ListBucket",1,0,79.189,0.000,79.186
"Tier 2 (Silver SLA - Standard)","GetSmall",1,0,13.056,0.000,13.054
"Tier 2 (Silver SLA - Standard)","GetSmall",1,0,14.921,0.000,14.919
"Tier 2 (Silver SLA - Standard)","ListBucket",1,0,69.380,0.000,69.378
"Tier 2 (Silver SLA - Standard)","ListBucket",1,0,69.688,0.000,69.685
"Tier 2 (Silver SLA - Standard)","ListBucket",1,0,72.341,0.000,72.340
"Tier 2 (Silver SLA - Standard)","ListBucket",1,0,69.415,0.000,69.413
"Tier 2 (Silver SLA - Standard)","GetSmall",1,0,13.536,0.000,13.534
"Tier 2 (Silver SLA - Standard)","GetSmall",1,0,13.407,0.000,13.403
"Tier 2 (Silver SLA - Standard)","ListBucket",1,0,72.162,0.000,72.159
"Tier 2 (Silver SLA - Standard)","ListBucket",1,0,76.629,0.000,76.624
"Tier 2 (Silver SLA - Standard)","ListBucket",1,0,67.678,0.000,67.675
"Tier 2 (Silver SLA - Standard)","ListBucket",1,0,66.194,0.000,66.191
"Tier 2 (Silver SLA - Standard)","GetSmall",1,0,13.672,0.000,13.670
"Tier 2 (Silver SLA - Standard)","ListBucket",1,0,76.711,0.000,76.708
"Tier 2 (Silver SLA - Standard)","ListBucket",1,0,79.319,0.000,79.316
"Tier 2 (Silver SLA - Standard)","GetSmall",1,0,15.922,0.000,15.917
"Tier 2 (Silver SLA - Standard)","GetSmall",1,0,14.158,0.000,14.155
"Tier 2 (Silver SLA - Standard)","ListBucket",1,0,69.281,0.000,69.278
"Tier 2 (Silver SLA - Standard)","ListBucket",1,0,72.285,0.000,72.282
"Tier 2 (Silver SLA - Standard)","ListBucket",1,0,69.371,0.000,69.368
"Tier 2 (Silver SLA - Standard)","GetSmall",1,0,16.063,0.000,16.061
"Tier 2 (Silver SLA - Standard)","GetSmall",1,0,15.076,0.000,15.073
"Tier 2 (Silver SLA - Standard)","ListBucket",1,0,71.896,0.000,71.893
"Tier 2 (Silver SLA - Standard)","ListBucket",1,0,66.496,0.000,66.494
"Tier 2 (Silver SLA - Standard)","GetSmall",1,0,15.325,0.000,15.322
"Tier 2 (Silver SLA - Standard)","GetSmall",1,0,15.853,0.000,15.846
"Tier 2 (Silver SLA - Standard)","GetSmall",1,0,15.181,0.000,15.180
"Tier 2 (Silver SLA - Standard)","ListBucket",1,0,65.230,0.000,65.227
"Tier 2 (Silver SLA - Standard)","GetSmall",1,0,16.337,0.000,16.334
"Tier 2 (Silver SLA - Standard)","ListBucket",1,0,65.974,0.000,65.972
"Tier 2 (Silver SLA - Standard)","GetSmall",1,0,14.597,0.000,14.592
"Tier 2 (Silver SLA - Standard)","ListBucket",1,0,79.836,0.000,79.833
"Tier 2 (Silver SLA - Standard)","ListBucket",1,0,82.538,0.000,82.536
"Tier 2 (Silver SLA - Standard)","ListBucket",1,0,72.821,0.000,72.819
"Tier 2 (Silver SLA - Standard)","GetSmall",1,0,15.349,0.000,15.346
"Tier 2 (Silver SLA - Standard)","ListBucket",1,0,72.307,0.000,72.304
"Tier 2 (Silver SLA - Standard)","ListBucket",1,0,70.884,0.000,70.881
"Tier 2 (Silver SLA - Standard)","ListBucket",1,0,78.892,0.000,78.889
"Tier 2 (Silver SLA - Standard)","ListBucket",1,0,68.243,0.000,68.240
"Tier 2 (Silver SLA - Standard)","ListBucket",1,0,65.815,0.000,65.813
"Tier 2 (Silver SLA - Standard)","GetSmall",1,0,13.213,0.000,13.211
"Tier 2 (Silver SLA - Standard)","GetSmall",1,0,15.058,0.000,15.056
"Tier 2 (Silver SLA - Standard)","GetSmall",1,0,13.778,0.000,13.774
"Tier 2 (Silver SLA - Standard)","ListBucket",1,0,69.166,0.000,69.162
"Tier 2 (Silver SLA - Standard)","GetSmall",1,0,16.321,0.000,16.319
"Tier 2 (Silver SLA - Standard)","ListBucket",1,0,72.672,0.000,72.670
"Tier 2 (Silver SLA - Standard)","GetSmall",1,0,13.324,0.000,13.322
"Tier 2 (Silver SLA - Standard)","ListBucket",1,0,77.445,0.000,77.443
"Tier 2 (Silver SLA - Standard)","GetSmall",1,0,14.497,0.000,14.494
"Tier 2 (Silver SLA - Standard)","ListBucket",1,0,70.779,0.000,70.777
"Tier 2 (Silver SLA - Standard)","ListBucket",1,0,76.466,0.000,76.464
"Tier 2 (Silver SLA - Standard)","GetSmall",1,0,13.714,0.000,13.712
"Tier 2 (Silver SLA - Standard)","ListBucket",1,0,65.361,0.000,65.359
"Tier 2 (Silver SLA - Standard)","ListBucket",1,0,78.835,0.000,78.833
"Tier 2 (Silver SLA - Standard)","GetSmall",1,0,14.061,0.000,14.040
"Tier 2 (Silver SLA - Standard)","GetSmall",1,0,15.280,0.000,15.277
"Tier 2 (Silver SLA - Standard)","ListBucket",1,0,66.048,0.000,66.045
"Tier 2 (Silver SLA - Standard)","ListBucket",1,0,76.144,0.000,76.142
"Tier 2 (Silver SLA - Standard)","GetSmall",1,0,14.132,0.000,14.124
"Tier 2 (Silver SLA - Standard)","GetSmall",1,0,14.903,0.000,14.900
"Tier 2 (Silver SLA - Standard)","ListBucket",1,0,67.200,0.000,67.197
"Tier 2 (Silver SLA - Standard)","ListBucket",1,0,72.816,0.000,72.813
"Tier 2 (Silver SLA - Standard)","ListBucket",1,0,77.187,0.000,77.182
"Tier 2 (Silver SLA - Standard)","GetSmall",1,0,14.074,0.000,14.070
"Tier 2 (Silver SLA - Standard)","GetSmall",1,0,12.606,0.000,12.603
"Tier 2 (Silver SLA - Standard)","GetSmall",1,0,15.947,0.000,15.940
"Tier 2 (Silver SLA - Standard)","GetSmall",1,0,14.480,0.000,14.478
"Tier 2 (Silver SLA - Standard)","GetSmall",1,0,15.969,0.000,15.966
"Tier 2 (Silver SLA - Standard)","GetSmall",1,0,14.189,0.000,14.186
"Tier 2 (Silver SLA - Standard)","GetSmall",1,0,15.470,0.000,15.468
"Tier 2 (Silver SLA - Standard)","ListBucket",1,0,69.789,0.000,69.785
"Tier 2 (Silver SLA - Standard)","ListBucket",1,0,67.615,0.000,67.611
"Tier 2 (Silver SLA - Standard)","GetSmall",1,0,14.653,0.000,14.650
"Tier 2 (Silver SLA - Standard)","ListBucket",1,0,70.639,0.000,70.636
"Tier 2 (Silver SLA - Standard)","GetSmall",1,0,15.776,0.000,15.773
"Tier 2 (Silver SLA - Standard)","GetSmall",1,0,13.158,0.000,13.154
"Tier 2 (Silver SLA - Standard)","ListBucket",1,0,72.120,0.000,72.117
"Tier 2 (Silver SLA - Standard)","GetSmall",1,0,13.953,0.000,13.951
"Tier 2 (Silver SLA - Standard)","GetSmall",1,0,14.559,0.000,14.555
"Tier 2 (Silver SLA - Standard)","GetSmall",1,0,15.422,0.000,15.421
"Tier 2 (Silver SLA - Standard)","ListBucket",1,0,66.247,0.000,66.245
"Tier 2 (Silver SLA - Standard)","GetSmall",1,0,14.633,0.000,14.631
"Tier 2 (Silver SLA - Standard)","GetSmall",1,0,13.806,0.000,13.805
"Tier 2 (Silver SLA - Standard)","GetSmall",1,0,15.003,0.000,15.000
"Tier 2 (Silver SLA - Standard)","GetSmall",1,0,14.455,0.000,14.454
"Tier 2 (Silver SLA - Standard)","ListBucket",1,0,71.046,0.000,71.043
"Tier 2 (Silver SLA - Standard)","ListBucket",1,0,67.457,0.000,67.427
"Tier 2 (Silver SLA - Standard)","GetSmall",1,0,15.968,0.000,15.965
"Tier 2 (Silver SLA - Standard)","GetSmall",1,0,13.334,0.000,13.326
"Tier 2 (Silver SLA - Standard)","GetSmall",1,0,12.859,0.000,12.857
"Tier 2 (Silver SLA - Standard)","ListBucket",1,0,74.917,0.000,74.909
"Tier 2 (Silver SLA - Standard)","ListBucket",1,0,79.953,0.000,79.948
"Tier 2 (Silver SLA - Standard)","ListBucket",1,0,71.969,0.000,71.966
"Tier 2 (Silver SLA - Standard)","GetSmall",1,0,14.414,0.000,14.411
"Tier 2 (Silver SLA - Standard)","ListBucket",1,0,66.884,0.000,66.882
"Tier 2 (Silver SLA - Standard)","ListBucket",1,0,66.593,0.000,66.590
"Tier 2 (Silver SLA - Standard)","ListBucket",1,0,77.253,0.000,77.249
"Tier 2 (Silver SLA - Standard)","ListBucket",1,0,75.802,0.000,75.801
"Tier 2 (Silver SLA - Standard)","ListBucket",1,0,75.500,0.000,75.496
"Tier 2 (Silver SLA - Standard)","ListBucket",1,0,71.797,0.000,71.769
"Tier 2 (Silver SLA - Standard)","ListBucket",1,0,70.961,0.000,70.957
"Tier 2 (Silver SLA - Standard)","GetSmall",1,0,12.495,0.000,12.491
"Tier 2 (Silver SLA - Standard)","GetSmall",1,0,15.223,0.001,15.219
"Tier 2 (Silver SLA - Standard)","GetSmall",1,0,13.349,0.000,13.346
"Tier 2 (Silver SLA - Standard)","GetSmall",1,0,13.688,0.001,13.686
"Tier 2 (Silver SLA - Standard)","GetSmall",1,0,13.261,0.000,13.255
"Tier 2 (Silver SLA - Standard)","GetSmall",1,0,14.251,0.000,14.248
"Tier 2 (Silver SLA - Standard)","GetSmall",1,0,14.360,0.000,14.357
"Tier 2 (Silver SLA - Standard)","GetSmall",1,0,14.065,0.000,14.062
"Tier 2 (Silver SLA - Standard)","GetSmall",1,0,14.782,0.001,14.777
"Tier 2 (Silver SLA - Standard)","GetSmall",1,0,14.297,0.000,14.288
"Tier 2 (Silver SLA - Standard)","ListBucket",1,0,81.280,0.000,81.277
"Tier 2 (Silver SLA - Standard)","GetSmall",1,0,13.224,0.000,13.222
"Tier 2 (Silver SLA - Standard)","ListBucket",1,0,71.705,0.000,71.702
"Tier 2 (Silver SLA - Standard)","GetSmall",1,0,13.901,0.000,13.895
"Tier 2 (Silver SLA - Standard)","ListBucket",1,0,72.447,0.000,72.445
"Tier 2 (Silver SLA - Standard)","ListBucket",1,0,77.945,0.000,77.940
"Tier 2 (Silver SLA - Standard)","GetSmall",1,0,13.729,0.000,13.721
"Tier 2 (Silver SLA - Standard)","GetSmall",1,0,15.304,0.001,15.300
"Tier 2 (Silver SLA - Standard)","GetSmall",1,0,13.750,0.000,13.747
"Tier 2 (Silver SLA - Standard)","ListBucket",1,0,81.577,0.000,81.564
"Tier 2 (Silver SLA - Standard)","ListBucket",1,0,66.369,0.000,66.366
"Tier 2 (Silver SLA - Standard)","ListBucket",1,0,77.807,0.000,77.804
"Tier 2 (Silver SLA - Standard)","GetSmall",1,0,15.522,0.000,15.520
"Tier 2 (Silver SLA - Standard)","GetSmall",1,0,12.777,0.001,12.772
"Tier 2 (Silver SLA - Standard)","GetSmall",1,0,15.407,0.000,15.402
"Tier 2 (Silver SLA - Standard)","ListBucket",1,0,76.190,0.000,76.188
"Tier 2 (Silver SLA - Standard)","GetSmall",1,0,12.517,0.000,12.515
"Tier 2 (Silver SLA - Standard)","GetSmall",1,0,13.751,0.000,13.745
"Tier 2 (Silver SLA - Standard)","ListBucket",1,0,67.944,0.000,67.939
"Tier 2 (Silver SLA - Standard)","ListBucket",1,0,70.646,0.000,70.644
"Tier 2 (Silver SLA - Standard)","ListBucket",1,0,74.981,0.000,74.977
"Tier 2 (Silver SLA - Standard)","ListBucket",1,0,78.932,0.000,78.929
"Tier 2 (Silver SLA - Standard)","ListBucket",1,0,79.396,0.000,79.393
"Tier 2 (Silver SLA - Standard)","GetSmall",1,0,15.882,0.001,15.878
"Tier 2 (Silver SLA - Standard)","ListBucket",1,0,76.671,0.000,76.668
"Tier 2 (Silver SLA - Standard)","GetSmall",1,0,16.117,0.000,16.114
"Tier 2 (Silver SLA - Standard)","GetSmall",1,0,13.681,0.000,13.679
"Tier 2 (Silver SLA - Standard)","ListBucket",1,0,64.596,0.000,64.587
"Tier 2 (Silver SLA - Standard)","GetSmall",1,0,13.487,0.000,13.484
"Tier 2 (Silver SLA - Standard)","GetSmall",1,0,13.651,0.000,13.647
"Tier 2 (Silver SLA - Standard)","GetSmall",1,0,14.485,0.000,14.482
"Tier 2 (Silver SLA - Standard)","ListBucket",1,0,78.810,0.001,78.806
"Tier 2 (Silver SLA - Standard)","ListBucket",1,0,68.592,0.000,68.589
"Tier 2 (Silver SLA - Standard)","ListBucket",1,0,75.338,0.000,75.335
"Tier 2 (Silver SLA - Standard)","GetSmall",1,0,14.429,0.000,14.426
"Tier 2 (Silver SLA - Standard)","ListBucket",1,0,70.446,0.000,70.430
"Tier 2 (Silver SLA - Standard)","ListBucket",1,0,78.492,0.000,78.487
"Tier 2 (Silver SLA - Standard)","GetSmall",1,0,16.129,0.000,16.126
"Tier 2 (Silver SLA - Standard)","ListBucket",1,0,73.586,0.000,73.582
"Tier 2 (Silver SLA - Standard)","ListBucket",1,0,79.134,0.001,79.128
"Tier 2 (Silver SLA - Standard)","ListBucket",1,0,70.833,0.000,70.824
"Tier 2 (Silver SLA - Standard)","GetSmall",1,0,14.747,0.000,14.745
"Tier 2 (Silver SLA - Standard)","GetSmall",1,0,15.825,0.000,15.818
"Tier 2 (Silver SLA - Standard)","ListBucket",1,0,69.713,0.000,69.702
"Tier 2 (Silver SLA - Standard)","GetSmall",1,0,14.350,0.000,14.345
"Tier 2 (Silver SLA - Standard)","GetSmall",1,0,15.512,0.000,15.497
"Tier 2 (Silver SLA - Standard)","ListBucket",1,0,65.806,0.000,65.801
"Tier 2 (Silver SLA - Standard)","ListBucket",1,0,66.121,0.000,66.111
"Tier 2 (Silver SLA - Standard)","GetSmall",1,0,14.342,0.000,14.339
"Tier 2 (Silver SLA - Standard)","ListBucket",1,0,71.800,0.000,71.791
"Tier 2 (Silver SLA - Standard)","GetSmall",1,0,14.595,0.000,14.593
"Tier 2 (Silver SLA - Standard)","GetSmall",1,0,13.192,0.000,13.188
"Tier 2 (Silver SLA - Standard)","ListBucket",1,0,67.287,0.001,67.282
"Tier 2 (Silver SLA - Standard)","GetSmall",1,0,13.968,0.000,13.964
"Tier 2 (Silver SLA - Standard)","GetSmall",1,0,15.796,0.000,15.793
"Tier 2 (Silver SLA - Standard)","GetSmall",1,0,14.527,0.001,14.523
"Tier 2 (Silver SLA - Standard)","ListBucket",1,0,82.218,0.000,82.213
"Tier 2 (Silver SLA - Standard)","ListBucket",1,0,73.600,0.000,73.591
"Tier 2 (Silver SLA - Standard)","ListBucket",1,0,77.223,0.000,77.219
"Tier 2 (Silver SLA - Standard)","ListBucket",1,0,72.774,0.000,72.770
"Tier 2 (Silver SLA - Standard)","ListBucket",1,0,68.628,0.000,68.621
"Tier 2 (Silver SLA - Standard)","GetSmall",1,0,13.544,0.000,13.543
"Tier 2 (Silver SLA - Standard)","GetSmall",1,0,15.059,0.000,15.056
"Tier 2 (Silver SLA - Standard)","ListBucket",1,0,74.010,0.001,74.007
"Tier 2 (Silver SLA - Standard)","ListBucket",1,0,66.927,0.000,66.921
"Tier 2 (Silver SLA - Standard)","GetSmall",1,0,15.746,0.000,15.744
"Tier 2 (Silver SLA - Standard)","ListBucket",1,0,67.770,0.000,67.768
"Tier 2 (Silver SLA - Standard)","ListBucket",1,0,80.093,0.000,80.091
"Tier 2 (Silver SLA - Standard)","GetSmall",1,0,14.376,0.000,14.371
"Tier 2 (Silver SLA - Standard)","ListBucket",1,0,72.109,0.000,72.107
"Tier 2 (Silver SLA - Standard)","GetSmall",1,0,15.243,0.000,15.240
"Tier 2 (Silver SLA - Standard)","GetSmall",1,0,12.744,0.000,12.742
"Tier 2 (Silver SLA - Standard)","GetSmall",1,0,15.918,0.000,15.915
"Tier 2 (Silver SLA - Standard)","GetSmall",1,0,13.311,0.000,13.308
"Tier 2 (Silver SLA - Standard)","GetSmall",1,0,14.931,0.000,14.929
"Tier 2 (Silver SLA - Standard)","ListBucket",1,0,68.578,0.000,68.575
"Tier 2 (Silver SLA - Standard)","ListBucket",1,0,69.358,0.000,69.354
"Tier 2 (Silver SLA - Standard)","GetSmall",1,0,15.241,0.000,15.239
"Tier 2 (Silver SLA - Standard)","ListBucket",1,0,77.000,0.000,76.995
"Tier 2 (Silver SLA - Standard)","GetSmall",1,0,14.038,0.000,14.036
"Tier 2 (Silver SLA - Standard)","ListBucket",1,0,78.210,0.000,78.206
"Tier 2 (Silver SLA - Standard)","ListBucket",1,0,67.676,0.000,67.668
"Tier 2 (Silver SLA - Standard)","GetSmall",1,0,14.473,0.000,14.446
"Tier 2 (Silver SLA - Standard)","GetSmall",1,0,13.178,0.000,13.170
"Tier 2 (Silver SLA - Standard)","ListBucket",1,0,68.389,0.000,68.385
"Tier 2 (Silver SLA - Standard)","ListBucket",1,0,70.097,0.000,70.094
"Tier 2 (Silver SLA - Standard)","ListBucket",1,0,77.913,0.000,77.910
"Tier 2 (Silver SLA - Standard)","ListBucket",1,0,68.271,0.000,68.268
"Tier 2 (Silver SLA - Standard)","GetSmall",1,0,14.271,0.000,14.269
"Tier 2 (Silver SLA - Standard)","ListBucket",1,0,68.913,0.001,68.911
"Tier 2 (Silver SLA - Standard)","GetSmall",1,0,14.898,0.000,14.890
"Tier 2 (Silver SLA - Standard)","GetSmall",1,0,13.950,0.000,13.945
"Tier 2 (Silver SLA - Standard)","ListBucket",1,0,67.527,0.000,67.525
"Tier 2 (Silver SLA - Standard)","GetSmall",1,0,15.541,0.000,15.538
"Tier 2 (Silver SLA - Standard)","GetSmall",1,0,14.472,0.000,14.469
"Tier 2 (Silver SLA - Standard)","GetSmall",1,0,13.518,0.000,13.515
"Tier 2 (Silver SLA - Standard)","ListBucket",1,0,71.204,0.001,71.201
"Tier 2 (Silver SLA - Standard)","ListBucket",1,0,79.584,0.000,79.579
"Tier 2 (Silver SLA - Standard)","ListBucket",1,0,68.923,0.000,68.920
"Tier 2 (Silver SLA - Standard)","GetSmall",1,0,14.763,0.000,14.761
"Tier 2 (Silver SLA - Standard)","GetSmall",1,0,13.836,0.000,13.833
"Tier 2 (Silver SLA - Standard)","GetSmall",1,0,12.411,0.000,12.408
"Tier 2 (Silver SLA - Standard)","GetSmall",1,0,14.554,0.000,14.551
"Tier 2 (Silver SLA - Standard)","ListBucket",1,0,75.365,0.000,75.364
"Tier 2 (Silver SLA - Standard)","ListBucket",1,0,67.815,0.001,67.812
"Tier 2 (Silver SLA - Standard)","ListBucket",1,0,74.039,0.000,74.037
"Tier 2 (Silver SLA - Standard)","ListBucket",1,0,66.834,0.000,66.831
"Tier 2 (Silver SLA - Standard)","ListBucket",1,0,71.209,0.000,71.205
"Tier 2 (Silver SLA - Standard)","ListBucket",1,0,72.895,0.000,72.892
"Tier 2 (Silver SLA - Standard)","ListBucket",1,0,77.823,0.000,77.821
"Tier 2 (Silver SLA - Standard)","ListBucket",1,0,69.634,0.000,69.633
"Tier 2 (Silver SLA - Standard)","ListBucket",1,0,77.776,0.000,77.774
"Tier 2 (Silver SLA - Standard)","ListBucket",1,0,69.983,0.000,69.981
"Tier 2 (Silver SLA - Standard)","ListBucket",1,0,72.937,0.000,72.934
"Tier 2 (Silver SLA - Standard)","GetSmall",1,0,15.443,0.000,15.440
"Tier 2 (Silver SLA - Standard)","GetSmall",1,0,12.951,0.000,12.949
"Tier 2 (Silver SLA - Standard)","GetSmall",1,0,13.252,0.000,13.246
"Tier 2 (Silver SLA - Standard)","GetSmall",1,0,14.120,0.000,14.113
"Tier 2 (Silver SLA - Standard)","GetSmall",1,0,15.740,0.000,15.736
"Tier 2 (Silver SLA - Standard)","GetSmall",1,0,15.853,0.000,15.837
"Tier 2 (Silver SLA - Standard)","ListBucket",1,0,69.431,0.000,69.429
"Tier 2 (Silver SLA - Standard)","GetSmall",1,0,14.487,0.000,14.483
"Tier 2 (Silver SLA - Standard)","GetSmall",1,0,14.276,0.000,14.271
"Tier 2 (Silver SLA - Standard)","GetSmall",1,0,15.125,0.000,15.121
"Tier 2 (Silver SLA - Standard)","ListBucket",1,0,81.121,0.000,81.119
"Tier 2 (Silver SLA - Standard)","GetSmall",1,0,14.151,0.000,14.144
"Tier 2 (Silver SLA - Standard)","ListBucket",1,0,67.489,0.000,67.487
"Tier 2 (Silver SLA - Standard)","GetSmall",1,0,12.243,0.000,12.240
"Tier 2 (Silver SLA - Standard)","GetSmall",1,0,12.197,0.000,12.194
"Tier 2 (Silver SLA - Standard)","ListBucket",1,0,78.563,0.000,78.559
"Tier 2 (Silver SLA - Standard)","GetSmall",1,0,14.796,0.000,14.793
"Tier 2 (Silver SLA - Standard)","ListBucket",1,0,71.107,0.000,71.105
"Tier 2 (Silver SLA - Standard)","GetSmall",1,0,16.158,0.000,16.156
"Tier 2 (Silver SLA - Standard)","GetSmall",1,0,16.092,0.000,16.090
"Tier 2 (Silver SLA - Standard)","ListBucket",1,0,71.673,0.000,71.661
"Tier 2 (Silver SLA - Standard)","ListBucket",1,0,70.525,0.000,70.521
"Tier 2 (Silver SLA - Standard)","GetSmall",1,0,14.205,0.000,14.203
"Tier 2 (Silver SLA - Standard)","GetSmall",1,0,14.454,0.000,14.452
"Tier 2 (Silver SLA - Standard)","GetSmall",1,0,14.035,0.000,14.033
"Tier 2 (Silver SLA - Standard)","GetSmall",1,0,15.664,0.000,15.660
"Tier 2 (Silver SLA - Standard)","GetSmall",1,0,15.497,0.000,15.495
"Tier 2 (Silver SLA - Standard)","GetSmall",1,0,13.171,0.000,13.169
"Tier 2 (Silver SLA - Standard)","GetSmall",1,0,15.278,0.000,15.275
"Tier 2 (Silver SLA - Standard)","ListBucket",1,0,75.775,0.000,75.773
"Tier 2 (Silver SLA - Standard)","ListBucket",1,0,67.199,0.000,67.197
"Tier 2 (Silver SLA - Standard)","ListBucket",1,0,73.962,0.000,73.959
"Tier 2 (Silver SLA - Standard)","GetSmall",1,0,13.800,0.000,13.797
"Tier 2 (Silver SLA - Standard)","GetSmall",1,0,16.373,0.000,16.370
"Tier 2 (Silver SLA - Standard)","ListBucket",1,0,69.397,0.000,69.385
"Tier 2 (Silver SLA - Standard)","ListBucket",1,0,76.861,0.000,76.858
"Tier 2 (Silver SLA - Standard)","GetSmall",1,0,14.811,0.000,14.809
"Tier 2 (Silver SLA - Standard)","GetSmall",1,0,16.336,0.000,16.333
"Tier 2 (Silver SLA - Standard)","GetSmall",1,0,13.408,0.000,13.406
"Tier 2 (Silver SLA - Standard)","ListBucket",1,0,72.469,0.000,72.464
"Tier 2 (Silver SLA - Standard)","GetSmall",1,0,14.548,0.000,14.545
"Tier 2 (Silver SLA - Standard)","ListBucket",1,0,81.590,0.000,81.587
"Tier 2 (Silver SLA - Standard)","GetSmall",1,0,15.426,0.000,15.424
"Tier 2 (Silver SLA - Standard)","ListBucket",1,0,73.952,0.000,73.950
"Tier 2 (Silver SLA - Standard)","GetSmall",1,0,13.894,0.000,13.891
"Tier 2 (Silver SLA - Standard)","GetSmall",1,0,15.345,0.000,15.343
"Tier 2 (Silver SLA - Standard)","ListBucket",1,0,74.552,0.000,74.548
"Tier 2 (Silver SLA - Standard)","GetSmall",1,0,13.121,0.000,13.119
"Tier 2 (Silver SLA - Standard)","GetSmall",1,0,13.265,0.000,13.263
"Tier 2 (Silver SLA - Standard)","ListBucket",1,0,63.958,0.000,63.955
"Tier 2 (Silver SLA - Standard)","ListBucket",1,0,78.353,0.000,78.351
"Tier 2 (Silver SLA - Standard)","GetSmall",1,0,16.359,0.000,16.357
"Tier 2 (Silver SLA - Standard)","GetSmall",1,0,15.146,0.000,15.143
"Tier 2 (Silver SLA - Standard)","GetSmall",1,0,13.730,0.000,13.727
"Tier 2 (Silver SLA - Standard)","GetSmall",1,0,13.807,0.000,13.804
"Tier 2 (Silver SLA - Standard)","GetSmall",1,0,11.608,0.000,11.606
"Tier 2 (Silver SLA - Standard)","ListBucket",1,0,69.719,0.000,69.717
"Tier 2 (Silver SLA - Standard)","GetSmall",1,0,12.275,0.000,12.272
"Tier 2 (Silver SLA - Standard)","GetSmall",1,0,13.546,0.000,13.543
"Tier 2 (Silver SLA - Standard)","ListBucket",1,0,69.797,0.000,69.793
"Tier 2 (Silver SLA - Standard)","GetSmall",1,0,13.341,0.000,13.338
"Tier 2 (Silver SLA - Standard)","GetSmall",1,0,14.180,0.000,14.178
"Tier 2 (Silver SLA - Standard)","ListBucket",1,0,71.508,0.000,71.505
"Tier 2 (Silver SLA - Standard)","GetSmall",1,0,13.148,0.000,13.145
"Tier 2 (Silver SLA - Standard)","GetSmall",1,0,14.989,0.000,14.984
"Tier 2 (Silver SLA - Standard)","GetSmall",1,0,13.198,0.000,13.194
"Tier 2 (Silver SLA - Standard)","GetSmall",1,0,14.058,0.000,14.023
"Tier 2 (Silver SLA - Standard)","GetSmall",1,0,14.709,0.000,14.708
"Tier 2 (Silver SLA - Standard)","GetSmall",1,0,15.599,0.000,15.596
"Tier 2 (Silver SLA - Standard)","GetSmall",1,0,14.781,0.000,14.779
"Tier 2 (Silver SLA - Standard)","GetSmall",1,0,13.937,0.000,13.909
"Tier 2 (Silver SLA - Standard)","GetSmall",1,0,13.523,0.000,13.498
"Tier 2 (Silver SLA - Standard)","GetSmall",1,0,13.414,0.000,13.410
"Tier 2 (Silver SLA - Standard)","GetSmall",1,0,14.421,0.000,14.420
"Tier 2 (Silver SLA - Standard)","GetSmall",1,0,13.603,0.000,13.601
"Tier 2 (Silver SLA - Standard)","ListBucket",1,0,66.846,0.001,66.841
"Tier 2 (Silver SLA - Standard)","GetSmall",1,0,14.759,0.000,14.757
"Tier 2 (Silver SLA - Standard)","GetSmall",1,0,15.581,0.000,15.578
"Tier 2 (Silver SLA - Standard)","ListBucket",1,0,74.927,0.000,74.925
"Tier 2 (Silver SLA - Standard)","GetSmall",1,0,14.386,0.000,14.384
"Tier 2 (Silver SLA - Standard)","GetSmall",1,0,14.441,0.000,14.438
"Tier 2 (Silver SLA - Standard)","ListBucket",1,0,74.988,0.000,74.984
"Tier 2 (Silver SLA - Standard)","GetSmall",1,0,14.260,0.000,14.256
"Tier 2 (Silver SLA - Standard)","GetSmall",1,0,14.281,0.000,14.278
"Tier 2 (Silver SLA - Standard)","GetSmall",1,0,14.610,0.000,14.607
"Tier 2 (Silver SLA - Standard)","ListBucket",1,0,68.588,0.000,68.586
"Tier 2 (Silver SLA - Standard)","ListBucket",1,0,72.041,0.000,72.038
"Tier 2 (Silver SLA - Standard)","ListBucket",1,0,70.175,0.000,70.172
"Tier 2 (Silver SLA - Standard)","ListBucket",1,0,77.610,0.000,77.607
"Tier 2 (Silver SLA - Standard)","GetSmall",1,0,13.233,0.000,13.231
"Tier 2 (Silver SLA - Standard)","GetSmall",1,0,14.130,0.000,14.127
"Tier 2 (Silver SLA - Standard)","GetSmall",1,0,13.693,0.000,13.691
"Tier 2 (Silver SLA - Standard)","GetSmall",1,0,14.675,0.000,14.673
"Tier 2 (Silver SLA - Standard)","GetSmall",1,0,14.075,0.000,14.073
"Tier 2 (Silver SLA - Standard)","GetSmall",1,0,15.816,0.000,15.813
"Tier 2 (Silver SLA - Standard)","GetSmall",1,0,13.694,0.000,13.691
"Tier 2 (Silver SLA - Standard)","ListBucket",1,0,75.528,0.000,75.523
"Tier 2 (Silver SLA - Standard)","ListBucket",1,0,65.875,0.000,65.872
"Tier 2 (Silver SLA - Standard)","GetSmall",1,0,13.669,0.000,13.667
"Tier 2 (Silver SLA - Standard)","ListBucket",1,0,62.646,0.000,62.645
"Tier 2 (Silver SLA - Standard)","ListBucket",1,0,64.886,0.000,64.882
"Tier 2 (Silver SLA - Standard)","ListBucket",1,0,81.481,0.000,81.478
"Tier 2 (Silver SLA - Standard)","ListBucket",1,0,80.949,0.000,80.941
"Tier 2 (Silver SLA - Standard)","GetSmall",1,0,14.750,0.000,14.744
"Tier 2 (Silver SLA - Standard)","GetSmall",1,0,14.561,0.000,14.560
"Tier 2 (Silver SLA - Standard)","GetSmall",1,0,12.856,0.000,12.854
"Tier 2 (Silver SLA - Standard)","GetSmall",1,0,15.301,0.000,15.299
"Tier 2 (Silver SLA - Standard)","ListBucket",1,0,74.921,0.000,74.909
"Tier 2 (Silver SLA - Standard)","GetSmall",1,0,14.108,0.000,14.105
"Tier 2 (Silver SLA - Standard)","GetSmall",1,0,13.708,0.000,13.701
"Tier 2 (Silver SLA - Standard)","ListBucket",1,0,64.662,0.000,64.659
"Tier 2 (Silver SLA - Standard)","GetSmall",1,0,13.123,0.000,13.121
"Tier 2 (Silver SLA - Standard)","GetSmall",1,0,12.823,0.000,12.821
"Tier 2 (Silver SLA - Standard)","GetSmall",1,0,15.552,0.000,15.549
"Tier 2 (Silver SLA - Standard)","ListBucket",1,0,67.119,0.000,67.116
"Tier 2 (Silver SLA - Standard)","ListBucket",1,0,79.275,0.000,79.272
"Tier 2 (Silver SLA - Standard)","ListBucket",1,0,72.682,0.000,72.680
"Tier 2 (Silver SLA - Standard)","GetSmall",1,0,14.804,0.000,14.801
"Tier 2 (Silver SLA - Standard)","ListBucket",1,0,73.144,0.000,73.142
"Tier 2 (Silver SLA - Standard)","ListBucket",1,0,75.275,0.000,75.269
"Tier 2 (Silver SLA - Standard)","GetSmall",1,0,14.079,0.000,14.076
"Tier 2 (Silver SLA - Standard)","ListBucket",1,0,75.390,0.001,75.385
"Tier 2 (Silver SLA - Standard)","ListBucket",1,0,81.746,0.000,81.744
"Tier 2 (Silver SLA - Standard)","GetSmall",1,0,15.256,0.000,15.254
"Tier 2 (Silver SLA - Standard)","ListBucket",1,0,67.212,0.000,67.210
"Tier 2 (Silver SLA - Standard)","ListBucket",1,0,72.055,0.000,72.052
"Tier 2 (Silver SLA - Standard)","ListBucket",1,0,65.647,0.000,65.644
"Tier 2 (Silver SLA - Standard)","GetSmall",1,0,14.373,0.000,14.371
"Tier 2 (Silver SLA - Standard)","GetSmall",1,0,15.455,0.000,15.453
"Tier 2 (Silver SLA - Standard)","ListBucket",1,0,74.762,0.000,74.759
"Tier 2 (Silver SLA - Standard)","ListBucket",1,0,68.658,0.000,68.655
"Tier 2 (Silver SLA - Standard)","ListBucket",1,0,78.051,0.000,78.041
"Tier 2 (Silver SLA - Standard)","GetSmall",1,0,16.035,0.000,16.032
"Tier 2 (Silver SLA - Standard)","GetSmall",1,0,13.390,0.000,13.388
"Tier 2 (Silver SLA - Standard)","GetSmall",1,0,15.134,0.000,15.133
"Tier 2 (Silver SLA - Standard)","ListBucket",1,0,77.996,0.000,77.994
"Tier 2 (Silver SLA - Standard)","ListBucket",1,0,76.165,0.000,76.145
"Tier 2 (Silver SLA - Standard)","GetSmall",1,0,15.755,0.000,15.751
"Tier 2 (Silver SLA - Standard)","GetSmall",1,0,15.108,0.000,15.105
"Tier 2 (Silver SLA - Standard)","ListBucket",1,0,69.562,0.000,69.558
"Tier 2 (Silver SLA - Standard)","GetSmall",1,0,15.713,0.000,15.711
"Tier 2 (Silver SLA - Standard)","ListBucket",1,0,71.611,0.000,71.609
"Tier 2 (Silver SLA - Standard)","GetSmall",1,0,14.711,0.000,14.708
"Tier 2 (Silver SLA - Standard)","GetSmall",1,0,14.596,0.000,14.594
"Tier 2 (Silver SLA - Standard)","GetSmall",1,0,14.325,0.000,14.324
"Tier 2 (Silver SLA - Standard)","ListBucket",1,0,68.279,0.000,68.276
"Tier 2 (Silver SLA - Standard)","GetSmall",1,0,13.814,0.000,13.811
"Tier 2 (Silver SLA - Standard)","ListBucket",1,0,71.738,0.000,71.726
"Tier 2 (Silver SLA - Standard)","ListBucket",1,0,78.358,0.000,78.342
"Tier 2 (Silver SLA - Standard)","GetSmall",1,0,15.576,0.000,15.571
"Tier 2 (Silver SLA - Standard)","ListBucket",1,0,73.783,0.000,73.781
"Tier 2 (Silver SLA - Standard)","ListBucket",1,0,79.158,0.000,79.155
"Tier 2 (Silver SLA - Standard)","ListBucket",1,0,73.455,0.000,73.444
"Tier 2 (Silver SLA - Standard)","ListBucket",1,0,76.468,0.000,76.465
"Tier 2 (Silver SLA - Standard)","ListBucket",1,0,63.714,0.000,63.711
"Tier 2 (Silver SLA - Standard)","ListBucket",1,0,67.488,0.000,67.485
"Tier 2 (Silver SLA - Standard)","ListBucket",1,0,70.514,0.000,70.512
"Tier 2 (Silver SLA - Standard)","GetSmall",1,0,15.135,0.000,15.130
"Tier 2 (Silver SLA - Standard)","GetSmall",1,0,14.191,0.000,14.189
"Tier 2 (Silver SLA - Standard)","ListBucket",1,0,70.178,0.000,70.175
"Tier 2 (Silver SLA - Standard)","ListBucket",1,0,60.260,0.000,60.254
"Tier 2 (Silver SLA - Standard)","ListBucket",1,0,72.630,0.000,72.628
"Tier 2 (Silver SLA - Standard)","ListBucket",1,0,75.315,0.000,75.312
"Tier 2 (Silver SLA - Standard)","ListBucket",1,0,71.449,0.000,71.447
"Tier 2 (Silver SLA - Standard)","ListBucket",1,0,68.327,0.000,68.324
"Tier 2 (Silver SLA - Standard)","ListBucket",1,0,69.790,0.000,69.779
"Tier 2 (Silver SLA - Standard)","ListBucket",1,0,69.921,0.000,69.913
"Tier 2 (Silver SLA - Standard)","ListBucket",1,0,74.944,0.001,74.941
"Tier 2 (Silver SLA - Standard)","ListBucket",1,0,65.567,0.000,65.558
"Tier 2 (Silver SLA - Standard)","ListBucket",1,0,67.997,0.000,67.994
"Tier 2 (Silver SLA - Standard)","ListBucket",1,0,73.469,0.000,73.460
"Tier 2 (Silver SLA - Standard)","ListBucket",1,0,64.093,0.000,64.086
"Tier 3 (Bronze SLA - Batch)","GetLarge",1,0,18.725,0.001,18.719
"Tier 3 (Bronze SLA - Batch)","GetLarge",1,0,19.617,0.001,19.611
"Tier 3 (Bronze SLA - Batch)","GetLarge",1,0,20.369,0.001,20.363
"Tier 3 (Bronze SLA - Batch)","GetLarge",1,0,21.560,0.000,21.551
"Tier 3 (Bronze SLA - Batch)","GetLarge",1,0,22.411,0.001,22.406
"Tier 3 (Bronze SLA - Batch)","GetLarge",1,0,25.634,0.001,25.629
"Tier 3 (Bronze SLA - Batch)","GetLarge",1,0,26.486,0.000,26.482
"Tier 3 (Bronze SLA - Batch)","PutLarge",1,0,27.025,0.000,27.011
"Tier 3 (Bronze SLA - Batch)","PutLarge",1,0,27.599,0.000,27.593
"Tier 3 (Bronze SLA - Batch)","PutLarge",1,0,28.034,0.001,28.029
"Tier 3 (Bronze SLA - Batch)","PutLarge",1,0,28.608,0.000,28.599
"Tier 3 (Bronze SLA - Batch)","PutLarge",1,0,28.783,0.001,28.776
"Tier 3 (Bronze SLA - Batch)","PutLarge",1,0,29.473,0.000,29.456
"Tier 3 (Bronze SLA - Batch)","GetLarge",1,0,31.077,0.000,31.071
"Tier 3 (Bronze SLA - Batch)","PutLarge",1,0,31.209,0.000,31.204
"Tier 3 (Bronze SLA - Batch)","PutLarge",1,0,31.594,0.001,31.588
"Tier 3 (Bronze SLA - Batch)","PutLarge",1,0,31.741,0.000,31.736
"Tier 3 (Bronze SLA - Batch)","PutLarge",1,0,31.874,0.000,31.868
"Tier 3 (Bronze SLA - Batch)","GetLarge",1,0,32.138,0.000,32.124
"Tier 3 (Bronze SLA - Batch)","PutLarge",1,0,32.260,0.000,32.255
"Tier 3 (Bronze SLA - Batch)","GetLarge",1,0,32.684,0.000,32.670
"Tier 3 (Bronze SLA - Batch)","PutLarge",1,0,32.965,0.000,32.960
"Tier 3 (Bronze SLA - Batch)","PutLarge",1,0,35.724,0.000,35.718
"Tier 3 (Bronze SLA - Batch)","PutLarge",1,0,35.970,0.000,35.964
"Tier 3 (Bronze SLA - Batch)","GetLarge",1,0,36.633,0.001,36.626
"Tier 3 (Bronze SLA - Batch)","PutLarge",1,0,37.375,0.000,37.371
"Tier 3 (Bronze SLA - Batch)","GetLarge",1,0,38.070,0.000,38.066
"Tier 3 (Bronze SLA - Batch)","PutLarge",1,0,39.056,0.001,39.051
"Tier 3 (Bronze SLA - Batch)","PutLarge",1,0,39.987,0.000,39.982
"Tier 3 (Bronze SLA - Batch)","PutLarge",1,0,42.162,0.000,42.155
"Tier 3 (Bronze SLA - Batch)","GetLarge",1,0,42.494,0.000,42.489
"Tier 3 (Bronze SLA - Batch)","PutLarge",1,0,44.305,0.000,44.301
"Tier 3 (Bronze SLA - Batch)","PutLarge",1,0,44.501,0.000,44.496
"Tier 3 (Bronze SLA - Batch)","PutLarge",1,0,48.755,0.000,48.748
"Tier 3 (Bronze SLA - Batch)","GetLarge",1,0,53.696,0.000,53.691
"Tier 3 (Bronze SLA - Batch)","GetLarge",1,0,53.936,0.002,53.844
"Tier 3 (Bronze SLA - Batch)","GetLarge",1,0,54.193,0.000,54.185
"Tier 3 (Bronze SLA - Batch)","GetLarge",1,0,56.808,0.002,56.787
"Tier 3 (Bronze SLA - Batch)","PutLarge",1,0,57.698,0.000,57.691
"Tier 3 (Bronze SLA - Batch)","PutLarge",1,0,60.555,0.000,60.549
"Tier 3 (Bronze SLA - Batch)","PutLarge",1,0,60.795,0.001,60.790
"Tier 3 (Bronze SLA - Batch)","PutLarge",1,0,63.547,0.000,63.541
"Tier 3 (Bronze SLA - Batch)","PutLarge",1,0,65.237,0.000,65.233
"Tier 3 (Bronze SLA - Batch)","PutLarge",1,0,65.362,0.000,65.357
"Tier 3 (Bronze SLA - Batch)","PutLarge",1,0,67.462,0.001,67.457
"Tier 3 (Bronze SLA - Batch)","PutLarge",1,0,71.440,0.000,71.436
"Tier 3 (Bronze SLA - Batch)","PutLarge",1,0,77.645,0.000,77.640
"Tier 3 (Bronze SLA - Batch)","PutLarge",1,0,78.911,0.000,78.905
"Tier 3 (Bronze SLA - Batch)","GetLarge",1,0,53.580,0.000,53.576
"Tier 3 (Bronze SLA - Batch)","PutLarge",1,0,79.936,0.000,79.932
"Tier 3 (Bronze SLA - Batch)","PutLarge",1,0,83.287,0.000,83.275
"Tier 3 (Bronze SLA - Batch)","GetLarge",1,0,57.598,0.001,57.595
"Tier 3 (Bronze SLA - Batch)","GetLarge",1,0,58.935,0.000,58.930
"Tier 3 (Bronze SLA - Batch)","GetLarge",1,0,55.573,0.000,55.569
"Tier 3 (Bronze SLA - Batch)","GetLarge",1,0,62.484,0.001,62.480
"Tier 3 (Bronze SLA - Batch)","GetLarge",1,0,50.353,0.001,50.350
"Tier 3 (Bronze SLA - Batch)","PutLarge",1,0,74.497,0.000,74.486
"Tier 3 (Bronze SLA - Batch)","PutLarge",1,0,75.729,0.000,75.723
"Tier 3 (Bronze SLA - Batch)","GetLarge",1,0,60.747,0.000,60.744
"Tier 3 (Bronze SLA - Batch)","GetLarge",1,0,64.885,0.000,64.855
"Tier 3 (Bronze SLA - Batch)","GetLarge",1,0,58.097,0.000,58.085
"Tier 3 (Bronze SLA - Batch)","GetLarge",1,0,59.704,0.000,59.701
"Tier 3 (Bronze SLA - Batch)","PutLarge",1,0,74.702,0.001,74.698
"Tier 3 (Bronze SLA - Batch)","PutLarge",1,0,84.964,0.000,84.960
"Tier 3 (Bronze SLA - Batch)","PutLarge",1,0,79.871,0.000,79.866
"Tier 3 (Bronze SLA - Batch)","PutLarge",1,0,87.055,0.000,87.051
"Tier 3 (Bronze SLA - Batch)","PutLarge",1,0,85.657,0.000,85.654
"Tier 3 (Bronze SLA - Batch)","PutLarge",1,0,82.312,0.001,82.267
"Tier 3 (Bronze SLA - Batch)","PutLarge",1,0,83.998,0.000,83.969
"Tier 3 (Bronze SLA - Batch)","GetLarge",1,0,62.994,0.000,62.992
"Tier 3 (Bronze SLA - Batch)","PutLarge",1,0,90.166,0.001,90.161
"Tier 3 (Bronze SLA - Batch)","PutLarge",1,0,88.140,0.000,88.136
"Tier 3 (Bronze SLA - Batch)","PutLarge",1,0,79.057,0.001,79.052
"Tier 3 (Bronze SLA - Batch)","PutLarge",1,0,84.431,0.000,84.429
"Tier 3 (Bronze SLA - Batch)","GetLarge",1,0,57.085,0.000,57.082
"Tier 3 (Bronze SLA - Batch)","PutLarge",1,0,83.256,0.000,83.242
"Tier 3 (Bronze SLA - Batch)","PutLarge",1,0,92.240,0.000,92.237
"Tier 3 (Bronze SLA - Batch)","PutLarge",1,0,92.856,0.000,92.853
"Tier 3 (Bronze SLA - Batch)","PutLarge",1,0,96.678,0.000,96.674
"Tier 3 (Bronze SLA - Batch)","PutLarge",1,0,81.360,0.000,81.356
"Tier 3 (Bronze SLA - Batch)","PutLarge",1,0,89.324,0.000,89.317
"Tier 3 (Bronze SLA - Batch)","PutLarge",1,0,93.518,0.000,93.513
"Tier 3 (Bronze SLA - Batch)","PutLarge",1,0,96.325,0.000,96.321
"Tier 3 (Bronze SLA - Batch)","PutLarge",1,0,100.046,0.000,100.042
"Tier 3 (Bronze SLA - Batch)","PutLarge",1,0,89.690,0.000,89.687
"Tier 3 (Bronze SLA - Batch)","GetLarge",1,0,51.624,0.000,51.620
"Tier 3 (Bronze SLA - Batch)","PutLarge",1,0,90.483,0.000,90.479
"Tier 3 (Bronze SLA - Batch)","PutLarge",1,0,85.395,0.000,85.391
"Tier 3 (Bronze SLA - Batch)","PutLarge",1,0,79.223,0.000,79.218
"Tier 3 (Bronze SLA - Batch)","PutLarge",1,0,83.333,0.000,83.328
"Tier 3 (Bronze SLA - Batch)","GetLarge",1,0,63.377,0.000,63.373
"Tier 3 (Bronze SLA - Batch)","PutLarge",1,0,88.595,0.001,88.591
"Tier 3 (Bronze SLA - Batch)","PutLarge",1,0,83.991,0.000,83.986
"Tier 3 (Bronze SLA - Batch)","PutLarge",1,0,81.467,0.000,81.463
"Tier 3 (Bronze SLA - Batch)","PutLarge",1,0,91.469,0.000,91.466
"Tier 3 (Bronze SLA - Batch)","GetLarge",1,0,51.048,0.000,51.043
"Tier 3 (Bronze SLA - Batch)","PutLarge",1,0,100.352,0.000,100.349
"Tier 3 (Bronze SLA - Batch)","PutLarge",1,0,92.804,0.000,92.801
"Tier 3 (Bronze SLA - Batch)","PutLarge",1,0,97.847,0.000,97.844
"Tier 3 (Bronze SLA - Batch)","PutLarge",1,0,82.281,0.000,82.276
"Tier 3 (Bronze SLA - Batch)","PutLarge",1,0,84.582,0.001,84.578
"Tier 3 (Bronze SLA - Batch)","GetLarge",1,0,59.623,0.000,59.620
"Tier 3 (Bronze SLA - Batch)","PutLarge",1,0,86.686,0.000,86.683
"Tier 3 (Bronze SLA - Batch)","GetLarge",1,0,61.782,0.000,61.779
"Tier 3 (Bronze SLA - Batch)","PutLarge",1,0,74.644,0.000,74.640
"Tier 3 (Bronze SLA - Batch)","GetLarge",1,0,52.758,0.000,52.754
"Tier 3 (Bronze SLA - Batch)","PutLarge",1,0,82.860,0.000,82.855
"Tier 3 (Bronze SLA - Batch)","PutLarge",1,0,82.588,0.000,82.582
"Tier 3 (Bronze SLA - Batch)","PutLarge",1,0,92.645,0.001,92.640
"Tier 3 (Bronze SLA - Batch)","PutLarge",1,0,81.509,0.001,81.503
"Tier 3 (Bronze SLA - Batch)","PutLarge",1,0,82.967,0.000,82.963
"Tier 3 (Bronze SLA - Batch)","PutLarge",1,0,82.674,0.000,82.667
"Tier 3 (Bronze SLA - Batch)","PutLarge",1,0,88.543,0.000,88.540
"Tier 3 (Bronze SLA - Batch)","PutLarge",1,0,81.129,0.000,81.126
"Tier 3 (Bronze SLA - Batch)","GetLarge",1,0,59.519,0.000,59.515
"Tier 3 (Bronze SLA - Batch)","PutLarge",1,0,92.537,0.000,92.534
"Tier 3 (Bronze SLA - Batch)","PutLarge",1,0,92.070,0.000,92.066
"Tier 3 (Bronze SLA - Batch)","PutLarge",1,0,91.654,0.000,91.651
"Tier 3 (Bronze SLA - Batch)","GetLarge",1,0,57.868,0.000,57.864
"Tier 3 (Bronze SLA - Batch)","GetLarge",1,0,54.175,0.000,54.172
"Tier 3 (Bronze SLA - Batch)","GetLarge",1,0,52.760,0.001,52.756
"Tier 3 (Bronze SLA - Batch)","GetLarge",1,0,55.284,0.000,55.281
"Tier 3 (Bronze SLA - Batch)","GetLarge",1,0,58.226,0.001,58.223
"Tier 3 (Bronze SLA - Batch)","PutLarge",1,0,85.297,0.001,85.291
"Tier 3 (Bronze SLA - Batch)","PutLarge",1,0,91.955,0.000,91.951
"Tier 3 (Bronze SLA - Batch)","PutLarge",1,0,74.177,0.000,74.174
"Tier 3 (Bronze SLA - Batch)","PutLarge",1,0,84.796,0.000,84.792
"Tier 3 (Bronze SLA - Batch)","PutLarge",1,0,87.147,0.001,87.143
"Tier 3 (Bronze SLA - Batch)","GetLarge",1,0,63.581,0.000,63.577
"Tier 3 (Bronze SLA - Batch)","PutLarge",1,0,86.137,0.000,86.134
"Tier 3 (Bronze SLA - Batch)","GetLarge",1,0,66.308,0.000,66.306
"Tier 3 (Bronze SLA - Batch)","PutLarge",1,0,83.825,0.000,83.821
"Tier 3 (Bronze SLA - Batch)","PutLarge",1,0,86.227,0.000,86.223
"Tier 3 (Bronze SLA - Batch)","PutLarge",1,0,84.415,0.001,84.410
"Tier 3 (Bronze SLA - Batch)","PutLarge",1,0,87.125,0.000,87.121
"Tier 3 (Bronze SLA - Batch)","PutLarge",1,0,91.128,0.000,91.124
"Tier 3 (Bronze SLA - Batch)","PutLarge",1,0,93.538,0.000,93.529
"Tier 3 (Bronze SLA - Batch)","PutLarge",1,0,93.600,0.000,93.597
"Tier 3 (Bronze SLA - Batch)","PutLarge",1,0,88.056,0.000,88.052
"Tier 3 (Bronze SLA - Batch)","PutLarge",1,0,96.389,0.000,96.385
"Tier 3 (Bronze SLA - Batch)","GetLarge",1,0,58.770,0.000,58.767
"Tier 3 (Bronze SLA - Batch)","GetLarge",1,0,61.897,0.000,61.895
"Tier 3 (Bronze SLA - Batch)","PutLarge",1,0,95.367,0.001,95.364
"Tier 3 (Bronze SLA - Batch)","GetLarge",1,0,64.403,0.000,64.399
"Tier 3 (Bronze SLA - Batch)","GetLarge",1,0,65.049,0.000,65.046
"Tier 3 (Bronze SLA - Batch)","PutLarge",1,0,89.263,0.000,89.259
"Tier 3 (Bronze SLA - Batch)","PutLarge",1,0,79.974,0.000,79.972
"Tier 3 (Bronze SLA - Batch)","GetLarge",1,0,52.990,0.001,52.987
"Tier 3 (Bronze SLA - Batch)","GetLarge",1,0,61.994,0.000,61.991
"Tier 3 (Bronze SLA - Batch)","PutLarge",1,0,81.115,0.000,81.112
"Tier 3 (Bronze SLA - Batch)","GetLarge",1,0,59.145,0.000,59.142
"Tier 3 (Bronze SLA - Batch)","PutLarge",1,0,98.265,0.000,98.261
"Tier 3 (Bronze SLA - Batch)","GetLarge",1,0,64.282,0.000,64.280
"Tier 3 (Bronze SLA - Batch)","GetLarge",1,0,64.444,0.000,64.440
"Tier 3 (Bronze SLA - Batch)","PutLarge",1,0,86.206,0.000,86.200
"Tier 3 (Bronze SLA - Batch)","PutLarge",1,0,82.543,0.000,82.539
"Tier 3 (Bronze SLA - Batch)","PutLarge",1,0,94.213,0.001,94.209
"Tier 3 (Bronze SLA - Batch)","GetLarge",1,0,56.158,0.000,56.155
"Tier 3 (Bronze SLA - Batch)","PutLarge",1,0,92.889,0.000,92.886
"Tier 3 (Bronze SLA - Batch)","PutLarge",1,0,95.736,0.000,95.733
"Tier 3 (Bronze SLA - Batch)","PutLarge",1,0,79.471,0.001,79.467
"Tier 3 (Bronze SLA - Batch)","PutLarge",1,0,82.244,0.000,82.242
"Tier 3 (Bronze SLA - Batch)","GetLarge",1,0,50.499,0.000,50.496
"Tier 3 (Bronze SLA - Batch)","GetLarge",1,0,58.449,0.000,58.445
"Tier 3 (Bronze SLA - Batch)","PutLarge",1,0,86.355,0.000,86.353
"Tier 3 (Bronze SLA - Batch)","GetLarge",1,0,61.970,0.000,61.968
"Tier 3 (Bronze SLA - Batch)","GetLarge",1,0,63.763,0.000,63.761
"Tier 3 (Bronze SLA - Batch)","PutLarge",1,0,89.873,0.000,89.869
"Tier 3 (Bronze SLA - Batch)","PutLarge",1,0,87.350,0.000,87.346
"Tier 3 (Bronze SLA - Batch)","PutLarge",1,0,82.761,0.001,82.757
"Tier 3 (Bronze SLA - Batch)","GetLarge",1,0,58.546,0.000,58.542
"Tier 3 (Bronze SLA - Batch)","GetLarge",1,0,61.963,0.000,61.959
"Tier 3 (Bronze SLA - Batch)","GetLarge",1,0,57.391,0.000,57.386
"Tier 3 (Bronze SLA - Batch)","PutLarge",1,0,81.006,0.000,81.002
"Tier 3 (Bronze SLA - Batch)","PutLarge",1,0,87.505,0.000,87.501
"Tier 3 (Bronze SLA - Batch)","PutLarge",1,0,97.582,0.000,97.579
"Tier 3 (Bronze SLA - Batch)","PutLarge",1,0,85.597,0.000,85.595
"Tier 3 (Bronze SLA - Batch)","PutLarge",1,0,82.033,0.000,82.028
"Tier 3 (Bronze SLA - Batch)","PutLarge",1,0,76.046,0.000,76.043
"Tier 3 (Bronze SLA - Batch)","PutLarge",1,0,89.560,0.000,89.547
"Tier 3 (Bronze SLA - Batch)","PutLarge",1,0,81.986,0.000,81.983
"Tier 3 (Bronze SLA - Batch)","PutLarge",1,0,83.377,0.000,83.374
"Tier 3 (Bronze SLA - Batch)","GetLarge",1,0,55.026,0.000,55.023
"Tier 3 (Bronze SLA - Batch)","GetLarge",1,0,56.625,0.000,56.623
"Tier 3 (Bronze SLA - Batch)","PutLarge",1,0,87.072,0.000,87.070
"Tier 3 (Bronze SLA - Batch)","PutLarge",1,0,90.101,0.000,90.099
"Tier 3 (Bronze SLA - Batch)","PutLarge",1,0,87.291,0.000,87.288
"Tier 3 (Bronze SLA - Batch)","PutLarge",1,0,88.249,0.001,88.246
"Tier 3 (Bronze SLA - Batch)","PutLarge",1,0,94.046,0.000,94.043
"Tier 3 (Bronze SLA - Batch)","PutLarge",1,0,87.551,0.000,87.546
"Tier 3 (Bronze SLA - Batch)","PutLarge",1,0,82.307,0.000,82.305
"Tier 3 (Bronze SLA - Batch)","GetLarge",1,0,55.504,0.000,55.502
"Tier 3 (Bronze SLA - Batch)","PutLarge",1,0,85.073,0.000,85.062
"Tier 3 (Bronze SLA - Batch)","GetLarge",1,0,55.230,0.000,55.226
"Tier 3 (Bronze SLA - Batch)","GetLarge",1,0,55.864,0.000,55.859
"Tier 3 (Bronze SLA - Batch)","PutLarge",1,0,79.457,0.000,79.453
"Tier 3 (Bronze SLA - Batch)","PutLarge",1,0,100.138,0.000,100.134
"Tier 3 (Bronze SLA - Batch)","PutLarge",1,0,89.911,0.000,89.909
"Tier 3 (Bronze SLA - Batch)","PutLarge",1,0,96.734,0.000,96.730
"Tier 3 (Bronze SLA - Batch)","GetLarge",1,0,54.027,0.000,54.023
"Tier 3 (Bronze SLA - Batch)","GetLarge",1,0,61.164,0.000,61.161
"Tier 3 (Bronze SLA - Batch)","GetLarge",1,0,59.621,0.000,59.619
"Tier 3 (Bronze SLA - Batch)","PutLarge",1,0,94.873,0.000,94.870
"Tier 3 (Bronze SLA - Batch)","PutLarge",1,0,78.374,0.000,78.371
"Tier 3 (Bronze SLA - Batch)","PutLarge",1,0,85.753,0.000,85.750
"Tier 3 (Bronze SLA - Batch)","GetLarge",1,0,53.723,0.000,53.719
"Tier 3 (Bronze SLA - Batch)","PutLarge",1,0,88.660,0.000,88.657
"Tier 3 (Bronze SLA - Batch)","GetLarge",1,0,52.687,0.000,52.684
"Tier 3 (Bronze SLA - Batch)","PutLarge",1,0,82.066,0.000,82.064
"Tier 3 (Bronze SLA - Batch)","PutLarge",1,0,96.268,0.000,96.264
"Tier 3 (Bronze SLA - Batch)","GetLarge",1,0,58.575,0.000,58.571
"Tier 3 (Bronze SLA - Batch)","GetLarge",1,0,56.437,0.000,56.433
"Tier 3 (Bronze SLA - Batch)","GetLarge",1,0,56.897,0.000,56.892
"Tier 3 (Bronze SLA - Batch)","PutLarge",1,0,94.304,0.000,94.300
"Tier 3 (Bronze SLA - Batch)","PutLarge",1,0,95.401,0.000,95.398
"Tier 3 (Bronze SLA - Batch)","PutLarge",1,0,97.508,0.000,97.505
"Tier 3 (Bronze SLA - Batch)","PutLarge",1,0,88.012,0.000,87.970
"Tier 3 (Bronze SLA - Batch)","GetLarge",1,0,55.128,0.000,55.120
"Tier 3 (Bronze SLA - Batch)","PutLarge",1,0,92.316,0.000,92.312
"Tier 3 (Bronze SLA - Batch)","PutLarge",1,0,91.301,0.000,91.264
"Tier 3 (Bronze SLA - Batch)","PutLarge",1,0,86.364,0.000,86.333
"Tier 3 (Bronze SLA - Batch)","PutLarge",1,0,97.151,0.000,97.122
"Tier 3 (Bronze SLA - Batch)","PutLarge",1,0,74.033,0.000,74.030
"Tier 3 (Bronze SLA - Batch)","GetLarge",1,0,62.660,0.000,62.656
"Tier 3 (Bronze SLA - Batch)","GetLarge",1,0,55.942,0.000,55.938
"Tier 3 (Bronze SLA - Batch)","PutLarge",1,0,79.460,0.000,79.457
"Tier 3 (Bronze SLA - Batch)","PutLarge",1,0,85.338,0.000,85.335
"Tier 3 (Bronze SLA - Batch)","PutLarge",1,0,94.216,0.000,94.208
"Tier 3 (Bronze SLA - Batch)","PutLarge",1,0,88.559,0.000,88.555
"Tier 3 (Bronze SLA - Batch)","PutLarge",1,0,91.319,0.000,91.316
"Tier 3 (Bronze SLA - Batch)","PutLarge",1,0,86.503,0.000,86.500
"Tier 3 (Bronze SLA - Batch)","GetLarge",1,0,58.273,0.000,58.268
"Tier 3 (Bronze SLA - Batch)","GetLarge",1,0,59.895,0.000,59.892
"Tier 3 (Bronze SLA - Batch)","PutLarge",1,0,85.136,0.000,85.132
"Tier 3 (Bronze SLA - Batch)","PutLarge",1,0,89.357,0.000,89.354
"Tier 3 (Bronze SLA - Batch)","GetLarge",1,0,55.913,0.000,55.909
"Tier 3 (Bronze SLA - Batch)","GetLarge",1,0,62.902,0.000,62.900
"Tier 3 (Bronze SLA - Batch)","GetLarge",1,0,61.783,0.000,61.781
"Tier 3 (Bronze SLA - Batch)","PutLarge",1,0,88.283,0.000,88.280
"Tier 3 (Bronze SLA - Batch)","PutLarge",1,0,75.098,0.000,75.088
"Tier 3 (Bronze SLA - Batch)","PutLarge",1,0,95.939,0.000,95.937
"Tier 3 (Bronze SLA - Batch)","PutLarge",1,0,90.031,0.000,90.028
"Tier 3 (Bronze SLA - Batch)","GetLarge",1,0,55.893,0.000,55.888
"Tier 3 (Bronze SLA - Batch)","PutLarge",1,0,76.196,0.000,76.193
"Tier 3 (Bronze SLA - Batch)","PutLarge",1,0,85.652,0.000,85.648
"Tier 3 (Bronze SLA - Batch)","PutLarge",1,0,81.579,0.000,81.577
"Tier 3 (Bronze SLA - Batch)","GetLarge",1,0,57.130,0.001,57.127
"Tier 3 (Bronze SLA - Batch)","PutLarge",1,0,87.328,0.000,87.325
"Tier 3 (Bronze SLA - Batch)","GetLarge",1,0,58.506,0.000,58.503
"Tier 3 (Bronze SLA - Batch)","PutLarge",1,0,85.763,0.000,85.761
"Tier 3 (Bronze SLA - Batch)","PutLarge",1,0,91.931,0.000,91.929
"Tier 3 (Bronze SLA - Batch)","PutLarge",1,0,74.955,0.000,74.953
"Tier 3 (Bronze SLA - Batch)","PutLarge",1,0,84.196,0.000,84.126
"Tier 3 (Bronze SLA - Batch)","PutLarge",1,0,95.396,0.001,95.388
"Tier 3 (Bronze SLA - Batch)","GetLarge",1,0,60.960,0.001,60.951
"Tier 3 (Bronze SLA - Batch)","PutLarge",1,0,84.472,0.000,84.467
"Tier 3 (Bronze SLA - Batch)","PutLarge",1,0,86.671,0.000,86.667
"Tier 3 (Bronze SLA - Batch)","GetLarge",1,0,54.097,0.000,54.092
"Tier 3 (Bronze SLA - Batch)","PutLarge",1,0,99.571,0.000,99.566
"Tier 3 (Bronze SLA - Batch)","PutLarge",1,0,74.604,0.000,74.600
"Tier 3 (Bronze SLA - Batch)","GetLarge",1,0,64.818,0.000,64.815
"Tier 3 (Bronze SLA - Batch)","GetLarge",1,0,56.974,0.000,56.970
"Tier 3 (Bronze SLA - Batch)","PutLarge",1,0,81.357,0.000,81.351
"Tier 3 (Bronze SLA - Batch)","PutLarge",1,0,89.857,0.000,89.853
"Tier 3 (Bronze SLA - Batch)","PutLarge",1,0,99.135,0.000,99.131
"Tier 3 (Bronze SLA - Batch)","PutLarge",1,0,85.909,0.000,85.906
"Tier 3 (Bronze SLA - Batch)","PutLarge",1,0,100.109,0.000,100.106
"Tier 3 (Bronze SLA - Batch)","PutLarge",1,0,86.631,0.000,86.627
"Tier 3 (Bronze SLA - Batch)","PutLarge",1,0,80.359,0.000,80.356
"Tier 3 (Bronze SLA - Batch)","PutLarge",1,0,86.398,0.001,86.392
"Tier 3 (Bronze SLA - Batch)","GetLarge",1,0,61.624,0.000,61.620
"Tier 3 (Bronze SLA - Batch)","PutLarge",1,0,90.315,0.001,90.310
"Tier 3 (Bronze SLA - Batch)","GetLarge",1,0,56.004,0.000,56.002
"Tier 3 (Bronze SLA - Batch)","PutLarge",1,0,84.575,0.001,84.563
"Tier 3 (Bronze SLA - Batch)","PutLarge",1,0,97.173,0.000,97.169
"Tier 3 (Bronze SLA - Batch)","PutLarge",1,0,81.671,0.000,81.667
"Tier 3 (Bronze SLA - Batch)","PutLarge",1,0,86.453,0.001,86.449
"Tier 3 (Bronze SLA - Batch)","PutLarge",1,0,82.396,0.000,82.392
"Tier 3 (Bronze SLA - Batch)","PutLarge",1,0,88.266,0.001,88.262
"Tier 3 (Bronze SLA - Batch)","GetLarge",1,0,55.059,0.001,55.054
"Tier 3 (Bronze SLA - Batch)","PutLarge",1,0,78.127,0.000,78.123
"Tier 3 (Bronze SLA - Batch)","PutLarge",1,0,92.504,0.000,92.500
"Tier 3 (Bronze SLA - Batch)","PutLarge",1,0,97.549,0.000,97.544
"Tier 3 (Bronze SLA - Batch)","PutLarge",1,0,92.293,0.000,92.289
"Tier 3 (Bronze SLA - Batch)","GetLarge",1,0,55.673,0.000,55.670
"Tier 3 (Bronze SLA - Batch)","PutLarge",1,0,89.795,0.000,89.792
"Tier 3 (Bronze SLA - Batch)","PutLarge",1,0,90.679,0.000,90.675
"Tier 3 (Bronze SLA - Batch)","PutLarge",1,0,94.745,0.000,94.741
"Tier 3 (Bronze SLA - Batch)","PutLarge",1,0,89.406,0.000,89.403
"Tier 3 (Bronze SLA - Batch)","PutLarge",1,0,75.672,0.000,75.668
"Tier 3 (Bronze SLA - Batch)","GetLarge",1,0,53.128,0.000,53.125
"Tier 3 (Bronze SLA - Batch)","GetLarge",1,0,56.073,0.000,56.071
"Tier 3 (Bronze SLA - Batch)","PutLarge",1,0,81.626,0.000,81.621
"Tier 3 (Bronze SLA - Batch)","GetLarge",1,0,53.666,0.000,53.663
"Tier 3 (Bronze SLA - Batch)","PutLarge",1,0,85.859,0.000,85.857
"Tier 3 (Bronze SLA - Batch)","GetLarge",1,0,62.482,0.000,62.478
"Tier 3 (Bronze SLA - Batch)","PutLarge",1,0,92.585,0.000,92.581
"Tier 3 (Bronze SLA - Batch)","PutLarge",1,0,98.675,0.000,98.672
"Tier 3 (Bronze SLA - Batch)","PutLarge",1,0,82.167,0.000,82.163
"Tier 3 (Bronze SLA - Batch)","GetLarge",1,0,57.219,0.000,57.215
"Tier 3 (Bronze SLA - Batch)","PutLarge",1,0,88.756,0.000,88.753
"Tier 3 (Bronze SLA - Batch)","GetLarge",1,0,57.895,0.000,57.892
"Tier 3 (Bronze SLA - Batch)","GetLarge",1,0,59.190,0.000,59.165
"Tier 3 (Bronze SLA - Batch)","GetLarge",1,0,49.947,0.000,49.944
"Tier 3 (Bronze SLA - Batch)","PutLarge",1,0,81.624,0.001,81.619
"Tier 3 (Bronze SLA - Batch)","PutLarge",1,0,89.183,0.000,89.180
"Tier 3 (Bronze SLA - Batch)","PutLarge",1,0,92.721,0.000,92.716
"Tier 3 (Bronze SLA - Batch)","GetLarge",1,0,64.522,0.000,64.520
"Tier 3 (Bronze SLA - Batch)","PutLarge",1,0,94.639,0.000,94.635
"Tier 3 (Bronze SLA - Batch)","PutLarge",1,0,76.910,0.000,76.875
"Tier 3 (Bronze SLA - Batch)","PutLarge",1,0,89.992,0.000,89.983
"Tier 3 (Bronze SLA - Batch)","GetLarge",1,0,58.311,0.000,58.301
"Tier 3 (Bronze SLA - Batch)","GetLarge",1,0,57.473,0.000,57.465
"Tier 3 (Bronze SLA - Batch)","GetLarge",1,0,59.289,0.000,59.284
"Tier 3 (Bronze SLA - Batch)","GetLarge",1,0,64.624,0.000,64.622
"Tier 3 (Bronze SLA - Batch)","PutLarge",1,0,84.097,0.000,84.095
"Tier 3 (Bronze SLA - Batch)","PutLarge",1,0,97.853,0.000,97.849
"Tier 3 (Bronze SLA - Batch)","PutLarge",1,0,92.619,0.000,92.614
"Tier 3 (Bronze SLA - Batch)","PutLarge",1,0,83.596,0.000,83.592
"Tier 3 (Bronze SLA - Batch)","GetLarge",1,0,57.278,0.000,57.274
"Tier 3 (Bronze SLA - Batch)","GetLarge",1,0,52.010,0.000,52.002
"Tier 3 (Bronze SLA - Batch)","GetLarge",1,0,51.924,0.000,51.921
"Tier 3 (Bronze SLA - Batch)","PutLarge",1,0,91.853,0.000,91.851
"Tier 3 (Bronze SLA - Batch)","PutLarge",1,0,91.905,0.000,91.903
"Tier 3 (Bronze SLA - Batch)","GetLarge",1,0,64.158,0.000,64.155
"Tier 3 (Bronze SLA - Batch)","PutLarge",1,0,85.235,0.000,85.206
"Tier 3 (Bronze SLA - Batch)","GetLarge",1,0,56.117,0.000,56.113
"Tier 3 (Bronze SLA - Batch)","PutLarge",1,0,78.991,0.000,78.987
"Tier 3 (Bronze SLA - Batch)","PutLarge",1,0,80.440,0.000,80.438
"Tier 3 (Bronze SLA - Batch)","PutLarge",1,0,96.421,0.000,96.413
"Tier 3 (Bronze SLA - Batch)","PutLarge",1,0,83.066,0.000,83.062
"Tier 3 (Bronze SLA - Batch)","GetLarge",1,0,60.381,0.000,60.376
"Tier 3 (Bronze SLA - Batch)","PutLarge",1,0,84.593,0.000,84.589
"Tier 3 (Bronze SLA - Batch)","PutLarge",1,0,88.440,0.000,88.436
"Tier 3 (Bronze SLA - Batch)","PutLarge",1,0,89.351,0.000,89.347
"Tier 3 (Bronze SLA - Batch)","PutLarge",1,0,88.695,0.000,88.692
"Tier 3 (Bronze SLA - Batch)","GetLarge",1,0,57.088,0.000,57.084
"Tier 3 (Bronze SLA - Batch)","PutLarge",1,0,96.845,0.000,96.836
"Tier 3 (Bronze SLA - Batch)","PutLarge",1,0,83.507,0.000,83.503
"Tier 3 (Bronze SLA - Batch)","GetLarge",1,0,58.506,0.000,58.502
"Tier 3 (Bronze SLA - Batch)","PutLarge",1,0,82.026,0.000,82.023
"Tier 3 (Bronze SLA - Batch)","PutLarge",1,0,82.325,0.000,82.322
"Tier 3 (Bronze SLA - Batch)","PutLarge",1,0,89.343,0.000,89.339
"Tier 3 (Bronze SLA - Batch)","GetLarge",1,0,60.763,0.000,60.758
"Tier 3 (Bronze SLA - Batch)","GetLarge",1,0,57.938,0.000,57.934
"Tier 3 (Bronze SLA - Batch)","PutLarge",1,0,87.173,0.000,87.170
"Tier 3 (Bronze SLA - Batch)","GetLarge",1,0,60.436,0.000,60.433
"Tier 3 (Bronze SLA - Batch)","PutLarge",1,0,76.543,0.000,76.540
"Tier 3 (Bronze SLA - Batch)","GetLarge",1,0,57.938,0.001,57.934
"Tier 3 (Bronze SLA - Batch)","PutLarge",1,0,79.290,0.000,79.287
"Tier 3 (Bronze SLA - Batch)","GetLarge",1,0,59.809,0.001,59.805
"Tier 3 (Bronze SLA - Batch)","PutLarge",1,0,87.290,0.000,87.288
"Tier 3 (Bronze SLA - Batch)","GetLarge",1,0,59.899,0.000,59.894
"Tier 3 (Bronze SLA - Batch)","GetLarge",1,0,55.588,0.000,55.586
"Tier 3 (Bronze SLA - Batch)","PutLarge",1,0,96.650,0.000,96.646
"Tier 3 (Bronze SLA - Batch)","PutLarge",1,0,87.336,0.000,87.333
"Tier 3 (Bronze SLA - Batch)","GetLarge",1,0,58.092,0.000,58.088
"Tier 3 (Bronze SLA - Batch)","GetLarge",1,0,54.004,0.000,54.001
"Tier 3 (Bronze SLA - Batch)","PutLarge",1,0,79.492,0.000,79.462
"Tier 3 (Bronze SLA - Batch)","PutLarge",1,0,94.095,0.000,94.071
"Tier 3 (Bronze SLA - Batch)","GetLarge",1,0,52.733,0.000,52.709
"Tier 3 (Bronze SLA - Batch)","PutLarge",1,0,89.036,0.000,89.028
"Tier 3 (Bronze SLA - Batch)","PutLarge",1,0,83.581,0.000,83.578
"Tier 3 (Bronze SLA - Batch)","PutLarge",1,0,91.476,0.000,91.473
"Tier 3 (Bronze SLA - Batch)","PutLarge",1,0,86.073,0.000,86.068
"Tier 3 (Bronze SLA - Batch)","GetLarge",1,0,53.868,0.000,53.863
"Tier 3 (Bronze SLA - Batch)","GetLarge",1,0,60.678,0.000,60.674
"Tier 3 (Bronze SLA - Batch)","PutLarge",1,0,85.576,0.000,85.571
"Tier 3 (Bronze SLA - Batch)","PutLarge",1,0,95.419,0.001,95.377
"Tier 3 (Bronze SLA - Batch)","PutLarge",1,0,84.940,0.000,84.936
"Tier 3 (Bronze SLA - Batch)","PutLarge",1,0,86.799,0.000,86.796
"Tier 3 (Bronze SLA - Batch)","PutLarge",1,0,84.365,0.000,84.360
"Tier 3 (Bronze SLA - Batch)","PutLarge",1,0,85.830,0.000,85.820
"Tier 3 (Bronze SLA - Batch)","PutLarge",1,0,85.116,0.000,85.108
"Tier 3 (Bronze SLA - Batch)","PutLarge",1,0,97.325,0.000,97.321
"Tier 3 (Bronze SLA - Batch)","PutLarge",1,0,100.279,0.000,100.274
"Tier 3 (Bronze SLA - Batch)","PutLarge",1,0,81.583,0.000,81.578
"Tier 3 (Bronze SLA - Batch)","PutLarge",1,0,88.553,0.000,88.549
"Tier 3 (Bronze SLA - Batch)","GetLarge",1,0,51.710,0.001,51.706
"Tier 3 (Bronze SLA - Batch)","PutLarge",1,0,82.941,0.000,82.937
"Tier 3 (Bronze SLA - Batch)","GetLarge",1,0,55.894,0.000,55.891
"Tier 3 (Bronze SLA - Batch)","PutLarge",1,0,81.356,0.000,81.351
"Tier 3 (Bronze SLA - Batch)","PutLarge",1,0,87.897,0.000,87.894
"Tier 3 (Bronze SLA - Batch)","PutLarge",1,0,93.545,0.000,93.534
"Tier 3 (Bronze SLA - Batch)","PutLarge",1,0,95.533,0.000,95.530
"Tier 3 (Bronze SLA - Batch)","GetLarge",1,0,56.195,0.000,56.192
"Tier 3 (Bronze SLA - Batch)","PutLarge",1,0,84.337,0.000,84.333
"Tier 3 (Bronze SLA - Batch)","PutLarge",1,0,95.034,0.000,95.032
"Tier 3 (Bronze SLA - Batch)","PutLarge",1,0,92.046,0.000,92.044
"Tier 3 (Bronze SLA - Batch)","PutLarge",1,0,77.340,0.000,77.335
"Tier 3 (Bronze SLA - Batch)","GetLarge",1,0,60.789,0.000,60.784
"Tier 3 (Bronze SLA - Batch)","PutLarge",1,0,75.003,0.001,74.999
"Tier 3 (Bronze SLA - Batch)","GetLarge",1,0,53.537,0.001,53.532
"Tier 3 (Bronze SLA - Batch)","PutLarge",1,0,76.866,0.001,76.863
"Tier 3 (Bronze SLA - Batch)","GetLarge",1,0,62.382,0.000,62.379
"Tier 3 (Bronze SLA - Batch)","PutLarge",1,0,81.789,0.001,81.785
"Tier 3 (Bronze SLA - Batch)","PutLarge",1,0,84.022,0.000,84.018
"Tier 3 (Bronze SLA - Batch)","PutLarge",1,0,79.741,0.000,79.737
"Tier 3 (Bronze SLA - Batch)","PutLarge",1,0,79.216,0.000,79.213
"Tier 3 (Bronze SLA - Batch)","GetLarge",1,0,59.355,0.001,59.352
"Tier 3 (Bronze SLA - Batch)","PutLarge",1,0,85.467,0.000,85.463
"Tier 3 (Bronze SLA - Batch)","PutLarge",1,0,88.083,0.001,88.079
"Tier 3 (Bronze SLA - Batch)","GetLarge",1,0,60.520,0.001,60.517
"Tier 3 (Bronze SLA - Batch)","GetLarge",1,0,59.316,0.000,59.313
"Tier 3 (Bronze SLA - Batch)","PutLarge",1,0,91.245,0.000,91.240
"Tier 3 (Bronze SLA - Batch)","GetLarge",1,0,55.711,0.000,55.705
"Tier 3 (Bronze SLA - Batch)","PutLarge",1,0,84.186,0.000,84.184
"Tier 3 (Bronze SLA - Batch)","PutLarge",1,0,90.028,0.000,90.024
"Tier 3 (Bronze SLA - Batch)","PutLarge",1,0,82.343,0.000,82.339
"Tier 3 (Bronze SLA - Batch)","PutLarge",1,0,87.994,0.000,87.990
"Tier 3 (Bronze SLA - Batch)","PutLarge",1,0,91.154,0.000,91.150
"Tier 3 (Bronze SLA - Batch)","GetLarge",1,0,58.731,0.000,58.726
"Tier 3 (Bronze SLA - Batch)","PutLarge",1,0,88.627,0.000,88.623
"Tier 3 (Bronze SLA - Batch)","PutLarge",1,0,90.446,0.001,90.442
"Tier 3 (Bronze SLA - Batch)","PutLarge",1,0,82.505,0.000,82.502
"Tier 3 (Bronze SLA - Batch)","PutLarge",1,0,87.701,0.001,87.693
"Tier 3 (Bronze SLA - Batch)","PutLarge",1,0,80.559,0.000,80.555
"Tier 3 (Bronze SLA - Batch)","GetLarge",1,0,56.735,0.000,56.731
"Tier 3 (Bronze SLA - Batch)","PutLarge",1,0,83.130,0.000,83.126
"Tier 3 (Bronze SLA - Batch)","PutLarge",1,0,87.197,0.000,87.192
"Tier 3 (Bronze SLA - Batch)","GetLarge",1,0,64.269,0.000,64.264
"Tier 3 (Bronze SLA - Batch)","PutLarge",1,0,87.498,0.000,87.495
"Tier 3 (Bronze SLA - Batch)","GetLarge",1,0,58.746,0.000,58.743
"Tier 3 (Bronze SLA - Batch)","PutLarge",1,0,91.308,0.001,91.303
"Tier 3 (Bronze SLA - Batch)","PutLarge",1,0,91.501,0.000,91.497
"Tier 3 (Bronze SLA - Batch)","PutLarge",1,0,85.222,0.000,85.218
"Tier 3 (Bronze SLA - Batch)","PutLarge",1,0,87.493,0.000,87.489
"Tier 3 (Bronze SLA - Batch)","GetLarge",1,0,51.571,0.000,51.566
"Tier 3 (Bronze SLA - Batch)","PutLarge",1,0,87.628,0.000,87.625
"Tier 3 (Bronze SLA - Batch)","GetLarge",1,0,59.917,0.000,59.914
"Tier 3 (Bronze SLA - Batch)","PutLarge",1,0,78.527,0.000,78.523
"Tier 3 (Bronze SLA - Batch)","PutLarge",1,0,74.072,0.000,74.069
"Tier 3 (Bronze SLA - Batch)","PutLarge",1,0,74.485,0.000,74.481
"Tier 3 (Bronze SLA - Batch)","PutLarge",1,0,92.518,0.000,92.516
"Tier 3 (Bronze SLA - Batch)","PutLarge",1,0,100.196,0.000,100.192
"Tier 3 (Bronze SLA - Batch)","PutLarge",1,0,94.026,0.000,94.022
"Tier 3 (Bronze SLA - Batch)","PutLarge",1,0,87.411,0.000,87.407
"Tier 3 (Bronze SLA - Batch)","PutLarge",1,0,91.918,0.000,91.914
"Tier 3 (Bronze SLA - Batch)","PutLarge",1,0,81.126,0.000,81.122
"Tier 3 (Bronze SLA - Batch)","PutLarge",1,0,85.033,0.000,85.030
"Tier 3 (Bronze SLA - Batch)","GetLarge",1,0,60.064,0.000,60.061
"Tier 3 (Bronze SLA - Batch)","PutLarge",1,0,99.610,0.000,99.608
"Tier 3 (Bronze SLA - Batch)","PutLarge",1,0,98.194,0.000,98.191
"Tier 3 (Bronze SLA - Batch)","PutLarge",1,0,100.260,0.000,100.258
"Tier 3 (Bronze SLA - Batch)","PutLarge",1,0,80.868,0.000,80.852
"Tier 3 (Bronze SLA - Batch)","PutLarge",1,0,78.723,0.000,78.720
"Tier 3 (Bronze SLA - Batch)","GetLarge",1,0,54.572,0.000,54.564
"Tier 3 (Bronze SLA - Batch)","PutLarge",1,0,73.959,0.000,73.951
"Tier 3 (Bronze SLA - Batch)","PutLarge",1,0,87.327,0.000,87.318
"Tier 3 (Bronze SLA - Batch)","PutLarge",1,0,89.585,0.000,89.582
"Tier 3 (Bronze SLA - Batch)","PutLarge",1,0,95.421,0.000,95.417
"Tier 3 (Bronze SLA - Batch)","PutLarge",1,0,87.535,0.000,87.531
"Tier 3 (Bronze SLA - Batch)","PutLarge",1,0,83.189,0.000,83.185
"Tier 3 (Bronze SLA - Batch)","PutLarge",1,0,92.499,0.000,92.495
"Tier 3 (Bronze SLA - Batch)","GetLarge",1,0,59.628,0.000,59.624
"Tier 3 (Bronze SLA - Batch)","PutLarge",1,0,92.606,0.000,92.604
"Tier 3 (Bronze SLA - Batch)","PutLarge",1,0,74.598,0.000,74.593
"Tier 3 (Bronze SLA - Batch)","PutLarge",1,0,84.505,0.000,84.502
"Tier 3 (Bronze SLA - Batch)","GetLarge",1,0,52.309,0.000,52.307
"Tier 3 (Bronze SLA - Batch)","PutLarge",1,0,98.717,0.000,98.709
"Tier 3 (Bronze SLA - Batch)","PutLarge",1,0,83.448,0.000,83.445
"Tier 3 (Bronze SLA - Batch)","PutLarge",1,0,80.159,0.000,80.156
"Tier 3 (Bronze SLA - Batch)","PutLarge",1,0,81.580,0.000,81.577
"Tier 3 (Bronze SLA - Batch)","PutLarge",1,0,93.343,0.000,93.341
"Tier 3 (Bronze SLA - Batch)","GetLarge",1,0,54.608,0.000,54.605
"Tier 3 (Bronze SLA - Batch)","PutLarge",1,0,89.348,0.000,89.344
"Tier 3 (Bronze SLA - Batch)","PutLarge",1,0,76.730,0.000,76.726
"Tier 3 (Bronze SLA - Batch)","PutLarge",1,0,91.642,0.000,91.637
"Tier 3 (Bronze SLA - Batch)","GetLarge",1,0,52.219,0.000,52.216
"Tier 3 (Bronze SLA - Batch)","GetLarge",1,0,59.174,0.000,59.171
"Tier 3 (Bronze SLA - Batch)","PutLarge",1,0,79.864,0.000,79.861
"Tier 3 (Bronze SLA - Batch)","GetLarge",1,0,56.542,0.000,56.540
"Tier 3 (Bronze SLA - Batch)","PutLarge",1,0,84.109,0.000,84.107
"Tier 3 (Bronze SLA - Batch)","GetLarge",1,0,64.083,0.000,64.081
"Tier 3 (Bronze SLA - Batch)","PutLarge",1,0,83.959,0.000,83.957
"Tier 3 (Bronze SLA - Batch)","PutLarge",1,0,87.402,0.000,87.398
"Tier 3 (Bronze SLA - Batch)","PutLarge",1,0,76.057,0.000,76.054
"Tier 3 (Bronze SLA - Batch)","PutLarge",1,0,84.266,0.000,84.263
"Tier 3 (Bronze SLA - Batch)","GetLarge",1,0,60.292,0.001,60.288
"Tier 3 (Bronze SLA - Batch)","PutLarge",1,0,88.335,0.000,88.331
"Tier 3 (Bronze SLA - Batch)","PutLarge",1,0,95.108,0.001,95.105
"Tier 3 (Bronze SLA - Batch)","GetLarge",1,0,55.583,0.000,55.579
"Tier 3 (Bronze SLA - Batch)","PutLarge",1,0,78.431,0.000,78.429
"Tier 3 (Bronze SLA - Batch)","GetLarge",1,0,56.710,0.001,56.705
"Tier 3 (Bronze SLA - Batch)","GetLarge",1,0,55.555,0.000,55.552
"Tier 3 (Bronze SLA - Batch)","PutLarge",1,0,88.850,0.000,88.848
"Tier 3 (Bronze SLA - Batch)","PutLarge",1,0,77.975,0.000,77.971
"Tier 3 (Bronze SLA - Batch)","PutLarge",1,0,91.289,0.001,91.285
"Tier 3 (Bronze SLA - Batch)","PutLarge",1,0,84.955,0.000,84.953
"Tier 3 (Bronze SLA - Batch)","PutLarge",1,0,83.041,0.000,83.037
"Tier 3 (Bronze SLA - Batch)","PutLarge",1,0,82.816,0.000,82.814
"Tier 3 (Bronze SLA - Batch)","PutLarge",1,0,97.761,0.000,97.758
"Tier 3 (Bronze SLA - Batch)","GetLarge",1,0,54.640,0.000,54.637
"Tier 3 (Bronze SLA - Batch)","PutLarge",1,0,83.817,0.000,83.814
"Tier 3 (Bronze SLA - Batch)","PutLarge",1,0,86.574,0.000,86.571
"Tier 3 (Bronze SLA - Batch)","GetLarge",1,0,55.712,0.000,55.709
"Tier 3 (Bronze SLA - Batch)","PutLarge",1,0,85.464,0.000,85.462
"Tier 3 (Bronze SLA - Batch)","PutLarge",1,0,92.710,0.000,92.707
"Tier 3 (Bronze SLA - Batch)","GetLarge",1,0,55.646,0.000,55.644
"Tier 3 (Bronze SLA - Batch)","PutLarge",1,0,86.242,0.000,86.239
"Tier 3 (Bronze SLA - Batch)","GetLarge",1,0,61.040,0.000,61.037
"Tier 3 (Bronze SLA - Batch)","PutLarge",1,0,83.025,0.000,83.022
"Tier 3 (Bronze SLA - Batch)","PutLarge",1,0,85.039,0.000,85.037
"Tier 3 (Bronze SLA - Batch)","PutLarge",1,0,99.948,0.000,99.944
"Tier 3 (Bronze SLA - Batch)","PutLarge",1,0,87.520,0.000,87.513
"Tier 3 (Bronze SLA - Batch)","PutLarge",1,0,87.849,0.000,87.817
"Tier 3 (Bronze SLA - Batch)","PutLarge",1,0,92.545,0.001,92.541
"Tier 3 (Bronze SLA - Batch)","PutLarge",1,0,85.457,0.000,85.454
"Tier 3 (Bronze SLA - Batch)","PutLarge",1,0,83.047,0.000,83.045
"Tier 3 (Bronze SLA - Batch)","PutLarge",1,0,85.906,0.000,85.904
"Tier 3 (Bronze SLA - Batch)","PutLarge",1,0,89.150,0.000,89.147
"Tier 3 (Bronze SLA - Batch)","PutLarge",1,0,83.881,0.000,83.873
"Tier 3 (Bronze SLA - Batch)","PutLarge",1,0,93.711,0.000,93.707
"Tier 3 (Bronze SLA - Batch)","GetLarge",1,0,63.988,0.000,63.985
"Tier 3 (Bronze SLA - Batch)","GetLarge",1,0,64.408,0.000,64.406
"Tier 3 (Bronze SLA - Batch)","PutLarge",1,0,84.169,0.000,84.166
"Tier 3 (Bronze SLA - Batch)","GetLarge",1,0,65.490,0.000,65.487
"Tier 3 (Bronze SLA - Batch)","PutLarge",1,0,97.198,0.000,97.196
"Tier 3 (Bronze SLA - Batch)","PutLarge",1,0,93.350,0.000,93.347
"Tier 3 (Bronze SLA - Batch)","PutLarge",1,0,84.712,0.000,84.708
"Tier 3 (Bronze SLA - Batch)","PutLarge",1,0,89.450,0.000,89.446
"Tier 3 (Bronze SLA - Batch)","GetLarge",1,0,64.264,0.000,64.259
"Tier 3 (Bronze SLA - Batch)","GetLarge",1,0,55.959,0.000,55.955
"Tier 3 (Bronze SLA - Batch)","PutLarge",1,0,88.965,0.000,88.959
"Tier 3 (Bronze SLA - Batch)","PutLarge",1,0,98.625,0.000,98.616
"Tier 3 (Bronze SLA - Batch)","PutLarge",1,0,78.487,0.000,78.485
"Tier 3 (Bronze SLA - Batch)","PutLarge",1,0,80.368,0.000,80.365
"Tier 3 (Bronze SLA - Batch)","PutLarge",1,0,97.763,0.000,97.760
"Tier 3 (Bronze SLA - Batch)","PutLarge",1,0,93.300,0.000,93.296
"Tier 3 (Bronze SLA - Batch)","GetLarge",1,0,56.613,0.000,56.610
"Tier 3 (Bronze SLA - Batch)","GetLarge",1,0,58.900,0.000,58.898
"Tier 3 (Bronze SLA - Batch)","PutLarge",1,0,93.324,0.000,93.321
"Tier 3 (Bronze SLA - Batch)","PutLarge",1,0,83.454,0.000,83.451
"Tier 3 (Bronze SLA - Batch)","GetLarge",1,0,60.454,0.001,60.451
"Tier 3 (Bronze SLA - Batch)","PutLarge",1,0,90.180,0.000,90.177
"Tier 3 (Bronze SLA - Batch)","GetLarge",1,0,51.742,0.000,51.739
"Tier 3 (Bronze SLA - Batch)","PutLarge",1,0,90.403,0.000,90.400
"Tier 3 (Bronze SLA - Batch)","GetLarge",1,0,52.037,0.000,52.036
"Tier 3 (Bronze SLA - Batch)","GetLarge",1,0,57.413,0.000,57.411
"Tier 3 (Bronze SLA - Batch)","GetLarge",1,0,52.519,0.001,52.515
"Tier 3 (Bronze SLA - Batch)","GetLarge",1,0,59.240,0.000,59.238
"Tier 3 (Bronze SLA - Batch)","PutLarge",1,0,88.793,0.000,88.790
"Tier 3 (Bronze SLA - Batch)","PutLarge",1,0,92.462,0.000,92.460
"Tier 3 (Bronze SLA - Batch)","PutLarge",1,0,91.441,0.000,91.439
"Tier 3 (Bronze SLA - Batch)","GetLarge",1,0,63.189,0.000,63.187
"Tier 3 (Bronze SLA - Batch)","GetLarge",1,0,56.292,0.000,56.291
"Tier 3 (Bronze SLA - Batch)","PutLarge",1,0,83.745,0.000,83.742
"Tier 3 (Bronze SLA - Batch)","PutLarge",1,0,87.746,0.000,87.743
"Tier 3 (Bronze SLA - Batch)","PutLarge",1,0,93.812,0.000,93.808
"Tier 3 (Bronze SLA - Batch)","GetLarge",1,0,53.984,0.000,53.981
"Tier 3 (Bronze SLA - Batch)","PutLarge",1,0,88.702,0.001,88.698
"Tier 3 (Bronze SLA - Batch)","PutLarge",1,0,90.731,0.000,90.729
"Tier 3 (Bronze SLA - Batch)","PutLarge",1,0,88.533,0.000,88.530
"Tier 3 (Bronze SLA - Batch)","GetLarge",1,0,58.522,0.000,58.519
"Tier 3 (Bronze SLA - Batch)","PutLarge",1,0,90.485,0.000,90.482
"Tier 3 (Bronze SLA - Batch)","PutLarge",1,0,85.621,0.000,85.618
"Tier 3 (Bronze SLA - Batch)","GetLarge",1,0,64.013,0.000,64.011
"Tier 3 (Bronze SLA - Batch)","GetLarge",1,0,63.832,0.000,63.828
"Tier 3 (Bronze SLA - Batch)","PutLarge",1,0,76.204,0.000,76.201
"Tier 3 (Bronze SLA - Batch)","GetLarge",1,0,60.535,0.000,60.532
"Tier 3 (Bronze SLA - Batch)","PutLarge",1,0,78.849,0.000,78.845
"Tier 3 (Bronze SLA - Batch)","PutLarge",1,0,93.980,0.000,93.977
"Tier 3 (Bronze SLA - Batch)","PutLarge",1,0,94.598,0.000,94.595
"Tier 3 (Bronze SLA - Batch)","PutLarge",1,0,94.158,0.000,94.156
"Tier 3 (Bronze SLA - Batch)","GetLarge",1,0,57.534,0.000,57.532
"Tier 3 (Bronze SLA - Batch)","GetLarge",1,0,57.561,0.000,57.559
"Tier 3 (Bronze SLA - Batch)","PutLarge",1,0,81.856,0.000,81.854
"Tier 3 (Bronze SLA - Batch)","GetLarge",1,0,55.193,0.000,55.188
"Tier 3 (Bronze SLA - Batch)","GetLarge",1,0,62.085,0.000,62.081
"Tier 3 (Bronze SLA - Batch)","GetLarge",1,0,66.111,0.000,66.108
"Tier 3 (Bronze SLA - Batch)","PutLarge",1,0,81.238,0.000,81.232
"Tier 3 (Bronze SLA - Batch)","PutLarge",1,0,80.018,0.000,80.014
"Tier 3 (Bronze SLA - Batch)","PutLarge",1,0,81.345,0.000,81.341
"Tier 3 (Bronze SLA - Batch)","PutLarge",1,0,86.610,0.000,86.606
"Tier 3 (Bronze SLA - Batch)","PutLarge",1,0,79.779,0.000,79.773
"Tier 3 (Bronze SLA - Batch)","PutLarge",1,0,84.062,0.000,84.058
"Tier 3 (Bronze SLA - Batch)","PutLarge",1,0,77.831,0.000,77.827
"Tier 3 (Bronze SLA - Batch)","PutLarge",1,0,78.694,0.000,78.690
"Tier 3 (Bronze SLA - Batch)","GetLarge",1,0,50.952,0.000,50.943
"Tier 3 (Bronze SLA - Batch)","PutLarge",1,0,83.827,0.000,83.824
"Tier 3 (Bronze SLA - Batch)","PutLarge",1,0,97.203,0.000,97.200
"Tier 3 (Bronze SLA - Batch)","GetLarge",1,0,53.805,0.000,53.801
"Tier 3 (Bronze SLA - Batch)","GetLarge",1,0,62.290,0.000,62.286
"Tier 3 (Bronze SLA - Batch)","PutLarge",1,0,84.743,0.000,84.740
"Tier 3 (Bronze SLA - Batch)","PutLarge",1,0,86.200,0.000,86.196
"Tier 3 (Bronze SLA - Batch)","GetLarge",1,0,57.978,0.000,57.974
"Tier 3 (Bronze SLA - Batch)","GetLarge",1,0,62.605,0.000,62.571
"Tier 3 (Bronze SLA - Batch)","GetLarge",1,0,54.485,0.000,54.458
"Tier 3 (Bronze SLA - Batch)","GetLarge",1,0,58.885,0.000,58.876
"Tier 3 (Bronze SLA - Batch)","PutLarge",1,0,82.099,0.000,82.095
"Tier 3 (Bronze SLA - Batch)","PutLarge",1,0,95.459,0.000,95.449
"Tier 3 (Bronze SLA - Batch)","PutLarge",1,0,100.275,0.000,100.272
"Tier 3 (Bronze SLA - Batch)","PutLarge",1,0,93.955,0.000,93.953
"Tier 3 (Bronze SLA - Batch)","PutLarge",1,0,84.719,0.000,84.716
"Tier 3 (Bronze SLA - Batch)","PutLarge",1,0,87.823,0.000,87.820
"Tier 3 (Bronze SLA - Batch)","GetLarge",1,0,49.899,0.000,49.896
"Tier 3 (Bronze SLA - Batch)","GetLarge",1,0,54.937,0.000,54.934
"Tier 3 (Bronze SLA - Batch)","PutLarge",1,0,78.223,0.000,78.220
"Tier 3 (Bronze SLA - Batch)","GetLarge",1,0,56.852,0.000,56.850
"Tier 3 (Bronze SLA - Batch)","GetLarge",1,0,60.253,0.000,60.250
"Tier 3 (Bronze SLA - Batch)","GetLarge",1,0,55.387,0.000,55.384
"Tier 3 (Bronze SLA - Batch)","PutLarge",1,0,91.566,0.000,91.561
"Tier 3 (Bronze SLA - Batch)","PutLarge",1,0,84.533,0.000,84.528
"Tier 3 (Bronze SLA - Batch)","PutLarge",1,0,83.492,0.000,83.489
"Tier 3 (Bronze SLA - Batch)","GetLarge",1,0,58.034,0.000,58.032
"Tier 3 (Bronze SLA - Batch)","PutLarge",1,0,73.707,0.000,73.703
"Tier 3 (Bronze SLA - Batch)","GetLarge",1,0,55.184,0.000,55.172
"Tier 3 (Bronze SLA - Batch)","PutLarge",1,0,76.341,0.000,76.338
"Tier 3 (Bronze SLA - Batch)","GetLarge",1,0,55.195,0.000,55.191
"Tier 3 (Bronze SLA - Batch)","PutLarge",1,0,81.616,0.000,81.612
"Tier 3 (Bronze SLA - Batch)","PutLarge",1,0,84.268,0.000,84.264
"Tier 3 (Bronze SLA - Batch)","PutLarge",1,0,82.077,0.000,82.074
"Tier 3 (Bronze SLA - Batch)","PutLarge",1,0,86.010,0.000,86.008
"Tier 3 (Bronze SLA - Batch)","PutLarge",1,0,97.789,0.000,97.787
"Tier 3 (Bronze SLA - Batch)","PutLarge",1,0,85.135,0.000,85.134
"Tier 3 (Bronze SLA - Batch)","PutLarge",1,0,84.442,0.000,84.413
"Tier 3 (Bronze SLA - Batch)","PutLarge",1,0,84.478,0.000,84.474
"Tier 3 (Bronze SLA - Batch)","PutLarge",1,0,77.365,0.000,77.360
"Tier 3 (Bronze SLA - Batch)","PutLarge",1,0,92.305,0.000,92.301
"Tier 3 (Bronze SLA - Batch)","GetLarge",1,0,62.763,0.000,62.722
"Tier 3 (Bronze SLA - Batch)","GetLarge",1,0,63.795,0.000,63.786
"Tier 3 (Bronze SLA - Batch)","GetLarge",1,0,60.765,0.000,60.759
"Tier 3 (Bronze SLA - Batch)","PutLarge",1,0,99.423,0.000,99.419
"Tier 3 (Bronze SLA - Batch)","PutLarge",1,0,78.695,0.000,78.692
"Tier 3 (Bronze SLA - Batch)","PutLarge",1,0,95.283,0.000,95.281
"Tier 3 (Bronze SLA - Batch)","PutLarge",1,0,76.802,0.000,76.799
"Tier 3 (Bronze SLA - Batch)","PutLarge",1,0,96.755,0.000,96.751
"Tier 3 (Bronze SLA - Batch)","PutLarge",1,0,80.130,0.000,80.127
"Tier 3 (Bronze SLA - Batch)","PutLarge",1,0,86.029,0.000,86.026
"Tier 3 (Bronze SLA - Batch)","GetLarge",1,0,64.907,0.000,64.904
"Tier 3 (Bronze SLA - Batch)","PutLarge",1,0,93.490,0.000,93.486
"Tier 3 (Bronze SLA - Batch)","PutLarge",1,0,96.129,0.000,96.127
"Tier 3 (Bronze SLA - Batch)","PutLarge",1,0,89.357,0.000,89.353
"Tier 3 (Bronze SLA - Batch)","PutLarge",1,0,89.414,0.000,89.410
"Tier 3 (Bronze SLA - Batch)","PutLarge",1,0,88.264,0.000,88.259
"Tier 3 (Bronze SLA - Batch)","GetLarge",1,0,60.091,0.000,60.089
"Tier 3 (Bronze SLA - Batch)","GetLarge",1,0,55.429,0.000,55.426
"Tier 3 (Bronze SLA - Batch)","PutLarge",1,0,87.968,0.000,87.965
"Tier 3 (Bronze SLA - Batch)","GetLarge",1,0,55.356,0.000,55.329
"Tier 3 (Bronze SLA - Batch)","PutLarge",1,0,87.158,0.000,87.119
"Tier 3 (Bronze SLA - Batch)","GetLarge",1,0,59.918,0.000,59.915
"Tier 3 (Bronze SLA - Batch)","GetLarge",1,0,62.899,0.000,62.895
"Tier 3 (Bronze SLA - Batch)","PutLarge",1,0,84.190,0.001,84.184
"Tier 3 (Bronze SLA - Batch)","PutLarge",1,0,83.684,0.000,83.680
"Tier 3 (Bronze SLA - Batch)","PutLarge",1,0,82.613,0.000,82.607
"Tier 3 (Bronze SLA - Batch)","PutLarge",1,0,88.694,0.000,88.689
"Tier 3 (Bronze SLA - Batch)","PutLarge",1,0,82.950,0.000,82.947
"Tier 3 (Bronze SLA - Batch)","PutLarge",1,0,92.990,0.000,92.986
"Tier 3 (Bronze SLA - Batch)","GetLarge",1,0,62.944,0.000,62.931
"Tier 3 (Bronze SLA - Batch)","PutLarge",1,0,95.355,0.000,95.352
"Tier 3 (Bronze SLA - Batch)","PutLarge",1,0,92.852,0.000,92.848
"Tier 3 (Bronze SLA - Batch)","PutLarge",1,0,77.286,0.000,77.283
"Tier 3 (Bronze SLA - Batch)","PutLarge",1,0,80.934,0.000,80.930
"Tier 3 (Bronze SLA - Batch)","PutLarge",1,0,89.080,0.000,89.077
"Tier 3 (Bronze SLA - Batch)","PutLarge",1,0,86.892,0.000,86.889
"Tier 3 (Bronze SLA - Batch)","PutLarge",1,0,86.523,0.000,86.519
"Tier 3 (Bronze SLA - Batch)","PutLarge",1,0,84.505,0.000,84.502
"Tier 3 (Bronze SLA - Batch)","PutLarge",1,0,77.701,0.000,77.697
"Tier 3 (Bronze SLA - Batch)","PutLarge",1,0,90.549,0.000,90.544
"Tier 3 (Bronze SLA - Batch)","PutLarge",1,0,91.262,0.000,91.259
"Tier 3 (Bronze SLA - Batch)","GetLarge",1,0,65.050,0.000,65.046
"Tier 3 (Bronze SLA - Batch)","PutLarge",1,0,83.851,0.000,83.846
"Tier 3 (Bronze SLA - Batch)","PutLarge",1,0,83.231,0.000,83.227
"Tier 3 (Bronze SLA - Batch)","GetLarge",1,0,63.175,0.000,63.170
"Tier 3 (Bronze SLA - Batch)","PutLarge",1,0,77.469,0.000,77.461
"Tier 3 (Bronze SLA - Batch)","PutLarge",1,0,94.316,0.000,94.306
"Tier 3 (Bronze SLA - Batch)","GetLarge",1,0,57.060,0.000,57.056
"Tier 3 (Bronze SLA - Batch)","PutLarge",1,0,85.592,0.000,85.588
"Tier 3 (Bronze SLA - Batch)","GetLarge",1,0,62.783,0.000,62.759
"Tier 3 (Bronze SLA - Batch)","PutLarge",1,0,76.365,0.000,76.354
"Tier 3 (Bronze SLA - Batch)","PutLarge",1,0,100.197,0.000,100.193
"Tier 3 (Bronze SLA - Batch)","PutLarge",1,0,78.044,0.000,78.041
"Tier 3 (Bronze SLA - Batch)","GetLarge",1,0,62.532,0.000,62.530
"Tier 3 (Bronze SLA - Batch)","GetLarge",1,0,56.073,0.000,56.069
"Tier 3 (Bronze SLA - Batch)","GetLarge",1,0,61.536,0.000,61.524
"Tier 3 (Bronze SLA - Batch)","PutLarge",1,0,81.937,0.000,81.933
"Tier 3 (Bronze SLA - Batch)","PutLarge",1,0,77.055,0.000,77.053
"Tier 3 (Bronze SLA - Batch)","PutLarge",1,0,94.274,0.000,94.270
"Tier 3 (Bronze SLA - Batch)","PutLarge",1,0,76.059,0.000,76.033
"Tier 3 (Bronze SLA - Batch)","PutLarge",1,0,84.637,0.000,84.633
"Tier 3 (Bronze SLA - Batch)","PutLarge",1,0,84.746,0.000,84.742
"Tier 3 (Bronze SLA - Batch)","GetLarge",1,0,60.366,0.000,60.363
"Tier 3 (Bronze SLA - Batch)","PutLarge",1,0,96.031,0.000,96.021
"Tier 3 (Bronze SLA - Batch)","PutLarge",1,0,83.689,0.000,83.670
"Tier 3 (Bronze SLA - Batch)","PutLarge",1,0,94.346,0.001,94.339
"Tier 3 (Bronze SLA - Batch)","PutLarge",1,0,87.073,0.000,87.069
"Tier 3 (Bronze SLA - Batch)","GetLarge",1,0,56.756,0.000,56.752
"Tier 3 (Bronze SLA - Batch)","PutLarge",1,0,90.132,0.000,90.127
"Tier 3 (Bronze SLA - Batch)","PutLarge",1,0,95.426,0.000,95.424
"Tier 3 (Bronze SLA - Batch)","PutLarge",1,0,83.334,0.001,83.319
"Tier 3 (Bronze SLA - Batch)","PutLarge",1,0,91.410,0.000,91.379
"Tier 3 (Bronze SLA - Batch)","PutLarge",1,0,80.688,0.000,80.662
"Tier 3 (Bronze SLA - Batch)","PutLarge",1,0,95.640,0.000,95.631
"Tier 3 (Bronze SLA - Batch)","PutLarge",1,0,80.684,0.000,80.681
"Tier 3 (Bronze SLA - Batch)","PutLarge",1,0,91.360,0.000,91.358
"Tier 3 (Bronze SLA - Batch)","PutLarge",1,0,90.930,0.000,90.926
"Tier 3 (Bronze SLA - Batch)","GetLarge",1,0,59.077,0.000,59.073
"Tier 3 (Bronze SLA - Batch)","GetLarge",1,0,61.309,0.000,61.305
"Tier 3 (Bronze SLA - Batch)","GetLarge",1,0,61.387,0.000,61.383
"Tier 3 (Bronze SLA - Batch)","PutLarge",1,0,80.917,0.000,80.915
"Tier 3 (Bronze SLA - Batch)","PutLarge",1,0,96.594,0.000,96.590
"Tier 3 (Bronze SLA - Batch)","PutLarge",1,0,96.823,0.000,96.820
"Tier 3 (Bronze SLA - Batch)","GetLarge",1,0,57.982,0.000,57.979
"Tier 3 (Bronze SLA - Batch)","PutLarge",1,0,87.393,0.000,87.389
"Tier 3 (Bronze SLA - Batch)","PutLarge",1,0,88.130,0.000,88.128
"Tier 3 (Bronze SLA - Batch)","PutLarge",1,0,77.394,0.000,77.390
"Tier 3 (Bronze SLA - Batch)","PutLarge",1,0,78.245,0.000,78.241
"Tier 3 (Bronze SLA - Batch)","GetLarge",1,0,53.156,0.001,53.151
"Tier 3 (Bronze SLA - Batch)","PutLarge",1,0,91.357,0.000,91.353
"Tier 3 (Bronze SLA - Batch)","PutLarge",1,0,85.554,0.000,85.551
"Tier 3 (Bronze SLA - Batch)","PutLarge",1,0,91.712,0.000,91.710
"Tier 3 (Bronze SLA - Batch)","GetLarge",1,0,59.980,0.000,59.977
"Tier 3 (Bronze SLA - Batch)","GetLarge",1,0,55.184,0.000,55.181
"Tier 3 (Bronze SLA - Batch)","PutLarge",1,0,88.466,0.000,88.463
"Tier 3 (Bronze SLA - Batch)","PutLarge",1,0,92.212,0.000,92.209
"Tier 3 (Bronze SLA - Batch)","PutLarge",1,0,78.763,0.000,78.759
"Tier 3 (Bronze SLA - Batch)","GetLarge",1,0,55.169,0.000,55.166
"Tier 3 (Bronze SLA - Batch)","GetLarge",1,0,60.092,0.002,60.086
"Tier 3 (Bronze SLA - Batch)","PutLarge",1,0,92.283,0.000,92.279
"Tier 3 (Bronze SLA - Batch)","PutLarge",1,0,77.433,0.005,77.423
"Tier 3 (Bronze SLA - Batch)","PutLarge",1,0,92.150,0.000,92.141
"Tier 3 (Bronze SLA - Batch)","PutLarge",1,0,82.053,0.000,82.034
"Tier 3 (Bronze SLA - Batch)","PutLarge",1,0,91.916,0.000,91.912
"Tier 3 (Bronze SLA - Batch)","PutLarge",1,0,87.128,0.000,87.126
"Tier 3 (Bronze SLA - Batch)","PutLarge",1,0,94.992,0.000,94.988
"Tier 3 (Bronze SLA - Batch)","PutLarge",1,0,80.916,0.000,80.914
"Tier 3 (Bronze SLA - Batch)","PutLarge",1,0,81.644,0.000,81.642
"Tier 3 (Bronze SLA - Batch)","PutLarge",1,0,91.691,0.000,91.687
"Tier 3 (Bronze SLA - Batch)","PutLarge",1,0,87.531,0.000,87.528
"Tier 3 (Bronze SLA - Batch)","PutLarge",1,0,85.597,0.000,85.594
"Tier 3 (Bronze SLA - Batch)","PutLarge",1,0,88.289,0.000,88.287
"Tier 3 (Bronze SLA - Batch)","PutLarge",1,0,78.696,0.000,78.693
"Tier 3 (Bronze SLA - Batch)","PutLarge",1,0,80.706,0.000,80.702
"Tier 3 (Bronze SLA - Batch)","PutLarge",1,0,81.505,0.000,81.502
"Tier 3 (Bronze SLA - Batch)","PutLarge",1,0,94.123,0.000,94.118
"Tier 3 (Bronze SLA - Batch)","PutLarge",1,0,94.060,0.000,94.056
"Tier 3 (Bronze SLA - Batch)","GetLarge",1,0,54.167,0.000,54.163
"Tier 3 (Bronze SLA - Batch)","GetLarge",1,0,60.581,0.000,60.577
"Tier 3 (Bronze SLA - Batch)","PutLarge",1,0,74.322,0.000,74.319
"Tier 3 (Bronze SLA - Batch)","PutLarge",1,0,76.455,0.000,76.452
"Tier 3 (Bronze SLA - Batch)","PutLarge",1,0,89.907,0.000,89.903
"Tier 3 (Bronze SLA - Batch)","PutLarge",1,0,87.350,0.000,87.347
"Tier 3 (Bronze SLA - Batch)","PutLarge",1,0,85.089,0.000,85.086
"Tier 3 (Bronze SLA - Batch)","GetLarge",1,0,55.287,0.000,55.285
"Tier 3 (Bronze SLA - Batch)","PutLarge",1,0,82.920,0.000,82.915
"Tier 3 (Bronze SLA - Batch)","PutLarge",1,0,81.925,0.000,81.921
"Tier 3 (Bronze SLA - Batch)","GetLarge",1,0,60.150,0.000,60.146
"Tier 3 (Bronze SLA - Batch)","PutLarge",1,0,89.660,0.000,89.657
"Tier 3 (Bronze SLA - Batch)","PutLarge",1,0,87.423,0.000,87.419
"Tier 3 (Bronze SLA - Batch)","GetLarge",1,0,52.373,0.000,52.371
"Tier 3 (Bronze SLA - Batch)","PutLarge",1,0,80.456,0.000,80.447
"Tier 3 (Bronze SLA - Batch)","PutLarge",1,0,81.378,0.000,81.374
"Tier 3 (Bronze SLA - Batch)","PutLarge",1,0,85.560,0.000,85.556
"Tier 3 (Bronze SLA - Batch)","GetLarge",1,0,56.837,0.001,56.834
"Tier 3 (Bronze SLA - Batch)","GetLarge",1,0,60.012,0.000,60.010
"Tier 3 (Bronze SLA - Batch)","PutLarge",1,0,84.042,0.000,84.037
"Tier 3 (Bronze SLA - Batch)","GetLarge",1,0,58.766,0.000,58.763
"Tier 3 (Bronze SLA - Batch)","PutLarge",1,0,82.230,0.000,82.227
"Tier 3 (Bronze SLA - Batch)","PutLarge",1,0,83.736,0.000,83.734
"Tier 3 (Bronze SLA - Batch)","PutLarge",1,0,84.447,0.000,84.444
"Tier 3 (Bronze SLA - Batch)","PutLarge",1,0,81.332,0.000,81.329
"Tier 3 (Bronze SLA - Batch)","PutLarge",1,0,76.548,0.000,76.536
"Tier 3 (Bronze SLA - Batch)","PutLarge",1,0,83.909,0.000,83.906
"Tier 3 (Bronze SLA - Batch)","GetLarge",1,0,58.906,0.000,58.903
"Tier 3 (Bronze SLA - Batch)","GetLarge",1,0,58.221,0.000,58.218
"Tier 3 (Bronze SLA - Batch)","PutLarge",1,0,79.471,0.000,79.468
"Tier 3 (Bronze SLA - Batch)","PutLarge",1,0,92.625,0.000,92.622
"Tier 3 (Bronze SLA - Batch)","PutLarge",1,0,76.555,0.000,76.553
"Tier 3 (Bronze SLA - Batch)","PutLarge",1,0,96.688,0.000,96.684
"Tier 3 (Bronze SLA - Batch)","PutLarge",1,0,80.484,0.000,80.481
"Tier 3 (Bronze SLA - Batch)","GetLarge",1,0,57.401,0.000,57.400
"Tier 3 (Bronze SLA - Batch)","PutLarge",1,0,88.349,0.000,88.347
"Tier 3 (Bronze SLA - Batch)","PutLarge",1,0,78.463,0.000,78.460
"Tier 3 (Bronze SLA - Batch)","PutLarge",1,0,88.950,0.000,88.946
"Tier 3 (Bronze SLA - Batch)","GetLarge",1,0,56.762,0.000,56.759
"Tier 3 (Bronze SLA - Batch)","PutLarge",1,0,92.999,0.000,92.998
"Tier 3 (Bronze SLA - Batch)","GetLarge",1,0,59.590,0.000,59.587
"Tier 3 (Bronze SLA - Batch)","PutLarge",1,0,92.582,0.000,92.579
"Tier 3 (Bronze SLA - Batch)","PutLarge",1,0,82.016,0.000,82.012
"Tier 3 (Bronze SLA - Batch)","PutLarge",1,0,97.572,0.000,97.564
"Tier 3 (Bronze SLA - Batch)","PutLarge",1,0,83.227,0.000,83.223
"Tier 3 (Bronze SLA - Batch)","PutLarge",1,0,89.756,0.001,89.752
"Tier 3 (Bronze SLA - Batch)","GetLarge",1,0,60.486,0.000,60.483
"Tier 3 (Bronze SLA - Batch)","PutLarge",1,0,82.666,0.000,82.663
"Tier 3 (Bronze SLA - Batch)","PutLarge",1,0,92.847,0.000,92.844
"Tier 3 (Bronze SLA - Batch)","PutLarge",1,0,88.091,0.000,88.088
"Tier 3 (Bronze SLA - Batch)","PutLarge",1,0,90.200,0.000,90.194
"Tier 3 (Bronze SLA - Batch)","GetLarge",1,0,62.054,0.000,62.051
"Tier 3 (Bronze SLA - Batch)","PutLarge",1,0,93.690,0.000,93.688
"Tier 3 (Bronze SLA - Batch)","PutLarge",1,0,86.576,0.000,86.573
"Tier 3 (Bronze SLA - Batch)","PutLarge",1,0,87.038,0.000,87.036
"Tier 3 (Bronze SLA - Batch)","PutLarge",1,0,80.418,0.000,80.415
"Tier 3 (Bronze SLA - Batch)","PutLarge",1,0,90.565,0.000,90.561
"Tier 3 (Bronze SLA - Batch)","GetLarge",1,0,63.320,0.000,63.316
"Tier 3 (Bronze SLA - Batch)","GetLarge",1,0,59.129,0.000,59.125
"Tier 3 (Bronze SLA - Batch)","PutLarge",1,0,95.931,0.000,95.900
"Tier 3 (Bronze SLA - Batch)","PutLarge",1,0,99.595,0.000,99.591
"Tier 3 (Bronze SLA - Batch)","PutLarge",1,0,91.311,0.000,91.307
"Tier 3 (Bronze SLA - Batch)","PutLarge",1,0,95.413,0.000,95.410
"Tier 3 (Bronze SLA - Batch)","GetLarge",1,0,55.048,0.000,55.020
"Tier 3 (Bronze SLA - Batch)","PutLarge",1,0,86.236,0.000,86.233
"Tier 3 (Bronze SLA - Batch)","PutLarge",1,0,89.854,0.000,89.845
"Tier 3 (Bronze SLA - Batch)","GetLarge",1,0,55.574,0.000,55.567
"Tier 3 (Bronze SLA - Batch)","GetLarge",1,0,59.489,0.000,59.485
"Tier 3 (Bronze SLA - Batch)","GetLarge",1,0,63.321,0.000,63.318
"Tier 3 (Bronze SLA - Batch)","PutLarge",1,0,90.343,0.000,90.340
"Tier 3 (Bronze SLA - Batch)","PutLarge",1,0,87.196,0.000,87.193
"Tier 3 (Bronze SLA - Batch)","PutLarge",1,0,89.841,0.000,89.829
"Tier 3 (Bronze SLA - Batch)","PutLarge",1,0,99.918,0.000,99.915
"Tier 3 (Bronze SLA - Batch)","GetLarge",1,0,53.241,0.000,53.237
"Tier 3 (Bronze SLA - Batch)","PutLarge",1,0,80.607,0.000,80.603
"Tier 3 (Bronze SLA - Batch)","GetLarge",1,0,57.911,0.000,57.908
"Tier 3 (Bronze SLA - Batch)","PutLarge",1,0,93.045,0.000,93.043
"Tier 3 (Bronze SLA - Batch)","GetLarge",1,0,60.019,0.000,60.016
"Tier 3 (Bronze SLA - Batch)","PutLarge",1,0,90.280,0.000,90.278
"Tier 3 (Bronze SLA - Batch)","PutLarge",1,0,79.119,0.000,79.116
"Tier 3 (Bronze SLA - Batch)","PutLarge",1,0,93.185,0.000,93.182
"Tier 3 (Bronze SLA - Batch)","PutLarge",1,0,91.070,0.000,91.067
"Tier 3 (Bronze SLA - Batch)","GetLarge",1,0,55.376,0.000,55.372
"Tier 3 (Bronze SLA - Batch)","PutLarge",1,0,88.363,0.000,88.359
"Tier 3 (Bronze SLA - Batch)","PutLarge",1,0,87.375,0.000,87.371
"Tier 3 (Bronze SLA - Batch)","GetLarge",1,0,61.388,0.000,61.385
"Tier 3 (Bronze SLA - Batch)","PutLarge",1,0,88.065,0.000,88.062
"Tier 3 (Bronze SLA - Batch)","PutLarge",1,0,84.318,0.000,84.313
"Tier 3 (Bronze SLA - Batch)","PutLarge",1,0,88.771,0.000,88.768
"Tier 3 (Bronze SLA - Batch)","PutLarge",1,0,81.291,0.000,81.284
"Tier 3 (Bronze SLA - Batch)","GetLarge",1,0,58.075,0.000,58.071
"Tier 3 (Bronze SLA - Batch)","PutLarge",1,0,97.430,0.000,97.426
"Tier 3 (Bronze SLA - Batch)","PutLarge",1,0,84.985,0.000,84.980
"Tier 3 (Bronze SLA - Batch)","PutLarge",1,0,83.319,0.000,83.317
"Tier 3 (Bronze SLA - Batch)","PutLarge",1,0,90.971,0.000,90.963
"Tier 3 (Bronze SLA - Batch)","PutLarge",1,0,90.111,0.000,90.107
"Tier 3 (Bronze SLA - Batch)","PutLarge",1,0,94.444,0.000,94.441
"Tier 3 (Bronze SLA - Batch)","PutLarge",1,0,85.788,0.000,85.784
"Tier 3 (Bronze SLA - Batch)","PutLarge",1,0,92.379,0.000,92.375
"Tier 3 (Bronze SLA - Batch)","GetLarge",1,0,58.678,0.000,58.675
"Tier 3 (Bronze SLA - Batch)","PutLarge",1,0,97.464,0.000,97.461
"Tier 3 (Bronze SLA - Batch)","PutLarge",1,0,86.496,0.000,86.492
"Tier 3 (Bronze SLA - Batch)","PutLarge",1,0,83.344,0.000,83.340
"Tier 3 (Bronze SLA - Batch)","PutLarge",1,0,90.795,0.000,90.792
"Tier 3 (Bronze SLA - Batch)","PutLarge",1,0,79.033,0.000,79.030
"Tier 3 (Bronze SLA - Batch)","GetLarge",1,0,56.471,0.000,56.465
"Tier 3 (Bronze SLA - Batch)","PutLarge",1,0,86.051,0.000,86.048
"Tier 3 (Bronze SLA - Batch)","PutLarge",1,0,89.096,0.000,89.093
"Tier 3 (Bronze SLA - Batch)","PutLarge",1,0,85.751,0.000,85.747
"Tier 3 (Bronze SLA - Batch)","GetLarge",1,0,62.684,0.000,62.682
"Tier 3 (Bronze SLA - Batch)","PutLarge",1,0,91.953,0.000,91.950
"Tier 3 (Bronze SLA - Batch)","PutLarge",1,0,97.974,0.000,97.970
"Tier 3 (Bronze SLA - Batch)","PutLarge",1,0,84.089,0.000,84.079
"Tier 3 (Bronze SLA - Batch)","PutLarge",1,0,91.019,0.001,91.014
"Tier 3 (Bronze SLA - Batch)","GetLarge",1,0,52.384,0.000,52.382
"Tier 3 (Bronze SLA - Batch)","PutLarge",1,0,86.369,0.000,86.365
"Tier 3 (Bronze SLA - Batch)","PutLarge",1,0,93.385,0.000,93.374
"Tier 3 (Bronze SLA - Batch)","GetLarge",1,0,55.573,0.000,55.570
"Tier 3 (Bronze SLA - Batch)","PutLarge",1,0,96.419,0.000,96.415
"Tier 3 (Bronze SLA - Batch)","PutLarge",1,0,93.240,0.000,93.238
"Tier 3 (Bronze SLA - Batch)","PutLarge",1,0,90.785,0.000,90.783
"Tier 3 (Bronze SLA - Batch)","PutLarge",1,0,89.455,0.000,89.453
"Tier 3 (Bronze SLA - Batch)","PutLarge",1,0,88.499,0.000,88.495
"Tier 3 (Bronze SLA - Batch)","PutLarge",1,0,82.428,0.000,82.426
"Tier 3 (Bronze SLA - Batch)","PutLarge",1,0,91.119,0.000,91.116
"Tier 3 (Bronze SLA - Batch)","PutLarge",1,0,84.839,0.000,84.836
"Tier 3 (Bronze SLA - Batch)","GetLarge",1,0,59.630,0.000,59.620
"Tier 3 (Bronze SLA - Batch)","GetLarge",1,0,56.728,0.000,56.724
"Tier 3 (Bronze SLA - Batch)","PutLarge",1,0,87.175,0.000,87.173
"Tier 3 (Bronze SLA - Batch)","GetLarge",1,0,59.396,0.000,59.393
"Tier 3 (Bronze SLA - Batch)","PutLarge",1,0,97.636,0.000,97.634
"Tier 3 (Bronze SLA - Batch)","PutLarge",1,0,82.224,0.000,82.222
"Tier 3 (Bronze SLA - Batch)","PutLarge",1,0,91.986,0.000,91.983
"Tier 3 (Bronze SLA - Batch)","PutLarge",1,0,81.015,0.000,81.012
"Tier 3 (Bronze SLA - Batch)","PutLarge",1,0,94.197,0.000,94.194
"Tier 3 (Bronze SLA - Batch)","GetLarge",1,0,56.096,0.000,56.092
"Tier 3 (Bronze SLA - Batch)","PutLarge",1,0,78.666,0.000,78.663
"Tier 3 (Bronze SLA - Batch)","PutLarge",1,0,88.451,0.000,88.446
"Tier 3 (Bronze SLA - Batch)","PutLarge",1,0,91.923,0.000,91.921
"Tier 3 (Bronze SLA - Batch)","GetLarge",1,0,66.950,0.000,66.947
"Tier 3 (Bronze SLA - Batch)","GetLarge",1,0,49.795,0.000,49.792
"Tier 3 (Bronze SLA - Batch)","PutLarge",1,0,87.172,0.000,87.170
"Tier 3 (Bronze SLA - Batch)","GetLarge",1,0,59.771,0.000,59.766
"Tier 3 (Bronze SLA - Batch)","PutLarge",1,0,91.278,0.000,91.274
"Tier 3 (Bronze SLA - Batch)","GetLarge",1,0,54.124,0.000,54.121
"Tier 3 (Bronze SLA - Batch)","PutLarge",1,0,84.263,0.000,84.254
"Tier 3 (Bronze SLA - Batch)","PutLarge",1,0,84.045,0.000,84.041
"Tier 3 (Bronze SLA - Batch)","PutLarge",1,0,83.621,0.000,83.616
"Tier 3 (Bronze SLA - Batch)","PutLarge",1,0,82.241,0.000,82.237
"Tier 3 (Bronze SLA - Batch)","PutLarge",1,0,96.814,0.000,96.800
"Tier 3 (Bronze SLA - Batch)","GetLarge",1,0,57.517,0.000,57.507
"Tier 3 (Bronze SLA - Batch)","GetLarge",1,0,62.412,0.000,62.395
"Tier 3 (Bronze SLA - Batch)","PutLarge",1,0,83.596,0.000,83.586
"Tier 3 (Bronze SLA - Batch)","PutLarge",1,0,90.073,0.000,90.069
"Tier 3 (Bronze SLA - Batch)","PutLarge",1,0,80.663,0.000,80.650
"Tier 3 (Bronze SLA - Batch)","PutLarge",1,0,93.293,0.000,93.290
"Tier 3 (Bronze SLA - Batch)","PutLarge",1,0,82.657,0.000,82.653
"Tier 3 (Bronze SLA - Batch)","PutLarge",1,0,89.458,0.000,89.455
"Tier 3 (Bronze SLA - Batch)","GetLarge",1,0,57.855,0.000,57.853
"Tier 3 (Bronze SLA - Batch)","PutLarge",1,0,92.011,0.000,91.972
"Tier 3 (Bronze SLA - Batch)","GetLarge",1,0,59.234,0.000,59.224
"Tier 3 (Bronze SLA - Batch)","GetLarge",1,0,54.117,0.000,54.115
"Tier 3 (Bronze SLA - Batch)","PutLarge",1,0,95.151,0.000,95.147
"Tier 3 (Bronze SLA - Batch)","PutLarge",1,0,95.977,0.000,95.974
"Tier 3 (Bronze SLA - Batch)","PutLarge",1,0,91.534,0.000,91.529
"Tier 3 (Bronze SLA - Batch)","GetLarge",1,0,51.721,0.000,51.710
"Tier 3 (Bronze SLA - Batch)","GetLarge",1,0,55.122,0.000,55.118
"Tier 3 (Bronze SLA - Batch)","GetLarge",1,0,53.904,0.000,53.900
"Tier 3 (Bronze SLA - Batch)","GetLarge",1,0,63.253,0.000,63.250
"Tier 3 (Bronze SLA - Batch)","GetLarge",1,0,61.143,0.000,61.125
"Tier 3 (Bronze SLA - Batch)","PutLarge",1,0,89.663,0.000,89.660
"Tier 3 (Bronze SLA - Batch)","GetLarge",1,0,57.417,0.000,57.411
"Tier 3 (Bronze SLA - Batch)","PutLarge",1,0,83.855,0.000,83.853
"Tier 3 (Bronze SLA - Batch)","PutLarge",1,0,77.584,0.000,77.581
"Tier 3 (Bronze SLA - Batch)","PutLarge",1,0,97.314,0.000,97.311
"Tier 3 (Bronze SLA - Batch)","GetLarge",1,0,49.239,0.000,49.235
"Tier 3 (Bronze SLA - Batch)","PutLarge",1,0,96.273,0.000,96.270
"Tier 3 (Bronze SLA - Batch)","PutLarge",1,0,93.707,0.000,93.704
"Tier 3 (Bronze SLA - Batch)","PutLarge",1,0,89.471,0.000,89.467
"Tier 3 (Bronze SLA - Batch)","PutLarge",1,0,95.218,0.000,95.215
"Tier 3 (Bronze SLA - Batch)","PutLarge",1,0,86.416,0.000,86.413
"Tier 3 (Bronze SLA - Batch)","PutLarge",1,0,88.602,0.000,88.600
"Tier 3 (Bronze SLA - Batch)","PutLarge",1,0,92.625,0.000,92.621
"Tier 3 (Bronze SLA - Batch)","PutLarge",1,0,84.802,0.000,84.798
"Tier 3 (Bronze SLA - Batch)","GetLarge",1,0,52.873,0.001,52.869
"Tier 3 (Bronze SLA - Batch)","PutLarge",1,0,80.472,0.000,80.468
"Tier 3 (Bronze SLA - Batch)","PutLarge",1,0,83.992,0.000,83.990
"Tier 3 (Bronze SLA - Batch)","GetLarge",1,0,59.845,0.001,59.841
"Tier 3 (Bronze SLA - Batch)","PutLarge",1,0,94.308,0.000,94.304
"Tier 3 (Bronze SLA - Batch)","PutLarge",1,0,90.872,0.000,90.870
"Tier 3 (Bronze SLA - Batch)","PutLarge",1,0,88.182,0.000,88.177
"Tier 3 (Bronze SLA - Batch)","GetLarge",1,0,50.739,0.000,50.735
"Tier 3 (Bronze SLA - Batch)","GetLarge",1,0,61.455,0.000,61.452
"Tier 3 (Bronze SLA - Batch)","PutLarge",1,0,82.161,0.000,82.158
"Tier 3 (Bronze SLA - Batch)","PutLarge",1,0,84.099,0.000,84.095
"Tier 3 (Bronze SLA - Batch)","GetLarge",1,0,65.290,0.000,65.287
"Tier 3 (Bronze SLA - Batch)","PutLarge",1,0,90.394,0.000,90.391
"Tier 3 (Bronze SLA - Batch)","GetLarge",1,0,54.543,0.000,54.540
"Tier 3 (Bronze SLA - Batch)","PutLarge",1,0,91.166,0.000,91.164
"Tier 3 (Bronze SLA - Batch)","GetLarge",1,0,64.113,0.000,64.109
"Tier 3 (Bronze SLA - Batch)","PutLarge",1,0,86.259,0.000,86.253
"Tier 3 (Bronze SLA - Batch)","PutLarge",1,0,83.650,0.000,83.645
"Tier 3 (Bronze SLA - Batch)","PutLarge",1,0,80.760,0.000,80.756
"Tier 3 (Bronze SLA - Batch)","PutLarge",1,0,85.431,0.000,85.425
"Tier 3 (Bronze SLA - Batch)","GetLarge",1,0,60.608,0.001,60.606
"Tier 3 (Bronze SLA - Batch)","PutLarge",1,0,84.436,0.000,84.432
"Tier 3 (Bronze SLA - Batch)","GetLarge",1,0,65.383,0.000,65.381
"Tier 3 (Bronze SLA - Batch)","PutLarge",1,0,89.370,0.000,89.367
"Tier 3 (Bronze SLA - Batch)","PutLarge",1,0,86.652,0.000,86.650
"Tier 3 (Bronze SLA - Batch)","PutLarge",1,0,74.145,0.001,74.135
"Tier 3 (Bronze SLA - Batch)","GetLarge",1,0,53.096,0.000,53.093
"Tier 3 (Bronze SLA - Batch)","PutLarge",1,0,78.976,0.000,78.955
"Tier 3 (Bronze SLA - Batch)","PutLarge",1,0,95.077,0.001,95.073
"Tier 3 (Bronze SLA - Batch)","PutLarge",1,0,95.582,0.001,95.578
"Tier 3 (Bronze SLA - Batch)","PutLarge",1,0,92.054,0.000,92.050
"Tier 3 (Bronze SLA - Batch)","GetLarge",1,0,61.032,0.000,61.028
"Tier 3 (Bronze SLA - Batch)","GetLarge",1,0,53.444,0.000,53.441
"Tier 3 (Bronze SLA - Batch)","GetLarge",1,0,61.916,0.000,61.909
"Tier 3 (Bronze SLA - Batch)","PutLarge",1,0,86.391,0.000,86.388
"Tier 3 (Bronze SLA - Batch)","GetLarge",1,0,53.915,0.000,53.912
"Tier 3 (Bronze SLA - Batch)","PutLarge",1,0,90.875,0.000,90.872
"Tier 3 (Bronze SLA - Batch)","GetLarge",1,0,61.056,0.000,61.054
"Tier 3 (Bronze SLA - Batch)","PutLarge",1,0,85.595,0.000,85.592
"Tier 3 (Bronze SLA - Batch)","PutLarge",1,0,78.618,0.000,78.615
"Tier 3 (Bronze SLA - Batch)","GetLarge",1,0,57.521,0.000,57.520
"Tier 3 (Bronze SLA - Batch)","PutLarge",1,0,87.800,0.000,87.796
"Tier 3 (Bronze SLA - Batch)","GetLarge",1,0,58.356,0.000,58.348
"Tier 3 (Bronze SLA - Batch)","PutLarge",1,0,92.460,0.000,92.457
"Tier 3 (Bronze SLA - Batch)","PutLarge",1,0,91.688,0.000,91.684
"Tier 3 (Bronze SLA - Batch)","PutLarge",1,0,79.943,0.000,79.939
"Tier 3 (Bronze SLA - Batch)","PutLarge",1,0,82.991,0.000,82.987
"Tier 3 (Bronze SLA - Batch)","GetLarge",1,0,53.603,0.000,53.599
"Tier 3 (Bronze SLA - Batch)","PutLarge",1,0,78.927,0.000,78.924
"Tier 3 (Bronze SLA - Batch)","PutLarge",1,0,81.639,0.000,81.637
"Tier 3 (Bronze SLA - Batch)","PutLarge",1,0,83.154,0.001,83.151
"Tier 3 (Bronze SLA - Batch)","PutLarge",1,0,75.567,0.000,75.563
"Tier 3 (Bronze SLA - Batch)","PutLarge",1,0,84.093,0.000,84.091
"Tier 3 (Bronze SLA - Batch)","GetLarge",1,0,52.559,0.000,52.557
"Tier 3 (Bronze SLA - Batch)","PutLarge",1,0,87.570,0.000,87.567
"Tier 3 (Bronze SLA - Batch)","PutLarge",1,0,77.656,0.001,77.653
"Tier 3 (Bronze SLA - Batch)","PutLarge",1,0,100.295,0.000,100.293
"Tier 3 (Bronze SLA - Batch)","PutLarge",1,0,80.092,0.000,80.090
"Tier 3 (Bronze SLA - Batch)","PutLarge",1,0,81.869,0.000,81.867
"Tier 3 (Bronze SLA - Batch)","PutLarge",1,0,88.370,0.000,88.367
"Tier 3 (Bronze SLA - Batch)","GetLarge",1,0,56.291,0.001,56.287
"Tier 3 (Bronze SLA - Batch)","PutLarge",1,0,78.138,0.000,78.135
"Tier 3 (Bronze SLA - Batch)","PutLarge",1,0,93.034,0.000,93.030
"Tier 3 (Bronze SLA - Batch)","PutLarge",1,0,78.188,0.000,78.186
"Tier 3 (Bronze SLA - Batch)","GetLarge",1,0,53.424,0.000,53.422
"Tier 3 (Bronze SLA - Batch)","PutLarge",1,0,92.387,0.000,92.384
"Tier 3 (Bronze SLA - Batch)","PutLarge",1,0,87.472,0.000,87.470
"Tier 3 (Bronze SLA - Batch)","PutLarge",1,0,90.819,0.000,90.816
"Tier 3 (Bronze SLA - Batch)","GetLarge",1,0,58.121,0.000,58.119
"Tier 3 (Bronze SLA - Batch)","PutLarge",1,0,87.821,0.000,87.818
"Tier 3 (Bronze SLA - Batch)","PutLarge",1,0,87.987,0.000,87.984
"Tier 3 (Bronze SLA - Batch)","GetLarge",1,0,65.380,0.000,65.377
"Tier 3 (Bronze SLA - Batch)","GetLarge",1,0,58.898,0.000,58.896
"Tier 3 (Bronze SLA - Batch)","PutLarge",1,0,92.539,0.000,92.537
"Tier 3 (Bronze SLA - Batch)","PutLarge",1,0,81.940,0.000,81.937
"Tier 3 (Bronze SLA - Batch)","PutLarge",1,0,81.279,0.000,81.276
"Tier 3 (Bronze SLA - Batch)","PutLarge",1,0,92.685,0.000,92.681
"Tier 3 (Bronze SLA - Batch)","PutLarge",1,0,79.290,0.000,79.288
"Tier 3 (Bronze SLA - Batch)","GetLarge",1,0,61.303,0.000,61.298
"Tier 3 (Bronze SLA - Batch)","PutLarge",1,0,87.471,0.000,87.469
"Tier 3 (Bronze SLA - Batch)","PutLarge",1,0,95.172,0.000,95.170
"Tier 3 (Bronze SLA - Batch)","PutLarge",1,0,87.709,0.000,87.707
"Tier 3 (Bronze SLA - Batch)","PutLarge",1,0,78.494,0.000,78.491
"Tier 3 (Bronze SLA - Batch)","PutLarge",1,0,88.873,0.000,88.872
"Tier 3 (Bronze SLA - Batch)","GetLarge",1,0,59.004,0.000,59.002
"Tier 3 (Bronze SLA - Batch)","GetLarge",1,0,62.068,0.000,62.065
"Tier 3 (Bronze SLA - Batch)","GetLarge",1,0,53.945,0.000,53.942
"Tier 3 (Bronze SLA - Batch)","PutLarge",1,0,85.303,0.000,85.299
"Tier 3 (Bronze SLA - Batch)","PutLarge",1,0,88.109,0.000,88.106
"Tier 3 (Bronze SLA - Batch)","PutLarge",1,0,96.735,0.000,96.720
"Tier 3 (Bronze SLA - Batch)","GetLarge",1,0,57.057,0.000,57.050
"Tier 3 (Bronze SLA - Batch)","GetLarge",1,0,57.346,0.000,57.344
"Tier 3 (Bronze SLA - Batch)","PutLarge",1,0,83.636,0.000,83.634
"Tier 3 (Bronze SLA - Batch)","PutLarge",1,0,92.941,0.000,92.939
"Tier 3 (Bronze SLA - Batch)","PutLarge",1,0,78.567,0.000,78.564
"Tier 3 (Bronze SLA - Batch)","GetLarge",1,0,65.015,0.000,65.012
"Tier 3 (Bronze SLA - Batch)","PutLarge",1,0,89.620,0.000,89.619
"Tier 3 (Bronze SLA - Batch)","PutLarge",1,0,83.218,0.000,83.217
"Tier 3 (Bronze SLA - Batch)","GetLarge",1,0,63.756,0.000,63.754
"Tier 3 (Bronze SLA - Batch)","GetLarge",1,0,57.731,0.000,57.718
"Tier 3 (Bronze SLA - Batch)","GetLarge",1,0,54.900,0.000,54.898
"Tier 3 (Bronze SLA - Batch)","PutLarge",1,0,84.900,0.000,84.897
"Tier 3 (Bronze SLA - Batch)","PutLarge",1,0,92.729,0.000,92.727
"Tier 3 (Bronze SLA - Batch)","PutLarge",1,0,79.134,0.000,79.132
"Tier 3 (Bronze SLA - Batch)","GetLarge",1,0,64.734,0.000,64.730
"Tier 3 (Bronze SLA - Batch)","PutLarge",1,0,89.092,0.000,89.090
"Tier 3 (Bronze SLA - Batch)","PutLarge",1,0,99.670,0.000,99.668
"Tier 3 (Bronze SLA - Batch)","GetLarge",1,0,64.153,0.000,64.150
"Tier 3 (Bronze SLA - Batch)","GetLarge",1,0,52.335,0.000,52.333
"Tier 3 (Bronze SLA - Batch)","PutLarge",1,0,86.913,0.000,86.910
"Tier 3 (Bronze SLA - Batch)","PutLarge",1,0,83.528,0.000,83.525
"Tier 3 (Bronze SLA - Batch)","PutLarge",1,0,91.180,0.000,91.176
"Tier 3 (Bronze SLA - Batch)","PutLarge",1,0,82.571,0.000,82.568
"Tier 3 (Bronze SLA - Batch)","PutLarge",1,0,94.763,0.000,94.761
"Tier 3 (Bronze SLA - Batch)","PutLarge",1,0,97.039,0.000,97.037
"Tier 3 (Bronze SLA - Batch)","PutLarge",1,0,82.627,0.000,82.626
"Tier 3 (Bronze SLA - Batch)","GetLarge",1,0,57.855,0.000,57.852
"Tier 3 (Bronze SLA - Batch)","GetLarge",1,0,54.415,0.000,54.413
"Tier 3 (Bronze SLA - Batch)","GetLarge",1,0,60.441,0.000,60.440
"Tier 3 (Bronze SLA - Batch)","PutLarge",1,0,87.191,0.000,87.189
"Tier 3 (Bronze SLA - Batch)","PutLarge",1,0,84.894,0.000,84.892
"Tier 3 (Bronze SLA - Batch)","GetLarge",1,0,61.428,0.000,61.424
"Tier 3 (Bronze SLA - Batch)","PutLarge",1,0,77.515,0.000,77.514
"Tier 3 (Bronze SLA - Batch)","PutLarge",1,0,87.149,0.000,87.145
"Tier 3 (Bronze SLA - Batch)","PutLarge",1,0,83.303,0.000,83.300
"Tier 3 (Bronze SLA - Batch)","PutLarge",1,0,97.443,0.000,97.441
"Tier 3 (Bronze SLA - Batch)","PutLarge",1,0,93.244,0.000,93.241
"Tier 3 (Bronze SLA - Batch)","PutLarge",1,0,85.504,0.000,85.496
"Tier 3 (Bronze SLA - Batch)","PutLarge",1,0,81.454,0.000,81.451
"Tier 3 (Bronze SLA - Batch)","PutLarge",1,0,85.640,0.000,85.636
"Tier 3 (Bronze SLA - Batch)","PutLarge",1,0,88.350,0.000,88.346
"Tier 3 (Bronze SLA - Batch)","PutLarge",1,0,94.646,0.000,94.642
"Tier 3 (Bronze SLA - Batch)","PutLarge",1,0,87.289,0.000,87.287
"Tier 3 (Bronze SLA - Batch)","GetLarge",1,0,58.202,0.000,58.170
"Tier 3 (Bronze SLA - Batch)","GetLarge",1,0,53.515,0.000,53.513
"Tier 3 (Bronze SLA - Batch)","PutLarge",1,0,80.204,0.000,80.200
"Tier 3 (Bronze SLA - Batch)","PutLarge",1,0,84.532,0.000,84.528
"Tier 3 (Bronze SLA - Batch)","GetLarge",1,0,65.398,0.000,65.389
"Tier 3 (Bronze SLA - Batch)","PutLarge",1,0,87.043,0.000,87.041
"Tier 3 (Bronze SLA - Batch)","PutLarge",1,0,94.434,0.000,94.432
"Tier 3 (Bronze SLA - Batch)","PutLarge",1,0,82.272,0.000,82.269
"Tier 3 (Bronze SLA - Batch)","GetLarge",1,0,57.774,0.000,57.771
"Tier 3 (Bronze SLA - Batch)","PutLarge",1,0,83.276,0.000,83.274
"Tier 3 (Bronze SLA - Batch)","PutLarge",1,0,90.515,0.000,90.513
"Tier 3 (Bronze SLA - Batch)","GetLarge",1,0,60.271,0.000,60.268
"Tier 3 (Bronze SLA - Batch)","GetLarge",1,0,59.134,0.001,59.131
"Tier 3 (Bronze SLA - Batch)","GetLarge",1,0,54.954,0.000,54.953
"Tier 3 (Bronze SLA - Batch)","GetLarge",1,0,62.385,0.000,62.384
"Tier 3 (Bronze SLA - Batch)","GetLarge",1,0,61.275,0.000,61.273
"Tier 3 (Bronze SLA - Batch)","GetLarge",1,0,56.935,0.000,56.934
"Tier 3 (Bronze SLA - Batch)","PutLarge",1,0,91.715,0.000,91.712
"Tier 3 (Bronze SLA - Batch)","PutLarge",1,0,92.230,0.000,92.228
"Tier 3 (Bronze SLA - Batch)","PutLarge",1,0,83.940,0.000,83.937
"Tier 3 (Bronze SLA - Batch)","GetLarge",1,0,55.239,0.000,55.236
"Tier 3 (Bronze SLA - Batch)","PutLarge",1,0,87.499,0.000,87.497
"Tier 3 (Bronze SLA - Batch)","GetLarge",1,0,62.359,0.000,62.348
"Tier 3 (Bronze SLA - Batch)","PutLarge",1,0,79.833,0.000,79.831
"Tier 3 (Bronze SLA - Batch)","PutLarge",1,0,81.922,0.000,81.914
"Tier 3 (Bronze SLA - Batch)","PutLarge",1,0,84.144,0.000,84.141
"Tier 3 (Bronze SLA - Batch)","PutLarge",1,0,92.461,0.000,92.455
"Tier 3 (Bronze SLA - Batch)","GetLarge",1,0,56.150,0.000,56.142
"Tier 3 (Bronze SLA - Batch)","PutLarge",1,0,81.561,0.000,81.557
"Tier 3 (Bronze SLA - Batch)","GetLarge",1,0,57.542,0.000,57.538
"Tier 3 (Bronze SLA - Batch)","PutLarge",1,0,88.701,0.000,88.698
"Tier 3 (Bronze SLA - Batch)","PutLarge",1,0,80.869,0.000,80.867
"Tier 3 (Bronze SLA - Batch)","GetLarge",1,0,61.360,0.000,61.356
"Tier 3 (Bronze SLA - Batch)","PutLarge",1,0,71.571,0.000,71.570
"Tier 3 (Bronze SLA - Batch)","PutLarge",1,0,83.801,0.000,83.798
"Tier 3 (Bronze SLA - Batch)","PutLarge",1,0,90.631,0.000,90.628
"Tier 3 (Bronze SLA - Batch)","PutLarge",1,0,83.658,0.000,83.652
"Tier 3 (Bronze SLA - Batch)","PutLarge",1,0,92.761,0.000,92.759
"Tier 3 (Bronze SLA - Batch)","PutLarge",1,0,93.096,0.000,93.093
"Tier 3 (Bronze SLA - Batch)","GetLarge",1,0,62.917,0.000,62.909
"Tier 3 (Bronze SLA - Batch)","PutLarge",1,0,78.224,0.000,78.219
"Tier 3 (Bronze SLA - Batch)","PutLarge",1,0,92.774,0.000,92.771
"Tier 3 (Bronze SLA - Batch)","PutLarge",1,0,85.376,0.000,85.374
"Tier 3 (Bronze SLA - Batch)","PutLarge",1,0,83.426,0.000,83.424
"Tier 3 (Bronze SLA - Batch)","GetLarge",1,0,57.491,0.000,57.489
"Tier 3 (Bronze SLA - Batch)","PutLarge",1,0,81.097,0.000,81.087
"Tier 3 (Bronze SLA - Batch)","PutLarge",1,0,93.886,0.000,93.882
"Tier 3 (Bronze SLA - Batch)","PutLarge",1,0,91.967,0.000,91.965
"Tier 3 (Bronze SLA - Batch)","GetLarge",1,0,56.406,0.000,56.403
"Tier 3 (Bronze SLA - Batch)","PutLarge",1,0,90.094,0.000,90.091
"Tier 3 (Bronze SLA - Batch)","PutLarge",1,0,84.223,0.000,84.222
"Tier 3 (Bronze SLA - Batch)","GetLarge",1,0,63.161,0.000,63.159
"Tier 3 (Bronze SLA - Batch)","PutLarge",1,0,79.231,0.000,79.229
"Tier 3 (Bronze SLA - Batch)","GetLarge",1,0,55.159,0.000,55.155
"Tier 3 (Bronze SLA - Batch)","GetLarge",1,0,54.601,0.000,54.599
"Tier 3 (Bronze SLA - Batch)","PutLarge",1,0,96.648,0.000,96.645
"Tier 3 (Bronze SLA - Batch)","GetLarge",1,0,57.155,0.000,57.153
"Tier 3 (Bronze SLA - Batch)","GetLarge",1,0,55.004,0.000,55.000
"Tier 3 (Bronze SLA - Batch)","PutLarge",1,0,90.846,0.001,90.842
"Tier 3 (Bronze SLA - Batch)","PutLarge",1,0,83.520,0.000,83.518
"Tier 3 (Bronze SLA - Batch)","PutLarge",1,0,84.599,0.000,84.597
"Tier 3 (Bronze SLA - Batch)","PutLarge",1,0,85.383,0.000,85.380
"Tier 3 (Bronze SLA - Batch)","PutLarge",1,0,92.980,0.000,92.977
"Tier 3 (Bronze SLA - Batch)","PutLarge",1,0,85.966,0.000,85.963
"Tier 3 (Bronze SLA - Batch)","PutLarge",1,0,78.107,0.000,78.105
"Tier 3 (Bronze SLA - Batch)","GetLarge",1,0,55.903,0.000,55.900
"Tier 3 (Bronze SLA - Batch)","GetLarge",1,0,59.059,0.000,59.056
"Tier 3 (Bronze SLA - Batch)","PutLarge",1,0,84.347,0.000,84.344
"Tier 3 (Bronze SLA - Batch)","PutLarge",1,0,91.968,0.000,91.966
"Tier 3 (Bronze SLA - Batch)","GetLarge",1,0,63.095,0.000,63.092
"Tier 3 (Bronze SLA - Batch)","PutLarge",1,0,83.626,0.000,83.624
"Tier 3 (Bronze SLA - Batch)","PutLarge",1,0,96.280,0.000,96.270
"Tier 3 (Bronze SLA - Batch)","GetLarge",1,0,59.015,0.000,59.012
"Tier 3 (Bronze SLA - Batch)","PutLarge",1,0,81.905,0.000,81.903
"Tier 3 (Bronze SLA - Batch)","PutLarge",1,0,86.747,0.000,86.745
"Tier 3 (Bronze SLA - Batch)","GetLarge",1,0,56.974,0.000,56.972
"Tier 3 (Bronze SLA - Batch)","GetLarge",1,0,61.251,0.000,61.249
"Tier 3 (Bronze SLA - Batch)","PutLarge",1,0,78.011,0.000,78.008
"Tier 3 (Bronze SLA - Batch)","GetLarge",1,0,54.774,0.000,54.771
"Tier 3 (Bronze SLA - Batch)","GetLarge",1,0,59.488,0.001,59.485
"Tier 3 (Bronze SLA - Batch)","PutLarge",1,0,83.941,0.000,83.939
"Tier 3 (Bronze SLA - Batch)","PutLarge",1,0,83.707,0.000,83.706
"Tier 3 (Bronze SLA - Batch)","PutLarge",1,0,81.269,0.000,81.267
"Tier 3 (Bronze SLA - Batch)","PutLarge",1,0,94.705,0.000,94.702
"Tier 3 (Bronze SLA - Batch)","PutLarge",1,0,78.785,0.000,78.783
"Tier 3 (Bronze SLA - Batch)","GetLarge",1,0,59.349,0.001,59.346
"Tier 3 (Bronze SLA - Batch)","GetLarge",1,0,51.417,0.000,51.414
"Tier 3 (Bronze SLA - Batch)","PutLarge",1,0,90.480,0.000,90.474
"Tier 3 (Bronze SLA - Batch)","PutLarge",1,0,87.021,0.000,87.018
"Tier 3 (Bronze SLA - Batch)","GetLarge",1,0,53.735,0.000,53.722
"Tier 3 (Bronze SLA - Batch)","PutLarge",1,0,88.197,0.000,88.194
"Tier 3 (Bronze SLA - Batch)","PutLarge",1,0,89.453,0.000,89.439
"Tier 3 (Bronze SLA - Batch)","PutLarge",1,0,88.119,0.000,88.117
"Tier 3 (Bronze SLA - Batch)","GetLarge",1,0,56.094,0.000,56.091
"Tier 3 (Bronze SLA - Batch)","GetLarge",1,0,55.206,0.001,55.203
"Tier 3 (Bronze SLA - Batch)","PutLarge",1,0,85.396,0.000,85.390
"Tier 3 (Bronze SLA - Batch)","GetLarge",1,0,53.746,0.000,53.743
"Tier 3 (Bronze SLA - Batch)","PutLarge",1,0,85.167,0.000,85.163
"Tier 3 (Bronze SLA - Batch)","PutLarge",1,0,81.144,0.000,81.142
"Tier 3 (Bronze SLA - Batch)","GetLarge",1,0,60.950,0.000,60.947
"Tier 3 (Bronze SLA - Batch)","GetLarge",1,0,57.006,0.000,57.001
"Tier 3 (Bronze SLA - Batch)","GetLarge",1,0,64.428,0.000,64.426
"Tier 3 (Bronze SLA - Batch)","PutLarge",1,0,80.521,0.000,80.519
"Tier 3 (Bronze SLA - Batch)","PutLarge",1,0,87.268,0.000,87.265
"Tier 3 (Bronze SLA - Batch)","PutLarge",1,0,84.905,0.001,84.900
"Tier 3 (Bronze SLA - Batch)","PutLarge",1,0,79.088,0.000,79.086
"Tier 3 (Bronze SLA - Batch)","PutLarge",1,0,80.768,0.000,80.764
"Tier 3 (Bronze SLA - Batch)","GetLarge",1,0,53.816,0.000,53.814
"Tier 3 (Bronze SLA - Batch)","GetLarge",1,0,52.199,0.000,52.197
"Tier 3 (Bronze SLA - Batch)","PutLarge",1,0,88.754,0.000,88.750
"Tier 3 (Bronze SLA - Batch)","PutLarge",1,0,91.711,0.000,91.706
"Tier 3 (Bronze SLA - Batch)","GetLarge",1,0,61.128,0.000,61.124
"Tier 3 (Bronze SLA - Batch)","PutLarge",1,0,77.597,0.000,77.595
"Tier 3 (Bronze SLA - Batch)","GetLarge",1,0,61.230,0.000,61.228
"Tier 3 (Bronze SLA - Batch)","GetLarge",1,0,56.528,0.000,56.525
"Tier 3 (Bronze SLA - Batch)","GetLarge",1,0,63.065,0.000,63.062
"Tier 3 (Bronze SLA - Batch)","GetLarge",1,0,57.753,0.000,57.751
"Tier 3 (Bronze SLA - Batch)","GetLarge",1,0,56.520,0.000,56.518
"Tier 3 (Bronze SLA - Batch)","PutLarge",1,0,82.997,0.000,82.995
"Tier 3 (Bronze SLA - Batch)","GetLarge",1,0,65.600,0.000,65.597
"Tier 3 (Bronze SLA - Batch)","GetLarge",1,0,66.559,0.000,66.555
"Tier 3 (Bronze SLA - Batch)","GetLarge",1,0,53.969,0.001,53.965
"Tier 3 (Bronze SLA - Batch)","PutLarge",1,0,87.300,0.000,87.297
"Tier 3 (Bronze SLA - Batch)","PutLarge",1,0,95.827,0.000,95.824
"Tier 3 (Bronze SLA - Batch)","PutLarge",1,0,87.272,0.000,87.270
"Tier 3 (Bronze SLA - Batch)","PutLarge",1,0,82.458,0.000,82.453
"Tier 3 (Bronze SLA - Batch)","GetLarge",1,0,55.019,0.000,55.015
"Tier 3 (Bronze SLA - Batch)","GetLarge",1,0,57.387,0.000,57.383
"Tier 3 (Bronze SLA - Batch)","GetLarge",1,0,60.419,0.000,60.409
"Tier 3 (Bronze SLA - Batch)","PutLarge",1,0,87.264,0.000,87.261
"Tier 3 (Bronze SLA - Batch)","PutLarge",1,0,79.330,0.000,79.319
"Tier 3 (Bronze SLA - Batch)","PutLarge",1,0,85.618,0.000,85.615
"Tier 3 (Bronze SLA - Batch)","PutLarge",1,0,81.108,0.000,81.105
"Tier 3 (Bronze SLA - Batch)","GetLarge",1,0,53.857,0.000,53.855
"Tier 3 (Bronze SLA - Batch)","PutLarge",1,0,91.766,0.000,91.765
"Tier 3 (Bronze SLA - Batch)","PutLarge",1,0,85.004,0.000,85.003
"Tier 3 (Bronze SLA - Batch)","PutLarge",1,0,87.084,0.000,87.081
"Tier 3 (Bronze SLA - Batch)","GetLarge",1,0,61.477,0.000,61.475
"Tier 3 (Bronze SLA - Batch)","PutLarge",1,0,80.589,0.000,80.588
"Tier 3 (Bronze SLA - Batch)","PutLarge",1,0,80.809,0.000,80.807
"Tier 3 (Bronze SLA - Batch)","PutLarge",1,0,78.884,0.000,78.883
"Tier 3 (Bronze SLA - Batch)","PutLarge",1,0,78.821,0.000,78.819
"Tier 3 (Bronze SLA - Batch)","PutLarge",1,0,91.455,0.000,91.451
"Tier 3 (Bronze SLA - Batch)","PutLarge",1,0,71.477,0.000,71.474
"Tier 3 (Bronze SLA - Batch)","GetLarge",1,0,56.769,0.000,56.768
"Tier 3 (Bronze SLA - Batch)","PutLarge",1,0,89.965,0.000,89.954
"Tier 3 (Bronze SLA - Batch)","GetLarge",1,0,51.277,0.000,51.273
"Tier 3 (Bronze SLA - Batch)","GetLarge",1,0,52.942,0.000,52.940
"Tier 3 (Bronze SLA - Batch)","PutLarge",1,0,86.439,0.000,86.438
"Tier 3 (Bronze SLA - Batch)","PutLarge",1,0,86.669,0.000,86.666
"Tier 3 (Bronze SLA - Batch)","PutLarge",1,0,90.636,0.000,90.634
"Tier 3 (Bronze SLA - Batch)","GetLarge",1,0,57.637,0.000,57.635
"Tier 3 (Bronze SLA - Batch)","GetLarge",1,0,51.135,0.000,51.132
"Tier 3 (Bronze SLA - Batch)","PutLarge",1,0,92.558,0.000,92.555
"Tier 3 (Bronze SLA - Batch)","PutLarge",1,0,99.121,0.001,99.117
"Tier 3 (Bronze SLA - Batch)","PutLarge",1,0,83.970,0.000,83.967
"Tier 3 (Bronze SLA - Batch)","PutLarge",1,0,81.959,0.000,81.957
"Tier 3 (Bronze SLA - Batch)","PutLarge",1,0,79.701,0.000,79.685
"Tier 3 (Bronze SLA - Batch)","PutLarge",1,0,94.151,0.000,94.141
"Tier 3 (Bronze SLA - Batch)","PutLarge",1,0,86.043,0.000,86.038
"Tier 3 (Bronze SLA - Batch)","GetLarge",1,0,60.255,0.000,60.253
"Tier 3 (Bronze SLA - Batch)","PutLarge",1,0,88.883,0.000,88.880
"Tier 3 (Bronze SLA - Batch)","PutLarge",1,0,82.291,0.000,82.290
"Tier 3 (Bronze SLA - Batch)","PutLarge",1,0,75.062,0.000,75.061
"Tier 3 (Bronze SLA - Batch)","PutLarge",1,0,88.324,0.000,88.323
"Tier 3 (Bronze SLA - Batch)","GetLarge",1,0,57.529,0.000,57.527
"Tier 3 (Bronze SLA - Batch)","PutLarge",1,0,83.433,0.000,83.431
"Tier 3 (Bronze SLA - Batch)","GetLarge",1,0,61.590,0.000,61.587
"Tier 3 (Bronze SLA - Batch)","PutLarge",1,0,85.370,0.000,85.367
"Tier 3 (Bronze SLA - Batch)","GetLarge",1,0,57.277,0.000,57.275
"Tier 3 (Bronze SLA - Batch)","PutLarge",1,0,95.505,0.000,95.502
"Tier 3 (Bronze SLA - Batch)","PutLarge",1,0,72.546,0.000,72.544
"Tier 3 (Bronze SLA - Batch)","PutLarge",1,0,82.835,0.000,82.834
"Tier 3 (Bronze SLA - Batch)","PutLarge",1,0,95.171,0.000,95.169
"Tier 3 (Bronze SLA - Batch)","GetLarge",1,0,61.439,0.000,61.427
"Tier 3 (Bronze SLA - Batch)","PutLarge",1,0,82.337,0.000,82.334
"Tier 3 (Bronze SLA - Batch)","PutLarge",1,0,98.083,0.000,98.075
"Tier 3 (Bronze SLA - Batch)","PutLarge",1,0,84.405,0.000,84.403
"Tier 3 (Bronze SLA - Batch)","PutLarge",1,0,93.075,0.000,93.068
"Tier 3 (Bronze SLA - Batch)","PutLarge",1,0,89.168,0.000,89.166
"Tier 3 (Bronze SLA - Batch)","PutLarge",1,0,92.255,0.000,92.252
"Tier 3 (Bronze SLA - Batch)","GetLarge",1,0,52.519,0.000,52.516
"Tier 3 (Bronze SLA - Batch)","GetLarge",1,0,59.838,0.000,59.835
"Tier 3 (Bronze SLA - Batch)","GetLarge",1,0,59.970,0.000,59.968
"Tier 3 (Bronze SLA - Batch)","GetLarge",1,0,55.803,0.000,55.801
"Tier 3 (Bronze SLA - Batch)","PutLarge",1,0,95.618,0.000,95.616
"Tier 3 (Bronze SLA - Batch)","PutLarge",1,0,89.505,0.000,89.501
"Tier 3 (Bronze SLA - Batch)","PutLarge",1,0,81.198,0.000,81.197
"Tier 3 (Bronze SLA - Batch)","PutLarge",1,0,87.381,0.000,87.378
"Tier 3 (Bronze SLA - Batch)","PutLarge",1,0,81.466,0.000,81.465
"Tier 3 (Bronze SLA - Batch)","PutLarge",1,0,84.544,0.000,84.538
"Tier 3 (Bronze SLA - Batch)","PutLarge",1,0,78.448,0.000,78.446
"Tier 3 (Bronze SLA - Batch)","GetLarge",1,0,55.284,0.000,55.282
"Tier 3 (Bronze SLA - Batch)","PutLarge",1,0,78.746,0.000,78.744
"Tier 3 (Bronze SLA - Batch)","PutLarge",1,0,77.732,0.000,77.729
"Tier 3 (Bronze SLA - Batch)","GetLarge",1,0,54.972,0.000,54.970
"Tier 3 (Bronze SLA - Batch)","PutLarge",1,0,94.733,0.000,94.732
"Tier 3 (Bronze SLA - Batch)","PutLarge",1,0,92.277,0.000,92.274
"Tier 3 (Bronze SLA - Batch)","GetLarge",1,0,56.438,0.000,56.435
"Tier 3 (Bronze SLA - Batch)","GetLarge",1,0,59.531,0.000,59.526
"Tier 3 (Bronze SLA - Batch)","PutLarge",1,0,74.629,0.000,74.627
"Tier 3 (Bronze SLA - Batch)","PutLarge",1,0,85.337,0.000,85.326
"Tier 3 (Bronze SLA - Batch)","PutLarge",1,0,81.890,0.000,81.877
"Tier 3 (Bronze SLA - Batch)","PutLarge",1,0,75.539,0.000,75.538
"Tier 3 (Bronze SLA - Batch)","PutLarge",1,0,81.089,0.000,81.087
"Tier 3 (Bronze SLA - Batch)","PutLarge",1,0,89.608,0.000,89.606
"Tier 3 (Bronze SLA - Batch)","GetLarge",1,0,56.560,0.000,56.557
"Tier 3 (Bronze SLA - Batch)","PutLarge",1,0,94.788,0.000,94.786
"Tier 3 (Bronze SLA - Batch)","GetLarge",1,0,57.205,0.000,57.203
"Tier 3 (Bronze SLA - Batch)","GetLarge",1,0,56.467,0.000,56.464
"Tier 3 (Bronze SLA - Batch)","PutLarge",1,0,81.885,0.000,81.882
"Tier 3 (Bronze SLA - Batch)","PutLarge",1,0,83.379,0.001,83.376
"Tier 3 (Bronze SLA - Batch)","PutLarge",1,0,84.882,0.000,84.881
"Tier 3 (Bronze SLA - Batch)","PutLarge",1,0,93.914,0.000,93.911
"Tier 3 (Bronze SLA - Batch)","PutLarge",1,0,93.661,0.000,93.659
"Tier 3 (Bronze SLA - Batch)","GetLarge",1,0,56.689,0.000,56.686
"Tier 3 (Bronze SLA - Batch)","PutLarge",1,0,91.438,0.000,91.436
"Tier 3 (Bronze SLA - Batch)","PutLarge",1,0,78.908,0.000,78.907
"Tier 3 (Bronze SLA - Batch)","PutLarge",1,0,76.743,0.000,76.741
"Tier 3 (Bronze SLA - Batch)","PutLarge",1,0,87.023,0.000,87.021
"Tier 3 (Bronze SLA - Batch)","GetLarge",1,0,54.834,0.000,54.822
"Tier 3 (Bronze SLA - Batch)","PutLarge",1,0,83.514,0.000,83.511
"Tier 3 (Bronze SLA - Batch)","PutLarge",1,0,93.224,0.000,93.221
"Tier 3 (Bronze SLA - Batch)","PutLarge",1,0,86.149,0.000,86.147
"Tier 3 (Bronze SLA - Batch)","PutLarge",1,0,78.242,0.000,78.240
"Tier 3 (Bronze SLA - Batch)","GetLarge",1,0,60.074,0.000,60.071
"Tier 3 (Bronze SLA - Batch)","GetLarge",1,0,59.512,0.000,59.511
"Tier 3 (Bronze SLA - Batch)","PutLarge",1,0,83.013,0.000,83.009
"Tier 3 (Bronze SLA - Batch)","PutLarge",1,0,91.044,0.000,91.043
"Tier 3 (Bronze SLA - Batch)","PutLarge",1,0,84.652,0.000,84.649
"Tier 3 (Bronze SLA - Batch)","PutLarge",1,0,87.529,0.000,87.525
"Tier 3 (Bronze SLA - Batch)","PutLarge",1,0,87.280,0.000,87.277
"Tier 3 (Bronze SLA - Batch)","PutLarge",1,0,83.632,0.000,83.621
"Tier 3 (Bronze SLA - Batch)","PutLarge",1,0,89.147,0.000,89.143
"Tier 3 (Bronze SLA - Batch)","PutLarge",1,0,82.387,0.000,82.385
"Tier 3 (Bronze SLA - Batch)","PutLarge",1,0,82.934,0.000,82.932
"Tier 3 (Bronze SLA - Batch)","PutLarge",1,0,86.441,0.000,86.438
"Tier 3 (Bronze SLA - Batch)","GetLarge",1,0,62.587,0.000,62.585
"Tier 3 (Bronze SLA - Batch)","PutLarge",1,0,90.972,0.000,90.970
"Tier 3 (Bronze SLA - Batch)","PutLarge",1,0,92.782,0.000,92.780
"Tier 3 (Bronze SLA - Batch)","PutLarge",1,0,89.739,0.000,89.737
"Tier 3 (Bronze SLA - Batch)","PutLarge",1,0,95.990,0.000,95.984
"Tier 3 (Bronze SLA - Batch)","PutLarge",1,0,82.578,0.000,82.576
"Tier 3 (Bronze SLA - Batch)","GetLarge",1,0,59.534,0.000,59.523
"Tier 3 (Bronze SLA - Batch)","PutLarge",1,0,77.989,0.000,77.987
"Tier 3 (Bronze SLA - Batch)","PutLarge",1,0,97.297,0.000,97.294
"Tier 3 (Bronze SLA - Batch)","PutLarge",1,0,91.698,0.001,91.694
"Tier 3 (Bronze SLA - Batch)","GetLarge",1,0,56.832,0.000,56.831
"Tier 3 (Bronze SLA - Batch)","GetLarge",1,0,52.827,0.000,52.824
"Tier 3 (Bronze SLA - Batch)","PutLarge",1,0,84.403,0.000,84.400
"Tier 3 (Bronze SLA - Batch)","PutLarge",1,0,84.812,0.000,84.810
"Tier 3 (Bronze SLA - Batch)","GetLarge",1,0,58.822,0.000,58.819
"Tier 3 (Bronze SLA - Batch)","GetLarge",1,0,59.942,0.000,59.939
"Tier 3 (Bronze SLA - Batch)","PutLarge",1,0,76.411,0.000,76.408
"Tier 3 (Bronze SLA - Batch)","GetLarge",1,0,61.385,0.000,61.383
"Tier 3 (Bronze SLA - Batch)","GetLarge",1,0,57.469,0.000,57.468
"Tier 3 (Bronze SLA - Batch)","PutLarge",1,0,83.239,0.000,83.236
"Tier 3 (Bronze SLA - Batch)","PutLarge",1,0,86.878,0.000,86.877
"Tier 3 (Bronze SLA - Batch)","PutLarge",1,0,85.332,0.000,85.329
"Tier 3 (Bronze SLA - Batch)","PutLarge",1,0,85.340,0.000,85.338
"Tier 3 (Bronze SLA - Batch)","PutLarge",1,0,86.834,0.000,86.832
"Tier 3 (Bronze SLA - Batch)","GetLarge",1,0,56.240,0.000,56.237
"Tier 3 (Bronze SLA - Batch)","GetLarge",1,0,55.186,0.000,55.178
"Tier 3 (Bronze SLA - Batch)","PutLarge",1,0,82.669,0.000,82.665
"Tier 3 (Bronze SLA - Batch)","PutLarge",1,0,90.147,0.000,90.146
"Tier 3 (Bronze SLA - Batch)","PutLarge",1,0,84.342,0.000,84.340
"Tier 3 (Bronze SLA - Batch)","PutLarge",1,0,88.504,0.000,88.500
"Tier 3 (Bronze SLA - Batch)","GetLarge",1,0,63.239,0.000,63.237
"Tier 3 (Bronze SLA - Batch)","PutLarge",1,0,81.417,0.000,81.415
"Tier 3 (Bronze SLA - Batch)","PutLarge",1,0,82.349,0.000,82.347
"Tier 3 (Bronze SLA - Batch)","PutLarge",1,0,95.425,0.000,95.422
"Tier 3 (Bronze SLA - Batch)","PutLarge",1,0,91.309,0.000,91.306
"Tier 3 (Bronze SLA - Batch)","PutLarge",1,0,90.577,0.000,90.573
"Tier 3 (Bronze SLA - Batch)","PutLarge",1,0,74.580,0.000,74.578
"Tier 3 (Bronze SLA - Batch)","PutLarge",1,0,82.348,0.000,82.342
"Tier 3 (Bronze SLA - Batch)","GetLarge",1,0,51.812,0.000,51.804
"Tier 3 (Bronze SLA - Batch)","PutLarge",1,0,80.129,0.000,80.120
"Tier 3 (Bronze SLA - Batch)","GetLarge",1,0,59.829,0.000,59.825
"Tier 3 (Bronze SLA - Batch)","PutLarge",1,0,87.246,0.000,87.245
"Tier 3 (Bronze SLA - Batch)","PutLarge",1,0,81.000,0.000,80.998
"Tier 3 (Bronze SLA - Batch)","PutLarge",1,0,78.672,0.000,78.671
"Tier 3 (Bronze SLA - Batch)","PutLarge",1,0,90.274,0.000,90.269
"Tier 3 (Bronze SLA - Batch)","GetLarge",1,0,58.703,0.000,58.702
"Tier 3 (Bronze SLA - Batch)","PutLarge",1,0,81.920,0.000,81.916
"Tier 3 (Bronze SLA - Batch)","PutLarge",1,0,80.619,0.000,80.617
"Tier 3 (Bronze SLA - Batch)","GetLarge",1,0,59.199,0.000,59.196
"Tier 3 (Bronze SLA - Batch)","GetLarge",1,0,54.841,0.000,54.840
"Tier 3 (Bronze SLA - Batch)","PutLarge",1,0,88.241,0.000,88.231
"Tier 3 (Bronze SLA - Batch)","PutLarge",1,0,91.775,0.000,91.772
"Tier 3 (Bronze SLA - Batch)","PutLarge",1,0,74.179,0.000,74.176
"Tier 3 (Bronze SLA - Batch)","GetLarge",1,0,49.935,0.000,49.933
"Tier 3 (Bronze SLA - Batch)","GetLarge",1,0,60.113,0.000,60.110
"Tier 3 (Bronze SLA - Batch)","GetLarge",1,0,58.866,0.000,58.861
"Tier 3 (Bronze SLA - Batch)","PutLarge",1,0,81.192,0.000,81.190
"Tier 3 (Bronze SLA - Batch)","GetLarge",1,0,50.373,0.000,50.371
"Tier 3 (Bronze SLA - Batch)","PutLarge",1,0,83.646,0.000,83.644
"Tier 3 (Bronze SLA - Batch)","PutLarge",1,0,89.747,0.000,89.744
"Tier 3 (Bronze SLA - Batch)","PutLarge",1,0,89.367,0.000,89.364
"Tier 3 (Bronze SLA - Batch)","PutLarge",1,0,81.957,0.000,81.950
"Tier 3 (Bronze SLA - Batch)","PutLarge",1,0,90.686,0.000,90.685
"Tier 3 (Bronze SLA - Batch)","GetLarge",1,0,60.369,0.000,60.366
"Tier 3 (Bronze SLA - Batch)","GetLarge",1,0,54.934,0.000,54.922
"Tier 3 (Bronze SLA - Batch)","PutLarge",1,0,81.547,0.000,81.545
"Tier 3 (Bronze SLA - Batch)","PutLarge",1,0,79.092,0.000,79.090
"Tier 3 (Bronze SLA - Batch)","PutLarge",1,0,85.140,0.000,85.136
"Tier 3 (Bronze SLA - Batch)","PutLarge",1,0,88.605,0.001,88.604
"Tier 3 (Bronze SLA - Batch)","PutLarge",1,0,86.900,0.000,86.897
"Tier 3 (Bronze SLA - Batch)","GetLarge",1,0,63.362,0.000,63.360
"Tier 3 (Bronze SLA - Batch)","GetLarge",1,0,59.122,0.000,59.121
"Tier 3 (Bronze SLA - Batch)","PutLarge",1,0,80.319,0.000,80.317
"Tier 3 (Bronze SLA - Batch)","PutLarge",1,0,85.644,0.000,85.641
"Tier 3 (Bronze SLA - Batch)","PutLarge",1,0,88.679,0.000,88.678
"Tier 3 (Bronze SLA - Batch)","PutLarge",1,0,86.538,0.000,86.535
"Tier 3 (Bronze SLA - Batch)","GetLarge",1,0,54.302,0.000,54.300
"Tier 3 (Bronze SLA - Batch)","PutLarge",1,0,77.429,0.000,77.427
"Tier 3 (Bronze SLA - Batch)","PutLarge",1,0,77.351,0.000,77.344
"Tier 3 (Bronze SLA - Batch)","PutLarge",1,0,82.720,0.000,82.715
"Tier 3 (Bronze SLA - Batch)","PutLarge",1,0,86.379,0.000,86.376
"Tier 3 (Bronze SLA - Batch)","PutLarge",1,0,92.703,0.000,92.698
"Tier 3 (Bronze SLA - Batch)","PutLarge",1,0,86.439,0.000,86.427
"Tier 3 (Bronze SLA - Batch)","PutLarge",1,0,83.973,0.000,83.972
"Tier 3 (Bronze SLA - Batch)","PutLarge",1,0,89.964,0.000,89.962
"Tier 3 (Bronze SLA - Batch)","GetLarge",1,0,56.386,0.000,56.385
"Tier 3 (Bronze SLA - Batch)","GetLarge",1,0,56.922,0.000,56.920
"Tier 3 (Bronze SLA - Batch)","PutLarge",1,0,94.742,0.000,94.740
"Tier 3 (Bronze SLA - Batch)","PutLarge",1,0,82.767,0.000,82.764
"Tier 3 (Bronze SLA - Batch)","PutLarge",1,0,80.238,0.000,80.232
"Tier 3 (Bronze SLA - Batch)","GetLarge",1,0,53.400,0.000,53.399
"Tier 3 (Bronze SLA - Batch)","GetLarge",1,0,52.185,0.000,52.173
"Tier 3 (Bronze SLA - Batch)","GetLarge",1,0,54.647,0.000,54.644
"Tier 3 (Bronze SLA - Batch)","PutLarge",1,0,81.208,0.000,81.206
"Tier 3 (Bronze SLA - Batch)","GetLarge",1,0,60.507,0.000,60.505
"Tier 3 (Bronze SLA - Batch)","GetLarge",1,0,63.621,0.000,63.618
"Tier 3 (Bronze SLA - Batch)","PutLarge",1,0,83.721,0.000,83.718
"Tier 3 (Bronze SLA - Batch)","PutLarge",1,0,89.221,0.000,89.219
"Tier 3 (Bronze SLA - Batch)","PutLarge",1,0,87.161,0.000,87.157
"Tier 3 (Bronze SLA - Batch)","PutLarge",1,0,92.559,0.001,92.554
"Tier 3 (Bronze SLA - Batch)","GetLarge",1,0,56.146,0.000,56.133
"Tier 3 (Bronze SLA - Batch)","PutLarge",1,0,81.610,0.000,81.599
"Tier 3 (Bronze SLA - Batch)","PutLarge",1,0,96.458,0.000,96.452
"Tier 3 (Bronze SLA - Batch)","PutLarge",1,0,82.898,0.000,82.895
"Tier 3 (Bronze SLA - Batch)","PutLarge",1,0,92.926,0.000,92.923
"Tier 3 (Bronze SLA - Batch)","GetLarge",1,0,60.536,0.000,60.533
"Tier 3 (Bronze SLA - Batch)","PutLarge",1,0,91.793,0.000,91.790
"Tier 3 (Bronze SLA - Batch)","PutLarge",1,0,84.475,0.000,84.468
"Tier 3 (Bronze SLA - Batch)","PutLarge",1,0,83.611,0.000,83.608
"Tier 3 (Bronze SLA - Batch)","PutLarge",1,0,91.083,0.000,91.072
"Tier 3 (Bronze SLA - Batch)","GetLarge",1,0,57.497,0.000,57.494
"Tier 3 (Bronze SLA - Batch)","GetLarge",1,0,56.652,0.000,56.651
"Tier 3 (Bronze SLA - Batch)","GetLarge",1,0,57.235,0.000,57.232
"Tier 3 (Bronze SLA - Batch)","PutLarge",1,0,78.406,0.000,78.404
"Tier 3 (Bronze SLA - Batch)","PutLarge",1,0,83.921,0.000,83.919
"Tier 3 (Bronze SLA - Batch)","PutLarge",1,0,83.387,0.000,83.385
"Tier 3 (Bronze SLA - Batch)","GetLarge",1,0,62.645,0.000,62.643
"Tier 3 (Bronze SLA - Batch)","PutLarge",1,0,86.202,0.000,86.200
"Tier 3 (Bronze SLA - Batch)","PutLarge",1,0,90.555,0.000,90.553
"Tier 3 (Bronze SLA - Batch)","PutLarge",1,0,88.918,0.000,88.916
"Tier 3 (Bronze SLA - Batch)","PutLarge",1,0,91.504,0.000,91.502
"Tier 3 (Bronze SLA - Batch)","PutLarge",1,0,81.765,0.000,81.763
"Tier 3 (Bronze SLA - Batch)","PutLarge",1,0,86.466,0.000,86.460
"Tier 3 (Bronze SLA - Batch)","PutLarge",1,0,94.210,0.000,94.207
"Tier 3 (Bronze SLA - Batch)","GetLarge",1,0,60.701,0.000,60.697
"Tier 3 (Bronze SLA - Batch)","PutLarge",1,0,92.667,0.000,92.664
"Tier 3 (Bronze SLA - Batch)","PutLarge",1,0,95.146,0.000,95.142
"Tier 3 (Bronze SLA - Batch)","PutLarge",1,0,86.500,0.000,86.498
"Tier 3 (Bronze SLA - Batch)","PutLarge",1,0,99.820,0.000,99.816
"Tier 3 (Bronze SLA - Batch)","GetLarge",1,0,53.728,0.000,53.724
"Tier 3 (Bronze SLA - Batch)","PutLarge",1,0,93.313,0.000,93.310
"Tier 3 (Bronze SLA - Batch)","PutLarge",1,0,88.542,0.000,88.539
"Tier 3 (Bronze SLA - Batch)","GetLarge",1,0,53.560,0.000,53.558
"Tier 3 (Bronze SLA - Batch)","PutLarge",1,0,83.936,0.000,83.932
"Tier 3 (Bronze SLA - Batch)","PutLarge",1,0,91.129,0.000,91.120
"Tier 3 (Bronze SLA - Batch)","PutLarge",1,0,80.368,0.000,80.366
"Tier 3 (Bronze SLA - Batch)","PutLarge",1,0,88.218,0.000,88.215
"Tier 3 (Bronze SLA - Batch)","PutLarge",1,0,81.396,0.000,81.393
"Tier 3 (Bronze SLA - Batch)","GetLarge",1,0,56.213,0.000,56.211
"Tier 3 (Bronze SLA - Batch)","GetLarge",1,0,58.993,0.001,58.990
"Tier 3 (Bronze SLA - Batch)","GetLarge",1,0,59.177,0.000,59.175
"Tier 3 (Bronze SLA - Batch)","PutLarge",1,0,82.087,0.000,82.076
"Tier 3 (Bronze SLA - Batch)","PutLarge",1,0,79.833,0.000,79.831
"Tier 3 (Bronze SLA - Batch)","PutLarge",1,0,69.505,0.000,69.502
"Tier 3 (Bronze SLA - Batch)","PutLarge",1,0,83.180,0.000,83.177
"Tier 3 (Bronze SLA - Batch)","PutLarge",1,0,80.600,0.000,80.597
"Tier 3 (Bronze SLA - Batch)","GetLarge",1,0,54.212,0.000,54.210
"Tier 3 (Bronze SLA - Batch)","PutLarge",1,0,85.316,0.000,85.314
"Tier 3 (Bronze SLA - Batch)","PutLarge",1,0,94.683,0.000,94.680
"Tier 3 (Bronze SLA - Batch)","PutLarge",1,0,90.524,0.000,90.522
"Tier 3 (Bronze SLA - Batch)","PutLarge",1,0,92.461,0.000,92.459
"Tier 3 (Bronze SLA - Batch)","GetLarge",1,0,57.847,0.000,57.844
"Tier 3 (Bronze SLA - Batch)","PutLarge",1,0,92.268,0.000,92.265
"Tier 3 (Bronze SLA - Batch)","GetLarge",1,0,52.315,0.000,52.314
"Tier 3 (Bronze SLA - Batch)","GetLarge",1,0,56.060,0.000,56.057
"Tier 3 (Bronze SLA - Batch)","PutLarge",1,0,95.256,0.000,95.245
"Tier 3 (Bronze SLA - Batch)","PutLarge",1,0,91.290,0.000,91.287
"Tier 3 (Bronze SLA - Batch)","GetLarge",1,0,59.843,0.000,59.831
"Tier 3 (Bronze SLA - Batch)","GetLarge",1,0,57.802,0.000,57.800
"Tier 3 (Bronze SLA - Batch)","PutLarge",1,0,89.723,0.000,89.722
"Tier 3 (Bronze SLA - Batch)","PutLarge",1,0,84.413,0.000,84.411
"Tier 3 (Bronze SLA - Batch)","PutLarge",1,0,91.669,0.000,91.666
"Tier 3 (Bronze SLA - Batch)","PutLarge",1,0,94.290,0.000,94.288
"Tier 3 (Bronze SLA - Batch)","GetLarge",1,0,54.991,0.000,54.988
"Tier 3 (Bronze SLA - Batch)","PutLarge",1,0,98.865,0.000,98.862
"Tier 3 (Bronze SLA - Batch)","PutLarge",1,0,87.547,0.000,87.544
"Tier 3 (Bronze SLA - Batch)","PutLarge",1,0,97.339,0.000,97.337
"Tier 3 (Bronze SLA - Batch)","PutLarge",1,0,85.063,0.000,85.060
"Tier 3 (Bronze SLA - Batch)","GetLarge",1,0,47.610,0.000,47.607
"Tier 3 (Bronze SLA - Batch)","PutLarge",1,0,95.113,0.000,95.112
"Tier 3 (Bronze SLA - Batch)","PutLarge",1,0,90.254,0.000,90.251
"Tier 3 (Bronze SLA - Batch)","GetLarge",1,0,53.802,0.000,53.798
"Tier 3 (Bronze SLA - Batch)","PutLarge",1,0,90.127,0.000,90.125
"Tier 3 (Bronze SLA - Batch)","PutLarge",1,0,79.160,0.000,79.157
"Tier 3 (Bronze SLA - Batch)","GetLarge",1,0,58.412,0.000,58.404
"Tier 3 (Bronze SLA - Batch)","PutLarge",1,0,97.653,0.000,97.649
"Tier 3 (Bronze SLA - Batch)","GetLarge",1,0,55.592,0.000,55.586
"Tier 3 (Bronze SLA - Batch)","PutLarge",1,0,76.591,0.000,76.588
"Tier 3 (Bronze SLA - Batch)","GetLarge",1,0,58.942,0.000,58.940
"Tier 3 (Bronze SLA - Batch)","GetLarge",1,0,57.175,0.000,57.171
"Tier 3 (Bronze SLA - Batch)","GetLarge",1,0,60.193,0.000,60.190
"Tier 3 (Bronze SLA - Batch)","PutLarge",1,0,89.201,0.000,89.198
"Tier 3 (Bronze SLA - Batch)","PutLarge",1,0,82.931,0.000,82.921
"Tier 3 (Bronze SLA - Batch)","PutLarge",1,0,86.880,0.000,86.878
"Tier 3 (Bronze SLA - Batch)","PutLarge",1,0,84.810,0.000,84.806
"Tier 3 (Bronze SLA - Batch)","PutLarge",1,0,87.773,0.000,87.768
"Tier 3 (Bronze SLA - Batch)","PutLarge",1,0,76.579,0.000,76.577
"Tier 3 (Bronze SLA - Batch)","PutLarge",1,0,88.020,0.000,88.019
"Tier 3 (Bronze SLA - Batch)","PutLarge",1,0,83.711,0.000,83.710
"Tier 3 (Bronze SLA - Batch)","GetLarge",1,0,56.609,0.000,56.608
"Tier 3 (Bronze SLA - Batch)","PutLarge",1,0,84.179,0.000,84.177
"Tier 3 (Bronze SLA - Batch)","PutLarge",1,0,83.881,0.000,83.878
"Tier 3 (Bronze SLA - Batch)","PutLarge",1,0,85.625,0.000,85.623
"Tier 3 (Bronze SLA - Batch)","PutLarge",1,0,85.756,0.000,85.753
"Tier 3 (Bronze SLA - Batch)","GetLarge",1,0,57.064,0.001,57.059
"Tier 3 (Bronze SLA - Batch)","GetLarge",1,0,57.217,0.000,57.215
"Tier 3 (Bronze SLA - Batch)","GetLarge",1,0,49.775,0.000,49.773
"Tier 3 (Bronze SLA - Batch)","PutLarge",1,0,82.459,0.000,82.457
"Tier 3 (Bronze SLA - Batch)","PutLarge",1,0,79.201,0.000,79.199
"Tier 3 (Bronze SLA - Batch)","PutLarge",1,0,75.294,0.001,75.290
"Tier 3 (Bronze SLA - Batch)","PutLarge",1,0,80.866,0.000,80.863
"Tier 3 (Bronze SLA - Batch)","PutLarge",1,0,94.028,0.001,94.024
"Tier 3 (Bronze SLA - Batch)","PutLarge",1,0,76.709,0.000,76.706
"Tier 3 (Bronze SLA - Batch)","PutLarge",1,0,83.259,0.000,83.255
"Tier 3 (Bronze SLA - Batch)","PutLarge",1,0,92.649,0.000,92.646
"Tier 3 (Bronze SLA - Batch)","PutLarge",1,0,80.752,0.000,80.749
"Tier 3 (Bronze SLA - Batch)","PutLarge",1,0,85.764,0.000,85.763
"Tier 3 (Bronze SLA - Batch)","PutLarge",1,0,84.912,0.000,84.909
"Tier 3 (Bronze SLA - Batch)","PutLarge",1,0,95.567,0.000,95.565
"Tier 3 (Bronze SLA - Batch)","PutLarge",1,0,89.587,0.000,89.584
"Tier 3 (Bronze SLA - Batch)","PutLarge",1,0,81.219,0.000,81.217
"Tier 3 (Bronze SLA - Batch)","GetLarge",1,0,62.362,0.000,62.351
"Tier 3 (Bronze SLA - Batch)","PutLarge",1,0,91.490,0.000,91.483
"Tier 3 (Bronze SLA - Batch)","PutLarge",1,0,80.154,0.000,80.153
"Tier 3 (Bronze SLA - Batch)","PutLarge",1,0,94.977,0.000,94.972
"Tier 3 (Bronze SLA - Batch)","PutLarge",1,0,92.559,0.000,92.554
"Tier 3 (Bronze SLA - Batch)","PutLarge",1,0,82.968,0.000,82.965
"Tier 3 (Bronze SLA - Batch)","PutLarge",1,0,92.583,0.000,92.579
"Tier 3 (Bronze SLA - Batch)","PutLarge",1,0,94.516,0.000,94.513
"Tier 3 (Bronze SLA - Batch)","PutLarge",1,0,90.306,0.000,90.303
"Tier 3 (Bronze SLA - Batch)","PutLarge",1,0,79.253,0.000,79.247
"Tier 3 (Bronze SLA - Batch)","PutLarge",1,0,90.343,0.000,90.340
"Tier 3 (Bronze SLA - Batch)","PutLarge",1,0,93.446,0.000,93.443
"Tier 3 (Bronze SLA - Batch)","PutLarge",1,0,85.740,0.000,85.738
"Tier 3 (Bronze SLA - Batch)","GetLarge",1,0,60.152,0.000,60.150
"Tier 3 (Bronze SLA - Batch)","PutLarge",1,0,82.895,0.000,82.891
"Tier 3 (Bronze SLA - Batch)","PutLarge",1,0,89.268,0.000,89.266
"Tier 3 (Bronze SLA - Batch)","PutLarge",1,0,88.459,0.000,88.457
"Tier 3 (Bronze SLA - Batch)","GetLarge",1,0,61.998,0.000,61.996
"Tier 3 (Bronze SLA - Batch)","PutLarge",1,0,88.725,0.000,88.722
"Tier 3 (Bronze SLA - Batch)","PutLarge",1,0,84.848,0.000,84.840
"Tier 3 (Bronze SLA - Batch)","PutLarge",1,0,83.384,0.000,83.382
"Tier 3 (Bronze SLA - Batch)","PutLarge",1,0,85.345,0.000,85.341
"Tier 3 (Bronze SLA - Batch)","GetLarge",1,0,51.419,0.000,51.416
"Tier 3 (Bronze SLA - Batch)","PutLarge",1,0,84.017,0.000,84.015
"Tier 3 (Bronze SLA - Batch)","GetLarge",1,0,55.529,0.000,55.527
"Tier 3 (Bronze SLA - Batch)","PutLarge",1,0,88.810,0.001,88.806
"Tier 3 (Bronze SLA - Batch)","PutLarge",1,0,89.229,0.001,89.226
"Tier 3 (Bronze SLA - Batch)","PutLarge",1,0,83.957,0.000,83.954
"Tier 3 (Bronze SLA - Batch)","GetLarge",1,0,55.086,0.000,55.083
"Tier 3 (Bronze SLA - Batch)","PutLarge",1,0,87.282,0.000,87.280
"Tier 3 (Bronze SLA - Batch)","GetLarge",1,0,54.985,0.000,54.983
"Tier 3 (Bronze SLA - Batch)","GetLarge",1,0,59.954,0.000,59.953
"Tier 3 (Bronze SLA - Batch)","GetLarge",1,0,65.040,0.000,65.038
"Tier 3 (Bronze SLA - Batch)","PutLarge",1,0,80.443,0.000,80.441
"Tier 3 (Bronze SLA - Batch)","PutLarge",1,0,82.851,0.000,82.848
"Tier 3 (Bronze SLA - Batch)","PutLarge",1,0,82.365,0.000,82.362
"Tier 3 (Bronze SLA - Batch)","PutLarge",1,0,84.305,0.000,84.303
"Tier 3 (Bronze SLA - Batch)","PutLarge",1,0,85.191,0.000,85.190
"Tier 3 (Bronze SLA - Batch)","PutLarge",1,0,86.702,0.000,86.700
"Tier 3 (Bronze SLA - Batch)","PutLarge",1,0,92.421,0.000,92.420
"Tier 3 (Bronze SLA - Batch)","PutLarge",1,0,81.196,0.000,81.194
"Tier 3 (Bronze SLA - Batch)","PutLarge",1,0,86.722,0.000,86.719
"Tier 3 (Bronze SLA - Batch)","GetLarge",1,0,55.448,0.000,55.445
"Tier 3 (Bronze SLA - Batch)","PutLarge",1,0,76.837,0.000,76.835
"Tier 3 (Bronze SLA - Batch)","PutLarge",1,0,77.262,0.000,77.259
"Tier 3 (Bronze SLA - Batch)","PutLarge",1,0,93.308,0.000,93.305
"Tier 3 (Bronze SLA - Batch)","PutLarge",1,0,93.831,0.000,93.830
"Tier 3 (Bronze SLA - Batch)","PutLarge",1,0,88.985,0.000,88.982
"Tier 3 (Bronze SLA - Batch)","GetLarge",1,0,56.777,0.000,56.775
"Tier 3 (Bronze SLA - Batch)","PutLarge",1,0,91.315,0.000,91.308
"Tier 3 (Bronze SLA - Batch)","GetLarge",1,0,55.330,0.000,55.324
"Tier 3 (Bronze SLA - Batch)","PutLarge",1,0,84.988,0.001,84.984
"Tier 3 (Bronze SLA - Batch)","PutLarge",1,0,96.648,0.000,96.646
"Tier 3 (Bronze SLA - Batch)","PutLarge",1,0,98.176,0.000,98.174
"Tier 3 (Bronze SLA - Batch)","PutLarge",1,0,90.284,0.000,90.283
"Tier 3 (Bronze SLA - Batch)","GetLarge",1,0,55.793,0.000,55.791
"Tier 3 (Bronze SLA - Batch)","GetLarge",1,0,56.441,0.000,56.439
"Tier 3 (Bronze SLA - Batch)","PutLarge",1,0,78.189,0.000,78.184
"Tier 3 (Bronze SLA - Batch)","PutLarge",1,0,84.345,0.000,84.343
"Tier 3 (Bronze SLA - Batch)","PutLarge",1,0,91.391,0.000,91.388
"Tier 3 (Bronze SLA - Batch)","PutLarge",1,0,82.358,0.000,82.357
"Tier 3 (Bronze SLA - Batch)","GetLarge",1,0,60.509,0.000,60.508
"Tier 3 (Bronze SLA - Batch)","GetLarge",1,0,62.101,0.000,62.095
"Tier 3 (Bronze SLA - Batch)","PutLarge",1,0,93.192,0.000,93.187
"Tier 3 (Bronze SLA - Batch)","PutLarge",1,0,84.607,0.000,84.604
"Tier 3 (Bronze SLA - Batch)","PutLarge",1,0,85.509,0.000,85.506
"Tier 3 (Bronze SLA - Batch)","PutLarge",1,0,88.362,0.000,88.360
"Tier 3 (Bronze SLA - Batch)","PutLarge",1,0,84.248,0.000,84.245
"Tier 3 (Bronze SLA - Batch)","PutLarge",1,0,94.468,0.000,94.465
"Tier 3 (Bronze SLA - Batch)","PutLarge",1,0,97.358,0.000,97.357
"Tier 3 (Bronze SLA - Batch)","PutLarge",1,0,89.018,0.000,89.016
"Tier 3 (Bronze SLA - Batch)","PutLarge",1,0,87.237,0.000,87.233
"Tier 3 (Bronze SLA - Batch)","PutLarge",1,0,85.973,0.000,85.970
"Tier 3 (Bronze SLA - Batch)","GetLarge",1,0,58.738,0.000,58.732
"Tier 3 (Bronze SLA - Batch)","PutLarge",1,0,90.138,0.000,90.120
"Tier 3 (Bronze SLA - Batch)","PutLarge",1,0,84.693,0.000,84.688
"Tier 3 (Bronze SLA - Batch)","PutLarge",1,0,92.741,0.000,92.739
"Tier 3 (Bronze SLA - Batch)","GetLarge",1,0,55.977,0.000,55.969
"Tier 3 (Bronze SLA - Batch)","PutLarge",1,0,82.784,0.000,82.781
"Tier 3 (Bronze SLA - Batch)","PutLarge",1,0,91.368,0.000,91.357
"Tier 3 (Bronze SLA - Batch)","PutLarge",1,0,97.058,0.000,97.056
"Tier 3 (Bronze SLA - Batch)","GetLarge",1,0,60.412,0.000,60.411
"Tier 3 (Bronze SLA - Batch)","PutLarge",1,0,98.211,0.000,98.209
"Tier 3 (Bronze SLA - Batch)","PutLarge",1,0,84.548,0.000,84.546
"Tier 3 (Bronze SLA - Batch)","GetLarge",1,0,61.313,0.000,61.310
"Tier 3 (Bronze SLA - Batch)","GetLarge",1,0,57.337,0.000,57.335
"Tier 3 (Bronze SLA - Batch)","GetLarge",1,0,56.373,0.000,56.369
"Tier 3 (Bronze SLA - Batch)","PutLarge",1,0,81.588,0.000,81.586
"Tier 3 (Bronze SLA - Batch)","PutLarge",1,0,86.107,0.000,86.105
"Tier 3 (Bronze SLA - Batch)","PutLarge",1,0,79.661,0.000,79.659
"Tier 3 (Bronze SLA - Batch)","PutLarge",1,0,83.264,0.000,83.262
"Tier 3 (Bronze SLA - Batch)","GetLarge",1,0,63.616,0.000,63.612
"Tier 3 (Bronze SLA - Batch)","GetLarge",1,0,60.511,0.000,60.509
"Tier 3 (Bronze SLA - Batch)","PutLarge",1,0,92.336,0.000,92.333
"Tier 3 (Bronze SLA - Batch)","PutLarge",1,0,87.449,0.000,87.419
"Tier 3 (Bronze SLA - Batch)","PutLarge",1,0,85.917,0.000,85.914
"Tier 3 (Bronze SLA - Batch)","GetLarge",1,0,58.183,0.000,58.178
"Tier 3 (Bronze SLA - Batch)","PutLarge",1,0,83.203,0.000,83.201
"Tier 3 (Bronze SLA - Batch)","GetLarge",1,0,62.436,0.000,62.432
"Tier 3 (Bronze SLA - Batch)","PutLarge",1,0,92.538,0.000,92.536
"Tier 3 (Bronze SLA - Batch)","PutLarge",1,0,79.794,0.000,79.792
"Tier 3 (Bronze SLA - Batch)","PutLarge",1,0,82.911,0.000,82.909
"Tier 3 (Bronze SLA - Batch)","PutLarge",1,0,88.873,0.000,88.871
"Tier 3 (Bronze SLA - Batch)","PutLarge",1,0,76.568,0.000,76.567
"Tier 3 (Bronze SLA - Batch)","PutLarge",1,0,84.263,0.000,84.261
"Tier 3 (Bronze SLA - Batch)","PutLarge",1,0,85.649,0.000,85.644
"Tier 3 (Bronze SLA - Batch)","GetLarge",1,0,57.204,0.000,57.201
"Tier 3 (Bronze SLA - Batch)","PutLarge",1,0,90.999,0.000,90.997
"Tier 3 (Bronze SLA - Batch)","PutLarge",1,0,82.379,0.000,82.377
"Tier 3 (Bronze SLA - Batch)","PutLarge",1,0,93.560,0.000,93.558
"Tier 3 (Bronze SLA - Batch)","PutLarge",1,0,92.487,0.000,92.484
"Tier 3 (Bronze SLA - Batch)","PutLarge",1,0,83.002,0.000,83.001
"Tier 3 (Bronze SLA - Batch)","GetLarge",1,0,60.071,0.000,60.068
"Tier 3 (Bronze SLA - Batch)","PutLarge",1,0,93.197,0.000,93.186
"Tier 3 (Bronze SLA - Batch)","PutLarge",1,0,84.141,0.000,84.138
"Tier 3 (Bronze SLA - Batch)","PutLarge",1,0,90.746,0.000,90.744
"Tier 3 (Bronze SLA - Batch)","GetLarge",1,0,56.793,0.000,56.790
"Tier 3 (Bronze SLA - Batch)","GetLarge",1,0,58.479,0.000,58.471
"Tier 3 (Bronze SLA - Batch)","PutLarge",1,0,84.338,0.000,84.336
"Tier 3 (Bronze SLA - Batch)","PutLarge",1,0,85.564,0.000,85.562
"Tier 3 (Bronze SLA - Batch)","GetLarge",1,0,55.599,0.000,55.597
"Tier 3 (Bronze SLA - Batch)","PutLarge",1,0,83.291,0.000,83.290
"Tier 3 (Bronze SLA - Batch)","PutLarge",1,0,93.190,0.000,93.188
"Tier 3 (Bronze SLA - Batch)","PutLarge",1,0,84.425,0.000,84.422
"Tier 3 (Bronze SLA - Batch)","GetLarge",1,0,57.815,0.000,57.813
"Tier 3 (Bronze SLA - Batch)","PutLarge",1,0,87.700,0.000,87.699
"Tier 3 (Bronze SLA - Batch)","PutLarge",1,0,93.899,0.000,93.896
"Tier 3 (Bronze SLA - Batch)","PutLarge",1,0,84.153,0.000,84.150
"Tier 3 (Bronze SLA - Batch)","PutLarge",1,0,91.652,0.000,91.621
"Tier 3 (Bronze SLA - Batch)","PutLarge",1,0,84.774,0.000,84.744
"Tier 3 (Bronze SLA - Batch)","GetLarge",1,0,61.033,0.000,61.005
"Tier 3 (Bronze SLA - Batch)","PutLarge",1,0,77.692,0.000,77.662
"Tier 3 (Bronze SLA - Batch)","GetLarge",1,0,60.411,0.000,60.410
"Tier 3 (Bronze SLA - Batch)","GetLarge",1,0,53.246,0.000,53.244
"Tier 3 (Bronze SLA - Batch)","PutLarge",1,0,85.810,0.000,85.808
"Tier 3 (Bronze SLA - Batch)","GetLarge",1,0,56.117,0.000,56.115
"Tier 3 (Bronze SLA - Batch)","PutLarge",1,0,85.105,0.000,85.104
"Tier 3 (Bronze SLA - Batch)","PutLarge",1,0,94.396,0.000,94.394
"Tier 3 (Bronze SLA - Batch)","GetLarge",1,0,60.342,0.000,60.339
"Tier 3 (Bronze SLA - Batch)","GetLarge",1,0,59.685,0.000,59.678
"Tier 3 (Bronze SLA - Batch)","PutLarge",1,0,86.274,0.000,86.271
"Tier 3 (Bronze SLA - Batch)","PutLarge",1,0,82.648,0.000,82.646
"Tier 3 (Bronze SLA - Batch)","GetLarge",1,0,56.777,0.000,56.774
"Tier 3 (Bronze SLA - Batch)","GetLarge",1,0,57.617,0.000,57.617
"Tier 3 (Bronze SLA - Batch)","PutLarge",1,0,86.202,0.000,86.200
"Tier 3 (Bronze SLA - Batch)","PutLarge",1,0,84.014,0.000,84.013
"Tier 3 (Bronze SLA - Batch)","PutLarge",1,0,85.124,0.000,85.122
"Tier 3 (Bronze SLA - Batch)","PutLarge",1,0,95.337,0.000,95.335
"Tier 3 (Bronze SLA - Batch)","GetLarge",1,0,54.740,0.000,54.738
"Tier 3 (Bronze SLA - Batch)","PutLarge",1,0,78.373,0.000,78.372
"Tier 3 (Bronze SLA - Batch)","PutLarge",1,0,82.850,0.000,82.849
"Tier 3 (Bronze SLA - Batch)","GetLarge",1,0,55.366,0.000,55.364
"Tier 3 (Bronze SLA - Batch)","PutLarge",1,0,92.565,0.000,92.562
"Tier 3 (Bronze SLA - Batch)","GetLarge",1,0,48.814,0.000,48.812
"Tier 3 (Bronze SLA - Batch)","PutLarge",1,0,79.547,0.000,79.545
"Tier 3 (Bronze SLA - Batch)","PutLarge",1,0,87.146,0.000,87.145
"Tier 3 (Bronze SLA - Batch)","PutLarge",1,0,84.148,0.000,84.146
"Tier 3 (Bronze SLA - Batch)","GetLarge",1,0,59.117,0.000,59.110
"Tier 3 (Bronze SLA - Batch)","GetLarge",1,0,62.336,0.000,62.334
"Tier 3 (Bronze SLA - Batch)","PutLarge",1,0,79.036,0.000,79.035
"Tier 3 (Bronze SLA - Batch)","PutLarge",1,0,86.047,0.000,86.046
"Tier 3 (Bronze SLA - Batch)","PutLarge",1,0,80.700,0.000,80.697
"Tier 3 (Bronze SLA - Batch)","PutLarge",1,0,89.315,0.000,89.314
"Tier 3 (Bronze SLA - Batch)","PutLarge",1,0,81.566,0.000,81.564
"Tier 3 (Bronze SLA - Batch)","GetLarge",1,0,59.456,0.001,59.447
"Tier 3 (Bronze SLA - Batch)","GetLarge",1,0,56.481,0.000,56.473
"Tier 3 (Bronze SLA - Batch)","PutLarge",1,0,98.027,0.001,98.024
"Tier 3 (Bronze SLA - Batch)","GetLarge",1,0,57.389,0.001,57.385
"Tier 3 (Bronze SLA - Batch)","PutLarge",1,0,82.957,0.000,82.954
"Tier 3 (Bronze SLA - Batch)","PutLarge",1,0,86.523,0.000,86.522
"Tier 3 (Bronze SLA - Batch)","PutLarge",1,0,86.632,0.000,86.631
"Tier 3 (Bronze SLA - Batch)","PutLarge",1,0,92.608,0.000,92.606
"Tier 3 (Bronze SLA - Batch)","PutLarge",1,0,92.121,0.000,92.119
"Tier 3 (Bronze SLA - Batch)","PutLarge",1,0,85.906,0.000,85.904
"Tier 3 (Bronze SLA - Batch)","PutLarge",1,0,94.740,0.000,94.738
"Tier 3 (Bronze SLA - Batch)","PutLarge",1,0,94.547,0.000,94.546
"Tier 3 (Bronze SLA - Batch)","GetLarge",1,0,62.283,0.000,62.282
"Tier 3 (Bronze SLA - Batch)","PutLarge",1,0,91.332,0.000,91.331
"Tier 3 (Bronze SLA - Batch)","PutLarge",1,0,97.345,0.000,97.344
"Tier 3 (Bronze SLA - Batch)","PutLarge",1,0,100.048,0.000,100.046
"Tier 3 (Bronze SLA - Batch)","GetLarge",1,0,59.304,0.000,59.302
"Tier 3 (Bronze SLA - Batch)","PutLarge",1,0,82.901,0.000,82.900
"Tier 3 (Bronze SLA - Batch)","PutLarge",1,0,77.050,0.000,77.042
"Tier 3 (Bronze SLA - Batch)","PutLarge",1,0,79.172,0.000,79.171
"Tier 3 (Bronze SLA - Batch)","PutLarge",1,0,95.539,0.000,95.536
"Tier 3 (Bronze SLA - Batch)","PutLarge",1,0,81.960,0.000,81.958
"Tier 3 (Bronze SLA - Batch)","GetLarge",1,0,60.261,0.000,60.259
"Tier 3 (Bronze SLA - Batch)","PutLarge",1,0,94.811,0.000,94.807
"Tier 3 (Bronze SLA - Batch)","GetLarge",1,0,60.620,0.000,60.619
"Tier 3 (Bronze SLA - Batch)","PutLarge",1,0,89.957,0.000,89.955
"Tier 3 (Bronze SLA - Batch)","GetLarge",1,0,65.409,0.000,65.407
"Tier 3 (Bronze SLA - Batch)","PutLarge",1,0,81.514,0.000,81.511
"Tier 3 (Bronze SLA - Batch)","PutLarge",1,0,74.845,0.000,74.842
"Tier 3 (Bronze SLA - Batch)","PutLarge",1,0,94.390,0.000,94.389
"Tier 3 (Bronze SLA - Batch)","PutLarge",1,0,80.500,0.000,80.498
"Tier 3 (Bronze SLA - Batch)","PutLarge",1,0,87.429,0.000,87.423
"Tier 3 (Bronze SLA - Batch)","PutLarge",1,0,84.422,0.000,84.418
"Tier 3 (Bronze SLA - Batch)","PutLarge",1,0,82.080,0.000,82.078
"Tier 3 (Bronze SLA - Batch)","PutLarge",1,0,93.381,0.000,93.379
"Tier 3 (Bronze SLA - Batch)","PutLarge",1,0,98.837,0.000,98.828
"Tier 3 (Bronze SLA - Batch)","GetLarge",1,0,56.047,0.000,56.046
"Tier 3 (Bronze SLA - Batch)","PutLarge",1,0,82.045,0.000,82.043
"Tier 3 (Bronze SLA - Batch)","GetLarge",1,0,53.159,0.000,53.158
"Tier 3 (Bronze SLA - Batch)","PutLarge",1,0,78.500,0.000,78.483
"Tier 3 (Bronze SLA - Batch)","PutLarge",1,0,83.023,0.000,83.009
"Tier 3 (Bronze SLA - Batch)","PutLarge",1,0,78.585,0.000,78.583
"Tier 3 (Bronze SLA - Batch)","PutLarge",1,0,90.484,0.000,90.483
"Tier 3 (Bronze SLA - Batch)","PutLarge",1,0,93.470,0.000,93.468
"Tier 3 (Bronze SLA - Batch)","PutLarge",1,0,93.704,0.000,93.702
"Tier 3 (Bronze SLA - Batch)","GetLarge",1,0,54.704,0.000,54.702
"Tier 3 (Bronze SLA - Batch)","PutLarge",1,0,92.305,0.000,92.303
"Tier 3 (Bronze SLA - Batch)","PutLarge",1,0,93.596,0.000,93.594
"Tier 3 (Bronze SLA - Batch)","PutLarge",1,0,82.627,0.000,82.623
"Tier 3 (Bronze SLA - Batch)","PutLarge",1,0,94.718,0.000,94.716
"Tier 3 (Bronze SLA - Batch)","GetLarge",1,0,61.264,0.000,61.262
"Tier 3 (Bronze SLA - Batch)","PutLarge",1,0,87.074,0.000,87.063
"Tier 3 (Bronze SLA - Batch)","PutLarge",1,0,80.581,0.000,80.579
"Tier 3 (Bronze SLA - Batch)","PutLarge",1,0,93.687,0.000,93.685
"Tier 3 (Bronze SLA - Batch)","PutLarge",1,0,78.372,0.000,78.368
"Tier 3 (Bronze SLA - Batch)","PutLarge",1,0,79.266,0.000,79.263
"Tier 3 (Bronze SLA - Batch)","PutLarge",1,0,84.326,0.000,84.324
"Tier 3 (Bronze SLA - Batch)","PutLarge",1,0,88.326,0.000,88.323
"Tier 3 (Bronze SLA - Batch)","PutLarge",1,0,90.873,0.000,90.870
"Tier 3 (Bronze SLA - Batch)","PutLarge",1,0,93.902,0.000,93.898
"Tier 3 (Bronze SLA - Batch)","PutLarge",1,0,92.505,0.000,92.502
"Tier 3 (Bronze SLA - Batch)","PutLarge",1,0,87.231,0.000,87.229
"Tier 3 (Bronze SLA - Batch)","PutLarge",1,0,83.378,0.000,83.377
"Tier 3 (Bronze SLA - Batch)","PutLarge",1,0,83.090,0.000,83.089
"Tier 3 (Bronze SLA - Batch)","PutLarge",1,0,90.655,0.000,90.644
"Tier 3 (Bronze SLA - Batch)","GetLarge",1,0,60.433,0.000,60.430
"Tier 3 (Bronze SLA - Batch)","PutLarge",1,0,91.597,0.000,91.595
"Tier 3 (Bronze SLA - Batch)","PutLarge",1,0,79.800,0.000,79.799
"Tier 3 (Bronze SLA - Batch)","PutLarge",1,0,94.696,0.000,94.694
"Tier 3 (Bronze SLA - Batch)","PutLarge",1,0,87.342,0.000,87.340
"Tier 3 (Bronze SLA - Batch)","PutLarge",1,0,86.576,0.000,86.572
"Tier 3 (Bronze SLA - Batch)","PutLarge",1,0,81.110,0.000,81.106
"Tier 3 (Bronze SLA - Batch)","PutLarge",1,0,98.611,0.000,98.608
"Tier 3 (Bronze SLA - Batch)","PutLarge",1,0,80.880,0.000,80.878
"Tier 3 (Bronze SLA - Batch)","GetLarge",1,0,58.527,0.000,58.515
"Tier 3 (Bronze SLA - Batch)","GetLarge",1,0,56.574,0.000,56.571
"Tier 3 (Bronze SLA - Batch)","PutLarge",1,0,91.563,0.000,91.561
"Tier 3 (Bronze SLA - Batch)","PutLarge",1,0,84.578,0.000,84.576
"Tier 3 (Bronze SLA - Batch)","GetLarge",1,0,63.446,0.000,63.443
"Tier 3 (Bronze SLA - Batch)","GetLarge",1,0,58.343,0.000,58.341
"Tier 3 (Bronze SLA - Batch)","PutLarge",1,0,77.612,0.000,77.605
"Tier 3 (Bronze SLA - Batch)","PutLarge",1,0,81.850,0.000,81.847
"Tier 3 (Bronze SLA - Batch)","PutLarge",1,0,77.603,0.000,77.602
"Tier 3 (Bronze SLA - Batch)","PutLarge",1,0,91.606,0.000,91.604
"Tier 3 (Bronze SLA - Batch)","GetLarge",1,0,57.363,0.000,57.360
"Tier 3 (Bronze SLA - Batch)","PutLarge",1,0,75.165,0.000,75.156
"Tier 3 (Bronze SLA - Batch)","PutLarge",1,0,94.777,0.000,94.775
"Tier 3 (Bronze SLA - Batch)","PutLarge",1,0,83.711,0.000,83.710
"Tier 3 (Bronze SLA - Batch)","PutLarge",1,0,86.330,0.000,86.328
"Tier 3 (Bronze SLA - Batch)","PutLarge",1,0,81.735,0.000,81.733
"Tier 3 (Bronze SLA - Batch)","PutLarge",1,0,84.099,0.000,84.097
"Tier 3 (Bronze SLA - Batch)","PutLarge",1,0,83.110,0.000,83.107
"Tier 3 (Bronze SLA - Batch)","PutLarge",1,0,83.862,0.001,83.858
"Tier 3 (Bronze SLA - Batch)","GetLarge",1,0,55.573,0.000,55.571
"Tier 3 (Bronze SLA - Batch)","PutLarge",1,0,95.578,0.000,95.567
"Tier 3 (Bronze SLA - Batch)","PutLarge",1,0,85.819,0.000,85.817
"Tier 3 (Bronze SLA - Batch)","PutLarge",1,0,87.981,0.000,87.980
"Tier 3 (Bronze SLA - Batch)","PutLarge",1,0,91.970,0.000,91.968
"Tier 3 (Bronze SLA - Batch)","PutLarge",1,0,81.037,0.000,81.035
"Tier 3 (Bronze SLA - Batch)","PutLarge",1,0,97.489,0.000,97.487
"Tier 3 (Bronze SLA - Batch)","PutLarge",1,0,88.509,0.000,88.501
"Tier 3 (Bronze SLA - Batch)","GetLarge",1,0,52.250,0.000,52.241
"Tier 3 (Bronze SLA - Batch)","PutLarge",1,0,89.139,0.000,89.125
"Tier 3 (Bronze SLA - Batch)","GetLarge",1,0,51.960,0.000,51.958
"Tier 3 (Bronze SLA - Batch)","GetLarge",1,0,50.426,0.000,50.424
"Tier 3 (Bronze SLA - Batch)","PutLarge",1,0,91.367,0.000,91.365
"Tier 3 (Bronze SLA - Batch)","PutLarge",1,0,86.751,0.000,86.749
"Tier 3 (Bronze SLA - Batch)","PutLarge",1,0,81.790,0.000,81.787
"Tier 3 (Bronze SLA - Batch)","PutLarge",1,0,92.136,0.000,92.134
"Tier 3 (Bronze SLA - Batch)","PutLarge",1,0,87.610,0.000,87.609
"Tier 3 (Bronze SLA - Batch)","GetLarge",1,0,63.133,0.000,63.132
"Tier 3 (Bronze SLA - Batch)","PutLarge",1,0,88.189,0.000,88.186
"Tier 3 (Bronze SLA - Batch)","PutLarge",1,0,89.021,0.000,89.020
"Tier 3 (Bronze SLA - Batch)","PutLarge",1,0,89.430,0.000,89.405
"Tier 3 (Bronze SLA - Batch)","PutLarge",1,0,79.672,0.000,79.659
"Tier 3 (Bronze SLA - Batch)","GetLarge",1,0,58.556,0.000,58.547
"Tier 3 (Bronze SLA - Batch)","PutLarge",1,0,92.679,0.000,92.676
"Tier 3 (Bronze SLA - Batch)","PutLarge",1,0,91.642,0.000,91.640
"Tier 3 (Bronze SLA - Batch)","PutLarge",1,0,92.799,0.000,92.797
"Tier 3 (Bronze SLA - Batch)","PutLarge",1,0,84.979,0.000,84.976
"Tier 3 (Bronze SLA - Batch)","PutLarge",1,0,83.401,0.000,83.399
"Tier 3 (Bronze SLA - Batch)","PutLarge",1,0,91.099,0.000,91.097
"Tier 3 (Bronze SLA - Batch)","PutLarge",1,0,83.041,0.000,83.039
"Tier 3 (Bronze SLA - Batch)","PutLarge",1,0,91.360,0.000,91.358
"Tier 3 (Bronze SLA - Batch)","GetLarge",1,0,55.468,0.000,55.466
"Tier 3 (Bronze SLA - Batch)","PutLarge",1,0,80.044,0.000,80.043
"Tier 3 (Bronze SLA - Batch)","PutLarge",1,0,82.422,0.000,82.420
"Tier 3 (Bronze SLA - Batch)","PutLarge",1,0,83.981,0.000,83.979
"Tier 3 (Bronze SLA - Batch)","GetLarge",1,0,64.144,0.000,64.142
"Tier 3 (Bronze SLA - Batch)","PutLarge",1,0,84.388,0.000,84.386
"Tier 3 (Bronze SLA - Batch)","PutLarge",1,0,88.849,0.000,88.848
"Tier 3 (Bronze SLA - Batch)","PutLarge",1,0,87.045,0.000,87.042
"Tier 3 (Bronze SLA - Batch)","PutLarge",1,0,84.416,0.000,84.415
"Tier 3 (Bronze SLA - Batch)","PutLarge",1,0,87.236,0.000,87.234
"Tier 3 (Bronze SLA - Batch)","PutLarge",1,0,81.232,0.000,81.229
"Tier 3 (Bronze SLA - Batch)","GetLarge",1,0,54.045,0.000,54.043
"Tier 3 (Bronze SLA - Batch)","PutLarge",1,0,82.738,0.000,82.736
"Tier 3 (Bronze SLA - Batch)","PutLarge",1,0,79.623,0.000,79.621
"Tier 3 (Bronze SLA - Batch)","GetLarge",1,0,61.804,0.000,61.802
"Tier 3 (Bronze SLA - Batch)","GetLarge",1,0,53.913,0.000,53.900
"Tier 3 (Bronze SLA - Batch)","GetLarge",1,0,50.422,0.000,50.421
"Tier 3 (Bronze SLA - Batch)","PutLarge",1,0,84.065,0.000,84.064
"Tier 3 (Bronze SLA - Batch)","PutLarge",1,0,82.476,0.000,82.474
"Tier 3 (Bronze SLA - Batch)","PutLarge",1,0,93.606,0.000,93.594
"Tier 3 (Bronze SLA - Batch)","PutLarge",1,0,82.707,0.000,82.704
"Tier 3 (Bronze SLA - Batch)","PutLarge",1,0,85.538,0.000,85.536
"Tier 3 (Bronze SLA - Batch)","PutLarge",1,0,94.773,0.000,94.772
"Tier 3 (Bronze SLA - Batch)","GetLarge",1,0,53.746,0.000,53.743
"Tier 3 (Bronze SLA - Batch)","PutLarge",1,0,80.332,0.000,80.329
"Tier 3 (Bronze SLA - Batch)","PutLarge",1,0,87.127,0.000,87.126
"Tier 3 (Bronze SLA - Batch)","GetLarge",1,0,58.609,0.000,58.606
"Tier 3 (Bronze SLA - Batch)","GetLarge",1,0,56.371,0.000,56.369
"Tier 3 (Bronze SLA - Batch)","PutLarge",1,0,81.565,0.000,81.564
"Tier 3 (Bronze SLA - Batch)","GetLarge",1,0,57.227,0.000,57.219
"Tier 3 (Bronze SLA - Batch)","GetLarge",1,0,51.273,0.000,51.269
"Tier 3 (Bronze SLA - Batch)","GetLarge",1,0,50.453,0.000,50.450
"Tier 3 (Bronze SLA - Batch)","GetLarge",1,0,50.334,0.000,50.333
"Tier 3 (Bronze SLA - Batch)","PutLarge",1,0,79.113,0.000,79.111
"Tier 3 (Bronze SLA - Batch)","GetLarge",1,0,55.541,0.000,55.540
"Tier 3 (Bronze SLA - Batch)","PutLarge",1,0,77.520,0.000,77.516
"Tier 3 (Bronze SLA - Batch)","GetLarge",1,0,61.938,0.000,61.936
"Tier 3 (Bronze SLA - Batch)","PutLarge",1,0,89.508,0.000,89.502
"Tier 3 (Bronze SLA - Batch)","PutLarge",1,0,82.695,0.000,82.693
"Tier 3 (Bronze SLA - Batch)","PutLarge",1,0,86.242,0.000,86.240
"Tier 3 (Bronze SLA - Batch)","PutLarge",1,0,83.506,0.001,83.503
"Tier 3 (Bronze SLA - Batch)","GetLarge",1,0,58.902,0.000,58.901
"Tier 3 (Bronze SLA - Batch)","GetLarge",1,0,63.228,0.000,63.226
"Tier 3 (Bronze SLA - Batch)","PutLarge",1,0,84.779,0.000,84.777
"Tier 3 (Bronze SLA - Batch)","PutLarge",1,0,81.292,0.000,81.290
"Tier 3 (Bronze SLA - Batch)","PutLarge",1,0,88.466,0.000,88.463
"Tier 3 (Bronze SLA - Batch)","PutLarge",1,0,85.782,0.000,85.779
"Tier 3 (Bronze SLA - Batch)","GetLarge",1,0,63.097,0.000,63.096
"Tier 3 (Bronze SLA - Batch)","GetLarge",1,0,55.028,0.000,55.025
"Tier 3 (Bronze SLA - Batch)","GetLarge",1,0,58.419,0.000,58.417
"Tier 3 (Bronze SLA - Batch)","PutLarge",1,0,87.460,0.000,87.459
"Tier 3 (Bronze SLA - Batch)","GetLarge",1,0,62.217,0.000,62.216
"Tier 3 (Bronze SLA - Batch)","GetLarge",1,0,60.657,0.000,60.650
"Tier 3 (Bronze SLA - Batch)","PutLarge",1,0,80.806,0.000,80.805
"Tier 3 (Bronze SLA - Batch)","PutLarge",1,0,89.442,0.000,89.439
"Tier 3 (Bronze SLA - Batch)","GetLarge",1,0,61.424,0.000,61.423
"Tier 3 (Bronze SLA - Batch)","PutLarge",1,0,97.010,0.000,96.998
"Tier 3 (Bronze SLA - Batch)","PutLarge",1,0,82.253,0.000,82.251
"Tier 3 (Bronze SLA - Batch)","PutLarge",1,0,89.238,0.000,89.227
"Tier 3 (Bronze SLA - Batch)","GetLarge",1,0,54.320,0.000,54.319
"Tier 3 (Bronze SLA - Batch)","PutLarge",1,0,90.326,0.000,90.315
"Tier 3 (Bronze SLA - Batch)","GetLarge",1,0,52.962,0.000,52.960
"Tier 3 (Bronze SLA - Batch)","GetLarge",1,0,63.376,0.000,63.375
"Tier 3 (Bronze SLA - Batch)","PutLarge",1,0,95.158,0.000,95.152
"Tier 3 (Bronze SLA - Batch)","PutLarge",1,0,84.504,0.000,84.501
"Tier 3 (Bronze SLA - Batch)","PutLarge",1,0,81.625,0.000,81.611
"Tier 3 (Bronze SLA - Batch)","PutLarge",1,0,82.693,0.000,82.690
"Tier 3 (Bronze SLA - Batch)","PutLarge",1,0,81.427,0.000,81.425
"Tier 3 (Bronze SLA - Batch)","PutLarge",1,0,80.378,0.000,80.376
"Tier 3 (Bronze SLA - Batch)","PutLarge",1,0,80.638,0.000,80.637
"Tier 3 (Bronze SLA - Batch)","GetLarge",1,0,57.046,0.000,57.043
"Tier 3 (Bronze SLA - Batch)","GetLarge",1,0,54.520,0.000,54.519
"Tier 3 (Bronze SLA - Batch)","PutLarge",1,0,80.286,0.000,80.285
"Tier 3 (Bronze SLA - Batch)","PutLarge",1,0,78.888,0.000,78.887
"Tier 3 (Bronze SLA - Batch)","GetLarge",1,0,60.174,0.000,60.171
"Tier 3 (Bronze SLA - Batch)","GetLarge",1,0,66.001,0.000,65.999
"Tier 3 (Bronze SLA - Batch)","PutLarge",1,0,83.048,0.000,83.046
"Tier 3 (Bronze SLA - Batch)","PutLarge",1,0,90.908,0.000,90.906
"Tier 3 (Bronze SLA - Batch)","PutLarge",1,0,94.450,0.000,94.448
"Tier 3 (Bronze SLA - Batch)","PutLarge",1,0,83.449,0.000,83.446
"Tier 3 (Bronze SLA - Batch)","GetLarge",1,0,56.662,0.000,56.660
"Tier 3 (Bronze SLA - Batch)","PutLarge",1,0,94.613,0.000,94.612
"Tier 3 (Bronze SLA - Batch)","PutLarge",1,0,80.557,0.000,80.555
"Tier 3 (Bronze SLA - Batch)","GetLarge",1,0,55.586,0.000,55.585
"Tier 3 (Bronze SLA - Batch)","PutLarge",1,0,91.312,0.000,91.310
"Tier 3 (Bronze SLA - Batch)","GetLarge",1,0,54.962,0.000,54.961
"Tier 3 (Bronze SLA - Batch)","GetLarge",1,0,56.067,0.000,56.066
"Tier 3 (Bronze SLA - Batch)","PutLarge",1,0,82.017,0.000,82.014
"Tier 3 (Bronze SLA - Batch)","GetLarge",1,0,56.874,0.000,56.872
"Tier 3 (Bronze SLA - Batch)","PutLarge",1,0,80.752,0.000,80.751
"Tier 3 (Bronze SLA - Batch)","GetLarge",1,0,55.086,0.000,55.081
"Tier 3 (Bronze SLA - Batch)","PutLarge",1,0,81.480,0.000,81.478
"Tier 3 (Bronze SLA - Batch)","PutLarge",1,0,80.765,0.000,80.763
"Tier 3 (Bronze SLA - Batch)","PutLarge",1,0,85.775,0.000,85.773
"Tier 3 (Bronze SLA - Batch)","PutLarge",1,0,82.921,0.000,82.920
"Tier 3 (Bronze SLA - Batch)","PutLarge",1,0,89.507,0.000,89.505
"Tier 3 (Bronze SLA - Batch)","PutLarge",1,0,87.302,0.000,87.299
"Tier 3 (Bronze SLA - Batch)","PutLarge",1,0,92.305,0.000,92.304
"Tier 3 (Bronze SLA - Batch)","PutLarge",1,0,85.929,0.000,85.929
"Tier 3 (Bronze SLA - Batch)","PutLarge",1,0,96.549,0.000,96.547
"Tier 3 (Bronze SLA - Batch)","PutLarge",1,0,90.913,0.000,90.912
"Tier 3 (Bronze SLA - Batch)","GetLarge",1,0,55.505,0.000,55.501
"Tier 3 (Bronze SLA - Batch)","PutLarge",1,0,75.419,0.000,75.418
"Tier 3 (Bronze SLA - Batch)","PutLarge",1,0,83.847,0.000,83.845
"Tier 3 (Bronze SLA - Batch)","PutLarge",1,0,80.925,0.000,80.924
"Tier 3 (Bronze SLA - Batch)","PutLarge",1,0,89.134,0.000,89.133
"Tier 3 (Bronze SLA - Batch)","PutLarge",1,0,87.257,0.000,87.256
"Tier 3 (Bronze SLA - Batch)","PutLarge",1,0,82.080,0.000,82.078
"Tier 3 (Bronze SLA - Batch)","GetLarge",1,0,65.004,0.000,65.003
"Tier 3 (Bronze SLA - Batch)","GetLarge",1,0,57.017,0.000,57.016
"Tier 3 (Bronze SLA - Batch)","GetLarge",1,0,61.952,0.000,61.949
"Tier 3 (Bronze SLA - Batch)","GetLarge",1,0,56.954,0.000,56.951
"Tier 3 (Bronze SLA - Batch)","GetLarge",1,0,59.423,0.000,59.422
"Tier 3 (Bronze SLA - Batch)","PutLarge",1,0,94.129,0.000,94.123
"Tier 3 (Bronze SLA - Batch)","PutLarge",1,0,82.275,0.000,82.272
"Tier 3 (Bronze SLA - Batch)","PutLarge",1,0,91.531,0.000,91.503
"Tier 3 (Bronze SLA - Batch)","PutLarge",1,0,92.383,0.000,92.374
"Tier 3 (Bronze SLA - Batch)","GetLarge",1,0,57.239,0.000,57.236
"Tier 3 (Bronze SLA - Batch)","PutLarge",1,0,85.706,0.000,85.704
"Tier 3 (Bronze SLA - Batch)","GetLarge",1,0,56.470,0.000,56.467
"Tier 3 (Bronze SLA - Batch)","PutLarge",1,0,79.292,0.000,79.290
"Tier 3 (Bronze SLA - Batch)","PutLarge",1,0,90.340,0.000,90.338
"Tier 3 (Bronze SLA - Batch)","PutLarge",1,0,83.861,0.000,83.859
"Tier 3 (Bronze SLA - Batch)","PutLarge",1,0,89.044,0.000,89.043
"Tier 3 (Bronze SLA - Batch)","PutLarge",1,0,93.940,0.000,93.939
"Tier 3 (Bronze SLA - Batch)","PutLarge",1,0,90.085,0.000,90.084
"Tier 3 (Bronze SLA - Batch)","PutLarge",1,0,81.691,0.000,81.689
"Tier 3 (Bronze SLA - Batch)","PutLarge",1,0,85.619,0.000,85.578
"Tier 3 (Bronze SLA - Batch)","GetLarge",1,0,59.174,0.000,59.164
"Tier 3 (Bronze SLA - Batch)","PutLarge",1,0,87.560,0.000,87.559
"Tier 3 (Bronze SLA - Batch)","PutLarge",1,0,90.826,0.000,90.825
"Tier 3 (Bronze SLA - Batch)","PutLarge",1,0,90.411,0.000,90.410
"Tier 3 (Bronze SLA - Batch)","GetLarge",1,0,51.554,0.000,51.552
"Tier 3 (Bronze SLA - Batch)","PutLarge",1,0,84.043,0.000,84.035
"Tier 3 (Bronze SLA - Batch)","PutLarge",1,0,87.852,0.000,87.849
"Tier 3 (Bronze SLA - Batch)","PutLarge",1,0,88.302,0.000,88.300
"Tier 3 (Bronze SLA - Batch)","PutLarge",1,0,79.412,0.000,79.411
"Tier 3 (Bronze SLA - Batch)","PutLarge",1,0,86.489,0.000,86.486
"Tier 3 (Bronze SLA - Batch)","GetLarge",1,0,63.245,0.000,63.243
"Tier 3 (Bronze SLA - Batch)","GetLarge",1,0,63.229,0.000,63.227
"Tier 3 (Bronze SLA - Batch)","PutLarge",1,0,86.349,0.000,86.347
"Tier 3 (Bronze SLA - Batch)","PutLarge",1,0,87.050,0.000,87.048
"Tier 3 (Bronze SLA - Batch)","PutLarge",1,0,91.146,0.000,91.145
"Tier 3 (Bronze SLA - Batch)","PutLarge",1,0,95.556,0.000,95.553
"Tier 3 (Bronze SLA - Batch)","GetLarge",1,0,56.387,0.000,56.386
"Tier 3 (Bronze SLA - Batch)","PutLarge",1,0,77.768,0.000,77.765
"Tier 3 (Bronze SLA - Batch)","PutLarge",1,0,80.374,0.000,80.371
"Tier 3 (Bronze SLA - Batch)","PutLarge",1,0,91.756,0.000,91.753
"Tier 3 (Bronze SLA - Batch)","PutLarge",1,0,91.312,0.000,91.310
"Tier 3 (Bronze SLA - Batch)","PutLarge",1,0,95.193,0.000,95.191
"Tier 3 (Bronze SLA - Batch)","PutLarge",1,0,87.123,0.000,87.121
"Tier 3 (Bronze SLA - Batch)","PutLarge",1,0,82.300,0.000,82.298
"Tier 3 (Bronze SLA - Batch)","PutLarge",1,0,84.209,0.000,84.207
"Tier 3 (Bronze SLA - Batch)","PutLarge",1,0,80.926,0.000,80.924
"Tier 3 (Bronze SLA - Batch)","PutLarge",1,0,81.063,0.000,81.061
"Tier 3 (Bronze SLA - Batch)","PutLarge",1,0,81.054,0.000,81.052
"Tier 3 (Bronze SLA - Batch)","PutLarge",1,0,96.367,0.000,96.365
"Tier 3 (Bronze SLA - Batch)","PutLarge",1,0,88.700,0.000,88.697
"Tier 3 (Bronze SLA - Batch)","PutLarge",1,0,94.542,0.000,94.539
"Tier 3 (Bronze SLA - Batch)","GetLarge",1,0,54.948,0.000,54.947
"Tier 3 (Bronze SLA - Batch)","GetLarge",1,0,59.353,0.000,59.352
"Tier 3 (Bronze SLA - Batch)","PutLarge",1,0,83.650,0.000,83.649
"Tier 3 (Bronze SLA - Batch)","PutLarge",1,0,89.036,0.000,89.034
"Tier 3 (Bronze SLA - Batch)","PutLarge",1,0,78.917,0.000,78.914
"Tier 3 (Bronze SLA - Batch)","GetLarge",1,0,57.868,0.000,57.866
"Tier 3 (Bronze SLA - Batch)","PutLarge",1,0,87.047,0.000,87.046
"Tier 3 (Bronze SLA - Batch)","PutLarge",1,0,92.773,0.000,92.771
"Tier 3 (Bronze SLA - Batch)","GetLarge",1,0,56.621,0.000,56.617
"Tier 3 (Bronze SLA - Batch)","PutLarge",1,0,88.602,0.000,88.600
"Tier 3 (Bronze SLA - Batch)","PutLarge",1,0,87.152,0.000,87.150
"Tier 3 (Bronze SLA - Batch)","PutLarge",1,0,82.123,0.000,82.115
"Tier 3 (Bronze SLA - Batch)","GetLarge",1,0,59.605,0.000,59.603
"Tier 3 (Bronze SLA - Batch)","PutLarge",1,0,88.462,0.000,88.452
"Tier 3 (Bronze SLA - Batch)","PutLarge",1,0,81.731,0.000,81.728
"Tier 3 (Bronze SLA - Batch)","PutLarge",1,0,86.144,0.000,86.142
"Tier 3 (Bronze SLA - Batch)","PutLarge",1,0,83.035,0.000,83.033
"Tier 3 (Bronze SLA - Batch)","GetLarge",1,0,63.260,0.000,63.249
"Tier 3 (Bronze SLA - Batch)","GetLarge",1,0,58.731,0.000,58.728
"Tier 3 (Bronze SLA - Batch)","PutLarge",1,0,80.727,0.000,80.725
"Tier 3 (Bronze SLA - Batch)","PutLarge",1,0,79.368,0.000,79.367
"Tier 3 (Bronze SLA - Batch)","PutLarge",1,0,81.997,0.000,81.994
"Tier 3 (Bronze SLA - Batch)","PutLarge",1,0,81.026,0.001,81.023
"Tier 3 (Bronze SLA - Batch)","PutLarge",1,0,78.523,0.000,78.521
"Tier 3 (Bronze SLA - Batch)","PutLarge",1,0,78.225,0.000,78.224
"Tier 3 (Bronze SLA - Batch)","PutLarge",1,0,82.952,0.000,82.950
"Tier 3 (Bronze SLA - Batch)","PutLarge",1,0,80.906,0.000,80.904
"Tier 3 (Bronze SLA - Batch)","PutLarge",1,0,83.446,0.000,83.444
"Tier 3 (Bronze SLA - Batch)","PutLarge",1,0,84.811,0.000,84.810
"Tier 3 (Bronze SLA - Batch)","PutLarge",1,0,81.180,0.000,81.179
"Tier 3 (Bronze SLA - Batch)","GetLarge",1,0,59.115,0.000,59.104
"Tier 3 (Bronze SLA - Batch)","GetLarge",1,0,62.133,0.000,62.131
"Tier 3 (Bronze SLA - Batch)","PutLarge",1,0,85.834,0.000,85.832
"Tier 3 (Bronze SLA - Batch)","PutLarge",1,0,91.772,0.000,91.770
"Tier 3 (Bronze SLA - Batch)","GetLarge",1,0,65.486,0.000,65.485
"Tier 3 (Bronze SLA - Batch)","PutLarge",1,0,85.781,0.000,85.779
"Tier 3 (Bronze SLA - Batch)","GetLarge",1,0,65.764,0.000,65.762
"Tier 3 (Bronze SLA - Batch)","PutLarge",1,0,95.280,0.000,95.278
"Tier 3 (Bronze SLA - Batch)","PutLarge",1,0,85.504,0.000,85.501
"Tier 3 (Bronze SLA - Batch)","PutLarge",1,0,86.743,0.000,86.740
"Tier 3 (Bronze SLA - Batch)","PutLarge",1,0,80.937,0.000,80.936
"Tier 3 (Bronze SLA - Batch)","PutLarge",1,0,84.304,0.000,84.303
"Tier 3 (Bronze SLA - Batch)","PutLarge",1,0,90.941,0.000,90.938
"Tier 3 (Bronze SLA - Batch)","PutLarge",1,0,84.250,0.000,84.247
"Tier 3 (Bronze SLA - Batch)","GetLarge",1,0,61.802,0.000,61.800
"Tier 3 (Bronze SLA - Batch)","GetLarge",1,0,58.187,0.000,58.185
"Tier 3 (Bronze SLA - Batch)","PutLarge",1,0,87.183,0.000,87.182
"Tier 3 (Bronze SLA - Batch)","GetLarge",1,0,64.656,0.000,64.654
"Tier 3 (Bronze SLA - Batch)","PutLarge",1,0,84.380,0.000,84.377
"Tier 3 (Bronze SLA - Batch)","PutLarge",1,0,80.299,0.000,80.298
"Tier 3 (Bronze SLA - Batch)","PutLarge",1,0,84.904,0.000,84.903
"Tier 3 (Bronze SLA - Batch)","PutLarge",1,0,93.157,0.000,93.155
"Tier 3 (Bronze SLA - Batch)","PutLarge",1,0,92.055,0.000,92.052
"Tier 3 (Bronze SLA - Batch)","PutLarge",1,0,80.927,0.000,80.925
"Tier 3 (Bronze SLA - Batch)","GetLarge",1,0,57.167,0.000,57.165
"Tier 3 (Bronze SLA - Batch)","PutLarge",1,0,94.949,0.000,94.948
"Tier 3 (Bronze SLA - Batch)","GetLarge",1,0,57.944,0.000,57.942
"Tier 3 (Bronze SLA - Batch)","PutLarge",1,0,70.634,0.000,70.632
"Tier 3 (Bronze SLA - Batch)","PutLarge",1,0,84.550,0.000,84.548
"Tier 3 (Bronze SLA - Batch)","PutLarge",1,0,78.051,0.000,78.043
"Tier 3 (Bronze SLA - Batch)","PutLarge",1,0,89.900,0.000,89.898
"Tier 3 (Bronze SLA - Batch)","PutLarge",1,0,82.512,0.000,82.510
"Tier 3 (Bronze SLA - Batch)","PutLarge",1,0,92.060,0.000,92.059
"Tier 3 (Bronze SLA - Batch)","PutLarge",1,0,92.893,0.000,92.892
"Tier 3 (Bronze SLA - Batch)","GetLarge",1,0,59.803,0.000,59.801
"Tier 3 (Bronze SLA - Batch)","GetLarge",1,0,61.315,0.000,61.314
"Tier 3 (Bronze SLA - Batch)","GetLarge",1,0,59.077,0.000,59.074
"Tier 3 (Bronze SLA - Batch)","PutLarge",1,0,96.496,0.000,96.493
"Tier 3 (Bronze SLA - Batch)","PutLarge",1,0,94.802,0.000,94.801
"Tier 3 (Bronze SLA - Batch)","GetLarge",1,0,60.671,0.000,60.665
"Tier 3 (Bronze SLA - Batch)","PutLarge",1,0,91.231,0.000,91.229
"Tier 3 (Bronze SLA - Batch)","GetLarge",1,0,55.457,0.000,55.452
"Tier 3 (Bronze SLA - Batch)","PutLarge",1,0,94.819,0.000,94.817
"Tier 3 (Bronze SLA - Batch)","PutLarge",1,0,80.779,0.000,80.777
"Tier 3 (Bronze SLA - Batch)","PutLarge",1,0,95.012,0.000,95.009
"Tier 3 (Bronze SLA - Batch)","PutLarge",1,0,86.155,0.000,86.155
"Tier 3 (Bronze SLA - Batch)","PutLarge",1,0,85.773,0.000,85.772
"Tier 3 (Bronze SLA - Batch)","PutLarge",1,0,79.013,0.000,79.011
"Tier 3 (Bronze SLA - Batch)","GetLarge",1,0,64.335,0.000,64.333
"Tier 3 (Bronze SLA - Batch)","PutLarge",1,0,85.375,0.000,85.373
"Tier 3 (Bronze SLA - Batch)","PutLarge",1,0,79.707,0.000,79.678
"Tier 3 (Bronze SLA - Batch)","PutLarge",1,0,81.746,0.000,81.719
"Tier 3 (Bronze SLA - Batch)","PutLarge",1,0,86.479,0.000,86.465
"Tier 3 (Bronze SLA - Batch)","PutLarge",1,0,82.719,0.000,82.698
"Tier 3 (Bronze SLA - Batch)","PutLarge",1,0,83.331,0.000,83.302
"Tier 3 (Bronze SLA - Batch)","GetLarge",1,0,51.107,0.000,51.105
"Tier 3 (Bronze SLA - Batch)","PutLarge",1,0,90.099,0.000,90.097
"Tier 3 (Bronze SLA - Batch)","GetLarge",1,0,59.940,0.000,59.937
"Tier 3 (Bronze SLA - Batch)","PutLarge",1,0,85.576,0.000,85.574
"Tier 3 (Bronze SLA - Batch)","GetLarge",1,0,57.754,0.000,57.752
"Tier 3 (Bronze SLA - Batch)","GetLarge",1,0,62.115,0.000,62.112
"Tier 3 (Bronze SLA - Batch)","PutLarge",1,0,79.514,0.000,79.513
"Tier 3 (Bronze SLA - Batch)","PutLarge",1,0,91.168,0.000,91.159
"Tier 3 (Bronze SLA - Batch)","PutLarge",1,0,82.839,0.000,82.827
"Tier 3 (Bronze SLA - Batch)","PutLarge",1,0,92.109,0.000,92.099
"Tier 3 (Bronze SLA - Batch)","PutLarge",1,0,91.265,0.000,91.263
"Tier 3 (Bronze SLA - Batch)","PutLarge",1,0,87.532,0.000,87.530
"Tier 3 (Bronze SLA - Batch)","GetLarge",1,0,62.055,0.000,62.053
"Tier 3 (Bronze SLA - Batch)","GetLarge",1,0,54.689,0.000,54.687
"Tier 3 (Bronze SLA - Batch)","PutLarge",1,0,92.207,0.000,92.205
"Tier 3 (Bronze SLA - Batch)","PutLarge",1,0,78.304,0.000,78.301
"Tier 3 (Bronze SLA - Batch)","PutLarge",1,0,76.420,0.000,76.411
"Tier 3 (Bronze SLA - Batch)","GetLarge",1,0,54.342,0.000,54.341
"Tier 3 (Bronze SLA - Batch)","PutLarge",1,0,86.926,0.000,86.924
"Tier 3 (Bronze SLA - Batch)","PutLarge",1,0,89.124,0.000,89.123
"Tier 3 (Bronze SLA - Batch)","PutLarge",1,0,95.221,0.000,95.219
"Tier 3 (Bronze SLA - Batch)","GetLarge",1,0,52.923,0.000,52.922
"Tier 3 (Bronze SLA - Batch)","PutLarge",1,0,80.853,0.000,80.842
"Tier 3 (Bronze SLA - Batch)","GetLarge",1,0,60.601,0.000,60.598
"Tier 3 (Bronze SLA - Batch)","PutLarge",1,0,87.118,0.000,87.116
"Tier 3 (Bronze SLA - Batch)","PutLarge",1,0,87.555,0.000,87.554
"Tier 3 (Bronze SLA - Batch)","PutLarge",1,0,79.864,0.000,79.859
"Tier 3 (Bronze SLA - Batch)","PutLarge",1,0,93.441,0.000,93.440
"Tier 3 (Bronze SLA - Batch)","GetLarge",1,0,59.273,0.000,59.252
"Tier 3 (Bronze SLA - Batch)","PutLarge",1,0,86.675,0.000,86.673
"Tier 3 (Bronze SLA - Batch)","PutLarge",1,0,81.495,0.000,81.492
"Tier 3 (Bronze SLA - Batch)","PutLarge",1,0,81.412,0.000,81.409
"Tier 3 (Bronze SLA - Batch)","PutLarge",1,0,83.913,0.000,83.910
"Tier 3 (Bronze SLA - Batch)","GetLarge",1,0,62.729,0.000,62.725
"Tier 3 (Bronze SLA - Batch)","PutLarge",1,0,95.514,0.000,95.512
"Tier 3 (Bronze SLA - Batch)","PutLarge",1,0,90.910,0.000,90.907
"Tier 3 (Bronze SLA - Batch)","PutLarge",1,0,76.559,0.000,76.555
"Tier 3 (Bronze SLA - Batch)","GetLarge",1,0,58.544,0.000,58.541
"Tier 3 (Bronze SLA - Batch)","PutLarge",1,0,100.186,0.000,100.184
"Tier 3 (Bronze SLA - Batch)","GetLarge",1,0,53.795,0.000,53.785
"Tier 3 (Bronze SLA - Batch)","GetLarge",1,0,62.582,0.000,62.576
"Tier 3 (Bronze SLA - Batch)","PutLarge",1,0,81.488,0.000,81.480
"Tier 3 (Bronze SLA - Batch)","PutLarge",1,0,82.189,0.000,82.182
"Tier 3 (Bronze SLA - Batch)","PutLarge",1,0,78.412,0.000,78.403
"Tier 3 (Bronze SLA - Batch)","GetLarge",1,0,53.385,0.000,53.383
"Tier 3 (Bronze SLA - Batch)","PutLarge",1,0,91.682,0.000,91.680
"Tier 3 (Bronze SLA - Batch)","PutLarge",1,0,85.830,0.000,85.827
"Tier 3 (Bronze SLA - Batch)","PutLarge",1,0,96.472,0.000,96.470
"Tier 3 (Bronze SLA - Batch)","PutLarge",1,0,94.390,0.000,94.387
"Tier 3 (Bronze SLA - Batch)","PutLarge",1,0,77.602,0.000,77.600
"Tier 3 (Bronze SLA - Batch)","PutLarge",1,0,86.932,0.000,86.929
"Tier 3 (Bronze SLA - Batch)","PutLarge",1,0,97.452,0.000,97.450
"Tier 3 (Bronze SLA - Batch)","PutLarge",1,0,90.950,0.000,90.947
"Tier 3 (Bronze SLA - Batch)","PutLarge",1,0,95.127,0.000,95.127
"Tier 3 (Bronze SLA - Batch)","GetLarge",1,0,63.429,0.000,63.426
"Tier 3 (Bronze SLA - Batch)","PutLarge",1,0,75.413,0.000,75.410
"Tier 3 (Bronze SLA - Batch)","PutLarge",1,0,87.391,0.000,87.390
"Tier 3 (Bronze SLA - Batch)","PutLarge",1,0,93.132,0.000,93.129
"Tier 3 (Bronze SLA - Batch)","PutLarge",1,0,79.800,0.000,79.799
"Tier 3 (Bronze SLA - Batch)","PutLarge",1,0,77.974,0.000,77.971
"Tier 3 (Bronze SLA - Batch)","GetLarge",1,0,62.641,0.000,62.640
"Tier 3 (Bronze SLA - Batch)","GetLarge",1,0,53.491,0.000,53.489
"Tier 3 (Bronze SLA - Batch)","GetLarge",1,0,64.961,0.000,64.958
"Tier 3 (Bronze SLA - Batch)","PutLarge",1,0,84.076,0.000,84.071
"Tier 3 (Bronze SLA - Batch)","PutLarge",1,0,84.376,0.000,84.373
"Tier 3 (Bronze SLA - Batch)","GetLarge",1,0,61.271,0.000,61.262
"Tier 3 (Bronze SLA - Batch)","GetLarge",1,0,62.221,0.000,62.218
"Tier 3 (Bronze SLA - Batch)","PutLarge",1,0,98.150,0.000,98.148
"Tier 3 (Bronze SLA - Batch)","GetLarge",1,0,66.321,0.000,66.318
"Tier 3 (Bronze SLA - Batch)","PutLarge",1,0,92.717,0.000,92.714
"Tier 3 (Bronze SLA - Batch)","GetLarge",1,0,61.435,0.000,61.433
"Tier 3 (Bronze SLA - Batch)","GetLarge",1,0,63.270,0.000,63.267
"Tier 3 (Bronze SLA - Batch)","PutLarge",1,0,82.202,0.000,82.201
"Tier 3 (Bronze SLA - Batch)","GetLarge",1,0,58.610,0.000,58.599
"Tier 3 (Bronze SLA - Batch)","PutLarge",1,0,94.140,0.000,94.136
"Tier 3 (Bronze SLA - Batch)","PutLarge",1,0,92.117,0.000,92.116
"Tier 3 (Bronze SLA - Batch)","GetLarge",1,0,54.309,0.000,54.306
"Tier 3 (Bronze SLA - Batch)","PutLarge",1,0,97.101,0.000,97.100
"Tier 3 (Bronze SLA - Batch)","PutLarge",1,0,96.632,0.000,96.630
"Tier 3 (Bronze SLA - Batch)","PutLarge",1,0,92.344,0.000,92.341
"Tier 3 (Bronze SLA - Batch)","PutLarge",1,0,87.045,0.000,87.043
"Tier 3 (Bronze SLA - Batch)","GetLarge",1,0,59.897,0.000,59.895
"Tier 3 (Bronze SLA - Batch)","PutLarge",1,0,89.009,0.000,89.008
"Tier 3 (Bronze SLA - Batch)","GetLarge",1,0,66.709,0.000,66.707
"Tier 3 (Bronze SLA - Batch)","GetLarge",1,0,61.042,0.000,61.041
"Tier 3 (Bronze SLA - Batch)","PutLarge",1,0,75.339,0.000,75.337
"Tier 3 (Bronze SLA - Batch)","PutLarge",1,0,89.115,0.000,89.112
"Tier 3 (Bronze SLA - Batch)","GetLarge",1,0,51.796,0.001,51.793
"Tier 3 (Bronze SLA - Batch)","PutLarge",1,0,89.421,0.000,89.419
"Tier 3 (Bronze SLA - Batch)","PutLarge",1,0,84.297,0.000,84.295
"Tier 3 (Bronze SLA - Batch)","GetLarge",1,0,58.163,0.000,58.159
"Tier 3 (Bronze SLA - Batch)","PutLarge",1,0,87.078,0.000,87.076
"Tier 3 (Bronze SLA - Batch)","PutLarge",1,0,86.572,0.000,86.569
"Tier 3 (Bronze SLA - Batch)","PutLarge",1,0,81.713,0.000,81.709
"Tier 3 (Bronze SLA - Batch)","PutLarge",1,0,93.339,0.000,93.337
"Tier 3 (Bronze SLA - Batch)","PutLarge",1,0,83.992,0.000,83.980
"Tier 3 (Bronze SLA - Batch)","GetLarge",1,0,64.299,0.000,64.298
"Tier 3 (Bronze SLA - Batch)","PutLarge",1,0,91.649,0.000,91.647
"Tier 3 (Bronze SLA - Batch)","PutLarge",1,0,87.665,0.000,87.662
"Tier 3 (Bronze SLA - Batch)","PutLarge",1,0,85.305,0.000,85.303
"Tier 3 (Bronze SLA - Batch)","PutLarge",1,0,83.670,0.000,83.670
"Tier 3 (Bronze SLA - Batch)","PutLarge",1,0,90.030,0.000,90.028
"Tier 3 (Bronze SLA - Batch)","PutLarge",1,0,83.545,0.000,83.544
"Tier 3 (Bronze SLA - Batch)","PutLarge",1,0,83.942,0.000,83.933
"Tier 3 (Bronze SLA - Batch)","PutLarge",1,0,84.235,0.000,84.230
"Tier 3 (Bronze SLA - Batch)","PutLarge",1,0,81.529,0.000,81.527
"Tier 3 (Bronze SLA - Batch)","PutLarge",1,0,86.015,0.000,86.013
"Tier 3 (Bronze SLA - Batch)","GetLarge",1,0,53.842,0.000,53.838
"Tier 3 (Bronze SLA - Batch)","PutLarge",1,0,87.278,0.000,87.277
"Tier 3 (Bronze SLA - Batch)","GetLarge",1,0,56.423,0.000,56.420
"Tier 3 (Bronze SLA - Batch)","PutLarge",1,0,83.341,0.000,83.339
"Tier 3 (Bronze SLA - Batch)","PutLarge",1,0,84.046,0.000,84.045
"Tier 3 (Bronze SLA - Batch)","PutLarge",1,0,93.555,0.000,93.554
"Tier 3 (Bronze SLA - Batch)","PutLarge",1,0,91.391,0.000,91.389
"Tier 3 (Bronze SLA - Batch)","GetLarge",1,0,55.290,0.000,55.288
"Tier 3 (Bronze SLA - Batch)","PutLarge",1,0,96.702,0.000,96.700
"Tier 3 (Bronze SLA - Batch)","PutLarge",1,0,80.800,0.000,80.798
"Tier 3 (Bronze SLA - Batch)","GetLarge",1,0,58.605,0.000,58.603
"Tier 3 (Bronze SLA - Batch)","PutLarge",1,0,80.074,0.000,80.071
"Tier 3 (Bronze SLA - Batch)","PutLarge",1,0,92.973,0.000,92.972
"Tier 3 (Bronze SLA - Batch)","PutLarge",1,0,94.719,0.000,94.718
"Tier 3 (Bronze SLA - Batch)","GetLarge",1,0,62.795,0.000,62.793
"Tier 3 (Bronze SLA - Batch)","PutLarge",1,0,79.009,0.000,79.005
"Tier 3 (Bronze SLA - Batch)","PutLarge",1,0,80.553,0.000,80.550
"Tier 3 (Bronze SLA - Batch)","PutLarge",1,0,95.110,0.000,95.107
"Tier 3 (Bronze SLA - Batch)","PutLarge",1,0,94.552,0.000,94.546
"Tier 3 (Bronze SLA - Batch)","PutLarge",1,0,89.829,0.000,89.828
"Tier 3 (Bronze SLA - Batch)","GetLarge",1,0,52.621,0.000,52.619
"Tier 3 (Bronze SLA - Batch)","PutLarge",1,0,96.316,0.000,96.314
"Tier 3 (Bronze SLA - Batch)","PutLarge",1,0,89.419,0.000,89.412
"Tier 3 (Bronze SLA - Batch)","GetLarge",1,0,56.694,0.000,56.673
"Tier 3 (Bronze SLA - Batch)","GetLarge",1,0,54.104,0.000,54.087
"Tier 3 (Bronze SLA - Batch)","PutLarge",1,0,91.465,0.000,91.464
"Tier 3 (Bronze SLA - Batch)","GetLarge",1,0,58.877,0.000,58.874
"Tier 3 (Bronze SLA - Batch)","PutLarge",1,0,79.492,0.000,79.489
"Tier 3 (Bronze SLA - Batch)","PutLarge",1,0,80.911,0.000,80.908
"Tier 3 (Bronze SLA - Batch)","PutLarge",1,0,79.200,0.000,79.197
"Tier 3 (Bronze SLA - Batch)","PutLarge",1,0,89.744,0.000,89.743
"Tier 3 (Bronze SLA - Batch)","GetLarge",1,0,57.862,0.000,57.861
"Tier 3 (Bronze SLA - Batch)","PutLarge",1,0,85.275,0.000,85.271
"Tier 3 (Bronze SLA - Batch)","PutLarge",1,0,88.112,0.000,88.110
"Tier 3 (Bronze SLA - Batch)","PutLarge",1,0,80.634,0.000,80.632
"Tier 3 (Bronze SLA - Batch)","GetLarge",1,0,57.087,0.000,57.086
"Tier 3 (Bronze SLA - Batch)","PutLarge",1,0,92.255,0.000,92.253
"Tier 3 (Bronze SLA - Batch)","PutLarge",1,0,82.737,0.000,82.735
"Tier 3 (Bronze SLA - Batch)","PutLarge",1,0,85.491,0.000,85.489
"Tier 3 (Bronze SLA - Batch)","PutLarge",1,0,96.874,0.000,96.872
"Tier 3 (Bronze SLA - Batch)","PutLarge",1,0,83.742,0.000,83.741
"Tier 3 (Bronze SLA - Batch)","PutLarge",1,0,85.052,0.000,85.051
"Tier 3 (Bronze SLA - Batch)","PutLarge",1,0,83.693,0.000,83.690
"Tier 3 (Bronze SLA - Batch)","PutLarge",1,0,94.874,0.000,94.873
"Tier 3 (Bronze SLA - Batch)","GetLarge",1,0,55.728,0.000,55.726
"Tier 3 (Bronze SLA - Batch)","PutLarge",1,0,79.044,0.000,79.043
"Tier 3 (Bronze SLA - Batch)","PutLarge",1,0,80.170,0.000,80.167
"Tier 3 (Bronze SLA - Batch)","PutLarge",1,0,87.589,0.000,87.588
"Tier 3 (Bronze SLA - Batch)","PutLarge",1,0,82.081,0.000,82.079
"Tier 3 (Bronze SLA - Batch)","PutLarge",1,0,85.139,0.000,85.138
"Tier 3 (Bronze SLA - Batch)","PutLarge",1,0,100.217,0.000,100.213
"Tier 3 (Bronze SLA - Batch)","PutLarge",1,0,84.732,0.000,84.730
"Tier 3 (Bronze SLA - Batch)","PutLarge",1,0,86.746,0.000,86.744
"Tier 3 (Bronze SLA - Batch)","GetLarge",1,0,60.500,0.000,60.497
"Tier 3 (Bronze SLA - Batch)","PutLarge",1,0,87.475,0.000,87.472
"Tier 3 (Bronze SLA - Batch)","PutLarge",1,0,86.515,0.000,86.513
"Tier 3 (Bronze SLA - Batch)","PutLarge",1,0,95.180,0.000,95.177
"Tier 3 (Bronze SLA - Batch)","PutLarge",1,0,88.830,0.000,88.827
"Tier 3 (Bronze SLA - Batch)","PutLarge",1,0,88.681,0.000,88.679
"Tier 3 (Bronze SLA - Batch)","GetLarge",1,0,55.563,0.000,55.560
"Tier 3 (Bronze SLA - Batch)","GetLarge",1,0,54.311,0.000,54.310
"Tier 3 (Bronze SLA - Batch)","PutLarge",1,0,82.616,0.000,82.602
"Tier 3 (Bronze SLA - Batch)","GetLarge",1,0,54.569,0.000,54.534
"Tier 3 (Bronze SLA - Batch)","GetLarge",1,0,62.672,0.001,62.666
"Tier 3 (Bronze SLA - Batch)","PutLarge",1,0,98.840,0.000,98.837
"Tier 3 (Bronze SLA - Batch)","PutLarge",1,0,85.170,0.000,85.167
"Tier 3 (Bronze SLA - Batch)","PutLarge",1,0,89.389,0.000,89.388
"Tier 3 (Bronze SLA - Batch)","PutLarge",1,0,89.508,0.000,89.505
"Tier 3 (Bronze SLA - Batch)","PutLarge",1,0,93.935,0.000,93.933
"Tier 3 (Bronze SLA - Batch)","PutLarge",1,0,78.396,0.000,78.394
"Tier 3 (Bronze SLA - Batch)","PutLarge",1,0,95.791,0.000,95.789
"Tier 3 (Bronze SLA - Batch)","PutLarge",1,0,87.114,0.000,87.110
"Tier 3 (Bronze SLA - Batch)","PutLarge",1,0,83.199,0.000,83.196
"Tier 3 (Bronze SLA - Batch)","PutLarge",1,0,88.102,0.000,88.090
"Tier 3 (Bronze SLA - Batch)","PutLarge",1,0,88.817,0.000,88.806
"Tier 3 (Bronze SLA - Batch)","PutLarge",1,0,92.656,0.000,92.654
"Tier 3 (Bronze SLA - Batch)","PutLarge",1,0,90.650,0.000,90.649
"Tier 3 (Bronze SLA - Batch)","GetLarge",1,0,62.041,0.000,62.039
"Tier 3 (Bronze SLA - Batch)","GetLarge",1,0,58.166,0.000,58.165
"Tier 3 (Bronze SLA - Batch)","PutLarge",1,0,85.205,0.000,85.203
"Tier 3 (Bronze SLA - Batch)","PutLarge",1,0,84.644,0.000,84.642
"Tier 3 (Bronze SLA - Batch)","GetLarge",1,0,60.094,0.000,60.093
"Tier 3 (Bronze SLA - Batch)","GetLarge",1,0,59.975,0.000,59.973
"Tier 3 (Bronze SLA - Batch)","PutLarge",1,0,87.453,0.000,87.450
"Tier 3 (Bronze SLA - Batch)","PutLarge",1,0,92.708,0.000,92.706
"Tier 3 (Bronze SLA - Batch)","PutLarge",1,0,92.118,0.000,92.117
"Tier 3 (Bronze SLA - Batch)","PutLarge",1,0,89.178,0.000,89.176
"Tier 3 (Bronze SLA - Batch)","PutLarge",1,0,84.838,0.000,84.836
"Tier 3 (Bronze SLA - Batch)","GetLarge",1,0,52.522,0.000,52.520
"Tier 3 (Bronze SLA - Batch)","PutLarge",1,0,86.491,0.001,86.487
"Tier 3 (Bronze SLA - Batch)","PutLarge",1,0,84.919,0.000,84.916
"Tier 3 (Bronze SLA - Batch)","PutLarge",1,0,76.880,0.000,76.879
"Tier 3 (Bronze SLA - Batch)","GetLarge",1,0,61.415,0.000,61.405
"Tier 3 (Bronze SLA - Batch)","PutLarge",1,0,80.080,0.000,80.078
"Tier 3 (Bronze SLA - Batch)","GetLarge",1,0,57.474,0.000,57.472
"Tier 3 (Bronze SLA - Batch)","PutLarge",1,0,85.082,0.000,85.079
"Tier 3 (Bronze SLA - Batch)","PutLarge",1,0,85.328,0.000,85.326
"Tier 3 (Bronze SLA - Batch)","PutLarge",1,0,91.587,0.000,91.568
"Tier 3 (Bronze SLA - Batch)","PutLarge",1,0,91.667,0.000,91.666
"Tier 3 (Bronze SLA - Batch)","GetLarge",1,0,63.224,0.000,63.222
"Tier 3 (Bronze SLA - Batch)","PutLarge",1,0,82.428,0.000,82.425
"Tier 3 (Bronze SLA - Batch)","PutLarge",1,0,85.786,0.000,85.784
"Tier 3 (Bronze SLA - Batch)","PutLarge",1,0,89.051,0.000,89.049
"Tier 3 (Bronze SLA - Batch)","GetLarge",1,0,62.019,0.000,62.016
"Tier 3 (Bronze SLA - Batch)","GetLarge",1,0,55.956,0.000,55.954
"Tier 3 (Bronze SLA - Batch)","PutLarge",1,0,78.382,0.000,78.380
"Tier 3 (Bronze SLA - Batch)","GetLarge",1,0,61.529,0.000,61.525
"Tier 3 (Bronze SLA - Batch)","PutLarge",1,0,74.966,0.000,74.964
"Tier 3 (Bronze SLA - Batch)","GetLarge",1,0,66.829,0.000,66.826
"Tier 3 (Bronze SLA - Batch)","GetLarge",1,0,60.168,0.000,60.165
"Tier 3 (Bronze SLA - Batch)","GetLarge",1,0,60.991,0.000,60.989
"Tier 3 (Bronze SLA - Batch)","GetLarge",1,0,58.398,0.000,58.396
"Tier 3 (Bronze SLA - Batch)","GetLarge",1,0,58.728,0.000,58.689
"Tier 3 (Bronze SLA - Batch)","PutLarge",1,0,86.224,0.000,86.215
"Tier 3 (Bronze SLA - Batch)","GetLarge",1,0,61.784,0.000,61.781
"Tier 3 (Bronze SLA - Batch)","GetLarge",1,0,57.700,0.000,57.698
"Tier 3 (Bronze SLA - Batch)","PutLarge",1,0,93.861,0.000,93.859
"Tier 3 (Bronze SLA - Batch)","GetLarge",1,0,53.095,0.000,53.093
"Tier 3 (Bronze SLA - Batch)","PutLarge",1,0,89.481,0.000,89.479
"Tier 3 (Bronze SLA - Batch)","GetLarge",1,0,56.594,0.000,56.592
"Tier 3 (Bronze SLA - Batch)","PutLarge",1,0,92.405,0.000,92.402
"Tier 3 (Bronze SLA - Batch)","PutLarge",1,0,88.245,0.001,88.240
"Tier 3 (Bronze SLA - Batch)","PutLarge",1,0,89.432,0.000,89.429
"Tier 3 (Bronze SLA - Batch)","PutLarge",1,0,80.840,0.000,80.838
"Tier 3 (Bronze SLA - Batch)","PutLarge",1,0,92.255,0.000,92.253
"Tier 3 (Bronze SLA - Batch)","PutLarge",1,0,92.822,0.000,92.819
"Tier 3 (Bronze SLA - Batch)","GetLarge",1,0,60.005,0.000,59.977
"Tier 3 (Bronze SLA - Batch)","PutLarge",1,0,80.614,0.000,80.604
"Tier 3 (Bronze SLA - Batch)","PutLarge",1,0,89.288,0.000,89.259
"Tier 3 (Bronze SLA - Batch)","GetLarge",1,0,56.004,0.000,56.002
"Tier 3 (Bronze SLA - Batch)","PutLarge",1,0,94.486,0.000,94.483
"Tier 3 (Bronze SLA - Batch)","GetLarge",1,0,57.666,0.000,57.664
"Tier 3 (Bronze SLA - Batch)","PutLarge",1,0,83.775,0.000,83.774
"Tier 3 (Bronze SLA - Batch)","PutLarge",1,0,88.109,0.000,88.107
"Tier 3 (Bronze SLA - Batch)","PutLarge",1,0,86.425,0.000,86.422
"Tier 3 (Bronze SLA - Batch)","PutLarge",1,0,85.218,0.000,85.217
"Tier 3 (Bronze SLA - Batch)","GetLarge",1,0,62.972,0.000,62.969
"Tier 3 (Bronze SLA - Batch)","PutLarge",1,0,86.823,0.000,86.821
"Tier 3 (Bronze SLA - Batch)","PutLarge",1,0,78.897,0.000,78.895
"Tier 3 (Bronze SLA - Batch)","PutLarge",1,0,76.743,0.000,76.741
"Tier 3 (Bronze SLA - Batch)","PutLarge",1,0,90.454,0.000,90.452
"Tier 3 (Bronze SLA - Batch)","GetLarge",1,0,56.332,0.000,56.330
"Tier 3 (Bronze SLA - Batch)","PutLarge",1,0,80.641,0.000,80.639
"Tier 3 (Bronze SLA - Batch)","PutLarge",1,0,74.801,0.000,74.799
"Tier 3 (Bronze SLA - Batch)","PutLarge",1,0,84.341,0.000,84.338
"Tier 3 (Bronze SLA - Batch)","PutLarge",1,0,89.673,0.000,89.670
"Tier 3 (Bronze SLA - Batch)","GetLarge",1,0,60.863,0.000,60.861
"Tier 3 (Bronze SLA - Batch)","PutLarge",1,0,81.066,0.000,81.063
"Tier 3 (Bronze SLA - Batch)","GetLarge",1,0,61.185,0.000,61.182
"Tier 3 (Bronze SLA - Batch)","PutLarge",1,0,95.153,0.000,95.152
"Tier 3 (Bronze SLA - Batch)","PutLarge",1,0,96.202,0.000,96.196
"Tier 3 (Bronze SLA - Batch)","GetLarge",1,0,56.138,0.000,56.136
"Tier 3 (Bronze SLA - Batch)","GetLarge",1,0,53.945,0.000,53.942
"Tier 3 (Bronze SLA - Batch)","GetLarge",1,0,61.985,0.001,61.980
"Tier 3 (Bronze SLA - Batch)","PutLarge",1,0,84.956,0.000,84.953
"Tier 3 (Bronze SLA - Batch)","GetLarge",1,0,61.539,0.000,61.537
"Tier 3 (Bronze SLA - Batch)","PutLarge",1,0,80.899,0.000,80.897
"Tier 3 (Bronze SLA - Batch)","PutLarge",1,0,89.157,0.000,89.155
"Tier 3 (Bronze SLA - Batch)","PutLarge",1,0,95.018,0.000,95.016
"Tier 3 (Bronze SLA - Batch)","PutLarge",1,0,87.437,0.000,87.433
"Tier 3 (Bronze SLA - Batch)","GetLarge",1,0,60.495,0.000,60.493
"Tier 3 (Bronze SLA - Batch)","PutLarge",1,0,80.443,0.000,80.440
"Tier 3 (Bronze SLA - Batch)","PutLarge",1,0,89.662,0.000,89.656
"Tier 3 (Bronze SLA - Batch)","GetLarge",1,0,59.394,0.000,59.391
"Tier 3 (Bronze SLA - Batch)","PutLarge",1,0,90.906,0.000,90.904
"Tier 3 (Bronze SLA - Batch)","GetLarge",1,0,55.787,0.000,55.783
"Tier 3 (Bronze SLA - Batch)","GetLarge",1,0,61.793,0.000,61.789
"Tier 3 (Bronze SLA - Batch)","GetLarge",1,0,65.357,0.000,65.350
"Tier 3 (Bronze SLA - Batch)","PutLarge",1,0,92.290,0.000,92.287
"Tier 3 (Bronze SLA - Batch)","PutLarge",1,0,91.059,0.000,91.056
"Tier 3 (Bronze SLA - Batch)","PutLarge",1,0,76.926,0.000,76.924
"Tier 3 (Bronze SLA - Batch)","PutLarge",1,0,82.280,0.000,82.277
"Tier 3 (Bronze SLA - Batch)","PutLarge",1,0,87.640,0.000,87.612
"Tier 3 (Bronze SLA - Batch)","PutLarge",1,0,79.914,0.000,79.909
"Tier 3 (Bronze SLA - Batch)","PutLarge",1,0,94.913,0.000,94.911
"Tier 3 (Bronze SLA - Batch)","PutLarge",1,0,84.869,0.000,84.868
"Tier 3 (Bronze SLA - Batch)","PutLarge",1,0,86.389,0.000,86.387
"Tier 3 (Bronze SLA - Batch)","PutLarge",1,0,87.254,0.000,87.251
"Tier 3 (Bronze SLA - Batch)","GetLarge",1,0,61.696,0.000,61.693
"Tier 3 (Bronze SLA - Batch)","GetLarge",1,0,58.092,0.000,58.089
"Tier 3 (Bronze SLA - Batch)","PutLarge",1,0,85.765,0.000,85.762
"Tier 3 (Bronze SLA - Batch)","GetLarge",1,0,63.308,0.000,63.307
"Tier 3 (Bronze SLA - Batch)","GetLarge",1,0,56.912,0.000,56.910
"Tier 3 (Bronze SLA - Batch)","PutLarge",1,0,97.091,0.000,97.089
"Tier 3 (Bronze SLA - Batch)","PutLarge",1,0,88.836,0.000,88.833
"Tier 3 (Bronze SLA - Batch)","GetLarge",1,0,55.739,0.000,55.737
"Tier 3 (Bronze SLA - Batch)","GetLarge",1,0,58.381,0.000,58.379
"Tier 3 (Bronze SLA - Batch)","PutLarge",1,0,95.925,0.000,95.922
"Tier 3 (Bronze SLA - Batch)","GetLarge",1,0,53.660,0.000,53.657
"Tier 3 (Bronze SLA - Batch)","PutLarge",1,0,87.627,0.000,87.624
"Tier 3 (Bronze SLA - Batch)","GetLarge",1,0,64.471,0.000,64.470
"Tier 3 (Bronze SLA - Batch)","PutLarge",1,0,85.621,0.000,85.618
"Tier 3 (Bronze SLA - Batch)","PutLarge",1,0,77.911,0.000,77.901
"Tier 3 (Bronze SLA - Batch)","GetLarge",1,0,62.169,0.000,62.162
"Tier 3 (Bronze SLA - Batch)","PutLarge",1,0,83.540,0.000,83.533
"Tier 3 (Bronze SLA - Batch)","PutLarge",1,0,82.153,0.000,82.150
"Tier 3 (Bronze SLA - Batch)","GetLarge",1,0,63.901,0.000,63.899
"Tier 3 (Bronze SLA - Batch)","PutLarge",1,0,87.598,0.000,87.593
"Tier 3 (Bronze SLA - Batch)","PutLarge",1,0,97.459,0.000,97.453
"Tier 3 (Bronze SLA - Batch)","PutLarge",1,0,94.735,0.000,94.733
"Tier 3 (Bronze SLA - Batch)","PutLarge",1,0,96.844,0.000,96.841
"Tier 3 (Bronze SLA - Batch)","GetLarge",1,0,53.613,0.000,53.610
"Tier 3 (Bronze SLA - Batch)","GetLarge",1,0,56.015,0.000,56.009
"Tier 3 (Bronze SLA - Batch)","PutLarge",1,0,94.112,0.000,94.109
"Tier 3 (Bronze SLA - Batch)","PutLarge",1,0,87.781,0.000,87.779
"Tier 3 (Bronze SLA - Batch)","PutLarge",1,0,90.585,0.000,90.582
"Tier 3 (Bronze SLA - Batch)","GetLarge",1,0,49.839,0.000,49.835
"Tier 3 (Bronze SLA - Batch)","PutLarge",1,0,92.116,0.000,92.105
"Tier 3 (Bronze SLA - Batch)","PutLarge",1,0,84.668,0.000,84.665
"Tier 3 (Bronze SLA - Batch)","PutLarge",1,0,92.356,0.000,92.350
"Tier 3 (Bronze SLA - Batch)","GetLarge",1,0,56.557,0.000,56.554
"Tier 3 (Bronze SLA - Batch)","PutLarge",1,0,83.559,0.000,83.557
"Tier 3 (Bronze SLA - Batch)","PutLarge",1,0,82.975,0.000,82.973
"Tier 3 (Bronze SLA - Batch)","PutLarge",1,0,84.878,0.000,84.876
"Tier 3 (Bronze SLA - Batch)","GetLarge",1,0,59.902,0.000,59.899
"Tier 3 (Bronze SLA - Batch)","PutLarge",1,0,91.884,0.000,91.881
"Tier 3 (Bronze SLA - Batch)","GetLarge",1,0,58.788,0.000,58.785
"Tier 3 (Bronze SLA - Batch)","GetLarge",1,0,58.327,0.000,58.324
"Tier 3 (Bronze SLA - Batch)","PutLarge",1,0,80.810,0.000,80.808
"Tier 3 (Bronze SLA - Batch)","GetLarge",1,0,60.295,0.000,60.292
"Tier 3 (Bronze SLA - Batch)","PutLarge",1,0,92.821,0.000,92.819
"Tier 3 (Bronze SLA - Batch)","PutLarge",1,0,75.853,0.000,75.849
"Tier 3 (Bronze SLA - Batch)","GetLarge",1,0,55.117,0.000,55.114
"Tier 3 (Bronze SLA - Batch)","PutLarge",1,0,90.543,0.000,90.541
"Tier 3 (Bronze SLA - Batch)","PutLarge",1,0,89.594,0.000,89.592
"Tier 3 (Bronze SLA - Batch)","PutLarge",1,0,88.873,0.000,88.870
"Tier 3 (Bronze SLA - Batch)","PutLarge",1,0,86.755,0.000,86.753
"Tier 3 (Bronze SLA - Batch)","GetLarge",1,0,50.846,0.000,50.842
"Tier 3 (Bronze SLA - Batch)","PutLarge",1,0,88.327,0.000,88.316
"Tier 3 (Bronze SLA - Batch)","GetLarge",1,0,62.553,0.000,62.550
"Tier 3 (Bronze SLA - Batch)","PutLarge",1,0,77.884,0.000,77.882
"Tier 3 (Bronze SLA - Batch)","PutLarge",1,0,92.667,0.000,92.664
"Tier 3 (Bronze SLA - Batch)","PutLarge",1,0,88.844,0.000,88.842
"Tier 3 (Bronze SLA - Batch)","GetLarge",1,0,58.109,0.000,58.107
"Tier 3 (Bronze SLA - Batch)","PutLarge",1,0,89.486,0.000,89.485
"Tier 3 (Bronze SLA - Batch)","PutLarge",1,0,80.550,0.000,80.548
"Tier 3 (Bronze SLA - Batch)","PutLarge",1,0,82.469,0.000,82.467
"Tier 3 (Bronze SLA - Batch)","PutLarge",1,0,86.153,0.000,86.152
"Tier 3 (Bronze SLA - Batch)","PutLarge",1,0,88.762,0.000,88.759
"Tier 3 (Bronze SLA - Batch)","PutLarge",1,0,92.232,0.000,92.229
"Tier 3 (Bronze SLA - Batch)","GetLarge",1,0,53.840,0.000,53.837
"Tier 3 (Bronze SLA - Batch)","GetLarge",1,0,54.321,0.000,54.319
"Tier 3 (Bronze SLA - Batch)","PutLarge",1,0,77.650,0.000,77.647
"Tier 3 (Bronze SLA - Batch)","GetLarge",1,0,64.139,0.000,64.136
"Tier 3 (Bronze SLA - Batch)","PutLarge",1,0,92.486,0.000,92.484
"Tier 3 (Bronze SLA - Batch)","PutLarge",1,0,83.776,0.000,83.772
"Tier 3 (Bronze SLA - Batch)","PutLarge",1,0,82.756,0.000,82.753
"Tier 3 (Bronze SLA - Batch)","PutLarge",1,0,92.322,0.000,92.321
"Tier 3 (Bronze SLA - Batch)","PutLarge",1,0,84.048,0.000,84.046
"Tier 3 (Bronze SLA - Batch)","PutLarge",1,0,90.362,0.000,90.359
"Tier 3 (Bronze SLA - Batch)","PutLarge",1,0,93.300,0.000,93.297
"Tier 3 (Bronze SLA - Batch)","PutLarge",1,0,79.693,0.000,79.690
"Tier 3 (Bronze SLA - Batch)","GetLarge",1,0,64.323,0.000,64.321
"Tier 3 (Bronze SLA - Batch)","PutLarge",1,0,88.384,0.000,88.383
"Tier 3 (Bronze SLA - Batch)","GetLarge",1,0,62.394,0.000,62.392
"Tier 3 (Bronze SLA - Batch)","PutLarge",1,0,85.630,0.000,85.619
"Tier 3 (Bronze SLA - Batch)","PutLarge",1,0,84.541,0.000,84.538
"Tier 3 (Bronze SLA - Batch)","PutLarge",1,0,77.913,0.000,77.909
"Tier 3 (Bronze SLA - Batch)","PutLarge",1,0,89.020,0.000,89.017
"Tier 3 (Bronze SLA - Batch)","GetLarge",1,0,65.907,0.000,65.904
"Tier 3 (Bronze SLA - Batch)","PutLarge",1,0,94.260,0.000,94.256
"Tier 3 (Bronze SLA - Batch)","PutLarge",1,0,90.432,0.000,90.430
"Tier 3 (Bronze SLA - Batch)","GetLarge",1,0,59.302,0.000,59.299
"Tier 3 (Bronze SLA - Batch)","PutLarge",1,0,92.797,0.000,92.795
"Tier 3 (Bronze SLA - Batch)","GetLarge",1,0,53.505,0.000,53.503
"Tier 3 (Bronze SLA - Batch)","PutLarge",1,0,85.829,0.000,85.826
"Tier 3 (Bronze SLA - Batch)","PutLarge",1,0,80.493,0.000,80.485
"Tier 3 (Bronze SLA - Batch)","GetLarge",1,0,58.107,0.000,58.101
"Tier 3 (Bronze SLA - Batch)","PutLarge",1,0,78.810,0.000,78.807
"Tier 3 (Bronze SLA - Batch)","GetLarge",1,0,55.791,0.000,55.788
"Tier 3 (Bronze SLA - Batch)","PutLarge",1,0,89.290,0.000,89.288
"Tier 3 (Bronze SLA - Batch)","PutLarge",1,0,92.295,0.000,92.294
"Tier 3 (Bronze SLA - Batch)","PutLarge",1,0,86.644,0.000,86.642
"Tier 3 (Bronze SLA - Batch)","GetLarge",1,0,55.936,0.000,55.934
"Tier 3 (Bronze SLA - Batch)","GetLarge",1,0,61.871,0.000,61.869
"Tier 3 (Bronze SLA - Batch)","PutLarge",1,0,89.924,0.000,89.922
"Tier 3 (Bronze SLA - Batch)","PutLarge",1,0,89.888,0.000,89.883
"Tier 3 (Bronze SLA - Batch)","PutLarge",1,0,86.505,0.000,86.504
"Tier 3 (Bronze SLA - Batch)","PutLarge",1,0,87.619,0.000,87.617
"Tier 3 (Bronze SLA - Batch)","PutLarge",1,0,86.862,0.000,86.860
"Tier 3 (Bronze SLA - Batch)","GetLarge",1,0,59.215,0.000,59.212
"Tier 3 (Bronze SLA - Batch)","PutLarge",1,0,92.790,0.000,92.787
"Tier 3 (Bronze SLA - Batch)","PutLarge",1,0,90.797,0.000,90.793
"Tier 3 (Bronze SLA - Batch)","GetLarge",1,0,54.821,0.000,54.820
"Tier 3 (Bronze SLA - Batch)","PutLarge",1,0,92.199,0.000,92.195
"Tier 3 (Bronze SLA - Batch)","PutLarge",1,0,83.219,0.000,83.216
"Tier 3 (Bronze SLA - Batch)","GetLarge",1,0,57.066,0.000,57.063
"Tier 3 (Bronze SLA - Batch)","PutLarge",1,0,90.065,0.000,90.059
"Tier 3 (Bronze SLA - Batch)","GetLarge",1,0,50.034,0.000,50.032
"Tier 3 (Bronze SLA - Batch)","PutLarge",1,0,78.664,0.000,78.662
"Tier 3 (Bronze SLA - Batch)","PutLarge",1,0,93.021,0.000,93.019
"Tier 3 (Bronze SLA - Batch)","PutLarge",1,0,92.383,0.000,92.382
"Tier 3 (Bronze SLA - Batch)","GetLarge",1,0,51.645,0.000,51.643
"Tier 3 (Bronze SLA - Batch)","PutLarge",1,0,78.500,0.000,78.498
"Tier 3 (Bronze SLA - Batch)","PutLarge",1,0,97.210,0.000,97.208
"Tier 3 (Bronze SLA - Batch)","PutLarge",1,0,83.480,0.000,83.468
"Tier 3 (Bronze SLA - Batch)","PutLarge",1,0,81.446,0.000,81.444
"Tier 3 (Bronze SLA - Batch)","GetLarge",1,0,62.271,0.000,62.262
"Tier 3 (Bronze SLA - Batch)","PutLarge",1,0,79.084,0.000,79.081
"Tier 3 (Bronze SLA - Batch)","PutLarge",1,0,89.813,0.000,89.812
"Tier 3 (Bronze SLA - Batch)","GetLarge",1,0,54.356,0.000,54.350
"Tier 3 (Bronze SLA - Batch)","PutLarge",1,0,90.889,0.000,90.887
"Tier 3 (Bronze SLA - Batch)","PutLarge",1,0,81.936,0.000,81.934
"Tier 3 (Bronze SLA - Batch)","GetLarge",1,0,62.963,0.000,62.960
"Tier 3 (Bronze SLA - Batch)","PutLarge",1,0,82.349,0.000,82.347
"Tier 3 (Bronze SLA - Batch)","GetLarge",1,0,61.690,0.000,61.688
"Tier 3 (Bronze SLA - Batch)","PutLarge",1,0,90.395,0.000,90.393
"Tier 3 (Bronze SLA - Batch)","PutLarge",1,0,74.643,0.000,74.641
"Tier 3 (Bronze SLA - Batch)","PutLarge",1,0,92.922,0.000,92.919
"Tier 3 (Bronze SLA - Batch)","PutLarge",1,0,79.279,0.000,79.276
"Tier 3 (Bronze SLA - Batch)","PutLarge",1,0,81.156,0.000,81.153
"Tier 3 (Bronze SLA - Batch)","PutLarge",1,0,91.329,0.000,91.320
"Tier 3 (Bronze SLA - Batch)","PutLarge",1,0,94.650,0.000,94.647
"Tier 3 (Bronze SLA - Batch)","PutLarge",1,0,89.208,0.000,89.204
"Tier 3 (Bronze SLA - Batch)","GetLarge",1,0,59.575,0.000,59.573
"Tier 3 (Bronze SLA - Batch)","PutLarge",1,0,85.438,0.000,85.437
"Tier 3 (Bronze SLA - Batch)","GetLarge",1,0,53.356,0.000,53.355
"Tier 3 (Bronze SLA - Batch)","GetLarge",1,0,62.841,0.000,62.839
"Tier 3 (Bronze SLA - Batch)","PutLarge",1,0,95.948,0.000,95.946
"Tier 3 (Bronze SLA - Batch)","PutLarge",1,0,83.444,0.000,83.414
"Tier 3 (Bronze SLA - Batch)","PutLarge",1,0,88.326,0.000,88.323
"Tier 3 (Bronze SLA - Batch)","PutLarge",1,0,93.322,0.000,93.317
"Tier 3 (Bronze SLA - Batch)","PutLarge",1,0,81.693,0.000,81.690
"Tier 3 (Bronze SLA - Batch)","GetLarge",1,0,57.162,0.000,57.161
"Tier 3 (Bronze SLA - Batch)","PutLarge",1,0,77.353,0.000,77.341
"Tier 3 (Bronze SLA - Batch)","GetLarge",1,0,52.633,0.000,52.631
"Tier 3 (Bronze SLA - Batch)","GetLarge",1,0,61.594,0.000,61.586
"Tier 3 (Bronze SLA - Batch)","PutLarge",1,0,81.114,0.000,81.111
"Tier 3 (Bronze SLA - Batch)","PutLarge",1,0,82.416,0.000,82.415
"Tier 3 (Bronze SLA - Batch)","PutLarge",1,0,96.199,0.000,96.195
"Tier 3 (Bronze SLA - Batch)","PutLarge",1,0,89.196,0.000,89.182
"Tier 3 (Bronze SLA - Batch)","GetLarge",1,0,59.906,0.000,59.885
"Tier 3 (Bronze SLA - Batch)","PutLarge",1,0,78.403,0.000,78.400
"Tier 3 (Bronze SLA - Batch)","GetLarge",1,0,64.984,0.000,64.982
"Tier 3 (Bronze SLA - Batch)","PutLarge",1,0,93.500,0.000,93.498
"Tier 3 (Bronze SLA - Batch)","PutLarge",1,0,89.245,0.000,89.243
"Tier 3 (Bronze SLA - Batch)","GetLarge",1,0,52.117,0.000,52.115
"Tier 3 (Bronze SLA - Batch)","GetLarge",1,0,62.615,0.000,62.611
"Tier 3 (Bronze SLA - Batch)","PutLarge",1,0,83.874,0.000,83.871
"Tier 3 (Bronze SLA - Batch)","PutLarge",1,0,87.827,0.000,87.823
"Tier 3 (Bronze SLA - Batch)","PutLarge",1,0,84.370,0.000,84.366
"Tier 3 (Bronze SLA - Batch)","PutLarge",1,0,81.234,0.000,81.232
"Tier 3 (Bronze SLA - Batch)","GetLarge",1,0,57.355,0.000,57.353
"Tier 3 (Bronze SLA - Batch)","PutLarge",1,0,79.445,0.000,79.442
"Tier 3 (Bronze SLA - Batch)","GetLarge",1,0,51.802,0.000,51.799
"Tier 3 (Bronze SLA - Batch)","PutLarge",1,0,88.905,0.000,88.896
"Tier 3 (Bronze SLA - Batch)","GetLarge",1,0,59.383,0.000,59.379
"Tier 3 (Bronze SLA - Batch)","GetLarge",1,0,56.657,0.000,56.654
"Tier 3 (Bronze SLA - Batch)","GetLarge",1,0,58.329,0.000,58.326
"Tier 3 (Bronze SLA - Batch)","PutLarge",1,0,83.710,0.000,83.704
"Tier 3 (Bronze SLA - Batch)","PutLarge",1,0,83.654,0.000,83.652
"Tier 3 (Bronze SLA - Batch)","PutLarge",1,0,80.851,0.000,80.849
"Tier 3 (Bronze SLA - Batch)","PutLarge",1,0,74.343,0.000,74.342
"Tier 3 (Bronze SLA - Batch)","PutLarge",1,0,83.740,0.000,83.737
"Tier 3 (Bronze SLA - Batch)","GetLarge",1,0,58.110,0.000,58.106
"Tier 3 (Bronze SLA - Batch)","PutLarge",1,0,90.248,0.000,90.246
"Tier 3 (Bronze SLA - Batch)","GetLarge",1,0,55.398,0.001,55.393
"Tier 3 (Bronze SLA - Batch)","GetLarge",1,0,59.769,0.000,59.765
"Tier 3 (Bronze SLA - Batch)","GetLarge",1,0,59.283,0.000,59.280
"Tier 3 (Bronze SLA - Batch)","PutLarge",1,0,83.620,0.000,83.617
"Tier 3 (Bronze SLA - Batch)","PutLarge",1,0,81.630,0.000,81.627
"Tier 3 (Bronze SLA - Batch)","GetLarge",1,0,58.076,0.000,58.069
"Tier 3 (Bronze SLA - Batch)","PutLarge",1,0,88.751,0.000,88.748
"Tier 3 (Bronze SLA - Batch)","PutLarge",1,0,78.446,0.000,78.444
"Tier 3 (Bronze SLA - Batch)","GetLarge",1,0,56.675,0.000,56.672
"Tier 3 (Bronze SLA - Batch)","PutLarge",1,0,84.834,0.000,84.831
"Tier 3 (Bronze SLA - Batch)","GetLarge",1,0,54.334,0.000,54.327
"Tier 3 (Bronze SLA - Batch)","PutLarge",1,0,89.420,0.000,89.416
"Tier 3 (Bronze SLA - Batch)","PutLarge",1,0,90.642,0.000,90.638
"Tier 3 (Bronze SLA - Batch)","PutLarge",1,0,95.693,0.000,95.692
"Tier 3 (Bronze SLA - Batch)","GetLarge",1,0,62.549,0.000,62.546
"Tier 3 (Bronze SLA - Batch)","GetLarge",1,0,61.371,0.000,61.368
"Tier 3 (Bronze SLA - Batch)","PutLarge",1,0,92.366,0.000,92.363
"Tier 3 (Bronze SLA - Batch)","GetLarge",1,0,57.414,0.000,57.411
"Tier 3 (Bronze SLA - Batch)","GetLarge",1,0,58.321,0.000,58.318
"Tier 3 (Bronze SLA - Batch)","PutLarge",1,0,100.493,0.000,100.491
"Tier 3 (Bronze SLA - Batch)","PutLarge",1,0,88.204,0.000,88.201
"Tier 3 (Bronze SLA - Batch)","PutLarge",1,0,85.004,0.000,85.003
"Tier 3 (Bronze SLA - Batch)","GetLarge",1,0,52.538,0.000,52.535
"Tier 3 (Bronze SLA - Batch)","GetLarge",1,0,60.659,0.000,60.657
"Tier 3 (Bronze SLA - Batch)","GetLarge",1,0,56.756,0.000,56.754
"Tier 3 (Bronze SLA - Batch)","PutLarge",1,0,82.138,0.000,82.135
"Tier 3 (Bronze SLA - Batch)","PutLarge",1,0,83.285,0.000,83.280
"Tier 3 (Bronze SLA - Batch)","PutLarge",1,0,87.129,0.000,87.127
"Tier 3 (Bronze SLA - Batch)","PutLarge",1,0,82.326,0.000,82.323
"Tier 3 (Bronze SLA - Batch)","GetLarge",1,0,64.210,0.000,64.207
"Tier 3 (Bronze SLA - Batch)","PutLarge",1,0,92.657,0.000,92.655
"Tier 3 (Bronze SLA - Batch)","PutLarge",1,0,95.370,0.000,95.367
"Tier 3 (Bronze SLA - Batch)","PutLarge",1,0,92.736,0.000,92.733
"Tier 3 (Bronze SLA - Batch)","GetLarge",1,0,60.858,0.000,60.853
"Tier 3 (Bronze SLA - Batch)","PutLarge",1,0,80.755,0.000,80.752
"Tier 3 (Bronze SLA - Batch)","PutLarge",1,0,80.992,0.000,80.989
"Tier 3 (Bronze SLA - Batch)","GetLarge",1,0,61.466,0.000,61.465
"Tier 3 (Bronze SLA - Batch)","PutLarge",1,0,88.906,0.000,88.902
"Tier 3 (Bronze SLA - Batch)","GetLarge",1,0,62.727,0.000,62.724
"Tier 3 (Bronze SLA - Batch)","GetLarge",1,0,61.390,0.000,61.387
"Tier 3 (Bronze SLA - Batch)","GetLarge",1,0,59.990,0.000,59.987
"Tier 3 (Bronze SLA - Batch)","PutLarge",1,0,97.513,0.000,97.511
"Tier 3 (Bronze SLA - Batch)","PutLarge",1,0,79.775,0.000,79.772
"Tier 3 (Bronze SLA - Batch)","PutLarge",1,0,81.747,0.000,81.744
"Tier 3 (Bronze SLA - Batch)","PutLarge",1,0,85.325,0.000,85.323
"Tier 3 (Bronze SLA - Batch)","PutLarge",1,0,75.392,0.000,75.390
"Tier 3 (Bronze SLA - Batch)","PutLarge",1,0,89.671,0.000,89.668
"Tier 3 (Bronze SLA - Batch)","PutLarge",1,0,82.900,0.000,82.889
"Tier 3 (Bronze SLA - Batch)","PutLarge",1,0,75.261,0.000,75.258
"Tier 3 (Bronze SLA - Batch)","PutLarge",1,0,78.703,0.000,78.702
"Tier 3 (Bronze SLA - Batch)","PutLarge",1,0,77.813,0.000,77.812
"Tier 3 (Bronze SLA - Batch)","PutLarge",1,0,89.116,0.000,89.112
"Tier 3 (Bronze SLA - Batch)","PutLarge",1,0,80.879,0.000,80.877
"Tier 3 (Bronze SLA - Batch)","PutLarge",1,0,92.754,0.000,92.751
"Tier 3 (Bronze SLA - Batch)","GetLarge",1,0,57.164,0.000,57.161
"Tier 3 (Bronze SLA - Batch)","PutLarge",1,0,77.760,0.000,77.758
"Tier 3 (Bronze SLA - Batch)","PutLarge",1,0,89.387,0.000,89.385
"Tier 3 (Bronze SLA - Batch)","PutLarge",1,0,95.845,0.000,95.842
"Tier 3 (Bronze SLA - Batch)","PutLarge",1,0,88.504,0.000,88.501
"Tier 3 (Bronze SLA - Batch)","PutLarge",1,0,96.245,0.000,96.242
"Tier 3 (Bronze SLA - Batch)","GetLarge",1,0,56.203,0.000,56.199
"Tier 3 (Bronze SLA - Batch)","PutLarge",1,0,88.645,0.000,88.642
"Tier 3 (Bronze SLA - Batch)","PutLarge",1,0,84.944,0.000,84.941
"Tier 3 (Bronze SLA - Batch)","PutLarge",1,0,78.424,0.000,78.422
"Tier 3 (Bronze SLA - Batch)","GetLarge",1,0,59.841,0.000,59.838
"Tier 3 (Bronze SLA - Batch)","GetLarge",1,0,59.940,0.000,59.937
"Tier 3 (Bronze SLA - Batch)","PutLarge",1,0,85.369,0.000,85.367
"Tier 3 (Bronze SLA - Batch)","GetLarge",1,0,62.660,0.000,62.657
"Tier 3 (Bronze SLA - Batch)","PutLarge",1,0,80.981,0.000,80.953
"Tier 3 (Bronze SLA - Batch)","GetLarge",1,0,54.249,0.000,54.245
"Tier 3 (Bronze SLA - Batch)","PutLarge",1,0,86.564,0.000,86.560
"Tier 3 (Bronze SLA - Batch)","PutLarge",1,0,83.595,0.000,83.592
"Tier 3 (Bronze SLA - Batch)","PutLarge",1,0,87.119,0.000,87.116
"Tier 3 (Bronze SLA - Batch)","PutLarge",1,0,83.788,0.000,83.786
"Tier 3 (Bronze SLA - Batch)","PutLarge",1,0,95.139,0.000,95.137
"Tier 3 (Bronze SLA - Batch)","PutLarge",1,0,93.376,0.000,93.374
"Tier 3 (Bronze SLA - Batch)","PutLarge",1,0,83.197,0.000,83.195
"Tier 3 (Bronze SLA - Batch)","PutLarge",1,0,76.438,0.000,76.436
"Tier 3 (Bronze SLA - Batch)","GetLarge",1,0,63.081,0.000,63.079
"Tier 3 (Bronze SLA - Batch)","PutLarge",1,0,83.498,0.000,83.494
"Tier 3 (Bronze SLA - Batch)","GetLarge",1,0,55.073,0.000,55.070
"Tier 3 (Bronze SLA - Batch)","PutLarge",1,0,87.221,0.000,87.219
"Tier 3 (Bronze SLA - Batch)","PutLarge",1,0,83.767,0.000,83.764
"Tier 3 (Bronze SLA - Batch)","PutLarge",1,0,80.944,0.000,80.941
"Tier 3 (Bronze SLA - Batch)","PutLarge",1,0,86.265,0.000,86.263
"Tier 3 (Bronze SLA - Batch)","PutLarge",1,0,90.577,0.000,90.567
"Tier 3 (Bronze SLA - Batch)","PutLarge",1,0,97.847,0.000,97.845
"Tier 3 (Bronze SLA - Batch)","PutLarge",1,0,86.081,0.000,86.076
"Tier 3 (Bronze SLA - Batch)","PutLarge",1,0,85.952,0.000,85.950
"Tier 3 (Bronze SLA - Batch)","GetLarge",1,0,51.079,0.000,51.076
"Tier 3 (Bronze SLA - Batch)","PutLarge",1,0,87.902,0.000,87.900
"Tier 3 (Bronze SLA - Batch)","PutLarge",1,0,89.289,0.000,89.287
"Tier 3 (Bronze SLA - Batch)","GetLarge",1,0,54.566,0.000,54.564
"Tier 3 (Bronze SLA - Batch)","PutLarge",1,0,93.083,0.000,93.080
"Tier 3 (Bronze SLA - Batch)","PutLarge",1,0,92.254,0.000,92.251
"Tier 3 (Bronze SLA - Batch)","GetLarge",1,0,55.258,0.000,55.238
"Tier 3 (Bronze SLA - Batch)","PutLarge",1,0,79.489,0.000,79.481
"Tier 3 (Bronze SLA - Batch)","PutLarge",1,0,92.443,0.000,92.436
"Tier 3 (Bronze SLA - Batch)","GetLarge",1,0,59.125,0.000,59.119
"Tier 3 (Bronze SLA - Batch)","PutLarge",1,0,86.214,0.000,86.212
"Tier 3 (Bronze SLA - Batch)","GetLarge",1,0,53.738,0.000,53.736
"Tier 3 (Bronze SLA - Batch)","GetLarge",1,0,55.865,0.000,55.862
"Tier 3 (Bronze SLA - Batch)","GetLarge",1,0,60.616,0.000,60.611
"Tier 3 (Bronze SLA - Batch)","PutLarge",1,0,89.307,0.000,89.304
"Tier 3 (Bronze SLA - Batch)","PutLarge",1,0,78.569,0.000,78.535
"Tier 3 (Bronze SLA - Batch)","PutLarge",1,0,92.532,0.000,92.523
"Tier 3 (Bronze SLA - Batch)","PutLarge",1,0,89.469,0.000,89.466
"Tier 3 (Bronze SLA - Batch)","PutLarge",1,0,88.420,0.000,88.418
"Tier 3 (Bronze SLA - Batch)","PutLarge",1,0,88.937,0.000,88.935
"Tier 3 (Bronze SLA - Batch)","PutLarge",1,0,84.032,0.000,84.030
"Tier 3 (Bronze SLA - Batch)","PutLarge",1,0,86.861,0.000,86.852
"Tier 3 (Bronze SLA - Batch)","GetLarge",1,0,64.743,0.000,64.740
"Tier 3 (Bronze SLA - Batch)","PutLarge",1,0,97.417,0.000,97.414
"Tier 3 (Bronze SLA - Batch)","PutLarge",1,0,94.095,0.000,94.094
"Tier 3 (Bronze SLA - Batch)","GetLarge",1,0,61.429,0.000,61.423
"Tier 3 (Bronze SLA - Batch)","PutLarge",1,0,90.245,0.000,90.243
"Tier 3 (Bronze SLA - Batch)","PutLarge",1,0,81.434,0.000,81.433
"Tier 3 (Bronze SLA - Batch)","PutLarge",1,0,87.268,0.000,87.265
"Tier 3 (Bronze SLA - Batch)","PutLarge",1,0,93.068,0.000,93.066
"Tier 3 (Bronze SLA - Batch)","PutLarge",1,0,85.902,0.000,85.899
"Tier 3 (Bronze SLA - Batch)","GetLarge",1,0,54.124,0.000,54.122
"Tier 3 (Bronze SLA - Batch)","PutLarge",1,0,94.532,0.000,94.529
"Tier 3 (Bronze SLA - Batch)","PutLarge",1,0,80.440,0.000,80.436
"Tier 3 (Bronze SLA - Batch)","GetLarge",1,0,59.551,0.000,59.549
"Tier 3 (Bronze SLA - Batch)","PutLarge",1,0,85.722,0.000,85.720
"Tier 3 (Bronze SLA - Batch)","PutLarge",1,0,93.178,0.000,93.176
"Tier 3 (Bronze SLA - Batch)","PutLarge",1,0,85.028,0.000,85.024
"Tier 3 (Bronze SLA - Batch)","PutLarge",1,0,91.085,0.000,91.082
"Tier 3 (Bronze SLA - Batch)","GetLarge",1,0,52.423,0.000,52.421
"Tier 3 (Bronze SLA - Batch)","GetLarge",1,0,62.390,0.000,62.388
"Tier 3 (Bronze SLA - Batch)","PutLarge",1,0,99.126,0.000,99.123
"Tier 3 (Bronze SLA - Batch)","PutLarge",1,0,91.529,0.000,91.526
"Tier 3 (Bronze SLA - Batch)","GetLarge",1,0,54.859,0.000,54.854
"Tier 3 (Bronze SLA - Batch)","PutLarge",1,0,88.474,0.000,88.462
"Tier 3 (Bronze SLA - Batch)","PutLarge",1,0,87.616,0.000,87.613
"Tier 3 (Bronze SLA - Batch)","GetLarge",1,0,55.110,0.001,55.106
"Tier 3 (Bronze SLA - Batch)","PutLarge",1,0,82.474,0.000,82.471
"Tier 3 (Bronze SLA - Batch)","PutLarge",1,0,80.308,0.000,80.296
"Tier 3 (Bronze SLA - Batch)","PutLarge",1,0,87.502,0.000,87.499
"Tier 3 (Bronze SLA - Batch)","PutLarge",1,0,78.818,0.000,78.814
"Tier 3 (Bronze SLA - Batch)","PutLarge",1,0,94.654,0.000,94.648
"Tier 3 (Bronze SLA - Batch)","PutLarge",1,0,83.343,0.000,83.338
"Tier 3 (Bronze SLA - Batch)","PutLarge",1,0,85.117,0.000,85.115
"Tier 3 (Bronze SLA - Batch)","PutLarge",1,0,87.339,0.000,87.335
"Tier 3 (Bronze SLA - Batch)","PutLarge",1,0,96.628,0.000,96.621
"Tier 3 (Bronze SLA - Batch)","PutLarge",1,0,71.480,0.000,71.477
"Tier 3 (Bronze SLA - Batch)","PutLarge",1,0,80.872,0.000,80.867
"Tier 3 (Bronze SLA - Batch)","GetLarge",1,0,59.717,0.000,59.712
"Tier 3 (Bronze SLA - Batch)","PutLarge",1,0,80.315,0.001,80.311
"Tier 3 (Bronze SLA - Batch)","GetLarge",1,0,56.763,0.000,56.760
"Tier 3 (Bronze SLA - Batch)","GetLarge",1,0,54.050,0.000,54.048
"Tier 3 (Bronze SLA - Batch)","PutLarge",1,0,79.899,0.000,79.893
"Tier 3 (Bronze SLA - Batch)","PutLarge",1,0,86.309,0.000,86.306
"Tier 3 (Bronze SLA - Batch)","GetLarge",1,0,53.063,0.000,53.059
"Tier 3 (Bronze SLA - Batch)","PutLarge",1,0,86.677,0.000,86.663
"Tier 3 (Bronze SLA - Batch)","PutLarge",1,0,88.806,0.000,88.799
"Tier 3 (Bronze SLA - Batch)","GetLarge",1,0,61.250,0.000,61.243
"Tier 3 (Bronze SLA - Batch)","GetLarge",1,0,53.869,0.000,53.867
"Tier 3 (Bronze SLA - Batch)","GetLarge",1,0,64.412,0.000,64.409
"Tier 3 (Bronze SLA - Batch)","GetLarge",1,0,53.855,0.000,53.850
"Tier 3 (Bronze SLA - Batch)","PutLarge",1,0,94.439,0.000,94.436
"Tier 3 (Bronze SLA - Batch)","GetLarge",1,0,55.778,0.000,55.776
"Tier 3 (Bronze SLA - Batch)","PutLarge",1,0,76.916,0.000,76.910
"Tier 3 (Bronze SLA - Batch)","PutLarge",1,0,92.695,0.000,92.691
"Tier 3 (Bronze SLA - Batch)","PutLarge",1,0,82.562,0.000,82.559
"Tier 3 (Bronze SLA - Batch)","PutLarge",1,0,79.827,0.000,79.825
"Tier 3 (Bronze SLA - Batch)","PutLarge",1,0,90.550,0.000,90.546
"Tier 3 (Bronze SLA - Batch)","PutLarge",1,0,94.668,0.000,94.661
"Tier 3 (Bronze SLA - Batch)","PutLarge",1,0,83.306,0.000,83.299
"Tier 3 (Bronze SLA - Batch)","PutLarge",1,0,88.930,0.000,88.928
"Tier 3 (Bronze SLA - Batch)","GetLarge",1,0,60.219,0.000,60.214
"Tier 3 (Bronze SLA - Batch)","GetLarge",1,0,59.979,0.000,59.975
"Tier 3 (Bronze SLA - Batch)","GetLarge",1,0,63.752,0.000,63.750
"Tier 3 (Bronze SLA - Batch)","PutLarge",1,0,80.165,0.000,80.161
"Tier 3 (Bronze SLA - Batch)","PutLarge",1,0,81.217,0.000,81.215
"Tier 3 (Bronze SLA - Batch)","PutLarge",1,0,81.908,0.000,81.895
"Tier 3 (Bronze SLA - Batch)","PutLarge",1,0,78.541,0.000,78.537
"Tier 3 (Bronze SLA - Batch)","GetLarge",1,0,59.628,0.000,59.625
"Tier 3 (Bronze SLA - Batch)","PutLarge",1,0,86.277,0.000,86.273
"Tier 3 (Bronze SLA - Batch)","GetLarge",1,0,49.444,0.001,49.438
"Tier 3 (Bronze SLA - Batch)","GetLarge",1,0,55.306,0.001,55.303
"Tier 3 (Bronze SLA - Batch)","PutLarge",1,0,80.497,0.000,80.495
"Tier 3 (Bronze SLA - Batch)","PutLarge",1,0,87.026,0.000,87.022
"Tier 3 (Bronze SLA - Batch)","GetLarge",1,0,65.028,0.001,65.026
"Tier 3 (Bronze SLA - Batch)","PutLarge",1,0,79.195,0.000,79.193
"Tier 3 (Bronze SLA - Batch)","PutLarge",1,0,78.721,0.000,78.718
"Tier 3 (Bronze SLA - Batch)","PutLarge",1,0,79.882,0.000,79.878
"Tier 3 (Bronze SLA - Batch)","PutLarge",1,0,90.553,0.000,90.549
"Tier 3 (Bronze SLA - Batch)","GetLarge",1,0,55.979,0.000,55.975
"Tier 3 (Bronze SLA - Batch)","PutLarge",1,0,87.502,0.000,87.497
"Tier 3 (Bronze SLA - Batch)","PutLarge",1,0,90.693,0.000,90.688
"Tier 3 (Bronze SLA - Batch)","GetLarge",1,0,62.839,0.001,62.835
"Tier 3 (Bronze SLA - Batch)","PutLarge",1,0,88.921,0.000,88.919
"Tier 3 (Bronze SLA - Batch)","PutLarge",1,0,93.382,0.000,93.379
"Tier 3 (Bronze SLA - Batch)","PutLarge",1,0,88.868,0.000,88.863
"Tier 3 (Bronze SLA - Batch)","PutLarge",1,0,86.012,0.000,86.005
"Tier 3 (Bronze SLA - Batch)","GetLarge",1,0,59.055,0.001,59.050
"Tier 3 (Bronze SLA - Batch)","PutLarge",1,0,85.824,0.000,85.821
"Tier 3 (Bronze SLA - Batch)","PutLarge",1,0,84.440,0.001,84.437
"Tier 3 (Bronze SLA - Batch)","PutLarge",1,0,80.393,0.001,80.371
"Tier 3 (Bronze SLA - Batch)","PutLarge",1,0,79.344,0.000,79.314
"Tier 3 (Bronze SLA - Batch)","PutLarge",1,0,85.790,0.001,85.780
"Tier 3 (Bronze SLA - Batch)","PutLarge",1,0,85.091,0.001,85.085
"Tier 3 (Bronze SLA - Batch)","PutLarge",1,0,83.425,0.001,83.409
"Tier 3 (Bronze SLA - Batch)","PutLarge",1,0,78.442,0.000,78.430
"Tier 3 (Bronze SLA - Batch)","PutLarge",1,0,91.890,0.000,91.886
"Tier 3 (Bronze SLA - Batch)","PutLarge",1,0,95.083,0.001,95.080
"Tier 3 (Bronze SLA - Batch)","PutLarge",1,0,87.015,0.000,87.012
"Tier 3 (Bronze SLA - Batch)","PutLarge",1,0,81.342,0.001,81.337
"Tier 3 (Bronze SLA - Batch)","PutLarge",1,0,91.040,0.000,91.037
"Tier 3 (Bronze SLA - Batch)","GetLarge",1,0,54.959,0.001,54.951
"Tier 3 (Bronze SLA - Batch)","GetLarge",1,0,55.424,0.000,55.421
"Tier 3 (Bronze SLA - Batch)","GetLarge",1,0,57.190,0.001,57.186
"Tier 3 (Bronze SLA - Batch)","PutLarge",1,0,89.573,0.001,89.553
"Tier 3 (Bronze SLA - Batch)","PutLarge",1,0,85.171,0.000,85.157
"Tier 3 (Bronze SLA - Batch)","GetLarge",1,0,56.168,0.001,56.159
"Tier 3 (Bronze SLA - Batch)","GetLarge",1,0,64.508,0.001,64.502
"Tier 3 (Bronze SLA - Batch)","PutLarge",1,0,83.783,0.001,83.780
"Tier 3 (Bronze SLA - Batch)","PutLarge",1,0,83.148,0.001,83.142
"Tier 3 (Bronze SLA - Batch)","PutLarge",1,0,82.557,0.000,82.554
"Tier 3 (Bronze SLA - Batch)","GetLarge",1,0,57.471,0.000,57.466
"Tier 3 (Bronze SLA - Batch)","PutLarge",1,0,94.769,0.001,94.764
"Tier 3 (Bronze SLA - Batch)","GetLarge",1,0,61.319,0.000,61.317
"Tier 3 (Bronze SLA - Batch)","PutLarge",1,0,93.698,0.000,93.693
"Tier 3 (Bronze SLA - Batch)","PutLarge",1,0,84.378,0.000,84.376
"Tier 3 (Bronze SLA - Batch)","PutLarge",1,0,90.040,0.001,90.034
"Tier 3 (Bronze SLA - Batch)","PutLarge",1,0,97.948,0.000,97.943
"Tier 3 (Bronze SLA - Batch)","PutLarge",1,0,81.889,0.001,81.886
"Tier 3 (Bronze SLA - Batch)","PutLarge",1,0,93.227,0.001,93.224
"Tier 3 (Bronze SLA - Batch)","GetLarge",1,0,54.160,0.001,54.154
"Tier 3 (Bronze SLA - Batch)","GetLarge",1,0,62.049,0.000,62.045
"Tier 3 (Bronze SLA - Batch)","GetLarge",1,0,53.368,0.000,53.366
"Tier 3 (Bronze SLA - Batch)","PutLarge",1,0,86.115,0.000,86.110
"Tier 3 (Bronze SLA - Batch)","PutLarge",1,0,79.657,0.000,79.655
"Tier 3 (Bronze SLA - Batch)","PutLarge",1,0,75.296,0.001,75.292
"Tier 3 (Bronze SLA - Batch)","PutLarge",1,0,88.631,0.000,88.626
"Tier 3 (Bronze SLA - Batch)","PutLarge",1,0,89.476,0.000,89.473
"Tier 3 (Bronze SLA - Batch)","PutLarge",1,0,78.622,0.001,78.618
"Tier 3 (Bronze SLA - Batch)","PutLarge",1,0,82.186,0.000,82.176
"Tier 3 (Bronze SLA - Batch)","PutLarge",1,0,83.046,0.000,83.042
"Tier 3 (Bronze SLA - Batch)","PutLarge",1,0,88.372,0.000,88.369
"Tier 3 (Bronze SLA - Batch)","PutLarge",1,0,85.720,0.000,85.717
"Tier 3 (Bronze SLA - Batch)","PutLarge",1,0,90.481,0.000,90.474
"Tier 3 (Bronze SLA - Batch)","PutLarge",1,0,92.654,0.000,92.650
"Tier 3 (Bronze SLA - Batch)","PutLarge",1,0,85.712,0.000,85.707
"Tier 3 (Bronze SLA - Batch)","PutLarge",1,0,83.549,0.000,83.519
"Tier 3 (Bronze SLA - Batch)","PutLarge",1,0,75.656,0.000,75.652
"Tier 3 (Bronze SLA - Batch)","PutLarge",1,0,85.099,0.000,85.096
"Tier 3 (Bronze SLA - Batch)","GetLarge",1,0,57.236,0.000,57.234
"Tier 3 (Bronze SLA - Batch)","PutLarge",1,0,83.937,0.000,83.934
"Tier 3 (Bronze SLA - Batch)","PutLarge",1,0,85.004,0.000,85.001
"Tier 3 (Bronze SLA - Batch)","PutLarge",1,0,78.509,0.001,78.504
"Tier 3 (Bronze SLA - Batch)","PutLarge",1,0,90.692,0.000,90.690
"Tier 3 (Bronze SLA - Batch)","PutLarge",1,0,89.591,0.001,89.586
"Tier 3 (Bronze SLA - Batch)","PutLarge",1,0,79.238,0.000,79.233
"Tier 3 (Bronze SLA - Batch)","PutLarge",1,0,88.342,0.000,88.338
"Tier 3 (Bronze SLA - Batch)","PutLarge",1,0,83.927,0.001,83.922
"Tier 3 (Bronze SLA - Batch)","GetLarge",1,0,53.272,0.000,53.269
"Tier 3 (Bronze SLA - Batch)","PutLarge",1,0,81.315,0.000,81.307
"Tier 3 (Bronze SLA - Batch)","PutLarge",1,0,93.395,0.001,93.359
"Tier 3 (Bronze SLA - Batch)","PutLarge",1,0,87.682,0.000,87.678
"Tier 3 (Bronze SLA - Batch)","PutLarge",1,0,91.376,0.000,91.372
"Tier 3 (Bronze SLA - Batch)","GetLarge",1,0,63.796,0.000,63.794
"Tier 3 (Bronze SLA - Batch)","PutLarge",1,0,87.154,0.000,87.151
"Tier 3 (Bronze SLA - Batch)","PutLarge",1,0,83.463,0.001,83.458
"Tier 3 (Bronze SLA - Batch)","PutLarge",1,0,80.131,0.000,80.128
"Tier 3 (Bronze SLA - Batch)","PutLarge",1,0,97.005,0.000,97.000
"Tier 3 (Bronze SLA - Batch)","PutLarge",1,0,86.795,0.001,86.779
"Tier 3 (Bronze SLA - Batch)","PutLarge",1,0,80.740,0.000,80.735
"Tier 3 (Bronze SLA - Batch)","PutLarge",1,0,97.008,0.000,96.999
"Tier 3 (Bronze SLA - Batch)","GetLarge",1,0,57.446,0.000,57.442
"Tier 3 (Bronze SLA - Batch)","PutLarge",1,0,87.893,0.000,87.891
"Tier 3 (Bronze SLA - Batch)","GetLarge",1,0,59.722,0.000,59.720
"Tier 3 (Bronze SLA - Batch)","PutLarge",1,0,83.958,0.000,83.955
"Tier 3 (Bronze SLA - Batch)","PutLarge",1,0,89.013,0.000,89.008
"Tier 3 (Bronze SLA - Batch)","PutLarge",1,0,95.611,0.001,95.608
"Tier 3 (Bronze SLA - Batch)","PutLarge",1,0,89.608,0.000,89.606
"Tier 3 (Bronze SLA - Batch)","GetLarge",1,0,58.331,0.001,58.329
"Tier 3 (Bronze SLA - Batch)","GetLarge",1,0,53.518,0.001,53.515
"Tier 3 (Bronze SLA - Batch)","PutLarge",1,0,86.729,0.000,86.726
"Tier 3 (Bronze SLA - Batch)","GetLarge",1,0,56.884,0.002,56.874
"Tier 3 (Bronze SLA - Batch)","PutLarge",1,0,90.874,0.000,90.872
"Tier 3 (Bronze SLA - Batch)","PutLarge",1,0,79.136,0.000,79.133
"Tier 3 (Bronze SLA - Batch)","PutLarge",1,0,86.726,0.000,86.723
"Tier 3 (Bronze SLA - Batch)","PutLarge",1,0,76.305,0.000,76.302
"Tier 3 (Bronze SLA - Batch)","GetLarge",1,0,52.042,0.000,52.039
"Tier 3 (Bronze SLA - Batch)","GetLarge",1,0,57.030,0.000,57.028
"Tier 3 (Bronze SLA - Batch)","GetLarge",1,0,53.735,0.001,53.728
"Tier 3 (Bronze SLA - Batch)","GetLarge",1,0,62.264,0.000,62.261
"Tier 3 (Bronze SLA - Batch)","PutLarge",1,0,78.800,0.000,78.798
"Tier 3 (Bronze SLA - Batch)","GetLarge",1,0,56.049,0.003,56.043
"Tier 3 (Bronze SLA - Batch)","PutLarge",1,0,80.246,0.000,80.244
"Tier 3 (Bronze SLA - Batch)","PutLarge",1,0,82.316,0.000,82.314
"Tier 3 (Bronze SLA - Batch)","GetLarge",1,0,57.378,0.001,57.373
"Tier 3 (Bronze SLA - Batch)","PutLarge",1,0,91.986,0.000,91.983
"Tier 3 (Bronze SLA - Batch)","PutLarge",1,0,74.970,0.001,74.967
"Tier 3 (Bronze SLA - Batch)","GetLarge",1,0,51.052,0.000,51.049
"Tier 3 (Bronze SLA - Batch)","GetLarge",1,0,53.831,0.000,53.827
"Tier 3 (Bronze SLA - Batch)","PutLarge",1,0,86.992,0.000,86.989
"Tier 3 (Bronze SLA - Batch)","PutLarge",1,0,76.980,0.000,76.976
"Tier 3 (Bronze SLA - Batch)","GetLarge",1,0,60.489,0.000,60.486
"Tier 3 (Bronze SLA - Batch)","PutLarge",1,0,87.726,0.001,87.709
"Tier 3 (Bronze SLA - Batch)","PutLarge",1,0,82.876,0.000,82.870
"Tier 3 (Bronze SLA - Batch)","PutLarge",1,0,83.473,0.000,83.471
"Tier 3 (Bronze SLA - Batch)","PutLarge",1,0,93.324,0.000,93.321
"Tier 3 (Bronze SLA - Batch)","PutLarge",1,0,88.693,0.000,88.691
"Tier 3 (Bronze SLA - Batch)","PutLarge",1,0,84.860,0.001,84.857
"Tier 3 (Bronze SLA - Batch)","PutLarge",1,0,79.919,0.000,79.917
"Tier 3 (Bronze SLA - Batch)","PutLarge",1,0,71.107,0.000,71.103
"Tier 3 (Bronze SLA - Batch)","GetLarge",1,0,57.234,0.000,57.231
"Tier 3 (Bronze SLA - Batch)","PutLarge",1,0,83.107,0.000,83.104
"Tier 3 (Bronze SLA - Batch)","GetLarge",1,0,61.043,0.000,61.041
"Tier 3 (Bronze SLA - Batch)","GetLarge",1,0,59.647,0.000,59.645
"Tier 3 (Bronze SLA - Batch)","PutLarge",1,0,83.647,0.000,83.643
"Tier 3 (Bronze SLA - Batch)","GetLarge",1,0,58.042,0.000,58.040
"Tier 3 (Bronze SLA - Batch)","GetLarge",1,0,55.014,0.000,55.011
"Tier 3 (Bronze SLA - Batch)","GetLarge",1,0,51.069,0.000,51.065
"Tier 3 (Bronze SLA - Batch)","PutLarge",1,0,97.801,0.000,97.798
"Tier 3 (Bronze SLA - Batch)","PutLarge",1,0,91.053,0.001,91.049
"Tier 3 (Bronze SLA - Batch)","GetLarge",1,0,63.113,0.000,63.110
"Tier 3 (Bronze SLA - Batch)","GetLarge",1,0,56.684,0.000,56.680
"Tier 3 (Bronze SLA - Batch)","PutLarge",1,0,90.374,0.001,90.371
"Tier 3 (Bronze SLA - Batch)","PutLarge",1,0,91.977,0.001,91.974
"Tier 3 (Bronze SLA - Batch)","PutLarge",1,0,90.542,0.000,90.540
"Tier 3 (Bronze SLA - Batch)","GetLarge",1,0,52.335,0.000,52.329
"Tier 3 (Bronze SLA - Batch)","PutLarge",1,0,89.130,0.000,89.128
"Tier 3 (Bronze SLA - Batch)","PutLarge",1,0,89.079,0.001,89.076
"Tier 3 (Bronze SLA - Batch)","GetLarge",1,0,63.091,0.000,63.089
"Tier 3 (Bronze SLA - Batch)","PutLarge",1,0,84.020,0.000,84.016
"Tier 3 (Bronze SLA - Batch)","GetLarge",1,0,62.514,0.000,62.511
"Tier 3 (Bronze SLA - Batch)","GetLarge",1,0,63.720,0.000,63.716
"Tier 3 (Bronze SLA - Batch)","PutLarge",1,0,92.320,0.000,92.318
"Tier 3 (Bronze SLA - Batch)","PutLarge",1,0,84.275,0.000,84.273
"Tier 3 (Bronze SLA - Batch)","PutLarge",1,0,88.990,0.000,88.988
"Tier 3 (Bronze SLA - Batch)","PutLarge",1,0,83.212,0.000,83.210
"Tier 3 (Bronze SLA - Batch)","GetLarge",1,0,61.917,0.000,61.913
"Tier 3 (Bronze SLA - Batch)","PutLarge",1,0,91.315,0.000,91.309
"Tier 3 (Bronze SLA - Batch)","PutLarge",1,0,78.793,0.000,78.790
"Tier 3 (Bronze SLA - Batch)","PutLarge",1,0,85.725,0.000,85.723
"Tier 3 (Bronze SLA - Batch)","GetLarge",1,0,64.461,0.000,64.459
"Tier 3 (Bronze SLA - Batch)","GetLarge",1,0,61.080,0.000,61.078
"Tier 3 (Bronze SLA - Batch)","PutLarge",1,0,87.104,0.000,87.102
"Tier 3 (Bronze SLA - Batch)","GetLarge",1,0,54.634,0.000,54.631
"Tier 3 (Bronze SLA - Batch)","GetLarge",1,0,54.226,0.001,54.223
"Tier 3 (Bronze SLA - Batch)","PutLarge",1,0,78.389,0.000,78.387
"Tier 3 (Bronze SLA - Batch)","PutLarge",1,0,84.716,0.000,84.713
"Tier 3 (Bronze SLA - Batch)","PutLarge",1,0,93.867,0.000,93.865
"Tier 3 (Bronze SLA - Batch)","GetLarge",1,0,60.529,0.000,60.526
"Tier 3 (Bronze SLA - Batch)","GetLarge",1,0,57.901,0.000,57.899
"Tier 3 (Bronze SLA - Batch)","GetLarge",1,0,55.480,0.000,55.477
"Tier 3 (Bronze SLA - Batch)","GetLarge",1,0,63.455,0.000,63.453
"Tier 3 (Bronze SLA - Batch)","PutLarge",1,0,89.330,0.000,89.328
"Tier 3 (Bronze SLA - Batch)","PutLarge",1,0,82.451,0.000,82.447
"Tier 3 (Bronze SLA - Batch)","PutLarge",1,0,89.608,0.000,89.605
"Tier 3 (Bronze SLA - Batch)","GetLarge",1,0,52.259,0.000,52.257
"Tier 3 (Bronze SLA - Batch)","PutLarge",1,0,87.411,0.000,87.405
"Tier 3 (Bronze SLA - Batch)","PutLarge",1,0,93.540,0.000,93.538
"Tier 3 (Bronze SLA - Batch)","PutLarge",1,0,95.487,0.000,95.485
"Tier 3 (Bronze SLA - Batch)","GetLarge",1,0,55.694,0.000,55.692
"Tier 3 (Bronze SLA - Batch)","PutLarge",1,0,85.158,0.000,85.156
"Tier 3 (Bronze SLA - Batch)","PutLarge",1,0,79.051,0.000,79.049
"Tier 3 (Bronze SLA - Batch)","PutLarge",1,0,80.239,0.000,80.237
"Tier 3 (Bronze SLA - Batch)","GetLarge",1,0,53.282,0.000,53.279
"Tier 3 (Bronze SLA - Batch)","PutLarge",1,0,92.905,0.000,92.903
"Tier 3 (Bronze SLA - Batch)","PutLarge",1,0,88.383,0.000,88.371
"Tier 3 (Bronze SLA - Batch)","PutLarge",1,0,95.430,0.000,95.427
"Tier 3 (Bronze SLA - Batch)","GetLarge",1,0,63.286,0.000,63.284
"Tier 3 (Bronze SLA - Batch)","GetLarge",1,0,59.984,0.000,59.982
"Tier 3 (Bronze SLA - Batch)","PutLarge",1,0,99.679,0.000,99.678
"Tier 3 (Bronze SLA - Batch)","PutLarge",1,0,93.166,0.000,93.164
"Tier 3 (Bronze SLA - Batch)","PutLarge",1,0,91.926,0.000,91.918
"Tier 3 (Bronze SLA - Batch)","PutLarge",1,0,84.636,0.000,84.633
"Tier 3 (Bronze SLA - Batch)","GetLarge",1,0,61.646,0.000,61.643
"Tier 3 (Bronze SLA - Batch)","PutLarge",1,0,87.689,0.000,87.687
"Tier 3 (Bronze SLA - Batch)","PutLarge",1,0,88.601,0.000,88.599
"Tier 3 (Bronze SLA - Batch)","PutLarge",1,0,76.078,0.000,76.074
"Tier 3 (Bronze SLA - Batch)","PutLarge",1,0,94.919,0.000,94.917
"Tier 3 (Bronze SLA - Batch)","PutLarge",1,0,93.344,0.000,93.341
"Tier 3 (Bronze SLA - Batch)","PutLarge",1,0,92.313,0.000,92.309
"Tier 3 (Bronze SLA - Batch)","GetLarge",1,0,59.629,0.000,59.627
"Tier 3 (Bronze SLA - Batch)","PutLarge",1,0,78.767,0.000,78.765
"Tier 3 (Bronze SLA - Batch)","PutLarge",1,0,90.448,0.000,90.445
"Tier 3 (Bronze SLA - Batch)","GetLarge",1,0,58.063,0.000,58.061
"Tier 3 (Bronze SLA - Batch)","PutLarge",1,0,94.087,0.000,94.084
"Tier 3 (Bronze SLA - Batch)","GetLarge",1,0,63.611,0.000,63.607
"Tier 3 (Bronze SLA - Batch)","PutLarge",1,0,93.597,0.000,93.594
"Tier 3 (Bronze SLA - Batch)","PutLarge",1,0,91.071,0.000,91.068
"Tier 3 (Bronze SLA - Batch)","PutLarge",1,0,88.522,0.000,88.519
"Tier 3 (Bronze SLA - Batch)","GetLarge",1,0,52.398,0.000,52.396
"Tier 3 (Bronze SLA - Batch)","PutLarge",1,0,79.306,0.000,79.303
"Tier 3 (Bronze SLA - Batch)","PutLarge",1,0,83.297,0.000,83.294
"Tier 3 (Bronze SLA - Batch)","PutLarge",1,0,87.001,0.000,86.999
"Tier 3 (Bronze SLA - Batch)","GetLarge",1,0,52.813,0.000,52.810
"Tier 3 (Bronze SLA - Batch)","PutLarge",1,0,83.759,0.000,83.757
"Tier 3 (Bronze SLA - Batch)","GetLarge",1,0,57.422,0.000,57.420
"Tier 3 (Bronze SLA - Batch)","GetLarge",1,0,51.163,0.000,51.155
"Tier 3 (Bronze SLA - Batch)","PutLarge",1,0,82.869,0.000,82.867
"Tier 3 (Bronze SLA - Batch)","GetLarge",1,0,54.021,0.000,54.018
"Tier 3 (Bronze SLA - Batch)","GetLarge",1,0,53.633,0.000,53.630
"Tier 3 (Bronze SLA - Batch)","PutLarge",1,0,90.959,0.000,90.957
"Tier 3 (Bronze SLA - Batch)","PutLarge",1,0,83.577,0.000,83.575
"Tier 3 (Bronze SLA - Batch)","PutLarge",1,0,88.864,0.000,88.861
"Tier 3 (Bronze SLA - Batch)","PutLarge",1,0,84.609,0.000,84.606
"Tier 3 (Bronze SLA - Batch)","PutLarge",1,0,93.166,0.000,93.162
"Tier 3 (Bronze SLA - Batch)","PutLarge",1,0,97.697,0.000,97.691
"Tier 3 (Bronze SLA - Batch)","GetLarge",1,0,59.526,0.000,59.523
"Tier 3 (Bronze SLA - Batch)","PutLarge",1,0,90.130,0.000,90.128
"Tier 3 (Bronze SLA - Batch)","PutLarge",1,0,86.173,0.000,86.170
"Tier 3 (Bronze SLA - Batch)","PutLarge",1,0,81.215,0.000,81.213
"Tier 3 (Bronze SLA - Batch)","PutLarge",1,0,87.088,0.000,87.087
"Tier 3 (Bronze SLA - Batch)","PutLarge",1,0,85.489,0.000,85.487
"Tier 3 (Bronze SLA - Batch)","PutLarge",1,0,79.710,0.000,79.708
"Tier 3 (Bronze SLA - Batch)","PutLarge",1,0,81.329,0.000,81.327
"Tier 3 (Bronze SLA - Batch)","PutLarge",1,0,91.351,0.000,91.350
"Tier 3 (Bronze SLA - Batch)","PutLarge",1,0,95.440,0.000,95.437
"Tier 3 (Bronze SLA - Batch)","PutLarge",1,0,84.195,0.000,84.193
"Tier 3 (Bronze SLA - Batch)","PutLarge",1,0,84.573,0.000,84.570
"Tier 3 (Bronze SLA - Batch)","PutLarge",1,0,83.794,0.000,83.792
"Tier 3 (Bronze SLA - Batch)","PutLarge",1,0,87.189,0.000,87.186
"Tier 3 (Bronze SLA - Batch)","PutLarge",1,0,93.997,0.000,93.989
"Tier 3 (Bronze SLA - Batch)","PutLarge",1,0,85.625,0.000,85.623
"Tier 3 (Bronze SLA - Batch)","PutLarge",1,0,81.140,0.000,81.138
"Tier 3 (Bronze SLA - Batch)","PutLarge",1,0,78.418,0.000,78.409
"Tier 3 (Bronze SLA - Batch)","PutLarge",1,0,80.083,0.000,80.081
"Tier 3 (Bronze SLA - Batch)","PutLarge",1,0,89.238,0.000,89.236
"Tier 3 (Bronze SLA - Batch)","PutLarge",1,0,95.562,0.000,95.560
"Tier 3 (Bronze SLA - Batch)","PutLarge",1,0,82.885,0.000,82.882
"Tier 3 (Bronze SLA - Batch)","GetLarge",1,0,59.587,0.000,59.584
"Tier 3 (Bronze SLA - Batch)","PutLarge",1,0,78.873,0.000,78.871
"Tier 3 (Bronze SLA - Batch)","GetLarge",1,0,58.539,0.000,58.537
"Tier 3 (Bronze SLA - Batch)","PutLarge",1,0,85.787,0.000,85.777
"Tier 3 (Bronze SLA - Batch)","PutLarge",1,0,88.077,0.000,88.072
"Tier 3 (Bronze SLA - Batch)","PutLarge",1,0,81.908,0.000,81.904
"Tier 3 (Bronze SLA - Batch)","PutLarge",1,0,89.508,0.000,89.502
"Tier 3 (Bronze SLA - Batch)","PutLarge",1,0,84.170,0.000,84.167
"Tier 3 (Bronze SLA - Batch)","GetLarge",1,0,58.830,0.000,58.827
"Tier 3 (Bronze SLA - Batch)","PutLarge",1,0,88.359,0.000,88.356
"Tier 3 (Bronze SLA - Batch)","PutLarge",1,0,74.725,0.000,74.723
"Tier 3 (Bronze SLA - Batch)","PutLarge",1,0,90.726,0.000,90.722
"Tier 3 (Bronze SLA - Batch)","PutLarge",1,0,85.096,0.000,85.094
"Tier 3 (Bronze SLA - Batch)","PutLarge",1,0,87.009,0.000,87.007
"Tier 3 (Bronze SLA - Batch)","PutLarge",1,0,84.978,0.000,84.976
"Tier 3 (Bronze SLA - Batch)","GetLarge",1,0,62.785,0.000,62.783
"Tier 3 (Bronze SLA - Batch)","GetLarge",1,0,57.157,0.000,57.155
"Tier 3 (Bronze SLA - Batch)","PutLarge",1,0,96.018,0.000,96.016
"Tier 3 (Bronze SLA - Batch)","GetLarge",1,0,57.053,0.000,57.051
"Tier 3 (Bronze SLA - Batch)","PutLarge",1,0,94.848,0.000,94.847
"Tier 3 (Bronze SLA - Batch)","GetLarge",1,0,50.276,0.000,50.273
"Tier 3 (Bronze SLA - Batch)","GetLarge",1,0,56.657,0.000,56.656
"Tier 3 (Bronze SLA - Batch)","PutLarge",1,0,82.753,0.000,82.750
"Tier 3 (Bronze SLA - Batch)","PutLarge",1,0,88.730,0.000,88.726
"Tier 3 (Bronze SLA - Batch)","GetLarge",1,0,58.264,0.000,58.261
"Tier 3 (Bronze SLA - Batch)","PutLarge",1,0,92.003,0.000,92.000
"Tier 3 (Bronze SLA - Batch)","GetLarge",1,0,53.104,0.000,53.102
"Tier 3 (Bronze SLA - Batch)","PutLarge",1,0,89.730,0.000,89.728
"Tier 3 (Bronze SLA - Batch)","GetLarge",1,0,56.934,0.000,56.932
"Tier 3 (Bronze SLA - Batch)","PutLarge",1,0,81.188,0.000,81.185
"Tier 3 (Bronze SLA - Batch)","GetLarge",1,0,59.805,0.000,59.803
"Tier 3 (Bronze SLA - Batch)","PutLarge",1,0,92.041,0.000,92.038
"Tier 3 (Bronze SLA - Batch)","PutLarge",1,0,90.683,0.000,90.680
"Tier 3 (Bronze SLA - Batch)","PutLarge",1,0,90.819,0.000,90.817
"Tier 3 (Bronze SLA - Batch)","PutLarge",1,0,88.751,0.000,88.749
"Tier 3 (Bronze SLA - Batch)","GetLarge",1,0,60.831,0.000,60.828
"Tier 3 (Bronze SLA - Batch)","PutLarge",1,0,85.574,0.000,85.571
"Tier 3 (Bronze SLA - Batch)","PutLarge",1,0,89.819,0.000,89.818
"Tier 3 (Bronze SLA - Batch)","PutLarge",1,0,78.855,0.000,78.852
"Tier 3 (Bronze SLA - Batch)","GetLarge",1,0,60.368,0.000,60.365
"Tier 3 (Bronze SLA - Batch)","PutLarge",1,0,87.075,0.000,87.073
"Tier 3 (Bronze SLA - Batch)","PutLarge",1,0,75.302,0.000,75.299
"Tier 3 (Bronze SLA - Batch)","PutLarge",1,0,87.975,0.000,87.967
"Tier 3 (Bronze SLA - Batch)","PutLarge",1,0,85.686,0.000,85.683
"Tier 3 (Bronze SLA - Batch)","PutLarge",1,0,81.597,0.000,81.586
"Tier 3 (Bronze SLA - Batch)","PutLarge",1,0,91.656,0.000,91.655
"Tier 3 (Bronze SLA - Batch)","PutLarge",1,0,89.032,0.000,89.029
"Tier 3 (Bronze SLA - Batch)","PutLarge",1,0,82.915,0.000,82.912
"Tier 3 (Bronze SLA - Batch)","PutLarge",1,0,82.332,0.000,82.320
"Tier 3 (Bronze SLA - Batch)","PutLarge",1,0,86.672,0.000,86.670
"Tier 3 (Bronze SLA - Batch)","PutLarge",1,0,88.127,0.000,88.123
"Tier 3 (Bronze SLA - Batch)","PutLarge",1,0,81.968,0.000,81.967
"Tier 3 (Bronze SLA - Batch)","GetLarge",1,0,61.748,0.000,61.745
"Tier 3 (Bronze SLA - Batch)","PutLarge",1,0,84.035,0.000,84.032
"Tier 3 (Bronze SLA - Batch)","GetLarge",1,0,56.728,0.000,56.718
"Tier 3 (Bronze SLA - Batch)","GetLarge",1,0,60.627,0.000,60.626
"Tier 3 (Bronze SLA - Batch)","GetLarge",1,0,63.086,0.000,63.084
"Tier 3 (Bronze SLA - Batch)","PutLarge",1,0,98.900,0.000,98.898
"Tier 3 (Bronze SLA - Batch)","GetLarge",1,0,55.517,0.000,55.516
"Tier 3 (Bronze SLA - Batch)","PutLarge",1,0,85.814,0.000,85.812
"Tier 3 (Bronze SLA - Batch)","GetLarge",1,0,61.429,0.000,61.427
"Tier 3 (Bronze SLA - Batch)","GetLarge",1,0,52.794,0.000,52.791
"Tier 3 (Bronze SLA - Batch)","PutLarge",1,0,90.352,0.000,90.351
"Tier 3 (Bronze SLA - Batch)","PutLarge",1,0,92.007,0.000,92.004
"Tier 3 (Bronze SLA - Batch)","GetLarge",1,0,62.973,0.000,62.970
"Tier 3 (Bronze SLA - Batch)","PutLarge",1,0,87.124,0.000,87.121
"Tier 3 (Bronze SLA - Batch)","PutLarge",1,0,75.063,0.000,75.061
"Tier 3 (Bronze SLA - Batch)","PutLarge",1,0,80.823,0.000,80.821
"Tier 3 (Bronze SLA - Batch)","PutLarge",1,0,87.368,0.000,87.366
"Tier 3 (Bronze SLA - Batch)","GetLarge",1,0,61.718,0.000,61.716
"Tier 3 (Bronze SLA - Batch)","PutLarge",1,0,83.354,0.000,83.351
"Tier 3 (Bronze SLA - Batch)","PutLarge",1,0,88.906,0.000,88.904
"Tier 3 (Bronze SLA - Batch)","PutLarge",1,0,82.635,0.000,82.633
"Tier 3 (Bronze SLA - Batch)","GetLarge",1,0,56.228,0.000,56.217
"Tier 3 (Bronze SLA - Batch)","GetLarge",1,0,63.453,0.000,63.451
"Tier 3 (Bronze SLA - Batch)","PutLarge",1,0,91.185,0.000,91.182
"Tier 3 (Bronze SLA - Batch)","PutLarge",1,0,96.655,0.000,96.652
"Tier 3 (Bronze SLA - Batch)","GetLarge",1,0,56.744,0.000,56.741
"Tier 3 (Bronze SLA - Batch)","GetLarge",1,0,55.000,0.000,54.998
"Tier 3 (Bronze SLA - Batch)","PutLarge",1,0,90.383,0.000,90.380
"Tier 3 (Bronze SLA - Batch)","PutLarge",1,0,95.761,0.000,95.758
"Tier 3 (Bronze SLA - Batch)","PutLarge",1,0,95.621,0.000,95.618
"Tier 3 (Bronze SLA - Batch)","GetLarge",1,0,58.073,0.000,58.070
"Tier 3 (Bronze SLA - Batch)","PutLarge",1,0,80.576,0.000,80.573
"Tier 3 (Bronze SLA - Batch)","PutLarge",1,0,90.976,0.000,90.971
"Tier 3 (Bronze SLA - Batch)","PutLarge",1,0,91.474,0.000,91.472
"Tier 3 (Bronze SLA - Batch)","GetLarge",1,0,52.363,0.000,52.360
"Tier 3 (Bronze SLA - Batch)","PutLarge",1,0,94.342,0.000,94.341
"Tier 3 (Bronze SLA - Batch)","PutLarge",1,0,87.641,0.000,87.638
"Tier 3 (Bronze SLA - Batch)","GetLarge",1,0,52.273,0.000,52.270
"Tier 3 (Bronze SLA - Batch)","PutLarge",1,0,99.188,0.000,99.186
"Tier 3 (Bronze SLA - Batch)","GetLarge",1,0,58.386,0.000,58.385
"Tier 3 (Bronze SLA - Batch)","PutLarge",1,0,97.272,0.000,97.263
"Tier 3 (Bronze SLA - Batch)","PutLarge",1,0,88.492,0.000,88.490
"Tier 3 (Bronze SLA - Batch)","GetLarge",1,0,55.954,0.000,55.951
"Tier 3 (Bronze SLA - Batch)","PutLarge",1,0,77.720,0.000,77.718
"Tier 3 (Bronze SLA - Batch)","PutLarge",1,0,88.187,0.000,88.179
"Tier 3 (Bronze SLA - Batch)","PutLarge",1,0,81.365,0.000,81.354
"Tier 3 (Bronze SLA - Batch)","PutLarge",1,0,81.348,0.000,81.339
"Tier 3 (Bronze SLA - Batch)","PutLarge",1,0,82.362,0.001,82.358
"Tier 3 (Bronze SLA - Batch)","GetLarge",1,0,50.001,0.000,49.998
"Tier 3 (Bronze SLA - Batch)","GetLarge",1,0,53.893,0.000,53.890
"Tier 3 (Bronze SLA - Batch)","PutLarge",1,0,87.188,0.000,87.186
"Tier 3 (Bronze SLA - Batch)","GetLarge",1,0,53.188,0.000,53.185
"Tier 3 (Bronze SLA - Batch)","PutLarge",1,0,86.120,0.000,86.117
"Tier 3 (Bronze SLA - Batch)","GetLarge",1,0,62.975,0.000,62.972
"Tier 3 (Bronze SLA - Batch)","GetLarge",1,0,61.165,0.000,61.163
"Tier 3 (Bronze SLA - Batch)","GetLarge",1,0,58.659,0.000,58.657
"Tier 3 (Bronze SLA - Batch)","PutLarge",1,0,89.379,0.000,89.378
"Tier 3 (Bronze SLA - Batch)","PutLarge",1,0,85.365,0.000,85.362
"Tier 3 (Bronze SLA - Batch)","PutLarge",1,0,93.280,0.000,93.278
"Tier 3 (Bronze SLA - Batch)","PutLarge",1,0,80.287,0.000,80.283
"Tier 3 (Bronze SLA - Batch)","PutLarge",1,0,77.570,0.000,77.539
"Tier 3 (Bronze SLA - Batch)","PutLarge",1,0,93.201,0.000,93.198
"Tier 3 (Bronze SLA - Batch)","PutLarge",1,0,86.327,0.000,86.318
"Tier 3 (Bronze SLA - Batch)","GetLarge",1,0,57.326,0.000,57.317
"Tier 3 (Bronze SLA - Batch)","GetLarge",1,0,59.061,0.000,59.056
"Tier 3 (Bronze SLA - Batch)","PutLarge",1,0,76.767,0.000,76.765
"Tier 3 (Bronze SLA - Batch)","PutLarge",1,0,81.320,0.000,81.317
"Tier 3 (Bronze SLA - Batch)","PutLarge",1,0,96.721,0.000,96.719
"Tier 3 (Bronze SLA - Batch)","GetLarge",1,0,52.716,0.000,52.713
"Tier 3 (Bronze SLA - Batch)","GetLarge",1,0,55.589,0.000,55.586
"Tier 3 (Bronze SLA - Batch)","PutLarge",1,0,82.898,0.000,82.897
"Tier 3 (Bronze SLA - Batch)","PutLarge",1,0,78.792,0.000,78.789
"Tier 3 (Bronze SLA - Batch)","PutLarge",1,0,85.455,0.000,85.453
"Tier 3 (Bronze SLA - Batch)","PutLarge",1,0,78.146,0.000,78.143
"Tier 3 (Bronze SLA - Batch)","PutLarge",1,0,97.541,0.000,97.538
"Tier 3 (Bronze SLA - Batch)","PutLarge",1,0,87.225,0.000,87.221
"Tier 3 (Bronze SLA - Batch)","GetLarge",1,0,57.966,0.000,57.964
"Tier 3 (Bronze SLA - Batch)","PutLarge",1,0,70.973,0.000,70.970
"Tier 3 (Bronze SLA - Batch)","PutLarge",1,0,80.454,0.000,80.451
"Tier 3 (Bronze SLA - Batch)","GetLarge",1,0,54.135,0.000,54.133
"Tier 3 (Bronze SLA - Batch)","GetLarge",1,0,49.137,0.000,49.135
"Tier 3 (Bronze SLA - Batch)","PutLarge",1,0,84.539,0.000,84.527
"Tier 3 (Bronze SLA - Batch)","PutLarge",1,0,94.979,0.000,94.977
"Tier 3 (Bronze SLA - Batch)","GetLarge",1,0,53.715,0.000,53.713
"Tier 3 (Bronze SLA - Batch)","GetLarge",1,0,55.058,0.000,55.047
"Tier 3 (Bronze SLA - Batch)","PutLarge",1,0,89.657,0.000,89.655
"Tier 3 (Bronze SLA - Batch)","GetLarge",1,0,57.214,0.000,57.212
"Tier 3 (Bronze SLA - Batch)","PutLarge",1,0,90.949,0.000,90.937
"Tier 3 (Bronze SLA - Batch)","PutLarge",1,0,77.251,0.000,77.220
"Tier 3 (Bronze SLA - Batch)","PutLarge",1,0,77.391,0.000,77.387
"Tier 3 (Bronze SLA - Batch)","PutLarge",1,0,77.247,0.000,77.245
"Tier 3 (Bronze SLA - Batch)","PutLarge",1,0,85.732,0.000,85.728
"Tier 3 (Bronze SLA - Batch)","PutLarge",1,0,87.722,0.000,87.719
"Tier 3 (Bronze SLA - Batch)","PutLarge",1,0,78.779,0.000,78.776
"Tier 3 (Bronze SLA - Batch)","GetLarge",1,0,52.777,0.002,52.771
"Tier 3 (Bronze SLA - Batch)","PutLarge",1,0,78.610,0.000,78.608
"Tier 3 (Bronze SLA - Batch)","PutLarge",1,0,89.983,0.000,89.979
"Tier 3 (Bronze SLA - Batch)","GetLarge",1,0,61.165,0.000,61.162
"Tier 3 (Bronze SLA - Batch)","GetLarge",1,0,58.241,0.000,58.231
"Tier 3 (Bronze SLA - Batch)","PutLarge",1,0,84.106,0.000,84.104
"Tier 3 (Bronze SLA - Batch)","PutLarge",1,0,99.374,0.000,99.371
"Tier 3 (Bronze SLA - Batch)","PutLarge",1,0,77.457,0.000,77.454
"Tier 3 (Bronze SLA - Batch)","PutLarge",1,0,83.144,0.000,83.141
"Tier 3 (Bronze SLA - Batch)","PutLarge",1,0,90.295,0.000,90.293
"Tier 3 (Bronze SLA - Batch)","PutLarge",1,0,82.078,0.000,82.077
"Tier 3 (Bronze SLA - Batch)","PutLarge",1,0,78.755,0.000,78.718
"Tier 3 (Bronze SLA - Batch)","PutLarge",1,0,83.323,0.000,83.321
"Tier 3 (Bronze SLA - Batch)","PutLarge",1,0,99.557,0.000,99.555
"Tier 3 (Bronze SLA - Batch)","PutLarge",1,0,83.862,0.000,83.859
"Tier 3 (Bronze SLA - Batch)","PutLarge",1,0,83.770,0.000,83.768
"Tier 3 (Bronze SLA - Batch)","PutLarge",1,0,81.150,0.001,81.145
"Tier 3 (Bronze SLA - Batch)","PutLarge",1,0,81.050,0.000,81.047
"Tier 3 (Bronze SLA - Batch)","GetLarge",1,0,60.725,0.000,60.722
"Tier 3 (Bronze SLA - Batch)","GetLarge",1,0,57.375,0.000,57.374
"Tier 3 (Bronze SLA - Batch)","PutLarge",1,0,95.497,0.000,95.495
"Tier 3 (Bronze SLA - Batch)","PutLarge",1,0,88.816,0.000,88.815
"Tier 3 (Bronze SLA - Batch)","PutLarge",1,0,86.587,0.000,86.585
"Tier 3 (Bronze SLA - Batch)","PutLarge",1,0,81.743,0.000,81.742
"Tier 3 (Bronze SLA - Batch)","GetLarge",1,0,58.078,0.000,58.076
"Tier 3 (Bronze SLA - Batch)","GetLarge",1,0,57.358,0.000,57.355
"Tier 3 (Bronze SLA - Batch)","PutLarge",1,0,95.485,0.000,95.484
"Tier 3 (Bronze SLA - Batch)","PutLarge",1,0,82.464,0.000,82.455
"Tier 3 (Bronze SLA - Batch)","PutLarge",1,0,83.013,0.000,83.010
"Tier 3 (Bronze SLA - Batch)","PutLarge",1,0,82.153,0.000,82.151
"Tier 3 (Bronze SLA - Batch)","PutLarge",1,0,89.411,0.000,89.408
"Tier 3 (Bronze SLA - Batch)","PutLarge",1,0,81.699,0.000,81.696
"Tier 3 (Bronze SLA - Batch)","PutLarge",1,0,87.153,0.000,87.151
"Tier 3 (Bronze SLA - Batch)","PutLarge",1,0,91.888,0.000,91.887
"Tier 3 (Bronze SLA - Batch)","GetLarge",1,0,63.290,0.000,63.288
"Tier 3 (Bronze SLA - Batch)","GetLarge",1,0,58.894,0.001,58.891
"Tier 3 (Bronze SLA - Batch)","PutLarge",1,0,88.913,0.000,88.912
"Tier 3 (Bronze SLA - Batch)","GetLarge",1,0,59.615,0.000,59.614
"Tier 3 (Bronze SLA - Batch)","PutLarge",1,0,91.200,0.000,91.197
"Tier 3 (Bronze SLA - Batch)","GetLarge",1,0,55.522,0.000,55.520
"Tier 3 (Bronze SLA - Batch)","PutLarge",1,0,86.063,0.000,86.060
"Tier 3 (Bronze SLA - Batch)","GetLarge",1,0,56.240,0.000,56.238
"Tier 3 (Bronze SLA - Batch)","GetLarge",1,0,55.171,0.000,55.168
"Tier 3 (Bronze SLA - Batch)","PutLarge",1,0,83.162,0.000,83.160
"Tier 3 (Bronze SLA - Batch)","GetLarge",1,0,62.296,0.000,62.294
"Tier 3 (Bronze SLA - Batch)","GetLarge",1,0,64.766,0.000,64.763
"Tier 3 (Bronze SLA - Batch)","PutLarge",1,0,83.065,0.000,83.063
"Tier 3 (Bronze SLA - Batch)","PutLarge",1,0,80.714,0.000,80.712
"Tier 3 (Bronze SLA - Batch)","GetLarge",1,0,55.580,0.000,55.577
"Tier 3 (Bronze SLA - Batch)","PutLarge",1,0,80.402,0.000,80.400
"Tier 3 (Bronze SLA - Batch)","PutLarge",1,0,86.572,0.000,86.569
"Tier 3 (Bronze SLA - Batch)","GetLarge",1,0,51.472,0.000,51.470
"Tier 3 (Bronze SLA - Batch)","PutLarge",1,0,92.027,0.000,92.025
"Tier 3 (Bronze SLA - Batch)","PutLarge",1,0,86.424,0.000,86.421
"Tier 3 (Bronze SLA - Batch)","PutLarge",1,0,87.739,0.000,87.736
"Tier 3 (Bronze SLA - Batch)","PutLarge",1,0,83.754,0.000,83.752
"Tier 3 (Bronze SLA - Batch)","PutLarge",1,0,90.373,0.000,90.370
"Tier 3 (Bronze SLA - Batch)","GetLarge",1,0,49.866,0.000,49.863
"Tier 3 (Bronze SLA - Batch)","GetLarge",1,0,52.439,0.000,52.437
"Tier 3 (Bronze SLA - Batch)","PutLarge",1,0,90.736,0.000,90.731
"Tier 3 (Bronze SLA - Batch)","PutLarge",1,0,90.822,0.000,90.820
"Tier 3 (Bronze SLA - Batch)","GetLarge",1,0,58.841,0.000,58.839
"Tier 3 (Bronze SLA - Batch)","GetLarge",1,0,65.334,0.000,65.333
"Tier 3 (Bronze SLA - Batch)","GetLarge",1,0,56.855,0.000,56.853
"Tier 3 (Bronze SLA - Batch)","PutLarge",1,0,92.738,0.000,92.736
"Tier 3 (Bronze SLA - Batch)","GetLarge",1,0,60.063,0.000,60.060
"Tier 3 (Bronze SLA - Batch)","PutLarge",1,0,93.719,0.000,93.716
"Tier 3 (Bronze SLA - Batch)","PutLarge",1,0,94.500,0.000,94.494
"Tier 3 (Bronze SLA - Batch)","GetLarge",1,0,60.878,0.000,60.876
"Tier 3 (Bronze SLA - Batch)","GetLarge",1,0,59.928,0.000,59.926
"Tier 3 (Bronze SLA - Batch)","PutLarge",1,0,83.009,0.000,83.007
"Tier 3 (Bronze SLA - Batch)","PutLarge",1,0,88.563,0.001,88.558
"Tier 3 (Bronze SLA - Batch)","GetLarge",1,0,62.746,0.000,62.744
"Tier 3 (Bronze SLA - Batch)","PutLarge",1,0,89.579,0.000,89.576
"Tier 3 (Bronze SLA - Batch)","PutLarge",1,0,84.343,0.000,84.341
"Tier 3 (Bronze SLA - Batch)","PutLarge",1,0,79.526,0.000,79.524
"Tier 3 (Bronze SLA - Batch)","GetLarge",1,0,55.491,0.000,55.462
"Tier 3 (Bronze SLA - Batch)","PutLarge",1,0,79.255,0.000,79.254
"Tier 3 (Bronze SLA - Batch)","PutLarge",1,0,93.219,0.000,93.217
"Tier 3 (Bronze SLA - Batch)","PutLarge",1,0,91.938,0.000,91.935
"Tier 3 (Bronze SLA - Batch)","GetLarge",1,0,56.280,0.000,56.278
"Tier 3 (Bronze SLA - Batch)","PutLarge",1,0,80.841,0.000,80.839
"Tier 3 (Bronze SLA - Batch)","GetLarge",1,0,62.495,0.001,62.489
"Tier 3 (Bronze SLA - Batch)","GetLarge",1,0,58.237,0.000,58.231
"Tier 3 (Bronze SLA - Batch)","PutLarge",1,0,80.885,0.000,80.882
"Tier 3 (Bronze SLA - Batch)","PutLarge",1,0,89.776,0.000,89.773
"Tier 3 (Bronze SLA - Batch)","PutLarge",1,0,93.723,0.000,93.722
"Tier 3 (Bronze SLA - Batch)","GetLarge",1,0,64.909,0.000,64.907
"Tier 3 (Bronze SLA - Batch)","PutLarge",1,0,76.995,0.000,76.994
"Tier 3 (Bronze SLA - Batch)","GetLarge",1,0,62.345,0.000,62.343
"Tier 3 (Bronze SLA - Batch)","PutLarge",1,0,89.173,0.000,89.170
"Tier 3 (Bronze SLA - Batch)","PutLarge",1,0,87.682,0.000,87.680
"Tier 3 (Bronze SLA - Batch)","PutLarge",1,0,90.196,0.000,90.193
"Tier 3 (Bronze SLA - Batch)","PutLarge",1,0,98.565,0.000,98.562
"Tier 3 (Bronze SLA - Batch)","GetLarge",1,0,64.170,0.000,64.168
"Tier 3 (Bronze SLA - Batch)","PutLarge",1,0,81.221,0.000,81.218
"Tier 3 (Bronze SLA - Batch)","PutLarge",1,0,90.562,0.000,90.560
"Tier 3 (Bronze SLA - Batch)","GetLarge",1,0,65.083,0.000,65.077
"Tier 3 (Bronze SLA - Batch)","PutLarge",1,0,86.053,0.000,86.046
"Tier 3 (Bronze SLA - Batch)","PutLarge",1,0,83.277,0.000,83.275
"Tier 3 (Bronze SLA - Batch)","PutLarge",1,0,84.905,0.000,84.903
"Tier 3 (Bronze SLA - Batch)","PutLarge",1,0,82.096,0.000,82.094
"Tier 3 (Bronze SLA - Batch)","PutLarge",1,0,80.384,0.000,80.380
"Tier 3 (Bronze SLA - Batch)","GetLarge",1,0,63.014,0.000,63.011
"Tier 3 (Bronze SLA - Batch)","PutLarge",1,0,93.059,0.000,93.056
"Tier 3 (Bronze SLA - Batch)","GetLarge",1,0,52.672,0.000,52.670
"Tier 3 (Bronze SLA - Batch)","PutLarge",1,0,100.447,0.000,100.445
"Tier 3 (Bronze SLA - Batch)","GetLarge",1,0,56.042,0.000,56.039
"Tier 3 (Bronze SLA - Batch)","PutLarge",1,0,76.136,0.000,76.134
"Tier 3 (Bronze SLA - Batch)","GetLarge",1,0,58.219,0.000,58.216
"Tier 3 (Bronze SLA - Batch)","PutLarge",1,0,98.978,0.000,98.975
"Tier 3 (Bronze SLA - Batch)","PutLarge",1,0,86.968,0.000,86.966
"Tier 3 (Bronze SLA - Batch)","PutLarge",1,0,76.299,0.000,76.296
"Tier 3 (Bronze SLA - Batch)","PutLarge",1,0,82.866,0.000,82.864
"Tier 3 (Bronze SLA - Batch)","PutLarge",1,0,82.907,0.000,82.905
"Tier 3 (Bronze SLA - Batch)","PutLarge",1,0,82.643,0.000,82.641
"Tier 3 (Bronze SLA - Batch)","PutLarge",1,0,80.653,0.000,80.651
"Tier 3 (Bronze SLA - Batch)","GetLarge",1,0,59.702,0.000,59.699
"Tier 3 (Bronze SLA - Batch)","PutLarge",1,0,90.938,0.000,90.936
"Tier 3 (Bronze SLA - Batch)","PutLarge",1,0,82.344,0.000,82.341
"Tier 3 (Bronze SLA - Batch)","PutLarge",1,0,76.910,0.000,76.908
"Tier 3 (Bronze SLA - Batch)","GetLarge",1,0,58.687,0.000,58.684
"Tier 3 (Bronze SLA - Batch)","GetLarge",1,0,51.314,0.000,51.311
"Tier 3 (Bronze SLA - Batch)","PutLarge",1,0,81.553,0.000,81.550
"Tier 3 (Bronze SLA - Batch)","PutLarge",1,0,78.853,0.000,78.851
"Tier 3 (Bronze SLA - Batch)","PutLarge",1,0,87.264,0.000,87.263
"Tier 3 (Bronze SLA - Batch)","PutLarge",1,0,85.563,0.000,85.560
"Tier 3 (Bronze SLA - Batch)","GetLarge",1,0,54.572,0.000,54.571
"Tier 3 (Bronze SLA - Batch)","GetLarge",1,0,56.059,0.000,56.056
"Tier 3 (Bronze SLA - Batch)","PutLarge",1,0,93.018,0.000,93.015
"Tier 3 (Bronze SLA - Batch)","PutLarge",1,0,83.309,0.001,83.305
"Tier 3 (Bronze SLA - Batch)","PutLarge",1,0,84.054,0.000,84.052
"Tier 3 (Bronze SLA - Batch)","PutLarge",1,0,91.247,0.000,91.246
"Tier 3 (Bronze SLA - Batch)","PutLarge",1,0,81.441,0.000,81.437
"Tier 3 (Bronze SLA - Batch)","PutLarge",1,0,87.642,0.000,87.639
"Tier 3 (Bronze SLA - Batch)","GetLarge",1,0,59.523,0.000,59.520
"Tier 3 (Bronze SLA - Batch)","PutLarge",1,0,81.565,0.000,81.562
"Tier 3 (Bronze SLA - Batch)","GetLarge",1,0,60.023,0.001,60.015
"Tier 3 (Bronze SLA - Batch)","GetLarge",1,0,59.838,0.000,59.834
"Tier 3 (Bronze SLA - Batch)","GetLarge",1,0,60.479,0.000,60.477
"Tier 3 (Bronze SLA - Batch)","PutLarge",1,0,81.402,0.000,81.399
"Tier 3 (Bronze SLA - Batch)","PutLarge",1,0,96.275,0.000,96.273
"Tier 3 (Bronze SLA - Batch)","PutLarge",1,0,90.336,0.000,90.334
"Tier 3 (Bronze SLA - Batch)","PutLarge",1,0,98.891,0.000,98.888
"Tier 3 (Bronze SLA - Batch)","GetLarge",1,0,50.309,0.000,50.307
"Tier 3 (Bronze SLA - Batch)","GetLarge",1,0,51.676,0.000,51.673
"Tier 3 (Bronze SLA - Batch)","GetLarge",1,0,61.026,0.000,61.024
"Tier 3 (Bronze SLA - Batch)","GetLarge",1,0,57.240,0.000,57.238
"Tier 3 (Bronze SLA - Batch)","PutLarge",1,0,90.975,0.000,90.973
"Tier 3 (Bronze SLA - Batch)","GetLarge",1,0,55.446,0.000,55.445
"Tier 3 (Bronze SLA - Batch)","PutLarge",1,0,85.002,0.000,84.999
"Tier 3 (Bronze SLA - Batch)","PutLarge",1,0,86.352,0.000,86.344
"Tier 3 (Bronze SLA - Batch)","GetLarge",1,0,53.706,0.000,53.704
"Tier 3 (Bronze SLA - Batch)","GetLarge",1,0,61.929,0.000,61.927
"Tier 3 (Bronze SLA - Batch)","PutLarge",1,0,95.886,0.000,95.879
"Tier 3 (Bronze SLA - Batch)","PutLarge",1,0,95.978,0.000,95.976
"Tier 3 (Bronze SLA - Batch)","PutLarge",1,0,85.465,0.000,85.463
"Tier 3 (Bronze SLA - Batch)","PutLarge",1,0,85.228,0.000,85.225
"Tier 3 (Bronze SLA - Batch)","PutLarge",1,0,86.404,0.000,86.401
"Tier 3 (Bronze SLA - Batch)","PutLarge",1,0,80.969,0.000,80.967
"Tier 3 (Bronze SLA - Batch)","PutLarge",1,0,88.067,0.000,88.058
"Tier 3 (Bronze SLA - Batch)","GetLarge",1,0,60.424,0.000,60.422
"Tier 3 (Bronze SLA - Batch)","PutLarge",1,0,85.240,0.000,85.237
"Tier 3 (Bronze SLA - Batch)","PutLarge",1,0,95.971,0.000,95.968
"Tier 3 (Bronze SLA - Batch)","PutLarge",1,0,93.895,0.000,93.892
"Tier 3 (Bronze SLA - Batch)","PutLarge",1,0,88.315,0.000,88.313
"Tier 3 (Bronze SLA - Batch)","PutLarge",1,0,96.809,0.000,96.806
"Tier 3 (Bronze SLA - Batch)","PutLarge",1,0,91.742,0.000,91.737
"Tier 3 (Bronze SLA - Batch)","PutLarge",1,0,79.763,0.000,79.760
"Tier 3 (Bronze SLA - Batch)","PutLarge",1,0,92.961,0.000,92.958
"Tier 3 (Bronze SLA - Batch)","PutLarge",1,0,91.679,0.000,91.677
"Tier 3 (Bronze SLA - Batch)","PutLarge",1,0,95.727,0.000,95.724
"Tier 3 (Bronze SLA - Batch)","PutLarge",1,0,86.881,0.000,86.874
"Tier 3 (Bronze SLA - Batch)","GetLarge",1,0,54.316,0.000,54.314
"Tier 3 (Bronze SLA - Batch)","PutLarge",1,0,88.400,0.000,88.397
"Tier 3 (Bronze SLA - Batch)","GetLarge",1,0,59.338,0.000,59.335
"Tier 3 (Bronze SLA - Batch)","PutLarge",1,0,77.122,0.000,77.120
"Tier 3 (Bronze SLA - Batch)","GetLarge",1,0,59.829,0.000,59.828
"Tier 3 (Bronze SLA - Batch)","GetLarge",1,0,60.523,0.000,60.520
"Tier 3 (Bronze SLA - Batch)","PutLarge",1,0,86.558,0.000,86.549
"Tier 3 (Bronze SLA - Batch)","PutLarge",1,0,86.407,0.000,86.405
"Tier 3 (Bronze SLA - Batch)","PutLarge",1,0,94.183,0.000,94.180
"Tier 3 (Bronze SLA - Batch)","PutLarge",1,0,87.997,0.000,87.995
"Tier 3 (Bronze SLA - Batch)","PutLarge",1,0,93.703,0.000,93.700
"Tier 3 (Bronze SLA - Batch)","PutLarge",1,0,94.612,0.000,94.609
"Tier 3 (Bronze SLA - Batch)","GetLarge",1,0,64.647,0.000,64.645
"Tier 3 (Bronze SLA - Batch)","PutLarge",1,0,86.822,0.000,86.820
"Tier 3 (Bronze SLA - Batch)","GetLarge",1,0,62.387,0.000,62.384
"Tier 3 (Bronze SLA - Batch)","PutLarge",1,0,78.527,0.000,78.524
"Tier 3 (Bronze SLA - Batch)","PutLarge",1,0,81.545,0.000,81.543
"Tier 3 (Bronze SLA - Batch)","PutLarge",1,0,82.258,0.000,82.249
"Tier 3 (Bronze SLA - Batch)","GetLarge",1,0,53.727,0.000,53.725
"Tier 3 (Bronze SLA - Batch)","GetLarge",1,0,50.559,0.000,50.555
"Tier 3 (Bronze SLA - Batch)","PutLarge",1,0,85.902,0.000,85.899
"Tier 3 (Bronze SLA - Batch)","PutLarge",1,0,95.008,0.000,95.006
"Tier 3 (Bronze SLA - Batch)","PutLarge",1,0,84.410,0.000,84.407
"Tier 3 (Bronze SLA - Batch)","PutLarge",1,0,83.698,0.000,83.693
"Tier 3 (Bronze SLA - Batch)","PutLarge",1,0,86.515,0.000,86.512
"Tier 3 (Bronze SLA - Batch)","PutLarge",1,0,87.228,0.000,87.225
"Tier 3 (Bronze SLA - Batch)","GetLarge",1,0,65.357,0.000,65.354
"Tier 3 (Bronze SLA - Batch)","PutLarge",1,0,94.611,0.000,94.605
"Tier 3 (Bronze SLA - Batch)","PutLarge",1,0,92.183,0.000,92.180
"Tier 3 (Bronze SLA - Batch)","GetLarge",1,0,55.219,0.000,55.216
"Tier 3 (Bronze SLA - Batch)","PutLarge",1,0,82.668,0.000,82.666
"Tier 3 (Bronze SLA - Batch)","PutLarge",1,0,89.998,0.000,89.995
"Tier 3 (Bronze SLA - Batch)","PutLarge",1,0,88.733,0.000,88.730
"Tier 3 (Bronze SLA - Batch)","GetLarge",1,0,53.857,0.000,53.854
"Tier 3 (Bronze SLA - Batch)","PutLarge",1,0,81.043,0.000,81.041
"Tier 3 (Bronze SLA - Batch)","GetLarge",1,0,53.498,0.000,53.496
"Tier 3 (Bronze SLA - Batch)","PutLarge",1,0,96.970,0.000,96.963
"Tier 3 (Bronze SLA - Batch)","GetLarge",1,0,64.519,0.000,64.516
"Tier 3 (Bronze SLA - Batch)","GetLarge",1,0,57.224,0.000,57.221
"Tier 3 (Bronze SLA - Batch)","PutLarge",1,0,86.915,0.000,86.911
"Tier 3 (Bronze SLA - Batch)","PutLarge",1,0,85.961,0.000,85.959
"Tier 3 (Bronze SLA - Batch)","PutLarge",1,0,86.224,0.000,86.221
"Tier 3 (Bronze SLA - Batch)","PutLarge",1,0,91.400,0.000,91.389
"Tier 3 (Bronze SLA - Batch)","PutLarge",1,0,85.089,0.000,85.087
"Tier 3 (Bronze SLA - Batch)","PutLarge",1,0,91.272,0.000,91.269
"Tier 3 (Bronze SLA - Batch)","PutLarge",1,0,89.062,0.000,89.059
"Tier 3 (Bronze SLA - Batch)","PutLarge",1,0,92.356,0.000,92.353
"Tier 3 (Bronze SLA - Batch)","PutLarge",1,0,85.141,0.000,85.135
"Tier 3 (Bronze SLA - Batch)","GetLarge",1,0,66.405,0.000,66.403
"Tier 3 (Bronze SLA - Batch)","GetLarge",1,0,62.485,0.000,62.482
"Tier 3 (Bronze SLA - Batch)","GetLarge",1,0,61.708,0.000,61.705
"Tier 3 (Bronze SLA - Batch)","PutLarge",1,0,78.118,0.000,78.116
"Tier 3 (Bronze SLA - Batch)","GetLarge",1,0,63.189,0.000,63.186
"Tier 3 (Bronze SLA - Batch)","PutLarge",1,0,91.603,0.000,91.600
"Tier 3 (Bronze SLA - Batch)","PutLarge",1,0,88.962,0.000,88.960
"Tier 3 (Bronze SLA - Batch)","PutLarge",1,0,79.962,0.000,79.959
"Tier 3 (Bronze SLA - Batch)","PutLarge",1,0,83.842,0.000,83.839
"Tier 3 (Bronze SLA - Batch)","GetLarge",1,0,65.234,0.000,65.232
"Tier 3 (Bronze SLA - Batch)","PutLarge",1,0,80.643,0.000,80.641
"Tier 3 (Bronze SLA - Batch)","GetLarge",1,0,63.203,0.000,63.201
"Tier 3 (Bronze SLA - Batch)","PutLarge",1,0,80.174,0.000,80.172
"Tier 3 (Bronze SLA - Batch)","GetLarge",1,0,62.777,0.000,62.774
"Tier 3 (Bronze SLA - Batch)","PutLarge",1,0,85.419,0.000,85.417
"Tier 3 (Bronze SLA - Batch)","PutLarge",1,0,92.795,0.000,92.792
"Tier 3 (Bronze SLA - Batch)","GetLarge",1,0,64.807,0.000,64.804
"Tier 3 (Bronze SLA - Batch)","GetLarge",1,0,57.120,0.000,57.118
"Tier 3 (Bronze SLA - Batch)","PutLarge",1,0,86.852,0.000,86.849
"Tier 3 (Bronze SLA - Batch)","PutLarge",1,0,89.780,0.000,89.777
"Tier 3 (Bronze SLA - Batch)","PutLarge",1,0,78.711,0.000,78.708
"Tier 3 (Bronze SLA - Batch)","PutLarge",1,0,90.632,0.000,90.629
"Tier 3 (Bronze SLA - Batch)","PutLarge",1,0,89.994,0.000,89.992
"Tier 3 (Bronze SLA - Batch)","GetLarge",1,0,55.309,0.000,55.306
"Tier 3 (Bronze SLA - Batch)","PutLarge",1,0,85.631,0.000,85.627
"Tier 3 (Bronze SLA - Batch)","PutLarge",1,0,100.174,0.000,100.171
"Tier 3 (Bronze SLA - Batch)","PutLarge",1,0,95.904,0.000,95.902
"Tier 3 (Bronze SLA - Batch)","PutLarge",1,0,78.562,0.000,78.559
"Tier 3 (Bronze SLA - Batch)","GetLarge",1,0,59.635,0.000,59.631
"Tier 3 (Bronze SLA - Batch)","PutLarge",1,0,82.922,0.000,82.921
"Tier 3 (Bronze SLA - Batch)","PutLarge",1,0,89.173,0.000,89.171
"Tier 3 (Bronze SLA - Batch)","PutLarge",1,0,85.690,0.000,85.687
"Tier 3 (Bronze SLA - Batch)","GetLarge",1,0,50.060,0.000,50.059
"Tier 3 (Bronze SLA - Batch)","PutLarge",1,0,85.659,0.000,85.657
"Tier 3 (Bronze SLA - Batch)","PutLarge",1,0,86.526,0.000,86.524
"Tier 3 (Bronze SLA - Batch)","PutLarge",1,0,92.955,0.000,92.951
"Tier 3 (Bronze SLA - Batch)","GetLarge",1,0,56.660,0.000,56.657
"Tier 3 (Bronze SLA - Batch)","GetLarge",1,0,55.964,0.000,55.962
"Tier 3 (Bronze SLA - Batch)","GetLarge",1,0,53.158,0.000,53.155
"Tier 3 (Bronze SLA - Batch)","PutLarge",1,0,81.654,0.000,81.651
"Tier 3 (Bronze SLA - Batch)","GetLarge",1,0,57.722,0.000,57.719
"Tier 3 (Bronze SLA - Batch)","PutLarge",1,0,79.235,0.000,79.232
"Tier 3 (Bronze SLA - Batch)","PutLarge",1,0,85.114,0.000,85.113
"Tier 3 (Bronze SLA - Batch)","PutLarge",1,0,74.983,0.000,74.981
"Tier 3 (Bronze SLA - Batch)","PutLarge",1,0,91.893,0.000,91.891
"Tier 3 (Bronze SLA - Batch)","GetLarge",1,0,54.478,0.000,54.476
"Tier 3 (Bronze SLA - Batch)","GetLarge",1,0,62.749,0.000,62.747
"Tier 3 (Bronze SLA - Batch)","PutLarge",1,0,75.954,0.000,75.946
"Tier 3 (Bronze SLA - Batch)","PutLarge",1,0,88.437,0.000,88.434
"Tier 3 (Bronze SLA - Batch)","PutLarge",1,0,83.433,0.000,83.430
"Tier 3 (Bronze SLA - Batch)","PutLarge",1,0,82.831,0.000,82.828
"Tier 3 (Bronze SLA - Batch)","PutLarge",1,0,85.425,0.000,85.423
"Tier 3 (Bronze SLA - Batch)","GetLarge",1,0,58.378,0.000,58.373
"Tier 3 (Bronze SLA - Batch)","PutLarge",1,0,77.198,0.000,77.195
"Tier 3 (Bronze SLA - Batch)","PutLarge",1,0,85.560,0.000,85.558
"Tier 3 (Bronze SLA - Batch)","PutLarge",1,0,83.466,0.000,83.463
"Tier 3 (Bronze SLA - Batch)","PutLarge",1,0,89.704,0.000,89.700
"Tier 3 (Bronze SLA - Batch)","PutLarge",1,0,82.522,0.000,82.518
"Tier 3 (Bronze SLA - Batch)","PutLarge",1,0,83.194,0.000,83.192
"Tier 3 (Bronze SLA - Batch)","GetLarge",1,0,58.543,0.000,58.541
"Tier 3 (Bronze SLA - Batch)","PutLarge",1,0,97.171,0.000,97.169
"Tier 3 (Bronze SLA - Batch)","PutLarge",1,0,90.726,0.000,90.722
"Tier 3 (Bronze SLA - Batch)","PutLarge",1,0,89.247,0.000,89.244
"Tier 3 (Bronze SLA - Batch)","PutLarge",1,0,92.496,0.000,92.494
"Tier 3 (Bronze SLA - Batch)","GetLarge",1,0,61.043,0.000,61.040
"Tier 3 (Bronze SLA - Batch)","GetLarge",1,0,55.534,0.000,55.531
"Tier 3 (Bronze SLA - Batch)","PutLarge",1,0,85.029,0.000,85.025
"Tier 3 (Bronze SLA - Batch)","PutLarge",1,0,86.737,0.000,86.735
"Tier 3 (Bronze SLA - Batch)","PutLarge",1,0,93.656,0.000,93.651
"Tier 3 (Bronze SLA - Batch)","PutLarge",1,0,82.814,0.000,82.811
"Tier 3 (Bronze SLA - Batch)","PutLarge",1,0,89.511,0.000,89.509
"Tier 3 (Bronze SLA - Batch)","PutLarge",1,0,86.379,0.000,86.372
"Tier 3 (Bronze SLA - Batch)","PutLarge",1,0,89.810,0.000,89.807
"Tier 3 (Bronze SLA - Batch)","PutLarge",1,0,75.679,0.000,75.675
"Tier 3 (Bronze SLA - Batch)","PutLarge",1,0,87.081,0.000,87.079
"Tier 3 (Bronze SLA - Batch)","PutLarge",1,0,89.938,0.000,89.936
"Tier 3 (Bronze SLA - Batch)","GetLarge",1,0,60.555,0.000,60.543
"Tier 3 (Bronze SLA - Batch)","PutLarge",1,0,80.658,0.000,80.655
"Tier 3 (Bronze SLA - Batch)","PutLarge",1,0,86.090,0.000,86.088
"Tier 3 (Bronze SLA - Batch)","GetLarge",1,0,62.533,0.000,62.531
"Tier 3 (Bronze SLA - Batch)","GetLarge",1,0,61.261,0.000,61.254
"Tier 3 (Bronze SLA - Batch)","GetLarge",1,0,60.783,0.000,60.781
"Tier 3 (Bronze SLA - Batch)","PutLarge",1,0,80.306,0.000,80.305
"Tier 3 (Bronze SLA - Batch)","PutLarge",1,0,95.082,0.000,95.080
"Tier 3 (Bronze SLA - Batch)","PutLarge",1,0,85.974,0.000,85.973
"Tier 3 (Bronze SLA - Batch)","PutLarge",1,0,76.746,0.000,76.744
"Tier 3 (Bronze SLA - Batch)","PutLarge",1,0,94.292,0.000,94.291
"Tier 3 (Bronze SLA - Batch)","PutLarge",1,0,88.586,0.000,88.550
"Tier 3 (Bronze SLA - Batch)","PutLarge",1,0,89.014,0.000,89.005
"Tier 3 (Bronze SLA - Batch)","PutLarge",1,0,83.028,0.000,83.023
"Tier 3 (Bronze SLA - Batch)","PutLarge",1,0,94.591,0.000,94.583
"Tier 3 (Bronze SLA - Batch)","PutLarge",1,0,79.508,0.000,79.505
"Tier 3 (Bronze SLA - Batch)","GetLarge",1,0,52.649,0.000,52.647
"Tier 3 (Bronze SLA - Batch)","PutLarge",1,0,85.612,0.000,85.609
"Tier 3 (Bronze SLA - Batch)","PutLarge",1,0,86.163,0.000,86.160
"Tier 3 (Bronze SLA - Batch)","PutLarge",1,0,89.921,0.000,89.917
"Tier 3 (Bronze SLA - Batch)","GetLarge",1,0,56.683,0.000,56.680
"Tier 3 (Bronze SLA - Batch)","GetLarge",1,0,56.222,0.000,56.219
"Tier 3 (Bronze SLA - Batch)","PutLarge",1,0,85.114,0.000,85.110
"Tier 3 (Bronze SLA - Batch)","PutLarge",1,0,86.909,0.000,86.906
"Tier 3 (Bronze SLA - Batch)","GetLarge",1,0,52.889,0.000,52.885
"Tier 3 (Bronze SLA - Batch)","PutLarge",1,0,87.932,0.000,87.928
"Tier 3 (Bronze SLA - Batch)","GetLarge",1,0,62.352,0.000,62.350
"Tier 3 (Bronze SLA - Batch)","GetLarge",1,0,55.731,0.000,55.728
"Tier 3 (Bronze SLA - Batch)","PutLarge",1,0,79.809,0.000,79.807
"Tier 3 (Bronze SLA - Batch)","PutLarge",1,0,89.540,0.000,89.538
"Tier 3 (Bronze SLA - Batch)","PutLarge",1,0,92.345,0.000,92.342
"Tier 3 (Bronze SLA - Batch)","PutLarge",1,0,89.609,0.000,89.607
"Tier 3 (Bronze SLA - Batch)","PutLarge",1,0,83.769,0.000,83.767
"Tier 3 (Bronze SLA - Batch)","GetLarge",1,0,66.678,0.000,66.670
"Tier 3 (Bronze SLA - Batch)","GetLarge",1,0,51.386,0.000,51.384
"Tier 3 (Bronze SLA - Batch)","PutLarge",1,0,83.880,0.000,83.879
"Tier 3 (Bronze SLA - Batch)","PutLarge",1,0,92.583,0.000,92.580
"Tier 3 (Bronze SLA - Batch)","GetLarge",1,0,51.706,0.001,51.701
"Tier 3 (Bronze SLA - Batch)","PutLarge",1,0,90.414,0.000,90.412
"Tier 3 (Bronze SLA - Batch)","GetLarge",1,0,55.854,0.000,55.852
"Tier 3 (Bronze SLA - Batch)","PutLarge",1,0,95.077,0.000,95.075
"Tier 3 (Bronze SLA - Batch)","PutLarge",1,0,87.979,0.000,87.976
"Tier 3 (Bronze SLA - Batch)","PutLarge",1,0,88.397,0.000,88.391
"Tier 3 (Bronze SLA - Batch)","GetLarge",1,0,64.716,0.000,64.714
"Tier 3 (Bronze SLA - Batch)","PutLarge",1,0,75.167,0.000,75.165
"Tier 3 (Bronze SLA - Batch)","PutLarge",1,0,85.594,0.000,85.591
"Tier 3 (Bronze SLA - Batch)","PutLarge",1,0,97.651,0.000,97.648
"Tier 3 (Bronze SLA - Batch)","PutLarge",1,0,96.149,0.000,96.147
"Tier 3 (Bronze SLA - Batch)","PutLarge",1,0,83.403,0.000,83.376
"Tier 3 (Bronze SLA - Batch)","PutLarge",1,0,87.696,0.000,87.689
"Tier 3 (Bronze SLA - Batch)","GetLarge",1,0,64.400,0.000,64.397
"Tier 3 (Bronze SLA - Batch)","PutLarge",1,0,91.131,0.000,91.128
"Tier 3 (Bronze SLA - Batch)","GetLarge",1,0,53.943,0.000,53.940
"Tier 3 (Bronze SLA - Batch)","PutLarge",1,0,77.731,0.000,77.728
"Tier 3 (Bronze SLA - Batch)","PutLarge",1,0,82.885,0.000,82.882
"Tier 3 (Bronze SLA - Batch)","PutLarge",1,0,79.573,0.000,79.570
"Tier 3 (Bronze SLA - Batch)","PutLarge",1,0,88.794,0.000,88.792
"Tier 3 (Bronze SLA - Batch)","GetLarge",1,0,59.891,0.000,59.888
"Tier 3 (Bronze SLA - Batch)","PutLarge",1,0,85.275,0.000,85.272
"Tier 3 (Bronze SLA - Batch)","PutLarge",1,0,93.913,0.000,93.911
"Tier 3 (Bronze SLA - Batch)","PutLarge",1,0,92.472,0.000,92.470
"Tier 3 (Bronze SLA - Batch)","GetLarge",1,0,53.504,0.000,53.492
"Tier 3 (Bronze SLA - Batch)","GetLarge",1,0,58.544,0.000,58.530
"Tier 3 (Bronze SLA - Batch)","PutLarge",1,0,82.471,0.000,82.468
"Tier 3 (Bronze SLA - Batch)","GetLarge",1,0,58.479,0.000,58.477
"Tier 3 (Bronze SLA - Batch)","GetLarge",1,0,55.838,0.000,55.834
"Tier 3 (Bronze SLA - Batch)","PutLarge",1,0,93.049,0.000,93.047
"Tier 3 (Bronze SLA - Batch)","PutLarge",1,0,96.708,0.000,96.706
"Tier 3 (Bronze SLA - Batch)","PutLarge",1,0,91.929,0.000,91.926
"Tier 3 (Bronze SLA - Batch)","PutLarge",1,0,95.972,0.000,95.969
"Tier 3 (Bronze SLA - Batch)","PutLarge",1,0,86.465,0.000,86.463
"Tier 3 (Bronze SLA - Batch)","GetLarge",1,0,59.990,0.000,59.987
"Tier 3 (Bronze SLA - Batch)","GetLarge",1,0,56.648,0.000,56.645
"Tier 3 (Bronze SLA - Batch)","GetLarge",1,0,53.084,0.000,53.081
"Tier 3 (Bronze SLA - Batch)","PutLarge",1,0,77.329,0.000,77.328
"Tier 3 (Bronze SLA - Batch)","PutLarge",1,0,84.742,0.000,84.739
"Tier 3 (Bronze SLA - Batch)","GetLarge",1,0,53.988,0.000,53.984
"Tier 3 (Bronze SLA - Batch)","PutLarge",1,0,88.134,0.000,88.133
"Tier 3 (Bronze SLA - Batch)","GetLarge",1,0,48.653,0.000,48.651
"Tier 3 (Bronze SLA - Batch)","PutLarge",1,0,95.453,0.000,95.451
"Tier 3 (Bronze SLA - Batch)","PutLarge",1,0,87.151,0.000,87.149
"Tier 3 (Bronze SLA - Batch)","GetLarge",1,0,51.109,0.000,51.108
"Tier 3 (Bronze SLA - Batch)","PutLarge",1,0,97.202,0.000,97.193
"Tier 3 (Bronze SLA - Batch)","GetLarge",1,0,58.551,0.000,58.547
"Tier 3 (Bronze SLA - Batch)","GetLarge",1,0,60.230,0.000,60.228
"Tier 3 (Bronze SLA - Batch)","GetLarge",1,0,60.862,0.000,60.858
"Tier 3 (Bronze SLA - Batch)","PutLarge",1,0,83.454,0.000,83.452
"Tier 3 (Bronze SLA - Batch)","PutLarge",1,0,85.435,0.000,85.431
"Tier 3 (Bronze SLA - Batch)","GetLarge",1,0,53.629,0.000,53.627
"Tier 3 (Bronze SLA - Batch)","GetLarge",1,0,60.404,0.000,60.396
"Tier 3 (Bronze SLA - Batch)","PutLarge",1,0,90.869,0.000,90.867
"Tier 3 (Bronze SLA - Batch)","PutLarge",1,0,83.501,0.000,83.491
"Tier 3 (Bronze SLA - Batch)","GetLarge",1,0,56.359,0.000,56.356
"Tier 3 (Bronze SLA - Batch)","PutLarge",1,0,80.737,0.000,80.735
"Tier 3 (Bronze SLA - Batch)","PutLarge",1,0,95.910,0.000,95.907
"Tier 3 (Bronze SLA - Batch)","GetLarge",1,0,55.854,0.000,55.852
"Tier 3 (Bronze SLA - Batch)","PutLarge",1,0,85.459,0.000,85.457
"Tier 3 (Bronze SLA - Batch)","GetLarge",1,0,54.307,0.000,54.304
"Tier 3 (Bronze SLA - Batch)","PutLarge",1,0,96.922,0.000,96.920
"Tier 3 (Bronze SLA - Batch)","PutLarge",1,0,95.903,0.000,95.902
"Tier 3 (Bronze SLA - Batch)","PutLarge",1,0,81.842,0.001,81.838
"Tier 3 (Bronze SLA - Batch)","PutLarge",1,0,95.670,0.000,95.668
"Tier 3 (Bronze SLA - Batch)","PutLarge",1,0,94.579,0.000,94.576
"Tier 3 (Bronze SLA - Batch)","PutLarge",1,0,80.862,0.000,80.860
"Tier 3 (Bronze SLA - Batch)","PutLarge",1,0,94.742,0.000,94.739
"Tier 3 (Bronze SLA - Batch)","PutLarge",1,0,87.169,0.000,87.166
"Tier 3 (Bronze SLA - Batch)","GetLarge",1,0,57.167,0.000,57.164
"Tier 3 (Bronze SLA - Batch)","PutLarge",1,0,85.224,0.000,85.223
"Tier 3 (Bronze SLA - Batch)","GetLarge",1,0,60.280,0.000,60.278
"Tier 3 (Bronze SLA - Batch)","GetLarge",1,0,55.802,0.000,55.800
"Tier 3 (Bronze SLA - Batch)","PutLarge",1,0,81.365,0.000,81.363
"Tier 3 (Bronze SLA - Batch)","PutLarge",1,0,82.605,0.000,82.593
"Tier 3 (Bronze SLA - Batch)","GetLarge",1,0,59.567,0.000,59.565
"Tier 3 (Bronze SLA - Batch)","PutLarge",1,0,86.600,0.000,86.598
"Tier 3 (Bronze SLA - Batch)","GetLarge",1,0,58.096,0.000,58.094
"Tier 3 (Bronze SLA - Batch)","PutLarge",1,0,82.218,0.000,82.217
"Tier 3 (Bronze SLA - Batch)","GetLarge",1,0,60.344,0.000,60.340
"Tier 3 (Bronze SLA - Batch)","PutLarge",1,0,82.920,0.000,82.917
"Tier 3 (Bronze SLA - Batch)","PutLarge",1,0,89.898,0.000,89.896
"Tier 3 (Bronze SLA - Batch)","PutLarge",1,0,89.519,0.000,89.517
"Tier 3 (Bronze SLA - Batch)","PutLarge",1,0,94.353,0.000,94.352
"Tier 3 (Bronze SLA - Batch)","PutLarge",1,0,91.163,0.000,91.160
"Tier 3 (Bronze SLA - Batch)","PutLarge",1,0,90.741,0.000,90.739
"Tier 3 (Bronze SLA - Batch)","PutLarge",1,0,95.327,0.000,95.324
"Tier 3 (Bronze SLA - Batch)","PutLarge",1,0,84.327,0.000,84.323
"Tier 3 (Bronze SLA - Batch)","PutLarge",1,0,95.197,0.000,95.169
"Tier 3 (Bronze SLA - Batch)","PutLarge",1,0,95.395,0.000,95.393
"Tier 3 (Bronze SLA - Batch)","PutLarge",1,0,89.852,0.000,89.850
"Tier 3 (Bronze SLA - Batch)","PutLarge",1,0,96.920,0.000,96.918
"Tier 3 (Bronze SLA - Batch)","GetLarge",1,0,57.875,0.000,57.872
"Tier 3 (Bronze SLA - Batch)","PutLarge",1,0,85.246,0.000,85.244
"Tier 3 (Bronze SLA - Batch)","GetLarge",1,0,54.110,0.000,54.102
"Tier 3 (Bronze SLA - Batch)","GetLarge",1,0,55.791,0.000,55.789
"Tier 3 (Bronze SLA - Batch)","PutLarge",1,0,93.910,0.000,93.908
"Tier 3 (Bronze SLA - Batch)","GetLarge",1,0,57.020,0.000,57.018
"Tier 3 (Bronze SLA - Batch)","GetLarge",1,0,51.405,0.000,51.403
"Tier 3 (Bronze SLA - Batch)","PutLarge",1,0,92.927,0.000,92.925
"Tier 3 (Bronze SLA - Batch)","GetLarge",1,0,60.993,0.000,60.991
"Tier 3 (Bronze SLA - Batch)","PutLarge",1,0,90.718,0.000,90.715
"Tier 3 (Bronze SLA - Batch)","PutLarge",1,0,80.842,0.000,80.841
"Tier 3 (Bronze SLA - Batch)","PutLarge",1,0,80.403,0.000,80.367
"Tier 3 (Bronze SLA - Batch)","PutLarge",1,0,85.090,0.000,85.082
"Tier 3 (Bronze SLA - Batch)","GetLarge",1,0,62.317,0.000,62.316
"Tier 3 (Bronze SLA - Batch)","PutLarge",1,0,81.329,0.000,81.326
"Tier 3 (Bronze SLA - Batch)","PutLarge",1,0,90.384,0.000,90.381
"Tier 3 (Bronze SLA - Batch)","PutLarge",1,0,93.256,0.000,93.253
"Tier 3 (Bronze SLA - Batch)","PutLarge",1,0,80.352,0.000,80.349
"Tier 3 (Bronze SLA - Batch)","GetLarge",1,0,53.949,0.000,53.946
"Tier 3 (Bronze SLA - Batch)","GetLarge",1,0,55.749,0.000,55.745
"Tier 3 (Bronze SLA - Batch)","PutLarge",1,0,86.204,0.000,86.201
"Tier 3 (Bronze SLA - Batch)","PutLarge",1,0,98.643,0.000,98.641
"Tier 3 (Bronze SLA - Batch)","GetLarge",1,0,57.072,0.000,57.065
"Tier 3 (Bronze SLA - Batch)","PutLarge",1,0,84.529,0.000,84.527
"Tier 3 (Bronze SLA - Batch)","PutLarge",1,0,84.026,0.000,84.019
"Tier 3 (Bronze SLA - Batch)","GetLarge",1,0,58.985,0.000,58.983
"Tier 3 (Bronze SLA - Batch)","GetLarge",1,0,60.171,0.000,60.169
"Tier 3 (Bronze SLA - Batch)","PutLarge",1,0,83.952,0.000,83.950
"Tier 3 (Bronze SLA - Batch)","PutLarge",1,0,82.463,0.000,82.461
"Tier 3 (Bronze SLA - Batch)","PutLarge",1,0,90.252,0.000,90.250
"Tier 3 (Bronze SLA - Batch)","PutLarge",1,0,91.486,0.000,91.484
"Tier 3 (Bronze SLA - Batch)","GetLarge",1,0,54.658,0.000,54.655
"Tier 3 (Bronze SLA - Batch)","PutLarge",1,0,89.158,0.000,89.155
"Tier 3 (Bronze SLA - Batch)","PutLarge",1,0,96.241,0.000,96.239
"Tier 3 (Bronze SLA - Batch)","PutLarge",1,0,77.111,0.000,77.092
"Tier 3 (Bronze SLA - Batch)","PutLarge",1,0,89.844,0.000,89.840
"Tier 3 (Bronze SLA - Batch)","PutLarge",1,0,81.861,0.000,81.855
"Tier 3 (Bronze SLA - Batch)","PutLarge",1,0,83.561,0.000,83.557
"Tier 3 (Bronze SLA - Batch)","PutLarge",1,0,95.996,0.000,95.992
"Tier 3 (Bronze SLA - Batch)","PutLarge",1,0,88.062,0.000,88.052
"Tier 3 (Bronze SLA - Batch)","PutLarge",1,0,88.796,0.000,88.794
"Tier 3 (Bronze SLA - Batch)","GetLarge",1,0,51.258,0.000,51.254
"Tier 3 (Bronze SLA - Batch)","GetLarge",1,0,64.279,0.000,64.276
"Tier 3 (Bronze SLA - Batch)","PutLarge",1,0,89.671,0.000,89.668
"Tier 3 (Bronze SLA - Batch)","PutLarge",1,0,84.298,0.000,84.295
"Tier 3 (Bronze SLA - Batch)","PutLarge",1,0,83.643,0.000,83.640
"Tier 3 (Bronze SLA - Batch)","PutLarge",1,0,90.258,0.000,90.246
"Tier 3 (Bronze SLA - Batch)","PutLarge",1,0,88.574,0.000,88.543
"Tier 3 (Bronze SLA - Batch)","PutLarge",1,0,79.582,0.000,79.579
"Tier 3 (Bronze SLA - Batch)","PutLarge",1,0,85.988,0.000,85.978
"Tier 3 (Bronze SLA - Batch)","PutLarge",1,0,81.276,0.000,81.273
"Tier 3 (Bronze SLA - Batch)","PutLarge",1,0,82.449,0.000,82.445
"Tier 3 (Bronze SLA - Batch)","PutLarge",1,0,94.267,0.000,94.265
"Tier 3 (Bronze SLA - Batch)","PutLarge",1,0,86.108,0.000,86.104
"Tier 3 (Bronze SLA - Batch)","GetLarge",1,0,53.431,0.000,53.428
"Tier 3 (Bronze SLA - Batch)","GetLarge",1,0,57.305,0.000,57.303
"Tier 3 (Bronze SLA - Batch)","PutLarge",1,0,78.019,0.000,78.016
"Tier 3 (Bronze SLA - Batch)","PutLarge",1,0,90.913,0.000,90.911
"Tier 3 (Bronze SLA - Batch)","GetLarge",1,0,55.383,0.000,55.379
"Tier 3 (Bronze SLA - Batch)","GetLarge",1,0,63.554,0.000,63.552
"Tier 3 (Bronze SLA - Batch)","PutLarge",1,0,96.489,0.000,96.483
"Tier 3 (Bronze SLA - Batch)","PutLarge",1,0,94.399,0.000,94.397
"Tier 3 (Bronze SLA - Batch)","GetLarge",1,0,59.201,0.000,59.198
"Tier 3 (Bronze SLA - Batch)","PutLarge",1,0,90.191,0.000,90.188
"Tier 3 (Bronze SLA - Batch)","PutLarge",1,0,91.991,0.000,91.983
"Tier 3 (Bronze SLA - Batch)","PutLarge",1,0,92.467,0.000,92.461
"Tier 3 (Bronze SLA - Batch)","PutLarge",1,0,88.402,0.001,88.398
"Tier 3 (Bronze SLA - Batch)","GetLarge",1,0,57.890,0.000,57.887
"Tier 3 (Bronze SLA - Batch)","PutLarge",1,0,88.879,0.000,88.875
"Tier 3 (Bronze SLA - Batch)","GetLarge",1,0,60.357,0.000,60.354
"Tier 3 (Bronze SLA - Batch)","PutLarge",1,0,95.924,0.000,95.919
"Tier 3 (Bronze SLA - Batch)","PutLarge",1,0,78.680,0.000,78.675
"Tier 3 (Bronze SLA - Batch)","GetLarge",1,0,59.226,0.000,59.223
"Tier 3 (Bronze SLA - Batch)","PutLarge",1,0,85.635,0.000,85.630
"Tier 3 (Bronze SLA - Batch)","PutLarge",1,0,93.341,0.000,93.335
"Tier 3 (Bronze SLA - Batch)","GetLarge",1,0,54.754,0.001,54.751
"Tier 3 (Bronze SLA - Batch)","PutLarge",1,0,86.454,0.000,86.448
"Tier 3 (Bronze SLA - Batch)","GetLarge",1,0,56.145,0.001,56.141
"Tier 3 (Bronze SLA - Batch)","PutLarge",1,0,80.031,0.000,80.027
"Tier 3 (Bronze SLA - Batch)","GetLarge",1,0,56.423,0.001,56.420
"Tier 3 (Bronze SLA - Batch)","PutLarge",1,0,83.923,0.000,83.919
"Tier 3 (Bronze SLA - Batch)","PutLarge",1,0,83.638,0.000,83.634
"Tier 3 (Bronze SLA - Batch)","GetLarge",1,0,56.957,0.001,56.951
"Tier 3 (Bronze SLA - Batch)","PutLarge",1,0,76.815,0.000,76.811
"Tier 3 (Bronze SLA - Batch)","PutLarge",1,0,89.627,0.000,89.625
"Tier 3 (Bronze SLA - Batch)","PutLarge",1,0,83.331,0.000,83.327
"Tier 3 (Bronze SLA - Batch)","GetLarge",1,0,58.985,0.001,58.980
"Tier 3 (Bronze SLA - Batch)","GetLarge",1,0,53.913,0.000,53.909
"Tier 3 (Bronze SLA - Batch)","GetLarge",1,0,55.490,0.000,55.488
"Tier 3 (Bronze SLA - Batch)","PutLarge",1,0,97.266,0.000,97.263
"Tier 3 (Bronze SLA - Batch)","PutLarge",1,0,93.574,0.000,93.572
"Tier 3 (Bronze SLA - Batch)","PutLarge",1,0,95.136,0.000,95.133
"Tier 3 (Bronze SLA - Batch)","PutLarge",1,0,81.338,0.001,81.334
"Tier 3 (Bronze SLA - Batch)","PutLarge",1,0,94.847,0.000,94.842
"Tier 3 (Bronze SLA - Batch)","PutLarge",1,0,77.308,0.000,77.303
"Tier 3 (Bronze SLA - Batch)","PutLarge",1,0,80.044,0.001,80.040
"Tier 3 (Bronze SLA - Batch)","PutLarge",1,0,83.855,0.000,83.852
"Tier 3 (Bronze SLA - Batch)","PutLarge",1,0,85.574,0.000,85.571
"Tier 3 (Bronze SLA - Batch)","GetLarge",1,0,57.522,0.001,57.518
"Tier 3 (Bronze SLA - Batch)","GetLarge",1,0,57.911,0.001,57.905
"Tier 3 (Bronze SLA - Batch)","PutLarge",1,0,90.198,0.000,90.193
"Tier 3 (Bronze SLA - Batch)","PutLarge",1,0,91.560,0.000,91.557
"Tier 3 (Bronze SLA - Batch)","PutLarge",1,0,92.850,0.000,92.846
"Tier 3 (Bronze SLA - Batch)","GetLarge",1,0,60.719,0.000,60.714
"Tier 3 (Bronze SLA - Batch)","GetLarge",1,0,54.379,0.000,54.371
"Tier 3 (Bronze SLA - Batch)","PutLarge",1,0,84.024,0.000,84.017
"Tier 3 (Bronze SLA - Batch)","PutLarge",1,0,80.778,0.000,80.772
"Tier 3 (Bronze SLA - Batch)","PutLarge",1,0,76.411,0.000,76.405
"Tier 3 (Bronze SLA - Batch)","PutLarge",1,0,85.968,0.000,85.960
"Tier 3 (Bronze SLA - Batch)","GetLarge",1,0,52.988,0.000,52.985
"Tier 3 (Bronze SLA - Batch)","GetLarge",1,0,62.710,0.001,62.707
"Tier 3 (Bronze SLA - Batch)","PutLarge",1,0,82.874,0.001,82.872
"Tier 3 (Bronze SLA - Batch)","PutLarge",1,0,81.556,0.000,81.550
"Tier 3 (Bronze SLA - Batch)","PutLarge",1,0,80.873,0.000,80.868
"Tier 3 (Bronze SLA - Batch)","GetLarge",1,0,58.683,0.001,58.677
"Tier 3 (Bronze SLA - Batch)","PutLarge",1,0,90.713,0.000,90.709
"Tier 3 (Bronze SLA - Batch)","PutLarge",1,0,77.471,0.001,77.467
"Tier 3 (Bronze SLA - Batch)","PutLarge",1,0,81.813,0.000,81.810
"Tier 3 (Bronze SLA - Batch)","PutLarge",1,0,89.215,0.000,89.210
"Tier 3 (Bronze SLA - Batch)","PutLarge",1,0,83.233,0.000,83.229
"Tier 3 (Bronze SLA - Batch)","PutLarge",1,0,92.879,0.000,92.876
"Tier 3 (Bronze SLA - Batch)","PutLarge",1,0,89.907,0.000,89.898
"Tier 3 (Bronze SLA - Batch)","PutLarge",1,0,78.066,0.000,78.054
"Tier 3 (Bronze SLA - Batch)","GetLarge",1,0,65.992,0.001,65.988
"Tier 3 (Bronze SLA - Batch)","PutLarge",1,0,90.956,0.000,90.953
"Tier 3 (Bronze SLA - Batch)","PutLarge",1,0,93.058,0.000,93.054
"Tier 3 (Bronze SLA - Batch)","PutLarge",1,0,91.720,0.000,91.714
"Tier 3 (Bronze SLA - Batch)","PutLarge",1,0,90.699,0.000,90.693
"Tier 3 (Bronze SLA - Batch)","PutLarge",1,0,84.162,0.001,84.154
"Tier 3 (Bronze SLA - Batch)","PutLarge",1,0,90.843,0.000,90.835
"Tier 3 (Bronze SLA - Batch)","GetLarge",1,0,64.184,0.000,64.180
"Tier 3 (Bronze SLA - Batch)","PutLarge",1,0,90.792,0.000,90.789
"Tier 3 (Bronze SLA - Batch)","PutLarge",1,0,89.647,0.001,89.644
"Tier 3 (Bronze SLA - Batch)","PutLarge",1,0,79.575,0.000,79.572
"Tier 3 (Bronze SLA - Batch)","PutLarge",1,0,90.758,0.000,90.756
"Tier 3 (Bronze SLA - Batch)","GetLarge",1,0,62.686,0.000,62.681
"Tier 3 (Bronze SLA - Batch)","PutLarge",1,0,83.632,0.001,83.629
"Tier 3 (Bronze SLA - Batch)","PutLarge",1,0,91.525,0.000,91.502
"Tier 3 (Bronze SLA - Batch)","PutLarge",1,0,81.396,0.000,81.385
"Tier 3 (Bronze SLA - Batch)","PutLarge",1,0,78.301,0.000,78.298
"Tier 3 (Bronze SLA - Batch)","PutLarge",1,0,89.176,0.000,89.172
"Tier 3 (Bronze SLA - Batch)","PutLarge",1,0,86.428,0.001,86.423
"Tier 3 (Bronze SLA - Batch)","PutLarge",1,0,92.713,0.000,92.709
"Tier 3 (Bronze SLA - Batch)","PutLarge",1,0,81.496,0.001,81.492
"Tier 3 (Bronze SLA - Batch)","PutLarge",1,0,84.492,0.000,84.489
"Tier 3 (Bronze SLA - Batch)","PutLarge",1,0,92.426,0.000,92.422
"Tier 3 (Bronze SLA - Batch)","PutLarge",1,0,92.056,0.000,92.053
"Tier 3 (Bronze SLA - Batch)","PutLarge",1,0,79.275,0.000,79.272
"Tier 3 (Bronze SLA - Batch)","PutLarge",1,0,90.652,0.001,90.632
"Tier 3 (Bronze SLA - Batch)","PutLarge",1,0,91.186,0.000,91.183
"Tier 3 (Bronze SLA - Batch)","GetLarge",1,0,60.882,0.000,60.877
"Tier 3 (Bronze SLA - Batch)","GetLarge",1,0,57.069,0.000,57.066
"Tier 3 (Bronze SLA - Batch)","PutLarge",1,0,89.494,0.000,89.492
"Tier 3 (Bronze SLA - Batch)","PutLarge",1,0,80.493,0.001,80.489
"Tier 3 (Bronze SLA - Batch)","PutLarge",1,0,91.184,0.001,91.181
"Tier 3 (Bronze SLA - Batch)","PutLarge",1,0,85.150,0.000,85.148
"Tier 3 (Bronze SLA - Batch)","PutLarge",1,0,88.561,0.001,88.557
"Tier 3 (Bronze SLA - Batch)","GetLarge",1,0,60.873,0.000,60.867
"Tier 3 (Bronze SLA - Batch)","PutLarge",1,0,90.534,0.000,90.531
"Tier 3 (Bronze SLA - Batch)","PutLarge",1,0,88.991,0.000,88.981
"Tier 3 (Bronze SLA - Batch)","PutLarge",1,0,85.193,0.000,85.190
"Tier 3 (Bronze SLA - Batch)","PutLarge",1,0,95.966,0.000,95.963
"Tier 3 (Bronze SLA - Batch)","PutLarge",1,0,77.478,0.001,77.474
"Tier 3 (Bronze SLA - Batch)","PutLarge",1,0,79.984,0.000,79.981
"Tier 3 (Bronze SLA - Batch)","PutLarge",1,0,82.825,0.000,82.815
"Tier 3 (Bronze SLA - Batch)","GetLarge",1,0,51.311,0.001,51.308
"Tier 3 (Bronze SLA - Batch)","PutLarge",1,0,89.808,0.001,89.805
"Tier 3 (Bronze SLA - Batch)","PutLarge",1,0,84.789,0.000,84.787
"Tier 3 (Bronze SLA - Batch)","PutLarge",1,0,92.568,0.000,92.566
"Tier 3 (Bronze SLA - Batch)","PutLarge",1,0,83.399,0.001,83.396
"Tier 3 (Bronze SLA - Batch)","GetLarge",1,0,54.495,0.000,54.492
"Tier 3 (Bronze SLA - Batch)","PutLarge",1,0,88.479,0.001,88.473
"Tier 3 (Bronze SLA - Batch)","PutLarge",1,0,89.737,0.001,89.733
"Tier 3 (Bronze SLA - Batch)","PutLarge",1,0,83.958,0.000,83.955
"Tier 3 (Bronze SLA - Batch)","PutLarge",1,0,93.877,0.001,93.874
"Tier 3 (Bronze SLA - Batch)","PutLarge",1,0,86.124,0.000,86.121
"Tier 3 (Bronze SLA - Batch)","PutLarge",1,0,82.073,0.000,82.070
"Tier 3 (Bronze SLA - Batch)","PutLarge",1,0,88.118,0.000,88.116
"Tier 3 (Bronze SLA - Batch)","PutLarge",1,0,78.196,0.001,78.192
"Tier 3 (Bronze SLA - Batch)","PutLarge",1,0,93.492,0.001,93.489
"Tier 3 (Bronze SLA - Batch)","PutLarge",1,0,84.115,0.000,84.111
"Tier 3 (Bronze SLA - Batch)","PutLarge",1,0,91.318,0.001,91.315
"Tier 3 (Bronze SLA - Batch)","GetLarge",1,0,59.222,0.000,59.219
"Tier 3 (Bronze SLA - Batch)","PutLarge",1,0,96.990,0.000,96.987
"Tier 3 (Bronze SLA - Batch)","PutLarge",1,0,98.229,0.001,98.225
"Tier 3 (Bronze SLA - Batch)","PutLarge",1,0,85.830,0.000,85.828
"Tier 3 (Bronze SLA - Batch)","PutLarge",1,0,82.952,0.000,82.950
"Tier 3 (Bronze SLA - Batch)","GetLarge",1,0,58.265,0.000,58.262
"Tier 3 (Bronze SLA - Batch)","GetLarge",1,0,66.104,0.001,66.102
"Tier 3 (Bronze SLA - Batch)","PutLarge",1,0,82.885,0.000,82.881
"Tier 3 (Bronze SLA - Batch)","PutLarge",1,0,79.970,0.002,79.967
"Tier 3 (Bronze SLA - Batch)","PutLarge",1,0,94.875,0.001,94.871
"Tier 3 (Bronze SLA - Batch)","PutLarge",1,0,87.773,0.001,87.768
"Tier 3 (Bronze SLA - Batch)","GetLarge",1,0,56.599,0.000,56.597
"Tier 3 (Bronze SLA - Batch)","GetLarge",1,0,57.377,0.000,57.367
"Tier 3 (Bronze SLA - Batch)","PutLarge",1,0,76.913,0.001,76.909
"Tier 3 (Bronze SLA - Batch)","GetLarge",1,0,60.009,0.002,60.003
"Tier 3 (Bronze SLA - Batch)","PutLarge",1,0,89.188,0.000,89.185
"Tier 3 (Bronze SLA - Batch)","PutLarge",1,0,92.870,0.000,92.866
"Tier 3 (Bronze SLA - Batch)","PutLarge",1,0,97.625,0.000,97.623
"Tier 3 (Bronze SLA - Batch)","PutLarge",1,0,93.404,0.000,93.402
"Tier 3 (Bronze SLA - Batch)","PutLarge",1,0,81.474,0.000,81.472
"Tier 3 (Bronze SLA - Batch)","PutLarge",1,0,94.899,0.000,94.896
"Tier 3 (Bronze SLA - Batch)","PutLarge",1,0,91.645,0.001,91.642
"Tier 3 (Bronze SLA - Batch)","GetLarge",1,0,60.857,0.000,60.854
"Tier 3 (Bronze SLA - Batch)","PutLarge",1,0,85.535,0.000,85.533
"Tier 3 (Bronze SLA - Batch)","PutLarge",1,0,98.388,0.000,98.366
"Tier 3 (Bronze SLA - Batch)","PutLarge",1,0,99.871,0.000,99.869
"Tier 3 (Bronze SLA - Batch)","GetLarge",1,0,60.666,0.000,60.663
"Tier 3 (Bronze SLA - Batch)","GetLarge",1,0,63.871,0.000,63.867
"Tier 3 (Bronze SLA - Batch)","PutLarge",1,0,86.293,0.001,86.291
"Tier 3 (Bronze SLA - Batch)","GetLarge",1,0,62.894,0.000,62.891
"Tier 3 (Bronze SLA - Batch)","GetLarge",1,0,58.410,0.000,58.407
"Tier 3 (Bronze SLA - Batch)","GetLarge",1,0,55.939,0.000,55.934
"Tier 3 (Bronze SLA - Batch)","GetLarge",1,0,61.015,0.000,61.012
"Tier 3 (Bronze SLA - Batch)","GetLarge",1,0,50.300,0.000,50.298
"Tier 3 (Bronze SLA - Batch)","GetLarge",1,0,59.843,0.000,59.841
"Tier 3 (Bronze SLA - Batch)","PutLarge",1,0,95.779,0.000,95.777
"Tier 3 (Bronze SLA - Batch)","PutLarge",1,0,76.959,0.000,76.957
"Tier 3 (Bronze SLA - Batch)","GetLarge",1,0,63.797,0.000,63.794
"Tier 3 (Bronze SLA - Batch)","GetLarge",1,0,52.863,0.000,52.861
"Tier 3 (Bronze SLA - Batch)","PutLarge",1,0,98.614,0.000,98.612
"Tier 3 (Bronze SLA - Batch)","PutLarge",1,0,90.400,0.000,90.397
"Tier 3 (Bronze SLA - Batch)","PutLarge",1,0,84.603,0.000,84.600
"Tier 3 (Bronze SLA - Batch)","GetLarge",1,0,54.529,0.000,54.527
"Tier 3 (Bronze SLA - Batch)","PutLarge",1,0,84.864,0.000,84.862
"Tier 3 (Bronze SLA - Batch)","PutLarge",1,0,97.834,0.001,97.830
"Tier 3 (Bronze SLA - Batch)","PutLarge",1,0,85.233,0.000,85.229
"Tier 3 (Bronze SLA - Batch)","PutLarge",1,0,79.110,0.000,79.109
"Tier 3 (Bronze SLA - Batch)","PutLarge",1,0,92.223,0.000,92.221
"Tier 3 (Bronze SLA - Batch)","PutLarge",1,0,94.529,0.000,94.526
"Tier 3 (Bronze SLA - Batch)","PutLarge",1,0,76.405,0.000,76.403
"Tier 3 (Bronze SLA - Batch)","PutLarge",1,0,84.958,0.000,84.956
"Tier 3 (Bronze SLA - Batch)","PutLarge",1,0,91.970,0.000,91.967
"Tier 3 (Bronze SLA - Batch)","PutLarge",1,0,83.444,0.000,83.441
"Tier 3 (Bronze SLA - Batch)","PutLarge",1,0,82.935,0.000,82.933
"Tier 3 (Bronze SLA - Batch)","PutLarge",1,0,79.305,0.000,79.302
"Tier 3 (Bronze SLA - Batch)","PutLarge",1,0,82.876,0.000,82.873
"Tier 3 (Bronze SLA - Batch)","GetLarge",1,0,57.541,0.000,57.539
"Tier 3 (Bronze SLA - Batch)","GetLarge",1,0,54.599,0.001,54.595
"Tier 3 (Bronze SLA - Batch)","GetLarge",1,0,57.806,0.000,57.804
"Tier 3 (Bronze SLA - Batch)","GetLarge",1,0,57.226,0.000,57.224
"Tier 3 (Bronze SLA - Batch)","PutLarge",1,0,80.807,0.000,80.804
"Tier 3 (Bronze SLA - Batch)","PutLarge",1,0,97.660,0.000,97.658
"Tier 3 (Bronze SLA - Batch)","GetLarge",1,0,60.436,0.000,60.418
"Tier 3 (Bronze SLA - Batch)","PutLarge",1,0,91.484,0.000,91.482
"Tier 3 (Bronze SLA - Batch)","PutLarge",1,0,92.424,0.000,92.422
"Tier 3 (Bronze SLA - Batch)","GetLarge",1,0,58.253,0.000,58.251
"Tier 3 (Bronze SLA - Batch)","GetLarge",1,0,57.972,0.000,57.969
"Tier 3 (Bronze SLA - Batch)","GetLarge",1,0,55.619,0.000,55.617
"Tier 3 (Bronze SLA - Batch)","PutLarge",1,0,72.995,0.000,72.992
"Tier 3 (Bronze SLA - Batch)","PutLarge",1,0,90.298,0.000,90.294
"Tier 3 (Bronze SLA - Batch)","PutLarge",1,0,90.679,0.000,90.655
"Tier 3 (Bronze SLA - Batch)","PutLarge",1,0,78.510,0.000,78.493
"Tier 3 (Bronze SLA - Batch)","PutLarge",1,0,81.058,0.000,81.055
"Tier 3 (Bronze SLA - Batch)","PutLarge",1,0,83.033,0.000,83.031
"Tier 3 (Bronze SLA - Batch)","PutLarge",1,0,80.889,0.000,80.886
"Tier 3 (Bronze SLA - Batch)","PutLarge",1,0,79.381,0.000,79.378
"Tier 3 (Bronze SLA - Batch)","PutLarge",1,0,96.885,0.000,96.882
"Tier 3 (Bronze SLA - Batch)","PutLarge",1,0,88.416,0.000,88.415
"Tier 3 (Bronze SLA - Batch)","PutLarge",1,0,89.132,0.000,89.129
"Tier 3 (Bronze SLA - Batch)","PutLarge",1,0,91.253,0.000,91.251
"Tier 3 (Bronze SLA - Batch)","PutLarge",1,0,86.020,0.000,86.019
"Tier 3 (Bronze SLA - Batch)","PutLarge",1,0,88.260,0.000,88.255
"Tier 3 (Bronze SLA - Batch)","GetLarge",1,0,57.781,0.000,57.778
"Tier 3 (Bronze SLA - Batch)","GetLarge",1,0,62.077,0.000,62.075
"Tier 3 (Bronze SLA - Batch)","PutLarge",1,0,93.801,0.000,93.798
"Tier 3 (Bronze SLA - Batch)","PutLarge",1,0,82.926,0.000,82.924
"Tier 3 (Bronze SLA - Batch)","GetLarge",1,0,63.210,0.000,63.206
"Tier 3 (Bronze SLA - Batch)","PutLarge",1,0,94.192,0.000,94.190
"Tier 3 (Bronze SLA - Batch)","PutLarge",1,0,79.493,0.000,79.490
"Tier 3 (Bronze SLA - Batch)","GetLarge",1,0,55.235,0.000,55.232
"Tier 3 (Bronze SLA - Batch)","PutLarge",1,0,75.924,0.000,75.922
"Tier 3 (Bronze SLA - Batch)","PutLarge",1,0,93.054,0.000,93.052
"Tier 3 (Bronze SLA - Batch)","PutLarge",1,0,75.427,0.000,75.425
"Tier 3 (Bronze SLA - Batch)","PutLarge",1,0,82.566,0.000,82.562
"Tier 3 (Bronze SLA - Batch)","PutLarge",1,0,85.193,0.000,85.191
"Tier 3 (Bronze SLA - Batch)","GetLarge",1,0,63.456,0.000,63.453
"Tier 3 (Bronze SLA - Batch)","PutLarge",1,0,87.943,0.000,87.941
"Tier 3 (Bronze SLA - Batch)","PutLarge",1,0,97.382,0.000,97.380
"Tier 3 (Bronze SLA - Batch)","PutLarge",1,0,82.727,0.000,82.725
"Tier 3 (Bronze SLA - Batch)","GetLarge",1,0,54.484,0.000,54.482
"Tier 3 (Bronze SLA - Batch)","PutLarge",1,0,86.498,0.000,86.495
"Tier 3 (Bronze SLA - Batch)","PutLarge",1,0,95.717,0.000,95.715
"Tier 3 (Bronze SLA - Batch)","GetLarge",1,0,53.925,0.000,53.917
"Tier 3 (Bronze SLA - Batch)","GetLarge",1,0,64.831,0.000,64.828
"Tier 3 (Bronze SLA - Batch)","PutLarge",1,0,94.312,0.000,94.309
"Tier 3 (Bronze SLA - Batch)","PutLarge",1,0,80.684,0.000,80.682
"Tier 3 (Bronze SLA - Batch)","PutLarge",1,0,84.197,0.000,84.194
"Tier 3 (Bronze SLA - Batch)","GetLarge",1,0,59.775,0.000,59.769
"Tier 3 (Bronze SLA - Batch)","PutLarge",1,0,91.425,0.000,91.423
"Tier 3 (Bronze SLA - Batch)","GetLarge",1,0,55.969,0.000,55.966
"Tier 3 (Bronze SLA - Batch)","GetLarge",1,0,54.587,0.000,54.584
"Tier 3 (Bronze SLA - Batch)","PutLarge",1,0,83.884,0.000,83.881
"Tier 3 (Bronze SLA - Batch)","PutLarge",1,0,83.890,0.000,83.888
"Tier 3 (Bronze SLA - Batch)","GetLarge",1,0,52.819,0.000,52.817
"Tier 3 (Bronze SLA - Batch)","PutLarge",1,0,78.478,0.000,78.476
"Tier 3 (Bronze SLA - Batch)","GetLarge",1,0,55.656,0.000,55.653
"Tier 3 (Bronze SLA - Batch)","GetLarge",1,0,63.827,0.001,63.817
"Tier 3 (Bronze SLA - Batch)","PutLarge",1,0,83.129,0.000,83.126
"Tier 3 (Bronze SLA - Batch)","PutLarge",1,0,80.243,0.000,80.240
"Tier 3 (Bronze SLA - Batch)","PutLarge",1,0,95.187,0.000,95.184
"Tier 3 (Bronze SLA - Batch)","GetLarge",1,0,55.757,0.000,55.755
"Tier 3 (Bronze SLA - Batch)","PutLarge",1,0,82.522,0.000,82.518
"Tier 3 (Bronze SLA - Batch)","PutLarge",1,0,86.332,0.000,86.330
"Tier 3 (Bronze SLA - Batch)","PutLarge",1,0,81.544,0.000,81.542
"Tier 3 (Bronze SLA - Batch)","GetLarge",1,0,58.365,0.000,58.363
"Tier 3 (Bronze SLA - Batch)","GetLarge",1,0,62.032,0.000,62.030
"Tier 3 (Bronze SLA - Batch)","GetLarge",1,0,59.744,0.000,59.742
"Tier 3 (Bronze SLA - Batch)","PutLarge",1,0,89.406,0.000,89.404
"Tier 3 (Bronze SLA - Batch)","PutLarge",1,0,93.260,0.000,93.258
"Tier 3 (Bronze SLA - Batch)","GetLarge",1,0,64.170,0.000,64.168
"Tier 3 (Bronze SLA - Batch)","PutLarge",1,0,94.925,0.000,94.924
"Tier 3 (Bronze SLA - Batch)","GetLarge",1,0,53.861,0.000,53.858
"Tier 3 (Bronze SLA - Batch)","PutLarge",1,0,96.634,0.000,96.632
"Tier 3 (Bronze SLA - Batch)","PutLarge",1,0,97.483,0.000,97.481
"Tier 3 (Bronze SLA - Batch)","GetLarge",1,0,54.740,0.000,54.737
"Tier 3 (Bronze SLA - Batch)","PutLarge",1,0,78.620,0.000,78.615
"Tier 3 (Bronze SLA - Batch)","PutLarge",1,0,80.724,0.000,80.722
"Tier 3 (Bronze SLA - Batch)","PutLarge",1,0,86.942,0.000,86.938
"Tier 3 (Bronze SLA - Batch)","PutLarge",1,0,80.076,0.000,80.073
"Tier 3 (Bronze SLA - Batch)","PutLarge",1,0,82.767,0.000,82.765
"Tier 3 (Bronze SLA - Batch)","PutLarge",1,0,87.188,0.000,87.187
"Tier 3 (Bronze SLA - Batch)","PutLarge",1,0,87.307,0.000,87.300
"Tier 3 (Bronze SLA - Batch)","PutLarge",1,0,83.983,0.000,83.980
"Tier 3 (Bronze SLA - Batch)","PutLarge",1,0,85.591,0.000,85.588
"Tier 3 (Bronze SLA - Batch)","PutLarge",1,0,89.204,0.000,89.202
"Tier 3 (Bronze SLA - Batch)","PutLarge",1,0,93.831,0.000,93.828
"Tier 3 (Bronze SLA - Batch)","PutLarge",1,0,93.143,0.000,93.142
"Tier 3 (Bronze SLA - Batch)","GetLarge",1,0,62.594,0.000,62.573
"Tier 3 (Bronze SLA - Batch)","PutLarge",1,0,87.431,0.000,87.429
"Tier 3 (Bronze SLA - Batch)","PutLarge",1,0,93.105,0.000,93.103
"Tier 3 (Bronze SLA - Batch)","PutLarge",1,0,91.716,0.000,91.713
"Tier 3 (Bronze SLA - Batch)","PutLarge",1,0,88.318,0.000,88.316
"Tier 3 (Bronze SLA - Batch)","GetLarge",1,0,57.425,0.000,57.422
"Tier 3 (Bronze SLA - Batch)","GetLarge",1,0,64.375,0.000,64.373
"Tier 3 (Bronze SLA - Batch)","PutLarge",1,0,85.470,0.000,85.468
"Tier 3 (Bronze SLA - Batch)","PutLarge",1,0,99.585,0.000,99.582
"Tier 3 (Bronze SLA - Batch)","GetLarge",1,0,64.460,0.000,64.451
"Tier 3 (Bronze SLA - Batch)","GetLarge",1,0,54.535,0.000,54.522
"Tier 3 (Bronze SLA - Batch)","GetLarge",1,0,55.067,0.000,55.060
"Tier 3 (Bronze SLA - Batch)","PutLarge",1,0,84.712,0.000,84.706
"Tier 3 (Bronze SLA - Batch)","PutLarge",1,0,84.486,0.000,84.484
"Tier 3 (Bronze SLA - Batch)","GetLarge",1,0,61.385,0.000,61.383
"Tier 3 (Bronze SLA - Batch)","GetLarge",1,0,62.479,0.000,62.476
"Tier 3 (Bronze SLA - Batch)","PutLarge",1,0,78.659,0.000,78.656
"Tier 3 (Bronze SLA - Batch)","GetLarge",1,0,55.622,0.000,55.618
"Tier 3 (Bronze SLA - Batch)","PutLarge",1,0,86.842,0.000,86.838
"Tier 3 (Bronze SLA - Batch)","GetLarge",1,0,58.020,0.000,58.016
"Tier 3 (Bronze SLA - Batch)","GetLarge",1,0,60.325,0.000,60.323
"Tier 3 (Bronze SLA - Batch)","PutLarge",1,0,93.956,0.000,93.952
"Tier 3 (Bronze SLA - Batch)","GetLarge",1,0,55.650,0.000,55.644
"Tier 3 (Bronze SLA - Batch)","GetLarge",1,0,53.653,0.000,53.651
"Tier 3 (Bronze SLA - Batch)","GetLarge",1,0,62.160,0.000,62.157
"Tier 3 (Bronze SLA - Batch)","PutLarge",1,0,86.984,0.000,86.977
"Tier 3 (Bronze SLA - Batch)","GetLarge",1,0,63.549,0.000,63.541
"Tier 3 (Bronze SLA - Batch)","PutLarge",1,0,92.852,0.000,92.848
"Tier 3 (Bronze SLA - Batch)","PutLarge",1,0,91.157,0.000,91.154
"Tier 3 (Bronze SLA - Batch)","GetLarge",1,0,62.155,0.000,62.152
"Tier 3 (Bronze SLA - Batch)","GetLarge",1,0,63.665,0.000,63.661
"Tier 3 (Bronze SLA - Batch)","PutLarge",1,0,87.344,0.000,87.339
"Tier 3 (Bronze SLA - Batch)","PutLarge",1,0,86.047,0.000,86.038
"Tier 3 (Bronze SLA - Batch)","PutLarge",1,0,85.172,0.000,85.164
"Tier 3 (Bronze SLA - Batch)","PutLarge",1,0,84.911,0.000,84.904
"Tier 3 (Bronze SLA - Batch)","PutLarge",1,0,86.003,0.000,85.997
"Tier 3 (Bronze SLA - Batch)","PutLarge",1,0,89.240,0.000,89.228
"Tier 3 (Bronze SLA - Batch)","GetLarge",1,0,57.067,0.000,57.059
"Tier 3 (Bronze SLA - Batch)","GetLarge",1,0,54.081,0.000,54.075
"Tier 3 (Bronze SLA - Batch)","GetLarge",1,0,52.451,0.000,52.448
"Tier 3 (Bronze SLA - Batch)","PutLarge",1,0,97.900,0.000,97.898
"Tier 3 (Bronze SLA - Batch)","PutLarge",1,0,82.773,0.000,82.771
"Tier 3 (Bronze SLA - Batch)","PutLarge",1,0,87.545,0.000,87.542
"Tier 3 (Bronze SLA - Batch)","PutLarge",1,0,90.432,0.000,90.424
"Tier 3 (Bronze SLA - Batch)","GetLarge",1,0,64.761,0.000,64.758
"Tier 3 (Bronze SLA - Batch)","GetLarge",1,0,64.788,0.000,64.787
"Tier 3 (Bronze SLA - Batch)","PutLarge",1,0,83.706,0.000,83.692
"Tier 3 (Bronze SLA - Batch)","PutLarge",1,0,82.882,0.000,82.876
"Tier 3 (Bronze SLA - Batch)","PutLarge",1,0,89.402,0.000,89.394
"Tier 3 (Bronze SLA - Batch)","PutLarge",1,0,86.740,0.000,86.732
"Tier 3 (Bronze SLA - Batch)","PutLarge",1,0,84.666,0.000,84.658
"Tier 3 (Bronze SLA - Batch)","PutLarge",1,0,92.350,0.000,92.347
"Tier 3 (Bronze SLA - Batch)","PutLarge",1,0,89.730,0.000,89.727
"Tier 3 (Bronze SLA - Batch)","PutLarge",1,0,86.031,0.000,86.027
"Tier 3 (Bronze SLA - Batch)","PutLarge",1,0,91.122,0.000,91.114
"Tier 3 (Bronze SLA - Batch)","PutLarge",1,0,91.914,0.000,91.906
"Tier 3 (Bronze SLA - Batch)","PutLarge",1,0,91.806,0.000,91.775
"Tier 3 (Bronze SLA - Batch)","PutLarge",1,0,90.871,0.000,90.861
"Tier 3 (Bronze SLA - Batch)","PutLarge",1,0,97.612,0.000,97.609
