tenant,op,success,error_code,total_lat_ms,queue_lat_ms,backend_lat_ms
"Batch Clients (With Retries)","PutSmall",0,-11,0.130,0.130,0.000
"Batch Clients (With Retries)","PutSmall",0,-11,0.130,0.130,0.000
"Batch Clients (With Retries)","PutLarge",0,-11,0.128,0.128,0.000
"Batch Clients (With Retries)","PutLarge",0,-11,0.124,0.124,0.000
"Batch Clients (With Retries)","PutLarge",0,-11,0.122,0.122,0.000
"Batch Clients (With Retries)","PutSmall",0,-11,0.120,0.120,0.000
"Batch Clients (With Retries)","PutSmall",0,-11,0.117,0.117,0.000
"Batch Clients (With Retries)","PutSmall",0,-11,0.113,0.113,0.000
"Batch Clients (With Retries)","PutLarge",0,-11,0.111,0.111,0.000
"Batch Clients (With Retries)","PutSmall",0,-11,0.109,0.109,0.000
"Batch Clients (With Retries)","PutSmall",0,-11,0.107,0.107,0.000
"Batch Clients (With Retries)","PutSmall",0,-11,0.104,0.104,0.000
"Batch Clients (With Retries)","PutSmall",0,-11,0.103,0.103,0.000
"Batch Clients (With Retries)","PutSmall",0,-11,0.106,0.106,0.000
"Batch Clients (With Retries)","PutLarge",0,-11,0.105,0.105,0.000
"Batch Clients (With Retries)","PutSmall",0,-11,0.104,0.104,0.000
"Batch Clients (With Retries)","PutSmall",0,-11,0.102,0.102,0.000
"Batch Clients (With Retries)","PutLarge",0,-11,0.101,0.101,0.000
"Batch Clients (With Retries)","PutLarge",0,-11,0.100,0.100,0.000
"Batch Clients (With Retries)","PutSmall",0,-11,0.098,0.098,0.000
"Batch Clients (With Retries)","PutLarge",0,-11,0.097,0.097,0.000
"Batch Clients (With Retries)","PutSmall",0,-11,0.096,0.096,0.000
"Batch Clients (With Retries)","PutSmall",0,-11,0.094,0.094,0.000
"Batch Clients (With Retries)","PutLarge",0,-11,0.093,0.093,0.000
"Batch Clients (With Retries)","PutLarge",0,-11,0.091,0.091,0.000
"Batch Clients (With Retries)","PutSmall",0,-11,0.090,0.090,0.000
"Batch Clients (With Retries)","PutLarge",0,-11,0.088,0.088,0.000
"Batch Clients (With Retries)","PutSmall",0,-11,0.087,0.087,0.000
"Batch Clients (With Retries)","PutSmall",0,-11,0.086,0.086,0.000
"Batch Clients (With Retries)","PutLarge",0,-11,0.084,0.084,0.000
"Batch Clients (With Retries)","PutSmall",0,-11,0.082,0.082,0.000
"Batch Clients (With Retries)","PutSmall",0,-11,0.081,0.081,0.000
"Batch Clients (With Retries)","PutLarge",0,-11,0.007,0.007,0.000
"Batch Clients (With Retries)","PutSmall",0,-11,0.008,0.008,0.000
"Batch Clients (With Retries)","PutLarge",0,-11,0.022,0.022,0.000
"Batch Clients (With Retries)","PutSmall",0,-11,0.017,0.017,0.000
"Batch Clients (With Retries)","PutSmall",0,-11,0.204,0.204,0.000
"Batch Clients (With Retries)","PutSmall",1,0,8.167,0.192,7.941
"Batch Clients (With Retries)","PutLarge",0,-11,0.003,0.003,0.000
"Batch Clients (With Retries)","PutLarge",0,-11,0.065,0.065,0.000
"Batch Clients (With Retries)","PutSmall",0,-11,0.057,0.057,0.000
"Batch Clients (With Retries)","PutSmall",0,-11,0.056,0.056,0.000
"Batch Clients (With Retries)","PutLarge",0,-11,0.059,0.059,0.000
"Batch Clients (With Retries)","PutLarge",0,-11,0.064,0.064,0.000
"Batch Clients (With Retries)","PutSmall",0,-11,0.069,0.069,0.000
"Batch Clients (With Retries)","PutSmall",0,-11,0.126,0.126,0.000
"Batch Clients (With Retries)","PutLarge",0,-11,0.123,0.123,0.000
"Batch Clients (With Retries)","PutLarge",0,-11,0.116,0.116,0.000
"Batch Clients (With Retries)","PutLarge",0,-11,0.117,0.117,0.000
"Batch Clients (With Retries)","PutSmall",0,-11,0.130,0.130,0.000
"Batch Clients (With Retries)","PutLarge",0,-11,0.122,0.122,0.000
"Batch Clients (With Retries)","PutLarge",0,-11,0.130,0.130,0.000
"Batch Clients (With Retries)","PutLarge",0,-11,0.143,0.143,0.000
"Batch Clients (With Retries)","PutSmall",0,-11,0.114,0.114,0.000
"Batch Clients (With Retries)","PutLarge",0,-11,0.127,0.127,0.000
"Batch Clients (With Retries)","PutLarge",0,-11,0.110,0.110,0.000
"Batch Clients (With Retries)","PutLarge",0,-11,0.098,0.098,0.000
"Batch Clients (With Retries)","PutSmall",0,-11,0.096,0.096,0.000
"Batch Clients (With Retries)","PutLarge",0,-11,0.092,0.092,0.000
"Batch Clients (With Retries)","PutLarge",0,-11,0.087,0.087,0.000
"Batch Clients (With Retries)","PutSmall",0,-11,0.089,0.089,0.000
"Batch Clients (With Retries)","PutSmall",0,-11,0.092,0.092,0.000
"Batch Clients (With Retries)","PutSmall",0,-11,0.090,0.090,0.000
"Batch Clients (With Retries)","PutLarge",0,-11,0.083,0.083,0.000
"Batch Clients (With Retries)","PutSmall",0,-11,0.089,0.089,0.000
"Batch Clients (With Retries)","PutLarge",0,-11,0.110,0.110,0.000
"Batch Clients (With Retries)","PutLarge",0,-11,0.075,0.075,0.000
"Batch Clients (With Retries)","PutLarge",0,-11,0.079,0.079,0.000
"Batch Clients (With Retries)","PutLarge",0,-11,0.065,0.065,0.000
"Batch Clients (With Retries)","PutSmall",0,-11,0.074,0.074,0.000
"Batch Clients (With Retries)","PutSmall",0,-11,0.054,0.054,0.000
"Batch Clients (With Retries)","PutLarge",0,-11,0.049,0.049,0.000
"Batch Clients (With Retries)","PutSmall",0,-11,0.080,0.080,0.000
"Batch Clients (With Retries)","PutLarge",0,-11,0.090,0.090,0.000
"Batch Clients (With Retries)","PutLarge",0,-11,0.069,0.069,0.000
"Batch Clients (With Retries)","PutLarge",0,-11,0.076,0.076,0.000
"Batch Clients (With Retries)","PutLarge",0,-11,0.003,0.003,0.000
"Batch Clients (With Retries)","PutSmall",0,-11,0.143,0.143,0.000
"Batch Clients (With Retries)","PutSmall",0,-11,0.089,0.089,0.000
"Batch Clients (With Retries)","PutSmall",0,-11,0.075,0.075,0.000
"Batch Clients (With Retries)","PutLarge",0,-11,0.146,0.146,0.000
"Batch Clients (With Retries)","PutSmall",0,-11,0.149,0.149,0.000
"Batch Clients (With Retries)","PutSmall",0,-11,0.139,0.139,0.000
"Batch Clients (With Retries)","PutLarge",0,-11,0.135,0.135,0.000
"Batch Clients (With Retries)","PutLarge",0,-11,0.129,0.129,0.000
"Batch Clients (With Retries)","PutLarge",0,-11,0.122,0.122,0.000
"Batch Clients (With Retries)","PutSmall",0,-11,0.120,0.120,0.000
"Batch Clients (With Retries)","PutSmall",0,-11,0.111,0.111,0.000
"Batch Clients (With Retries)","PutLarge",0,-11,0.115,0.115,0.000
"Batch Clients (With Retries)","PutSmall",0,-11,0.101,0.101,0.000
"Batch Clients (With Retries)","PutLarge",0,-11,0.104,0.104,0.000
"Batch Clients (With Retries)","PutLarge",0,-11,0.103,0.103,0.000
"Batch Clients (With Retries)","PutLarge",0,-11,0.095,0.095,0.000
"Batch Clients (With Retries)","PutLarge",0,-11,0.094,0.094,0.000
"Batch Clients (With Retries)","PutLarge",0,-11,0.097,0.097,0.000
"Batch Clients (With Retries)","PutLarge",0,-11,0.091,0.091,0.000
"Batch Clients (With Retries)","PutLarge",0,-11,0.093,0.093,0.000
"Batch Clients (With Retries)","PutLarge",0,-11,0.091,0.091,0.000
"Batch Clients (With Retries)","PutLarge",0,-11,0.089,0.089,0.000
"Batch Clients (With Retries)","PutLarge",0,-11,0.083,0.083,0.000
"Batch Clients (With Retries)","PutSmall",0,-11,0.077,0.077,0.000
"Batch Clients (With Retries)","PutLarge",0,-11,0.078,0.078,0.000
"Batch Clients (With Retries)","PutLarge",0,-11,0.069,0.069,0.000
"Batch Clients (With Retries)","PutLarge",0,-11,0.071,0.071,0.000
"Batch Clients (With Retries)","PutLarge",0,-11,0.067,0.067,0.000
"Batch Clients (With Retries)","PutSmall",0,-11,0.068,0.068,0.000
"Batch Clients (With Retries)","PutLarge",0,-11,0.068,0.068,0.000
"Batch Clients (With Retries)","PutSmall",0,-11,0.066,0.066,0.000
"Batch Clients (With Retries)","PutSmall",0,-11,0.062,0.062,0.000
"Batch Clients (With Retries)","PutLarge",0,-11,0.059,0.059,0.000
"Batch Clients (With Retries)","PutSmall",0,-11,0.061,0.061,0.000
"Batch Clients (With Retries)","PutSmall",0,-11,0.058,0.058,0.000
"Batch Clients (With Retries)","PutLarge",0,-11,0.046,0.046,0.000
"Batch Clients (With Retries)","PutLarge",0,-11,0.040,0.040,0.000
"Batch Clients (With Retries)","PutLarge",0,-11,0.004,0.004,0.000
"Batch Clients (With Retries)","PutLarge",0,-11,0.005,0.005,0.000
"Batch Clients (With Retries)","PutLarge",0,-11,0.005,0.005,0.000
"Batch Clients (With Retries)","PutLarge",0,-11,0.076,0.076,0.000
"Batch Clients (With Retries)","PutSmall",0,-11,0.065,0.065,0.000
"Batch Clients (With Retries)","PutLarge",0,-11,0.055,0.055,0.000
"Batch Clients (With Retries)","PutLarge",0,-11,0.032,0.032,0.000
"Batch Clients (With Retries)","PutLarge",0,-11,0.051,0.051,0.000
"Batch Clients (With Retries)","PutLarge",0,-11,0.030,0.030,0.000
"Batch Clients (With Retries)","PutLarge",0,-11,0.077,0.077,0.000
"Batch Clients (With Retries)","PutLarge",0,-11,0.076,0.076,0.000
"Batch Clients (With Retries)","PutLarge",0,-11,0.080,0.080,0.000
"Batch Clients (With Retries)","PutLarge",0,-11,0.078,0.078,0.000
"Batch Clients (With Retries)","PutLarge",0,-11,0.075,0.075,0.000
"Batch Clients (With Retries)","PutLarge",0,-11,0.088,0.088,0.000
"Batch Clients (With Retries)","PutLarge",0,-11,0.087,0.087,0.000
"Batch Clients (With Retries)","PutLarge",0,-11,0.081,0.081,0.000
"Batch Clients (With Retries)","PutSmall",0,-11,0.080,0.080,0.000
"Batch Clients (With Retries)","PutSmall",0,-11,0.084,0.084,0.000
"Batch Clients (With Retries)","PutSmall",0,-11,0.096,0.096,0.000
"Batch Clients (With Retries)","PutLarge",0,-11,0.079,0.079,0.000
"Batch Clients (With Retries)","PutSmall",0,-11,0.074,0.074,0.000
"Batch Clients (With Retries)","PutSmall",0,-11,0.071,0.071,0.000
"Batch Clients (With Retries)","PutLarge",0,-11,0.065,0.065,0.000
"Batch Clients (With Retries)","PutLarge",0,-11,0.060,0.060,0.000
"Batch Clients (With Retries)","PutLarge",0,-11,0.056,0.056,0.000
"Batch Clients (With Retries)","PutSmall",0,-11,0.061,0.061,0.000
"Batch Clients (With Retries)","PutLarge",0,-11,0.055,0.055,0.000
"Batch Clients (With Retries)","PutLarge",0,-11,0.051,0.051,0.000
"Batch Clients (With Retries)","PutLarge",0,-11,0.052,0.052,0.000
"Batch Clients (With Retries)","PutLarge",0,-11,0.049,0.049,0.000
"Batch Clients (With Retries)","PutSmall",0,-11,0.050,0.050,0.000
"Batch Clients (With Retries)","PutLarge",0,-11,0.048,0.048,0.000
"Batch Clients (With Retries)","PutSmall",0,-11,0.039,0.039,0.000
"Batch Clients (With Retries)","PutLarge",0,-11,0.041,0.041,0.000
"Batch Clients (With Retries)","PutSmall",0,-11,0.037,0.037,0.000
"Batch Clients (With Retries)","PutLarge",0,-11,0.023,0.023,0.000
"Batch Clients (With Retries)","PutLarge",0,-11,0.022,0.022,0.000
"Batch Clients (With Retries)","PutLarge",0,-11,0.004,0.004,0.000
"Batch Clients (With Retries)","PutLarge",1,0,512.510,481.103,31.376
"Batch Clients (With Retries)","PutSmall",0,-11,0.018,0.018,0.000
"Batch Clients (With Retries)","PutSmall",0,-11,0.002,0.002,0.000
"Batch Clients (With Retries)","PutLarge",0,-11,0.017,0.017,0.000
"Batch Clients (With Retries)","PutLarge",0,-11,0.004,0.004,0.000
"Batch Clients (With Retries)","PutLarge",0,-11,0.003,0.003,0.000
"Batch Clients (With Retries)","PutSmall",0,-11,0.015,0.015,0.000
"Batch Clients (With Retries)","PutLarge",0,-11,0.007,0.007,0.000
"Batch Clients (With Retries)","PutSmall",0,-11,0.006,0.006,0.000
"Batch Clients (With Retries)","PutSmall",0,-11,0.005,0.005,0.000
"Batch Clients (With Retries)","PutLarge",0,-11,0.006,0.006,0.000
"Batch Clients (With Retries)","PutLarge",0,-11,0.004,0.004,0.000
"Batch Clients (With Retries)","PutLarge",0,-11,0.005,0.005,0.000
"Batch Clients (With Retries)","PutLarge",0,-11,0.005,0.005,0.000
"Batch Clients (With Retries)","PutSmall",0,-11,0.005,0.005,0.000
"Batch Clients (With Retries)","PutSmall",0,-11,0.002,0.002,0.000
"Batch Clients (With Retries)","PutLarge",0,-11,0.004,0.004,0.000
"Batch Clients (With Retries)","PutSmall",0,-11,0.017,0.017,0.000
"Batch Clients (With Retries)","PutLarge",0,-11,0.009,0.009,0.000
"Batch Clients (With Retries)","PutLarge",0,-11,0.009,0.009,0.000
"Batch Clients (With Retries)","PutLarge",0,-11,0.009,0.009,0.000
"Batch Clients (With Retries)","PutLarge",0,-11,0.011,0.011,0.000
"Batch Clients (With Retries)","PutLarge",0,-11,0.011,0.011,0.000
"Batch Clients (With Retries)","PutLarge",0,-11,0.016,0.016,0.000
"Batch Clients (With Retries)","PutLarge",0,-11,0.007,0.007,0.000
"Batch Clients (With Retries)","PutLarge",0,-11,0.012,0.012,0.000
"Batch Clients (With Retries)","PutLarge",0,-11,0.004,0.004,0.000
"Batch Clients (With Retries)","PutLarge",0,-11,0.010,0.010,0.000
"Batch Clients (With Retries)","PutLarge",0,-11,0.017,0.017,0.000
"Batch Clients (With Retries)","PutLarge",0,-11,0.009,0.009,0.000
"Batch Clients (With Retries)","PutLarge",0,-11,0.008,0.008,0.000
"Batch Clients (With Retries)","PutLarge",0,-11,0.007,0.007,0.000
"Batch Clients (With Retries)","PutLarge",0,-11,0.008,0.008,0.000
"Batch Clients (With Retries)","PutSmall",0,-11,0.013,0.013,0.000
"Batch Clients (With Retries)","PutSmall",0,-11,0.004,0.004,0.000
"Batch Clients (With Retries)","PutLarge",0,-11,0.008,0.008,0.000
"Batch Clients (With Retries)","PutSmall",0,-11,0.007,0.007,0.000
"Batch Clients (With Retries)","PutLarge",0,-11,0.003,0.003,0.000
"Batch Clients (With Retries)","PutLarge",0,-11,0.017,0.017,0.000
"Batch Clients (With Retries)","PutSmall",0,-11,0.002,0.002,0.000
"Batch Clients (With Retries)","PutSmall",0,-11,0.005,0.005,0.000
"Batch Clients (With Retries)","PutSmall",0,-11,0.005,0.005,0.000
"Batch Clients (With Retries)","PutLarge",0,-11,0.003,0.003,0.000
"Batch Clients (With Retries)","PutLarge",0,-11,0.004,0.004,0.000
"Batch Clients (With Retries)","PutLarge",0,-11,0.008,0.008,0.000
"Batch Clients (With Retries)","PutLarge",0,-11,0.009,0.009,0.000
"Batch Clients (With Retries)","PutLarge",0,-11,0.014,0.014,0.000
"Batch Clients (With Retries)","PutSmall",0,-11,0.013,0.013,0.000
"Batch Clients (With Retries)","PutSmall",0,-11,0.019,0.019,0.000
"Batch Clients (With Retries)","PutLarge",0,-11,0.007,0.007,0.000
"Batch Clients (With Retries)","PutLarge",0,-11,0.010,0.010,0.000
"Batch Clients (With Retries)","PutLarge",0,-11,0.007,0.007,0.000
"Batch Clients (With Retries)","PutSmall",0,-11,0.007,0.007,0.000
"Batch Clients (With Retries)","PutSmall",0,-11,0.007,0.007,0.000
"Batch Clients (With Retries)","PutLarge",0,-11,0.014,0.014,0.000
"Batch Clients (With Retries)","PutLarge",0,-11,0.012,0.012,0.000
"Batch Clients (With Retries)","PutLarge",0,-11,0.011,0.011,0.000
"Batch Clients (With Retries)","PutSmall",0,-11,0.012,0.012,0.000
"Batch Clients (With Retries)","PutLarge",0,-11,0.012,0.012,0.000
"Batch Clients (With Retries)","PutLarge",0,-11,0.007,0.007,0.000
"Batch Clients (With Retries)","PutSmall",0,-11,0.010,0.010,0.000
"Batch Clients (With Retries)","PutLarge",0,-11,0.038,0.038,0.000
"Batch Clients (With Retries)","PutLarge",0,-11,0.039,0.039,0.000
"Batch Clients (With Retries)","PutLarge",0,-11,0.040,0.040,0.000
"Batch Clients (With Retries)","PutLarge",0,-11,0.045,0.045,0.000
"Batch Clients (With Retries)","PutLarge",0,-11,0.046,0.046,0.000
"Batch Clients (With Retries)","PutLarge",0,-11,0.044,0.044,0.000
"Batch Clients (With Retries)","PutLarge",0,-11,0.041,0.041,0.000
"Batch Clients (With Retries)","PutLarge",0,-11,0.033,0.033,0.000
"Batch Clients (With Retries)","PutLarge",0,-11,0.039,0.039,0.000
"Batch Clients (With Retries)","PutLarge",0,-11,0.035,0.035,0.000
"Batch Clients (With Retries)","PutLarge",0,-11,0.031,0.031,0.000
"Batch Clients (With Retries)","PutLarge",0,-11,0.022,0.022,0.000
"Batch Clients (With Retries)","PutLarge",0,-11,0.023,0.023,0.000
"Batch Clients (With Retries)","PutLarge",0,-11,0.020,0.020,0.000
"Batch Clients (With Retries)","PutLarge",0,-11,0.028,0.028,0.000
"Batch Clients (With Retries)","PutLarge",0,-11,0.012,0.012,0.000
"Batch Clients (With Retries)","PutLarge",0,-11,0.020,0.020,0.000
"Batch Clients (With Retries)","PutLarge",0,-11,0.004,0.004,0.000
"Batch Clients (With Retries)","PutSmall",0,-11,0.007,0.007,0.000
"Batch Clients (With Retries)","PutLarge",0,-11,0.025,0.025,0.000
"Batch Clients (With Retries)","PutSmall",0,-11,0.027,0.027,0.000
"Batch Clients (With Retries)","PutSmall",0,-11,0.021,0.021,0.000
"Batch Clients (With Retries)","PutSmall",0,-11,0.032,0.032,0.000
"Batch Clients (With Retries)","PutLarge",0,-11,0.029,0.029,0.000
"Batch Clients (With Retries)","PutSmall",0,-11,0.025,0.025,0.000
"Batch Clients (With Retries)","PutLarge",0,-11,0.030,0.030,0.000
"Batch Clients (With Retries)","PutLarge",0,-11,0.024,0.024,0.000
"Batch Clients (With Retries)","PutLarge",0,-11,0.018,0.018,0.000
"Batch Clients (With Retries)","PutLarge",0,-11,0.007,0.007,0.000
"Batch Clients (With Retries)","PutLarge",0,-11,0.004,0.004,0.000
"Batch Clients (With Retries)","PutSmall",0,-11,0.020,0.020,0.000
"Batch Clients (With Retries)","PutSmall",0,-11,0.012,0.012,0.000
"Batch Clients (With Retries)","PutSmall",0,-11,0.017,0.017,0.000
"Batch Clients (With Retries)","PutLarge",0,-11,0.018,0.018,0.000
"Batch Clients (With Retries)","PutLarge",0,-11,0.004,0.004,0.000
"Batch Clients (With Retries)","PutLarge",0,-11,0.004,0.004,0.000
"Batch Clients (With Retries)","PutLarge",0,-11,0.063,0.063,0.000
"Batch Clients (With Retries)","PutSmall",0,-11,0.061,0.061,0.000
"Batch Clients (With Retries)","PutLarge",0,-11,0.060,0.060,0.000
"Batch Clients (With Retries)","PutSmall",0,-11,0.057,0.057,0.000
"Batch Clients (With Retries)","PutSmall",0,-11,0.054,0.054,0.000
"Batch Clients (With Retries)","PutSmall",0,-11,0.052,0.052,0.000
"Batch Clients (With Retries)","PutSmall",0,-11,0.052,0.052,0.000
"Batch Clients (With Retries)","PutSmall",0,-11,0.049,0.049,0.000
"Batch Clients (With Retries)","PutLarge",0,-11,0.054,0.054,0.000
"Batch Clients (With Retries)","PutLarge",0,-11,0.060,0.060,0.000
"Batch Clients (With Retries)","PutLarge",0,-11,0.042,0.042,0.000
"Batch Clients (With Retries)","PutLarge",0,-11,0.029,0.029,0.000
"Batch Clients (With Retries)","PutSmall",0,-11,0.049,0.049,0.000
"Batch Clients (With Retries)","PutLarge",0,-11,0.030,0.030,0.000
"Batch Clients (With Retries)","PutSmall",0,-11,0.028,0.028,0.000
"Batch Clients (With Retries)","PutLarge",0,-11,0.027,0.027,0.000
"Batch Clients (With Retries)","PutLarge",0,-11,0.040,0.040,0.000
"Batch Clients (With Retries)","PutLarge",0,-11,0.019,0.019,0.000
"Batch Clients (With Retries)","PutLarge",0,-11,0.049,0.049,0.000
"Batch Clients (With Retries)","PutSmall",0,-11,0.025,0.025,0.000
"Batch Clients (With Retries)","PutLarge",0,-11,0.002,0.002,0.000
"Batch Clients (With Retries)","PutLarge",0,-11,0.005,0.005,0.000
"Batch Clients (With Retries)","PutLarge",1,0,988.747,960.895,27.840
"Batch Clients (With Retries)","PutLarge",0,-11,0.002,0.002,0.000
"Batch Clients (With Retries)","PutLarge",0,-11,0.259,0.259,0.000
"Batch Clients (With Retries)","PutLarge",0,-11,0.039,0.039,0.000
"Batch Clients (With Retries)","PutLarge",0,-11,0.037,0.037,0.000
"Batch Clients (With Retries)","PutLarge",0,-11,0.043,0.043,0.000
"Batch Clients (With Retries)","PutLarge",0,-11,0.041,0.041,0.000
"Batch Clients (With Retries)","PutLarge",0,-11,0.039,0.039,0.000
"Batch Clients (With Retries)","PutLarge",0,-11,0.038,0.038,0.000
"Batch Clients (With Retries)","PutLarge",0,-11,0.041,0.041,0.000
"Batch Clients (With Retries)","PutLarge",0,-11,0.036,0.036,0.000
"Batch Clients (With Retries)","PutLarge",0,-11,0.035,0.035,0.000
"Batch Clients (With Retries)","PutSmall",0,-11,0.033,0.033,0.000
"Batch Clients (With Retries)","PutLarge",0,-11,0.032,0.032,0.000
"Batch Clients (With Retries)","PutSmall",0,-11,0.048,0.048,0.000
"Batch Clients (With Retries)","PutLarge",0,-11,0.030,0.030,0.000
"Batch Clients (With Retries)","PutSmall",0,-11,0.027,0.027,0.000
"Batch Clients (With Retries)","PutLarge",0,-11,0.027,0.027,0.000
"Batch Clients (With Retries)","PutLarge",0,-11,0.023,0.023,0.000
"Batch Clients (With Retries)","PutSmall",0,-11,0.021,0.021,0.000
"Batch Clients (With Retries)","PutSmall",0,-11,0.018,0.018,0.000
"Batch Clients (With Retries)","PutSmall",0,-11,0.021,0.021,0.000
"Batch Clients (With Retries)","PutLarge",0,-11,0.015,0.015,0.000
"Batch Clients (With Retries)","PutLarge",0,-11,0.012,0.012,0.000
"Batch Clients (With Retries)","PutLarge",0,-11,0.011,0.011,0.000
"Batch Clients (With Retries)","PutSmall",0,-11,0.003,0.003,0.000
"Batch Clients (With Retries)","PutLarge",0,-11,0.009,0.009,0.000
"Batch Clients (With Retries)","PutSmall",0,-11,0.021,0.021,0.000
"Batch Clients (With Retries)","PutSmall",0,-11,0.018,0.018,0.000
"Batch Clients (With Retries)","PutSmall",0,-11,0.016,0.016,0.000
"Batch Clients (With Retries)","PutSmall",0,-11,0.013,0.013,0.000
"Batch Clients (With Retries)","PutLarge",0,-11,0.009,0.009,0.000
"Batch Clients (With Retries)","PutSmall",0,-11,0.006,0.006,0.000
"Batch Clients (With Retries)","PutSmall",0,-11,0.009,0.009,0.000
"Batch Clients (With Retries)","PutSmall",0,-11,0.004,0.004,0.000
"Batch Clients (With Retries)","PutLarge",0,-11,0.003,0.003,0.000
"Batch Clients (With Retries)","PutLarge",0,-11,0.010,0.010,0.000
"Batch Clients (With Retries)","PutLarge",0,-11,0.014,0.014,0.000
"Batch Clients (With Retries)","PutSmall",0,-11,0.004,0.004,0.000
"Batch Clients (With Retries)","PutLarge",0,-11,0.003,0.003,0.000
"Batch Clients (With Retries)","PutLarge",0,-11,0.002,0.002,0.000
"Batch Clients (With Retries)","PutLarge",0,-11,0.004,0.004,0.000
"Batch Clients (With Retries)","PutLarge",0,-11,0.015,0.015,0.000
"Batch Clients (With Retries)","PutLarge",0,-11,0.018,0.018,0.000
"Batch Clients (With Retries)","PutSmall",0,-11,0.007,0.007,0.000
"Batch Clients (With Retries)","PutSmall",0,-11,0.012,0.012,0.000
"Batch Clients (With Retries)","PutLarge",0,-11,0.011,0.011,0.000
"Batch Clients (With Retries)","PutLarge",0,-11,0.012,0.012,0.000
"Batch Clients (With Retries)","PutLarge",0,-11,0.012,0.012,0.000
"Batch Clients (With Retries)","PutLarge",0,-11,0.071,0.071,0.000
"Batch Clients (With Retries)","PutLarge",0,-11,0.082,0.082,0.000
"Batch Clients (With Retries)","PutSmall",0,-11,0.076,0.076,0.000
"Batch Clients (With Retries)","PutLarge",0,-11,0.072,0.072,0.000
"Batch Clients (With Retries)","PutSmall",0,-11,0.074,0.074,0.000
"Batch Clients (With Retries)","PutLarge",0,-11,0.067,0.067,0.000
"Batch Clients (With Retries)","PutSmall",0,-11,0.062,0.062,0.000
"Batch Clients (With Retries)","PutLarge",0,-11,0.059,0.059,0.000
"Batch Clients (With Retries)","PutSmall",0,-11,0.057,0.057,0.000
"Batch Clients (With Retries)","PutSmall",0,-11,0.057,0.057,0.000
"Batch Clients (With Retries)","PutSmall",0,-11,0.052,0.052,0.000
"Batch Clients (With Retries)","PutLarge",0,-11,0.050,0.050,0.000
"Batch Clients (With Retries)","PutLarge",0,-11,0.048,0.048,0.000
"Batch Clients (With Retries)","PutSmall",0,-11,0.047,0.047,0.000
"Batch Clients (With Retries)","PutLarge",0,-11,0.061,0.061,0.000
"Batch Clients (With Retries)","PutLarge",0,-11,0.048,0.048,0.000
"Batch Clients (With Retries)","PutLarge",0,-11,0.048,0.048,0.000
"Batch Clients (With Retries)","PutLarge",0,-11,0.048,0.048,0.000
"Batch Clients (With Retries)","PutSmall",0,-11,0.051,0.051,0.000
"Batch Clients (With Retries)","PutLarge",0,-11,0.051,0.051,0.000
"Batch Clients (With Retries)","PutLarge",0,-11,0.049,0.049,0.000
"Batch Clients (With Retries)","PutSmall",0,-11,0.045,0.045,0.000
"Batch Clients (With Retries)","PutLarge",0,-11,0.043,0.043,0.000
"Batch Clients (With Retries)","PutLarge",0,-11,0.048,0.048,0.000
"Batch Clients (With Retries)","PutLarge",0,-11,0.015,0.015,0.000
"Batch Clients (With Retries)","PutLarge",0,-11,0.035,0.035,0.000
"Batch Clients (With Retries)","PutLarge",0,-11,0.014,0.014,0.000
"Batch Clients (With Retries)","PutLarge",0,-11,0.056,0.056,0.000
"Batch Clients (With Retries)","PutSmall",0,-11,0.046,0.046,0.000
"Batch Clients (With Retries)","PutSmall",0,-11,0.027,0.027,0.000
"Batch Clients (With Retries)","PutSmall",0,-11,0.005,0.005,0.000
"Batch Clients (With Retries)","PutSmall",0,-11,0.001,0.001,0.000
"Batch Clients (With Retries)","PutLarge",0,-11,0.002,0.002,0.000
"Batch Clients (With Retries)","PutSmall",0,-11,0.011,0.011,0.000
"Batch Clients (With Retries)","PutLarge",0,-11,0.013,0.013,0.000
"Batch Clients (With Retries)","PutSmall",0,-11,0.011,0.011,0.000
"Batch Clients (With Retries)","PutLarge",0,-11,0.010,0.010,0.000
"Batch Clients (With Retries)","PutLarge",0,-11,0.009,0.009,0.000
"Batch Clients (With Retries)","PutSmall",0,-11,0.008,0.008,0.000
"Batch Clients (With Retries)","PutLarge",0,-11,0.012,0.012,0.000
"Batch Clients (With Retries)","PutLarge",0,-11,0.005,0.005,0.000
"Batch Clients (With Retries)","PutLarge",0,-11,0.005,0.005,0.000
"Batch Clients (With Retries)","PutLarge",0,-11,0.004,0.004,0.000
"Batch Clients (With Retries)","PutLarge",0,-11,0.039,0.039,0.000
"Batch Clients (With Retries)","PutLarge",0,-11,0.055,0.055,0.000
"Batch Clients (With Retries)","PutSmall",0,-11,0.066,0.066,0.000
"Batch Clients (With Retries)","PutLarge",0,-11,0.065,0.065,0.000
"Batch Clients (With Retries)","PutLarge",0,-11,0.066,0.066,0.000
"Batch Clients (With Retries)","PutLarge",0,-11,0.066,0.066,0.000
"Batch Clients (With Retries)","PutLarge",0,-11,0.061,0.061,0.000
"Batch Clients (With Retries)","PutSmall",0,-11,0.063,0.063,0.000
"Batch Clients (With Retries)","PutSmall",0,-11,0.054,0.054,0.000
"Batch Clients (With Retries)","PutLarge",0,-11,0.049,0.049,0.000
"Batch Clients (With Retries)","PutLarge",0,-11,0.072,0.072,0.000
"Batch Clients (With Retries)","PutLarge",0,-11,0.060,0.060,0.000
"Batch Clients (With Retries)","PutSmall",0,-11,0.050,0.050,0.000
"Batch Clients (With Retries)","PutLarge",0,-11,0.048,0.048,0.000
"Batch Clients (With Retries)","PutLarge",0,-11,0.046,0.046,0.000
"Batch Clients (With Retries)","PutSmall",0,-11,0.046,0.046,0.000
"Batch Clients (With Retries)","PutLarge",0,-11,0.045,0.045,0.000
"Batch Clients (With Retries)","PutLarge",0,-11,0.048,0.048,0.000
"Batch Clients (With Retries)","PutSmall",0,-11,0.046,0.046,0.000
"Batch Clients (With Retries)","PutLarge",0,-11,0.040,0.040,0.000
"Batch Clients (With Retries)","PutSmall",0,-11,0.047,0.047,0.000
"Batch Clients (With Retries)","PutLarge",0,-11,0.037,0.037,0.000
"Batch Clients (With Retries)","PutLarge",0,-11,0.034,0.034,0.000
"Batch Clients (With Retries)","PutSmall",0,-11,0.021,0.021,0.000
"Batch Clients (With Retries)","PutLarge",0,-11,0.026,0.026,0.000
"Batch Clients (With Retries)","PutLarge",0,-11,0.011,0.011,0.000
"Batch Clients (With Retries)","PutLarge",0,-11,0.012,0.012,0.000
"Batch Clients (With Retries)","PutLarge",0,-11,0.004,0.004,0.000
"Batch Clients (With Retries)","PutSmall",0,-11,0.002,0.002,0.000
"Batch Clients (With Retries)","PutLarge",0,-11,0.002,0.002,0.000
"Batch Clients (With Retries)","PutSmall",0,-11,0.004,0.004,0.000
"Batch Clients (With Retries)","PutLarge",0,-11,0.056,0.056,0.000
"Batch Clients (With Retries)","PutSmall",0,-11,0.017,0.017,0.000
"Batch Clients (With Retries)","PutLarge",0,-11,0.017,0.017,0.000
"Batch Clients (With Retries)","PutSmall",0,-11,0.013,0.013,0.000
"Batch Clients (With Retries)","PutLarge",0,-11,0.010,0.010,0.000
"Batch Clients (With Retries)","PutLarge",0,-11,0.010,0.010,0.000
"Batch Clients (With Retries)","PutLarge",0,-11,0.023,0.023,0.000
"Batch Clients (With Retries)","PutLarge",0,-11,0.025,0.025,0.000
"Batch Clients (With Retries)","PutLarge",0,-11,0.005,0.005,0.000
"Batch Clients (With Retries)","PutLarge",0,-11,0.011,0.011,0.000
"Batch Clients (With Retries)","PutLarge",0,-11,0.005,0.005,0.000
"Batch Clients (With Retries)","PutLarge",0,-11,0.016,0.016,0.000
"Batch Clients (With Retries)","PutSmall",0,-11,0.014,0.014,0.000
"Batch Clients (With Retries)","PutLarge",0,-11,0.017,0.017,0.000
"Batch Clients (With Retries)","PutSmall",0,-11,0.016,0.016,0.000
"Batch Clients (With Retries)","PutLarge",0,-11,0.012,0.012,0.000
"Batch Clients (With Retries)","PutLarge",0,-11,0.003,0.003,0.000
"Batch Clients (With Retries)","PutSmall",0,-11,0.005,0.005,0.000
"Batch Clients (With Retries)","PutLarge",0,-11,0.027,0.027,0.000
"Batch Clients (With Retries)","PutLarge",0,-11,0.028,0.028,0.000
"Batch Clients (With Retries)","PutSmall",0,-11,0.025,0.025,0.000
"Batch Clients (With Retries)","PutSmall",0,-11,0.024,0.024,0.000
"Batch Clients (With Retries)","PutSmall",0,-11,0.022,0.022,0.000
"Batch Clients (With Retries)","PutLarge",0,-11,0.022,0.022,0.000
"Batch Clients (With Retries)","PutLarge",0,-11,0.022,0.022,0.000
"Batch Clients (With Retries)","PutLarge",0,-11,0.024,0.024,0.000
"Batch Clients (With Retries)","PutLarge",0,-11,0.020,0.020,0.000
"Batch Clients (With Retries)","PutLarge",0,-11,0.024,0.024,0.000
"Batch Clients (With Retries)","PutLarge",0,-11,0.024,0.024,0.000
"Batch Clients (With Retries)","PutLarge",0,-11,0.021,0.021,0.000
"Batch Clients (With Retries)","PutLarge",0,-11,0.019,0.019,0.000
"Batch Clients (With Retries)","PutLarge",0,-11,0.016,0.016,0.000
"Batch Clients (With Retries)","PutLarge",0,-11,0.011,0.011,0.000
"Batch Clients (With Retries)","PutSmall",0,-11,0.013,0.013,0.000
"Batch Clients (With Retries)","PutSmall",0,-11,0.011,0.011,0.000
"Batch Clients (With Retries)","PutSmall",0,-11,0.017,0.017,0.000
"Batch Clients (With Retries)","PutLarge",0,-11,0.002,0.002,0.000
"Batch Clients (With Retries)","PutLarge",0,-11,0.002,0.002,0.000
"Batch Clients (With Retries)","PutLarge",0,-11,0.004,0.004,0.000
"Batch Clients (With Retries)","PutSmall",0,-11,0.005,0.005,0.000
"Batch Clients (With Retries)","PutSmall",0,-11,0.021,0.021,0.000
"Batch Clients (With Retries)","PutSmall",0,-11,0.004,0.004,0.000
"Batch Clients (With Retries)","PutSmall",0,-11,0.044,0.044,0.000
"Batch Clients (With Retries)","PutSmall",0,-11,0.011,0.011,0.000
"Batch Clients (With Retries)","PutLarge",0,-11,0.049,0.049,0.000
"Batch Clients (With Retries)","PutLarge",0,-11,0.009,0.009,0.000
"Batch Clients (With Retries)","PutLarge",0,-11,0.007,0.007,0.000
"Batch Clients (With Retries)","PutLarge",0,-11,0.011,0.011,0.000
"Batch Clients (With Retries)","PutLarge",0,-11,0.008,0.008,0.000
"Batch Clients (With Retries)","PutLarge",0,-11,0.009,0.009,0.000
"Batch Clients (With Retries)","PutLarge",0,-11,0.006,0.006,0.000
"Batch Clients (With Retries)","PutSmall",0,-11,0.005,0.005,0.000
"Batch Clients (With Retries)","PutSmall",0,-11,0.004,0.004,0.000
"Batch Clients (With Retries)","PutLarge",0,-11,0.004,0.004,0.000
"Batch Clients (With Retries)","PutLarge",0,-11,0.013,0.013,0.000
"Batch Clients (With Retries)","PutLarge",0,-11,0.010,0.010,0.000
"Batch Clients (With Retries)","PutLarge",0,-11,0.008,0.008,0.000
"Batch Clients (With Retries)","PutLarge",0,-11,0.018,0.018,0.000
"Batch Clients (With Retries)","PutLarge",0,-11,0.020,0.020,0.000
"Batch Clients (With Retries)","PutLarge",0,-11,0.019,0.019,0.000
"Batch Clients (With Retries)","PutLarge",0,-11,0.021,0.021,0.000
"Batch Clients (With Retries)","PutSmall",0,-11,0.025,0.025,0.000
"Batch Clients (With Retries)","PutLarge",0,-11,0.025,0.025,0.000
"Batch Clients (With Retries)","PutSmall",0,-11,0.021,0.021,0.000
"Batch Clients (With Retries)","PutLarge",0,-11,0.019,0.019,0.000
"Batch Clients (With Retries)","PutLarge",0,-11,0.012,0.012,0.000
"Batch Clients (With Retries)","PutLarge",0,-11,0.018,0.018,0.000
"Batch Clients (With Retries)","PutSmall",0,-11,0.012,0.012,0.000
"Batch Clients (With Retries)","PutLarge",0,-11,0.014,0.014,0.000
"Batch Clients (With Retries)","PutLarge",0,-11,0.012,0.012,0.000
"Batch Clients (With Retries)","PutLarge",0,-11,0.011,0.011,0.000
"Batch Clients (With Retries)","PutLarge",0,-11,0.005,0.005,0.000
"Batch Clients (With Retries)","PutLarge",0,-11,0.007,0.007,0.000
"Batch Clients (With Retries)","PutLarge",0,-11,0.004,0.004,0.000
"Batch Clients (With Retries)","PutSmall",0,-11,0.010,0.010,0.000
"Batch Clients (With Retries)","PutSmall",0,-11,0.003,0.003,0.000
"Batch Clients (With Retries)","PutLarge",0,-11,0.001,0.001,0.000
"Batch Clients (With Retries)","PutLarge",0,-11,0.003,0.003,0.000
"Batch Clients (With Retries)","PutSmall",0,-11,0.003,0.003,0.000
"Batch Clients (With Retries)","PutLarge",0,-11,0.027,0.027,0.000
"Batch Clients (With Retries)","PutLarge",0,-11,0.003,0.003,0.000
"Batch Clients (With Retries)","PutSmall",0,-11,0.004,0.004,0.000
"Batch Clients (With Retries)","PutLarge",0,-11,0.007,0.007,0.000
"Batch Clients (With Retries)","PutSmall",0,-11,0.008,0.008,0.000
"Batch Clients (With Retries)","PutLarge",0,-11,0.040,0.040,0.000
"Batch Clients (With Retries)","PutSmall",0,-11,0.009,0.009,0.000
"Batch Clients (With Retries)","PutSmall",0,-11,0.008,0.008,0.000
"Batch Clients (With Retries)","PutLarge",0,-11,0.007,0.007,0.000
"Batch Clients (With Retries)","PutSmall",0,-11,0.007,0.007,0.000
"Batch Clients (With Retries)","PutLarge",0,-11,0.007,0.007,0.000
"Batch Clients (With Retries)","PutLarge",0,-11,0.006,0.006,0.000
"Batch Clients (With Retries)","PutSmall",0,-11,0.007,0.007,0.000
"Batch Clients (With Retries)","PutLarge",0,-11,0.016,0.016,0.000
"Batch Clients (With Retries)","PutSmall",0,-11,0.041,0.041,0.000
"Batch Clients (With Retries)","PutSmall",0,-11,0.038,0.038,0.000
"Batch Clients (With Retries)","PutLarge",0,-11,0.036,0.036,0.000
"Batch Clients (With Retries)","PutSmall",0,-11,0.034,0.034,0.000
"Batch Clients (With Retries)","PutSmall",0,-11,0.033,0.033,0.000
"Batch Clients (With Retries)","PutLarge",0,-11,0.038,0.038,0.000
"Batch Clients (With Retries)","PutLarge",0,-11,0.032,0.032,0.000
"Batch Clients (With Retries)","PutLarge",0,-11,0.036,0.036,0.000
"Batch Clients (With Retries)","PutLarge",0,-11,0.033,0.033,0.000
"Batch Clients (With Retries)","PutLarge",0,-11,0.033,0.033,0.000
"Batch Clients (With Retries)","PutLarge",0,-11,0.031,0.031,0.000
"Batch Clients (With Retries)","PutSmall",0,-11,0.042,0.042,0.000
"Batch Clients (With Retries)","PutLarge",0,-11,0.026,0.026,0.000
"Batch Clients (With Retries)","PutSmall",0,-11,0.021,0.021,0.000
"Batch Clients (With Retries)","PutLarge",0,-11,0.017,0.017,0.000
"Batch Clients (With Retries)","PutLarge",0,-11,0.014,0.014,0.000
"Batch Clients (With Retries)","PutLarge",0,-11,0.014,0.014,0.000
"Batch Clients (With Retries)","PutSmall",0,-11,0.012,0.012,0.000
"Batch Clients (With Retries)","PutLarge",0,-11,0.009,0.009,0.000
"Batch Clients (With Retries)","PutLarge",0,-11,0.013,0.013,0.000
"Batch Clients (With Retries)","PutLarge",0,-11,0.019,0.019,0.000
"Batch Clients (With Retries)","PutSmall",0,-11,0.008,0.008,0.000
"Batch Clients (With Retries)","PutLarge",0,-11,0.008,0.008,0.000
"Batch Clients (With Retries)","PutSmall",0,-11,0.004,0.004,0.000
"Batch Clients (With Retries)","PutLarge",0,-11,0.004,0.004,0.000
"Batch Clients (With Retries)","PutSmall",0,-11,0.003,0.003,0.000
"Batch Clients (With Retries)","PutLarge",0,-11,0.021,0.021,0.000
"Batch Clients (With Retries)","PutLarge",0,-11,0.010,0.010,0.000
"Batch Clients (With Retries)","PutLarge",0,-11,0.018,0.018,0.000
"Batch Clients (With Retries)","PutSmall",0,-11,0.020,0.020,0.000
"Batch Clients (With Retries)","PutLarge",0,-11,0.009,0.009,0.000
"Batch Clients (With Retries)","PutLarge",0,-11,0.041,0.041,0.000
"Batch Clients (With Retries)","PutLarge",0,-11,0.036,0.036,0.000
"Batch Clients (With Retries)","PutLarge",0,-11,0.034,0.034,0.000
"Batch Clients (With Retries)","PutLarge",0,-11,0.033,0.033,0.000
"Batch Clients (With Retries)","PutLarge",0,-11,0.034,0.034,0.000
"Batch Clients (With Retries)","PutSmall",0,-11,0.031,0.031,0.000
"Batch Clients (With Retries)","PutLarge",0,-11,0.031,0.031,0.000
"Batch Clients (With Retries)","PutLarge",0,-11,0.025,0.025,0.000
"Batch Clients (With Retries)","PutLarge",0,-11,0.033,0.033,0.000
"Batch Clients (With Retries)","PutLarge",0,-11,0.036,0.036,0.000
"Batch Clients (With Retries)","PutSmall",0,-11,0.030,0.030,0.000
"Batch Clients (With Retries)","PutLarge",0,-11,0.009,0.009,0.000
"Batch Clients (With Retries)","PutSmall",0,-11,0.023,0.023,0.000
"Batch Clients (With Retries)","PutLarge",0,-11,0.016,0.016,0.000
"Batch Clients (With Retries)","PutLarge",0,-11,0.010,0.010,0.000
"Batch Clients (With Retries)","PutLarge",0,-11,0.015,0.015,0.000
"Batch Clients (With Retries)","PutLarge",0,-11,0.011,0.011,0.000
"Batch Clients (With Retries)","PutLarge",0,-11,0.005,0.005,0.000
"Batch Clients (With Retries)","PutLarge",0,-11,0.035,0.035,0.000
"Batch Clients (With Retries)","PutSmall",0,-11,0.033,0.033,0.000
"Batch Clients (With Retries)","PutLarge",0,-11,0.038,0.038,0.000
"Batch Clients (With Retries)","PutSmall",0,-11,0.026,0.026,0.000
"Batch Clients (With Retries)","PutLarge",0,-11,0.028,0.028,0.000
"Batch Clients (With Retries)","PutLarge",0,-11,0.030,0.030,0.000
"Batch Clients (With Retries)","PutLarge",0,-11,0.030,0.030,0.000
"Batch Clients (With Retries)","PutLarge",0,-11,0.030,0.030,0.000
"Batch Clients (With Retries)","PutLarge",0,-11,0.026,0.026,0.000
"Batch Clients (With Retries)","PutSmall",0,-11,0.024,0.024,0.000
"Batch Clients (With Retries)","PutSmall",0,-11,0.020,0.020,0.000
"Batch Clients (With Retries)","PutLarge",0,-11,0.025,0.025,0.000
"Batch Clients (With Retries)","PutSmall",0,-11,0.013,0.013,0.000
"Batch Clients (With Retries)","PutLarge",0,-11,0.059,0.059,0.000
"Batch Clients (With Retries)","PutLarge",0,-11,0.004,0.004,0.000
"Batch Clients (With Retries)","PutLarge",0,-11,0.005,0.005,0.000
"Batch Clients (With Retries)","PutLarge",0,-11,0.002,0.002,0.000
"Batch Clients (With Retries)","PutLarge",0,-11,0.011,0.011,0.000
"Batch Clients (With Retries)","PutLarge",0,-11,0.019,0.019,0.000
"Batch Clients (With Retries)","PutLarge",0,-11,0.017,0.017,0.000
"Batch Clients (With Retries)","PutLarge",0,-11,0.012,0.012,0.000
"Batch Clients (With Retries)","PutSmall",0,-11,0.043,0.043,0.000
"Batch Clients (With Retries)","PutLarge",0,-11,0.077,0.077,0.000
"Batch Clients (With Retries)","PutSmall",0,-11,0.067,0.067,0.000
"Batch Clients (With Retries)","PutLarge",0,-11,0.064,0.064,0.000
"Batch Clients (With Retries)","PutLarge",0,-11,0.059,0.059,0.000
"Batch Clients (With Retries)","PutLarge",0,-11,0.053,0.053,0.000
"Batch Clients (With Retries)","PutLarge",0,-11,0.066,0.066,0.000
"Batch Clients (With Retries)","PutSmall",0,-11,0.049,0.049,0.000
"Batch Clients (With Retries)","PutSmall",0,-11,0.045,0.045,0.000
"Batch Clients (With Retries)","PutSmall",0,-11,0.046,0.046,0.000
"Batch Clients (With Retries)","PutSmall",0,-11,0.052,0.052,0.000
"Batch Clients (With Retries)","PutSmall",0,-11,0.044,0.044,0.000
"Batch Clients (With Retries)","PutLarge",0,-11,0.037,0.037,0.000
"Batch Clients (With Retries)","PutLarge",0,-11,0.035,0.035,0.000
"Batch Clients (With Retries)","PutLarge",0,-11,0.045,0.045,0.000
"Batch Clients (With Retries)","PutLarge",0,-11,0.029,0.029,0.000
"Batch Clients (With Retries)","PutLarge",0,-11,0.031,0.031,0.000
"Batch Clients (With Retries)","PutLarge",0,-11,0.025,0.025,0.000
"Batch Clients (With Retries)","PutLarge",0,-11,0.006,0.006,0.000
"Batch Clients (With Retries)","PutLarge",0,-11,0.022,0.022,0.000
"Batch Clients (With Retries)","PutLarge",0,-11,0.005,0.005,0.000
"Batch Clients (With Retries)","PutLarge",0,-11,0.005,0.005,0.000
"Batch Clients (With Retries)","PutLarge",0,-11,0.005,0.005,0.000
"Batch Clients (With Retries)","PutLarge",0,-11,0.010,0.010,0.000
"Batch Clients (With Retries)","PutLarge",0,-11,0.010,0.010,0.000
"Batch Clients (With Retries)","PutSmall",0,-11,0.011,0.011,0.000
"Batch Clients (With Retries)","PutLarge",0,-11,0.006,0.006,0.000
"Batch Clients (With Retries)","PutSmall",0,-11,0.006,0.006,0.000
"Batch Clients (With Retries)","PutLarge",0,-11,0.004,0.004,0.000
"Batch Clients (With Retries)","PutLarge",0,-11,0.006,0.006,0.000
"Batch Clients (With Retries)","PutSmall",0,-11,0.005,0.005,0.000
"Batch Clients (With Retries)","PutLarge",0,-11,0.018,0.018,0.000
"Batch Clients (With Retries)","PutSmall",0,-11,0.005,0.005,0.000
"Batch Clients (With Retries)","PutLarge",0,-11,0.001,0.001,0.000
"Batch Clients (With Retries)","PutLarge",0,-11,0.005,0.005,0.000
"Batch Clients (With Retries)","PutSmall",0,-11,0.004,0.004,0.000
"Batch Clients (With Retries)","PutSmall",0,-11,0.016,0.016,0.000
"Batch Clients (With Retries)","PutLarge",0,-11,0.013,0.013,0.000
"Batch Clients (With Retries)","PutLarge",0,-11,0.006,0.006,0.000
"Batch Clients (With Retries)","PutSmall",0,-11,0.021,0.021,0.000
"Batch Clients (With Retries)","PutLarge",0,-11,0.006,0.006,0.000
"Batch Clients (With Retries)","PutSmall",0,-11,0.089,0.089,0.000
"Batch Clients (With Retries)","PutLarge",0,-11,0.079,0.079,0.000
"Batch Clients (With Retries)","PutLarge",0,-11,0.072,0.072,0.000
"Batch Clients (With Retries)","PutLarge",0,-11,0.073,0.073,0.000
"Batch Clients (With Retries)","PutLarge",0,-11,0.067,0.067,0.000
"Batch Clients (With Retries)","PutLarge",0,-11,0.065,0.065,0.000
"Batch Clients (With Retries)","PutLarge",0,-11,0.062,0.062,0.000
"Batch Clients (With Retries)","PutSmall",0,-11,0.066,0.066,0.000
"Batch Clients (With Retries)","PutSmall",0,-11,0.069,0.069,0.000
"Batch Clients (With Retries)","PutLarge",0,-11,0.088,0.088,0.000
"Batch Clients (With Retries)","PutSmall",0,-11,0.062,0.062,0.000
"Batch Clients (With Retries)","PutLarge",0,-11,0.066,0.066,0.000
"Batch Clients (With Retries)","PutLarge",0,-11,0.054,0.054,0.000
"Batch Clients (With Retries)","PutLarge",0,-11,0.060,0.060,0.000
"Batch Clients (With Retries)","PutSmall",0,-11,0.083,0.083,0.000
"Batch Clients (With Retries)","PutLarge",0,-11,0.052,0.052,0.000
"Batch Clients (With Retries)","PutLarge",0,-11,0.044,0.044,0.000
"Batch Clients (With Retries)","PutLarge",0,-11,0.051,0.051,0.000
"Batch Clients (With Retries)","PutLarge",0,-11,0.044,0.044,0.000
"Batch Clients (With Retries)","PutSmall",0,-11,0.042,0.042,0.000
"Batch Clients (With Retries)","PutLarge",0,-11,0.050,0.050,0.000
"Batch Clients (With Retries)","PutLarge",0,-11,0.042,0.042,0.000
"Batch Clients (With Retries)","PutLarge",0,-11,0.046,0.046,0.000
"Batch Clients (With Retries)","PutSmall",0,-11,0.054,0.054,0.000
"Batch Clients (With Retries)","PutLarge",0,-11,0.048,0.048,0.000
"Batch Clients (With Retries)","PutSmall",0,-11,0.047,0.047,0.000
"Batch Clients (With Retries)","PutSmall",0,-11,0.051,0.051,0.000
"Batch Clients (With Retries)","PutSmall",0,-11,0.059,0.059,0.000
"Batch Clients (With Retries)","PutLarge",0,-11,0.048,0.048,0.000
"Batch Clients (With Retries)","PutLarge",0,-11,0.051,0.051,0.000
"Batch Clients (With Retries)","PutLarge",0,-11,0.042,0.042,0.000
"Batch Clients (With Retries)","PutLarge",0,-11,0.043,0.043,0.000
"Batch Clients (With Retries)","PutLarge",0,-11,0.004,0.004,0.000
"Batch Clients (With Retries)","PutSmall",0,-11,0.002,0.002,0.000
"Batch Clients (With Retries)","PutLarge",0,-11,0.009,0.009,0.000
"Batch Clients (With Retries)","PutLarge",0,-11,0.010,0.010,0.000
"Batch Clients (With Retries)","PutLarge",0,-11,0.007,0.007,0.000
"Batch Clients (With Retries)","PutLarge",0,-11,0.006,0.006,0.000
"Batch Clients (With Retries)","PutLarge",0,-11,0.003,0.003,0.000
"Batch Clients (With Retries)","PutSmall",0,-11,0.006,0.006,0.000
"Batch Clients (With Retries)","PutLarge",0,-11,0.007,0.007,0.000
"Batch Clients (With Retries)","PutLarge",0,-11,0.001,0.001,0.000
"Batch Clients (With Retries)","PutSmall",0,-11,0.005,0.005,0.000
"Batch Clients (With Retries)","PutSmall",0,-11,0.004,0.004,0.000
"Batch Clients (With Retries)","PutLarge",0,-11,0.004,0.004,0.000
"Batch Clients (With Retries)","PutLarge",0,-11,0.003,0.003,0.000
"Batch Clients (With Retries)","PutLarge",0,-11,0.003,0.003,0.000
"Batch Clients (With Retries)","PutLarge",0,-11,0.004,0.004,0.000
"Batch Clients (With Retries)","PutLarge",0,-11,0.003,0.003,0.000
"Batch Clients (With Retries)","PutSmall",0,-11,0.004,0.004,0.000
"Batch Clients (With Retries)","PutSmall",0,-11,0.003,0.003,0.000
"Batch Clients (With Retries)","PutLarge",0,-11,0.004,0.004,0.000
"Batch Clients (With Retries)","PutLarge",0,-11,0.025,0.025,0.000
"Batch Clients (With Retries)","PutLarge",0,-11,0.022,0.022,0.000
"Batch Clients (With Retries)","PutLarge",0,-11,0.024,0.024,0.000
"Batch Clients (With Retries)","PutLarge",0,-11,0.022,0.022,0.000
"Batch Clients (With Retries)","PutLarge",0,-11,0.022,0.022,0.000
"Batch Clients (With Retries)","PutLarge",0,-11,0.019,0.019,0.000
"Batch Clients (With Retries)","PutLarge",0,-11,0.017,0.017,0.000
"Batch Clients (With Retries)","PutLarge",0,-11,0.017,0.017,0.000
"Batch Clients (With Retries)","PutLarge",0,-11,0.018,0.018,0.000
"Batch Clients (With Retries)","PutLarge",0,-11,0.018,0.018,0.000
"Batch Clients (With Retries)","PutLarge",0,-11,0.017,0.017,0.000
"Batch Clients (With Retries)","PutLarge",0,-11,0.017,0.017,0.000
"Batch Clients (With Retries)","PutSmall",0,-11,0.015,0.015,0.000
"Batch Clients (With Retries)","PutLarge",0,-11,0.016,0.016,0.000
"Batch Clients (With Retries)","PutLarge",0,-11,0.016,0.016,0.000
"Batch Clients (With Retries)","PutSmall",0,-11,0.021,0.021,0.000
"Batch Clients (With Retries)","PutLarge",0,-11,0.014,0.014,0.000
"Batch Clients (With Retries)","PutLarge",0,-11,0.014,0.014,0.000
"Batch Clients (With Retries)","PutLarge",0,-11,0.014,0.014,0.000
"Batch Clients (With Retries)","PutSmall",0,-11,0.010,0.010,0.000
"Batch Clients (With Retries)","PutLarge",0,-11,0.005,0.005,0.000
"Batch Clients (With Retries)","PutLarge",0,-11,0.001,0.001,0.000
"Batch Clients (With Retries)","PutSmall",0,-11,0.004,0.004,0.000
"Batch Clients (With Retries)","PutLarge",0,-11,0.001,0.001,0.000
"Batch Clients (With Retries)","PutLarge",0,-11,0.001,0.001,0.000
"Batch Clients (With Retries)","PutLarge",0,-11,0.001,0.001,0.000
"Batch Clients (With Retries)","PutLarge",0,-11,0.001,0.001,0.000
"Batch Clients (With Retries)","PutLarge",0,-11,0.001,0.001,0.000
"Batch Clients (With Retries)","PutSmall",0,-11,0.004,0.004,0.000
"Batch Clients (With Retries)","PutLarge",0,-11,0.002,0.002,0.000
"Batch Clients (With Retries)","PutLarge",0,-11,0.001,0.001,0.000
"Batch Clients (With Retries)","PutSmall",0,-11,0.003,0.003,0.000
"Batch Clients (With Retries)","PutSmall",0,-11,0.001,0.001,0.000
"Batch Clients (With Retries)","PutLarge",0,-11,0.001,0.001,0.000
"Batch Clients (With Retries)","PutSmall",0,-11,0.001,0.001,0.000
"Batch Clients (With Retries)","PutLarge",0,-11,0.003,0.003,0.000
"Batch Clients (With Retries)","PutLarge",0,-11,0.001,0.001,0.000
"Batch Clients (With Retries)","PutSmall",0,-11,0.001,0.001,0.000
"Batch Clients (With Retries)","PutLarge",0,-11,0.001,0.001,0.000
"Batch Clients (With Retries)","PutLarge",0,-11,0.001,0.001,0.000
"Batch Clients (With Retries)","PutLarge",0,-11,0.001,0.001,0.000
"Batch Clients (With Retries)","PutSmall",0,-11,0.010,0.010,0.000
"Batch Clients (With Retries)","PutLarge",0,-11,0.013,0.013,0.000
"Batch Clients (With Retries)","PutSmall",0,-11,0.001,0.001,0.000
"Batch Clients (With Retries)","PutSmall",0,-11,0.001,0.001,0.000
"Batch Clients (With Retries)","PutLarge",0,-11,0.007,0.007,0.000
"Batch Clients (With Retries)","PutSmall",0,-11,0.006,0.006,0.000
"Batch Clients (With Retries)","PutLarge",0,-11,0.006,0.006,0.000
"Batch Clients (With Retries)","PutLarge",0,-11,0.005,0.005,0.000
"Batch Clients (With Retries)","PutSmall",0,-11,0.007,0.007,0.000
"Batch Clients (With Retries)","PutLarge",0,-11,0.004,0.004,0.000
"Batch Clients (With Retries)","PutLarge",0,-11,0.004,0.004,0.000
"Batch Clients (With Retries)","PutSmall",0,-11,0.005,0.005,0.000
"Batch Clients (With Retries)","PutLarge",0,-11,0.003,0.003,0.000
"Batch Clients (With Retries)","PutSmall",0,-11,0.003,0.003,0.000
"Batch Clients (With Retries)","PutLarge",0,-11,0.004,0.004,0.000
"Batch Clients (With Retries)","PutLarge",0,-11,0.001,0.001,0.000
"Batch Clients (With Retries)","PutLarge",0,-11,0.011,0.011,0.000
"Batch Clients (With Retries)","PutLarge",0,-11,0.001,0.001,0.000
"Batch Clients (With Retries)","PutSmall",0,-11,0.002,0.002,0.000
"Batch Clients (With Retries)","PutLarge",0,-11,0.002,0.002,0.000
"Batch Clients (With Retries)","PutLarge",0,-11,0.002,0.002,0.000
"Batch Clients (With Retries)","PutSmall",0,-11,0.002,0.002,0.000
"Batch Clients (With Retries)","PutLarge",0,-11,0.003,0.003,0.000
"Batch Clients (With Retries)","PutLarge",0,-11,0.005,0.005,0.000
"Batch Clients (With Retries)","PutLarge",0,-11,0.020,0.020,0.000
"Batch Clients (With Retries)","PutLarge",0,-11,0.003,0.003,0.000
"Batch Clients (With Retries)","PutLarge",0,-11,0.004,0.004,0.000
"Batch Clients (With Retries)","PutSmall",0,-11,0.005,0.005,0.000
"Batch Clients (With Retries)","PutLarge",0,-11,0.003,0.003,0.000
"Batch Clients (With Retries)","PutSmall",0,-11,0.005,0.005,0.000
"Batch Clients (With Retries)","PutLarge",0,-11,0.005,0.005,0.000
"Batch Clients (With Retries)","PutLarge",0,-11,0.003,0.003,0.000
"Batch Clients (With Retries)","PutLarge",0,-11,0.004,0.004,0.000
"Batch Clients (With Retries)","PutLarge",0,-11,0.006,0.006,0.000
"Batch Clients (With Retries)","PutLarge",0,-11,0.011,0.011,0.000
"Batch Clients (With Retries)","PutLarge",0,-11,0.010,0.010,0.000
"Batch Clients (With Retries)","PutLarge",0,-11,0.008,0.008,0.000
"Batch Clients (With Retries)","PutLarge",0,-11,0.014,0.014,0.000
"Batch Clients (With Retries)","PutLarge",0,-11,0.013,0.013,0.000
"Batch Clients (With Retries)","PutLarge",0,-11,0.008,0.008,0.000
"Batch Clients (With Retries)","PutLarge",0,-11,0.004,0.004,0.000
"Batch Clients (With Retries)","PutSmall",0,-11,0.015,0.015,0.000
"Batch Clients (With Retries)","PutSmall",0,-11,0.007,0.007,0.000
"Batch Clients (With Retries)","PutLarge",0,-11,0.007,0.007,0.000
"Batch Clients (With Retries)","PutLarge",0,-11,0.003,0.003,0.000
"Batch Clients (With Retries)","PutLarge",0,-11,0.008,0.008,0.000
"Batch Clients (With Retries)","PutLarge",0,-11,0.022,0.022,0.000
"Batch Clients (With Retries)","PutSmall",0,-11,0.024,0.024,0.000
"Batch Clients (With Retries)","PutSmall",0,-11,0.021,0.021,0.000
"Batch Clients (With Retries)","PutLarge",0,-11,0.017,0.017,0.000
"Batch Clients (With Retries)","PutLarge",0,-11,0.024,0.024,0.000
"Batch Clients (With Retries)","PutLarge",0,-11,0.015,0.015,0.000
"Batch Clients (With Retries)","PutLarge",0,-11,0.015,0.015,0.000
"Batch Clients (With Retries)","PutSmall",0,-11,0.011,0.011,0.000
"Batch Clients (With Retries)","PutLarge",0,-11,0.017,0.017,0.000
"Batch Clients (With Retries)","PutLarge",0,-11,0.012,0.012,0.000
"Batch Clients (With Retries)","PutSmall",0,-11,0.011,0.011,0.000
"Batch Clients (With Retries)","PutSmall",0,-11,0.007,0.007,0.000
"Batch Clients (With Retries)","PutLarge",0,-11,0.004,0.004,0.000
"Batch Clients (With Retries)","PutLarge",0,-11,0.001,0.001,0.000
"Batch Clients (With Retries)","PutLarge",0,-11,0.010,0.010,0.000
"Batch Clients (With Retries)","PutLarge",0,-11,0.001,0.001,0.000
"Batch Clients (With Retries)","PutLarge",0,-11,0.055,0.055,0.000
"Batch Clients (With Retries)","PutLarge",0,-11,0.015,0.015,0.000
"Batch Clients (With Retries)","PutSmall",0,-11,0.069,0.069,0.000
"Batch Clients (With Retries)","PutLarge",0,-11,0.035,0.035,0.000
"Batch Clients (With Retries)","PutLarge",0,-11,0.028,0.028,0.000
"Batch Clients (With Retries)","PutLarge",0,-11,0.005,0.005,0.000
"Batch Clients (With Retries)","PutLarge",0,-11,0.019,0.019,0.000
"Batch Clients (With Retries)","PutLarge",0,-11,0.005,0.005,0.000
"Batch Clients (With Retries)","PutLarge",0,-11,0.004,0.004,0.000
"Batch Clients (With Retries)","PutLarge",0,-11,0.004,0.004,0.000
"Batch Clients (With Retries)","PutLarge",0,-11,0.003,0.003,0.000
"Batch Clients (With Retries)","PutLarge",0,-11,0.005,0.005,0.000
"Batch Clients (With Retries)","PutSmall",0,-11,0.017,0.017,0.000
"Batch Clients (With Retries)","PutSmall",0,-11,0.021,0.021,0.000
"Batch Clients (With Retries)","PutSmall",0,-11,0.013,0.013,0.000
"Batch Clients (With Retries)","PutSmall",0,-11,0.010,0.010,0.000
"Batch Clients (With Retries)","PutLarge",0,-11,0.009,0.009,0.000
"Batch Clients (With Retries)","PutLarge",0,-11,0.004,0.004,0.000
"Batch Clients (With Retries)","PutLarge",0,-11,0.016,0.016,0.000
"Batch Clients (With Retries)","PutLarge",0,-11,0.016,0.016,0.000
"Batch Clients (With Retries)","PutLarge",0,-11,0.014,0.014,0.000
"Batch Clients (With Retries)","PutLarge",0,-11,0.010,0.010,0.000
"Batch Clients (With Retries)","PutLarge",0,-11,0.007,0.007,0.000
"Batch Clients (With Retries)","PutSmall",0,-11,0.008,0.008,0.000
"Batch Clients (With Retries)","PutLarge",0,-11,0.014,0.014,0.000
"Batch Clients (With Retries)","PutLarge",0,-11,0.008,0.008,0.000
"Batch Clients (With Retries)","PutLarge",0,-11,0.003,0.003,0.000
"Batch Clients (With Retries)","PutSmall",0,-11,0.005,0.005,0.000
"Batch Clients (With Retries)","PutLarge",0,-11,0.018,0.018,0.000
"Batch Clients (With Retries)","PutLarge",0,-11,0.017,0.017,0.000
"Batch Clients (With Retries)","PutSmall",0,-11,0.014,0.014,0.000
"Batch Clients (With Retries)","PutLarge",0,-11,0.015,0.015,0.000
"Batch Clients (With Retries)","PutLarge",0,-11,0.005,0.005,0.000
"Batch Clients (With Retries)","PutLarge",0,-11,0.009,0.009,0.000
"Batch Clients (With Retries)","PutLarge",0,-11,0.015,0.015,0.000
"Batch Clients (With Retries)","PutSmall",0,-11,0.007,0.007,0.000
"Batch Clients (With Retries)","PutSmall",0,-11,0.016,0.016,0.000
"Batch Clients (With Retries)","PutSmall",0,-11,0.002,0.002,0.000
"Batch Clients (With Retries)","PutLarge",0,-11,0.005,0.005,0.000
"Batch Clients (With Retries)","PutLarge",0,-11,0.026,0.026,0.000
"Batch Clients (With Retries)","PutLarge",0,-11,0.002,0.002,0.000
"Batch Clients (With Retries)","PutLarge",0,-11,0.001,0.001,0.000
"Batch Clients (With Retries)","PutLarge",0,-11,0.002,0.002,0.000
"Batch Clients (With Retries)","PutLarge",0,-11,0.011,0.011,0.000
"Batch Clients (With Retries)","PutLarge",0,-11,0.005,0.005,0.000
"Batch Clients (With Retries)","PutLarge",0,-11,0.001,0.001,0.000
"Batch Clients (With Retries)","PutLarge",0,-11,0.001,0.001,0.000
"Batch Clients (With Retries)","PutSmall",0,-11,0.008,0.008,0.000
"Batch Clients (With Retries)","PutLarge",0,-11,0.025,0.025,0.000
"Batch Clients (With Retries)","PutLarge",0,-11,0.006,0.006,0.000
"Batch Clients (With Retries)","PutLarge",0,-11,0.005,0.005,0.000
"Batch Clients (With Retries)","PutLarge",0,-11,0.015,0.015,0.000
"Batch Clients (With Retries)","PutSmall",0,-11,0.002,0.002,0.000
"Batch Clients (With Retries)","PutLarge",0,-11,0.003,0.003,0.000
"Batch Clients (With Retries)","PutSmall",0,-11,0.001,0.001,0.000
"Batch Clients (With Retries)","PutLarge",0,-11,0.001,0.001,0.000
"Batch Clients (With Retries)","PutLarge",0,-11,0.004,0.004,0.000
"Batch Clients (With Retries)","PutSmall",0,-11,0.002,0.002,0.000
"Batch Clients (With Retries)","PutLarge",0,-11,0.007,0.007,0.000
"Batch Clients (With Retries)","PutSmall",0,-11,0.039,0.039,0.000
"Batch Clients (With Retries)","PutLarge",0,-11,0.004,0.004,0.000
"Batch Clients (With Retries)","PutLarge",0,-11,0.040,0.040,0.000
"Batch Clients (With Retries)","PutLarge",0,-11,0.001,0.001,0.000
"Batch Clients (With Retries)","PutLarge",0,-11,0.005,0.005,0.000
"Batch Clients (With Retries)","PutLarge",0,-11,0.004,0.004,0.000
"Batch Clients (With Retries)","PutLarge",0,-11,0.005,0.005,0.000
"Batch Clients (With Retries)","PutLarge",0,-11,0.009,0.009,0.000
"Batch Clients (With Retries)","PutLarge",0,-11,0.007,0.007,0.000
"Batch Clients (With Retries)","PutLarge",0,-11,0.004,0.004,0.000
"Batch Clients (With Retries)","PutLarge",0,-11,0.004,0.004,0.000
"Batch Clients (With Retries)","PutSmall",0,-11,0.005,0.005,0.000
"Batch Clients (With Retries)","PutSmall",0,-11,0.006,0.006,0.000
"Batch Clients (With Retries)","PutSmall",0,-11,0.004,0.004,0.000
"Batch Clients (With Retries)","PutLarge",0,-11,0.005,0.005,0.000
"Batch Clients (With Retries)","PutSmall",0,-11,0.007,0.007,0.000
"Batch Clients (With Retries)","PutSmall",0,-11,0.005,0.005,0.000
"Batch Clients (With Retries)","PutLarge",0,-11,0.004,0.004,0.000
"Batch Clients (With Retries)","PutLarge",0,-11,0.006,0.006,0.000
"Batch Clients (With Retries)","PutLarge",0,-11,0.002,0.002,0.000
"Batch Clients (With Retries)","PutLarge",0,-11,0.001,0.001,0.000
"Batch Clients (With Retries)","PutLarge",0,-11,0.002,0.002,0.000
"Batch Clients (With Retries)","PutLarge",0,-11,0.001,0.001,0.000
"Batch Clients (With Retries)","PutLarge",0,-11,0.001,0.001,0.000
"Batch Clients (With Retries)","PutSmall",0,-11,0.005,0.005,0.000
"Batch Clients (With Retries)","PutLarge",0,-11,0.001,0.001,0.000
"Batch Clients (With Retries)","PutLarge",0,-11,0.004,0.004,0.000
"Batch Clients (With Retries)","PutSmall",0,-11,0.001,0.001,0.000
"Batch Clients (With Retries)","PutLarge",0,-11,0.003,0.003,0.000
"Batch Clients (With Retries)","PutSmall",0,-11,0.001,0.001,0.000
"Batch Clients (With Retries)","PutSmall",0,-11,0.002,0.002,0.000
"Batch Clients (With Retries)","PutSmall",0,-11,0.020,0.020,0.000
"Batch Clients (With Retries)","PutLarge",0,-11,0.010,0.010,0.000
"Batch Clients (With Retries)","PutLarge",0,-11,0.010,0.010,0.000
"Batch Clients (With Retries)","PutLarge",0,-11,0.007,0.007,0.000
"Batch Clients (With Retries)","PutSmall",0,-11,0.003,0.003,0.000
"Batch Clients (With Retries)","PutSmall",0,-11,0.005,0.005,0.000
"Batch Clients (With Retries)","PutLarge",0,-11,0.005,0.005,0.000
"Batch Clients (With Retries)","PutSmall",0,-11,0.007,0.007,0.000
"Batch Clients (With Retries)","PutSmall",0,-11,0.001,0.001,0.000
"Batch Clients (With Retries)","PutSmall",0,-11,0.001,0.001,0.000
"Batch Clients (With Retries)","PutLarge",0,-11,0.003,0.003,0.000
"Batch Clients (With Retries)","PutSmall",0,-11,0.001,0.001,0.000
"Batch Clients (With Retries)","PutSmall",0,-11,0.010,0.010,0.000
"Batch Clients (With Retries)","PutLarge",0,-11,0.008,0.008,0.000
"Batch Clients (With Retries)","PutLarge",0,-11,0.005,0.005,0.000
"Batch Clients (With Retries)","PutLarge",0,-11,0.007,0.007,0.000
"Batch Clients (With Retries)","PutSmall",0,-11,0.007,0.007,0.000
"Batch Clients (With Retries)","PutSmall",0,-11,0.005,0.005,0.000
"Batch Clients (With Retries)","PutLarge",0,-11,0.008,0.008,0.000
"Batch Clients (With Retries)","PutLarge",0,-11,0.010,0.010,0.000
"Batch Clients (With Retries)","PutLarge",0,-11,0.003,0.003,0.000
"Batch Clients (With Retries)","PutSmall",0,-11,0.005,0.005,0.000
"Batch Clients (With Retries)","PutLarge",0,-11,0.003,0.003,0.000
"Batch Clients (With Retries)","PutSmall",0,-11,0.015,0.015,0.000
"Batch Clients (With Retries)","PutLarge",0,-11,0.019,0.019,0.000
"Batch Clients (With Retries)","PutSmall",0,-11,0.006,0.006,0.000
"Batch Clients (With Retries)","PutLarge",0,-11,0.003,0.003,0.000
"Batch Clients (With Retries)","PutSmall",0,-11,0.001,0.001,0.000
"Batch Clients (With Retries)","PutSmall",0,-11,0.002,0.002,0.000
"Batch Clients (With Retries)","PutLarge",0,-11,0.001,0.001,0.000
"Batch Clients (With Retries)","PutLarge",0,-11,0.008,0.008,0.000
"Batch Clients (With Retries)","PutLarge",0,-11,0.011,0.011,0.000
"Batch Clients (With Retries)","PutLarge",0,-11,0.047,0.047,0.000
"Batch Clients (With Retries)","PutLarge",0,-11,0.004,0.004,0.000
"Batch Clients (With Retries)","PutLarge",0,-11,0.002,0.002,0.000
"Batch Clients (With Retries)","PutSmall",0,-11,0.004,0.004,0.000
"Batch Clients (With Retries)","PutLarge",0,-11,0.003,0.003,0.000
"Batch Clients (With Retries)","PutLarge",0,-11,0.003,0.003,0.000
"Batch Clients (With Retries)","PutLarge",0,-11,0.001,0.001,0.000
"Batch Clients (With Retries)","PutLarge",0,-11,0.003,0.003,0.000
"Batch Clients (With Retries)","PutLarge",0,-11,0.001,0.001,0.000
"Batch Clients (With Retries)","PutSmall",0,-11,0.002,0.002,0.000
"Batch Clients (With Retries)","PutLarge",0,-11,0.001,0.001,0.000
"Batch Clients (With Retries)","PutLarge",0,-11,0.003,0.003,0.000
"Batch Clients (With Retries)","PutLarge",0,-11,0.001,0.001,0.000
"Batch Clients (With Retries)","PutLarge",0,-11,0.004,0.004,0.000
"Batch Clients (With Retries)","PutSmall",0,-11,0.007,0.007,0.000
"Batch Clients (With Retries)","PutSmall",0,-11,0.001,0.001,0.000
"Batch Clients (With Retries)","PutLarge",0,-11,0.003,0.003,0.000
"Batch Clients (With Retries)","PutSmall",0,-11,0.010,0.010,0.000
"Batch Clients (With Retries)","PutLarge",0,-11,0.006,0.006,0.000
"Batch Clients (With Retries)","PutLarge",0,-11,0.005,0.005,0.000
"Batch Clients (With Retries)","PutSmall",0,-11,0.020,0.020,0.000
"Batch Clients (With Retries)","PutSmall",0,-11,0.006,0.006,0.000
"Batch Clients (With Retries)","PutSmall",0,-11,0.003,0.003,0.000
"Batch Clients (With Retries)","PutLarge",0,-11,0.006,0.006,0.000
"Batch Clients (With Retries)","PutLarge",0,-11,0.007,0.007,0.000
"Batch Clients (With Retries)","PutLarge",0,-11,0.011,0.011,0.000
"Batch Clients (With Retries)","PutSmall",0,-11,0.010,0.010,0.000
"Batch Clients (With Retries)","PutLarge",0,-11,0.005,0.005,0.000
"Batch Clients (With Retries)","PutLarge",0,-11,0.008,0.008,0.000
"Batch Clients (With Retries)","PutSmall",0,-11,0.003,0.003,0.000
"Batch Clients (With Retries)","PutSmall",0,-11,0.004,0.004,0.000
"Batch Clients (With Retries)","PutLarge",0,-11,0.002,0.002,0.000
"Batch Clients (With Retries)","PutLarge",0,-11,0.005,0.005,0.000
"Batch Clients (With Retries)","PutLarge",0,-11,0.003,0.003,0.000
"Batch Clients (With Retries)","PutLarge",0,-11,0.024,0.024,0.000
"Batch Clients (With Retries)","PutLarge",0,-11,0.001,0.001,0.000
"Batch Clients (With Retries)","PutLarge",0,-11,0.003,0.003,0.000
"Batch Clients (With Retries)","PutLarge",0,-11,0.001,0.001,0.000
"Batch Clients (With Retries)","PutLarge",0,-11,0.004,0.004,0.000
"Batch Clients (With Retries)","PutLarge",0,-11,0.003,0.003,0.000
"Batch Clients (With Retries)","PutLarge",0,-11,0.003,0.003,0.000
"Batch Clients (With Retries)","PutLarge",0,-11,0.007,0.007,0.000
"Batch Clients (With Retries)","PutLarge",0,-11,0.004,0.004,0.000
"Batch Clients (With Retries)","PutLarge",0,-11,0.007,0.007,0.000
"Batch Clients (With Retries)","PutLarge",0,-11,0.004,0.004,0.000
"Batch Clients (With Retries)","PutSmall",0,-11,0.001,0.001,0.000
"Batch Clients (With Retries)","PutLarge",0,-11,0.003,0.003,0.000
"Batch Clients (With Retries)","PutLarge",0,-11,0.003,0.003,0.000
"Batch Clients (With Retries)","PutLarge",0,-11,0.004,0.004,0.000
"Batch Clients (With Retries)","PutLarge",0,-11,0.001,0.001,0.000
"Batch Clients (With Retries)","PutSmall",0,-11,0.005,0.005,0.000
"Batch Clients (With Retries)","PutLarge",0,-11,0.004,0.004,0.000
"Batch Clients (With Retries)","PutSmall",0,-11,0.003,0.003,0.000
"Batch Clients (With Retries)","PutLarge",0,-11,0.001,0.001,0.000
"Batch Clients (With Retries)","PutSmall",0,-11,0.008,0.008,0.000
"Batch Clients (With Retries)","PutSmall",0,-11,0.005,0.005,0.000
"Batch Clients (With Retries)","PutLarge",0,-11,0.009,0.009,0.000
"Batch Clients (With Retries)","PutLarge",0,-11,0.006,0.006,0.000
"Batch Clients (With Retries)","PutSmall",0,-11,0.005,0.005,0.000
"Batch Clients (With Retries)","PutLarge",0,-11,0.003,0.003,0.000
"Batch Clients (With Retries)","PutLarge",0,-11,0.004,0.004,0.000
"Batch Clients (With Retries)","PutSmall",0,-11,0.003,0.003,0.000
"Batch Clients (With Retries)","PutLarge",0,-11,0.001,0.001,0.000
"Batch Clients (With Retries)","PutLarge",0,-11,0.003,0.003,0.000
"Batch Clients (With Retries)","PutLarge",0,-11,0.002,0.002,0.000
"Batch Clients (With Retries)","PutSmall",0,-11,0.005,0.005,0.000
"Batch Clients (With Retries)","PutLarge",0,-11,0.004,0.004,0.000
"Batch Clients (With Retries)","PutLarge",0,-11,0.015,0.015,0.000
"Batch Clients (With Retries)","PutSmall",0,-11,0.004,0.004,0.000
"Batch Clients (With Retries)","PutLarge",0,-11,0.003,0.003,0.000
"Batch Clients (With Retries)","PutLarge",0,-11,0.003,0.003,0.000
"Batch Clients (With Retries)","PutSmall",0,-11,0.006,0.006,0.000
"Batch Clients (With Retries)","PutLarge",0,-11,0.005,0.005,0.000
"Batch Clients (With Retries)","PutLarge",0,-11,0.003,0.003,0.000
"Batch Clients (With Retries)","PutLarge",0,-11,0.005,0.005,0.000
"Batch Clients (With Retries)","PutLarge",0,-11,0.001,0.001,0.000
"Batch Clients (With Retries)","PutLarge",0,-11,0.005,0.005,0.000
"Batch Clients (With Retries)","PutLarge",0,-11,0.005,0.005,0.000
"Batch Clients (With Retries)","PutSmall",0,-11,0.003,0.003,0.000
"Batch Clients (With Retries)","PutLarge",0,-11,0.002,0.002,0.000
"Batch Clients (With Retries)","PutSmall",0,-11,0.002,0.002,0.000
"Batch Clients (With Retries)","PutLarge",0,-11,0.004,0.004,0.000
"Batch Clients (With Retries)","PutLarge",0,-11,0.005,0.005,0.000
"Batch Clients (With Retries)","PutLarge",0,-11,0.002,0.002,0.000
"Batch Clients (With Retries)","PutSmall",0,-11,0.002,0.002,0.000
"Batch Clients (With Retries)","PutLarge",0,-11,0.002,0.002,0.000
"Batch Clients (With Retries)","PutLarge",0,-11,0.002,0.002,0.000
"Batch Clients (With Retries)","PutSmall",0,-11,0.002,0.002,0.000
"Batch Clients (With Retries)","PutLarge",0,-11,0.001,0.001,0.000
"Batch Clients (With Retries)","PutLarge",0,-11,0.002,0.002,0.000
"Batch Clients (With Retries)","PutSmall",0,-11,0.004,0.004,0.000
"Batch Clients (With Retries)","PutSmall",0,-11,0.016,0.016,0.000
"Batch Clients (With Retries)","PutLarge",0,-11,0.001,0.001,0.000
"Batch Clients (With Retries)","PutLarge",0,-11,0.005,0.005,0.000
"Batch Clients (With Retries)","PutSmall",0,-11,0.002,0.002,0.000
"Batch Clients (With Retries)","PutLarge",0,-11,0.002,0.002,0.000
"Batch Clients (With Retries)","PutLarge",0,-11,0.001,0.001,0.000
"Batch Clients (With Retries)","PutLarge",0,-11,0.002,0.002,0.000
"Batch Clients (With Retries)","PutSmall",0,-11,0.002,0.002,0.000
"Batch Clients (With Retries)","PutLarge",0,-11,0.004,0.004,0.000
"Batch Clients (With Retries)","PutLarge",0,-11,0.001,0.001,0.000
"Batch Clients (With Retries)","PutLarge",0,-11,0.003,0.003,0.000
"Batch Clients (With Retries)","PutSmall",0,-11,0.005,0.005,0.000
"Batch Clients (With Retries)","PutSmall",0,-11,0.002,0.002,0.000
"Batch Clients (With Retries)","PutLarge",0,-11,0.002,0.002,0.000
"Batch Clients (With Retries)","PutLarge",0,-11,0.002,0.002,0.000
"Batch Clients (With Retries)","PutSmall",0,-11,0.003,0.003,0.000
"Batch Clients (With Retries)","PutLarge",0,-11,0.005,0.005,0.000
"Batch Clients (With Retries)","PutLarge",0,-11,0.001,0.001,0.000
"Batch Clients (With Retries)","PutLarge",0,-11,0.002,0.002,0.000
"Batch Clients (With Retries)","PutLarge",0,-11,0.003,0.003,0.000
"Batch Clients (With Retries)","PutLarge",0,-11,0.003,0.003,0.000
"Batch Clients (With Retries)","PutLarge",0,-11,0.007,0.007,0.000
"Batch Clients (With Retries)","PutSmall",0,-11,0.002,0.002,0.000
"Batch Clients (With Retries)","PutLarge",0,-11,0.003,0.003,0.000
"Batch Clients (With Retries)","PutLarge",0,-11,0.002,0.002,0.000
"Batch Clients (With Retries)","PutLarge",0,-11,0.001,0.001,0.000
"Batch Clients (With Retries)","PutLarge",0,-11,0.003,0.003,0.000
"Batch Clients (With Retries)","PutLarge",0,-11,0.001,0.001,0.000
"Batch Clients (With Retries)","PutLarge",0,-11,0.002,0.002,0.000
"Batch Clients (With Retries)","PutLarge",0,-11,0.008,0.008,0.000
"Batch Clients (With Retries)","PutLarge",0,-11,0.001,0.001,0.000
"Batch Clients (With Retries)","PutSmall",0,-11,0.052,0.052,0.000
"Batch Clients (With Retries)","PutLarge",0,-11,0.001,0.001,0.000
"Batch Clients (With Retries)","PutLarge",0,-11,0.046,0.046,0.000
"Batch Clients (With Retries)","PutSmall",0,-11,0.003,0.003,0.000
"Batch Clients (With Retries)","PutSmall",0,-11,0.034,0.034,0.000
"Batch Clients (With Retries)","PutLarge",0,-11,0.002,0.002,0.000
"Batch Clients (With Retries)","PutSmall",0,-11,0.001,0.001,0.000
"Batch Clients (With Retries)","PutLarge",0,-11,0.004,0.004,0.000
"Batch Clients (With Retries)","PutLarge",0,-11,0.004,0.004,0.000
"Batch Clients (With Retries)","PutSmall",0,-11,0.002,0.002,0.000
"Batch Clients (With Retries)","PutSmall",0,-11,0.008,0.008,0.000
"Batch Clients (With Retries)","PutLarge",0,-11,0.002,0.002,0.000
"Batch Clients (With Retries)","PutSmall",0,-11,0.001,0.001,0.000
"Batch Clients (With Retries)","PutLarge",0,-11,0.004,0.004,0.000
"Batch Clients (With Retries)","PutLarge",0,-11,0.002,0.002,0.000
"Batch Clients (With Retries)","PutLarge",0,-11,0.001,0.001,0.000
"Batch Clients (With Retries)","PutLarge",0,-11,0.001,0.001,0.000
"Batch Clients (With Retries)","PutLarge",0,-11,0.010,0.010,0.000
"Batch Clients (With Retries)","PutSmall",0,-11,0.002,0.002,0.000
"Batch Clients (With Retries)","PutLarge",0,-11,0.023,0.023,0.000
"Batch Clients (With Retries)","PutSmall",0,-11,0.002,0.002,0.000
"Batch Clients (With Retries)","PutLarge",0,-11,0.007,0.007,0.000
"Batch Clients (With Retries)","PutLarge",0,-11,0.003,0.003,0.000
"Batch Clients (With Retries)","PutLarge",0,-11,0.001,0.001,0.000
"Batch Clients (With Retries)","PutSmall",0,-11,0.002,0.002,0.000
"Batch Clients (With Retries)","PutLarge",0,-11,0.005,0.005,0.000
"Batch Clients (With Retries)","PutSmall",0,-11,0.003,0.003,0.000
"Batch Clients (With Retries)","PutLarge",0,-11,0.020,0.020,0.000
"Batch Clients (With Retries)","PutLarge",0,-11,0.015,0.015,0.000
"Batch Clients (With Retries)","PutLarge",0,-11,0.002,0.002,0.000
"Batch Clients (With Retries)","PutLarge",0,-11,0.003,0.003,0.000
"Batch Clients (With Retries)","PutSmall",0,-11,0.002,0.002,0.000
"Batch Clients (With Retries)","PutSmall",0,-11,0.005,0.005,0.000
"Batch Clients (With Retries)","PutSmall",0,-11,0.001,0.001,0.000
"Batch Clients (With Retries)","PutLarge",0,-11,0.003,0.003,0.000
"Batch Clients (With Retries)","PutSmall",0,-11,0.001,0.001,0.000
"Batch Clients (With Retries)","PutLarge",0,-11,0.038,0.038,0.000
"Batch Clients (With Retries)","PutSmall",0,-11,0.025,0.025,0.000
"Batch Clients (With Retries)","PutSmall",0,-11,0.015,0.015,0.000
"Batch Clients (With Retries)","PutSmall",0,-11,0.010,0.010,0.000
"Batch Clients (With Retries)","PutLarge",0,-11,0.014,0.014,0.000
"Batch Clients (With Retries)","PutLarge",0,-11,0.009,0.009,0.000
"Batch Clients (With Retries)","PutLarge",0,-11,0.083,0.083,0.000
"Batch Clients (With Retries)","PutSmall",0,-11,0.080,0.080,0.000
"Batch Clients (With Retries)","PutLarge",0,-11,0.079,0.079,0.000
"Batch Clients (With Retries)","PutLarge",0,-11,0.075,0.075,0.000
"Batch Clients (With Retries)","PutSmall",0,-11,0.078,0.078,0.000
"Batch Clients (With Retries)","PutLarge",0,-11,0.077,0.077,0.000
"Batch Clients (With Retries)","PutLarge",0,-11,0.041,0.041,0.000
"Batch Clients (With Retries)","PutLarge",0,-11,0.035,0.035,0.000
"Batch Clients (With Retries)","PutSmall",0,-11,0.025,0.025,0.000
"Batch Clients (With Retries)","PutSmall",0,-11,0.032,0.032,0.000
"Batch Clients (With Retries)","PutLarge",0,-11,0.023,0.023,0.000
"Batch Clients (With Retries)","PutLarge",0,-11,0.022,0.022,0.000
"Batch Clients (With Retries)","PutLarge",0,-11,0.025,0.025,0.000
"Batch Clients (With Retries)","PutSmall",0,-11,0.028,0.028,0.000
"Batch Clients (With Retries)","PutLarge",0,-11,0.026,0.026,0.000
"Batch Clients (With Retries)","PutSmall",0,-11,0.025,0.025,0.000
"Batch Clients (With Retries)","PutLarge",0,-11,0.025,0.025,0.000
"Batch Clients (With Retries)","PutLarge",0,-11,0.022,0.022,0.000
"Batch Clients (With Retries)","PutLarge",0,-11,0.019,0.019,0.000
"Batch Clients (With Retries)","PutSmall",0,-11,0.012,0.012,0.000
"Batch Clients (With Retries)","PutLarge",0,-11,0.006,0.006,0.000
"Batch Clients (With Retries)","PutSmall",0,-11,0.010,0.010,0.000
"Batch Clients (With Retries)","PutSmall",0,-11,0.020,0.020,0.000
"Batch Clients (With Retries)","PutLarge",0,-11,0.019,0.019,0.000
"Batch Clients (With Retries)","PutSmall",0,-11,0.016,0.016,0.000
"Batch Clients (With Retries)","PutLarge",0,-11,0.013,0.013,0.000
"Batch Clients (With Retries)","PutLarge",0,-11,0.012,0.012,0.000
"Batch Clients (With Retries)","PutLarge",0,-11,0.022,0.022,0.000
"Batch Clients (With Retries)","PutLarge",0,-11,0.013,0.013,0.000
"Batch Clients (With Retries)","PutLarge",0,-11,0.015,0.015,0.000
"Batch Clients (With Retries)","PutLarge",0,-11,0.012,0.012,0.000
"Batch Clients (With Retries)","PutSmall",0,-11,0.009,0.009,0.000
"Batch Clients (With Retries)","PutLarge",0,-11,0.004,0.004,0.000
"Batch Clients (With Retries)","PutLarge",0,-11,0.006,0.006,0.000
"Batch Clients (With Retries)","PutSmall",0,-11,0.005,0.005,0.000
"Batch Clients (With Retries)","PutSmall",0,-11,0.005,0.005,0.000
"Batch Clients (With Retries)","PutLarge",0,-11,0.004,0.004,0.000
"Batch Clients (With Retries)","PutLarge",0,-11,0.017,0.017,0.000
"Batch Clients (With Retries)","PutSmall",0,-11,0.001,0.001,0.000
"Batch Clients (With Retries)","PutSmall",0,-11,0.010,0.010,0.000
"Batch Clients (With Retries)","PutLarge",0,-11,0.001,0.001,0.000
"Batch Clients (With Retries)","PutSmall",0,-11,0.012,0.012,0.000
"Batch Clients (With Retries)","PutLarge",0,-11,0.002,0.002,0.000
"Batch Clients (With Retries)","PutLarge",0,-11,0.002,0.002,0.000
"Batch Clients (With Retries)","PutSmall",0,-11,0.002,0.002,0.000
"Batch Clients (With Retries)","PutLarge",0,-11,0.002,0.002,0.000
"Batch Clients (With Retries)","PutLarge",0,-11,0.001,0.001,0.000
"Batch Clients (With Retries)","PutLarge",0,-11,0.002,0.002,0.000
"Batch Clients (With Retries)","PutLarge",0,-11,0.002,0.002,0.000
"Batch Clients (With Retries)","PutLarge",0,-11,0.005,0.005,0.000
"Batch Clients (With Retries)","PutSmall",0,-11,0.002,0.002,0.000
"Batch Clients (With Retries)","PutLarge",0,-11,0.003,0.003,0.000
"Batch Clients (With Retries)","PutLarge",0,-11,0.004,0.004,0.000
"Batch Clients (With Retries)","PutLarge",0,-11,0.005,0.005,0.000
"Batch Clients (With Retries)","PutSmall",0,-11,0.004,0.004,0.000
"Batch Clients (With Retries)","PutLarge",0,-11,0.004,0.004,0.000
"Batch Clients (With Retries)","PutSmall",0,-11,0.003,0.003,0.000
"Batch Clients (With Retries)","PutSmall",0,-11,0.004,0.004,0.000
"Batch Clients (With Retries)","PutLarge",0,-11,0.003,0.003,0.000
"Batch Clients (With Retries)","PutLarge",0,-11,0.002,0.002,0.000
"Batch Clients (With Retries)","PutLarge",0,-11,0.002,0.002,0.000
"Batch Clients (With Retries)","PutLarge",0,-11,0.001,0.001,0.000
"Batch Clients (With Retries)","PutSmall",0,-11,0.003,0.003,0.000
"Batch Clients (With Retries)","PutLarge",0,-11,0.002,0.002,0.000
"Batch Clients (With Retries)","PutSmall",0,-11,0.002,0.002,0.000
"Batch Clients (With Retries)","PutLarge",0,-11,0.003,0.003,0.000
"Batch Clients (With Retries)","PutLarge",0,-11,0.002,0.002,0.000
"Batch Clients (With Retries)","PutSmall",0,-11,0.002,0.002,0.000
"Batch Clients (With Retries)","PutLarge",0,-11,0.002,0.002,0.000
"Batch Clients (With Retries)","PutSmall",0,-11,0.004,0.004,0.000
"Batch Clients (With Retries)","PutLarge",0,-11,0.004,0.004,0.000
"Batch Clients (With Retries)","PutSmall",0,-11,0.001,0.001,0.000
"Batch Clients (With Retries)","PutSmall",0,-11,0.006,0.006,0.000
"Batch Clients (With Retries)","PutLarge",0,-11,0.002,0.002,0.000
"Batch Clients (With Retries)","PutLarge",0,-11,0.014,0.014,0.000
"Batch Clients (With Retries)","PutLarge",0,-11,0.013,0.013,0.000
"Batch Clients (With Retries)","PutLarge",0,-11,0.007,0.007,0.000
"Batch Clients (With Retries)","PutLarge",0,-11,0.015,0.015,0.000
"Batch Clients (With Retries)","PutLarge",0,-11,0.004,0.004,0.000
"Batch Clients (With Retries)","PutLarge",0,-11,0.060,0.060,0.000
"Batch Clients (With Retries)","PutLarge",0,-11,0.001,0.001,0.000
"Batch Clients (With Retries)","PutLarge",0,-11,0.008,0.008,0.000
"Batch Clients (With Retries)","PutLarge",0,-11,0.005,0.005,0.000
"Batch Clients (With Retries)","PutLarge",0,-11,0.010,0.010,0.000
"Batch Clients (With Retries)","PutSmall",0,-11,0.006,0.006,0.000
"Batch Clients (With Retries)","PutSmall",0,-11,0.007,0.007,0.000
"Batch Clients (With Retries)","PutLarge",0,-11,0.050,0.050,0.000
"Batch Clients (With Retries)","PutLarge",0,-11,0.053,0.053,0.000
"Batch Clients (With Retries)","PutLarge",0,-11,0.053,0.053,0.000
"Batch Clients (With Retries)","PutSmall",0,-11,0.054,0.054,0.000
"Batch Clients (With Retries)","PutLarge",0,-11,0.053,0.053,0.000
"Batch Clients (With Retries)","PutLarge",0,-11,0.054,0.054,0.000
"Batch Clients (With Retries)","PutLarge",0,-11,0.055,0.055,0.000
"Batch Clients (With Retries)","PutLarge",0,-11,0.057,0.057,0.000
"Batch Clients (With Retries)","PutLarge",0,-11,0.052,0.052,0.000
"Batch Clients (With Retries)","PutLarge",0,-11,0.051,0.051,0.000
"Batch Clients (With Retries)","PutLarge",0,-11,0.054,0.054,0.000
"Batch Clients (With Retries)","PutLarge",0,-11,0.052,0.052,0.000
"Batch Clients (With Retries)","PutSmall",0,-11,0.045,0.045,0.000
"Batch Clients (With Retries)","PutLarge",0,-11,0.050,0.050,0.000
"Batch Clients (With Retries)","PutSmall",0,-11,0.050,0.050,0.000
"Batch Clients (With Retries)","PutSmall",0,-11,0.048,0.048,0.000
"Batch Clients (With Retries)","PutLarge",0,-11,0.044,0.044,0.000
"Batch Clients (With Retries)","PutLarge",0,-11,0.040,0.040,0.000
"Batch Clients (With Retries)","PutLarge",0,-11,0.039,0.039,0.000
"Batch Clients (With Retries)","PutLarge",0,-11,0.034,0.034,0.000
"Batch Clients (With Retries)","PutLarge",0,-11,0.028,0.028,0.000
"Batch Clients (With Retries)","PutSmall",0,-11,0.030,0.030,0.000
"Batch Clients (With Retries)","PutLarge",0,-11,0.027,0.027,0.000
"Batch Clients (With Retries)","PutSmall",0,-11,0.030,0.030,0.000
"Batch Clients (With Retries)","PutLarge",0,-11,0.012,0.012,0.000
"Batch Clients (With Retries)","PutSmall",0,-11,0.002,0.002,0.000
"Batch Clients (With Retries)","PutLarge",0,-11,0.002,0.002,0.000
"Batch Clients (With Retries)","PutSmall",0,-11,0.002,0.002,0.000
"Batch Clients (With Retries)","PutLarge",0,-11,0.004,0.004,0.000
"Batch Clients (With Retries)","PutSmall",0,-11,0.002,0.002,0.000
"Batch Clients (With Retries)","PutLarge",0,-11,0.002,0.002,0.000
"Batch Clients (With Retries)","PutSmall",0,-11,0.002,0.002,0.000
"Batch Clients (With Retries)","PutSmall",0,-11,0.002,0.002,0.000
"Batch Clients (With Retries)","PutLarge",0,-11,0.003,0.003,0.000
"Batch Clients (With Retries)","PutSmall",0,-11,0.002,0.002,0.000
"Batch Clients (With Retries)","PutLarge",0,-11,0.001,0.001,0.000
"Batch Clients (With Retries)","PutSmall",0,-11,0.002,0.002,0.000
"Batch Clients (With Retries)","PutSmall",0,-11,0.008,0.008,0.000
"Batch Clients (With Retries)","PutLarge",0,-11,0.002,0.002,0.000
"Batch Clients (With Retries)","PutLarge",0,-11,0.002,0.002,0.000
"Batch Clients (With Retries)","PutLarge",0,-11,0.002,0.002,0.000
"Batch Clients (With Retries)","PutSmall",0,-11,0.001,0.001,0.000
"Batch Clients (With Retries)","PutLarge",0,-11,0.002,0.002,0.000
"Batch Clients (With Retries)","PutLarge",0,-11,0.002,0.002,0.000
"Batch Clients (With Retries)","PutSmall",0,-11,0.005,0.005,0.000
"Batch Clients (With Retries)","PutLarge",0,-11,0.002,0.002,0.000
"Batch Clients (With Retries)","PutLarge",0,-11,0.001,0.001,0.000
"Batch Clients (With Retries)","PutLarge",0,-11,0.002,0.002,0.000
"Batch Clients (With Retries)","PutLarge",0,-11,0.007,0.007,0.000
"Batch Clients (With Retries)","PutSmall",0,-11,0.006,0.006,0.000
"Batch Clients (With Retries)","PutSmall",0,-11,0.007,0.007,0.000
"Batch Clients (With Retries)","PutSmall",0,-11,0.005,0.005,0.000
"Batch Clients (With Retries)","PutLarge",0,-11,0.006,0.006,0.000
"Batch Clients (With Retries)","PutLarge",0,-11,0.005,0.005,0.000
"Batch Clients (With Retries)","PutSmall",0,-11,0.006,0.006,0.000
"Batch Clients (With Retries)","PutLarge",0,-11,0.004,0.004,0.000
"Batch Clients (With Retries)","PutLarge",0,-11,0.004,0.004,0.000
"Batch Clients (With Retries)","PutLarge",0,-11,0.002,0.002,0.000
"Batch Clients (With Retries)","PutSmall",0,-11,0.002,0.002,0.000
"Batch Clients (With Retries)","PutSmall",0,-11,0.003,0.003,0.000
"Batch Clients (With Retries)","PutLarge",0,-11,0.003,0.003,0.000
"Batch Clients (With Retries)","PutLarge",0,-11,0.010,0.010,0.000
"Batch Clients (With Retries)","PutSmall",0,-11,0.002,0.002,0.000
"Batch Clients (With Retries)","PutLarge",0,-11,0.003,0.003,0.000
"Batch Clients (With Retries)","PutLarge",0,-11,0.002,0.002,0.000
"Batch Clients (With Retries)","PutLarge",0,-11,0.002,0.002,0.000
"Batch Clients (With Retries)","PutLarge",0,-11,0.002,0.002,0.000
"Batch Clients (With Retries)","PutLarge",0,-11,0.002,0.002,0.000
"Batch Clients (With Retries)","PutLarge",0,-11,0.003,0.003,0.000
"Batch Clients (With Retries)","PutLarge",0,-11,0.002,0.002,0.000
"Batch Clients (With Retries)","PutLarge",0,-11,0.003,0.003,0.000
"Batch Clients (With Retries)","PutLarge",0,-11,0.004,0.004,0.000
"Batch Clients (With Retries)","PutLarge",0,-11,0.027,0.027,0.000
"Batch Clients (With Retries)","PutLarge",0,-11,0.002,0.002,0.000
"Batch Clients (With Retries)","PutLarge",0,-11,0.003,0.003,0.000
"Batch Clients (With Retries)","PutLarge",0,-11,0.002,0.002,0.000
"Batch Clients (With Retries)","PutLarge",0,-11,0.002,0.002,0.000
"Batch Clients (With Retries)","PutSmall",0,-11,0.002,0.002,0.000
"Batch Clients (With Retries)","PutLarge",0,-11,0.009,0.009,0.000
"Batch Clients (With Retries)","PutLarge",0,-11,0.001,0.001,0.000
"Batch Clients (With Retries)","PutLarge",0,-11,0.008,0.008,0.000
"Batch Clients (With Retries)","PutSmall",0,-11,0.003,0.003,0.000
"Batch Clients (With Retries)","PutSmall",0,-11,0.001,0.001,0.000
"Batch Clients (With Retries)","PutLarge",0,-11,0.002,0.002,0.000
"Batch Clients (With Retries)","PutLarge",0,-11,0.001,0.001,0.000
"Batch Clients (With Retries)","PutLarge",0,-11,0.002,0.002,0.000
"Batch Clients (With Retries)","PutLarge",0,-11,0.001,0.001,0.000
"Batch Clients (With Retries)","PutLarge",0,-11,0.002,0.002,0.000
"Batch Clients (With Retries)","PutSmall",0,-11,0.002,0.002,0.000
"Batch Clients (With Retries)","PutSmall",0,-11,0.005,0.005,0.000
"Batch Clients (With Retries)","PutLarge",0,-11,0.001,0.001,0.000
"Batch Clients (With Retries)","PutSmall",0,-11,0.010,0.010,0.000
"Batch Clients (With Retries)","PutLarge",0,-11,0.009,0.009,0.000
"Batch Clients (With Retries)","PutLarge",0,-11,0.009,0.009,0.000
"Batch Clients (With Retries)","PutLarge",0,-11,0.007,0.007,0.000
"Batch Clients (With Retries)","PutLarge",0,-11,0.009,0.009,0.000
"Batch Clients (With Retries)","PutLarge",0,-11,0.008,0.008,0.000
"Batch Clients (With Retries)","PutLarge",0,-11,0.006,0.006,0.000
"Batch Clients (With Retries)","PutLarge",0,-11,0.007,0.007,0.000
"Batch Clients (With Retries)","PutLarge",0,-11,0.006,0.006,0.000
"Batch Clients (With Retries)","PutLarge",0,-11,0.005,0.005,0.000
"Batch Clients (With Retries)","PutSmall",0,-11,0.005,0.005,0.000
"Batch Clients (With Retries)","PutLarge",0,-11,0.005,0.005,0.000
"Batch Clients (With Retries)","PutLarge",0,-11,0.007,0.007,0.000
"Batch Clients (With Retries)","PutSmall",0,-11,0.001,0.001,0.000
"Batch Clients (With Retries)","PutLarge",0,-11,0.002,0.002,0.000
"Batch Clients (With Retries)","PutSmall",0,-11,0.004,0.004,0.000
"Batch Clients (With Retries)","PutLarge",0,-11,0.002,0.002,0.000
"Batch Clients (With Retries)","PutLarge",0,-11,0.002,0.002,0.000
"Batch Clients (With Retries)","PutLarge",0,-11,0.003,0.003,0.000
"Batch Clients (With Retries)","PutLarge",0,-11,0.002,0.002,0.000
"Batch Clients (With Retries)","PutLarge",0,-11,0.002,0.002,0.000
"Batch Clients (With Retries)","PutLarge",0,-11,0.010,0.010,0.000
"Batch Clients (With Retries)","PutLarge",0,-11,0.002,0.002,0.000
"Batch Clients (With Retries)","PutLarge",0,-11,0.007,0.007,0.000
"Batch Clients (With Retries)","PutSmall",0,-11,0.010,0.010,0.000
"Batch Clients (With Retries)","PutLarge",0,-11,0.001,0.001,0.000
"Batch Clients (With Retries)","PutSmall",0,-11,0.007,0.007,0.000
"Batch Clients (With Retries)","PutSmall",0,-11,0.005,0.005,0.000
"Batch Clients (With Retries)","PutSmall",0,-11,0.002,0.002,0.000
"Batch Clients (With Retries)","PutSmall",0,-11,0.002,0.002,0.000
"Batch Clients (With Retries)","PutSmall",0,-11,0.001,0.001,0.000
"Batch Clients (With Retries)","PutLarge",0,-11,0.001,0.001,0.000
"Batch Clients (With Retries)","PutLarge",0,-11,0.003,0.003,0.000
"Batch Clients (With Retries)","PutSmall",0,-11,0.003,0.003,0.000
"Batch Clients (With Retries)","PutLarge",0,-11,0.001,0.001,0.000
"Batch Clients (With Retries)","PutLarge",0,-11,0.001,0.001,0.000
"Batch Clients (With Retries)","PutLarge",0,-11,0.002,0.002,0.000
"Batch Clients (With Retries)","PutLarge",0,-11,0.003,0.003,0.000
"Batch Clients (With Retries)","PutLarge",0,-11,0.002,0.002,0.000
"Batch Clients (With Retries)","PutSmall",0,-11,0.002,0.002,0.000
"Batch Clients (With Retries)","PutSmall",0,-11,0.003,0.003,0.000
"Batch Clients (With Retries)","PutLarge",0,-11,0.002,0.002,0.000
"Batch Clients (With Retries)","PutLarge",0,-11,0.003,0.003,0.000
"Batch Clients (With Retries)","PutLarge",0,-11,0.006,0.006,0.000
"Batch Clients (With Retries)","PutLarge",0,-11,0.006,0.006,0.000
"Batch Clients (With Retries)","PutSmall",0,-11,0.004,0.004,0.000
"Batch Clients (With Retries)","PutSmall",0,-11,0.003,0.003,0.000
"Batch Clients (With Retries)","PutLarge",0,-11,0.003,0.003,0.000
"Batch Clients (With Retries)","PutLarge",0,-11,0.004,0.004,0.000
"Batch Clients (With Retries)","PutLarge",0,-11,0.004,0.004,0.000
"Batch Clients (With Retries)","PutLarge",0,-11,0.003,0.003,0.000
"Batch Clients (With Retries)","PutLarge",0,-11,0.002,0.002,0.000
"Batch Clients (With Retries)","PutLarge",0,-11,0.001,0.001,0.000
"Batch Clients (With Retries)","PutLarge",0,-11,0.001,0.001,0.000
"Batch Clients (With Retries)","PutLarge",0,-11,0.003,0.003,0.000
"Batch Clients (With Retries)","PutLarge",0,-11,0.008,0.008,0.000
"Batch Clients (With Retries)","PutLarge",0,-11,0.002,0.002,0.000
"Batch Clients (With Retries)","PutSmall",0,-11,0.004,0.004,0.000
"Batch Clients (With Retries)","PutLarge",0,-11,0.006,0.006,0.000
"Batch Clients (With Retries)","PutLarge",0,-11,0.002,0.002,0.000
"Batch Clients (With Retries)","PutLarge",0,-11,0.002,0.002,0.000
"Batch Clients (With Retries)","PutLarge",0,-11,0.002,0.002,0.000
"Batch Clients (With Retries)","PutLarge",0,-11,0.004,0.004,0.000
"Batch Clients (With Retries)","PutLarge",0,-11,0.002,0.002,0.000
"Batch Clients (With Retries)","PutLarge",0,-11,0.002,0.002,0.000
"Batch Clients (With Retries)","PutLarge",0,-11,0.024,0.024,0.000
"Batch Clients (With Retries)","PutLarge",0,-11,0.002,0.002,0.000
"Batch Clients (With Retries)","PutLarge",0,-11,0.003,0.003,0.000
"Batch Clients (With Retries)","PutLarge",0,-11,0.002,0.002,0.000
"Batch Clients (With Retries)","PutLarge",0,-11,0.003,0.003,0.000
"Batch Clients (With Retries)","PutLarge",0,-11,0.004,0.004,0.000
"Batch Clients (With Retries)","PutLarge",0,-11,0.001,0.001,0.000
"Batch Clients (With Retries)","PutSmall",0,-11,0.002,0.002,0.000
"Batch Clients (With Retries)","PutSmall",0,-11,0.002,0.002,0.000
"Batch Clients (With Retries)","PutLarge",0,-11,0.003,0.003,0.000
"Batch Clients (With Retries)","PutLarge",0,-11,0.002,0.002,0.000
"Batch Clients (With Retries)","PutSmall",0,-11,0.002,0.002,0.000
"Batch Clients (With Retries)","PutSmall",0,-11,0.002,0.002,0.000
"Batch Clients (With Retries)","PutLarge",0,-11,0.001,0.001,0.000
"Batch Clients (With Retries)","PutLarge",0,-11,0.002,0.002,0.000
"Batch Clients (With Retries)","PutLarge",0,-11,0.005,0.005,0.000
"Batch Clients (With Retries)","PutSmall",0,-11,0.005,0.005,0.000
"Batch Clients (With Retries)","PutSmall",0,-11,0.002,0.002,0.000
"Batch Clients (With Retries)","PutLarge",0,-11,0.002,0.002,0.000
"Batch Clients (With Retries)","PutLarge",0,-11,0.002,0.002,0.000
"Batch Clients (With Retries)","PutLarge",0,-11,0.018,0.018,0.000
"Batch Clients (With Retries)","PutSmall",0,-11,0.004,0.004,0.000
"Batch Clients (With Retries)","PutSmall",0,-11,0.016,0.016,0.000
"Batch Clients (With Retries)","PutLarge",0,-11,0.003,0.003,0.000
"Batch Clients (With Retries)","PutLarge",0,-11,0.002,0.002,0.000
"Batch Clients (With Retries)","PutLarge",0,-11,0.006,0.006,0.000
"Batch Clients (With Retries)","PutLarge",0,-11,0.004,0.004,0.000
"Batch Clients (With Retries)","PutLarge",0,-11,0.002,0.002,0.000
"Batch Clients (With Retries)","PutLarge",0,-11,0.002,0.002,0.000
"Batch Clients (With Retries)","PutLarge",0,-11,0.004,0.004,0.000
"Batch Clients (With Retries)","PutLarge",0,-11,0.002,0.002,0.000
"Batch Clients (With Retries)","PutLarge",0,-11,0.002,0.002,0.000
"Batch Clients (With Retries)","PutLarge",0,-11,0.008,0.008,0.000
"Batch Clients (With Retries)","PutLarge",0,-11,0.012,0.012,0.000
"Batch Clients (With Retries)","PutLarge",0,-11,0.009,0.009,0.000
"Batch Clients (With Retries)","PutLarge",0,-11,0.002,0.002,0.000
"Batch Clients (With Retries)","PutLarge",0,-11,0.006,0.006,0.000
"Batch Clients (With Retries)","PutLarge",0,-11,0.003,0.003,0.000
"Batch Clients (With Retries)","PutLarge",0,-11,0.001,0.001,0.000
"Batch Clients (With Retries)","PutSmall",0,-11,0.005,0.005,0.000
"Batch Clients (With Retries)","PutLarge",0,-11,0.005,0.005,0.000
"Batch Clients (With Retries)","PutSmall",0,-11,0.009,0.009,0.000
"Batch Clients (With Retries)","PutLarge",0,-11,0.001,0.001,0.000
"Batch Clients (With Retries)","PutLarge",0,-11,0.004,0.004,0.000
"Batch Clients (With Retries)","PutLarge",0,-11,0.002,0.002,0.000
"Batch Clients (With Retries)","PutLarge",0,-11,0.011,0.011,0.000
"Batch Clients (With Retries)","PutSmall",0,-11,0.005,0.005,0.000
"Batch Clients (With Retries)","PutSmall",0,-11,0.002,0.002,0.000
"Batch Clients (With Retries)","PutLarge",0,-11,0.001,0.001,0.000
"Batch Clients (With Retries)","PutLarge",0,-11,0.009,0.009,0.000
"Batch Clients (With Retries)","PutLarge",0,-11,0.025,0.025,0.000
"Batch Clients (With Retries)","PutLarge",0,-11,0.001,0.001,0.000
"Batch Clients (With Retries)","PutLarge",0,-11,0.002,0.002,0.000
"Batch Clients (With Retries)","PutLarge",0,-11,0.001,0.001,0.000
"Batch Clients (With Retries)","PutLarge",0,-11,0.002,0.002,0.000
"Batch Clients (With Retries)","PutLarge",0,-11,0.006,0.006,0.000
"Batch Clients (With Retries)","PutLarge",0,-11,0.003,0.003,0.000
"Batch Clients (With Retries)","PutLarge",0,-11,0.002,0.002,0.000
"Batch Clients (With Retries)","PutLarge",0,-11,0.003,0.003,0.000
"Batch Clients (With Retries)","PutLarge",0,-11,0.003,0.003,0.000
"Batch Clients (With Retries)","PutLarge",0,-11,0.002,0.002,0.000
"Batch Clients (With Retries)","PutLarge",0,-11,0.008,0.008,0.000
"Batch Clients (With Retries)","PutLarge",0,-11,0.018,0.018,0.000
"Batch Clients (With Retries)","PutLarge",0,-11,0.003,0.003,0.000
"Batch Clients (With Retries)","PutLarge",0,-11,0.001,0.001,0.000
"Batch Clients (With Retries)","PutLarge",0,-11,0.003,0.003,0.000
"Batch Clients (With Retries)","PutLarge",0,-11,0.010,0.010,0.000
"Batch Clients (With Retries)","PutLarge",0,-11,0.002,0.002,0.000
"Batch Clients (With Retries)","PutSmall",0,-11,0.004,0.004,0.000
"Batch Clients (With Retries)","PutSmall",0,-11,0.006,0.006,0.000
"Batch Clients (With Retries)","PutLarge",0,-11,0.006,0.006,0.000
"Batch Clients (With Retries)","PutLarge",0,-11,0.011,0.011,0.000
"Batch Clients (With Retries)","PutSmall",0,-11,0.003,0.003,0.000
"Batch Clients (With Retries)","PutSmall",0,-11,0.001,0.001,0.000
"Batch Clients (With Retries)","PutSmall",0,-11,0.002,0.002,0.000
"Batch Clients (With Retries)","PutSmall",0,-11,0.005,0.005,0.000
"Batch Clients (With Retries)","PutLarge",0,-11,0.002,0.002,0.000
"Batch Clients (With Retries)","PutSmall",0,-11,0.001,0.001,0.000
"Batch Clients (With Retries)","PutLarge",0,-11,0.007,0.007,0.000
"Batch Clients (With Retries)","PutSmall",0,-11,0.001,0.001,0.000
"Batch Clients (With Retries)","PutSmall",0,-11,0.001,0.001,0.000
"Batch Clients (With Retries)","PutLarge",0,-11,0.001,0.001,0.000
"Batch Clients (With Retries)","PutLarge",0,-11,0.001,0.001,0.000
"Batch Clients (With Retries)","PutLarge",0,-11,0.001,0.001,0.000
"Batch Clients (With Retries)","PutSmall",0,-11,0.005,0.005,0.000
"Batch Clients (With Retries)","PutSmall",0,-11,0.004,0.004,0.000
"Batch Clients (With Retries)","PutLarge",0,-11,0.001,0.001,0.000
"Batch Clients (With Retries)","PutSmall",0,-11,0.002,0.002,0.000
"Batch Clients (With Retries)","PutLarge",0,-11,0.003,0.003,0.000
"Batch Clients (With Retries)","PutLarge",0,-11,0.001,0.001,0.000
"Batch Clients (With Retries)","PutLarge",0,-11,0.005,0.005,0.000
"Batch Clients (With Retries)","PutLarge",0,-11,0.048,0.048,0.000
"Batch Clients (With Retries)","PutSmall",0,-11,0.004,0.004,0.000
"Batch Clients (With Retries)","PutSmall",0,-11,0.003,0.003,0.000
"Batch Clients (With Retries)","PutLarge",0,-11,0.033,0.033,0.000
"Batch Clients (With Retries)","PutLarge",0,-11,0.008,0.008,0.000
"Batch Clients (With Retries)","PutLarge",0,-11,0.005,0.005,0.000
"Batch Clients (With Retries)","PutSmall",0,-11,0.004,0.004,0.000
"Batch Clients (With Retries)","PutLarge",0,-11,0.002,0.002,0.000
"Batch Clients (With Retries)","PutSmall",0,-11,0.024,0.024,0.000
"Batch Clients (With Retries)","PutLarge",0,-11,0.001,0.001,0.000
"Batch Clients (With Retries)","PutLarge",0,-11,0.003,0.003,0.000
"Batch Clients (With Retries)","PutLarge",0,-11,0.001,0.001,0.000
"Batch Clients (With Retries)","PutLarge",0,-11,0.005,0.005,0.000
"Batch Clients (With Retries)","PutLarge",0,-11,0.004,0.004,0.000
"Batch Clients (With Retries)","PutLarge",0,-11,0.004,0.004,0.000
"Batch Clients (With Retries)","PutSmall",0,-11,0.006,0.006,0.000
"Batch Clients (With Retries)","PutSmall",0,-11,0.008,0.008,0.000
"Batch Clients (With Retries)","PutSmall",0,-11,0.004,0.004,0.000
"Batch Clients (With Retries)","PutSmall",0,-11,0.002,0.002,0.000
"Batch Clients (With Retries)","PutLarge",0,-11,0.003,0.003,0.000
"Batch Clients (With Retries)","PutSmall",0,-11,0.002,0.002,0.000
"Batch Clients (With Retries)","PutSmall",0,-11,0.001,0.001,0.000
"Batch Clients (With Retries)","PutLarge",0,-11,0.001,0.001,0.000
"Batch Clients (With Retries)","PutLarge",0,-11,0.003,0.003,0.000
"Batch Clients (With Retries)","PutLarge",0,-11,0.002,0.002,0.000
"Batch Clients (With Retries)","PutLarge",0,-11,0.001,0.001,0.000
"Batch Clients (With Retries)","PutLarge",0,-11,0.001,0.001,0.000
"Batch Clients (With Retries)","PutLarge",0,-11,0.001,0.001,0.000
"Batch Clients (With Retries)","PutSmall",0,-11,0.012,0.012,0.000
"Batch Clients (With Retries)","PutLarge",0,-11,0.021,0.021,0.000
"Batch Clients (With Retries)","PutLarge",0,-11,0.002,0.002,0.000
"Batch Clients (With Retries)","PutLarge",0,-11,0.006,0.006,0.000
"Batch Clients (With Retries)","PutLarge",0,-11,0.017,0.017,0.000
"Batch Clients (With Retries)","PutLarge",0,-11,0.001,0.001,0.000
"Batch Clients (With Retries)","PutLarge",0,-11,0.002,0.002,0.000
"Batch Clients (With Retries)","PutLarge",0,-11,0.001,0.001,0.000
"Batch Clients (With Retries)","PutLarge",0,-11,0.003,0.003,0.000
"Batch Clients (With Retries)","PutLarge",0,-11,0.006,0.006,0.000
"Batch Clients (With Retries)","PutLarge",0,-11,0.003,0.003,0.000
"Batch Clients (With Retries)","PutLarge",0,-11,0.001,0.001,0.000
"Batch Clients (With Retries)","PutLarge",0,-11,0.001,0.001,0.000
"Batch Clients (With Retries)","PutSmall",0,-11,0.003,0.003,0.000
"Batch Clients (With Retries)","PutLarge",0,-11,0.001,0.001,0.000
"Batch Clients (With Retries)","PutLarge",0,-11,0.001,0.001,0.000
"Batch Clients (With Retries)","PutLarge",0,-11,0.004,0.004,0.000
"Batch Clients (With Retries)","PutSmall",0,-11,0.001,0.001,0.000
"Batch Clients (With Retries)","PutSmall",0,-11,0.004,0.004,0.000
"Batch Clients (With Retries)","PutLarge",0,-11,0.002,0.002,0.000
"Batch Clients (With Retries)","PutSmall",0,-11,0.005,0.005,0.000
"Batch Clients (With Retries)","PutLarge",0,-11,0.003,0.003,0.000
"Batch Clients (With Retries)","PutLarge",0,-11,0.003,0.003,0.000
"Batch Clients (With Retries)","PutLarge",0,-11,0.002,0.002,0.000
"Batch Clients (With Retries)","PutSmall",0,-11,0.001,0.001,0.000
"Batch Clients (With Retries)","PutSmall",0,-11,0.007,0.007,0.000
"Batch Clients (With Retries)","PutLarge",0,-11,0.002,0.002,0.000
"Batch Clients (With Retries)","PutLarge",0,-11,0.003,0.003,0.000
"Batch Clients (With Retries)","PutLarge",0,-11,0.002,0.002,0.000
"Batch Clients (With Retries)","PutSmall",0,-11,0.001,0.001,0.000
"Batch Clients (With Retries)","PutLarge",0,-11,0.004,0.004,0.000
"Batch Clients (With Retries)","PutLarge",0,-11,0.001,0.001,0.000
"Batch Clients (With Retries)","PutLarge",0,-11,0.011,0.011,0.000
"Batch Clients (With Retries)","PutLarge",0,-11,0.004,0.004,0.000
"Batch Clients (With Retries)","PutLarge",0,-11,0.002,0.002,0.000
"Batch Clients (With Retries)","PutLarge",0,-11,0.003,0.003,0.000
"Batch Clients (With Retries)","PutLarge",0,-11,0.004,0.004,0.000
"Batch Clients (With Retries)","PutLarge",0,-11,0.004,0.004,0.000
"Batch Clients (With Retries)","PutSmall",0,-11,0.002,0.002,0.000
"Batch Clients (With Retries)","PutSmall",0,-11,0.004,0.004,0.000
"Batch Clients (With Retries)","PutLarge",0,-11,0.017,0.017,0.000
"Batch Clients (With Retries)","PutLarge",0,-11,0.007,0.007,0.000
"Batch Clients (With Retries)","PutLarge",0,-11,0.011,0.011,0.000
"Batch Clients (With Retries)","PutSmall",0,-11,0.011,0.011,0.000
"Batch Clients (With Retries)","PutSmall",0,-11,0.001,0.001,0.000
"Batch Clients (With Retries)","PutLarge",0,-11,0.003,0.003,0.000
"Batch Clients (With Retries)","PutLarge",0,-11,0.005,0.005,0.000
"Batch Clients (With Retries)","PutLarge",0,-11,0.002,0.002,0.000
"Batch Clients (With Retries)","PutSmall",0,-11,0.001,0.001,0.000
"Batch Clients (With Retries)","PutLarge",0,-11,0.003,0.003,0.000
"Batch Clients (With Retries)","PutLarge",0,-11,0.004,0.004,0.000
"Batch Clients (With Retries)","PutLarge",0,-11,0.003,0.003,0.000
"Batch Clients (With Retries)","PutLarge",0,-11,0.008,0.008,0.000
"Batch Clients (With Retries)","PutLarge",0,-11,0.004,0.004,0.000
"Batch Clients (With Retries)","PutLarge",0,-11,0.003,0.003,0.000
"Batch Clients (With Retries)","PutSmall",0,-11,0.002,0.002,0.000
"Batch Clients (With Retries)","PutLarge",0,-11,0.004,0.004,0.000
"Batch Clients (With Retries)","PutLarge",0,-11,0.004,0.004,0.000
"Batch Clients (With Retries)","PutSmall",0,-11,0.005,0.005,0.000
"Batch Clients (With Retries)","PutLarge",0,-11,0.004,0.004,0.000
"Batch Clients (With Retries)","PutLarge",0,-11,0.003,0.003,0.000
"Batch Clients (With Retries)","PutLarge",0,-11,0.011,0.011,0.000
"Batch Clients (With Retries)","PutLarge",0,-11,0.005,0.005,0.000
"Batch Clients (With Retries)","PutLarge",0,-11,0.008,0.008,0.000
"Batch Clients (With Retries)","PutLarge",0,-11,0.002,0.002,0.000
"Batch Clients (With Retries)","PutSmall",0,-11,0.012,0.012,0.000
"Batch Clients (With Retries)","PutSmall",0,-11,0.009,0.009,0.000
"Batch Clients (With Retries)","PutSmall",0,-11,0.006,0.006,0.000
"Batch Clients (With Retries)","PutSmall",0,-11,0.005,0.005,0.000
"Batch Clients (With Retries)","PutSmall",0,-11,0.004,0.004,0.000
"Batch Clients (With Retries)","PutLarge",0,-11,0.002,0.002,0.000
"Batch Clients (With Retries)","PutLarge",0,-11,0.006,0.006,0.000
"Batch Clients (With Retries)","PutSmall",0,-11,0.003,0.003,0.000
"Batch Clients (With Retries)","PutLarge",0,-11,0.014,0.014,0.000
"Batch Clients (With Retries)","PutLarge",0,-11,0.001,0.001,0.000
"Batch Clients (With Retries)","PutSmall",0,-11,0.004,0.004,0.000
"Batch Clients (With Retries)","PutLarge",0,-11,0.002,0.002,0.000
"Batch Clients (With Retries)","PutLarge",0,-11,0.002,0.002,0.000
"Batch Clients (With Retries)","PutLarge",0,-11,0.005,0.005,0.000
"Batch Clients (With Retries)","PutLarge",0,-11,0.005,0.005,0.000
"Batch Clients (With Retries)","PutLarge",0,-11,0.005,0.005,0.000
"Batch Clients (With Retries)","PutSmall",0,-11,0.004,0.004,0.000
"Batch Clients (With Retries)","PutLarge",0,-11,0.002,0.002,0.000
"Batch Clients (With Retries)","PutLarge",0,-11,0.003,0.003,0.000
"Batch Clients (With Retries)","PutLarge",0,-11,0.004,0.004,0.000
"Batch Clients (With Retries)","PutLarge",0,-11,0.005,0.005,0.000
"Batch Clients (With Retries)","PutLarge",0,-11,0.003,0.003,0.000
"Batch Clients (With Retries)","PutSmall",0,-11,0.002,0.002,0.000
"Batch Clients (With Retries)","PutLarge",0,-11,0.007,0.007,0.000
"Batch Clients (With Retries)","PutLarge",0,-11,0.002,0.002,0.000
"Batch Clients (With Retries)","PutLarge",0,-11,0.013,0.013,0.000
"Batch Clients (With Retries)","PutLarge",0,-11,0.004,0.004,0.000
"Batch Clients (With Retries)","PutLarge",0,-11,0.002,0.002,0.000
"Batch Clients (With Retries)","PutSmall",0,-11,0.032,0.032,0.000
"Batch Clients (With Retries)","PutLarge",0,-11,0.003,0.003,0.000
"Batch Clients (With Retries)","PutSmall",0,-11,0.048,0.048,0.000
"Batch Clients (With Retries)","PutSmall",0,-11,0.003,0.003,0.000
"Batch Clients (With Retries)","PutLarge",0,-11,0.006,0.006,0.000
"Batch Clients (With Retries)","PutSmall",0,-11,0.005,0.005,0.000
"Batch Clients (With Retries)","PutLarge",0,-11,0.004,0.004,0.000
"Batch Clients (With Retries)","PutLarge",0,-11,0.003,0.003,0.000
"Batch Clients (With Retries)","PutSmall",0,-11,0.003,0.003,0.000
"Batch Clients (With Retries)","PutLarge",0,-11,0.005,0.005,0.000
"Batch Clients (With Retries)","PutLarge",0,-11,0.002,0.002,0.000
"Batch Clients (With Retries)","PutSmall",0,-11,0.005,0.005,0.000
"Batch Clients (With Retries)","PutLarge",0,-11,0.004,0.004,0.000
"Batch Clients (With Retries)","PutLarge",0,-11,0.028,0.028,0.000
"Batch Clients (With Retries)","PutLarge",0,-11,0.007,0.007,0.000
"Batch Clients (With Retries)","PutSmall",0,-11,0.003,0.003,0.000
"Batch Clients (With Retries)","PutLarge",0,-11,0.009,0.009,0.000
"Batch Clients (With Retries)","PutLarge",0,-11,0.001,0.001,0.000
"Batch Clients (With Retries)","PutSmall",0,-11,0.004,0.004,0.000
"Batch Clients (With Retries)","PutLarge",0,-11,0.005,0.005,0.000
"Batch Clients (With Retries)","PutLarge",0,-11,0.005,0.005,0.000
"Batch Clients (With Retries)","PutLarge",0,-11,0.005,0.005,0.000
"Batch Clients (With Retries)","PutLarge",0,-11,0.007,0.007,0.000
"Batch Clients (With Retries)","PutSmall",0,-11,0.003,0.003,0.000
"Batch Clients (With Retries)","PutLarge",0,-11,0.005,0.005,0.000
"Batch Clients (With Retries)","PutLarge",0,-11,0.003,0.003,0.000
"Batch Clients (With Retries)","PutLarge",0,-11,0.003,0.003,0.000
"Batch Clients (With Retries)","PutLarge",0,-11,0.016,0.016,0.000
"Batch Clients (With Retries)","PutLarge",0,-11,0.008,0.008,0.000
"Batch Clients (With Retries)","PutLarge",0,-11,0.005,0.005,0.000
"Batch Clients (With Retries)","PutSmall",0,-11,0.006,0.006,0.000
"Batch Clients (With Retries)","PutLarge",0,-11,0.008,0.008,0.000
"Batch Clients (With Retries)","PutSmall",0,-11,0.006,0.006,0.000
"Batch Clients (With Retries)","PutSmall",0,-11,0.006,0.006,0.000
"Batch Clients (With Retries)","PutLarge",0,-11,0.005,0.005,0.000
"Batch Clients (With Retries)","PutSmall",0,-11,0.009,0.009,0.000
"Batch Clients (With Retries)","PutLarge",0,-11,0.004,0.004,0.000
"Batch Clients (With Retries)","PutSmall",0,-11,0.003,0.003,0.000
"Batch Clients (With Retries)","PutLarge",0,-11,0.007,0.007,0.000
"Batch Clients (With Retries)","PutLarge",0,-11,0.004,0.004,0.000
"Batch Clients (With Retries)","PutSmall",0,-11,0.005,0.005,0.000
"Batch Clients (With Retries)","PutSmall",0,-11,0.003,0.003,0.000
"Batch Clients (With Retries)","PutLarge",0,-11,0.003,0.003,0.000
"Batch Clients (With Retries)","PutLarge",0,-11,0.003,0.003,0.000
"Batch Clients (With Retries)","PutSmall",0,-11,0.003,0.003,0.000
"Batch Clients (With Retries)","PutLarge",0,-11,0.006,0.006,0.000
"Batch Clients (With Retries)","PutSmall",0,-11,0.005,0.005,0.000
"Batch Clients (With Retries)","PutSmall",0,-11,0.008,0.008,0.000
"Batch Clients (With Retries)","PutLarge",0,-11,0.012,0.012,0.000
"Batch Clients (With Retries)","PutLarge",0,-11,0.042,0.042,0.000
"Batch Clients (With Retries)","PutLarge",0,-11,0.005,0.005,0.000
"Batch Clients (With Retries)","PutSmall",0,-11,0.004,0.004,0.000
"Batch Clients (With Retries)","PutLarge",0,-11,0.003,0.003,0.000
"Batch Clients (With Retries)","PutLarge",0,-11,0.005,0.005,0.000
"Batch Clients (With Retries)","PutSmall",0,-11,0.006,0.006,0.000
"Batch Clients (With Retries)","PutLarge",0,-11,0.009,0.009,0.000
"Batch Clients (With Retries)","PutSmall",0,-11,0.028,0.028,0.000
"Batch Clients (With Retries)","PutLarge",0,-11,0.002,0.002,0.000
"Batch Clients (With Retries)","PutLarge",0,-11,0.005,0.005,0.000
"Batch Clients (With Retries)","PutSmall",0,-11,0.005,0.005,0.000
"Batch Clients (With Retries)","PutLarge",0,-11,0.005,0.005,0.000
"Batch Clients (With Retries)","PutLarge",0,-11,0.013,0.013,0.000
"Batch Clients (With Retries)","PutSmall",0,-11,0.007,0.007,0.000
"Batch Clients (With Retries)","PutSmall",0,-11,0.003,0.003,0.000
"Batch Clients (With Retries)","PutSmall",0,-11,0.006,0.006,0.000
"Batch Clients (With Retries)","PutLarge",0,-11,0.008,0.008,0.000
"Batch Clients (With Retries)","PutSmall",0,-11,0.009,0.009,0.000
"Batch Clients (With Retries)","PutSmall",0,-11,0.026,0.026,0.000
"Batch Clients (With Retries)","PutLarge",0,-11,0.019,0.019,0.000
"Batch Clients (With Retries)","PutLarge",0,-11,0.029,0.029,0.000
"Batch Clients (With Retries)","PutLarge",0,-11,0.024,0.024,0.000
"Batch Clients (With Retries)","PutLarge",0,-11,0.023,0.023,0.000
"Batch Clients (With Retries)","PutLarge",0,-11,0.023,0.023,0.000
"Batch Clients (With Retries)","PutLarge",0,-11,0.025,0.025,0.000
"Batch Clients (With Retries)","PutSmall",0,-11,0.027,0.027,0.000
"Batch Clients (With Retries)","PutSmall",0,-11,0.036,0.036,0.000
"Batch Clients (With Retries)","PutLarge",0,-11,0.016,0.016,0.000
"Batch Clients (With Retries)","PutSmall",0,-11,0.030,0.030,0.000
"Batch Clients (With Retries)","PutLarge",0,-11,0.020,0.020,0.000
"Batch Clients (With Retries)","PutLarge",0,-11,0.011,0.011,0.000
"Batch Clients (With Retries)","PutLarge",0,-11,0.004,0.004,0.000
"Batch Clients (With Retries)","PutSmall",0,-11,0.004,0.004,0.000
"Batch Clients (With Retries)","PutLarge",0,-11,0.002,0.002,0.000
"Batch Clients (With Retries)","PutSmall",0,-11,0.003,0.003,0.000
"Batch Clients (With Retries)","PutSmall",0,-11,0.004,0.004,0.000
"Batch Clients (With Retries)","PutSmall",0,-11,0.004,0.004,0.000
"Batch Clients (With Retries)","PutLarge",0,-11,0.009,0.009,0.000
"Batch Clients (With Retries)","PutLarge",0,-11,0.003,0.003,0.000
"Batch Clients (With Retries)","PutLarge",0,-11,0.003,0.003,0.000
"Batch Clients (With Retries)","PutSmall",0,-11,0.003,0.003,0.000
"Batch Clients (With Retries)","PutLarge",0,-11,0.005,0.005,0.000
"Batch Clients (With Retries)","PutSmall",0,-11,0.005,0.005,0.000
"Batch Clients (With Retries)","PutLarge",0,-11,0.004,0.004,0.000
"Batch Clients (With Retries)","PutLarge",0,-11,0.005,0.005,0.000
"Batch Clients (With Retries)","PutLarge",0,-11,0.004,0.004,0.000
"Batch Clients (With Retries)","PutSmall",0,-11,0.005,0.005,0.000
"Batch Clients (With Retries)","PutLarge",0,-11,0.042,0.042,0.000
"Batch Clients (With Retries)","PutLarge",0,-11,0.002,0.002,0.000
"Batch Clients (With Retries)","PutSmall",0,-11,0.001,0.001,0.000
"Batch Clients (With Retries)","PutSmall",0,-11,0.001,0.001,0.000
"API Clients (With Retries)","GetSmall",0,-11,0.033,0.033,0.000
"API Clients (With Retries)","PutSmall",0,-11,0.033,0.033,0.000
"API Clients (With Retries)","PutSmall",0,-11,0.032,0.032,0.000
"API Clients (With Retries)","GetSmall",1,0,5.419,0.092,5.300
"API Clients (With Retries)","GetSmall",0,-11,0.003,0.003,0.000
"API Clients (With Retries)","GetSmall",1,0,46.477,41.030,5.402
"API Clients (With Retries)","PutSmall",0,-11,0.008,0.008,0.000
"API Clients (With Retries)","PutSmall",1,0,108.957,101.069,7.612
"API Clients (With Retries)","PutSmall",0,-11,0.023,0.023,0.000
"API Clients (With Retries)","GetSmall",1,0,146.269,141.016,5.214
"API Clients (With Retries)","GetSmall",0,-11,0.102,0.102,0.000
"API Clients (With Retries)","GetSmall",0,-11,0.079,0.079,0.000
"API Clients (With Retries)","GetSmall",0,-11,0.043,0.043,0.000
"API Clients (With Retries)","GetSmall",0,-11,0.004,0.004,0.000
"API Clients (With Retries)","GetSmall",0,-11,0.022,0.022,0.000
"API Clients (With Retries)","GetSmall",1,0,186.283,181.008,5.240
"API Clients (With Retries)","GetSmall",0,-11,0.006,0.006,0.000
"API Clients (With Retries)","GetSmall",0,-11,0.006,0.006,0.000
"API Clients (With Retries)","GetSmall",1,0,205.760,201.025,4.628
"API Clients (With Retries)","GetSmall",0,-11,0.026,0.026,0.000
"API Clients (With Retries)","PutSmall",0,-11,0.013,0.013,0.000
"API Clients (With Retries)","GetSmall",1,0,266.704,261.108,5.367
"API Clients (With Retries)","GetSmall",0,-11,0.035,0.035,0.000
"API Clients (With Retries)","GetSmall",0,-11,0.075,0.075,0.000
"API Clients (With Retries)","GetSmall",0,-11,0.071,0.071,0.000
"API Clients (With Retries)","GetSmall",0,-11,0.063,0.063,0.000
"API Clients (With Retries)","GetSmall",0,-11,0.003,0.003,0.000
"API Clients (With Retries)","GetSmall",1,0,306.456,301.044,5.365
"API Clients (With Retries)","GetSmall",0,-11,0.006,0.006,0.000
"API Clients (With Retries)","GetSmall",0,-11,0.013,0.013,0.000
"API Clients (With Retries)","GetSmall",0,-11,0.035,0.035,0.000
"API Clients (With Retries)","GetSmall",1,0,345.642,340.944,4.569
"API Clients (With Retries)","GetSmall",0,-11,0.012,0.012,0.000
"API Clients (With Retries)","PutSmall",0,-11,0.012,0.012,0.000
"API Clients (With Retries)","GetSmall",0,-11,0.004,0.004,0.000
"API Clients (With Retries)","GetSmall",1,0,386.304,381.026,5.190
"API Clients (With Retries)","PutSmall",0,-11,0.008,0.008,0.000
"API Clients (With Retries)","GetSmall",0,-11,0.057,0.057,0.000
"API Clients (With Retries)","GetSmall",0,-11,0.008,0.008,0.000
"API Clients (With Retries)","PutSmall",1,0,448.305,440.981,7.161
"API Clients (With Retries)","GetSmall",0,-11,0.082,0.082,0.000
"API Clients (With Retries)","GetSmall",0,-11,0.080,0.080,0.000
"API Clients (With Retries)","GetSmall",0,-11,0.054,0.054,0.000
"API Clients (With Retries)","GetSmall",0,-11,0.007,0.007,0.000
"API Clients (With Retries)","GetSmall",0,-11,0.002,0.002,0.000
"API Clients (With Retries)","GetSmall",0,-11,0.007,0.007,0.000
"API Clients (With Retries)","GetSmall",0,-11,0.007,0.007,0.000
"API Clients (With Retries)","GetSmall",0,-11,0.004,0.004,0.000
"API Clients (With Retries)","GetSmall",0,-11,0.008,0.008,0.000
"API Clients (With Retries)","PutSmall",0,-11,0.004,0.004,0.000
"API Clients (With Retries)","GetSmall",0,-11,0.006,0.006,0.000
"API Clients (With Retries)","PutSmall",1,0,508.816,501.013,7.721
"API Clients (With Retries)","GetSmall",0,-11,0.006,0.006,0.000
"API Clients (With Retries)","GetSmall",0,-11,0.004,0.004,0.000
"API Clients (With Retries)","GetSmall",1,0,546.307,541.022,5.225
"API Clients (With Retries)","GetSmall",0,-11,0.005,0.005,0.000
"API Clients (With Retries)","GetSmall",0,-11,0.034,0.034,0.000
"API Clients (With Retries)","GetSmall",0,-11,0.005,0.005,0.000
"API Clients (With Retries)","GetSmall",0,-11,0.014,0.014,0.000
"API Clients (With Retries)","GetSmall",0,-11,0.011,0.011,0.000
"API Clients (With Retries)","GetSmall",0,-11,0.012,0.012,0.000
"API Clients (With Retries)","GetSmall",0,-11,0.007,0.007,0.000
"API Clients (With Retries)","PutSmall",0,-11,0.005,0.005,0.000
"API Clients (With Retries)","GetSmall",0,-11,0.002,0.002,0.000
"API Clients (With Retries)","PutSmall",1,0,608.336,600.932,7.390
"API Clients (With Retries)","GetSmall",0,-11,0.002,0.002,0.000
"API Clients (With Retries)","GetSmall",0,-11,0.006,0.006,0.000
"API Clients (With Retries)","GetSmall",0,-11,0.003,0.003,0.000
"API Clients (With Retries)","GetSmall",1,0,645.979,640.996,4.952
"API Clients (With Retries)","GetSmall",0,-11,0.023,0.023,0.000
"API Clients (With Retries)","GetSmall",0,-11,0.003,0.003,0.000
"API Clients (With Retries)","GetSmall",0,-11,0.002,0.002,0.000
"API Clients (With Retries)","GetSmall",0,-11,0.005,0.005,0.000
"API Clients (With Retries)","GetSmall",0,-11,0.003,0.003,0.000
"API Clients (With Retries)","GetSmall",1,0,686.327,680.967,5.300
"API Clients (With Retries)","GetSmall",0,-11,0.036,0.036,0.000
"API Clients (With Retries)","GetSmall",0,-11,0.033,0.033,0.000
"API Clients (With Retries)","GetSmall",0,-11,0.002,0.002,0.000
"API Clients (With Retries)","GetSmall",1,0,706.436,701.005,5.412
"API Clients (With Retries)","GetSmall",0,-11,0.036,0.036,0.000
"API Clients (With Retries)","PutSmall",0,-11,0.003,0.003,0.000
"API Clients (With Retries)","GetSmall",0,-11,0.002,0.002,0.000
"API Clients (With Retries)","GetSmall",0,-11,0.005,0.005,0.000
"API Clients (With Retries)","GetSmall",0,-11,0.003,0.003,0.000
"API Clients (With Retries)","GetSmall",0,-11,0.033,0.033,0.000
"API Clients (With Retries)","GetSmall",0,-11,0.019,0.019,0.000
"API Clients (With Retries)","GetSmall",0,-11,0.002,0.002,0.000
"API Clients (With Retries)","GetSmall",0,-11,0.004,0.004,0.000
"API Clients (With Retries)","GetSmall",0,-11,0.022,0.022,0.000
"API Clients (With Retries)","GetSmall",0,-11,0.004,0.004,0.000
"API Clients (With Retries)","PutSmall",1,0,788.339,780.909,7.402
"API Clients (With Retries)","GetSmall",0,-11,0.006,0.006,0.000
"API Clients (With Retries)","GetSmall",0,-11,0.004,0.004,0.000
"API Clients (With Retries)","GetSmall",0,-11,0.004,0.004,0.000
"API Clients (With Retries)","GetSmall",0,-11,0.002,0.002,0.000
"API Clients (With Retries)","GetSmall",0,-11,0.004,0.004,0.000
"API Clients (With Retries)","GetSmall",0,-11,0.004,0.004,0.000
"API Clients (With Retries)","GetSmall",0,-11,0.034,0.034,0.000
"API Clients (With Retries)","GetSmall",1,0,825.927,820.962,4.947
"API Clients (With Retries)","GetSmall",0,-11,0.003,0.003,0.000
"API Clients (With Retries)","PutSmall",0,-11,0.004,0.004,0.000
"API Clients (With Retries)","GetSmall",0,-11,0.003,0.003,0.000
"API Clients (With Retries)","GetSmall",0,-11,0.006,0.006,0.000
"API Clients (With Retries)","GetSmall",0,-11,0.013,0.013,0.000
"API Clients (With Retries)","GetSmall",0,-11,0.008,0.008,0.000
"API Clients (With Retries)","GetSmall",0,-11,0.027,0.027,0.000
"API Clients (With Retries)","PutSmall",1,0,889.084,880.940,8.023
"API Clients (With Retries)","GetSmall",0,-11,0.029,0.029,0.000
"API Clients (With Retries)","GetSmall",0,-11,0.009,0.009,0.000
"API Clients (With Retries)","GetSmall",0,-11,0.013,0.013,0.000
"API Clients (With Retries)","GetSmall",0,-11,0.050,0.050,0.000
"API Clients (With Retries)","GetSmall",0,-11,0.065,0.065,0.000
"API Clients (With Retries)","GetSmall",0,-11,0.001,0.001,0.000
"API Clients (With Retries)","GetSmall",0,-11,0.007,0.007,0.000
"API Clients (With Retries)","GetSmall",0,-11,0.003,0.003,0.000
"API Clients (With Retries)","GetSmall",0,-11,0.006,0.006,0.000
"API Clients (With Retries)","GetSmall",0,-11,0.002,0.002,0.000
"API Clients (With Retries)","GetSmall",0,-11,0.003,0.003,0.000
"API Clients (With Retries)","GetSmall",1,0,946.208,940.998,5.189
"API Clients (With Retries)","GetSmall",0,-11,0.003,0.003,0.000
"API Clients (With Retries)","GetSmall",0,-11,0.002,0.002,0.000
"API Clients (With Retries)","PutSmall",1,0,948.584,941.004,7.567
"API Clients (With Retries)","GetSmall",0,-11,0.002,0.002,0.000
"API Clients (With Retries)","GetSmall",0,-11,0.002,0.002,0.000
"API Clients (With Retries)","GetSmall",0,-11,0.002,0.002,0.000
"API Clients (With Retries)","GetSmall",0,-11,0.002,0.002,0.000
"API Clients (With Retries)","GetSmall",0,-11,0.003,0.003,0.000
"API Clients (With Retries)","GetSmall",0,-11,0.003,0.003,0.000
"API Clients (With Retries)","GetSmall",0,-11,0.004,0.004,0.000
"API Clients (With Retries)","GetSmall",0,-11,0.022,0.022,0.000
"API Clients (With Retries)","GetSmall",0,-11,0.005,0.005,0.000
"API Clients (With Retries)","GetSmall",0,-11,0.007,0.007,0.000
"API Clients (With Retries)","GetSmall",0,-11,0.029,0.029,0.000
"API Clients (With Retries)","GetSmall",0,-11,0.002,0.002,0.000
"API Clients (With Retries)","GetSmall",0,-11,0.011,0.011,0.000
"API Clients (With Retries)","GetSmall",0,-11,0.038,0.038,0.000
"API Clients (With Retries)","GetSmall",0,-11,0.026,0.026,0.000
"API Clients (With Retries)","GetSmall",0,-11,0.021,0.021,0.000
"API Clients (With Retries)","GetSmall",0,-11,0.001,0.001,0.000
"API Clients (With Retries)","GetSmall",0,-11,0.006,0.006,0.000
"API Clients (With Retries)","GetSmall",0,-11,0.258,0.258,0.000
"API Clients (With Retries)","PutSmall",0,-11,0.005,0.005,0.000
"API Clients (With Retries)","GetSmall",0,-11,0.016,0.016,0.000
"API Clients (With Retries)","GetSmall",0,-11,0.018,0.018,0.000
"API Clients (With Retries)","GetSmall",0,-11,0.001,0.001,0.000
"API Clients (With Retries)","GetSmall",0,-11,0.003,0.003,0.000
"API Clients (With Retries)","GetSmall",0,-11,0.003,0.003,0.000
"API Clients (With Retries)","GetSmall",0,-11,0.001,0.001,0.000
"API Clients (With Retries)","GetSmall",0,-11,0.044,0.044,0.000
"API Clients (With Retries)","GetSmall",0,-11,0.004,0.004,0.000
"API Clients (With Retries)","GetSmall",0,-11,0.002,0.002,0.000
"API Clients (With Retries)","GetSmall",0,-11,0.002,0.002,0.000
"API Clients (With Retries)","GetSmall",0,-11,0.003,0.003,0.000
"API Clients (With Retries)","GetSmall",0,-11,0.003,0.003,0.000
"API Clients (With Retries)","GetSmall",0,-11,0.001,0.001,0.000
"API Clients (With Retries)","GetSmall",0,-11,0.004,0.004,0.000
"API Clients (With Retries)","GetSmall",0,-11,0.017,0.017,0.000
"API Clients (With Retries)","GetSmall",0,-11,0.002,0.002,0.000
"API Clients (With Retries)","PutSmall",0,-11,0.002,0.002,0.000
"API Clients (With Retries)","GetSmall",0,-11,0.005,0.005,0.000
"API Clients (With Retries)","GetSmall",0,-11,0.012,0.012,0.000
"API Clients (With Retries)","GetSmall",0,-11,0.010,0.010,0.000
"API Clients (With Retries)","GetSmall",0,-11,0.013,0.013,0.000
"API Clients (With Retries)","GetSmall",0,-11,0.037,0.037,0.000
"API Clients (With Retries)","GetSmall",0,-11,0.004,0.004,0.000
"API Clients (With Retries)","GetSmall",0,-11,0.004,0.004,0.000
"API Clients (With Retries)","GetSmall",0,-11,0.005,0.005,0.000
"API Clients (With Retries)","GetSmall",0,-11,0.003,0.003,0.000
"API Clients (With Retries)","GetSmall",0,-11,0.002,0.002,0.000
"API Clients (With Retries)","PutSmall",0,-11,0.004,0.004,0.000
"API Clients (With Retries)","GetSmall",0,-11,0.005,0.005,0.000
"API Clients (With Retries)","GetSmall",0,-11,0.004,0.004,0.000
"API Clients (With Retries)","GetSmall",0,-11,0.057,0.057,0.000
"API Clients (With Retries)","GetSmall",0,-11,0.020,0.020,0.000
"API Clients (With Retries)","GetSmall",0,-11,0.002,0.002,0.000
"API Clients (With Retries)","GetSmall",0,-11,0.006,0.006,0.000
"API Clients (With Retries)","GetSmall",0,-11,0.004,0.004,0.000
"API Clients (With Retries)","GetSmall",0,-11,0.003,0.003,0.000
"API Clients (With Retries)","GetSmall",0,-11,0.022,0.022,0.000
"API Clients (With Retries)","GetSmall",0,-11,0.002,0.002,0.000
"API Clients (With Retries)","GetSmall",0,-11,0.002,0.002,0.000
"API Clients (With Retries)","GetSmall",0,-11,0.016,0.016,0.000
"API Clients (With Retries)","GetSmall",0,-11,0.003,0.003,0.000
"API Clients (With Retries)","GetSmall",0,-11,0.002,0.002,0.000
"API Clients (With Retries)","PutSmall",0,-11,0.033,0.033,0.000
"API Clients (With Retries)","GetSmall",0,-11,0.015,0.015,0.000
"API Clients (With Retries)","GetSmall",0,-11,0.008,0.008,0.000
"API Clients (With Retries)","GetSmall",0,-11,0.007,0.007,0.000
"API Clients (With Retries)","GetSmall",0,-11,0.055,0.055,0.000
"API Clients (With Retries)","GetSmall",0,-11,0.005,0.005,0.000
"API Clients (With Retries)","GetSmall",0,-11,0.021,0.021,0.000
"API Clients (With Retries)","GetSmall",0,-11,0.007,0.007,0.000
"API Clients (With Retries)","GetSmall",0,-11,0.003,0.003,0.000
"API Clients (With Retries)","GetSmall",0,-11,0.004,0.004,0.000
"API Clients (With Retries)","GetSmall",0,-11,0.012,0.012,0.000
"API Clients (With Retries)","GetSmall",0,-11,0.004,0.004,0.000
"API Clients (With Retries)","PutSmall",0,-11,0.004,0.004,0.000
"API Clients (With Retries)","GetSmall",0,-11,0.001,0.001,0.000
"API Clients (With Retries)","GetSmall",0,-11,0.004,0.004,0.000
"API Clients (With Retries)","GetSmall",0,-11,0.004,0.004,0.000
"API Clients (With Retries)","GetSmall",0,-11,0.005,0.005,0.000
"API Clients (With Retries)","GetSmall",0,-11,0.003,0.003,0.000
"API Clients (With Retries)","GetSmall",0,-11,0.004,0.004,0.000
"API Clients (With Retries)","GetSmall",0,-11,0.006,0.006,0.000
"API Clients (With Retries)","GetSmall",0,-11,0.003,0.003,0.000
"API Clients (With Retries)","GetSmall",0,-11,0.004,0.004,0.000
"API Clients (With Retries)","GetSmall",0,-11,0.002,0.002,0.000
"API Clients (With Retries)","GetSmall",0,-11,0.014,0.014,0.000
"API Clients (With Retries)","GetSmall",0,-11,0.002,0.002,0.000
"API Clients (With Retries)","GetSmall",0,-11,0.003,0.003,0.000
"API Clients (With Retries)","GetSmall",0,-11,0.005,0.005,0.000
"API Clients (With Retries)","GetSmall",0,-11,0.015,0.015,0.000
"API Clients (With Retries)","PutSmall",0,-11,0.010,0.010,0.000
"API Clients (With Retries)","GetSmall",0,-11,0.006,0.006,0.000
"API Clients (With Retries)","GetSmall",0,-11,0.009,0.009,0.000
"API Clients (With Retries)","GetSmall",0,-11,0.004,0.004,0.000
"API Clients (With Retries)","GetSmall",0,-11,0.003,0.003,0.000
"API Clients (With Retries)","GetSmall",0,-11,0.004,0.004,0.000
"API Clients (With Retries)","GetSmall",0,-11,0.002,0.002,0.000
"API Clients (With Retries)","GetSmall",0,-11,0.003,0.003,0.000
"API Clients (With Retries)","GetSmall",0,-11,0.004,0.004,0.000
"API Clients (With Retries)","GetSmall",0,-11,0.003,0.003,0.000
"API Clients (With Retries)","GetSmall",0,-11,0.003,0.003,0.000
"API Clients (With Retries)","GetSmall",0,-11,0.002,0.002,0.000
"API Clients (With Retries)","GetSmall",0,-11,0.003,0.003,0.000
"API Clients (With Retries)","GetSmall",0,-11,0.001,0.001,0.000
"API Clients (With Retries)","GetSmall",0,-11,0.001,0.001,0.000
"API Clients (With Retries)","PutSmall",0,-11,0.001,0.001,0.000
"API Clients (With Retries)","GetSmall",0,-11,0.004,0.004,0.000
"API Clients (With Retries)","GetSmall",0,-11,0.002,0.002,0.000
"API Clients (With Retries)","PutSmall",0,-11,0.007,0.007,0.000
"API Clients (With Retries)","GetSmall",0,-11,0.006,0.006,0.000
"API Clients (With Retries)","GetSmall",0,-11,0.004,0.004,0.000
"API Clients (With Retries)","PutSmall",0,-11,0.002,0.002,0.000
"API Clients (With Retries)","GetSmall",0,-11,0.005,0.005,0.000
"API Clients (With Retries)","PutSmall",0,-11,0.009,0.009,0.000
"API Clients (With Retries)","GetSmall",0,-11,0.004,0.004,0.000
"API Clients (With Retries)","GetSmall",0,-11,0.009,0.009,0.000
"API Clients (With Retries)","GetSmall",0,-11,0.012,0.012,0.000
"API Clients (With Retries)","GetSmall",0,-11,0.006,0.006,0.000
"API Clients (With Retries)","GetSmall",0,-11,0.002,0.002,0.000
"API Clients (With Retries)","GetSmall",0,-11,0.001,0.001,0.000
"API Clients (With Retries)","GetSmall",0,-11,0.002,0.002,0.000
"API Clients (With Retries)","PutSmall",0,-11,0.015,0.015,0.000
"API Clients (With Retries)","GetSmall",0,-11,0.004,0.004,0.000
"API Clients (With Retries)","GetSmall",0,-11,0.004,0.004,0.000
"API Clients (With Retries)","GetSmall",0,-11,0.003,0.003,0.000
"API Clients (With Retries)","GetSmall",0,-11,0.001,0.001,0.000
"API Clients (With Retries)","PutSmall",0,-11,0.002,0.002,0.000
"API Clients (With Retries)","GetSmall",0,-11,0.003,0.003,0.000
"API Clients (With Retries)","GetSmall",0,-11,0.001,0.001,0.000
"API Clients (With Retries)","GetSmall",0,-11,0.004,0.004,0.000
"API Clients (With Retries)","GetSmall",0,-11,0.002,0.002,0.000
"API Clients (With Retries)","PutSmall",0,-11,0.004,0.004,0.000
"API Clients (With Retries)","GetSmall",0,-11,0.002,0.002,0.000
"API Clients (With Retries)","GetSmall",0,-11,0.002,0.002,0.000
"API Clients (With Retries)","PutSmall",0,-11,0.002,0.002,0.000
"API Clients (With Retries)","GetSmall",0,-11,0.002,0.002,0.000
"API Clients (With Retries)","GetSmall",0,-11,0.002,0.002,0.000
"API Clients (With Retries)","GetSmall",0,-11,0.005,0.005,0.000
"API Clients (With Retries)","GetSmall",0,-11,0.009,0.009,0.000
"API Clients (With Retries)","PutSmall",0,-11,0.003,0.003,0.000
"API Clients (With Retries)","GetSmall",0,-11,0.006,0.006,0.000
"API Clients (With Retries)","GetSmall",0,-11,0.006,0.006,0.000
"API Clients (With Retries)","GetSmall",0,-11,0.010,0.010,0.000
"API Clients (With Retries)","GetSmall",0,-11,0.003,0.003,0.000
"API Clients (With Retries)","GetSmall",0,-11,0.004,0.004,0.000
"API Clients (With Retries)","GetSmall",0,-11,0.004,0.004,0.000
"API Clients (With Retries)","GetSmall",0,-11,0.001,0.001,0.000
"API Clients (With Retries)","GetSmall",0,-11,0.002,0.002,0.000
"API Clients (With Retries)","GetSmall",0,-11,0.004,0.004,0.000
"API Clients (With Retries)","GetSmall",0,-11,0.004,0.004,0.000
"API Clients (With Retries)","GetSmall",0,-11,0.022,0.022,0.000
"API Clients (With Retries)","GetSmall",0,-11,0.004,0.004,0.000
"API Clients (With Retries)","PutSmall",0,-11,0.031,0.031,0.000
"API Clients (With Retries)","GetSmall",0,-11,0.035,0.035,0.000
"API Clients (With Retries)","GetSmall",0,-11,0.001,0.001,0.000
"API Clients (With Retries)","GetSmall",0,-11,0.005,0.005,0.000
"API Clients (With Retries)","GetSmall",0,-11,0.003,0.003,0.000
"API Clients (With Retries)","GetSmall",0,-11,0.003,0.003,0.000
"API Clients (With Retries)","GetSmall",0,-11,0.030,0.030,0.000
"API Clients (With Retries)","GetSmall",0,-11,0.004,0.004,0.000
"API Clients (With Retries)","GetSmall",0,-11,0.003,0.003,0.000
"API Clients (With Retries)","GetSmall",0,-11,0.001,0.001,0.000
"API Clients (With Retries)","GetSmall",0,-11,0.041,0.041,0.000
"API Clients (With Retries)","GetSmall",0,-11,0.016,0.016,0.000
"API Clients (With Retries)","GetSmall",0,-11,0.036,0.036,0.000
"API Clients (With Retries)","GetSmall",0,-11,0.027,0.027,0.000
"API Clients (With Retries)","PutSmall",0,-11,0.009,0.009,0.000
"API Clients (With Retries)","GetSmall",0,-11,0.028,0.028,0.000
"API Clients (With Retries)","GetSmall",0,-11,0.004,0.004,0.000
"API Clients (With Retries)","GetSmall",0,-11,0.005,0.005,0.000
"API Clients (With Retries)","GetSmall",0,-11,0.005,0.005,0.000
"API Clients (With Retries)","GetSmall",0,-11,0.007,0.007,0.000
"API Clients (With Retries)","GetSmall",0,-11,0.004,0.004,0.000
"API Clients (With Retries)","GetSmall",0,-11,0.004,0.004,0.000
"API Clients (With Retries)","GetSmall",0,-11,0.005,0.005,0.000
"API Clients (With Retries)","GetSmall",0,-11,0.002,0.002,0.000
"API Clients (With Retries)","GetSmall",0,-11,0.001,0.001,0.000
"API Clients (With Retries)","GetSmall",0,-11,0.003,0.003,0.000
"API Clients (With Retries)","GetSmall",0,-11,0.003,0.003,0.000
"API Clients (With Retries)","GetSmall",0,-11,0.002,0.002,0.000
"API Clients (With Retries)","GetSmall",0,-11,0.001,0.001,0.000
"API Clients (With Retries)","GetSmall",0,-11,0.001,0.001,0.000
"API Clients (With Retries)","PutSmall",0,-11,0.002,0.002,0.000
"API Clients (With Retries)","PutSmall",0,-11,0.002,0.002,0.000
"API Clients (With Retries)","GetSmall",0,-11,0.001,0.001,0.000
"API Clients (With Retries)","GetSmall",0,-11,0.005,0.005,0.000
"API Clients (With Retries)","GetSmall",0,-11,0.004,0.004,0.000
"API Clients (With Retries)","GetSmall",0,-11,0.004,0.004,0.000
"API Clients (With Retries)","GetSmall",0,-11,0.006,0.006,0.000
"API Clients (With Retries)","GetSmall",0,-11,0.079,0.079,0.000
"API Clients (With Retries)","GetSmall",0,-11,0.074,0.074,0.000
"API Clients (With Retries)","GetSmall",0,-11,0.024,0.024,0.000
"API Clients (With Retries)","GetSmall",0,-11,0.008,0.008,0.000
"API Clients (With Retries)","GetSmall",0,-11,0.004,0.004,0.000
"API Clients (With Retries)","GetSmall",0,-11,0.004,0.004,0.000
"API Clients (With Retries)","GetSmall",0,-11,0.006,0.006,0.000
"API Clients (With Retries)","GetSmall",0,-11,0.002,0.002,0.000
"API Clients (With Retries)","GetSmall",0,-11,0.007,0.007,0.000
"API Clients (With Retries)","GetSmall",0,-11,0.004,0.004,0.000
"API Clients (With Retries)","GetSmall",0,-11,0.020,0.020,0.000
"API Clients (With Retries)","GetSmall",0,-11,0.004,0.004,0.000
"API Clients (With Retries)","GetSmall",0,-11,0.002,0.002,0.000
"API Clients (With Retries)","GetSmall",0,-11,0.002,0.002,0.000
"API Clients (With Retries)","GetSmall",0,-11,0.001,0.001,0.000
"API Clients (With Retries)","GetSmall",0,-11,0.001,0.001,0.000
"API Clients (With Retries)","GetSmall",0,-11,0.002,0.002,0.000
"API Clients (With Retries)","GetSmall",0,-11,0.004,0.004,0.000
"API Clients (With Retries)","GetSmall",0,-11,0.002,0.002,0.000
"API Clients (With Retries)","GetSmall",0,-11,0.004,0.004,0.000
"API Clients (With Retries)","GetSmall",0,-11,0.004,0.004,0.000
"API Clients (With Retries)","GetSmall",0,-11,0.005,0.005,0.000
"API Clients (With Retries)","PutSmall",0,-11,0.005,0.005,0.000
"API Clients (With Retries)","GetSmall",0,-11,0.007,0.007,0.000
"API Clients (With Retries)","GetSmall",0,-11,0.016,0.016,0.000
"API Clients (With Retries)","GetSmall",0,-11,0.008,0.008,0.000
"API Clients (With Retries)","GetSmall",0,-11,0.069,0.069,0.000
"API Clients (With Retries)","GetSmall",0,-11,0.046,0.046,0.000
"API Clients (With Retries)","GetSmall",0,-11,0.046,0.046,0.000
"API Clients (With Retries)","GetSmall",0,-11,0.001,0.001,0.000
"API Clients (With Retries)","GetSmall",0,-11,0.004,0.004,0.000
"API Clients (With Retries)","GetSmall",0,-11,0.008,0.008,0.000
"API Clients (With Retries)","GetSmall",0,-11,0.002,0.002,0.000
"API Clients (With Retries)","GetSmall",0,-11,0.002,0.002,0.000
"API Clients (With Retries)","GetSmall",0,-11,0.002,0.002,0.000
"API Clients (With Retries)","GetSmall",0,-11,0.002,0.002,0.000
"API Clients (With Retries)","GetSmall",0,-11,0.001,0.001,0.000
"API Clients (With Retries)","GetSmall",0,-11,0.002,0.002,0.000
"API Clients (With Retries)","GetSmall",0,-11,0.002,0.002,0.000
"API Clients (With Retries)","GetSmall",0,-11,0.003,0.003,0.000
"API Clients (With Retries)","GetSmall",0,-11,0.002,0.002,0.000
"API Clients (With Retries)","GetSmall",0,-11,0.007,0.007,0.000
"API Clients (With Retries)","GetSmall",0,-11,0.034,0.034,0.000
"API Clients (With Retries)","GetSmall",0,-11,0.006,0.006,0.000
"API Clients (With Retries)","GetSmall",0,-11,0.026,0.026,0.000
"API Clients (With Retries)","GetSmall",0,-11,0.039,0.039,0.000
"API Clients (With Retries)","GetSmall",0,-11,0.021,0.021,0.000
"API Clients (With Retries)","PutSmall",0,-11,0.021,0.021,0.000
"API Clients (With Retries)","PutSmall",0,-11,0.001,0.001,0.000
"API Clients (With Retries)","GetSmall",0,-11,0.007,0.007,0.000
"API Clients (With Retries)","GetSmall",0,-11,0.004,0.004,0.000
"API Clients (With Retries)","GetSmall",0,-11,0.003,0.003,0.000
"API Clients (With Retries)","GetSmall",0,-11,0.022,0.022,0.000
"API Clients (With Retries)","GetSmall",0,-11,0.019,0.019,0.000
"API Clients (With Retries)","GetSmall",0,-11,0.007,0.007,0.000
"API Clients (With Retries)","GetSmall",0,-11,0.009,0.009,0.000
"API Clients (With Retries)","GetSmall",0,-11,0.014,0.014,0.000
"API Clients (With Retries)","GetSmall",0,-11,0.001,0.001,0.000
"API Clients (With Retries)","GetSmall",0,-11,0.001,0.001,0.000
"API Clients (With Retries)","PutSmall",0,-11,0.001,0.001,0.000
"API Clients (With Retries)","GetSmall",0,-11,0.004,0.004,0.000
"API Clients (With Retries)","GetSmall",0,-11,0.001,0.001,0.000
"API Clients (With Retries)","GetSmall",0,-11,0.001,0.001,0.000
"API Clients (With Retries)","GetSmall",0,-11,0.001,0.001,0.000
"API Clients (With Retries)","GetSmall",0,-11,0.001,0.001,0.000
"API Clients (With Retries)","GetSmall",0,-11,0.001,0.001,0.000
"API Clients (With Retries)","PutSmall",0,-11,0.001,0.001,0.000
"API Clients (With Retries)","GetSmall",0,-11,0.007,0.007,0.000
"API Clients (With Retries)","GetSmall",0,-11,0.009,0.009,0.000
"API Clients (With Retries)","GetSmall",0,-11,0.003,0.003,0.000
"API Clients (With Retries)","GetSmall",0,-11,0.002,0.002,0.000
"API Clients (With Retries)","GetSmall",0,-11,0.002,0.002,0.000
"API Clients (With Retries)","GetSmall",0,-11,0.001,0.001,0.000
"API Clients (With Retries)","GetSmall",0,-11,0.004,0.004,0.000
"API Clients (With Retries)","GetSmall",0,-11,0.011,0.011,0.000
"API Clients (With Retries)","GetSmall",0,-11,0.003,0.003,0.000
"API Clients (With Retries)","PutSmall",0,-11,0.001,0.001,0.000
"API Clients (With Retries)","PutSmall",0,-11,0.007,0.007,0.000
"API Clients (With Retries)","PutSmall",0,-11,0.001,0.001,0.000
"API Clients (With Retries)","GetSmall",0,-11,0.001,0.001,0.000
"API Clients (With Retries)","GetSmall",0,-11,0.006,0.006,0.000
"API Clients (With Retries)","GetSmall",0,-11,0.004,0.004,0.000
"API Clients (With Retries)","GetSmall",0,-11,0.002,0.002,0.000
"API Clients (With Retries)","GetSmall",0,-11,0.001,0.001,0.000
"API Clients (With Retries)","PutSmall",0,-11,0.004,0.004,0.000
"API Clients (With Retries)","GetSmall",0,-11,0.007,0.007,0.000
"API Clients (With Retries)","GetSmall",0,-11,0.003,0.003,0.000
"API Clients (With Retries)","GetSmall",0,-11,0.004,0.004,0.000
"API Clients (With Retries)","PutSmall",0,-11,0.002,0.002,0.000
"API Clients (With Retries)","GetSmall",0,-11,0.005,0.005,0.000
"API Clients (With Retries)","GetSmall",0,-11,0.026,0.026,0.000
"API Clients (With Retries)","GetSmall",0,-11,0.002,0.002,0.000
"API Clients (With Retries)","GetSmall",0,-11,0.001,0.001,0.000
"API Clients (With Retries)","GetSmall",0,-11,0.001,0.001,0.000
"API Clients (With Retries)","GetSmall",0,-11,0.003,0.003,0.000
"API Clients (With Retries)","GetSmall",0,-11,0.003,0.003,0.000
"API Clients (With Retries)","GetSmall",0,-11,0.006,0.006,0.000
"API Clients (With Retries)","GetSmall",0,-11,0.002,0.002,0.000
"API Clients (With Retries)","GetSmall",0,-11,0.004,0.004,0.000
"API Clients (With Retries)","GetSmall",0,-11,0.017,0.017,0.000
"API Clients (With Retries)","GetSmall",0,-11,0.006,0.006,0.000
"API Clients (With Retries)","PutSmall",0,-11,0.009,0.009,0.000
"API Clients (With Retries)","GetSmall",0,-11,0.015,0.015,0.000
"API Clients (With Retries)","GetSmall",0,-11,0.005,0.005,0.000
"API Clients (With Retries)","GetSmall",0,-11,0.003,0.003,0.000
"API Clients (With Retries)","GetSmall",0,-11,0.001,0.001,0.000
"API Clients (With Retries)","GetSmall",0,-11,0.003,0.003,0.000
"API Clients (With Retries)","GetSmall",0,-11,0.001,0.001,0.000
"API Clients (With Retries)","GetSmall",0,-11,0.001,0.001,0.000
"API Clients (With Retries)","GetSmall",0,-11,0.006,0.006,0.000
"API Clients (With Retries)","GetSmall",0,-11,0.003,0.003,0.000
"API Clients (With Retries)","GetSmall",0,-11,0.001,0.001,0.000
"API Clients (With Retries)","GetSmall",0,-11,0.003,0.003,0.000
"API Clients (With Retries)","GetSmall",0,-11,0.001,0.001,0.000
"API Clients (With Retries)","GetSmall",0,-11,0.003,0.003,0.000
"API Clients (With Retries)","GetSmall",0,-11,0.001,0.001,0.000
"API Clients (With Retries)","GetSmall",0,-11,0.002,0.002,0.000
"API Clients (With Retries)","GetSmall",0,-11,0.001,0.001,0.000
"API Clients (With Retries)","GetSmall",0,-11,0.003,0.003,0.000
"API Clients (With Retries)","GetSmall",0,-11,0.007,0.007,0.000
"API Clients (With Retries)","GetSmall",0,-11,0.002,0.002,0.000
"API Clients (With Retries)","GetSmall",0,-11,0.001,0.001,0.000
"API Clients (With Retries)","GetSmall",0,-11,0.001,0.001,0.000
"API Clients (With Retries)","GetSmall",0,-11,0.009,0.009,0.000
"API Clients (With Retries)","GetSmall",0,-11,0.009,0.009,0.000
"API Clients (With Retries)","GetSmall",0,-11,0.007,0.007,0.000
"API Clients (With Retries)","GetSmall",0,-11,0.021,0.021,0.000
"API Clients (With Retries)","GetSmall",0,-11,0.007,0.007,0.000
"API Clients (With Retries)","GetSmall",0,-11,0.006,0.006,0.000
"API Clients (With Retries)","GetSmall",0,-11,0.001,0.001,0.000
"API Clients (With Retries)","GetSmall",0,-11,0.002,0.002,0.000
"API Clients (With Retries)","GetSmall",0,-11,0.004,0.004,0.000
"API Clients (With Retries)","GetSmall",0,-11,0.002,0.002,0.000
"API Clients (With Retries)","GetSmall",0,-11,0.007,0.007,0.000
"API Clients (With Retries)","GetSmall",0,-11,0.004,0.004,0.000
"API Clients (With Retries)","GetSmall",0,-11,0.003,0.003,0.000
"API Clients (With Retries)","PutSmall",0,-11,0.032,0.032,0.000
"API Clients (With Retries)","GetSmall",0,-11,0.002,0.002,0.000
"API Clients (With Retries)","GetSmall",0,-11,0.001,0.001,0.000
"API Clients (With Retries)","GetSmall",0,-11,0.002,0.002,0.000
"API Clients (With Retries)","GetSmall",0,-11,0.002,0.002,0.000
"API Clients (With Retries)","GetSmall",0,-11,0.002,0.002,0.000
"API Clients (With Retries)","PutSmall",0,-11,0.022,0.022,0.000
"API Clients (With Retries)","GetSmall",0,-11,0.002,0.002,0.000
"API Clients (With Retries)","GetSmall",0,-11,0.004,0.004,0.000
"API Clients (With Retries)","GetSmall",0,-11,0.002,0.002,0.000
"API Clients (With Retries)","GetSmall",0,-11,0.004,0.004,0.000
"API Clients (With Retries)","GetSmall",0,-11,0.002,0.002,0.000
"API Clients (With Retries)","GetSmall",0,-11,0.012,0.012,0.000
"API Clients (With Retries)","GetSmall",0,-11,0.005,0.005,0.000
"API Clients (With Retries)","GetSmall",0,-11,0.015,0.015,0.000
"API Clients (With Retries)","GetSmall",0,-11,0.004,0.004,0.000
"API Clients (With Retries)","GetSmall",0,-11,0.001,0.001,0.000
"API Clients (With Retries)","GetSmall",0,-11,0.004,0.004,0.000
"API Clients (With Retries)","PutSmall",0,-11,0.002,0.002,0.000
"API Clients (With Retries)","GetSmall",0,-11,0.005,0.005,0.000
"API Clients (With Retries)","GetSmall",0,-11,0.001,0.001,0.000
"API Clients (With Retries)","GetSmall",0,-11,0.001,0.001,0.000
"API Clients (With Retries)","GetSmall",0,-11,0.001,0.001,0.000
"API Clients (With Retries)","GetSmall",0,-11,0.004,0.004,0.000
"API Clients (With Retries)","GetSmall",0,-11,0.003,0.003,0.000
"API Clients (With Retries)","GetSmall",0,-11,0.002,0.002,0.000
"API Clients (With Retries)","GetSmall",0,-11,0.002,0.002,0.000
"API Clients (With Retries)","GetSmall",0,-11,0.001,0.001,0.000
"API Clients (With Retries)","GetSmall",0,-11,0.001,0.001,0.000
"API Clients (With Retries)","GetSmall",0,-11,0.003,0.003,0.000
"API Clients (With Retries)","GetSmall",0,-11,0.001,0.001,0.000
"API Clients (With Retries)","PutSmall",0,-11,0.004,0.004,0.000
"API Clients (With Retries)","GetSmall",0,-11,0.001,0.001,0.000
"API Clients (With Retries)","GetSmall",0,-11,0.004,0.004,0.000
"API Clients (With Retries)","GetSmall",0,-11,0.004,0.004,0.000
"API Clients (With Retries)","GetSmall",0,-11,0.001,0.001,0.000
"API Clients (With Retries)","GetSmall",0,-11,0.004,0.004,0.000
"API Clients (With Retries)","GetSmall",0,-11,0.011,0.011,0.000
"API Clients (With Retries)","GetSmall",0,-11,0.003,0.003,0.000
"API Clients (With Retries)","PutSmall",0,-11,0.007,0.007,0.000
"API Clients (With Retries)","PutSmall",0,-11,0.008,0.008,0.000
"API Clients (With Retries)","PutSmall",0,-11,0.002,0.002,0.000
"API Clients (With Retries)","GetSmall",0,-11,0.007,0.007,0.000
"API Clients (With Retries)","GetSmall",0,-11,0.002,0.002,0.000
"API Clients (With Retries)","PutSmall",0,-11,0.002,0.002,0.000
"API Clients (With Retries)","GetSmall",0,-11,0.001,0.001,0.000
"API Clients (With Retries)","GetSmall",0,-11,0.001,0.001,0.000
"API Clients (With Retries)","GetSmall",0,-11,0.001,0.001,0.000
"API Clients (With Retries)","PutSmall",0,-11,0.007,0.007,0.000
"API Clients (With Retries)","PutSmall",0,-11,0.004,0.004,0.000
"API Clients (With Retries)","GetSmall",0,-11,0.001,0.001,0.000
"API Clients (With Retries)","GetSmall",0,-11,0.001,0.001,0.000
"API Clients (With Retries)","GetSmall",0,-11,0.001,0.001,0.000
"API Clients (With Retries)","GetSmall",0,-11,0.001,0.001,0.000
"API Clients (With Retries)","GetSmall",0,-11,0.001,0.001,0.000
"API Clients (With Retries)","GetSmall",0,-11,0.005,0.005,0.000
"API Clients (With Retries)","GetSmall",0,-11,0.001,0.001,0.000
"API Clients (With Retries)","GetSmall",0,-11,0.004,0.004,0.000
"API Clients (With Retries)","GetSmall",0,-11,0.006,0.006,0.000
"API Clients (With Retries)","GetSmall",0,-11,0.019,0.019,0.000
"API Clients (With Retries)","GetSmall",0,-11,0.016,0.016,0.000
"API Clients (With Retries)","PutSmall",0,-11,0.029,0.029,0.000
"API Clients (With Retries)","GetSmall",0,-11,0.003,0.003,0.000
"API Clients (With Retries)","GetSmall",0,-11,0.005,0.005,0.000
"API Clients (With Retries)","GetSmall",0,-11,0.001,0.001,0.000
"API Clients (With Retries)","PutSmall",0,-11,0.004,0.004,0.000
"API Clients (With Retries)","GetSmall",0,-11,0.008,0.008,0.000
"API Clients (With Retries)","GetSmall",0,-11,0.004,0.004,0.000
"API Clients (With Retries)","GetSmall",0,-11,0.001,0.001,0.000
"API Clients (With Retries)","GetSmall",0,-11,0.003,0.003,0.000
"API Clients (With Retries)","GetSmall",0,-11,0.003,0.003,0.000
"API Clients (With Retries)","GetSmall",0,-11,0.002,0.002,0.000
"API Clients (With Retries)","GetSmall",0,-11,0.001,0.001,0.000
"API Clients (With Retries)","PutSmall",0,-11,0.002,0.002,0.000
"API Clients (With Retries)","GetSmall",0,-11,0.005,0.005,0.000
"API Clients (With Retries)","PutSmall",0,-11,0.001,0.001,0.000
"API Clients (With Retries)","GetSmall",0,-11,0.003,0.003,0.000
"API Clients (With Retries)","GetSmall",0,-11,0.001,0.001,0.000
"API Clients (With Retries)","GetSmall",0,-11,0.001,0.001,0.000
"API Clients (With Retries)","GetSmall",0,-11,0.003,0.003,0.000
"API Clients (With Retries)","GetSmall",0,-11,0.006,0.006,0.000
"API Clients (With Retries)","GetSmall",0,-11,0.030,0.030,0.000
"API Clients (With Retries)","GetSmall",0,-11,0.003,0.003,0.000
"API Clients (With Retries)","GetSmall",0,-11,0.001,0.001,0.000
"API Clients (With Retries)","GetSmall",0,-11,0.026,0.026,0.000
"API Clients (With Retries)","GetSmall",0,-11,0.001,0.001,0.000
"API Clients (With Retries)","GetSmall",0,-11,0.003,0.003,0.000
"API Clients (With Retries)","GetSmall",0,-11,0.001,0.001,0.000
"API Clients (With Retries)","GetSmall",0,-11,0.004,0.004,0.000
"API Clients (With Retries)","GetSmall",0,-11,0.009,0.009,0.000
"API Clients (With Retries)","GetSmall",0,-11,0.001,0.001,0.000
"API Clients (With Retries)","GetSmall",0,-11,0.005,0.005,0.000
"API Clients (With Retries)","GetSmall",0,-11,0.010,0.010,0.000
"API Clients (With Retries)","GetSmall",0,-11,0.001,0.001,0.000
"API Clients (With Retries)","GetSmall",0,-11,0.001,0.001,0.000
"API Clients (With Retries)","GetSmall",0,-11,0.004,0.004,0.000
"API Clients (With Retries)","GetSmall",0,-11,0.003,0.003,0.000
"API Clients (With Retries)","GetSmall",0,-11,0.028,0.028,0.000
"API Clients (With Retries)","GetSmall",0,-11,0.004,0.004,0.000
"API Clients (With Retries)","GetSmall",0,-11,0.006,0.006,0.000
"API Clients (With Retries)","GetSmall",0,-11,0.004,0.004,0.000
"API Clients (With Retries)","GetSmall",0,-11,0.004,0.004,0.000
"API Clients (With Retries)","GetSmall",0,-11,0.005,0.005,0.000
"API Clients (With Retries)","GetSmall",0,-11,0.003,0.003,0.000
"API Clients (With Retries)","GetSmall",0,-11,0.002,0.002,0.000
"API Clients (With Retries)","GetSmall",0,-11,0.002,0.002,0.000
"API Clients (With Retries)","PutSmall",0,-11,0.002,0.002,0.000
"API Clients (With Retries)","PutSmall",0,-11,0.004,0.004,0.000
"API Clients (With Retries)","GetSmall",0,-11,0.005,0.005,0.000
"API Clients (With Retries)","GetSmall",0,-11,0.002,0.002,0.000
"API Clients (With Retries)","GetSmall",0,-11,0.006,0.006,0.000
"API Clients (With Retries)","GetSmall",0,-11,0.004,0.004,0.000
"API Clients (With Retries)","PutSmall",0,-11,0.003,0.003,0.000
"API Clients (With Retries)","GetSmall",0,-11,0.002,0.002,0.000
"API Clients (With Retries)","PutSmall",0,-11,0.005,0.005,0.000
"API Clients (With Retries)","GetSmall",0,-11,0.002,0.002,0.000
"API Clients (With Retries)","GetSmall",0,-11,0.003,0.003,0.000
"API Clients (With Retries)","GetSmall",0,-11,0.007,0.007,0.000
"API Clients (With Retries)","GetSmall",0,-11,0.002,0.002,0.000
"API Clients (With Retries)","GetSmall",0,-11,0.002,0.002,0.000
"API Clients (With Retries)","GetSmall",0,-11,0.002,0.002,0.000
"API Clients (With Retries)","GetSmall",0,-11,0.001,0.001,0.000
"API Clients (With Retries)","GetSmall",0,-11,0.001,0.001,0.000
"API Clients (With Retries)","GetSmall",0,-11,0.004,0.004,0.000
"API Clients (With Retries)","GetSmall",0,-11,0.007,0.007,0.000
"API Clients (With Retries)","GetSmall",0,-11,0.008,0.008,0.000
"API Clients (With Retries)","GetSmall",0,-11,0.003,0.003,0.000
"API Clients (With Retries)","GetSmall",0,-11,0.008,0.008,0.000
"API Clients (With Retries)","GetSmall",0,-11,0.002,0.002,0.000
"API Clients (With Retries)","PutSmall",0,-11,0.002,0.002,0.000
"API Clients (With Retries)","GetSmall",0,-11,0.001,0.001,0.000
"API Clients (With Retries)","GetSmall",0,-11,0.001,0.001,0.000
"API Clients (With Retries)","GetSmall",0,-11,0.004,0.004,0.000
"API Clients (With Retries)","GetSmall",0,-11,0.004,0.004,0.000
"API Clients (With Retries)","GetSmall",0,-11,0.001,0.001,0.000
"API Clients (With Retries)","PutSmall",0,-11,0.001,0.001,0.000
"API Clients (With Retries)","PutSmall",0,-11,0.001,0.001,0.000
"API Clients (With Retries)","PutSmall",0,-11,0.006,0.006,0.000
"API Clients (With Retries)","GetSmall",0,-11,0.003,0.003,0.000
"API Clients (With Retries)","GetSmall",0,-11,0.004,0.004,0.000
"API Clients (With Retries)","GetSmall",0,-11,0.005,0.005,0.000
"API Clients (With Retries)","PutSmall",0,-11,0.013,0.013,0.000
"API Clients (With Retries)","GetSmall",0,-11,0.012,0.012,0.000
"API Clients (With Retries)","GetSmall",0,-11,0.001,0.001,0.000
"API Clients (With Retries)","GetSmall",0,-11,0.002,0.002,0.000
"API Clients (With Retries)","GetSmall",0,-11,0.005,0.005,0.000
"API Clients (With Retries)","GetSmall",0,-11,0.001,0.001,0.000
"API Clients (With Retries)","GetSmall",0,-11,0.001,0.001,0.000
"API Clients (With Retries)","GetSmall",0,-11,0.002,0.002,0.000
"API Clients (With Retries)","GetSmall",0,-11,0.002,0.002,0.000
"API Clients (With Retries)","GetSmall",0,-11,0.002,0.002,0.000
"API Clients (With Retries)","GetSmall",0,-11,0.004,0.004,0.000
"API Clients (With Retries)","GetSmall",0,-11,0.002,0.002,0.000
"API Clients (With Retries)","GetSmall",0,-11,0.001,0.001,0.000
"API Clients (With Retries)","GetSmall",0,-11,0.002,0.002,0.000
"API Clients (With Retries)","GetSmall",0,-11,0.001,0.001,0.000
"API Clients (With Retries)","GetSmall",0,-11,0.001,0.001,0.000
"API Clients (With Retries)","GetSmall",0,-11,0.005,0.005,0.000
"API Clients (With Retries)","PutSmall",0,-11,0.005,0.005,0.000
"API Clients (With Retries)","GetSmall",0,-11,0.006,0.006,0.000
"API Clients (With Retries)","PutSmall",0,-11,0.013,0.013,0.000
"API Clients (With Retries)","GetSmall",0,-11,0.002,0.002,0.000
"API Clients (With Retries)","GetSmall",0,-11,0.007,0.007,0.000
"API Clients (With Retries)","GetSmall",0,-11,0.085,0.085,0.000
"API Clients (With Retries)","GetSmall",0,-11,0.084,0.084,0.000
"API Clients (With Retries)","GetSmall",0,-11,0.033,0.033,0.000
"API Clients (With Retries)","PutSmall",0,-11,0.018,0.018,0.000
"API Clients (With Retries)","GetSmall",0,-11,0.011,0.011,0.000
"API Clients (With Retries)","GetSmall",0,-11,0.004,0.004,0.000
"API Clients (With Retries)","GetSmall",0,-11,0.002,0.002,0.000
"API Clients (With Retries)","GetSmall",0,-11,0.004,0.004,0.000
"API Clients (With Retries)","GetSmall",0,-11,0.002,0.002,0.000
"API Clients (With Retries)","GetSmall",0,-11,0.009,0.009,0.000
"API Clients (With Retries)","GetSmall",0,-11,0.005,0.005,0.000
"API Clients (With Retries)","GetSmall",0,-11,0.005,0.005,0.000
"API Clients (With Retries)","GetSmall",0,-11,0.003,0.003,0.000
"API Clients (With Retries)","PutSmall",0,-11,0.010,0.010,0.000
"API Clients (With Retries)","GetSmall",0,-11,0.010,0.010,0.000
"API Clients (With Retries)","GetSmall",0,-11,0.002,0.002,0.000
"API Clients (With Retries)","GetSmall",0,-11,0.005,0.005,0.000
"API Clients (With Retries)","GetSmall",0,-11,0.002,0.002,0.000
"API Clients (With Retries)","GetSmall",0,-11,0.003,0.003,0.000
"API Clients (With Retries)","GetSmall",0,-11,0.006,0.006,0.000
"API Clients (With Retries)","GetSmall",0,-11,0.022,0.022,0.000
"API Clients (With Retries)","GetSmall",0,-11,0.005,0.005,0.000
"API Clients (With Retries)","GetSmall",0,-11,0.011,0.011,0.000
"API Clients (With Retries)","GetSmall",0,-11,0.003,0.003,0.000
"API Clients (With Retries)","GetSmall",0,-11,0.004,0.004,0.000
"API Clients (With Retries)","GetSmall",0,-11,0.003,0.003,0.000
"API Clients (With Retries)","PutSmall",0,-11,0.002,0.002,0.000
"API Clients (With Retries)","GetSmall",0,-11,0.001,0.001,0.000
"API Clients (With Retries)","GetSmall",0,-11,0.005,0.005,0.000
"API Clients (With Retries)","PutSmall",0,-11,0.002,0.002,0.000
"API Clients (With Retries)","GetSmall",0,-11,0.001,0.001,0.000
"API Clients (With Retries)","GetSmall",0,-11,0.002,0.002,0.000
"API Clients (With Retries)","GetSmall",0,-11,0.002,0.002,0.000
"API Clients (With Retries)","GetSmall",0,-11,0.002,0.002,0.000
"API Clients (With Retries)","GetSmall",0,-11,0.002,0.002,0.000
"API Clients (With Retries)","GetSmall",0,-11,0.001,0.001,0.000
"API Clients (With Retries)","GetSmall",0,-11,0.003,0.003,0.000
"API Clients (With Retries)","PutSmall",0,-11,0.004,0.004,0.000
"API Clients (With Retries)","GetSmall",0,-11,0.026,0.026,0.000
"API Clients (With Retries)","GetSmall",0,-11,0.026,0.026,0.000
"API Clients (With Retries)","GetSmall",0,-11,0.004,0.004,0.000
"API Clients (With Retries)","GetSmall",0,-11,0.002,0.002,0.000
"API Clients (With Retries)","GetSmall",0,-11,0.002,0.002,0.000
"API Clients (With Retries)","GetSmall",0,-11,0.001,0.001,0.000
"API Clients (With Retries)","GetSmall",0,-11,0.009,0.009,0.000
"API Clients (With Retries)","GetSmall",0,-11,0.002,0.002,0.000
"API Clients (With Retries)","GetSmall",0,-11,0.002,0.002,0.000
"API Clients (With Retries)","PutSmall",0,-11,0.004,0.004,0.000
"API Clients (With Retries)","GetSmall",0,-11,0.003,0.003,0.000
"API Clients (With Retries)","GetSmall",0,-11,0.007,0.007,0.000
"API Clients (With Retries)","GetSmall",0,-11,0.005,0.005,0.000
"API Clients (With Retries)","GetSmall",0,-11,0.005,0.005,0.000
"API Clients (With Retries)","GetSmall",0,-11,0.057,0.057,0.000
"API Clients (With Retries)","GetSmall",0,-11,0.035,0.035,0.000
"API Clients (With Retries)","GetSmall",0,-11,0.021,0.021,0.000
"API Clients (With Retries)","GetSmall",0,-11,0.001,0.001,0.000
"API Clients (With Retries)","GetSmall",0,-11,0.004,0.004,0.000
"API Clients (With Retries)","GetSmall",0,-11,0.004,0.004,0.000
"API Clients (With Retries)","GetSmall",0,-11,0.002,0.002,0.000
"API Clients (With Retries)","GetSmall",0,-11,0.002,0.002,0.000
"API Clients (With Retries)","GetSmall",0,-11,0.017,0.017,0.000
"API Clients (With Retries)","GetSmall",0,-11,0.007,0.007,0.000
"API Clients (With Retries)","GetSmall",0,-11,0.002,0.002,0.000
"API Clients (With Retries)","PutSmall",0,-11,0.002,0.002,0.000
"API Clients (With Retries)","GetSmall",0,-11,0.001,0.001,0.000
"API Clients (With Retries)","PutSmall",0,-11,0.002,0.002,0.000
"API Clients (With Retries)","GetSmall",0,-11,0.001,0.001,0.000
"API Clients (With Retries)","GetSmall",0,-11,0.001,0.001,0.000
"API Clients (With Retries)","GetSmall",0,-11,0.002,0.002,0.000
"API Clients (With Retries)","GetSmall",0,-11,0.001,0.001,0.000
"API Clients (With Retries)","GetSmall",0,-11,0.007,0.007,0.000
"API Clients (With Retries)","GetSmall",0,-11,0.002,0.002,0.000
"API Clients (With Retries)","GetSmall",0,-11,0.004,0.004,0.000
"API Clients (With Retries)","GetSmall",0,-11,0.005,0.005,0.000
"API Clients (With Retries)","GetSmall",0,-11,0.003,0.003,0.000
"API Clients (With Retries)","GetSmall",0,-11,0.006,0.006,0.000
"API Clients (With Retries)","GetSmall",0,-11,0.004,0.004,0.000
"API Clients (With Retries)","GetSmall",0,-11,0.002,0.002,0.000
"API Clients (With Retries)","GetSmall",0,-11,0.006,0.006,0.000
"API Clients (With Retries)","GetSmall",0,-11,0.002,0.002,0.000
"API Clients (With Retries)","PutSmall",0,-11,0.001,0.001,0.000
"API Clients (With Retries)","GetSmall",0,-11,0.004,0.004,0.000
"API Clients (With Retries)","GetSmall",0,-11,0.005,0.005,0.000
"API Clients (With Retries)","PutSmall",0,-11,0.003,0.003,0.000
"API Clients (With Retries)","GetSmall",0,-11,0.005,0.005,0.000
"API Clients (With Retries)","GetSmall",0,-11,0.002,0.002,0.000
"API Clients (With Retries)","GetSmall",0,-11,0.002,0.002,0.000
"API Clients (With Retries)","PutSmall",0,-11,0.003,0.003,0.000
"API Clients (With Retries)","GetSmall",0,-11,0.006,0.006,0.000
"API Clients (With Retries)","GetSmall",0,-11,0.002,0.002,0.000
"API Clients (With Retries)","GetSmall",0,-11,0.002,0.002,0.000
"API Clients (With Retries)","GetSmall",0,-11,0.002,0.002,0.000
"API Clients (With Retries)","GetSmall",0,-11,0.002,0.002,0.000
"API Clients (With Retries)","GetSmall",0,-11,0.002,0.002,0.000
"API Clients (With Retries)","PutSmall",0,-11,0.002,0.002,0.000
"API Clients (With Retries)","GetSmall",0,-11,0.002,0.002,0.000
"API Clients (With Retries)","GetSmall",0,-11,0.003,0.003,0.000
"API Clients (With Retries)","GetSmall",0,-11,0.005,0.005,0.000
"API Clients (With Retries)","GetSmall",0,-11,0.002,0.002,0.000
"API Clients (With Retries)","GetSmall",0,-11,0.002,0.002,0.000
"API Clients (With Retries)","GetSmall",0,-11,0.002,0.002,0.000
"API Clients (With Retries)","GetSmall",0,-11,0.002,0.002,0.000
"API Clients (With Retries)","GetSmall",0,-11,0.001,0.001,0.000
"API Clients (With Retries)","GetSmall",0,-11,0.010,0.010,0.000
"API Clients (With Retries)","GetSmall",0,-11,0.005,0.005,0.000
"API Clients (With Retries)","GetSmall",0,-11,0.003,0.003,0.000
"API Clients (With Retries)","GetSmall",0,-11,0.002,0.002,0.000
"API Clients (With Retries)","GetSmall",0,-11,0.002,0.002,0.000
"API Clients (With Retries)","GetSmall",0,-11,0.002,0.002,0.000
"API Clients (With Retries)","GetSmall",0,-11,0.003,0.003,0.000
"API Clients (With Retries)","GetSmall",0,-11,0.002,0.002,0.000
"API Clients (With Retries)","GetSmall",0,-11,0.015,0.015,0.000
"API Clients (With Retries)","GetSmall",0,-11,0.002,0.002,0.000
"API Clients (With Retries)","GetSmall",0,-11,0.002,0.002,0.000
"API Clients (With Retries)","GetSmall",0,-11,0.001,0.001,0.000
"API Clients (With Retries)","GetSmall",0,-11,0.002,0.002,0.000
"API Clients (With Retries)","GetSmall",0,-11,0.005,0.005,0.000
"API Clients (With Retries)","GetSmall",0,-11,0.003,0.003,0.000
"API Clients (With Retries)","GetSmall",0,-11,0.002,0.002,0.000
"API Clients (With Retries)","GetSmall",0,-11,0.002,0.002,0.000
"API Clients (With Retries)","GetSmall",0,-11,0.002,0.002,0.000
"API Clients (With Retries)","GetSmall",0,-11,0.002,0.002,0.000
"API Clients (With Retries)","PutSmall",0,-11,0.015,0.015,0.000
"API Clients (With Retries)","GetSmall",0,-11,0.001,0.001,0.000
"API Clients (With Retries)","GetSmall",0,-11,0.002,0.002,0.000
"API Clients (With Retries)","PutSmall",0,-11,0.004,0.004,0.000
"API Clients (With Retries)","GetSmall",0,-11,0.006,0.006,0.000
"API Clients (With Retries)","GetSmall",0,-11,0.001,0.001,0.000
"API Clients (With Retries)","GetSmall",0,-11,0.002,0.002,0.000
"API Clients (With Retries)","GetSmall",0,-11,0.001,0.001,0.000
"API Clients (With Retries)","GetSmall",0,-11,0.001,0.001,0.000
"API Clients (With Retries)","GetSmall",0,-11,0.004,0.004,0.000
"API Clients (With Retries)","GetSmall",0,-11,0.002,0.002,0.000
"API Clients (With Retries)","GetSmall",0,-11,0.001,0.001,0.000
"API Clients (With Retries)","GetSmall",0,-11,0.002,0.002,0.000
"API Clients (With Retries)","PutSmall",0,-11,0.003,0.003,0.000
"API Clients (With Retries)","GetSmall",0,-11,0.002,0.002,0.000
"API Clients (With Retries)","GetSmall",0,-11,0.002,0.002,0.000
"API Clients (With Retries)","GetSmall",0,-11,0.003,0.003,0.000
"API Clients (With Retries)","GetSmall",0,-11,0.001,0.001,0.000
"API Clients (With Retries)","GetSmall",0,-11,0.002,0.002,0.000
"API Clients (With Retries)","GetSmall",0,-11,0.003,0.003,0.000
"API Clients (With Retries)","GetSmall",0,-11,0.002,0.002,0.000
"API Clients (With Retries)","GetSmall",0,-11,0.006,0.006,0.000
"API Clients (With Retries)","GetSmall",0,-11,0.003,0.003,0.000
"API Clients (With Retries)","GetSmall",0,-11,0.004,0.004,0.000
"API Clients (With Retries)","GetSmall",0,-11,0.002,0.002,0.000
"API Clients (With Retries)","GetSmall",0,-11,0.017,0.017,0.000
"API Clients (With Retries)","GetSmall",0,-11,0.002,0.002,0.000
"API Clients (With Retries)","GetSmall",0,-11,0.007,0.007,0.000
"API Clients (With Retries)","GetSmall",0,-11,0.003,0.003,0.000
"API Clients (With Retries)","GetSmall",0,-11,0.007,0.007,0.000
"API Clients (With Retries)","GetSmall",0,-11,0.002,0.002,0.000
"API Clients (With Retries)","GetSmall",0,-11,0.002,0.002,0.000
"API Clients (With Retries)","GetSmall",0,-11,0.001,0.001,0.000
"API Clients (With Retries)","GetSmall",0,-11,0.003,0.003,0.000
"API Clients (With Retries)","GetSmall",0,-11,0.002,0.002,0.000
"API Clients (With Retries)","GetSmall",0,-11,0.004,0.004,0.000
"API Clients (With Retries)","GetSmall",0,-11,0.004,0.004,0.000
"API Clients (With Retries)","GetSmall",0,-11,0.002,0.002,0.000
"API Clients (With Retries)","GetSmall",0,-11,0.002,0.002,0.000
"API Clients (With Retries)","GetSmall",0,-11,0.005,0.005,0.000
"API Clients (With Retries)","GetSmall",0,-11,0.003,0.003,0.000
"API Clients (With Retries)","GetSmall",0,-11,0.002,0.002,0.000
"API Clients (With Retries)","GetSmall",0,-11,0.003,0.003,0.000
"API Clients (With Retries)","GetSmall",0,-11,0.002,0.002,0.000
"API Clients (With Retries)","GetSmall",0,-11,0.008,0.008,0.000
"API Clients (With Retries)","GetSmall",0,-11,0.003,0.003,0.000
"API Clients (With Retries)","GetSmall",0,-11,0.006,0.006,0.000
"API Clients (With Retries)","GetSmall",0,-11,0.007,0.007,0.000
"API Clients (With Retries)","GetSmall",0,-11,0.004,0.004,0.000
"API Clients (With Retries)","GetSmall",0,-11,0.003,0.003,0.000
"API Clients (With Retries)","PutSmall",0,-11,0.007,0.007,0.000
"API Clients (With Retries)","GetSmall",0,-11,0.001,0.001,0.000
"API Clients (With Retries)","GetSmall",0,-11,0.011,0.011,0.000
"API Clients (With Retries)","GetSmall",0,-11,0.002,0.002,0.000
"API Clients (With Retries)","GetSmall",0,-11,0.009,0.009,0.000
"API Clients (With Retries)","GetSmall",0,-11,0.005,0.005,0.000
"API Clients (With Retries)","GetSmall",0,-11,0.030,0.030,0.000
"API Clients (With Retries)","GetSmall",0,-11,0.001,0.001,0.000
"API Clients (With Retries)","GetSmall",0,-11,0.001,0.001,0.000
"API Clients (With Retries)","GetSmall",0,-11,0.003,0.003,0.000
"API Clients (With Retries)","GetSmall",0,-11,0.003,0.003,0.000
"API Clients (With Retries)","GetSmall",0,-11,0.001,0.001,0.000
"API Clients (With Retries)","GetSmall",0,-11,0.003,0.003,0.000
"API Clients (With Retries)","GetSmall",0,-11,0.002,0.002,0.000
"API Clients (With Retries)","GetSmall",0,-11,0.004,0.004,0.000
"API Clients (With Retries)","GetSmall",0,-11,0.002,0.002,0.000
"API Clients (With Retries)","PutSmall",0,-11,0.002,0.002,0.000
"API Clients (With Retries)","GetSmall",0,-11,0.002,0.002,0.000
"API Clients (With Retries)","GetSmall",0,-11,0.002,0.002,0.000
"API Clients (With Retries)","GetSmall",0,-11,0.002,0.002,0.000
"API Clients (With Retries)","GetSmall",0,-11,0.001,0.001,0.000
"API Clients (With Retries)","GetSmall",0,-11,0.004,0.004,0.000
"API Clients (With Retries)","GetSmall",0,-11,0.002,0.002,0.000
"API Clients (With Retries)","GetSmall",0,-11,0.001,0.001,0.000
"API Clients (With Retries)","PutSmall",0,-11,0.004,0.004,0.000
"API Clients (With Retries)","GetSmall",0,-11,0.008,0.008,0.000
"API Clients (With Retries)","GetSmall",0,-11,0.003,0.003,0.000
"API Clients (With Retries)","GetSmall",0,-11,0.002,0.002,0.000
"API Clients (With Retries)","GetSmall",0,-11,0.001,0.001,0.000
"API Clients (With Retries)","GetSmall",0,-11,0.001,0.001,0.000
"API Clients (With Retries)","GetSmall",0,-11,0.002,0.002,0.000
"API Clients (With Retries)","GetSmall",0,-11,0.004,0.004,0.000
"API Clients (With Retries)","GetSmall",0,-11,0.007,0.007,0.000
"API Clients (With Retries)","GetSmall",0,-11,0.001,0.001,0.000
"API Clients (With Retries)","PutSmall",0,-11,0.001,0.001,0.000
"API Clients (With Retries)","GetSmall",0,-11,0.002,0.002,0.000
"API Clients (With Retries)","GetSmall",0,-11,0.002,0.002,0.000
"API Clients (With Retries)","GetSmall",0,-11,0.001,0.001,0.000
"API Clients (With Retries)","GetSmall",0,-11,0.002,0.002,0.000
"API Clients (With Retries)","PutSmall",0,-11,0.002,0.002,0.000
"API Clients (With Retries)","GetSmall",0,-11,0.001,0.001,0.000
"API Clients (With Retries)","GetSmall",0,-11,0.001,0.001,0.000
"API Clients (With Retries)","GetSmall",0,-11,0.001,0.001,0.000
"API Clients (With Retries)","GetSmall",0,-11,0.004,0.004,0.000
"API Clients (With Retries)","GetSmall",0,-11,0.001,0.001,0.000
"API Clients (With Retries)","GetSmall",0,-11,0.001,0.001,0.000
"API Clients (With Retries)","GetSmall",0,-11,0.003,0.003,0.000
"API Clients (With Retries)","GetSmall",0,-11,0.005,0.005,0.000
"API Clients (With Retries)","GetSmall",0,-11,0.001,0.001,0.000
"API Clients (With Retries)","GetSmall",0,-11,0.003,0.003,0.000
"API Clients (With Retries)","GetSmall",0,-11,0.002,0.002,0.000
"API Clients (With Retries)","GetSmall",0,-11,0.001,0.001,0.000
"API Clients (With Retries)","PutSmall",0,-11,0.006,0.006,0.000
"API Clients (With Retries)","GetSmall",0,-11,0.001,0.001,0.000
"API Clients (With Retries)","GetSmall",0,-11,0.010,0.010,0.000
"API Clients (With Retries)","GetSmall",0,-11,0.001,0.001,0.000
"API Clients (With Retries)","GetSmall",0,-11,0.001,0.001,0.000
"API Clients (With Retries)","PutSmall",0,-11,0.001,0.001,0.000
"API Clients (With Retries)","GetSmall",0,-11,0.001,0.001,0.000
"API Clients (With Retries)","GetSmall",0,-11,0.004,0.004,0.000
"API Clients (With Retries)","GetSmall",0,-11,0.007,0.007,0.000
"API Clients (With Retries)","GetSmall",0,-11,0.001,0.001,0.000
"API Clients (With Retries)","GetSmall",0,-11,0.005,0.005,0.000
"API Clients (With Retries)","GetSmall",0,-11,0.002,0.002,0.000
"API Clients (With Retries)","GetSmall",0,-11,0.005,0.005,0.000
"API Clients (With Retries)","GetSmall",0,-11,0.003,0.003,0.000
"API Clients (With Retries)","GetSmall",0,-11,0.001,0.001,0.000
"API Clients (With Retries)","PutSmall",0,-11,0.001,0.001,0.000
"API Clients (With Retries)","GetSmall",0,-11,0.004,0.004,0.000
"API Clients (With Retries)","GetSmall",0,-11,0.004,0.004,0.000
"API Clients (With Retries)","PutSmall",0,-11,0.005,0.005,0.000
"API Clients (With Retries)","GetSmall",0,-11,0.001,0.001,0.000
"API Clients (With Retries)","GetSmall",0,-11,0.001,0.001,0.000
"API Clients (With Retries)","PutSmall",0,-11,0.003,0.003,0.000
"API Clients (With Retries)","GetSmall",0,-11,0.002,0.002,0.000
"API Clients (With Retries)","GetSmall",0,-11,0.005,0.005,0.000
"API Clients (With Retries)","GetSmall",0,-11,0.001,0.001,0.000
"API Clients (With Retries)","GetSmall",0,-11,0.007,0.007,0.000
"API Clients (With Retries)","GetSmall",0,-11,0.004,0.004,0.000
"API Clients (With Retries)","GetSmall",0,-11,0.006,0.006,0.000
"API Clients (With Retries)","GetSmall",0,-11,0.003,0.003,0.000
"API Clients (With Retries)","GetSmall",0,-11,0.004,0.004,0.000
"API Clients (With Retries)","GetSmall",0,-11,0.003,0.003,0.000
"API Clients (With Retries)","GetSmall",0,-11,0.002,0.002,0.000
"API Clients (With Retries)","GetSmall",0,-11,0.003,0.003,0.000
"API Clients (With Retries)","GetSmall",0,-11,0.002,0.002,0.000
"API Clients (With Retries)","GetSmall",0,-11,0.001,0.001,0.000
"API Clients (With Retries)","GetSmall",0,-11,0.001,0.001,0.000
"API Clients (With Retries)","GetSmall",0,-11,0.003,0.003,0.000
"API Clients (With Retries)","GetSmall",0,-11,0.007,0.007,0.000
"API Clients (With Retries)","GetSmall",0,-11,0.002,0.002,0.000
"API Clients (With Retries)","GetSmall",0,-11,0.001,0.001,0.000
"API Clients (With Retries)","GetSmall",0,-11,0.002,0.002,0.000
"API Clients (With Retries)","PutSmall",0,-11,0.001,0.001,0.000
"API Clients (With Retries)","GetSmall",0,-11,0.002,0.002,0.000
"API Clients (With Retries)","GetSmall",0,-11,0.002,0.002,0.000
"API Clients (With Retries)","GetSmall",0,-11,0.004,0.004,0.000
"API Clients (With Retries)","GetSmall",0,-11,0.006,0.006,0.000
"API Clients (With Retries)","GetSmall",0,-11,0.002,0.002,0.000
"API Clients (With Retries)","GetSmall",0,-11,0.002,0.002,0.000
"API Clients (With Retries)","GetSmall",0,-11,0.018,0.018,0.000
"API Clients (With Retries)","GetSmall",0,-11,0.002,0.002,0.000
"API Clients (With Retries)","PutSmall",0,-11,0.009,0.009,0.000
"API Clients (With Retries)","GetSmall",0,-11,0.017,0.017,0.000
"API Clients (With Retries)","GetSmall",0,-11,0.006,0.006,0.000
"API Clients (With Retries)","GetSmall",0,-11,0.002,0.002,0.000
"API Clients (With Retries)","GetSmall",0,-11,0.006,0.006,0.000
"API Clients (With Retries)","GetSmall",0,-11,0.002,0.002,0.000
"API Clients (With Retries)","GetSmall",0,-11,0.003,0.003,0.000
"API Clients (With Retries)","GetSmall",0,-11,0.004,0.004,0.000
"API Clients (With Retries)","GetSmall",0,-11,0.003,0.003,0.000
"API Clients (With Retries)","GetSmall",0,-11,0.001,0.001,0.000
"API Clients (With Retries)","PutSmall",0,-11,0.002,0.002,0.000
"API Clients (With Retries)","GetSmall",0,-11,0.003,0.003,0.000
"API Clients (With Retries)","GetSmall",0,-11,0.006,0.006,0.000
"API Clients (With Retries)","GetSmall",0,-11,0.004,0.004,0.000
"API Clients (With Retries)","GetSmall",0,-11,0.002,0.002,0.000
"API Clients (With Retries)","GetSmall",0,-11,0.001,0.001,0.000
"API Clients (With Retries)","GetSmall",0,-11,0.002,0.002,0.000
"API Clients (With Retries)","GetSmall",0,-11,0.001,0.001,0.000
"API Clients (With Retries)","GetSmall",0,-11,0.002,0.002,0.000
"API Clients (With Retries)","GetSmall",0,-11,0.006,0.006,0.000
"API Clients (With Retries)","GetSmall",0,-11,0.014,0.014,0.000
"API Clients (With Retries)","GetSmall",0,-11,0.030,0.030,0.000
"API Clients (With Retries)","GetSmall",0,-11,0.009,0.009,0.000
"API Clients (With Retries)","GetSmall",0,-11,0.007,0.007,0.000
"API Clients (With Retries)","GetSmall",0,-11,0.001,0.001,0.000
"API Clients (With Retries)","GetSmall",0,-11,0.006,0.006,0.000
"API Clients (With Retries)","GetSmall",0,-11,0.010,0.010,0.000
"API Clients (With Retries)","GetSmall",0,-11,0.009,0.009,0.000
"API Clients (With Retries)","GetSmall",0,-11,0.003,0.003,0.000
"API Clients (With Retries)","GetSmall",0,-11,0.010,0.010,0.000
"API Clients (With Retries)","GetSmall",0,-11,0.003,0.003,0.000
"API Clients (With Retries)","GetSmall",0,-11,0.001,0.001,0.000
"API Clients (With Retries)","GetSmall",0,-11,0.002,0.002,0.000
"API Clients (With Retries)","PutSmall",0,-11,0.003,0.003,0.000
"API Clients (With Retries)","GetSmall",0,-11,0.017,0.017,0.000
"API Clients (With Retries)","GetSmall",0,-11,0.004,0.004,0.000
"API Clients (With Retries)","GetSmall",0,-11,0.003,0.003,0.000
"API Clients (With Retries)","PutSmall",0,-11,0.001,0.001,0.000
"API Clients (With Retries)","GetSmall",0,-11,0.001,0.001,0.000
"API Clients (With Retries)","GetSmall",0,-11,0.004,0.004,0.000
"API Clients (With Retries)","GetSmall",0,-11,0.001,0.001,0.000
"API Clients (With Retries)","GetSmall",0,-11,0.002,0.002,0.000
"API Clients (With Retries)","PutSmall",0,-11,0.002,0.002,0.000
"API Clients (With Retries)","GetSmall",0,-11,0.002,0.002,0.000
"API Clients (With Retries)","GetSmall",0,-11,0.003,0.003,0.000
"API Clients (With Retries)","PutSmall",0,-11,0.006,0.006,0.000
"API Clients (With Retries)","GetSmall",0,-11,0.026,0.026,0.000
"API Clients (With Retries)","GetSmall",0,-11,0.012,0.012,0.000
"API Clients (With Retries)","GetSmall",0,-11,0.004,0.004,0.000
"API Clients (With Retries)","PutSmall",0,-11,0.005,0.005,0.000
"API Clients (With Retries)","PutSmall",0,-11,0.003,0.003,0.000
"API Clients (With Retries)","PutSmall",0,-11,0.026,0.026,0.000
"API Clients (With Retries)","PutSmall",0,-11,0.028,0.028,0.000
"API Clients (With Retries)","GetSmall",0,-11,0.030,0.030,0.000
"API Clients (With Retries)","GetSmall",0,-11,0.007,0.007,0.000
"API Clients (With Retries)","GetSmall",0,-11,0.008,0.008,0.000
"API Clients (With Retries)","PutSmall",0,-11,0.002,0.002,0.000
"API Clients (With Retries)","GetSmall",0,-11,0.001,0.001,0.000
"API Clients (With Retries)","GetSmall",0,-11,0.004,0.004,0.000
"API Clients (With Retries)","GetSmall",0,-11,0.001,0.001,0.000
"API Clients (With Retries)","GetSmall",0,-11,0.002,0.002,0.000
"API Clients (With Retries)","GetSmall",0,-11,0.004,0.004,0.000
"API Clients (With Retries)","GetSmall",0,-11,0.004,0.004,0.000
"API Clients (With Retries)","GetSmall",0,-11,0.004,0.004,0.000
"API Clients (With Retries)","GetSmall",0,-11,0.005,0.005,0.000
"API Clients (With Retries)","GetSmall",0,-11,0.001,0.001,0.000
"API Clients (With Retries)","PutSmall",0,-11,0.003,0.003,0.000
"API Clients (With Retries)","GetSmall",0,-11,0.005,0.005,0.000
"API Clients (With Retries)","PutSmall",0,-11,0.004,0.004,0.000
"API Clients (With Retries)","PutSmall",0,-11,0.004,0.004,0.000
"API Clients (With Retries)","GetSmall",0,-11,0.004,0.004,0.000
"API Clients (With Retries)","GetSmall",0,-11,0.001,0.001,0.000
"API Clients (With Retries)","GetSmall",0,-11,0.007,0.007,0.000
"API Clients (With Retries)","GetSmall",0,-11,0.008,0.008,0.000
"API Clients (With Retries)","GetSmall",0,-11,0.001,0.001,0.000
"API Clients (With Retries)","GetSmall",0,-11,0.014,0.014,0.000
