tenant,op,success,error_code,total_lat_ms,queue_lat_ms,backend_lat_ms
"Batch Clients (With Retries)","PutSmall",0,-11,0.003,0.003,0.000
"Batch Clients (With Retries)","PutSmall",1,0,6.755,0.001,6.751
"Batch Clients (With Retries)","PutSmall",1,0,6.839,0.002,6.806
"Batch Clients (With Retries)","PutSmall",1,0,7.085,0.000,7.081
"Batch Clients (With Retries)","PutSmall",1,0,7.073,0.001,7.070
"Batch Clients (With Retries)","PutSmall",1,0,7.065,0.000,7.063
"Batch Clients (With Retries)","PutSmall",1,0,7.199,0.000,7.195
"Batch Clients (With Retries)","PutSmall",1,0,7.283,0.000,7.278
"Batch Clients (With Retries)","PutSmall",1,0,7.325,0.000,7.322
"Batch Clients (With Retries)","PutSmall",1,0,7.370,0.000,7.360
"Batch Clients (With Retries)","PutSmall",1,0,7.371,0.000,7.358
"Batch Clients (With Retries)","PutSmall",1,0,7.376,0.000,7.371
"Batch Clients (With Retries)","PutSmall",1,0,7.414,0.001,7.410
"Batch Clients (With Retries)","PutSmall",1,0,7.770,0.001,7.757
"Batch Clients (With Retries)","PutSmall",1,0,7.767,0.000,7.762
"Batch Clients (With Retries)","PutSmall",1,0,7.926,0.000,7.892
"Batch Clients (With Retries)","PutSmall",1,0,7.991,0.000,7.921
"Batch Clients (With Retries)","PutSmall",1,0,7.989,0.000,7.977
"Batch Clients (With Retries)","PutSmall",1,0,7.953,0.000,7.945
"Batch Clients (With Retries)","PutSmall",1,0,8.007,0.000,8.003
"Batch Clients (With Retries)","PutSmall",1,0,8.069,0.000,8.066
"Batch Clients (With Retries)","PutSmall",1,0,8.167,0.001,8.160
"Batch Clients (With Retries)","PutSmall",1,0,8.134,0.000,8.118
"Batch Clients (With Retries)","PutSmall",1,0,10.652,0.003,10.627
"Batch Clients (With Retries)","PutSmall",1,0,8.408,0.000,8.407
"Batch Clients (With Retries)","PutSmall",1,0,8.989,0.000,8.987
"Batch Clients (With Retries)","PutSmall",1,0,9.028,0.000,9.016
"Batch Clients (With Retries)","PutSmall",1,0,9.650,0.000,9.647
"Batch Clients (With Retries)","PutSmall",1,0,8.506,0.000,8.504
"Batch Clients (With Retries)","PutSmall",1,0,8.815,0.000,8.807
"Batch Clients (With Retries)","PutSmall",1,0,9.921,0.000,9.908
"Batch Clients (With Retries)","PutSmall",1,0,9.378,0.000,9.370
"Batch Clients (With Retries)","PutSmall",1,0,9.567,0.000,9.563
"Batch Clients (With Retries)","PutSmall",1,0,9.137,0.000,9.134
"Batch Clients (With Retries)","PutSmall",1,0,9.034,0.000,9.022
"Batch Clients (With Retries)","PutSmall",1,0,20.165,0.003,10.154
"Batch Clients (With Retries)","PutSmall",1,0,10.232,0.001,10.229
"Batch Clients (With Retries)","PutSmall",1,0,10.231,0.000,10.228
"Batch Clients (With Retries)","PutLarge",0,-11,0.000,0.000,0.000
"Batch Clients (With Retries)","PutSmall",1,0,9.866,0.000,9.862
"Batch Clients (With Retries)","PutSmall",1,0,10.085,0.000,10.081
"Batch Clients (With Retries)","PutSmall",1,0,10.566,0.000,10.564
"Batch Clients (With Retries)","PutSmall",1,0,10.550,0.001,10.546
"Batch Clients (With Retries)","PutSmall",1,0,11.120,0.000,11.117
"Batch Clients (With Retries)","PutSmall",1,0,11.133,0.000,11.131
"Batch Clients (With Retries)","PutLarge",1,0,28.041,0.000,28.036
"Batch Clients (With Retries)","PutLarge",1,0,28.333,0.001,28.327
"Batch Clients (With Retries)","PutLarge",1,0,28.291,0.000,28.281
"Batch Clients (With Retries)","PutLarge",1,0,28.682,0.000,28.678
"Batch Clients (With Retries)","PutLarge",1,0,28.884,0.000,28.881
"Batch Clients (With Retries)","PutLarge",1,0,29.342,0.000,29.336
"Batch Clients (With Retries)","PutLarge",1,0,29.495,0.000,29.490
"Batch Clients (With Retries)","PutLarge",1,0,29.881,0.001,29.855
"Batch Clients (With Retries)","PutLarge",1,0,30.046,0.001,30.040
"Batch Clients (With Retries)","PutSmall",1,0,9.785,0.000,9.782
"Batch Clients (With Retries)","PutLarge",1,0,30.530,0.000,30.526
"Batch Clients (With Retries)","PutLarge",1,0,30.711,0.000,30.706
"Batch Clients (With Retries)","PutLarge",1,0,31.150,0.000,31.146
"Batch Clients (With Retries)","PutLarge",1,0,31.750,0.000,31.745
"Batch Clients (With Retries)","PutLarge",1,0,32.628,0.000,32.616
"Batch Clients (With Retries)","PutLarge",1,0,32.704,0.000,32.700
"Batch Clients (With Retries)","PutSmall",1,0,8.701,0.001,8.698
"Batch Clients (With Retries)","PutSmall",1,0,8.408,0.001,8.405
"Batch Clients (With Retries)","PutSmall",0,-11,0.000,0.000,0.000
"Batch Clients (With Retries)","PutLarge",1,0,36.803,0.002,36.788
"Batch Clients (With Retries)","PutSmall",0,-11,0.000,0.000,0.000
"Batch Clients (With Retries)","PutSmall",1,0,8.069,0.000,8.065
"Batch Clients (With Retries)","PutLarge",0,-11,0.000,0.000,0.000
"Batch Clients (With Retries)","PutSmall",1,0,7.512,0.000,7.500
"Batch Clients (With Retries)","PutSmall",0,-11,0.000,0.000,0.000
"Batch Clients (With Retries)","PutSmall",1,0,7.479,0.000,7.468
"Batch Clients (With Retries)","PutSmall",0,-11,0.000,0.000,0.000
"Batch Clients (With Retries)","PutLarge",1,0,32.812,0.000,32.809
"Batch Clients (With Retries)","PutLarge",0,-11,0.000,0.000,0.000
"Batch Clients (With Retries)","PutSmall",1,0,8.770,0.000,8.767
"Batch Clients (With Retries)","PutLarge",0,-11,0.000,0.000,0.000
"Batch Clients (With Retries)","PutLarge",1,0,33.995,0.000,33.992
"Batch Clients (With Retries)","PutSmall",0,-11,0.001,0.001,0.000
"Batch Clients (With Retries)","PutLarge",1,0,34.738,0.000,34.736
"Batch Clients (With Retries)","PutLarge",0,-11,0.000,0.000,0.000
"Batch Clients (With Retries)","PutLarge",1,0,36.027,0.000,36.024
"Batch Clients (With Retries)","PutLarge",0,-11,0.000,0.000,0.000
"Batch Clients (With Retries)","PutLarge",1,0,35.499,0.001,35.495
"Batch Clients (With Retries)","PutLarge",0,-11,0.000,0.000,0.000
"Batch Clients (With Retries)","PutLarge",1,0,36.137,0.001,36.132
"Batch Clients (With Retries)","PutSmall",0,-11,0.000,0.000,0.000
"Batch Clients (With Retries)","PutLarge",1,0,36.294,0.000,36.292
"Batch Clients (With Retries)","PutSmall",0,-11,0.001,0.001,0.000
"Batch Clients (With Retries)","PutLarge",1,0,36.920,0.001,36.917
"Batch Clients (With Retries)","PutLarge",0,-11,0.000,0.000,0.000
"Batch Clients (With Retries)","PutLarge",1,0,37.798,0.000,37.794
"Batch Clients (With Retries)","PutSmall",0,-11,0.001,0.001,0.000
"Batch Clients (With Retries)","PutLarge",1,0,39.478,0.000,39.476
"Batch Clients (With Retries)","PutLarge",0,-11,0.000,0.000,0.000
"Batch Clients (With Retries)","PutLarge",1,0,40.461,0.000,40.458
"Batch Clients (With Retries)","PutLarge",0,-11,0.000,0.000,0.000
"Batch Clients (With Retries)","PutLarge",1,0,37.910,0.000,37.907
"Batch Clients (With Retries)","PutSmall",0,-11,0.001,0.001,0.000
"Batch Clients (With Retries)","PutLarge",1,0,39.636,0.000,39.633
"Batch Clients (With Retries)","PutLarge",0,-11,0.000,0.000,0.000
"Batch Clients (With Retries)","PutLarge",1,0,29.351,0.001,29.349
"Batch Clients (With Retries)","PutLarge",0,-11,0.000,0.000,0.000
"Batch Clients (With Retries)","PutLarge",1,0,30.006,0.000,30.002
"Batch Clients (With Retries)","PutSmall",0,-11,0.000,0.000,0.000
"Batch Clients (With Retries)","PutLarge",1,0,31.713,0.001,31.710
"Batch Clients (With Retries)","PutLarge",0,-11,0.000,0.000,0.000
"Batch Clients (With Retries)","PutLarge",1,0,43.329,0.000,43.327
"Batch Clients (With Retries)","PutLarge",0,-11,0.000,0.000,0.000
"Batch Clients (With Retries)","PutLarge",1,0,32.557,0.000,32.555
"Batch Clients (With Retries)","PutSmall",0,-11,0.000,0.000,0.000
"Batch Clients (With Retries)","PutLarge",1,0,32.172,0.000,32.168
"Batch Clients (With Retries)","PutLarge",0,-11,0.000,0.000,0.000
"Batch Clients (With Retries)","PutLarge",1,0,32.774,0.000,32.762
"Batch Clients (With Retries)","PutLarge",0,-11,0.000,0.000,0.000
"Batch Clients (With Retries)","PutLarge",1,0,30.019,0.001,30.016
"Batch Clients (With Retries)","PutLarge",0,-11,0.000,0.000,0.000
"Batch Clients (With Retries)","PutLarge",1,0,32.088,0.000,32.085
"Batch Clients (With Retries)","PutSmall",0,-11,0.000,0.000,0.000
"Batch Clients (With Retries)","PutLarge",1,0,40.348,0.000,40.345
"Batch Clients (With Retries)","PutSmall",0,-11,0.000,0.000,0.000
"Batch Clients (With Retries)","PutLarge",1,0,31.727,0.000,31.725
"Batch Clients (With Retries)","PutLarge",0,-11,0.000,0.000,0.000
"Batch Clients (With Retries)","PutLarge",1,0,31.846,0.000,31.844
"Batch Clients (With Retries)","PutLarge",0,-11,0.000,0.000,0.000
"Batch Clients (With Retries)","PutLarge",1,0,34.589,0.001,34.585
"Batch Clients (With Retries)","PutLarge",0,-11,0.000,0.000,0.000
"Batch Clients (With Retries)","PutLarge",1,0,46.216,0.000,46.213
"Batch Clients (With Retries)","PutLarge",0,-11,0.000,0.000,0.000
"Batch Clients (With Retries)","PutLarge",1,0,34.112,0.000,34.108
"Batch Clients (With Retries)","PutSmall",0,-11,0.000,0.000,0.000
"Batch Clients (With Retries)","PutLarge",1,0,32.859,0.000,32.855
"Batch Clients (With Retries)","PutSmall",0,-11,0.000,0.000,0.000
"Batch Clients (With Retries)","PutLarge",1,0,39.055,0.000,39.023
"Batch Clients (With Retries)","PutLarge",0,-11,0.001,0.001,0.000
"Batch Clients (With Retries)","PutLarge",1,0,39.481,0.000,39.418
"Batch Clients (With Retries)","PutSmall",0,-11,0.001,0.001,0.000
"Batch Clients (With Retries)","PutLarge",1,0,36.551,0.000,36.539
"Batch Clients (With Retries)","PutLarge",0,-11,0.000,0.000,0.000
"Batch Clients (With Retries)","PutLarge",1,0,33.480,0.000,33.476
"Batch Clients (With Retries)","PutSmall",0,-11,0.000,0.000,0.000
"Batch Clients (With Retries)","PutLarge",0,-11,0.001,0.001,0.000
"Batch Clients (With Retries)","PutLarge",0,-11,0.001,0.001,0.000
"Batch Clients (With Retries)","PutLarge",0,-11,0.001,0.001,0.000
"Batch Clients (With Retries)","PutLarge",0,-11,0.000,0.000,0.000
"Batch Clients (With Retries)","PutLarge",0,-11,0.001,0.001,0.000
"Batch Clients (With Retries)","PutLarge",0,-11,0.000,0.000,0.000
"Batch Clients (With Retries)","PutLarge",0,-11,0.001,0.001,0.000
"Batch Clients (With Retries)","PutLarge",0,-11,0.001,0.001,0.000
"Batch Clients (With Retries)","PutLarge",0,-11,0.001,0.001,0.000
"Batch Clients (With Retries)","PutLarge",0,-11,0.000,0.000,0.000
"Batch Clients (With Retries)","PutLarge",0,-11,0.001,0.001,0.000
"Batch Clients (With Retries)","PutLarge",0,-11,0.000,0.000,0.000
"Batch Clients (With Retries)","PutLarge",0,-11,0.001,0.001,0.000
"Batch Clients (With Retries)","PutLarge",0,-11,0.001,0.001,0.000
"Batch Clients (With Retries)","PutLarge",0,-11,0.000,0.000,0.000
"Batch Clients (With Retries)","PutLarge",0,-11,0.000,0.000,0.000
"Batch Clients (With Retries)","PutLarge",0,-11,0.000,0.000,0.000
"Batch Clients (With Retries)","PutLarge",0,-11,0.000,0.000,0.000
"Batch Clients (With Retries)","PutSmall",0,-11,0.001,0.001,0.000
"Batch Clients (With Retries)","PutSmall",0,-11,0.000,0.000,0.000
"Batch Clients (With Retries)","PutLarge",0,-11,0.000,0.000,0.000
"Batch Clients (With Retries)","PutLarge",0,-11,0.000,0.000,0.000
"Batch Clients (With Retries)","PutSmall",0,-11,0.000,0.000,0.000
"Batch Clients (With Retries)","PutLarge",0,-11,0.000,0.000,0.000
"Batch Clients (With Retries)","PutSmall",0,-11,0.000,0.000,0.000
"Batch Clients (With Retries)","PutSmall",0,-11,0.000,0.000,0.000
"Batch Clients (With Retries)","PutSmall",0,-11,0.000,0.000,0.000
"Batch Clients (With Retries)","PutSmall",0,-11,0.000,0.000,0.000
"Batch Clients (With Retries)","PutSmall",0,-11,0.000,0.000,0.000
"Batch Clients (With Retries)","PutSmall",0,-11,0.000,0.000,0.000
"Batch Clients (With Retries)","PutSmall",0,-11,0.000,0.000,0.000
"Batch Clients (With Retries)","PutSmall",0,-11,0.001,0.001,0.000
"Batch Clients (With Retries)","PutLarge",0,-11,0.000,0.000,0.000
"Batch Clients (With Retries)","PutSmall",0,-11,0.000,0.000,0.000
"Batch Clients (With Retries)","PutSmall",0,-11,0.000,0.000,0.000
"Batch Clients (With Retries)","PutSmall",0,-11,0.000,0.000,0.000
"Batch Clients (With Retries)","PutLarge",0,-11,0.000,0.000,0.000
"Batch Clients (With Retries)","PutSmall",0,-11,0.000,0.000,0.000
"Batch Clients (With Retries)","PutLarge",0,-11,0.000,0.000,0.000
"Batch Clients (With Retries)","PutSmall",0,-11,0.000,0.000,0.000
"Batch Clients (With Retries)","PutLarge",0,-11,0.000,0.000,0.000
"Batch Clients (With Retries)","PutLarge",0,-11,0.000,0.000,0.000
"Batch Clients (With Retries)","PutLarge",0,-11,0.000,0.000,0.000
"Batch Clients (With Retries)","PutLarge",0,-11,0.000,0.000,0.000
"Batch Clients (With Retries)","PutSmall",0,-11,0.000,0.000,0.000
"Batch Clients (With Retries)","PutLarge",0,-11,0.001,0.001,0.000
"Batch Clients (With Retries)","PutSmall",0,-11,0.000,0.000,0.000
"Batch Clients (With Retries)","PutSmall",0,-11,0.000,0.000,0.000
"Batch Clients (With Retries)","PutLarge",0,-11,0.000,0.000,0.000
"Batch Clients (With Retries)","PutSmall",0,-11,0.000,0.000,0.000
"Batch Clients (With Retries)","PutSmall",0,-11,0.001,0.001,0.000
"Batch Clients (With Retries)","PutSmall",0,-11,0.000,0.000,0.000
"Batch Clients (With Retries)","PutSmall",0,-11,0.000,0.000,0.000
"Batch Clients (With Retries)","PutLarge",0,-11,0.000,0.000,0.000
"Batch Clients (With Retries)","PutSmall",0,-11,0.000,0.000,0.000
"Batch Clients (With Retries)","PutSmall",0,-11,0.000,0.000,0.000
"Batch Clients (With Retries)","PutLarge",0,-11,0.000,0.000,0.000
"Batch Clients (With Retries)","PutLarge",0,-11,0.000,0.000,0.000
"Batch Clients (With Retries)","PutLarge",0,-11,0.000,0.000,0.000
"Batch Clients (With Retries)","PutLarge",0,-11,0.000,0.000,0.000
"Batch Clients (With Retries)","PutLarge",0,-11,0.000,0.000,0.000
"Batch Clients (With Retries)","PutLarge",0,-11,0.000,0.000,0.000
"Batch Clients (With Retries)","PutSmall",0,-11,0.000,0.000,0.000
"Batch Clients (With Retries)","PutLarge",0,-11,0.000,0.000,0.000
"Batch Clients (With Retries)","PutSmall",0,-11,0.000,0.000,0.000
"Batch Clients (With Retries)","PutSmall",0,-11,0.000,0.000,0.000
"Batch Clients (With Retries)","PutSmall",0,-11,0.000,0.000,0.000
"Batch Clients (With Retries)","PutSmall",0,-11,0.000,0.000,0.000
"Batch Clients (With Retries)","PutSmall",0,-11,0.000,0.000,0.000
"Batch Clients (With Retries)","PutSmall",0,-11,0.000,0.000,0.000
"Batch Clients (With Retries)","PutLarge",0,-11,0.000,0.000,0.000
"Batch Clients (With Retries)","PutSmall",0,-11,0.000,0.000,0.000
"Batch Clients (With Retries)","PutSmall",0,-11,0.000,0.000,0.000
"Batch Clients (With Retries)","PutLarge",0,-11,0.000,0.000,0.000
"Batch Clients (With Retries)","PutLarge",0,-11,0.000,0.000,0.000
"Batch Clients (With Retries)","PutSmall",0,-11,0.000,0.000,0.000
"Batch Clients (With Retries)","PutSmall",0,-11,0.001,0.001,0.000
"Batch Clients (With Retries)","PutSmall",0,-11,0.000,0.000,0.000
"Batch Clients (With Retries)","PutSmall",0,-11,0.000,0.000,0.000
"Batch Clients (With Retries)","PutLarge",0,-11,0.000,0.000,0.000
"Batch Clients (With Retries)","PutSmall",0,-11,0.002,0.002,0.000
"Batch Clients (With Retries)","PutLarge",0,-11,0.001,0.001,0.000
"Batch Clients (With Retries)","PutSmall",0,-11,0.001,0.001,0.000
"Batch Clients (With Retries)","PutSmall",0,-11,0.001,0.001,0.000
"Batch Clients (With Retries)","PutLarge",0,-11,0.001,0.001,0.000
"Batch Clients (With Retries)","PutSmall",0,-11,0.000,0.000,0.000
"Batch Clients (With Retries)","PutSmall",0,-11,0.001,0.001,0.000
"Batch Clients (With Retries)","PutSmall",0,-11,0.001,0.001,0.000
"Batch Clients (With Retries)","PutSmall",0,-11,0.001,0.001,0.000
"Batch Clients (With Retries)","PutSmall",0,-11,0.001,0.001,0.000
"Batch Clients (With Retries)","PutSmall",0,-11,0.001,0.001,0.000
"Batch Clients (With Retries)","PutLarge",0,-11,0.001,0.001,0.000
"Batch Clients (With Retries)","PutSmall",0,-11,0.001,0.001,0.000
"Batch Clients (With Retries)","PutSmall",0,-11,0.001,0.001,0.000
"Batch Clients (With Retries)","PutSmall",0,-11,0.001,0.001,0.000
"Batch Clients (With Retries)","PutLarge",0,-11,0.001,0.001,0.000
"Batch Clients (With Retries)","PutSmall",0,-11,0.001,0.001,0.000
"Batch Clients (With Retries)","PutLarge",0,-11,0.001,0.001,0.000
"Batch Clients (With Retries)","PutLarge",0,-11,0.001,0.001,0.000
"Batch Clients (With Retries)","PutSmall",0,-11,0.001,0.001,0.000
"Batch Clients (With Retries)","PutLarge",0,-11,0.001,0.001,0.000
"Batch Clients (With Retries)","PutSmall",0,-11,0.001,0.001,0.000
"Batch Clients (With Retries)","PutSmall",0,-11,0.000,0.000,0.000
"Batch Clients (With Retries)","PutSmall",0,-11,0.001,0.001,0.000
"Batch Clients (With Retries)","PutSmall",0,-11,0.001,0.001,0.000
"Batch Clients (With Retries)","PutLarge",0,-11,0.001,0.001,0.000
"Batch Clients (With Retries)","PutSmall",0,-11,0.001,0.001,0.000
"Batch Clients (With Retries)","PutLarge",0,-11,0.001,0.001,0.000
"Batch Clients (With Retries)","PutSmall",0,-11,0.001,0.001,0.000
"Batch Clients (With Retries)","PutLarge",0,-11,0.001,0.001,0.000
"Batch Clients (With Retries)","PutLarge",0,-11,0.001,0.001,0.000
"Batch Clients (With Retries)","PutLarge",0,-11,0.001,0.001,0.000
"Batch Clients (With Retries)","PutLarge",0,-11,0.001,0.001,0.000
"Batch Clients (With Retries)","PutLarge",0,-11,0.000,0.000,0.000
"Batch Clients (With Retries)","PutLarge",0,-11,0.001,0.001,0.000
"Batch Clients (With Retries)","PutLarge",0,-11,0.001,0.001,0.000
"Batch Clients (With Retries)","PutLarge",0,-11,0.001,0.001,0.000
"Batch Clients (With Retries)","PutLarge",0,-11,0.001,0.001,0.000
"Batch Clients (With Retries)","PutLarge",0,-11,0.001,0.001,0.000
"Batch Clients (With Retries)","PutLarge",0,-11,0.001,0.001,0.000
"Batch Clients (With Retries)","PutLarge",0,-11,0.001,0.001,0.000
"Batch Clients (With Retries)","PutLarge",0,-11,0.001,0.001,0.000
"Batch Clients (With Retries)","PutSmall",0,-11,0.001,0.001,0.000
"Batch Clients (With Retries)","PutSmall",0,-11,0.000,0.000,0.000
"Batch Clients (With Retries)","PutLarge",0,-11,0.000,0.000,0.000
"Batch Clients (With Retries)","PutLarge",0,-11,0.000,0.000,0.000
"Batch Clients (With Retries)","PutLarge",0,-11,0.001,0.001,0.000
"Batch Clients (With Retries)","PutLarge",0,-11,0.001,0.001,0.000
"Batch Clients (With Retries)","PutLarge",0,-11,0.001,0.001,0.000
"Batch Clients (With Retries)","PutLarge",0,-11,0.001,0.001,0.000
"Batch Clients (With Retries)","PutLarge",0,-11,0.001,0.001,0.000
"Batch Clients (With Retries)","PutLarge",0,-11,0.001,0.001,0.000
"Batch Clients (With Retries)","PutLarge",0,-11,0.001,0.001,0.000
"Batch Clients (With Retries)","PutLarge",0,-11,0.001,0.001,0.000
"Batch Clients (With Retries)","PutLarge",0,-11,0.001,0.001,0.000
"Batch Clients (With Retries)","PutLarge",0,-11,0.001,0.001,0.000
"Batch Clients (With Retries)","PutLarge",0,-11,0.001,0.001,0.000
"Batch Clients (With Retries)","PutLarge",0,-11,0.001,0.001,0.000
"Batch Clients (With Retries)","PutLarge",0,-11,0.000,0.000,0.000
"Batch Clients (With Retries)","PutLarge",0,-11,0.001,0.001,0.000
"Batch Clients (With Retries)","PutLarge",0,-11,0.001,0.001,0.000
"Batch Clients (With Retries)","PutLarge",0,-11,0.000,0.000,0.000
"Batch Clients (With Retries)","PutLarge",0,-11,0.001,0.001,0.000
"Batch Clients (With Retries)","PutLarge",0,-11,0.000,0.000,0.000
"Batch Clients (With Retries)","PutLarge",0,-11,0.001,0.001,0.000
"Batch Clients (With Retries)","PutLarge",0,-11,0.001,0.001,0.000
"Batch Clients (With Retries)","PutLarge",0,-11,0.001,0.001,0.000
"Batch Clients (With Retries)","PutLarge",0,-11,0.000,0.000,0.000
"Batch Clients (With Retries)","PutLarge",0,-11,0.000,0.000,0.000
"Batch Clients (With Retries)","PutLarge",0,-11,0.001,0.001,0.000
"Batch Clients (With Retries)","PutLarge",0,-11,0.000,0.000,0.000
"Batch Clients (With Retries)","PutLarge",0,-11,0.000,0.000,0.000
"Batch Clients (With Retries)","PutLarge",0,-11,0.001,0.001,0.000
"Batch Clients (With Retries)","PutLarge",0,-11,0.000,0.000,0.000
"Batch Clients (With Retries)","PutLarge",0,-11,0.000,0.000,0.000
"Batch Clients (With Retries)","PutLarge",0,-11,0.000,0.000,0.000
"Batch Clients (With Retries)","PutLarge",0,-11,0.000,0.000,0.000
"Batch Clients (With Retries)","PutLarge",0,-11,0.001,0.001,0.000
"Batch Clients (With Retries)","PutSmall",0,-11,0.001,0.001,0.000
"Batch Clients (With Retries)","PutLarge",0,-11,0.000,0.000,0.000
"Batch Clients (With Retries)","PutSmall",0,-11,0.001,0.001,0.000
"Batch Clients (With Retries)","PutLarge",0,-11,0.001,0.001,0.000
"Batch Clients (With Retries)","PutLarge",0,-11,0.001,0.001,0.000
"Batch Clients (With Retries)","PutSmall",0,-11,0.001,0.001,0.000
"Batch Clients (With Retries)","PutSmall",0,-11,0.001,0.001,0.000
"Batch Clients (With Retries)","PutLarge",0,-11,0.000,0.000,0.000
"Batch Clients (With Retries)","PutLarge",0,-11,0.001,0.001,0.000
"Batch Clients (With Retries)","PutSmall",0,-11,0.001,0.001,0.000
"Batch Clients (With Retries)","PutLarge",0,-11,0.001,0.001,0.000
"Batch Clients (With Retries)","PutLarge",0,-11,0.000,0.000,0.000
"Batch Clients (With Retries)","PutLarge",0,-11,0.001,0.001,0.000
"Batch Clients (With Retries)","PutSmall",0,-11,0.000,0.000,0.000
"Batch Clients (With Retries)","PutLarge",0,-11,0.001,0.001,0.000
"Batch Clients (With Retries)","PutLarge",0,-11,0.001,0.001,0.000
"Batch Clients (With Retries)","PutLarge",0,-11,0.000,0.000,0.000
"Batch Clients (With Retries)","PutLarge",0,-11,0.000,0.000,0.000
"Batch Clients (With Retries)","PutSmall",0,-11,0.000,0.000,0.000
"Batch Clients (With Retries)","PutSmall",0,-11,0.000,0.000,0.000
"Batch Clients (With Retries)","PutLarge",0,-11,0.000,0.000,0.000
"Batch Clients (With Retries)","PutLarge",0,-11,0.000,0.000,0.000
"Batch Clients (With Retries)","PutSmall",0,-11,0.000,0.000,0.000
"Batch Clients (With Retries)","PutLarge",0,-11,0.000,0.000,0.000
"Batch Clients (With Retries)","PutSmall",0,-11,0.000,0.000,0.000
"Batch Clients (With Retries)","PutLarge",0,-11,0.000,0.000,0.000
"Batch Clients (With Retries)","PutSmall",0,-11,0.000,0.000,0.000
"Batch Clients (With Retries)","PutLarge",0,-11,0.000,0.000,0.000
"Batch Clients (With Retries)","PutLarge",0,-11,0.000,0.000,0.000
"Batch Clients (With Retries)","PutSmall",0,-11,0.000,0.000,0.000
"Batch Clients (With Retries)","PutLarge",0,-11,0.000,0.000,0.000
"Batch Clients (With Retries)","PutSmall",0,-11,0.000,0.000,0.000
"Batch Clients (With Retries)","PutSmall",0,-11,0.000,0.000,0.000
"Batch Clients (With Retries)","PutSmall",0,-11,0.000,0.000,0.000
"Batch Clients (With Retries)","PutSmall",0,-11,0.000,0.000,0.000
"Batch Clients (With Retries)","PutLarge",0,-11,0.000,0.000,0.000
"Batch Clients (With Retries)","PutLarge",0,-11,0.000,0.000,0.000
"Batch Clients (With Retries)","PutLarge",0,-11,0.000,0.000,0.000
"Batch Clients (With Retries)","PutLarge",0,-11,0.000,0.000,0.000
"Batch Clients (With Retries)","PutLarge",0,-11,0.000,0.000,0.000
"Batch Clients (With Retries)","PutLarge",0,-11,0.000,0.000,0.000
"Batch Clients (With Retries)","PutSmall",0,-11,0.000,0.000,0.000
"Batch Clients (With Retries)","PutSmall",0,-11,0.001,0.001,0.000
"Batch Clients (With Retries)","PutLarge",0,-11,0.000,0.000,0.000
"Batch Clients (With Retries)","PutLarge",0,-11,0.000,0.000,0.000
"Batch Clients (With Retries)","PutLarge",0,-11,0.000,0.000,0.000
"Batch Clients (With Retries)","PutLarge",0,-11,0.000,0.000,0.000
"Batch Clients (With Retries)","PutLarge",0,-11,0.000,0.000,0.000
"Batch Clients (With Retries)","PutLarge",0,-11,0.000,0.000,0.000
"Batch Clients (With Retries)","PutLarge",0,-11,0.000,0.000,0.000
"Batch Clients (With Retries)","PutLarge",0,-11,0.000,0.000,0.000
"Batch Clients (With Retries)","PutLarge",0,-11,0.000,0.000,0.000
"Batch Clients (With Retries)","PutLarge",0,-11,0.000,0.000,0.000
"Batch Clients (With Retries)","PutLarge",0,-11,0.000,0.000,0.000
"Batch Clients (With Retries)","PutLarge",0,-11,0.000,0.000,0.000
"Batch Clients (With Retries)","PutLarge",0,-11,0.000,0.000,0.000
"Batch Clients (With Retries)","PutLarge",0,-11,0.000,0.000,0.000
"Batch Clients (With Retries)","PutLarge",0,-11,0.000,0.000,0.000
"Batch Clients (With Retries)","PutLarge",0,-11,0.000,0.000,0.000
"Batch Clients (With Retries)","PutLarge",0,-11,0.000,0.000,0.000
"Batch Clients (With Retries)","PutLarge",0,-11,0.000,0.000,0.000
"Batch Clients (With Retries)","PutLarge",0,-11,0.000,0.000,0.000
"Batch Clients (With Retries)","PutLarge",0,-11,0.000,0.000,0.000
"Batch Clients (With Retries)","PutLarge",0,-11,0.000,0.000,0.000
"Batch Clients (With Retries)","PutLarge",0,-11,0.000,0.000,0.000
"Batch Clients (With Retries)","PutLarge",0,-11,0.000,0.000,0.000
"Batch Clients (With Retries)","PutSmall",0,-11,0.000,0.000,0.000
"Batch Clients (With Retries)","PutSmall",0,-11,0.000,0.000,0.000
"Batch Clients (With Retries)","PutSmall",0,-11,0.000,0.000,0.000
"Batch Clients (With Retries)","PutLarge",0,-11,0.000,0.000,0.000
"Batch Clients (With Retries)","PutLarge",0,-11,0.000,0.000,0.000
"Batch Clients (With Retries)","PutSmall",0,-11,0.000,0.000,0.000
"Batch Clients (With Retries)","PutLarge",0,-11,0.000,0.000,0.000
"Batch Clients (With Retries)","PutLarge",0,-11,0.000,0.000,0.000
"Batch Clients (With Retries)","PutSmall",0,-11,0.000,0.000,0.000
"Batch Clients (With Retries)","PutSmall",0,-11,0.000,0.000,0.000
"Batch Clients (With Retries)","PutSmall",0,-11,0.000,0.000,0.000
"Batch Clients (With Retries)","PutLarge",0,-11,0.000,0.000,0.000
"Batch Clients (With Retries)","PutLarge",0,-11,0.001,0.001,0.000
"Batch Clients (With Retries)","PutSmall",0,-11,0.001,0.001,0.000
"Batch Clients (With Retries)","PutSmall",0,-11,0.000,0.000,0.000
"Batch Clients (With Retries)","PutLarge",0,-11,0.000,0.000,0.000
"Batch Clients (With Retries)","PutLarge",0,-11,0.001,0.001,0.000
"Batch Clients (With Retries)","PutSmall",0,-11,0.001,0.001,0.000
"Batch Clients (With Retries)","PutLarge",0,-11,0.001,0.001,0.000
"Batch Clients (With Retries)","PutSmall",0,-11,0.002,0.002,0.000
"Batch Clients (With Retries)","PutSmall",0,-11,0.001,0.001,0.000
"Batch Clients (With Retries)","PutLarge",0,-11,0.001,0.001,0.000
"Batch Clients (With Retries)","PutSmall",0,-11,0.001,0.001,0.000
"Batch Clients (With Retries)","PutLarge",0,-11,0.001,0.001,0.000
"Batch Clients (With Retries)","PutLarge",0,-11,0.001,0.001,0.000
"Batch Clients (With Retries)","PutLarge",0,-11,0.001,0.001,0.000
"Batch Clients (With Retries)","PutSmall",0,-11,0.001,0.001,0.000
"Batch Clients (With Retries)","PutSmall",0,-11,0.001,0.001,0.000
"Batch Clients (With Retries)","PutLarge",0,-11,0.001,0.001,0.000
"Batch Clients (With Retries)","PutLarge",0,-11,0.001,0.001,0.000
"Batch Clients (With Retries)","PutSmall",0,-11,0.001,0.001,0.000
"Batch Clients (With Retries)","PutSmall",0,-11,0.000,0.000,0.000
"Batch Clients (With Retries)","PutLarge",0,-11,0.001,0.001,0.000
"Batch Clients (With Retries)","PutLarge",0,-11,0.001,0.001,0.000
"Batch Clients (With Retries)","PutLarge",0,-11,0.001,0.001,0.000
"Batch Clients (With Retries)","PutLarge",0,-11,0.001,0.001,0.000
"Batch Clients (With Retries)","PutSmall",0,-11,0.001,0.001,0.000
"Batch Clients (With Retries)","PutSmall",0,-11,0.001,0.001,0.000
"Batch Clients (With Retries)","PutLarge",0,-11,0.000,0.000,0.000
"Batch Clients (With Retries)","PutLarge",0,-11,0.000,0.000,0.000
"Batch Clients (With Retries)","PutLarge",0,-11,0.000,0.000,0.000
"Batch Clients (With Retries)","PutSmall",0,-11,0.000,0.000,0.000
"Batch Clients (With Retries)","PutSmall",0,-11,0.001,0.001,0.000
"Batch Clients (With Retries)","PutLarge",0,-11,0.000,0.000,0.000
"Batch Clients (With Retries)","PutLarge",0,-11,0.001,0.001,0.000
"Batch Clients (With Retries)","PutLarge",0,-11,0.000,0.000,0.000
"Batch Clients (With Retries)","PutSmall",0,-11,0.001,0.001,0.000
"Batch Clients (With Retries)","PutSmall",0,-11,0.000,0.000,0.000
"Batch Clients (With Retries)","PutSmall",0,-11,0.000,0.000,0.000
"Batch Clients (With Retries)","PutSmall",0,-11,0.000,0.000,0.000
"Batch Clients (With Retries)","PutSmall",0,-11,0.000,0.000,0.000
"Batch Clients (With Retries)","PutLarge",0,-11,0.000,0.000,0.000
"Batch Clients (With Retries)","PutLarge",0,-11,0.001,0.001,0.000
"Batch Clients (With Retries)","PutLarge",0,-11,0.000,0.000,0.000
"Batch Clients (With Retries)","PutLarge",0,-11,0.001,0.001,0.000
"Batch Clients (With Retries)","PutSmall",0,-11,0.000,0.000,0.000
"Batch Clients (With Retries)","PutSmall",0,-11,0.001,0.001,0.000
"Batch Clients (With Retries)","PutLarge",0,-11,0.001,0.001,0.000
"Batch Clients (With Retries)","PutSmall",0,-11,0.001,0.001,0.000
"Batch Clients (With Retries)","PutLarge",0,-11,0.001,0.001,0.000
"Batch Clients (With Retries)","PutLarge",0,-11,0.000,0.000,0.000
"Batch Clients (With Retries)","PutSmall",0,-11,0.001,0.001,0.000
"Batch Clients (With Retries)","PutSmall",0,-11,0.001,0.001,0.000
"Batch Clients (With Retries)","PutSmall",0,-11,0.001,0.001,0.000
"Batch Clients (With Retries)","PutLarge",0,-11,0.001,0.001,0.000
"Batch Clients (With Retries)","PutLarge",0,-11,0.001,0.001,0.000
"Batch Clients (With Retries)","PutLarge",0,-11,0.001,0.001,0.000
"Batch Clients (With Retries)","PutLarge",0,-11,0.000,0.000,0.000
"Batch Clients (With Retries)","PutLarge",0,-11,0.001,0.001,0.000
"Batch Clients (With Retries)","PutSmall",0,-11,0.001,0.001,0.000
"Batch Clients (With Retries)","PutLarge",0,-11,0.000,0.000,0.000
"Batch Clients (With Retries)","PutLarge",0,-11,0.001,0.001,0.000
"Batch Clients (With Retries)","PutLarge",0,-11,0.000,0.000,0.000
"Batch Clients (With Retries)","PutLarge",0,-11,0.001,0.001,0.000
"Batch Clients (With Retries)","PutLarge",0,-11,0.001,0.001,0.000
"Batch Clients (With Retries)","PutLarge",0,-11,0.000,0.000,0.000
"Batch Clients (With Retries)","PutLarge",0,-11,0.001,0.001,0.000
"Batch Clients (With Retries)","PutLarge",0,-11,0.001,0.001,0.000
"Batch Clients (With Retries)","PutLarge",0,-11,0.001,0.001,0.000
"Batch Clients (With Retries)","PutLarge",0,-11,0.001,0.001,0.000
"Batch Clients (With Retries)","PutLarge",0,-11,0.001,0.001,0.000
"Batch Clients (With Retries)","PutLarge",0,-11,0.000,0.000,0.000
"Batch Clients (With Retries)","PutLarge",0,-11,0.001,0.001,0.000
"Batch Clients (With Retries)","PutLarge",0,-11,0.001,0.001,0.000
"Batch Clients (With Retries)","PutLarge",0,-11,0.001,0.001,0.000
"Batch Clients (With Retries)","PutLarge",0,-11,0.000,0.000,0.000
"Batch Clients (With Retries)","PutLarge",0,-11,0.001,0.001,0.000
"Batch Clients (With Retries)","PutLarge",0,-11,0.000,0.000,0.000
"Batch Clients (With Retries)","PutLarge",0,-11,0.001,0.001,0.000
"Batch Clients (With Retries)","PutLarge",0,-11,0.000,0.000,0.000
"Batch Clients (With Retries)","PutLarge",0,-11,0.000,0.000,0.000
"Batch Clients (With Retries)","PutLarge",0,-11,0.000,0.000,0.000
"Batch Clients (With Retries)","PutLarge",0,-11,0.000,0.000,0.000
"Batch Clients (With Retries)","PutLarge",0,-11,0.001,0.001,0.000
"Batch Clients (With Retries)","PutLarge",0,-11,0.001,0.001,0.000
"Batch Clients (With Retries)","PutLarge",0,-11,0.000,0.000,0.000
"Batch Clients (With Retries)","PutLarge",0,-11,0.001,0.001,0.000
"Batch Clients (With Retries)","PutLarge",0,-11,0.000,0.000,0.000
"Batch Clients (With Retries)","PutLarge",0,-11,0.000,0.000,0.000
"Batch Clients (With Retries)","PutLarge",0,-11,0.000,0.000,0.000
"Batch Clients (With Retries)","PutLarge",0,-11,0.000,0.000,0.000
"Batch Clients (With Retries)","PutLarge",0,-11,0.000,0.000,0.000
"Batch Clients (With Retries)","PutLarge",0,-11,0.001,0.001,0.000
"Batch Clients (With Retries)","PutLarge",0,-11,0.000,0.000,0.000
"Batch Clients (With Retries)","PutLarge",0,-11,0.000,0.000,0.000
"Batch Clients (With Retries)","PutLarge",0,-11,0.000,0.000,0.000
"Batch Clients (With Retries)","PutLarge",0,-11,0.000,0.000,0.000
"Batch Clients (With Retries)","PutLarge",0,-11,0.000,0.000,0.000
"Batch Clients (With Retries)","PutLarge",0,-11,0.000,0.000,0.000
"Batch Clients (With Retries)","PutLarge",0,-11,0.000,0.000,0.000
"Batch Clients (With Retries)","PutLarge",0,-11,0.000,0.000,0.000
"Batch Clients (With Retries)","PutLarge",0,-11,0.000,0.000,0.000
"Batch Clients (With Retries)","PutLarge",0,-11,0.000,0.000,0.000
"Batch Clients (With Retries)","PutLarge",0,-11,0.000,0.000,0.000
"Batch Clients (With Retries)","PutSmall",0,-11,0.001,0.001,0.000
"Batch Clients (With Retries)","PutSmall",0,-11,0.000,0.000,0.000
"Batch Clients (With Retries)","PutLarge",0,-11,0.001,0.001,0.000
"Batch Clients (With Retries)","PutLarge",0,-11,0.000,0.000,0.000
"Batch Clients (With Retries)","PutLarge",0,-11,0.001,0.001,0.000
"Batch Clients (With Retries)","PutSmall",0,-11,0.000,0.000,0.000
"Batch Clients (With Retries)","PutSmall",0,-11,0.000,0.000,0.000
"Batch Clients (With Retries)","PutSmall",0,-11,0.000,0.000,0.000
"Batch Clients (With Retries)","PutLarge",0,-11,0.000,0.000,0.000
"Batch Clients (With Retries)","PutSmall",0,-11,0.000,0.000,0.000
"Batch Clients (With Retries)","PutSmall",0,-11,0.000,0.000,0.000
"Batch Clients (With Retries)","PutLarge",0,-11,0.001,0.001,0.000
"Batch Clients (With Retries)","PutLarge",0,-11,0.000,0.000,0.000
"Batch Clients (With Retries)","PutLarge",0,-11,0.000,0.000,0.000
"Batch Clients (With Retries)","PutLarge",0,-11,0.000,0.000,0.000
"Batch Clients (With Retries)","PutLarge",0,-11,0.000,0.000,0.000
"Batch Clients (With Retries)","PutLarge",0,-11,0.000,0.000,0.000
"Batch Clients (With Retries)","PutLarge",0,-11,0.000,0.000,0.000
"Batch Clients (With Retries)","PutLarge",0,-11,0.001,0.001,0.000
"Batch Clients (With Retries)","PutSmall",0,-11,0.000,0.000,0.000
"Batch Clients (With Retries)","PutLarge",0,-11,0.000,0.000,0.000
"Batch Clients (With Retries)","PutSmall",0,-11,0.001,0.001,0.000
"Batch Clients (With Retries)","PutLarge",0,-11,0.001,0.001,0.000
"Batch Clients (With Retries)","PutLarge",0,-11,0.001,0.001,0.000
"Batch Clients (With Retries)","PutLarge",0,-11,0.000,0.000,0.000
"Batch Clients (With Retries)","PutLarge",0,-11,0.001,0.001,0.000
"Batch Clients (With Retries)","PutLarge",0,-11,0.001,0.001,0.000
"Batch Clients (With Retries)","PutSmall",0,-11,0.001,0.001,0.000
"Batch Clients (With Retries)","PutSmall",0,-11,0.000,0.000,0.000
"Batch Clients (With Retries)","PutSmall",0,-11,0.001,0.001,0.000
"Batch Clients (With Retries)","PutLarge",0,-11,0.001,0.001,0.000
"Batch Clients (With Retries)","PutSmall",0,-11,0.001,0.001,0.000
"Batch Clients (With Retries)","PutLarge",0,-11,0.001,0.001,0.000
"Batch Clients (With Retries)","PutSmall",0,-11,0.001,0.001,0.000
"Batch Clients (With Retries)","PutSmall",0,-11,0.001,0.001,0.000
"Batch Clients (With Retries)","PutLarge",0,-11,0.001,0.001,0.000
"Batch Clients (With Retries)","PutLarge",0,-11,0.001,0.001,0.000
"Batch Clients (With Retries)","PutSmall",0,-11,0.001,0.001,0.000
"Batch Clients (With Retries)","PutSmall",0,-11,0.001,0.001,0.000
"Batch Clients (With Retries)","PutSmall",0,-11,0.001,0.001,0.000
"Batch Clients (With Retries)","PutSmall",0,-11,0.001,0.001,0.000
"Batch Clients (With Retries)","PutSmall",0,-11,0.001,0.001,0.000
"Batch Clients (With Retries)","PutLarge",0,-11,0.001,0.001,0.000
"Batch Clients (With Retries)","PutLarge",0,-11,0.001,0.001,0.000
"Batch Clients (With Retries)","PutLarge",0,-11,0.001,0.001,0.000
"Batch Clients (With Retries)","PutLarge",0,-11,0.001,0.001,0.000
"Batch Clients (With Retries)","PutSmall",0,-11,0.001,0.001,0.000
"Batch Clients (With Retries)","PutLarge",0,-11,0.001,0.001,0.000
"Batch Clients (With Retries)","PutSmall",0,-11,0.001,0.001,0.000
"Batch Clients (With Retries)","PutLarge",0,-11,0.001,0.001,0.000
"Batch Clients (With Retries)","PutLarge",0,-11,0.001,0.001,0.000
"Batch Clients (With Retries)","PutSmall",0,-11,0.001,0.001,0.000
"Batch Clients (With Retries)","PutLarge",0,-11,0.001,0.001,0.000
"Batch Clients (With Retries)","PutLarge",0,-11,0.001,0.001,0.000
"Batch Clients (With Retries)","PutSmall",0,-11,0.000,0.000,0.000
"Batch Clients (With Retries)","PutSmall",0,-11,0.000,0.000,0.000
"Batch Clients (With Retries)","PutSmall",0,-11,0.001,0.001,0.000
"Batch Clients (With Retries)","PutLarge",0,-11,0.000,0.000,0.000
"Batch Clients (With Retries)","PutLarge",0,-11,0.000,0.000,0.000
"Batch Clients (With Retries)","PutSmall",0,-11,0.001,0.001,0.000
"Batch Clients (With Retries)","PutSmall",0,-11,0.001,0.001,0.000
"Batch Clients (With Retries)","PutLarge",0,-11,0.001,0.001,0.000
"Batch Clients (With Retries)","PutSmall",0,-11,0.001,0.001,0.000
"Batch Clients (With Retries)","PutLarge",0,-11,0.000,0.000,0.000
"Batch Clients (With Retries)","PutSmall",0,-11,0.000,0.000,0.000
"Batch Clients (With Retries)","PutLarge",0,-11,0.000,0.000,0.000
"Batch Clients (With Retries)","PutSmall",0,-11,0.001,0.001,0.000
"Batch Clients (With Retries)","PutSmall",0,-11,0.000,0.000,0.000
"Batch Clients (With Retries)","PutLarge",0,-11,0.001,0.001,0.000
"Batch Clients (With Retries)","PutLarge",0,-11,0.000,0.000,0.000
"Batch Clients (With Retries)","PutSmall",0,-11,0.000,0.000,0.000
"Batch Clients (With Retries)","PutSmall",0,-11,0.001,0.001,0.000
"Batch Clients (With Retries)","PutLarge",0,-11,0.001,0.001,0.000
"Batch Clients (With Retries)","PutLarge",0,-11,0.000,0.000,0.000
"Batch Clients (With Retries)","PutSmall",0,-11,0.001,0.001,0.000
"Batch Clients (With Retries)","PutLarge",0,-11,0.001,0.001,0.000
"Batch Clients (With Retries)","PutSmall",0,-11,0.000,0.000,0.000
"Batch Clients (With Retries)","PutSmall",0,-11,0.001,0.001,0.000
"Batch Clients (With Retries)","PutSmall",0,-11,0.000,0.000,0.000
"Batch Clients (With Retries)","PutLarge",0,-11,0.000,0.000,0.000
"Batch Clients (With Retries)","PutSmall",0,-11,0.000,0.000,0.000
"Batch Clients (With Retries)","PutLarge",0,-11,0.001,0.001,0.000
"Batch Clients (With Retries)","PutSmall",0,-11,0.000,0.000,0.000
"Batch Clients (With Retries)","PutLarge",0,-11,0.001,0.001,0.000
"Batch Clients (With Retries)","PutSmall",0,-11,0.000,0.000,0.000
"Batch Clients (With Retries)","PutLarge",0,-11,0.000,0.000,0.000
"Batch Clients (With Retries)","PutSmall",0,-11,0.000,0.000,0.000
"Batch Clients (With Retries)","PutSmall",0,-11,0.001,0.001,0.000
"Batch Clients (With Retries)","PutLarge",0,-11,0.000,0.000,0.000
"Batch Clients (With Retries)","PutLarge",0,-11,0.000,0.000,0.000
"Batch Clients (With Retries)","PutLarge",0,-11,0.000,0.000,0.000
"Batch Clients (With Retries)","PutSmall",0,-11,0.000,0.000,0.000
"Batch Clients (With Retries)","PutLarge",0,-11,0.000,0.000,0.000
"Batch Clients (With Retries)","PutLarge",0,-11,0.000,0.000,0.000
"Batch Clients (With Retries)","PutLarge",0,-11,0.000,0.000,0.000
"Batch Clients (With Retries)","PutSmall",0,-11,0.000,0.000,0.000
"Batch Clients (With Retries)","PutSmall",0,-11,0.000,0.000,0.000
"Batch Clients (With Retries)","PutSmall",0,-11,0.001,0.001,0.000
"Batch Clients (With Retries)","PutSmall",0,-11,0.000,0.000,0.000
"Batch Clients (With Retries)","PutSmall",0,-11,0.000,0.000,0.000
"Batch Clients (With Retries)","PutSmall",0,-11,0.000,0.000,0.000
"Batch Clients (With Retries)","PutLarge",0,-11,0.001,0.001,0.000
"Batch Clients (With Retries)","PutSmall",0,-11,0.002,0.002,0.000
"Batch Clients (With Retries)","PutLarge",0,-11,0.001,0.001,0.000
"Batch Clients (With Retries)","PutLarge",0,-11,0.001,0.001,0.000
"Batch Clients (With Retries)","PutSmall",0,-11,0.001,0.001,0.000
"Batch Clients (With Retries)","PutLarge",0,-11,0.001,0.001,0.000
"Batch Clients (With Retries)","PutSmall",0,-11,0.001,0.001,0.000
"Batch Clients (With Retries)","PutLarge",0,-11,0.001,0.001,0.000
"Batch Clients (With Retries)","PutSmall",0,-11,0.001,0.001,0.000
"Batch Clients (With Retries)","PutLarge",0,-11,0.001,0.001,0.000
"Batch Clients (With Retries)","PutLarge",0,-11,0.000,0.000,0.000
"Batch Clients (With Retries)","PutSmall",0,-11,0.001,0.001,0.000
"Batch Clients (With Retries)","PutSmall",0,-11,0.001,0.001,0.000
"Batch Clients (With Retries)","PutSmall",0,-11,0.001,0.001,0.000
"Batch Clients (With Retries)","PutSmall",0,-11,0.001,0.001,0.000
"Batch Clients (With Retries)","PutSmall",0,-11,0.001,0.001,0.000
"Batch Clients (With Retries)","PutSmall",0,-11,0.000,0.000,0.000
"Batch Clients (With Retries)","PutLarge",0,-11,0.001,0.001,0.000
"Batch Clients (With Retries)","PutLarge",0,-11,0.001,0.001,0.000
"Batch Clients (With Retries)","PutLarge",0,-11,0.000,0.000,0.000
"Batch Clients (With Retries)","PutLarge",0,-11,0.001,0.001,0.000
"Batch Clients (With Retries)","PutLarge",0,-11,0.001,0.001,0.000
"Batch Clients (With Retries)","PutLarge",0,-11,0.001,0.001,0.000
"Batch Clients (With Retries)","PutLarge",0,-11,0.001,0.001,0.000
"Batch Clients (With Retries)","PutLarge",0,-11,0.000,0.000,0.000
"Batch Clients (With Retries)","PutLarge",0,-11,0.001,0.001,0.000
"Batch Clients (With Retries)","PutLarge",0,-11,0.000,0.000,0.000
"Batch Clients (With Retries)","PutLarge",0,-11,0.001,0.001,0.000
"Batch Clients (With Retries)","PutLarge",0,-11,0.000,0.000,0.000
"Batch Clients (With Retries)","PutLarge",0,-11,0.000,0.000,0.000
"Batch Clients (With Retries)","PutLarge",0,-11,0.000,0.000,0.000
"Batch Clients (With Retries)","PutLarge",0,-11,0.000,0.000,0.000
"Batch Clients (With Retries)","PutLarge",0,-11,0.000,0.000,0.000
"Batch Clients (With Retries)","PutLarge",0,-11,0.000,0.000,0.000
"Batch Clients (With Retries)","PutLarge",0,-11,0.000,0.000,0.000
"Batch Clients (With Retries)","PutLarge",0,-11,0.000,0.000,0.000
"Batch Clients (With Retries)","PutLarge",0,-11,0.001,0.001,0.000
"Batch Clients (With Retries)","PutLarge",0,-11,0.001,0.001,0.000
"Batch Clients (With Retries)","PutLarge",0,-11,0.001,0.001,0.000
"Batch Clients (With Retries)","PutLarge",0,-11,0.001,0.001,0.000
"Batch Clients (With Retries)","PutLarge",0,-11,0.000,0.000,0.000
"Batch Clients (With Retries)","PutLarge",0,-11,0.001,0.001,0.000
"Batch Clients (With Retries)","PutLarge",0,-11,0.001,0.001,0.000
"Batch Clients (With Retries)","PutSmall",0,-11,0.001,0.001,0.000
"Batch Clients (With Retries)","PutSmall",0,-11,0.000,0.000,0.000
"Batch Clients (With Retries)","PutLarge",0,-11,0.000,0.000,0.000
"Batch Clients (With Retries)","PutLarge",0,-11,0.000,0.000,0.000
"Batch Clients (With Retries)","PutLarge",0,-11,0.000,0.000,0.000
"Batch Clients (With Retries)","PutSmall",0,-11,0.000,0.000,0.000
"Batch Clients (With Retries)","PutSmall",0,-11,0.000,0.000,0.000
"Batch Clients (With Retries)","PutSmall",0,-11,0.000,0.000,0.000
"Batch Clients (With Retries)","PutSmall",0,-11,0.000,0.000,0.000
"Batch Clients (With Retries)","PutSmall",0,-11,0.000,0.000,0.000
"Batch Clients (With Retries)","PutSmall",0,-11,0.000,0.000,0.000
"Batch Clients (With Retries)","PutSmall",0,-11,0.000,0.000,0.000
"Batch Clients (With Retries)","PutSmall",0,-11,0.000,0.000,0.000
"Batch Clients (With Retries)","PutSmall",0,-11,0.000,0.000,0.000
"Batch Clients (With Retries)","PutLarge",0,-11,0.000,0.000,0.000
"Batch Clients (With Retries)","PutSmall",0,-11,0.000,0.000,0.000
"Batch Clients (With Retries)","PutSmall",0,-11,0.000,0.000,0.000
"Batch Clients (With Retries)","PutSmall",0,-11,0.000,0.000,0.000
"Batch Clients (With Retries)","PutSmall",0,-11,0.000,0.000,0.000
"Batch Clients (With Retries)","PutLarge",0,-11,0.000,0.000,0.000
"Batch Clients (With Retries)","PutLarge",0,-11,0.000,0.000,0.000
"Batch Clients (With Retries)","PutSmall",0,-11,0.000,0.000,0.000
"Batch Clients (With Retries)","PutSmall",0,-11,0.000,0.000,0.000
"Batch Clients (With Retries)","PutSmall",0,-11,0.000,0.000,0.000
"Batch Clients (With Retries)","PutSmall",0,-11,0.000,0.000,0.000
"Batch Clients (With Retries)","PutLarge",0,-11,0.000,0.000,0.000
"Batch Clients (With Retries)","PutSmall",0,-11,0.001,0.001,0.000
"Batch Clients (With Retries)","PutLarge",0,-11,0.000,0.000,0.000
"Batch Clients (With Retries)","PutLarge",0,-11,0.000,0.000,0.000
"Batch Clients (With Retries)","PutLarge",0,-11,0.000,0.000,0.000
"Batch Clients (With Retries)","PutSmall",0,-11,0.000,0.000,0.000
"Batch Clients (With Retries)","PutLarge",0,-11,0.000,0.000,0.000
"Batch Clients (With Retries)","PutLarge",0,-11,0.000,0.000,0.000
"Batch Clients (With Retries)","PutSmall",0,-11,0.001,0.001,0.000
"Batch Clients (With Retries)","PutSmall",0,-11,0.000,0.000,0.000
"Batch Clients (With Retries)","PutLarge",0,-11,0.000,0.000,0.000
"Batch Clients (With Retries)","PutLarge",0,-11,0.000,0.000,0.000
"Batch Clients (With Retries)","PutLarge",0,-11,0.000,0.000,0.000
"Batch Clients (With Retries)","PutLarge",0,-11,0.002,0.002,0.000
"Batch Clients (With Retries)","PutLarge",0,-11,0.001,0.001,0.000
"Batch Clients (With Retries)","PutLarge",0,-11,0.001,0.001,0.000
"Batch Clients (With Retries)","PutLarge",0,-11,0.002,0.002,0.000
"Batch Clients (With Retries)","PutSmall",0,-11,0.001,0.001,0.000
"Batch Clients (With Retries)","PutLarge",0,-11,0.000,0.000,0.000
"Batch Clients (With Retries)","PutLarge",0,-11,0.000,0.000,0.000
"Batch Clients (With Retries)","PutSmall",0,-11,0.000,0.000,0.000
"Batch Clients (With Retries)","PutLarge",0,-11,0.001,0.001,0.000
"Batch Clients (With Retries)","PutLarge",0,-11,0.001,0.001,0.000
"Batch Clients (With Retries)","PutLarge",0,-11,0.001,0.001,0.000
"Batch Clients (With Retries)","PutLarge",0,-11,0.001,0.001,0.000
"Batch Clients (With Retries)","PutSmall",0,-11,0.001,0.001,0.000
"Batch Clients (With Retries)","PutSmall",0,-11,0.000,0.000,0.000
"Batch Clients (With Retries)","PutLarge",0,-11,0.001,0.001,0.000
"Batch Clients (With Retries)","PutLarge",0,-11,0.001,0.001,0.000
"Batch Clients (With Retries)","PutSmall",0,-11,0.000,0.000,0.000
"Batch Clients (With Retries)","PutSmall",0,-11,0.001,0.001,0.000
"Batch Clients (With Retries)","PutLarge",0,-11,0.001,0.001,0.000
"Batch Clients (With Retries)","PutLarge",0,-11,0.001,0.001,0.000
"Batch Clients (With Retries)","PutLarge",0,-11,0.001,0.001,0.000
"Batch Clients (With Retries)","PutLarge",0,-11,0.001,0.001,0.000
"Batch Clients (With Retries)","PutLarge",0,-11,0.001,0.001,0.000
"Batch Clients (With Retries)","PutLarge",0,-11,0.000,0.000,0.000
"Batch Clients (With Retries)","PutLarge",0,-11,0.001,0.001,0.000
"Batch Clients (With Retries)","PutLarge",0,-11,0.000,0.000,0.000
"Batch Clients (With Retries)","PutLarge",0,-11,0.001,0.001,0.000
"Batch Clients (With Retries)","PutLarge",0,-11,0.000,0.000,0.000
"Batch Clients (With Retries)","PutLarge",0,-11,0.000,0.000,0.000
"Batch Clients (With Retries)","PutLarge",0,-11,0.001,0.001,0.000
"Batch Clients (With Retries)","PutLarge",0,-11,0.001,0.001,0.000
"Batch Clients (With Retries)","PutLarge",0,-11,0.000,0.000,0.000
"Batch Clients (With Retries)","PutLarge",0,-11,0.000,0.000,0.000
"Batch Clients (With Retries)","PutLarge",0,-11,0.000,0.000,0.000
"Batch Clients (With Retries)","PutLarge",0,-11,0.000,0.000,0.000
"Batch Clients (With Retries)","PutLarge",0,-11,0.001,0.001,0.000
"Batch Clients (With Retries)","PutLarge",0,-11,0.001,0.001,0.000
"Batch Clients (With Retries)","PutLarge",0,-11,0.001,0.001,0.000
"Batch Clients (With Retries)","PutLarge",0,-11,0.001,0.001,0.000
"Batch Clients (With Retries)","PutLarge",0,-11,0.001,0.001,0.000
"Batch Clients (With Retries)","PutLarge",0,-11,0.001,0.001,0.000
"Batch Clients (With Retries)","PutLarge",0,-11,0.001,0.001,0.000
"Batch Clients (With Retries)","PutSmall",0,-11,0.001,0.001,0.000
"Batch Clients (With Retries)","PutLarge",0,-11,0.001,0.001,0.000
"Batch Clients (With Retries)","PutSmall",0,-11,0.001,0.001,0.000
"Batch Clients (With Retries)","PutLarge",0,-11,0.000,0.000,0.000
"Batch Clients (With Retries)","PutLarge",0,-11,0.000,0.000,0.000
"Batch Clients (With Retries)","PutLarge",0,-11,0.001,0.001,0.000
"Batch Clients (With Retries)","PutSmall",0,-11,0.000,0.000,0.000
"Batch Clients (With Retries)","PutLarge",0,-11,0.000,0.000,0.000
"Batch Clients (With Retries)","PutSmall",0,-11,0.000,0.000,0.000
"Batch Clients (With Retries)","PutLarge",0,-11,0.000,0.000,0.000
"Batch Clients (With Retries)","PutLarge",0,-11,0.000,0.000,0.000
"Batch Clients (With Retries)","PutLarge",0,-11,0.000,0.000,0.000
"Batch Clients (With Retries)","PutSmall",0,-11,0.000,0.000,0.000
"Batch Clients (With Retries)","PutLarge",0,-11,0.000,0.000,0.000
"Batch Clients (With Retries)","PutSmall",0,-11,0.000,0.000,0.000
"Batch Clients (With Retries)","PutLarge",0,-11,0.000,0.000,0.000
"Batch Clients (With Retries)","PutLarge",0,-11,0.000,0.000,0.000
"Batch Clients (With Retries)","PutLarge",0,-11,0.000,0.000,0.000
"Batch Clients (With Retries)","PutSmall",0,-11,0.001,0.001,0.000
"Batch Clients (With Retries)","PutSmall",0,-11,0.001,0.001,0.000
"Batch Clients (With Retries)","PutLarge",0,-11,0.000,0.000,0.000
"Batch Clients (With Retries)","PutSmall",0,-11,0.000,0.000,0.000
"Batch Clients (With Retries)","PutLarge",0,-11,0.000,0.000,0.000
"Batch Clients (With Retries)","PutLarge",0,-11,0.000,0.000,0.000
"Batch Clients (With Retries)","PutLarge",0,-11,0.000,0.000,0.000
"Batch Clients (With Retries)","PutLarge",0,-11,0.000,0.000,0.000
"Batch Clients (With Retries)","PutSmall",0,-11,0.000,0.000,0.000
"Batch Clients (With Retries)","PutLarge",0,-11,0.000,0.000,0.000
"Batch Clients (With Retries)","PutLarge",0,-11,0.000,0.000,0.000
"Batch Clients (With Retries)","PutSmall",0,-11,0.000,0.000,0.000
"Batch Clients (With Retries)","PutSmall",0,-11,0.000,0.000,0.000
"Batch Clients (With Retries)","PutSmall",0,-11,0.000,0.000,0.000
"Batch Clients (With Retries)","PutLarge",0,-11,0.000,0.000,0.000
"Batch Clients (With Retries)","PutLarge",0,-11,0.000,0.000,0.000
"Batch Clients (With Retries)","PutSmall",0,-11,0.000,0.000,0.000
"Batch Clients (With Retries)","PutSmall",0,-11,0.000,0.000,0.000
"Batch Clients (With Retries)","PutLarge",0,-11,0.000,0.000,0.000
"Batch Clients (With Retries)","PutLarge",0,-11,0.000,0.000,0.000
"Batch Clients (With Retries)","PutSmall",0,-11,0.001,0.001,0.000
"Batch Clients (With Retries)","PutLarge",0,-11,0.000,0.000,0.000
"Batch Clients (With Retries)","PutSmall",0,-11,0.000,0.000,0.000
"Batch Clients (With Retries)","PutSmall",0,-11,0.000,0.000,0.000
"Batch Clients (With Retries)","PutSmall",0,-11,0.000,0.000,0.000
"Batch Clients (With Retries)","PutLarge",0,-11,0.000,0.000,0.000
"Batch Clients (With Retries)","PutSmall",0,-11,0.000,0.000,0.000
"Batch Clients (With Retries)","PutLarge",0,-11,0.000,0.000,0.000
"Batch Clients (With Retries)","PutSmall",0,-11,0.000,0.000,0.000
"Batch Clients (With Retries)","PutLarge",0,-11,0.001,0.001,0.000
"Batch Clients (With Retries)","PutSmall",0,-11,0.000,0.000,0.000
"Batch Clients (With Retries)","PutSmall",0,-11,0.001,0.001,0.000
"Batch Clients (With Retries)","PutSmall",0,-11,0.000,0.000,0.000
"Batch Clients (With Retries)","PutLarge",0,-11,0.000,0.000,0.000
"Batch Clients (With Retries)","PutSmall",0,-11,0.000,0.000,0.000
"Batch Clients (With Retries)","PutSmall",0,-11,0.001,0.001,0.000
"Batch Clients (With Retries)","PutLarge",0,-11,0.001,0.001,0.000
"Batch Clients (With Retries)","PutLarge",0,-11,0.000,0.000,0.000
"Batch Clients (With Retries)","PutLarge",0,-11,0.000,0.000,0.000
"Batch Clients (With Retries)","PutLarge",0,-11,0.000,0.000,0.000
"Batch Clients (With Retries)","PutSmall",0,-11,0.000,0.000,0.000
"Batch Clients (With Retries)","PutLarge",0,-11,0.000,0.000,0.000
"Batch Clients (With Retries)","PutLarge",0,-11,0.000,0.000,0.000
"Batch Clients (With Retries)","PutLarge",0,-11,0.000,0.000,0.000
"Batch Clients (With Retries)","PutLarge",0,-11,0.000,0.000,0.000
"Batch Clients (With Retries)","PutSmall",0,-11,0.000,0.000,0.000
"Batch Clients (With Retries)","PutSmall",0,-11,0.000,0.000,0.000
"Batch Clients (With Retries)","PutSmall",0,-11,0.000,0.000,0.000
"Batch Clients (With Retries)","PutLarge",0,-11,0.000,0.000,0.000
"Batch Clients (With Retries)","PutSmall",0,-11,0.000,0.000,0.000
"Batch Clients (With Retries)","PutLarge",0,-11,0.000,0.000,0.000
"Batch Clients (With Retries)","PutLarge",0,-11,0.000,0.000,0.000
"Batch Clients (With Retries)","PutLarge",0,-11,0.000,0.000,0.000
"Batch Clients (With Retries)","PutLarge",0,-11,0.000,0.000,0.000
"Batch Clients (With Retries)","PutSmall",0,-11,0.000,0.000,0.000
"Batch Clients (With Retries)","PutSmall",0,-11,0.001,0.001,0.000
"Batch Clients (With Retries)","PutSmall",0,-11,0.001,0.001,0.000
"Batch Clients (With Retries)","PutSmall",0,-11,0.000,0.000,0.000
"Batch Clients (With Retries)","PutSmall",0,-11,0.000,0.000,0.000
"Batch Clients (With Retries)","PutLarge",0,-11,0.000,0.000,0.000
"Batch Clients (With Retries)","PutSmall",0,-11,0.001,0.001,0.000
"Batch Clients (With Retries)","PutSmall",0,-11,0.000,0.000,0.000
"Batch Clients (With Retries)","PutSmall",0,-11,0.001,0.001,0.000
"Batch Clients (With Retries)","PutSmall",0,-11,0.001,0.001,0.000
"Batch Clients (With Retries)","PutLarge",0,-11,0.000,0.000,0.000
"Batch Clients (With Retries)","PutSmall",0,-11,0.000,0.000,0.000
"Batch Clients (With Retries)","PutLarge",0,-11,0.000,0.000,0.000
"Batch Clients (With Retries)","PutLarge",0,-11,0.000,0.000,0.000
"Batch Clients (With Retries)","PutLarge",0,-11,0.001,0.001,0.000
"Batch Clients (With Retries)","PutLarge",0,-11,0.001,0.001,0.000
"Batch Clients (With Retries)","PutSmall",0,-11,0.000,0.000,0.000
"Batch Clients (With Retries)","PutLarge",0,-11,0.000,0.000,0.000
"Batch Clients (With Retries)","PutLarge",0,-11,0.000,0.000,0.000
"Batch Clients (With Retries)","PutLarge",0,-11,0.000,0.000,0.000
"Batch Clients (With Retries)","PutSmall",0,-11,0.000,0.000,0.000
"Batch Clients (With Retries)","PutSmall",0,-11,0.000,0.000,0.000
"Batch Clients (With Retries)","PutSmall",0,-11,0.001,0.001,0.000
"Batch Clients (With Retries)","PutSmall",0,-11,0.000,0.000,0.000
"Batch Clients (With Retries)","PutSmall",0,-11,0.000,0.000,0.000
"Batch Clients (With Retries)","PutLarge",0,-11,0.000,0.000,0.000
"Batch Clients (With Retries)","PutLarge",0,-11,0.000,0.000,0.000
"Batch Clients (With Retries)","PutLarge",0,-11,0.000,0.000,0.000
"Batch Clients (With Retries)","PutLarge",0,-11,0.000,0.000,0.000
"Batch Clients (With Retries)","PutLarge",0,-11,0.000,0.000,0.000
"Batch Clients (With Retries)","PutLarge",0,-11,0.000,0.000,0.000
"Batch Clients (With Retries)","PutLarge",0,-11,0.001,0.001,0.000
"Batch Clients (With Retries)","PutLarge",0,-11,0.000,0.000,0.000
"Batch Clients (With Retries)","PutLarge",0,-11,0.000,0.000,0.000
"Batch Clients (With Retries)","PutLarge",0,-11,0.000,0.000,0.000
"Batch Clients (With Retries)","PutLarge",0,-11,0.000,0.000,0.000
"Batch Clients (With Retries)","PutLarge",0,-11,0.000,0.000,0.000
"Batch Clients (With Retries)","PutLarge",0,-11,0.000,0.000,0.000
"Batch Clients (With Retries)","PutLarge",0,-11,0.000,0.000,0.000
"Batch Clients (With Retries)","PutLarge",0,-11,0.000,0.000,0.000
"Batch Clients (With Retries)","PutLarge",0,-11,0.000,0.000,0.000
"Batch Clients (With Retries)","PutLarge",0,-11,0.000,0.000,0.000
"Batch Clients (With Retries)","PutLarge",0,-11,0.000,0.000,0.000
"Batch Clients (With Retries)","PutLarge",0,-11,0.000,0.000,0.000
"Batch Clients (With Retries)","PutLarge",0,-11,0.001,0.001,0.000
"Batch Clients (With Retries)","PutLarge",0,-11,0.000,0.000,0.000
"Batch Clients (With Retries)","PutLarge",0,-11,0.001,0.001,0.000
"Batch Clients (With Retries)","PutLarge",0,-11,0.001,0.001,0.000
"Batch Clients (With Retries)","PutLarge",0,-11,0.001,0.001,0.000
"Batch Clients (With Retries)","PutLarge",0,-11,0.000,0.000,0.000
"Batch Clients (With Retries)","PutLarge",0,-11,0.000,0.000,0.000
"Batch Clients (With Retries)","PutLarge",0,-11,0.000,0.000,0.000
"Batch Clients (With Retries)","PutLarge",0,-11,0.000,0.000,0.000
"Batch Clients (With Retries)","PutLarge",0,-11,0.000,0.000,0.000
"Batch Clients (With Retries)","PutLarge",0,-11,0.000,0.000,0.000
"Batch Clients (With Retries)","PutLarge",0,-11,0.000,0.000,0.000
"Batch Clients (With Retries)","PutLarge",0,-11,0.000,0.000,0.000
"Batch Clients (With Retries)","PutLarge",0,-11,0.000,0.000,0.000
"Batch Clients (With Retries)","PutLarge",0,-11,0.000,0.000,0.000
"Batch Clients (With Retries)","PutLarge",0,-11,0.000,0.000,0.000
"Batch Clients (With Retries)","PutLarge",0,-11,0.000,0.000,0.000
"Batch Clients (With Retries)","PutLarge",0,-11,0.000,0.000,0.000
"Batch Clients (With Retries)","PutLarge",0,-11,0.000,0.000,0.000
"Batch Clients (With Retries)","PutLarge",0,-11,0.000,0.000,0.000
"Batch Clients (With Retries)","PutLarge",0,-11,0.000,0.000,0.000
"Batch Clients (With Retries)","PutLarge",0,-11,0.000,0.000,0.000
"Batch Clients (With Retries)","PutLarge",0,-11,0.000,0.000,0.000
"Batch Clients (With Retries)","PutLarge",0,-11,0.000,0.000,0.000
"Batch Clients (With Retries)","PutLarge",0,-11,0.000,0.000,0.000
"Batch Clients (With Retries)","PutLarge",0,-11,0.000,0.000,0.000
"Batch Clients (With Retries)","PutLarge",0,-11,0.000,0.000,0.000
"Batch Clients (With Retries)","PutLarge",0,-11,0.000,0.000,0.000
"Batch Clients (With Retries)","PutLarge",0,-11,0.000,0.000,0.000
"Batch Clients (With Retries)","PutLarge",0,-11,0.000,0.000,0.000
"Batch Clients (With Retries)","PutLarge",0,-11,0.000,0.000,0.000
"Batch Clients (With Retries)","PutLarge",0,-11,0.000,0.000,0.000
"Batch Clients (With Retries)","PutLarge",0,-11,0.000,0.000,0.000
"Batch Clients (With Retries)","PutLarge",0,-11,0.000,0.000,0.000
"Batch Clients (With Retries)","PutLarge",0,-11,0.000,0.000,0.000
"Batch Clients (With Retries)","PutLarge",0,-11,0.000,0.000,0.000
"Batch Clients (With Retries)","PutLarge",0,-11,0.000,0.000,0.000
"Batch Clients (With Retries)","PutLarge",0,-11,0.000,0.000,0.000
"Batch Clients (With Retries)","PutLarge",0,-11,0.000,0.000,0.000
"Batch Clients (With Retries)","PutLarge",0,-11,0.000,0.000,0.000
"Batch Clients (With Retries)","PutLarge",0,-11,0.000,0.000,0.000
"Batch Clients (With Retries)","PutLarge",0,-11,0.000,0.000,0.000
"Batch Clients (With Retries)","PutLarge",0,-11,0.002,0.002,0.000
"Batch Clients (With Retries)","PutLarge",0,-11,0.001,0.001,0.000
"Batch Clients (With Retries)","PutSmall",0,-11,0.001,0.001,0.000
"Batch Clients (With Retries)","PutSmall",0,-11,0.001,0.001,0.000
"Batch Clients (With Retries)","PutSmall",0,-11,0.001,0.001,0.000
"Batch Clients (With Retries)","PutSmall",0,-11,0.001,0.001,0.000
"Batch Clients (With Retries)","PutLarge",0,-11,0.001,0.001,0.000
"Batch Clients (With Retries)","PutSmall",0,-11,0.001,0.001,0.000
"Batch Clients (With Retries)","PutLarge",0,-11,0.001,0.001,0.000
"Batch Clients (With Retries)","PutLarge",0,-11,0.001,0.001,0.000
"Batch Clients (With Retries)","PutLarge",0,-11,0.001,0.001,0.000
"Batch Clients (With Retries)","PutLarge",0,-11,0.001,0.001,0.000
"Batch Clients (With Retries)","PutLarge",0,-11,0.001,0.001,0.000
"Batch Clients (With Retries)","PutLarge",0,-11,0.001,0.001,0.000
"Batch Clients (With Retries)","PutSmall",0,-11,0.001,0.001,0.000
"Batch Clients (With Retries)","PutLarge",0,-11,0.000,0.000,0.000
"Batch Clients (With Retries)","PutSmall",0,-11,0.001,0.001,0.000
"Batch Clients (With Retries)","PutLarge",0,-11,0.001,0.001,0.000
"Batch Clients (With Retries)","PutLarge",0,-11,0.000,0.000,0.000
"Batch Clients (With Retries)","PutSmall",0,-11,0.001,0.001,0.000
"Batch Clients (With Retries)","PutLarge",0,-11,0.001,0.001,0.000
"Batch Clients (With Retries)","PutSmall",0,-11,0.001,0.001,0.000
"Batch Clients (With Retries)","PutLarge",0,-11,0.001,0.001,0.000
"Batch Clients (With Retries)","PutLarge",0,-11,0.000,0.000,0.000
"Batch Clients (With Retries)","PutSmall",0,-11,0.001,0.001,0.000
"Batch Clients (With Retries)","PutLarge",0,-11,0.001,0.001,0.000
"Batch Clients (With Retries)","PutSmall",0,-11,0.001,0.001,0.000
"Batch Clients (With Retries)","PutLarge",0,-11,0.001,0.001,0.000
"Batch Clients (With Retries)","PutLarge",0,-11,0.001,0.001,0.000
"Batch Clients (With Retries)","PutLarge",0,-11,0.001,0.001,0.000
"Batch Clients (With Retries)","PutLarge",0,-11,0.001,0.001,0.000
"Batch Clients (With Retries)","PutLarge",0,-11,0.000,0.000,0.000
"Batch Clients (With Retries)","PutLarge",0,-11,0.000,0.000,0.000
"Batch Clients (With Retries)","PutLarge",0,-11,0.000,0.000,0.000
"Batch Clients (With Retries)","PutLarge",0,-11,0.000,0.000,0.000
"Batch Clients (With Retries)","PutLarge",0,-11,0.001,0.001,0.000
"Batch Clients (With Retries)","PutLarge",0,-11,0.001,0.001,0.000
"Batch Clients (With Retries)","PutLarge",0,-11,0.001,0.001,0.000
"Batch Clients (With Retries)","PutLarge",0,-11,0.001,0.001,0.000
"Batch Clients (With Retries)","PutLarge",0,-11,0.001,0.001,0.000
"Batch Clients (With Retries)","PutLarge",0,-11,0.001,0.001,0.000
"Batch Clients (With Retries)","PutSmall",0,-11,0.001,0.001,0.000
"Batch Clients (With Retries)","PutSmall",0,-11,0.001,0.001,0.000
"Batch Clients (With Retries)","PutSmall",0,-11,0.002,0.002,0.000
"Batch Clients (With Retries)","PutLarge",0,-11,0.001,0.001,0.000
"Batch Clients (With Retries)","PutLarge",0,-11,0.001,0.001,0.000
"Batch Clients (With Retries)","PutLarge",0,-11,0.001,0.001,0.000
"Batch Clients (With Retries)","PutLarge",0,-11,0.001,0.001,0.000
"Batch Clients (With Retries)","PutLarge",0,-11,0.001,0.001,0.000
"Batch Clients (With Retries)","PutLarge",0,-11,0.000,0.000,0.000
"Batch Clients (With Retries)","PutLarge",0,-11,0.001,0.001,0.000
"Batch Clients (With Retries)","PutLarge",0,-11,0.000,0.000,0.000
"Batch Clients (With Retries)","PutLarge",0,-11,0.001,0.001,0.000
"Batch Clients (With Retries)","PutLarge",0,-11,0.001,0.001,0.000
"Batch Clients (With Retries)","PutLarge",0,-11,0.000,0.000,0.000
"Batch Clients (With Retries)","PutLarge",0,-11,0.001,0.001,0.000
"Batch Clients (With Retries)","PutLarge",0,-11,0.001,0.001,0.000
"Batch Clients (With Retries)","PutSmall",0,-11,0.001,0.001,0.000
"Batch Clients (With Retries)","PutLarge",0,-11,0.001,0.001,0.000
"Batch Clients (With Retries)","PutSmall",0,-11,0.001,0.001,0.000
"Batch Clients (With Retries)","PutSmall",0,-11,0.001,0.001,0.000
"Batch Clients (With Retries)","PutLarge",0,-11,0.000,0.000,0.000
"Batch Clients (With Retries)","PutLarge",0,-11,0.001,0.001,0.000
"Batch Clients (With Retries)","PutLarge",0,-11,0.000,0.000,0.000
"Batch Clients (With Retries)","PutLarge",0,-11,0.001,0.001,0.000
"Batch Clients (With Retries)","PutLarge",0,-11,0.001,0.001,0.000
"Batch Clients (With Retries)","PutLarge",0,-11,0.001,0.001,0.000
"Batch Clients (With Retries)","PutLarge",0,-11,0.001,0.001,0.000
"Batch Clients (With Retries)","PutLarge",0,-11,0.001,0.001,0.000
"Batch Clients (With Retries)","PutLarge",0,-11,0.001,0.001,0.000
"Batch Clients (With Retries)","PutLarge",0,-11,0.001,0.001,0.000
"Batch Clients (With Retries)","PutLarge",0,-11,0.001,0.001,0.000
"Batch Clients (With Retries)","PutLarge",0,-11,0.001,0.001,0.000
"Batch Clients (With Retries)","PutLarge",0,-11,0.000,0.000,0.000
"Batch Clients (With Retries)","PutLarge",0,-11,0.000,0.000,0.000
"Batch Clients (With Retries)","PutLarge",0,-11,0.001,0.001,0.000
"Batch Clients (With Retries)","PutLarge",0,-11,0.001,0.001,0.000
"Batch Clients (With Retries)","PutLarge",0,-11,0.000,0.000,0.000
"Batch Clients (With Retries)","PutLarge",0,-11,0.001,0.001,0.000
"Batch Clients (With Retries)","PutLarge",0,-11,0.001,0.001,0.000
"Batch Clients (With Retries)","PutLarge",0,-11,0.001,0.001,0.000
"Batch Clients (With Retries)","PutSmall",0,-11,0.001,0.001,0.000
"Batch Clients (With Retries)","PutSmall",0,-11,0.001,0.001,0.000
"Batch Clients (With Retries)","PutLarge",0,-11,0.001,0.001,0.000
"Batch Clients (With Retries)","PutLarge",0,-11,0.001,0.001,0.000
"Batch Clients (With Retries)","PutLarge",0,-11,0.001,0.001,0.000
"Batch Clients (With Retries)","PutLarge",0,-11,0.001,0.001,0.000
"Batch Clients (With Retries)","PutLarge",0,-11,0.001,0.001,0.000
"Batch Clients (With Retries)","PutLarge",0,-11,0.001,0.001,0.000
"Batch Clients (With Retries)","PutLarge",0,-11,0.001,0.001,0.000
"Batch Clients (With Retries)","PutLarge",0,-11,0.001,0.001,0.000
"Batch Clients (With Retries)","PutLarge",0,-11,0.000,0.000,0.000
"Batch Clients (With Retries)","PutLarge",0,-11,0.001,0.001,0.000
"Batch Clients (With Retries)","PutLarge",0,-11,0.001,0.001,0.000
"Batch Clients (With Retries)","PutLarge",0,-11,0.001,0.001,0.000
"Batch Clients (With Retries)","PutLarge",0,-11,0.000,0.000,0.000
"Batch Clients (With Retries)","PutLarge",0,-11,0.001,0.001,0.000
"Batch Clients (With Retries)","PutLarge",0,-11,0.001,0.001,0.000
"Batch Clients (With Retries)","PutSmall",0,-11,0.001,0.001,0.000
"Batch Clients (With Retries)","PutSmall",0,-11,0.001,0.001,0.000
"Batch Clients (With Retries)","PutSmall",0,-11,0.001,0.001,0.000
"Batch Clients (With Retries)","PutSmall",0,-11,0.001,0.001,0.000
"Batch Clients (With Retries)","PutSmall",0,-11,0.001,0.001,0.000
"Batch Clients (With Retries)","PutSmall",0,-11,0.001,0.001,0.000
"Batch Clients (With Retries)","PutLarge",0,-11,0.001,0.001,0.000
"Batch Clients (With Retries)","PutLarge",0,-11,0.001,0.001,0.000
"Batch Clients (With Retries)","PutSmall",0,-11,0.000,0.000,0.000
"Batch Clients (With Retries)","PutSmall",0,-11,0.000,0.000,0.000
"Batch Clients (With Retries)","PutLarge",0,-11,0.001,0.001,0.000
"Batch Clients (With Retries)","PutLarge",0,-11,0.001,0.001,0.000
"Batch Clients (With Retries)","PutLarge",0,-11,0.000,0.000,0.000
"Batch Clients (With Retries)","PutSmall",0,-11,0.001,0.001,0.000
"Batch Clients (With Retries)","PutSmall",0,-11,0.001,0.001,0.000
"Batch Clients (With Retries)","PutSmall",0,-11,0.001,0.001,0.000
"Batch Clients (With Retries)","PutLarge",0,-11,0.001,0.001,0.000
"Batch Clients (With Retries)","PutSmall",0,-11,0.001,0.001,0.000
"Batch Clients (With Retries)","PutLarge",0,-11,0.001,0.001,0.000
"Batch Clients (With Retries)","PutSmall",0,-11,0.000,0.000,0.000
"Batch Clients (With Retries)","PutSmall",0,-11,0.001,0.001,0.000
"Batch Clients (With Retries)","PutLarge",0,-11,0.001,0.001,0.000
"Batch Clients (With Retries)","PutLarge",0,-11,0.004,0.004,0.000
"Batch Clients (With Retries)","PutLarge",0,-11,0.002,0.002,0.000
"Batch Clients (With Retries)","PutLarge",0,-11,0.001,0.001,0.000
"Batch Clients (With Retries)","PutLarge",0,-11,0.001,0.001,0.000
"Batch Clients (With Retries)","PutLarge",0,-11,0.001,0.001,0.000
"Batch Clients (With Retries)","PutSmall",0,-11,0.001,0.001,0.000
"Batch Clients (With Retries)","PutLarge",0,-11,0.001,0.001,0.000
"Batch Clients (With Retries)","PutSmall",0,-11,0.001,0.001,0.000
"Batch Clients (With Retries)","PutLarge",0,-11,0.001,0.001,0.000
"Batch Clients (With Retries)","PutSmall",0,-11,0.001,0.001,0.000
"Batch Clients (With Retries)","PutSmall",0,-11,0.001,0.001,0.000
"Batch Clients (With Retries)","PutSmall",0,-11,0.002,0.002,0.000
"Batch Clients (With Retries)","PutSmall",0,-11,0.001,0.001,0.000
"Batch Clients (With Retries)","PutLarge",0,-11,0.001,0.001,0.000
"Batch Clients (With Retries)","PutLarge",0,-11,0.002,0.002,0.000
"Batch Clients (With Retries)","PutLarge",0,-11,0.002,0.002,0.000
"Batch Clients (With Retries)","PutLarge",0,-11,0.001,0.001,0.000
"Batch Clients (With Retries)","PutLarge",0,-11,0.001,0.001,0.000
"Batch Clients (With Retries)","PutLarge",0,-11,0.001,0.001,0.000
"Batch Clients (With Retries)","PutLarge",0,-11,0.001,0.001,0.000
"Batch Clients (With Retries)","PutSmall",0,-11,0.001,0.001,0.000
"Batch Clients (With Retries)","PutSmall",0,-11,0.001,0.001,0.000
"Batch Clients (With Retries)","PutLarge",0,-11,0.001,0.001,0.000
"Batch Clients (With Retries)","PutSmall",0,-11,0.000,0.000,0.000
"Batch Clients (With Retries)","PutLarge",0,-11,0.001,0.001,0.000
"Batch Clients (With Retries)","PutLarge",0,-11,0.001,0.001,0.000
"Batch Clients (With Retries)","PutSmall",0,-11,0.000,0.000,0.000
"Batch Clients (With Retries)","PutSmall",0,-11,0.000,0.000,0.000
"Batch Clients (With Retries)","PutSmall",0,-11,0.000,0.000,0.000
"Batch Clients (With Retries)","PutSmall",0,-11,0.001,0.001,0.000
"Batch Clients (With Retries)","PutLarge",0,-11,0.000,0.000,0.000
"Batch Clients (With Retries)","PutSmall",0,-11,0.001,0.001,0.000
"Batch Clients (With Retries)","PutLarge",0,-11,0.000,0.000,0.000
"Batch Clients (With Retries)","PutSmall",0,-11,0.001,0.001,0.000
"Batch Clients (With Retries)","PutLarge",0,-11,0.000,0.000,0.000
"Batch Clients (With Retries)","PutSmall",0,-11,0.001,0.001,0.000
"Batch Clients (With Retries)","PutSmall",0,-11,0.001,0.001,0.000
"Batch Clients (With Retries)","PutLarge",0,-11,0.001,0.001,0.000
"Batch Clients (With Retries)","PutLarge",0,-11,0.001,0.001,0.000
"Batch Clients (With Retries)","PutLarge",0,-11,0.000,0.000,0.000
"Batch Clients (With Retries)","PutSmall",0,-11,0.001,0.001,0.000
"Batch Clients (With Retries)","PutLarge",0,-11,0.001,0.001,0.000
"Batch Clients (With Retries)","PutSmall",0,-11,0.001,0.001,0.000
"Batch Clients (With Retries)","PutLarge",0,-11,0.001,0.001,0.000
"Batch Clients (With Retries)","PutLarge",0,-11,0.001,0.001,0.000
"Batch Clients (With Retries)","PutLarge",0,-11,0.001,0.001,0.000
"Batch Clients (With Retries)","PutLarge",0,-11,0.000,0.000,0.000
"Batch Clients (With Retries)","PutLarge",0,-11,0.000,0.000,0.000
"Batch Clients (With Retries)","PutSmall",0,-11,0.000,0.000,0.000
"Batch Clients (With Retries)","PutSmall",0,-11,0.000,0.000,0.000
"Batch Clients (With Retries)","PutSmall",0,-11,0.000,0.000,0.000
"Batch Clients (With Retries)","PutLarge",0,-11,0.000,0.000,0.000
"Batch Clients (With Retries)","PutSmall",0,-11,0.000,0.000,0.000
"Batch Clients (With Retries)","PutLarge",0,-11,0.000,0.000,0.000
"Batch Clients (With Retries)","PutSmall",0,-11,0.000,0.000,0.000
"Batch Clients (With Retries)","PutSmall",0,-11,0.000,0.000,0.000
"Batch Clients (With Retries)","PutSmall",0,-11,0.000,0.000,0.000
"Batch Clients (With Retries)","PutLarge",0,-11,0.001,0.001,0.000
"Batch Clients (With Retries)","PutLarge",0,-11,0.000,0.000,0.000
"Batch Clients (With Retries)","PutLarge",0,-11,0.000,0.000,0.000
"Batch Clients (With Retries)","PutLarge",0,-11,0.000,0.000,0.000
"Batch Clients (With Retries)","PutLarge",0,-11,0.001,0.001,0.000
"Batch Clients (With Retries)","PutLarge",0,-11,0.000,0.000,0.000
"Batch Clients (With Retries)","PutSmall",0,-11,0.001,0.001,0.000
"Batch Clients (With Retries)","PutSmall",0,-11,0.001,0.001,0.000
"Batch Clients (With Retries)","PutSmall",0,-11,0.001,0.001,0.000
"Batch Clients (With Retries)","PutSmall",0,-11,0.000,0.000,0.000
"Batch Clients (With Retries)","PutSmall",0,-11,0.000,0.000,0.000
"Batch Clients (With Retries)","PutLarge",0,-11,0.000,0.000,0.000
"Batch Clients (With Retries)","PutLarge",0,-11,0.000,0.000,0.000
"Batch Clients (With Retries)","PutLarge",0,-11,0.000,0.000,0.000
"Batch Clients (With Retries)","PutLarge",0,-11,0.000,0.000,0.000
"Batch Clients (With Retries)","PutLarge",0,-11,0.000,0.000,0.000
"Batch Clients (With Retries)","PutLarge",0,-11,0.000,0.000,0.000
"Batch Clients (With Retries)","PutLarge",0,-11,0.000,0.000,0.000
"Batch Clients (With Retries)","PutLarge",0,-11,0.000,0.000,0.000
"Batch Clients (With Retries)","PutLarge",0,-11,0.001,0.001,0.000
"Batch Clients (With Retries)","PutLarge",0,-11,0.000,0.000,0.000
"Batch Clients (With Retries)","PutLarge",0,-11,0.000,0.000,0.000
"Batch Clients (With Retries)","PutLarge",0,-11,0.000,0.000,0.000
"Batch Clients (With Retries)","PutSmall",0,-11,0.001,0.001,0.000
"Batch Clients (With Retries)","PutLarge",0,-11,0.001,0.001,0.000
"Batch Clients (With Retries)","PutSmall",0,-11,0.001,0.001,0.000
"Batch Clients (With Retries)","PutLarge",0,-11,0.001,0.001,0.000
"Batch Clients (With Retries)","PutLarge",0,-11,0.001,0.001,0.000
"Batch Clients (With Retries)","PutSmall",0,-11,0.001,0.001,0.000
"Batch Clients (With Retries)","PutSmall",0,-11,0.001,0.001,0.000
"Batch Clients (With Retries)","PutLarge",0,-11,0.001,0.001,0.000
"Batch Clients (With Retries)","PutSmall",0,-11,0.000,0.000,0.000
"Batch Clients (With Retries)","PutSmall",0,-11,0.001,0.001,0.000
"Batch Clients (With Retries)","PutSmall",0,-11,0.001,0.001,0.000
"Batch Clients (With Retries)","PutLarge",0,-11,0.001,0.001,0.000
"Batch Clients (With Retries)","PutSmall",0,-11,0.001,0.001,0.000
"Batch Clients (With Retries)","PutSmall",0,-11,0.001,0.001,0.000
"Batch Clients (With Retries)","PutSmall",0,-11,0.001,0.001,0.000
"Batch Clients (With Retries)","PutSmall",0,-11,0.001,0.001,0.000
"Batch Clients (With Retries)","PutSmall",0,-11,0.001,0.001,0.000
"Batch Clients (With Retries)","PutSmall",0,-11,0.001,0.001,0.000
"Batch Clients (With Retries)","PutLarge",0,-11,0.001,0.001,0.000
"Batch Clients (With Retries)","PutSmall",0,-11,0.001,0.001,0.000
"Batch Clients (With Retries)","PutSmall",0,-11,0.001,0.001,0.000
"Batch Clients (With Retries)","PutSmall",0,-11,0.001,0.001,0.000
"Batch Clients (With Retries)","PutSmall",0,-11,0.001,0.001,0.000
"Batch Clients (With Retries)","PutLarge",0,-11,0.001,0.001,0.000
"Batch Clients (With Retries)","PutSmall",0,-11,0.001,0.001,0.000
"Batch Clients (With Retries)","PutSmall",0,-11,0.001,0.001,0.000
"Batch Clients (With Retries)","PutLarge",0,-11,0.001,0.001,0.000
"Batch Clients (With Retries)","PutSmall",0,-11,0.001,0.001,0.000
"Batch Clients (With Retries)","PutLarge",0,-11,0.001,0.001,0.000
"Batch Clients (With Retries)","PutSmall",0,-11,0.001,0.001,0.000
"Batch Clients (With Retries)","PutSmall",0,-11,0.000,0.000,0.000
"Batch Clients (With Retries)","PutSmall",0,-11,0.001,0.001,0.000
"Batch Clients (With Retries)","PutLarge",0,-11,0.001,0.001,0.000
"Batch Clients (With Retries)","PutLarge",0,-11,0.000,0.000,0.000
"Batch Clients (With Retries)","PutLarge",0,-11,0.000,0.000,0.000
"Batch Clients (With Retries)","PutSmall",0,-11,0.001,0.001,0.000
"Batch Clients (With Retries)","PutLarge",0,-11,0.001,0.001,0.000
"Batch Clients (With Retries)","PutLarge",0,-11,0.000,0.000,0.000
"Batch Clients (With Retries)","PutSmall",0,-11,0.000,0.000,0.000
"Batch Clients (With Retries)","PutLarge",0,-11,0.001,0.001,0.000
"Batch Clients (With Retries)","PutLarge",0,-11,0.002,0.002,0.000
"Batch Clients (With Retries)","PutSmall",0,-11,0.002,0.002,0.000
"Batch Clients (With Retries)","PutLarge",0,-11,0.001,0.001,0.000
"Batch Clients (With Retries)","PutLarge",0,-11,0.001,0.001,0.000
"Batch Clients (With Retries)","PutLarge",0,-11,0.001,0.001,0.000
"Batch Clients (With Retries)","PutLarge",0,-11,0.001,0.001,0.000
"Batch Clients (With Retries)","PutLarge",0,-11,0.001,0.001,0.000
"Batch Clients (With Retries)","PutLarge",0,-11,0.001,0.001,0.000
"Batch Clients (With Retries)","PutLarge",0,-11,0.001,0.001,0.000
"Batch Clients (With Retries)","PutSmall",0,-11,0.001,0.001,0.000
"Batch Clients (With Retries)","PutLarge",0,-11,0.001,0.001,0.000
"Batch Clients (With Retries)","PutLarge",0,-11,0.000,0.000,0.000
"Batch Clients (With Retries)","PutLarge",0,-11,0.001,0.001,0.000
"Batch Clients (With Retries)","PutLarge",0,-11,0.001,0.001,0.000
"Batch Clients (With Retries)","PutLarge",0,-11,0.001,0.001,0.000
"Batch Clients (With Retries)","PutSmall",0,-11,0.001,0.001,0.000
"Batch Clients (With Retries)","PutLarge",0,-11,0.000,0.000,0.000
"Batch Clients (With Retries)","PutLarge",0,-11,0.001,0.001,0.000
"Batch Clients (With Retries)","PutSmall",0,-11,0.001,0.001,0.000
"Batch Clients (With Retries)","PutLarge",0,-11,0.001,0.001,0.000
"Batch Clients (With Retries)","PutSmall",0,-11,0.001,0.001,0.000
"Batch Clients (With Retries)","PutLarge",0,-11,0.000,0.000,0.000
"Batch Clients (With Retries)","PutSmall",0,-11,0.001,0.001,0.000
"Batch Clients (With Retries)","PutLarge",0,-11,0.000,0.000,0.000
"Batch Clients (With Retries)","PutLarge",0,-11,0.001,0.001,0.000
"Batch Clients (With Retries)","PutLarge",0,-11,0.000,0.000,0.000
"Batch Clients (With Retries)","PutLarge",0,-11,0.000,0.000,0.000
"Batch Clients (With Retries)","PutSmall",0,-11,0.001,0.001,0.000
"Batch Clients (With Retries)","PutLarge",0,-11,0.000,0.000,0.000
"Batch Clients (With Retries)","PutSmall",0,-11,0.001,0.001,0.000
"Batch Clients (With Retries)","PutLarge",0,-11,0.001,0.001,0.000
"Batch Clients (With Retries)","PutLarge",0,-11,0.000,0.000,0.000
"Batch Clients (With Retries)","PutSmall",0,-11,0.001,0.001,0.000
"Batch Clients (With Retries)","PutLarge",0,-11,0.000,0.000,0.000
"Batch Clients (With Retries)","PutLarge",0,-11,0.000,0.000,0.000
"Batch Clients (With Retries)","PutSmall",0,-11,0.001,0.001,0.000
"Batch Clients (With Retries)","PutLarge",0,-11,0.001,0.001,0.000
"Batch Clients (With Retries)","PutLarge",0,-11,0.001,0.001,0.000
"Batch Clients (With Retries)","PutSmall",0,-11,0.001,0.001,0.000
"Batch Clients (With Retries)","PutLarge",0,-11,0.001,0.001,0.000
"Batch Clients (With Retries)","PutSmall",0,-11,0.001,0.001,0.000
"Batch Clients (With Retries)","PutSmall",0,-11,0.001,0.001,0.000
"Batch Clients (With Retries)","PutLarge",0,-11,0.001,0.001,0.000
"Batch Clients (With Retries)","PutLarge",0,-11,0.001,0.001,0.000
"Batch Clients (With Retries)","PutLarge",0,-11,0.001,0.001,0.000
"Batch Clients (With Retries)","PutSmall",0,-11,0.001,0.001,0.000
"Batch Clients (With Retries)","PutLarge",0,-11,0.001,0.001,0.000
"Batch Clients (With Retries)","PutSmall",0,-11,0.001,0.001,0.000
"Batch Clients (With Retries)","PutLarge",0,-11,0.001,0.001,0.000
"Batch Clients (With Retries)","PutSmall",0,-11,0.001,0.001,0.000
"Batch Clients (With Retries)","PutSmall",0,-11,0.001,0.001,0.000
"Batch Clients (With Retries)","PutLarge",0,-11,0.000,0.000,0.000
"Batch Clients (With Retries)","PutSmall",0,-11,0.000,0.000,0.000
"Batch Clients (With Retries)","PutSmall",0,-11,0.001,0.001,0.000
"Batch Clients (With Retries)","PutLarge",0,-11,0.000,0.000,0.000
"Batch Clients (With Retries)","PutSmall",0,-11,0.001,0.001,0.000
"Batch Clients (With Retries)","PutSmall",0,-11,0.001,0.001,0.000
"Batch Clients (With Retries)","PutSmall",0,-11,0.001,0.001,0.000
"Batch Clients (With Retries)","PutLarge",0,-11,0.001,0.001,0.000
"Batch Clients (With Retries)","PutLarge",0,-11,0.001,0.001,0.000
"Batch Clients (With Retries)","PutSmall",0,-11,0.001,0.001,0.000
"Batch Clients (With Retries)","PutSmall",0,-11,0.001,0.001,0.000
"Batch Clients (With Retries)","PutSmall",0,-11,0.001,0.001,0.000
"Batch Clients (With Retries)","PutLarge",0,-11,0.001,0.001,0.000
"Batch Clients (With Retries)","PutSmall",0,-11,0.001,0.001,0.000
"Batch Clients (With Retries)","PutSmall",0,-11,0.001,0.001,0.000
"Batch Clients (With Retries)","PutLarge",0,-11,0.001,0.001,0.000
"Batch Clients (With Retries)","PutLarge",0,-11,0.001,0.001,0.000
"Batch Clients (With Retries)","PutLarge",0,-11,0.000,0.000,0.000
"Batch Clients (With Retries)","PutSmall",0,-11,0.000,0.000,0.000
"Batch Clients (With Retries)","PutLarge",0,-11,0.000,0.000,0.000
"Batch Clients (With Retries)","PutLarge",0,-11,0.000,0.000,0.000
"Batch Clients (With Retries)","PutLarge",0,-11,0.000,0.000,0.000
"Batch Clients (With Retries)","PutLarge",0,-11,0.000,0.000,0.000
"Batch Clients (With Retries)","PutSmall",0,-11,0.001,0.001,0.000
"Batch Clients (With Retries)","PutSmall",0,-11,0.001,0.001,0.000
"Batch Clients (With Retries)","PutSmall",0,-11,0.001,0.001,0.000
"Batch Clients (With Retries)","PutSmall",0,-11,0.000,0.000,0.000
"Batch Clients (With Retries)","PutSmall",0,-11,0.001,0.001,0.000
"Batch Clients (With Retries)","PutSmall",0,-11,0.001,0.001,0.000
"Batch Clients (With Retries)","PutLarge",0,-11,0.002,0.002,0.000
"Batch Clients (With Retries)","PutLarge",0,-11,0.001,0.001,0.000
"Batch Clients (With Retries)","PutSmall",0,-11,0.001,0.001,0.000
"Batch Clients (With Retries)","PutSmall",0,-11,0.001,0.001,0.000
"Batch Clients (With Retries)","PutLarge",0,-11,0.001,0.001,0.000
"Batch Clients (With Retries)","PutLarge",0,-11,0.001,0.001,0.000
"Batch Clients (With Retries)","PutLarge",0,-11,0.001,0.001,0.000
"Batch Clients (With Retries)","PutSmall",0,-11,0.001,0.001,0.000
"Batch Clients (With Retries)","PutLarge",0,-11,0.001,0.001,0.000
"Batch Clients (With Retries)","PutSmall",0,-11,0.001,0.001,0.000
"Batch Clients (With Retries)","PutLarge",0,-11,0.001,0.001,0.000
"Batch Clients (With Retries)","PutLarge",0,-11,0.000,0.000,0.000
"Batch Clients (With Retries)","PutLarge",0,-11,0.001,0.001,0.000
"Batch Clients (With Retries)","PutSmall",0,-11,0.001,0.001,0.000
"Batch Clients (With Retries)","PutLarge",0,-11,0.000,0.000,0.000
"Batch Clients (With Retries)","PutSmall",0,-11,0.000,0.000,0.000
"Batch Clients (With Retries)","PutLarge",0,-11,0.001,0.001,0.000
"Batch Clients (With Retries)","PutLarge",0,-11,0.001,0.001,0.000
"Batch Clients (With Retries)","PutLarge",0,-11,0.001,0.001,0.000
"Batch Clients (With Retries)","PutLarge",0,-11,0.000,0.000,0.000
"Batch Clients (With Retries)","PutLarge",0,-11,0.001,0.001,0.000
"Batch Clients (With Retries)","PutLarge",0,-11,0.001,0.001,0.000
"Batch Clients (With Retries)","PutLarge",0,-11,0.001,0.001,0.000
"Batch Clients (With Retries)","PutLarge",0,-11,0.000,0.000,0.000
"Batch Clients (With Retries)","PutLarge",0,-11,0.001,0.001,0.000
"Batch Clients (With Retries)","PutLarge",0,-11,0.001,0.001,0.000
"Batch Clients (With Retries)","PutLarge",0,-11,0.001,0.001,0.000
"Batch Clients (With Retries)","PutLarge",0,-11,0.000,0.000,0.000
"Batch Clients (With Retries)","PutLarge",0,-11,0.000,0.000,0.000
"Batch Clients (With Retries)","PutLarge",0,-11,0.000,0.000,0.000
"Batch Clients (With Retries)","PutLarge",0,-11,0.000,0.000,0.000
"Batch Clients (With Retries)","PutLarge",0,-11,0.001,0.001,0.000
"Batch Clients (With Retries)","PutLarge",0,-11,0.001,0.001,0.000
"Batch Clients (With Retries)","PutLarge",0,-11,0.000,0.000,0.000
"Batch Clients (With Retries)","PutLarge",0,-11,0.000,0.000,0.000
"Batch Clients (With Retries)","PutLarge",0,-11,0.001,0.001,0.000
"Batch Clients (With Retries)","PutLarge",0,-11,0.001,0.001,0.000
"Batch Clients (With Retries)","PutLarge",0,-11,0.001,0.001,0.000
"Batch Clients (With Retries)","PutLarge",0,-11,0.001,0.001,0.000
"Batch Clients (With Retries)","PutLarge",0,-11,0.001,0.001,0.000
"Batch Clients (With Retries)","PutLarge",0,-11,0.002,0.002,0.000
"Batch Clients (With Retries)","PutSmall",0,-11,0.001,0.001,0.000
"Batch Clients (With Retries)","PutLarge",0,-11,0.001,0.001,0.000
"Batch Clients (With Retries)","PutLarge",0,-11,0.001,0.001,0.000
"Batch Clients (With Retries)","PutLarge",0,-11,0.001,0.001,0.000
"Batch Clients (With Retries)","PutLarge",0,-11,0.001,0.001,0.000
"Batch Clients (With Retries)","PutLarge",0,-11,0.001,0.001,0.000
"Batch Clients (With Retries)","PutLarge",0,-11,0.001,0.001,0.000
"Batch Clients (With Retries)","PutSmall",0,-11,0.001,0.001,0.000
"Batch Clients (With Retries)","PutSmall",0,-11,0.001,0.001,0.000
"Batch Clients (With Retries)","PutSmall",0,-11,0.001,0.001,0.000
"Batch Clients (With Retries)","PutLarge",0,-11,0.001,0.001,0.000
"Batch Clients (With Retries)","PutLarge",0,-11,0.001,0.001,0.000
"Batch Clients (With Retries)","PutLarge",0,-11,0.001,0.001,0.000
"Batch Clients (With Retries)","PutLarge",0,-11,0.001,0.001,0.000
"Batch Clients (With Retries)","PutLarge",0,-11,0.001,0.001,0.000
"Batch Clients (With Retries)","PutLarge",0,-11,0.001,0.001,0.000
"Batch Clients (With Retries)","PutLarge",0,-11,0.001,0.001,0.000
"Batch Clients (With Retries)","PutSmall",0,-11,0.001,0.001,0.000
"Batch Clients (With Retries)","PutSmall",0,-11,0.001,0.001,0.000
"Batch Clients (With Retries)","PutSmall",0,-11,0.001,0.001,0.000
"Batch Clients (With Retries)","PutSmall",0,-11,0.001,0.001,0.000
"Batch Clients (With Retries)","PutSmall",0,-11,0.001,0.001,0.000
"Batch Clients (With Retries)","PutLarge",0,-11,0.001,0.001,0.000
"Batch Clients (With Retries)","PutSmall",0,-11,0.001,0.001,0.000
"Batch Clients (With Retries)","PutSmall",0,-11,0.001,0.001,0.000
"Batch Clients (With Retries)","PutSmall",0,-11,0.000,0.000,0.000
"Batch Clients (With Retries)","PutLarge",0,-11,0.001,0.001,0.000
"Batch Clients (With Retries)","PutLarge",0,-11,0.001,0.001,0.000
"Batch Clients (With Retries)","PutSmall",0,-11,0.001,0.001,0.000
"Batch Clients (With Retries)","PutLarge",0,-11,0.001,0.001,0.000
"Batch Clients (With Retries)","PutLarge",0,-11,0.000,0.000,0.000
"Batch Clients (With Retries)","PutLarge",0,-11,0.001,0.001,0.000
"Batch Clients (With Retries)","PutLarge",0,-11,0.001,0.001,0.000
"Batch Clients (With Retries)","PutLarge",0,-11,0.001,0.001,0.000
"Batch Clients (With Retries)","PutLarge",0,-11,0.000,0.000,0.000
"Batch Clients (With Retries)","PutLarge",0,-11,0.001,0.001,0.000
"Batch Clients (With Retries)","PutLarge",0,-11,0.000,0.000,0.000
"Batch Clients (With Retries)","PutLarge",0,-11,0.001,0.001,0.000
"Batch Clients (With Retries)","PutLarge",0,-11,0.001,0.001,0.000
"Batch Clients (With Retries)","PutSmall",0,-11,0.001,0.001,0.000
"Batch Clients (With Retries)","PutSmall",0,-11,0.000,0.000,0.000
"Batch Clients (With Retries)","PutLarge",0,-11,0.000,0.000,0.000
"Batch Clients (With Retries)","PutSmall",0,-11,0.001,0.001,0.000
"Batch Clients (With Retries)","PutLarge",0,-11,0.000,0.000,0.000
"Batch Clients (With Retries)","PutSmall",0,-11,0.001,0.001,0.000
"Batch Clients (With Retries)","PutSmall",0,-11,0.000,0.000,0.000
"Batch Clients (With Retries)","PutLarge",0,-11,0.001,0.001,0.000
"Batch Clients (With Retries)","PutSmall",0,-11,0.000,0.000,0.000
"Batch Clients (With Retries)","PutSmall",0,-11,0.000,0.000,0.000
"Batch Clients (With Retries)","PutSmall",0,-11,0.001,0.001,0.000
"Batch Clients (With Retries)","PutLarge",0,-11,0.001,0.001,0.000
"Batch Clients (With Retries)","PutSmall",0,-11,0.000,0.000,0.000
"Batch Clients (With Retries)","PutSmall",0,-11,0.000,0.000,0.000
"Batch Clients (With Retries)","PutLarge",0,-11,0.000,0.000,0.000
"Batch Clients (With Retries)","PutLarge",0,-11,0.000,0.000,0.000
"Batch Clients (With Retries)","PutLarge",0,-11,0.000,0.000,0.000
"Batch Clients (With Retries)","PutSmall",0,-11,0.001,0.001,0.000
"Batch Clients (With Retries)","PutLarge",0,-11,0.000,0.000,0.000
"Batch Clients (With Retries)","PutSmall",0,-11,0.000,0.000,0.000
"Batch Clients (With Retries)","PutSmall",0,-11,0.001,0.001,0.000
"Batch Clients (With Retries)","PutLarge",0,-11,0.000,0.000,0.000
"Batch Clients (With Retries)","PutLarge",0,-11,0.000,0.000,0.000
"Batch Clients (With Retries)","PutLarge",0,-11,0.000,0.000,0.000
"Batch Clients (With Retries)","PutLarge",0,-11,0.000,0.000,0.000
"Batch Clients (With Retries)","PutSmall",0,-11,0.000,0.000,0.000
"Batch Clients (With Retries)","PutSmall",0,-11,0.000,0.000,0.000
"Batch Clients (With Retries)","PutSmall",0,-11,0.000,0.000,0.000
"Batch Clients (With Retries)","PutLarge",0,-11,0.000,0.000,0.000
"Batch Clients (With Retries)","PutLarge",0,-11,0.000,0.000,0.000
"Batch Clients (With Retries)","PutSmall",0,-11,0.000,0.000,0.000
"Batch Clients (With Retries)","PutSmall",0,-11,0.000,0.000,0.000
"Batch Clients (With Retries)","PutLarge",0,-11,0.000,0.000,0.000
"Batch Clients (With Retries)","PutSmall",0,-11,0.000,0.000,0.000
"Batch Clients (With Retries)","PutLarge",0,-11,0.000,0.000,0.000
"Batch Clients (With Retries)","PutSmall",0,-11,0.001,0.001,0.000
"Batch Clients (With Retries)","PutSmall",0,-11,0.000,0.000,0.000
"Batch Clients (With Retries)","PutSmall",0,-11,0.000,0.000,0.000
"Batch Clients (With Retries)","PutLarge",0,-11,0.000,0.000,0.000
"Batch Clients (With Retries)","PutSmall",0,-11,0.001,0.001,0.000
"Batch Clients (With Retries)","PutSmall",0,-11,0.001,0.001,0.000
"Batch Clients (With Retries)","PutLarge",0,-11,0.001,0.001,0.000
"Batch Clients (With Retries)","PutLarge",0,-11,0.001,0.001,0.000
"Batch Clients (With Retries)","PutLarge",0,-11,0.002,0.002,0.000
"Batch Clients (With Retries)","PutLarge",0,-11,0.001,0.001,0.000
"Batch Clients (With Retries)","PutLarge",0,-11,0.001,0.001,0.000
"Batch Clients (With Retries)","PutLarge",0,-11,0.002,0.002,0.000
"Batch Clients (With Retries)","PutSmall",0,-11,0.001,0.001,0.000
"Batch Clients (With Retries)","PutLarge",0,-11,0.001,0.001,0.000
"Batch Clients (With Retries)","PutLarge",0,-11,0.001,0.001,0.000
"Batch Clients (With Retries)","PutLarge",0,-11,0.000,0.000,0.000
"Batch Clients (With Retries)","PutLarge",0,-11,0.001,0.001,0.000
"Batch Clients (With Retries)","PutSmall",0,-11,0.001,0.001,0.000
"Batch Clients (With Retries)","PutSmall",0,-11,0.000,0.000,0.000
"Batch Clients (With Retries)","PutSmall",0,-11,0.001,0.001,0.000
"Batch Clients (With Retries)","PutSmall",0,-11,0.001,0.001,0.000
"Batch Clients (With Retries)","PutLarge",0,-11,0.001,0.001,0.000
"Batch Clients (With Retries)","PutLarge",0,-11,0.001,0.001,0.000
"Batch Clients (With Retries)","PutSmall",0,-11,0.001,0.001,0.000
"Batch Clients (With Retries)","PutLarge",0,-11,0.001,0.001,0.000
"Batch Clients (With Retries)","PutSmall",0,-11,0.001,0.001,0.000
"Batch Clients (With Retries)","PutSmall",0,-11,0.003,0.003,0.000
"Batch Clients (With Retries)","PutSmall",0,-11,0.001,0.001,0.000
"Batch Clients (With Retries)","PutLarge",0,-11,0.001,0.001,0.000
"Batch Clients (With Retries)","PutLarge",0,-11,0.001,0.001,0.000
"Batch Clients (With Retries)","PutSmall",0,-11,0.001,0.001,0.000
"Batch Clients (With Retries)","PutLarge",0,-11,0.001,0.001,0.000
"Batch Clients (With Retries)","PutLarge",0,-11,0.001,0.001,0.000
"Batch Clients (With Retries)","PutLarge",0,-11,0.001,0.001,0.000
"Batch Clients (With Retries)","PutSmall",0,-11,0.001,0.001,0.000
"Batch Clients (With Retries)","PutSmall",0,-11,0.001,0.001,0.000
"Batch Clients (With Retries)","PutLarge",0,-11,0.001,0.001,0.000
"Batch Clients (With Retries)","PutSmall",0,-11,0.001,0.001,0.000
"Batch Clients (With Retries)","PutSmall",0,-11,0.001,0.001,0.000
"Batch Clients (With Retries)","PutSmall",0,-11,0.000,0.000,0.000
"Batch Clients (With Retries)","PutSmall",0,-11,0.001,0.001,0.000
"Batch Clients (With Retries)","PutLarge",0,-11,0.001,0.001,0.000
"Batch Clients (With Retries)","PutLarge",0,-11,0.000,0.000,0.000
"Batch Clients (With Retries)","PutSmall",0,-11,0.001,0.001,0.000
"Batch Clients (With Retries)","PutSmall",0,-11,0.001,0.001,0.000
"Batch Clients (With Retries)","PutSmall",0,-11,0.001,0.001,0.000
"Batch Clients (With Retries)","PutLarge",0,-11,0.001,0.001,0.000
"Batch Clients (With Retries)","PutLarge",0,-11,0.001,0.001,0.000
"Batch Clients (With Retries)","PutSmall",0,-11,0.001,0.001,0.000
"Batch Clients (With Retries)","PutLarge",0,-11,0.001,0.001,0.000
"Batch Clients (With Retries)","PutLarge",0,-11,0.001,0.001,0.000
"Batch Clients (With Retries)","PutLarge",0,-11,0.001,0.001,0.000
"Batch Clients (With Retries)","PutSmall",0,-11,0.001,0.001,0.000
"Batch Clients (With Retries)","PutLarge",0,-11,0.001,0.001,0.000
"Batch Clients (With Retries)","PutSmall",0,-11,0.001,0.001,0.000
"Batch Clients (With Retries)","PutLarge",0,-11,0.001,0.001,0.000
"Batch Clients (With Retries)","PutLarge",0,-11,0.001,0.001,0.000
"Batch Clients (With Retries)","PutLarge",0,-11,0.001,0.001,0.000
"Batch Clients (With Retries)","PutLarge",0,-11,0.001,0.001,0.000
"Batch Clients (With Retries)","PutSmall",0,-11,0.001,0.001,0.000
"Batch Clients (With Retries)","PutLarge",0,-11,0.001,0.001,0.000
"Batch Clients (With Retries)","PutSmall",0,-11,0.000,0.000,0.000
"Batch Clients (With Retries)","PutSmall",0,-11,0.001,0.001,0.000
"Batch Clients (With Retries)","PutLarge",0,-11,0.001,0.001,0.000
"Batch Clients (With Retries)","PutLarge",0,-11,0.001,0.001,0.000
"Batch Clients (With Retries)","PutLarge",0,-11,0.001,0.001,0.000
"Batch Clients (With Retries)","PutLarge",0,-11,0.001,0.001,0.000
"Batch Clients (With Retries)","PutLarge",0,-11,0.001,0.001,0.000
"Batch Clients (With Retries)","PutLarge",0,-11,0.000,0.000,0.000
"Batch Clients (With Retries)","PutLarge",0,-11,0.001,0.001,0.000
"Batch Clients (With Retries)","PutLarge",0,-11,0.001,0.001,0.000
"Batch Clients (With Retries)","PutLarge",0,-11,0.000,0.000,0.000
"Batch Clients (With Retries)","PutLarge",0,-11,0.001,0.001,0.000
"Batch Clients (With Retries)","PutLarge",0,-11,0.000,0.000,0.000
"Batch Clients (With Retries)","PutLarge",0,-11,0.000,0.000,0.000
"Batch Clients (With Retries)","PutLarge",0,-11,0.001,0.001,0.000
"Batch Clients (With Retries)","PutLarge",0,-11,0.001,0.001,0.000
"Batch Clients (With Retries)","PutLarge",0,-11,0.000,0.000,0.000
"Batch Clients (With Retries)","PutLarge",0,-11,0.000,0.000,0.000
"Batch Clients (With Retries)","PutSmall",0,-11,0.001,0.001,0.000
"Batch Clients (With Retries)","PutLarge",0,-11,0.001,0.001,0.000
"Batch Clients (With Retries)","PutLarge",0,-11,0.001,0.001,0.000
"Batch Clients (With Retries)","PutSmall",0,-11,0.001,0.001,0.000
"Batch Clients (With Retries)","PutLarge",0,-11,0.000,0.000,0.000
"Batch Clients (With Retries)","PutSmall",0,-11,0.001,0.001,0.000
"Batch Clients (With Retries)","PutLarge",0,-11,0.002,0.002,0.000
"Batch Clients (With Retries)","PutLarge",0,-11,0.002,0.002,0.000
"Batch Clients (With Retries)","PutSmall",0,-11,0.002,0.002,0.000
"Batch Clients (With Retries)","PutSmall",0,-11,0.001,0.001,0.000
"Batch Clients (With Retries)","PutSmall",0,-11,0.004,0.004,0.000
"Batch Clients (With Retries)","PutSmall",0,-11,0.003,0.003,0.000
"Batch Clients (With Retries)","PutSmall",0,-11,0.001,0.001,0.000
"Batch Clients (With Retries)","PutSmall",0,-11,0.002,0.002,0.000
"Batch Clients (With Retries)","PutSmall",0,-11,0.001,0.001,0.000
"Batch Clients (With Retries)","PutSmall",0,-11,0.001,0.001,0.000
"Batch Clients (With Retries)","PutLarge",0,-11,0.001,0.001,0.000
"Batch Clients (With Retries)","PutLarge",0,-11,0.001,0.001,0.000
"Batch Clients (With Retries)","PutLarge",0,-11,0.001,0.001,0.000
"Batch Clients (With Retries)","PutSmall",0,-11,0.001,0.001,0.000
"Batch Clients (With Retries)","PutSmall",0,-11,0.002,0.002,0.000
"Batch Clients (With Retries)","PutLarge",0,-11,0.001,0.001,0.000
"Batch Clients (With Retries)","PutSmall",0,-11,0.001,0.001,0.000
"Batch Clients (With Retries)","PutLarge",0,-11,0.001,0.001,0.000
"Batch Clients (With Retries)","PutSmall",0,-11,0.001,0.001,0.000
"Batch Clients (With Retries)","PutSmall",0,-11,0.001,0.001,0.000
"Batch Clients (With Retries)","PutLarge",0,-11,0.001,0.001,0.000
"Batch Clients (With Retries)","PutLarge",0,-11,0.001,0.001,0.000
"Batch Clients (With Retries)","PutLarge",0,-11,0.001,0.001,0.000
"Batch Clients (With Retries)","PutSmall",0,-11,0.001,0.001,0.000
"Batch Clients (With Retries)","PutSmall",0,-11,0.001,0.001,0.000
"Batch Clients (With Retries)","PutLarge",0,-11,0.001,0.001,0.000
"Batch Clients (With Retries)","PutSmall",0,-11,0.001,0.001,0.000
"Batch Clients (With Retries)","PutSmall",0,-11,0.001,0.001,0.000
"Batch Clients (With Retries)","PutLarge",0,-11,0.001,0.001,0.000
"Batch Clients (With Retries)","PutLarge",0,-11,0.001,0.001,0.000
"Batch Clients (With Retries)","PutSmall",0,-11,0.000,0.000,0.000
"Batch Clients (With Retries)","PutSmall",0,-11,0.001,0.001,0.000
"Batch Clients (With Retries)","PutSmall",0,-11,0.001,0.001,0.000
"Batch Clients (With Retries)","PutSmall",0,-11,0.001,0.001,0.000
"Batch Clients (With Retries)","PutLarge",0,-11,0.001,0.001,0.000
"Batch Clients (With Retries)","PutLarge",0,-11,0.001,0.001,0.000
"Batch Clients (With Retries)","PutLarge",0,-11,0.001,0.001,0.000
"Batch Clients (With Retries)","PutSmall",0,-11,0.000,0.000,0.000
"Batch Clients (With Retries)","PutLarge",0,-11,0.001,0.001,0.000
"Batch Clients (With Retries)","PutLarge",0,-11,0.001,0.001,0.000
"Batch Clients (With Retries)","PutSmall",0,-11,0.001,0.001,0.000
"Batch Clients (With Retries)","PutLarge",0,-11,0.000,0.000,0.000
"Batch Clients (With Retries)","PutSmall",0,-11,0.000,0.000,0.000
"Batch Clients (With Retries)","PutLarge",0,-11,0.001,0.001,0.000
"Batch Clients (With Retries)","PutLarge",0,-11,0.001,0.001,0.000
"Batch Clients (With Retries)","PutLarge",0,-11,0.001,0.001,0.000
"Batch Clients (With Retries)","PutSmall",0,-11,0.001,0.001,0.000
"Batch Clients (With Retries)","PutLarge",0,-11,0.001,0.001,0.000
"Batch Clients (With Retries)","PutLarge",0,-11,0.001,0.001,0.000
"Batch Clients (With Retries)","PutLarge",0,-11,0.001,0.001,0.000
"Batch Clients (With Retries)","PutSmall",0,-11,0.000,0.000,0.000
"Batch Clients (With Retries)","PutLarge",0,-11,0.000,0.000,0.000
"Batch Clients (With Retries)","PutSmall",0,-11,0.000,0.000,0.000
"Batch Clients (With Retries)","PutLarge",0,-11,0.000,0.000,0.000
"Batch Clients (With Retries)","PutLarge",0,-11,0.000,0.000,0.000
"Batch Clients (With Retries)","PutSmall",0,-11,0.000,0.000,0.000
"Batch Clients (With Retries)","PutSmall",0,-11,0.000,0.000,0.000
"Batch Clients (With Retries)","PutSmall",0,-11,0.000,0.000,0.000
"Batch Clients (With Retries)","PutLarge",0,-11,0.000,0.000,0.000
"Batch Clients (With Retries)","PutLarge",0,-11,0.000,0.000,0.000
"Batch Clients (With Retries)","PutSmall",0,-11,0.000,0.000,0.000
"Batch Clients (With Retries)","PutSmall",0,-11,0.000,0.000,0.000
"Batch Clients (With Retries)","PutSmall",0,-11,0.000,0.000,0.000
"Batch Clients (With Retries)","PutSmall",0,-11,0.000,0.000,0.000
"Batch Clients (With Retries)","PutLarge",0,-11,0.000,0.000,0.000
"Batch Clients (With Retries)","PutLarge",0,-11,0.001,0.001,0.000
"Batch Clients (With Retries)","PutLarge",0,-11,0.000,0.000,0.000
"Batch Clients (With Retries)","PutSmall",0,-11,0.001,0.001,0.000
"Batch Clients (With Retries)","PutLarge",0,-11,0.000,0.000,0.000
"Batch Clients (With Retries)","PutLarge",0,-11,0.001,0.001,0.000
"Batch Clients (With Retries)","PutLarge",0,-11,0.000,0.000,0.000
"Batch Clients (With Retries)","PutSmall",0,-11,0.000,0.000,0.000
"Batch Clients (With Retries)","PutSmall",0,-11,0.000,0.000,0.000
"Batch Clients (With Retries)","PutSmall",0,-11,0.000,0.000,0.000
"Batch Clients (With Retries)","PutLarge",0,-11,0.001,0.001,0.000
"Batch Clients (With Retries)","PutLarge",0,-11,0.000,0.000,0.000
"Batch Clients (With Retries)","PutLarge",0,-11,0.000,0.000,0.000
"Batch Clients (With Retries)","PutLarge",0,-11,0.001,0.001,0.000
"Batch Clients (With Retries)","PutLarge",0,-11,0.000,0.000,0.000
"Batch Clients (With Retries)","PutSmall",0,-11,0.001,0.001,0.000
"Batch Clients (With Retries)","PutLarge",0,-11,0.001,0.001,0.000
"Batch Clients (With Retries)","PutLarge",0,-11,0.001,0.001,0.000
"Batch Clients (With Retries)","PutLarge",0,-11,0.001,0.001,0.000
"Batch Clients (With Retries)","PutLarge",0,-11,0.001,0.001,0.000
"Batch Clients (With Retries)","PutLarge",0,-11,0.001,0.001,0.000
"Batch Clients (With Retries)","PutLarge",0,-11,0.002,0.002,0.000
"Batch Clients (With Retries)","PutLarge",0,-11,0.001,0.001,0.000
"Batch Clients (With Retries)","PutLarge",0,-11,0.001,0.001,0.000
"Batch Clients (With Retries)","PutSmall",0,-11,0.001,0.001,0.000
"Batch Clients (With Retries)","PutLarge",0,-11,0.001,0.001,0.000
"Batch Clients (With Retries)","PutLarge",0,-11,0.001,0.001,0.000
"Batch Clients (With Retries)","PutLarge",0,-11,0.001,0.001,0.000
"Batch Clients (With Retries)","PutLarge",0,-11,0.000,0.000,0.000
"Batch Clients (With Retries)","PutLarge",0,-11,0.001,0.001,0.000
"Batch Clients (With Retries)","PutLarge",0,-11,0.001,0.001,0.000
"Batch Clients (With Retries)","PutLarge",0,-11,0.001,0.001,0.000
"Batch Clients (With Retries)","PutLarge",0,-11,0.001,0.001,0.000
"Batch Clients (With Retries)","PutLarge",0,-11,0.001,0.001,0.000
"Batch Clients (With Retries)","PutLarge",0,-11,0.001,0.001,0.000
"Batch Clients (With Retries)","PutLarge",0,-11,0.001,0.001,0.000
"Batch Clients (With Retries)","PutLarge",0,-11,0.001,0.001,0.000
"Batch Clients (With Retries)","PutLarge",0,-11,0.001,0.001,0.000
"Batch Clients (With Retries)","PutLarge",0,-11,0.001,0.001,0.000
"Batch Clients (With Retries)","PutLarge",0,-11,0.001,0.001,0.000
"Batch Clients (With Retries)","PutSmall",0,-11,0.001,0.001,0.000
"Batch Clients (With Retries)","PutLarge",0,-11,0.001,0.001,0.000
"Batch Clients (With Retries)","PutLarge",0,-11,0.001,0.001,0.000
"Batch Clients (With Retries)","PutLarge",0,-11,0.001,0.001,0.000
"Batch Clients (With Retries)","PutSmall",0,-11,0.001,0.001,0.000
"Batch Clients (With Retries)","PutLarge",0,-11,0.000,0.000,0.000
"Batch Clients (With Retries)","PutLarge",0,-11,0.000,0.000,0.000
"Batch Clients (With Retries)","PutLarge",0,-11,0.000,0.000,0.000
"Batch Clients (With Retries)","PutLarge",0,-11,0.001,0.001,0.000
"Batch Clients (With Retries)","PutLarge",0,-11,0.001,0.001,0.000
"Batch Clients (With Retries)","PutLarge",0,-11,0.000,0.000,0.000
"Batch Clients (With Retries)","PutLarge",0,-11,0.001,0.001,0.000
"Batch Clients (With Retries)","PutLarge",0,-11,0.001,0.001,0.000
"Batch Clients (With Retries)","PutSmall",0,-11,0.001,0.001,0.000
"Batch Clients (With Retries)","PutLarge",0,-11,0.001,0.001,0.000
"Batch Clients (With Retries)","PutSmall",0,-11,0.001,0.001,0.000
"Batch Clients (With Retries)","PutLarge",0,-11,0.001,0.001,0.000
"Batch Clients (With Retries)","PutLarge",0,-11,0.001,0.001,0.000
"Batch Clients (With Retries)","PutSmall",0,-11,0.001,0.001,0.000
"Batch Clients (With Retries)","PutSmall",0,-11,0.001,0.001,0.000
"Batch Clients (With Retries)","PutSmall",0,-11,0.001,0.001,0.000
"Batch Clients (With Retries)","PutSmall",0,-11,0.001,0.001,0.000
"Batch Clients (With Retries)","PutLarge",0,-11,0.001,0.001,0.000
"Batch Clients (With Retries)","PutSmall",0,-11,0.001,0.001,0.000
"Batch Clients (With Retries)","PutLarge",0,-11,0.001,0.001,0.000
"Batch Clients (With Retries)","PutLarge",0,-11,0.001,0.001,0.000
"Batch Clients (With Retries)","PutLarge",0,-11,0.001,0.001,0.000
"Batch Clients (With Retries)","PutLarge",0,-11,0.001,0.001,0.000
"Batch Clients (With Retries)","PutLarge",0,-11,0.001,0.001,0.000
"Batch Clients (With Retries)","PutLarge",0,-11,0.001,0.001,0.000
"Batch Clients (With Retries)","PutLarge",0,-11,0.001,0.001,0.000
"Batch Clients (With Retries)","PutLarge",0,-11,0.001,0.001,0.000
"Batch Clients (With Retries)","PutLarge",0,-11,0.001,0.001,0.000
"Batch Clients (With Retries)","PutLarge",0,-11,0.001,0.001,0.000
"Batch Clients (With Retries)","PutLarge",0,-11,0.001,0.001,0.000
"Batch Clients (With Retries)","PutLarge",0,-11,0.001,0.001,0.000
"Batch Clients (With Retries)","PutLarge",0,-11,0.001,0.001,0.000
"Batch Clients (With Retries)","PutLarge",0,-11,0.001,0.001,0.000
"Batch Clients (With Retries)","PutLarge",0,-11,0.001,0.001,0.000
"Batch Clients (With Retries)","PutLarge",0,-11,0.000,0.000,0.000
"Batch Clients (With Retries)","PutLarge",0,-11,0.001,0.001,0.000
"Batch Clients (With Retries)","PutLarge",0,-11,0.001,0.001,0.000
"Batch Clients (With Retries)","PutLarge",0,-11,0.001,0.001,0.000
"Batch Clients (With Retries)","PutLarge",0,-11,0.000,0.000,0.000
"Batch Clients (With Retries)","PutLarge",0,-11,0.000,0.000,0.000
"Batch Clients (With Retries)","PutLarge",0,-11,0.000,0.000,0.000
"Batch Clients (With Retries)","PutLarge",0,-11,0.000,0.000,0.000
"Batch Clients (With Retries)","PutLarge",0,-11,0.001,0.001,0.000
"Batch Clients (With Retries)","PutLarge",0,-11,0.000,0.000,0.000
"Batch Clients (With Retries)","PutLarge",0,-11,0.000,0.000,0.000
"Batch Clients (With Retries)","PutLarge",0,-11,0.001,0.001,0.000
"Batch Clients (With Retries)","PutLarge",0,-11,0.001,0.001,0.000
"Batch Clients (With Retries)","PutLarge",0,-11,0.001,0.001,0.000
"Batch Clients (With Retries)","PutLarge",0,-11,0.001,0.001,0.000
"Batch Clients (With Retries)","PutLarge",0,-11,0.001,0.001,0.000
"Batch Clients (With Retries)","PutLarge",0,-11,0.001,0.001,0.000
"Batch Clients (With Retries)","PutLarge",0,-11,0.001,0.001,0.000
"Batch Clients (With Retries)","PutLarge",0,-11,0.001,0.001,0.000
"Batch Clients (With Retries)","PutLarge",0,-11,0.001,0.001,0.000
"Batch Clients (With Retries)","PutLarge",0,-11,0.001,0.001,0.000
"Batch Clients (With Retries)","PutLarge",0,-11,0.001,0.001,0.000
"Batch Clients (With Retries)","PutSmall",0,-11,0.001,0.001,0.000
"Batch Clients (With Retries)","PutLarge",0,-11,0.001,0.001,0.000
"Batch Clients (With Retries)","PutSmall",0,-11,0.001,0.001,0.000
"Batch Clients (With Retries)","PutSmall",0,-11,0.001,0.001,0.000
"Batch Clients (With Retries)","PutSmall",0,-11,0.001,0.001,0.000
"Batch Clients (With Retries)","PutLarge",0,-11,0.001,0.001,0.000
"Batch Clients (With Retries)","PutLarge",0,-11,0.001,0.001,0.000
"Batch Clients (With Retries)","PutLarge",0,-11,0.001,0.001,0.000
"Batch Clients (With Retries)","PutLarge",0,-11,0.001,0.001,0.000
"Batch Clients (With Retries)","PutLarge",0,-11,0.000,0.000,0.000
"Batch Clients (With Retries)","PutLarge",0,-11,0.000,0.000,0.000
"Batch Clients (With Retries)","PutLarge",0,-11,0.001,0.001,0.000
"Batch Clients (With Retries)","PutLarge",0,-11,0.001,0.001,0.000
"Batch Clients (With Retries)","PutSmall",0,-11,0.001,0.001,0.000
"Batch Clients (With Retries)","PutSmall",0,-11,0.001,0.001,0.000
"Batch Clients (With Retries)","PutSmall",0,-11,0.001,0.001,0.000
"Batch Clients (With Retries)","PutSmall",0,-11,0.001,0.001,0.000
"Batch Clients (With Retries)","PutSmall",0,-11,0.001,0.001,0.000
"Batch Clients (With Retries)","PutSmall",0,-11,0.001,0.001,0.000
"Batch Clients (With Retries)","PutSmall",0,-11,0.001,0.001,0.000
"Batch Clients (With Retries)","PutSmall",0,-11,0.001,0.001,0.000
"Batch Clients (With Retries)","PutLarge",0,-11,0.001,0.001,0.000
"Batch Clients (With Retries)","PutLarge",0,-11,0.001,0.001,0.000
"Batch Clients (With Retries)","PutSmall",0,-11,0.001,0.001,0.000
"Batch Clients (With Retries)","PutLarge",0,-11,0.001,0.001,0.000
"Batch Clients (With Retries)","PutSmall",0,-11,0.000,0.000,0.000
"Batch Clients (With Retries)","PutLarge",0,-11,0.000,0.000,0.000
"Batch Clients (With Retries)","PutLarge",0,-11,0.001,0.001,0.000
"Batch Clients (With Retries)","PutSmall",0,-11,0.001,0.001,0.000
"Batch Clients (With Retries)","PutLarge",0,-11,0.001,0.001,0.000
"Batch Clients (With Retries)","PutLarge",0,-11,0.000,0.000,0.000
"Batch Clients (With Retries)","PutSmall",0,-11,0.000,0.000,0.000
"Batch Clients (With Retries)","PutSmall",0,-11,0.001,0.001,0.000
"Batch Clients (With Retries)","PutSmall",0,-11,0.001,0.001,0.000
"Batch Clients (With Retries)","PutLarge",0,-11,0.001,0.001,0.000
"Batch Clients (With Retries)","PutLarge",0,-11,0.002,0.002,0.000
"Batch Clients (With Retries)","PutSmall",0,-11,0.001,0.001,0.000
"Batch Clients (With Retries)","PutLarge",0,-11,0.001,0.001,0.000
"Batch Clients (With Retries)","PutSmall",0,-11,0.001,0.001,0.000
"Batch Clients (With Retries)","PutSmall",0,-11,0.001,0.001,0.000
"Batch Clients (With Retries)","PutSmall",0,-11,0.000,0.000,0.000
"Batch Clients (With Retries)","PutSmall",0,-11,0.001,0.001,0.000
"Batch Clients (With Retries)","PutLarge",0,-11,0.001,0.001,0.000
"Batch Clients (With Retries)","PutLarge",0,-11,0.000,0.000,0.000
"Batch Clients (With Retries)","PutLarge",0,-11,0.002,0.002,0.000
"Batch Clients (With Retries)","PutLarge",0,-11,0.001,0.001,0.000
"Batch Clients (With Retries)","PutSmall",0,-11,0.000,0.000,0.000
"Batch Clients (With Retries)","PutLarge",0,-11,0.001,0.001,0.000
"Batch Clients (With Retries)","PutLarge",0,-11,0.001,0.001,0.000
"Batch Clients (With Retries)","PutSmall",0,-11,0.001,0.001,0.000
"Batch Clients (With Retries)","PutLarge",0,-11,0.001,0.001,0.000
"Batch Clients (With Retries)","PutSmall",0,-11,0.001,0.001,0.000
"Batch Clients (With Retries)","PutLarge",0,-11,0.001,0.001,0.000
"Batch Clients (With Retries)","PutSmall",0,-11,0.001,0.001,0.000
"Batch Clients (With Retries)","PutLarge",0,-11,0.001,0.001,0.000
"Batch Clients (With Retries)","PutLarge",0,-11,0.001,0.001,0.000
"Batch Clients (With Retries)","PutLarge",0,-11,0.001,0.001,0.000
"Batch Clients (With Retries)","PutLarge",0,-11,0.001,0.001,0.000
"Batch Clients (With Retries)","PutSmall",0,-11,0.001,0.001,0.000
"Batch Clients (With Retries)","PutLarge",0,-11,0.001,0.001,0.000
"Batch Clients (With Retries)","PutLarge",0,-11,0.001,0.001,0.000
"Batch Clients (With Retries)","PutLarge",0,-11,0.001,0.001,0.000
"Batch Clients (With Retries)","PutLarge",0,-11,0.001,0.001,0.000
"Batch Clients (With Retries)","PutLarge",0,-11,0.001,0.001,0.000
"Batch Clients (With Retries)","PutLarge",0,-11,0.001,0.001,0.000
"Batch Clients (With Retries)","PutSmall",0,-11,0.000,0.000,0.000
"Batch Clients (With Retries)","PutSmall",0,-11,0.001,0.001,0.000
"Batch Clients (With Retries)","PutSmall",0,-11,0.001,0.001,0.000
"Batch Clients (With Retries)","PutSmall",0,-11,0.000,0.000,0.000
"Batch Clients (With Retries)","PutSmall",0,-11,0.001,0.001,0.000
"Batch Clients (With Retries)","PutSmall",0,-11,0.001,0.001,0.000
"Batch Clients (With Retries)","PutSmall",0,-11,0.001,0.001,0.000
"Batch Clients (With Retries)","PutSmall",0,-11,0.001,0.001,0.000
"Batch Clients (With Retries)","PutLarge",0,-11,0.001,0.001,0.000
"Batch Clients (With Retries)","PutSmall",0,-11,0.001,0.001,0.000
"Batch Clients (With Retries)","PutSmall",0,-11,0.001,0.001,0.000
"Batch Clients (With Retries)","PutLarge",0,-11,0.001,0.001,0.000
"Batch Clients (With Retries)","PutSmall",0,-11,0.002,0.002,0.000
"Batch Clients (With Retries)","PutLarge",0,-11,0.001,0.001,0.000
"Batch Clients (With Retries)","PutLarge",0,-11,0.001,0.001,0.000
"Batch Clients (With Retries)","PutSmall",0,-11,0.001,0.001,0.000
"Batch Clients (With Retries)","PutSmall",0,-11,0.001,0.001,0.000
"Batch Clients (With Retries)","PutSmall",0,-11,0.005,0.005,0.000
"Batch Clients (With Retries)","PutLarge",0,-11,0.001,0.001,0.000
"Batch Clients (With Retries)","PutLarge",0,-11,0.001,0.001,0.000
"Batch Clients (With Retries)","PutLarge",0,-11,0.000,0.000,0.000
"Batch Clients (With Retries)","PutSmall",0,-11,0.001,0.001,0.000
"Batch Clients (With Retries)","PutLarge",0,-11,0.001,0.001,0.000
"Batch Clients (With Retries)","PutLarge",0,-11,0.001,0.001,0.000
"Batch Clients (With Retries)","PutLarge",0,-11,0.001,0.001,0.000
"Batch Clients (With Retries)","PutLarge",0,-11,0.001,0.001,0.000
"Batch Clients (With Retries)","PutLarge",0,-11,0.000,0.000,0.000
"Batch Clients (With Retries)","PutSmall",0,-11,0.001,0.001,0.000
"Batch Clients (With Retries)","PutSmall",0,-11,0.000,0.000,0.000
"Batch Clients (With Retries)","PutSmall",0,-11,0.000,0.000,0.000
"Batch Clients (With Retries)","PutSmall",0,-11,0.001,0.001,0.000
"Batch Clients (With Retries)","PutLarge",0,-11,0.000,0.000,0.000
"Batch Clients (With Retries)","PutSmall",0,-11,0.001,0.001,0.000
"Batch Clients (With Retries)","PutSmall",0,-11,0.001,0.001,0.000
"Batch Clients (With Retries)","PutLarge",0,-11,0.000,0.000,0.000
"Batch Clients (With Retries)","PutSmall",0,-11,0.000,0.000,0.000
"Batch Clients (With Retries)","PutSmall",0,-11,0.002,0.002,0.000
"Batch Clients (With Retries)","PutLarge",0,-11,0.001,0.001,0.000
"Batch Clients (With Retries)","PutLarge",0,-11,0.000,0.000,0.000
"Batch Clients (With Retries)","PutLarge",0,-11,0.001,0.001,0.000
"Batch Clients (With Retries)","PutLarge",0,-11,0.000,0.000,0.000
"Batch Clients (With Retries)","PutLarge",0,-11,0.000,0.000,0.000
"Batch Clients (With Retries)","PutLarge",0,-11,0.000,0.000,0.000
"Batch Clients (With Retries)","PutLarge",0,-11,0.000,0.000,0.000
"Batch Clients (With Retries)","PutLarge",0,-11,0.000,0.000,0.000
"Batch Clients (With Retries)","PutSmall",0,-11,0.001,0.001,0.000
"Batch Clients (With Retries)","PutSmall",0,-11,0.001,0.001,0.000
"Batch Clients (With Retries)","PutLarge",0,-11,0.000,0.000,0.000
"Batch Clients (With Retries)","PutLarge",0,-11,0.001,0.001,0.000
"Batch Clients (With Retries)","PutLarge",0,-11,0.001,0.001,0.000
"Batch Clients (With Retries)","PutLarge",0,-11,0.001,0.001,0.000
"Batch Clients (With Retries)","PutSmall",0,-11,0.001,0.001,0.000
"Batch Clients (With Retries)","PutLarge",0,-11,0.001,0.001,0.000
"Batch Clients (With Retries)","PutLarge",0,-11,0.001,0.001,0.000
"Batch Clients (With Retries)","PutLarge",0,-11,0.002,0.002,0.000
"Batch Clients (With Retries)","PutLarge",0,-11,0.001,0.001,0.000
"Batch Clients (With Retries)","PutLarge",0,-11,0.001,0.001,0.000
"Batch Clients (With Retries)","PutSmall",0,-11,0.002,0.002,0.000
"Batch Clients (With Retries)","PutSmall",0,-11,0.001,0.001,0.000
"Batch Clients (With Retries)","PutSmall",0,-11,0.001,0.001,0.000
"Batch Clients (With Retries)","PutSmall",0,-11,0.001,0.001,0.000
"Batch Clients (With Retries)","PutLarge",0,-11,0.001,0.001,0.000
"Batch Clients (With Retries)","PutLarge",0,-11,0.001,0.001,0.000
"Batch Clients (With Retries)","PutLarge",0,-11,0.001,0.001,0.000
"Batch Clients (With Retries)","PutSmall",0,-11,0.001,0.001,0.000
"Batch Clients (With Retries)","PutSmall",0,-11,0.001,0.001,0.000
"Batch Clients (With Retries)","PutLarge",0,-11,0.001,0.001,0.000
"Batch Clients (With Retries)","PutLarge",0,-11,0.001,0.001,0.000
"Batch Clients (With Retries)","PutLarge",0,-11,0.001,0.001,0.000
"Batch Clients (With Retries)","PutLarge",0,-11,0.001,0.001,0.000
"Batch Clients (With Retries)","PutLarge",0,-11,0.001,0.001,0.000
"Batch Clients (With Retries)","PutSmall",0,-11,0.001,0.001,0.000
"Batch Clients (With Retries)","PutSmall",0,-11,0.001,0.001,0.000
"Batch Clients (With Retries)","PutLarge",0,-11,0.001,0.001,0.000
"Batch Clients (With Retries)","PutSmall",0,-11,0.001,0.001,0.000
"Batch Clients (With Retries)","PutSmall",0,-11,0.001,0.001,0.000
"Batch Clients (With Retries)","PutLarge",0,-11,0.001,0.001,0.000
"Batch Clients (With Retries)","PutSmall",0,-11,0.001,0.001,0.000
"Batch Clients (With Retries)","PutLarge",0,-11,0.001,0.001,0.000
"Batch Clients (With Retries)","PutSmall",0,-11,0.001,0.001,0.000
"Batch Clients (With Retries)","PutSmall",0,-11,0.001,0.001,0.000
"Batch Clients (With Retries)","PutSmall",0,-11,0.001,0.001,0.000
"Batch Clients (With Retries)","PutLarge",0,-11,0.001,0.001,0.000
"Batch Clients (With Retries)","PutSmall",0,-11,0.001,0.001,0.000
"Batch Clients (With Retries)","PutSmall",0,-11,0.001,0.001,0.000
"Batch Clients (With Retries)","PutSmall",0,-11,0.001,0.001,0.000
"Batch Clients (With Retries)","PutSmall",0,-11,0.001,0.001,0.000
"Batch Clients (With Retries)","PutSmall",0,-11,0.001,0.001,0.000
"Batch Clients (With Retries)","PutLarge",0,-11,0.001,0.001,0.000
"Batch Clients (With Retries)","PutSmall",0,-11,0.001,0.001,0.000
"API Clients (With Retries)","GetSmall",1,0,4.507,0.000,4.500
"API Clients (With Retries)","GetSmall",1,0,4.746,0.000,4.737
"API Clients (With Retries)","GetSmall",1,0,4.741,0.000,4.729
"API Clients (With Retries)","GetSmall",1,0,4.828,0.000,4.823
"API Clients (With Retries)","GetSmall",1,0,4.856,0.000,4.842
"API Clients (With Retries)","GetSmall",1,0,4.857,0.000,4.843
"API Clients (With Retries)","GetSmall",1,0,4.946,0.000,4.940
"API Clients (With Retries)","GetSmall",1,0,4.945,0.000,4.940
"API Clients (With Retries)","GetSmall",1,0,5.052,0.001,5.049
"API Clients (With Retries)","GetSmall",1,0,5.375,0.000,5.371
"API Clients (With Retries)","GetSmall",1,0,5.399,0.000,5.387
"API Clients (With Retries)","GetSmall",1,0,5.461,0.000,5.452
"API Clients (With Retries)","GetSmall",1,0,5.515,0.000,5.431
"API Clients (With Retries)","GetSmall",1,0,5.523,0.000,5.521
"API Clients (With Retries)","GetSmall",1,0,5.819,0.000,5.814
"API Clients (With Retries)","GetSmall",1,0,6.204,0.000,6.201
"API Clients (With Retries)","GetSmall",1,0,6.664,0.000,6.656
"API Clients (With Retries)","GetSmall",1,0,6.770,0.001,6.761
"API Clients (With Retries)","GetSmall",1,0,6.845,0.000,6.842
"API Clients (With Retries)","PutSmall",1,0,7.237,0.000,7.234
"API Clients (With Retries)","GetSmall",1,0,7.279,0.000,7.268
"API Clients (With Retries)","GetSmall",1,0,7.747,0.000,7.744
"API Clients (With Retries)","PutSmall",1,0,8.226,0.000,8.217
"API Clients (With Retries)","PutSmall",1,0,9.745,0.000,9.741
"API Clients (With Retries)","PutSmall",1,0,10.988,0.001,10.930
"API Clients (With Retries)","GetSmall",1,0,6.500,0.000,6.485
"API Clients (With Retries)","GetSmall",1,0,6.276,0.001,6.259
"API Clients (With Retries)","GetSmall",1,0,6.223,0.000,6.221
"API Clients (With Retries)","GetSmall",1,0,6.443,0.000,6.440
"API Clients (With Retries)","GetSmall",1,0,6.331,0.000,6.317
"API Clients (With Retries)","GetSmall",1,0,6.124,0.000,6.105
"API Clients (With Retries)","GetSmall",1,0,7.285,0.000,7.281
"API Clients (With Retries)","GetSmall",1,0,5.907,0.000,5.905
"API Clients (With Retries)","GetSmall",1,0,6.994,0.000,6.992
"API Clients (With Retries)","GetSmall",1,0,5.626,0.000,5.611
"API Clients (With Retries)","GetSmall",1,0,5.878,0.000,5.877
"API Clients (With Retries)","PutSmall",1,0,9.435,0.000,9.432
"API Clients (With Retries)","GetSmall",1,0,6.669,0.001,6.666
"API Clients (With Retries)","GetSmall",1,0,5.849,0.001,5.836
"API Clients (With Retries)","PutSmall",1,0,10.428,0.000,10.424
"API Clients (With Retries)","PutSmall",1,0,8.772,0.000,8.768
"API Clients (With Retries)","GetSmall",1,0,7.039,0.001,7.036
"API Clients (With Retries)","PutSmall",1,0,9.723,0.000,9.719
"API Clients (With Retries)","GetSmall",1,0,7.307,0.000,7.303
"API Clients (With Retries)","GetSmall",1,0,6.641,0.000,6.638
"API Clients (With Retries)","GetSmall",1,0,7.476,0.000,7.471
"API Clients (With Retries)","GetSmall",1,0,7.739,0.000,7.732
"API Clients (With Retries)","GetSmall",1,0,7.230,0.000,7.226
"API Clients (With Retries)","GetSmall",1,0,7.916,0.000,7.903
"API Clients (With Retries)","GetSmall",1,0,8.088,0.000,8.075
"API Clients (With Retries)","GetSmall",1,0,7.729,0.000,7.725
"API Clients (With Retries)","GetSmall",1,0,7.917,0.000,7.913
"API Clients (With Retries)","GetSmall",1,0,7.115,0.000,7.111
"API Clients (With Retries)","GetSmall",1,0,6.819,0.000,6.816
"API Clients (With Retries)","GetSmall",1,0,7.708,0.000,7.705
"API Clients (With Retries)","GetSmall",1,0,7.129,0.000,7.126
"API Clients (With Retries)","GetSmall",1,0,6.971,0.000,6.967
"API Clients (With Retries)","GetSmall",1,0,7.375,0.000,7.372
"API Clients (With Retries)","GetSmall",1,0,6.769,0.000,6.759
"API Clients (With Retries)","GetSmall",1,0,6.627,0.000,6.623
"API Clients (With Retries)","GetSmall",1,0,7.715,0.000,7.712
"API Clients (With Retries)","GetSmall",1,0,6.084,0.000,6.081
"API Clients (With Retries)","PutSmall",0,-11,0.001,0.001,0.000
"API Clients (With Retries)","PutSmall",1,0,10.897,0.000,10.894
"API Clients (With Retries)","GetSmall",1,0,7.233,0.000,7.229
"API Clients (With Retries)","GetSmall",0,-11,0.000,0.000,0.000
"API Clients (With Retries)","GetSmall",1,0,6.240,0.000,6.236
"API Clients (With Retries)","GetSmall",0,-11,0.000,0.000,0.000
"API Clients (With Retries)","GetSmall",1,0,6.508,0.000,6.505
"API Clients (With Retries)","GetSmall",0,-11,0.000,0.000,0.000
"API Clients (With Retries)","GetSmall",1,0,6.485,0.000,6.481
"API Clients (With Retries)","GetSmall",0,-11,0.000,0.000,0.000
"API Clients (With Retries)","GetSmall",1,0,6.088,0.000,6.079
"API Clients (With Retries)","GetSmall",0,-11,0.000,0.000,0.000
"API Clients (With Retries)","GetSmall",1,0,6.452,0.000,6.447
"API Clients (With Retries)","GetSmall",0,-11,0.000,0.000,0.000
"API Clients (With Retries)","PutSmall",1,0,10.562,0.000,10.548
"API Clients (With Retries)","GetSmall",1,0,6.386,0.000,6.383
"API Clients (With Retries)","GetSmall",1,0,6.570,0.000,6.567
"API Clients (With Retries)","GetSmall",1,0,6.338,0.000,6.335
"API Clients (With Retries)","GetSmall",1,0,6.735,0.000,6.732
"API Clients (With Retries)","GetSmall",1,0,6.737,0.000,6.734
"API Clients (With Retries)","GetSmall",1,0,6.757,0.000,6.752
"API Clients (With Retries)","GetSmall",1,0,6.747,0.000,6.744
"API Clients (With Retries)","PutSmall",1,0,10.704,0.000,10.700
"API Clients (With Retries)","GetSmall",1,0,7.484,0.000,7.481
"API Clients (With Retries)","GetSmall",1,0,7.492,0.000,7.484
"API Clients (With Retries)","GetSmall",1,0,7.266,0.000,7.264
"API Clients (With Retries)","PutSmall",1,0,10.481,0.000,10.478
"API Clients (With Retries)","GetSmall",1,0,8.041,0.000,8.039
"API Clients (With Retries)","GetSmall",1,0,7.135,0.001,7.131
"API Clients (With Retries)","PutSmall",1,0,10.159,0.000,10.155
"API Clients (With Retries)","GetSmall",1,0,5.679,0.000,5.675
"API Clients (With Retries)","GetSmall",1,0,4.860,0.000,4.858
"API Clients (With Retries)","GetSmall",1,0,5.716,0.000,5.713
"API Clients (With Retries)","PutSmall",1,0,10.719,0.000,10.717
"API Clients (With Retries)","GetSmall",1,0,5.642,0.000,5.639
"API Clients (With Retries)","GetSmall",0,-11,0.000,0.000,0.000
"API Clients (With Retries)","GetSmall",0,-11,0.000,0.000,0.000
"API Clients (With Retries)","GetSmall",0,-11,0.000,0.000,0.000
"API Clients (With Retries)","GetSmall",0,-11,0.000,0.000,0.000
"API Clients (With Retries)","GetSmall",1,0,5.708,0.000,5.706
"API Clients (With Retries)","GetSmall",1,0,5.255,0.000,5.254
"API Clients (With Retries)","GetSmall",1,0,5.372,0.000,5.370
"API Clients (With Retries)","GetSmall",1,0,5.625,0.000,5.622
"API Clients (With Retries)","PutSmall",1,0,7.777,0.000,7.775
"API Clients (With Retries)","GetSmall",0,-11,0.000,0.000,0.000
"API Clients (With Retries)","PutSmall",1,0,7.523,0.000,7.520
"API Clients (With Retries)","GetSmall",0,-11,0.000,0.000,0.000
"API Clients (With Retries)","GetSmall",1,0,6.036,0.000,6.033
"API Clients (With Retries)","PutSmall",1,0,7.953,0.000,7.950
"API Clients (With Retries)","GetSmall",1,0,6.216,0.000,6.214
"API Clients (With Retries)","GetSmall",0,-11,0.000,0.000,0.000
"API Clients (With Retries)","GetSmall",1,0,5.429,0.000,5.427
"API Clients (With Retries)","GetSmall",0,-11,0.000,0.000,0.000
"API Clients (With Retries)","GetSmall",0,-11,0.000,0.000,0.000
"API Clients (With Retries)","GetSmall",1,0,5.253,0.000,5.250
"API Clients (With Retries)","GetSmall",1,0,5.864,0.000,5.852
"API Clients (With Retries)","GetSmall",0,-11,0.000,0.000,0.000
"API Clients (With Retries)","PutSmall",1,0,8.022,0.000,8.019
"API Clients (With Retries)","GetSmall",1,0,5.879,0.000,5.875
"API Clients (With Retries)","GetSmall",0,-11,0.000,0.000,0.000
"API Clients (With Retries)","GetSmall",0,-11,0.000,0.000,0.000
"API Clients (With Retries)","GetSmall",1,0,16.065,0.000,6.060
"API Clients (With Retries)","GetSmall",0,-11,0.000,0.000,0.000
"API Clients (With Retries)","PutSmall",1,0,18.108,0.001,8.101
"API Clients (With Retries)","GetSmall",0,-11,0.000,0.000,0.000
"API Clients (With Retries)","GetSmall",0,-11,0.000,0.000,0.000
"API Clients (With Retries)","GetSmall",0,-11,0.000,0.000,0.000
"API Clients (With Retries)","PutSmall",0,-11,0.000,0.000,0.000
"API Clients (With Retries)","GetSmall",0,-11,0.000,0.000,0.000
"API Clients (With Retries)","GetSmall",0,-11,0.000,0.000,0.000
"API Clients (With Retries)","GetSmall",0,-11,0.000,0.000,0.000
"API Clients (With Retries)","GetSmall",0,-11,0.001,0.001,0.000
"API Clients (With Retries)","GetSmall",0,-11,0.001,0.001,0.000
"API Clients (With Retries)","GetSmall",0,-11,0.001,0.001,0.000
"API Clients (With Retries)","GetSmall",0,-11,0.001,0.001,0.000
"API Clients (With Retries)","GetSmall",0,-11,0.000,0.000,0.000
"API Clients (With Retries)","PutSmall",0,-11,0.000,0.000,0.000
"API Clients (With Retries)","GetSmall",0,-11,0.000,0.000,0.000
"API Clients (With Retries)","GetSmall",0,-11,0.000,0.000,0.000
"API Clients (With Retries)","GetSmall",0,-11,0.001,0.001,0.000
"API Clients (With Retries)","GetSmall",0,-11,0.001,0.001,0.000
"API Clients (With Retries)","GetSmall",0,-11,0.000,0.000,0.000
"API Clients (With Retries)","GetSmall",0,-11,0.000,0.000,0.000
"API Clients (With Retries)","GetSmall",0,-11,0.000,0.000,0.000
"API Clients (With Retries)","GetSmall",0,-11,0.000,0.000,0.000
"API Clients (With Retries)","GetSmall",0,-11,0.000,0.000,0.000
"API Clients (With Retries)","GetSmall",0,-11,0.000,0.000,0.000
"API Clients (With Retries)","GetSmall",0,-11,0.000,0.000,0.000
"API Clients (With Retries)","GetSmall",0,-11,0.000,0.000,0.000
"API Clients (With Retries)","GetSmall",0,-11,0.000,0.000,0.000
"API Clients (With Retries)","GetSmall",0,-11,0.000,0.000,0.000
"API Clients (With Retries)","GetSmall",0,-11,0.000,0.000,0.000
"API Clients (With Retries)","GetSmall",0,-11,0.000,0.000,0.000
"API Clients (With Retries)","GetSmall",0,-11,0.001,0.001,0.000
"API Clients (With Retries)","GetSmall",0,-11,0.000,0.000,0.000
"API Clients (With Retries)","GetSmall",0,-11,0.000,0.000,0.000
"API Clients (With Retries)","GetSmall",0,-11,0.000,0.000,0.000
"API Clients (With Retries)","GetSmall",0,-11,0.000,0.000,0.000
"API Clients (With Retries)","GetSmall",0,-11,0.000,0.000,0.000
"API Clients (With Retries)","GetSmall",0,-11,0.000,0.000,0.000
"API Clients (With Retries)","GetSmall",0,-11,0.000,0.000,0.000
"API Clients (With Retries)","GetSmall",0,-11,0.000,0.000,0.000
"API Clients (With Retries)","GetSmall",0,-11,0.000,0.000,0.000
"API Clients (With Retries)","PutSmall",0,-11,0.001,0.001,0.000
"API Clients (With Retries)","GetSmall",0,-11,0.000,0.000,0.000
"API Clients (With Retries)","GetSmall",0,-11,0.000,0.000,0.000
"API Clients (With Retries)","GetSmall",0,-11,0.000,0.000,0.000
"API Clients (With Retries)","GetSmall",0,-11,0.000,0.000,0.000
"API Clients (With Retries)","PutSmall",0,-11,0.000,0.000,0.000
"API Clients (With Retries)","GetSmall",0,-11,0.000,0.000,0.000
"API Clients (With Retries)","PutSmall",0,-11,0.000,0.000,0.000
"API Clients (With Retries)","PutSmall",0,-11,0.000,0.000,0.000
"API Clients (With Retries)","GetSmall",0,-11,0.000,0.000,0.000
"API Clients (With Retries)","GetSmall",0,-11,0.000,0.000,0.000
"API Clients (With Retries)","GetSmall",0,-11,0.000,0.000,0.000
"API Clients (With Retries)","GetSmall",0,-11,0.000,0.000,0.000
"API Clients (With Retries)","GetSmall",0,-11,0.000,0.000,0.000
"API Clients (With Retries)","PutSmall",0,-11,0.000,0.000,0.000
"API Clients (With Retries)","GetSmall",0,-11,0.000,0.000,0.000
"API Clients (With Retries)","GetSmall",0,-11,0.000,0.000,0.000
"API Clients (With Retries)","PutSmall",0,-11,0.001,0.001,0.000
"API Clients (With Retries)","PutSmall",0,-11,0.001,0.001,0.000
"API Clients (With Retries)","GetSmall",0,-11,0.001,0.001,0.000
"API Clients (With Retries)","GetSmall",0,-11,0.001,0.001,0.000
"API Clients (With Retries)","GetSmall",0,-11,0.001,0.001,0.000
"API Clients (With Retries)","GetSmall",0,-11,0.001,0.001,0.000
"API Clients (With Retries)","GetSmall",0,-11,0.001,0.001,0.000
"API Clients (With Retries)","PutSmall",0,-11,0.001,0.001,0.000
"API Clients (With Retries)","GetSmall",0,-11,0.001,0.001,0.000
"API Clients (With Retries)","PutSmall",0,-11,0.001,0.001,0.000
"API Clients (With Retries)","GetSmall",0,-11,0.001,0.001,0.000
"API Clients (With Retries)","GetSmall",0,-11,0.000,0.000,0.000
"API Clients (With Retries)","PutSmall",0,-11,0.001,0.001,0.000
"API Clients (With Retries)","GetSmall",0,-11,0.000,0.000,0.000
"API Clients (With Retries)","GetSmall",0,-11,0.000,0.000,0.000
"API Clients (With Retries)","GetSmall",0,-11,0.001,0.001,0.000
"API Clients (With Retries)","GetSmall",0,-11,0.001,0.001,0.000
"API Clients (With Retries)","GetSmall",0,-11,0.001,0.001,0.000
"API Clients (With Retries)","GetSmall",0,-11,0.000,0.000,0.000
"API Clients (With Retries)","PutSmall",0,-11,0.000,0.000,0.000
"API Clients (With Retries)","GetSmall",0,-11,0.001,0.001,0.000
"API Clients (With Retries)","PutSmall",0,-11,0.001,0.001,0.000
"API Clients (With Retries)","GetSmall",0,-11,0.000,0.000,0.000
"API Clients (With Retries)","PutSmall",0,-11,0.001,0.001,0.000
"API Clients (With Retries)","GetSmall",0,-11,0.000,0.000,0.000
"API Clients (With Retries)","GetSmall",0,-11,0.000,0.000,0.000
"API Clients (With Retries)","GetSmall",0,-11,0.001,0.001,0.000
"API Clients (With Retries)","GetSmall",0,-11,0.000,0.000,0.000
"API Clients (With Retries)","GetSmall",0,-11,0.001,0.001,0.000
"API Clients (With Retries)","GetSmall",0,-11,0.001,0.001,0.000
"API Clients (With Retries)","GetSmall",0,-11,0.000,0.000,0.000
"API Clients (With Retries)","GetSmall",0,-11,0.001,0.001,0.000
"API Clients (With Retries)","GetSmall",0,-11,0.001,0.001,0.000
"API Clients (With Retries)","GetSmall",0,-11,0.001,0.001,0.000
"API Clients (With Retries)","GetSmall",0,-11,0.001,0.001,0.000
"API Clients (With Retries)","GetSmall",0,-11,0.001,0.001,0.000
"API Clients (With Retries)","GetSmall",0,-11,0.001,0.001,0.000
"API Clients (With Retries)","GetSmall",0,-11,0.000,0.000,0.000
"API Clients (With Retries)","GetSmall",0,-11,0.001,0.001,0.000
"API Clients (With Retries)","GetSmall",0,-11,0.000,0.000,0.000
"API Clients (With Retries)","GetSmall",0,-11,0.001,0.001,0.000
"API Clients (With Retries)","GetSmall",0,-11,0.001,0.001,0.000
"API Clients (With Retries)","GetSmall",0,-11,0.000,0.000,0.000
"API Clients (With Retries)","GetSmall",0,-11,0.000,0.000,0.000
"API Clients (With Retries)","GetSmall",0,-11,0.001,0.001,0.000
"API Clients (With Retries)","GetSmall",0,-11,0.001,0.001,0.000
"API Clients (With Retries)","GetSmall",0,-11,0.000,0.000,0.000
"API Clients (With Retries)","GetSmall",0,-11,0.000,0.000,0.000
"API Clients (With Retries)","GetSmall",0,-11,0.000,0.000,0.000
"API Clients (With Retries)","GetSmall",0,-11,0.001,0.001,0.000
"API Clients (With Retries)","GetSmall",0,-11,0.001,0.001,0.000
"API Clients (With Retries)","GetSmall",0,-11,0.000,0.000,0.000
"API Clients (With Retries)","GetSmall",0,-11,0.000,0.000,0.000
"API Clients (With Retries)","PutSmall",0,-11,0.001,0.001,0.000
"API Clients (With Retries)","GetSmall",0,-11,0.000,0.000,0.000
"API Clients (With Retries)","PutSmall",0,-11,0.001,0.001,0.000
"API Clients (With Retries)","GetSmall",0,-11,0.000,0.000,0.000
"API Clients (With Retries)","PutSmall",0,-11,0.000,0.000,0.000
"API Clients (With Retries)","PutSmall",0,-11,0.000,0.000,0.000
"API Clients (With Retries)","PutSmall",0,-11,0.000,0.000,0.000
"API Clients (With Retries)","GetSmall",0,-11,0.000,0.000,0.000
"API Clients (With Retries)","GetSmall",0,-11,0.000,0.000,0.000
"API Clients (With Retries)","GetSmall",0,-11,0.000,0.000,0.000
"API Clients (With Retries)","GetSmall",0,-11,0.000,0.000,0.000
"API Clients (With Retries)","GetSmall",0,-11,0.000,0.000,0.000
"API Clients (With Retries)","GetSmall",0,-11,0.000,0.000,0.000
"API Clients (With Retries)","GetSmall",0,-11,0.000,0.000,0.000
"API Clients (With Retries)","GetSmall",0,-11,0.000,0.000,0.000
"API Clients (With Retries)","PutSmall",0,-11,0.000,0.000,0.000
"API Clients (With Retries)","GetSmall",0,-11,0.000,0.000,0.000
"API Clients (With Retries)","GetSmall",0,-11,0.000,0.000,0.000
"API Clients (With Retries)","GetSmall",0,-11,0.000,0.000,0.000
"API Clients (With Retries)","GetSmall",0,-11,0.000,0.000,0.000
"API Clients (With Retries)","GetSmall",0,-11,0.000,0.000,0.000
"API Clients (With Retries)","GetSmall",0,-11,0.000,0.000,0.000
"API Clients (With Retries)","GetSmall",0,-11,0.000,0.000,0.000
"API Clients (With Retries)","GetSmall",0,-11,0.001,0.001,0.000
"API Clients (With Retries)","GetSmall",0,-11,0.000,0.000,0.000
"API Clients (With Retries)","GetSmall",0,-11,0.001,0.001,0.000
"API Clients (With Retries)","GetSmall",0,-11,0.001,0.001,0.000
"API Clients (With Retries)","GetSmall",0,-11,0.001,0.001,0.000
"API Clients (With Retries)","GetSmall",0,-11,0.000,0.000,0.000
"API Clients (With Retries)","GetSmall",0,-11,0.000,0.000,0.000
"API Clients (With Retries)","GetSmall",0,-11,0.000,0.000,0.000
"API Clients (With Retries)","GetSmall",0,-11,0.000,0.000,0.000
"API Clients (With Retries)","GetSmall",0,-11,0.000,0.000,0.000
"API Clients (With Retries)","GetSmall",0,-11,0.000,0.000,0.000
"API Clients (With Retries)","GetSmall",0,-11,0.000,0.000,0.000
"API Clients (With Retries)","GetSmall",0,-11,0.000,0.000,0.000
"API Clients (With Retries)","GetSmall",0,-11,0.000,0.000,0.000
"API Clients (With Retries)","GetSmall",0,-11,0.000,0.000,0.000
"API Clients (With Retries)","GetSmall",0,-11,0.000,0.000,0.000
"API Clients (With Retries)","GetSmall",0,-11,0.000,0.000,0.000
"API Clients (With Retries)","GetSmall",0,-11,0.000,0.000,0.000
"API Clients (With Retries)","GetSmall",0,-11,0.000,0.000,0.000
"API Clients (With Retries)","GetSmall",0,-11,0.000,0.000,0.000
"API Clients (With Retries)","GetSmall",0,-11,0.000,0.000,0.000
"API Clients (With Retries)","GetSmall",0,-11,0.000,0.000,0.000
"API Clients (With Retries)","GetSmall",0,-11,0.000,0.000,0.000
"API Clients (With Retries)","GetSmall",0,-11,0.000,0.000,0.000
"API Clients (With Retries)","GetSmall",0,-11,0.000,0.000,0.000
"API Clients (With Retries)","GetSmall",0,-11,0.001,0.001,0.000
"API Clients (With Retries)","GetSmall",0,-11,0.001,0.001,0.000
"API Clients (With Retries)","GetSmall",0,-11,0.001,0.001,0.000
"API Clients (With Retries)","GetSmall",0,-11,0.001,0.001,0.000
"API Clients (With Retries)","GetSmall",0,-11,0.001,0.001,0.000
"API Clients (With Retries)","GetSmall",0,-11,0.001,0.001,0.000
"API Clients (With Retries)","GetSmall",0,-11,0.003,0.003,0.000
"API Clients (With Retries)","PutSmall",0,-11,0.001,0.001,0.000
"API Clients (With Retries)","GetSmall",0,-11,0.001,0.001,0.000
"API Clients (With Retries)","GetSmall",0,-11,0.001,0.001,0.000
"API Clients (With Retries)","PutSmall",0,-11,0.001,0.001,0.000
"API Clients (With Retries)","GetSmall",0,-11,0.000,0.000,0.000
"API Clients (With Retries)","GetSmall",0,-11,0.001,0.001,0.000
"API Clients (With Retries)","GetSmall",0,-11,0.000,0.000,0.000
"API Clients (With Retries)","GetSmall",0,-11,0.000,0.000,0.000
"API Clients (With Retries)","GetSmall",0,-11,0.000,0.000,0.000
"API Clients (With Retries)","PutSmall",0,-11,0.001,0.001,0.000
"API Clients (With Retries)","PutSmall",0,-11,0.001,0.001,0.000
"API Clients (With Retries)","GetSmall",0,-11,0.000,0.000,0.000
"API Clients (With Retries)","GetSmall",0,-11,0.000,0.000,0.000
"API Clients (With Retries)","GetSmall",0,-11,0.001,0.001,0.000
"API Clients (With Retries)","PutSmall",0,-11,0.000,0.000,0.000
"API Clients (With Retries)","PutSmall",0,-11,0.001,0.001,0.000
"API Clients (With Retries)","PutSmall",0,-11,0.001,0.001,0.000
"API Clients (With Retries)","GetSmall",0,-11,0.000,0.000,0.000
"API Clients (With Retries)","GetSmall",0,-11,0.001,0.001,0.000
"API Clients (With Retries)","GetSmall",0,-11,0.001,0.001,0.000
"API Clients (With Retries)","GetSmall",0,-11,0.001,0.001,0.000
"API Clients (With Retries)","GetSmall",0,-11,0.001,0.001,0.000
"API Clients (With Retries)","PutSmall",0,-11,0.001,0.001,0.000
"API Clients (With Retries)","GetSmall",0,-11,0.001,0.001,0.000
"API Clients (With Retries)","PutSmall",0,-11,0.003,0.003,0.000
"API Clients (With Retries)","GetSmall",0,-11,0.001,0.001,0.000
"API Clients (With Retries)","GetSmall",0,-11,0.001,0.001,0.000
"API Clients (With Retries)","PutSmall",0,-11,0.001,0.001,0.000
"API Clients (With Retries)","GetSmall",0,-11,0.001,0.001,0.000
"API Clients (With Retries)","GetSmall",0,-11,0.001,0.001,0.000
"API Clients (With Retries)","PutSmall",0,-11,0.001,0.001,0.000
"API Clients (With Retries)","PutSmall",0,-11,0.000,0.000,0.000
"API Clients (With Retries)","GetSmall",0,-11,0.000,0.000,0.000
"API Clients (With Retries)","GetSmall",0,-11,0.001,0.001,0.000
"API Clients (With Retries)","GetSmall",0,-11,0.000,0.000,0.000
"API Clients (With Retries)","GetSmall",0,-11,0.000,0.000,0.000
"API Clients (With Retries)","GetSmall",0,-11,0.001,0.001,0.000
"API Clients (With Retries)","PutSmall",0,-11,0.001,0.001,0.000
"API Clients (With Retries)","PutSmall",0,-11,0.001,0.001,0.000
"API Clients (With Retries)","GetSmall",0,-11,0.000,0.000,0.000
"API Clients (With Retries)","GetSmall",0,-11,0.001,0.001,0.000
"API Clients (With Retries)","GetSmall",0,-11,0.001,0.001,0.000
"API Clients (With Retries)","GetSmall",0,-11,0.001,0.001,0.000
"API Clients (With Retries)","GetSmall",0,-11,0.001,0.001,0.000
"API Clients (With Retries)","GetSmall",0,-11,0.001,0.001,0.000
"API Clients (With Retries)","GetSmall",0,-11,0.001,0.001,0.000
"API Clients (With Retries)","GetSmall",0,-11,0.001,0.001,0.000
"API Clients (With Retries)","PutSmall",0,-11,0.001,0.001,0.000
"API Clients (With Retries)","GetSmall",0,-11,0.001,0.001,0.000
"API Clients (With Retries)","GetSmall",0,-11,0.001,0.001,0.000
"API Clients (With Retries)","GetSmall",0,-11,0.001,0.001,0.000
"API Clients (With Retries)","GetSmall",0,-11,0.001,0.001,0.000
"API Clients (With Retries)","GetSmall",0,-11,0.000,0.000,0.000
"API Clients (With Retries)","GetSmall",0,-11,0.000,0.000,0.000
"API Clients (With Retries)","GetSmall",0,-11,0.000,0.000,0.000
"API Clients (With Retries)","GetSmall",0,-11,0.000,0.000,0.000
"API Clients (With Retries)","GetSmall",0,-11,0.000,0.000,0.000
"API Clients (With Retries)","GetSmall",0,-11,0.000,0.000,0.000
"API Clients (With Retries)","GetSmall",0,-11,0.000,0.000,0.000
"API Clients (With Retries)","GetSmall",0,-11,0.000,0.000,0.000
"API Clients (With Retries)","GetSmall",0,-11,0.000,0.000,0.000
"API Clients (With Retries)","GetSmall",0,-11,0.000,0.000,0.000
"API Clients (With Retries)","GetSmall",0,-11,0.000,0.000,0.000
"API Clients (With Retries)","GetSmall",0,-11,0.000,0.000,0.000
"API Clients (With Retries)","GetSmall",0,-11,0.000,0.000,0.000
"API Clients (With Retries)","GetSmall",0,-11,0.000,0.000,0.000
"API Clients (With Retries)","GetSmall",0,-11,0.001,0.001,0.000
"API Clients (With Retries)","GetSmall",0,-11,0.000,0.000,0.000
"API Clients (With Retries)","GetSmall",0,-11,0.001,0.001,0.000
"API Clients (With Retries)","GetSmall",0,-11,0.001,0.001,0.000
"API Clients (With Retries)","GetSmall",0,-11,0.001,0.001,0.000
"API Clients (With Retries)","GetSmall",0,-11,0.001,0.001,0.000
"API Clients (With Retries)","GetSmall",0,-11,0.001,0.001,0.000
"API Clients (With Retries)","GetSmall",0,-11,0.001,0.001,0.000
"API Clients (With Retries)","GetSmall",0,-11,0.001,0.001,0.000
"API Clients (With Retries)","GetSmall",0,-11,0.001,0.001,0.000
"API Clients (With Retries)","PutSmall",0,-11,0.001,0.001,0.000
"API Clients (With Retries)","GetSmall",0,-11,0.001,0.001,0.000
"API Clients (With Retries)","GetSmall",0,-11,0.001,0.001,0.000
"API Clients (With Retries)","GetSmall",0,-11,0.001,0.001,0.000
"API Clients (With Retries)","GetSmall",0,-11,0.000,0.000,0.000
"API Clients (With Retries)","PutSmall",0,-11,0.000,0.000,0.000
"API Clients (With Retries)","GetSmall",0,-11,0.001,0.001,0.000
"API Clients (With Retries)","GetSmall",0,-11,0.001,0.001,0.000
"API Clients (With Retries)","GetSmall",0,-11,0.000,0.000,0.000
"API Clients (With Retries)","GetSmall",0,-11,0.000,0.000,0.000
"API Clients (With Retries)","PutSmall",0,-11,0.000,0.000,0.000
"API Clients (With Retries)","GetSmall",0,-11,0.000,0.000,0.000
"API Clients (With Retries)","PutSmall",0,-11,0.001,0.001,0.000
"API Clients (With Retries)","GetSmall",0,-11,0.000,0.000,0.000
"API Clients (With Retries)","GetSmall",0,-11,0.001,0.001,0.000
"API Clients (With Retries)","PutSmall",0,-11,0.001,0.001,0.000
"API Clients (With Retries)","GetSmall",0,-11,0.001,0.001,0.000
"API Clients (With Retries)","GetSmall",0,-11,0.000,0.000,0.000
"API Clients (With Retries)","PutSmall",0,-11,0.001,0.001,0.000
"API Clients (With Retries)","GetSmall",0,-11,0.000,0.000,0.000
"API Clients (With Retries)","PutSmall",0,-11,0.001,0.001,0.000
"API Clients (With Retries)","GetSmall",0,-11,0.000,0.000,0.000
"API Clients (With Retries)","GetSmall",0,-11,0.001,0.001,0.000
"API Clients (With Retries)","GetSmall",0,-11,0.000,0.000,0.000
"API Clients (With Retries)","GetSmall",0,-11,0.000,0.000,0.000
"API Clients (With Retries)","PutSmall",0,-11,0.001,0.001,0.000
"API Clients (With Retries)","PutSmall",0,-11,0.001,0.001,0.000
"API Clients (With Retries)","GetSmall",0,-11,0.000,0.000,0.000
"API Clients (With Retries)","GetSmall",0,-11,0.001,0.001,0.000
"API Clients (With Retries)","PutSmall",0,-11,0.000,0.000,0.000
"API Clients (With Retries)","GetSmall",0,-11,0.000,0.000,0.000
"API Clients (With Retries)","GetSmall",0,-11,0.000,0.000,0.000
"API Clients (With Retries)","PutSmall",0,-11,0.000,0.000,0.000
"API Clients (With Retries)","GetSmall",0,-11,0.000,0.000,0.000
"API Clients (With Retries)","PutSmall",0,-11,0.001,0.001,0.000
"API Clients (With Retries)","GetSmall",0,-11,0.000,0.000,0.000
"API Clients (With Retries)","GetSmall",0,-11,0.000,0.000,0.000
"API Clients (With Retries)","PutSmall",0,-11,0.001,0.001,0.000
"API Clients (With Retries)","GetSmall",0,-11,0.000,0.000,0.000
"API Clients (With Retries)","GetSmall",0,-11,0.000,0.000,0.000
"API Clients (With Retries)","GetSmall",0,-11,0.000,0.000,0.000
"API Clients (With Retries)","PutSmall",0,-11,0.000,0.000,0.000
"API Clients (With Retries)","PutSmall",0,-11,0.001,0.001,0.000
"API Clients (With Retries)","GetSmall",0,-11,0.001,0.001,0.000
"API Clients (With Retries)","PutSmall",0,-11,0.002,0.002,0.000
"API Clients (With Retries)","GetSmall",0,-11,0.001,0.001,0.000
"API Clients (With Retries)","PutSmall",0,-11,0.001,0.001,0.000
"API Clients (With Retries)","GetSmall",0,-11,0.001,0.001,0.000
"API Clients (With Retries)","GetSmall",0,-11,0.001,0.001,0.000
"API Clients (With Retries)","PutSmall",0,-11,0.001,0.001,0.000
"API Clients (With Retries)","GetSmall",0,-11,0.001,0.001,0.000
"API Clients (With Retries)","GetSmall",0,-11,0.001,0.001,0.000
"API Clients (With Retries)","GetSmall",0,-11,0.000,0.000,0.000
"API Clients (With Retries)","GetSmall",0,-11,0.000,0.000,0.000
"API Clients (With Retries)","PutSmall",0,-11,0.000,0.000,0.000
"API Clients (With Retries)","GetSmall",0,-11,0.000,0.000,0.000
"API Clients (With Retries)","PutSmall",0,-11,0.000,0.000,0.000
"API Clients (With Retries)","PutSmall",0,-11,0.000,0.000,0.000
"API Clients (With Retries)","PutSmall",0,-11,0.001,0.001,0.000
"API Clients (With Retries)","GetSmall",0,-11,0.000,0.000,0.000
"API Clients (With Retries)","PutSmall",0,-11,0.000,0.000,0.000
"API Clients (With Retries)","GetSmall",0,-11,0.001,0.001,0.000
"API Clients (With Retries)","GetSmall",0,-11,0.000,0.000,0.000
"API Clients (With Retries)","GetSmall",0,-11,0.000,0.000,0.000
"API Clients (With Retries)","GetSmall",0,-11,0.000,0.000,0.000
"API Clients (With Retries)","GetSmall",0,-11,0.000,0.000,0.000
"API Clients (With Retries)","GetSmall",0,-11,0.001,0.001,0.000
"API Clients (With Retries)","PutSmall",0,-11,0.000,0.000,0.000
"API Clients (With Retries)","PutSmall",0,-11,0.000,0.000,0.000
"API Clients (With Retries)","GetSmall",0,-11,0.000,0.000,0.000
"API Clients (With Retries)","GetSmall",0,-11,0.001,0.001,0.000
"API Clients (With Retries)","GetSmall",0,-11,0.000,0.000,0.000
"API Clients (With Retries)","GetSmall",0,-11,0.000,0.000,0.000
"API Clients (With Retries)","GetSmall",0,-11,0.000,0.000,0.000
"API Clients (With Retries)","GetSmall",0,-11,0.000,0.000,0.000
"API Clients (With Retries)","GetSmall",0,-11,0.001,0.001,0.000
"API Clients (With Retries)","GetSmall",0,-11,0.001,0.001,0.000
"API Clients (With Retries)","GetSmall",0,-11,0.000,0.000,0.000
"API Clients (With Retries)","GetSmall",0,-11,0.000,0.000,0.000
"API Clients (With Retries)","GetSmall",0,-11,0.000,0.000,0.000
"API Clients (With Retries)","GetSmall",0,-11,0.000,0.000,0.000
"API Clients (With Retries)","GetSmall",0,-11,0.000,0.000,0.000
"API Clients (With Retries)","GetSmall",0,-11,0.000,0.000,0.000
"API Clients (With Retries)","GetSmall",0,-11,0.000,0.000,0.000
"API Clients (With Retries)","GetSmall",0,-11,0.000,0.000,0.000
"API Clients (With Retries)","GetSmall",0,-11,0.000,0.000,0.000
"API Clients (With Retries)","GetSmall",0,-11,0.000,0.000,0.000
"API Clients (With Retries)","GetSmall",0,-11,0.000,0.000,0.000
"API Clients (With Retries)","GetSmall",0,-11,0.000,0.000,0.000
"API Clients (With Retries)","GetSmall",0,-11,0.000,0.000,0.000
"API Clients (With Retries)","GetSmall",0,-11,0.000,0.000,0.000
"API Clients (With Retries)","GetSmall",0,-11,0.000,0.000,0.000
"API Clients (With Retries)","GetSmall",0,-11,0.002,0.002,0.000
"API Clients (With Retries)","GetSmall",0,-11,0.001,0.001,0.000
"API Clients (With Retries)","GetSmall",0,-11,0.001,0.001,0.000
"API Clients (With Retries)","GetSmall",0,-11,0.001,0.001,0.000
"API Clients (With Retries)","PutSmall",0,-11,0.001,0.001,0.000
"API Clients (With Retries)","GetSmall",0,-11,0.001,0.001,0.000
"API Clients (With Retries)","PutSmall",0,-11,0.001,0.001,0.000
"API Clients (With Retries)","GetSmall",0,-11,0.001,0.001,0.000
"API Clients (With Retries)","GetSmall",0,-11,0.001,0.001,0.000
"API Clients (With Retries)","GetSmall",0,-11,0.001,0.001,0.000
"API Clients (With Retries)","GetSmall",0,-11,0.001,0.001,0.000
"API Clients (With Retries)","PutSmall",0,-11,0.000,0.000,0.000
"API Clients (With Retries)","PutSmall",0,-11,0.000,0.000,0.000
"API Clients (With Retries)","GetSmall",0,-11,0.000,0.000,0.000
"API Clients (With Retries)","GetSmall",0,-11,0.001,0.001,0.000
"API Clients (With Retries)","PutSmall",0,-11,0.001,0.001,0.000
"API Clients (With Retries)","GetSmall",0,-11,0.000,0.000,0.000
"API Clients (With Retries)","GetSmall",0,-11,0.000,0.000,0.000
"API Clients (With Retries)","GetSmall",0,-11,0.000,0.000,0.000
"API Clients (With Retries)","GetSmall",0,-11,0.001,0.001,0.000
"API Clients (With Retries)","GetSmall",0,-11,0.001,0.001,0.000
"API Clients (With Retries)","GetSmall",0,-11,0.001,0.001,0.000
"API Clients (With Retries)","PutSmall",0,-11,0.001,0.001,0.000
"API Clients (With Retries)","GetSmall",0,-11,0.000,0.000,0.000
"API Clients (With Retries)","GetSmall",0,-11,0.000,0.000,0.000
"API Clients (With Retries)","PutSmall",0,-11,0.001,0.001,0.000
"API Clients (With Retries)","PutSmall",0,-11,0.001,0.001,0.000
"API Clients (With Retries)","GetSmall",0,-11,0.000,0.000,0.000
"API Clients (With Retries)","GetSmall",0,-11,0.000,0.000,0.000
"API Clients (With Retries)","GetSmall",0,-11,0.000,0.000,0.000
"API Clients (With Retries)","GetSmall",0,-11,0.001,0.001,0.000
"API Clients (With Retries)","GetSmall",0,-11,0.001,0.001,0.000
"API Clients (With Retries)","GetSmall",0,-11,0.001,0.001,0.000
"API Clients (With Retries)","PutSmall",0,-11,0.001,0.001,0.000
"API Clients (With Retries)","GetSmall",0,-11,0.001,0.001,0.000
"API Clients (With Retries)","GetSmall",0,-11,0.000,0.000,0.000
"API Clients (With Retries)","GetSmall",0,-11,0.001,0.001,0.000
"API Clients (With Retries)","GetSmall",0,-11,0.000,0.000,0.000
"API Clients (With Retries)","GetSmall",0,-11,0.000,0.000,0.000
"API Clients (With Retries)","GetSmall",0,-11,0.000,0.000,0.000
"API Clients (With Retries)","PutSmall",0,-11,0.000,0.000,0.000
"API Clients (With Retries)","GetSmall",0,-11,0.000,0.000,0.000
"API Clients (With Retries)","GetSmall",0,-11,0.000,0.000,0.000
"API Clients (With Retries)","PutSmall",0,-11,0.000,0.000,0.000
"API Clients (With Retries)","PutSmall",0,-11,0.000,0.000,0.000
"API Clients (With Retries)","PutSmall",0,-11,0.000,0.000,0.000
"API Clients (With Retries)","PutSmall",0,-11,0.001,0.001,0.000
"API Clients (With Retries)","GetSmall",0,-11,0.000,0.000,0.000
"API Clients (With Retries)","GetSmall",0,-11,0.001,0.001,0.000
"API Clients (With Retries)","GetSmall",0,-11,0.000,0.000,0.000
"API Clients (With Retries)","GetSmall",0,-11,0.000,0.000,0.000
"API Clients (With Retries)","GetSmall",0,-11,0.000,0.000,0.000
"API Clients (With Retries)","GetSmall",0,-11,0.000,0.000,0.000
"API Clients (With Retries)","GetSmall",0,-11,0.000,0.000,0.000
"API Clients (With Retries)","GetSmall",0,-11,0.000,0.000,0.000
"API Clients (With Retries)","GetSmall",0,-11,0.001,0.001,0.000
"API Clients (With Retries)","GetSmall",0,-11,0.000,0.000,0.000
"API Clients (With Retries)","GetSmall",0,-11,0.000,0.000,0.000
"API Clients (With Retries)","GetSmall",0,-11,0.000,0.000,0.000
"API Clients (With Retries)","GetSmall",0,-11,0.000,0.000,0.000
"API Clients (With Retries)","GetSmall",0,-11,0.001,0.001,0.000
"API Clients (With Retries)","GetSmall",0,-11,0.000,0.000,0.000
"API Clients (With Retries)","GetSmall",0,-11,0.000,0.000,0.000
"API Clients (With Retries)","GetSmall",0,-11,0.000,0.000,0.000
"API Clients (With Retries)","GetSmall",0,-11,0.000,0.000,0.000
"API Clients (With Retries)","GetSmall",0,-11,0.000,0.000,0.000
"API Clients (With Retries)","GetSmall",0,-11,0.000,0.000,0.000
"API Clients (With Retries)","GetSmall",0,-11,0.001,0.001,0.000
"API Clients (With Retries)","GetSmall",0,-11,0.000,0.000,0.000
"API Clients (With Retries)","GetSmall",0,-11,0.000,0.000,0.000
"API Clients (With Retries)","PutSmall",0,-11,0.000,0.000,0.000
"API Clients (With Retries)","GetSmall",0,-11,0.000,0.000,0.000
"API Clients (With Retries)","GetSmall",0,-11,0.000,0.000,0.000
"API Clients (With Retries)","GetSmall",0,-11,0.000,0.000,0.000
"API Clients (With Retries)","GetSmall",0,-11,0.001,0.001,0.000
"API Clients (With Retries)","GetSmall",0,-11,0.001,0.001,0.000
"API Clients (With Retries)","GetSmall",0,-11,0.001,0.001,0.000
"API Clients (With Retries)","PutSmall",0,-11,0.001,0.001,0.000
"API Clients (With Retries)","GetSmall",0,-11,0.000,0.000,0.000
"API Clients (With Retries)","PutSmall",0,-11,0.001,0.001,0.000
"API Clients (With Retries)","GetSmall",0,-11,0.001,0.001,0.000
"API Clients (With Retries)","GetSmall",0,-11,0.001,0.001,0.000
"API Clients (With Retries)","GetSmall",0,-11,0.000,0.000,0.000
"API Clients (With Retries)","GetSmall",0,-11,0.001,0.001,0.000
"API Clients (With Retries)","PutSmall",0,-11,0.001,0.001,0.000
"API Clients (With Retries)","GetSmall",0,-11,0.001,0.001,0.000
"API Clients (With Retries)","GetSmall",0,-11,0.000,0.000,0.000
"API Clients (With Retries)","GetSmall",0,-11,0.000,0.000,0.000
"API Clients (With Retries)","GetSmall",0,-11,0.001,0.001,0.000
"API Clients (With Retries)","GetSmall",0,-11,0.000,0.000,0.000
"API Clients (With Retries)","GetSmall",0,-11,0.000,0.000,0.000
"API Clients (With Retries)","GetSmall",0,-11,0.000,0.000,0.000
"API Clients (With Retries)","PutSmall",0,-11,0.000,0.000,0.000
"API Clients (With Retries)","GetSmall",0,-11,0.000,0.000,0.000
"API Clients (With Retries)","GetSmall",0,-11,0.001,0.001,0.000
"API Clients (With Retries)","GetSmall",0,-11,0.000,0.000,0.000
"API Clients (With Retries)","GetSmall",0,-11,0.000,0.000,0.000
"API Clients (With Retries)","GetSmall",0,-11,0.001,0.001,0.000
"API Clients (With Retries)","GetSmall",0,-11,0.000,0.000,0.000
"API Clients (With Retries)","PutSmall",0,-11,0.000,0.000,0.000
"API Clients (With Retries)","GetSmall",0,-11,0.000,0.000,0.000
"API Clients (With Retries)","GetSmall",0,-11,0.000,0.000,0.000
"API Clients (With Retries)","GetSmall",0,-11,0.000,0.000,0.000
"API Clients (With Retries)","GetSmall",0,-11,0.000,0.000,0.000
"API Clients (With Retries)","GetSmall",0,-11,0.001,0.001,0.000
"API Clients (With Retries)","GetSmall",0,-11,0.000,0.000,0.000
"API Clients (With Retries)","GetSmall",0,-11,0.000,0.000,0.000
"API Clients (With Retries)","GetSmall",0,-11,0.001,0.001,0.000
"API Clients (With Retries)","GetSmall",0,-11,0.000,0.000,0.000
"API Clients (With Retries)","GetSmall",0,-11,0.000,0.000,0.000
"API Clients (With Retries)","GetSmall",0,-11,0.000,0.000,0.000
"API Clients (With Retries)","GetSmall",0,-11,0.000,0.000,0.000
"API Clients (With Retries)","GetSmall",0,-11,0.000,0.000,0.000
"API Clients (With Retries)","GetSmall",0,-11,0.000,0.000,0.000
"API Clients (With Retries)","GetSmall",0,-11,0.000,0.000,0.000
"API Clients (With Retries)","GetSmall",0,-11,0.000,0.000,0.000
"API Clients (With Retries)","GetSmall",0,-11,0.000,0.000,0.000
"API Clients (With Retries)","GetSmall",0,-11,0.000,0.000,0.000
"API Clients (With Retries)","GetSmall",0,-11,0.000,0.000,0.000
"API Clients (With Retries)","GetSmall",0,-11,0.000,0.000,0.000
"API Clients (With Retries)","GetSmall",0,-11,0.000,0.000,0.000
"API Clients (With Retries)","GetSmall",0,-11,0.000,0.000,0.000
"API Clients (With Retries)","GetSmall",0,-11,0.000,0.000,0.000
"API Clients (With Retries)","GetSmall",0,-11,0.000,0.000,0.000
"API Clients (With Retries)","GetSmall",0,-11,0.000,0.000,0.000
"API Clients (With Retries)","PutSmall",0,-11,0.001,0.001,0.000
"API Clients (With Retries)","GetSmall",0,-11,0.001,0.001,0.000
"API Clients (With Retries)","GetSmall",0,-11,0.001,0.001,0.000
"API Clients (With Retries)","GetSmall",0,-11,0.001,0.001,0.000
"API Clients (With Retries)","GetSmall",0,-11,0.001,0.001,0.000
"API Clients (With Retries)","GetSmall",0,-11,0.001,0.001,0.000
"API Clients (With Retries)","GetSmall",0,-11,0.001,0.001,0.000
"API Clients (With Retries)","GetSmall",0,-11,0.001,0.001,0.000
"API Clients (With Retries)","GetSmall",0,-11,0.001,0.001,0.000
"API Clients (With Retries)","GetSmall",0,-11,0.001,0.001,0.000
"API Clients (With Retries)","GetSmall",0,-11,0.001,0.001,0.000
"API Clients (With Retries)","GetSmall",0,-11,0.001,0.001,0.000
"API Clients (With Retries)","GetSmall",0,-11,0.001,0.001,0.000
"API Clients (With Retries)","GetSmall",0,-11,0.001,0.001,0.000
"API Clients (With Retries)","PutSmall",0,-11,0.001,0.001,0.000
"API Clients (With Retries)","GetSmall",0,-11,0.001,0.001,0.000
"API Clients (With Retries)","GetSmall",0,-11,0.001,0.001,0.000
"API Clients (With Retries)","GetSmall",0,-11,0.000,0.000,0.000
"API Clients (With Retries)","GetSmall",0,-11,0.000,0.000,0.000
"API Clients (With Retries)","GetSmall",0,-11,0.000,0.000,0.000
"API Clients (With Retries)","GetSmall",0,-11,0.001,0.001,0.000
"API Clients (With Retries)","GetSmall",0,-11,0.000,0.000,0.000
"API Clients (With Retries)","GetSmall",0,-11,0.001,0.001,0.000
"API Clients (With Retries)","GetSmall",0,-11,0.001,0.001,0.000
"API Clients (With Retries)","GetSmall",0,-11,0.001,0.001,0.000
"API Clients (With Retries)","PutSmall",0,-11,0.001,0.001,0.000
"API Clients (With Retries)","GetSmall",0,-11,0.001,0.001,0.000
"API Clients (With Retries)","GetSmall",0,-11,0.001,0.001,0.000
"API Clients (With Retries)","GetSmall",0,-11,0.001,0.001,0.000
"API Clients (With Retries)","GetSmall",0,-11,0.001,0.001,0.000
"API Clients (With Retries)","GetSmall",0,-11,0.001,0.001,0.000
"API Clients (With Retries)","GetSmall",0,-11,0.001,0.001,0.000
"API Clients (With Retries)","GetSmall",0,-11,0.001,0.001,0.000
"API Clients (With Retries)","GetSmall",0,-11,0.001,0.001,0.000
"API Clients (With Retries)","GetSmall",0,-11,0.002,0.002,0.000
"API Clients (With Retries)","GetSmall",0,-11,0.001,0.001,0.000
"API Clients (With Retries)","GetSmall",0,-11,0.001,0.001,0.000
"API Clients (With Retries)","GetSmall",0,-11,0.001,0.001,0.000
"API Clients (With Retries)","GetSmall",0,-11,0.001,0.001,0.000
"API Clients (With Retries)","GetSmall",0,-11,0.000,0.000,0.000
"API Clients (With Retries)","GetSmall",0,-11,0.001,0.001,0.000
"API Clients (With Retries)","GetSmall",0,-11,0.000,0.000,0.000
"API Clients (With Retries)","GetSmall",0,-11,0.000,0.000,0.000
"API Clients (With Retries)","GetSmall",0,-11,0.000,0.000,0.000
"API Clients (With Retries)","GetSmall",0,-11,0.000,0.000,0.000
"API Clients (With Retries)","GetSmall",0,-11,0.001,0.001,0.000
"API Clients (With Retries)","GetSmall",0,-11,0.000,0.000,0.000
"API Clients (With Retries)","GetSmall",0,-11,0.000,0.000,0.000
"API Clients (With Retries)","GetSmall",0,-11,0.001,0.001,0.000
"API Clients (With Retries)","GetSmall",0,-11,0.001,0.001,0.000
"API Clients (With Retries)","GetSmall",0,-11,0.001,0.001,0.000
"API Clients (With Retries)","PutSmall",0,-11,0.001,0.001,0.000
"API Clients (With Retries)","GetSmall",0,-11,0.001,0.001,0.000
"API Clients (With Retries)","GetSmall",0,-11,0.001,0.001,0.000
"API Clients (With Retries)","PutSmall",0,-11,0.001,0.001,0.000
"API Clients (With Retries)","GetSmall",0,-11,0.001,0.001,0.000
"API Clients (With Retries)","GetSmall",0,-11,0.001,0.001,0.000
"API Clients (With Retries)","GetSmall",0,-11,0.001,0.001,0.000
"API Clients (With Retries)","GetSmall",0,-11,0.001,0.001,0.000
"API Clients (With Retries)","GetSmall",0,-11,0.001,0.001,0.000
"API Clients (With Retries)","GetSmall",0,-11,0.001,0.001,0.000
"API Clients (With Retries)","GetSmall",0,-11,0.001,0.001,0.000
"API Clients (With Retries)","GetSmall",0,-11,0.001,0.001,0.000
"API Clients (With Retries)","GetSmall",0,-11,0.001,0.001,0.000
"API Clients (With Retries)","GetSmall",0,-11,0.001,0.001,0.000
"API Clients (With Retries)","GetSmall",0,-11,0.000,0.000,0.000
"API Clients (With Retries)","GetSmall",0,-11,0.000,0.000,0.000
"API Clients (With Retries)","GetSmall",0,-11,0.000,0.000,0.000
"API Clients (With Retries)","GetSmall",0,-11,0.001,0.001,0.000
"API Clients (With Retries)","GetSmall",0,-11,0.001,0.001,0.000
"API Clients (With Retries)","GetSmall",0,-11,0.000,0.000,0.000
"API Clients (With Retries)","GetSmall",0,-11,0.000,0.000,0.000
"API Clients (With Retries)","GetSmall",0,-11,0.000,0.000,0.000
"API Clients (With Retries)","GetSmall",0,-11,0.000,0.000,0.000
"API Clients (With Retries)","GetSmall",0,-11,0.000,0.000,0.000
"API Clients (With Retries)","GetSmall",0,-11,0.001,0.001,0.000
"API Clients (With Retries)","GetSmall",0,-11,0.001,0.001,0.000
"API Clients (With Retries)","GetSmall",0,-11,0.001,0.001,0.000
"API Clients (With Retries)","GetSmall",0,-11,0.001,0.001,0.000
"API Clients (With Retries)","GetSmall",0,-11,0.001,0.001,0.000
"API Clients (With Retries)","GetSmall",0,-11,0.001,0.001,0.000
"API Clients (With Retries)","GetSmall",0,-11,0.001,0.001,0.000
"API Clients (With Retries)","GetSmall",0,-11,0.001,0.001,0.000
"API Clients (With Retries)","GetSmall",0,-11,0.001,0.001,0.000
"API Clients (With Retries)","GetSmall",0,-11,0.001,0.001,0.000
"API Clients (With Retries)","GetSmall",0,-11,0.001,0.001,0.000
"API Clients (With Retries)","GetSmall",0,-11,0.001,0.001,0.000
"API Clients (With Retries)","GetSmall",0,-11,0.001,0.001,0.000
"API Clients (With Retries)","GetSmall",0,-11,0.001,0.001,0.000
"API Clients (With Retries)","GetSmall",0,-11,0.001,0.001,0.000
"API Clients (With Retries)","GetSmall",0,-11,0.001,0.001,0.000
"API Clients (With Retries)","PutSmall",0,-11,0.001,0.001,0.000
"API Clients (With Retries)","GetSmall",0,-11,0.001,0.001,0.000
"API Clients (With Retries)","GetSmall",0,-11,0.001,0.001,0.000
"API Clients (With Retries)","GetSmall",0,-11,0.001,0.001,0.000
"API Clients (With Retries)","GetSmall",0,-11,0.001,0.001,0.000
"API Clients (With Retries)","GetSmall",0,-11,0.001,0.001,0.000
"API Clients (With Retries)","PutSmall",0,-11,0.002,0.002,0.000
"API Clients (With Retries)","GetSmall",0,-11,0.001,0.001,0.000
"API Clients (With Retries)","GetSmall",0,-11,0.001,0.001,0.000
"API Clients (With Retries)","GetSmall",0,-11,0.001,0.001,0.000
"API Clients (With Retries)","PutSmall",0,-11,0.001,0.001,0.000
"API Clients (With Retries)","GetSmall",0,-11,0.001,0.001,0.000
"API Clients (With Retries)","GetSmall",0,-11,0.001,0.001,0.000
"API Clients (With Retries)","GetSmall",0,-11,0.001,0.001,0.000
"API Clients (With Retries)","GetSmall",0,-11,0.004,0.004,0.000
"API Clients (With Retries)","GetSmall",0,-11,0.001,0.001,0.000
"API Clients (With Retries)","GetSmall",0,-11,0.001,0.001,0.000
"API Clients (With Retries)","GetSmall",0,-11,0.001,0.001,0.000
"API Clients (With Retries)","GetSmall",0,-11,0.001,0.001,0.000
"API Clients (With Retries)","PutSmall",0,-11,0.001,0.001,0.000
"API Clients (With Retries)","GetSmall",0,-11,0.001,0.001,0.000
"API Clients (With Retries)","GetSmall",0,-11,0.001,0.001,0.000
"API Clients (With Retries)","GetSmall",0,-11,0.001,0.001,0.000
"API Clients (With Retries)","GetSmall",0,-11,0.000,0.000,0.000
"API Clients (With Retries)","GetSmall",0,-11,0.000,0.000,0.000
"API Clients (With Retries)","PutSmall",0,-11,0.000,0.000,0.000
"API Clients (With Retries)","GetSmall",0,-11,0.000,0.000,0.000
"API Clients (With Retries)","GetSmall",0,-11,0.000,0.000,0.000
"API Clients (With Retries)","GetSmall",0,-11,0.000,0.000,0.000
"API Clients (With Retries)","GetSmall",0,-11,0.000,0.000,0.000
"API Clients (With Retries)","PutSmall",0,-11,0.000,0.000,0.000
"API Clients (With Retries)","GetSmall",0,-11,0.000,0.000,0.000
"API Clients (With Retries)","PutSmall",0,-11,0.000,0.000,0.000
"API Clients (With Retries)","GetSmall",0,-11,0.000,0.000,0.000
"API Clients (With Retries)","GetSmall",0,-11,0.000,0.000,0.000
"API Clients (With Retries)","GetSmall",0,-11,0.001,0.001,0.000
"API Clients (With Retries)","GetSmall",0,-11,0.000,0.000,0.000
"API Clients (With Retries)","GetSmall",0,-11,0.000,0.000,0.000
"API Clients (With Retries)","PutSmall",0,-11,0.001,0.001,0.000
"API Clients (With Retries)","GetSmall",0,-11,0.001,0.001,0.000
"API Clients (With Retries)","GetSmall",0,-11,0.001,0.001,0.000
"API Clients (With Retries)","GetSmall",0,-11,0.001,0.001,0.000
"API Clients (With Retries)","GetSmall",0,-11,0.001,0.001,0.000
"API Clients (With Retries)","GetSmall",0,-11,0.001,0.001,0.000
"API Clients (With Retries)","GetSmall",0,-11,0.001,0.001,0.000
"API Clients (With Retries)","GetSmall",0,-11,0.001,0.001,0.000
"API Clients (With Retries)","PutSmall",0,-11,0.001,0.001,0.000
"API Clients (With Retries)","GetSmall",0,-11,0.001,0.001,0.000
"API Clients (With Retries)","PutSmall",0,-11,0.001,0.001,0.000
"API Clients (With Retries)","GetSmall",0,-11,0.000,0.000,0.000
"API Clients (With Retries)","GetSmall",0,-11,0.000,0.000,0.000
"API Clients (With Retries)","GetSmall",0,-11,0.001,0.001,0.000
"API Clients (With Retries)","GetSmall",0,-11,0.001,0.001,0.000
"API Clients (With Retries)","GetSmall",0,-11,0.000,0.000,0.000
"API Clients (With Retries)","GetSmall",0,-11,0.001,0.001,0.000
"API Clients (With Retries)","GetSmall",0,-11,0.000,0.000,0.000
"API Clients (With Retries)","GetSmall",0,-11,0.001,0.001,0.000
"API Clients (With Retries)","GetSmall",0,-11,0.000,0.000,0.000
"API Clients (With Retries)","GetSmall",0,-11,0.000,0.000,0.000
"API Clients (With Retries)","GetSmall",0,-11,0.001,0.001,0.000
"API Clients (With Retries)","GetSmall",0,-11,0.001,0.001,0.000
"API Clients (With Retries)","GetSmall",0,-11,0.001,0.001,0.000
"API Clients (With Retries)","GetSmall",0,-11,0.001,0.001,0.000
"API Clients (With Retries)","GetSmall",0,-11,0.001,0.001,0.000
"API Clients (With Retries)","GetSmall",0,-11,0.001,0.001,0.000
"API Clients (With Retries)","GetSmall",0,-11,0.001,0.001,0.000
"API Clients (With Retries)","GetSmall",0,-11,0.001,0.001,0.000
"API Clients (With Retries)","GetSmall",0,-11,0.001,0.001,0.000
"API Clients (With Retries)","PutSmall",0,-11,0.001,0.001,0.000
"API Clients (With Retries)","GetSmall",0,-11,0.001,0.001,0.000
"API Clients (With Retries)","GetSmall",0,-11,0.001,0.001,0.000
"API Clients (With Retries)","PutSmall",0,-11,0.001,0.001,0.000
"API Clients (With Retries)","GetSmall",0,-11,0.001,0.001,0.000
"API Clients (With Retries)","GetSmall",0,-11,0.001,0.001,0.000
"API Clients (With Retries)","GetSmall",0,-11,0.001,0.001,0.000
"API Clients (With Retries)","PutSmall",0,-11,0.001,0.001,0.000
"API Clients (With Retries)","PutSmall",0,-11,0.000,0.000,0.000
"API Clients (With Retries)","GetSmall",0,-11,0.000,0.000,0.000
"API Clients (With Retries)","GetSmall",0,-11,0.000,0.000,0.000
"API Clients (With Retries)","GetSmall",0,-11,0.000,0.000,0.000
"API Clients (With Retries)","PutSmall",0,-11,0.001,0.001,0.000
"API Clients (With Retries)","GetSmall",0,-11,0.000,0.000,0.000
"API Clients (With Retries)","GetSmall",0,-11,0.000,0.000,0.000
"API Clients (With Retries)","GetSmall",0,-11,0.000,0.000,0.000
"API Clients (With Retries)","GetSmall",0,-11,0.001,0.001,0.000
"API Clients (With Retries)","GetSmall",0,-11,0.001,0.001,0.000
"API Clients (With Retries)","GetSmall",0,-11,0.001,0.001,0.000
"API Clients (With Retries)","GetSmall",0,-11,0.001,0.001,0.000
"API Clients (With Retries)","GetSmall",0,-11,0.001,0.001,0.000
"API Clients (With Retries)","GetSmall",0,-11,0.001,0.001,0.000
"API Clients (With Retries)","GetSmall",0,-11,0.001,0.001,0.000
"API Clients (With Retries)","GetSmall",0,-11,0.001,0.001,0.000
"API Clients (With Retries)","GetSmall",0,-11,0.001,0.001,0.000
"API Clients (With Retries)","GetSmall",0,-11,0.001,0.001,0.000
"API Clients (With Retries)","PutSmall",0,-11,0.001,0.001,0.000
"API Clients (With Retries)","GetSmall",0,-11,0.001,0.001,0.000
"API Clients (With Retries)","GetSmall",0,-11,0.001,0.001,0.000
"API Clients (With Retries)","GetSmall",0,-11,0.001,0.001,0.000
"API Clients (With Retries)","PutSmall",0,-11,0.001,0.001,0.000
"API Clients (With Retries)","GetSmall",0,-11,0.001,0.001,0.000
"API Clients (With Retries)","GetSmall",0,-11,0.001,0.001,0.000
"API Clients (With Retries)","GetSmall",0,-11,0.000,0.000,0.000
"API Clients (With Retries)","GetSmall",0,-11,0.001,0.001,0.000
"API Clients (With Retries)","GetSmall",0,-11,0.001,0.001,0.000
"API Clients (With Retries)","GetSmall",0,-11,0.000,0.000,0.000
"API Clients (With Retries)","GetSmall",0,-11,0.000,0.000,0.000
"API Clients (With Retries)","GetSmall",0,-11,0.000,0.000,0.000
"API Clients (With Retries)","GetSmall",0,-11,0.000,0.000,0.000
"API Clients (With Retries)","GetSmall",0,-11,0.000,0.000,0.000
"API Clients (With Retries)","GetSmall",0,-11,0.001,0.001,0.000
"API Clients (With Retries)","PutSmall",0,-11,0.001,0.001,0.000
"API Clients (With Retries)","GetSmall",0,-11,0.001,0.001,0.000
"API Clients (With Retries)","GetSmall",0,-11,0.001,0.001,0.000
"API Clients (With Retries)","PutSmall",0,-11,0.001,0.001,0.000
"API Clients (With Retries)","PutSmall",0,-11,0.001,0.001,0.000
"API Clients (With Retries)","GetSmall",0,-11,0.001,0.001,0.000
"API Clients (With Retries)","GetSmall",0,-11,0.001,0.001,0.000
"API Clients (With Retries)","GetSmall",0,-11,0.001,0.001,0.000
"API Clients (With Retries)","GetSmall",0,-11,0.001,0.001,0.000
"API Clients (With Retries)","GetSmall",0,-11,0.001,0.001,0.000
"API Clients (With Retries)","GetSmall",0,-11,0.001,0.001,0.000
"API Clients (With Retries)","GetSmall",0,-11,0.001,0.001,0.000
"API Clients (With Retries)","GetSmall",0,-11,0.001,0.001,0.000
"API Clients (With Retries)","PutSmall",0,-11,0.001,0.001,0.000
"API Clients (With Retries)","GetSmall",0,-11,0.002,0.002,0.000
"API Clients (With Retries)","GetSmall",0,-11,0.001,0.001,0.000
"API Clients (With Retries)","GetSmall",0,-11,0.000,0.000,0.000
"API Clients (With Retries)","GetSmall",0,-11,0.000,0.000,0.000
"API Clients (With Retries)","GetSmall",0,-11,0.000,0.000,0.000
"API Clients (With Retries)","PutSmall",0,-11,0.001,0.001,0.000
"API Clients (With Retries)","GetSmall",0,-11,0.000,0.000,0.000
"API Clients (With Retries)","PutSmall",0,-11,0.001,0.001,0.000
"API Clients (With Retries)","GetSmall",0,-11,0.001,0.001,0.000
"API Clients (With Retries)","GetSmall",0,-11,0.000,0.000,0.000
"API Clients (With Retries)","GetSmall",0,-11,0.001,0.001,0.000
"API Clients (With Retries)","PutSmall",0,-11,0.001,0.001,0.000
"API Clients (With Retries)","GetSmall",0,-11,0.001,0.001,0.000
"API Clients (With Retries)","GetSmall",0,-11,0.001,0.001,0.000
"API Clients (With Retries)","GetSmall",0,-11,0.001,0.001,0.000
"API Clients (With Retries)","GetSmall",0,-11,0.003,0.003,0.000
"API Clients (With Retries)","GetSmall",0,-11,0.001,0.001,0.000
"API Clients (With Retries)","GetSmall",0,-11,0.001,0.001,0.000
"API Clients (With Retries)","GetSmall",0,-11,0.001,0.001,0.000
"API Clients (With Retries)","GetSmall",0,-11,0.001,0.001,0.000
"API Clients (With Retries)","GetSmall",0,-11,0.001,0.001,0.000
"API Clients (With Retries)","GetSmall",0,-11,0.001,0.001,0.000
"API Clients (With Retries)","PutSmall",0,-11,0.001,0.001,0.000
"API Clients (With Retries)","GetSmall",0,-11,0.001,0.001,0.000
"API Clients (With Retries)","GetSmall",0,-11,0.001,0.001,0.000
"API Clients (With Retries)","GetSmall",0,-11,0.001,0.001,0.000
"API Clients (With Retries)","GetSmall",0,-11,0.001,0.001,0.000
"API Clients (With Retries)","PutSmall",0,-11,0.001,0.001,0.000
"API Clients (With Retries)","GetSmall",0,-11,0.000,0.000,0.000
"API Clients (With Retries)","GetSmall",0,-11,0.000,0.000,0.000
"API Clients (With Retries)","GetSmall",0,-11,0.000,0.000,0.000
"API Clients (With Retries)","GetSmall",0,-11,0.001,0.001,0.000
"API Clients (With Retries)","GetSmall",0,-11,0.001,0.001,0.000
"API Clients (With Retries)","GetSmall",0,-11,0.001,0.001,0.000
"API Clients (With Retries)","GetSmall",0,-11,0.001,0.001,0.000
"API Clients (With Retries)","GetSmall",0,-11,0.001,0.001,0.000
"API Clients (With Retries)","PutSmall",0,-11,0.001,0.001,0.000
"API Clients (With Retries)","GetSmall",0,-11,0.001,0.001,0.000
"API Clients (With Retries)","GetSmall",0,-11,0.001,0.001,0.000
"API Clients (With Retries)","GetSmall",0,-11,0.001,0.001,0.000
"API Clients (With Retries)","GetSmall",0,-11,0.000,0.000,0.000
"API Clients (With Retries)","GetSmall",0,-11,0.000,0.000,0.000
"API Clients (With Retries)","PutSmall",0,-11,0.000,0.000,0.000
"API Clients (With Retries)","GetSmall",0,-11,0.000,0.000,0.000
"API Clients (With Retries)","GetSmall",0,-11,0.000,0.000,0.000
"API Clients (With Retries)","PutSmall",0,-11,0.000,0.000,0.000
"API Clients (With Retries)","PutSmall",0,-11,0.001,0.001,0.000
"API Clients (With Retries)","GetSmall",0,-11,0.000,0.000,0.000
"API Clients (With Retries)","GetSmall",0,-11,0.000,0.000,0.000
"API Clients (With Retries)","GetSmall",0,-11,0.001,0.001,0.000
"API Clients (With Retries)","GetSmall",0,-11,0.001,0.001,0.000
"API Clients (With Retries)","GetSmall",0,-11,0.000,0.000,0.000
"API Clients (With Retries)","PutSmall",0,-11,0.000,0.000,0.000
"API Clients (With Retries)","GetSmall",0,-11,0.001,0.001,0.000
"API Clients (With Retries)","GetSmall",0,-11,0.000,0.000,0.000
"API Clients (With Retries)","GetSmall",0,-11,0.000,0.000,0.000
"API Clients (With Retries)","PutSmall",0,-11,0.001,0.001,0.000
"API Clients (With Retries)","GetSmall",0,-11,0.000,0.000,0.000
"API Clients (With Retries)","PutSmall",0,-11,0.000,0.000,0.000
"API Clients (With Retries)","GetSmall",0,-11,0.000,0.000,0.000
"API Clients (With Retries)","GetSmall",0,-11,0.001,0.001,0.000
"API Clients (With Retries)","GetSmall",0,-11,0.001,0.001,0.000
"API Clients (With Retries)","GetSmall",0,-11,0.001,0.001,0.000
"API Clients (With Retries)","GetSmall",0,-11,0.001,0.001,0.000
"API Clients (With Retries)","PutSmall",0,-11,0.001,0.001,0.000
"API Clients (With Retries)","GetSmall",0,-11,0.001,0.001,0.000
"API Clients (With Retries)","GetSmall",0,-11,0.001,0.001,0.000
"API Clients (With Retries)","GetSmall",0,-11,0.001,0.001,0.000
"API Clients (With Retries)","GetSmall",0,-11,0.001,0.001,0.000
"API Clients (With Retries)","GetSmall",0,-11,0.001,0.001,0.000
"API Clients (With Retries)","GetSmall",0,-11,0.001,0.001,0.000
"API Clients (With Retries)","GetSmall",0,-11,0.002,0.002,0.000
"API Clients (With Retries)","GetSmall",0,-11,0.001,0.001,0.000
"API Clients (With Retries)","GetSmall",0,-11,0.002,0.002,0.000
"API Clients (With Retries)","GetSmall",0,-11,0.001,0.001,0.000
"API Clients (With Retries)","GetSmall",0,-11,0.001,0.001,0.000
"API Clients (With Retries)","PutSmall",0,-11,0.001,0.001,0.000
"API Clients (With Retries)","GetSmall",0,-11,0.001,0.001,0.000
"API Clients (With Retries)","GetSmall",0,-11,0.001,0.001,0.000
"API Clients (With Retries)","GetSmall",0,-11,0.001,0.001,0.000
"API Clients (With Retries)","GetSmall",0,-11,0.001,0.001,0.000
"API Clients (With Retries)","GetSmall",0,-11,0.000,0.000,0.000
"API Clients (With Retries)","GetSmall",0,-11,0.000,0.000,0.000
"API Clients (With Retries)","GetSmall",0,-11,0.001,0.001,0.000
"API Clients (With Retries)","GetSmall",0,-11,0.000,0.000,0.000
"API Clients (With Retries)","GetSmall",0,-11,0.001,0.001,0.000
"API Clients (With Retries)","PutSmall",0,-11,0.001,0.001,0.000
"API Clients (With Retries)","GetSmall",0,-11,0.002,0.002,0.000
"API Clients (With Retries)","GetSmall",0,-11,0.001,0.001,0.000
"API Clients (With Retries)","GetSmall",0,-11,0.001,0.001,0.000
"API Clients (With Retries)","GetSmall",0,-11,0.001,0.001,0.000
"API Clients (With Retries)","GetSmall",0,-11,0.001,0.001,0.000
"API Clients (With Retries)","GetSmall",0,-11,0.001,0.001,0.000
"API Clients (With Retries)","GetSmall",0,-11,0.001,0.001,0.000
"API Clients (With Retries)","GetSmall",0,-11,0.001,0.001,0.000
"API Clients (With Retries)","GetSmall",0,-11,0.001,0.001,0.000
"API Clients (With Retries)","GetSmall",0,-11,0.001,0.001,0.000
"API Clients (With Retries)","GetSmall",0,-11,0.001,0.001,0.000
"API Clients (With Retries)","GetSmall",0,-11,0.001,0.001,0.000
"API Clients (With Retries)","GetSmall",0,-11,0.001,0.001,0.000
"API Clients (With Retries)","PutSmall",0,-11,0.001,0.001,0.000
"API Clients (With Retries)","GetSmall",0,-11,0.001,0.001,0.000
"API Clients (With Retries)","GetSmall",0,-11,0.001,0.001,0.000
"API Clients (With Retries)","GetSmall",0,-11,0.001,0.001,0.000
"API Clients (With Retries)","GetSmall",0,-11,0.001,0.001,0.000
"API Clients (With Retries)","GetSmall",0,-11,0.001,0.001,0.000
"API Clients (With Retries)","GetSmall",0,-11,0.001,0.001,0.000
"API Clients (With Retries)","GetSmall",0,-11,0.001,0.001,0.000
"API Clients (With Retries)","GetSmall",0,-11,0.001,0.001,0.000
"API Clients (With Retries)","GetSmall",0,-11,0.000,0.000,0.000
"API Clients (With Retries)","GetSmall",0,-11,0.003,0.003,0.000
"API Clients (With Retries)","PutSmall",0,-11,0.001,0.001,0.000
"API Clients (With Retries)","GetSmall",0,-11,0.001,0.001,0.000
"API Clients (With Retries)","GetSmall",0,-11,0.001,0.001,0.000
"API Clients (With Retries)","GetSmall",0,-11,0.001,0.001,0.000
"API Clients (With Retries)","GetSmall",0,-11,0.001,0.001,0.000
"API Clients (With Retries)","GetSmall",0,-11,0.001,0.001,0.000
"API Clients (With Retries)","PutSmall",0,-11,0.002,0.002,0.000
"API Clients (With Retries)","PutSmall",0,-11,0.001,0.001,0.000
"API Clients (With Retries)","GetSmall",0,-11,0.001,0.001,0.000
"API Clients (With Retries)","GetSmall",0,-11,0.001,0.001,0.000
"API Clients (With Retries)","GetSmall",0,-11,0.001,0.001,0.000
"API Clients (With Retries)","GetSmall",0,-11,0.001,0.001,0.000
"API Clients (With Retries)","PutSmall",0,-11,0.001,0.001,0.000
"API Clients (With Retries)","PutSmall",0,-11,0.001,0.001,0.000
"API Clients (With Retries)","GetSmall",0,-11,0.001,0.001,0.000
"API Clients (With Retries)","GetSmall",0,-11,0.001,0.001,0.000
"API Clients (With Retries)","GetSmall",0,-11,0.001,0.001,0.000
"API Clients (With Retries)","GetSmall",0,-11,0.001,0.001,0.000
"API Clients (With Retries)","GetSmall",0,-11,0.001,0.001,0.000
"API Clients (With Retries)","GetSmall",0,-11,0.001,0.001,0.000
"API Clients (With Retries)","GetSmall",0,-11,0.001,0.001,0.000
"API Clients (With Retries)","GetSmall",0,-11,0.001,0.001,0.000
"API Clients (With Retries)","GetSmall",0,-11,0.001,0.001,0.000
"API Clients (With Retries)","GetSmall",0,-11,0.001,0.001,0.000
"API Clients (With Retries)","PutSmall",0,-11,0.001,0.001,0.000
"API Clients (With Retries)","GetSmall",0,-11,0.001,0.001,0.000
"API Clients (With Retries)","GetSmall",0,-11,0.001,0.001,0.000
"API Clients (With Retries)","GetSmall",0,-11,0.001,0.001,0.000
"API Clients (With Retries)","GetSmall",0,-11,0.001,0.001,0.000
"API Clients (With Retries)","GetSmall",0,-11,0.000,0.000,0.000
"API Clients (With Retries)","GetSmall",0,-11,0.000,0.000,0.000
"API Clients (With Retries)","PutSmall",0,-11,0.001,0.001,0.000
"API Clients (With Retries)","PutSmall",0,-11,0.001,0.001,0.000
"API Clients (With Retries)","PutSmall",0,-11,0.001,0.001,0.000
"API Clients (With Retries)","GetSmall",0,-11,0.001,0.001,0.000
"API Clients (With Retries)","GetSmall",0,-11,0.001,0.001,0.000
"API Clients (With Retries)","GetSmall",0,-11,0.000,0.000,0.000
"API Clients (With Retries)","GetSmall",0,-11,0.001,0.001,0.000
"API Clients (With Retries)","GetSmall",0,-11,0.000,0.000,0.000
"API Clients (With Retries)","GetSmall",0,-11,0.001,0.001,0.000
"API Clients (With Retries)","GetSmall",0,-11,0.001,0.001,0.000
"API Clients (With Retries)","GetSmall",0,-11,0.001,0.001,0.000
"API Clients (With Retries)","GetSmall",0,-11,0.001,0.001,0.000
"API Clients (With Retries)","GetSmall",0,-11,0.000,0.000,0.000
"API Clients (With Retries)","GetSmall",0,-11,0.000,0.000,0.000
"API Clients (With Retries)","PutSmall",0,-11,0.001,0.001,0.000
"API Clients (With Retries)","GetSmall",0,-11,0.001,0.001,0.000
"API Clients (With Retries)","GetSmall",0,-11,0.000,0.000,0.000
"API Clients (With Retries)","PutSmall",0,-11,0.000,0.000,0.000
"API Clients (With Retries)","PutSmall",0,-11,0.000,0.000,0.000
"API Clients (With Retries)","GetSmall",0,-11,0.001,0.001,0.000
"API Clients (With Retries)","GetSmall",0,-11,0.000,0.000,0.000
"API Clients (With Retries)","PutSmall",0,-11,0.001,0.001,0.000
"API Clients (With Retries)","GetSmall",0,-11,0.000,0.000,0.000
"API Clients (With Retries)","GetSmall",0,-11,0.001,0.001,0.000
"API Clients (With Retries)","GetSmall",0,-11,0.001,0.001,0.000
"API Clients (With Retries)","GetSmall",0,-11,0.001,0.001,0.000
"API Clients (With Retries)","PutSmall",0,-11,0.002,0.002,0.000
"API Clients (With Retries)","GetSmall",0,-11,0.002,0.002,0.000
"API Clients (With Retries)","GetSmall",0,-11,0.002,0.002,0.000
"API Clients (With Retries)","GetSmall",0,-11,0.001,0.001,0.000
"API Clients (With Retries)","PutSmall",0,-11,0.001,0.001,0.000
"API Clients (With Retries)","PutSmall",0,-11,0.001,0.001,0.000
"API Clients (With Retries)","GetSmall",0,-11,0.001,0.001,0.000
"API Clients (With Retries)","GetSmall",0,-11,0.001,0.001,0.000
"API Clients (With Retries)","GetSmall",0,-11,0.001,0.001,0.000
"API Clients (With Retries)","PutSmall",0,-11,0.001,0.001,0.000
"API Clients (With Retries)","GetSmall",0,-11,0.001,0.001,0.000
"API Clients (With Retries)","GetSmall",0,-11,0.001,0.001,0.000
"API Clients (With Retries)","GetSmall",0,-11,0.001,0.001,0.000
"API Clients (With Retries)","GetSmall",0,-11,0.001,0.001,0.000
"API Clients (With Retries)","GetSmall",0,-11,0.001,0.001,0.000
"API Clients (With Retries)","GetSmall",0,-11,0.000,0.000,0.000
"API Clients (With Retries)","GetSmall",0,-11,0.000,0.000,0.000
"API Clients (With Retries)","GetSmall",0,-11,0.001,0.001,0.000
"API Clients (With Retries)","GetSmall",0,-11,0.001,0.001,0.000
"API Clients (With Retries)","GetSmall",0,-11,0.001,0.001,0.000
"API Clients (With Retries)","GetSmall",0,-11,0.001,0.001,0.000
"API Clients (With Retries)","GetSmall",0,-11,0.001,0.001,0.000
"API Clients (With Retries)","GetSmall",0,-11,0.001,0.001,0.000
"API Clients (With Retries)","GetSmall",0,-11,0.001,0.001,0.000
"API Clients (With Retries)","GetSmall",0,-11,0.001,0.001,0.000
"API Clients (With Retries)","GetSmall",0,-11,0.001,0.001,0.000
"API Clients (With Retries)","GetSmall",0,-11,0.001,0.001,0.000
"API Clients (With Retries)","GetSmall",0,-11,0.001,0.001,0.000
"API Clients (With Retries)","GetSmall",0,-11,0.001,0.001,0.000
"API Clients (With Retries)","GetSmall",0,-11,0.001,0.001,0.000
"API Clients (With Retries)","GetSmall",0,-11,0.001,0.001,0.000
"API Clients (With Retries)","PutSmall",0,-11,0.001,0.001,0.000
"API Clients (With Retries)","GetSmall",0,-11,0.001,0.001,0.000
"API Clients (With Retries)","GetSmall",0,-11,0.001,0.001,0.000
"API Clients (With Retries)","GetSmall",0,-11,0.002,0.002,0.000
"API Clients (With Retries)","GetSmall",0,-11,0.001,0.001,0.000
"API Clients (With Retries)","GetSmall",0,-11,0.001,0.001,0.000
"API Clients (With Retries)","GetSmall",0,-11,0.001,0.001,0.000
"API Clients (With Retries)","GetSmall",0,-11,0.001,0.001,0.000
"API Clients (With Retries)","GetSmall",0,-11,0.001,0.001,0.000
"API Clients (With Retries)","GetSmall",0,-11,0.001,0.001,0.000
"API Clients (With Retries)","GetSmall",0,-11,0.001,0.001,0.000
"API Clients (With Retries)","GetSmall",0,-11,0.001,0.001,0.000
"API Clients (With Retries)","PutSmall",0,-11,0.001,0.001,0.000
"API Clients (With Retries)","GetSmall",0,-11,0.001,0.001,0.000
"API Clients (With Retries)","PutSmall",0,-11,0.001,0.001,0.000
"API Clients (With Retries)","GetSmall",0,-11,0.001,0.001,0.000
"API Clients (With Retries)","GetSmall",0,-11,0.001,0.001,0.000
"API Clients (With Retries)","GetSmall",0,-11,0.001,0.001,0.000
"API Clients (With Retries)","GetSmall",0,-11,0.001,0.001,0.000
"API Clients (With Retries)","GetSmall",0,-11,0.001,0.001,0.000
"API Clients (With Retries)","GetSmall",0,-11,0.001,0.001,0.000
"API Clients (With Retries)","GetSmall",0,-11,0.001,0.001,0.000
"API Clients (With Retries)","GetSmall",0,-11,0.001,0.001,0.000
"API Clients (With Retries)","GetSmall",0,-11,0.001,0.001,0.000
"API Clients (With Retries)","GetSmall",0,-11,0.001,0.001,0.000
"API Clients (With Retries)","GetSmall",0,-11,0.001,0.001,0.000
"API Clients (With Retries)","GetSmall",0,-11,0.001,0.001,0.000
"API Clients (With Retries)","GetSmall",0,-11,0.001,0.001,0.000
"API Clients (With Retries)","GetSmall",0,-11,0.002,0.002,0.000
"API Clients (With Retries)","GetSmall",0,-11,0.001,0.001,0.000
"API Clients (With Retries)","GetSmall",0,-11,0.002,0.002,0.000
"API Clients (With Retries)","GetSmall",0,-11,0.002,0.002,0.000
"API Clients (With Retries)","GetSmall",0,-11,0.001,0.001,0.000
"API Clients (With Retries)","GetSmall",0,-11,0.001,0.001,0.000
"API Clients (With Retries)","GetSmall",0,-11,0.001,0.001,0.000
"API Clients (With Retries)","GetSmall",0,-11,0.000,0.000,0.000
"API Clients (With Retries)","GetSmall",0,-11,0.001,0.001,0.000
"API Clients (With Retries)","GetSmall",0,-11,0.001,0.001,0.000
"API Clients (With Retries)","GetSmall",0,-11,0.002,0.002,0.000
"API Clients (With Retries)","GetSmall",0,-11,0.002,0.002,0.000
"API Clients (With Retries)","GetSmall",0,-11,0.002,0.002,0.000
"API Clients (With Retries)","PutSmall",0,-11,0.001,0.001,0.000
"API Clients (With Retries)","PutSmall",0,-11,0.002,0.002,0.000
"API Clients (With Retries)","GetSmall",0,-11,0.000,0.000,0.000
"API Clients (With Retries)","GetSmall",0,-11,0.001,0.001,0.000
"API Clients (With Retries)","GetSmall",0,-11,0.001,0.001,0.000
"API Clients (With Retries)","GetSmall",0,-11,0.000,0.000,0.000
"API Clients (With Retries)","GetSmall",0,-11,0.001,0.001,0.000
"API Clients (With Retries)","GetSmall",0,-11,0.000,0.000,0.000
"API Clients (With Retries)","PutSmall",0,-11,0.001,0.001,0.000
"API Clients (With Retries)","GetSmall",0,-11,0.001,0.001,0.000
"API Clients (With Retries)","GetSmall",0,-11,0.001,0.001,0.000
"API Clients (With Retries)","PutSmall",0,-11,0.001,0.001,0.000
"API Clients (With Retries)","PutSmall",0,-11,0.002,0.002,0.000
"API Clients (With Retries)","PutSmall",0,-11,0.001,0.001,0.000
"API Clients (With Retries)","GetSmall",0,-11,0.001,0.001,0.000
"API Clients (With Retries)","GetSmall",0,-11,0.001,0.001,0.000
"API Clients (With Retries)","PutSmall",0,-11,0.003,0.003,0.000
"API Clients (With Retries)","GetSmall",0,-11,0.001,0.001,0.000
"API Clients (With Retries)","GetSmall",0,-11,0.001,0.001,0.000
"API Clients (With Retries)","GetSmall",0,-11,0.000,0.000,0.000
"API Clients (With Retries)","GetSmall",0,-11,0.001,0.001,0.000
"API Clients (With Retries)","PutSmall",0,-11,0.001,0.001,0.000
"API Clients (With Retries)","GetSmall",0,-11,0.001,0.001,0.000
"API Clients (With Retries)","GetSmall",0,-11,0.001,0.001,0.000
"API Clients (With Retries)","GetSmall",0,-11,0.001,0.001,0.000
"API Clients (With Retries)","GetSmall",0,-11,0.001,0.001,0.000
"API Clients (With Retries)","GetSmall",0,-11,0.001,0.001,0.000
"API Clients (With Retries)","GetSmall",0,-11,0.002,0.002,0.000
"API Clients (With Retries)","GetSmall",0,-11,0.001,0.001,0.000
"API Clients (With Retries)","GetSmall",0,-11,0.001,0.001,0.000
"API Clients (With Retries)","GetSmall",0,-11,0.001,0.001,0.000
"API Clients (With Retries)","GetSmall",0,-11,0.001,0.001,0.000
"API Clients (With Retries)","GetSmall",0,-11,0.001,0.001,0.000
"API Clients (With Retries)","PutSmall",0,-11,0.001,0.001,0.000
"API Clients (With Retries)","PutSmall",0,-11,0.001,0.001,0.000
"API Clients (With Retries)","PutSmall",0,-11,0.001,0.001,0.000
"API Clients (With Retries)","GetSmall",0,-11,0.001,0.001,0.000
"API Clients (With Retries)","GetSmall",0,-11,0.001,0.001,0.000
"API Clients (With Retries)","GetSmall",0,-11,0.001,0.001,0.000
"API Clients (With Retries)","GetSmall",0,-11,0.000,0.000,0.000
"API Clients (With Retries)","GetSmall",0,-11,0.001,0.001,0.000
"API Clients (With Retries)","GetSmall",0,-11,0.001,0.001,0.000
"API Clients (With Retries)","GetSmall",0,-11,0.000,0.000,0.000
"API Clients (With Retries)","PutSmall",0,-11,0.001,0.001,0.000
"API Clients (With Retries)","GetSmall",0,-11,0.000,0.000,0.000
"API Clients (With Retries)","GetSmall",0,-11,0.001,0.001,0.000
"API Clients (With Retries)","GetSmall",0,-11,0.001,0.001,0.000
"API Clients (With Retries)","GetSmall",0,-11,0.001,0.001,0.000
"API Clients (With Retries)","GetSmall",0,-11,0.001,0.001,0.000
"API Clients (With Retries)","GetSmall",0,-11,0.001,0.001,0.000
"API Clients (With Retries)","GetSmall",0,-11,0.001,0.001,0.000
"API Clients (With Retries)","GetSmall",0,-11,0.001,0.001,0.000
"API Clients (With Retries)","GetSmall",0,-11,0.001,0.001,0.000
"API Clients (With Retries)","GetSmall",0,-11,0.003,0.003,0.000
"API Clients (With Retries)","GetSmall",0,-11,0.001,0.001,0.000
"API Clients (With Retries)","GetSmall",0,-11,0.001,0.001,0.000
"API Clients (With Retries)","PutSmall",0,-11,0.001,0.001,0.000
"API Clients (With Retries)","GetSmall",0,-11,0.001,0.001,0.000
"API Clients (With Retries)","GetSmall",0,-11,0.001,0.001,0.000
"API Clients (With Retries)","GetSmall",0,-11,0.001,0.001,0.000
"API Clients (With Retries)","GetSmall",0,-11,0.001,0.001,0.000
"API Clients (With Retries)","GetSmall",0,-11,0.001,0.001,0.000
"API Clients (With Retries)","GetSmall",0,-11,0.001,0.001,0.000
"API Clients (With Retries)","GetSmall",0,-11,0.001,0.001,0.000
"API Clients (With Retries)","GetSmall",0,-11,0.001,0.001,0.000
"API Clients (With Retries)","GetSmall",0,-11,0.001,0.001,0.000
"API Clients (With Retries)","PutSmall",0,-11,0.001,0.001,0.000
"API Clients (With Retries)","GetSmall",0,-11,0.001,0.001,0.000
"API Clients (With Retries)","GetSmall",0,-11,0.001,0.001,0.000
"API Clients (With Retries)","GetSmall",0,-11,0.000,0.000,0.000
