tenant,op,success,error_code,total_lat_ms,queue_lat_ms,backend_lat_ms
"Tenant 1 [Control] Health Monitor","ProbeHealth",1,0,1.304,0.549,0.715
"Tenant 1 [Control] Health Monitor","ProbeHealth",1,0,6.255,5.498,0.745
"Tenant 1 [Control] Health Monitor","ProbeHealth",1,0,0.778,0.035,0.734
"Tenant 1 [Control] Health Monitor","ProbeHealth",1,0,1.979,1.202,0.767
"Tenant 1 [Control] Health Monitor","ProbeHealth",1,0,0.828,0.063,0.749
"Tenant 1 [Control] Health Monitor","ProbeHealth",1,0,0.780,0.036,0.730
"Tenant 1 [Control] Health Monitor","ProbeHealth",1,0,0.833,0.023,0.738
"Tenant 1 [Control] Health Monitor","ProbeHealth",1,0,0.767,0.018,0.739
"Tenant 1 [Control] Health Monitor","ProbeHealth",1,0,0.750,0.022,0.717
"Tenant 1 [Control] Health Monitor","ProbeHealth",1,0,0.818,0.032,0.744
"Tenant 1 [Control] Health Monitor","ProbeHealth",1,0,0.785,0.021,0.756
"Tenant 1 [Control] Health Monitor","ProbeHealth",1,0,0.801,0.036,0.758
"Tenant 1 [Control] Health Monitor","ProbeHealth",1,0,0.777,0.027,0.718
"Tenant 1 [Control] Health Monitor","ProbeHealth",1,0,0.811,0.026,0.768
"Tenant 1 [Control] Health Monitor","ProbeHealth",1,0,0.834,0.019,0.782
"Tenant 1 [Control] Health Monitor","ProbeHealth",1,0,0.764,0.029,0.725
"Tenant 1 [Control] Health Monitor","ProbeHealth",1,0,0.849,0.056,0.782
"Tenant 1 [Control] Health Monitor","ProbeHealth",1,0,0.791,0.021,0.763
"Tenant 1 [Control] Health Monitor","ProbeHealth",1,0,0.796,0.024,0.768
"Tenant 1 [Control] Health Monitor","ProbeHealth",1,0,0.810,0.024,0.777
"Tenant 1 [Control] Health Monitor","ProbeHealth",1,0,0.810,0.057,0.736
"Tenant 1 [Control] Health Monitor","ProbeHealth",1,0,0.799,0.047,0.746
"Tenant 1 [Control] Health Monitor","ProbeHealth",1,0,0.804,0.025,0.768
"Tenant 1 [Control] Health Monitor","ProbeHealth",1,0,0.816,0.036,0.746
"Tenant 1 [Control] Health Monitor","ProbeHealth",1,0,0.817,0.011,0.775
"Tenant 1 [Control] Health Monitor","ProbeHealth",1,0,0.890,0.076,0.786
"Tenant 1 [Control] Health Monitor","ProbeHealth",1,0,0.796,0.028,0.760
"Tenant 1 [Control] Health Monitor","ProbeHealth",1,0,0.808,0.024,0.748
"Tenant 1 [Control] Health Monitor","ProbeHealth",1,0,0.768,0.018,0.737
"Tenant 1 [Control] Health Monitor","ProbeHealth",1,0,0.787,0.030,0.746
"Tenant 1 [Control] Health Monitor","ProbeHealth",1,0,0.831,0.034,0.756
"Tenant 1 [Control] Health Monitor","ProbeHealth",1,0,0.782,0.038,0.739
"Tenant 1 [Control] Health Monitor","ProbeHealth",1,0,0.843,0.049,0.761
"Tenant 1 [Control] Health Monitor","ProbeHealth",1,0,0.798,0.025,0.769
"Tenant 1 [Control] Health Monitor","ProbeHealth",1,0,0.803,0.031,0.765
"Tenant 1 [Control] Health Monitor","ProbeHealth",1,0,0.781,0.023,0.740
"Tenant 1 [Control] Health Monitor","ProbeHealth",1,0,0.776,0.036,0.733
"Tenant 1 [Control] Health Monitor","ProbeHealth",1,0,0.748,0.021,0.722
"Tenant 1 [Control] Health Monitor","ProbeHealth",1,0,0.746,0.021,0.714
"Tenant 1 [Control] Health Monitor","ProbeHealth",1,0,0.862,0.041,0.772
"Tenant 1 [Control] Health Monitor","ProbeHealth",1,0,0.817,0.031,0.769
"Tenant 1 [Control] Health Monitor","ProbeHealth",1,0,0.818,0.023,0.755
"Tenant 1 [Control] Health Monitor","ProbeHealth",1,0,0.840,0.032,0.773
"Tenant 1 [Control] Health Monitor","ProbeHealth",1,0,0.850,0.058,0.764
"Tenant 1 [Control] Health Monitor","ProbeHealth",1,0,0.777,0.020,0.753
"Tenant 1 [Control] Health Monitor","ProbeHealth",1,0,0.764,0.019,0.738
"Tenant 1 [Control] Health Monitor","ProbeHealth",1,0,0.844,0.041,0.785
"Tenant 1 [Control] Health Monitor","ProbeHealth",1,0,0.851,0.061,0.768
"Tenant 1 [Control] Health Monitor","ProbeHealth",1,0,0.772,0.029,0.717
"Tenant 1 [Control] Health Monitor","ProbeHealth",1,0,0.800,0.040,0.713
"Tenant 1 [Control] Health Monitor","ProbeHealth",1,0,0.796,0.028,0.718
"Tenant 1 [Control] Health Monitor","ProbeHealth",1,0,0.816,0.024,0.758
"Tenant 1 [Control] Health Monitor","ProbeHealth",1,0,0.818,0.035,0.754
"Tenant 1 [Control] Health Monitor","ProbeHealth",1,0,0.797,0.035,0.754
"Tenant 1 [Control] Health Monitor","ProbeHealth",1,0,0.799,0.024,0.764
"Tenant 1 [Control] Health Monitor","ProbeHealth",1,0,0.783,0.029,0.746
"Tenant 1 [Control] Health Monitor","ProbeHealth",1,0,0.760,0.023,0.733
"Tenant 1 [Control] Health Monitor","ProbeHealth",1,0,0.820,0.071,0.723
"Tenant 1 [Control] Health Monitor","ProbeHealth",1,0,0.783,0.019,0.760
"Tenant 1 [Control] Health Monitor","ProbeHealth",1,0,0.849,0.078,0.731
"Tenant 1 [Control] Health Monitor","ProbeHealth",1,0,0.824,0.029,0.748
"Tenant 1 [Control] Health Monitor","ProbeHealth",1,0,0.812,0.023,0.781
"Tenant 1 [Control] Health Monitor","ProbeHealth",1,0,0.758,0.018,0.736
"Tenant 1 [Control] Health Monitor","ProbeHealth",1,0,0.765,0.018,0.742
"Tenant 1 [Control] Health Monitor","ProbeHealth",1,0,0.864,0.049,0.783
"Tenant 1 [Control] Health Monitor","ProbeHealth",1,0,0.779,0.027,0.744
"Tenant 1 [Control] Health Monitor","ProbeHealth",1,0,0.841,0.068,0.735
"Tenant 1 [Control] Health Monitor","ProbeHealth",1,0,0.769,0.025,0.730
"Tenant 1 [Control] Health Monitor","ProbeHealth",1,0,0.797,0.069,0.725
"Tenant 1 [Control] Health Monitor","ProbeHealth",1,0,0.804,0.032,0.735
"Tenant 1 [Control] Health Monitor","ProbeHealth",1,0,0.809,0.031,0.766
"Tenant 1 [Control] Health Monitor","ProbeHealth",1,0,0.800,0.039,0.748
"Tenant 1 [Control] Health Monitor","ProbeHealth",1,0,0.775,0.035,0.733
"Tenant 1 [Control] Health Monitor","ProbeHealth",1,0,0.794,0.060,0.717
"Tenant 1 [Control] Health Monitor","ProbeHealth",1,0,0.793,0.019,0.767
"Tenant 1 [Control] Health Monitor","ProbeHealth",1,0,0.772,0.045,0.720
"Tenant 1 [Control] Health Monitor","ProbeHealth",1,0,0.823,0.072,0.745
"Tenant 1 [Control] Health Monitor","ProbeHealth",1,0,0.741,0.020,0.718
"Tenant 1 [Control] Health Monitor","ProbeHealth",1,0,0.772,0.025,0.743
"Tenant 1 [Control] Health Monitor","ProbeHealth",1,0,0.747,0.019,0.718
"Tenant 1 [Control] Health Monitor","ProbeHealth",1,0,0.742,0.023,0.714
"Tenant 1 [Control] Health Monitor","ProbeHealth",1,0,0.819,0.037,0.775
"Tenant 1 [Control] Health Monitor","ProbeHealth",1,0,0.851,0.028,0.780
"Tenant 1 [Control] Health Monitor","ProbeHealth",1,0,0.852,0.031,0.785
"Tenant 1 [Control] Health Monitor","ProbeHealth",1,0,0.837,0.033,0.771
"Tenant 1 [Control] Health Monitor","ProbeHealth",1,0,0.828,0.050,0.743
"Tenant 1 [Control] Health Monitor","ProbeHealth",1,0,0.859,0.028,0.746
"Tenant 1 [Control] Health Monitor","ProbeHealth",1,0,0.788,0.060,0.719
"Tenant 1 [Control] Health Monitor","ProbeHealth",1,0,0.764,0.018,0.741
"Tenant 1 [Control] Health Monitor","ProbeHealth",1,0,0.773,0.022,0.741
"Tenant 1 [Control] Health Monitor","ProbeHealth",1,0,0.815,0.035,0.766
"Tenant 1 [Control] Health Monitor","ProbeHealth",1,0,0.795,0.032,0.758
"Tenant 1 [Control] Health Monitor","ProbeHealth",1,0,0.831,0.031,0.760
"Tenant 1 [Control] Health Monitor","ProbeHealth",1,0,0.838,0.032,0.782
"Tenant 1 [Control] Health Monitor","ProbeHealth",1,0,0.796,0.030,0.755
"Tenant 1 [Control] Health Monitor","ProbeHealth",1,0,0.805,0.028,0.770
"Tenant 1 [Control] Health Monitor","ProbeHealth",1,0,0.872,0.057,0.779
"Tenant 1 [Control] Health Monitor","ProbeHealth",1,0,0.841,0.063,0.773
"Tenant 1 [Control] Health Monitor","ProbeHealth",1,0,0.797,0.053,0.733
"Tenant 1 [Control] Health Monitor","ProbeHealth",1,0,0.801,0.019,0.776
"Tenant 1 [Control] Health Monitor","ProbeHealth",1,0,0.777,0.040,0.727
"Tenant 1 [Control] Health Monitor","ProbeHealth",1,0,0.795,0.027,0.749
"Tenant 1 [Control] Health Monitor","ProbeHealth",1,0,0.792,0.030,0.737
"Tenant 1 [Control] Health Monitor","ProbeHealth",1,0,0.748,0.019,0.723
"Tenant 1 [Control] Health Monitor","ProbeHealth",1,0,0.813,0.020,0.787
"Tenant 1 [Control] Health Monitor","ProbeHealth",1,0,0.808,0.031,0.772
"Tenant 1 [Control] Health Monitor","ProbeHealth",1,0,0.769,0.008,0.739
"Tenant 1 [Control] Health Monitor","ProbeHealth",1,0,0.827,0.039,0.783
"Tenant 1 [Control] Health Monitor","ProbeHealth",1,0,0.780,0.018,0.757
"Tenant 1 [Control] Health Monitor","ProbeHealth",1,0,0.818,0.046,0.765
"Tenant 1 [Control] Health Monitor","ProbeHealth",1,0,0.822,0.070,0.716
"Tenant 1 [Control] Health Monitor","ProbeHealth",1,0,0.801,0.029,0.760
"Tenant 1 [Control] Health Monitor","ProbeHealth",1,0,0.811,0.028,0.779
"Tenant 1 [Control] Health Monitor","ProbeHealth",1,0,0.794,0.063,0.718
"Tenant 1 [Control] Health Monitor","ProbeHealth",1,0,0.752,0.030,0.716
"Tenant 1 [Control] Health Monitor","ProbeHealth",1,0,0.797,0.031,0.727
"Tenant 1 [Control] Health Monitor","ProbeHealth",1,0,0.753,0.026,0.717
"Tenant 1 [Control] Health Monitor","ProbeHealth",1,0,0.790,0.031,0.752
"Tenant 1 [Control] Health Monitor","ProbeHealth",1,0,0.801,0.021,0.742
"Tenant 1 [Control] Health Monitor","ProbeHealth",1,0,0.816,0.020,0.779
"Tenant 1 [Control] Health Monitor","ProbeHealth",1,0,0.804,0.029,0.770
"Tenant 1 [Control] Health Monitor","ProbeHealth",1,0,0.783,0.019,0.753
"Tenant 1 [Control] Health Monitor","ProbeHealth",1,0,0.809,0.047,0.718
"Tenant 1 [Control] Health Monitor","ProbeHealth",1,0,0.806,0.034,0.768
"Tenant 1 [Control] Health Monitor","ProbeHealth",1,0,0.794,0.025,0.762
"Tenant 1 [Control] Health Monitor","ProbeHealth",1,0,0.797,0.025,0.754
"Tenant 1 [Control] Health Monitor","ProbeHealth",1,0,0.792,0.020,0.757
"Tenant 1 [Control] Health Monitor","ProbeHealth",1,0,0.801,0.024,0.770
"Tenant 1 [Control] Health Monitor","ProbeHealth",1,0,0.824,0.025,0.767
"Tenant 1 [Control] Health Monitor","ProbeHealth",1,0,0.742,0.019,0.718
"Tenant 1 [Control] Health Monitor","ProbeHealth",1,0,0.816,0.057,0.721
"Tenant 1 [Control] Health Monitor","ProbeHealth",1,0,0.790,0.018,0.763
"Tenant 1 [Control] Health Monitor","ProbeHealth",1,0,0.783,0.019,0.759
"Tenant 1 [Control] Health Monitor","ProbeHealth",1,0,0.757,0.005,0.747
"Tenant 1 [Control] Health Monitor","ProbeHealth",1,0,0.793,0.023,0.765
"Tenant 1 [Control] Health Monitor","ProbeHealth",1,0,0.813,0.019,0.787
"Tenant 1 [Control] Health Monitor","ProbeHealth",1,0,0.836,0.037,0.715
"Tenant 1 [Control] Health Monitor","ProbeHealth",1,0,0.806,0.032,0.761
"Tenant 1 [Control] Health Monitor","ProbeHealth",1,0,0.776,0.029,0.721
"Tenant 1 [Control] Health Monitor","ProbeHealth",1,0,0.833,0.057,0.760
"Tenant 1 [Control] Health Monitor","ProbeHealth",1,0,0.770,0.025,0.739
"Tenant 1 [Control] Health Monitor","ProbeHealth",1,0,0.760,0.017,0.737
"Tenant 1 [Control] Health Monitor","ProbeHealth",1,0,0.782,0.018,0.757
"Tenant 1 [Control] Health Monitor","ProbeHealth",1,0,0.766,0.019,0.739
"Tenant 1 [Control] Health Monitor","ProbeHealth",1,0,0.812,0.032,0.775
"Tenant 1 [Control] Health Monitor","ProbeHealth",1,0,0.833,0.046,0.767
"Tenant 1 [Control] Health Monitor","ProbeHealth",1,0,0.840,0.066,0.741
"Tenant 1 [Control] Health Monitor","ProbeHealth",1,0,0.815,0.032,0.742
"Tenant 1 [Control] Health Monitor","ProbeHealth",1,0,0.803,0.023,0.774
"Tenant 1 [Control] Health Monitor","ProbeHealth",1,0,0.762,0.017,0.739
"Tenant 1 [Control] Health Monitor","ProbeHealth",1,0,0.768,0.021,0.734
"Tenant 1 [Control] Health Monitor","ProbeHealth",1,0,0.765,0.018,0.743
"Tenant 1 [Control] Health Monitor","ProbeHealth",1,0,0.774,0.032,0.721
"Tenant 1 [Control] Health Monitor","ProbeHealth",1,0,0.815,0.020,0.787
"Tenant 1 [Control] Health Monitor","ProbeHealth",1,0,0.806,0.036,0.754
"Tenant 1 [Control] Health Monitor","ProbeHealth",1,0,0.820,0.030,0.767
"Tenant 1 [Control] Health Monitor","ProbeHealth",1,0,0.885,0.050,0.769
"Tenant 1 [Control] Health Monitor","ProbeHealth",1,0,0.806,0.021,0.750
"Tenant 1 [Control] Health Monitor","ProbeHealth",1,0,0.765,0.020,0.741
"Tenant 1 [Control] Health Monitor","ProbeHealth",1,0,0.765,0.033,0.723
"Tenant 1 [Control] Health Monitor","ProbeHealth",1,0,0.750,0.029,0.716
"Tenant 1 [Control] Health Monitor","ProbeHealth",1,0,0.797,0.017,0.775
"Tenant 1 [Control] Health Monitor","ProbeHealth",1,0,0.787,0.038,0.744
"Tenant 1 [Control] Health Monitor","ProbeHealth",1,0,0.770,0.006,0.748
"Tenant 1 [Control] Health Monitor","ProbeHealth",1,0,0.850,0.046,0.770
"Tenant 1 [Control] Health Monitor","ProbeHealth",1,0,0.808,0.019,0.786
"Tenant 1 [Control] Health Monitor","ProbeHealth",1,0,0.784,0.035,0.722
"Tenant 1 [Control] Health Monitor","ProbeHealth",1,0,0.780,0.018,0.753
"Tenant 1 [Control] Health Monitor","ProbeHealth",1,0,0.777,0.020,0.749
"Tenant 1 [Control] Health Monitor","ProbeHealth",1,0,0.746,0.021,0.720
"Tenant 1 [Control] Health Monitor","ProbeHealth",1,0,0.772,0.034,0.729
"Tenant 1 [Control] Health Monitor","ProbeHealth",1,0,0.764,0.030,0.720
"Tenant 1 [Control] Health Monitor","ProbeHealth",1,0,0.839,0.036,0.768
"Tenant 1 [Control] Health Monitor","ProbeHealth",1,0,0.779,0.018,0.741
"Tenant 1 [Control] Health Monitor","ProbeHealth",1,0,0.865,0.043,0.786
"Tenant 1 [Control] Health Monitor","ProbeHealth",1,0,0.818,0.035,0.773
"Tenant 1 [Control] Health Monitor","ProbeHealth",1,0,0.747,0.027,0.714
"Tenant 1 [Control] Health Monitor","ProbeHealth",1,0,0.765,0.022,0.738
"Tenant 1 [Control] Health Monitor","ProbeHealth",1,0,0.780,0.020,0.756
"Tenant 1 [Control] Health Monitor","ProbeHealth",1,0,0.753,0.018,0.730
"Tenant 1 [Control] Health Monitor","ProbeHealth",1,0,0.804,0.037,0.732
"Tenant 1 [Control] Health Monitor","ProbeHealth",1,0,0.791,0.046,0.738
"Tenant 1 [Control] Health Monitor","ProbeHealth",1,0,0.835,0.023,0.779
"Tenant 1 [Control] Health Monitor","ProbeHealth",1,0,0.842,0.047,0.746
"Tenant 1 [Control] Health Monitor","ProbeHealth",1,0,0.854,0.035,0.784
"Tenant 1 [Control] Health Monitor","ProbeHealth",1,0,0.759,0.023,0.732
"Tenant 1 [Control] Health Monitor","ProbeHealth",1,0,0.771,0.028,0.735
"Tenant 1 [Control] Health Monitor","ProbeHealth",1,0,0.773,0.032,0.733
"Tenant 1 [Control] Health Monitor","ProbeHealth",1,0,0.774,0.018,0.740
"Tenant 1 [Control] Health Monitor","ProbeHealth",1,0,0.758,0.023,0.720
"Tenant 1 [Control] Health Monitor","ProbeHealth",1,0,0.779,0.021,0.754
"Tenant 1 [Control] Health Monitor","ProbeHealth",1,0,0.776,0.029,0.741
"Tenant 1 [Control] Health Monitor","ProbeHealth",1,0,0.745,0.016,0.721
"Tenant 1 [Control] Health Monitor","ProbeHealth",1,0,0.774,0.022,0.742
"Tenant 1 [Control] Health Monitor","ProbeHealth",1,0,0.792,0.022,0.758
"Tenant 1 [Control] Health Monitor","ProbeHealth",1,0,0.783,0.022,0.756
"Tenant 1 [Control] Health Monitor","ProbeHealth",1,0,0.804,0.035,0.760
"Tenant 1 [Control] Health Monitor","ProbeHealth",1,0,0.789,0.023,0.763
"Tenant 1 [Control] Health Monitor","ProbeHealth",1,0,0.851,0.067,0.749
"Tenant 1 [Control] Health Monitor","ProbeHealth",1,0,0.809,0.043,0.733
"Tenant 1 [Control] Health Monitor","ProbeHealth",1,0,0.844,0.024,0.782
"Tenant 1 [Control] Health Monitor","ProbeHealth",1,0,0.817,0.008,0.775
"Tenant 1 [Control] Health Monitor","ProbeHealth",1,0,0.814,0.017,0.768
"Tenant 1 [Control] Health Monitor","ProbeHealth",1,0,0.876,0.085,0.780
"Tenant 1 [Control] Health Monitor","ProbeHealth",1,0,0.770,0.020,0.741
"Tenant 1 [Control] Health Monitor","ProbeHealth",1,0,0.813,0.044,0.757
"Tenant 1 [Control] Health Monitor","ProbeHealth",1,0,0.778,0.024,0.717
"Tenant 1 [Control] Health Monitor","ProbeHealth",1,0,0.779,0.018,0.756
"Tenant 1 [Control] Health Monitor","ProbeHealth",1,0,0.828,0.039,0.773
"Tenant 1 [Control] Health Monitor","ProbeHealth",1,0,0.799,0.040,0.752
"Tenant 1 [Control] Health Monitor","ProbeHealth",1,0,0.758,0.025,0.728
"Tenant 1 [Control] Health Monitor","ProbeHealth",1,0,0.807,0.019,0.781
"Tenant 1 [Control] Health Monitor","ProbeHealth",1,0,0.753,0.023,0.721
"Tenant 1 [Control] Health Monitor","ProbeHealth",1,0,0.762,0.020,0.736
"Tenant 1 [Control] Health Monitor","ProbeHealth",1,0,0.819,0.075,0.730
"Tenant 1 [Control] Health Monitor","ProbeHealth",1,0,0.803,0.017,0.747
"Tenant 1 [Control] Health Monitor","ProbeHealth",1,0,0.831,0.028,0.786
"Tenant 1 [Control] Health Monitor","ProbeHealth",1,0,0.806,0.024,0.776
"Tenant 1 [Control] Health Monitor","ProbeHealth",1,0,0.802,0.028,0.761
"Tenant 1 [Control] Health Monitor","ProbeHealth",1,0,0.797,0.062,0.726
"Tenant 1 [Control] Health Monitor","ProbeHealth",1,0,0.784,0.027,0.748
"Tenant 1 [Control] Health Monitor","ProbeHealth",1,0,0.742,0.016,0.720
"Tenant 1 [Control] Health Monitor","ProbeHealth",1,0,0.770,0.027,0.728
"Tenant 1 [Control] Health Monitor","ProbeHealth",1,0,0.812,0.017,0.779
"Tenant 1 [Control] Health Monitor","ProbeHealth",1,0,0.814,0.046,0.760
"Tenant 1 [Control] Health Monitor","ProbeHealth",1,0,0.817,0.036,0.774
"Tenant 1 [Control] Health Monitor","ProbeHealth",1,0,0.743,0.018,0.718
"Tenant 1 [Control] Health Monitor","ProbeHealth",1,0,0.783,0.029,0.723
"Tenant 1 [Control] Health Monitor","ProbeHealth",1,0,0.770,0.019,0.746
"Tenant 1 [Control] Health Monitor","ProbeHealth",1,0,0.800,0.045,0.748
"Tenant 1 [Control] Health Monitor","ProbeHealth",1,0,0.775,0.020,0.751
"Tenant 1 [Control] Health Monitor","ProbeHealth",1,0,0.778,0.017,0.756
"Tenant 1 [Control] Health Monitor","ProbeHealth",1,0,0.864,0.046,0.770
"Tenant 1 [Control] Health Monitor","ProbeHealth",1,0,0.810,0.015,0.770
"Tenant 1 [Control] Health Monitor","ProbeHealth",1,0,0.815,0.029,0.737
"Tenant 1 [Control] Health Monitor","ProbeHealth",1,0,0.828,0.046,0.752
"Tenant 1 [Control] Health Monitor","ProbeHealth",1,0,0.750,0.017,0.717
"Tenant 1 [Control] Health Monitor","ProbeHealth",1,0,0.754,0.017,0.726
"Tenant 1 [Control] Health Monitor","ProbeHealth",1,0,0.817,0.040,0.769
"Tenant 1 [Control] Health Monitor","ProbeHealth",1,0,0.800,0.018,0.776
"Tenant 1 [Control] Health Monitor","ProbeHealth",1,0,0.788,0.026,0.728
"Tenant 1 [Control] Health Monitor","ProbeHealth",1,0,0.822,0.031,0.766
"Tenant 1 [Control] Health Monitor","ProbeHealth",1,0,0.808,0.050,0.717
"Tenant 1 [Control] Health Monitor","ProbeHealth",1,0,0.850,0.032,0.784
"Tenant 1 [Control] Health Monitor","ProbeHealth",1,0,0.758,0.028,0.721
"Tenant 1 [Control] Health Monitor","ProbeHealth",1,0,0.807,0.021,0.751
"Tenant 1 [Control] Health Monitor","ProbeHealth",1,0,0.793,0.028,0.756
"Tenant 1 [Control] Health Monitor","ProbeHealth",1,0,0.773,0.021,0.742
"Tenant 1 [Control] Health Monitor","ProbeHealth",1,0,0.794,0.030,0.731
"Tenant 1 [Control] Health Monitor","ProbeHealth",1,0,0.741,0.016,0.717
"Tenant 1 [Control] Health Monitor","ProbeHealth",1,0,0.835,0.038,0.768
"Tenant 1 [Control] Health Monitor","ProbeHealth",1,0,0.755,0.031,0.714
"Tenant 1 [Control] Health Monitor","ProbeHealth",1,0,0.798,0.020,0.765
"Tenant 1 [Control] Health Monitor","ProbeHealth",1,0,0.798,0.033,0.762
"Tenant 1 [Control] Health Monitor","ProbeHealth",1,0,0.811,0.020,0.757
"Tenant 1 [Control] Health Monitor","ProbeHealth",1,0,0.748,0.021,0.721
"Tenant 1 [Control] Health Monitor","ProbeHealth",1,0,0.814,0.017,0.785
"Tenant 1 [Control] Health Monitor","ProbeHealth",1,0,0.751,0.016,0.723
"Tenant 1 [Control] Health Monitor","ProbeHealth",1,0,0.824,0.052,0.736
"Tenant 1 [Control] Health Monitor","ProbeHealth",1,0,0.800,0.035,0.757
"Tenant 1 [Control] Health Monitor","ProbeHealth",1,0,0.783,0.039,0.733
"Tenant 1 [Control] Health Monitor","ProbeHealth",1,0,0.825,0.058,0.760
"Tenant 1 [Control] Health Monitor","ProbeHealth",1,0,0.798,0.051,0.713
"Tenant 1 [Control] Health Monitor","ProbeHealth",1,0,0.753,0.021,0.727
"Tenant 1 [Control] Health Monitor","ProbeHealth",1,0,0.828,0.034,0.775
"Tenant 1 [Control] Health Monitor","ProbeHealth",1,0,0.812,0.024,0.785
"Tenant 1 [Control] Health Monitor","ProbeHealth",1,0,0.747,0.024,0.719
"Tenant 1 [Control] Health Monitor","ProbeHealth",1,0,0.769,0.034,0.730
"Tenant 1 [Control] Health Monitor","ProbeHealth",1,0,0.826,0.021,0.770
"Tenant 1 [Control] Health Monitor","ProbeHealth",1,0,0.850,0.040,0.774
"Tenant 1 [Control] Health Monitor","ProbeHealth",1,0,0.806,0.016,0.783
"Tenant 1 [Control] Health Monitor","ProbeHealth",1,0,0.809,0.024,0.737
"Tenant 1 [Control] Health Monitor","ProbeHealth",1,0,0.811,0.018,0.785
"Tenant 1 [Control] Health Monitor","ProbeHealth",1,0,0.803,0.037,0.762
"Tenant 1 [Control] Health Monitor","ProbeHealth",1,0,0.775,0.020,0.748
"Tenant 1 [Control] Health Monitor","ProbeHealth",1,0,0.773,0.029,0.726
"Tenant 1 [Control] Health Monitor","ProbeHealth",1,0,0.857,0.056,0.751
"Tenant 1 [Control] Health Monitor","ProbeHealth",1,0,0.798,0.021,0.769
"Tenant 1 [Control] Health Monitor","ProbeHealth",1,0,0.784,0.018,0.763
"Tenant 1 [Control] Health Monitor","ProbeHealth",1,0,0.759,0.024,0.725
"Tenant 1 [Control] Health Monitor","ProbeHealth",1,0,0.768,0.005,0.751
"Tenant 1 [Control] Health Monitor","ProbeHealth",1,0,0.761,0.005,0.752
"Tenant 1 [Control] Health Monitor","ProbeHealth",1,0,0.763,0.022,0.738
"Tenant 1 [Control] Health Monitor","ProbeHealth",1,0,0.820,0.031,0.784
"Tenant 1 [Control] Health Monitor","ProbeHealth",1,0,0.774,0.023,0.747
"Tenant 1 [Control] Health Monitor","ProbeHealth",1,0,0.765,0.018,0.742
"Tenant 1 [Control] Health Monitor","ProbeHealth",1,0,0.787,0.016,0.723
"Tenant 1 [Control] Health Monitor","ProbeHealth",1,0,0.842,0.034,0.782
"Tenant 1 [Control] Health Monitor","ProbeHealth",1,0,0.745,0.020,0.722
"Tenant 1 [Control] Health Monitor","ProbeHealth",1,0,0.788,0.017,0.764
"Tenant 1 [Control] Health Monitor","ProbeHealth",1,0,0.814,0.028,0.782
"Tenant 1 [Control] Health Monitor","ProbeHealth",1,0,0.781,0.016,0.763
"Tenant 1 [Control] Health Monitor","ProbeHealth",1,0,0.745,0.015,0.718
"Tenant 1 [Control] Health Monitor","ProbeHealth",1,0,0.784,0.029,0.722
"Tenant 1 [Control] Health Monitor","ProbeHealth",1,0,0.840,0.044,0.762
"Tenant 1 [Control] Health Monitor","ProbeHealth",1,0,0.826,0.019,0.756
"Tenant 1 [Control] Health Monitor","ProbeHealth",1,0,0.746,0.028,0.713
"Tenant 1 [Control] Health Monitor","ProbeHealth",1,0,0.777,0.024,0.748
"Tenant 1 [Control] Health Monitor","ProbeHealth",1,0,0.788,0.019,0.765
"Tenant 1 [Control] Health Monitor","ProbeHealth",1,0,0.810,0.022,0.781
"Tenant 1 [Control] Health Monitor","ProbeHealth",1,0,0.821,0.061,0.724
"Tenant 1 [Control] Health Monitor","ProbeHealth",1,0,0.781,0.022,0.750
"Tenant 1 [Control] Health Monitor","ProbeHealth",1,0,0.800,0.034,0.730
"Tenant 1 [Control] Health Monitor","ProbeHealth",1,0,0.833,0.030,0.785
"Tenant 1 [Control] Health Monitor","ProbeHealth",1,0,0.837,0.034,0.784
"Tenant 1 [Control] Health Monitor","ProbeHealth",1,0,0.807,0.029,0.762
"Tenant 1 [Control] Health Monitor","ProbeHealth",1,0,0.797,0.017,0.774
"Tenant 1 [Control] Health Monitor","ProbeHealth",1,0,0.769,0.031,0.729
"Tenant 1 [Control] Health Monitor","ProbeHealth",1,0,0.765,0.018,0.741
"Tenant 1 [Control] Health Monitor","ProbeHealth",1,0,0.810,0.036,0.767
"Tenant 1 [Control] Health Monitor","ProbeHealth",1,0,0.837,0.032,0.768
"Tenant 1 [Control] Health Monitor","ProbeHealth",1,0,0.798,0.054,0.739
"Tenant 1 [Control] Health Monitor","ProbeHealth",1,0,0.840,0.042,0.778
"Tenant 1 [Control] Health Monitor","ProbeHealth",1,0,0.774,0.017,0.751
"Tenant 1 [Control] Health Monitor","ProbeHealth",1,0,0.799,0.032,0.733
"Tenant 1 [Control] Health Monitor","ProbeHealth",1,0,0.796,0.047,0.743
"Tenant 1 [Control] Health Monitor","ProbeHealth",1,0,0.816,0.017,0.784
"Tenant 1 [Control] Health Monitor","ProbeHealth",1,0,0.815,0.021,0.787
"Tenant 1 [Control] Health Monitor","ProbeHealth",1,0,0.747,0.024,0.713
"Tenant 1 [Control] Health Monitor","ProbeHealth",1,0,0.819,0.026,0.756
"Tenant 1 [Control] Health Monitor","ProbeHealth",1,0,0.807,0.069,0.725
"Tenant 1 [Control] Health Monitor","ProbeHealth",1,0,0.757,0.033,0.714
"Tenant 1 [Control] Health Monitor","ProbeHealth",1,0,0.800,0.026,0.760
"Tenant 1 [Control] Health Monitor","ProbeHealth",1,0,0.768,0.023,0.738
"Tenant 1 [Control] Health Monitor","ProbeHealth",1,0,0.780,0.019,0.743
"Tenant 1 [Control] Health Monitor","ProbeHealth",1,0,0.759,0.018,0.729
"Tenant 1 [Control] Health Monitor","ProbeHealth",1,0,0.828,0.044,0.775
"Tenant 1 [Control] Health Monitor","ProbeHealth",1,0,0.801,0.017,0.779
"Tenant 1 [Control] Health Monitor","ProbeHealth",1,0,0.821,0.020,0.781
"Tenant 1 [Control] Health Monitor","ProbeHealth",1,0,0.761,0.017,0.737
"Tenant 1 [Control] Health Monitor","ProbeHealth",1,0,0.837,0.045,0.782
"Tenant 1 [Control] Health Monitor","ProbeHealth",1,0,0.772,0.016,0.752
"Tenant 1 [Control] Health Monitor","ProbeHealth",1,0,0.781,0.013,0.744
"Tenant 1 [Control] Health Monitor","ProbeHealth",1,0,1.298,0.510,0.783
"Tenant 1 [Control] Health Monitor","ProbeHealth",1,0,0.794,0.020,0.763
"Tenant 1 [Control] Health Monitor","ProbeHealth",1,0,0.816,0.039,0.770
"Tenant 1 [Control] Health Monitor","ProbeHealth",1,0,0.747,0.019,0.725
"Tenant 1 [Control] Health Monitor","ProbeHealth",1,0,0.786,0.018,0.730
"Tenant 1 [Control] Health Monitor","ProbeHealth",1,0,0.756,0.025,0.728
"Tenant 1 [Control] Health Monitor","ProbeHealth",1,0,0.771,0.016,0.737
"Tenant 1 [Control] Health Monitor","ProbeHealth",1,0,0.773,0.024,0.739
"Tenant 1 [Control] Health Monitor","ProbeHealth",1,0,0.784,0.018,0.760
"Tenant 1 [Control] Health Monitor","ProbeHealth",1,0,0.813,0.026,0.776
"Tenant 1 [Control] Health Monitor","ProbeHealth",1,0,0.817,0.019,0.784
"Tenant 1 [Control] Health Monitor","ProbeHealth",1,0,0.783,0.030,0.735
"Tenant 1 [Control] Health Monitor","ProbeHealth",1,0,0.782,0.019,0.760
"Tenant 1 [Control] Health Monitor","ProbeHealth",1,0,0.780,0.028,0.745
"Tenant 1 [Control] Health Monitor","ProbeHealth",1,0,0.817,0.064,0.732
"Tenant 1 [Control] Health Monitor","ProbeHealth",1,0,0.749,0.019,0.724
"Tenant 1 [Control] Health Monitor","ProbeHealth",1,0,0.745,0.022,0.718
"Tenant 1 [Control] Health Monitor","ProbeHealth",1,0,0.747,0.018,0.726
"Tenant 1 [Control] Health Monitor","ProbeHealth",1,0,0.808,0.016,0.779
"Tenant 1 [Control] Health Monitor","ProbeHealth",1,0,0.768,0.039,0.722
"Tenant 1 [Control] Health Monitor","ProbeHealth",1,0,0.802,0.023,0.773
"Tenant 1 [Control] Health Monitor","ProbeHealth",1,0,0.846,0.018,0.773
"Tenant 1 [Control] Health Monitor","ProbeHealth",1,0,0.760,0.016,0.739
"Tenant 1 [Control] Health Monitor","ProbeHealth",1,0,0.830,0.045,0.777
"Tenant 1 [Control] Health Monitor","ProbeHealth",1,0,0.771,0.018,0.748
"Tenant 1 [Control] Health Monitor","ProbeHealth",1,0,0.784,0.024,0.749
"Tenant 1 [Control] Health Monitor","ProbeHealth",1,0,0.776,0.018,0.752
"Tenant 1 [Control] Health Monitor","ProbeHealth",1,0,0.762,0.023,0.733
"Tenant 1 [Control] Health Monitor","ProbeHealth",1,0,0.783,0.029,0.748
"Tenant 1 [Control] Health Monitor","ProbeHealth",1,0,0.834,0.036,0.763
"Tenant 1 [Control] Health Monitor","ProbeHealth",1,0,0.770,0.023,0.744
"Tenant 1 [Control] Health Monitor","ProbeHealth",1,0,0.778,0.032,0.740
"Tenant 1 [Control] Health Monitor","ProbeHealth",1,0,0.769,0.023,0.741
"Tenant 1 [Control] Health Monitor","ProbeHealth",1,0,0.795,0.018,0.770
"Tenant 1 [Control] Health Monitor","ProbeHealth",1,0,0.736,0.018,0.713
"Tenant 1 [Control] Health Monitor","ProbeHealth",1,0,0.770,0.022,0.741
"Tenant 1 [Control] Health Monitor","ProbeHealth",1,0,0.802,0.029,0.770
"Tenant 1 [Control] Health Monitor","ProbeHealth",1,0,0.825,0.033,0.787
"Tenant 1 [Control] Health Monitor","ProbeHealth",1,0,0.765,0.018,0.741
"Tenant 1 [Control] Health Monitor","ProbeHealth",1,0,0.807,0.017,0.758
"Tenant 1 [Control] Health Monitor","ProbeHealth",1,0,0.732,0.009,0.718
"Tenant 1 [Control] Health Monitor","ProbeHealth",1,0,0.776,0.022,0.750
"Tenant 1 [Control] Health Monitor","ProbeHealth",1,0,0.816,0.047,0.734
"Tenant 1 [Control] Health Monitor","ProbeHealth",1,0,0.815,0.022,0.787
"Tenant 1 [Control] Health Monitor","ProbeHealth",1,0,0.750,0.016,0.729
"Tenant 1 [Control] Health Monitor","ProbeHealth",1,0,0.776,0.027,0.744
"Tenant 1 [Control] Health Monitor","ProbeHealth",1,0,0.796,0.023,0.759
"Tenant 1 [Control] Health Monitor","ProbeHealth",1,0,0.806,0.031,0.741
"Tenant 1 [Control] Health Monitor","ProbeHealth",1,0,0.789,0.020,0.764
"Tenant 1 [Control] Health Monitor","ProbeHealth",1,0,0.813,0.030,0.733
"Tenant 1 [Control] Health Monitor","ProbeHealth",1,0,0.887,0.067,0.780
"Tenant 1 [Control] Health Monitor","ProbeHealth",1,0,0.800,0.039,0.758
"Tenant 1 [Control] Health Monitor","ProbeHealth",1,0,0.780,0.020,0.755
"Tenant 1 [Control] Health Monitor","ProbeHealth",1,0,0.765,0.027,0.731
"Tenant 1 [Control] Health Monitor","ProbeHealth",1,0,0.802,0.024,0.773
"Tenant 1 [Control] Health Monitor","ProbeHealth",1,0,0.833,0.025,0.785
"Tenant 1 [Control] Health Monitor","ProbeHealth",1,0,0.781,0.033,0.731
"Tenant 1 [Control] Health Monitor","ProbeHealth",1,0,0.788,0.032,0.723
"Tenant 1 [Control] Health Monitor","ProbeHealth",1,0,0.782,0.033,0.715
"Tenant 1 [Control] Health Monitor","ProbeHealth",1,0,0.746,0.023,0.717
"Tenant 1 [Control] Health Monitor","ProbeHealth",1,0,0.844,0.039,0.771
"Tenant 2 [Tier 1] High-Scale Ingestion VIP","PutSmall",1,0,2.311,0.540,1.736
"Tenant 2 [Tier 1] High-Scale Ingestion VIP","PutSmall",1,0,2.438,0.539,1.862
"Tenant 2 [Tier 1] High-Scale Ingestion VIP","GetSmall",1,0,2.819,1.316,1.471
"Tenant 2 [Tier 1] High-Scale Ingestion VIP","GetSmall",1,0,2.846,1.315,1.500
"Tenant 2 [Tier 1] High-Scale Ingestion VIP","PutSmall",1,0,3.135,1.307,1.773
"Tenant 2 [Tier 1] High-Scale Ingestion VIP","GetSmall",1,0,3.894,2.332,1.552
"Tenant 2 [Tier 1] High-Scale Ingestion VIP","GetSmall",1,0,3.941,2.442,1.460
"Tenant 2 [Tier 1] High-Scale Ingestion VIP","PutSmall",1,0,4.162,2.332,1.813
"Tenant 2 [Tier 1] High-Scale Ingestion VIP","PutSmall",1,0,4.227,2.335,1.886
"Tenant 2 [Tier 1] High-Scale Ingestion VIP","PutSmall",1,0,4.611,2.835,1.769
"Tenant 2 [Tier 1] High-Scale Ingestion VIP","GetSmall",1,0,5.429,3.913,1.504
"Tenant 2 [Tier 1] High-Scale Ingestion VIP","PutSmall",1,0,5.650,3.914,1.719
"Tenant 2 [Tier 1] High-Scale Ingestion VIP","PutSmall",1,0,5.702,3.916,1.778
"Tenant 2 [Tier 1] High-Scale Ingestion VIP","GetSmall",1,0,5.736,4.176,1.541
"Tenant 2 [Tier 1] High-Scale Ingestion VIP","GetSmall",1,0,6.091,4.633,1.440
"Tenant 2 [Tier 1] High-Scale Ingestion VIP","PutSmall",1,0,6.394,4.630,1.754
"Tenant 2 [Tier 1] High-Scale Ingestion VIP","PutSmall",1,0,7.309,5.461,1.829
"Tenant 2 [Tier 1] High-Scale Ingestion VIP","PutSmall",1,0,7.349,5.461,1.878
"Tenant 2 [Tier 1] High-Scale Ingestion VIP","GetSmall",1,0,7.714,6.237,1.459
"Tenant 2 [Tier 1] High-Scale Ingestion VIP","PutSmall",1,0,7.962,6.111,1.826
"Tenant 2 [Tier 1] High-Scale Ingestion VIP","PutSmall",1,0,8.012,6.239,1.734
"Tenant 2 [Tier 1] High-Scale Ingestion VIP","PutSmall",1,0,9.109,7.325,1.776
"Tenant 2 [Tier 1] High-Scale Ingestion VIP","PutSmall",1,0,9.157,7.326,1.801
"Tenant 2 [Tier 1] High-Scale Ingestion VIP","GetSmall",1,0,9.457,7.987,1.443
"Tenant 2 [Tier 1] High-Scale Ingestion VIP","PutSmall",1,0,9.599,7.738,1.850
"Tenant 2 [Tier 1] High-Scale Ingestion VIP","GetSmall",1,0,10.601,9.133,1.458
"Tenant 2 [Tier 1] High-Scale Ingestion VIP","PutSmall",1,0,10.860,9.127,1.722
"Tenant 2 [Tier 1] High-Scale Ingestion VIP","PutSmall",1,0,10.887,9.135,1.746
"Tenant 2 [Tier 1] High-Scale Ingestion VIP","PutSmall",1,0,11.044,9.174,1.861
"Tenant 2 [Tier 1] High-Scale Ingestion VIP","GetSmall",1,0,11.045,9.468,1.557
"Tenant 2 [Tier 1] High-Scale Ingestion VIP","GetSmall",1,0,12.140,10.618,1.515
"Tenant 2 [Tier 1] High-Scale Ingestion VIP","GetSmall",1,0,12.204,10.619,1.565
"Tenant 2 [Tier 1] High-Scale Ingestion VIP","GetSmall",1,0,12.311,10.875,1.429
"Tenant 2 [Tier 1] High-Scale Ingestion VIP","PutSmall",1,0,12.406,10.618,1.769
"Tenant 2 [Tier 1] High-Scale Ingestion VIP","PutSmall",1,0,12.517,10.623,1.883
"Tenant 2 [Tier 1] High-Scale Ingestion VIP","GetSmall",1,0,13.734,12.154,1.573
"Tenant 2 [Tier 1] High-Scale Ingestion VIP","GetSmall",1,0,13.794,12.324,1.457
"Tenant 2 [Tier 1] High-Scale Ingestion VIP","PutSmall",1,0,13.875,12.155,1.710
"Tenant 2 [Tier 1] High-Scale Ingestion VIP","PutSmall",1,0,13.974,12.158,1.811
"Tenant 2 [Tier 1] High-Scale Ingestion VIP","PutSmall",1,0,14.047,12.162,1.872
"Tenant 2 [Tier 1] High-Scale Ingestion VIP","GetSmall",1,0,14.072,12.525,1.542
"Tenant 2 [Tier 1] High-Scale Ingestion VIP","GetSmall",1,0,15.268,13.754,1.508
"Tenant 2 [Tier 1] High-Scale Ingestion VIP","PutSmall",1,0,15.606,13.748,1.845
"Tenant 2 [Tier 1] High-Scale Ingestion VIP","PutSmall",1,0,15.640,13.753,1.863
"Tenant 2 [Tier 1] High-Scale Ingestion VIP","PutSmall",1,0,15.731,13.978,1.743
"Tenant 2 [Tier 1] High-Scale Ingestion VIP","GetSmall",1,0,16.835,15.270,1.543
"Tenant 2 [Tier 1] High-Scale Ingestion VIP","PutSmall",1,0,17.028,15.273,1.735
"Tenant 2 [Tier 1] High-Scale Ingestion VIP","PutSmall",1,0,17.053,15.268,1.764
"Tenant 2 [Tier 1] High-Scale Ingestion VIP","PutSmall",1,0,17.525,15.750,1.761
"Tenant 2 [Tier 1] High-Scale Ingestion VIP","PutSmall",1,0,17.543,15.636,1.882
"Tenant 2 [Tier 1] High-Scale Ingestion VIP","GetSmall",1,0,18.419,16.883,1.519
"Tenant 2 [Tier 1] High-Scale Ingestion VIP","PutSmall",1,0,18.638,16.881,1.737
"Tenant 2 [Tier 1] High-Scale Ingestion VIP","PutSmall",1,0,18.694,16.881,1.806
"Tenant 2 [Tier 1] High-Scale Ingestion VIP","PutSmall",1,0,19.331,17.562,1.756
"Tenant 2 [Tier 1] High-Scale Ingestion VIP","PutSmall",1,0,19.375,17.563,1.803
"Tenant 2 [Tier 1] High-Scale Ingestion VIP","PutSmall",1,0,20.192,18.446,1.738
"Tenant 2 [Tier 1] High-Scale Ingestion VIP","PutSmall",1,0,20.260,18.446,1.796
"Tenant 2 [Tier 1] High-Scale Ingestion VIP","PutSmall",1,0,20.589,18.710,1.863
"Tenant 2 [Tier 1] High-Scale Ingestion VIP","GetSmall",1,0,20.861,19.352,1.499
"Tenant 2 [Tier 1] High-Scale Ingestion VIP","PutSmall",1,0,21.186,19.356,1.820
"Tenant 2 [Tier 1] High-Scale Ingestion VIP","GetSmall",1,0,21.717,20.208,1.498
"Tenant 2 [Tier 1] High-Scale Ingestion VIP","PutSmall",1,0,21.950,20.208,1.731
"Tenant 2 [Tier 1] High-Scale Ingestion VIP","GetSmall",1,0,22.148,20.612,1.529
"Tenant 2 [Tier 1] High-Scale Ingestion VIP","PutSmall",1,0,22.396,20.612,1.772
"Tenant 2 [Tier 1] High-Scale Ingestion VIP","GetSmall",1,0,220.563,219.092,1.454
"Tenant 2 [Tier 1] High-Scale Ingestion VIP","GetSmall",1,0,221.187,219.589,1.547
"Tenant 2 [Tier 1] High-Scale Ingestion VIP","GetSmall",1,0,220.359,218.777,1.507
"Tenant 2 [Tier 1] High-Scale Ingestion VIP","GetSmall",1,0,220.665,219.074,1.545
"Tenant 2 [Tier 1] High-Scale Ingestion VIP","GetSmall",1,0,219.557,217.963,1.559
"Tenant 2 [Tier 1] High-Scale Ingestion VIP","PutSmall",1,0,221.307,219.481,1.802
"Tenant 2 [Tier 1] High-Scale Ingestion VIP","PutSmall",1,0,219.885,218.031,1.835
"Tenant 2 [Tier 1] High-Scale Ingestion VIP","GetSmall",1,0,220.727,219.227,1.485
"Tenant 2 [Tier 1] High-Scale Ingestion VIP","GetSmall",1,0,220.325,218.833,1.484
"Tenant 2 [Tier 1] High-Scale Ingestion VIP","GetSmall",1,0,219.665,218.161,1.499
"Tenant 2 [Tier 1] High-Scale Ingestion VIP","PutSmall",1,0,220.967,219.169,1.788
"Tenant 2 [Tier 1] High-Scale Ingestion VIP","GetSmall",1,0,219.667,218.145,1.518
"Tenant 2 [Tier 1] High-Scale Ingestion VIP","GetSmall",1,0,220.617,219.167,1.447
"Tenant 2 [Tier 1] High-Scale Ingestion VIP","GetSmall",1,0,220.688,219.205,1.472
"Tenant 2 [Tier 1] High-Scale Ingestion VIP","PutSmall",1,0,220.700,218.810,1.885
"Tenant 2 [Tier 1] High-Scale Ingestion VIP","PutSmall",1,0,220.454,218.728,1.719
"Tenant 2 [Tier 1] High-Scale Ingestion VIP","GetSmall",1,0,220.165,218.639,1.511
"Tenant 2 [Tier 1] High-Scale Ingestion VIP","PutSmall",1,0,220.249,218.444,1.799
"Tenant 2 [Tier 1] High-Scale Ingestion VIP","PutSmall",1,0,220.937,219.042,1.877
"Tenant 2 [Tier 1] High-Scale Ingestion VIP","PutSmall",1,0,220.906,219.010,1.876
"Tenant 2 [Tier 1] High-Scale Ingestion VIP","GetSmall",1,0,220.344,218.792,1.547
"Tenant 2 [Tier 1] High-Scale Ingestion VIP","GetSmall",1,0,219.083,217.617,1.462
"Tenant 2 [Tier 1] High-Scale Ingestion VIP","PutSmall",1,0,220.602,218.789,1.794
"Tenant 2 [Tier 1] High-Scale Ingestion VIP","PutSmall",1,0,220.269,218.444,1.796
"Tenant 2 [Tier 1] High-Scale Ingestion VIP","PutSmall",1,0,220.623,218.743,1.860
"Tenant 2 [Tier 1] High-Scale Ingestion VIP","PutSmall",1,0,220.415,218.623,1.786
"Tenant 2 [Tier 1] High-Scale Ingestion VIP","GetSmall",1,0,220.183,218.685,1.491
"Tenant 2 [Tier 1] High-Scale Ingestion VIP","GetSmall",1,0,220.266,218.684,1.574
"Tenant 2 [Tier 1] High-Scale Ingestion VIP","PutSmall",1,0,220.606,218.861,1.740
"Tenant 2 [Tier 1] High-Scale Ingestion VIP","GetSmall",1,0,219.380,217.825,1.546
"Tenant 2 [Tier 1] High-Scale Ingestion VIP","PutSmall",1,0,220.732,218.845,1.864
"Tenant 2 [Tier 1] High-Scale Ingestion VIP","PutSmall",1,0,219.624,217.891,1.727
"Tenant 2 [Tier 1] High-Scale Ingestion VIP","GetSmall",1,0,220.167,218.728,1.434
"Tenant 2 [Tier 1] High-Scale Ingestion VIP","GetSmall",1,0,220.413,218.934,1.471
"Tenant 2 [Tier 1] High-Scale Ingestion VIP","PutSmall",1,0,220.662,218.856,1.800
"Tenant 2 [Tier 1] High-Scale Ingestion VIP","PutSmall",1,0,219.601,217.740,1.851
"Tenant 2 [Tier 1] High-Scale Ingestion VIP","PutSmall",1,0,219.782,217.978,1.798
"Tenant 2 [Tier 1] High-Scale Ingestion VIP","GetSmall",1,0,220.247,218.663,1.575
"Tenant 2 [Tier 1] High-Scale Ingestion VIP","PutSmall",1,0,220.462,218.736,1.714
"Tenant 2 [Tier 1] High-Scale Ingestion VIP","PutSmall",1,0,220.602,218.826,1.770
"Tenant 2 [Tier 1] High-Scale Ingestion VIP","GetSmall",1,0,220.522,218.996,1.507
"Tenant 2 [Tier 1] High-Scale Ingestion VIP","GetSmall",1,0,219.199,217.753,1.436
"Tenant 2 [Tier 1] High-Scale Ingestion VIP","GetSmall",1,0,219.587,218.096,1.487
"Tenant 2 [Tier 1] High-Scale Ingestion VIP","GetSmall",1,0,219.553,217.974,1.568
"Tenant 2 [Tier 1] High-Scale Ingestion VIP","GetSmall",1,0,220.089,218.582,1.503
"Tenant 2 [Tier 1] High-Scale Ingestion VIP","PutSmall",1,0,219.313,217.476,1.828
"Tenant 2 [Tier 1] High-Scale Ingestion VIP","PutSmall",1,0,219.417,217.581,1.819
"Tenant 2 [Tier 1] High-Scale Ingestion VIP","PutSmall",1,0,219.990,218.152,1.830
"Tenant 2 [Tier 1] High-Scale Ingestion VIP","GetSmall",1,0,219.808,218.296,1.506
"Tenant 2 [Tier 1] High-Scale Ingestion VIP","PutSmall",1,0,220.062,218.320,1.734
"Tenant 2 [Tier 1] High-Scale Ingestion VIP","PutSmall",1,0,219.631,217.743,1.881
"Tenant 2 [Tier 1] High-Scale Ingestion VIP","PutSmall",1,0,219.620,217.825,1.786
"Tenant 2 [Tier 1] High-Scale Ingestion VIP","PutSmall",1,0,220.135,218.364,1.767
"Tenant 2 [Tier 1] High-Scale Ingestion VIP","PutSmall",1,0,219.901,218.040,1.846
"Tenant 2 [Tier 1] High-Scale Ingestion VIP","PutSmall",1,0,220.121,218.237,1.877
"Tenant 2 [Tier 1] High-Scale Ingestion VIP","PutSmall",1,0,219.694,217.873,1.815
"Tenant 2 [Tier 1] High-Scale Ingestion VIP","GetSmall",1,0,219.793,218.267,1.516
"Tenant 2 [Tier 1] High-Scale Ingestion VIP","PutSmall",1,0,220.404,218.595,1.803
"Tenant 2 [Tier 1] High-Scale Ingestion VIP","GetSmall",1,0,219.295,217.801,1.487
"Tenant 2 [Tier 1] High-Scale Ingestion VIP","PutSmall",1,0,220.245,218.383,1.855
"Tenant 2 [Tier 1] High-Scale Ingestion VIP","PutSmall",1,0,220.134,218.338,1.789
"Tenant 2 [Tier 1] High-Scale Ingestion VIP","GetSmall",1,0,219.196,217.752,1.430
"Tenant 2 [Tier 1] High-Scale Ingestion VIP","PutSmall",1,0,219.717,217.952,1.759
"Tenant 2 [Tier 1] High-Scale Ingestion VIP","GetSmall",1,0,222.382,220.833,1.543
"Tenant 2 [Tier 1] High-Scale Ingestion VIP","PutSmall",1,0,219.061,217.213,1.795
"Tenant 2 [Tier 1] High-Scale Ingestion VIP","GetSmall",1,0,220.460,218.984,1.468
"Tenant 2 [Tier 1] High-Scale Ingestion VIP","GetSmall",1,0,220.578,218.995,1.567
"Tenant 2 [Tier 1] High-Scale Ingestion VIP","GetSmall",1,0,220.595,218.981,1.573
"Tenant 2 [Tier 1] High-Scale Ingestion VIP","PutSmall",1,0,220.826,218.992,1.772
"Tenant 2 [Tier 1] High-Scale Ingestion VIP","PutSmall",1,0,220.887,219.090,1.786
"Tenant 2 [Tier 1] High-Scale Ingestion VIP","GetSmall",1,0,220.606,219.108,1.492
"Tenant 2 [Tier 1] High-Scale Ingestion VIP","GetSmall",1,0,220.570,219.054,1.496
"Tenant 2 [Tier 1] High-Scale Ingestion VIP","GetSmall",1,0,221.777,220.203,1.552
"Tenant 2 [Tier 1] High-Scale Ingestion VIP","GetSmall",1,0,220.433,218.925,1.496
"Tenant 2 [Tier 1] High-Scale Ingestion VIP","PutSmall",1,0,220.658,218.890,1.761
"Tenant 2 [Tier 1] High-Scale Ingestion VIP","PutSmall",1,0,221.176,219.340,1.829
"Tenant 2 [Tier 1] High-Scale Ingestion VIP","GetSmall",1,0,220.167,218.698,1.465
"Tenant 2 [Tier 1] High-Scale Ingestion VIP","PutSmall",1,0,220.594,218.739,1.849
"Tenant 2 [Tier 1] High-Scale Ingestion VIP","GetSmall",1,0,222.007,220.470,1.523
"Tenant 2 [Tier 1] High-Scale Ingestion VIP","GetSmall",1,0,222.423,220.808,1.568
"Tenant 2 [Tier 1] High-Scale Ingestion VIP","PutSmall",1,0,223.589,221.846,1.737
"Tenant 2 [Tier 1] High-Scale Ingestion VIP","PutSmall",1,0,223.788,221.893,1.882
"Tenant 2 [Tier 1] High-Scale Ingestion VIP","PutSmall",1,0,222.349,220.444,1.879
"Tenant 2 [Tier 1] High-Scale Ingestion VIP","GetSmall",1,0,222.055,220.580,1.455
"Tenant 2 [Tier 1] High-Scale Ingestion VIP","GetSmall",1,0,222.084,220.565,1.513
"Tenant 2 [Tier 1] High-Scale Ingestion VIP","GetSmall",1,0,222.226,220.683,1.537
"Tenant 2 [Tier 1] High-Scale Ingestion VIP","PutSmall",1,0,223.823,222.031,1.782
"Tenant 2 [Tier 1] High-Scale Ingestion VIP","PutSmall",1,0,223.775,221.901,1.859
"Tenant 2 [Tier 1] High-Scale Ingestion VIP","GetSmall",1,0,222.116,220.581,1.520
"Tenant 2 [Tier 1] High-Scale Ingestion VIP","PutSmall",1,0,222.467,220.592,1.842
"Tenant 2 [Tier 1] High-Scale Ingestion VIP","GetSmall",1,0,221.547,220.006,1.532
"Tenant 2 [Tier 1] High-Scale Ingestion VIP","PutSmall",1,0,221.938,220.092,1.837
"Tenant 2 [Tier 1] High-Scale Ingestion VIP","GetSmall",1,0,221.855,220.410,1.435
"Tenant 2 [Tier 1] High-Scale Ingestion VIP","PutSmall",1,0,222.050,220.311,1.726
"Tenant 2 [Tier 1] High-Scale Ingestion VIP","PutSmall",1,0,222.181,220.428,1.749
"Tenant 2 [Tier 1] High-Scale Ingestion VIP","PutSmall",1,0,222.918,221.122,1.786
"Tenant 2 [Tier 1] High-Scale Ingestion VIP","GetSmall",1,0,221.970,220.456,1.498
"Tenant 2 [Tier 1] High-Scale Ingestion VIP","PutSmall",1,0,222.240,220.507,1.721
"Tenant 2 [Tier 1] High-Scale Ingestion VIP","GetSmall",1,0,221.877,220.413,1.444
"Tenant 2 [Tier 1] High-Scale Ingestion VIP","PutSmall",1,0,222.295,220.434,1.854
"Tenant 2 [Tier 1] High-Scale Ingestion VIP","GetSmall",1,0,222.623,221.113,1.501
"Tenant 2 [Tier 1] High-Scale Ingestion VIP","PutSmall",1,0,222.210,220.408,1.794
"Tenant 2 [Tier 1] High-Scale Ingestion VIP","PutSmall",1,0,222.375,220.506,1.862
"Tenant 2 [Tier 1] High-Scale Ingestion VIP","GetSmall",1,0,222.309,220.843,1.456
"Tenant 2 [Tier 1] High-Scale Ingestion VIP","GetSmall",1,0,222.691,221.177,1.492
"Tenant 2 [Tier 1] High-Scale Ingestion VIP","PutSmall",1,0,222.787,221.056,1.726
"Tenant 2 [Tier 1] High-Scale Ingestion VIP","GetSmall",1,0,221.854,220.406,1.443
"Tenant 2 [Tier 1] High-Scale Ingestion VIP","GetSmall",1,0,222.504,221.036,1.456
"Tenant 2 [Tier 1] High-Scale Ingestion VIP","GetSmall",1,0,222.846,221.372,1.462
"Tenant 2 [Tier 1] High-Scale Ingestion VIP","GetSmall",1,0,221.922,220.370,1.544
"Tenant 2 [Tier 1] High-Scale Ingestion VIP","PutSmall",1,0,222.447,220.666,1.773
"Tenant 2 [Tier 1] High-Scale Ingestion VIP","GetSmall",1,0,221.586,220.094,1.475
"Tenant 2 [Tier 1] High-Scale Ingestion VIP","PutSmall",1,0,221.795,220.040,1.749
"Tenant 2 [Tier 1] High-Scale Ingestion VIP","GetSmall",1,0,221.581,220.102,1.467
"Tenant 2 [Tier 1] High-Scale Ingestion VIP","GetSmall",1,0,221.187,219.712,1.467
"Tenant 2 [Tier 1] High-Scale Ingestion VIP","GetSmall",1,0,220.894,219.326,1.564
"Tenant 2 [Tier 1] High-Scale Ingestion VIP","PutSmall",1,0,221.893,220.124,1.750
"Tenant 2 [Tier 1] High-Scale Ingestion VIP","PutSmall",1,0,221.539,219.724,1.808
"Tenant 2 [Tier 1] High-Scale Ingestion VIP","GetSmall",1,0,221.110,219.669,1.437
"Tenant 2 [Tier 1] High-Scale Ingestion VIP","GetSmall",1,0,220.763,219.280,1.477
"Tenant 2 [Tier 1] High-Scale Ingestion VIP","GetSmall",1,0,221.270,219.770,1.496
"Tenant 2 [Tier 1] High-Scale Ingestion VIP","GetSmall",1,0,220.694,219.135,1.554
"Tenant 2 [Tier 1] High-Scale Ingestion VIP","PutSmall",1,0,221.369,219.493,1.870
"Tenant 2 [Tier 1] High-Scale Ingestion VIP","PutSmall",1,0,221.026,219.267,1.752
"Tenant 2 [Tier 1] High-Scale Ingestion VIP","GetSmall",1,0,221.595,220.012,1.574
"Tenant 2 [Tier 1] High-Scale Ingestion VIP","PutSmall",1,0,222.112,220.352,1.753
"Tenant 2 [Tier 1] High-Scale Ingestion VIP","PutSmall",1,0,222.136,220.328,1.802
"Tenant 2 [Tier 1] High-Scale Ingestion VIP","PutSmall",1,0,218.830,216.948,1.873
"Tenant 2 [Tier 1] High-Scale Ingestion VIP","GetSmall",1,0,211.723,210.218,1.469
"Tenant 2 [Tier 1] High-Scale Ingestion VIP","GetSmall",1,0,212.569,211.058,1.481
"Tenant 2 [Tier 1] High-Scale Ingestion VIP","GetSmall",1,0,212.801,211.189,1.564
"Tenant 2 [Tier 1] High-Scale Ingestion VIP","GetSmall",1,0,212.687,211.102,1.530
"Tenant 2 [Tier 1] High-Scale Ingestion VIP","GetSmall",1,0,213.556,212.067,1.485
"Tenant 2 [Tier 1] High-Scale Ingestion VIP","PutSmall",1,0,214.176,212.361,1.798
"Tenant 2 [Tier 1] High-Scale Ingestion VIP","GetSmall",1,0,214.225,212.704,1.502
"Tenant 2 [Tier 1] High-Scale Ingestion VIP","GetSmall",1,0,214.295,212.718,1.567
"Tenant 2 [Tier 1] High-Scale Ingestion VIP","PutSmall",1,0,214.858,212.964,1.889
"Tenant 2 [Tier 1] High-Scale Ingestion VIP","PutSmall",1,0,215.196,213.302,1.887
"Tenant 2 [Tier 1] High-Scale Ingestion VIP","PutSmall",1,0,215.107,213.268,1.828
"Tenant 2 [Tier 1] High-Scale Ingestion VIP","PutSmall",1,0,215.892,214.015,1.872
"Tenant 2 [Tier 1] High-Scale Ingestion VIP","PutSmall",1,0,215.624,213.862,1.757
"Tenant 2 [Tier 1] High-Scale Ingestion VIP","GetSmall",1,0,213.443,211.985,1.444
"Tenant 2 [Tier 1] High-Scale Ingestion VIP","GetSmall",1,0,216.774,215.266,1.475
"Tenant 2 [Tier 1] High-Scale Ingestion VIP","GetSmall",1,0,214.569,213.119,1.446
"Tenant 2 [Tier 1] High-Scale Ingestion VIP","GetSmall",1,0,214.730,213.276,1.450
"Tenant 2 [Tier 1] High-Scale Ingestion VIP","GetSmall",1,0,214.580,213.097,1.465
"Tenant 2 [Tier 1] High-Scale Ingestion VIP","PutSmall",1,0,215.189,213.387,1.795
"Tenant 2 [Tier 1] High-Scale Ingestion VIP","GetSmall",1,0,216.043,214.594,1.437
"Tenant 2 [Tier 1] High-Scale Ingestion VIP","GetSmall",1,0,216.320,214.822,1.489
"Tenant 2 [Tier 1] High-Scale Ingestion VIP","GetSmall",1,0,216.140,214.627,1.494
"Tenant 2 [Tier 1] High-Scale Ingestion VIP","PutSmall",1,0,216.724,214.862,1.856
"Tenant 2 [Tier 1] High-Scale Ingestion VIP","PutSmall",1,0,216.853,215.113,1.736
"Tenant 2 [Tier 1] High-Scale Ingestion VIP","PutSmall",1,0,216.881,215.110,1.745
"Tenant 2 [Tier 1] High-Scale Ingestion VIP","GetSmall",1,0,216.755,215.178,1.570
"Tenant 2 [Tier 1] High-Scale Ingestion VIP","PutSmall",1,0,217.762,215.891,1.866
"Tenant 2 [Tier 1] High-Scale Ingestion VIP","GetSmall",1,0,216.473,215.037,1.430
"Tenant 2 [Tier 1] High-Scale Ingestion VIP","PutSmall",1,0,217.215,215.337,1.872
"Tenant 2 [Tier 1] High-Scale Ingestion VIP","GetSmall",1,0,216.788,215.241,1.539
"Tenant 2 [Tier 1] High-Scale Ingestion VIP","GetSmall",1,0,217.064,215.506,1.548
"Tenant 2 [Tier 1] High-Scale Ingestion VIP","PutSmall",1,0,216.725,214.962,1.754
"Tenant 2 [Tier 1] High-Scale Ingestion VIP","PutSmall",1,0,216.814,214.938,1.862
"Tenant 2 [Tier 1] High-Scale Ingestion VIP","GetSmall",1,0,217.002,215.462,1.537
"Tenant 2 [Tier 1] High-Scale Ingestion VIP","PutSmall",1,0,217.337,215.478,1.849
"Tenant 2 [Tier 1] High-Scale Ingestion VIP","PutSmall",1,0,216.735,214.938,1.792
"Tenant 2 [Tier 1] High-Scale Ingestion VIP","PutSmall",1,0,216.964,215.215,1.744
"Tenant 2 [Tier 1] High-Scale Ingestion VIP","PutSmall",1,0,216.683,214.919,1.751
"Tenant 2 [Tier 1] High-Scale Ingestion VIP","GetSmall",1,0,216.375,214.835,1.535
"Tenant 2 [Tier 1] High-Scale Ingestion VIP","PutSmall",1,0,216.947,215.164,1.775
"Tenant 2 [Tier 1] High-Scale Ingestion VIP","PutSmall",1,0,217.051,215.213,1.833
"Tenant 2 [Tier 1] High-Scale Ingestion VIP","GetSmall",1,0,217.330,215.811,1.513
"Tenant 2 [Tier 1] High-Scale Ingestion VIP","GetSmall",1,0,217.032,215.501,1.526
"Tenant 2 [Tier 1] High-Scale Ingestion VIP","PutSmall",1,0,217.276,215.503,1.768
"Tenant 2 [Tier 1] High-Scale Ingestion VIP","GetSmall",1,0,217.335,215.818,1.512
"Tenant 2 [Tier 1] High-Scale Ingestion VIP","GetSmall",1,0,216.940,215.392,1.542
"Tenant 2 [Tier 1] High-Scale Ingestion VIP","PutSmall",1,0,217.395,215.627,1.760
"Tenant 2 [Tier 1] High-Scale Ingestion VIP","PutSmall",1,0,217.900,216.098,1.797
"Tenant 2 [Tier 1] High-Scale Ingestion VIP","PutSmall",1,0,217.438,215.586,1.842
"Tenant 2 [Tier 1] High-Scale Ingestion VIP","GetSmall",1,0,217.652,216.090,1.558
"Tenant 2 [Tier 1] High-Scale Ingestion VIP","PutSmall",1,0,218.050,216.160,1.873
"Tenant 2 [Tier 1] High-Scale Ingestion VIP","GetSmall",1,0,217.363,215.867,1.488
"Tenant 2 [Tier 1] High-Scale Ingestion VIP","PutSmall",1,0,217.709,215.886,1.817
"Tenant 2 [Tier 1] High-Scale Ingestion VIP","GetSmall",1,0,217.417,215.930,1.482
"Tenant 2 [Tier 1] High-Scale Ingestion VIP","PutSmall",1,0,217.905,216.173,1.725
"Tenant 2 [Tier 1] High-Scale Ingestion VIP","GetSmall",1,0,217.260,215.816,1.439
"Tenant 2 [Tier 1] High-Scale Ingestion VIP","PutSmall",1,0,218.364,216.590,1.763
"Tenant 2 [Tier 1] High-Scale Ingestion VIP","PutSmall",1,0,217.706,215.886,1.816
"Tenant 2 [Tier 1] High-Scale Ingestion VIP","GetSmall",1,0,217.374,215.908,1.459
"Tenant 2 [Tier 1] High-Scale Ingestion VIP","PutSmall",1,0,217.876,216.012,1.854
"Tenant 2 [Tier 1] High-Scale Ingestion VIP","PutSmall",1,0,217.308,215.562,1.740
"Tenant 2 [Tier 1] High-Scale Ingestion VIP","PutSmall",1,0,217.520,215.727,1.782
"Tenant 2 [Tier 1] High-Scale Ingestion VIP","GetSmall",1,0,217.384,215.888,1.490
"Tenant 2 [Tier 1] High-Scale Ingestion VIP","GetSmall",1,0,218.625,217.156,1.462
"Tenant 2 [Tier 1] High-Scale Ingestion VIP","PutSmall",1,0,221.030,219.154,1.837
"Tenant 2 [Tier 1] High-Scale Ingestion VIP","GetSmall",1,0,220.567,219.067,1.492
"Tenant 2 [Tier 1] High-Scale Ingestion VIP","GetSmall",1,0,221.984,220.534,1.445
"Tenant 2 [Tier 1] High-Scale Ingestion VIP","PutSmall",1,0,222.396,220.506,1.878
"Tenant 2 [Tier 1] High-Scale Ingestion VIP","GetSmall",1,0,222.139,220.585,1.544
"Tenant 2 [Tier 1] High-Scale Ingestion VIP","GetSmall",1,0,222.165,220.701,1.450
"Tenant 2 [Tier 1] High-Scale Ingestion VIP","GetSmall",1,0,224.232,222.610,1.563
"Tenant 2 [Tier 1] High-Scale Ingestion VIP","PutSmall",1,0,224.348,222.565,1.777
"Tenant 2 [Tier 1] High-Scale Ingestion VIP","PutSmall",1,0,223.779,221.948,1.812
"Tenant 2 [Tier 1] High-Scale Ingestion VIP","GetSmall",1,0,223.182,221.707,1.469
"Tenant 2 [Tier 1] High-Scale Ingestion VIP","GetSmall",1,0,222.634,221.125,1.502
"Tenant 2 [Tier 1] High-Scale Ingestion VIP","PutSmall",1,0,223.382,221.659,1.718
"Tenant 2 [Tier 1] High-Scale Ingestion VIP","PutSmall",1,0,224.380,222.475,1.867
"Tenant 2 [Tier 1] High-Scale Ingestion VIP","GetSmall",1,0,224.670,223.226,1.436
"Tenant 2 [Tier 1] High-Scale Ingestion VIP","GetSmall",1,0,223.309,221.795,1.504
"Tenant 2 [Tier 1] High-Scale Ingestion VIP","GetSmall",1,0,224.858,223.272,1.571
"Tenant 2 [Tier 1] High-Scale Ingestion VIP","PutSmall",1,0,223.514,221.777,1.733
"Tenant 2 [Tier 1] High-Scale Ingestion VIP","PutSmall",1,0,224.633,222.901,1.719
"Tenant 2 [Tier 1] High-Scale Ingestion VIP","PutSmall",1,0,224.974,223.214,1.737
"Tenant 2 [Tier 1] High-Scale Ingestion VIP","GetSmall",1,0,223.478,222.021,1.448
"Tenant 2 [Tier 1] High-Scale Ingestion VIP","GetSmall",1,0,223.608,222.037,1.562
"Tenant 2 [Tier 1] High-Scale Ingestion VIP","GetSmall",1,0,224.237,222.662,1.560
"Tenant 2 [Tier 1] High-Scale Ingestion VIP","PutSmall",1,0,225.132,223.378,1.745
"Tenant 2 [Tier 1] High-Scale Ingestion VIP","PutSmall",1,0,224.877,223.032,1.841
"Tenant 2 [Tier 1] High-Scale Ingestion VIP","PutSmall",1,0,224.417,222.551,1.855
"Tenant 2 [Tier 1] High-Scale Ingestion VIP","GetSmall",1,0,225.165,223.641,1.518
"Tenant 2 [Tier 1] High-Scale Ingestion VIP","GetSmall",1,0,225.766,224.331,1.430
"Tenant 2 [Tier 1] High-Scale Ingestion VIP","GetSmall",1,0,226.253,224.762,1.484
"Tenant 2 [Tier 1] High-Scale Ingestion VIP","GetSmall",1,0,225.710,224.238,1.463
"Tenant 2 [Tier 1] High-Scale Ingestion VIP","PutSmall",1,0,226.532,224.791,1.737
"Tenant 2 [Tier 1] High-Scale Ingestion VIP","GetSmall",1,0,226.299,224.757,1.539
"Tenant 2 [Tier 1] High-Scale Ingestion VIP","GetSmall",1,0,225.460,223.906,1.532
"Tenant 2 [Tier 1] High-Scale Ingestion VIP","GetSmall",1,0,225.810,224.221,1.556
"Tenant 2 [Tier 1] High-Scale Ingestion VIP","PutSmall",1,0,227.342,225.587,1.749
"Tenant 2 [Tier 1] High-Scale Ingestion VIP","PutSmall",1,0,226.420,224.653,1.750
"Tenant 2 [Tier 1] High-Scale Ingestion VIP","GetSmall",1,0,225.653,224.077,1.564
"Tenant 2 [Tier 1] High-Scale Ingestion VIP","GetSmall",1,0,226.019,224.547,1.463
"Tenant 2 [Tier 1] High-Scale Ingestion VIP","PutSmall",1,0,225.995,224.229,1.757
"Tenant 2 [Tier 1] High-Scale Ingestion VIP","PutSmall",1,0,226.365,224.562,1.791
"Tenant 2 [Tier 1] High-Scale Ingestion VIP","PutSmall",1,0,225.886,224.012,1.861
"Tenant 2 [Tier 1] High-Scale Ingestion VIP","GetSmall",1,0,225.969,224.463,1.502
"Tenant 2 [Tier 1] High-Scale Ingestion VIP","GetSmall",1,0,225.971,224.440,1.517
"Tenant 2 [Tier 1] High-Scale Ingestion VIP","PutSmall",1,0,226.018,224.217,1.793
"Tenant 2 [Tier 1] High-Scale Ingestion VIP","GetSmall",1,0,225.693,224.240,1.443
"Tenant 2 [Tier 1] High-Scale Ingestion VIP","PutSmall",1,0,226.816,224.956,1.846
"Tenant 2 [Tier 1] High-Scale Ingestion VIP","PutSmall",1,0,226.260,224.475,1.774
"Tenant 2 [Tier 1] High-Scale Ingestion VIP","GetSmall",1,0,225.620,224.112,1.503
"Tenant 2 [Tier 1] High-Scale Ingestion VIP","GetSmall",1,0,226.269,224.705,1.555
"Tenant 2 [Tier 1] High-Scale Ingestion VIP","GetSmall",1,0,225.210,223.761,1.444
"Tenant 2 [Tier 1] High-Scale Ingestion VIP","PutSmall",1,0,225.935,224.168,1.760
"Tenant 2 [Tier 1] High-Scale Ingestion VIP","PutSmall",1,0,225.941,224.088,1.849
"Tenant 2 [Tier 1] High-Scale Ingestion VIP","GetSmall",1,0,225.361,223.787,1.568
"Tenant 2 [Tier 1] High-Scale Ingestion VIP","GetSmall",1,0,225.757,224.203,1.547
"Tenant 2 [Tier 1] High-Scale Ingestion VIP","PutSmall",1,0,225.739,223.957,1.775
"Tenant 2 [Tier 1] High-Scale Ingestion VIP","PutSmall",1,0,226.214,224.392,1.808
"Tenant 2 [Tier 1] High-Scale Ingestion VIP","GetSmall",1,0,225.366,223.837,1.524
"Tenant 2 [Tier 1] High-Scale Ingestion VIP","PutSmall",1,0,225.722,223.877,1.838
"Tenant 2 [Tier 1] High-Scale Ingestion VIP","GetSmall",1,0,225.913,224.448,1.450
"Tenant 2 [Tier 1] High-Scale Ingestion VIP","GetSmall",1,0,225.430,223.901,1.524
"Tenant 2 [Tier 1] High-Scale Ingestion VIP","PutSmall",1,0,226.044,224.297,1.739
"Tenant 2 [Tier 1] High-Scale Ingestion VIP","PutSmall",1,0,225.138,223.286,1.845
"Tenant 2 [Tier 1] High-Scale Ingestion VIP","GetSmall",1,0,225.039,223.520,1.508
"Tenant 2 [Tier 1] High-Scale Ingestion VIP","PutSmall",1,0,225.430,223.605,1.815
"Tenant 2 [Tier 1] High-Scale Ingestion VIP","GetSmall",1,0,223.992,222.478,1.505
"Tenant 2 [Tier 1] High-Scale Ingestion VIP","PutSmall",1,0,212.190,210.301,1.859
"Tenant 2 [Tier 1] High-Scale Ingestion VIP","PutSmall",1,0,212.930,211.165,1.752
"Tenant 2 [Tier 1] High-Scale Ingestion VIP","PutSmall",1,0,212.578,210.755,1.803
"Tenant 2 [Tier 1] High-Scale Ingestion VIP","PutSmall",1,0,214.555,212.663,1.866
"Tenant 2 [Tier 1] High-Scale Ingestion VIP","GetSmall",1,0,215.557,214.002,1.504
"Tenant 2 [Tier 1] High-Scale Ingestion VIP","GetSmall",1,0,215.213,213.622,1.571
"Tenant 2 [Tier 1] High-Scale Ingestion VIP","GetSmall",1,0,213.257,211.803,1.442
"Tenant 2 [Tier 1] High-Scale Ingestion VIP","PutSmall",1,0,213.740,211.967,1.760
"Tenant 2 [Tier 1] High-Scale Ingestion VIP","GetSmall",1,0,214.161,212.637,1.515
"Tenant 2 [Tier 1] High-Scale Ingestion VIP","PutSmall",1,0,214.316,212.601,1.711
"Tenant 2 [Tier 1] High-Scale Ingestion VIP","PutSmall",1,0,215.021,213.235,1.782
"Tenant 2 [Tier 1] High-Scale Ingestion VIP","PutSmall",1,0,214.604,212.717,1.879
"Tenant 2 [Tier 1] High-Scale Ingestion VIP","PutSmall",1,0,215.482,213.660,1.808
"Tenant 2 [Tier 1] High-Scale Ingestion VIP","GetSmall",1,0,213.737,212.170,1.555
"Tenant 2 [Tier 1] High-Scale Ingestion VIP","GetSmall",1,0,213.854,212.254,1.574
"Tenant 2 [Tier 1] High-Scale Ingestion VIP","GetSmall",1,0,213.511,212.075,1.429
"Tenant 2 [Tier 1] High-Scale Ingestion VIP","GetSmall",1,0,213.553,212.093,1.434
"Tenant 2 [Tier 1] High-Scale Ingestion VIP","GetSmall",1,0,215.039,213.543,1.458
"Tenant 2 [Tier 1] High-Scale Ingestion VIP","PutSmall",1,0,215.521,213.693,1.823
"Tenant 2 [Tier 1] High-Scale Ingestion VIP","GetSmall",1,0,215.035,213.570,1.451
"Tenant 2 [Tier 1] High-Scale Ingestion VIP","PutSmall",1,0,213.830,212.027,1.795
"Tenant 2 [Tier 1] High-Scale Ingestion VIP","PutSmall",1,0,215.538,213.679,1.856
"Tenant 2 [Tier 1] High-Scale Ingestion VIP","PutSmall",1,0,213.940,212.057,1.863
"Tenant 2 [Tier 1] High-Scale Ingestion VIP","GetSmall",1,0,214.858,213.350,1.505
"Tenant 2 [Tier 1] High-Scale Ingestion VIP","PutSmall",1,0,215.057,213.323,1.728
"Tenant 2 [Tier 1] High-Scale Ingestion VIP","PutSmall",1,0,215.618,213.815,1.799
"Tenant 2 [Tier 1] High-Scale Ingestion VIP","GetSmall",1,0,214.249,212.711,1.530
"Tenant 2 [Tier 1] High-Scale Ingestion VIP","PutSmall",1,0,215.992,214.272,1.714
"Tenant 2 [Tier 1] High-Scale Ingestion VIP","PutSmall",1,0,215.745,213.977,1.761
"Tenant 2 [Tier 1] High-Scale Ingestion VIP","PutSmall",1,0,216.042,214.217,1.821
"Tenant 2 [Tier 1] High-Scale Ingestion VIP","PutSmall",1,0,216.018,214.147,1.862
"Tenant 2 [Tier 1] High-Scale Ingestion VIP","GetSmall",1,0,214.890,213.451,1.436
"Tenant 2 [Tier 1] High-Scale Ingestion VIP","GetSmall",1,0,215.214,213.639,1.571
"Tenant 2 [Tier 1] High-Scale Ingestion VIP","PutSmall",1,0,215.358,213.602,1.752
"Tenant 2 [Tier 1] High-Scale Ingestion VIP","GetSmall",1,0,215.620,214.050,1.565
"Tenant 2 [Tier 1] High-Scale Ingestion VIP","PutSmall",1,0,215.744,213.950,1.791
"Tenant 2 [Tier 1] High-Scale Ingestion VIP","GetSmall",1,0,217.282,215.795,1.433
"Tenant 2 [Tier 1] High-Scale Ingestion VIP","GetSmall",1,0,217.164,215.653,1.486
"Tenant 2 [Tier 1] High-Scale Ingestion VIP","GetSmall",1,0,217.275,215.762,1.488
"Tenant 2 [Tier 1] High-Scale Ingestion VIP","PutSmall",1,0,217.923,216.089,1.829
"Tenant 2 [Tier 1] High-Scale Ingestion VIP","GetSmall",1,0,217.227,215.778,1.446
"Tenant 2 [Tier 1] High-Scale Ingestion VIP","GetSmall",1,0,217.254,215.742,1.503
"Tenant 2 [Tier 1] High-Scale Ingestion VIP","GetSmall",1,0,217.600,216.082,1.501
"Tenant 2 [Tier 1] High-Scale Ingestion VIP","GetSmall",1,0,217.611,216.051,1.554
"Tenant 2 [Tier 1] High-Scale Ingestion VIP","PutSmall",1,0,217.544,215.725,1.815
"Tenant 2 [Tier 1] High-Scale Ingestion VIP","PutSmall",1,0,217.360,215.509,1.848
"Tenant 2 [Tier 1] High-Scale Ingestion VIP","GetSmall",1,0,217.050,215.609,1.436
"Tenant 2 [Tier 1] High-Scale Ingestion VIP","PutSmall",1,0,217.549,215.783,1.760
"Tenant 2 [Tier 1] High-Scale Ingestion VIP","PutSmall",1,0,217.737,215.956,1.777
"Tenant 2 [Tier 1] High-Scale Ingestion VIP","PutSmall",1,0,217.809,216.006,1.786
"Tenant 2 [Tier 1] High-Scale Ingestion VIP","PutSmall",1,0,217.831,215.982,1.843
"Tenant 2 [Tier 1] High-Scale Ingestion VIP","GetSmall",1,0,216.644,215.203,1.436
"Tenant 2 [Tier 1] High-Scale Ingestion VIP","GetSmall",1,0,217.847,216.337,1.504
"Tenant 2 [Tier 1] High-Scale Ingestion VIP","GetSmall",1,0,216.977,215.429,1.540
"Tenant 2 [Tier 1] High-Scale Ingestion VIP","GetSmall",1,0,216.692,215.187,1.501
"Tenant 2 [Tier 1] High-Scale Ingestion VIP","GetSmall",1,0,217.072,215.518,1.544
"Tenant 2 [Tier 1] High-Scale Ingestion VIP","GetSmall",1,0,216.680,215.194,1.481
"Tenant 2 [Tier 1] High-Scale Ingestion VIP","GetSmall",1,0,216.426,214.971,1.451
"Tenant 2 [Tier 1] High-Scale Ingestion VIP","PutSmall",1,0,216.762,215.038,1.718
"Tenant 2 [Tier 1] High-Scale Ingestion VIP","PutSmall",1,0,216.992,215.180,1.797
"Tenant 2 [Tier 1] High-Scale Ingestion VIP","GetSmall",1,0,216.713,215.215,1.492
"Tenant 2 [Tier 1] High-Scale Ingestion VIP","PutSmall",1,0,217.262,215.484,1.771
"Tenant 2 [Tier 1] High-Scale Ingestion VIP","PutSmall",1,0,217.425,215.567,1.854
"Tenant 2 [Tier 1] High-Scale Ingestion VIP","PutSmall",1,0,218.116,216.331,1.780
"Tenant 2 [Tier 1] High-Scale Ingestion VIP","PutSmall",1,0,225.599,223.741,1.811
"Tenant 2 [Tier 1] High-Scale Ingestion VIP","GetSmall",1,0,225.566,224.051,1.482
"Tenant 2 [Tier 1] High-Scale Ingestion VIP","PutSmall",1,0,225.824,223.961,1.852
"Tenant 2 [Tier 1] High-Scale Ingestion VIP","GetSmall",1,0,226.997,225.473,1.480
"Tenant 2 [Tier 1] High-Scale Ingestion VIP","GetSmall",1,0,227.364,225.877,1.483
"Tenant 2 [Tier 1] High-Scale Ingestion VIP","GetSmall",1,0,225.876,224.360,1.507
"Tenant 2 [Tier 1] High-Scale Ingestion VIP","GetSmall",1,0,225.608,224.045,1.556
"Tenant 2 [Tier 1] High-Scale Ingestion VIP","PutSmall",1,0,227.668,225.911,1.739
"Tenant 2 [Tier 1] High-Scale Ingestion VIP","GetSmall",1,0,227.164,225.706,1.451
"Tenant 2 [Tier 1] High-Scale Ingestion VIP","GetSmall",1,0,227.722,226.205,1.514
"Tenant 2 [Tier 1] High-Scale Ingestion VIP","GetSmall",1,0,227.945,226.414,1.517
"Tenant 2 [Tier 1] High-Scale Ingestion VIP","GetSmall",1,0,227.704,226.137,1.555
"Tenant 2 [Tier 1] High-Scale Ingestion VIP","GetSmall",1,0,227.164,225.713,1.427
"Tenant 2 [Tier 1] High-Scale Ingestion VIP","PutSmall",1,0,229.018,227.242,1.767
"Tenant 2 [Tier 1] High-Scale Ingestion VIP","GetSmall",1,0,226.540,225.032,1.502
"Tenant 2 [Tier 1] High-Scale Ingestion VIP","PutSmall",1,0,228.201,226.477,1.719
"Tenant 2 [Tier 1] High-Scale Ingestion VIP","PutSmall",1,0,226.839,225.053,1.769
"Tenant 2 [Tier 1] High-Scale Ingestion VIP","GetSmall",1,0,227.238,225.672,1.562
"Tenant 2 [Tier 1] High-Scale Ingestion VIP","PutSmall",1,0,227.078,225.344,1.728
"Tenant 2 [Tier 1] High-Scale Ingestion VIP","GetSmall",1,0,227.362,225.875,1.479
"Tenant 2 [Tier 1] High-Scale Ingestion VIP","PutSmall",1,0,227.245,225.486,1.749
"Tenant 2 [Tier 1] High-Scale Ingestion VIP","PutSmall",1,0,227.248,225.442,1.755
"Tenant 2 [Tier 1] High-Scale Ingestion VIP","PutSmall",1,0,227.400,225.523,1.863
"Tenant 2 [Tier 1] High-Scale Ingestion VIP","PutSmall",1,0,227.691,225.911,1.747
"Tenant 2 [Tier 1] High-Scale Ingestion VIP","PutSmall",1,0,227.475,225.684,1.757
"Tenant 2 [Tier 1] High-Scale Ingestion VIP","PutSmall",1,0,227.411,225.557,1.847
"Tenant 2 [Tier 1] High-Scale Ingestion VIP","GetSmall",1,0,226.256,224.771,1.480
"Tenant 2 [Tier 1] High-Scale Ingestion VIP","GetSmall",1,0,226.358,224.868,1.482
"Tenant 2 [Tier 1] High-Scale Ingestion VIP","GetSmall",1,0,226.369,224.852,1.513
"Tenant 2 [Tier 1] High-Scale Ingestion VIP","PutSmall",1,0,226.790,225.044,1.713
"Tenant 2 [Tier 1] High-Scale Ingestion VIP","PutSmall",1,0,227.355,225.540,1.809
"Tenant 2 [Tier 1] High-Scale Ingestion VIP","GetSmall",1,0,228.377,226.862,1.507
"Tenant 2 [Tier 1] High-Scale Ingestion VIP","GetSmall",1,0,228.461,226.903,1.545
"Tenant 2 [Tier 1] High-Scale Ingestion VIP","PutSmall",1,0,229.103,227.340,1.758
"Tenant 2 [Tier 1] High-Scale Ingestion VIP","PutSmall",1,0,229.400,227.515,1.880
"Tenant 2 [Tier 1] High-Scale Ingestion VIP","PutSmall",1,0,229.189,227.444,1.738
"Tenant 2 [Tier 1] High-Scale Ingestion VIP","PutSmall",1,0,226.303,224.430,1.869
"Tenant 2 [Tier 1] High-Scale Ingestion VIP","PutSmall",1,0,227.051,225.233,1.815
"Tenant 2 [Tier 1] High-Scale Ingestion VIP","PutSmall",1,0,227.121,225.229,1.883
"Tenant 2 [Tier 1] High-Scale Ingestion VIP","PutSmall",1,0,226.528,224.772,1.751
"Tenant 2 [Tier 1] High-Scale Ingestion VIP","PutSmall",1,0,227.658,225.854,1.799
"Tenant 2 [Tier 1] High-Scale Ingestion VIP","GetSmall",1,0,227.043,225.568,1.470
"Tenant 2 [Tier 1] High-Scale Ingestion VIP","GetSmall",1,0,226.828,225.370,1.453
"Tenant 2 [Tier 1] High-Scale Ingestion VIP","PutSmall",1,0,227.390,225.607,1.778
"Tenant 2 [Tier 1] High-Scale Ingestion VIP","PutSmall",1,0,227.469,225.620,1.843
"Tenant 2 [Tier 1] High-Scale Ingestion VIP","PutSmall",1,0,227.918,226.101,1.811
"Tenant 2 [Tier 1] High-Scale Ingestion VIP","GetSmall",1,0,229.799,228.241,1.548
"Tenant 2 [Tier 1] High-Scale Ingestion VIP","PutSmall",1,0,230.010,228.272,1.733
"Tenant 2 [Tier 1] High-Scale Ingestion VIP","PutSmall",1,0,230.018,228.259,1.739
"Tenant 2 [Tier 1] High-Scale Ingestion VIP","PutSmall",1,0,230.129,228.364,1.742
"Tenant 2 [Tier 1] High-Scale Ingestion VIP","GetSmall",1,0,230.423,228.971,1.442
"Tenant 2 [Tier 1] High-Scale Ingestion VIP","GetSmall",1,0,230.443,228.941,1.496
"Tenant 2 [Tier 1] High-Scale Ingestion VIP","GetSmall",1,0,230.938,229.408,1.507
"Tenant 2 [Tier 1] High-Scale Ingestion VIP","GetSmall",1,0,230.155,228.629,1.507
"Tenant 2 [Tier 1] High-Scale Ingestion VIP","GetSmall",1,0,230.601,229.047,1.528
"Tenant 2 [Tier 1] High-Scale Ingestion VIP","GetSmall",1,0,230.154,228.584,1.554
"Tenant 2 [Tier 1] High-Scale Ingestion VIP","GetSmall",1,0,229.693,228.254,1.434
"Tenant 2 [Tier 1] High-Scale Ingestion VIP","PutSmall",1,0,230.230,228.443,1.778
"Tenant 2 [Tier 1] High-Scale Ingestion VIP","GetSmall",1,0,230.005,228.566,1.425
"Tenant 2 [Tier 1] High-Scale Ingestion VIP","GetSmall",1,0,230.106,228.612,1.475
"Tenant 2 [Tier 1] High-Scale Ingestion VIP","GetSmall",1,0,230.639,229.124,1.503
"Tenant 2 [Tier 1] High-Scale Ingestion VIP","PutSmall",1,0,229.773,227.987,1.778
"Tenant 2 [Tier 1] High-Scale Ingestion VIP","PutSmall",1,0,229.715,227.841,1.869
"Tenant 2 [Tier 1] High-Scale Ingestion VIP","PutSmall",1,0,230.170,228.287,1.875
"Tenant 2 [Tier 1] High-Scale Ingestion VIP","PutSmall",1,0,223.680,221.889,1.740
"Tenant 2 [Tier 1] High-Scale Ingestion VIP","PutSmall",1,0,224.105,222.337,1.751
"Tenant 2 [Tier 1] High-Scale Ingestion VIP","PutSmall",1,0,225.581,223.830,1.740
"Tenant 2 [Tier 1] High-Scale Ingestion VIP","PutSmall",1,0,225.697,223.959,1.730
"Tenant 2 [Tier 1] High-Scale Ingestion VIP","GetSmall",1,0,224.751,223.216,1.523
"Tenant 2 [Tier 1] High-Scale Ingestion VIP","GetSmall",1,0,224.788,223.187,1.573
"Tenant 2 [Tier 1] High-Scale Ingestion VIP","PutSmall",1,0,224.916,223.168,1.735
"Tenant 2 [Tier 1] High-Scale Ingestion VIP","GetSmall",1,0,226.084,224.499,1.552
"Tenant 2 [Tier 1] High-Scale Ingestion VIP","PutSmall",1,0,225.831,224.025,1.797
"Tenant 2 [Tier 1] High-Scale Ingestion VIP","GetSmall",1,0,226.976,225.471,1.499
"Tenant 2 [Tier 1] High-Scale Ingestion VIP","GetSmall",1,0,224.250,222.674,1.561
"Tenant 2 [Tier 1] High-Scale Ingestion VIP","PutSmall",1,0,227.255,225.453,1.769
"Tenant 2 [Tier 1] High-Scale Ingestion VIP","PutSmall",1,0,227.405,225.500,1.884
"Tenant 2 [Tier 1] High-Scale Ingestion VIP","PutSmall",1,0,224.898,222.991,1.889
"Tenant 2 [Tier 1] High-Scale Ingestion VIP","GetSmall",1,0,226.598,225.026,1.556
"Tenant 2 [Tier 1] High-Scale Ingestion VIP","PutSmall",1,0,226.838,225.089,1.742
"Tenant 2 [Tier 1] High-Scale Ingestion VIP","PutSmall",1,0,227.082,225.300,1.756
"Tenant 2 [Tier 1] High-Scale Ingestion VIP","GetSmall",1,0,227.022,225.506,1.494
"Tenant 2 [Tier 1] High-Scale Ingestion VIP","PutSmall",1,0,227.176,225.352,1.820
"Tenant 2 [Tier 1] High-Scale Ingestion VIP","GetSmall",1,0,226.848,225.373,1.460
"Tenant 2 [Tier 1] High-Scale Ingestion VIP","GetSmall",1,0,227.167,225.623,1.534
"Tenant 2 [Tier 1] High-Scale Ingestion VIP","PutSmall",1,0,227.114,225.303,1.775
"Tenant 2 [Tier 1] High-Scale Ingestion VIP","PutSmall",1,0,227.064,225.235,1.794
"Tenant 2 [Tier 1] High-Scale Ingestion VIP","GetSmall",1,0,225.675,224.100,1.563
"Tenant 2 [Tier 1] High-Scale Ingestion VIP","PutSmall",1,0,225.868,224.081,1.783
"Tenant 2 [Tier 1] High-Scale Ingestion VIP","GetSmall",1,0,226.991,225.541,1.442
"Tenant 2 [Tier 1] High-Scale Ingestion VIP","GetSmall",1,0,226.323,224.824,1.482
"Tenant 2 [Tier 1] High-Scale Ingestion VIP","PutSmall",1,0,226.704,224.866,1.830
"Tenant 2 [Tier 1] High-Scale Ingestion VIP","PutSmall",1,0,227.506,225.744,1.757
"Tenant 2 [Tier 1] High-Scale Ingestion VIP","PutSmall",1,0,226.454,224.701,1.742
"Tenant 2 [Tier 1] High-Scale Ingestion VIP","PutSmall",1,0,227.384,225.590,1.777
"Tenant 2 [Tier 1] High-Scale Ingestion VIP","GetSmall",1,0,227.421,225.850,1.566
"Tenant 2 [Tier 1] High-Scale Ingestion VIP","PutSmall",1,0,227.390,225.650,1.721
"Tenant 2 [Tier 1] High-Scale Ingestion VIP","PutSmall",1,0,228.473,226.683,1.777
"Tenant 2 [Tier 1] High-Scale Ingestion VIP","GetSmall",1,0,227.031,225.600,1.426
"Tenant 2 [Tier 1] High-Scale Ingestion VIP","GetSmall",1,0,227.058,225.527,1.526
"Tenant 2 [Tier 1] High-Scale Ingestion VIP","PutSmall",1,0,228.092,226.372,1.715
"Tenant 2 [Tier 1] High-Scale Ingestion VIP","PutSmall",1,0,228.907,227.128,1.769
"Tenant 2 [Tier 1] High-Scale Ingestion VIP","PutSmall",1,0,228.393,226.502,1.885
"Tenant 2 [Tier 1] High-Scale Ingestion VIP","GetSmall",1,0,229.035,227.502,1.527
"Tenant 2 [Tier 1] High-Scale Ingestion VIP","PutSmall",1,0,229.276,227.547,1.722
"Tenant 2 [Tier 1] High-Scale Ingestion VIP","GetSmall",1,0,229.358,227.891,1.462
"Tenant 2 [Tier 1] High-Scale Ingestion VIP","PutSmall",1,0,229.710,227.942,1.763
"Tenant 2 [Tier 1] High-Scale Ingestion VIP","PutSmall",1,0,229.511,227.625,1.874
"Tenant 2 [Tier 1] High-Scale Ingestion VIP","GetSmall",1,0,228.711,227.269,1.437
"Tenant 2 [Tier 1] High-Scale Ingestion VIP","GetSmall",1,0,225.510,224.022,1.483
"Tenant 2 [Tier 1] High-Scale Ingestion VIP","GetSmall",1,0,229.644,228.109,1.516
"Tenant 2 [Tier 1] High-Scale Ingestion VIP","GetSmall",1,0,225.566,224.024,1.536
"Tenant 2 [Tier 1] High-Scale Ingestion VIP","GetSmall",1,0,226.217,224.754,1.451
"Tenant 2 [Tier 1] High-Scale Ingestion VIP","GetSmall",1,0,225.133,223.619,1.505
"Tenant 2 [Tier 1] High-Scale Ingestion VIP","GetSmall",1,0,226.292,224.755,1.517
"Tenant 2 [Tier 1] High-Scale Ingestion VIP","PutSmall",1,0,225.744,223.858,1.875
"Tenant 2 [Tier 1] High-Scale Ingestion VIP","PutSmall",1,0,225.948,224.117,1.818
"Tenant 2 [Tier 1] High-Scale Ingestion VIP","PutSmall",1,0,226.728,224.996,1.726
"Tenant 2 [Tier 1] High-Scale Ingestion VIP","PutSmall",1,0,226.865,225.022,1.838
"Tenant 2 [Tier 1] High-Scale Ingestion VIP","GetSmall",1,0,226.938,225.410,1.523
"Tenant 2 [Tier 1] High-Scale Ingestion VIP","GetSmall",1,0,226.866,225.358,1.498
"Tenant 2 [Tier 1] High-Scale Ingestion VIP","PutSmall",1,0,227.466,225.596,1.865
"Tenant 2 [Tier 1] High-Scale Ingestion VIP","PutSmall",1,0,229.575,227.832,1.734
"Tenant 2 [Tier 1] High-Scale Ingestion VIP","PutSmall",1,0,229.727,227.902,1.820
"Tenant 2 [Tier 1] High-Scale Ingestion VIP","GetSmall",1,0,229.912,228.468,1.440
"Tenant 2 [Tier 1] High-Scale Ingestion VIP","PutSmall",1,0,229.919,228.058,1.853
"Tenant 2 [Tier 1] High-Scale Ingestion VIP","PutSmall",1,0,230.622,228.743,1.864
"Tenant 2 [Tier 1] High-Scale Ingestion VIP","PutSmall",1,0,232.043,230.223,1.814
"Tenant 2 [Tier 1] High-Scale Ingestion VIP","PutSmall",1,0,221.323,219.391,1.883
"Tenant 2 [Tier 1] High-Scale Ingestion VIP","GetSmall",1,0,220.783,219.292,1.471
"Tenant 2 [Tier 1] High-Scale Ingestion VIP","PutSmall",1,0,220.938,219.050,1.787
"Tenant 2 [Tier 1] High-Scale Ingestion VIP","PutSmall",1,0,223.840,222.056,1.778
"Tenant 2 [Tier 1] High-Scale Ingestion VIP","GetSmall",1,0,221.831,220.308,1.472
"Tenant 2 [Tier 1] High-Scale Ingestion VIP","PutSmall",1,0,222.253,220.392,1.848
"Tenant 2 [Tier 1] High-Scale Ingestion VIP","GetSmall",1,0,221.425,219.932,1.488
"Tenant 2 [Tier 1] High-Scale Ingestion VIP","PutSmall",1,0,223.168,221.310,1.840
"Tenant 2 [Tier 1] High-Scale Ingestion VIP","GetSmall",1,0,220.388,218.820,1.532
"Tenant 2 [Tier 1] High-Scale Ingestion VIP","GetSmall",1,0,222.359,220.860,1.471
"Tenant 2 [Tier 1] High-Scale Ingestion VIP","PutSmall",1,0,222.683,220.925,1.752
"Tenant 2 [Tier 1] High-Scale Ingestion VIP","PutSmall",1,0,222.448,220.617,1.810
"Tenant 2 [Tier 1] High-Scale Ingestion VIP","GetSmall",1,0,223.166,221.726,1.435
"Tenant 2 [Tier 1] High-Scale Ingestion VIP","PutSmall",1,0,223.465,221.732,1.716
"Tenant 2 [Tier 1] High-Scale Ingestion VIP","GetSmall",1,0,222.170,220.636,1.518
"Tenant 2 [Tier 1] High-Scale Ingestion VIP","GetSmall",1,0,223.413,221.894,1.514
"Tenant 2 [Tier 1] High-Scale Ingestion VIP","GetSmall",1,0,223.441,221.864,1.570
"Tenant 2 [Tier 1] High-Scale Ingestion VIP","PutSmall",1,0,222.624,220.876,1.742
"Tenant 2 [Tier 1] High-Scale Ingestion VIP","PutSmall",1,0,223.024,221.198,1.813
"Tenant 2 [Tier 1] High-Scale Ingestion VIP","GetSmall",1,0,221.166,219.698,1.460
"Tenant 2 [Tier 1] High-Scale Ingestion VIP","GetSmall",1,0,221.957,220.489,1.459
"Tenant 2 [Tier 1] High-Scale Ingestion VIP","GetSmall",1,0,221.700,220.197,1.489
"Tenant 2 [Tier 1] High-Scale Ingestion VIP","GetSmall",1,0,221.765,220.226,1.514
"Tenant 2 [Tier 1] High-Scale Ingestion VIP","GetSmall",1,0,222.211,220.655,1.551
"Tenant 2 [Tier 1] High-Scale Ingestion VIP","PutSmall",1,0,222.662,220.837,1.818
"Tenant 2 [Tier 1] High-Scale Ingestion VIP","GetSmall",1,0,221.894,220.450,1.434
"Tenant 2 [Tier 1] High-Scale Ingestion VIP","PutSmall",1,0,222.316,220.465,1.843
"Tenant 2 [Tier 1] High-Scale Ingestion VIP","GetSmall",1,0,221.501,219.955,1.540
"Tenant 2 [Tier 1] High-Scale Ingestion VIP","GetSmall",1,0,221.567,219.991,1.568
"Tenant 2 [Tier 1] High-Scale Ingestion VIP","PutSmall",1,0,222.746,220.854,1.887
"Tenant 2 [Tier 1] High-Scale Ingestion VIP","PutSmall",1,0,222.467,220.598,1.864
"Tenant 2 [Tier 1] High-Scale Ingestion VIP","GetSmall",1,0,220.750,219.181,1.561
"Tenant 2 [Tier 1] High-Scale Ingestion VIP","GetSmall",1,0,221.641,220.173,1.460
"Tenant 2 [Tier 1] High-Scale Ingestion VIP","PutSmall",1,0,221.961,220.219,1.736
"Tenant 2 [Tier 1] High-Scale Ingestion VIP","GetSmall",1,0,220.495,219.030,1.460
"Tenant 2 [Tier 1] High-Scale Ingestion VIP","PutSmall",1,0,220.813,218.946,1.852
"Tenant 2 [Tier 1] High-Scale Ingestion VIP","PutSmall",1,0,221.102,219.219,1.870
"Tenant 2 [Tier 1] High-Scale Ingestion VIP","GetSmall",1,0,221.636,220.065,1.564
"Tenant 2 [Tier 1] High-Scale Ingestion VIP","PutSmall",1,0,221.790,219.954,1.834
"Tenant 2 [Tier 1] High-Scale Ingestion VIP","GetSmall",1,0,220.879,219.405,1.469
"Tenant 2 [Tier 1] High-Scale Ingestion VIP","GetSmall",1,0,222.369,220.872,1.478
"Tenant 2 [Tier 1] High-Scale Ingestion VIP","GetSmall",1,0,221.002,219.505,1.484
"Tenant 2 [Tier 1] High-Scale Ingestion VIP","GetSmall",1,0,221.445,219.925,1.496
"Tenant 2 [Tier 1] High-Scale Ingestion VIP","GetSmall",1,0,222.209,220.681,1.513
"Tenant 2 [Tier 1] High-Scale Ingestion VIP","GetSmall",1,0,221.154,219.625,1.499
"Tenant 2 [Tier 1] High-Scale Ingestion VIP","GetSmall",1,0,222.188,220.660,1.521
"Tenant 2 [Tier 1] High-Scale Ingestion VIP","PutSmall",1,0,222.637,220.861,1.759
"Tenant 2 [Tier 1] High-Scale Ingestion VIP","PutSmall",1,0,221.717,219.974,1.718
"Tenant 2 [Tier 1] High-Scale Ingestion VIP","PutSmall",1,0,222.662,220.829,1.819
"Tenant 2 [Tier 1] High-Scale Ingestion VIP","PutSmall",1,0,221.821,219.993,1.823
"Tenant 2 [Tier 1] High-Scale Ingestion VIP","PutSmall",1,0,222.736,220.932,1.799
"Tenant 2 [Tier 1] High-Scale Ingestion VIP","GetSmall",1,0,224.242,222.778,1.452
"Tenant 2 [Tier 1] High-Scale Ingestion VIP","PutSmall",1,0,224.429,222.687,1.735
"Tenant 2 [Tier 1] High-Scale Ingestion VIP","PutSmall",1,0,225.431,223.606,1.812
"Tenant 2 [Tier 1] High-Scale Ingestion VIP","PutSmall",1,0,224.224,222.356,1.850
"Tenant 2 [Tier 1] High-Scale Ingestion VIP","PutSmall",1,0,225.721,223.823,1.883
"Tenant 2 [Tier 1] High-Scale Ingestion VIP","GetSmall",1,0,221.487,219.934,1.548
"Tenant 2 [Tier 1] High-Scale Ingestion VIP","PutSmall",1,0,221.754,220.033,1.716
"Tenant 2 [Tier 1] High-Scale Ingestion VIP","PutSmall",1,0,225.275,223.494,1.774
"Tenant 2 [Tier 1] High-Scale Ingestion VIP","PutSmall",1,0,225.611,223.782,1.825
"Tenant 2 [Tier 1] High-Scale Ingestion VIP","PutSmall",1,0,221.495,219.679,1.811
"Tenant 2 [Tier 1] High-Scale Ingestion VIP","PutSmall",1,0,221.960,220.224,1.733
"Tenant 2 [Tier 1] High-Scale Ingestion VIP","PutSmall",1,0,222.403,220.538,1.862
"Tenant 2 [Tier 1] High-Scale Ingestion VIP","PutSmall",1,0,222.524,220.677,1.831
"Tenant 2 [Tier 1] High-Scale Ingestion VIP","GetSmall",1,0,221.816,220.276,1.506
"Tenant 2 [Tier 1] High-Scale Ingestion VIP","PutSmall",1,0,219.581,217.819,1.755
"Tenant 2 [Tier 1] High-Scale Ingestion VIP","GetSmall",1,0,219.875,218.392,1.480
"Tenant 2 [Tier 1] High-Scale Ingestion VIP","GetSmall",1,0,219.995,218.526,1.456
"Tenant 2 [Tier 1] High-Scale Ingestion VIP","GetSmall",1,0,220.440,218.958,1.446
"Tenant 2 [Tier 1] High-Scale Ingestion VIP","GetSmall",1,0,222.039,220.465,1.556
"Tenant 2 [Tier 1] High-Scale Ingestion VIP","GetSmall",1,0,220.889,219.349,1.526
"Tenant 2 [Tier 1] High-Scale Ingestion VIP","PutSmall",1,0,221.961,220.137,1.821
"Tenant 2 [Tier 1] High-Scale Ingestion VIP","PutSmall",1,0,223.198,221.343,1.841
"Tenant 2 [Tier 1] High-Scale Ingestion VIP","GetSmall",1,0,221.500,219.986,1.481
"Tenant 2 [Tier 1] High-Scale Ingestion VIP","GetSmall",1,0,221.281,219.740,1.471
"Tenant 2 [Tier 1] High-Scale Ingestion VIP","GetSmall",1,0,220.428,218.889,1.480
"Tenant 2 [Tier 1] High-Scale Ingestion VIP","GetSmall",1,0,218.579,217.042,1.483
"Tenant 2 [Tier 1] High-Scale Ingestion VIP","GetSmall",1,0,220.177,218.598,1.504
"Tenant 2 [Tier 1] High-Scale Ingestion VIP","PutSmall",1,0,221.514,219.693,1.809
"Tenant 2 [Tier 1] High-Scale Ingestion VIP","GetSmall",1,0,221.380,219.844,1.511
"Tenant 2 [Tier 1] High-Scale Ingestion VIP","GetSmall",1,0,221.574,220.016,1.544
"Tenant 2 [Tier 1] High-Scale Ingestion VIP","PutSmall",1,0,221.838,220.072,1.759
"Tenant 2 [Tier 1] High-Scale Ingestion VIP","PutSmall",1,0,221.657,219.771,1.882
"Tenant 2 [Tier 1] High-Scale Ingestion VIP","GetSmall",1,0,221.765,220.283,1.476
"Tenant 2 [Tier 1] High-Scale Ingestion VIP","GetSmall",1,0,221.858,220.347,1.479
"Tenant 2 [Tier 1] High-Scale Ingestion VIP","PutSmall",1,0,222.155,220.286,1.856
"Tenant 2 [Tier 1] High-Scale Ingestion VIP","GetSmall",1,0,221.785,220.195,1.559
"Tenant 2 [Tier 1] High-Scale Ingestion VIP","PutSmall",1,0,222.676,220.872,1.799
"Tenant 2 [Tier 1] High-Scale Ingestion VIP","GetSmall",1,0,222.320,220.864,1.444
"Tenant 2 [Tier 1] High-Scale Ingestion VIP","GetSmall",1,0,221.453,219.889,1.558
"Tenant 2 [Tier 1] High-Scale Ingestion VIP","PutSmall",1,0,222.061,220.197,1.857
"Tenant 2 [Tier 1] High-Scale Ingestion VIP","PutSmall",1,0,221.598,219.718,1.866
"Tenant 2 [Tier 1] High-Scale Ingestion VIP","GetSmall",1,0,222.019,220.562,1.444
"Tenant 2 [Tier 1] High-Scale Ingestion VIP","PutSmall",1,0,222.061,220.248,1.809
"Tenant 2 [Tier 1] High-Scale Ingestion VIP","PutSmall",1,0,222.491,220.604,1.868
"Tenant 2 [Tier 1] High-Scale Ingestion VIP","GetSmall",1,0,221.251,219.781,1.465
"Tenant 2 [Tier 1] High-Scale Ingestion VIP","GetSmall",1,0,222.464,220.889,1.565
"Tenant 2 [Tier 1] High-Scale Ingestion VIP","GetSmall",1,0,221.933,220.473,1.456
"Tenant 2 [Tier 1] High-Scale Ingestion VIP","PutSmall",1,0,222.740,221.001,1.725
"Tenant 2 [Tier 1] High-Scale Ingestion VIP","PutSmall",1,0,222.631,220.861,1.765
"Tenant 2 [Tier 1] High-Scale Ingestion VIP","PutSmall",1,0,222.762,220.887,1.862
"Tenant 2 [Tier 1] High-Scale Ingestion VIP","PutSmall",1,0,223.053,221.177,1.869
"Tenant 2 [Tier 1] High-Scale Ingestion VIP","PutSmall",1,0,224.028,222.303,1.717
"Tenant 2 [Tier 1] High-Scale Ingestion VIP","PutSmall",1,0,221.518,219.770,1.733
"Tenant 2 [Tier 1] High-Scale Ingestion VIP","GetSmall",1,0,222.489,220.972,1.510
"Tenant 2 [Tier 1] High-Scale Ingestion VIP","GetSmall",1,0,222.510,220.969,1.518
"Tenant 2 [Tier 1] High-Scale Ingestion VIP","GetSmall",1,0,222.541,220.979,1.541
"Tenant 2 [Tier 1] High-Scale Ingestion VIP","GetSmall",1,0,222.581,221.000,1.565
"Tenant 2 [Tier 1] High-Scale Ingestion VIP","PutSmall",1,0,222.724,221.003,1.715
"Tenant 2 [Tier 1] High-Scale Ingestion VIP","PutSmall",1,0,221.260,219.435,1.823
"Tenant 2 [Tier 1] High-Scale Ingestion VIP","PutSmall",1,0,221.659,219.766,1.888
"Tenant 2 [Tier 1] High-Scale Ingestion VIP","PutSmall",1,0,222.551,220.735,1.812
"Tenant 2 [Tier 1] High-Scale Ingestion VIP","PutSmall",1,0,222.516,220.709,1.792
"Tenant 2 [Tier 1] High-Scale Ingestion VIP","PutSmall",1,0,222.593,220.699,1.890
"Tenant 2 [Tier 1] High-Scale Ingestion VIP","PutSmall",1,0,222.340,220.601,1.722
"Tenant 2 [Tier 1] High-Scale Ingestion VIP","GetSmall",1,0,221.602,220.108,1.478
"Tenant 2 [Tier 1] High-Scale Ingestion VIP","PutSmall",1,0,221.596,219.810,1.782
"Tenant 2 [Tier 1] High-Scale Ingestion VIP","GetSmall",1,0,222.628,221.190,1.432
"Tenant 2 [Tier 1] High-Scale Ingestion VIP","GetSmall",1,0,222.690,221.209,1.457
"Tenant 2 [Tier 1] High-Scale Ingestion VIP","PutSmall",1,0,222.937,221.144,1.784
"Tenant 2 [Tier 1] High-Scale Ingestion VIP","GetSmall",1,0,224.411,222.897,1.500
"Tenant 2 [Tier 1] High-Scale Ingestion VIP","GetSmall",1,0,224.460,222.925,1.514
"Tenant 2 [Tier 1] High-Scale Ingestion VIP","PutSmall",1,0,224.547,222.826,1.714
"Tenant 2 [Tier 1] High-Scale Ingestion VIP","PutSmall",1,0,224.859,223.089,1.767
"Tenant 2 [Tier 1] High-Scale Ingestion VIP","GetSmall",1,0,224.450,223.020,1.425
"Tenant 2 [Tier 1] High-Scale Ingestion VIP","GetSmall",1,0,220.798,219.357,1.437
"Tenant 2 [Tier 1] High-Scale Ingestion VIP","PutSmall",1,0,225.654,223.922,1.723
"Tenant 2 [Tier 1] High-Scale Ingestion VIP","PutSmall",1,0,224.359,222.570,1.785
"Tenant 2 [Tier 1] High-Scale Ingestion VIP","PutSmall",1,0,218.370,216.584,1.710
"Tenant 2 [Tier 1] High-Scale Ingestion VIP","GetSmall",1,0,219.309,217.810,1.495
"Tenant 2 [Tier 1] High-Scale Ingestion VIP","PutSmall",1,0,220.615,218.827,1.766
"Tenant 2 [Tier 1] High-Scale Ingestion VIP","PutSmall",1,0,220.739,218.812,1.877
"Tenant 2 [Tier 1] High-Scale Ingestion VIP","GetSmall",1,0,221.248,219.746,1.496
"Tenant 2 [Tier 1] High-Scale Ingestion VIP","GetSmall",1,0,221.406,219.836,1.537
"Tenant 2 [Tier 1] High-Scale Ingestion VIP","PutSmall",1,0,221.517,219.749,1.756
"Tenant 2 [Tier 1] High-Scale Ingestion VIP","PutSmall",1,0,222.820,221.037,1.780
"Tenant 2 [Tier 1] High-Scale Ingestion VIP","GetSmall",1,0,218.842,217.269,1.536
"Tenant 2 [Tier 1] High-Scale Ingestion VIP","PutSmall",1,0,220.724,218.843,1.845
"Tenant 2 [Tier 1] High-Scale Ingestion VIP","GetSmall",1,0,219.992,218.442,1.544
"Tenant 2 [Tier 1] High-Scale Ingestion VIP","GetSmall",1,0,219.811,218.223,1.552
"Tenant 2 [Tier 1] High-Scale Ingestion VIP","GetSmall",1,0,220.087,218.481,1.563
"Tenant 2 [Tier 1] High-Scale Ingestion VIP","PutSmall",1,0,220.284,218.497,1.778
"Tenant 2 [Tier 1] High-Scale Ingestion VIP","PutSmall",1,0,220.296,218.480,1.812
"Tenant 2 [Tier 1] High-Scale Ingestion VIP","GetSmall",1,0,220.651,219.206,1.437
"Tenant 2 [Tier 1] High-Scale Ingestion VIP","GetSmall",1,0,221.015,219.491,1.520
"Tenant 2 [Tier 1] High-Scale Ingestion VIP","GetSmall",1,0,220.842,219.288,1.524
"Tenant 2 [Tier 1] High-Scale Ingestion VIP","GetSmall",1,0,221.092,219.541,1.528
"Tenant 2 [Tier 1] High-Scale Ingestion VIP","GetSmall",1,0,220.691,219.248,1.430
"Tenant 2 [Tier 1] High-Scale Ingestion VIP","PutSmall",1,0,221.137,219.243,1.886
"Tenant 2 [Tier 1] High-Scale Ingestion VIP","PutSmall",1,0,221.202,219.474,1.722
"Tenant 2 [Tier 1] High-Scale Ingestion VIP","PutSmall",1,0,220.946,219.125,1.815
"Tenant 2 [Tier 1] High-Scale Ingestion VIP","GetSmall",1,0,221.221,219.697,1.518
"Tenant 2 [Tier 1] High-Scale Ingestion VIP","PutSmall",1,0,222.085,220.283,1.795
"Tenant 2 [Tier 1] High-Scale Ingestion VIP","PutSmall",1,0,221.450,219.659,1.780
"Tenant 2 [Tier 1] High-Scale Ingestion VIP","GetSmall",1,0,221.917,220.429,1.478
"Tenant 2 [Tier 1] High-Scale Ingestion VIP","PutSmall",1,0,222.203,220.446,1.737
"Tenant 2 [Tier 1] High-Scale Ingestion VIP","PutSmall",1,0,221.764,220.000,1.752
"Tenant 2 [Tier 1] High-Scale Ingestion VIP","PutSmall",1,0,221.425,219.647,1.771
"Tenant 2 [Tier 1] High-Scale Ingestion VIP","PutSmall",1,0,223.033,221.284,1.737
"Tenant 2 [Tier 1] High-Scale Ingestion VIP","PutSmall",1,0,221.563,219.811,1.736
"Tenant 2 [Tier 1] High-Scale Ingestion VIP","PutSmall",1,0,223.076,221.295,1.759
"Tenant 2 [Tier 1] High-Scale Ingestion VIP","PutSmall",1,0,223.023,221.193,1.809
"Tenant 2 [Tier 1] High-Scale Ingestion VIP","PutSmall",1,0,221.388,219.537,1.832
"Tenant 2 [Tier 1] High-Scale Ingestion VIP","GetSmall",1,0,221.260,219.711,1.528
"Tenant 2 [Tier 1] High-Scale Ingestion VIP","PutSmall",1,0,221.644,219.818,1.819
"Tenant 2 [Tier 1] High-Scale Ingestion VIP","GetSmall",1,0,221.649,220.135,1.475
"Tenant 2 [Tier 1] High-Scale Ingestion VIP","PutSmall",1,0,223.111,221.377,1.722
"Tenant 2 [Tier 1] High-Scale Ingestion VIP","GetSmall",1,0,222.547,221.111,1.425
"Tenant 2 [Tier 1] High-Scale Ingestion VIP","GetSmall",1,0,221.502,220.033,1.443
"Tenant 2 [Tier 1] High-Scale Ingestion VIP","GetSmall",1,0,221.562,220.099,1.444
"Tenant 2 [Tier 1] High-Scale Ingestion VIP","PutSmall",1,0,221.741,220.017,1.717
"Tenant 2 [Tier 1] High-Scale Ingestion VIP","PutSmall",1,0,221.832,220.081,1.740
"Tenant 2 [Tier 1] High-Scale Ingestion VIP","PutSmall",1,0,221.896,220.144,1.741
"Tenant 2 [Tier 1] High-Scale Ingestion VIP","PutSmall",1,0,222.461,220.632,1.820
"Tenant 2 [Tier 1] High-Scale Ingestion VIP","PutSmall",1,0,223.151,221.246,1.889
"Tenant 2 [Tier 1] High-Scale Ingestion VIP","PutSmall",1,0,223.431,221.644,1.778
"Tenant 2 [Tier 1] High-Scale Ingestion VIP","GetSmall",1,0,224.188,222.679,1.503
"Tenant 2 [Tier 1] High-Scale Ingestion VIP","PutSmall",1,0,224.502,222.620,1.868
"Tenant 2 [Tier 1] High-Scale Ingestion VIP","GetSmall",1,0,221.428,219.884,1.534
"Tenant 2 [Tier 1] High-Scale Ingestion VIP","PutSmall",1,0,221.912,220.184,1.723
"Tenant 2 [Tier 1] High-Scale Ingestion VIP","PutSmall",1,0,224.491,222.634,1.852
"Tenant 2 [Tier 1] High-Scale Ingestion VIP","PutSmall",1,0,221.260,219.521,1.734
"Tenant 2 [Tier 1] High-Scale Ingestion VIP","PutSmall",1,0,221.695,219.846,1.845
"Tenant 2 [Tier 1] High-Scale Ingestion VIP","PutSmall",1,0,221.798,219.965,1.828
"Tenant 2 [Tier 1] High-Scale Ingestion VIP","GetSmall",1,0,222.453,220.898,1.545
"Tenant 2 [Tier 1] High-Scale Ingestion VIP","PutSmall",1,0,222.379,220.663,1.711
"Tenant 2 [Tier 1] High-Scale Ingestion VIP","PutSmall",1,0,222.426,220.691,1.728
"Tenant 2 [Tier 1] High-Scale Ingestion VIP","PutSmall",1,0,222.751,220.884,1.862
"Tenant 2 [Tier 1] High-Scale Ingestion VIP","PutSmall",1,0,222.439,220.593,1.839
"Tenant 2 [Tier 1] High-Scale Ingestion VIP","GetSmall",1,0,223.380,221.871,1.501
"Tenant 2 [Tier 1] High-Scale Ingestion VIP","PutSmall",1,0,223.996,222.146,1.834
"Tenant 2 [Tier 1] High-Scale Ingestion VIP","PutSmall",1,0,225.069,223.218,1.845
"Tenant 2 [Tier 1] High-Scale Ingestion VIP","PutSmall",1,0,227.789,226.010,1.745
"Tenant 2 [Tier 1] High-Scale Ingestion VIP","PutSmall",1,0,229.193,227.416,1.739
"Tenant 2 [Tier 1] High-Scale Ingestion VIP","GetSmall",1,0,227.678,226.154,1.490
"Tenant 2 [Tier 1] High-Scale Ingestion VIP","GetSmall",1,0,227.768,226.261,1.469
"Tenant 2 [Tier 1] High-Scale Ingestion VIP","GetSmall",1,0,226.879,225.421,1.455
"Tenant 2 [Tier 1] High-Scale Ingestion VIP","PutSmall",1,0,227.270,225.487,1.776
"Tenant 2 [Tier 1] High-Scale Ingestion VIP","PutSmall",1,0,228.865,227.044,1.809
"Tenant 2 [Tier 1] High-Scale Ingestion VIP","PutSmall",1,0,227.350,225.464,1.884
"Tenant 2 [Tier 1] High-Scale Ingestion VIP","GetSmall",1,0,228.439,226.907,1.520
"Tenant 2 [Tier 1] High-Scale Ingestion VIP","GetSmall",1,0,229.453,227.876,1.560
"Tenant 2 [Tier 1] High-Scale Ingestion VIP","PutSmall",1,0,229.905,228.168,1.731
"Tenant 2 [Tier 1] High-Scale Ingestion VIP","GetSmall",1,0,228.703,227.197,1.485
"Tenant 2 [Tier 1] High-Scale Ingestion VIP","PutSmall",1,0,228.804,226.924,1.871
"Tenant 2 [Tier 1] High-Scale Ingestion VIP","GetSmall",1,0,229.237,227.682,1.550
"Tenant 2 [Tier 1] High-Scale Ingestion VIP","PutSmall",1,0,229.484,227.719,1.760
"Tenant 2 [Tier 1] High-Scale Ingestion VIP","GetSmall",1,0,227.559,226.096,1.459
"Tenant 2 [Tier 1] High-Scale Ingestion VIP","GetSmall",1,0,227.622,226.067,1.548
"Tenant 2 [Tier 1] High-Scale Ingestion VIP","PutSmall",1,0,227.838,226.037,1.765
"Tenant 2 [Tier 1] High-Scale Ingestion VIP","PutSmall",1,0,227.863,226.014,1.827
"Tenant 2 [Tier 1] High-Scale Ingestion VIP","PutSmall",1,0,229.640,227.908,1.719
"Tenant 2 [Tier 1] High-Scale Ingestion VIP","PutSmall",1,0,228.297,226.532,1.731
"Tenant 2 [Tier 1] High-Scale Ingestion VIP","GetSmall",1,0,229.484,227.917,1.562
"Tenant 2 [Tier 1] High-Scale Ingestion VIP","GetSmall",1,0,230.310,228.782,1.519
"Tenant 2 [Tier 1] High-Scale Ingestion VIP","GetSmall",1,0,229.194,227.714,1.476
"Tenant 2 [Tier 1] High-Scale Ingestion VIP","GetSmall",1,0,228.989,227.448,1.527
"Tenant 2 [Tier 1] High-Scale Ingestion VIP","PutSmall",1,0,232.773,231.030,1.735
"Tenant 2 [Tier 1] High-Scale Ingestion VIP","PutSmall",1,0,231.042,229.213,1.822
"Tenant 2 [Tier 1] High-Scale Ingestion VIP","PutSmall",1,0,232.661,230.760,1.882
"Tenant 2 [Tier 1] High-Scale Ingestion VIP","GetSmall",1,0,230.331,228.891,1.430
"Tenant 2 [Tier 1] High-Scale Ingestion VIP","PutSmall",1,0,230.764,228.908,1.811
"Tenant 2 [Tier 1] High-Scale Ingestion VIP","PutSmall",1,0,229.943,228.084,1.843
"Tenant 2 [Tier 1] High-Scale Ingestion VIP","GetSmall",1,0,229.733,228.286,1.440
"Tenant 2 [Tier 1] High-Scale Ingestion VIP","GetSmall",1,0,229.447,227.997,1.444
"Tenant 2 [Tier 1] High-Scale Ingestion VIP","GetSmall",1,0,229.763,228.278,1.465
"Tenant 2 [Tier 1] High-Scale Ingestion VIP","PutSmall",1,0,230.273,228.352,1.870
"Tenant 2 [Tier 1] High-Scale Ingestion VIP","PutSmall",1,0,230.305,228.384,1.875
"Tenant 2 [Tier 1] High-Scale Ingestion VIP","PutSmall",1,0,230.234,228.307,1.882
"Tenant 2 [Tier 1] High-Scale Ingestion VIP","PutSmall",1,0,229.189,227.412,1.759
"Tenant 2 [Tier 1] High-Scale Ingestion VIP","GetSmall",1,0,229.284,227.827,1.444
"Tenant 2 [Tier 1] High-Scale Ingestion VIP","GetSmall",1,0,230.534,229.029,1.494
"Tenant 2 [Tier 1] High-Scale Ingestion VIP","PutSmall",1,0,229.610,227.807,1.796
"Tenant 2 [Tier 1] High-Scale Ingestion VIP","PutSmall",1,0,229.651,227.819,1.826
"Tenant 2 [Tier 1] High-Scale Ingestion VIP","PutSmall",1,0,230.473,228.724,1.745
"Tenant 2 [Tier 1] High-Scale Ingestion VIP","PutSmall",1,0,230.771,229.016,1.747
"Tenant 2 [Tier 1] High-Scale Ingestion VIP","PutSmall",1,0,230.861,228.998,1.857
"Tenant 2 [Tier 1] High-Scale Ingestion VIP","GetSmall",1,0,230.787,229.207,1.573
"Tenant 2 [Tier 1] High-Scale Ingestion VIP","GetSmall",1,0,228.723,227.253,1.458
"Tenant 2 [Tier 1] High-Scale Ingestion VIP","GetSmall",1,0,229.151,227.615,1.507
"Tenant 2 [Tier 1] High-Scale Ingestion VIP","PutSmall",1,0,230.271,228.387,1.870
"Tenant 2 [Tier 1] High-Scale Ingestion VIP","PutSmall",1,0,232.131,230.215,1.886
"Tenant 2 [Tier 1] High-Scale Ingestion VIP","GetSmall",1,0,228.781,227.330,1.439
"Tenant 2 [Tier 1] High-Scale Ingestion VIP","GetSmall",1,0,228.712,227.140,1.568
"Tenant 2 [Tier 1] High-Scale Ingestion VIP","PutSmall",1,0,229.770,228.042,1.722
"Tenant 2 [Tier 1] High-Scale Ingestion VIP","PutSmall",1,0,229.147,227.397,1.737
"Tenant 2 [Tier 1] High-Scale Ingestion VIP","GetSmall",1,0,231.971,230.396,1.560
"Tenant 2 [Tier 1] High-Scale Ingestion VIP","PutSmall",1,0,228.097,226.332,1.729
"Tenant 2 [Tier 1] High-Scale Ingestion VIP","PutSmall",1,0,231.781,229.994,1.778
"Tenant 2 [Tier 1] High-Scale Ingestion VIP","PutSmall",1,0,228.406,226.507,1.882
"Tenant 2 [Tier 1] High-Scale Ingestion VIP","GetSmall",1,0,229.315,227.816,1.489
"Tenant 2 [Tier 1] High-Scale Ingestion VIP","PutSmall",1,0,229.821,227.944,1.872
"Tenant 2 [Tier 1] High-Scale Ingestion VIP","GetSmall",1,0,231.171,229.700,1.460
"Tenant 2 [Tier 1] High-Scale Ingestion VIP","PutSmall",1,0,230.391,228.570,1.809
"Tenant 2 [Tier 1] High-Scale Ingestion VIP","PutSmall",1,0,233.234,231.470,1.726
"Tenant 2 [Tier 1] High-Scale Ingestion VIP","PutSmall",1,0,232.179,230.347,1.821
"Tenant 2 [Tier 1] High-Scale Ingestion VIP","GetSmall",1,0,222.773,221.322,1.440
"Tenant 2 [Tier 1] High-Scale Ingestion VIP","PutSmall",1,0,223.629,221.853,1.770
"Tenant 2 [Tier 1] High-Scale Ingestion VIP","PutSmall",1,0,223.383,221.619,1.746
"Tenant 2 [Tier 1] High-Scale Ingestion VIP","GetSmall",1,0,223.240,221.792,1.430
"Tenant 2 [Tier 1] High-Scale Ingestion VIP","GetSmall",1,0,222.112,220.657,1.443
"Tenant 2 [Tier 1] High-Scale Ingestion VIP","GetSmall",1,0,222.082,220.593,1.455
"Tenant 2 [Tier 1] High-Scale Ingestion VIP","PutSmall",1,0,224.315,222.510,1.754
"Tenant 2 [Tier 1] High-Scale Ingestion VIP","PutSmall",1,0,224.704,222.833,1.862
"Tenant 2 [Tier 1] High-Scale Ingestion VIP","GetSmall",1,0,225.128,223.690,1.426
"Tenant 2 [Tier 1] High-Scale Ingestion VIP","GetSmall",1,0,224.355,222.854,1.492
"Tenant 2 [Tier 1] High-Scale Ingestion VIP","GetSmall",1,0,225.121,223.587,1.530
"Tenant 2 [Tier 1] High-Scale Ingestion VIP","GetSmall",1,0,225.465,223.863,1.531
"Tenant 2 [Tier 1] High-Scale Ingestion VIP","GetSmall",1,0,225.143,223.538,1.571
"Tenant 2 [Tier 1] High-Scale Ingestion VIP","GetSmall",1,0,225.454,223.840,1.575
"Tenant 2 [Tier 1] High-Scale Ingestion VIP","PutSmall",1,0,225.860,224.087,1.735
"Tenant 2 [Tier 1] High-Scale Ingestion VIP","GetSmall",1,0,224.129,222.635,1.488
"Tenant 2 [Tier 1] High-Scale Ingestion VIP","GetSmall",1,0,224.066,222.519,1.527
"Tenant 2 [Tier 1] High-Scale Ingestion VIP","PutSmall",1,0,224.120,222.271,1.840
"Tenant 2 [Tier 1] High-Scale Ingestion VIP","GetSmall",1,0,224.764,223.243,1.496
"Tenant 2 [Tier 1] High-Scale Ingestion VIP","PutSmall",1,0,224.991,223.246,1.738
"Tenant 2 [Tier 1] High-Scale Ingestion VIP","PutSmall",1,0,225.116,223.275,1.821
"Tenant 2 [Tier 1] High-Scale Ingestion VIP","GetSmall",1,0,225.025,223.454,1.564
"Tenant 2 [Tier 1] High-Scale Ingestion VIP","PutSmall",1,0,224.384,222.534,1.839
"Tenant 2 [Tier 1] High-Scale Ingestion VIP","GetSmall",1,0,222.706,221.129,1.570
"Tenant 2 [Tier 1] High-Scale Ingestion VIP","GetSmall",1,0,223.838,222.385,1.445
"Tenant 2 [Tier 1] High-Scale Ingestion VIP","GetSmall",1,0,223.958,222.492,1.460
"Tenant 2 [Tier 1] High-Scale Ingestion VIP","PutSmall",1,0,224.461,222.683,1.769
"Tenant 2 [Tier 1] High-Scale Ingestion VIP","PutSmall",1,0,224.148,222.321,1.822
"Tenant 2 [Tier 1] High-Scale Ingestion VIP","PutSmall",1,0,225.833,224.094,1.725
"Tenant 2 [Tier 1] High-Scale Ingestion VIP","GetSmall",1,0,224.992,223.430,1.533
"Tenant 2 [Tier 1] High-Scale Ingestion VIP","GetSmall",1,0,223.658,222.065,1.571
"Tenant 2 [Tier 1] High-Scale Ingestion VIP","GetSmall",1,0,223.659,222.065,1.496
"Tenant 2 [Tier 1] High-Scale Ingestion VIP","PutSmall",1,0,227.042,225.318,1.717
"Tenant 2 [Tier 1] High-Scale Ingestion VIP","PutSmall",1,0,223.367,221.618,1.744
"Tenant 2 [Tier 1] High-Scale Ingestion VIP","PutSmall",1,0,223.950,222.097,1.847
"Tenant 2 [Tier 1] High-Scale Ingestion VIP","GetSmall",1,0,224.641,223.177,1.428
"Tenant 2 [Tier 1] High-Scale Ingestion VIP","PutSmall",1,0,224.952,223.176,1.759
"Tenant 2 [Tier 1] High-Scale Ingestion VIP","GetSmall",1,0,222.612,221.057,1.550
"Tenant 2 [Tier 1] High-Scale Ingestion VIP","PutSmall",1,0,224.465,222.573,1.887
"Tenant 2 [Tier 1] High-Scale Ingestion VIP","PutSmall",1,0,224.033,222.287,1.741
"Tenant 2 [Tier 1] High-Scale Ingestion VIP","PutSmall",1,0,224.029,222.257,1.759
"Tenant 2 [Tier 1] High-Scale Ingestion VIP","PutSmall",1,0,224.465,222.599,1.842
"Tenant 2 [Tier 1] High-Scale Ingestion VIP","GetSmall",1,0,224.865,223.408,1.450
"Tenant 2 [Tier 1] High-Scale Ingestion VIP","GetSmall",1,0,223.892,222.305,1.554
"Tenant 2 [Tier 1] High-Scale Ingestion VIP","PutSmall",1,0,226.468,224.741,1.714
"Tenant 2 [Tier 1] High-Scale Ingestion VIP","PutSmall",1,0,225.107,223.284,1.810
"Tenant 2 [Tier 1] High-Scale Ingestion VIP","PutSmall",1,0,226.731,224.883,1.833
"Tenant 2 [Tier 1] High-Scale Ingestion VIP","GetSmall",1,0,224.777,223.253,1.512
"Tenant 2 [Tier 1] High-Scale Ingestion VIP","GetSmall",1,0,224.968,223.446,1.515
"Tenant 2 [Tier 1] High-Scale Ingestion VIP","GetSmall",1,0,225.031,223.472,1.551
"Tenant 2 [Tier 1] High-Scale Ingestion VIP","PutSmall",1,0,225.559,223.817,1.731
"Tenant 2 [Tier 1] High-Scale Ingestion VIP","PutSmall",1,0,225.180,223.372,1.804
"Tenant 2 [Tier 1] High-Scale Ingestion VIP","PutSmall",1,0,223.935,222.069,1.841
"Tenant 2 [Tier 1] High-Scale Ingestion VIP","PutSmall",1,0,224.251,222.338,1.888
"Tenant 2 [Tier 1] High-Scale Ingestion VIP","GetSmall",1,0,223.127,221.647,1.474
"Tenant 2 [Tier 1] High-Scale Ingestion VIP","PutSmall",1,0,223.339,221.449,1.882
"Tenant 2 [Tier 1] High-Scale Ingestion VIP","PutSmall",1,0,223.432,221.599,1.828
"Tenant 2 [Tier 1] High-Scale Ingestion VIP","PutSmall",1,0,224.695,222.824,1.851
"Tenant 2 [Tier 1] High-Scale Ingestion VIP","PutSmall",1,0,224.800,222.924,1.861
"Tenant 2 [Tier 1] High-Scale Ingestion VIP","PutSmall",1,0,223.432,221.637,1.789
"Tenant 2 [Tier 1] High-Scale Ingestion VIP","PutSmall",1,0,223.585,221.739,1.831
"Tenant 2 [Tier 1] High-Scale Ingestion VIP","PutSmall",1,0,221.295,219.574,1.715
"Tenant 2 [Tier 1] High-Scale Ingestion VIP","PutSmall",1,0,221.265,219.511,1.741
"Tenant 2 [Tier 1] High-Scale Ingestion VIP","PutSmall",1,0,224.982,223.138,1.840
"Tenant 2 [Tier 1] High-Scale Ingestion VIP","GetSmall",1,0,217.623,216.092,1.525
"Tenant 2 [Tier 1] High-Scale Ingestion VIP","GetSmall",1,0,217.117,215.589,1.493
"Tenant 2 [Tier 1] High-Scale Ingestion VIP","GetSmall",1,0,218.952,217.380,1.568
"Tenant 2 [Tier 1] High-Scale Ingestion VIP","GetSmall",1,0,217.344,215.881,1.430
"Tenant 2 [Tier 1] High-Scale Ingestion VIP","GetSmall",1,0,218.208,216.712,1.459
"Tenant 2 [Tier 1] High-Scale Ingestion VIP","GetSmall",1,0,218.623,217.131,1.463
"Tenant 2 [Tier 1] High-Scale Ingestion VIP","GetSmall",1,0,218.609,217.080,1.505
"Tenant 2 [Tier 1] High-Scale Ingestion VIP","PutSmall",1,0,218.561,216.774,1.774
"Tenant 2 [Tier 1] High-Scale Ingestion VIP","GetSmall",1,0,216.154,214.575,1.546
"Tenant 2 [Tier 1] High-Scale Ingestion VIP","PutSmall",1,0,216.399,214.555,1.790
"Tenant 2 [Tier 1] High-Scale Ingestion VIP","PutSmall",1,0,216.502,214.646,1.814
"Tenant 2 [Tier 1] High-Scale Ingestion VIP","GetSmall",1,0,217.596,216.114,1.476
"Tenant 2 [Tier 1] High-Scale Ingestion VIP","GetSmall",1,0,217.627,216.111,1.480
"Tenant 2 [Tier 1] High-Scale Ingestion VIP","PutSmall",1,0,217.968,216.114,1.835
"Tenant 2 [Tier 1] High-Scale Ingestion VIP","PutSmall",1,0,219.449,217.586,1.844
"Tenant 2 [Tier 1] High-Scale Ingestion VIP","GetSmall",1,0,219.399,217.940,1.453
"Tenant 2 [Tier 1] High-Scale Ingestion VIP","GetSmall",1,0,219.847,218.384,1.458
"Tenant 2 [Tier 1] High-Scale Ingestion VIP","PutSmall",1,0,221.194,219.375,1.815
"Tenant 2 [Tier 1] High-Scale Ingestion VIP","PutSmall",1,0,220.916,219.073,1.818
"Tenant 2 [Tier 1] High-Scale Ingestion VIP","GetSmall",1,0,218.302,216.754,1.519
"Tenant 2 [Tier 1] High-Scale Ingestion VIP","PutSmall",1,0,219.388,217.628,1.756
"Tenant 2 [Tier 1] High-Scale Ingestion VIP","GetSmall",1,0,219.080,217.620,1.451
"Tenant 2 [Tier 1] High-Scale Ingestion VIP","PutSmall",1,0,219.767,217.898,1.860
"Tenant 2 [Tier 1] High-Scale Ingestion VIP","PutSmall",1,0,219.346,217.484,1.847
"Tenant 2 [Tier 1] High-Scale Ingestion VIP","GetSmall",1,0,219.325,217.853,1.451
"Tenant 2 [Tier 1] High-Scale Ingestion VIP","GetSmall",1,0,219.460,217.885,1.568
"Tenant 2 [Tier 1] High-Scale Ingestion VIP","GetSmall",1,0,219.739,218.231,1.502
"Tenant 2 [Tier 1] High-Scale Ingestion VIP","PutSmall",1,0,220.027,218.289,1.732
"Tenant 2 [Tier 1] High-Scale Ingestion VIP","GetSmall",1,0,218.810,217.296,1.509
"Tenant 2 [Tier 1] High-Scale Ingestion VIP","GetSmall",1,0,218.920,217.368,1.529
"Tenant 2 [Tier 1] High-Scale Ingestion VIP","PutSmall",1,0,219.072,217.336,1.731
"Tenant 2 [Tier 1] High-Scale Ingestion VIP","PutSmall",1,0,220.627,218.836,1.787
"Tenant 2 [Tier 1] High-Scale Ingestion VIP","PutSmall",1,0,219.386,217.590,1.792
"Tenant 2 [Tier 1] High-Scale Ingestion VIP","GetSmall",1,0,220.174,218.681,1.485
"Tenant 2 [Tier 1] High-Scale Ingestion VIP","PutSmall",1,0,220.462,218.575,1.879
"Tenant 2 [Tier 1] High-Scale Ingestion VIP","GetSmall",1,0,221.788,220.229,1.545
"Tenant 2 [Tier 1] High-Scale Ingestion VIP","GetSmall",1,0,220.530,218.955,1.562
"Tenant 2 [Tier 1] High-Scale Ingestion VIP","PutSmall",1,0,220.497,218.619,1.862
"Tenant 2 [Tier 1] High-Scale Ingestion VIP","PutSmall",1,0,222.439,220.537,1.889
"Tenant 2 [Tier 1] High-Scale Ingestion VIP","GetSmall",1,0,220.244,218.719,1.521
"Tenant 2 [Tier 1] High-Scale Ingestion VIP","GetSmall",1,0,220.173,218.610,1.539
"Tenant 2 [Tier 1] High-Scale Ingestion VIP","GetSmall",1,0,220.338,218.731,1.559
"Tenant 2 [Tier 1] High-Scale Ingestion VIP","GetSmall",1,0,219.607,218.070,1.533
"Tenant 2 [Tier 1] High-Scale Ingestion VIP","PutSmall",1,0,218.243,216.458,1.763
"Tenant 2 [Tier 1] High-Scale Ingestion VIP","GetSmall",1,0,219.210,217.757,1.435
"Tenant 2 [Tier 1] High-Scale Ingestion VIP","GetSmall",1,0,219.250,217.775,1.466
"Tenant 2 [Tier 1] High-Scale Ingestion VIP","GetSmall",1,0,219.391,217.893,1.494
"Tenant 2 [Tier 1] High-Scale Ingestion VIP","GetSmall",1,0,218.085,216.523,1.554
"Tenant 2 [Tier 1] High-Scale Ingestion VIP","PutSmall",1,0,218.257,216.506,1.746
"Tenant 2 [Tier 1] High-Scale Ingestion VIP","PutSmall",1,0,218.574,216.729,1.841
"Tenant 2 [Tier 1] High-Scale Ingestion VIP","GetSmall",1,0,220.930,219.384,1.538
"Tenant 2 [Tier 1] High-Scale Ingestion VIP","PutSmall",1,0,221.169,219.435,1.729
"Tenant 2 [Tier 1] High-Scale Ingestion VIP","GetSmall",1,0,219.199,217.763,1.432
"Tenant 2 [Tier 1] High-Scale Ingestion VIP","GetSmall",1,0,217.765,216.316,1.432
"Tenant 2 [Tier 1] High-Scale Ingestion VIP","GetSmall",1,0,222.146,220.689,1.437
"Tenant 2 [Tier 1] High-Scale Ingestion VIP","GetSmall",1,0,221.831,220.346,1.462
"Tenant 2 [Tier 1] High-Scale Ingestion VIP","PutSmall",1,0,219.907,218.172,1.731
"Tenant 2 [Tier 1] High-Scale Ingestion VIP","GetSmall",1,0,218.186,216.661,1.522
"Tenant 2 [Tier 1] High-Scale Ingestion VIP","PutSmall",1,0,218.230,216.478,1.746
"Tenant 2 [Tier 1] High-Scale Ingestion VIP","GetSmall",1,0,218.918,217.407,1.506
"Tenant 2 [Tier 1] High-Scale Ingestion VIP","GetSmall",1,0,217.931,216.374,1.541
"Tenant 2 [Tier 1] High-Scale Ingestion VIP","GetSmall",1,0,220.346,218.872,1.464
"Tenant 2 [Tier 1] High-Scale Ingestion VIP","PutSmall",1,0,220.495,218.769,1.721
"Tenant 2 [Tier 1] High-Scale Ingestion VIP","PutSmall",1,0,220.583,218.838,1.729
"Tenant 2 [Tier 1] High-Scale Ingestion VIP","GetSmall",1,0,219.413,217.920,1.453
"Tenant 2 [Tier 1] High-Scale Ingestion VIP","PutSmall",1,0,220.156,218.438,1.711
"Tenant 2 [Tier 1] High-Scale Ingestion VIP","GetSmall",1,0,221.730,220.138,1.557
"Tenant 2 [Tier 1] High-Scale Ingestion VIP","PutSmall",1,0,221.903,220.034,1.865
"Tenant 2 [Tier 1] High-Scale Ingestion VIP","GetSmall",1,0,222.270,220.734,1.500
"Tenant 2 [Tier 1] High-Scale Ingestion VIP","PutSmall",1,0,222.642,220.731,1.890
"Tenant 2 [Tier 1] High-Scale Ingestion VIP","GetSmall",1,0,223.498,222.019,1.446
"Tenant 2 [Tier 1] High-Scale Ingestion VIP","GetSmall",1,0,223.844,222.273,1.563
"Tenant 2 [Tier 1] High-Scale Ingestion VIP","GetSmall",1,0,221.437,219.991,1.441
"Tenant 2 [Tier 1] High-Scale Ingestion VIP","PutSmall",1,0,221.804,219.995,1.805
"Tenant 2 [Tier 1] High-Scale Ingestion VIP","PutSmall",1,0,222.165,220.283,1.877
"Tenant 2 [Tier 1] High-Scale Ingestion VIP","GetSmall",1,0,223.214,221.751,1.458
"Tenant 2 [Tier 1] High-Scale Ingestion VIP","GetSmall",1,0,222.990,221.417,1.565
"Tenant 2 [Tier 1] High-Scale Ingestion VIP","PutSmall",1,0,223.638,221.785,1.850
"Tenant 2 [Tier 1] High-Scale Ingestion VIP","GetSmall",1,0,221.361,219.798,1.557
"Tenant 2 [Tier 1] High-Scale Ingestion VIP","PutSmall",1,0,221.788,219.907,1.875
"Tenant 2 [Tier 1] High-Scale Ingestion VIP","GetSmall",1,0,221.504,220.003,1.492
"Tenant 2 [Tier 1] High-Scale Ingestion VIP","PutSmall",1,0,222.196,220.352,1.834
"Tenant 2 [Tier 1] High-Scale Ingestion VIP","PutSmall",1,0,222.666,220.901,1.758
"Tenant 2 [Tier 1] High-Scale Ingestion VIP","GetSmall",1,0,222.595,221.099,1.492
"Tenant 2 [Tier 1] High-Scale Ingestion VIP","PutSmall",1,0,221.676,219.926,1.717
"Tenant 2 [Tier 1] High-Scale Ingestion VIP","PutSmall",1,0,223.193,221.422,1.758
"Tenant 2 [Tier 1] High-Scale Ingestion VIP","PutSmall",1,0,223.149,221.307,1.837
"Tenant 2 [Tier 1] High-Scale Ingestion VIP","PutSmall",1,0,222.701,220.964,1.726
"Tenant 2 [Tier 1] High-Scale Ingestion VIP","GetSmall",1,0,223.288,221.811,1.472
"Tenant 2 [Tier 1] High-Scale Ingestion VIP","PutSmall",1,0,224.567,222.802,1.731
"Tenant 2 [Tier 1] High-Scale Ingestion VIP","PutSmall",1,0,224.551,222.699,1.841
"Tenant 2 [Tier 1] High-Scale Ingestion VIP","PutSmall",1,0,223.911,222.051,1.837
"Tenant 2 [Tier 1] High-Scale Ingestion VIP","GetSmall",1,0,222.841,221.340,1.497
"Tenant 2 [Tier 1] High-Scale Ingestion VIP","GetSmall",1,0,223.066,221.526,1.520
"Tenant 2 [Tier 1] High-Scale Ingestion VIP","GetSmall",1,0,222.935,221.420,1.509
"Tenant 2 [Tier 1] High-Scale Ingestion VIP","PutSmall",1,0,223.417,221.563,1.850
"Tenant 2 [Tier 1] High-Scale Ingestion VIP","GetSmall",1,0,223.907,222.425,1.476
"Tenant 2 [Tier 1] High-Scale Ingestion VIP","GetSmall",1,0,222.759,221.180,1.574
"Tenant 2 [Tier 1] High-Scale Ingestion VIP","PutSmall",1,0,223.365,221.570,1.787
"Tenant 2 [Tier 1] High-Scale Ingestion VIP","GetSmall",1,0,221.371,219.868,1.496
"Tenant 2 [Tier 1] High-Scale Ingestion VIP","GetSmall",1,0,222.313,220.803,1.501
"Tenant 2 [Tier 1] High-Scale Ingestion VIP","PutSmall",1,0,222.898,221.129,1.762
"Tenant 2 [Tier 1] High-Scale Ingestion VIP","GetSmall",1,0,221.421,219.861,1.552
"Tenant 2 [Tier 1] High-Scale Ingestion VIP","PutSmall",1,0,222.677,220.822,1.851
"Tenant 2 [Tier 1] High-Scale Ingestion VIP","GetSmall",1,0,222.531,221.054,1.473
"Tenant 2 [Tier 1] High-Scale Ingestion VIP","PutSmall",1,0,222.864,221.100,1.761
"Tenant 2 [Tier 1] High-Scale Ingestion VIP","GetSmall",1,0,222.339,220.810,1.523
"Tenant 2 [Tier 1] High-Scale Ingestion VIP","PutSmall",1,0,222.883,221.057,1.818
"Tenant 2 [Tier 1] High-Scale Ingestion VIP","PutSmall",1,0,222.858,221.104,1.745
"Tenant 2 [Tier 1] High-Scale Ingestion VIP","GetSmall",1,0,222.606,221.131,1.460
"Tenant 2 [Tier 1] High-Scale Ingestion VIP","PutSmall",1,0,222.854,221.063,1.783
"Tenant 2 [Tier 1] High-Scale Ingestion VIP","PutSmall",1,0,222.968,221.120,1.842
"Tenant 2 [Tier 1] High-Scale Ingestion VIP","PutSmall",1,0,223.189,221.320,1.864
"Tenant 2 [Tier 1] High-Scale Ingestion VIP","PutSmall",1,0,224.013,222.244,1.763
"Tenant 2 [Tier 1] High-Scale Ingestion VIP","GetSmall",1,0,222.712,221.258,1.443
"Tenant 2 [Tier 1] High-Scale Ingestion VIP","PutSmall",1,0,223.235,221.454,1.772
"Tenant 2 [Tier 1] High-Scale Ingestion VIP","GetSmall",1,0,223.113,221.657,1.450
"Tenant 2 [Tier 1] High-Scale Ingestion VIP","GetSmall",1,0,223.103,221.630,1.465
"Tenant 2 [Tier 1] High-Scale Ingestion VIP","GetSmall",1,0,222.694,221.204,1.470
"Tenant 2 [Tier 1] High-Scale Ingestion VIP","GetSmall",1,0,223.219,221.639,1.574
"Tenant 2 [Tier 1] High-Scale Ingestion VIP","PutSmall",1,0,223.475,221.635,1.836
"Tenant 2 [Tier 1] High-Scale Ingestion VIP","PutSmall",1,0,223.216,221.379,1.818
"Tenant 2 [Tier 1] High-Scale Ingestion VIP","PutSmall",1,0,223.386,221.597,1.784
"Tenant 2 [Tier 1] High-Scale Ingestion VIP","PutSmall",1,0,224.425,222.617,1.792
"Tenant 2 [Tier 1] High-Scale Ingestion VIP","PutSmall",1,0,223.319,221.510,1.800
"Tenant 2 [Tier 1] High-Scale Ingestion VIP","GetSmall",1,0,225.911,224.379,1.527
"Tenant 2 [Tier 1] High-Scale Ingestion VIP","GetSmall",1,0,226.203,224.629,1.557
"Tenant 2 [Tier 1] High-Scale Ingestion VIP","PutSmall",1,0,226.181,224.356,1.812
"Tenant 2 [Tier 1] High-Scale Ingestion VIP","PutSmall",1,0,223.898,222.019,1.875
"Tenant 2 [Tier 1] High-Scale Ingestion VIP","PutSmall",1,0,222.538,220.663,1.859
"Tenant 2 [Tier 1] High-Scale Ingestion VIP","GetSmall",1,0,224.067,222.595,1.465
"Tenant 2 [Tier 1] High-Scale Ingestion VIP","PutSmall",1,0,224.250,222.475,1.743
"Tenant 2 [Tier 1] High-Scale Ingestion VIP","GetSmall",1,0,222.067,220.577,1.484
"Tenant 2 [Tier 1] High-Scale Ingestion VIP","PutSmall",1,0,222.760,220.953,1.773
"Tenant 2 [Tier 1] High-Scale Ingestion VIP","GetSmall",1,0,223.830,222.296,1.506
"Tenant 2 [Tier 1] High-Scale Ingestion VIP","PutSmall",1,0,224.173,222.404,1.762
"Tenant 2 [Tier 1] High-Scale Ingestion VIP","GetSmall",1,0,224.145,222.624,1.516
"Tenant 2 [Tier 1] High-Scale Ingestion VIP","PutSmall",1,0,224.297,222.518,1.777
"Tenant 2 [Tier 1] High-Scale Ingestion VIP","PutSmall",1,0,224.772,222.971,1.794
"Tenant 2 [Tier 1] High-Scale Ingestion VIP","GetSmall",1,0,224.146,222.706,1.434
"Tenant 2 [Tier 1] High-Scale Ingestion VIP","PutSmall",1,0,224.416,222.597,1.786
"Tenant 2 [Tier 1] High-Scale Ingestion VIP","PutSmall",1,0,223.931,222.102,1.824
"Tenant 2 [Tier 1] High-Scale Ingestion VIP","PutSmall",1,0,225.209,223.319,1.884
"Tenant 2 [Tier 1] High-Scale Ingestion VIP","PutSmall",1,0,225.497,223.606,1.887
"Tenant 2 [Tier 1] High-Scale Ingestion VIP","GetSmall",1,0,225.484,223.961,1.514
"Tenant 2 [Tier 1] High-Scale Ingestion VIP","PutSmall",1,0,225.382,223.622,1.754
"Tenant 2 [Tier 1] High-Scale Ingestion VIP","PutSmall",1,0,224.565,222.803,1.755
"Tenant 2 [Tier 1] High-Scale Ingestion VIP","PutSmall",1,0,223.991,222.148,1.839
"Tenant 2 [Tier 1] High-Scale Ingestion VIP","GetSmall",1,0,223.680,222.239,1.436
"Tenant 2 [Tier 1] High-Scale Ingestion VIP","GetSmall",1,0,223.730,222.259,1.458
"Tenant 2 [Tier 1] High-Scale Ingestion VIP","GetSmall",1,0,225.547,224.026,1.518
"Tenant 2 [Tier 1] High-Scale Ingestion VIP","PutSmall",1,0,224.806,223.009,1.785
"Tenant 2 [Tier 1] High-Scale Ingestion VIP","GetSmall",1,0,222.979,221.474,1.501
"Tenant 2 [Tier 1] High-Scale Ingestion VIP","GetSmall",1,0,224.187,222.617,1.548
"Tenant 2 [Tier 1] High-Scale Ingestion VIP","GetSmall",1,0,224.227,222.647,1.563
"Tenant 2 [Tier 1] High-Scale Ingestion VIP","PutSmall",1,0,224.487,222.726,1.753
"Tenant 2 [Tier 1] High-Scale Ingestion VIP","GetSmall",1,0,223.300,221.724,1.567
"Tenant 2 [Tier 1] High-Scale Ingestion VIP","GetSmall",1,0,224.408,222.915,1.485
"Tenant 2 [Tier 1] High-Scale Ingestion VIP","GetSmall",1,0,224.766,223.225,1.537
"Tenant 2 [Tier 1] High-Scale Ingestion VIP","PutSmall",1,0,223.505,221.772,1.728
"Tenant 2 [Tier 1] High-Scale Ingestion VIP","PutSmall",1,0,224.918,223.121,1.794
"Tenant 2 [Tier 1] High-Scale Ingestion VIP","PutSmall",1,0,223.790,221.915,1.868
"Tenant 2 [Tier 1] High-Scale Ingestion VIP","PutSmall",1,0,224.324,222.483,1.836
"Tenant 2 [Tier 1] High-Scale Ingestion VIP","GetSmall",1,0,224.577,223.137,1.436
"Tenant 2 [Tier 1] High-Scale Ingestion VIP","GetSmall",1,0,226.198,224.678,1.508
"Tenant 2 [Tier 1] High-Scale Ingestion VIP","GetSmall",1,0,224.946,223.398,1.526
"Tenant 2 [Tier 1] High-Scale Ingestion VIP","GetSmall",1,0,224.605,223.072,1.524
"Tenant 2 [Tier 1] High-Scale Ingestion VIP","PutSmall",1,0,224.968,223.107,1.850
"Tenant 2 [Tier 1] High-Scale Ingestion VIP","PutSmall",1,0,225.181,223.374,1.803
"Tenant 2 [Tier 1] High-Scale Ingestion VIP","PutSmall",1,0,226.675,224.925,1.743
"Tenant 2 [Tier 1] High-Scale Ingestion VIP","PutSmall",1,0,225.473,223.658,1.810
"Tenant 2 [Tier 1] High-Scale Ingestion VIP","GetSmall",1,0,224.464,222.973,1.484
"Tenant 2 [Tier 1] High-Scale Ingestion VIP","GetSmall",1,0,224.536,223.018,1.513
"Tenant 2 [Tier 1] High-Scale Ingestion VIP","GetSmall",1,0,224.472,222.926,1.539
"Tenant 2 [Tier 1] High-Scale Ingestion VIP","PutSmall",1,0,224.803,222.980,1.811
"Tenant 2 [Tier 1] High-Scale Ingestion VIP","PutSmall",1,0,226.347,224.473,1.863
"Tenant 2 [Tier 1] High-Scale Ingestion VIP","GetSmall",1,0,224.783,223.237,1.542
"Tenant 2 [Tier 1] High-Scale Ingestion VIP","GetSmall",1,0,225.007,223.441,1.563
"Tenant 2 [Tier 1] High-Scale Ingestion VIP","PutSmall",1,0,224.962,223.213,1.744
"Tenant 2 [Tier 1] High-Scale Ingestion VIP","PutSmall",1,0,225.409,223.547,1.858
"Tenant 2 [Tier 1] High-Scale Ingestion VIP","PutSmall",1,0,223.976,222.084,1.879
"Tenant 2 [Tier 1] High-Scale Ingestion VIP","GetSmall",1,0,224.885,223.385,1.496
"Tenant 2 [Tier 1] High-Scale Ingestion VIP","PutSmall",1,0,224.818,223.060,1.754
"Tenant 2 [Tier 1] High-Scale Ingestion VIP","PutSmall",1,0,225.233,223.405,1.823
"Tenant 2 [Tier 1] High-Scale Ingestion VIP","PutSmall",1,0,225.189,223.335,1.839
"Tenant 2 [Tier 1] High-Scale Ingestion VIP","PutSmall",1,0,225.291,223.448,1.838
"Tenant 2 [Tier 1] High-Scale Ingestion VIP","GetSmall",1,0,227.190,225.648,1.529
"Tenant 2 [Tier 1] High-Scale Ingestion VIP","GetSmall",1,0,227.183,225.645,1.516
"Tenant 2 [Tier 1] High-Scale Ingestion VIP","PutSmall",1,0,226.001,224.140,1.849
"Tenant 2 [Tier 1] High-Scale Ingestion VIP","GetSmall",1,0,223.233,221.699,1.528
"Tenant 2 [Tier 1] High-Scale Ingestion VIP","GetSmall",1,0,223.250,221.669,1.575
"Tenant 2 [Tier 1] High-Scale Ingestion VIP","GetSmall",1,0,224.536,222.950,1.565
"Tenant 2 [Tier 1] High-Scale Ingestion VIP","GetSmall",1,0,215.445,213.894,1.516
"Tenant 2 [Tier 1] High-Scale Ingestion VIP","GetSmall",1,0,214.055,212.575,1.429
"Tenant 2 [Tier 1] High-Scale Ingestion VIP","GetSmall",1,0,215.245,213.797,1.442
"Tenant 2 [Tier 1] High-Scale Ingestion VIP","PutSmall",1,0,216.703,214.782,1.887
"Tenant 2 [Tier 1] High-Scale Ingestion VIP","GetSmall",1,0,213.775,212.215,1.496
"Tenant 2 [Tier 1] High-Scale Ingestion VIP","PutSmall",1,0,214.293,212.528,1.733
"Tenant 2 [Tier 1] High-Scale Ingestion VIP","PutSmall",1,0,213.894,212.061,1.797
"Tenant 2 [Tier 1] High-Scale Ingestion VIP","PutSmall",1,0,215.557,213.670,1.882
"Tenant 2 [Tier 1] High-Scale Ingestion VIP","GetSmall",1,0,213.594,212.119,1.468
"Tenant 2 [Tier 1] High-Scale Ingestion VIP","PutSmall",1,0,216.303,214.554,1.744
"Tenant 2 [Tier 1] High-Scale Ingestion VIP","PutSmall",1,0,216.709,214.835,1.863
"Tenant 2 [Tier 1] High-Scale Ingestion VIP","PutSmall",1,0,216.479,214.607,1.859
"Tenant 2 [Tier 1] High-Scale Ingestion VIP","GetSmall",1,0,215.786,214.255,1.483
"Tenant 2 [Tier 1] High-Scale Ingestion VIP","GetSmall",1,0,216.796,215.240,1.521
"Tenant 2 [Tier 1] High-Scale Ingestion VIP","PutSmall",1,0,215.917,214.168,1.744
"Tenant 2 [Tier 1] High-Scale Ingestion VIP","PutSmall",1,0,216.039,214.282,1.745
"Tenant 2 [Tier 1] High-Scale Ingestion VIP","PutSmall",1,0,215.499,213.708,1.784
"Tenant 2 [Tier 1] High-Scale Ingestion VIP","PutSmall",1,0,216.125,214.302,1.819
"Tenant 2 [Tier 1] High-Scale Ingestion VIP","PutSmall",1,0,215.965,214.166,1.791
"Tenant 2 [Tier 1] High-Scale Ingestion VIP","PutSmall",1,0,216.977,215.114,1.858
"Tenant 2 [Tier 1] High-Scale Ingestion VIP","PutSmall",1,0,215.437,213.673,1.749
"Tenant 2 [Tier 1] High-Scale Ingestion VIP","PutSmall",1,0,215.520,213.703,1.811
"Tenant 2 [Tier 1] High-Scale Ingestion VIP","GetSmall",1,0,214.712,213.185,1.515
"Tenant 2 [Tier 1] High-Scale Ingestion VIP","GetSmall",1,0,216.294,214.717,1.573
"Tenant 2 [Tier 1] High-Scale Ingestion VIP","PutSmall",1,0,216.271,214.442,1.819
"Tenant 2 [Tier 1] High-Scale Ingestion VIP","GetSmall",1,0,217.148,215.618,1.526
"Tenant 2 [Tier 1] High-Scale Ingestion VIP","GetSmall",1,0,217.383,215.828,1.550
"Tenant 2 [Tier 1] High-Scale Ingestion VIP","PutSmall",1,0,217.663,215.813,1.846
"Tenant 2 [Tier 1] High-Scale Ingestion VIP","PutSmall",1,0,217.959,216.106,1.848
"Tenant 2 [Tier 1] High-Scale Ingestion VIP","GetSmall",1,0,217.738,216.270,1.464
"Tenant 2 [Tier 1] High-Scale Ingestion VIP","GetSmall",1,0,217.959,216.468,1.479
"Tenant 2 [Tier 1] High-Scale Ingestion VIP","GetSmall",1,0,217.732,216.217,1.505
"Tenant 2 [Tier 1] High-Scale Ingestion VIP","PutSmall",1,0,218.267,216.542,1.719
"Tenant 2 [Tier 1] High-Scale Ingestion VIP","PutSmall",1,0,217.708,215.889,1.807
"Tenant 2 [Tier 1] High-Scale Ingestion VIP","GetSmall",1,0,216.094,214.625,1.465
"Tenant 2 [Tier 1] High-Scale Ingestion VIP","GetSmall",1,0,219.142,217.630,1.503
"Tenant 2 [Tier 1] High-Scale Ingestion VIP","GetSmall",1,0,217.536,216.009,1.520
"Tenant 2 [Tier 1] High-Scale Ingestion VIP","GetSmall",1,0,217.577,216.012,1.544
"Tenant 2 [Tier 1] High-Scale Ingestion VIP","PutSmall",1,0,217.780,216.045,1.729
"Tenant 2 [Tier 1] High-Scale Ingestion VIP","PutSmall",1,0,217.448,215.690,1.733
"Tenant 2 [Tier 1] High-Scale Ingestion VIP","PutSmall",1,0,216.157,214.293,1.858
"Tenant 2 [Tier 1] High-Scale Ingestion VIP","GetSmall",1,0,217.207,215.640,1.549
"Tenant 2 [Tier 1] High-Scale Ingestion VIP","PutSmall",1,0,217.462,215.576,1.875
"Tenant 2 [Tier 1] High-Scale Ingestion VIP","GetSmall",1,0,217.780,216.311,1.465
"Tenant 2 [Tier 1] High-Scale Ingestion VIP","GetSmall",1,0,217.414,215.942,1.467
"Tenant 2 [Tier 1] High-Scale Ingestion VIP","GetSmall",1,0,217.470,215.978,1.486
"Tenant 2 [Tier 1] High-Scale Ingestion VIP","GetSmall",1,0,217.150,215.617,1.522
"Tenant 2 [Tier 1] High-Scale Ingestion VIP","PutSmall",1,0,217.993,216.266,1.722
"Tenant 2 [Tier 1] High-Scale Ingestion VIP","PutSmall",1,0,218.023,216.252,1.763
"Tenant 2 [Tier 1] High-Scale Ingestion VIP","PutSmall",1,0,218.699,216.912,1.783
"Tenant 2 [Tier 1] High-Scale Ingestion VIP","GetSmall",1,0,218.101,216.637,1.455
"Tenant 2 [Tier 1] High-Scale Ingestion VIP","GetSmall",1,0,218.191,216.669,1.515
"Tenant 2 [Tier 1] High-Scale Ingestion VIP","PutSmall",1,0,218.656,216.779,1.873
"Tenant 2 [Tier 1] High-Scale Ingestion VIP","GetSmall",1,0,218.722,217.166,1.551
"Tenant 2 [Tier 1] High-Scale Ingestion VIP","GetSmall",1,0,218.782,217.248,1.531
"Tenant 2 [Tier 1] High-Scale Ingestion VIP","PutSmall",1,0,219.039,217.316,1.720
"Tenant 2 [Tier 1] High-Scale Ingestion VIP","GetSmall",1,0,215.679,214.244,1.431
"Tenant 2 [Tier 1] High-Scale Ingestion VIP","GetSmall",1,0,216.033,214.579,1.440
"Tenant 2 [Tier 1] High-Scale Ingestion VIP","GetSmall",1,0,219.744,218.254,1.473
"Tenant 2 [Tier 1] High-Scale Ingestion VIP","GetSmall",1,0,219.381,217.876,1.497
"Tenant 2 [Tier 1] High-Scale Ingestion VIP","GetSmall",1,0,216.129,214.569,1.554
"Tenant 2 [Tier 1] High-Scale Ingestion VIP","PutSmall",1,0,214.877,213.081,1.786
"Tenant 2 [Tier 1] High-Scale Ingestion VIP","PutSmall",1,0,214.872,213.039,1.823
"Tenant 2 [Tier 1] High-Scale Ingestion VIP","GetSmall",1,0,216.883,215.293,1.571
"Tenant 2 [Tier 1] High-Scale Ingestion VIP","GetSmall",1,0,215.515,213.911,1.565
"Tenant 2 [Tier 1] High-Scale Ingestion VIP","GetSmall",1,0,215.656,214.176,1.447
"Tenant 2 [Tier 1] High-Scale Ingestion VIP","PutSmall",1,0,216.162,214.439,1.717
"Tenant 2 [Tier 1] High-Scale Ingestion VIP","GetSmall",1,0,217.786,216.251,1.516
"Tenant 2 [Tier 1] High-Scale Ingestion VIP","GetSmall",1,0,216.237,214.674,1.518
"Tenant 2 [Tier 1] High-Scale Ingestion VIP","GetSmall",1,0,216.038,214.475,1.553
"Tenant 2 [Tier 1] High-Scale Ingestion VIP","GetSmall",1,0,215.027,213.485,1.535
"Tenant 2 [Tier 1] High-Scale Ingestion VIP","GetSmall",1,0,215.951,214.388,1.551
"Tenant 2 [Tier 1] High-Scale Ingestion VIP","GetSmall",1,0,217.025,215.506,1.511
"Tenant 2 [Tier 1] High-Scale Ingestion VIP","GetSmall",1,0,217.464,215.918,1.520
"Tenant 2 [Tier 1] High-Scale Ingestion VIP","PutSmall",1,0,217.489,215.647,1.837
"Tenant 2 [Tier 1] High-Scale Ingestion VIP","PutSmall",1,0,218.644,216.754,1.856
"Tenant 2 [Tier 1] High-Scale Ingestion VIP","GetSmall",1,0,216.940,215.382,1.554
"Tenant 2 [Tier 1] High-Scale Ingestion VIP","PutSmall",1,0,217.380,215.507,1.838
"Tenant 2 [Tier 1] High-Scale Ingestion VIP","GetSmall",1,0,217.738,216.278,1.455
"Tenant 2 [Tier 1] High-Scale Ingestion VIP","GetSmall",1,0,217.075,215.591,1.447
"Tenant 2 [Tier 1] High-Scale Ingestion VIP","GetSmall",1,0,214.480,212.936,1.539
"Tenant 2 [Tier 1] High-Scale Ingestion VIP","PutSmall",1,0,216.395,214.604,1.787
"Tenant 2 [Tier 1] High-Scale Ingestion VIP","PutSmall",1,0,215.585,213.739,1.843
"Tenant 2 [Tier 1] High-Scale Ingestion VIP","PutSmall",1,0,215.264,213.402,1.855
"Tenant 2 [Tier 1] High-Scale Ingestion VIP","GetSmall",1,0,215.285,213.821,1.459
"Tenant 2 [Tier 1] High-Scale Ingestion VIP","GetSmall",1,0,219.836,218.317,1.513
"Tenant 2 [Tier 1] High-Scale Ingestion VIP","PutSmall",1,0,220.069,218.231,1.830
"Tenant 2 [Tier 1] High-Scale Ingestion VIP","GetSmall",1,0,216.001,214.483,1.512
"Tenant 2 [Tier 1] High-Scale Ingestion VIP","PutSmall",1,0,216.555,214.735,1.812
"Tenant 2 [Tier 1] High-Scale Ingestion VIP","PutSmall",1,0,216.016,214.228,1.774
"Tenant 2 [Tier 1] High-Scale Ingestion VIP","GetSmall",1,0,217.229,215.709,1.514
"Tenant 2 [Tier 1] High-Scale Ingestion VIP","PutSmall",1,0,217.157,215.409,1.743
"Tenant 2 [Tier 1] High-Scale Ingestion VIP","PutSmall",1,0,215.344,213.541,1.798
"Tenant 2 [Tier 1] High-Scale Ingestion VIP","GetSmall",1,0,215.320,213.881,1.435
"Tenant 2 [Tier 1] High-Scale Ingestion VIP","GetSmall",1,0,216.551,215.097,1.442
"Tenant 2 [Tier 1] High-Scale Ingestion VIP","GetSmall",1,0,216.350,214.867,1.468
"Tenant 2 [Tier 1] High-Scale Ingestion VIP","GetSmall",1,0,216.341,214.794,1.527
"Tenant 2 [Tier 1] High-Scale Ingestion VIP","GetSmall",1,0,216.699,215.128,1.552
"Tenant 2 [Tier 1] High-Scale Ingestion VIP","GetSmall",1,0,217.253,215.793,1.454
"Tenant 2 [Tier 1] High-Scale Ingestion VIP","GetSmall",1,0,215.767,214.203,1.550
"Tenant 2 [Tier 1] High-Scale Ingestion VIP","PutSmall",1,0,217.586,215.750,1.796
"Tenant 2 [Tier 1] High-Scale Ingestion VIP","PutSmall",1,0,216.134,214.240,1.887
"Tenant 2 [Tier 1] High-Scale Ingestion VIP","GetSmall",1,0,217.051,215.481,1.565
"Tenant 2 [Tier 1] High-Scale Ingestion VIP","GetSmall",1,0,216.950,215.375,1.566
"Tenant 2 [Tier 1] High-Scale Ingestion VIP","PutSmall",1,0,217.324,215.503,1.818
"Tenant 2 [Tier 1] High-Scale Ingestion VIP","GetSmall",1,0,215.717,214.148,1.565
"Tenant 2 [Tier 1] High-Scale Ingestion VIP","GetSmall",1,0,215.441,213.932,1.500
"Tenant 2 [Tier 1] High-Scale Ingestion VIP","PutSmall",1,0,216.788,215.036,1.746
"Tenant 2 [Tier 1] High-Scale Ingestion VIP","PutSmall",1,0,215.787,213.921,1.861
"Tenant 2 [Tier 1] High-Scale Ingestion VIP","PutSmall",1,0,216.166,214.275,1.886
"Tenant 2 [Tier 1] High-Scale Ingestion VIP","GetSmall",1,0,216.644,215.160,1.478
"Tenant 2 [Tier 1] High-Scale Ingestion VIP","GetSmall",1,0,216.803,215.225,1.573
"Tenant 2 [Tier 1] High-Scale Ingestion VIP","PutSmall",1,0,217.275,215.390,1.880
"Tenant 2 [Tier 1] High-Scale Ingestion VIP","GetSmall",1,0,214.457,212.935,1.513
"Tenant 2 [Tier 1] High-Scale Ingestion VIP","PutSmall",1,0,216.126,214.259,1.852
"Tenant 2 [Tier 1] High-Scale Ingestion VIP","GetSmall",1,0,215.579,214.059,1.515
"Tenant 2 [Tier 1] High-Scale Ingestion VIP","PutSmall",1,0,216.131,214.412,1.714
"Tenant 2 [Tier 1] High-Scale Ingestion VIP","GetSmall",1,0,216.469,214.957,1.497
"Tenant 2 [Tier 1] High-Scale Ingestion VIP","PutSmall",1,0,216.909,215.149,1.743
"Tenant 2 [Tier 1] High-Scale Ingestion VIP","PutSmall",1,0,217.417,215.530,1.874
"Tenant 2 [Tier 1] High-Scale Ingestion VIP","GetSmall",1,0,217.257,215.703,1.542
"Tenant 2 [Tier 1] High-Scale Ingestion VIP","PutSmall",1,0,217.396,215.654,1.737
"Tenant 2 [Tier 1] High-Scale Ingestion VIP","GetSmall",1,0,217.345,215.862,1.472
"Tenant 2 [Tier 1] High-Scale Ingestion VIP","PutSmall",1,0,217.517,215.689,1.822
"Tenant 2 [Tier 1] High-Scale Ingestion VIP","PutSmall",1,0,217.554,215.668,1.883
"Tenant 2 [Tier 1] High-Scale Ingestion VIP","GetSmall",1,0,216.885,215.322,1.559
"Tenant 2 [Tier 1] High-Scale Ingestion VIP","PutSmall",1,0,217.021,215.273,1.742
"Tenant 2 [Tier 1] High-Scale Ingestion VIP","PutSmall",1,0,220.947,219.149,1.793
"Tenant 2 [Tier 1] High-Scale Ingestion VIP","GetSmall",1,0,220.497,218.898,1.551
"Tenant 2 [Tier 1] High-Scale Ingestion VIP","PutSmall",1,0,220.741,218.979,1.747
"Tenant 2 [Tier 1] High-Scale Ingestion VIP","GetSmall",1,0,221.562,220.034,1.525
"Tenant 2 [Tier 1] High-Scale Ingestion VIP","GetSmall",1,0,217.879,216.316,1.522
"Tenant 2 [Tier 1] High-Scale Ingestion VIP","PutSmall",1,0,218.024,216.291,1.716
"Tenant 2 [Tier 1] High-Scale Ingestion VIP","PutSmall",1,0,218.152,216.289,1.849
"Tenant 2 [Tier 1] High-Scale Ingestion VIP","PutSmall",1,0,220.601,218.791,1.778
"Tenant 2 [Tier 1] High-Scale Ingestion VIP","PutSmall",1,0,221.705,219.817,1.856
"Tenant 2 [Tier 1] High-Scale Ingestion VIP","PutSmall",1,0,218.248,216.361,1.875
"Tenant 2 [Tier 1] High-Scale Ingestion VIP","GetSmall",1,0,218.261,216.807,1.440
"Tenant 2 [Tier 1] High-Scale Ingestion VIP","GetSmall",1,0,219.426,217.946,1.475
"Tenant 2 [Tier 1] High-Scale Ingestion VIP","GetSmall",1,0,219.718,218.143,1.543
"Tenant 2 [Tier 1] High-Scale Ingestion VIP","GetSmall",1,0,221.156,219.649,1.473
"Tenant 2 [Tier 1] High-Scale Ingestion VIP","PutSmall",1,0,220.852,219.082,1.765
"Tenant 2 [Tier 1] High-Scale Ingestion VIP","PutSmall",1,0,221.969,220.102,1.863
"Tenant 2 [Tier 1] High-Scale Ingestion VIP","GetSmall",1,0,221.124,219.643,1.449
"Tenant 2 [Tier 1] High-Scale Ingestion VIP","GetSmall",1,0,220.923,219.403,1.512
"Tenant 2 [Tier 1] High-Scale Ingestion VIP","PutSmall",1,0,221.448,219.682,1.763
"Tenant 2 [Tier 1] High-Scale Ingestion VIP","PutSmall",1,0,221.105,219.322,1.771
"Tenant 2 [Tier 1] High-Scale Ingestion VIP","PutSmall",1,0,220.614,218.789,1.821
"Tenant 2 [Tier 1] High-Scale Ingestion VIP","GetSmall",1,0,217.607,216.067,1.535
"Tenant 2 [Tier 1] High-Scale Ingestion VIP","PutSmall",1,0,219.331,217.567,1.752
"Tenant 2 [Tier 1] High-Scale Ingestion VIP","PutSmall",1,0,219.086,217.283,1.779
"Tenant 2 [Tier 1] High-Scale Ingestion VIP","GetSmall",1,0,219.824,218.385,1.435
"Tenant 2 [Tier 1] High-Scale Ingestion VIP","GetSmall",1,0,219.564,218.084,1.476
"Tenant 2 [Tier 1] High-Scale Ingestion VIP","GetSmall",1,0,219.407,217.934,1.468
"Tenant 2 [Tier 1] High-Scale Ingestion VIP","PutSmall",1,0,219.993,218.168,1.818
"Tenant 2 [Tier 1] High-Scale Ingestion VIP","GetSmall",1,0,220.283,218.850,1.428
"Tenant 2 [Tier 1] High-Scale Ingestion VIP","PutSmall",1,0,220.725,218.907,1.813
"Tenant 2 [Tier 1] High-Scale Ingestion VIP","PutSmall",1,0,220.973,219.222,1.737
"Tenant 2 [Tier 1] High-Scale Ingestion VIP","GetSmall",1,0,220.690,219.196,1.489
"Tenant 2 [Tier 1] High-Scale Ingestion VIP","PutSmall",1,0,220.824,219.033,1.785
"Tenant 2 [Tier 1] High-Scale Ingestion VIP","PutSmall",1,0,220.861,219.002,1.843
"Tenant 2 [Tier 1] High-Scale Ingestion VIP","PutSmall",1,0,221.017,219.223,1.788
"Tenant 2 [Tier 1] High-Scale Ingestion VIP","GetSmall",1,0,220.310,218.873,1.435
"Tenant 2 [Tier 1] High-Scale Ingestion VIP","GetSmall",1,0,220.433,218.992,1.427
"Tenant 2 [Tier 1] High-Scale Ingestion VIP","PutSmall",1,0,220.435,218.602,1.809
"Tenant 2 [Tier 1] High-Scale Ingestion VIP","GetSmall",1,0,220.139,218.655,1.473
"Tenant 2 [Tier 1] High-Scale Ingestion VIP","GetSmall",1,0,220.402,218.894,1.499
"Tenant 2 [Tier 1] High-Scale Ingestion VIP","PutSmall",1,0,221.800,220.040,1.754
"Tenant 2 [Tier 1] High-Scale Ingestion VIP","PutSmall",1,0,220.766,218.883,1.879
"Tenant 2 [Tier 1] High-Scale Ingestion VIP","GetSmall",1,0,220.444,219.004,1.435
"Tenant 2 [Tier 1] High-Scale Ingestion VIP","GetSmall",1,0,220.239,218.752,1.472
"Tenant 2 [Tier 1] High-Scale Ingestion VIP","GetSmall",1,0,220.167,218.643,1.521
"Tenant 2 [Tier 1] High-Scale Ingestion VIP","GetSmall",1,0,221.714,220.154,1.556
"Tenant 2 [Tier 1] High-Scale Ingestion VIP","GetSmall",1,0,220.068,218.547,1.487
"Tenant 2 [Tier 1] High-Scale Ingestion VIP","GetSmall",1,0,220.397,218.850,1.513
"Tenant 2 [Tier 1] High-Scale Ingestion VIP","PutSmall",1,0,220.727,218.942,1.751
"Tenant 2 [Tier 1] High-Scale Ingestion VIP","PutSmall",1,0,221.515,219.692,1.776
"Tenant 2 [Tier 1] High-Scale Ingestion VIP","GetSmall",1,0,219.940,218.494,1.439
"Tenant 2 [Tier 1] High-Scale Ingestion VIP","PutSmall",1,0,221.868,220.026,1.837
"Tenant 2 [Tier 1] High-Scale Ingestion VIP","PutSmall",1,0,221.530,219.672,1.846
"Tenant 2 [Tier 1] High-Scale Ingestion VIP","GetSmall",1,0,220.882,219.402,1.473
"Tenant 2 [Tier 1] High-Scale Ingestion VIP","GetSmall",1,0,220.840,219.300,1.534
"Tenant 2 [Tier 1] High-Scale Ingestion VIP","GetSmall",1,0,220.757,219.179,1.567
"Tenant 2 [Tier 1] High-Scale Ingestion VIP","PutSmall",1,0,221.291,219.550,1.737
"Tenant 2 [Tier 1] High-Scale Ingestion VIP","GetSmall",1,0,220.791,219.270,1.517
"Tenant 2 [Tier 1] High-Scale Ingestion VIP","GetSmall",1,0,220.892,219.338,1.547
"Tenant 2 [Tier 1] High-Scale Ingestion VIP","GetSmall",1,0,220.777,219.212,1.542
"Tenant 2 [Tier 1] High-Scale Ingestion VIP","PutSmall",1,0,221.089,219.321,1.762
"Tenant 2 [Tier 1] High-Scale Ingestion VIP","PutSmall",1,0,221.339,219.542,1.779
"Tenant 2 [Tier 1] High-Scale Ingestion VIP","GetSmall",1,0,220.913,219.360,1.549
"Tenant 2 [Tier 1] High-Scale Ingestion VIP","GetSmall",1,0,220.731,219.177,1.548
"Tenant 2 [Tier 1] High-Scale Ingestion VIP","PutSmall",1,0,219.657,217.827,1.825
"Tenant 2 [Tier 1] High-Scale Ingestion VIP","PutSmall",1,0,218.506,216.711,1.772
"Tenant 2 [Tier 1] High-Scale Ingestion VIP","GetSmall",1,0,218.070,216.503,1.562
"Tenant 2 [Tier 1] High-Scale Ingestion VIP","PutSmall",1,0,218.834,217.008,1.815
"Tenant 2 [Tier 1] High-Scale Ingestion VIP","GetSmall",1,0,218.665,217.122,1.509
"Tenant 2 [Tier 1] High-Scale Ingestion VIP","GetSmall",1,0,220.293,218.754,1.502
"Tenant 2 [Tier 1] High-Scale Ingestion VIP","GetSmall",1,0,220.454,218.885,1.532
"Tenant 2 [Tier 1] High-Scale Ingestion VIP","PutSmall",1,0,219.345,217.458,1.856
"Tenant 2 [Tier 1] High-Scale Ingestion VIP","PutSmall",1,0,218.942,217.112,1.827
"Tenant 2 [Tier 1] High-Scale Ingestion VIP","GetSmall",1,0,218.578,217.030,1.543
"Tenant 2 [Tier 1] High-Scale Ingestion VIP","PutSmall",1,0,218.858,217.067,1.758
"Tenant 2 [Tier 1] High-Scale Ingestion VIP","GetSmall",1,0,218.966,217.415,1.547
"Tenant 2 [Tier 1] High-Scale Ingestion VIP","PutSmall",1,0,221.071,219.205,1.818
"Tenant 2 [Tier 1] High-Scale Ingestion VIP","PutSmall",1,0,220.573,218.762,1.764
"Tenant 2 [Tier 1] High-Scale Ingestion VIP","PutSmall",1,0,220.329,218.516,1.798
"Tenant 2 [Tier 1] High-Scale Ingestion VIP","PutSmall",1,0,221.868,219.959,1.875
"Tenant 2 [Tier 1] High-Scale Ingestion VIP","GetSmall",1,0,219.996,218.549,1.443
"Tenant 2 [Tier 1] High-Scale Ingestion VIP","GetSmall",1,0,220.252,218.799,1.445
"Tenant 2 [Tier 1] High-Scale Ingestion VIP","GetSmall",1,0,220.021,218.528,1.450
"Tenant 2 [Tier 1] High-Scale Ingestion VIP","GetSmall",1,0,220.356,218.764,1.572
"Tenant 2 [Tier 1] High-Scale Ingestion VIP","PutSmall",1,0,221.740,219.974,1.759
"Tenant 2 [Tier 1] High-Scale Ingestion VIP","GetSmall",1,0,220.948,219.399,1.536
"Tenant 2 [Tier 1] High-Scale Ingestion VIP","GetSmall",1,0,219.152,217.557,1.571
"Tenant 2 [Tier 1] High-Scale Ingestion VIP","PutSmall",1,0,219.389,217.598,1.785
"Tenant 2 [Tier 1] High-Scale Ingestion VIP","GetSmall",1,0,221.429,219.931,1.468
"Tenant 2 [Tier 1] High-Scale Ingestion VIP","GetSmall",1,0,221.419,219.893,1.494
"Tenant 2 [Tier 1] High-Scale Ingestion VIP","GetSmall",1,0,219.561,217.985,1.570
"Tenant 2 [Tier 1] High-Scale Ingestion VIP","GetSmall",1,0,218.452,216.857,1.563
"Tenant 2 [Tier 1] High-Scale Ingestion VIP","PutSmall",1,0,218.325,216.465,1.857
"Tenant 2 [Tier 1] High-Scale Ingestion VIP","PutSmall",1,0,219.302,217.430,1.863
"Tenant 2 [Tier 1] High-Scale Ingestion VIP","GetSmall",1,0,220.957,219.383,1.546
"Tenant 2 [Tier 1] High-Scale Ingestion VIP","GetSmall",1,0,221.052,219.462,1.553
"Tenant 2 [Tier 1] High-Scale Ingestion VIP","GetSmall",1,0,220.761,219.158,1.573
"Tenant 2 [Tier 1] High-Scale Ingestion VIP","PutSmall",1,0,222.338,220.574,1.750
"Tenant 2 [Tier 1] High-Scale Ingestion VIP","PutSmall",1,0,221.252,219.447,1.792
"Tenant 2 [Tier 1] High-Scale Ingestion VIP","GetSmall",1,0,220.305,218.805,1.492
"Tenant 2 [Tier 1] High-Scale Ingestion VIP","GetSmall",1,0,220.318,218.789,1.518
"Tenant 2 [Tier 1] High-Scale Ingestion VIP","PutSmall",1,0,222.049,220.333,1.711
"Tenant 2 [Tier 1] High-Scale Ingestion VIP","PutSmall",1,0,222.083,220.351,1.728
"Tenant 2 [Tier 1] High-Scale Ingestion VIP","PutSmall",1,0,221.812,219.955,1.851
"Tenant 2 [Tier 1] High-Scale Ingestion VIP","GetSmall",1,0,220.689,219.209,1.475
"Tenant 2 [Tier 1] High-Scale Ingestion VIP","PutSmall",1,0,221.223,219.330,1.887
"Tenant 2 [Tier 1] High-Scale Ingestion VIP","GetSmall",1,0,221.593,220.077,1.512
"Tenant 2 [Tier 1] High-Scale Ingestion VIP","GetSmall",1,0,221.565,219.994,1.557
"Tenant 2 [Tier 1] High-Scale Ingestion VIP","PutSmall",1,0,221.785,220.041,1.733
"Tenant 2 [Tier 1] High-Scale Ingestion VIP","PutSmall",1,0,221.723,219.962,1.740
"Tenant 2 [Tier 1] High-Scale Ingestion VIP","GetSmall",1,0,221.247,219.784,1.451
"Tenant 2 [Tier 1] High-Scale Ingestion VIP","GetSmall",1,0,221.587,220.071,1.512
"Tenant 2 [Tier 1] High-Scale Ingestion VIP","GetSmall",1,0,221.585,220.047,1.535
"Tenant 2 [Tier 1] High-Scale Ingestion VIP","PutSmall",1,0,221.697,219.818,1.875
"Tenant 2 [Tier 1] High-Scale Ingestion VIP","GetSmall",1,0,220.515,218.933,1.566
"Tenant 2 [Tier 1] High-Scale Ingestion VIP","GetSmall",1,0,221.376,219.858,1.510
"Tenant 2 [Tier 1] High-Scale Ingestion VIP","GetSmall",1,0,221.377,219.844,1.512
"Tenant 2 [Tier 1] High-Scale Ingestion VIP","GetSmall",1,0,220.666,219.106,1.555
"Tenant 2 [Tier 1] High-Scale Ingestion VIP","GetSmall",1,0,219.499,217.998,1.497
"Tenant 2 [Tier 1] High-Scale Ingestion VIP","GetSmall",1,0,219.425,217.972,1.448
"Tenant 2 [Tier 1] High-Scale Ingestion VIP","GetSmall",1,0,219.416,217.947,1.453
"Tenant 2 [Tier 1] High-Scale Ingestion VIP","GetSmall",1,0,221.081,219.495,1.573
"Tenant 2 [Tier 1] High-Scale Ingestion VIP","PutSmall",1,0,221.114,219.340,1.768
"Tenant 2 [Tier 1] High-Scale Ingestion VIP","PutSmall",1,0,219.805,217.986,1.814
"Tenant 2 [Tier 1] High-Scale Ingestion VIP","GetSmall",1,0,219.599,218.063,1.533
"Tenant 2 [Tier 1] High-Scale Ingestion VIP","GetSmall",1,0,220.942,219.404,1.535
"Tenant 2 [Tier 1] High-Scale Ingestion VIP","GetSmall",1,0,220.966,219.402,1.555
"Tenant 2 [Tier 1] High-Scale Ingestion VIP","PutSmall",1,0,223.635,221.916,1.713
"Tenant 2 [Tier 1] High-Scale Ingestion VIP","PutSmall",1,0,221.806,220.032,1.769
"Tenant 2 [Tier 1] High-Scale Ingestion VIP","GetSmall",1,0,210.753,209.291,1.455
"Tenant 2 [Tier 1] High-Scale Ingestion VIP","GetSmall",1,0,211.184,209.641,1.528
"Tenant 2 [Tier 1] High-Scale Ingestion VIP","PutSmall",1,0,209.749,207.912,1.805
"Tenant 2 [Tier 1] High-Scale Ingestion VIP","GetSmall",1,0,209.633,208.102,1.526
"Tenant 2 [Tier 1] High-Scale Ingestion VIP","GetSmall",1,0,211.103,209.538,1.540
"Tenant 2 [Tier 1] High-Scale Ingestion VIP","PutSmall",1,0,211.384,209.511,1.839
"Tenant 2 [Tier 1] High-Scale Ingestion VIP","PutSmall",1,0,209.438,207.608,1.798
"Tenant 2 [Tier 1] High-Scale Ingestion VIP","GetSmall",1,0,210.128,208.648,1.427
"Tenant 2 [Tier 1] High-Scale Ingestion VIP","GetSmall",1,0,211.730,210.270,1.453
"Tenant 2 [Tier 1] High-Scale Ingestion VIP","PutSmall",1,0,211.918,210.035,1.878
"Tenant 2 [Tier 1] High-Scale Ingestion VIP","PutSmall",1,0,211.696,209.902,1.790
"Tenant 2 [Tier 1] High-Scale Ingestion VIP","PutSmall",1,0,211.023,209.230,1.752
"Tenant 2 [Tier 1] High-Scale Ingestion VIP","GetSmall",1,0,210.842,209.331,1.498
"Tenant 2 [Tier 1] High-Scale Ingestion VIP","PutSmall",1,0,211.093,209.327,1.732
"Tenant 2 [Tier 1] High-Scale Ingestion VIP","PutSmall",1,0,211.051,209.172,1.857
"Tenant 2 [Tier 1] High-Scale Ingestion VIP","GetSmall",1,0,211.069,209.610,1.428
"Tenant 2 [Tier 1] High-Scale Ingestion VIP","GetSmall",1,0,211.098,209.628,1.439
"Tenant 2 [Tier 1] High-Scale Ingestion VIP","PutSmall",1,0,212.689,210.868,1.812
"Tenant 2 [Tier 1] High-Scale Ingestion VIP","PutSmall",1,0,212.654,210.770,1.866
"Tenant 2 [Tier 1] High-Scale Ingestion VIP","PutSmall",1,0,210.988,209.109,1.848
"Tenant 2 [Tier 1] High-Scale Ingestion VIP","GetSmall",1,0,212.091,210.598,1.472
"Tenant 2 [Tier 1] High-Scale Ingestion VIP","GetSmall",1,0,212.337,210.810,1.518
"Tenant 2 [Tier 1] High-Scale Ingestion VIP","GetSmall",1,0,212.353,210.792,1.558
"Tenant 2 [Tier 1] High-Scale Ingestion VIP","GetSmall",1,0,211.831,210.273,1.554
"Tenant 2 [Tier 1] High-Scale Ingestion VIP","PutSmall",1,0,210.390,208.639,1.747
"Tenant 2 [Tier 1] High-Scale Ingestion VIP","PutSmall",1,0,212.097,210.243,1.848
"Tenant 2 [Tier 1] High-Scale Ingestion VIP","GetSmall",1,0,211.687,210.176,1.505
"Tenant 2 [Tier 1] High-Scale Ingestion VIP","PutSmall",1,0,211.698,209.923,1.772
"Tenant 2 [Tier 1] High-Scale Ingestion VIP","PutSmall",1,0,212.654,210.879,1.767
"Tenant 2 [Tier 1] High-Scale Ingestion VIP","GetSmall",1,0,210.360,208.850,1.501
"Tenant 2 [Tier 1] High-Scale Ingestion VIP","PutSmall",1,0,210.624,208.836,1.754
"Tenant 2 [Tier 1] High-Scale Ingestion VIP","GetSmall",1,0,211.777,210.235,1.537
"Tenant 2 [Tier 1] High-Scale Ingestion VIP","PutSmall",1,0,212.190,210.382,1.772
"Tenant 2 [Tier 1] High-Scale Ingestion VIP","PutSmall",1,0,212.236,210.438,1.794
"Tenant 2 [Tier 1] High-Scale Ingestion VIP","PutSmall",1,0,211.663,209.928,1.713
"Tenant 2 [Tier 1] High-Scale Ingestion VIP","PutSmall",1,0,213.200,211.435,1.761
"Tenant 2 [Tier 1] High-Scale Ingestion VIP","PutSmall",1,0,213.413,211.608,1.802
"Tenant 2 [Tier 1] High-Scale Ingestion VIP","PutSmall",1,0,213.113,211.276,1.820
"Tenant 2 [Tier 1] High-Scale Ingestion VIP","PutSmall",1,0,212.761,210.921,1.834
"Tenant 2 [Tier 1] High-Scale Ingestion VIP","PutSmall",1,0,213.319,211.421,1.887
"Tenant 2 [Tier 1] High-Scale Ingestion VIP","GetSmall",1,0,213.048,211.481,1.563
"Tenant 2 [Tier 1] High-Scale Ingestion VIP","GetSmall",1,0,211.728,210.159,1.563
"Tenant 2 [Tier 1] High-Scale Ingestion VIP","PutSmall",1,0,211.991,210.216,1.761
"Tenant 2 [Tier 1] High-Scale Ingestion VIP","GetSmall",1,0,213.030,211.562,1.459
"Tenant 2 [Tier 1] High-Scale Ingestion VIP","GetSmall",1,0,211.779,210.317,1.455
"Tenant 2 [Tier 1] High-Scale Ingestion VIP","GetSmall",1,0,211.774,210.265,1.506
"Tenant 2 [Tier 1] High-Scale Ingestion VIP","GetSmall",1,0,213.123,211.550,1.570
"Tenant 2 [Tier 1] High-Scale Ingestion VIP","GetSmall",1,0,211.489,209.904,1.568
"Tenant 2 [Tier 1] High-Scale Ingestion VIP","PutSmall",1,0,212.007,210.244,1.752
"Tenant 2 [Tier 1] High-Scale Ingestion VIP","GetSmall",1,0,211.649,210.128,1.516
"Tenant 2 [Tier 1] High-Scale Ingestion VIP","PutSmall",1,0,213.244,211.384,1.846
"Tenant 2 [Tier 1] High-Scale Ingestion VIP","PutSmall",1,0,211.921,210.144,1.767
"Tenant 2 [Tier 1] High-Scale Ingestion VIP","PutSmall",1,0,213.427,211.631,1.777
"Tenant 2 [Tier 1] High-Scale Ingestion VIP","PutSmall",1,0,213.477,211.648,1.812
"Tenant 2 [Tier 1] High-Scale Ingestion VIP","GetSmall",1,0,212.026,210.461,1.560
"Tenant 2 [Tier 1] High-Scale Ingestion VIP","PutSmall",1,0,213.280,211.476,1.797
"Tenant 2 [Tier 1] High-Scale Ingestion VIP","PutSmall",1,0,213.179,211.358,1.803
"Tenant 2 [Tier 1] High-Scale Ingestion VIP","GetSmall",1,0,213.188,211.656,1.529
"Tenant 2 [Tier 1] High-Scale Ingestion VIP","PutSmall",1,0,213.512,211.714,1.793
"Tenant 2 [Tier 1] High-Scale Ingestion VIP","PutSmall",1,0,213.514,211.682,1.830
"Tenant 2 [Tier 1] High-Scale Ingestion VIP","GetSmall",1,0,212.232,210.793,1.430
"Tenant 2 [Tier 1] High-Scale Ingestion VIP","PutSmall",1,0,212.645,210.920,1.721
"Tenant 2 [Tier 1] High-Scale Ingestion VIP","PutSmall",1,0,212.689,210.937,1.747
"Tenant 2 [Tier 1] High-Scale Ingestion VIP","GetSmall",1,0,213.181,211.680,1.481
"Tenant 2 [Tier 1] High-Scale Ingestion VIP","PutSmall",1,0,222.049,220.154,1.883
"Tenant 2 [Tier 1] High-Scale Ingestion VIP","PutSmall",1,0,222.034,220.189,1.823
"Tenant 2 [Tier 1] High-Scale Ingestion VIP","PutSmall",1,0,221.444,219.686,1.724
"Tenant 2 [Tier 1] High-Scale Ingestion VIP","GetSmall",1,0,221.788,220.296,1.481
"Tenant 2 [Tier 1] High-Scale Ingestion VIP","GetSmall",1,0,221.993,220.554,1.433
"Tenant 2 [Tier 1] High-Scale Ingestion VIP","GetSmall",1,0,220.723,219.147,1.572
"Tenant 2 [Tier 1] High-Scale Ingestion VIP","PutSmall",1,0,222.025,220.248,1.756
"Tenant 2 [Tier 1] High-Scale Ingestion VIP","PutSmall",1,0,221.513,219.653,1.854
"Tenant 2 [Tier 1] High-Scale Ingestion VIP","PutSmall",1,0,222.757,220.940,1.796
"Tenant 2 [Tier 1] High-Scale Ingestion VIP","GetSmall",1,0,221.702,220.128,1.568
"Tenant 2 [Tier 1] High-Scale Ingestion VIP","PutSmall",1,0,223.380,221.513,1.864
"Tenant 2 [Tier 1] High-Scale Ingestion VIP","PutSmall",1,0,224.249,222.351,1.864
"Tenant 2 [Tier 1] High-Scale Ingestion VIP","GetSmall",1,0,222.856,221.349,1.503
"Tenant 2 [Tier 1] High-Scale Ingestion VIP","PutSmall",1,0,223.460,221.600,1.855
"Tenant 2 [Tier 1] High-Scale Ingestion VIP","PutSmall",1,0,222.514,220.750,1.750
"Tenant 2 [Tier 1] High-Scale Ingestion VIP","PutSmall",1,0,222.880,221.056,1.819
"Tenant 2 [Tier 1] High-Scale Ingestion VIP","GetSmall",1,0,221.799,220.347,1.444
"Tenant 2 [Tier 1] High-Scale Ingestion VIP","GetSmall",1,0,223.515,222.043,1.460
"Tenant 2 [Tier 1] High-Scale Ingestion VIP","PutSmall",1,0,222.223,220.410,1.802
"Tenant 2 [Tier 1] High-Scale Ingestion VIP","GetSmall",1,0,222.636,221.152,1.476
"Tenant 2 [Tier 1] High-Scale Ingestion VIP","PutSmall",1,0,222.575,220.785,1.778
"Tenant 2 [Tier 1] High-Scale Ingestion VIP","PutSmall",1,0,222.650,220.753,1.887
"Tenant 2 [Tier 1] High-Scale Ingestion VIP","PutSmall",1,0,224.268,222.485,1.777
"Tenant 2 [Tier 1] High-Scale Ingestion VIP","GetSmall",1,0,222.652,221.103,1.514
"Tenant 2 [Tier 1] High-Scale Ingestion VIP","PutSmall",1,0,222.684,220.902,1.744
"Tenant 2 [Tier 1] High-Scale Ingestion VIP","PutSmall",1,0,223.557,221.686,1.863
"Tenant 2 [Tier 1] High-Scale Ingestion VIP","PutSmall",1,0,221.063,219.174,1.869
"Tenant 2 [Tier 1] High-Scale Ingestion VIP","GetSmall",1,0,222.279,220.813,1.460
"Tenant 2 [Tier 1] High-Scale Ingestion VIP","GetSmall",1,0,222.884,221.312,1.560
"Tenant 2 [Tier 1] High-Scale Ingestion VIP","PutSmall",1,0,221.511,219.642,1.862
"Tenant 2 [Tier 1] High-Scale Ingestion VIP","PutSmall",1,0,222.414,220.685,1.725
"Tenant 2 [Tier 1] High-Scale Ingestion VIP","GetSmall",1,0,222.328,220.853,1.470
"Tenant 2 [Tier 1] High-Scale Ingestion VIP","GetSmall",1,0,222.677,221.111,1.561
"Tenant 2 [Tier 1] High-Scale Ingestion VIP","PutSmall",1,0,223.831,222.012,1.812
"Tenant 2 [Tier 1] High-Scale Ingestion VIP","PutSmall",1,0,222.799,221.076,1.717
"Tenant 2 [Tier 1] High-Scale Ingestion VIP","GetSmall",1,0,221.891,220.319,1.534
"Tenant 2 [Tier 1] High-Scale Ingestion VIP","PutSmall",1,0,222.014,220.265,1.744
"Tenant 2 [Tier 1] High-Scale Ingestion VIP","PutSmall",1,0,222.175,220.282,1.889
"Tenant 2 [Tier 1] High-Scale Ingestion VIP","GetSmall",1,0,221.840,220.271,1.565
"Tenant 2 [Tier 1] High-Scale Ingestion VIP","PutSmall",1,0,222.774,220.975,1.796
"Tenant 2 [Tier 1] High-Scale Ingestion VIP","PutSmall",1,0,222.820,220.958,1.849
"Tenant 2 [Tier 1] High-Scale Ingestion VIP","GetSmall",1,0,222.837,221.288,1.543
"Tenant 2 [Tier 1] High-Scale Ingestion VIP","GetSmall",1,0,223.049,221.525,1.514
"Tenant 2 [Tier 1] High-Scale Ingestion VIP","PutSmall",1,0,223.365,221.610,1.718
"Tenant 2 [Tier 1] High-Scale Ingestion VIP","PutSmall",1,0,223.319,221.527,1.762
"Tenant 2 [Tier 1] High-Scale Ingestion VIP","PutSmall",1,0,223.369,221.575,1.752
"Tenant 2 [Tier 1] High-Scale Ingestion VIP","PutSmall",1,0,223.274,221.504,1.744
"Tenant 2 [Tier 1] High-Scale Ingestion VIP","PutSmall",1,0,224.030,222.266,1.757
"Tenant 2 [Tier 1] High-Scale Ingestion VIP","PutSmall",1,0,224.239,222.441,1.789
"Tenant 2 [Tier 1] High-Scale Ingestion VIP","PutSmall",1,0,223.329,221.518,1.783
"Tenant 2 [Tier 1] High-Scale Ingestion VIP","GetSmall",1,0,222.817,221.383,1.431
"Tenant 2 [Tier 1] High-Scale Ingestion VIP","GetSmall",1,0,222.798,221.334,1.454
"Tenant 2 [Tier 1] High-Scale Ingestion VIP","GetSmall",1,0,224.334,222.836,1.485
"Tenant 2 [Tier 1] High-Scale Ingestion VIP","PutSmall",1,0,223.101,221.365,1.725
"Tenant 2 [Tier 1] High-Scale Ingestion VIP","PutSmall",1,0,222.690,220.944,1.741
"Tenant 2 [Tier 1] High-Scale Ingestion VIP","PutSmall",1,0,224.002,222.226,1.770
"Tenant 2 [Tier 1] High-Scale Ingestion VIP","PutSmall",1,0,223.003,221.181,1.818
"Tenant 2 [Tier 1] High-Scale Ingestion VIP","GetSmall",1,0,223.642,222.155,1.472
"Tenant 2 [Tier 1] High-Scale Ingestion VIP","GetSmall",1,0,223.978,222.417,1.555
"Tenant 2 [Tier 1] High-Scale Ingestion VIP","PutSmall",1,0,223.967,222.128,1.836
"Tenant 2 [Tier 1] High-Scale Ingestion VIP","PutSmall",1,0,224.536,222.788,1.729
"Tenant 2 [Tier 1] High-Scale Ingestion VIP","PutSmall",1,0,224.603,222.835,1.765
"Tenant 2 [Tier 1] High-Scale Ingestion VIP","PutSmall",1,0,224.959,223.109,1.836
"Tenant 2 [Tier 1] High-Scale Ingestion VIP","GetSmall",1,0,223.175,221.616,1.554
"Tenant 2 [Tier 1] High-Scale Ingestion VIP","PutSmall",1,0,222.058,220.271,1.773
"Tenant 2 [Tier 1] High-Scale Ingestion VIP","GetSmall",1,0,221.836,220.248,1.552
"Tenant 2 [Tier 1] High-Scale Ingestion VIP","GetSmall",1,0,222.075,220.501,1.539
"Tenant 2 [Tier 1] High-Scale Ingestion VIP","GetSmall",1,0,222.012,220.427,1.571
"Tenant 2 [Tier 1] High-Scale Ingestion VIP","GetSmall",1,0,222.142,220.674,1.433
"Tenant 2 [Tier 1] High-Scale Ingestion VIP","PutSmall",1,0,222.246,220.472,1.771
"Tenant 2 [Tier 1] High-Scale Ingestion VIP","PutSmall",1,0,222.732,220.811,1.884
"Tenant 2 [Tier 1] High-Scale Ingestion VIP","GetSmall",1,0,221.549,219.959,1.556
"Tenant 2 [Tier 1] High-Scale Ingestion VIP","PutSmall",1,0,219.265,217.518,1.738
"Tenant 2 [Tier 1] High-Scale Ingestion VIP","GetSmall",1,0,222.212,220.697,1.509
"Tenant 2 [Tier 1] High-Scale Ingestion VIP","PutSmall",1,0,222.879,220.984,1.872
"Tenant 2 [Tier 1] High-Scale Ingestion VIP","PutSmall",1,0,219.879,218.145,1.730
"Tenant 2 [Tier 1] High-Scale Ingestion VIP","PutSmall",1,0,220.300,218.530,1.763
"Tenant 2 [Tier 1] High-Scale Ingestion VIP","PutSmall",1,0,221.889,220.044,1.836
"Tenant 2 [Tier 1] High-Scale Ingestion VIP","GetSmall",1,0,220.491,219.005,1.481
"Tenant 2 [Tier 1] High-Scale Ingestion VIP","PutSmall",1,0,219.920,218.058,1.858
"Tenant 2 [Tier 1] High-Scale Ingestion VIP","GetSmall",1,0,221.466,220.017,1.438
"Tenant 2 [Tier 1] High-Scale Ingestion VIP","GetSmall",1,0,222.417,220.873,1.538
"Tenant 2 [Tier 1] High-Scale Ingestion VIP","PutSmall",1,0,222.304,220.534,1.765
"Tenant 2 [Tier 1] High-Scale Ingestion VIP","PutSmall",1,0,222.736,220.876,1.855
"Tenant 2 [Tier 1] High-Scale Ingestion VIP","GetSmall",1,0,220.401,218.942,1.455
"Tenant 2 [Tier 1] High-Scale Ingestion VIP","GetSmall",1,0,221.906,220.329,1.570
"Tenant 2 [Tier 1] High-Scale Ingestion VIP","PutSmall",1,0,220.540,218.679,1.857
"Tenant 2 [Tier 1] High-Scale Ingestion VIP","GetSmall",1,0,220.288,218.767,1.513
"Tenant 2 [Tier 1] High-Scale Ingestion VIP","PutSmall",1,0,220.781,219.008,1.768
"Tenant 2 [Tier 1] High-Scale Ingestion VIP","GetSmall",1,0,220.616,219.047,1.564
"Tenant 2 [Tier 1] High-Scale Ingestion VIP","PutSmall",1,0,220.784,219.031,1.748
"Tenant 2 [Tier 1] High-Scale Ingestion VIP","PutSmall",1,0,219.356,217.541,1.812
"Tenant 2 [Tier 1] High-Scale Ingestion VIP","PutSmall",1,0,220.335,218.494,1.835
"Tenant 2 [Tier 1] High-Scale Ingestion VIP","PutSmall",1,0,221.966,220.159,1.803
"Tenant 2 [Tier 1] High-Scale Ingestion VIP","PutSmall",1,0,220.847,218.985,1.853
"Tenant 2 [Tier 1] High-Scale Ingestion VIP","GetSmall",1,0,220.686,219.208,1.474
"Tenant 2 [Tier 1] High-Scale Ingestion VIP","PutSmall",1,0,222.708,220.950,1.722
"Tenant 2 [Tier 1] High-Scale Ingestion VIP","PutSmall",1,0,222.628,220.883,1.715
"Tenant 2 [Tier 1] High-Scale Ingestion VIP","PutSmall",1,0,221.256,219.398,1.798
"Tenant 2 [Tier 1] High-Scale Ingestion VIP","PutSmall",1,0,222.092,220.231,1.809
"Tenant 2 [Tier 1] High-Scale Ingestion VIP","GetSmall",1,0,221.648,220.184,1.460
"Tenant 2 [Tier 1] High-Scale Ingestion VIP","GetSmall",1,0,222.020,220.479,1.537
"Tenant 2 [Tier 1] High-Scale Ingestion VIP","PutSmall",1,0,222.640,220.920,1.715
"Tenant 2 [Tier 1] High-Scale Ingestion VIP","PutSmall",1,0,222.843,221.077,1.761
"Tenant 2 [Tier 1] High-Scale Ingestion VIP","PutSmall",1,0,222.036,220.247,1.773
"Tenant 2 [Tier 1] High-Scale Ingestion VIP","GetSmall",1,0,221.764,220.268,1.490
"Tenant 2 [Tier 1] High-Scale Ingestion VIP","PutSmall",1,0,222.000,220.270,1.725
"Tenant 2 [Tier 1] High-Scale Ingestion VIP","GetSmall",1,0,220.440,218.903,1.531
"Tenant 2 [Tier 1] High-Scale Ingestion VIP","GetSmall",1,0,221.400,219.843,1.554
"Tenant 2 [Tier 1] High-Scale Ingestion VIP","PutSmall",1,0,221.612,219.863,1.744
"Tenant 2 [Tier 1] High-Scale Ingestion VIP","PutSmall",1,0,221.633,219.867,1.751
"Tenant 2 [Tier 1] High-Scale Ingestion VIP","PutSmall",1,0,221.665,219.863,1.788
"Tenant 2 [Tier 1] High-Scale Ingestion VIP","PutSmall",1,0,221.104,219.224,1.876
"Tenant 2 [Tier 1] High-Scale Ingestion VIP","GetSmall",1,0,221.459,220.006,1.445
"Tenant 2 [Tier 1] High-Scale Ingestion VIP","GetSmall",1,0,220.228,218.710,1.514
"Tenant 2 [Tier 1] High-Scale Ingestion VIP","PutSmall",1,0,220.482,218.722,1.755
"Tenant 2 [Tier 1] High-Scale Ingestion VIP","GetSmall",1,0,221.124,219.667,1.454
"Tenant 2 [Tier 1] High-Scale Ingestion VIP","GetSmall",1,0,220.991,219.427,1.560
"Tenant 2 [Tier 1] High-Scale Ingestion VIP","GetSmall",1,0,220.116,218.680,1.432
"Tenant 2 [Tier 1] High-Scale Ingestion VIP","GetSmall",1,0,220.135,218.609,1.522
"Tenant 2 [Tier 1] High-Scale Ingestion VIP","GetSmall",1,0,221.711,220.141,1.566
"Tenant 2 [Tier 1] High-Scale Ingestion VIP","PutSmall",1,0,222.031,220.174,1.849
"Tenant 2 [Tier 1] High-Scale Ingestion VIP","PutSmall",1,0,221.732,219.846,1.879
"Tenant 2 [Tier 1] High-Scale Ingestion VIP","PutSmall",1,0,221.566,219.777,1.784
"Tenant 2 [Tier 1] High-Scale Ingestion VIP","PutSmall",1,0,219.628,217.901,1.723
"Tenant 2 [Tier 1] High-Scale Ingestion VIP","PutSmall",1,0,220.846,219.077,1.765
"Tenant 2 [Tier 1] High-Scale Ingestion VIP","PutSmall",1,0,220.821,219.005,1.813
"Tenant 2 [Tier 1] High-Scale Ingestion VIP","PutSmall",1,0,222.235,220.444,1.781
"Tenant 2 [Tier 1] High-Scale Ingestion VIP","GetSmall",1,0,215.750,214.278,1.437
"Tenant 2 [Tier 1] High-Scale Ingestion VIP","PutSmall",1,0,217.383,215.638,1.737
"Tenant 2 [Tier 1] High-Scale Ingestion VIP","PutSmall",1,0,219.458,217.684,1.763
"Tenant 2 [Tier 1] High-Scale Ingestion VIP","GetSmall",1,0,219.223,217.685,1.527
"Tenant 2 [Tier 1] High-Scale Ingestion VIP","PutSmall",1,0,218.468,216.649,1.815
"Tenant 2 [Tier 1] High-Scale Ingestion VIP","PutSmall",1,0,219.721,217.857,1.825
"Tenant 2 [Tier 1] High-Scale Ingestion VIP","PutSmall",1,0,219.577,217.710,1.841
"Tenant 2 [Tier 1] High-Scale Ingestion VIP","GetSmall",1,0,220.693,219.213,1.476
"Tenant 2 [Tier 1] High-Scale Ingestion VIP","PutSmall",1,0,220.377,218.580,1.783
"Tenant 2 [Tier 1] High-Scale Ingestion VIP","GetSmall",1,0,221.230,219.674,1.523
"Tenant 2 [Tier 1] High-Scale Ingestion VIP","PutSmall",1,0,221.137,219.300,1.833
"Tenant 2 [Tier 1] High-Scale Ingestion VIP","GetSmall",1,0,221.632,220.142,1.454
"Tenant 2 [Tier 1] High-Scale Ingestion VIP","GetSmall",1,0,221.568,220.077,1.452
"Tenant 2 [Tier 1] High-Scale Ingestion VIP","PutSmall",1,0,222.097,220.207,1.883
"Tenant 2 [Tier 1] High-Scale Ingestion VIP","PutSmall",1,0,222.938,221.195,1.738
"Tenant 2 [Tier 1] High-Scale Ingestion VIP","PutSmall",1,0,224.309,222.498,1.801
"Tenant 2 [Tier 1] High-Scale Ingestion VIP","GetSmall",1,0,221.394,219.907,1.481
"Tenant 2 [Tier 1] High-Scale Ingestion VIP","GetSmall",1,0,222.539,221.065,1.470
"Tenant 2 [Tier 1] High-Scale Ingestion VIP","PutSmall",1,0,222.781,220.977,1.769
"Tenant 2 [Tier 1] High-Scale Ingestion VIP","PutSmall",1,0,223.147,221.310,1.802
"Tenant 2 [Tier 1] High-Scale Ingestion VIP","PutSmall",1,0,222.372,220.581,1.783
"Tenant 2 [Tier 1] High-Scale Ingestion VIP","GetSmall",1,0,222.258,220.671,1.553
"Tenant 2 [Tier 1] High-Scale Ingestion VIP","PutSmall",1,0,222.788,220.955,1.822
"Tenant 2 [Tier 1] High-Scale Ingestion VIP","GetSmall",1,0,223.422,221.893,1.525
"Tenant 2 [Tier 1] High-Scale Ingestion VIP","PutSmall",1,0,224.948,223.159,1.769
"Tenant 2 [Tier 1] High-Scale Ingestion VIP","PutSmall",1,0,223.488,221.681,1.786
"Tenant 2 [Tier 1] High-Scale Ingestion VIP","PutSmall",1,0,224.754,222.901,1.813
"Tenant 2 [Tier 1] High-Scale Ingestion VIP","GetSmall",1,0,223.573,222.097,1.463
"Tenant 2 [Tier 1] High-Scale Ingestion VIP","GetSmall",1,0,224.362,222.807,1.549
"Tenant 2 [Tier 1] High-Scale Ingestion VIP","PutSmall",1,0,222.580,220.833,1.741
"Tenant 2 [Tier 1] High-Scale Ingestion VIP","PutSmall",1,0,223.922,222.173,1.745
"Tenant 2 [Tier 1] High-Scale Ingestion VIP","GetSmall",1,0,222.067,220.583,1.468
"Tenant 2 [Tier 1] High-Scale Ingestion VIP","PutSmall",1,0,222.746,220.861,1.880
"Tenant 2 [Tier 1] High-Scale Ingestion VIP","PutSmall",1,0,223.803,221.964,1.834
"Tenant 2 [Tier 1] High-Scale Ingestion VIP","GetSmall",1,0,222.458,220.947,1.504
"Tenant 2 [Tier 1] High-Scale Ingestion VIP","GetSmall",1,0,221.039,219.493,1.527
"Tenant 2 [Tier 1] High-Scale Ingestion VIP","PutSmall",1,0,222.822,220.947,1.871
"Tenant 2 [Tier 1] High-Scale Ingestion VIP","GetSmall",1,0,221.713,220.219,1.491
"Tenant 2 [Tier 1] High-Scale Ingestion VIP","GetSmall",1,0,222.005,220.441,1.559
"Tenant 2 [Tier 1] High-Scale Ingestion VIP","PutSmall",1,0,222.082,220.274,1.803
"Tenant 2 [Tier 1] High-Scale Ingestion VIP","PutSmall",1,0,222.532,220.699,1.824
"Tenant 2 [Tier 1] High-Scale Ingestion VIP","GetSmall",1,0,221.642,220.190,1.446
"Tenant 2 [Tier 1] High-Scale Ingestion VIP","PutSmall",1,0,221.766,220.033,1.729
"Tenant 2 [Tier 1] High-Scale Ingestion VIP","PutSmall",1,0,223.067,221.252,1.808
"Tenant 2 [Tier 1] High-Scale Ingestion VIP","PutSmall",1,0,221.930,220.048,1.877
"Tenant 2 [Tier 1] High-Scale Ingestion VIP","GetSmall",1,0,222.975,221.544,1.427
"Tenant 2 [Tier 1] High-Scale Ingestion VIP","GetSmall",1,0,223.174,221.579,1.534
"Tenant 2 [Tier 1] High-Scale Ingestion VIP","PutSmall",1,0,223.333,221.592,1.735
"Tenant 2 [Tier 1] High-Scale Ingestion VIP","GetSmall",1,0,224.042,222.594,1.440
"Tenant 2 [Tier 1] High-Scale Ingestion VIP","PutSmall",1,0,222.140,220.285,1.850
"Tenant 2 [Tier 1] High-Scale Ingestion VIP","GetSmall",1,0,221.747,220.298,1.444
"Tenant 2 [Tier 1] High-Scale Ingestion VIP","PutSmall",1,0,222.151,220.420,1.726
"Tenant 2 [Tier 1] High-Scale Ingestion VIP","PutSmall",1,0,222.869,221.116,1.735
"Tenant 2 [Tier 1] High-Scale Ingestion VIP","PutSmall",1,0,223.227,221.334,1.877
"Tenant 2 [Tier 1] High-Scale Ingestion VIP","GetSmall",1,0,222.076,220.604,1.463
"Tenant 2 [Tier 1] High-Scale Ingestion VIP","GetSmall",1,0,222.095,220.569,1.522
"Tenant 2 [Tier 1] High-Scale Ingestion VIP","PutSmall",1,0,222.428,220.709,1.716
"Tenant 2 [Tier 1] High-Scale Ingestion VIP","GetSmall",1,0,223.123,221.628,1.491
"Tenant 2 [Tier 1] High-Scale Ingestion VIP","PutSmall",1,0,223.354,221.603,1.740
"Tenant 2 [Tier 1] High-Scale Ingestion VIP","PutSmall",1,0,222.097,220.243,1.850
"Tenant 2 [Tier 1] High-Scale Ingestion VIP","PutSmall",1,0,225.277,223.471,1.795
"Tenant 2 [Tier 1] High-Scale Ingestion VIP","PutSmall",1,0,223.986,222.163,1.810
"Tenant 2 [Tier 1] High-Scale Ingestion VIP","PutSmall",1,0,224.097,222.233,1.857
"Tenant 2 [Tier 1] High-Scale Ingestion VIP","PutSmall",1,0,222.148,220.318,1.823
"Tenant 2 [Tier 1] High-Scale Ingestion VIP","PutSmall",1,0,222.812,221.016,1.792
"Tenant 2 [Tier 1] High-Scale Ingestion VIP","GetSmall",1,0,221.144,219.620,1.489
"Tenant 2 [Tier 1] High-Scale Ingestion VIP","GetSmall",1,0,222.847,221.276,1.564
"Tenant 2 [Tier 1] High-Scale Ingestion VIP","PutSmall",1,0,223.574,221.682,1.871
"Tenant 2 [Tier 1] High-Scale Ingestion VIP","GetSmall",1,0,224.716,223.168,1.545
"Tenant 2 [Tier 1] High-Scale Ingestion VIP","PutSmall",1,0,223.375,221.608,1.744
"Tenant 2 [Tier 1] High-Scale Ingestion VIP","PutSmall",1,0,224.975,223.204,1.746
"Tenant 2 [Tier 1] High-Scale Ingestion VIP","GetSmall",1,0,223.972,222.460,1.478
"Tenant 2 [Tier 1] High-Scale Ingestion VIP","PutSmall",1,0,222.456,220.630,1.811
"Tenant 2 [Tier 1] High-Scale Ingestion VIP","GetSmall",1,0,221.961,220.495,1.457
"Tenant 2 [Tier 1] High-Scale Ingestion VIP","PutSmall",1,0,222.103,220.213,1.885
"Tenant 2 [Tier 1] High-Scale Ingestion VIP","GetSmall",1,0,221.367,219.861,1.455
"Tenant 2 [Tier 1] High-Scale Ingestion VIP","GetSmall",1,0,221.383,219.858,1.520
"Tenant 2 [Tier 1] High-Scale Ingestion VIP","PutSmall",1,0,223.894,222.161,1.717
"Tenant 2 [Tier 1] High-Scale Ingestion VIP","PutSmall",1,0,222.129,220.252,1.865
"Tenant 2 [Tier 1] High-Scale Ingestion VIP","PutSmall",1,0,222.477,220.652,1.820
"Tenant 2 [Tier 1] High-Scale Ingestion VIP","PutSmall",1,0,224.004,222.118,1.868
"Tenant 2 [Tier 1] High-Scale Ingestion VIP","PutSmall",1,0,222.885,221.031,1.831
"Tenant 2 [Tier 1] High-Scale Ingestion VIP","PutSmall",1,0,223.085,221.274,1.806
"Tenant 2 [Tier 1] High-Scale Ingestion VIP","GetSmall",1,0,222.816,221.308,1.502
"Tenant 2 [Tier 1] High-Scale Ingestion VIP","GetSmall",1,0,223.857,222.262,1.561
"Tenant 2 [Tier 1] High-Scale Ingestion VIP","PutSmall",1,0,223.764,221.917,1.831
"Tenant 2 [Tier 1] High-Scale Ingestion VIP","PutSmall",1,0,224.014,222.159,1.835
"Tenant 2 [Tier 1] High-Scale Ingestion VIP","GetSmall",1,0,222.833,221.345,1.484
"Tenant 2 [Tier 1] High-Scale Ingestion VIP","PutSmall",1,0,223.207,221.330,1.867
"Tenant 2 [Tier 1] High-Scale Ingestion VIP","PutSmall",1,0,223.497,221.576,1.878
"Tenant 2 [Tier 1] High-Scale Ingestion VIP","GetSmall",1,0,224.307,222.693,1.564
"Tenant 2 [Tier 1] High-Scale Ingestion VIP","PutSmall",1,0,224.526,222.793,1.727
"Tenant 2 [Tier 1] High-Scale Ingestion VIP","GetSmall",1,0,220.736,219.222,1.497
"Tenant 2 [Tier 1] High-Scale Ingestion VIP","PutSmall",1,0,222.785,220.988,1.786
"Tenant 2 [Tier 1] High-Scale Ingestion VIP","PutSmall",1,0,223.284,221.415,1.833
"Tenant 2 [Tier 1] High-Scale Ingestion VIP","PutSmall",1,0,223.602,221.809,1.760
"Tenant 2 [Tier 1] High-Scale Ingestion VIP","GetSmall",1,0,222.607,221.090,1.512
"Tenant 2 [Tier 1] High-Scale Ingestion VIP","PutSmall",1,0,224.195,222.456,1.731
"Tenant 2 [Tier 1] High-Scale Ingestion VIP","GetSmall",1,0,223.586,222.124,1.451
"Tenant 2 [Tier 1] High-Scale Ingestion VIP","GetSmall",1,0,223.639,222.167,1.469
"Tenant 2 [Tier 1] High-Scale Ingestion VIP","PutSmall",1,0,224.078,222.290,1.782
"Tenant 2 [Tier 1] High-Scale Ingestion VIP","GetSmall",1,0,223.263,221.796,1.451
"Tenant 2 [Tier 1] High-Scale Ingestion VIP","PutSmall",1,0,224.790,222.939,1.837
"Tenant 2 [Tier 1] High-Scale Ingestion VIP","PutSmall",1,0,224.100,222.222,1.866
"Tenant 2 [Tier 1] High-Scale Ingestion VIP","PutSmall",1,0,224.067,222.321,1.742
"Tenant 2 [Tier 1] High-Scale Ingestion VIP","GetSmall",1,0,223.251,221.808,1.434
"Tenant 2 [Tier 1] High-Scale Ingestion VIP","GetSmall",1,0,225.003,223.489,1.509
"Tenant 2 [Tier 1] High-Scale Ingestion VIP","GetSmall",1,0,223.474,221.916,1.553
"Tenant 2 [Tier 1] High-Scale Ingestion VIP","GetSmall",1,0,224.112,222.548,1.558
"Tenant 2 [Tier 1] High-Scale Ingestion VIP","PutSmall",1,0,222.982,221.245,1.731
"Tenant 2 [Tier 1] High-Scale Ingestion VIP","GetSmall",1,0,224.772,223.302,1.462
"Tenant 2 [Tier 1] High-Scale Ingestion VIP","PutSmall",1,0,224.485,222.746,1.733
"Tenant 2 [Tier 1] High-Scale Ingestion VIP","PutSmall",1,0,226.411,224.646,1.752
"Tenant 2 [Tier 1] High-Scale Ingestion VIP","PutSmall",1,0,226.382,224.510,1.869
"Tenant 2 [Tier 1] High-Scale Ingestion VIP","GetSmall",1,0,224.490,223.053,1.433
"Tenant 2 [Tier 1] High-Scale Ingestion VIP","PutSmall",1,0,224.962,223.201,1.757
"Tenant 2 [Tier 1] High-Scale Ingestion VIP","PutSmall",1,0,225.286,223.495,1.787
"Tenant 2 [Tier 1] High-Scale Ingestion VIP","PutSmall",1,0,225.030,223.188,1.833
"Tenant 2 [Tier 1] High-Scale Ingestion VIP","GetSmall",1,0,223.373,221.887,1.470
"Tenant 2 [Tier 1] High-Scale Ingestion VIP","PutSmall",1,0,224.761,223.016,1.739
"Tenant 2 [Tier 1] High-Scale Ingestion VIP","GetSmall",1,0,223.294,221.788,1.490
"Tenant 2 [Tier 1] High-Scale Ingestion VIP","PutSmall",1,0,224.718,222.824,1.889
"Tenant 2 [Tier 1] High-Scale Ingestion VIP","PutSmall",1,0,223.820,222.044,1.771
"Tenant 2 [Tier 1] High-Scale Ingestion VIP","PutSmall",1,0,224.872,223.113,1.753
"Tenant 2 [Tier 1] High-Scale Ingestion VIP","PutSmall",1,0,221.688,219.959,1.713
"Tenant 2 [Tier 1] High-Scale Ingestion VIP","GetSmall",1,0,222.979,221.535,1.436
"Tenant 2 [Tier 1] High-Scale Ingestion VIP","PutSmall",1,0,223.272,221.475,1.791
"Tenant 2 [Tier 1] High-Scale Ingestion VIP","PutSmall",1,0,224.212,222.331,1.878
"Tenant 2 [Tier 1] High-Scale Ingestion VIP","PutSmall",1,0,227.320,225.475,1.829
"Tenant 2 [Tier 1] High-Scale Ingestion VIP","PutSmall",1,0,227.457,225.603,1.829
"Tenant 2 [Tier 1] High-Scale Ingestion VIP","PutSmall",1,0,226.853,224.967,1.850
"Tenant 2 [Tier 1] High-Scale Ingestion VIP","GetSmall",1,0,228.119,226.577,1.506
"Tenant 2 [Tier 1] High-Scale Ingestion VIP","GetSmall",1,0,226.192,224.656,1.513
"Tenant 2 [Tier 1] High-Scale Ingestion VIP","GetSmall",1,0,226.444,224.896,1.538
"Tenant 2 [Tier 1] High-Scale Ingestion VIP","GetSmall",1,0,226.376,224.839,1.526
"Tenant 2 [Tier 1] High-Scale Ingestion VIP","GetSmall",1,0,225.212,223.662,1.524
"Tenant 2 [Tier 1] High-Scale Ingestion VIP","PutSmall",1,0,225.043,223.325,1.711
"Tenant 2 [Tier 1] High-Scale Ingestion VIP","PutSmall",1,0,225.483,223.601,1.878
"Tenant 2 [Tier 1] High-Scale Ingestion VIP","PutSmall",1,0,228.490,226.692,1.792
"Tenant 2 [Tier 1] High-Scale Ingestion VIP","GetSmall",1,0,225.769,224.223,1.540
"Tenant 2 [Tier 1] High-Scale Ingestion VIP","PutSmall",1,0,226.045,224.245,1.768
"Tenant 2 [Tier 1] High-Scale Ingestion VIP","PutSmall",1,0,225.859,224.039,1.816
"Tenant 2 [Tier 1] High-Scale Ingestion VIP","GetSmall",1,0,226.604,225.060,1.535
"Tenant 2 [Tier 1] High-Scale Ingestion VIP","GetSmall",1,0,227.690,226.210,1.474
"Tenant 2 [Tier 1] High-Scale Ingestion VIP","PutSmall",1,0,228.061,226.299,1.748
"Tenant 2 [Tier 1] High-Scale Ingestion VIP","GetSmall",1,0,227.188,225.712,1.472
"Tenant 2 [Tier 1] High-Scale Ingestion VIP","GetSmall",1,0,227.785,226.259,1.508
"Tenant 2 [Tier 1] High-Scale Ingestion VIP","PutSmall",1,0,228.213,226.411,1.797
"Tenant 2 [Tier 1] High-Scale Ingestion VIP","PutSmall",1,0,228.379,226.497,1.876
"Tenant 2 [Tier 1] High-Scale Ingestion VIP","GetSmall",1,0,227.903,226.436,1.463
"Tenant 2 [Tier 1] High-Scale Ingestion VIP","PutSmall",1,0,228.280,226.433,1.842
"Tenant 2 [Tier 1] High-Scale Ingestion VIP","PutSmall",1,0,228.050,226.248,1.798
"Tenant 2 [Tier 1] High-Scale Ingestion VIP","GetSmall",1,0,227.639,226.082,1.552
"Tenant 2 [Tier 1] High-Scale Ingestion VIP","GetSmall",1,0,227.802,226.199,1.568
"Tenant 2 [Tier 1] High-Scale Ingestion VIP","PutSmall",1,0,229.213,227.440,1.766
"Tenant 2 [Tier 1] High-Scale Ingestion VIP","PutSmall",1,0,229.208,227.402,1.791
"Tenant 2 [Tier 1] High-Scale Ingestion VIP","GetSmall",1,0,229.143,227.591,1.546
"Tenant 2 [Tier 1] High-Scale Ingestion VIP","PutSmall",1,0,229.159,227.309,1.844
"Tenant 2 [Tier 1] High-Scale Ingestion VIP","GetSmall",1,0,226.730,225.214,1.509
"Tenant 2 [Tier 1] High-Scale Ingestion VIP","GetSmall",1,0,225.138,223.696,1.426
"Tenant 2 [Tier 1] High-Scale Ingestion VIP","PutSmall",1,0,225.973,224.179,1.791
"Tenant 2 [Tier 1] High-Scale Ingestion VIP","PutSmall",1,0,227.634,225.750,1.879
"Tenant 2 [Tier 1] High-Scale Ingestion VIP","GetSmall",1,0,228.405,226.955,1.435
"Tenant 2 [Tier 1] High-Scale Ingestion VIP","GetSmall",1,0,227.005,225.492,1.508
"Tenant 2 [Tier 1] High-Scale Ingestion VIP","PutSmall",1,0,228.801,226.951,1.846
"Tenant 2 [Tier 1] High-Scale Ingestion VIP","GetSmall",1,0,227.717,226.244,1.469
"Tenant 2 [Tier 1] High-Scale Ingestion VIP","PutSmall",1,0,228.059,226.268,1.786
"Tenant 2 [Tier 1] High-Scale Ingestion VIP","PutSmall",1,0,228.198,226.306,1.888
"Tenant 2 [Tier 1] High-Scale Ingestion VIP","GetSmall",1,0,228.103,226.657,1.439
"Tenant 2 [Tier 1] High-Scale Ingestion VIP","GetSmall",1,0,227.670,226.197,1.470
"Tenant 2 [Tier 1] High-Scale Ingestion VIP","PutSmall",1,0,228.161,226.292,1.864
"Tenant 2 [Tier 1] High-Scale Ingestion VIP","PutSmall",1,0,228.440,226.657,1.779
"Tenant 2 [Tier 1] High-Scale Ingestion VIP","GetSmall",1,0,228.425,226.859,1.560
"Tenant 2 [Tier 1] High-Scale Ingestion VIP","PutSmall",1,0,228.423,226.683,1.735
"Tenant 2 [Tier 1] High-Scale Ingestion VIP","PutSmall",1,0,227.605,225.888,1.715
"Tenant 2 [Tier 1] High-Scale Ingestion VIP","PutSmall",1,0,227.915,226.155,1.743
"Tenant 2 [Tier 1] High-Scale Ingestion VIP","GetSmall",1,0,227.653,226.126,1.522
"Tenant 2 [Tier 1] High-Scale Ingestion VIP","PutSmall",1,0,227.821,226.102,1.713
"Tenant 2 [Tier 1] High-Scale Ingestion VIP","PutSmall",1,0,228.199,226.447,1.728
"Tenant 2 [Tier 1] High-Scale Ingestion VIP","PutSmall",1,0,229.371,227.593,1.761
"Tenant 2 [Tier 1] High-Scale Ingestion VIP","PutSmall",1,0,229.307,227.478,1.825
"Tenant 2 [Tier 1] High-Scale Ingestion VIP","PutSmall",1,0,228.888,227.078,1.804
"Tenant 2 [Tier 1] High-Scale Ingestion VIP","GetSmall",1,0,228.862,227.304,1.554
"Tenant 2 [Tier 1] High-Scale Ingestion VIP","GetSmall",1,0,228.496,227.052,1.437
"Tenant 2 [Tier 1] High-Scale Ingestion VIP","GetSmall",1,0,228.810,227.318,1.487
"Tenant 2 [Tier 1] High-Scale Ingestion VIP","GetSmall",1,0,228.849,227.271,1.573
"Tenant 2 [Tier 1] High-Scale Ingestion VIP","PutSmall",1,0,229.219,227.410,1.804
"Tenant 2 [Tier 1] High-Scale Ingestion VIP","GetSmall",1,0,228.073,226.626,1.441
"Tenant 2 [Tier 1] High-Scale Ingestion VIP","PutSmall",1,0,230.215,228.377,1.828
"Tenant 2 [Tier 1] High-Scale Ingestion VIP","PutSmall",1,0,227.729,225.971,1.752
"Tenant 2 [Tier 1] High-Scale Ingestion VIP","PutSmall",1,0,228.139,226.325,1.811
"Tenant 2 [Tier 1] High-Scale Ingestion VIP","GetSmall",1,0,227.650,226.080,1.566
"Tenant 2 [Tier 1] High-Scale Ingestion VIP","PutSmall",1,0,212.149,210.245,1.869
"Tenant 2 [Tier 1] High-Scale Ingestion VIP","PutSmall",1,0,212.038,210.159,1.843
"Tenant 2 [Tier 1] High-Scale Ingestion VIP","GetSmall",1,0,211.981,210.507,1.436
"Tenant 2 [Tier 1] High-Scale Ingestion VIP","PutSmall",1,0,212.286,210.530,1.743
"Tenant 2 [Tier 1] High-Scale Ingestion VIP","GetSmall",1,0,212.385,210.869,1.507
"Tenant 2 [Tier 1] High-Scale Ingestion VIP","GetSmall",1,0,212.488,210.895,1.567
"Tenant 2 [Tier 1] High-Scale Ingestion VIP","PutSmall",1,0,214.273,212.425,1.843
"Tenant 2 [Tier 1] High-Scale Ingestion VIP","GetSmall",1,0,212.858,211.397,1.451
"Tenant 2 [Tier 1] High-Scale Ingestion VIP","GetSmall",1,0,212.837,211.259,1.551
"Tenant 2 [Tier 1] High-Scale Ingestion VIP","GetSmall",1,0,214.919,213.417,1.497
"Tenant 2 [Tier 1] High-Scale Ingestion VIP","GetSmall",1,0,211.940,210.446,1.459
"Tenant 2 [Tier 1] High-Scale Ingestion VIP","GetSmall",1,0,213.796,212.269,1.516
"Tenant 2 [Tier 1] High-Scale Ingestion VIP","PutSmall",1,0,212.598,210.698,1.886
"Tenant 2 [Tier 1] High-Scale Ingestion VIP","PutSmall",1,0,215.070,213.326,1.737
"Tenant 2 [Tier 1] High-Scale Ingestion VIP","PutSmall",1,0,214.090,212.280,1.801
"Tenant 2 [Tier 1] High-Scale Ingestion VIP","GetSmall",1,0,213.453,211.930,1.509
"Tenant 2 [Tier 1] High-Scale Ingestion VIP","GetSmall",1,0,213.766,212.212,1.534
"Tenant 2 [Tier 1] High-Scale Ingestion VIP","GetSmall",1,0,213.388,211.811,1.571
"Tenant 2 [Tier 1] High-Scale Ingestion VIP","PutSmall",1,0,213.487,211.716,1.751
"Tenant 2 [Tier 1] High-Scale Ingestion VIP","GetSmall",1,0,212.959,211.522,1.431
"Tenant 2 [Tier 1] High-Scale Ingestion VIP","PutSmall",1,0,213.456,211.599,1.854
"Tenant 2 [Tier 1] High-Scale Ingestion VIP","GetSmall",1,0,213.468,211.933,1.528
"Tenant 2 [Tier 1] High-Scale Ingestion VIP","PutSmall",1,0,214.075,212.312,1.751
"Tenant 2 [Tier 1] High-Scale Ingestion VIP","GetSmall",1,0,212.631,211.163,1.459
"Tenant 2 [Tier 1] High-Scale Ingestion VIP","GetSmall",1,0,212.893,211.408,1.470
"Tenant 2 [Tier 1] High-Scale Ingestion VIP","PutSmall",1,0,213.085,211.338,1.741
"Tenant 2 [Tier 1] High-Scale Ingestion VIP","PutSmall",1,0,214.598,212.723,1.860
"Tenant 2 [Tier 1] High-Scale Ingestion VIP","PutSmall",1,0,213.089,211.195,1.889
"Tenant 2 [Tier 1] High-Scale Ingestion VIP","GetSmall",1,0,212.286,210.808,1.470
"Tenant 2 [Tier 1] High-Scale Ingestion VIP","PutSmall",1,0,212.856,211.102,1.743
"Tenant 2 [Tier 1] High-Scale Ingestion VIP","PutSmall",1,0,212.422,210.573,1.841
"Tenant 2 [Tier 1] High-Scale Ingestion VIP","GetSmall",1,0,213.655,212.222,1.429
"Tenant 2 [Tier 1] High-Scale Ingestion VIP","GetSmall",1,0,212.207,210.639,1.565
"Tenant 2 [Tier 1] High-Scale Ingestion VIP","GetSmall",1,0,214.127,212.556,1.533
"Tenant 2 [Tier 1] High-Scale Ingestion VIP","GetSmall",1,0,212.508,211.065,1.429
"Tenant 2 [Tier 1] High-Scale Ingestion VIP","GetSmall",1,0,212.634,211.137,1.493
"Tenant 2 [Tier 1] High-Scale Ingestion VIP","PutSmall",1,0,212.536,210.730,1.800
"Tenant 2 [Tier 1] High-Scale Ingestion VIP","GetSmall",1,0,213.120,211.632,1.480
"Tenant 2 [Tier 1] High-Scale Ingestion VIP","GetSmall",1,0,212.551,211.031,1.514
"Tenant 2 [Tier 1] High-Scale Ingestion VIP","GetSmall",1,0,212.750,211.210,1.524
"Tenant 2 [Tier 1] High-Scale Ingestion VIP","PutSmall",1,0,213.130,211.322,1.798
"Tenant 2 [Tier 1] High-Scale Ingestion VIP","GetSmall",1,0,211.574,210.084,1.481
"Tenant 2 [Tier 1] High-Scale Ingestion VIP","GetSmall",1,0,212.277,210.705,1.568
"Tenant 2 [Tier 1] High-Scale Ingestion VIP","PutSmall",1,0,211.771,209.944,1.819
"Tenant 2 [Tier 1] High-Scale Ingestion VIP","PutSmall",1,0,213.018,211.126,1.880
"Tenant 2 [Tier 1] High-Scale Ingestion VIP","PutSmall",1,0,213.176,211.348,1.792
"Tenant 2 [Tier 1] High-Scale Ingestion VIP","GetSmall",1,0,210.185,208.754,1.427
"Tenant 2 [Tier 1] High-Scale Ingestion VIP","GetSmall",1,0,210.058,208.559,1.489
"Tenant 2 [Tier 1] High-Scale Ingestion VIP","GetSmall",1,0,211.846,210.277,1.566
"Tenant 2 [Tier 1] High-Scale Ingestion VIP","PutSmall",1,0,212.008,210.260,1.744
"Tenant 2 [Tier 1] High-Scale Ingestion VIP","GetSmall",1,0,211.346,209.907,1.432
"Tenant 2 [Tier 1] High-Scale Ingestion VIP","PutSmall",1,0,211.758,209.959,1.794
"Tenant 2 [Tier 1] High-Scale Ingestion VIP","PutSmall",1,0,211.799,209.982,1.815
"Tenant 2 [Tier 1] High-Scale Ingestion VIP","GetSmall",1,0,211.795,210.359,1.430
"Tenant 2 [Tier 1] High-Scale Ingestion VIP","GetSmall",1,0,210.436,208.887,1.521
"Tenant 2 [Tier 1] High-Scale Ingestion VIP","GetSmall",1,0,210.315,208.746,1.532
"Tenant 2 [Tier 1] High-Scale Ingestion VIP","PutSmall",1,0,210.606,208.843,1.759
"Tenant 2 [Tier 1] High-Scale Ingestion VIP","PutSmall",1,0,212.162,210.339,1.805
"Tenant 2 [Tier 1] High-Scale Ingestion VIP","PutSmall",1,0,210.669,208.869,1.788
"Tenant 2 [Tier 1] High-Scale Ingestion VIP","GetSmall",1,0,210.444,209.011,1.428
"Tenant 2 [Tier 1] High-Scale Ingestion VIP","GetSmall",1,0,209.579,208.145,1.431
"Tenant 2 [Tier 1] High-Scale Ingestion VIP","PutSmall",1,0,210.035,208.200,1.832
"Tenant 2 [Tier 1] High-Scale Ingestion VIP","PutSmall",1,0,211.001,209.130,1.867
"Tenant 2 [Tier 1] High-Scale Ingestion VIP","PutSmall",1,0,209.640,207.808,1.820
"Tenant 2 [Tier 1] High-Scale Ingestion VIP","GetSmall",1,0,216.756,215.284,1.457
"Tenant 2 [Tier 1] High-Scale Ingestion VIP","PutSmall",1,0,217.300,215.484,1.781
"Tenant 2 [Tier 1] High-Scale Ingestion VIP","GetSmall",1,0,217.708,216.159,1.545
"Tenant 2 [Tier 1] High-Scale Ingestion VIP","PutSmall",1,0,217.642,215.745,1.859
"Tenant 2 [Tier 1] High-Scale Ingestion VIP","GetSmall",1,0,218.240,216.798,1.430
"Tenant 2 [Tier 1] High-Scale Ingestion VIP","GetSmall",1,0,218.210,216.704,1.486
"Tenant 2 [Tier 1] High-Scale Ingestion VIP","GetSmall",1,0,217.563,216.053,1.475
"Tenant 2 [Tier 1] High-Scale Ingestion VIP","GetSmall",1,0,219.234,217.691,1.482
"Tenant 2 [Tier 1] High-Scale Ingestion VIP","PutSmall",1,0,217.976,216.171,1.800
"Tenant 2 [Tier 1] High-Scale Ingestion VIP","GetSmall",1,0,218.858,217.286,1.567
"Tenant 2 [Tier 1] High-Scale Ingestion VIP","PutSmall",1,0,218.476,216.619,1.843
"Tenant 2 [Tier 1] High-Scale Ingestion VIP","PutSmall",1,0,218.146,216.243,1.884
"Tenant 2 [Tier 1] High-Scale Ingestion VIP","PutSmall",1,0,218.558,216.641,1.882
"Tenant 2 [Tier 1] High-Scale Ingestion VIP","GetSmall",1,0,218.667,217.160,1.501
"Tenant 2 [Tier 1] High-Scale Ingestion VIP","GetSmall",1,0,218.515,217.051,1.459
"Tenant 2 [Tier 1] High-Scale Ingestion VIP","GetSmall",1,0,218.815,217.262,1.511
"Tenant 2 [Tier 1] High-Scale Ingestion VIP","PutSmall",1,0,219.103,217.234,1.834
"Tenant 2 [Tier 1] High-Scale Ingestion VIP","GetSmall",1,0,221.007,219.495,1.509
"Tenant 2 [Tier 1] High-Scale Ingestion VIP","GetSmall",1,0,220.874,219.362,1.489
"Tenant 2 [Tier 1] High-Scale Ingestion VIP","PutSmall",1,0,219.859,218.052,1.775
"Tenant 2 [Tier 1] High-Scale Ingestion VIP","GetSmall",1,0,221.031,219.481,1.517
"Tenant 2 [Tier 1] High-Scale Ingestion VIP","GetSmall",1,0,220.697,219.109,1.553
"Tenant 2 [Tier 1] High-Scale Ingestion VIP","PutSmall",1,0,222.329,220.489,1.834
"Tenant 2 [Tier 1] High-Scale Ingestion VIP","PutSmall",1,0,220.839,219.004,1.818
"Tenant 2 [Tier 1] High-Scale Ingestion VIP","GetSmall",1,0,221.261,219.647,1.571
"Tenant 2 [Tier 1] High-Scale Ingestion VIP","PutSmall",1,0,221.553,219.772,1.774
"Tenant 2 [Tier 1] High-Scale Ingestion VIP","PutSmall",1,0,221.804,220.002,1.786
"Tenant 2 [Tier 1] High-Scale Ingestion VIP","PutSmall",1,0,221.650,219.862,1.752
"Tenant 2 [Tier 1] High-Scale Ingestion VIP","GetSmall",1,0,220.548,219.100,1.443
"Tenant 2 [Tier 1] High-Scale Ingestion VIP","GetSmall",1,0,221.774,220.201,1.568
"Tenant 2 [Tier 1] High-Scale Ingestion VIP","PutSmall",1,0,222.295,220.473,1.788
"Tenant 2 [Tier 1] High-Scale Ingestion VIP","GetSmall",1,0,222.421,220.984,1.432
"Tenant 2 [Tier 1] High-Scale Ingestion VIP","GetSmall",1,0,222.602,221.122,1.461
"Tenant 2 [Tier 1] High-Scale Ingestion VIP","GetSmall",1,0,219.855,218.411,1.436
"Tenant 2 [Tier 1] High-Scale Ingestion VIP","PutSmall",1,0,219.691,217.957,1.730
"Tenant 2 [Tier 1] High-Scale Ingestion VIP","PutSmall",1,0,219.831,218.004,1.816
"Tenant 2 [Tier 1] High-Scale Ingestion VIP","GetSmall",1,0,219.527,217.992,1.524
"Tenant 2 [Tier 1] High-Scale Ingestion VIP","GetSmall",1,0,219.778,218.336,1.436
"Tenant 2 [Tier 1] High-Scale Ingestion VIP","PutSmall",1,0,220.142,218.380,1.755
"Tenant 2 [Tier 1] High-Scale Ingestion VIP","PutSmall",1,0,220.188,218.349,1.820
"Tenant 2 [Tier 1] High-Scale Ingestion VIP","PutSmall",1,0,221.489,219.748,1.732
"Tenant 2 [Tier 1] High-Scale Ingestion VIP","GetSmall",1,0,221.717,220.258,1.453
"Tenant 2 [Tier 1] High-Scale Ingestion VIP","GetSmall",1,0,223.575,222.109,1.458
"Tenant 2 [Tier 1] High-Scale Ingestion VIP","GetSmall",1,0,222.094,220.578,1.501
"Tenant 2 [Tier 1] High-Scale Ingestion VIP","PutSmall",1,0,222.074,220.314,1.745
"Tenant 2 [Tier 1] High-Scale Ingestion VIP","GetSmall",1,0,221.973,220.514,1.451
"Tenant 2 [Tier 1] High-Scale Ingestion VIP","GetSmall",1,0,223.623,222.125,1.493
"Tenant 2 [Tier 1] High-Scale Ingestion VIP","GetSmall",1,0,222.325,220.758,1.558
"Tenant 2 [Tier 1] High-Scale Ingestion VIP","PutSmall",1,0,222.522,220.715,1.803
"Tenant 2 [Tier 1] High-Scale Ingestion VIP","PutSmall",1,0,222.672,220.828,1.840
"Tenant 2 [Tier 1] High-Scale Ingestion VIP","GetSmall",1,0,220.585,219.138,1.440
"Tenant 2 [Tier 1] High-Scale Ingestion VIP","PutSmall",1,0,221.991,220.241,1.737
"Tenant 2 [Tier 1] High-Scale Ingestion VIP","PutSmall",1,0,222.032,220.223,1.803
"Tenant 2 [Tier 1] High-Scale Ingestion VIP","PutSmall",1,0,222.461,220.601,1.856
"Tenant 2 [Tier 1] High-Scale Ingestion VIP","PutSmall",1,0,222.616,220.868,1.734
"Tenant 2 [Tier 1] High-Scale Ingestion VIP","PutSmall",1,0,222.686,220.880,1.799
"Tenant 2 [Tier 1] High-Scale Ingestion VIP","GetSmall",1,0,223.411,221.915,1.488
"Tenant 2 [Tier 1] High-Scale Ingestion VIP","GetSmall",1,0,223.748,222.237,1.496
"Tenant 2 [Tier 1] High-Scale Ingestion VIP","GetSmall",1,0,223.822,222.284,1.533
"Tenant 2 [Tier 1] High-Scale Ingestion VIP","PutSmall",1,0,223.117,221.271,1.840
"Tenant 2 [Tier 1] High-Scale Ingestion VIP","GetSmall",1,0,222.830,221.371,1.453
"Tenant 2 [Tier 1] High-Scale Ingestion VIP","PutSmall",1,0,223.549,221.803,1.732
"Tenant 2 [Tier 1] High-Scale Ingestion VIP","PutSmall",1,0,223.154,221.404,1.732
"Tenant 2 [Tier 1] High-Scale Ingestion VIP","PutSmall",1,0,219.680,217.945,1.725
"Tenant 2 [Tier 1] High-Scale Ingestion VIP","GetSmall",1,0,217.389,215.825,1.529
"Tenant 2 [Tier 1] High-Scale Ingestion VIP","PutSmall",1,0,219.829,218.039,1.754
"Tenant 2 [Tier 1] High-Scale Ingestion VIP","PutSmall",1,0,218.288,216.486,1.797
"Tenant 2 [Tier 1] High-Scale Ingestion VIP","PutSmall",1,0,216.623,214.727,1.861
"Tenant 2 [Tier 1] High-Scale Ingestion VIP","GetSmall",1,0,219.231,217.760,1.440
"Tenant 2 [Tier 1] High-Scale Ingestion VIP","PutSmall",1,0,219.521,217.797,1.713
"Tenant 2 [Tier 1] High-Scale Ingestion VIP","GetSmall",1,0,216.536,214.984,1.530
"Tenant 2 [Tier 1] High-Scale Ingestion VIP","PutSmall",1,0,217.408,215.542,1.833
"Tenant 2 [Tier 1] High-Scale Ingestion VIP","PutSmall",1,0,220.883,219.039,1.839
"Tenant 2 [Tier 1] High-Scale Ingestion VIP","GetSmall",1,0,217.298,215.825,1.445
"Tenant 2 [Tier 1] High-Scale Ingestion VIP","GetSmall",1,0,219.303,217.756,1.531
"Tenant 2 [Tier 1] High-Scale Ingestion VIP","GetSmall",1,0,217.394,215.817,1.556
"Tenant 2 [Tier 1] High-Scale Ingestion VIP","GetSmall",1,0,217.470,215.872,1.571
"Tenant 2 [Tier 1] High-Scale Ingestion VIP","PutSmall",1,0,216.119,214.310,1.783
"Tenant 2 [Tier 1] High-Scale Ingestion VIP","GetSmall",1,0,216.903,215.417,1.452
"Tenant 2 [Tier 1] High-Scale Ingestion VIP","GetSmall",1,0,217.427,215.934,1.458
"Tenant 2 [Tier 1] High-Scale Ingestion VIP","GetSmall",1,0,218.095,216.624,1.464
"Tenant 2 [Tier 1] High-Scale Ingestion VIP","GetSmall",1,0,217.646,216.098,1.525
"Tenant 2 [Tier 1] High-Scale Ingestion VIP","PutSmall",1,0,218.142,216.396,1.739
"Tenant 2 [Tier 1] High-Scale Ingestion VIP","PutSmall",1,0,218.259,216.393,1.861
"Tenant 2 [Tier 1] High-Scale Ingestion VIP","PutSmall",1,0,216.810,215.057,1.749
"Tenant 2 [Tier 1] High-Scale Ingestion VIP","GetSmall",1,0,216.605,215.103,1.492
"Tenant 2 [Tier 1] High-Scale Ingestion VIP","PutSmall",1,0,218.658,216.797,1.850
"Tenant 2 [Tier 1] High-Scale Ingestion VIP","GetSmall",1,0,217.444,215.888,1.523
"Tenant 2 [Tier 1] High-Scale Ingestion VIP","PutSmall",1,0,217.821,216.049,1.751
"Tenant 2 [Tier 1] High-Scale Ingestion VIP","PutSmall",1,0,218.686,216.846,1.816
"Tenant 2 [Tier 1] High-Scale Ingestion VIP","PutSmall",1,0,219.294,217.462,1.822
"Tenant 2 [Tier 1] High-Scale Ingestion VIP","PutSmall",1,0,219.114,217.224,1.880
"Tenant 2 [Tier 1] High-Scale Ingestion VIP","PutSmall",1,0,218.711,216.901,1.807
"Tenant 2 [Tier 1] High-Scale Ingestion VIP","PutSmall",1,0,220.225,218.466,1.741
"Tenant 2 [Tier 1] High-Scale Ingestion VIP","PutSmall",1,0,220.062,218.217,1.812
"Tenant 2 [Tier 1] High-Scale Ingestion VIP","GetSmall",1,0,217.193,215.639,1.518
"Tenant 2 [Tier 1] High-Scale Ingestion VIP","PutSmall",1,0,218.715,216.894,1.810
"Tenant 2 [Tier 1] High-Scale Ingestion VIP","PutSmall",1,0,218.750,216.850,1.880
"Tenant 2 [Tier 1] High-Scale Ingestion VIP","GetSmall",1,0,216.270,214.812,1.452
"Tenant 2 [Tier 1] High-Scale Ingestion VIP","GetSmall",1,0,216.383,214.866,1.482
"Tenant 2 [Tier 1] High-Scale Ingestion VIP","GetSmall",1,0,216.500,214.954,1.532
"Tenant 2 [Tier 1] High-Scale Ingestion VIP","GetSmall",1,0,218.403,216.844,1.553
"Tenant 2 [Tier 1] High-Scale Ingestion VIP","GetSmall",1,0,219.763,218.279,1.479
"Tenant 2 [Tier 1] High-Scale Ingestion VIP","PutSmall",1,0,221.670,219.859,1.807
"Tenant 2 [Tier 1] High-Scale Ingestion VIP","PutSmall",1,0,221.815,219.936,1.875
"Tenant 2 [Tier 1] High-Scale Ingestion VIP","GetSmall",1,0,219.305,217.796,1.480
"Tenant 2 [Tier 1] High-Scale Ingestion VIP","GetSmall",1,0,219.312,217.762,1.530
"Tenant 2 [Tier 1] High-Scale Ingestion VIP","GetSmall",1,0,219.087,217.496,1.567
"Tenant 2 [Tier 1] High-Scale Ingestion VIP","PutSmall",1,0,219.551,217.806,1.735
"Tenant 2 [Tier 1] High-Scale Ingestion VIP","GetSmall",1,0,219.133,217.682,1.446
"Tenant 2 [Tier 1] High-Scale Ingestion VIP","PutSmall",1,0,219.374,217.647,1.720
"Tenant 2 [Tier 1] High-Scale Ingestion VIP","PutSmall",1,0,219.747,217.923,1.791
"Tenant 2 [Tier 1] High-Scale Ingestion VIP","PutSmall",1,0,219.846,217.992,1.829
"Tenant 2 [Tier 1] High-Scale Ingestion VIP","PutSmall",1,0,219.900,218.049,1.837
"Tenant 2 [Tier 1] High-Scale Ingestion VIP","GetSmall",1,0,219.779,218.261,1.484
"Tenant 2 [Tier 1] High-Scale Ingestion VIP","GetSmall",1,0,219.447,217.908,1.519
"Tenant 2 [Tier 1] High-Scale Ingestion VIP","PutSmall",1,0,219.710,217.963,1.742
"Tenant 2 [Tier 1] High-Scale Ingestion VIP","PutSmall",1,0,219.649,217.858,1.755
"Tenant 2 [Tier 1] High-Scale Ingestion VIP","GetSmall",1,0,217.951,216.446,1.500
"Tenant 2 [Tier 1] High-Scale Ingestion VIP","GetSmall",1,0,219.379,217.919,1.445
"Tenant 2 [Tier 1] High-Scale Ingestion VIP","PutSmall",1,0,218.463,216.607,1.852
"Tenant 2 [Tier 1] High-Scale Ingestion VIP","PutSmall",1,0,218.456,216.571,1.880
"Tenant 2 [Tier 1] High-Scale Ingestion VIP","PutSmall",1,0,218.490,216.594,1.883
"Tenant 2 [Tier 1] High-Scale Ingestion VIP","GetSmall",1,0,218.451,216.960,1.483
"Tenant 2 [Tier 1] High-Scale Ingestion VIP","GetSmall",1,0,218.206,216.679,1.523
"Tenant 2 [Tier 1] High-Scale Ingestion VIP","PutSmall",1,0,219.459,217.621,1.804
"Tenant 2 [Tier 1] High-Scale Ingestion VIP","GetSmall",1,0,219.666,218.115,1.545
"Tenant 2 [Tier 1] High-Scale Ingestion VIP","GetSmall",1,0,219.873,218.321,1.541
"Tenant 2 [Tier 1] High-Scale Ingestion VIP","GetSmall",1,0,217.711,216.192,1.479
"Tenant 2 [Tier 1] High-Scale Ingestion VIP","PutSmall",1,0,218.193,216.356,1.803
"Tenant 2 [Tier 1] High-Scale Ingestion VIP","PutSmall",1,0,217.460,215.583,1.843
"Tenant 2 [Tier 1] High-Scale Ingestion VIP","PutSmall",1,0,218.764,216.989,1.771
"Tenant 2 [Tier 1] High-Scale Ingestion VIP","GetSmall",1,0,216.905,215.333,1.556
"Tenant 2 [Tier 1] High-Scale Ingestion VIP","GetSmall",1,0,217.164,215.581,1.568
"Tenant 2 [Tier 1] High-Scale Ingestion VIP","GetSmall",1,0,215.922,214.438,1.449
"Tenant 2 [Tier 1] High-Scale Ingestion VIP","PutSmall",1,0,217.204,215.344,1.856
"Tenant 2 [Tier 1] High-Scale Ingestion VIP","GetSmall",1,0,218.760,217.157,1.553
"Tenant 2 [Tier 1] High-Scale Ingestion VIP","GetSmall",1,0,216.787,215.292,1.491
"Tenant 2 [Tier 1] High-Scale Ingestion VIP","GetSmall",1,0,216.863,215.319,1.540
"Tenant 2 [Tier 1] High-Scale Ingestion VIP","PutSmall",1,0,217.187,215.406,1.763
"Tenant 2 [Tier 1] High-Scale Ingestion VIP","PutSmall",1,0,217.233,215.381,1.848
"Tenant 2 [Tier 1] High-Scale Ingestion VIP","PutSmall",1,0,218.142,216.383,1.721
"Tenant 2 [Tier 1] High-Scale Ingestion VIP","PutSmall",1,0,217.637,215.876,1.754
"Tenant 2 [Tier 1] High-Scale Ingestion VIP","GetSmall",1,0,219.033,217.522,1.478
"Tenant 2 [Tier 1] High-Scale Ingestion VIP","PutSmall",1,0,220.431,218.507,1.889
"Tenant 2 [Tier 1] High-Scale Ingestion VIP","GetSmall",1,0,219.700,218.236,1.457
"Tenant 2 [Tier 1] High-Scale Ingestion VIP","GetSmall",1,0,220.225,218.670,1.549
"Tenant 2 [Tier 1] High-Scale Ingestion VIP","PutSmall",1,0,220.749,219.011,1.727
"Tenant 2 [Tier 1] High-Scale Ingestion VIP","PutSmall",1,0,220.643,218.848,1.779
"Tenant 2 [Tier 1] High-Scale Ingestion VIP","GetSmall",1,0,220.642,219.125,1.509
"Tenant 2 [Tier 1] High-Scale Ingestion VIP","GetSmall",1,0,216.508,215.058,1.444
"Tenant 2 [Tier 1] High-Scale Ingestion VIP","GetSmall",1,0,218.152,216.672,1.465
"Tenant 2 [Tier 1] High-Scale Ingestion VIP","GetSmall",1,0,217.808,216.254,1.548
"Tenant 2 [Tier 1] High-Scale Ingestion VIP","PutSmall",1,0,218.180,216.317,1.827
"Tenant 2 [Tier 1] High-Scale Ingestion VIP","PutSmall",1,0,219.405,217.676,1.710
"Tenant 2 [Tier 1] High-Scale Ingestion VIP","PutSmall",1,0,219.415,217.603,1.767
"Tenant 2 [Tier 1] High-Scale Ingestion VIP","GetSmall",1,0,217.217,215.666,1.541
"Tenant 2 [Tier 1] High-Scale Ingestion VIP","GetSmall",1,0,218.887,217.302,1.556
"Tenant 2 [Tier 1] High-Scale Ingestion VIP","GetSmall",1,0,218.524,217.025,1.492
"Tenant 2 [Tier 1] High-Scale Ingestion VIP","GetSmall",1,0,219.607,218.135,1.467
"Tenant 2 [Tier 1] High-Scale Ingestion VIP","GetSmall",1,0,219.702,218.214,1.474
"Tenant 2 [Tier 1] High-Scale Ingestion VIP","GetSmall",1,0,219.360,217.846,1.490
"Tenant 2 [Tier 1] High-Scale Ingestion VIP","GetSmall",1,0,219.302,217.769,1.516
"Tenant 2 [Tier 1] High-Scale Ingestion VIP","PutSmall",1,0,220.250,218.474,1.773
"Tenant 2 [Tier 1] High-Scale Ingestion VIP","PutSmall",1,0,219.586,217.796,1.787
"Tenant 2 [Tier 1] High-Scale Ingestion VIP","GetSmall",1,0,219.081,217.646,1.429
"Tenant 2 [Tier 1] High-Scale Ingestion VIP","GetSmall",1,0,218.905,217.398,1.503
"Tenant 2 [Tier 1] High-Scale Ingestion VIP","PutSmall",1,0,218.873,217.089,1.777
"Tenant 2 [Tier 1] High-Scale Ingestion VIP","PutSmall",1,0,218.821,217.023,1.793
"Tenant 2 [Tier 1] High-Scale Ingestion VIP","GetSmall",1,0,217.609,216.097,1.508
"Tenant 2 [Tier 1] High-Scale Ingestion VIP","GetSmall",1,0,218.938,217.410,1.519
"Tenant 2 [Tier 1] High-Scale Ingestion VIP","PutSmall",1,0,219.336,217.569,1.763
"Tenant 2 [Tier 1] High-Scale Ingestion VIP","PutSmall",1,0,219.481,217.591,1.883
"Tenant 2 [Tier 1] High-Scale Ingestion VIP","GetSmall",1,0,218.478,216.927,1.548
"Tenant 2 [Tier 1] High-Scale Ingestion VIP","GetSmall",1,0,218.408,216.832,1.567
"Tenant 2 [Tier 1] High-Scale Ingestion VIP","PutSmall",1,0,218.604,216.804,1.795
"Tenant 2 [Tier 1] High-Scale Ingestion VIP","PutSmall",1,0,219.045,217.216,1.807
"Tenant 2 [Tier 1] High-Scale Ingestion VIP","PutSmall",1,0,219.941,218.193,1.742
"Tenant 2 [Tier 1] High-Scale Ingestion VIP","GetSmall",1,0,220.333,218.771,1.556
"Tenant 2 [Tier 1] High-Scale Ingestion VIP","PutSmall",1,0,220.529,218.797,1.727
"Tenant 2 [Tier 1] High-Scale Ingestion VIP","GetSmall",1,0,218.605,217.093,1.510
"Tenant 2 [Tier 1] High-Scale Ingestion VIP","PutSmall",1,0,221.957,220.138,1.811
"Tenant 2 [Tier 1] High-Scale Ingestion VIP","PutSmall",1,0,221.953,220.092,1.857
"Tenant 2 [Tier 1] High-Scale Ingestion VIP","PutSmall",1,0,220.453,218.576,1.863
"Tenant 2 [Tier 1] High-Scale Ingestion VIP","PutSmall",1,0,219.989,218.236,1.745
"Tenant 2 [Tier 1] High-Scale Ingestion VIP","PutSmall",1,0,220.011,218.215,1.780
"Tenant 2 [Tier 1] High-Scale Ingestion VIP","PutSmall",1,0,220.058,218.262,1.782
"Tenant 2 [Tier 1] High-Scale Ingestion VIP","GetSmall",1,0,219.138,217.564,1.570
"Tenant 2 [Tier 1] High-Scale Ingestion VIP","PutSmall",1,0,220.077,218.210,1.858
"Tenant 2 [Tier 1] High-Scale Ingestion VIP","PutSmall",1,0,220.631,218.808,1.786
"Tenant 2 [Tier 1] High-Scale Ingestion VIP","GetSmall",1,0,221.026,219.513,1.509
"Tenant 2 [Tier 1] High-Scale Ingestion VIP","PutSmall",1,0,220.798,219.071,1.716
"Tenant 2 [Tier 1] High-Scale Ingestion VIP","PutSmall",1,0,218.539,216.643,1.862
"Tenant 2 [Tier 1] High-Scale Ingestion VIP","GetSmall",1,0,219.671,218.148,1.487
"Tenant 2 [Tier 1] High-Scale Ingestion VIP","GetSmall",1,0,218.420,216.960,1.427
"Tenant 2 [Tier 1] High-Scale Ingestion VIP","PutSmall",1,0,218.848,217.053,1.780
"Tenant 2 [Tier 1] High-Scale Ingestion VIP","GetSmall",1,0,218.707,217.226,1.469
"Tenant 2 [Tier 1] High-Scale Ingestion VIP","PutSmall",1,0,219.116,217.231,1.852
"Tenant 2 [Tier 1] High-Scale Ingestion VIP","GetSmall",1,0,218.036,216.431,1.573
"Tenant 2 [Tier 1] High-Scale Ingestion VIP","PutSmall",1,0,217.872,216.061,1.806
"Tenant 2 [Tier 1] High-Scale Ingestion VIP","GetSmall",1,0,219.191,217.666,1.514
"Tenant 2 [Tier 1] High-Scale Ingestion VIP","GetSmall",1,0,219.505,217.990,1.480
"Tenant 2 [Tier 1] High-Scale Ingestion VIP","GetSmall",1,0,219.551,218.007,1.508
"Tenant 2 [Tier 1] High-Scale Ingestion VIP","GetSmall",1,0,219.329,217.755,1.570
"Tenant 2 [Tier 1] High-Scale Ingestion VIP","PutSmall",1,0,219.451,217.683,1.764
"Tenant 2 [Tier 1] High-Scale Ingestion VIP","GetSmall",1,0,217.080,215.628,1.448
"Tenant 2 [Tier 1] High-Scale Ingestion VIP","PutSmall",1,0,217.194,215.307,1.875
"Tenant 2 [Tier 1] High-Scale Ingestion VIP","GetSmall",1,0,216.787,215.315,1.443
"Tenant 2 [Tier 1] High-Scale Ingestion VIP","PutSmall",1,0,217.458,215.739,1.714
"Tenant 2 [Tier 1] High-Scale Ingestion VIP","GetSmall",1,0,216.751,215.240,1.506
"Tenant 2 [Tier 1] High-Scale Ingestion VIP","PutSmall",1,0,218.463,216.703,1.727
"Tenant 2 [Tier 1] High-Scale Ingestion VIP","PutSmall",1,0,218.385,216.499,1.856
"Tenant 2 [Tier 1] High-Scale Ingestion VIP","PutSmall",1,0,220.054,218.223,1.827
"Tenant 2 [Tier 1] High-Scale Ingestion VIP","PutSmall",1,0,218.134,216.283,1.834
"Tenant 2 [Tier 1] High-Scale Ingestion VIP","GetSmall",1,0,215.655,214.108,1.535
"Tenant 2 [Tier 1] High-Scale Ingestion VIP","PutSmall",1,0,217.446,215.683,1.758
"Tenant 2 [Tier 1] High-Scale Ingestion VIP","PutSmall",1,0,217.444,215.652,1.760
"Tenant 2 [Tier 1] High-Scale Ingestion VIP","PutSmall",1,0,219.103,217.244,1.821
"Tenant 2 [Tier 1] High-Scale Ingestion VIP","GetSmall",1,0,217.777,216.290,1.480
"Tenant 2 [Tier 1] High-Scale Ingestion VIP","GetSmall",1,0,217.742,216.194,1.543
"Tenant 2 [Tier 1] High-Scale Ingestion VIP","GetSmall",1,0,217.496,215.938,1.552
"Tenant 2 [Tier 1] High-Scale Ingestion VIP","GetSmall",1,0,218.931,217.348,1.562
"Tenant 2 [Tier 1] High-Scale Ingestion VIP","PutSmall",1,0,219.071,217.327,1.740
"Tenant 2 [Tier 1] High-Scale Ingestion VIP","GetSmall",1,0,216.576,215.013,1.559
"Tenant 2 [Tier 1] High-Scale Ingestion VIP","GetSmall",1,0,218.034,216.571,1.458
"Tenant 2 [Tier 1] High-Scale Ingestion VIP","GetSmall",1,0,218.026,216.523,1.494
"Tenant 2 [Tier 1] High-Scale Ingestion VIP","GetSmall",1,0,217.825,216.272,1.505
"Tenant 2 [Tier 1] High-Scale Ingestion VIP","GetSmall",1,0,217.842,216.286,1.521
"Tenant 2 [Tier 1] High-Scale Ingestion VIP","GetSmall",1,0,218.106,216.542,1.540
"Tenant 2 [Tier 1] High-Scale Ingestion VIP","GetSmall",1,0,218.003,216.437,1.552
"Tenant 2 [Tier 1] High-Scale Ingestion VIP","PutSmall",1,0,216.609,214.856,1.732
"Tenant 2 [Tier 1] High-Scale Ingestion VIP","GetSmall",1,0,217.193,215.740,1.446
"Tenant 2 [Tier 1] High-Scale Ingestion VIP","GetSmall",1,0,217.212,215.752,1.450
"Tenant 2 [Tier 1] High-Scale Ingestion VIP","GetSmall",1,0,216.001,214.477,1.520
"Tenant 2 [Tier 1] High-Scale Ingestion VIP","GetSmall",1,0,217.561,216.069,1.457
"Tenant 2 [Tier 1] High-Scale Ingestion VIP","PutSmall",1,0,218.178,216.430,1.743
"Tenant 2 [Tier 1] High-Scale Ingestion VIP","PutSmall",1,0,218.042,216.194,1.833
"Tenant 2 [Tier 1] High-Scale Ingestion VIP","GetSmall",1,0,217.292,215.724,1.565
"Tenant 2 [Tier 1] High-Scale Ingestion VIP","GetSmall",1,0,218.522,217.048,1.467
"Tenant 2 [Tier 1] High-Scale Ingestion VIP","GetSmall",1,0,218.580,217.008,1.569
"Tenant 2 [Tier 1] High-Scale Ingestion VIP","PutSmall",1,0,218.990,217.256,1.731
"Tenant 2 [Tier 1] High-Scale Ingestion VIP","GetSmall",1,0,218.713,217.241,1.467
"Tenant 2 [Tier 1] High-Scale Ingestion VIP","GetSmall",1,0,218.611,217.071,1.536
"Tenant 2 [Tier 1] High-Scale Ingestion VIP","PutSmall",1,0,217.520,215.749,1.767
"Tenant 2 [Tier 1] High-Scale Ingestion VIP","PutSmall",1,0,217.276,215.415,1.856
"Tenant 2 [Tier 1] High-Scale Ingestion VIP","PutSmall",1,0,220.643,218.760,1.874
"Tenant 2 [Tier 1] High-Scale Ingestion VIP","PutSmall",1,0,218.659,216.843,1.812
"Tenant 2 [Tier 1] High-Scale Ingestion VIP","PutSmall",1,0,218.672,216.827,1.811
"Tenant 2 [Tier 1] High-Scale Ingestion VIP","GetSmall",1,0,218.324,216.877,1.443
"Tenant 2 [Tier 1] High-Scale Ingestion VIP","GetSmall",1,0,217.240,215.752,1.482
"Tenant 2 [Tier 1] High-Scale Ingestion VIP","GetSmall",1,0,219.846,218.295,1.543
"Tenant 2 [Tier 1] High-Scale Ingestion VIP","GetSmall",1,0,216.440,214.888,1.547
"Tenant 2 [Tier 1] High-Scale Ingestion VIP","PutSmall",1,0,220.084,218.329,1.724
"Tenant 2 [Tier 1] High-Scale Ingestion VIP","PutSmall",1,0,218.527,216.726,1.774
"Tenant 2 [Tier 1] High-Scale Ingestion VIP","GetSmall",1,0,217.816,216.271,1.499
"Tenant 2 [Tier 1] High-Scale Ingestion VIP","GetSmall",1,0,216.555,215.045,1.505
"Tenant 2 [Tier 1] High-Scale Ingestion VIP","PutSmall",1,0,213.049,211.173,1.862
"Tenant 2 [Tier 1] High-Scale Ingestion VIP","GetSmall",1,0,212.359,210.839,1.484
"Tenant 2 [Tier 1] High-Scale Ingestion VIP","GetSmall",1,0,212.087,210.646,1.426
"Tenant 2 [Tier 1] High-Scale Ingestion VIP","GetSmall",1,0,211.638,210.110,1.512
"Tenant 2 [Tier 1] High-Scale Ingestion VIP","GetSmall",1,0,212.116,210.530,1.542
"Tenant 2 [Tier 1] High-Scale Ingestion VIP","PutSmall",1,0,211.993,210.130,1.831
"Tenant 2 [Tier 1] High-Scale Ingestion VIP","GetSmall",1,0,213.040,211.605,1.431
"Tenant 2 [Tier 1] High-Scale Ingestion VIP","PutSmall",1,0,213.625,211.848,1.773
"Tenant 2 [Tier 1] High-Scale Ingestion VIP","PutSmall",1,0,212.664,210.770,1.880
"Tenant 2 [Tier 1] High-Scale Ingestion VIP","GetSmall",1,0,212.024,210.575,1.442
"Tenant 2 [Tier 1] High-Scale Ingestion VIP","PutSmall",1,0,212.474,210.583,1.887
"Tenant 2 [Tier 1] High-Scale Ingestion VIP","PutSmall",1,0,213.894,212.002,1.856
"Tenant 2 [Tier 1] High-Scale Ingestion VIP","GetSmall",1,0,215.259,213.731,1.524
"Tenant 2 [Tier 1] High-Scale Ingestion VIP","PutSmall",1,0,213.878,211.994,1.876
"Tenant 2 [Tier 1] High-Scale Ingestion VIP","PutSmall",1,0,213.864,211.992,1.867
"Tenant 2 [Tier 1] High-Scale Ingestion VIP","PutSmall",1,0,213.428,211.683,1.742
"Tenant 2 [Tier 1] High-Scale Ingestion VIP","PutSmall",1,0,214.883,213.132,1.741
"Tenant 2 [Tier 1] High-Scale Ingestion VIP","PutSmall",1,0,214.082,212.207,1.861
"Tenant 2 [Tier 1] High-Scale Ingestion VIP","GetSmall",1,0,213.765,212.272,1.489
"Tenant 2 [Tier 1] High-Scale Ingestion VIP","PutSmall",1,0,214.024,212.141,1.849
"Tenant 2 [Tier 1] High-Scale Ingestion VIP","GetSmall",1,0,213.856,212.316,1.519
"Tenant 2 [Tier 1] High-Scale Ingestion VIP","GetSmall",1,0,215.166,213.715,1.445
"Tenant 2 [Tier 1] High-Scale Ingestion VIP","GetSmall",1,0,215.932,214.420,1.482
"Tenant 2 [Tier 1] High-Scale Ingestion VIP","PutSmall",1,0,215.847,213.940,1.871
"Tenant 2 [Tier 1] High-Scale Ingestion VIP","PutSmall",1,0,216.504,214.637,1.863
"Tenant 2 [Tier 1] High-Scale Ingestion VIP","GetSmall",1,0,214.498,213.033,1.430
"Tenant 2 [Tier 1] High-Scale Ingestion VIP","GetSmall",1,0,214.371,212.937,1.430
"Tenant 2 [Tier 1] High-Scale Ingestion VIP","PutSmall",1,0,214.841,212.952,1.886
"Tenant 2 [Tier 1] High-Scale Ingestion VIP","PutSmall",1,0,213.549,211.756,1.787
"Tenant 2 [Tier 1] High-Scale Ingestion VIP","PutSmall",1,0,213.846,212.119,1.723
"Tenant 2 [Tier 1] High-Scale Ingestion VIP","PutSmall",1,0,214.905,213.184,1.716
"Tenant 2 [Tier 1] High-Scale Ingestion VIP","GetSmall",1,0,214.615,213.160,1.451
"Tenant 2 [Tier 1] High-Scale Ingestion VIP","GetSmall",1,0,216.983,215.439,1.509
"Tenant 2 [Tier 1] High-Scale Ingestion VIP","GetSmall",1,0,217.015,215.437,1.567
"Tenant 2 [Tier 1] High-Scale Ingestion VIP","PutSmall",1,0,217.193,215.458,1.731
"Tenant 2 [Tier 1] High-Scale Ingestion VIP","PutSmall",1,0,217.151,215.400,1.733
"Tenant 2 [Tier 1] High-Scale Ingestion VIP","PutSmall",1,0,217.256,215.498,1.738
"Tenant 2 [Tier 1] High-Scale Ingestion VIP","GetSmall",1,0,215.536,213.973,1.557
"Tenant 2 [Tier 1] High-Scale Ingestion VIP","GetSmall",1,0,213.834,212.340,1.488
"Tenant 2 [Tier 1] High-Scale Ingestion VIP","PutSmall",1,0,215.007,213.230,1.773
"Tenant 2 [Tier 1] High-Scale Ingestion VIP","GetSmall",1,0,214.396,212.823,1.568
"Tenant 2 [Tier 1] High-Scale Ingestion VIP","PutSmall",1,0,214.698,212.892,1.796
"Tenant 2 [Tier 1] High-Scale Ingestion VIP","GetSmall",1,0,216.165,214.695,1.456
"Tenant 2 [Tier 1] High-Scale Ingestion VIP","PutSmall",1,0,216.786,215.043,1.737
"Tenant 2 [Tier 1] High-Scale Ingestion VIP","PutSmall",1,0,216.634,214.795,1.834
"Tenant 2 [Tier 1] High-Scale Ingestion VIP","PutSmall",1,0,215.915,214.052,1.856
"Tenant 2 [Tier 1] High-Scale Ingestion VIP","GetSmall",1,0,215.828,214.362,1.462
"Tenant 2 [Tier 1] High-Scale Ingestion VIP","GetSmall",1,0,215.946,214.461,1.474
"Tenant 2 [Tier 1] High-Scale Ingestion VIP","GetSmall",1,0,215.762,214.203,1.553
"Tenant 2 [Tier 1] High-Scale Ingestion VIP","GetSmall",1,0,214.540,212.976,1.524
"Tenant 2 [Tier 1] High-Scale Ingestion VIP","GetSmall",1,0,215.588,214.153,1.432
"Tenant 2 [Tier 1] High-Scale Ingestion VIP","GetSmall",1,0,215.625,214.172,1.439
"Tenant 2 [Tier 1] High-Scale Ingestion VIP","GetSmall",1,0,215.708,214.229,1.472
"Tenant 2 [Tier 1] High-Scale Ingestion VIP","GetSmall",1,0,216.001,214.493,1.498
"Tenant 2 [Tier 1] High-Scale Ingestion VIP","GetSmall",1,0,214.658,213.194,1.458
"Tenant 2 [Tier 1] High-Scale Ingestion VIP","GetSmall",1,0,214.644,213.165,1.468
"Tenant 2 [Tier 1] High-Scale Ingestion VIP","GetSmall",1,0,216.273,214.731,1.530
"Tenant 2 [Tier 1] High-Scale Ingestion VIP","PutSmall",1,0,217.550,215.830,1.717
"Tenant 2 [Tier 1] High-Scale Ingestion VIP","PutSmall",1,0,217.609,215.856,1.749
"Tenant 2 [Tier 1] High-Scale Ingestion VIP","PutSmall",1,0,216.132,214.371,1.748
"Tenant 2 [Tier 1] High-Scale Ingestion VIP","PutSmall",1,0,216.349,214.570,1.769
"Tenant 2 [Tier 1] High-Scale Ingestion VIP","PutSmall",1,0,216.163,214.315,1.842
"Tenant 2 [Tier 1] High-Scale Ingestion VIP","GetSmall",1,0,216.477,215.029,1.442
"Tenant 2 [Tier 1] High-Scale Ingestion VIP","PutSmall",1,0,215.377,213.525,1.840
"Tenant 2 [Tier 1] High-Scale Ingestion VIP","PutSmall",1,0,213.698,211.890,1.783
"Tenant 2 [Tier 1] High-Scale Ingestion VIP","PutSmall",1,0,212.545,210.647,1.863
"Tenant 2 [Tier 1] High-Scale Ingestion VIP","PutSmall",1,0,212.887,211.006,1.873
"Tenant 2 [Tier 1] High-Scale Ingestion VIP","PutSmall",1,0,214.488,212.629,1.828
"Tenant 2 [Tier 1] High-Scale Ingestion VIP","GetSmall",1,0,214.056,212.512,1.497
"Tenant 2 [Tier 1] High-Scale Ingestion VIP","PutSmall",1,0,214.004,212.238,1.734
"Tenant 2 [Tier 1] High-Scale Ingestion VIP","GetSmall",1,0,214.903,213.459,1.439
"Tenant 2 [Tier 1] High-Scale Ingestion VIP","PutSmall",1,0,216.097,214.256,1.837
"Tenant 2 [Tier 1] High-Scale Ingestion VIP","GetSmall",1,0,213.031,211.553,1.472
"Tenant 2 [Tier 1] High-Scale Ingestion VIP","GetSmall",1,0,213.686,212.182,1.480
"Tenant 2 [Tier 1] High-Scale Ingestion VIP","GetSmall",1,0,214.849,213.338,1.496
"Tenant 2 [Tier 1] High-Scale Ingestion VIP","GetSmall",1,0,216.386,214.809,1.570
"Tenant 2 [Tier 1] High-Scale Ingestion VIP","GetSmall",1,0,212.815,211.297,1.512
"Tenant 2 [Tier 1] High-Scale Ingestion VIP","PutSmall",1,0,215.110,213.221,1.870
"Tenant 2 [Tier 1] High-Scale Ingestion VIP","PutSmall",1,0,214.234,212.369,1.853
"Tenant 2 [Tier 1] High-Scale Ingestion VIP","PutSmall",1,0,213.409,211.644,1.728
"Tenant 2 [Tier 1] High-Scale Ingestion VIP","PutSmall",1,0,214.889,213.140,1.738
"Tenant 2 [Tier 1] High-Scale Ingestion VIP","GetSmall",1,0,213.292,211.768,1.518
"Tenant 2 [Tier 1] High-Scale Ingestion VIP","GetSmall",1,0,214.378,212.874,1.495
"Tenant 2 [Tier 1] High-Scale Ingestion VIP","PutSmall",1,0,214.240,212.485,1.749
"Tenant 2 [Tier 1] High-Scale Ingestion VIP","PutSmall",1,0,216.774,214.913,1.856
"Tenant 2 [Tier 1] High-Scale Ingestion VIP","GetSmall",1,0,215.187,213.651,1.533
"Tenant 2 [Tier 1] High-Scale Ingestion VIP","PutSmall",1,0,215.446,213.716,1.719
"Tenant 2 [Tier 1] High-Scale Ingestion VIP","PutSmall",1,0,216.579,214.839,1.717
"Tenant 2 [Tier 1] High-Scale Ingestion VIP","PutSmall",1,0,214.242,212.440,1.800
"Tenant 2 [Tier 1] High-Scale Ingestion VIP","PutSmall",1,0,215.812,213.940,1.869
"Tenant 2 [Tier 1] High-Scale Ingestion VIP","GetSmall",1,0,214.846,213.366,1.474
"Tenant 2 [Tier 1] High-Scale Ingestion VIP","PutSmall",1,0,215.543,213.788,1.751
"Tenant 2 [Tier 1] High-Scale Ingestion VIP","GetSmall",1,0,216.810,215.272,1.523
"Tenant 2 [Tier 1] High-Scale Ingestion VIP","PutSmall",1,0,215.752,214.016,1.724
"Tenant 2 [Tier 1] High-Scale Ingestion VIP","PutSmall",1,0,217.458,215.600,1.817
"Tenant 2 [Tier 1] High-Scale Ingestion VIP","PutSmall",1,0,218.156,216.305,1.847
"Tenant 2 [Tier 1] High-Scale Ingestion VIP","GetSmall",1,0,215.538,214.101,1.433
"Tenant 2 [Tier 1] High-Scale Ingestion VIP","GetSmall",1,0,215.788,214.223,1.561
"Tenant 2 [Tier 1] High-Scale Ingestion VIP","PutSmall",1,0,215.839,214.085,1.744
"Tenant 2 [Tier 1] High-Scale Ingestion VIP","PutSmall",1,0,216.088,214.253,1.831
"Tenant 2 [Tier 1] High-Scale Ingestion VIP","PutSmall",1,0,216.521,214.748,1.767
"Tenant 2 [Tier 1] High-Scale Ingestion VIP","GetSmall",1,0,217.727,216.260,1.460
"Tenant 2 [Tier 1] High-Scale Ingestion VIP","GetSmall",1,0,217.124,215.627,1.479
"Tenant 2 [Tier 1] High-Scale Ingestion VIP","GetSmall",1,0,217.539,215.972,1.564
"Tenant 2 [Tier 1] High-Scale Ingestion VIP","PutSmall",1,0,217.161,215.393,1.763
"Tenant 2 [Tier 1] High-Scale Ingestion VIP","PutSmall",1,0,219.069,217.217,1.849
"Tenant 2 [Tier 1] High-Scale Ingestion VIP","GetSmall",1,0,213.074,211.507,1.546
"Tenant 2 [Tier 1] High-Scale Ingestion VIP","GetSmall",1,0,214.478,213.015,1.447
"Tenant 2 [Tier 1] High-Scale Ingestion VIP","PutSmall",1,0,216.428,214.652,1.771
"Tenant 2 [Tier 1] High-Scale Ingestion VIP","PutSmall",1,0,216.389,214.551,1.811
"Tenant 2 [Tier 1] High-Scale Ingestion VIP","GetSmall",1,0,214.927,213.366,1.552
"Tenant 2 [Tier 1] High-Scale Ingestion VIP","GetSmall",1,0,214.760,213.270,1.485
"Tenant 2 [Tier 1] High-Scale Ingestion VIP","PutSmall",1,0,216.676,214.856,1.814
"Tenant 2 [Tier 1] High-Scale Ingestion VIP","PutSmall",1,0,216.802,214.931,1.841
"Tenant 2 [Tier 1] High-Scale Ingestion VIP","GetSmall",1,0,216.148,214.690,1.445
"Tenant 2 [Tier 1] High-Scale Ingestion VIP","GetSmall",1,0,216.203,214.742,1.448
"Tenant 2 [Tier 1] High-Scale Ingestion VIP","GetSmall",1,0,216.265,214.760,1.502
"Tenant 2 [Tier 1] High-Scale Ingestion VIP","PutSmall",1,0,216.462,214.719,1.733
"Tenant 2 [Tier 1] High-Scale Ingestion VIP","GetSmall",1,0,216.607,215.153,1.448
"Tenant 2 [Tier 1] High-Scale Ingestion VIP","GetSmall",1,0,216.473,214.978,1.485
"Tenant 2 [Tier 1] High-Scale Ingestion VIP","PutSmall",1,0,217.002,215.241,1.756
"Tenant 2 [Tier 1] High-Scale Ingestion VIP","PutSmall",1,0,217.090,215.226,1.861
"Tenant 2 [Tier 1] High-Scale Ingestion VIP","PutSmall",1,0,217.551,215.717,1.829
"Tenant 2 [Tier 1] High-Scale Ingestion VIP","GetSmall",1,0,219.170,217.701,1.462
"Tenant 2 [Tier 1] High-Scale Ingestion VIP","GetSmall",1,0,219.311,217.761,1.536
"Tenant 2 [Tier 1] High-Scale Ingestion VIP","PutSmall",1,0,219.614,217.798,1.810
"Tenant 2 [Tier 1] High-Scale Ingestion VIP","PutSmall",1,0,217.948,216.198,1.746
"Tenant 2 [Tier 1] High-Scale Ingestion VIP","GetSmall",1,0,217.670,216.159,1.477
"Tenant 2 [Tier 1] High-Scale Ingestion VIP","GetSmall",1,0,221.341,219.857,1.449
"Tenant 2 [Tier 1] High-Scale Ingestion VIP","GetSmall",1,0,220.390,218.906,1.468
"Tenant 2 [Tier 1] High-Scale Ingestion VIP","GetSmall",1,0,220.249,218.742,1.458
"Tenant 2 [Tier 1] High-Scale Ingestion VIP","PutSmall",1,0,222.389,220.603,1.770
"Tenant 2 [Tier 1] High-Scale Ingestion VIP","GetSmall",1,0,220.318,218.825,1.458
"Tenant 2 [Tier 1] High-Scale Ingestion VIP","GetSmall",1,0,220.607,219.089,1.502
"Tenant 2 [Tier 1] High-Scale Ingestion VIP","GetSmall",1,0,223.304,221.777,1.521
"Tenant 2 [Tier 1] High-Scale Ingestion VIP","PutSmall",1,0,223.141,221.411,1.725
"Tenant 2 [Tier 1] High-Scale Ingestion VIP","GetSmall",1,0,223.303,221.786,1.485
"Tenant 2 [Tier 1] High-Scale Ingestion VIP","PutSmall",1,0,220.431,218.536,1.862
"Tenant 2 [Tier 1] High-Scale Ingestion VIP","GetSmall",1,0,221.421,219.853,1.530
"Tenant 2 [Tier 1] High-Scale Ingestion VIP","GetSmall",1,0,223.262,221.674,1.541
"Tenant 2 [Tier 1] High-Scale Ingestion VIP","PutSmall",1,0,223.472,221.617,1.842
"Tenant 2 [Tier 1] High-Scale Ingestion VIP","PutSmall",1,0,222.138,220.256,1.877
"Tenant 2 [Tier 1] High-Scale Ingestion VIP","PutSmall",1,0,223.458,221.695,1.752
"Tenant 2 [Tier 1] High-Scale Ingestion VIP","PutSmall",1,0,222.324,220.521,1.796
"Tenant 2 [Tier 1] High-Scale Ingestion VIP","GetSmall",1,0,222.093,220.549,1.537
"Tenant 2 [Tier 1] High-Scale Ingestion VIP","GetSmall",1,0,223.690,222.125,1.561
"Tenant 2 [Tier 1] High-Scale Ingestion VIP","GetSmall",1,0,220.900,219.430,1.464
"Tenant 2 [Tier 1] High-Scale Ingestion VIP","GetSmall",1,0,220.732,219.177,1.552
"Tenant 2 [Tier 1] High-Scale Ingestion VIP","GetSmall",1,0,221.012,219.546,1.462
"Tenant 2 [Tier 1] High-Scale Ingestion VIP","GetSmall",1,0,222.651,221.104,1.511
"Tenant 2 [Tier 1] High-Scale Ingestion VIP","PutSmall",1,0,221.264,219.356,1.876
"Tenant 2 [Tier 1] High-Scale Ingestion VIP","PutSmall",1,0,221.068,219.285,1.751
"Tenant 2 [Tier 1] High-Scale Ingestion VIP","GetSmall",1,0,222.452,220.959,1.488
"Tenant 2 [Tier 1] High-Scale Ingestion VIP","PutSmall",1,0,222.885,221.035,1.843
"Tenant 2 [Tier 1] High-Scale Ingestion VIP","GetSmall",1,0,222.618,221.079,1.521
"Tenant 2 [Tier 1] High-Scale Ingestion VIP","PutSmall",1,0,223.104,221.351,1.730
"Tenant 2 [Tier 1] High-Scale Ingestion VIP","GetSmall",1,0,220.889,219.412,1.473
"Tenant 2 [Tier 1] High-Scale Ingestion VIP","PutSmall",1,0,222.208,220.481,1.718
"Tenant 2 [Tier 1] High-Scale Ingestion VIP","PutSmall",1,0,222.115,220.343,1.765
"Tenant 2 [Tier 1] High-Scale Ingestion VIP","GetSmall",1,0,219.894,218.332,1.557
"Tenant 2 [Tier 1] High-Scale Ingestion VIP","GetSmall",1,0,221.618,220.171,1.443
"Tenant 2 [Tier 1] High-Scale Ingestion VIP","GetSmall",1,0,221.719,220.262,1.440
"Tenant 2 [Tier 1] High-Scale Ingestion VIP","GetSmall",1,0,221.051,219.568,1.466
"Tenant 2 [Tier 1] High-Scale Ingestion VIP","GetSmall",1,0,221.932,220.440,1.477
"Tenant 2 [Tier 1] High-Scale Ingestion VIP","PutSmall",1,0,222.370,220.566,1.800
"Tenant 2 [Tier 1] High-Scale Ingestion VIP","GetSmall",1,0,220.711,219.282,1.426
"Tenant 2 [Tier 1] High-Scale Ingestion VIP","PutSmall",1,0,220.817,219.083,1.731
"Tenant 2 [Tier 1] High-Scale Ingestion VIP","PutSmall",1,0,220.751,219.000,1.742
"Tenant 2 [Tier 1] High-Scale Ingestion VIP","PutSmall",1,0,221.195,219.382,1.806
"Tenant 2 [Tier 1] High-Scale Ingestion VIP","PutSmall",1,0,221.180,219.353,1.816
"Tenant 2 [Tier 1] High-Scale Ingestion VIP","PutSmall",1,0,222.209,220.489,1.713
"Tenant 2 [Tier 1] High-Scale Ingestion VIP","GetSmall",1,0,222.350,220.882,1.461
"Tenant 2 [Tier 1] High-Scale Ingestion VIP","GetSmall",1,0,222.681,221.185,1.473
"Tenant 2 [Tier 1] High-Scale Ingestion VIP","PutSmall",1,0,222.526,220.786,1.735
"Tenant 2 [Tier 1] High-Scale Ingestion VIP","PutSmall",1,0,221.059,219.220,1.834
"Tenant 2 [Tier 1] High-Scale Ingestion VIP","PutSmall",1,0,221.541,219.808,1.730
"Tenant 2 [Tier 1] High-Scale Ingestion VIP","GetSmall",1,0,222.680,221.180,1.494
"Tenant 2 [Tier 1] High-Scale Ingestion VIP","PutSmall",1,0,223.061,221.230,1.817
"Tenant 2 [Tier 1] High-Scale Ingestion VIP","PutSmall",1,0,222.021,220.161,1.854
"Tenant 2 [Tier 1] High-Scale Ingestion VIP","GetSmall",1,0,222.018,220.444,1.571
"Tenant 2 [Tier 1] High-Scale Ingestion VIP","PutSmall",1,0,222.234,220.490,1.740
"Tenant 2 [Tier 1] High-Scale Ingestion VIP","GetSmall",1,0,222.502,220.953,1.545
"Tenant 2 [Tier 1] High-Scale Ingestion VIP","GetSmall",1,0,222.467,221.030,1.429
"Tenant 2 [Tier 1] High-Scale Ingestion VIP","GetSmall",1,0,221.380,219.922,1.440
"Tenant 2 [Tier 1] High-Scale Ingestion VIP","GetSmall",1,0,222.264,220.763,1.488
"Tenant 2 [Tier 1] High-Scale Ingestion VIP","GetSmall",1,0,222.165,220.660,1.493
"Tenant 2 [Tier 1] High-Scale Ingestion VIP","PutSmall",1,0,222.791,221.065,1.722
"Tenant 2 [Tier 1] High-Scale Ingestion VIP","GetSmall",1,0,221.533,220.084,1.444
"Tenant 2 [Tier 1] High-Scale Ingestion VIP","GetSmall",1,0,221.725,220.160,1.562
"Tenant 2 [Tier 1] High-Scale Ingestion VIP","GetSmall",1,0,221.388,219.800,1.573
"Tenant 2 [Tier 1] High-Scale Ingestion VIP","PutSmall",1,0,220.100,218.377,1.717
"Tenant 2 [Tier 1] High-Scale Ingestion VIP","PutSmall",1,0,220.971,219.212,1.752
"Tenant 2 [Tier 1] High-Scale Ingestion VIP","PutSmall",1,0,222.646,220.831,1.745
"Tenant 2 [Tier 1] High-Scale Ingestion VIP","GetSmall",1,0,224.093,222.613,1.446
"Tenant 2 [Tier 1] High-Scale Ingestion VIP","GetSmall",1,0,224.245,222.680,1.560
"Tenant 2 [Tier 1] High-Scale Ingestion VIP","PutSmall",1,0,224.298,222.468,1.816
"Tenant 2 [Tier 1] High-Scale Ingestion VIP","GetSmall",1,0,223.430,221.948,1.467
"Tenant 2 [Tier 1] High-Scale Ingestion VIP","PutSmall",1,0,223.725,221.892,1.829
"Tenant 2 [Tier 1] High-Scale Ingestion VIP","GetSmall",1,0,223.797,222.270,1.508
"Tenant 2 [Tier 1] High-Scale Ingestion VIP","PutSmall",1,0,223.923,222.038,1.875
"Tenant 2 [Tier 1] High-Scale Ingestion VIP","GetSmall",1,0,223.331,221.864,1.431
"Tenant 2 [Tier 1] High-Scale Ingestion VIP","PutSmall",1,0,225.647,223.791,1.853
"Tenant 2 [Tier 1] High-Scale Ingestion VIP","GetSmall",1,0,224.645,223.159,1.449
"Tenant 2 [Tier 1] High-Scale Ingestion VIP","GetSmall",1,0,224.592,223.097,1.466
"Tenant 2 [Tier 1] High-Scale Ingestion VIP","GetSmall",1,0,224.979,223.418,1.557
"Tenant 2 [Tier 1] High-Scale Ingestion VIP","PutSmall",1,0,225.234,223.437,1.792
"Tenant 2 [Tier 1] High-Scale Ingestion VIP","GetSmall",1,0,226.164,224.616,1.543
"Tenant 2 [Tier 1] High-Scale Ingestion VIP","GetSmall",1,0,224.193,222.699,1.485
"Tenant 2 [Tier 1] High-Scale Ingestion VIP","GetSmall",1,0,222.824,221.318,1.494
"Tenant 2 [Tier 1] High-Scale Ingestion VIP","GetSmall",1,0,222.757,221.245,1.498
"Tenant 2 [Tier 1] High-Scale Ingestion VIP","PutSmall",1,0,224.410,222.692,1.713
"Tenant 2 [Tier 1] High-Scale Ingestion VIP","PutSmall",1,0,224.461,222.651,1.805
"Tenant 2 [Tier 1] High-Scale Ingestion VIP","GetSmall",1,0,224.634,223.201,1.427
"Tenant 2 [Tier 1] High-Scale Ingestion VIP","GetSmall",1,0,222.863,221.355,1.463
"Tenant 2 [Tier 1] High-Scale Ingestion VIP","PutSmall",1,0,224.552,222.799,1.731
"Tenant 2 [Tier 1] High-Scale Ingestion VIP","PutSmall",1,0,225.008,223.175,1.828
"Tenant 2 [Tier 1] High-Scale Ingestion VIP","PutSmall",1,0,223.411,221.654,1.742
"Tenant 2 [Tier 1] High-Scale Ingestion VIP","GetSmall",1,0,224.594,223.056,1.533
"Tenant 2 [Tier 1] High-Scale Ingestion VIP","GetSmall",1,0,223.415,221.904,1.507
"Tenant 2 [Tier 1] High-Scale Ingestion VIP","PutSmall",1,0,223.986,222.112,1.870
"Tenant 2 [Tier 1] High-Scale Ingestion VIP","GetSmall",1,0,223.874,222.419,1.443
"Tenant 2 [Tier 1] High-Scale Ingestion VIP","PutSmall",1,0,224.253,222.463,1.784
"Tenant 2 [Tier 1] High-Scale Ingestion VIP","PutSmall",1,0,225.835,223.952,1.879
"Tenant 2 [Tier 1] High-Scale Ingestion VIP","PutSmall",1,0,226.316,224.456,1.851
"Tenant 2 [Tier 1] High-Scale Ingestion VIP","GetSmall",1,0,223.407,221.972,1.427
"Tenant 2 [Tier 1] High-Scale Ingestion VIP","GetSmall",1,0,224.300,222.727,1.570
"Tenant 2 [Tier 1] High-Scale Ingestion VIP","PutSmall",1,0,224.593,222.735,1.823
"Tenant 2 [Tier 1] High-Scale Ingestion VIP","PutSmall",1,0,224.588,222.726,1.835
"Tenant 2 [Tier 1] High-Scale Ingestion VIP","GetSmall",1,0,224.544,223.081,1.459
"Tenant 2 [Tier 1] High-Scale Ingestion VIP","GetSmall",1,0,223.905,222.470,1.429
"Tenant 2 [Tier 1] High-Scale Ingestion VIP","GetSmall",1,0,224.026,222.536,1.480
"Tenant 2 [Tier 1] High-Scale Ingestion VIP","GetSmall",1,0,224.009,222.487,1.512
"Tenant 2 [Tier 1] High-Scale Ingestion VIP","GetSmall",1,0,224.432,222.858,1.570
"Tenant 2 [Tier 1] High-Scale Ingestion VIP","PutSmall",1,0,224.322,222.562,1.747
"Tenant 2 [Tier 1] High-Scale Ingestion VIP","GetSmall",1,0,224.675,223.145,1.522
"Tenant 2 [Tier 1] High-Scale Ingestion VIP","PutSmall",1,0,222.283,220.441,1.837
"Tenant 2 [Tier 1] High-Scale Ingestion VIP","GetSmall",1,0,222.433,220.913,1.486
"Tenant 2 [Tier 1] High-Scale Ingestion VIP","GetSmall",1,0,223.512,222.076,1.431
"Tenant 2 [Tier 1] High-Scale Ingestion VIP","GetSmall",1,0,223.469,221.977,1.470
"Tenant 2 [Tier 1] High-Scale Ingestion VIP","GetSmall",1,0,221.478,219.984,1.483
"Tenant 2 [Tier 1] High-Scale Ingestion VIP","GetSmall",1,0,222.746,221.303,1.439
"Tenant 2 [Tier 1] High-Scale Ingestion VIP","PutSmall",1,0,222.837,220.974,1.849
"Tenant 2 [Tier 1] High-Scale Ingestion VIP","PutSmall",1,0,223.061,221.313,1.742
"Tenant 2 [Tier 1] High-Scale Ingestion VIP","GetSmall",1,0,223.164,221.703,1.457
"Tenant 2 [Tier 1] High-Scale Ingestion VIP","GetSmall",1,0,223.772,222.254,1.514
"Tenant 2 [Tier 1] High-Scale Ingestion VIP","PutSmall",1,0,224.156,222.415,1.738
"Tenant 2 [Tier 1] High-Scale Ingestion VIP","GetSmall",1,0,222.859,221.389,1.463
"Tenant 2 [Tier 1] High-Scale Ingestion VIP","GetSmall",1,0,222.864,221.331,1.525
"Tenant 2 [Tier 1] High-Scale Ingestion VIP","GetSmall",1,0,222.935,221.332,1.550
"Tenant 2 [Tier 1] High-Scale Ingestion VIP","PutSmall",1,0,223.125,221.371,1.726
"Tenant 2 [Tier 1] High-Scale Ingestion VIP","PutSmall",1,0,224.395,222.579,1.809
"Tenant 2 [Tier 1] High-Scale Ingestion VIP","PutSmall",1,0,222.920,221.193,1.722
"Tenant 2 [Tier 1] High-Scale Ingestion VIP","PutSmall",1,0,223.121,221.303,1.814
"Tenant 2 [Tier 1] High-Scale Ingestion VIP","GetSmall",1,0,223.389,221.886,1.496
"Tenant 2 [Tier 1] High-Scale Ingestion VIP","GetSmall",1,0,223.572,222.002,1.563
"Tenant 2 [Tier 1] High-Scale Ingestion VIP","PutSmall",1,0,222.686,220.892,1.791
"Tenant 2 [Tier 1] High-Scale Ingestion VIP","GetSmall",1,0,210.805,209.258,1.510
"Tenant 2 [Tier 1] High-Scale Ingestion VIP","PutSmall",1,0,209.466,207.684,1.733
"Tenant 2 [Tier 1] High-Scale Ingestion VIP","PutSmall",1,0,212.373,210.523,1.811
"Tenant 2 [Tier 1] High-Scale Ingestion VIP","PutSmall",1,0,211.468,209.693,1.741
"Tenant 2 [Tier 1] High-Scale Ingestion VIP","GetSmall",1,0,211.051,209.613,1.432
"Tenant 2 [Tier 1] High-Scale Ingestion VIP","GetSmall",1,0,211.515,210.001,1.507
"Tenant 2 [Tier 1] High-Scale Ingestion VIP","PutSmall",1,0,209.637,207.886,1.747
"Tenant 2 [Tier 1] High-Scale Ingestion VIP","PutSmall",1,0,210.817,208.971,1.842
"Tenant 2 [Tier 1] High-Scale Ingestion VIP","PutSmall",1,0,211.568,209.733,1.782
"Tenant 2 [Tier 1] High-Scale Ingestion VIP","PutSmall",1,0,211.225,209.346,1.868
"Tenant 2 [Tier 1] High-Scale Ingestion VIP","GetSmall",1,0,211.497,210.049,1.442
"Tenant 2 [Tier 1] High-Scale Ingestion VIP","PutSmall",1,0,211.572,209.793,1.765
"Tenant 2 [Tier 1] High-Scale Ingestion VIP","PutSmall",1,0,211.620,209.799,1.792
"Tenant 2 [Tier 1] High-Scale Ingestion VIP","PutSmall",1,0,213.005,211.199,1.781
"Tenant 2 [Tier 1] High-Scale Ingestion VIP","PutSmall",1,0,211.592,209.807,1.747
"Tenant 2 [Tier 1] High-Scale Ingestion VIP","PutSmall",1,0,211.964,210.132,1.780
"Tenant 2 [Tier 1] High-Scale Ingestion VIP","GetSmall",1,0,214.106,212.614,1.433
"Tenant 2 [Tier 1] High-Scale Ingestion VIP","GetSmall",1,0,214.007,212.411,1.574
"Tenant 2 [Tier 1] High-Scale Ingestion VIP","PutSmall",1,0,214.338,212.599,1.714
"Tenant 2 [Tier 1] High-Scale Ingestion VIP","PutSmall",1,0,215.723,213.832,1.886
"Tenant 2 [Tier 1] High-Scale Ingestion VIP","GetSmall",1,0,214.161,212.545,1.549
"Tenant 2 [Tier 1] High-Scale Ingestion VIP","GetSmall",1,0,213.801,212.194,1.549
"Tenant 2 [Tier 1] High-Scale Ingestion VIP","GetSmall",1,0,214.092,212.481,1.547
"Tenant 2 [Tier 1] High-Scale Ingestion VIP","PutSmall",1,0,215.609,213.796,1.779
"Tenant 2 [Tier 1] High-Scale Ingestion VIP","PutSmall",1,0,213.982,212.090,1.884
"Tenant 2 [Tier 1] High-Scale Ingestion VIP","GetSmall",1,0,213.804,212.374,1.428
"Tenant 2 [Tier 1] High-Scale Ingestion VIP","PutSmall",1,0,215.749,213.987,1.757
"Tenant 2 [Tier 1] High-Scale Ingestion VIP","PutSmall",1,0,216.112,214.347,1.756
"Tenant 2 [Tier 1] High-Scale Ingestion VIP","GetSmall",1,0,214.155,212.636,1.486
"Tenant 2 [Tier 1] High-Scale Ingestion VIP","PutSmall",1,0,215.605,213.831,1.769
"Tenant 2 [Tier 1] High-Scale Ingestion VIP","PutSmall",1,0,215.580,213.738,1.809
"Tenant 2 [Tier 1] High-Scale Ingestion VIP","GetSmall",1,0,213.532,212.003,1.522
"Tenant 2 [Tier 1] High-Scale Ingestion VIP","PutSmall",1,0,214.302,212.453,1.839
"Tenant 2 [Tier 1] High-Scale Ingestion VIP","GetSmall",1,0,214.636,213.120,1.480
"Tenant 2 [Tier 1] High-Scale Ingestion VIP","PutSmall",1,0,215.243,213.389,1.818
"Tenant 2 [Tier 1] High-Scale Ingestion VIP","GetSmall",1,0,215.473,213.977,1.490
"Tenant 2 [Tier 1] High-Scale Ingestion VIP","PutSmall",1,0,215.562,213.704,1.852
"Tenant 2 [Tier 1] High-Scale Ingestion VIP","GetSmall",1,0,215.823,214.356,1.460
"Tenant 2 [Tier 1] High-Scale Ingestion VIP","GetSmall",1,0,215.757,214.284,1.456
"Tenant 2 [Tier 1] High-Scale Ingestion VIP","GetSmall",1,0,215.812,214.322,1.467
"Tenant 2 [Tier 1] High-Scale Ingestion VIP","GetSmall",1,0,215.916,214.406,1.492
"Tenant 2 [Tier 1] High-Scale Ingestion VIP","PutSmall",1,0,215.903,214.085,1.811
"Tenant 2 [Tier 1] High-Scale Ingestion VIP","GetSmall",1,0,216.174,214.596,1.573
"Tenant 2 [Tier 1] High-Scale Ingestion VIP","GetSmall",1,0,214.822,213.259,1.553
"Tenant 2 [Tier 1] High-Scale Ingestion VIP","PutSmall",1,0,213.550,211.764,1.779
"Tenant 2 [Tier 1] High-Scale Ingestion VIP","PutSmall",1,0,214.950,213.091,1.845
"Tenant 2 [Tier 1] High-Scale Ingestion VIP","GetSmall",1,0,214.047,212.550,1.492
"Tenant 2 [Tier 1] High-Scale Ingestion VIP","PutSmall",1,0,214.303,212.552,1.747
"Tenant 2 [Tier 1] High-Scale Ingestion VIP","GetSmall",1,0,215.161,213.689,1.467
"Tenant 2 [Tier 1] High-Scale Ingestion VIP","GetSmall",1,0,214.777,213.274,1.499
"Tenant 2 [Tier 1] High-Scale Ingestion VIP","GetSmall",1,0,216.155,214.658,1.433
"Tenant 2 [Tier 1] High-Scale Ingestion VIP","GetSmall",1,0,215.964,214.439,1.456
"Tenant 2 [Tier 1] High-Scale Ingestion VIP","GetSmall",1,0,216.248,214.722,1.469
"Tenant 2 [Tier 1] High-Scale Ingestion VIP","PutSmall",1,0,217.414,215.593,1.812
"Tenant 2 [Tier 1] High-Scale Ingestion VIP","GetSmall",1,0,216.628,215.123,1.496
"Tenant 2 [Tier 1] High-Scale Ingestion VIP","GetSmall",1,0,216.584,215.037,1.534
"Tenant 2 [Tier 1] High-Scale Ingestion VIP","PutSmall",1,0,216.981,215.188,1.790
"Tenant 2 [Tier 1] High-Scale Ingestion VIP","PutSmall",1,0,216.726,214.895,1.817
"Tenant 2 [Tier 1] High-Scale Ingestion VIP","PutSmall",1,0,216.324,214.482,1.837
"Tenant 2 [Tier 1] High-Scale Ingestion VIP","GetSmall",1,0,217.690,216.251,1.435
"Tenant 2 [Tier 1] High-Scale Ingestion VIP","GetSmall",1,0,217.644,216.165,1.455
"Tenant 2 [Tier 1] High-Scale Ingestion VIP","PutSmall",1,0,217.372,215.637,1.728
"Tenant 2 [Tier 1] High-Scale Ingestion VIP","GetSmall",1,0,218.247,216.804,1.432
"Tenant 2 [Tier 1] High-Scale Ingestion VIP","PutSmall",1,0,218.818,217.035,1.778
"Tenant 2 [Tier 1] High-Scale Ingestion VIP","GetSmall",1,0,214.351,212.906,1.440
"Tenant 2 [Tier 1] High-Scale Ingestion VIP","GetSmall",1,0,215.024,213.503,1.511
"Tenant 2 [Tier 1] High-Scale Ingestion VIP","GetSmall",1,0,216.542,215.024,1.493
"Tenant 2 [Tier 1] High-Scale Ingestion VIP","PutSmall",1,0,212.306,210.561,1.742
"Tenant 2 [Tier 1] High-Scale Ingestion VIP","GetSmall",1,0,215.248,213.657,1.554
"Tenant 2 [Tier 1] High-Scale Ingestion VIP","PutSmall",1,0,215.563,213.767,1.789
"Tenant 2 [Tier 1] High-Scale Ingestion VIP","GetSmall",1,0,216.371,214.833,1.532
"Tenant 2 [Tier 1] High-Scale Ingestion VIP","PutSmall",1,0,215.143,213.323,1.815
"Tenant 2 [Tier 1] High-Scale Ingestion VIP","GetSmall",1,0,212.999,211.430,1.556
"Tenant 2 [Tier 1] High-Scale Ingestion VIP","PutSmall",1,0,213.286,211.478,1.777
"Tenant 2 [Tier 1] High-Scale Ingestion VIP","PutSmall",1,0,215.501,213.753,1.742
"Tenant 2 [Tier 1] High-Scale Ingestion VIP","PutSmall",1,0,213.806,212.012,1.744
"Tenant 2 [Tier 1] High-Scale Ingestion VIP","PutSmall",1,0,215.596,213.740,1.841
"Tenant 2 [Tier 1] High-Scale Ingestion VIP","PutSmall",1,0,215.611,213.700,1.870
"Tenant 2 [Tier 1] High-Scale Ingestion VIP","GetSmall",1,0,213.431,211.934,1.492
"Tenant 2 [Tier 1] High-Scale Ingestion VIP","GetSmall",1,0,213.133,211.575,1.552
"Tenant 2 [Tier 1] High-Scale Ingestion VIP","GetSmall",1,0,213.646,212.150,1.489
"Tenant 2 [Tier 1] High-Scale Ingestion VIP","GetSmall",1,0,213.829,212.262,1.549
"Tenant 2 [Tier 1] High-Scale Ingestion VIP","PutSmall",1,0,213.744,212.014,1.725
"Tenant 2 [Tier 1] High-Scale Ingestion VIP","GetSmall",1,0,216.269,214.791,1.471
"Tenant 2 [Tier 1] High-Scale Ingestion VIP","PutSmall",1,0,215.084,213.221,1.858
"Tenant 2 [Tier 1] High-Scale Ingestion VIP","PutSmall",1,0,215.119,213.216,1.878
"Tenant 2 [Tier 1] High-Scale Ingestion VIP","GetSmall",1,0,216.264,214.655,1.557
"Tenant 2 [Tier 1] High-Scale Ingestion VIP","GetSmall",1,0,216.006,214.429,1.542
"Tenant 2 [Tier 1] High-Scale Ingestion VIP","PutSmall",1,0,216.153,214.344,1.787
"Tenant 2 [Tier 1] High-Scale Ingestion VIP","PutSmall",1,0,218.081,216.264,1.812
"Tenant 2 [Tier 1] High-Scale Ingestion VIP","GetSmall",1,0,215.770,214.266,1.500
"Tenant 2 [Tier 1] High-Scale Ingestion VIP","PutSmall",1,0,217.511,215.772,1.730
"Tenant 2 [Tier 1] High-Scale Ingestion VIP","PutSmall",1,0,216.014,214.231,1.773
"Tenant 2 [Tier 1] High-Scale Ingestion VIP","GetSmall",1,0,215.116,213.676,1.436
"Tenant 2 [Tier 1] High-Scale Ingestion VIP","PutSmall",1,0,215.914,214.150,1.759
"Tenant 2 [Tier 1] High-Scale Ingestion VIP","PutSmall",1,0,218.239,216.398,1.790
"Tenant 2 [Tier 1] High-Scale Ingestion VIP","PutSmall",1,0,216.793,214.942,1.805
"Tenant 2 [Tier 1] High-Scale Ingestion VIP","PutSmall",1,0,215.267,213.401,1.841
"Tenant 2 [Tier 1] High-Scale Ingestion VIP","GetSmall",1,0,218.181,216.708,1.466
"Tenant 2 [Tier 1] High-Scale Ingestion VIP","GetSmall",1,0,217.364,215.868,1.471
"Tenant 2 [Tier 1] High-Scale Ingestion VIP","PutSmall",1,0,218.032,216.227,1.800
"Tenant 2 [Tier 1] High-Scale Ingestion VIP","PutSmall",1,0,217.770,215.931,1.835
"Tenant 2 [Tier 1] High-Scale Ingestion VIP","PutSmall",1,0,217.790,215.914,1.853
"Tenant 2 [Tier 1] High-Scale Ingestion VIP","PutSmall",1,0,217.796,215.901,1.885
"Tenant 2 [Tier 1] High-Scale Ingestion VIP","PutSmall",1,0,218.965,217.200,1.759
"Tenant 2 [Tier 1] High-Scale Ingestion VIP","PutSmall",1,0,218.698,216.895,1.799
"Tenant 2 [Tier 1] High-Scale Ingestion VIP","PutSmall",1,0,217.147,215.375,1.757
"Tenant 2 [Tier 1] High-Scale Ingestion VIP","GetSmall",1,0,218.635,217.167,1.432
"Tenant 2 [Tier 1] High-Scale Ingestion VIP","GetSmall",1,0,217.678,216.166,1.503
"Tenant 2 [Tier 1] High-Scale Ingestion VIP","GetSmall",1,0,217.990,216.417,1.568
"Tenant 2 [Tier 1] High-Scale Ingestion VIP","PutSmall",1,0,218.753,216.972,1.776
"Tenant 2 [Tier 1] High-Scale Ingestion VIP","PutSmall",1,0,218.698,216.871,1.821
"Tenant 2 [Tier 1] High-Scale Ingestion VIP","GetSmall",1,0,216.640,215.171,1.463
"Tenant 2 [Tier 1] High-Scale Ingestion VIP","GetSmall",1,0,216.697,215.208,1.487
"Tenant 2 [Tier 1] High-Scale Ingestion VIP","GetSmall",1,0,216.783,215.325,1.448
"Tenant 2 [Tier 1] High-Scale Ingestion VIP","GetSmall",1,0,216.915,215.369,1.542
"Tenant 2 [Tier 1] High-Scale Ingestion VIP","PutSmall",1,0,218.310,216.502,1.788
"Tenant 2 [Tier 1] High-Scale Ingestion VIP","PutSmall",1,0,218.676,216.798,1.874
"Tenant 2 [Tier 1] High-Scale Ingestion VIP","PutSmall",1,0,218.076,216.224,1.846
"Tenant 2 [Tier 1] High-Scale Ingestion VIP","PutSmall",1,0,218.134,216.303,1.825
"Tenant 2 [Tier 1] High-Scale Ingestion VIP","GetSmall",1,0,218.213,216.673,1.536
"Tenant 2 [Tier 1] High-Scale Ingestion VIP","GetSmall",1,0,218.273,216.703,1.566
"Tenant 2 [Tier 1] High-Scale Ingestion VIP","PutSmall",1,0,218.464,216.644,1.816
"Tenant 2 [Tier 1] High-Scale Ingestion VIP","GetSmall",1,0,216.842,215.370,1.468
"Tenant 2 [Tier 1] High-Scale Ingestion VIP","GetSmall",1,0,216.857,215.326,1.529
"Tenant 2 [Tier 1] High-Scale Ingestion VIP","PutSmall",1,0,217.602,215.733,1.862
"Tenant 2 [Tier 1] High-Scale Ingestion VIP","PutSmall",1,0,217.218,215.396,1.811
"Tenant 2 [Tier 1] High-Scale Ingestion VIP","PutSmall",1,0,218.661,216.894,1.763
"Tenant 2 [Tier 1] High-Scale Ingestion VIP","PutSmall",1,0,218.278,216.390,1.849
"Tenant 2 [Tier 1] High-Scale Ingestion VIP","GetSmall",1,0,218.746,217.269,1.441
"Tenant 2 [Tier 1] High-Scale Ingestion VIP","GetSmall",1,0,221.064,219.475,1.555
"Tenant 2 [Tier 1] High-Scale Ingestion VIP","GetSmall",1,0,221.073,219.587,1.480
"Tenant 2 [Tier 1] High-Scale Ingestion VIP","GetSmall",1,0,217.613,216.167,1.437
"Tenant 2 [Tier 1] High-Scale Ingestion VIP","GetSmall",1,0,217.863,216.396,1.435
"Tenant 2 [Tier 1] High-Scale Ingestion VIP","GetSmall",1,0,218.398,216.831,1.548
"Tenant 2 [Tier 1] High-Scale Ingestion VIP","PutSmall",1,0,218.279,216.490,1.715
"Tenant 2 [Tier 1] High-Scale Ingestion VIP","GetSmall",1,0,219.731,218.156,1.532
"Tenant 2 [Tier 1] High-Scale Ingestion VIP","PutSmall",1,0,220.226,218.394,1.796
"Tenant 2 [Tier 1] High-Scale Ingestion VIP","GetSmall",1,0,217.239,215.665,1.567
"Tenant 2 [Tier 1] High-Scale Ingestion VIP","PutSmall",1,0,217.482,215.718,1.723
"Tenant 2 [Tier 1] High-Scale Ingestion VIP","PutSmall",1,0,217.603,215.825,1.740
"Tenant 2 [Tier 1] High-Scale Ingestion VIP","PutSmall",1,0,217.607,215.776,1.818
"Tenant 2 [Tier 1] High-Scale Ingestion VIP","GetSmall",1,0,218.781,217.242,1.530
"Tenant 2 [Tier 1] High-Scale Ingestion VIP","PutSmall",1,0,220.686,218.835,1.847
"Tenant 2 [Tier 1] High-Scale Ingestion VIP","GetSmall",1,0,217.756,216.311,1.440
"Tenant 2 [Tier 1] High-Scale Ingestion VIP","PutSmall",1,0,218.144,216.269,1.871
"Tenant 2 [Tier 1] High-Scale Ingestion VIP","PutSmall",1,0,219.272,217.539,1.729
"Tenant 2 [Tier 1] High-Scale Ingestion VIP","GetSmall",1,0,219.798,218.253,1.523
"Tenant 2 [Tier 1] High-Scale Ingestion VIP","GetSmall",1,0,219.520,218.071,1.444
"Tenant 2 [Tier 1] High-Scale Ingestion VIP","GetSmall",1,0,218.432,216.892,1.536
"Tenant 2 [Tier 1] High-Scale Ingestion VIP","PutSmall",1,0,219.955,218.103,1.848
"Tenant 2 [Tier 1] High-Scale Ingestion VIP","PutSmall",1,0,218.919,217.180,1.732
"Tenant 2 [Tier 1] High-Scale Ingestion VIP","GetSmall",1,0,220.225,218.725,1.495
"Tenant 2 [Tier 1] High-Scale Ingestion VIP","GetSmall",1,0,216.950,215.408,1.540
"Tenant 2 [Tier 1] High-Scale Ingestion VIP","PutSmall",1,0,218.816,216.945,1.865
"Tenant 2 [Tier 1] High-Scale Ingestion VIP","GetSmall",1,0,218.919,217.415,1.497
"Tenant 2 [Tier 1] High-Scale Ingestion VIP","PutSmall",1,0,219.122,217.369,1.746
"Tenant 2 [Tier 1] High-Scale Ingestion VIP","PutSmall",1,0,218.240,216.483,1.746
"Tenant 2 [Tier 1] High-Scale Ingestion VIP","GetSmall",1,0,218.611,217.139,1.436
"Tenant 2 [Tier 1] High-Scale Ingestion VIP","PutSmall",1,0,218.109,216.264,1.833
"Tenant 2 [Tier 1] High-Scale Ingestion VIP","GetSmall",1,0,219.410,217.833,1.571
"Tenant 2 [Tier 1] High-Scale Ingestion VIP","PutSmall",1,0,219.672,217.818,1.851
"Tenant 2 [Tier 1] High-Scale Ingestion VIP","GetSmall",1,0,217.895,216.437,1.453
"Tenant 2 [Tier 1] High-Scale Ingestion VIP","GetSmall",1,0,218.017,216.534,1.480
"Tenant 2 [Tier 1] High-Scale Ingestion VIP","PutSmall",1,0,218.650,216.838,1.806
"Tenant 2 [Tier 1] High-Scale Ingestion VIP","GetSmall",1,0,217.440,215.919,1.485
"Tenant 2 [Tier 1] High-Scale Ingestion VIP","GetSmall",1,0,218.674,217.142,1.508
"Tenant 2 [Tier 1] High-Scale Ingestion VIP","GetSmall",1,0,217.506,215.963,1.516
"Tenant 2 [Tier 1] High-Scale Ingestion VIP","PutSmall",1,0,218.883,217.158,1.714
"Tenant 2 [Tier 1] High-Scale Ingestion VIP","PutSmall",1,0,218.941,217.186,1.748
"Tenant 2 [Tier 1] High-Scale Ingestion VIP","GetSmall",1,0,217.654,216.209,1.437
"Tenant 2 [Tier 1] High-Scale Ingestion VIP","GetSmall",1,0,217.716,216.150,1.547
"Tenant 2 [Tier 1] High-Scale Ingestion VIP","PutSmall",1,0,219.557,217.761,1.793
"Tenant 2 [Tier 1] High-Scale Ingestion VIP","PutSmall",1,0,218.135,216.259,1.872
"Tenant 2 [Tier 1] High-Scale Ingestion VIP","PutSmall",1,0,218.752,216.945,1.803
"Tenant 2 [Tier 1] High-Scale Ingestion VIP","PutSmall",1,0,218.787,216.900,1.881
"Tenant 2 [Tier 1] High-Scale Ingestion VIP","PutSmall",1,0,218.259,216.394,1.860
"Tenant 2 [Tier 1] High-Scale Ingestion VIP","PutSmall",1,0,219.712,217.877,1.818
"Tenant 2 [Tier 1] High-Scale Ingestion VIP","GetSmall",1,0,216.954,215.430,1.491
"Tenant 2 [Tier 1] High-Scale Ingestion VIP","GetSmall",1,0,217.093,215.529,1.561
"Tenant 2 [Tier 1] High-Scale Ingestion VIP","GetSmall",1,0,216.561,215.059,1.495
"Tenant 2 [Tier 1] High-Scale Ingestion VIP","PutSmall",1,0,216.785,214.996,1.785
"Tenant 2 [Tier 1] High-Scale Ingestion VIP","GetSmall",1,0,218.283,216.826,1.453
"Tenant 2 [Tier 1] High-Scale Ingestion VIP","GetSmall",1,0,218.288,216.800,1.485
"Tenant 2 [Tier 1] High-Scale Ingestion VIP","GetSmall",1,0,216.952,215.462,1.479
"Tenant 2 [Tier 1] High-Scale Ingestion VIP","PutSmall",1,0,219.093,217.277,1.809
"Tenant 2 [Tier 1] High-Scale Ingestion VIP","PutSmall",1,0,219.019,217.189,1.816
"Tenant 2 [Tier 1] High-Scale Ingestion VIP","GetSmall",1,0,219.244,217.767,1.468
"Tenant 2 [Tier 1] High-Scale Ingestion VIP","GetSmall",1,0,217.450,215.929,1.517
"Tenant 2 [Tier 1] High-Scale Ingestion VIP","PutSmall",1,0,218.433,216.710,1.712
"Tenant 2 [Tier 1] High-Scale Ingestion VIP","PutSmall",1,0,219.449,217.710,1.735
"Tenant 2 [Tier 1] High-Scale Ingestion VIP","PutSmall",1,0,220.368,218.550,1.808
"Tenant 2 [Tier 1] High-Scale Ingestion VIP","PutSmall",1,0,223.839,222.095,1.710
"Tenant 2 [Tier 1] High-Scale Ingestion VIP","GetSmall",1,0,222.584,221.021,1.554
"Tenant 2 [Tier 1] High-Scale Ingestion VIP","GetSmall",1,0,221.488,220.015,1.437
"Tenant 2 [Tier 1] High-Scale Ingestion VIP","GetSmall",1,0,223.487,222.014,1.469
"Tenant 2 [Tier 1] High-Scale Ingestion VIP","GetSmall",1,0,224.760,223.276,1.474
"Tenant 2 [Tier 1] High-Scale Ingestion VIP","GetSmall",1,0,223.479,221.932,1.538
"Tenant 2 [Tier 1] High-Scale Ingestion VIP","GetSmall",1,0,221.422,219.954,1.450
"Tenant 2 [Tier 1] High-Scale Ingestion VIP","PutSmall",1,0,224.682,222.794,1.883
"Tenant 2 [Tier 1] High-Scale Ingestion VIP","GetSmall",1,0,222.597,221.062,1.525
"Tenant 2 [Tier 1] High-Scale Ingestion VIP","PutSmall",1,0,222.637,220.836,1.798
"Tenant 2 [Tier 1] High-Scale Ingestion VIP","GetSmall",1,0,221.662,220.048,1.554
"Tenant 2 [Tier 1] High-Scale Ingestion VIP","PutSmall",1,0,221.619,219.852,1.728
"Tenant 2 [Tier 1] High-Scale Ingestion VIP","PutSmall",1,0,221.642,219.862,1.736
"Tenant 2 [Tier 1] High-Scale Ingestion VIP","PutSmall",1,0,223.287,221.450,1.830
"Tenant 2 [Tier 1] High-Scale Ingestion VIP","GetSmall",1,0,222.197,220.677,1.502
"Tenant 2 [Tier 1] High-Scale Ingestion VIP","GetSmall",1,0,222.575,220.988,1.539
"Tenant 2 [Tier 1] High-Scale Ingestion VIP","GetSmall",1,0,222.326,220.814,1.496
"Tenant 2 [Tier 1] High-Scale Ingestion VIP","PutSmall",1,0,222.198,220.338,1.825
"Tenant 2 [Tier 1] High-Scale Ingestion VIP","PutSmall",1,0,222.453,220.630,1.816
"Tenant 2 [Tier 1] High-Scale Ingestion VIP","GetSmall",1,0,220.528,219.064,1.459
"Tenant 2 [Tier 1] High-Scale Ingestion VIP","GetSmall",1,0,223.367,221.896,1.465
"Tenant 2 [Tier 1] High-Scale Ingestion VIP","GetSmall",1,0,221.369,219.799,1.560
"Tenant 2 [Tier 1] High-Scale Ingestion VIP","PutSmall",1,0,223.281,221.560,1.718
"Tenant 2 [Tier 1] High-Scale Ingestion VIP","PutSmall",1,0,223.774,221.956,1.804
"Tenant 2 [Tier 1] High-Scale Ingestion VIP","PutSmall",1,0,223.897,222.136,1.750
"Tenant 2 [Tier 1] High-Scale Ingestion VIP","GetSmall",1,0,223.973,222.389,1.573
"Tenant 2 [Tier 1] High-Scale Ingestion VIP","PutSmall",1,0,223.868,222.042,1.790
"Tenant 2 [Tier 1] High-Scale Ingestion VIP","GetSmall",1,0,221.890,220.405,1.450
"Tenant 2 [Tier 1] High-Scale Ingestion VIP","GetSmall",1,0,223.387,221.905,1.452
"Tenant 2 [Tier 1] High-Scale Ingestion VIP","PutSmall",1,0,223.471,221.663,1.798
"Tenant 2 [Tier 1] High-Scale Ingestion VIP","PutSmall",1,0,223.500,221.641,1.852
"Tenant 2 [Tier 1] High-Scale Ingestion VIP","GetSmall",1,0,222.287,220.758,1.524
"Tenant 2 [Tier 1] High-Scale Ingestion VIP","PutSmall",1,0,223.899,222.060,1.835
"Tenant 2 [Tier 1] High-Scale Ingestion VIP","PutSmall",1,0,222.342,220.454,1.883
"Tenant 2 [Tier 1] High-Scale Ingestion VIP","GetSmall",1,0,223.293,221.766,1.522
"Tenant 2 [Tier 1] High-Scale Ingestion VIP","PutSmall",1,0,224.303,222.579,1.717
"Tenant 2 [Tier 1] High-Scale Ingestion VIP","PutSmall",1,0,223.852,222.094,1.750
"Tenant 2 [Tier 1] High-Scale Ingestion VIP","GetSmall",1,0,222.257,220.799,1.455
"Tenant 2 [Tier 1] High-Scale Ingestion VIP","GetSmall",1,0,222.517,220.987,1.525
"Tenant 2 [Tier 1] High-Scale Ingestion VIP","GetSmall",1,0,222.547,220.979,1.564
"Tenant 2 [Tier 1] High-Scale Ingestion VIP","PutSmall",1,0,222.844,220.990,1.849
"Tenant 2 [Tier 1] High-Scale Ingestion VIP","PutSmall",1,0,223.982,222.242,1.732
"Tenant 2 [Tier 1] High-Scale Ingestion VIP","PutSmall",1,0,222.501,220.699,1.797
"Tenant 2 [Tier 1] High-Scale Ingestion VIP","PutSmall",1,0,222.615,220.735,1.876
"Tenant 2 [Tier 1] High-Scale Ingestion VIP","GetSmall",1,0,222.677,221.158,1.513
"Tenant 2 [Tier 1] High-Scale Ingestion VIP","GetSmall",1,0,223.729,222.158,1.559
"Tenant 2 [Tier 1] High-Scale Ingestion VIP","PutSmall",1,0,222.812,221.076,1.727
"Tenant 2 [Tier 1] High-Scale Ingestion VIP","PutSmall",1,0,223.881,222.079,1.798
"Tenant 2 [Tier 1] High-Scale Ingestion VIP","GetSmall",1,0,223.403,221.926,1.471
"Tenant 2 [Tier 1] High-Scale Ingestion VIP","GetSmall",1,0,221.959,220.453,1.496
"Tenant 2 [Tier 1] High-Scale Ingestion VIP","GetSmall",1,0,222.375,220.936,1.434
"Tenant 2 [Tier 1] High-Scale Ingestion VIP","GetSmall",1,0,222.139,220.646,1.489
"Tenant 2 [Tier 1] High-Scale Ingestion VIP","PutSmall",1,0,224.028,222.236,1.779
"Tenant 2 [Tier 1] High-Scale Ingestion VIP","PutSmall",1,0,224.106,222.270,1.831
"Tenant 2 [Tier 1] High-Scale Ingestion VIP","GetSmall",1,0,221.600,220.135,1.447
"Tenant 2 [Tier 1] High-Scale Ingestion VIP","PutSmall",1,0,221.921,220.148,1.740
"Tenant 2 [Tier 1] High-Scale Ingestion VIP","GetSmall",1,0,222.833,221.298,1.528
"Tenant 2 [Tier 1] High-Scale Ingestion VIP","PutSmall",1,0,223.411,221.638,1.761
"Tenant 2 [Tier 1] High-Scale Ingestion VIP","PutSmall",1,0,223.138,221.312,1.801
"Tenant 2 [Tier 1] High-Scale Ingestion VIP","PutSmall",1,0,222.017,220.272,1.740
"Tenant 2 [Tier 1] High-Scale Ingestion VIP","PutSmall",1,0,223.588,221.805,1.768
"Tenant 2 [Tier 1] High-Scale Ingestion VIP","PutSmall",1,0,223.591,221.780,1.791
"Tenant 2 [Tier 1] High-Scale Ingestion VIP","PutSmall",1,0,223.866,222.003,1.838
"Tenant 2 [Tier 1] High-Scale Ingestion VIP","PutSmall",1,0,224.775,222.996,1.773
"Tenant 2 [Tier 1] High-Scale Ingestion VIP","GetSmall",1,0,212.957,211.469,1.454
"Tenant 2 [Tier 1] High-Scale Ingestion VIP","PutSmall",1,0,214.957,213.127,1.814
"Tenant 2 [Tier 1] High-Scale Ingestion VIP","GetSmall",1,0,216.356,214.767,1.562
"Tenant 2 [Tier 1] High-Scale Ingestion VIP","PutSmall",1,0,217.414,215.563,1.815
"Tenant 2 [Tier 1] High-Scale Ingestion VIP","PutSmall",1,0,217.465,215.561,1.869
"Tenant 2 [Tier 1] High-Scale Ingestion VIP","PutSmall",1,0,219.293,217.403,1.857
"Tenant 2 [Tier 1] High-Scale Ingestion VIP","PutSmall",1,0,216.906,215.081,1.775
"Tenant 2 [Tier 1] High-Scale Ingestion VIP","GetSmall",1,0,217.449,216.017,1.425
"Tenant 2 [Tier 1] High-Scale Ingestion VIP","PutSmall",1,0,216.796,215.028,1.764
"Tenant 2 [Tier 1] High-Scale Ingestion VIP","PutSmall",1,0,217.175,215.322,1.839
"Tenant 2 [Tier 1] High-Scale Ingestion VIP","PutSmall",1,0,216.647,214.912,1.726
"Tenant 2 [Tier 1] High-Scale Ingestion VIP","PutSmall",1,0,216.947,215.093,1.850
"Tenant 2 [Tier 1] High-Scale Ingestion VIP","PutSmall",1,0,218.495,216.656,1.827
"Tenant 2 [Tier 1] High-Scale Ingestion VIP","GetSmall",1,0,218.329,216.807,1.518
"Tenant 2 [Tier 1] High-Scale Ingestion VIP","GetSmall",1,0,216.681,215.230,1.445
"Tenant 2 [Tier 1] High-Scale Ingestion VIP","PutSmall",1,0,217.002,215.165,1.807
"Tenant 2 [Tier 1] High-Scale Ingestion VIP","GetSmall",1,0,215.269,213.718,1.545
"Tenant 2 [Tier 1] High-Scale Ingestion VIP","PutSmall",1,0,215.128,213.391,1.733
"Tenant 2 [Tier 1] High-Scale Ingestion VIP","GetSmall",1,0,215.144,213.630,1.509
"Tenant 2 [Tier 1] High-Scale Ingestion VIP","PutSmall",1,0,218.930,217.157,1.742
"Tenant 2 [Tier 1] High-Scale Ingestion VIP","GetSmall",1,0,215.720,214.289,1.426
"Tenant 2 [Tier 1] High-Scale Ingestion VIP","PutSmall",1,0,215.891,214.141,1.745
"Tenant 2 [Tier 1] High-Scale Ingestion VIP","PutSmall",1,0,216.179,214.385,1.790
"Tenant 2 [Tier 1] High-Scale Ingestion VIP","PutSmall",1,0,217.237,215.508,1.719
"Tenant 2 [Tier 1] High-Scale Ingestion VIP","PutSmall",1,0,218.065,216.230,1.831
"Tenant 2 [Tier 1] High-Scale Ingestion VIP","PutSmall",1,0,218.047,216.170,1.843
"Tenant 2 [Tier 1] High-Scale Ingestion VIP","PutSmall",1,0,218.005,216.217,1.761
"Tenant 2 [Tier 1] High-Scale Ingestion VIP","GetSmall",1,0,219.090,217.617,1.468
"Tenant 2 [Tier 1] High-Scale Ingestion VIP","PutSmall",1,0,219.112,217.294,1.814
"Tenant 2 [Tier 1] High-Scale Ingestion VIP","PutSmall",1,0,219.498,217.622,1.845
"Tenant 2 [Tier 1] High-Scale Ingestion VIP","PutSmall",1,0,219.150,217.263,1.866
"Tenant 2 [Tier 1] High-Scale Ingestion VIP","GetSmall",1,0,219.785,218.351,1.431
"Tenant 2 [Tier 1] High-Scale Ingestion VIP","PutSmall",1,0,219.937,218.051,1.881
"Tenant 2 [Tier 1] High-Scale Ingestion VIP","PutSmall",1,0,219.923,218.047,1.856
"Tenant 2 [Tier 1] High-Scale Ingestion VIP","GetSmall",1,0,218.151,216.692,1.451
"Tenant 2 [Tier 1] High-Scale Ingestion VIP","GetSmall",1,0,219.496,217.993,1.469
"Tenant 2 [Tier 1] High-Scale Ingestion VIP","GetSmall",1,0,219.505,217.960,1.540
"Tenant 2 [Tier 1] High-Scale Ingestion VIP","GetSmall",1,0,218.008,216.566,1.438
"Tenant 2 [Tier 1] High-Scale Ingestion VIP","GetSmall",1,0,218.435,216.855,1.573
"Tenant 2 [Tier 1] High-Scale Ingestion VIP","GetSmall",1,0,219.095,217.621,1.467
"Tenant 2 [Tier 1] High-Scale Ingestion VIP","GetSmall",1,0,219.386,217.896,1.480
"Tenant 2 [Tier 1] High-Scale Ingestion VIP","PutSmall",1,0,218.000,216.272,1.724
"Tenant 2 [Tier 1] High-Scale Ingestion VIP","GetSmall",1,0,217.453,215.958,1.490
"Tenant 2 [Tier 1] High-Scale Ingestion VIP","GetSmall",1,0,219.063,217.465,1.565
"Tenant 2 [Tier 1] High-Scale Ingestion VIP","PutSmall",1,0,219.052,217.259,1.788
"Tenant 2 [Tier 1] High-Scale Ingestion VIP","GetSmall",1,0,218.731,217.216,1.509
"Tenant 2 [Tier 1] High-Scale Ingestion VIP","GetSmall",1,0,218.847,217.278,1.560
"Tenant 2 [Tier 1] High-Scale Ingestion VIP","PutSmall",1,0,219.193,217.453,1.736
"Tenant 2 [Tier 1] High-Scale Ingestion VIP","GetSmall",1,0,217.927,216.419,1.499
"Tenant 2 [Tier 1] High-Scale Ingestion VIP","GetSmall",1,0,217.950,216.391,1.556
"Tenant 2 [Tier 1] High-Scale Ingestion VIP","PutSmall",1,0,217.699,215.941,1.752
"Tenant 2 [Tier 1] High-Scale Ingestion VIP","PutSmall",1,0,218.122,216.296,1.823
"Tenant 2 [Tier 1] High-Scale Ingestion VIP","PutSmall",1,0,218.119,216.239,1.876
"Tenant 2 [Tier 1] High-Scale Ingestion VIP","PutSmall",1,0,218.773,217.049,1.715
"Tenant 2 [Tier 1] High-Scale Ingestion VIP","GetSmall",1,0,217.700,216.252,1.443
"Tenant 2 [Tier 1] High-Scale Ingestion VIP","GetSmall",1,0,216.206,214.681,1.508
"Tenant 2 [Tier 1] High-Scale Ingestion VIP","GetSmall",1,0,216.512,214.970,1.535
"Tenant 2 [Tier 1] High-Scale Ingestion VIP","PutSmall",1,0,216.485,214.715,1.758
"Tenant 2 [Tier 1] High-Scale Ingestion VIP","PutSmall",1,0,218.359,216.539,1.817
"Tenant 2 [Tier 1] High-Scale Ingestion VIP","GetSmall",1,0,219.155,217.625,1.525
"Tenant 2 [Tier 1] High-Scale Ingestion VIP","GetSmall",1,0,217.352,215.813,1.523
"Tenant 2 [Tier 1] High-Scale Ingestion VIP","GetSmall",1,0,217.322,215.732,1.574
"Tenant 2 [Tier 1] High-Scale Ingestion VIP","PutSmall",1,0,217.547,215.790,1.746
"Tenant 2 [Tier 1] High-Scale Ingestion VIP","GetSmall",1,0,221.319,219.802,1.512
"Tenant 2 [Tier 1] High-Scale Ingestion VIP","GetSmall",1,0,224.929,223.484,1.436
"Tenant 2 [Tier 1] High-Scale Ingestion VIP","GetSmall",1,0,226.042,224.561,1.476
"Tenant 2 [Tier 1] High-Scale Ingestion VIP","GetSmall",1,0,223.755,222.161,1.558
"Tenant 2 [Tier 1] High-Scale Ingestion VIP","PutSmall",1,0,222.770,220.927,1.830
"Tenant 2 [Tier 1] High-Scale Ingestion VIP","GetSmall",1,0,224.212,222.639,1.560
"Tenant 2 [Tier 1] High-Scale Ingestion VIP","PutSmall",1,0,223.659,221.803,1.850
"Tenant 2 [Tier 1] High-Scale Ingestion VIP","PutSmall",1,0,223.632,221.826,1.800
"Tenant 2 [Tier 1] High-Scale Ingestion VIP","GetSmall",1,0,222.785,221.261,1.494
"Tenant 2 [Tier 1] High-Scale Ingestion VIP","PutSmall",1,0,223.937,222.194,1.739
"Tenant 2 [Tier 1] High-Scale Ingestion VIP","PutSmall",1,0,223.904,222.115,1.771
"Tenant 2 [Tier 1] High-Scale Ingestion VIP","PutSmall",1,0,222.266,220.466,1.795
"Tenant 2 [Tier 1] High-Scale Ingestion VIP","PutSmall",1,0,223.522,221.798,1.719
"Tenant 2 [Tier 1] High-Scale Ingestion VIP","PutSmall",1,0,223.647,221.826,1.818
"Tenant 2 [Tier 1] High-Scale Ingestion VIP","GetSmall",1,0,223.688,222.125,1.555
"Tenant 2 [Tier 1] High-Scale Ingestion VIP","GetSmall",1,0,221.575,219.990,1.572
"Tenant 2 [Tier 1] High-Scale Ingestion VIP","PutSmall",1,0,222.232,220.377,1.844
"Tenant 2 [Tier 1] High-Scale Ingestion VIP","GetSmall",1,0,221.599,220.153,1.442
"Tenant 2 [Tier 1] High-Scale Ingestion VIP","GetSmall",1,0,221.857,220.343,1.511
"Tenant 2 [Tier 1] High-Scale Ingestion VIP","PutSmall",1,0,223.700,221.892,1.799
"Tenant 2 [Tier 1] High-Scale Ingestion VIP","GetSmall",1,0,224.432,222.864,1.564
"Tenant 2 [Tier 1] High-Scale Ingestion VIP","PutSmall",1,0,221.896,220.097,1.792
"Tenant 2 [Tier 1] High-Scale Ingestion VIP","GetSmall",1,0,224.421,222.947,1.471
"Tenant 2 [Tier 1] High-Scale Ingestion VIP","GetSmall",1,0,224.400,222.909,1.473
"Tenant 2 [Tier 1] High-Scale Ingestion VIP","PutSmall",1,0,224.641,222.870,1.752
"Tenant 2 [Tier 1] High-Scale Ingestion VIP","GetSmall",1,0,222.773,221.323,1.444
"Tenant 2 [Tier 1] High-Scale Ingestion VIP","GetSmall",1,0,223.044,221.514,1.514
"Tenant 2 [Tier 1] High-Scale Ingestion VIP","GetSmall",1,0,224.695,223.124,1.567
"Tenant 2 [Tier 1] High-Scale Ingestion VIP","GetSmall",1,0,223.533,221.959,1.568
"Tenant 2 [Tier 1] High-Scale Ingestion VIP","GetSmall",1,0,223.193,221.602,1.573
"Tenant 2 [Tier 1] High-Scale Ingestion VIP","PutSmall",1,0,223.419,221.557,1.858
"Tenant 2 [Tier 1] High-Scale Ingestion VIP","PutSmall",1,0,224.818,222.941,1.872
"Tenant 2 [Tier 1] High-Scale Ingestion VIP","GetSmall",1,0,221.739,220.220,1.515
"Tenant 2 [Tier 1] High-Scale Ingestion VIP","GetSmall",1,0,222.244,220.670,1.568
"Tenant 2 [Tier 1] High-Scale Ingestion VIP","GetSmall",1,0,221.824,220.281,1.535
"Tenant 2 [Tier 1] High-Scale Ingestion VIP","PutSmall",1,0,223.638,221.745,1.888
"Tenant 2 [Tier 1] High-Scale Ingestion VIP","GetSmall",1,0,222.674,221.097,1.566
"Tenant 2 [Tier 1] High-Scale Ingestion VIP","PutSmall",1,0,222.929,221.139,1.786
"Tenant 2 [Tier 1] High-Scale Ingestion VIP","PutSmall",1,0,222.387,220.652,1.732
"Tenant 2 [Tier 1] High-Scale Ingestion VIP","PutSmall",1,0,222.885,221.135,1.746
"Tenant 2 [Tier 1] High-Scale Ingestion VIP","PutSmall",1,0,224.464,222.725,1.727
"Tenant 2 [Tier 1] High-Scale Ingestion VIP","PutSmall",1,0,224.483,222.739,1.735
"Tenant 2 [Tier 1] High-Scale Ingestion VIP","GetSmall",1,0,224.926,223.344,1.571
"Tenant 2 [Tier 1] High-Scale Ingestion VIP","PutSmall",1,0,223.889,222.148,1.734
"Tenant 2 [Tier 1] High-Scale Ingestion VIP","GetSmall",1,0,223.478,221.927,1.546
"Tenant 2 [Tier 1] High-Scale Ingestion VIP","PutSmall",1,0,225.183,223.460,1.720
"Tenant 2 [Tier 1] High-Scale Ingestion VIP","PutSmall",1,0,225.010,223.241,1.762
"Tenant 2 [Tier 1] High-Scale Ingestion VIP","PutSmall",1,0,223.832,221.974,1.854
"Tenant 2 [Tier 1] High-Scale Ingestion VIP","PutSmall",1,0,223.893,222.128,1.762
"Tenant 2 [Tier 1] High-Scale Ingestion VIP","GetSmall",1,0,224.807,223.378,1.426
"Tenant 2 [Tier 1] High-Scale Ingestion VIP","PutSmall",1,0,226.564,224.770,1.790
"Tenant 2 [Tier 1] High-Scale Ingestion VIP","PutSmall",1,0,224.905,223.101,1.798
"Tenant 2 [Tier 1] High-Scale Ingestion VIP","PutSmall",1,0,225.005,223.165,1.836
"Tenant 2 [Tier 1] High-Scale Ingestion VIP","GetSmall",1,0,225.933,224.502,1.425
"Tenant 2 [Tier 1] High-Scale Ingestion VIP","GetSmall",1,0,225.036,223.510,1.522
"Tenant 2 [Tier 1] High-Scale Ingestion VIP","GetSmall",1,0,224.607,223.130,1.470
"Tenant 2 [Tier 1] High-Scale Ingestion VIP","GetSmall",1,0,224.662,223.174,1.474
"Tenant 2 [Tier 1] High-Scale Ingestion VIP","GetSmall",1,0,224.993,223.435,1.554
"Tenant 2 [Tier 1] High-Scale Ingestion VIP","PutSmall",1,0,225.129,223.402,1.723
"Tenant 2 [Tier 1] High-Scale Ingestion VIP","PutSmall",1,0,225.291,223.507,1.780
"Tenant 2 [Tier 1] High-Scale Ingestion VIP","GetSmall",1,0,225.127,223.571,1.552
"Tenant 2 [Tier 1] High-Scale Ingestion VIP","PutSmall",1,0,225.499,223.724,1.770
"Tenant 2 [Tier 1] High-Scale Ingestion VIP","PutSmall",1,0,225.583,223.797,1.782
"Tenant 2 [Tier 1] High-Scale Ingestion VIP","PutSmall",1,0,225.699,223.807,1.890
"Tenant 2 [Tier 1] High-Scale Ingestion VIP","PutSmall",1,0,222.266,220.398,1.850
"Tenant 2 [Tier 1] High-Scale Ingestion VIP","GetSmall",1,0,210.623,209.163,1.426
"Tenant 2 [Tier 1] High-Scale Ingestion VIP","PutSmall",1,0,210.771,208.858,1.880
"Tenant 2 [Tier 1] High-Scale Ingestion VIP","GetSmall",1,0,212.877,211.300,1.564
"Tenant 2 [Tier 1] High-Scale Ingestion VIP","PutSmall",1,0,211.299,209.463,1.824
"Tenant 2 [Tier 1] High-Scale Ingestion VIP","GetSmall",1,0,211.159,209.674,1.475
"Tenant 2 [Tier 1] High-Scale Ingestion VIP","PutSmall",1,0,212.835,210.998,1.828
"Tenant 2 [Tier 1] High-Scale Ingestion VIP","PutSmall",1,0,212.113,210.394,1.714
"Tenant 2 [Tier 1] High-Scale Ingestion VIP","PutSmall",1,0,213.732,211.877,1.846
"Tenant 2 [Tier 1] High-Scale Ingestion VIP","GetSmall",1,0,211.954,210.382,1.563
"Tenant 2 [Tier 1] High-Scale Ingestion VIP","PutSmall",1,0,212.119,210.314,1.800
"Tenant 2 [Tier 1] High-Scale Ingestion VIP","PutSmall",1,0,212.330,210.493,1.821
"Tenant 2 [Tier 1] High-Scale Ingestion VIP","PutSmall",1,0,215.107,213.273,1.829
"Tenant 2 [Tier 1] High-Scale Ingestion VIP","PutSmall",1,0,213.447,211.715,1.725
"Tenant 2 [Tier 1] High-Scale Ingestion VIP","PutSmall",1,0,215.171,213.304,1.863
"Tenant 2 [Tier 1] High-Scale Ingestion VIP","PutSmall",1,0,214.727,212.934,1.758
"Tenant 2 [Tier 1] High-Scale Ingestion VIP","PutSmall",1,0,216.314,214.483,1.826
"Tenant 2 [Tier 1] High-Scale Ingestion VIP","GetSmall",1,0,213.581,212.137,1.438
"Tenant 2 [Tier 1] High-Scale Ingestion VIP","GetSmall",1,0,214.494,213.027,1.455
"Tenant 2 [Tier 1] High-Scale Ingestion VIP","GetSmall",1,0,214.736,213.175,1.550
"Tenant 2 [Tier 1] High-Scale Ingestion VIP","PutSmall",1,0,212.358,210.609,1.744
"Tenant 2 [Tier 1] High-Scale Ingestion VIP","GetSmall",1,0,214.474,212.992,1.479
"Tenant 2 [Tier 1] High-Scale Ingestion VIP","PutSmall",1,0,216.349,214.601,1.743
"Tenant 2 [Tier 1] High-Scale Ingestion VIP","PutSmall",1,0,216.439,214.560,1.873
"Tenant 2 [Tier 1] High-Scale Ingestion VIP","PutSmall",1,0,215.627,213.797,1.826
"Tenant 2 [Tier 1] High-Scale Ingestion VIP","GetSmall",1,0,212.536,211.064,1.451
"Tenant 2 [Tier 1] High-Scale Ingestion VIP","GetSmall",1,0,215.379,213.854,1.515
"Tenant 2 [Tier 1] High-Scale Ingestion VIP","PutSmall",1,0,215.622,213.891,1.726
"Tenant 2 [Tier 1] High-Scale Ingestion VIP","GetSmall",1,0,215.339,213.780,1.555
"Tenant 2 [Tier 1] High-Scale Ingestion VIP","PutSmall",1,0,215.508,213.778,1.719
"Tenant 2 [Tier 1] High-Scale Ingestion VIP","GetSmall",1,0,215.091,213.632,1.454
"Tenant 2 [Tier 1] High-Scale Ingestion VIP","PutSmall",1,0,216.942,215.056,1.876
"Tenant 2 [Tier 1] High-Scale Ingestion VIP","PutSmall",1,0,214.630,212.870,1.755
"Tenant 2 [Tier 1] High-Scale Ingestion VIP","PutSmall",1,0,215.791,213.984,1.802
"Tenant 2 [Tier 1] High-Scale Ingestion VIP","GetSmall",1,0,215.852,214.303,1.541
"Tenant 2 [Tier 1] High-Scale Ingestion VIP","PutSmall",1,0,216.675,214.884,1.787
"Tenant 2 [Tier 1] High-Scale Ingestion VIP","GetSmall",1,0,216.151,214.609,1.531
"Tenant 2 [Tier 1] High-Scale Ingestion VIP","GetSmall",1,0,217.403,215.962,1.436
"Tenant 2 [Tier 1] High-Scale Ingestion VIP","GetSmall",1,0,216.921,215.403,1.510
"Tenant 2 [Tier 1] High-Scale Ingestion VIP","PutSmall",1,0,216.261,214.404,1.853
"Tenant 2 [Tier 1] High-Scale Ingestion VIP","PutSmall",1,0,215.510,213.706,1.799
"Tenant 2 [Tier 1] High-Scale Ingestion VIP","PutSmall",1,0,215.930,214.114,1.811
"Tenant 2 [Tier 1] High-Scale Ingestion VIP","PutSmall",1,0,216.663,214.815,1.846
"Tenant 2 [Tier 1] High-Scale Ingestion VIP","PutSmall",1,0,216.077,214.207,1.864
"Tenant 2 [Tier 1] High-Scale Ingestion VIP","GetSmall",1,0,215.419,213.919,1.494
"Tenant 2 [Tier 1] High-Scale Ingestion VIP","GetSmall",1,0,215.322,213.752,1.562
"Tenant 2 [Tier 1] High-Scale Ingestion VIP","GetSmall",1,0,216.147,214.692,1.447
"Tenant 2 [Tier 1] High-Scale Ingestion VIP","GetSmall",1,0,216.153,214.617,1.532
"Tenant 2 [Tier 1] High-Scale Ingestion VIP","PutSmall",1,0,216.214,214.319,1.889
"Tenant 2 [Tier 1] High-Scale Ingestion VIP","GetSmall",1,0,214.371,212.799,1.566
"Tenant 2 [Tier 1] High-Scale Ingestion VIP","PutSmall",1,0,216.398,214.606,1.788
"Tenant 2 [Tier 1] High-Scale Ingestion VIP","PutSmall",1,0,216.842,215.060,1.777
"Tenant 2 [Tier 1] High-Scale Ingestion VIP","PutSmall",1,0,216.841,215.030,1.797
"Tenant 2 [Tier 1] High-Scale Ingestion VIP","PutSmall",1,0,215.837,213.980,1.854
"Tenant 2 [Tier 1] High-Scale Ingestion VIP","PutSmall",1,0,215.986,214.160,1.821
"Tenant 2 [Tier 1] High-Scale Ingestion VIP","GetSmall",1,0,216.018,214.565,1.446
"Tenant 2 [Tier 1] High-Scale Ingestion VIP","GetSmall",1,0,216.172,214.647,1.521
"Tenant 2 [Tier 1] High-Scale Ingestion VIP","PutSmall",1,0,216.141,214.411,1.720
"Tenant 2 [Tier 1] High-Scale Ingestion VIP","PutSmall",1,0,216.406,214.674,1.722
"Tenant 2 [Tier 1] High-Scale Ingestion VIP","PutSmall",1,0,216.852,215.006,1.841
"Tenant 2 [Tier 1] High-Scale Ingestion VIP","PutSmall",1,0,215.392,213.566,1.821
"Tenant 2 [Tier 1] High-Scale Ingestion VIP","GetSmall",1,0,216.204,214.761,1.433
"Tenant 2 [Tier 1] High-Scale Ingestion VIP","GetSmall",1,0,216.190,214.617,1.570
"Tenant 2 [Tier 1] High-Scale Ingestion VIP","PutSmall",1,0,216.578,214.716,1.857
"Tenant 2 [Tier 1] High-Scale Ingestion VIP","PutSmall",1,0,216.191,214.408,1.777
"Tenant 2 [Tier 1] High-Scale Ingestion VIP","PutSmall",1,0,214.606,212.832,1.768
"Tenant 2 [Tier 1] High-Scale Ingestion VIP","GetSmall",1,0,214.091,212.656,1.432
"Tenant 2 [Tier 1] High-Scale Ingestion VIP","GetSmall",1,0,212.971,211.396,1.569
"Tenant 2 [Tier 1] High-Scale Ingestion VIP","PutSmall",1,0,214.302,212.414,1.847
"Tenant 2 [Tier 1] High-Scale Ingestion VIP","GetSmall",1,0,213.190,211.665,1.520
"Tenant 2 [Tier 1] High-Scale Ingestion VIP","PutSmall",1,0,215.970,214.142,1.824
"Tenant 2 [Tier 1] High-Scale Ingestion VIP","PutSmall",1,0,215.158,213.360,1.795
"Tenant 2 [Tier 1] High-Scale Ingestion VIP","PutSmall",1,0,215.318,213.493,1.791
"Tenant 2 [Tier 1] High-Scale Ingestion VIP","GetSmall",1,0,216.349,214.835,1.507
"Tenant 2 [Tier 1] High-Scale Ingestion VIP","PutSmall",1,0,216.865,215.046,1.803
"Tenant 2 [Tier 1] High-Scale Ingestion VIP","PutSmall",1,0,215.467,213.697,1.720
"Tenant 2 [Tier 1] High-Scale Ingestion VIP","PutSmall",1,0,214.381,212.498,1.847
"Tenant 2 [Tier 1] High-Scale Ingestion VIP","GetSmall",1,0,214.653,213.067,1.537
"Tenant 2 [Tier 1] High-Scale Ingestion VIP","PutSmall",1,0,214.804,212.933,1.861
"Tenant 2 [Tier 1] High-Scale Ingestion VIP","PutSmall",1,0,213.108,211.359,1.729
"Tenant 2 [Tier 1] High-Scale Ingestion VIP","PutSmall",1,0,215.131,213.216,1.882
"Tenant 2 [Tier 1] High-Scale Ingestion VIP","GetSmall",1,0,212.103,210.653,1.444
"Tenant 2 [Tier 1] High-Scale Ingestion VIP","GetSmall",1,0,213.189,211.634,1.550
"Tenant 2 [Tier 1] High-Scale Ingestion VIP","GetSmall",1,0,213.019,211.518,1.464
"Tenant 2 [Tier 1] High-Scale Ingestion VIP","GetSmall",1,0,212.814,211.272,1.533
"Tenant 2 [Tier 1] High-Scale Ingestion VIP","PutSmall",1,0,214.373,212.542,1.794
"Tenant 2 [Tier 1] High-Scale Ingestion VIP","GetSmall",1,0,213.309,211.768,1.500
"Tenant 2 [Tier 1] High-Scale Ingestion VIP","GetSmall",1,0,215.750,214.182,1.535
"Tenant 2 [Tier 1] High-Scale Ingestion VIP","PutSmall",1,0,215.035,213.258,1.743
"Tenant 2 [Tier 1] High-Scale Ingestion VIP","PutSmall",1,0,215.925,214.084,1.819
"Tenant 2 [Tier 1] High-Scale Ingestion VIP","GetSmall",1,0,213.612,212.081,1.524
"Tenant 2 [Tier 1] High-Scale Ingestion VIP","PutSmall",1,0,214.028,212.295,1.728
"Tenant 2 [Tier 1] High-Scale Ingestion VIP","GetSmall",1,0,213.203,211.596,1.575
"Tenant 2 [Tier 1] High-Scale Ingestion VIP","PutSmall",1,0,213.644,211.780,1.851
"Tenant 2 [Tier 1] High-Scale Ingestion VIP","GetSmall",1,0,213.755,212.241,1.481
"Tenant 2 [Tier 1] High-Scale Ingestion VIP","PutSmall",1,0,215.085,213.353,1.729
"Tenant 2 [Tier 1] High-Scale Ingestion VIP","PutSmall",1,0,215.096,213.329,1.763
"Tenant 2 [Tier 1] High-Scale Ingestion VIP","PutSmall",1,0,213.913,212.119,1.785
"Tenant 2 [Tier 1] High-Scale Ingestion VIP","GetSmall",1,0,212.750,211.271,1.474
"Tenant 2 [Tier 1] High-Scale Ingestion VIP","GetSmall",1,0,214.347,212.833,1.502
"Tenant 2 [Tier 1] High-Scale Ingestion VIP","PutSmall",1,0,215.770,214.004,1.755
"Tenant 2 [Tier 1] High-Scale Ingestion VIP","GetSmall",1,0,213.120,211.604,1.508
"Tenant 2 [Tier 1] High-Scale Ingestion VIP","GetSmall",1,0,214.493,213.047,1.431
"Tenant 2 [Tier 1] High-Scale Ingestion VIP","GetSmall",1,0,214.181,212.729,1.426
"Tenant 2 [Tier 1] High-Scale Ingestion VIP","GetSmall",1,0,213.816,212.363,1.446
"Tenant 2 [Tier 1] High-Scale Ingestion VIP","PutSmall",1,0,214.561,212.708,1.849
"Tenant 2 [Tier 1] High-Scale Ingestion VIP","PutSmall",1,0,214.559,212.674,1.871
"Tenant 2 [Tier 1] High-Scale Ingestion VIP","GetSmall",1,0,214.763,213.223,1.535
"Tenant 2 [Tier 1] High-Scale Ingestion VIP","PutSmall",1,0,215.644,213.833,1.797
"Tenant 2 [Tier 1] High-Scale Ingestion VIP","PutSmall",1,0,215.137,213.292,1.841
"Tenant 2 [Tier 1] High-Scale Ingestion VIP","PutSmall",1,0,215.713,213.917,1.779
"Tenant 2 [Tier 1] High-Scale Ingestion VIP","PutSmall",1,0,215.635,213.835,1.787
"Tenant 2 [Tier 1] High-Scale Ingestion VIP","PutSmall",1,0,215.368,213.483,1.881
"Tenant 2 [Tier 1] High-Scale Ingestion VIP","GetSmall",1,0,214.384,212.855,1.524
"Tenant 2 [Tier 1] High-Scale Ingestion VIP","PutSmall",1,0,214.971,213.079,1.888
"Tenant 2 [Tier 1] High-Scale Ingestion VIP","GetSmall",1,0,213.979,212.532,1.442
"Tenant 2 [Tier 1] High-Scale Ingestion VIP","GetSmall",1,0,214.006,212.480,1.512
"Tenant 2 [Tier 1] High-Scale Ingestion VIP","PutSmall",1,0,214.010,212.235,1.771
"Tenant 2 [Tier 1] High-Scale Ingestion VIP","PutSmall",1,0,214.394,212.559,1.831
"Tenant 2 [Tier 1] High-Scale Ingestion VIP","GetSmall",1,0,213.924,212.485,1.426
"Tenant 2 [Tier 1] High-Scale Ingestion VIP","PutSmall",1,0,214.482,212.763,1.716
"Tenant 2 [Tier 1] High-Scale Ingestion VIP","PutSmall",1,0,214.427,212.699,1.711
"Tenant 2 [Tier 1] High-Scale Ingestion VIP","PutSmall",1,0,214.350,212.498,1.847
"Tenant 2 [Tier 1] High-Scale Ingestion VIP","GetSmall",1,0,213.912,212.446,1.460
"Tenant 2 [Tier 1] High-Scale Ingestion VIP","PutSmall",1,0,212.169,210.428,1.739
"Tenant 2 [Tier 1] High-Scale Ingestion VIP","PutSmall",1,0,213.324,211.565,1.740
"Tenant 2 [Tier 1] High-Scale Ingestion VIP","PutSmall",1,0,212.353,210.551,1.797
"Tenant 2 [Tier 1] High-Scale Ingestion VIP","PutSmall",1,0,212.019,210.141,1.874
"Tenant 2 [Tier 1] High-Scale Ingestion VIP","GetSmall",1,0,216.230,214.656,1.570
"Tenant 2 [Tier 1] High-Scale Ingestion VIP","PutSmall",1,0,226.513,224.696,1.813
"Tenant 2 [Tier 1] High-Scale Ingestion VIP","PutSmall",1,0,230.566,228.693,1.867
"Tenant 2 [Tier 1] High-Scale Ingestion VIP","GetSmall",1,0,228.997,227.405,1.574
"Tenant 2 [Tier 1] High-Scale Ingestion VIP","PutSmall",1,0,228.970,227.190,1.729
"Tenant 2 [Tier 1] High-Scale Ingestion VIP","PutSmall",1,0,230.616,228.735,1.877
"Tenant 2 [Tier 1] High-Scale Ingestion VIP","GetSmall",1,0,230.097,228.574,1.518
"Tenant 2 [Tier 1] High-Scale Ingestion VIP","GetSmall",1,0,228.519,226.939,1.550
"Tenant 2 [Tier 1] High-Scale Ingestion VIP","GetSmall",1,0,229.699,228.173,1.523
"Tenant 2 [Tier 1] High-Scale Ingestion VIP","PutSmall",1,0,227.099,225.266,1.828
"Tenant 2 [Tier 1] High-Scale Ingestion VIP","PutSmall",1,0,229.849,228.019,1.793
"Tenant 2 [Tier 1] High-Scale Ingestion VIP","PutSmall",1,0,228.955,227.153,1.788
"Tenant 2 [Tier 1] High-Scale Ingestion VIP","PutSmall",1,0,227.786,225.894,1.880
"Tenant 2 [Tier 1] High-Scale Ingestion VIP","GetSmall",1,0,227.924,226.463,1.435
"Tenant 2 [Tier 1] High-Scale Ingestion VIP","PutSmall",1,0,228.627,226.757,1.858
"Tenant 2 [Tier 1] High-Scale Ingestion VIP","GetSmall",1,0,229.806,228.371,1.428
"Tenant 2 [Tier 1] High-Scale Ingestion VIP","GetSmall",1,0,230.072,228.522,1.547
"Tenant 2 [Tier 1] High-Scale Ingestion VIP","PutSmall",1,0,228.726,226.963,1.757
"Tenant 2 [Tier 1] High-Scale Ingestion VIP","PutSmall",1,0,228.891,227.053,1.835
"Tenant 2 [Tier 1] High-Scale Ingestion VIP","PutSmall",1,0,228.632,226.759,1.857
"Tenant 2 [Tier 1] High-Scale Ingestion VIP","PutSmall",1,0,228.271,226.445,1.817
"Tenant 2 [Tier 1] High-Scale Ingestion VIP","PutSmall",1,0,227.409,225.672,1.732
"Tenant 2 [Tier 1] High-Scale Ingestion VIP","PutSmall",1,0,225.764,223.932,1.824
"Tenant 2 [Tier 1] High-Scale Ingestion VIP","PutSmall",1,0,225.790,223.929,1.825
"Tenant 2 [Tier 1] High-Scale Ingestion VIP","PutSmall",1,0,227.343,225.527,1.812
"Tenant 2 [Tier 1] High-Scale Ingestion VIP","PutSmall",1,0,227.418,225.584,1.816
"Tenant 2 [Tier 1] High-Scale Ingestion VIP","PutSmall",1,0,229.248,227.495,1.750
"Tenant 2 [Tier 1] High-Scale Ingestion VIP","PutSmall",1,0,229.577,227.694,1.879
"Tenant 2 [Tier 1] High-Scale Ingestion VIP","GetSmall",1,0,229.346,227.800,1.533
"Tenant 2 [Tier 1] High-Scale Ingestion VIP","PutSmall",1,0,229.772,228.023,1.730
"Tenant 2 [Tier 1] High-Scale Ingestion VIP","PutSmall",1,0,229.674,227.800,1.841
"Tenant 2 [Tier 1] High-Scale Ingestion VIP","GetSmall",1,0,229.455,227.950,1.502
"Tenant 2 [Tier 1] High-Scale Ingestion VIP","GetSmall",1,0,231.181,229.668,1.510
"Tenant 2 [Tier 1] High-Scale Ingestion VIP","GetSmall",1,0,231.183,229.641,1.529
"Tenant 2 [Tier 1] High-Scale Ingestion VIP","PutSmall",1,0,229.563,227.731,1.826
"Tenant 2 [Tier 1] High-Scale Ingestion VIP","GetSmall",1,0,228.594,227.161,1.430
"Tenant 2 [Tier 1] High-Scale Ingestion VIP","GetSmall",1,0,230.468,228.964,1.500
"Tenant 2 [Tier 1] High-Scale Ingestion VIP","PutSmall",1,0,230.524,228.720,1.796
"Tenant 2 [Tier 1] High-Scale Ingestion VIP","GetSmall",1,0,230.390,228.947,1.437
"Tenant 2 [Tier 1] High-Scale Ingestion VIP","GetSmall",1,0,229.011,227.457,1.544
"Tenant 2 [Tier 1] High-Scale Ingestion VIP","PutSmall",1,0,230.778,228.913,1.857
"Tenant 2 [Tier 1] High-Scale Ingestion VIP","PutSmall",1,0,230.807,228.980,1.811
"Tenant 2 [Tier 1] High-Scale Ingestion VIP","PutSmall",1,0,230.850,229.010,1.822
"Tenant 2 [Tier 1] High-Scale Ingestion VIP","GetSmall",1,0,229.393,227.874,1.515
"Tenant 2 [Tier 1] High-Scale Ingestion VIP","GetSmall",1,0,229.681,228.123,1.548
"Tenant 2 [Tier 1] High-Scale Ingestion VIP","GetSmall",1,0,229.394,227.842,1.537
"Tenant 2 [Tier 1] High-Scale Ingestion VIP","GetSmall",1,0,229.402,227.941,1.456
"Tenant 2 [Tier 1] High-Scale Ingestion VIP","PutSmall",1,0,231.254,229.437,1.810
"Tenant 2 [Tier 1] High-Scale Ingestion VIP","PutSmall",1,0,231.269,229.434,1.814
"Tenant 2 [Tier 1] High-Scale Ingestion VIP","PutSmall",1,0,231.225,229.350,1.869
"Tenant 2 [Tier 1] High-Scale Ingestion VIP","GetSmall",1,0,229.616,228.151,1.460
"Tenant 2 [Tier 1] High-Scale Ingestion VIP","GetSmall",1,0,229.571,228.094,1.467
"Tenant 2 [Tier 1] High-Scale Ingestion VIP","GetSmall",1,0,229.348,227.779,1.565
"Tenant 2 [Tier 1] High-Scale Ingestion VIP","PutSmall",1,0,229.496,227.715,1.775
"Tenant 2 [Tier 1] High-Scale Ingestion VIP","PutSmall",1,0,229.907,228.026,1.879
"Tenant 2 [Tier 1] High-Scale Ingestion VIP","GetSmall",1,0,228.767,227.330,1.434
"Tenant 2 [Tier 1] High-Scale Ingestion VIP","PutSmall",1,0,229.406,227.668,1.734
"Tenant 2 [Tier 1] High-Scale Ingestion VIP","PutSmall",1,0,229.537,227.796,1.735
"Tenant 2 [Tier 1] High-Scale Ingestion VIP","PutSmall",1,0,229.608,227.812,1.792
"Tenant 2 [Tier 1] High-Scale Ingestion VIP","PutSmall",1,0,229.917,228.073,1.825
"Tenant 2 [Tier 1] High-Scale Ingestion VIP","GetSmall",1,0,227.348,225.808,1.534
"Tenant 2 [Tier 1] High-Scale Ingestion VIP","GetSmall",1,0,228.120,226.550,1.565
"Tenant 2 [Tier 1] High-Scale Ingestion VIP","PutSmall",1,0,229.069,227.231,1.834
"Tenant 2 [Tier 1] High-Scale Ingestion VIP","PutSmall",1,0,229.161,227.307,1.847
"Tenant 2 [Tier 1] High-Scale Ingestion VIP","PutSmall",1,0,226.298,224.492,1.795
"Tenant 2 [Tier 1] High-Scale Ingestion VIP","GetSmall",1,0,217.335,215.876,1.429
"Tenant 2 [Tier 1] High-Scale Ingestion VIP","GetSmall",1,0,216.126,214.529,1.560
"Tenant 2 [Tier 1] High-Scale Ingestion VIP","PutSmall",1,0,216.382,214.540,1.810
"Tenant 2 [Tier 1] High-Scale Ingestion VIP","PutSmall",1,0,213.997,212.254,1.722
"Tenant 2 [Tier 1] High-Scale Ingestion VIP","PutSmall",1,0,213.970,212.161,1.805
"Tenant 2 [Tier 1] High-Scale Ingestion VIP","GetSmall",1,0,215.550,214.114,1.432
"Tenant 2 [Tier 1] High-Scale Ingestion VIP","GetSmall",1,0,215.531,214.064,1.454
"Tenant 2 [Tier 1] High-Scale Ingestion VIP","GetSmall",1,0,213.913,212.447,1.451
"Tenant 2 [Tier 1] High-Scale Ingestion VIP","PutSmall",1,0,216.057,214.154,1.867
"Tenant 2 [Tier 1] High-Scale Ingestion VIP","GetSmall",1,0,214.488,212.909,1.575
"Tenant 2 [Tier 1] High-Scale Ingestion VIP","PutSmall",1,0,217.255,215.486,1.740
"Tenant 2 [Tier 1] High-Scale Ingestion VIP","PutSmall",1,0,215.697,213.916,1.777
"Tenant 2 [Tier 1] High-Scale Ingestion VIP","PutSmall",1,0,215.175,213.290,1.858
"Tenant 2 [Tier 1] High-Scale Ingestion VIP","GetSmall",1,0,217.306,215.754,1.547
"Tenant 2 [Tier 1] High-Scale Ingestion VIP","GetSmall",1,0,215.065,213.590,1.468
"Tenant 2 [Tier 1] High-Scale Ingestion VIP","GetSmall",1,0,214.809,213.302,1.499
"Tenant 2 [Tier 1] High-Scale Ingestion VIP","GetSmall",1,0,215.258,213.689,1.563
"Tenant 2 [Tier 1] High-Scale Ingestion VIP","PutSmall",1,0,215.160,213.361,1.796
"Tenant 2 [Tier 1] High-Scale Ingestion VIP","GetSmall",1,0,214.882,213.425,1.435
"Tenant 2 [Tier 1] High-Scale Ingestion VIP","PutSmall",1,0,215.398,213.521,1.844
"Tenant 2 [Tier 1] High-Scale Ingestion VIP","GetSmall",1,0,214.936,213.436,1.468
"Tenant 2 [Tier 1] High-Scale Ingestion VIP","PutSmall",1,0,215.514,213.669,1.839
"Tenant 2 [Tier 1] High-Scale Ingestion VIP","PutSmall",1,0,215.547,213.642,1.890
"Tenant 2 [Tier 1] High-Scale Ingestion VIP","PutSmall",1,0,217.204,215.380,1.819
"Tenant 2 [Tier 1] High-Scale Ingestion VIP","PutSmall",1,0,217.283,215.391,1.872
"Tenant 2 [Tier 1] High-Scale Ingestion VIP","PutSmall",1,0,216.662,214.788,1.865
"Tenant 2 [Tier 1] High-Scale Ingestion VIP","PutSmall",1,0,217.145,215.303,1.839
"Tenant 2 [Tier 1] High-Scale Ingestion VIP","PutSmall",1,0,216.208,214.485,1.715
"Tenant 2 [Tier 1] High-Scale Ingestion VIP","PutSmall",1,0,216.051,214.315,1.730
"Tenant 2 [Tier 1] High-Scale Ingestion VIP","PutSmall",1,0,214.842,213.034,1.802
"Tenant 2 [Tier 1] High-Scale Ingestion VIP","PutSmall",1,0,217.224,215.392,1.826
"Tenant 2 [Tier 1] High-Scale Ingestion VIP","PutSmall",1,0,216.343,214.488,1.842
"Tenant 2 [Tier 1] High-Scale Ingestion VIP","GetSmall",1,0,217.796,216.340,1.450
"Tenant 2 [Tier 1] High-Scale Ingestion VIP","PutSmall",1,0,216.574,214.813,1.758
"Tenant 2 [Tier 1] High-Scale Ingestion VIP","PutSmall",1,0,215.692,213.881,1.803
"Tenant 2 [Tier 1] High-Scale Ingestion VIP","PutSmall",1,0,215.770,213.953,1.808
"Tenant 2 [Tier 1] High-Scale Ingestion VIP","PutSmall",1,0,215.516,213.791,1.721
"Tenant 2 [Tier 1] High-Scale Ingestion VIP","GetSmall",1,0,217.832,216.374,1.437
"Tenant 2 [Tier 1] High-Scale Ingestion VIP","GetSmall",1,0,218.265,216.790,1.444
"Tenant 2 [Tier 1] High-Scale Ingestion VIP","PutSmall",1,0,218.401,216.683,1.713
"Tenant 2 [Tier 1] High-Scale Ingestion VIP","GetSmall",1,0,216.255,214.730,1.521
"Tenant 2 [Tier 1] High-Scale Ingestion VIP","GetSmall",1,0,216.850,215.364,1.482
"Tenant 2 [Tier 1] High-Scale Ingestion VIP","GetSmall",1,0,217.683,216.122,1.552
"Tenant 2 [Tier 1] High-Scale Ingestion VIP","GetSmall",1,0,218.929,217.467,1.458
"Tenant 2 [Tier 1] High-Scale Ingestion VIP","GetSmall",1,0,218.946,217.450,1.485
"Tenant 2 [Tier 1] High-Scale Ingestion VIP","GetSmall",1,0,217.373,215.889,1.480
"Tenant 2 [Tier 1] High-Scale Ingestion VIP","GetSmall",1,0,218.503,216.997,1.502
"Tenant 2 [Tier 1] High-Scale Ingestion VIP","PutSmall",1,0,218.795,217.056,1.736
"Tenant 2 [Tier 1] High-Scale Ingestion VIP","PutSmall",1,0,218.792,217.026,1.753
"Tenant 2 [Tier 1] High-Scale Ingestion VIP","PutSmall",1,0,218.670,216.925,1.739
"Tenant 2 [Tier 1] High-Scale Ingestion VIP","GetSmall",1,0,217.942,216.450,1.481
"Tenant 2 [Tier 1] High-Scale Ingestion VIP","PutSmall",1,0,218.564,216.755,1.803
"Tenant 2 [Tier 1] High-Scale Ingestion VIP","PutSmall",1,0,218.501,216.666,1.825
"Tenant 2 [Tier 1] High-Scale Ingestion VIP","PutSmall",1,0,219.681,217.861,1.814
"Tenant 2 [Tier 1] High-Scale Ingestion VIP","PutSmall",1,0,218.153,216.370,1.777
"Tenant 2 [Tier 1] High-Scale Ingestion VIP","GetSmall",1,0,218.801,217.277,1.519
"Tenant 2 [Tier 1] High-Scale Ingestion VIP","PutSmall",1,0,219.206,217.333,1.868
"Tenant 2 [Tier 1] High-Scale Ingestion VIP","PutSmall",1,0,219.221,217.330,1.880
"Tenant 2 [Tier 1] High-Scale Ingestion VIP","PutSmall",1,0,219.507,217.767,1.737
"Tenant 2 [Tier 1] High-Scale Ingestion VIP","GetSmall",1,0,218.763,217.280,1.481
"Tenant 2 [Tier 1] High-Scale Ingestion VIP","GetSmall",1,0,219.885,218.348,1.534
"Tenant 2 [Tier 1] High-Scale Ingestion VIP","PutSmall",1,0,220.999,219.136,1.857
"Tenant 2 [Tier 1] High-Scale Ingestion VIP","GetSmall",1,0,220.277,218.767,1.505
"Tenant 2 [Tier 1] High-Scale Ingestion VIP","PutSmall",1,0,218.031,216.270,1.748
"Tenant 2 [Tier 1] High-Scale Ingestion VIP","PutSmall",1,0,221.505,219.669,1.816
"Tenant 2 [Tier 1] High-Scale Ingestion VIP","PutSmall",1,0,221.989,220.225,1.738
"Tenant 2 [Tier 1] High-Scale Ingestion VIP","GetSmall",1,0,221.499,219.962,1.529
"Tenant 2 [Tier 1] High-Scale Ingestion VIP","PutSmall",1,0,222.263,220.436,1.824
"Tenant 2 [Tier 1] High-Scale Ingestion VIP","PutSmall",1,0,222.360,220.523,1.808
"Tenant 2 [Tier 1] High-Scale Ingestion VIP","GetSmall",1,0,220.770,219.259,1.505
"Tenant 2 [Tier 1] High-Scale Ingestion VIP","PutSmall",1,0,221.081,219.297,1.781
"Tenant 2 [Tier 1] High-Scale Ingestion VIP","GetSmall",1,0,222.324,220.785,1.535
"Tenant 2 [Tier 1] High-Scale Ingestion VIP","PutSmall",1,0,223.031,221.222,1.807
"Tenant 2 [Tier 1] High-Scale Ingestion VIP","GetSmall",1,0,221.059,219.527,1.527
"Tenant 2 [Tier 1] High-Scale Ingestion VIP","GetSmall",1,0,220.934,219.366,1.552
"Tenant 2 [Tier 1] High-Scale Ingestion VIP","GetSmall",1,0,222.368,220.798,1.560
"Tenant 2 [Tier 1] High-Scale Ingestion VIP","PutSmall",1,0,220.576,218.855,1.717
"Tenant 2 [Tier 1] High-Scale Ingestion VIP","GetSmall",1,0,221.594,220.030,1.512
"Tenant 2 [Tier 1] High-Scale Ingestion VIP","GetSmall",1,0,222.502,221.039,1.430
"Tenant 2 [Tier 1] High-Scale Ingestion VIP","GetSmall",1,0,222.463,220.986,1.461
"Tenant 2 [Tier 1] High-Scale Ingestion VIP","GetSmall",1,0,222.606,221.063,1.507
"Tenant 2 [Tier 1] High-Scale Ingestion VIP","GetSmall",1,0,222.285,220.705,1.525
"Tenant 2 [Tier 1] High-Scale Ingestion VIP","GetSmall",1,0,220.700,219.175,1.522
"Tenant 2 [Tier 1] High-Scale Ingestion VIP","PutSmall",1,0,222.133,220.341,1.760
"Tenant 2 [Tier 1] High-Scale Ingestion VIP","PutSmall",1,0,220.968,219.175,1.761
"Tenant 2 [Tier 1] High-Scale Ingestion VIP","GetSmall",1,0,220.291,218.752,1.499
"Tenant 2 [Tier 1] High-Scale Ingestion VIP","PutSmall",1,0,220.687,218.817,1.836
"Tenant 2 [Tier 1] High-Scale Ingestion VIP","GetSmall",1,0,223.656,222.110,1.537
"Tenant 2 [Tier 1] High-Scale Ingestion VIP","PutSmall",1,0,223.837,222.024,1.806
"Tenant 2 [Tier 1] High-Scale Ingestion VIP","GetSmall",1,0,223.491,221.972,1.497
"Tenant 2 [Tier 1] High-Scale Ingestion VIP","PutSmall",1,0,223.201,221.359,1.840
"Tenant 2 [Tier 1] High-Scale Ingestion VIP","GetSmall",1,0,221.562,219.990,1.565
"Tenant 2 [Tier 1] High-Scale Ingestion VIP","PutSmall",1,0,221.733,220.004,1.725
"Tenant 2 [Tier 1] High-Scale Ingestion VIP","PutSmall",1,0,222.698,220.860,1.802
"Tenant 2 [Tier 1] High-Scale Ingestion VIP","PutSmall",1,0,221.777,219.999,1.749
"Tenant 2 [Tier 1] High-Scale Ingestion VIP","GetSmall",1,0,220.725,219.164,1.558
"Tenant 2 [Tier 1] High-Scale Ingestion VIP","GetSmall",1,0,222.467,220.985,1.478
"Tenant 2 [Tier 1] High-Scale Ingestion VIP","PutSmall",1,0,222.402,220.626,1.759
"Tenant 2 [Tier 1] High-Scale Ingestion VIP","PutSmall",1,0,222.487,220.677,1.781
"Tenant 2 [Tier 1] High-Scale Ingestion VIP","GetSmall",1,0,223.217,221.640,1.570
"Tenant 2 [Tier 1] High-Scale Ingestion VIP","PutSmall",1,0,223.606,221.765,1.807
"Tenant 2 [Tier 1] High-Scale Ingestion VIP","PutSmall",1,0,221.136,219.413,1.716
"Tenant 2 [Tier 1] High-Scale Ingestion VIP","PutSmall",1,0,220.980,219.172,1.805
"Tenant 2 [Tier 1] High-Scale Ingestion VIP","PutSmall",1,0,221.243,219.430,1.806
"Tenant 2 [Tier 1] High-Scale Ingestion VIP","GetSmall",1,0,221.421,219.935,1.481
"Tenant 2 [Tier 1] High-Scale Ingestion VIP","PutSmall",1,0,222.333,220.541,1.788
"Tenant 2 [Tier 1] High-Scale Ingestion VIP","GetSmall",1,0,222.715,221.209,1.503
"Tenant 2 [Tier 1] High-Scale Ingestion VIP","PutSmall",1,0,223.232,221.487,1.741
"Tenant 2 [Tier 1] High-Scale Ingestion VIP","PutSmall",1,0,221.809,219.985,1.820
"Tenant 2 [Tier 1] High-Scale Ingestion VIP","PutSmall",1,0,223.294,221.454,1.827
"Tenant 2 [Tier 1] High-Scale Ingestion VIP","GetSmall",1,0,222.669,221.109,1.555
"Tenant 2 [Tier 1] High-Scale Ingestion VIP","PutSmall",1,0,222.891,221.154,1.734
"Tenant 2 [Tier 1] High-Scale Ingestion VIP","PutSmall",1,0,223.243,221.355,1.884
"Tenant 2 [Tier 1] High-Scale Ingestion VIP","PutSmall",1,0,224.361,222.582,1.773
"Tenant 2 [Tier 1] High-Scale Ingestion VIP","GetSmall",1,0,223.085,221.516,1.556
"Tenant 2 [Tier 1] High-Scale Ingestion VIP","GetSmall",1,0,223.195,221.682,1.510
"Tenant 2 [Tier 1] High-Scale Ingestion VIP","PutSmall",1,0,223.467,221.713,1.750
"Tenant 2 [Tier 1] High-Scale Ingestion VIP","PutSmall",1,0,222.769,221.027,1.738
"Tenant 2 [Tier 1] High-Scale Ingestion VIP","GetSmall",1,0,222.706,221.257,1.445
"Tenant 2 [Tier 1] High-Scale Ingestion VIP","GetSmall",1,0,224.075,222.596,1.474
"Tenant 2 [Tier 1] High-Scale Ingestion VIP","PutSmall",1,0,223.401,221.590,1.805
"Tenant 2 [Tier 1] High-Scale Ingestion VIP","PutSmall",1,0,223.117,221.227,1.886
"Tenant 2 [Tier 1] High-Scale Ingestion VIP","PutSmall",1,0,224.091,222.220,1.863
"Tenant 2 [Tier 1] High-Scale Ingestion VIP","GetSmall",1,0,222.941,221.443,1.493
"Tenant 2 [Tier 1] High-Scale Ingestion VIP","PutSmall",1,0,223.142,221.383,1.755
"Tenant 2 [Tier 1] High-Scale Ingestion VIP","GetSmall",1,0,222.849,221.376,1.469
"Tenant 2 [Tier 1] High-Scale Ingestion VIP","PutSmall",1,0,224.305,222.531,1.764
"Tenant 2 [Tier 1] High-Scale Ingestion VIP","GetSmall",1,0,223.700,222.233,1.453
"Tenant 2 [Tier 1] High-Scale Ingestion VIP","GetSmall",0,-125,151.541,151.541,0.000
"Tenant 2 [Tier 1] High-Scale Ingestion VIP","GetSmall",0,-125,139.346,139.346,0.000
"Tenant 2 [Tier 1] High-Scale Ingestion VIP","PutSmall",0,-125,130.690,130.690,0.000
"Tenant 2 [Tier 1] High-Scale Ingestion VIP","GetSmall",0,-125,122.999,122.999,0.000
"Tenant 2 [Tier 1] High-Scale Ingestion VIP","PutSmall",0,-125,122.974,122.974,0.000
"Tenant 2 [Tier 1] High-Scale Ingestion VIP","GetSmall",0,-125,118.711,118.711,0.000
"Tenant 2 [Tier 1] High-Scale Ingestion VIP","GetSmall",0,-125,118.449,118.449,0.000
"Tenant 2 [Tier 1] High-Scale Ingestion VIP","PutSmall",0,-125,110.557,110.557,0.000
"Tenant 2 [Tier 1] High-Scale Ingestion VIP","PutSmall",0,-125,110.294,110.294,0.000
"Tenant 2 [Tier 1] High-Scale Ingestion VIP","PutSmall",0,-125,106.076,106.076,0.000
"Tenant 2 [Tier 1] High-Scale Ingestion VIP","PutSmall",0,-125,106.019,106.019,0.000
"Tenant 2 [Tier 1] High-Scale Ingestion VIP","GetSmall",0,-125,101.664,101.664,0.000
"Tenant 2 [Tier 1] High-Scale Ingestion VIP","GetSmall",0,-125,101.514,101.514,0.000
"Tenant 2 [Tier 1] High-Scale Ingestion VIP","GetSmall",0,-125,97.962,97.962,0.000
"Tenant 2 [Tier 1] High-Scale Ingestion VIP","PutSmall",0,-125,93.507,93.507,0.000
"Tenant 2 [Tier 1] High-Scale Ingestion VIP","GetSmall",0,-125,93.490,93.490,0.000
"Tenant 2 [Tier 1] High-Scale Ingestion VIP","PutSmall",0,-125,93.448,93.448,0.000
"Tenant 2 [Tier 1] High-Scale Ingestion VIP","GetSmall",0,-125,93.447,93.447,0.000
"Tenant 2 [Tier 1] High-Scale Ingestion VIP","PutSmall",0,-125,90.772,90.772,0.000
"Tenant 2 [Tier 1] High-Scale Ingestion VIP","PutSmall",0,-125,84.483,84.483,0.000
"Tenant 2 [Tier 1] High-Scale Ingestion VIP","PutSmall",0,-125,81.491,81.491,0.000
"Tenant 2 [Tier 1] High-Scale Ingestion VIP","PutSmall",0,-125,77.083,77.083,0.000
"Tenant 2 [Tier 1] High-Scale Ingestion VIP","PutSmall",0,-125,76.753,76.753,0.000
"Tenant 2 [Tier 1] High-Scale Ingestion VIP","GetSmall",0,-125,70.223,70.223,0.000
"Tenant 2 [Tier 1] High-Scale Ingestion VIP","GetSmall",0,-125,69.986,69.986,0.000
"Tenant 2 [Tier 1] High-Scale Ingestion VIP","PutSmall",0,-125,65.337,65.337,0.000
"Tenant 2 [Tier 1] High-Scale Ingestion VIP","PutSmall",0,-125,63.730,63.730,0.000
"Tenant 2 [Tier 1] High-Scale Ingestion VIP","GetSmall",0,-125,62.078,62.078,0.000
"Tenant 2 [Tier 1] High-Scale Ingestion VIP","PutSmall",0,-125,59.084,59.084,0.000
"Tenant 2 [Tier 1] High-Scale Ingestion VIP","PutSmall",0,-125,63.604,63.604,0.000
"Tenant 2 [Tier 1] High-Scale Ingestion VIP","PutSmall",0,-125,54.289,54.289,0.000
"Tenant 2 [Tier 1] High-Scale Ingestion VIP","PutSmall",0,-125,53.993,53.993,0.000
"Tenant 2 [Tier 1] High-Scale Ingestion VIP","GetSmall",0,-125,53.969,53.969,0.000
"Tenant 2 [Tier 1] High-Scale Ingestion VIP","GetSmall",0,-125,53.060,53.060,0.000
"Tenant 2 [Tier 1] High-Scale Ingestion VIP","PutSmall",0,-125,52.799,52.799,0.000
"Tenant 2 [Tier 1] High-Scale Ingestion VIP","GetSmall",0,-125,65.717,65.717,0.000
"Tenant 2 [Tier 1] High-Scale Ingestion VIP","GetSmall",0,-125,49.538,49.538,0.000
"Tenant 2 [Tier 1] High-Scale Ingestion VIP","GetSmall",0,-125,49.454,49.454,0.000
"Tenant 2 [Tier 1] High-Scale Ingestion VIP","GetSmall",0,-125,49.453,49.453,0.000
"Tenant 2 [Tier 1] High-Scale Ingestion VIP","PutSmall",0,-125,46.868,46.868,0.000
"Tenant 2 [Tier 1] High-Scale Ingestion VIP","GetSmall",0,-125,46.571,46.571,0.000
"Tenant 2 [Tier 1] High-Scale Ingestion VIP","PutSmall",0,-125,43.209,43.209,0.000
"Tenant 2 [Tier 1] High-Scale Ingestion VIP","GetSmall",0,-125,41.442,41.442,0.000
"Tenant 2 [Tier 1] High-Scale Ingestion VIP","PutSmall",0,-125,41.364,41.364,0.000
"Tenant 2 [Tier 1] High-Scale Ingestion VIP","GetSmall",0,-125,41.353,41.353,0.000
"Tenant 2 [Tier 1] High-Scale Ingestion VIP","GetSmall",0,-125,38.740,38.740,0.000
"Tenant 2 [Tier 1] High-Scale Ingestion VIP","GetSmall",0,-125,38.537,38.537,0.000
"Tenant 2 [Tier 1] High-Scale Ingestion VIP","PutSmall",0,-125,57.609,57.609,0.000
"Tenant 2 [Tier 1] High-Scale Ingestion VIP","GetSmall",0,-125,38.427,38.427,0.000
"Tenant 2 [Tier 1] High-Scale Ingestion VIP","GetSmall",0,-125,36.964,36.964,0.000
"Tenant 2 [Tier 1] High-Scale Ingestion VIP","PutSmall",0,-125,35.372,35.372,0.000
"Tenant 2 [Tier 1] High-Scale Ingestion VIP","GetSmall",0,-125,34.918,34.918,0.000
"Tenant 2 [Tier 1] High-Scale Ingestion VIP","PutSmall",0,-125,34.681,34.681,0.000
"Tenant 2 [Tier 1] High-Scale Ingestion VIP","PutSmall",0,-125,33.863,33.863,0.000
"Tenant 2 [Tier 1] High-Scale Ingestion VIP","GetSmall",0,-125,30.778,30.778,0.000
"Tenant 2 [Tier 1] High-Scale Ingestion VIP","PutSmall",0,-125,30.435,30.435,0.000
"Tenant 2 [Tier 1] High-Scale Ingestion VIP","GetSmall",0,-125,30.356,30.356,0.000
"Tenant 2 [Tier 1] High-Scale Ingestion VIP","PutSmall",0,-125,29.004,29.004,0.000
"Tenant 2 [Tier 1] High-Scale Ingestion VIP","PutSmall",0,-125,27.481,27.481,0.000
"Tenant 2 [Tier 1] High-Scale Ingestion VIP","GetSmall",0,-125,27.232,27.232,0.000
"Tenant 2 [Tier 1] High-Scale Ingestion VIP","PutSmall",0,-125,26.057,26.057,0.000
"Tenant 2 [Tier 1] High-Scale Ingestion VIP","GetSmall",0,-125,25.758,25.758,0.000
"Tenant 2 [Tier 1] High-Scale Ingestion VIP","GetSmall",0,-125,20.097,20.097,0.000
"Tenant 2 [Tier 1] High-Scale Ingestion VIP","GetSmall",0,-125,30.898,30.898,0.000
"Tenant 3 [Tier 2] Real-Time Web & Search","GetSmall",1,0,22.315,20.883,1.425
"Tenant 3 [Tier 2] Real-Time Web & Search","GetSmall",1,0,22.699,21.221,1.470
"Tenant 3 [Tier 2] Real-Time Web & Search","GetSmall",1,0,22.793,21.216,1.568
"Tenant 3 [Tier 2] Real-Time Web & Search","GetSmall",1,0,23.213,21.749,1.448
"Tenant 3 [Tier 2] Real-Time Web & Search","GetSmall",1,0,23.284,21.750,1.521
"Tenant 3 [Tier 2] Real-Time Web & Search","GetSmall",1,0,23.317,21.740,1.570
"Tenant 3 [Tier 2] Real-Time Web & Search","GetSmall",1,0,24.912,23.346,1.561
"Tenant 3 [Tier 2] Real-Time Web & Search","GetSmall",1,0,26.404,24.941,1.452
"Tenant 3 [Tier 2] Real-Time Web & Search","GetSmall",1,0,26.428,24.969,1.432
"Tenant 3 [Tier 2] Real-Time Web & Search","GetSmall",1,0,26.460,24.958,1.482
"Tenant 3 [Tier 2] Real-Time Web & Search","GetSmall",1,0,26.520,24.952,1.561
"Tenant 3 [Tier 2] Real-Time Web & Search","GetSmall",1,0,26.539,24.963,1.564
"Tenant 3 [Tier 2] Real-Time Web & Search","GetLarge",1,0,27.084,23.323,3.750
"Tenant 3 [Tier 2] Real-Time Web & Search","GetLarge",1,0,30.313,26.435,3.857
"Tenant 3 [Tier 2] Real-Time Web & Search","GetSmall",1,0,30.676,29.212,1.451
"Tenant 3 [Tier 2] Real-Time Web & Search","GetSmall",1,0,30.690,29.192,1.476
"Tenant 3 [Tier 2] Real-Time Web & Search","GetSmall",1,0,30.692,29.210,1.456
"Tenant 3 [Tier 2] Real-Time Web & Search","GetSmall",1,0,31.839,30.336,1.494
"Tenant 3 [Tier 2] Real-Time Web & Search","GetSmall",1,0,31.886,30.348,1.526
"Tenant 3 [Tier 2] Real-Time Web & Search","GetSmall",1,0,32.265,30.702,1.546
"Tenant 3 [Tier 2] Real-Time Web & Search","GetLarge",1,0,32.910,29.191,3.706
"Tenant 3 [Tier 2] Real-Time Web & Search","GetSmall",1,0,33.775,32.291,1.477
"Tenant 3 [Tier 2] Real-Time Web & Search","GetLarge",1,0,34.171,30.339,3.824
"Tenant 3 [Tier 2] Real-Time Web & Search","GetSmall",1,0,34.381,32.898,1.471
"Tenant 3 [Tier 2] Real-Time Web & Search","GetSmall",1,0,35.659,34.170,1.480
"Tenant 3 [Tier 2] Real-Time Web & Search","GetLarge",1,0,36.171,32.298,3.863
"Tenant 3 [Tier 2] Real-Time Web & Search","GetSmall",1,0,36.732,35.293,1.426
"Tenant 3 [Tier 2] Real-Time Web & Search","GetSmall",1,0,36.785,35.289,1.463
"Tenant 3 [Tier 2] Real-Time Web & Search","GetSmall",1,0,36.864,35.294,1.561
"Tenant 3 [Tier 2] Real-Time Web & Search","GetLarge",1,0,38.082,34.172,3.899
"Tenant 3 [Tier 2] Real-Time Web & Search","GetLarge",1,0,40.665,36.761,3.896
"Tenant 3 [Tier 2] Real-Time Web & Search","GetSmall",1,0,41.104,39.567,1.524
"Tenant 3 [Tier 2] Real-Time Web & Search","GetSmall",1,0,222.963,221.502,1.450
"Tenant 3 [Tier 2] Real-Time Web & Search","GetSmall",1,0,223.055,221.569,1.478
"Tenant 3 [Tier 2] Real-Time Web & Search","GetSmall",1,0,222.978,221.473,1.484
"Tenant 3 [Tier 2] Real-Time Web & Search","GetSmall",1,0,223.530,221.992,1.534
"Tenant 3 [Tier 2] Real-Time Web & Search","GetSmall",1,0,221.464,219.882,1.573
"Tenant 3 [Tier 2] Real-Time Web & Search","GetLarge",1,0,224.605,220.913,3.687
"Tenant 3 [Tier 2] Real-Time Web & Search","GetLarge",1,0,226.014,222.085,3.906
"Tenant 3 [Tier 2] Real-Time Web & Search","GetLarge",1,0,223.560,219.866,3.687
"Tenant 3 [Tier 2] Real-Time Web & Search","GetSmall",1,0,224.968,223.466,1.491
"Tenant 3 [Tier 2] Real-Time Web & Search","GetSmall",1,0,225.063,223.484,1.569
"Tenant 3 [Tier 2] Real-Time Web & Search","GetLarge",1,0,225.939,222.296,3.636
"Tenant 3 [Tier 2] Real-Time Web & Search","GetSmall",1,0,222.793,221.212,1.573
"Tenant 3 [Tier 2] Real-Time Web & Search","GetLarge",1,0,227.145,223.551,3.585
"Tenant 3 [Tier 2] Real-Time Web & Search","GetSmall",1,0,223.149,221.705,1.438
"Tenant 3 [Tier 2] Real-Time Web & Search","GetSmall",1,0,223.158,221.689,1.446
"Tenant 3 [Tier 2] Real-Time Web & Search","GetSmall",1,0,222.031,220.537,1.465
"Tenant 3 [Tier 2] Real-Time Web & Search","GetSmall",1,0,223.249,221.685,1.558
"Tenant 3 [Tier 2] Real-Time Web & Search","GetSmall",1,0,222.800,221.231,1.564
"Tenant 3 [Tier 2] Real-Time Web & Search","GetLarge",1,0,228.127,224.455,3.658
"Tenant 3 [Tier 2] Real-Time Web & Search","GetSmall",1,0,223.024,221.490,1.529
"Tenant 3 [Tier 2] Real-Time Web & Search","GetSmall",1,0,222.379,220.924,1.443
"Tenant 3 [Tier 2] Real-Time Web & Search","GetSmall",1,0,222.083,220.544,1.532
"Tenant 3 [Tier 2] Real-Time Web & Search","GetSmall",1,0,222.283,220.766,1.511
"Tenant 3 [Tier 2] Real-Time Web & Search","GetSmall",1,0,221.017,219.482,1.530
"Tenant 3 [Tier 2] Real-Time Web & Search","GetLarge",1,0,225.798,222.115,3.671
"Tenant 3 [Tier 2] Real-Time Web & Search","GetSmall",1,0,221.521,219.950,1.562
"Tenant 3 [Tier 2] Real-Time Web & Search","GetSmall",1,0,222.729,221.276,1.439
"Tenant 3 [Tier 2] Real-Time Web & Search","GetLarge",1,0,224.394,220.523,3.857
"Tenant 3 [Tier 2] Real-Time Web & Search","GetSmall",1,0,223.038,221.465,1.568
"Tenant 3 [Tier 2] Real-Time Web & Search","GetLarge",1,0,226.612,222.680,3.925
"Tenant 3 [Tier 2] Real-Time Web & Search","GetSmall",1,0,223.244,221.763,1.473
"Tenant 3 [Tier 2] Real-Time Web & Search","GetLarge",1,0,225.935,222.227,3.701
"Tenant 3 [Tier 2] Real-Time Web & Search","GetSmall",1,0,217.266,215.791,1.471
"Tenant 3 [Tier 2] Real-Time Web & Search","GetSmall",1,0,217.406,215.877,1.523
"Tenant 3 [Tier 2] Real-Time Web & Search","GetSmall",1,0,219.753,218.294,1.454
"Tenant 3 [Tier 2] Real-Time Web & Search","GetSmall",1,0,219.252,217.701,1.540
"Tenant 3 [Tier 2] Real-Time Web & Search","GetSmall",1,0,219.813,218.244,1.563
"Tenant 3 [Tier 2] Real-Time Web & Search","GetLarge",1,0,220.972,217.398,3.569
"Tenant 3 [Tier 2] Real-Time Web & Search","GetSmall",1,0,217.705,216.134,1.567
"Tenant 3 [Tier 2] Real-Time Web & Search","GetSmall",1,0,217.153,215.698,1.450
"Tenant 3 [Tier 2] Real-Time Web & Search","GetSmall",1,0,217.273,215.769,1.476
"Tenant 3 [Tier 2] Real-Time Web & Search","GetLarge",1,0,221.204,217.406,3.792
"Tenant 3 [Tier 2] Real-Time Web & Search","GetSmall",1,0,217.160,215.655,1.500
"Tenant 3 [Tier 2] Real-Time Web & Search","GetSmall",1,0,216.734,215.159,1.568
"Tenant 3 [Tier 2] Real-Time Web & Search","GetSmall",1,0,217.958,216.433,1.515
"Tenant 3 [Tier 2] Real-Time Web & Search","GetLarge",1,0,219.982,216.386,3.588
"Tenant 3 [Tier 2] Real-Time Web & Search","GetSmall",1,0,218.082,216.555,1.521
"Tenant 3 [Tier 2] Real-Time Web & Search","GetSmall",1,0,218.841,217.297,1.520
"Tenant 3 [Tier 2] Real-Time Web & Search","GetSmall",1,0,218.930,217.365,1.545
"Tenant 3 [Tier 2] Real-Time Web & Search","GetLarge",1,0,220.404,216.461,3.935
"Tenant 3 [Tier 2] Real-Time Web & Search","GetSmall",1,0,218.385,216.892,1.489
"Tenant 3 [Tier 2] Real-Time Web & Search","GetSmall",1,0,219.536,218.072,1.460
"Tenant 3 [Tier 2] Real-Time Web & Search","GetLarge",1,0,221.258,217.630,3.619
"Tenant 3 [Tier 2] Real-Time Web & Search","GetSmall",1,0,219.257,217.754,1.491
"Tenant 3 [Tier 2] Real-Time Web & Search","GetSmall",1,0,217.817,216.281,1.508
"Tenant 3 [Tier 2] Real-Time Web & Search","GetSmall",1,0,220.681,219.132,1.512
"Tenant 3 [Tier 2] Real-Time Web & Search","GetSmall",1,0,220.674,219.118,1.520
"Tenant 3 [Tier 2] Real-Time Web & Search","GetSmall",1,0,216.801,215.245,1.514
"Tenant 3 [Tier 2] Real-Time Web & Search","GetSmall",1,0,219.117,217.539,1.572
"Tenant 3 [Tier 2] Real-Time Web & Search","GetSmall",1,0,216.781,215.324,1.449
"Tenant 3 [Tier 2] Real-Time Web & Search","GetLarge",1,0,221.944,218.151,3.784
"Tenant 3 [Tier 2] Real-Time Web & Search","GetSmall",1,0,216.317,214.821,1.494
"Tenant 3 [Tier 2] Real-Time Web & Search","GetSmall",1,0,216.037,214.459,1.574
"Tenant 3 [Tier 2] Real-Time Web & Search","GetLarge",1,0,218.389,214.503,3.865
"Tenant 3 [Tier 2] Real-Time Web & Search","GetLarge",1,0,220.968,217.238,3.719
"Tenant 3 [Tier 2] Real-Time Web & Search","GetSmall",1,0,219.459,217.979,1.473
"Tenant 3 [Tier 2] Real-Time Web & Search","GetSmall",1,0,219.875,218.317,1.550
"Tenant 3 [Tier 2] Real-Time Web & Search","GetSmall",1,0,218.255,216.810,1.431
"Tenant 3 [Tier 2] Real-Time Web & Search","GetSmall",1,0,219.336,217.869,1.462
"Tenant 3 [Tier 2] Real-Time Web & Search","GetSmall",1,0,218.248,216.764,1.465
"Tenant 3 [Tier 2] Real-Time Web & Search","GetSmall",1,0,219.786,218.286,1.477
"Tenant 3 [Tier 2] Real-Time Web & Search","GetSmall",1,0,217.162,215.655,1.470
"Tenant 3 [Tier 2] Real-Time Web & Search","GetSmall",1,0,217.284,215.807,1.461
"Tenant 3 [Tier 2] Real-Time Web & Search","GetLarge",1,0,224.046,220.376,3.662
"Tenant 3 [Tier 2] Real-Time Web & Search","GetLarge",1,0,221.980,218.354,3.611
"Tenant 3 [Tier 2] Real-Time Web & Search","GetLarge",1,0,220.986,217.242,3.729
"Tenant 3 [Tier 2] Real-Time Web & Search","GetSmall",1,0,219.121,217.670,1.442
"Tenant 3 [Tier 2] Real-Time Web & Search","GetSmall",1,0,219.606,218.136,1.454
"Tenant 3 [Tier 2] Real-Time Web & Search","GetSmall",1,0,219.163,217.675,1.472
"Tenant 3 [Tier 2] Real-Time Web & Search","GetSmall",1,0,219.272,217.716,1.540
"Tenant 3 [Tier 2] Real-Time Web & Search","GetLarge",1,0,222.406,218.648,3.744
"Tenant 3 [Tier 2] Real-Time Web & Search","GetLarge",1,0,220.862,217.122,3.729
"Tenant 3 [Tier 2] Real-Time Web & Search","GetSmall",1,0,218.344,216.894,1.439
"Tenant 3 [Tier 2] Real-Time Web & Search","GetSmall",1,0,219.945,218.427,1.510
"Tenant 3 [Tier 2] Real-Time Web & Search","GetSmall",1,0,219.322,217.776,1.525
"Tenant 3 [Tier 2] Real-Time Web & Search","GetSmall",1,0,219.894,218.325,1.559
"Tenant 3 [Tier 2] Real-Time Web & Search","GetLarge",1,0,223.799,219.910,3.868
"Tenant 3 [Tier 2] Real-Time Web & Search","GetSmall",1,0,221.331,219.893,1.434
"Tenant 3 [Tier 2] Real-Time Web & Search","GetSmall",1,0,221.460,219.911,1.543
"Tenant 3 [Tier 2] Real-Time Web & Search","GetLarge",1,0,221.509,217.758,3.737
"Tenant 3 [Tier 2] Real-Time Web & Search","GetSmall",1,0,221.769,220.209,1.554
"Tenant 3 [Tier 2] Real-Time Web & Search","GetLarge",1,0,223.811,219.913,3.892
"Tenant 3 [Tier 2] Real-Time Web & Search","GetLarge",1,0,225.479,221.598,3.878
"Tenant 3 [Tier 2] Real-Time Web & Search","GetSmall",1,0,226.252,224.781,1.451
"Tenant 3 [Tier 2] Real-Time Web & Search","GetLarge",1,0,226.884,223.136,3.733
"Tenant 3 [Tier 2] Real-Time Web & Search","GetSmall",1,0,221.902,220.375,1.515
"Tenant 3 [Tier 2] Real-Time Web & Search","GetSmall",1,0,221.204,219.744,1.454
"Tenant 3 [Tier 2] Real-Time Web & Search","GetSmall",1,0,220.745,219.271,1.469
"Tenant 3 [Tier 2] Real-Time Web & Search","GetSmall",1,0,222.364,220.787,1.568
"Tenant 3 [Tier 2] Real-Time Web & Search","GetSmall",1,0,220.009,218.555,1.446
"Tenant 3 [Tier 2] Real-Time Web & Search","GetSmall",1,0,220.338,218.863,1.470
"Tenant 3 [Tier 2] Real-Time Web & Search","GetSmall",1,0,220.392,218.875,1.511
"Tenant 3 [Tier 2] Real-Time Web & Search","GetSmall",1,0,222.354,220.794,1.551
"Tenant 3 [Tier 2] Real-Time Web & Search","GetSmall",1,0,222.864,221.303,1.545
"Tenant 3 [Tier 2] Real-Time Web & Search","GetSmall",1,0,220.095,218.627,1.457
"Tenant 3 [Tier 2] Real-Time Web & Search","GetSmall",1,0,223.321,221.811,1.489
"Tenant 3 [Tier 2] Real-Time Web & Search","GetLarge",1,0,225.004,221.308,3.692
"Tenant 3 [Tier 2] Real-Time Web & Search","GetSmall",1,0,220.934,219.471,1.459
"Tenant 3 [Tier 2] Real-Time Web & Search","GetSmall",1,0,221.029,219.499,1.523
"Tenant 3 [Tier 2] Real-Time Web & Search","GetSmall",1,0,221.029,219.475,1.547
"Tenant 3 [Tier 2] Real-Time Web & Search","GetLarge",1,0,226.171,222.237,3.927
"Tenant 3 [Tier 2] Real-Time Web & Search","GetSmall",1,0,218.690,217.229,1.448
"Tenant 3 [Tier 2] Real-Time Web & Search","GetSmall",1,0,219.280,217.817,1.452
"Tenant 3 [Tier 2] Real-Time Web & Search","GetSmall",1,0,218.658,217.164,1.479
"Tenant 3 [Tier 2] Real-Time Web & Search","GetSmall",1,0,220.203,218.689,1.491
"Tenant 3 [Tier 2] Real-Time Web & Search","GetSmall",1,0,219.603,218.112,1.484
"Tenant 3 [Tier 2] Real-Time Web & Search","GetLarge",1,0,224.574,220.859,3.707
"Tenant 3 [Tier 2] Real-Time Web & Search","GetSmall",1,0,218.518,217.063,1.446
"Tenant 3 [Tier 2] Real-Time Web & Search","GetSmall",1,0,217.923,216.441,1.464
"Tenant 3 [Tier 2] Real-Time Web & Search","GetSmall",1,0,218.058,216.547,1.508
"Tenant 3 [Tier 2] Real-Time Web & Search","GetSmall",1,0,218.607,217.071,1.531
"Tenant 3 [Tier 2] Real-Time Web & Search","GetSmall",1,0,217.819,216.248,1.564
"Tenant 3 [Tier 2] Real-Time Web & Search","GetLarge",1,0,221.753,217.917,3.832
"Tenant 3 [Tier 2] Real-Time Web & Search","GetLarge",1,0,220.023,216.309,3.711
"Tenant 3 [Tier 2] Real-Time Web & Search","GetSmall",1,0,218.370,216.896,1.470
"Tenant 3 [Tier 2] Real-Time Web & Search","GetSmall",1,0,215.370,213.811,1.544
"Tenant 3 [Tier 2] Real-Time Web & Search","GetLarge",1,0,218.886,215.200,3.677
"Tenant 3 [Tier 2] Real-Time Web & Search","GetSmall",1,0,218.906,217.333,1.565
"Tenant 3 [Tier 2] Real-Time Web & Search","GetSmall",1,0,217.272,215.809,1.449
"Tenant 3 [Tier 2] Real-Time Web & Search","GetSmall",1,0,217.244,215.736,1.504
"Tenant 3 [Tier 2] Real-Time Web & Search","GetLarge",1,0,221.100,217.512,3.585
"Tenant 3 [Tier 2] Real-Time Web & Search","GetLarge",1,0,224.090,220.207,3.871
"Tenant 3 [Tier 2] Real-Time Web & Search","GetLarge",1,0,224.428,220.617,3.795
"Tenant 3 [Tier 2] Real-Time Web & Search","GetSmall",1,0,221.889,220.375,1.496
"Tenant 3 [Tier 2] Real-Time Web & Search","GetSmall",1,0,221.918,220.365,1.523
"Tenant 3 [Tier 2] Real-Time Web & Search","GetLarge",1,0,226.567,222.869,3.682
"Tenant 3 [Tier 2] Real-Time Web & Search","GetLarge",1,0,223.366,219.696,3.653
"Tenant 3 [Tier 2] Real-Time Web & Search","GetSmall",1,0,222.465,220.915,1.536
"Tenant 3 [Tier 2] Real-Time Web & Search","GetSmall",1,0,223.371,221.787,1.574
"Tenant 3 [Tier 2] Real-Time Web & Search","GetSmall",1,0,223.333,221.817,1.510
"Tenant 3 [Tier 2] Real-Time Web & Search","GetSmall",1,0,222.471,220.935,1.518
"Tenant 3 [Tier 2] Real-Time Web & Search","GetSmall",1,0,222.543,221.017,1.519
"Tenant 3 [Tier 2] Real-Time Web & Search","GetLarge",1,0,225.993,222.367,3.616
"Tenant 3 [Tier 2] Real-Time Web & Search","GetSmall",1,0,223.990,222.530,1.453
"Tenant 3 [Tier 2] Real-Time Web & Search","GetLarge",1,0,225.490,221.838,3.641
"Tenant 3 [Tier 2] Real-Time Web & Search","GetSmall",1,0,223.625,222.087,1.524
"Tenant 3 [Tier 2] Real-Time Web & Search","GetSmall",1,0,224.605,223.042,1.553
"Tenant 3 [Tier 2] Real-Time Web & Search","GetSmall",1,0,223.280,221.744,1.525
"Tenant 3 [Tier 2] Real-Time Web & Search","GetSmall",1,0,223.329,221.758,1.528
"Tenant 3 [Tier 2] Real-Time Web & Search","GetLarge",1,0,226.495,222.561,3.928
"Tenant 3 [Tier 2] Real-Time Web & Search","GetSmall",1,0,223.946,222.488,1.453
"Tenant 3 [Tier 2] Real-Time Web & Search","GetSmall",1,0,224.540,223.063,1.474
"Tenant 3 [Tier 2] Real-Time Web & Search","GetLarge",1,0,227.157,223.309,3.842
"Tenant 3 [Tier 2] Real-Time Web & Search","GetSmall",1,0,225.689,224.233,1.450
"Tenant 3 [Tier 2] Real-Time Web & Search","GetLarge",1,0,227.653,223.973,3.667
"Tenant 3 [Tier 2] Real-Time Web & Search","GetSmall",1,0,224.109,222.616,1.488
"Tenant 3 [Tier 2] Real-Time Web & Search","GetLarge",1,0,226.934,223.142,3.785
"Tenant 3 [Tier 2] Real-Time Web & Search","GetSmall",1,0,224.909,223.341,1.551
"Tenant 3 [Tier 2] Real-Time Web & Search","GetLarge",1,0,229.827,226.148,3.673
"Tenant 3 [Tier 2] Real-Time Web & Search","GetLarge",1,0,228.832,224.944,3.880
"Tenant 3 [Tier 2] Real-Time Web & Search","GetSmall",1,0,229.171,227.596,1.570
"Tenant 3 [Tier 2] Real-Time Web & Search","GetSmall",1,0,230.030,228.560,1.466
"Tenant 3 [Tier 2] Real-Time Web & Search","GetSmall",1,0,225.939,224.474,1.456
"Tenant 3 [Tier 2] Real-Time Web & Search","GetLarge",1,0,229.953,226.166,3.773
"Tenant 3 [Tier 2] Real-Time Web & Search","GetSmall",1,0,227.344,225.891,1.440
"Tenant 3 [Tier 2] Real-Time Web & Search","GetSmall",1,0,224.409,222.958,1.437
"Tenant 3 [Tier 2] Real-Time Web & Search","GetSmall",1,0,225.266,223.754,1.501
"Tenant 3 [Tier 2] Real-Time Web & Search","GetLarge",1,0,228.929,225.156,3.767
"Tenant 3 [Tier 2] Real-Time Web & Search","GetLarge",1,0,229.626,225.936,3.680
"Tenant 3 [Tier 2] Real-Time Web & Search","GetSmall",1,0,226.158,224.638,1.508
"Tenant 3 [Tier 2] Real-Time Web & Search","GetSmall",1,0,225.250,223.728,1.507
"Tenant 3 [Tier 2] Real-Time Web & Search","GetLarge",1,0,228.459,224.689,3.756
"Tenant 3 [Tier 2] Real-Time Web & Search","GetLarge",1,0,228.959,225.108,3.843
"Tenant 3 [Tier 2] Real-Time Web & Search","GetSmall",1,0,227.876,226.411,1.441
"Tenant 3 [Tier 2] Real-Time Web & Search","GetSmall",1,0,226.943,225.472,1.455
"Tenant 3 [Tier 2] Real-Time Web & Search","GetSmall",1,0,226.911,225.412,1.474
"Tenant 3 [Tier 2] Real-Time Web & Search","GetSmall",1,0,227.867,226.327,1.534
"Tenant 3 [Tier 2] Real-Time Web & Search","GetLarge",1,0,230.559,226.935,3.611
"Tenant 3 [Tier 2] Real-Time Web & Search","GetSmall",1,0,227.833,226.380,1.445
"Tenant 3 [Tier 2] Real-Time Web & Search","GetSmall",1,0,228.128,226.645,1.478
"Tenant 3 [Tier 2] Real-Time Web & Search","GetLarge",1,0,230.047,226.343,3.698
"Tenant 3 [Tier 2] Real-Time Web & Search","GetSmall",1,0,229.013,227.575,1.432
"Tenant 3 [Tier 2] Real-Time Web & Search","GetLarge",1,0,231.281,227.562,3.709
"Tenant 3 [Tier 2] Real-Time Web & Search","GetSmall",1,0,228.108,226.650,1.449
"Tenant 3 [Tier 2] Real-Time Web & Search","GetLarge",1,0,231.249,227.590,3.650
"Tenant 3 [Tier 2] Real-Time Web & Search","GetLarge",1,0,231.027,227.248,3.770
"Tenant 3 [Tier 2] Real-Time Web & Search","GetLarge",1,0,233.182,229.432,3.742
"Tenant 3 [Tier 2] Real-Time Web & Search","GetSmall",1,0,230.047,228.493,1.547
"Tenant 3 [Tier 2] Real-Time Web & Search","GetSmall",1,0,229.333,227.839,1.488
"Tenant 3 [Tier 2] Real-Time Web & Search","GetSmall",1,0,228.799,227.324,1.471
"Tenant 3 [Tier 2] Real-Time Web & Search","GetLarge",1,0,235.936,232.075,3.846
"Tenant 3 [Tier 2] Real-Time Web & Search","GetLarge",1,0,230.902,227.021,3.872
"Tenant 3 [Tier 2] Real-Time Web & Search","GetSmall",1,0,229.718,228.213,1.502
"Tenant 3 [Tier 2] Real-Time Web & Search","GetSmall",1,0,228.277,226.830,1.441
"Tenant 3 [Tier 2] Real-Time Web & Search","GetSmall",1,0,228.508,227.006,1.495
"Tenant 3 [Tier 2] Real-Time Web & Search","GetLarge",1,0,232.472,228.837,3.618
"Tenant 3 [Tier 2] Real-Time Web & Search","GetSmall",1,0,228.538,227.000,1.531
"Tenant 3 [Tier 2] Real-Time Web & Search","GetLarge",1,0,230.609,227.004,3.589
"Tenant 3 [Tier 2] Real-Time Web & Search","GetLarge",1,0,232.099,228.501,3.589
"Tenant 3 [Tier 2] Real-Time Web & Search","GetSmall",1,0,231.261,229.782,1.461
"Tenant 3 [Tier 2] Real-Time Web & Search","GetSmall",1,0,231.359,229.784,1.547
"Tenant 3 [Tier 2] Real-Time Web & Search","GetLarge",1,0,233.714,229.816,3.882
"Tenant 3 [Tier 2] Real-Time Web & Search","GetSmall",1,0,229.020,227.575,1.438
"Tenant 3 [Tier 2] Real-Time Web & Search","GetSmall",1,0,229.120,227.593,1.517
"Tenant 3 [Tier 2] Real-Time Web & Search","GetLarge",1,0,233.800,229.931,3.864
"Tenant 3 [Tier 2] Real-Time Web & Search","GetSmall",1,0,230.535,228.996,1.532
"Tenant 3 [Tier 2] Real-Time Web & Search","GetLarge",1,0,232.779,229.074,3.697
"Tenant 3 [Tier 2] Real-Time Web & Search","GetSmall",1,0,229.237,227.782,1.448
"Tenant 3 [Tier 2] Real-Time Web & Search","GetSmall",1,0,229.888,228.360,1.523
"Tenant 3 [Tier 2] Real-Time Web & Search","GetLarge",1,0,232.855,229.021,3.829
"Tenant 3 [Tier 2] Real-Time Web & Search","GetSmall",1,0,229.205,227.763,1.438
"Tenant 3 [Tier 2] Real-Time Web & Search","GetSmall",1,0,230.732,229.175,1.548
"Tenant 3 [Tier 2] Real-Time Web & Search","GetLarge",1,0,232.690,228.863,3.822
"Tenant 3 [Tier 2] Real-Time Web & Search","GetSmall",1,0,229.201,227.766,1.429
"Tenant 3 [Tier 2] Real-Time Web & Search","GetSmall",1,0,229.933,228.467,1.457
"Tenant 3 [Tier 2] Real-Time Web & Search","GetSmall",1,0,228.576,227.016,1.555
"Tenant 3 [Tier 2] Real-Time Web & Search","GetLarge",1,0,233.114,229.237,3.873
"Tenant 3 [Tier 2] Real-Time Web & Search","GetSmall",1,0,226.879,225.408,1.465
"Tenant 3 [Tier 2] Real-Time Web & Search","GetSmall",1,0,226.201,224.762,1.435
"Tenant 3 [Tier 2] Real-Time Web & Search","GetSmall",1,0,227.128,225.632,1.489
"Tenant 3 [Tier 2] Real-Time Web & Search","GetLarge",1,0,228.401,224.696,3.694
"Tenant 3 [Tier 2] Real-Time Web & Search","GetSmall",1,0,226.899,225.365,1.530
"Tenant 3 [Tier 2] Real-Time Web & Search","GetSmall",1,0,226.627,225.134,1.487
"Tenant 3 [Tier 2] Real-Time Web & Search","GetSmall",1,0,223.562,222.054,1.502
"Tenant 3 [Tier 2] Real-Time Web & Search","GetSmall",1,0,222.151,220.581,1.566
"Tenant 3 [Tier 2] Real-Time Web & Search","GetSmall",1,0,221.006,219.526,1.471
"Tenant 3 [Tier 2] Real-Time Web & Search","GetSmall",1,0,222.495,220.982,1.503
"Tenant 3 [Tier 2] Real-Time Web & Search","GetSmall",1,0,222.588,221.018,1.562
"Tenant 3 [Tier 2] Real-Time Web & Search","GetSmall",1,0,219.035,217.514,1.507
"Tenant 3 [Tier 2] Real-Time Web & Search","GetSmall",1,0,220.548,219.008,1.522
"Tenant 3 [Tier 2] Real-Time Web & Search","GetLarge",1,0,225.769,222.199,3.563
"Tenant 3 [Tier 2] Real-Time Web & Search","GetSmall",1,0,219.680,218.178,1.493
"Tenant 3 [Tier 2] Real-Time Web & Search","GetSmall",1,0,219.399,217.911,1.483
"Tenant 3 [Tier 2] Real-Time Web & Search","GetSmall",1,0,219.511,217.994,1.503
"Tenant 3 [Tier 2] Real-Time Web & Search","GetLarge",1,0,224.411,220.557,3.845
"Tenant 3 [Tier 2] Real-Time Web & Search","GetLarge",1,0,222.567,218.973,3.589
"Tenant 3 [Tier 2] Real-Time Web & Search","GetSmall",1,0,219.826,218.325,1.496
"Tenant 3 [Tier 2] Real-Time Web & Search","GetSmall",1,0,220.416,218.910,1.499
"Tenant 3 [Tier 2] Real-Time Web & Search","GetSmall",1,0,220.239,218.727,1.506
"Tenant 3 [Tier 2] Real-Time Web & Search","GetSmall",1,0,220.349,218.799,1.531
"Tenant 3 [Tier 2] Real-Time Web & Search","GetLarge",1,0,222.722,219.004,3.713
"Tenant 3 [Tier 2] Real-Time Web & Search","GetSmall",1,0,218.037,216.599,1.429
"Tenant 3 [Tier 2] Real-Time Web & Search","GetSmall",1,0,218.842,217.367,1.462
"Tenant 3 [Tier 2] Real-Time Web & Search","GetSmall",1,0,218.817,217.255,1.558
"Tenant 3 [Tier 2] Real-Time Web & Search","GetSmall",1,0,218.156,216.706,1.445
"Tenant 3 [Tier 2] Real-Time Web & Search","GetSmall",1,0,218.354,216.838,1.511
"Tenant 3 [Tier 2] Real-Time Web & Search","GetSmall",1,0,218.377,216.808,1.560
"Tenant 3 [Tier 2] Real-Time Web & Search","GetLarge",1,0,222.775,218.843,3.926
"Tenant 3 [Tier 2] Real-Time Web & Search","GetSmall",1,0,216.471,214.960,1.504
"Tenant 3 [Tier 2] Real-Time Web & Search","GetSmall",1,0,219.956,218.381,1.553
"Tenant 3 [Tier 2] Real-Time Web & Search","GetLarge",1,0,221.289,217.674,3.596
"Tenant 3 [Tier 2] Real-Time Web & Search","GetLarge",1,0,220.275,216.448,3.821
"Tenant 3 [Tier 2] Real-Time Web & Search","GetLarge",1,0,222.271,218.529,3.736
"Tenant 3 [Tier 2] Real-Time Web & Search","GetLarge",1,0,224.553,220.627,3.919
"Tenant 3 [Tier 2] Real-Time Web & Search","GetSmall",1,0,223.085,221.520,1.557
"Tenant 3 [Tier 2] Real-Time Web & Search","GetLarge",1,0,225.836,221.996,3.827
"Tenant 3 [Tier 2] Real-Time Web & Search","GetSmall",1,0,224.632,223.169,1.458
"Tenant 3 [Tier 2] Real-Time Web & Search","GetSmall",1,0,222.533,221.047,1.456
"Tenant 3 [Tier 2] Real-Time Web & Search","GetSmall",1,0,221.092,219.517,1.570
"Tenant 3 [Tier 2] Real-Time Web & Search","GetSmall",1,0,219.818,218.301,1.513
"Tenant 3 [Tier 2] Real-Time Web & Search","GetSmall",1,0,219.852,218.378,1.467
"Tenant 3 [Tier 2] Real-Time Web & Search","GetSmall",1,0,220.292,218.793,1.486
"Tenant 3 [Tier 2] Real-Time Web & Search","GetSmall",1,0,221.821,220.329,1.474
"Tenant 3 [Tier 2] Real-Time Web & Search","GetSmall",1,0,219.893,218.347,1.519
"Tenant 3 [Tier 2] Real-Time Web & Search","GetSmall",1,0,221.432,219.881,1.520
"Tenant 3 [Tier 2] Real-Time Web & Search","GetSmall",1,0,221.888,220.346,1.519
"Tenant 3 [Tier 2] Real-Time Web & Search","GetSmall",1,0,218.824,217.382,1.438
"Tenant 3 [Tier 2] Real-Time Web & Search","GetSmall",1,0,220.370,218.908,1.447
"Tenant 3 [Tier 2] Real-Time Web & Search","GetSmall",1,0,219.107,217.617,1.485
"Tenant 3 [Tier 2] Real-Time Web & Search","GetLarge",1,0,221.364,217.571,3.782
"Tenant 3 [Tier 2] Real-Time Web & Search","GetSmall",1,0,222.016,220.447,1.563
"Tenant 3 [Tier 2] Real-Time Web & Search","GetLarge",1,0,223.453,219.636,3.811
"Tenant 3 [Tier 2] Real-Time Web & Search","GetSmall",1,0,222.827,221.367,1.454
"Tenant 3 [Tier 2] Real-Time Web & Search","GetSmall",1,0,222.796,221.279,1.508
"Tenant 3 [Tier 2] Real-Time Web & Search","GetLarge",1,0,225.132,221.330,3.796
"Tenant 3 [Tier 2] Real-Time Web & Search","GetSmall",1,0,223.431,221.882,1.541
"Tenant 3 [Tier 2] Real-Time Web & Search","GetLarge",1,0,225.241,221.399,3.834
"Tenant 3 [Tier 2] Real-Time Web & Search","GetSmall",1,0,224.226,222.673,1.535
"Tenant 3 [Tier 2] Real-Time Web & Search","GetSmall",1,0,223.479,221.974,1.493
"Tenant 3 [Tier 2] Real-Time Web & Search","GetLarge",1,0,225.544,221.952,3.587
"Tenant 3 [Tier 2] Real-Time Web & Search","GetSmall",1,0,223.907,222.413,1.478
"Tenant 3 [Tier 2] Real-Time Web & Search","GetLarge",1,0,225.626,221.958,3.659
"Tenant 3 [Tier 2] Real-Time Web & Search","GetSmall",1,0,221.917,220.471,1.438
"Tenant 3 [Tier 2] Real-Time Web & Search","GetLarge",1,0,228.474,224.615,3.854
"Tenant 3 [Tier 2] Real-Time Web & Search","GetLarge",1,0,226.904,223.136,3.755
"Tenant 3 [Tier 2] Real-Time Web & Search","GetSmall",1,0,221.758,220.289,1.464
"Tenant 3 [Tier 2] Real-Time Web & Search","GetSmall",1,0,221.847,220.278,1.561
"Tenant 3 [Tier 2] Real-Time Web & Search","GetLarge",1,0,224.094,220.357,3.728
"Tenant 3 [Tier 2] Real-Time Web & Search","GetSmall",1,0,221.996,220.552,1.437
"Tenant 3 [Tier 2] Real-Time Web & Search","GetSmall",1,0,222.097,220.580,1.507
"Tenant 3 [Tier 2] Real-Time Web & Search","GetSmall",1,0,224.651,223.107,1.538
"Tenant 3 [Tier 2] Real-Time Web & Search","GetLarge",1,0,225.679,221.923,3.748
"Tenant 3 [Tier 2] Real-Time Web & Search","GetSmall",1,0,225.075,223.528,1.539
"Tenant 3 [Tier 2] Real-Time Web & Search","GetSmall",1,0,225.116,223.547,1.557
"Tenant 3 [Tier 2] Real-Time Web & Search","GetLarge",1,0,227.167,223.566,3.594
"Tenant 3 [Tier 2] Real-Time Web & Search","GetSmall",1,0,228.557,227.108,1.438
"Tenant 3 [Tier 2] Real-Time Web & Search","GetSmall",1,0,227.798,226.313,1.481
"Tenant 3 [Tier 2] Real-Time Web & Search","GetSmall",1,0,227.792,226.276,1.512
"Tenant 3 [Tier 2] Real-Time Web & Search","GetSmall",1,0,227.835,226.298,1.524
"Tenant 3 [Tier 2] Real-Time Web & Search","GetLarge",1,0,228.669,225.090,3.564
"Tenant 3 [Tier 2] Real-Time Web & Search","GetLarge",1,0,231.018,227.118,3.894
"Tenant 3 [Tier 2] Real-Time Web & Search","GetSmall",1,0,224.636,223.155,1.476
"Tenant 3 [Tier 2] Real-Time Web & Search","GetSmall",1,0,223.804,222.335,1.447
"Tenant 3 [Tier 2] Real-Time Web & Search","GetSmall",1,0,226.051,224.536,1.492
"Tenant 3 [Tier 2] Real-Time Web & Search","GetSmall",1,0,227.658,226.119,1.506
"Tenant 3 [Tier 2] Real-Time Web & Search","GetSmall",1,0,224.652,223.099,1.539
"Tenant 3 [Tier 2] Real-Time Web & Search","GetSmall",1,0,225.625,224.049,1.571
"Tenant 3 [Tier 2] Real-Time Web & Search","GetSmall",1,0,223.798,222.288,1.505
"Tenant 3 [Tier 2] Real-Time Web & Search","GetSmall",1,0,225.299,223.763,1.529
"Tenant 3 [Tier 2] Real-Time Web & Search","GetLarge",1,0,226.978,223.092,3.882
"Tenant 3 [Tier 2] Real-Time Web & Search","GetLarge",1,0,228.295,224.413,3.872
"Tenant 3 [Tier 2] Real-Time Web & Search","GetLarge",1,0,229.137,225.493,3.638
"Tenant 3 [Tier 2] Real-Time Web & Search","GetSmall",1,0,227.440,225.990,1.441
"Tenant 3 [Tier 2] Real-Time Web & Search","GetSmall",1,0,225.138,223.634,1.496
"Tenant 3 [Tier 2] Real-Time Web & Search","GetLarge",1,0,230.191,226.323,3.862
"Tenant 3 [Tier 2] Real-Time Web & Search","GetLarge",1,0,227.989,224.237,3.749
"Tenant 3 [Tier 2] Real-Time Web & Search","GetSmall",1,0,227.355,225.898,1.450
"Tenant 3 [Tier 2] Real-Time Web & Search","GetLarge",1,0,230.333,226.610,3.709
"Tenant 3 [Tier 2] Real-Time Web & Search","GetLarge",1,0,229.516,225.792,3.718
"Tenant 3 [Tier 2] Real-Time Web & Search","GetLarge",1,0,230.999,227.381,3.568
"Tenant 3 [Tier 2] Real-Time Web & Search","GetLarge",1,0,232.165,228.507,3.652
"Tenant 3 [Tier 2] Real-Time Web & Search","GetLarge",1,0,233.689,230.020,3.648
"Tenant 3 [Tier 2] Real-Time Web & Search","GetSmall",1,0,232.156,230.652,1.500
"Tenant 3 [Tier 2] Real-Time Web & Search","GetSmall",1,0,229.669,228.193,1.463
"Tenant 3 [Tier 2] Real-Time Web & Search","GetSmall",1,0,229.924,228.407,1.511
"Tenant 3 [Tier 2] Real-Time Web & Search","GetLarge",1,0,235.375,231.498,3.870
"Tenant 3 [Tier 2] Real-Time Web & Search","GetSmall",1,0,230.842,229.351,1.484
"Tenant 3 [Tier 2] Real-Time Web & Search","GetSmall",1,0,229.385,227.875,1.497
"Tenant 3 [Tier 2] Real-Time Web & Search","GetSmall",1,0,229.413,227.842,1.563
"Tenant 3 [Tier 2] Real-Time Web & Search","GetSmall",1,0,229.830,228.306,1.517
"Tenant 3 [Tier 2] Real-Time Web & Search","GetSmall",1,0,229.842,228.276,1.560
"Tenant 3 [Tier 2] Real-Time Web & Search","GetSmall",1,0,230.046,228.469,1.571
"Tenant 3 [Tier 2] Real-Time Web & Search","GetSmall",1,0,228.227,226.696,1.526
"Tenant 3 [Tier 2] Real-Time Web & Search","GetSmall",1,0,230.146,228.672,1.451
"Tenant 3 [Tier 2] Real-Time Web & Search","GetLarge",1,0,230.974,227.034,3.934
"Tenant 3 [Tier 2] Real-Time Web & Search","GetLarge",1,0,232.539,228.680,3.855
"Tenant 3 [Tier 2] Real-Time Web & Search","GetLarge",1,0,233.750,230.180,3.565
"Tenant 3 [Tier 2] Real-Time Web & Search","GetSmall",1,0,233.859,232.318,1.531
"Tenant 3 [Tier 2] Real-Time Web & Search","GetLarge",1,0,236.082,232.220,3.817
"Tenant 3 [Tier 2] Real-Time Web & Search","GetSmall",1,0,233.940,232.361,1.572
"Tenant 3 [Tier 2] Real-Time Web & Search","GetSmall",1,0,233.808,232.268,1.532
"Tenant 3 [Tier 2] Real-Time Web & Search","GetLarge",1,0,237.660,233.732,3.911
"Tenant 3 [Tier 2] Real-Time Web & Search","GetSmall",1,0,231.816,230.307,1.487
"Tenant 3 [Tier 2] Real-Time Web & Search","GetLarge",1,0,234.275,230.483,3.786
"Tenant 3 [Tier 2] Real-Time Web & Search","GetSmall",1,0,233.781,232.318,1.458
"Tenant 3 [Tier 2] Real-Time Web & Search","GetLarge",1,0,235.094,231.185,3.901
"Tenant 3 [Tier 2] Real-Time Web & Search","GetSmall",1,0,233.372,231.890,1.473
"Tenant 3 [Tier 2] Real-Time Web & Search","GetLarge",1,0,237.564,233.680,3.872
"Tenant 3 [Tier 2] Real-Time Web & Search","GetSmall",1,0,233.318,231.826,1.482
"Tenant 3 [Tier 2] Real-Time Web & Search","GetSmall",1,0,229.675,228.184,1.479
"Tenant 3 [Tier 2] Real-Time Web & Search","GetLarge",1,0,235.612,231.928,3.649
"Tenant 3 [Tier 2] Real-Time Web & Search","GetSmall",1,0,231.870,230.336,1.495
"Tenant 3 [Tier 2] Real-Time Web & Search","GetSmall",1,0,224.377,222.923,1.446
"Tenant 3 [Tier 2] Real-Time Web & Search","GetSmall",1,0,221.336,219.845,1.487
"Tenant 3 [Tier 2] Real-Time Web & Search","GetSmall",1,0,222.895,221.317,1.573
"Tenant 3 [Tier 2] Real-Time Web & Search","GetSmall",1,0,221.125,219.647,1.474
"Tenant 3 [Tier 2] Real-Time Web & Search","GetLarge",1,0,223.814,219.922,3.884
"Tenant 3 [Tier 2] Real-Time Web & Search","GetSmall",1,0,223.098,221.565,1.524
"Tenant 3 [Tier 2] Real-Time Web & Search","GetSmall",1,0,224.620,223.053,1.549
"Tenant 3 [Tier 2] Real-Time Web & Search","GetLarge",1,0,226.216,222.388,3.805
"Tenant 3 [Tier 2] Real-Time Web & Search","GetSmall",1,0,225.474,223.965,1.502
"Tenant 3 [Tier 2] Real-Time Web & Search","GetSmall",1,0,225.822,224.229,1.558
"Tenant 3 [Tier 2] Real-Time Web & Search","GetSmall",1,0,225.346,223.835,1.477
"Tenant 3 [Tier 2] Real-Time Web & Search","GetLarge",1,0,226.776,223.115,3.658
"Tenant 3 [Tier 2] Real-Time Web & Search","GetLarge",1,0,228.070,224.195,3.867
"Tenant 3 [Tier 2] Real-Time Web & Search","GetSmall",1,0,225.476,224.034,1.432
"Tenant 3 [Tier 2] Real-Time Web & Search","GetSmall",1,0,224.817,223.240,1.572
"Tenant 3 [Tier 2] Real-Time Web & Search","GetSmall",1,0,223.385,221.884,1.496
"Tenant 3 [Tier 2] Real-Time Web & Search","GetLarge",1,0,227.013,223.159,3.840
"Tenant 3 [Tier 2] Real-Time Web & Search","GetSmall",1,0,223.082,221.624,1.441
"Tenant 3 [Tier 2] Real-Time Web & Search","GetSmall",1,0,223.289,221.818,1.461
"Tenant 3 [Tier 2] Real-Time Web & Search","GetLarge",1,0,225.757,221.823,3.930
"Tenant 3 [Tier 2] Real-Time Web & Search","GetSmall",1,0,223.447,221.881,1.548
"Tenant 3 [Tier 2] Real-Time Web & Search","GetSmall",1,0,222.621,221.021,1.564
"Tenant 3 [Tier 2] Real-Time Web & Search","GetLarge",1,0,226.384,222.500,3.849
"Tenant 3 [Tier 2] Real-Time Web & Search","GetSmall",1,0,222.949,221.449,1.486
"Tenant 3 [Tier 2] Real-Time Web & Search","GetSmall",1,0,221.515,219.951,1.559
"Tenant 3 [Tier 2] Real-Time Web & Search","GetSmall",1,0,221.293,219.762,1.523
"Tenant 3 [Tier 2] Real-Time Web & Search","GetSmall",1,0,219.551,218.070,1.475
"Tenant 3 [Tier 2] Real-Time Web & Search","GetSmall",1,0,219.241,217.752,1.477
"Tenant 3 [Tier 2] Real-Time Web & Search","GetSmall",1,0,218.031,216.531,1.493
"Tenant 3 [Tier 2] Real-Time Web & Search","GetSmall",1,0,218.043,216.527,1.496
"Tenant 3 [Tier 2] Real-Time Web & Search","GetSmall",1,0,219.446,218.011,1.431
"Tenant 3 [Tier 2] Real-Time Web & Search","GetLarge",1,0,221.816,218.022,3.788
"Tenant 3 [Tier 2] Real-Time Web & Search","GetLarge",1,0,220.474,216.575,3.895
"Tenant 3 [Tier 2] Real-Time Web & Search","GetSmall",1,0,220.471,219.023,1.444
"Tenant 3 [Tier 2] Real-Time Web & Search","GetLarge",1,0,222.830,219.096,3.728
"Tenant 3 [Tier 2] Real-Time Web & Search","GetLarge",1,0,226.676,223.030,3.636
"Tenant 3 [Tier 2] Real-Time Web & Search","GetSmall",1,0,220.363,218.801,1.558
"Tenant 3 [Tier 2] Real-Time Web & Search","GetLarge",1,0,225.678,221.963,3.709
"Tenant 3 [Tier 2] Real-Time Web & Search","GetLarge",1,0,224.176,220.403,3.766
"Tenant 3 [Tier 2] Real-Time Web & Search","GetSmall",1,0,221.507,220.065,1.437
"Tenant 3 [Tier 2] Real-Time Web & Search","GetSmall",1,0,221.404,219.905,1.495
"Tenant 3 [Tier 2] Real-Time Web & Search","GetSmall",1,0,222.415,220.914,1.498
"Tenant 3 [Tier 2] Real-Time Web & Search","GetSmall",1,0,221.173,219.657,1.501
"Tenant 3 [Tier 2] Real-Time Web & Search","GetSmall",1,0,220.692,219.238,1.442
"Tenant 3 [Tier 2] Real-Time Web & Search","GetSmall",1,0,220.963,219.381,1.573
"Tenant 3 [Tier 2] Real-Time Web & Search","GetLarge",1,0,224.720,221.053,3.656
"Tenant 3 [Tier 2] Real-Time Web & Search","GetLarge",1,0,224.656,220.836,3.809
"Tenant 3 [Tier 2] Real-Time Web & Search","GetLarge",1,0,223.736,220.063,3.662
"Tenant 3 [Tier 2] Real-Time Web & Search","GetSmall",1,0,223.392,221.831,1.547
"Tenant 3 [Tier 2] Real-Time Web & Search","GetSmall",1,0,222.434,220.856,1.563
"Tenant 3 [Tier 2] Real-Time Web & Search","GetSmall",1,0,223.813,222.330,1.470
"Tenant 3 [Tier 2] Real-Time Web & Search","GetSmall",1,0,223.917,222.360,1.551
"Tenant 3 [Tier 2] Real-Time Web & Search","GetLarge",1,0,226.104,222.355,3.745
"Tenant 3 [Tier 2] Real-Time Web & Search","GetSmall",1,0,223.538,222.026,1.506
"Tenant 3 [Tier 2] Real-Time Web & Search","GetLarge",1,0,226.143,222.376,3.762
"Tenant 3 [Tier 2] Real-Time Web & Search","GetSmall",1,0,222.196,220.735,1.455
"Tenant 3 [Tier 2] Real-Time Web & Search","GetSmall",1,0,223.293,221.859,1.427
"Tenant 3 [Tier 2] Real-Time Web & Search","GetLarge",1,0,226.011,222.102,3.904
"Tenant 3 [Tier 2] Real-Time Web & Search","GetSmall",1,0,226.153,224.630,1.519
"Tenant 3 [Tier 2] Real-Time Web & Search","GetSmall",1,0,225.481,224.009,1.467
"Tenant 3 [Tier 2] Real-Time Web & Search","GetSmall",1,0,227.030,225.479,1.546
"Tenant 3 [Tier 2] Real-Time Web & Search","GetSmall",1,0,226.863,225.390,1.467
"Tenant 3 [Tier 2] Real-Time Web & Search","GetSmall",1,0,224.545,223.032,1.508
"Tenant 3 [Tier 2] Real-Time Web & Search","GetLarge",1,0,229.321,225.561,3.753
"Tenant 3 [Tier 2] Real-Time Web & Search","GetLarge",1,0,225.786,221.947,3.829
"Tenant 3 [Tier 2] Real-Time Web & Search","GetSmall",1,0,223.817,222.362,1.444
"Tenant 3 [Tier 2] Real-Time Web & Search","GetLarge",1,0,228.478,224.642,3.824
"Tenant 3 [Tier 2] Real-Time Web & Search","GetSmall",1,0,221.314,219.737,1.549
"Tenant 3 [Tier 2] Real-Time Web & Search","GetLarge",1,0,224.486,220.577,3.904
"Tenant 3 [Tier 2] Real-Time Web & Search","GetSmall",1,0,222.208,220.754,1.448
"Tenant 3 [Tier 2] Real-Time Web & Search","GetSmall",1,0,222.770,221.289,1.468
"Tenant 3 [Tier 2] Real-Time Web & Search","GetSmall",1,0,222.308,220.810,1.484
"Tenant 3 [Tier 2] Real-Time Web & Search","GetSmall",1,0,222.311,220.792,1.515
"Tenant 3 [Tier 2] Real-Time Web & Search","GetSmall",1,0,222.312,220.742,1.557
"Tenant 3 [Tier 2] Real-Time Web & Search","GetSmall",1,0,220.834,219.280,1.541
"Tenant 3 [Tier 2] Real-Time Web & Search","GetSmall",1,0,219.924,218.417,1.501
"Tenant 3 [Tier 2] Real-Time Web & Search","GetLarge",1,0,226.094,222.276,3.814
"Tenant 3 [Tier 2] Real-Time Web & Search","GetSmall",1,0,222.329,220.876,1.446
"Tenant 3 [Tier 2] Real-Time Web & Search","GetSmall",1,0,217.617,216.052,1.553
"Tenant 3 [Tier 2] Real-Time Web & Search","GetSmall",1,0,220.224,218.653,1.547
"Tenant 3 [Tier 2] Real-Time Web & Search","GetSmall",1,0,217.663,216.084,1.562
"Tenant 3 [Tier 2] Real-Time Web & Search","GetLarge",1,0,222.790,219.124,3.658
"Tenant 3 [Tier 2] Real-Time Web & Search","GetSmall",1,0,219.036,217.473,1.553
"Tenant 3 [Tier 2] Real-Time Web & Search","GetLarge",1,0,222.845,218.986,3.853
"Tenant 3 [Tier 2] Real-Time Web & Search","GetLarge",1,0,224.665,220.760,3.897
"Tenant 3 [Tier 2] Real-Time Web & Search","GetLarge",1,0,224.651,221.060,3.583
"Tenant 3 [Tier 2] Real-Time Web & Search","GetSmall",1,0,223.793,222.250,1.538
"Tenant 3 [Tier 2] Real-Time Web & Search","GetSmall",1,0,222.646,221.096,1.543
"Tenant 3 [Tier 2] Real-Time Web & Search","GetSmall",1,0,220.447,218.987,1.450
"Tenant 3 [Tier 2] Real-Time Web & Search","GetSmall",1,0,222.104,220.528,1.572
"Tenant 3 [Tier 2] Real-Time Web & Search","GetLarge",1,0,226.406,222.488,3.903
"Tenant 3 [Tier 2] Real-Time Web & Search","GetLarge",1,0,224.554,220.848,3.695
"Tenant 3 [Tier 2] Real-Time Web & Search","GetLarge",1,0,225.962,222.282,3.674
"Tenant 3 [Tier 2] Real-Time Web & Search","GetSmall",1,0,223.306,221.745,1.555
"Tenant 3 [Tier 2] Real-Time Web & Search","GetSmall",1,0,224.047,222.529,1.508
"Tenant 3 [Tier 2] Real-Time Web & Search","GetLarge",1,0,226.815,223.176,3.634
"Tenant 3 [Tier 2] Real-Time Web & Search","GetSmall",1,0,223.300,221.773,1.519
"Tenant 3 [Tier 2] Real-Time Web & Search","GetLarge",1,0,225.772,222.201,3.566
"Tenant 3 [Tier 2] Real-Time Web & Search","GetSmall",1,0,223.669,222.118,1.547
"Tenant 3 [Tier 2] Real-Time Web & Search","GetSmall",1,0,223.141,221.574,1.562
"Tenant 3 [Tier 2] Real-Time Web & Search","GetSmall",1,0,221.214,219.774,1.435
"Tenant 3 [Tier 2] Real-Time Web & Search","GetSmall",1,0,222.234,220.735,1.488
"Tenant 3 [Tier 2] Real-Time Web & Search","GetSmall",1,0,223.679,222.241,1.428
"Tenant 3 [Tier 2] Real-Time Web & Search","GetSmall",1,0,223.783,222.202,1.574
"Tenant 3 [Tier 2] Real-Time Web & Search","GetSmall",1,0,222.908,221.411,1.484
"Tenant 3 [Tier 2] Real-Time Web & Search","GetSmall",1,0,224.469,222.945,1.503
"Tenant 3 [Tier 2] Real-Time Web & Search","GetSmall",1,0,225.182,223.644,1.507
"Tenant 3 [Tier 2] Real-Time Web & Search","GetSmall",1,0,221.560,220.062,1.495
"Tenant 3 [Tier 2] Real-Time Web & Search","GetLarge",1,0,225.918,222.260,3.654
"Tenant 3 [Tier 2] Real-Time Web & Search","GetSmall",1,0,221.317,219.846,1.466
"Tenant 3 [Tier 2] Real-Time Web & Search","GetSmall",1,0,221.314,219.825,1.485
"Tenant 3 [Tier 2] Real-Time Web & Search","GetSmall",1,0,221.386,219.867,1.514
"Tenant 3 [Tier 2] Real-Time Web & Search","GetLarge",1,0,227.394,223.656,3.728
"Tenant 3 [Tier 2] Real-Time Web & Search","GetSmall",1,0,220.715,219.261,1.446
"Tenant 3 [Tier 2] Real-Time Web & Search","GetSmall",1,0,220.733,219.172,1.556
"Tenant 3 [Tier 2] Real-Time Web & Search","GetSmall",1,0,220.115,218.590,1.507
"Tenant 3 [Tier 2] Real-Time Web & Search","GetSmall",1,0,217.378,215.821,1.553
"Tenant 3 [Tier 2] Real-Time Web & Search","GetSmall",1,0,217.779,216.201,1.563
"Tenant 3 [Tier 2] Real-Time Web & Search","GetSmall",1,0,217.385,215.870,1.511
"Tenant 3 [Tier 2] Real-Time Web & Search","GetSmall",1,0,216.842,215.278,1.559
"Tenant 3 [Tier 2] Real-Time Web & Search","GetSmall",1,0,216.958,215.384,1.569
"Tenant 3 [Tier 2] Real-Time Web & Search","GetSmall",1,0,217.470,216.028,1.438
"Tenant 3 [Tier 2] Real-Time Web & Search","GetSmall",1,0,217.655,216.125,1.513
"Tenant 3 [Tier 2] Real-Time Web & Search","GetSmall",1,0,213.474,212.000,1.470
"Tenant 3 [Tier 2] Real-Time Web & Search","GetLarge",1,0,216.283,212.678,3.598
"Tenant 3 [Tier 2] Real-Time Web & Search","GetLarge",1,0,219.499,215.551,3.935
"Tenant 3 [Tier 2] Real-Time Web & Search","GetSmall",1,0,216.538,215.101,1.428
"Tenant 3 [Tier 2] Real-Time Web & Search","GetLarge",1,0,218.369,214.440,3.925
"Tenant 3 [Tier 2] Real-Time Web & Search","GetSmall",1,0,214.594,213.095,1.491
"Tenant 3 [Tier 2] Real-Time Web & Search","GetSmall",1,0,215.581,214.133,1.439
"Tenant 3 [Tier 2] Real-Time Web & Search","GetSmall",1,0,215.647,214.139,1.504
"Tenant 3 [Tier 2] Real-Time Web & Search","GetSmall",1,0,216.385,214.860,1.515
"Tenant 3 [Tier 2] Real-Time Web & Search","GetSmall",1,0,214.251,212.679,1.566
"Tenant 3 [Tier 2] Real-Time Web & Search","GetSmall",1,0,214.517,213.013,1.500
"Tenant 3 [Tier 2] Real-Time Web & Search","GetSmall",1,0,216.007,214.486,1.518
"Tenant 3 [Tier 2] Real-Time Web & Search","GetLarge",1,0,217.979,214.279,3.690
"Tenant 3 [Tier 2] Real-Time Web & Search","GetSmall",1,0,217.244,215.802,1.437
"Tenant 3 [Tier 2] Real-Time Web & Search","GetSmall",1,0,217.281,215.769,1.507
"Tenant 3 [Tier 2] Real-Time Web & Search","GetLarge",1,0,220.358,216.568,3.778
"Tenant 3 [Tier 2] Real-Time Web & Search","GetSmall",1,0,219.356,217.905,1.445
"Tenant 3 [Tier 2] Real-Time Web & Search","GetSmall",1,0,217.902,216.442,1.443
"Tenant 3 [Tier 2] Real-Time Web & Search","GetSmall",1,0,219.356,217.874,1.469
"Tenant 3 [Tier 2] Real-Time Web & Search","GetSmall",1,0,218.679,217.172,1.493
"Tenant 3 [Tier 2] Real-Time Web & Search","GetSmall",1,0,220.230,218.716,1.505
"Tenant 3 [Tier 2] Real-Time Web & Search","GetSmall",1,0,217.127,215.604,1.510
"Tenant 3 [Tier 2] Real-Time Web & Search","GetSmall",1,0,219.473,217.918,1.532
"Tenant 3 [Tier 2] Real-Time Web & Search","GetLarge",1,0,222.999,219.285,3.706
"Tenant 3 [Tier 2] Real-Time Web & Search","GetSmall",1,0,216.690,215.238,1.440
"Tenant 3 [Tier 2] Real-Time Web & Search","GetSmall",1,0,217.500,216.011,1.482
"Tenant 3 [Tier 2] Real-Time Web & Search","GetSmall",1,0,217.608,216.029,1.575
"Tenant 3 [Tier 2] Real-Time Web & Search","GetSmall",1,0,217.430,215.991,1.425
"Tenant 3 [Tier 2] Real-Time Web & Search","GetSmall",1,0,217.518,216.045,1.465
"Tenant 3 [Tier 2] Real-Time Web & Search","GetSmall",1,0,217.301,215.854,1.440
"Tenant 3 [Tier 2] Real-Time Web & Search","GetSmall",1,0,217.822,216.248,1.565
"Tenant 3 [Tier 2] Real-Time Web & Search","GetSmall",1,0,223.273,221.781,1.487
"Tenant 3 [Tier 2] Real-Time Web & Search","GetSmall",1,0,219.044,217.489,1.552
"Tenant 3 [Tier 2] Real-Time Web & Search","GetSmall",1,0,215.991,214.466,1.521
"Tenant 3 [Tier 2] Real-Time Web & Search","GetLarge",1,0,225.325,221.454,3.864
"Tenant 3 [Tier 2] Real-Time Web & Search","GetLarge",1,0,219.489,215.771,3.714
"Tenant 3 [Tier 2] Real-Time Web & Search","GetLarge",1,0,222.370,218.607,3.751
"Tenant 3 [Tier 2] Real-Time Web & Search","GetSmall",1,0,217.051,215.597,1.446
"Tenant 3 [Tier 2] Real-Time Web & Search","GetSmall",1,0,216.611,215.137,1.468
"Tenant 3 [Tier 2] Real-Time Web & Search","GetSmall",1,0,216.754,215.186,1.565
"Tenant 3 [Tier 2] Real-Time Web & Search","GetLarge",1,0,220.184,216.312,3.867
"Tenant 3 [Tier 2] Real-Time Web & Search","GetSmall",1,0,219.007,217.521,1.482
"Tenant 3 [Tier 2] Real-Time Web & Search","GetSmall",1,0,219.178,217.726,1.449
"Tenant 3 [Tier 2] Real-Time Web & Search","GetLarge",1,0,223.037,219.159,3.873
"Tenant 3 [Tier 2] Real-Time Web & Search","GetSmall",1,0,219.458,217.963,1.485
"Tenant 3 [Tier 2] Real-Time Web & Search","GetSmall",1,0,219.443,217.891,1.546
"Tenant 3 [Tier 2] Real-Time Web & Search","GetLarge",1,0,222.301,218.611,3.685
"Tenant 3 [Tier 2] Real-Time Web & Search","GetLarge",1,0,220.000,216.318,3.668
"Tenant 3 [Tier 2] Real-Time Web & Search","GetSmall",1,0,221.015,219.554,1.455
"Tenant 3 [Tier 2] Real-Time Web & Search","GetLarge",1,0,223.327,219.565,3.737
"Tenant 3 [Tier 2] Real-Time Web & Search","GetSmall",1,0,223.766,222.321,1.434
"Tenant 3 [Tier 2] Real-Time Web & Search","GetSmall",1,0,223.826,222.343,1.477
"Tenant 3 [Tier 2] Real-Time Web & Search","GetSmall",1,0,223.892,222.341,1.546
"Tenant 3 [Tier 2] Real-Time Web & Search","GetSmall",1,0,223.902,222.344,1.547
"Tenant 3 [Tier 2] Real-Time Web & Search","GetSmall",1,0,221.731,220.155,1.555
"Tenant 3 [Tier 2] Real-Time Web & Search","GetSmall",1,0,221.099,219.519,1.564
"Tenant 3 [Tier 2] Real-Time Web & Search","GetLarge",1,0,226.100,222.366,3.730
"Tenant 3 [Tier 2] Real-Time Web & Search","GetSmall",1,0,222.516,220.996,1.514
"Tenant 3 [Tier 2] Real-Time Web & Search","GetSmall",1,0,223.251,221.753,1.494
"Tenant 3 [Tier 2] Real-Time Web & Search","GetSmall",1,0,223.315,221.788,1.512
"Tenant 3 [Tier 2] Real-Time Web & Search","GetLarge",1,0,224.974,221.085,3.882
"Tenant 3 [Tier 2] Real-Time Web & Search","GetLarge",1,0,228.628,224.840,3.780
"Tenant 3 [Tier 2] Real-Time Web & Search","GetLarge",1,0,229.869,226.261,3.596
"Tenant 3 [Tier 2] Real-Time Web & Search","GetSmall",1,0,223.357,221.898,1.455
"Tenant 3 [Tier 2] Real-Time Web & Search","GetSmall",1,0,223.330,221.833,1.495
"Tenant 3 [Tier 2] Real-Time Web & Search","GetSmall",1,0,225.897,224.393,1.498
"Tenant 3 [Tier 2] Real-Time Web & Search","GetSmall",1,0,222.755,221.281,1.470
"Tenant 3 [Tier 2] Real-Time Web & Search","GetSmall",1,0,226.264,224.773,1.487
"Tenant 3 [Tier 2] Real-Time Web & Search","GetSmall",1,0,219.886,218.361,1.521
"Tenant 3 [Tier 2] Real-Time Web & Search","GetSmall",1,0,221.004,219.482,1.516
"Tenant 3 [Tier 2] Real-Time Web & Search","GetSmall",1,0,220.676,219.191,1.481
"Tenant 3 [Tier 2] Real-Time Web & Search","GetSmall",1,0,220.839,219.291,1.544
"Tenant 3 [Tier 2] Real-Time Web & Search","GetSmall",1,0,218.644,217.148,1.491
"Tenant 3 [Tier 2] Real-Time Web & Search","GetSmall",1,0,218.071,216.546,1.508
"Tenant 3 [Tier 2] Real-Time Web & Search","GetSmall",1,0,218.775,217.312,1.460
"Tenant 3 [Tier 2] Real-Time Web & Search","GetLarge",1,0,221.506,217.909,3.588
"Tenant 3 [Tier 2] Real-Time Web & Search","GetSmall",1,0,218.110,216.569,1.537
"Tenant 3 [Tier 2] Real-Time Web & Search","GetSmall",1,0,218.195,216.637,1.533
"Tenant 3 [Tier 2] Real-Time Web & Search","GetSmall",1,0,218.846,217.342,1.495
"Tenant 3 [Tier 2] Real-Time Web & Search","GetSmall",1,0,217.355,215.832,1.500
"Tenant 3 [Tier 2] Real-Time Web & Search","GetSmall",1,0,215.915,214.347,1.561
"Tenant 3 [Tier 2] Real-Time Web & Search","GetSmall",1,0,215.184,213.637,1.532
"Tenant 3 [Tier 2] Real-Time Web & Search","GetSmall",1,0,216.102,214.654,1.444
"Tenant 3 [Tier 2] Real-Time Web & Search","GetSmall",1,0,216.101,214.640,1.454
"Tenant 3 [Tier 2] Real-Time Web & Search","GetSmall",1,0,216.065,214.574,1.477
"Tenant 3 [Tier 2] Real-Time Web & Search","GetSmall",1,0,216.129,214.569,1.553
"Tenant 3 [Tier 2] Real-Time Web & Search","GetSmall",1,0,217.539,215.988,1.544
"Tenant 3 [Tier 2] Real-Time Web & Search","GetSmall",1,0,215.522,214.015,1.502
"Tenant 3 [Tier 2] Real-Time Web & Search","GetSmall",1,0,216.475,214.982,1.487
"Tenant 3 [Tier 2] Real-Time Web & Search","GetLarge",1,0,219.797,215.991,3.802
"Tenant 3 [Tier 2] Real-Time Web & Search","GetLarge",1,0,219.037,215.235,3.796
"Tenant 3 [Tier 2] Real-Time Web & Search","GetLarge",1,0,221.726,217.874,3.845
"Tenant 3 [Tier 2] Real-Time Web & Search","GetLarge",1,0,221.751,217.947,3.798
"Tenant 3 [Tier 2] Real-Time Web & Search","GetSmall",1,0,217.414,215.965,1.445
"Tenant 3 [Tier 2] Real-Time Web & Search","GetSmall",1,0,216.535,215.060,1.469
"Tenant 3 [Tier 2] Real-Time Web & Search","GetLarge",1,0,220.063,216.131,3.926
"Tenant 3 [Tier 2] Real-Time Web & Search","GetSmall",1,0,217.844,216.354,1.478
"Tenant 3 [Tier 2] Real-Time Web & Search","GetSmall",1,0,217.146,215.649,1.493
"Tenant 3 [Tier 2] Real-Time Web & Search","GetLarge",1,0,221.454,217.617,3.826
"Tenant 3 [Tier 2] Real-Time Web & Search","GetSmall",1,0,217.753,216.224,1.526
"Tenant 3 [Tier 2] Real-Time Web & Search","GetSmall",1,0,217.806,216.255,1.538
"Tenant 3 [Tier 2] Real-Time Web & Search","GetSmall",1,0,220.917,219.430,1.480
"Tenant 3 [Tier 2] Real-Time Web & Search","GetSmall",1,0,221.721,220.214,1.499
"Tenant 3 [Tier 2] Real-Time Web & Search","GetSmall",1,0,220.323,218.788,1.531
"Tenant 3 [Tier 2] Real-Time Web & Search","GetSmall",1,0,218.830,217.255,1.560
"Tenant 3 [Tier 2] Real-Time Web & Search","GetLarge",1,0,223.868,220.277,3.584
"Tenant 3 [Tier 2] Real-Time Web & Search","GetSmall",1,0,222.164,220.644,1.513
"Tenant 3 [Tier 2] Real-Time Web & Search","GetSmall",1,0,220.091,218.515,1.573
"Tenant 3 [Tier 2] Real-Time Web & Search","GetSmall",1,0,221.533,220.017,1.501
"Tenant 3 [Tier 2] Real-Time Web & Search","GetSmall",1,0,220.300,218.723,1.571
"Tenant 3 [Tier 2] Real-Time Web & Search","GetSmall",1,0,220.544,219.054,1.468
"Tenant 3 [Tier 2] Real-Time Web & Search","GetSmall",1,0,220.659,219.099,1.549
"Tenant 3 [Tier 2] Real-Time Web & Search","GetLarge",1,0,223.776,220.045,3.719
"Tenant 3 [Tier 2] Real-Time Web & Search","GetSmall",1,0,220.138,218.686,1.442
"Tenant 3 [Tier 2] Real-Time Web & Search","GetSmall",1,0,220.195,218.730,1.461
"Tenant 3 [Tier 2] Real-Time Web & Search","GetSmall",1,0,222.572,221.111,1.456
"Tenant 3 [Tier 2] Real-Time Web & Search","GetSmall",1,0,222.725,221.203,1.510
"Tenant 3 [Tier 2] Real-Time Web & Search","GetSmall",1,0,222.666,221.221,1.438
"Tenant 3 [Tier 2] Real-Time Web & Search","GetSmall",1,0,223.163,221.607,1.550
"Tenant 3 [Tier 2] Real-Time Web & Search","GetLarge",1,0,225.108,221.231,3.868
"Tenant 3 [Tier 2] Real-Time Web & Search","GetSmall",1,0,222.957,221.378,1.572
"Tenant 3 [Tier 2] Real-Time Web & Search","GetSmall",1,0,220.546,219.072,1.471
"Tenant 3 [Tier 2] Real-Time Web & Search","GetSmall",1,0,219.626,218.186,1.436
"Tenant 3 [Tier 2] Real-Time Web & Search","GetSmall",1,0,218.564,217.077,1.483
"Tenant 3 [Tier 2] Real-Time Web & Search","GetLarge",1,0,225.660,221.967,3.689
"Tenant 3 [Tier 2] Real-Time Web & Search","GetSmall",1,0,218.061,216.555,1.496
"Tenant 3 [Tier 2] Real-Time Web & Search","GetSmall",1,0,217.544,216.093,1.447
"Tenant 3 [Tier 2] Real-Time Web & Search","GetSmall",1,0,216.885,215.423,1.452
"Tenant 3 [Tier 2] Real-Time Web & Search","GetSmall",1,0,217.633,216.075,1.547
"Tenant 3 [Tier 2] Real-Time Web & Search","GetSmall",1,0,219.472,217.996,1.470
"Tenant 3 [Tier 2] Real-Time Web & Search","GetSmall",1,0,219.430,217.866,1.558
"Tenant 3 [Tier 2] Real-Time Web & Search","GetSmall",1,0,219.413,217.847,1.531
"Tenant 3 [Tier 2] Real-Time Web & Search","GetLarge",1,0,220.511,216.694,3.806
"Tenant 3 [Tier 2] Real-Time Web & Search","GetSmall",1,0,212.557,210.999,1.554
"Tenant 3 [Tier 2] Real-Time Web & Search","GetSmall",1,0,211.926,210.496,1.428
"Tenant 3 [Tier 2] Real-Time Web & Search","GetSmall",1,0,211.984,210.545,1.429
"Tenant 3 [Tier 2] Real-Time Web & Search","GetSmall",1,0,212.108,210.559,1.543
"Tenant 3 [Tier 2] Real-Time Web & Search","GetSmall",1,0,211.617,210.136,1.473
"Tenant 3 [Tier 2] Real-Time Web & Search","GetSmall",1,0,211.609,210.080,1.526
"Tenant 3 [Tier 2] Real-Time Web & Search","GetLarge",1,0,216.669,212.938,3.725
"Tenant 3 [Tier 2] Real-Time Web & Search","GetSmall",1,0,211.187,209.714,1.459
"Tenant 3 [Tier 2] Real-Time Web & Search","GetSmall",1,0,213.288,211.735,1.545
"Tenant 3 [Tier 2] Real-Time Web & Search","GetSmall",1,0,213.255,211.802,1.449
"Tenant 3 [Tier 2] Real-Time Web & Search","GetSmall",1,0,213.494,212.027,1.455
"Tenant 3 [Tier 2] Real-Time Web & Search","GetLarge",1,0,215.837,212.097,3.726
"Tenant 3 [Tier 2] Real-Time Web & Search","GetLarge",1,0,217.523,213.785,3.733
"Tenant 3 [Tier 2] Real-Time Web & Search","GetSmall",1,0,215.006,213.521,1.476
"Tenant 3 [Tier 2] Real-Time Web & Search","GetLarge",1,0,219.591,216.018,3.568
"Tenant 3 [Tier 2] Real-Time Web & Search","GetSmall",1,0,217.034,215.573,1.455
"Tenant 3 [Tier 2] Real-Time Web & Search","GetLarge",1,0,218.791,214.954,3.826
"Tenant 3 [Tier 2] Real-Time Web & Search","GetSmall",1,0,217.733,216.188,1.535
"Tenant 3 [Tier 2] Real-Time Web & Search","GetLarge",1,0,220.225,216.457,3.765
"Tenant 3 [Tier 2] Real-Time Web & Search","GetLarge",1,0,221.230,217.409,3.812
"Tenant 3 [Tier 2] Real-Time Web & Search","GetSmall",1,0,221.131,219.607,1.512
"Tenant 3 [Tier 2] Real-Time Web & Search","GetSmall",1,0,220.777,219.297,1.467
"Tenant 3 [Tier 2] Real-Time Web & Search","GetSmall",1,0,220.846,219.340,1.500
"Tenant 3 [Tier 2] Real-Time Web & Search","GetSmall",1,0,219.960,218.443,1.502
"Tenant 3 [Tier 2] Real-Time Web & Search","GetSmall",1,0,220.448,218.918,1.515
"Tenant 3 [Tier 2] Real-Time Web & Search","GetLarge",1,0,223.610,219.822,3.784
"Tenant 3 [Tier 2] Real-Time Web & Search","GetSmall",1,0,221.024,219.571,1.445
"Tenant 3 [Tier 2] Real-Time Web & Search","GetLarge",1,0,221.775,218.055,3.713
"Tenant 3 [Tier 2] Real-Time Web & Search","GetSmall",1,0,219.616,218.142,1.468
"Tenant 3 [Tier 2] Real-Time Web & Search","GetSmall",1,0,220.796,219.323,1.469
"Tenant 3 [Tier 2] Real-Time Web & Search","GetSmall",1,0,220.853,219.324,1.523
"Tenant 3 [Tier 2] Real-Time Web & Search","GetSmall",1,0,221.952,220.390,1.552
"Tenant 3 [Tier 2] Real-Time Web & Search","GetSmall",1,0,224.493,222.991,1.496
"Tenant 3 [Tier 2] Real-Time Web & Search","GetSmall",1,0,222.863,221.381,1.479
"Tenant 3 [Tier 2] Real-Time Web & Search","GetSmall",1,0,226.004,224.527,1.463
"Tenant 3 [Tier 2] Real-Time Web & Search","GetSmall",1,0,222.879,221.370,1.501
"Tenant 3 [Tier 2] Real-Time Web & Search","GetLarge",1,0,228.377,224.624,3.749
"Tenant 3 [Tier 2] Real-Time Web & Search","GetSmall",1,0,224.314,222.842,1.465
"Tenant 3 [Tier 2] Real-Time Web & Search","GetSmall",1,0,223.145,221.654,1.486
"Tenant 3 [Tier 2] Real-Time Web & Search","GetLarge",1,0,227.091,223.456,3.631
"Tenant 3 [Tier 2] Real-Time Web & Search","GetSmall",1,0,224.286,222.831,1.447
"Tenant 3 [Tier 2] Real-Time Web & Search","GetSmall",1,0,224.331,222.816,1.506
"Tenant 3 [Tier 2] Real-Time Web & Search","GetLarge",1,0,227.328,223.399,3.925
"Tenant 3 [Tier 2] Real-Time Web & Search","GetLarge",1,0,229.996,226.264,3.725
"Tenant 3 [Tier 2] Real-Time Web & Search","GetLarge",1,0,228.285,224.367,3.914
"Tenant 3 [Tier 2] Real-Time Web & Search","GetLarge",1,0,228.325,224.456,3.863
"Tenant 3 [Tier 2] Real-Time Web & Search","GetSmall",1,0,224.817,223.226,1.560
"Tenant 3 [Tier 2] Real-Time Web & Search","GetSmall",1,0,226.315,224.746,1.549
"Tenant 3 [Tier 2] Real-Time Web & Search","GetLarge",1,0,228.311,224.515,3.790
"Tenant 3 [Tier 2] Real-Time Web & Search","GetLarge",1,0,229.484,225.865,3.611
"Tenant 3 [Tier 2] Real-Time Web & Search","GetSmall",1,0,226.769,225.279,1.486
"Tenant 3 [Tier 2] Real-Time Web & Search","GetLarge",1,0,231.068,227.290,3.756
"Tenant 3 [Tier 2] Real-Time Web & Search","GetSmall",1,0,227.810,226.232,1.529
"Tenant 3 [Tier 2] Real-Time Web & Search","GetSmall",1,0,227.875,226.280,1.538
"Tenant 3 [Tier 2] Real-Time Web & Search","GetSmall",1,0,227.838,226.242,1.565
"Tenant 3 [Tier 2] Real-Time Web & Search","GetSmall",1,0,227.905,226.256,1.555
"Tenant 3 [Tier 2] Real-Time Web & Search","GetLarge",1,0,230.581,226.658,3.917
"Tenant 3 [Tier 2] Real-Time Web & Search","GetSmall",1,0,226.412,224.874,1.532
"Tenant 3 [Tier 2] Real-Time Web & Search","GetLarge",1,0,228.591,224.825,3.762
"Tenant 3 [Tier 2] Real-Time Web & Search","GetSmall",1,0,226.402,224.855,1.537
"Tenant 3 [Tier 2] Real-Time Web & Search","GetSmall",1,0,227.695,226.121,1.555
"Tenant 3 [Tier 2] Real-Time Web & Search","GetSmall",1,0,226.371,224.801,1.548
"Tenant 3 [Tier 2] Real-Time Web & Search","GetSmall",1,0,225.472,223.907,1.558
"Tenant 3 [Tier 2] Real-Time Web & Search","GetLarge",1,0,231.243,227.330,3.909
"Tenant 3 [Tier 2] Real-Time Web & Search","GetSmall",1,0,219.675,218.138,1.531
"Tenant 3 [Tier 2] Real-Time Web & Search","GetSmall",1,0,222.468,220.987,1.472
"Tenant 3 [Tier 2] Real-Time Web & Search","GetSmall",1,0,222.329,220.767,1.557
"Tenant 3 [Tier 2] Real-Time Web & Search","GetLarge",1,0,225.624,222.022,3.595
"Tenant 3 [Tier 2] Real-Time Web & Search","GetLarge",1,0,224.754,221.025,3.708
"Tenant 3 [Tier 2] Real-Time Web & Search","GetLarge",1,0,226.533,222.691,3.830
"Tenant 3 [Tier 2] Real-Time Web & Search","GetLarge",1,0,226.891,223.269,3.607
"Tenant 3 [Tier 2] Real-Time Web & Search","GetSmall",1,0,224.458,222.935,1.516
"Tenant 3 [Tier 2] Real-Time Web & Search","GetSmall",1,0,222.926,221.413,1.504
"Tenant 3 [Tier 2] Real-Time Web & Search","GetSmall",1,0,223.041,221.459,1.572
"Tenant 3 [Tier 2] Real-Time Web & Search","GetSmall",1,0,223.673,222.208,1.456
"Tenant 3 [Tier 2] Real-Time Web & Search","GetSmall",1,0,220.670,219.210,1.457
"Tenant 3 [Tier 2] Real-Time Web & Search","GetSmall",1,0,219.550,218.077,1.459
"Tenant 3 [Tier 2] Real-Time Web & Search","GetSmall",1,0,218.020,216.524,1.487
"Tenant 3 [Tier 2] Real-Time Web & Search","GetSmall",1,0,219.488,217.955,1.526
"Tenant 3 [Tier 2] Real-Time Web & Search","GetSmall",1,0,219.496,217.948,1.529
"Tenant 3 [Tier 2] Real-Time Web & Search","GetSmall",1,0,217.224,215.740,1.477
"Tenant 3 [Tier 2] Real-Time Web & Search","GetSmall",1,0,216.609,215.089,1.508
"Tenant 3 [Tier 2] Real-Time Web & Search","GetLarge",1,0,219.535,215.602,3.922
"Tenant 3 [Tier 2] Real-Time Web & Search","GetSmall",1,0,215.824,214.361,1.457
"Tenant 3 [Tier 2] Real-Time Web & Search","GetSmall",1,0,215.808,214.241,1.554
"Tenant 3 [Tier 2] Real-Time Web & Search","GetSmall",1,0,215.919,214.477,1.432
"Tenant 3 [Tier 2] Real-Time Web & Search","GetSmall",1,0,217.143,215.622,1.516
"Tenant 3 [Tier 2] Real-Time Web & Search","GetSmall",1,0,217.116,215.572,1.530
"Tenant 3 [Tier 2] Real-Time Web & Search","GetSmall",1,0,216.994,215.428,1.552
"Tenant 3 [Tier 2] Real-Time Web & Search","GetLarge",1,0,219.483,215.880,3.598
"Tenant 3 [Tier 2] Real-Time Web & Search","GetSmall",1,0,218.349,216.814,1.530
"Tenant 3 [Tier 2] Real-Time Web & Search","GetLarge",1,0,219.437,215.514,3.918
"Tenant 3 [Tier 2] Real-Time Web & Search","GetSmall",1,0,219.252,217.751,1.498
"Tenant 3 [Tier 2] Real-Time Web & Search","GetSmall",1,0,219.898,218.356,1.529
"Tenant 3 [Tier 2] Real-Time Web & Search","GetLarge",1,0,220.141,216.381,3.754
"Tenant 3 [Tier 2] Real-Time Web & Search","GetLarge",1,0,221.212,217.535,3.673
"Tenant 3 [Tier 2] Real-Time Web & Search","GetSmall",1,0,222.447,220.915,1.526
"Tenant 3 [Tier 2] Real-Time Web & Search","GetLarge",1,0,227.469,223.658,3.805
"Tenant 3 [Tier 2] Real-Time Web & Search","GetSmall",1,0,222.090,220.539,1.539
"Tenant 3 [Tier 2] Real-Time Web & Search","GetSmall",1,0,221.860,220.361,1.493
"Tenant 3 [Tier 2] Real-Time Web & Search","GetSmall",1,0,221.864,220.300,1.560
"Tenant 3 [Tier 2] Real-Time Web & Search","GetSmall",1,0,219.385,217.825,1.555
"Tenant 3 [Tier 2] Real-Time Web & Search","GetSmall",1,0,219.247,217.802,1.441
"Tenant 3 [Tier 2] Real-Time Web & Search","GetSmall",1,0,219.376,217.867,1.503
"Tenant 3 [Tier 2] Real-Time Web & Search","GetLarge",1,0,222.992,219.216,3.764
"Tenant 3 [Tier 2] Real-Time Web & Search","GetLarge",1,0,221.558,217.869,3.684
"Tenant 3 [Tier 2] Real-Time Web & Search","GetSmall",1,0,218.449,216.919,1.526
"Tenant 3 [Tier 2] Real-Time Web & Search","GetSmall",1,0,219.214,217.736,1.466
"Tenant 3 [Tier 2] Real-Time Web & Search","GetSmall",1,0,219.257,217.734,1.492
"Tenant 3 [Tier 2] Real-Time Web & Search","GetSmall",1,0,219.286,217.705,1.565
"Tenant 3 [Tier 2] Real-Time Web & Search","GetSmall",1,0,219.193,217.716,1.472
"Tenant 3 [Tier 2] Real-Time Web & Search","GetSmall",1,0,220.683,219.179,1.475
"Tenant 3 [Tier 2] Real-Time Web & Search","GetLarge",1,0,222.903,219.205,3.691
"Tenant 3 [Tier 2] Real-Time Web & Search","GetSmall",1,0,220.663,219.157,1.494
"Tenant 3 [Tier 2] Real-Time Web & Search","GetSmall",1,0,220.783,219.270,1.506
"Tenant 3 [Tier 2] Real-Time Web & Search","GetSmall",1,0,222.094,220.589,1.500
"Tenant 3 [Tier 2] Real-Time Web & Search","GetLarge",1,0,224.119,220.517,3.597
"Tenant 3 [Tier 2] Real-Time Web & Search","GetLarge",1,0,225.423,221.841,3.576
"Tenant 3 [Tier 2] Real-Time Web & Search","GetSmall",1,0,225.207,223.720,1.480
"Tenant 3 [Tier 2] Real-Time Web & Search","GetLarge",1,0,228.848,225.204,3.640
"Tenant 3 [Tier 2] Real-Time Web & Search","GetSmall",1,0,226.238,224.678,1.556
"Tenant 3 [Tier 2] Real-Time Web & Search","GetLarge",1,0,227.784,224.000,3.776
"Tenant 3 [Tier 2] Real-Time Web & Search","GetSmall",1,0,223.226,221.700,1.521
"Tenant 3 [Tier 2] Real-Time Web & Search","GetSmall",1,0,224.692,223.125,1.558
"Tenant 3 [Tier 2] Real-Time Web & Search","GetSmall",1,0,223.303,221.723,1.557
"Tenant 3 [Tier 2] Real-Time Web & Search","GetSmall",1,0,223.300,221.707,1.569
"Tenant 3 [Tier 2] Real-Time Web & Search","GetLarge",1,0,226.859,223.086,3.758
"Tenant 3 [Tier 2] Real-Time Web & Search","GetLarge",1,0,224.982,221.185,3.793
"Tenant 3 [Tier 2] Real-Time Web & Search","GetLarge",1,0,226.611,222.837,3.754
"Tenant 3 [Tier 2] Real-Time Web & Search","GetSmall",1,0,224.070,222.606,1.454
"Tenant 3 [Tier 2] Real-Time Web & Search","GetLarge",1,0,229.059,225.350,3.705
"Tenant 3 [Tier 2] Real-Time Web & Search","GetLarge",1,0,227.338,223.686,3.645
"Tenant 3 [Tier 2] Real-Time Web & Search","GetLarge",1,0,229.840,225.956,3.879
"Tenant 3 [Tier 2] Real-Time Web & Search","GetLarge",1,0,230.589,226.795,3.772
"Tenant 3 [Tier 2] Real-Time Web & Search","GetSmall",1,0,230.575,229.060,1.508
"Tenant 3 [Tier 2] Real-Time Web & Search","GetSmall",1,0,229.899,228.418,1.474
"Tenant 3 [Tier 2] Real-Time Web & Search","GetLarge",1,0,232.980,229.133,3.841
"Tenant 3 [Tier 2] Real-Time Web & Search","GetLarge",1,0,233.800,229.915,3.880
"Tenant 3 [Tier 2] Real-Time Web & Search","GetLarge",1,0,233.440,229.604,3.826
"Tenant 3 [Tier 2] Real-Time Web & Search","GetSmall",1,0,230.401,228.951,1.447
"Tenant 3 [Tier 2] Real-Time Web & Search","GetSmall",1,0,230.526,228.976,1.539
"Tenant 3 [Tier 2] Real-Time Web & Search","GetSmall",1,0,230.482,229.037,1.439
"Tenant 3 [Tier 2] Real-Time Web & Search","GetSmall",1,0,229.011,227.530,1.476
"Tenant 3 [Tier 2] Real-Time Web & Search","GetLarge",1,0,234.255,230.458,3.792
"Tenant 3 [Tier 2] Real-Time Web & Search","GetSmall",1,0,230.545,229.091,1.447
"Tenant 3 [Tier 2] Real-Time Web & Search","GetSmall",1,0,229.502,227.988,1.509
"Tenant 3 [Tier 2] Real-Time Web & Search","GetSmall",1,0,232.189,230.626,1.549
"Tenant 3 [Tier 2] Real-Time Web & Search","GetSmall",1,0,231.185,229.634,1.543
"Tenant 3 [Tier 2] Real-Time Web & Search","GetSmall",1,0,230.383,228.919,1.458
"Tenant 3 [Tier 2] Real-Time Web & Search","GetLarge",1,0,234.560,230.769,3.785
"Tenant 3 [Tier 2] Real-Time Web & Search","GetLarge",1,0,233.117,229.401,3.699
"Tenant 3 [Tier 2] Real-Time Web & Search","GetSmall",1,0,231.794,230.286,1.498
"Tenant 3 [Tier 2] Real-Time Web & Search","GetSmall",1,0,232.138,230.638,1.485
"Tenant 3 [Tier 2] Real-Time Web & Search","GetSmall",1,0,230.745,229.242,1.485
"Tenant 3 [Tier 2] Real-Time Web & Search","GetSmall",1,0,229.173,227.654,1.508
"Tenant 3 [Tier 2] Real-Time Web & Search","GetLarge",1,0,235.122,231.245,3.868
"Tenant 3 [Tier 2] Real-Time Web & Search","GetLarge",1,0,232.850,229.078,3.763
"Tenant 3 [Tier 2] Real-Time Web & Search","GetLarge",1,0,233.708,230.135,3.567
"Tenant 3 [Tier 2] Real-Time Web & Search","GetSmall",1,0,228.991,227.526,1.462
"Tenant 3 [Tier 2] Real-Time Web & Search","GetSmall",1,0,230.669,229.113,1.551
"Tenant 3 [Tier 2] Real-Time Web & Search","GetSmall",1,0,227.933,226.483,1.444
"Tenant 3 [Tier 2] Real-Time Web & Search","GetSmall",1,0,226.589,225.088,1.498
"Tenant 3 [Tier 2] Real-Time Web & Search","GetLarge",1,0,231.583,227.976,3.601
"Tenant 3 [Tier 2] Real-Time Web & Search","GetSmall",1,0,226.381,224.821,1.553
"Tenant 3 [Tier 2] Real-Time Web & Search","GetSmall",1,0,224.058,222.506,1.546
"Tenant 3 [Tier 2] Real-Time Web & Search","GetLarge",1,0,225.582,221.698,3.880
"Tenant 3 [Tier 2] Real-Time Web & Search","GetSmall",1,0,223.208,221.758,1.440
"Tenant 3 [Tier 2] Real-Time Web & Search","GetSmall",1,0,224.083,222.585,1.491
"Tenant 3 [Tier 2] Real-Time Web & Search","GetLarge",1,0,225.945,222.082,3.860
"Tenant 3 [Tier 2] Real-Time Web & Search","GetSmall",1,0,221.631,220.180,1.444
"Tenant 3 [Tier 2] Real-Time Web & Search","GetSmall",1,0,221.937,220.483,1.443
"Tenant 3 [Tier 2] Real-Time Web & Search","GetSmall",1,0,222.010,220.472,1.529
"Tenant 3 [Tier 2] Real-Time Web & Search","GetSmall",1,0,221.524,220.046,1.474
"Tenant 3 [Tier 2] Real-Time Web & Search","GetSmall",1,0,221.598,220.088,1.494
"Tenant 3 [Tier 2] Real-Time Web & Search","GetLarge",1,0,225.413,221.673,3.726
"Tenant 3 [Tier 2] Real-Time Web & Search","GetSmall",1,0,218.599,217.103,1.490
"Tenant 3 [Tier 2] Real-Time Web & Search","GetSmall",1,0,221.572,220.056,1.512
"Tenant 3 [Tier 2] Real-Time Web & Search","GetSmall",1,0,219.625,218.034,1.573
"Tenant 3 [Tier 2] Real-Time Web & Search","GetSmall",1,0,220.683,219.241,1.428
"Tenant 3 [Tier 2] Real-Time Web & Search","GetSmall",1,0,218.717,217.268,1.438
"Tenant 3 [Tier 2] Real-Time Web & Search","GetSmall",1,0,219.301,217.872,1.425
"Tenant 3 [Tier 2] Real-Time Web & Search","GetSmall",1,0,220.477,219.040,1.425
"Tenant 3 [Tier 2] Real-Time Web & Search","GetSmall",1,0,218.263,216.741,1.502
"Tenant 3 [Tier 2] Real-Time Web & Search","GetSmall",1,0,215.073,213.535,1.523
"Tenant 3 [Tier 2] Real-Time Web & Search","GetSmall",1,0,218.105,216.669,1.428
"Tenant 3 [Tier 2] Real-Time Web & Search","GetSmall",1,0,218.126,216.648,1.474
"Tenant 3 [Tier 2] Real-Time Web & Search","GetSmall",1,0,217.229,215.672,1.552
"Tenant 3 [Tier 2] Real-Time Web & Search","GetSmall",1,0,218.233,216.666,1.554
"Tenant 3 [Tier 2] Real-Time Web & Search","GetSmall",1,0,215.899,214.391,1.493
"Tenant 3 [Tier 2] Real-Time Web & Search","GetLarge",1,0,218.045,214.404,3.636
"Tenant 3 [Tier 2] Real-Time Web & Search","GetSmall",1,0,216.841,215.277,1.557
"Tenant 3 [Tier 2] Real-Time Web & Search","GetLarge",1,0,218.726,215.017,3.703
"Tenant 3 [Tier 2] Real-Time Web & Search","GetSmall",1,0,208.602,207.115,1.482
"Tenant 3 [Tier 2] Real-Time Web & Search","GetSmall",1,0,208.708,207.162,1.542
"Tenant 3 [Tier 2] Real-Time Web & Search","GetSmall",1,0,207.344,205.779,1.562
"Tenant 3 [Tier 2] Real-Time Web & Search","GetLarge",1,0,211.994,208.346,3.638
"Tenant 3 [Tier 2] Real-Time Web & Search","GetLarge",1,0,212.503,208.586,3.903
"Tenant 3 [Tier 2] Real-Time Web & Search","GetSmall",1,0,210.535,209.093,1.433
"Tenant 3 [Tier 2] Real-Time Web & Search","GetSmall",1,0,209.043,207.568,1.463
"Tenant 3 [Tier 2] Real-Time Web & Search","GetSmall",1,0,207.639,206.143,1.484
"Tenant 3 [Tier 2] Real-Time Web & Search","GetSmall",1,0,209.151,207.610,1.530
"Tenant 3 [Tier 2] Real-Time Web & Search","GetSmall",1,0,208.778,207.212,1.562
"Tenant 3 [Tier 2] Real-Time Web & Search","GetSmall",1,0,211.150,209.647,1.495
"Tenant 3 [Tier 2] Real-Time Web & Search","GetSmall",1,0,211.581,210.128,1.446
"Tenant 3 [Tier 2] Real-Time Web & Search","GetSmall",1,0,211.734,210.167,1.553
"Tenant 3 [Tier 2] Real-Time Web & Search","GetLarge",1,0,213.961,210.111,3.845
"Tenant 3 [Tier 2] Real-Time Web & Search","GetSmall",1,0,212.256,210.778,1.476
"Tenant 3 [Tier 2] Real-Time Web & Search","GetSmall",1,0,210.707,209.222,1.473
"Tenant 3 [Tier 2] Real-Time Web & Search","GetSmall",1,0,210.792,209.243,1.539
"Tenant 3 [Tier 2] Real-Time Web & Search","GetSmall",1,0,209.728,208.150,1.574
"Tenant 3 [Tier 2] Real-Time Web & Search","GetSmall",1,0,209.434,207.882,1.549
"Tenant 3 [Tier 2] Real-Time Web & Search","GetLarge",1,0,211.816,207.886,3.921
"Tenant 3 [Tier 2] Real-Time Web & Search","GetSmall",1,0,212.432,210.896,1.530
"Tenant 3 [Tier 2] Real-Time Web & Search","GetLarge",1,0,214.559,210.909,3.644
"Tenant 3 [Tier 2] Real-Time Web & Search","GetSmall",1,0,214.397,212.886,1.486
"Tenant 3 [Tier 2] Real-Time Web & Search","GetSmall",1,0,214.496,212.975,1.511
"Tenant 3 [Tier 2] Real-Time Web & Search","GetSmall",1,0,218.078,216.646,1.426
"Tenant 3 [Tier 2] Real-Time Web & Search","GetSmall",1,0,218.174,216.644,1.510
"Tenant 3 [Tier 2] Real-Time Web & Search","GetLarge",1,0,218.828,214.932,3.880
"Tenant 3 [Tier 2] Real-Time Web & Search","GetLarge",1,0,220.611,216.721,3.879
"Tenant 3 [Tier 2] Real-Time Web & Search","GetLarge",1,0,218.749,214.829,3.911
"Tenant 3 [Tier 2] Real-Time Web & Search","GetSmall",1,0,218.049,216.586,1.450
"Tenant 3 [Tier 2] Real-Time Web & Search","GetSmall",1,0,219.265,217.732,1.529
"Tenant 3 [Tier 2] Real-Time Web & Search","GetLarge",1,0,221.925,218.143,3.775
"Tenant 3 [Tier 2] Real-Time Web & Search","GetSmall",1,0,219.500,218.039,1.449
"Tenant 3 [Tier 2] Real-Time Web & Search","GetSmall",1,0,220.437,219.005,1.427
"Tenant 3 [Tier 2] Real-Time Web & Search","GetSmall",1,0,219.728,218.216,1.506
"Tenant 3 [Tier 2] Real-Time Web & Search","GetSmall",1,0,218.052,216.540,1.490
"Tenant 3 [Tier 2] Real-Time Web & Search","GetSmall",1,0,219.588,218.021,1.533
"Tenant 3 [Tier 2] Real-Time Web & Search","GetSmall",1,0,221.677,220.122,1.541
"Tenant 3 [Tier 2] Real-Time Web & Search","GetSmall",1,0,219.451,217.984,1.464
"Tenant 3 [Tier 2] Real-Time Web & Search","GetSmall",1,0,219.453,218.004,1.441
"Tenant 3 [Tier 2] Real-Time Web & Search","GetSmall",1,0,219.530,218.017,1.492
"Tenant 3 [Tier 2] Real-Time Web & Search","GetLarge",1,0,221.723,218.047,3.661
"Tenant 3 [Tier 2] Real-Time Web & Search","GetSmall",1,0,219.938,218.438,1.491
"Tenant 3 [Tier 2] Real-Time Web & Search","GetSmall",1,0,219.864,218.349,1.478
"Tenant 3 [Tier 2] Real-Time Web & Search","GetSmall",1,0,221.500,219.954,1.534
"Tenant 3 [Tier 2] Real-Time Web & Search","GetSmall",1,0,219.174,217.616,1.551
"Tenant 3 [Tier 2] Real-Time Web & Search","GetSmall",1,0,220.094,218.534,1.554
"Tenant 3 [Tier 2] Real-Time Web & Search","GetSmall",1,0,221.590,220.018,1.563
"Tenant 3 [Tier 2] Real-Time Web & Search","GetLarge",1,0,222.236,218.549,3.655
"Tenant 3 [Tier 2] Real-Time Web & Search","GetLarge",1,0,223.912,220.062,3.833
"Tenant 3 [Tier 2] Real-Time Web & Search","GetSmall",1,0,219.410,217.845,1.559
"Tenant 3 [Tier 2] Real-Time Web & Search","GetSmall",1,0,219.900,218.437,1.453
"Tenant 3 [Tier 2] Real-Time Web & Search","GetSmall",1,0,217.159,215.646,1.506
"Tenant 3 [Tier 2] Real-Time Web & Search","GetLarge",1,0,221.434,217.754,3.675
"Tenant 3 [Tier 2] Real-Time Web & Search","GetSmall",1,0,222.363,220.810,1.549
"Tenant 3 [Tier 2] Real-Time Web & Search","GetLarge",1,0,222.958,219.379,3.571
"Tenant 3 [Tier 2] Real-Time Web & Search","GetSmall",1,0,220.054,218.619,1.426
"Tenant 3 [Tier 2] Real-Time Web & Search","GetSmall",1,0,219.497,217.999,1.490
"Tenant 3 [Tier 2] Real-Time Web & Search","GetSmall",1,0,220.093,218.516,1.564
"Tenant 3 [Tier 2] Real-Time Web & Search","GetLarge",1,0,221.390,217.626,3.747
"Tenant 3 [Tier 2] Real-Time Web & Search","GetSmall",1,0,219.294,217.830,1.456
"Tenant 3 [Tier 2] Real-Time Web & Search","GetSmall",1,0,219.415,217.900,1.505
"Tenant 3 [Tier 2] Real-Time Web & Search","GetSmall",1,0,218.660,217.074,1.553
"Tenant 3 [Tier 2] Real-Time Web & Search","GetLarge",1,0,223.144,219.402,3.730
"Tenant 3 [Tier 2] Real-Time Web & Search","GetSmall",1,0,218.164,216.636,1.521
"Tenant 3 [Tier 2] Real-Time Web & Search","GetSmall",1,0,218.719,217.212,1.500
"Tenant 3 [Tier 2] Real-Time Web & Search","GetSmall",1,0,219.988,218.542,1.441
"Tenant 3 [Tier 2] Real-Time Web & Search","GetSmall",1,0,215.379,213.847,1.514
"Tenant 3 [Tier 2] Real-Time Web & Search","GetSmall",1,0,215.446,213.901,1.519
"Tenant 3 [Tier 2] Real-Time Web & Search","GetLarge",1,0,220.211,216.528,3.675
"Tenant 3 [Tier 2] Real-Time Web & Search","GetSmall",1,0,221.806,220.346,1.452
"Tenant 3 [Tier 2] Real-Time Web & Search","GetLarge",1,0,222.587,218.786,3.796
"Tenant 3 [Tier 2] Real-Time Web & Search","GetLarge",1,0,224.093,220.356,3.727
"Tenant 3 [Tier 2] Real-Time Web & Search","GetSmall",1,0,218.211,216.685,1.516
"Tenant 3 [Tier 2] Real-Time Web & Search","GetSmall",1,0,221.981,220.408,1.553
"Tenant 3 [Tier 2] Real-Time Web & Search","GetSmall",1,0,221.418,219.886,1.524
"Tenant 3 [Tier 2] Real-Time Web & Search","GetSmall",1,0,221.416,219.874,1.522
"Tenant 3 [Tier 2] Real-Time Web & Search","GetLarge",1,0,223.811,219.910,3.896
"Tenant 3 [Tier 2] Real-Time Web & Search","GetSmall",1,0,223.116,221.554,1.553
"Tenant 3 [Tier 2] Real-Time Web & Search","GetSmall",1,0,222.157,220.709,1.440
"Tenant 3 [Tier 2] Real-Time Web & Search","GetSmall",1,0,221.643,220.160,1.473
"Tenant 3 [Tier 2] Real-Time Web & Search","GetSmall",1,0,222.953,221.463,1.484
"Tenant 3 [Tier 2] Real-Time Web & Search","GetSmall",1,0,221.231,219.733,1.492
"Tenant 3 [Tier 2] Real-Time Web & Search","GetLarge",1,0,224.669,221.082,3.563
"Tenant 3 [Tier 2] Real-Time Web & Search","GetSmall",1,0,220.081,218.544,1.532
"Tenant 3 [Tier 2] Real-Time Web & Search","GetSmall",1,0,222.261,220.709,1.534
"Tenant 3 [Tier 2] Real-Time Web & Search","GetSmall",1,0,222.791,221.305,1.477
"Tenant 3 [Tier 2] Real-Time Web & Search","GetLarge",1,0,225.737,221.851,3.880
"Tenant 3 [Tier 2] Real-Time Web & Search","GetLarge",1,0,222.037,218.311,3.715
"Tenant 3 [Tier 2] Real-Time Web & Search","GetLarge",1,0,223.562,219.782,3.770
"Tenant 3 [Tier 2] Real-Time Web & Search","GetLarge",1,0,225.588,221.914,3.665
"Tenant 3 [Tier 2] Real-Time Web & Search","GetSmall",1,0,223.003,221.539,1.450
"Tenant 3 [Tier 2] Real-Time Web & Search","GetSmall",1,0,223.679,222.201,1.454
"Tenant 3 [Tier 2] Real-Time Web & Search","GetSmall",1,0,225.306,223.832,1.440
"Tenant 3 [Tier 2] Real-Time Web & Search","GetSmall",1,0,225.284,223.788,1.439
"Tenant 3 [Tier 2] Real-Time Web & Search","GetSmall",1,0,225.933,224.407,1.501
"Tenant 3 [Tier 2] Real-Time Web & Search","GetSmall",1,0,219.504,217.988,1.509
"Tenant 3 [Tier 2] Real-Time Web & Search","GetLarge",1,0,223.449,219.531,3.913
"Tenant 3 [Tier 2] Real-Time Web & Search","GetSmall",1,0,220.667,219.182,1.478
"Tenant 3 [Tier 2] Real-Time Web & Search","GetSmall",1,0,220.907,219.416,1.468
"Tenant 3 [Tier 2] Real-Time Web & Search","GetSmall",1,0,220.973,219.442,1.527
"Tenant 3 [Tier 2] Real-Time Web & Search","GetSmall",1,0,220.658,219.092,1.552
"Tenant 3 [Tier 2] Real-Time Web & Search","GetSmall",1,0,218.854,217.337,1.512
"Tenant 3 [Tier 2] Real-Time Web & Search","GetSmall",1,0,218.184,216.600,1.561
"Tenant 3 [Tier 2] Real-Time Web & Search","GetSmall",1,0,218.123,216.624,1.479
"Tenant 3 [Tier 2] Real-Time Web & Search","GetSmall",1,0,219.534,218.046,1.484
"Tenant 3 [Tier 2] Real-Time Web & Search","GetLarge",1,0,221.793,218.087,3.701
"Tenant 3 [Tier 2] Real-Time Web & Search","GetSmall",1,0,219.740,218.299,1.436
"Tenant 3 [Tier 2] Real-Time Web & Search","GetSmall",1,0,219.757,218.284,1.468
"Tenant 3 [Tier 2] Real-Time Web & Search","GetSmall",1,0,217.427,215.914,1.493
"Tenant 3 [Tier 2] Real-Time Web & Search","GetSmall",1,0,216.564,215.049,1.500
"Tenant 3 [Tier 2] Real-Time Web & Search","GetSmall",1,0,217.402,215.878,1.491
"Tenant 3 [Tier 2] Real-Time Web & Search","GetLarge",1,0,219.677,215.898,3.766
"Tenant 3 [Tier 2] Real-Time Web & Search","GetSmall",1,0,219.800,218.336,1.456
"Tenant 3 [Tier 2] Real-Time Web & Search","GetSmall",1,0,220.229,218.657,1.568
"Tenant 3 [Tier 2] Real-Time Web & Search","GetLarge",1,0,222.573,218.707,3.860
"Tenant 3 [Tier 2] Real-Time Web & Search","GetSmall",1,0,217.945,216.369,1.572
"Tenant 3 [Tier 2] Real-Time Web & Search","GetLarge",1,0,223.344,219.663,3.668
"Tenant 3 [Tier 2] Real-Time Web & Search","GetSmall",1,0,218.021,216.462,1.552
"Tenant 3 [Tier 2] Real-Time Web & Search","GetSmall",1,0,218.400,216.925,1.468
"Tenant 3 [Tier 2] Real-Time Web & Search","GetSmall",1,0,216.053,214.616,1.433
"Tenant 3 [Tier 2] Real-Time Web & Search","GetSmall",1,0,214.031,212.516,1.511
"Tenant 3 [Tier 2] Real-Time Web & Search","GetSmall",1,0,217.774,216.208,1.548
"Tenant 3 [Tier 2] Real-Time Web & Search","GetSmall",1,0,211.874,210.384,1.484
"Tenant 3 [Tier 2] Real-Time Web & Search","GetLarge",1,0,213.711,210.130,3.578
"Tenant 3 [Tier 2] Real-Time Web & Search","GetSmall",1,0,215.167,213.657,1.505
"Tenant 3 [Tier 2] Real-Time Web & Search","GetLarge",1,0,215.708,211.881,3.824
"Tenant 3 [Tier 2] Real-Time Web & Search","GetLarge",1,0,217.611,213.676,3.931
"Tenant 3 [Tier 2] Real-Time Web & Search","GetSmall",1,0,217.765,216.269,1.489
"Tenant 3 [Tier 2] Real-Time Web & Search","GetSmall",1,0,215.396,213.875,1.487
"Tenant 3 [Tier 2] Real-Time Web & Search","GetLarge",1,0,219.179,215.284,3.888
"Tenant 3 [Tier 2] Real-Time Web & Search","GetSmall",1,0,216.369,214.871,1.482
"Tenant 3 [Tier 2] Real-Time Web & Search","GetSmall",1,0,216.319,214.817,1.480
"Tenant 3 [Tier 2] Real-Time Web & Search","GetSmall",1,0,218.946,217.479,1.432
"Tenant 3 [Tier 2] Real-Time Web & Search","GetLarge",1,0,220.356,216.572,3.747
"Tenant 3 [Tier 2] Real-Time Web & Search","GetLarge",1,0,221.321,217.544,3.771
"Tenant 3 [Tier 2] Real-Time Web & Search","GetLarge",1,0,221.077,217.504,3.566
"Tenant 3 [Tier 2] Real-Time Web & Search","GetSmall",1,0,219.872,218.329,1.508
"Tenant 3 [Tier 2] Real-Time Web & Search","GetSmall",1,0,220.796,219.325,1.466
"Tenant 3 [Tier 2] Real-Time Web & Search","GetSmall",1,0,219.551,218.075,1.474
"Tenant 3 [Tier 2] Real-Time Web & Search","GetSmall",1,0,219.634,218.105,1.507
"Tenant 3 [Tier 2] Real-Time Web & Search","GetSmall",1,0,219.596,218.028,1.557
"Tenant 3 [Tier 2] Real-Time Web & Search","GetSmall",1,0,218.126,216.554,1.567
"Tenant 3 [Tier 2] Real-Time Web & Search","GetSmall",1,0,219.632,218.044,1.574
"Tenant 3 [Tier 2] Real-Time Web & Search","GetSmall",1,0,218.931,217.396,1.505
"Tenant 3 [Tier 2] Real-Time Web & Search","GetLarge",1,0,218.888,215.065,3.807
"Tenant 3 [Tier 2] Real-Time Web & Search","GetSmall",1,0,218.198,216.655,1.508
"Tenant 3 [Tier 2] Real-Time Web & Search","GetSmall",1,0,219.838,218.373,1.456
"Tenant 3 [Tier 2] Real-Time Web & Search","GetSmall",1,0,219.093,217.580,1.500
"Tenant 3 [Tier 2] Real-Time Web & Search","GetSmall",1,0,216.937,215.360,1.571
"Tenant 3 [Tier 2] Real-Time Web & Search","GetSmall",1,0,217.207,215.687,1.503
"Tenant 3 [Tier 2] Real-Time Web & Search","GetSmall",1,0,217.315,215.879,1.426
"Tenant 3 [Tier 2] Real-Time Web & Search","GetLarge",1,0,219.204,215.511,3.683
"Tenant 3 [Tier 2] Real-Time Web & Search","GetSmall",1,0,218.712,217.233,1.475
"Tenant 3 [Tier 2] Real-Time Web & Search","GetSmall",1,0,218.867,217.291,1.570
"Tenant 3 [Tier 2] Real-Time Web & Search","GetSmall",1,0,216.843,215.323,1.507
"Tenant 3 [Tier 2] Real-Time Web & Search","GetSmall",1,0,220.214,218.671,1.534
"Tenant 3 [Tier 2] Real-Time Web & Search","GetSmall",1,0,216.375,214.840,1.523
"Tenant 3 [Tier 2] Real-Time Web & Search","GetSmall",1,0,218.415,216.847,1.561
"Tenant 3 [Tier 2] Real-Time Web & Search","GetLarge",1,0,218.259,214.447,3.806
"Tenant 3 [Tier 2] Real-Time Web & Search","GetSmall",1,0,215.054,213.475,1.574
"Tenant 3 [Tier 2] Real-Time Web & Search","GetSmall",1,0,215.039,213.456,1.566
"Tenant 3 [Tier 2] Real-Time Web & Search","GetSmall",1,0,214.499,213.038,1.457
"Tenant 3 [Tier 2] Real-Time Web & Search","GetSmall",1,0,214.718,213.245,1.468
"Tenant 3 [Tier 2] Real-Time Web & Search","GetLarge",1,0,218.318,214.729,3.580
"Tenant 3 [Tier 2] Real-Time Web & Search","GetSmall",1,0,214.071,212.597,1.471
"Tenant 3 [Tier 2] Real-Time Web & Search","GetSmall",1,0,214.184,212.660,1.520
"Tenant 3 [Tier 2] Real-Time Web & Search","GetSmall",1,0,213.816,212.344,1.436
"Tenant 3 [Tier 2] Real-Time Web & Search","GetSmall",1,0,213.569,212.076,1.461
"Tenant 3 [Tier 2] Real-Time Web & Search","GetLarge",1,0,217.364,213.641,3.713
"Tenant 3 [Tier 2] Real-Time Web & Search","GetSmall",1,0,212.839,211.262,1.570
"Tenant 3 [Tier 2] Real-Time Web & Search","GetSmall",1,0,214.089,212.606,1.478
"Tenant 3 [Tier 2] Real-Time Web & Search","GetSmall",1,0,214.181,212.617,1.553
"Tenant 3 [Tier 2] Real-Time Web & Search","GetSmall",1,0,214.202,212.760,1.434
"Tenant 3 [Tier 2] Real-Time Web & Search","GetLarge",1,0,216.262,212.678,3.578
"Tenant 3 [Tier 2] Real-Time Web & Search","GetLarge",1,0,218.641,215.025,3.609
"Tenant 3 [Tier 2] Real-Time Web & Search","GetSmall",1,0,216.939,215.363,1.539
"Tenant 3 [Tier 2] Real-Time Web & Search","GetSmall",1,0,214.150,212.678,1.467
"Tenant 3 [Tier 2] Real-Time Web & Search","GetSmall",1,0,213.274,211.768,1.499
"Tenant 3 [Tier 2] Real-Time Web & Search","GetSmall",1,0,212.996,211.441,1.545
"Tenant 3 [Tier 2] Real-Time Web & Search","GetSmall",1,0,213.086,211.496,1.574
"Tenant 3 [Tier 2] Real-Time Web & Search","GetSmall",1,0,214.097,212.541,1.553
"Tenant 3 [Tier 2] Real-Time Web & Search","GetSmall",1,0,214.695,213.199,1.492
"Tenant 3 [Tier 2] Real-Time Web & Search","GetSmall",1,0,213.459,212.004,1.451
"Tenant 3 [Tier 2] Real-Time Web & Search","GetSmall",1,0,214.609,213.093,1.512
"Tenant 3 [Tier 2] Real-Time Web & Search","GetSmall",1,0,214.891,213.373,1.491
"Tenant 3 [Tier 2] Real-Time Web & Search","GetLarge",1,0,217.283,213.528,3.750
"Tenant 3 [Tier 2] Real-Time Web & Search","GetSmall",1,0,213.312,211.768,1.540
"Tenant 3 [Tier 2] Real-Time Web & Search","GetSmall",1,0,213.403,211.878,1.522
"Tenant 3 [Tier 2] Real-Time Web & Search","GetSmall",1,0,214.896,213.394,1.495
"Tenant 3 [Tier 2] Real-Time Web & Search","GetLarge",1,0,217.206,213.411,3.790
"Tenant 3 [Tier 2] Real-Time Web & Search","GetSmall",1,0,213.909,212.374,1.520
"Tenant 3 [Tier 2] Real-Time Web & Search","GetSmall",1,0,219.148,217.651,1.493
"Tenant 3 [Tier 2] Real-Time Web & Search","GetLarge",1,0,221.295,217.666,3.620
"Tenant 3 [Tier 2] Real-Time Web & Search","GetSmall",1,0,219.912,218.377,1.532
"Tenant 3 [Tier 2] Real-Time Web & Search","GetSmall",1,0,217.816,216.335,1.477
"Tenant 3 [Tier 2] Real-Time Web & Search","GetLarge",1,0,223.140,219.376,3.729
"Tenant 3 [Tier 2] Real-Time Web & Search","GetSmall",1,0,217.137,215.561,1.572
"Tenant 3 [Tier 2] Real-Time Web & Search","GetLarge",1,0,220.138,216.474,3.629
"Tenant 3 [Tier 2] Real-Time Web & Search","GetSmall",1,0,218.036,216.604,1.427
"Tenant 3 [Tier 2] Real-Time Web & Search","GetSmall",1,0,220.497,219.015,1.477
"Tenant 3 [Tier 2] Real-Time Web & Search","GetSmall",1,0,218.310,216.787,1.511
"Tenant 3 [Tier 2] Real-Time Web & Search","GetSmall",1,0,220.581,219.056,1.502
"Tenant 3 [Tier 2] Real-Time Web & Search","GetSmall",1,0,218.203,216.657,1.540
"Tenant 3 [Tier 2] Real-Time Web & Search","GetSmall",1,0,218.168,216.592,1.562
"Tenant 3 [Tier 2] Real-Time Web & Search","GetLarge",1,0,220.471,216.729,3.729
"Tenant 3 [Tier 2] Real-Time Web & Search","GetSmall",1,0,217.830,216.325,1.500
"Tenant 3 [Tier 2] Real-Time Web & Search","GetLarge",1,0,221.952,218.382,3.565
"Tenant 3 [Tier 2] Real-Time Web & Search","GetSmall",1,0,218.411,216.925,1.480
"Tenant 3 [Tier 2] Real-Time Web & Search","GetSmall",1,0,218.482,216.965,1.511
"Tenant 3 [Tier 2] Real-Time Web & Search","GetLarge",1,0,221.272,217.669,3.598
"Tenant 3 [Tier 2] Real-Time Web & Search","GetSmall",1,0,221.282,219.738,1.539
"Tenant 3 [Tier 2] Real-Time Web & Search","GetLarge",1,0,223.574,219.771,3.764
"Tenant 3 [Tier 2] Real-Time Web & Search","GetSmall",1,0,222.100,220.589,1.493
"Tenant 3 [Tier 2] Real-Time Web & Search","GetSmall",1,0,220.547,219.033,1.509
"Tenant 3 [Tier 2] Real-Time Web & Search","GetLarge",1,0,222.449,218.623,3.818
"Tenant 3 [Tier 2] Real-Time Web & Search","GetSmall",1,0,221.470,219.896,1.571
"Tenant 3 [Tier 2] Real-Time Web & Search","GetLarge",1,0,225.252,221.365,3.879
"Tenant 3 [Tier 2] Real-Time Web & Search","GetSmall",1,0,225.266,223.762,1.500
"Tenant 3 [Tier 2] Real-Time Web & Search","GetLarge",1,0,226.936,223.047,3.885
"Tenant 3 [Tier 2] Real-Time Web & Search","GetSmall",1,0,224.641,223.105,1.529
"Tenant 3 [Tier 2] Real-Time Web & Search","GetLarge",1,0,227.650,223.870,3.777
"Tenant 3 [Tier 2] Real-Time Web & Search","GetSmall",1,0,223.803,222.277,1.522
"Tenant 3 [Tier 2] Real-Time Web & Search","GetSmall",1,0,224.801,223.230,1.559
"Tenant 3 [Tier 2] Real-Time Web & Search","GetSmall",1,0,220.173,218.654,1.514
"Tenant 3 [Tier 2] Real-Time Web & Search","GetSmall",1,0,220.736,219.237,1.492
"Tenant 3 [Tier 2] Real-Time Web & Search","GetSmall",1,0,217.795,216.242,1.549
"Tenant 3 [Tier 2] Real-Time Web & Search","GetSmall",1,0,219.415,217.942,1.470
"Tenant 3 [Tier 2] Real-Time Web & Search","GetLarge",1,0,222.656,218.737,3.916
"Tenant 3 [Tier 2] Real-Time Web & Search","GetLarge",1,0,222.754,218.840,3.911
"Tenant 3 [Tier 2] Real-Time Web & Search","GetSmall",1,0,216.883,215.400,1.479
"Tenant 3 [Tier 2] Real-Time Web & Search","GetSmall",1,0,220.520,218.968,1.546
"Tenant 3 [Tier 2] Real-Time Web & Search","GetSmall",1,0,218.301,216.798,1.498
"Tenant 3 [Tier 2] Real-Time Web & Search","GetSmall",1,0,218.370,216.824,1.534
"Tenant 3 [Tier 2] Real-Time Web & Search","GetLarge",1,0,220.466,216.862,3.599
"Tenant 3 [Tier 2] Real-Time Web & Search","GetLarge",1,0,223.387,219.789,3.566
"Tenant 3 [Tier 2] Real-Time Web & Search","GetSmall",1,0,222.703,221.237,1.448
"Tenant 3 [Tier 2] Real-Time Web & Search","GetSmall",1,0,219.509,217.940,1.550
"Tenant 3 [Tier 2] Real-Time Web & Search","GetLarge",1,0,225.689,222.040,3.625
"Tenant 3 [Tier 2] Real-Time Web & Search","GetLarge",1,0,225.701,221.951,3.740
"Tenant 3 [Tier 2] Real-Time Web & Search","GetSmall",1,0,225.290,223.733,1.544
"Tenant 3 [Tier 2] Real-Time Web & Search","GetLarge",1,0,227.538,223.766,3.769
"Tenant 3 [Tier 2] Real-Time Web & Search","GetSmall",1,0,222.380,220.946,1.427
"Tenant 3 [Tier 2] Real-Time Web & Search","GetLarge",1,0,228.475,224.564,3.906
"Tenant 3 [Tier 2] Real-Time Web & Search","GetSmall",1,0,223.561,221.996,1.553
"Tenant 3 [Tier 2] Real-Time Web & Search","GetSmall",1,0,221.515,220.001,1.510
"Tenant 3 [Tier 2] Real-Time Web & Search","GetSmall",1,0,223.341,221.796,1.539
"Tenant 3 [Tier 2] Real-Time Web & Search","GetSmall",1,0,222.491,220.982,1.472
"Tenant 3 [Tier 2] Real-Time Web & Search","GetSmall",1,0,221.775,220.210,1.560
"Tenant 3 [Tier 2] Real-Time Web & Search","GetLarge",1,0,225.468,221.541,3.924
"Tenant 3 [Tier 2] Real-Time Web & Search","GetSmall",1,0,222.637,221.144,1.489
"Tenant 3 [Tier 2] Real-Time Web & Search","GetLarge",1,0,225.681,221.940,3.734
"Tenant 3 [Tier 2] Real-Time Web & Search","GetLarge",1,0,226.219,222.571,3.633
"Tenant 3 [Tier 2] Real-Time Web & Search","GetSmall",1,0,223.364,221.833,1.527
"Tenant 3 [Tier 2] Real-Time Web & Search","GetLarge",1,0,225.678,221.875,3.800
"Tenant 3 [Tier 2] Real-Time Web & Search","GetLarge",1,0,227.243,223.348,3.890
"Tenant 3 [Tier 2] Real-Time Web & Search","GetSmall",1,0,222.772,221.224,1.539
"Tenant 3 [Tier 2] Real-Time Web & Search","GetLarge",1,0,224.787,220.897,3.871
"Tenant 3 [Tier 2] Real-Time Web & Search","GetLarge",1,0,226.794,223.201,3.579
"Tenant 3 [Tier 2] Real-Time Web & Search","GetLarge",1,0,227.400,223.690,3.675
"Tenant 3 [Tier 2] Real-Time Web & Search","GetSmall",1,0,226.689,225.256,1.426
"Tenant 3 [Tier 2] Real-Time Web & Search","GetSmall",1,0,227.114,225.649,1.461
"Tenant 3 [Tier 2] Real-Time Web & Search","GetSmall",1,0,225.569,224.075,1.459
"Tenant 3 [Tier 2] Real-Time Web & Search","GetSmall",1,0,227.103,225.584,1.474
"Tenant 3 [Tier 2] Real-Time Web & Search","GetSmall",1,0,225.667,224.122,1.520
"Tenant 3 [Tier 2] Real-Time Web & Search","GetSmall",1,0,225.316,223.859,1.452
"Tenant 3 [Tier 2] Real-Time Web & Search","GetLarge",1,0,230.186,226.395,3.786
"Tenant 3 [Tier 2] Real-Time Web & Search","GetSmall",1,0,224.011,222.558,1.449
"Tenant 3 [Tier 2] Real-Time Web & Search","GetSmall",1,0,223.209,221.741,1.451
"Tenant 3 [Tier 2] Real-Time Web & Search","GetSmall",1,0,223.958,222.458,1.491
"Tenant 3 [Tier 2] Real-Time Web & Search","GetLarge",1,0,227.904,224.081,3.804
"Tenant 3 [Tier 2] Real-Time Web & Search","GetSmall",1,0,220.425,218.973,1.448
"Tenant 3 [Tier 2] Real-Time Web & Search","GetSmall",1,0,221.186,219.620,1.563
"Tenant 3 [Tier 2] Real-Time Web & Search","GetSmall",1,0,220.438,218.993,1.442
"Tenant 3 [Tier 2] Real-Time Web & Search","GetSmall",1,0,220.079,218.594,1.447
"Tenant 3 [Tier 2] Real-Time Web & Search","GetLarge",1,0,222.294,218.635,3.653
"Tenant 3 [Tier 2] Real-Time Web & Search","GetSmall",1,0,220.352,218.887,1.430
"Tenant 3 [Tier 2] Real-Time Web & Search","GetSmall",1,0,220.804,219.231,1.555
"Tenant 3 [Tier 2] Real-Time Web & Search","GetSmall",1,0,218.755,217.183,1.568
"Tenant 3 [Tier 2] Real-Time Web & Search","GetSmall",1,0,219.517,217.994,1.509
"Tenant 3 [Tier 2] Real-Time Web & Search","GetSmall",1,0,217.336,215.859,1.467
"Tenant 3 [Tier 2] Real-Time Web & Search","GetSmall",1,0,221.320,219.816,1.477
"Tenant 3 [Tier 2] Real-Time Web & Search","GetSmall",1,0,216.687,215.104,1.573
"Tenant 3 [Tier 2] Real-Time Web & Search","GetSmall",1,0,215.582,214.039,1.535
"Tenant 3 [Tier 2] Real-Time Web & Search","GetLarge",1,0,224.391,220.645,3.743
"Tenant 3 [Tier 2] Real-Time Web & Search","GetSmall",1,0,215.871,214.439,1.428
"Tenant 3 [Tier 2] Real-Time Web & Search","GetSmall",1,0,214.296,212.800,1.492
"Tenant 3 [Tier 2] Real-Time Web & Search","GetSmall",1,0,216.730,215.162,1.564
"Tenant 3 [Tier 2] Real-Time Web & Search","GetLarge",1,0,220.040,216.428,3.607
"Tenant 3 [Tier 2] Real-Time Web & Search","GetSmall",1,0,216.112,214.667,1.437
"Tenant 3 [Tier 2] Real-Time Web & Search","GetSmall",1,0,214.068,212.594,1.455
"Tenant 3 [Tier 2] Real-Time Web & Search","GetSmall",1,0,212.832,211.325,1.498
"Tenant 3 [Tier 2] Real-Time Web & Search","GetSmall",1,0,211.057,209.598,1.443
"Tenant 3 [Tier 2] Real-Time Web & Search","GetSmall",1,0,212.673,211.222,1.444
"Tenant 3 [Tier 2] Real-Time Web & Search","GetSmall",1,0,214.229,212.674,1.551
"Tenant 3 [Tier 2] Real-Time Web & Search","GetLarge",1,0,214.954,211.253,3.698
"Tenant 3 [Tier 2] Real-Time Web & Search","GetSmall",1,0,216.156,214.625,1.523
"Tenant 3 [Tier 2] Real-Time Web & Search","GetLarge",1,0,217.923,214.221,3.690
"Tenant 3 [Tier 2] Real-Time Web & Search","GetSmall",1,0,215.690,214.140,1.533
"Tenant 3 [Tier 2] Real-Time Web & Search","GetSmall",1,0,215.688,214.200,1.481
"Tenant 3 [Tier 2] Real-Time Web & Search","GetSmall",1,0,215.672,214.168,1.500
"Tenant 3 [Tier 2] Real-Time Web & Search","GetSmall",1,0,214.792,213.343,1.444
"Tenant 3 [Tier 2] Real-Time Web & Search","GetSmall",1,0,214.664,213.101,1.550
"Tenant 3 [Tier 2] Real-Time Web & Search","GetLarge",1,0,217.916,214.248,3.663
"Tenant 3 [Tier 2] Real-Time Web & Search","GetSmall",1,0,214.119,212.587,1.526
"Tenant 3 [Tier 2] Real-Time Web & Search","GetSmall",1,0,214.578,213.123,1.449
"Tenant 3 [Tier 2] Real-Time Web & Search","GetSmall",1,0,215.792,214.255,1.532
"Tenant 3 [Tier 2] Real-Time Web & Search","GetSmall",1,0,215.967,214.492,1.470
"Tenant 3 [Tier 2] Real-Time Web & Search","GetSmall",1,0,214.514,212.995,1.515
"Tenant 3 [Tier 2] Real-Time Web & Search","GetSmall",1,0,214.259,212.712,1.543
"Tenant 3 [Tier 2] Real-Time Web & Search","GetSmall",1,0,216.211,214.767,1.439
"Tenant 3 [Tier 2] Real-Time Web & Search","GetLarge",1,0,215.821,212.190,3.627
"Tenant 3 [Tier 2] Real-Time Web & Search","GetSmall",1,0,213.253,211.650,1.572
"Tenant 3 [Tier 2] Real-Time Web & Search","GetSmall",1,0,214.614,213.124,1.486
"Tenant 3 [Tier 2] Real-Time Web & Search","GetSmall",1,0,214.544,213.065,1.467
"Tenant 3 [Tier 2] Real-Time Web & Search","GetSmall",1,0,215.608,214.132,1.471
"Tenant 3 [Tier 2] Real-Time Web & Search","GetSmall",1,0,215.284,213.795,1.485
"Tenant 3 [Tier 2] Real-Time Web & Search","GetSmall",1,0,214.546,212.998,1.527
"Tenant 3 [Tier 2] Real-Time Web & Search","GetSmall",1,0,214.517,212.946,1.568
"Tenant 3 [Tier 2] Real-Time Web & Search","GetLarge",1,0,217.993,214.373,3.611
"Tenant 3 [Tier 2] Real-Time Web & Search","GetSmall",1,0,218.001,216.534,1.461
"Tenant 3 [Tier 2] Real-Time Web & Search","GetSmall",1,0,218.403,216.871,1.529
"Tenant 3 [Tier 2] Real-Time Web & Search","GetSmall",1,0,218.437,216.888,1.541
"Tenant 3 [Tier 2] Real-Time Web & Search","GetLarge",1,0,219.509,215.922,3.566
"Tenant 3 [Tier 2] Real-Time Web & Search","GetLarge",1,0,221.939,218.064,3.867
"Tenant 3 [Tier 2] Real-Time Web & Search","GetSmall",1,0,218.564,217.131,1.427
"Tenant 3 [Tier 2] Real-Time Web & Search","GetLarge",1,0,222.651,218.728,3.911
"Tenant 3 [Tier 2] Real-Time Web & Search","GetSmall",1,0,217.496,216.062,1.426
"Tenant 3 [Tier 2] Real-Time Web & Search","GetSmall",1,0,217.539,216.090,1.435
"Tenant 3 [Tier 2] Real-Time Web & Search","GetSmall",1,0,220.608,219.124,1.465
"Tenant 3 [Tier 2] Real-Time Web & Search","GetSmall",1,0,217.585,216.066,1.506
"Tenant 3 [Tier 2] Real-Time Web & Search","GetSmall",1,0,218.017,216.573,1.436
"Tenant 3 [Tier 2] Real-Time Web & Search","GetLarge",1,0,220.271,216.584,3.671
"Tenant 3 [Tier 2] Real-Time Web & Search","GetSmall",1,0,220.171,218.707,1.456
"Tenant 3 [Tier 2] Real-Time Web & Search","GetSmall",1,0,219.449,217.975,1.455
"Tenant 3 [Tier 2] Real-Time Web & Search","GetSmall",1,0,218.743,217.182,1.558
"Tenant 3 [Tier 2] Real-Time Web & Search","GetSmall",1,0,219.830,218.240,1.574
"Tenant 3 [Tier 2] Real-Time Web & Search","GetSmall",1,0,218.878,217.369,1.504
"Tenant 3 [Tier 2] Real-Time Web & Search","GetSmall",1,0,218.881,217.306,1.562
"Tenant 3 [Tier 2] Real-Time Web & Search","GetSmall",1,0,219.949,218.511,1.432
"Tenant 3 [Tier 2] Real-Time Web & Search","GetSmall",1,0,220.470,218.918,1.542
"Tenant 3 [Tier 2] Real-Time Web & Search","GetLarge",1,0,222.224,218.549,3.670
"Tenant 3 [Tier 2] Real-Time Web & Search","GetSmall",1,0,218.642,217.193,1.445
"Tenant 3 [Tier 2] Real-Time Web & Search","GetSmall",1,0,218.980,217.475,1.494
"Tenant 3 [Tier 2] Real-Time Web & Search","GetLarge",1,0,221.264,217.373,3.878
"Tenant 3 [Tier 2] Real-Time Web & Search","GetSmall",1,0,220.471,219.019,1.446
"Tenant 3 [Tier 2] Real-Time Web & Search","GetSmall",1,0,219.057,217.518,1.533
"Tenant 3 [Tier 2] Real-Time Web & Search","GetSmall",1,0,220.465,218.965,1.493
"Tenant 3 [Tier 2] Real-Time Web & Search","GetSmall",1,0,220.564,219.045,1.513
"Tenant 3 [Tier 2] Real-Time Web & Search","GetSmall",1,0,220.621,219.065,1.544
"Tenant 3 [Tier 2] Real-Time Web & Search","GetSmall",1,0,220.560,219.000,1.543
"Tenant 3 [Tier 2] Real-Time Web & Search","GetSmall",1,0,218.487,216.943,1.540
"Tenant 3 [Tier 2] Real-Time Web & Search","GetSmall",1,0,219.090,217.641,1.441
"Tenant 3 [Tier 2] Real-Time Web & Search","GetSmall",1,0,219.118,217.649,1.459
"Tenant 3 [Tier 2] Real-Time Web & Search","GetSmall",1,0,217.292,215.735,1.552
"Tenant 3 [Tier 2] Real-Time Web & Search","GetLarge",1,0,222.520,218.834,3.667
"Tenant 3 [Tier 2] Real-Time Web & Search","GetLarge",1,0,220.160,216.367,3.783
"Tenant 3 [Tier 2] Real-Time Web & Search","GetLarge",1,0,221.502,217.583,3.913
"Tenant 3 [Tier 2] Real-Time Web & Search","GetSmall",1,0,219.278,217.769,1.504
"Tenant 3 [Tier 2] Real-Time Web & Search","GetSmall",1,0,219.357,217.865,1.487
"Tenant 3 [Tier 2] Real-Time Web & Search","GetSmall",1,0,219.358,217.837,1.508
"Tenant 3 [Tier 2] Real-Time Web & Search","GetSmall",1,0,219.437,217.900,1.534
"Tenant 3 [Tier 2] Real-Time Web & Search","GetLarge",1,0,221.744,217.916,3.788
"Tenant 3 [Tier 2] Real-Time Web & Search","GetSmall",1,0,217.473,215.947,1.518
"Tenant 3 [Tier 2] Real-Time Web & Search","GetLarge",1,0,221.956,218.187,3.765
"Tenant 3 [Tier 2] Real-Time Web & Search","GetSmall",1,0,218.914,217.428,1.473
"Tenant 3 [Tier 2] Real-Time Web & Search","GetSmall",1,0,218.937,217.412,1.503
"Tenant 3 [Tier 2] Real-Time Web & Search","GetSmall",1,0,221.403,219.822,1.572
"Tenant 3 [Tier 2] Real-Time Web & Search","GetLarge",1,0,223.548,219.835,3.708
"Tenant 3 [Tier 2] Real-Time Web & Search","GetLarge",1,0,224.057,220.359,3.691
"Tenant 3 [Tier 2] Real-Time Web & Search","GetLarge",1,0,225.823,222.140,3.676
"Tenant 3 [Tier 2] Real-Time Web & Search","GetLarge",1,0,224.810,221.233,3.571
"Tenant 3 [Tier 2] Real-Time Web & Search","GetSmall",1,0,224.735,223.272,1.458
"Tenant 3 [Tier 2] Real-Time Web & Search","GetSmall",1,0,224.601,223.086,1.511
"Tenant 3 [Tier 2] Real-Time Web & Search","GetSmall",1,0,225.624,224.091,1.517
"Tenant 3 [Tier 2] Real-Time Web & Search","GetLarge",1,0,226.809,223.036,3.758
"Tenant 3 [Tier 2] Real-Time Web & Search","GetSmall",1,0,223.531,222.052,1.473
"Tenant 3 [Tier 2] Real-Time Web & Search","GetLarge",1,0,226.375,222.675,3.688
"Tenant 3 [Tier 2] Real-Time Web & Search","GetSmall",1,0,223.483,222.014,1.464
"Tenant 3 [Tier 2] Real-Time Web & Search","GetSmall",1,0,223.541,222.031,1.507
"Tenant 3 [Tier 2] Real-Time Web & Search","GetLarge",1,0,228.658,224.931,3.716
"Tenant 3 [Tier 2] Real-Time Web & Search","GetSmall",1,0,226.442,224.989,1.449
"Tenant 3 [Tier 2] Real-Time Web & Search","GetSmall",1,0,226.485,224.993,1.469
"Tenant 3 [Tier 2] Real-Time Web & Search","GetSmall",1,0,225.044,223.481,1.557
"Tenant 3 [Tier 2] Real-Time Web & Search","GetSmall",1,0,221.079,219.510,1.561
"Tenant 3 [Tier 2] Real-Time Web & Search","GetSmall",1,0,221.850,220.403,1.436
"Tenant 3 [Tier 2] Real-Time Web & Search","GetSmall",1,0,223.109,221.585,1.518
"Tenant 3 [Tier 2] Real-Time Web & Search","GetLarge",1,0,226.574,222.705,3.857
"Tenant 3 [Tier 2] Real-Time Web & Search","GetSmall",1,0,222.431,220.902,1.524
"Tenant 3 [Tier 2] Real-Time Web & Search","GetSmall",1,0,219.340,217.909,1.427
"Tenant 3 [Tier 2] Real-Time Web & Search","GetSmall",1,0,219.641,218.183,1.448
"Tenant 3 [Tier 2] Real-Time Web & Search","GetSmall",1,0,219.928,218.480,1.434
"Tenant 3 [Tier 2] Real-Time Web & Search","GetSmall",1,0,220.732,219.281,1.436
"Tenant 3 [Tier 2] Real-Time Web & Search","GetSmall",1,0,220.028,218.462,1.562
"Tenant 3 [Tier 2] Real-Time Web & Search","GetSmall",1,0,218.793,217.317,1.471
"Tenant 3 [Tier 2] Real-Time Web & Search","GetLarge",1,0,224.341,220.765,3.565
"Tenant 3 [Tier 2] Real-Time Web & Search","GetSmall",1,0,219.686,218.201,1.479
"Tenant 3 [Tier 2] Real-Time Web & Search","GetSmall",1,0,219.220,217.644,1.572
"Tenant 3 [Tier 2] Real-Time Web & Search","GetSmall",1,0,217.636,216.173,1.459
"Tenant 3 [Tier 2] Real-Time Web & Search","GetSmall",1,0,220.282,218.760,1.518
"Tenant 3 [Tier 2] Real-Time Web & Search","GetSmall",1,0,217.484,215.959,1.519
"Tenant 3 [Tier 2] Real-Time Web & Search","GetSmall",1,0,217.623,216.156,1.462
"Tenant 3 [Tier 2] Real-Time Web & Search","GetSmall",1,0,215.806,214.336,1.469
"Tenant 3 [Tier 2] Real-Time Web & Search","GetLarge",1,0,219.175,215.375,3.794
"Tenant 3 [Tier 2] Real-Time Web & Search","GetSmall",1,0,217.127,215.576,1.547
"Tenant 3 [Tier 2] Real-Time Web & Search","GetLarge",1,0,219.256,215.637,3.613
"Tenant 3 [Tier 2] Real-Time Web & Search","GetLarge",1,0,219.322,215.591,3.727
"Tenant 3 [Tier 2] Real-Time Web & Search","GetSmall",1,0,216.097,214.603,1.492
"Tenant 3 [Tier 2] Real-Time Web & Search","GetSmall",1,0,216.326,214.890,1.426
"Tenant 3 [Tier 2] Real-Time Web & Search","GetSmall",1,0,215.545,214.096,1.446
"Tenant 3 [Tier 2] Real-Time Web & Search","GetSmall",1,0,216.275,214.816,1.451
"Tenant 3 [Tier 2] Real-Time Web & Search","GetSmall",1,0,216.417,214.849,1.553
"Tenant 3 [Tier 2] Real-Time Web & Search","GetSmall",1,0,216.224,214.782,1.436
"Tenant 3 [Tier 2] Real-Time Web & Search","GetSmall",1,0,216.378,214.855,1.519
"Tenant 3 [Tier 2] Real-Time Web & Search","GetLarge",1,0,217.747,214.082,3.661
"Tenant 3 [Tier 2] Real-Time Web & Search","GetLarge",1,0,218.714,214.889,3.802
"Tenant 3 [Tier 2] Real-Time Web & Search","GetLarge",1,0,222.204,218.605,3.591
"Tenant 3 [Tier 2] Real-Time Web & Search","GetLarge",1,0,223.102,219.345,3.750
"Tenant 3 [Tier 2] Real-Time Web & Search","GetSmall",1,0,219.246,217.687,1.546
"Tenant 3 [Tier 2] Real-Time Web & Search","GetLarge",1,0,223.735,220.038,3.690
"Tenant 3 [Tier 2] Real-Time Web & Search","GetLarge",1,0,221.315,217.665,3.644
"Tenant 3 [Tier 2] Real-Time Web & Search","GetSmall",1,0,224.661,223.130,1.521
"Tenant 3 [Tier 2] Real-Time Web & Search","GetLarge",1,0,225.718,221.770,3.933
"Tenant 3 [Tier 2] Real-Time Web & Search","GetLarge",1,0,226.732,223.134,3.595
"Tenant 3 [Tier 2] Real-Time Web & Search","GetSmall",1,0,225.282,223.747,1.511
"Tenant 3 [Tier 2] Real-Time Web & Search","GetLarge",1,0,226.906,223.316,3.588
"Tenant 3 [Tier 2] Real-Time Web & Search","GetSmall",1,0,224.847,223.292,1.545
"Tenant 3 [Tier 2] Real-Time Web & Search","GetLarge",1,0,227.508,223.875,3.625
"Tenant 3 [Tier 2] Real-Time Web & Search","GetSmall",1,0,228.070,226.619,1.437
"Tenant 3 [Tier 2] Real-Time Web & Search","GetSmall",1,0,228.137,226.664,1.465
"Tenant 3 [Tier 2] Real-Time Web & Search","GetLarge",1,0,230.110,226.507,3.598
"Tenant 3 [Tier 2] Real-Time Web & Search","GetSmall",1,0,228.074,226.598,1.473
"Tenant 3 [Tier 2] Real-Time Web & Search","GetLarge",1,0,231.446,227.739,3.704
"Tenant 3 [Tier 2] Real-Time Web & Search","GetSmall",1,0,228.139,226.581,1.546
"Tenant 3 [Tier 2] Real-Time Web & Search","GetLarge",1,0,230.972,227.038,3.931
"Tenant 3 [Tier 2] Real-Time Web & Search","GetSmall",1,0,228.851,227.391,1.449
"Tenant 3 [Tier 2] Real-Time Web & Search","GetSmall",1,0,227.957,226.393,1.560
"Tenant 3 [Tier 2] Real-Time Web & Search","GetSmall",1,0,228.271,226.786,1.483
"Tenant 3 [Tier 2] Real-Time Web & Search","GetLarge",1,0,232.221,228.399,3.817
"Tenant 3 [Tier 2] Real-Time Web & Search","GetSmall",1,0,226.303,224.723,1.568
"Tenant 3 [Tier 2] Real-Time Web & Search","GetSmall",1,0,227.141,225.665,1.472
"Tenant 3 [Tier 2] Real-Time Web & Search","GetSmall",1,0,228.647,227.132,1.498
"Tenant 3 [Tier 2] Real-Time Web & Search","GetSmall",1,0,227.253,225.693,1.556
"Tenant 3 [Tier 2] Real-Time Web & Search","GetSmall",1,0,228.659,227.172,1.464
"Tenant 3 [Tier 2] Real-Time Web & Search","GetSmall",1,0,227.609,226.170,1.435
"Tenant 3 [Tier 2] Real-Time Web & Search","GetSmall",1,0,227.612,226.077,1.529
"Tenant 3 [Tier 2] Real-Time Web & Search","GetSmall",1,0,228.158,226.715,1.439
"Tenant 3 [Tier 2] Real-Time Web & Search","GetLarge",1,0,230.792,227.045,3.741
"Tenant 3 [Tier 2] Real-Time Web & Search","GetSmall",1,0,223.569,222.067,1.497
"Tenant 3 [Tier 2] Real-Time Web & Search","GetSmall",1,0,221.895,220.355,1.534
"Tenant 3 [Tier 2] Real-Time Web & Search","GetSmall",1,0,222.161,220.675,1.472
"Tenant 3 [Tier 2] Real-Time Web & Search","GetSmall",1,0,222.894,221.379,1.509
"Tenant 3 [Tier 2] Real-Time Web & Search","GetLarge",1,0,224.640,220.755,3.865
"Tenant 3 [Tier 2] Real-Time Web & Search","GetLarge",1,0,222.137,218.425,3.707
"Tenant 3 [Tier 2] Real-Time Web & Search","GetSmall",1,0,221.159,219.709,1.446
"Tenant 3 [Tier 2] Real-Time Web & Search","GetSmall",1,0,218.602,217.124,1.466
"Tenant 3 [Tier 2] Real-Time Web & Search","GetSmall",1,0,220.176,218.681,1.484
"Tenant 3 [Tier 2] Real-Time Web & Search","GetSmall",1,0,218.663,217.103,1.556
"Tenant 3 [Tier 2] Real-Time Web & Search","GetLarge",1,0,220.772,216.945,3.821
"Tenant 3 [Tier 2] Real-Time Web & Search","GetLarge",1,0,223.773,220.030,3.737
"Tenant 3 [Tier 2] Real-Time Web & Search","GetSmall",1,0,219.257,217.774,1.476
"Tenant 3 [Tier 2] Real-Time Web & Search","GetSmall",1,0,219.292,217.791,1.488
"Tenant 3 [Tier 2] Real-Time Web & Search","GetSmall",1,0,218.492,216.962,1.524
"Tenant 3 [Tier 2] Real-Time Web & Search","GetSmall",1,0,218.135,216.616,1.513
"Tenant 3 [Tier 2] Real-Time Web & Search","GetSmall",1,0,218.483,216.955,1.515
"Tenant 3 [Tier 2] Real-Time Web & Search","GetSmall",1,0,217.973,216.415,1.544
"Tenant 3 [Tier 2] Real-Time Web & Search","GetSmall",1,0,218.648,217.152,1.490
"Tenant 3 [Tier 2] Real-Time Web & Search","GetSmall",1,0,215.277,213.817,1.450
"Tenant 3 [Tier 2] Real-Time Web & Search","GetSmall",1,0,215.213,213.715,1.484
"Tenant 3 [Tier 2] Real-Time Web & Search","GetSmall",1,0,214.183,212.705,1.465
"Tenant 3 [Tier 2] Real-Time Web & Search","GetSmall",1,0,216.168,214.706,1.456
"Tenant 3 [Tier 2] Real-Time Web & Search","GetSmall",1,0,214.607,213.099,1.497
"Tenant 3 [Tier 2] Real-Time Web & Search","GetSmall",1,0,212.246,210.792,1.452
"Tenant 3 [Tier 2] Real-Time Web & Search","GetSmall",1,0,212.383,210.843,1.535
"Tenant 3 [Tier 2] Real-Time Web & Search","GetSmall",1,0,210.971,209.531,1.438
"Tenant 3 [Tier 2] Real-Time Web & Search","GetSmall",1,0,213.269,211.799,1.466
"Tenant 3 [Tier 2] Real-Time Web & Search","GetSmall",1,0,212.872,211.419,1.450
"Tenant 3 [Tier 2] Real-Time Web & Search","GetLarge",1,0,216.725,212.809,3.908
"Tenant 3 [Tier 2] Real-Time Web & Search","GetSmall",1,0,214.327,212.811,1.512
"Tenant 3 [Tier 2] Real-Time Web & Search","GetLarge",1,0,217.316,213.426,3.867
"Tenant 3 [Tier 2] Real-Time Web & Search","GetSmall",1,0,214.028,212.582,1.430
"Tenant 3 [Tier 2] Real-Time Web & Search","GetSmall",1,0,214.703,213.181,1.516
"Tenant 3 [Tier 2] Real-Time Web & Search","GetSmall",1,0,217.547,216.056,1.480
"Tenant 3 [Tier 2] Real-Time Web & Search","GetLarge",1,0,219.950,216.036,3.909
"Tenant 3 [Tier 2] Real-Time Web & Search","GetSmall",1,0,216.091,214.570,1.515
"Tenant 3 [Tier 2] Real-Time Web & Search","GetSmall",1,0,215.767,214.302,1.461
"Tenant 3 [Tier 2] Real-Time Web & Search","GetSmall",1,0,215.769,214.273,1.491
"Tenant 3 [Tier 2] Real-Time Web & Search","GetSmall",1,0,215.873,214.374,1.482
"Tenant 3 [Tier 2] Real-Time Web & Search","GetSmall",1,0,215.788,214.258,1.524
"Tenant 3 [Tier 2] Real-Time Web & Search","GetSmall",1,0,215.738,214.191,1.545
"Tenant 3 [Tier 2] Real-Time Web & Search","GetSmall",1,0,215.036,213.601,1.431
"Tenant 3 [Tier 2] Real-Time Web & Search","GetSmall",1,0,211.466,209.984,1.475
"Tenant 3 [Tier 2] Real-Time Web & Search","GetSmall",1,0,211.988,210.417,1.565
"Tenant 3 [Tier 2] Real-Time Web & Search","GetSmall",1,0,214.268,212.765,1.495
"Tenant 3 [Tier 2] Real-Time Web & Search","GetSmall",1,0,213.201,211.685,1.498
"Tenant 3 [Tier 2] Real-Time Web & Search","GetLarge",1,0,215.387,211.583,3.801
"Tenant 3 [Tier 2] Real-Time Web & Search","GetLarge",1,0,217.080,213.209,3.858
"Tenant 3 [Tier 2] Real-Time Web & Search","GetSmall",1,0,214.919,213.439,1.462
"Tenant 3 [Tier 2] Real-Time Web & Search","GetSmall",1,0,211.931,210.456,1.467
"Tenant 3 [Tier 2] Real-Time Web & Search","GetSmall",1,0,213.427,211.949,1.468
"Tenant 3 [Tier 2] Real-Time Web & Search","GetSmall",1,0,214.976,213.454,1.514
"Tenant 3 [Tier 2] Real-Time Web & Search","GetSmall",1,0,213.542,211.983,1.556
"Tenant 3 [Tier 2] Real-Time Web & Search","GetSmall",1,0,214.429,212.931,1.491
"Tenant 3 [Tier 2] Real-Time Web & Search","GetSmall",1,0,214.462,212.885,1.573
"Tenant 3 [Tier 2] Real-Time Web & Search","GetSmall",1,0,216.143,214.612,1.525
"Tenant 3 [Tier 2] Real-Time Web & Search","GetSmall",1,0,216.338,214.794,1.527
"Tenant 3 [Tier 2] Real-Time Web & Search","GetSmall",1,0,216.463,214.899,1.546
"Tenant 3 [Tier 2] Real-Time Web & Search","GetSmall",1,0,215.531,214.077,1.450
"Tenant 3 [Tier 2] Real-Time Web & Search","GetSmall",1,0,214.089,212.598,1.483
"Tenant 3 [Tier 2] Real-Time Web & Search","GetSmall",1,0,214.735,213.267,1.460
"Tenant 3 [Tier 2] Real-Time Web & Search","GetSmall",1,0,214.380,212.819,1.558
"Tenant 3 [Tier 2] Real-Time Web & Search","GetLarge",1,0,217.105,213.397,3.701
"Tenant 3 [Tier 2] Real-Time Web & Search","GetLarge",1,0,219.281,215.418,3.847
"Tenant 3 [Tier 2] Real-Time Web & Search","GetLarge",1,0,220.081,216.482,3.593
"Tenant 3 [Tier 2] Real-Time Web & Search","GetLarge",1,0,220.051,216.327,3.718
"Tenant 3 [Tier 2] Real-Time Web & Search","GetLarge",1,0,219.963,216.334,3.615
"Tenant 3 [Tier 2] Real-Time Web & Search","GetLarge",1,0,221.627,217.711,3.902
"Tenant 3 [Tier 2] Real-Time Web & Search","GetSmall",1,0,219.629,218.174,1.448
"Tenant 3 [Tier 2] Real-Time Web & Search","GetSmall",1,0,219.700,218.193,1.502
"Tenant 3 [Tier 2] Real-Time Web & Search","GetSmall",1,0,221.042,219.603,1.434
"Tenant 3 [Tier 2] Real-Time Web & Search","GetSmall",1,0,221.182,219.614,1.564
"Tenant 3 [Tier 2] Real-Time Web & Search","GetLarge",1,0,223.206,219.634,3.566
"Tenant 3 [Tier 2] Real-Time Web & Search","GetSmall",1,0,221.177,219.598,1.573
"Tenant 3 [Tier 2] Real-Time Web & Search","GetSmall",1,0,219.665,218.185,1.474
"Tenant 3 [Tier 2] Real-Time Web & Search","GetSmall",1,0,219.864,218.300,1.548
"Tenant 3 [Tier 2] Real-Time Web & Search","GetLarge",1,0,223.150,219.326,3.809
"Tenant 3 [Tier 2] Real-Time Web & Search","GetLarge",1,0,227.105,223.168,3.933
"Tenant 3 [Tier 2] Real-Time Web & Search","GetSmall",1,0,224.142,222.690,1.448
"Tenant 3 [Tier 2] Real-Time Web & Search","GetSmall",1,0,222.966,221.454,1.506
"Tenant 3 [Tier 2] Real-Time Web & Search","GetLarge",1,0,227.691,223.894,3.792
"Tenant 3 [Tier 2] Real-Time Web & Search","GetSmall",1,0,224.716,223.264,1.447
"Tenant 3 [Tier 2] Real-Time Web & Search","GetSmall",1,0,224.788,223.235,1.546
"Tenant 3 [Tier 2] Real-Time Web & Search","GetLarge",1,0,226.922,223.295,3.623
"Tenant 3 [Tier 2] Real-Time Web & Search","GetLarge",1,0,228.376,224.546,3.826
"Tenant 3 [Tier 2] Real-Time Web & Search","GetSmall",1,0,226.315,224.774,1.533
"Tenant 3 [Tier 2] Real-Time Web & Search","GetLarge",1,0,228.519,224.854,3.655
"Tenant 3 [Tier 2] Real-Time Web & Search","GetSmall",1,0,226.072,224.497,1.571
"Tenant 3 [Tier 2] Real-Time Web & Search","GetLarge",1,0,229.910,226.079,3.824
"Tenant 3 [Tier 2] Real-Time Web & Search","GetSmall",1,0,228.213,226.726,1.484
"Tenant 3 [Tier 2] Real-Time Web & Search","GetSmall",1,0,228.308,226.756,1.547
"Tenant 3 [Tier 2] Real-Time Web & Search","GetLarge",1,0,232.487,228.901,3.581
"Tenant 3 [Tier 2] Real-Time Web & Search","GetSmall",1,0,226.699,225.195,1.500
"Tenant 3 [Tier 2] Real-Time Web & Search","GetSmall",1,0,228.079,226.627,1.440
"Tenant 3 [Tier 2] Real-Time Web & Search","GetSmall",1,0,227.255,225.821,1.429
"Tenant 3 [Tier 2] Real-Time Web & Search","GetSmall",1,0,227.077,225.494,1.567
"Tenant 3 [Tier 2] Real-Time Web & Search","GetLarge",1,0,229.394,225.543,3.841
"Tenant 3 [Tier 2] Real-Time Web & Search","GetSmall",1,0,223.882,222.352,1.522
"Tenant 3 [Tier 2] Real-Time Web & Search","GetSmall",1,0,221.799,220.266,1.526
"Tenant 3 [Tier 2] Real-Time Web & Search","GetSmall",1,0,219.809,218.374,1.430
"Tenant 3 [Tier 2] Real-Time Web & Search","GetSmall",1,0,219.863,218.411,1.434
"Tenant 3 [Tier 2] Real-Time Web & Search","GetSmall",1,0,221.434,219.903,1.528
"Tenant 3 [Tier 2] Real-Time Web & Search","GetSmall",1,0,222.008,220.523,1.480
"Tenant 3 [Tier 2] Real-Time Web & Search","GetSmall",1,0,221.949,220.400,1.543
"Tenant 3 [Tier 2] Real-Time Web & Search","GetSmall",1,0,221.359,219.901,1.454
"Tenant 3 [Tier 2] Real-Time Web & Search","GetSmall",1,0,221.376,219.875,1.497
"Tenant 3 [Tier 2] Real-Time Web & Search","GetSmall",1,0,221.922,220.361,1.548
"Tenant 3 [Tier 2] Real-Time Web & Search","GetLarge",1,0,223.979,220.393,3.581
"Tenant 3 [Tier 2] Real-Time Web & Search","GetSmall",1,0,218.371,216.817,1.550
"Tenant 3 [Tier 2] Real-Time Web & Search","GetSmall",1,0,220.766,219.240,1.510
"Tenant 3 [Tier 2] Real-Time Web & Search","GetLarge",1,0,223.774,220.164,3.596
"Tenant 3 [Tier 2] Real-Time Web & Search","GetSmall",1,0,218.376,216.898,1.474
"Tenant 3 [Tier 2] Real-Time Web & Search","GetSmall",1,0,218.543,216.999,1.541
"Tenant 3 [Tier 2] Real-Time Web & Search","GetSmall",1,0,223.198,221.636,1.553
"Tenant 3 [Tier 2] Real-Time Web & Search","GetLarge",1,0,224.586,220.714,3.867
"Tenant 3 [Tier 2] Real-Time Web & Search","GetSmall",1,0,218.723,217.132,1.571
"Tenant 3 [Tier 2] Real-Time Web & Search","GetSmall",1,0,218.743,217.188,1.552
"Tenant 3 [Tier 2] Real-Time Web & Search","GetSmall",1,0,216.876,215.370,1.497
"Tenant 3 [Tier 2] Real-Time Web & Search","GetSmall",1,0,217.998,216.486,1.496
"Tenant 3 [Tier 2] Real-Time Web & Search","GetLarge",1,0,220.632,217.013,3.607
"Tenant 3 [Tier 2] Real-Time Web & Search","GetSmall",1,0,216.754,215.229,1.518
"Tenant 3 [Tier 2] Real-Time Web & Search","GetSmall",1,0,216.853,215.293,1.542
"Tenant 3 [Tier 2] Real-Time Web & Search","GetSmall",1,0,215.772,214.202,1.552
"Tenant 3 [Tier 2] Real-Time Web & Search","GetSmall",1,0,215.317,213.769,1.544
"Tenant 3 [Tier 2] Real-Time Web & Search","GetLarge",1,0,220.652,216.799,3.850
"Tenant 3 [Tier 2] Real-Time Web & Search","GetSmall",1,0,215.389,213.866,1.519
"Tenant 3 [Tier 2] Real-Time Web & Search","GetLarge",1,0,219.806,215.925,3.876
"Tenant 3 [Tier 2] Real-Time Web & Search","GetSmall",1,0,217.966,216.494,1.455
"Tenant 3 [Tier 2] Real-Time Web & Search","GetSmall",1,0,218.728,217.252,1.462
"Tenant 3 [Tier 2] Real-Time Web & Search","GetLarge",1,0,221.594,217.836,3.754
"Tenant 3 [Tier 2] Real-Time Web & Search","GetSmall",1,0,218.761,217.287,1.459
"Tenant 3 [Tier 2] Real-Time Web & Search","GetSmall",1,0,218.766,217.274,1.463
"Tenant 3 [Tier 2] Real-Time Web & Search","GetSmall",1,0,218.717,217.195,1.483
"Tenant 3 [Tier 2] Real-Time Web & Search","GetLarge",1,0,222.827,218.987,3.819
"Tenant 3 [Tier 2] Real-Time Web & Search","GetLarge",1,0,224.725,220.946,3.775
"Tenant 3 [Tier 2] Real-Time Web & Search","GetLarge",1,0,227.095,223.270,3.816
"Tenant 3 [Tier 2] Real-Time Web & Search","GetLarge",1,0,226.991,223.213,3.772
"Tenant 3 [Tier 2] Real-Time Web & Search","GetSmall",1,0,225.033,223.572,1.455
"Tenant 3 [Tier 2] Real-Time Web & Search","GetSmall",1,0,225.726,224.212,1.508
"Tenant 3 [Tier 2] Real-Time Web & Search","GetSmall",1,0,226.786,225.306,1.471
"Tenant 3 [Tier 2] Real-Time Web & Search","GetLarge",1,0,230.227,226.435,3.780
"Tenant 3 [Tier 2] Real-Time Web & Search","GetSmall",1,0,224.633,223.188,1.440
"Tenant 3 [Tier 2] Real-Time Web & Search","GetSmall",1,0,224.990,223.529,1.453
"Tenant 3 [Tier 2] Real-Time Web & Search","GetSmall",1,0,226.034,224.529,1.500
"Tenant 3 [Tier 2] Real-Time Web & Search","GetSmall",1,0,224.970,223.465,1.495
"Tenant 3 [Tier 2] Real-Time Web & Search","GetSmall",1,0,225.044,223.481,1.560
"Tenant 3 [Tier 2] Real-Time Web & Search","GetSmall",1,0,223.765,222.289,1.472
"Tenant 3 [Tier 2] Real-Time Web & Search","GetSmall",1,0,225.413,223.904,1.505
"Tenant 3 [Tier 2] Real-Time Web & Search","GetLarge",1,0,226.210,222.453,3.752
"Tenant 3 [Tier 2] Real-Time Web & Search","GetSmall",1,0,224.726,223.296,1.426
"Tenant 3 [Tier 2] Real-Time Web & Search","GetLarge",1,0,228.974,225.051,3.919
"Tenant 3 [Tier 2] Real-Time Web & Search","GetSmall",1,0,224.432,222.878,1.545
"Tenant 3 [Tier 2] Real-Time Web & Search","GetSmall",1,0,222.900,221.329,1.553
"Tenant 3 [Tier 2] Real-Time Web & Search","GetSmall",1,0,224.371,222.862,1.505
"Tenant 3 [Tier 2] Real-Time Web & Search","GetLarge",1,0,226.747,222.872,3.868
"Tenant 3 [Tier 2] Real-Time Web & Search","GetSmall",1,0,227.817,226.348,1.466
"Tenant 3 [Tier 2] Real-Time Web & Search","GetSmall",1,0,227.050,225.554,1.479
"Tenant 3 [Tier 2] Real-Time Web & Search","GetLarge",1,0,228.909,225.253,3.652
"Tenant 3 [Tier 2] Real-Time Web & Search","GetLarge",1,0,227.875,224.065,3.806
"Tenant 3 [Tier 2] Real-Time Web & Search","GetSmall",1,0,221.248,219.756,1.486
"Tenant 3 [Tier 2] Real-Time Web & Search","GetLarge",1,0,226.292,222.519,3.763
"Tenant 3 [Tier 2] Real-Time Web & Search","GetSmall",1,0,223.932,222.492,1.433
"Tenant 3 [Tier 2] Real-Time Web & Search","GetSmall",1,0,224.008,222.431,1.572
"Tenant 3 [Tier 2] Real-Time Web & Search","GetLarge",1,0,226.212,222.460,3.744
"Tenant 3 [Tier 2] Real-Time Web & Search","GetLarge",1,0,227.795,223.998,3.785
"Tenant 3 [Tier 2] Real-Time Web & Search","GetLarge",1,0,228.007,224.244,3.753
"Tenant 3 [Tier 2] Real-Time Web & Search","GetLarge",0,-125,221.340,221.340,0.000
"Tenant 3 [Tier 2] Real-Time Web & Search","GetLarge",0,-125,220.035,220.035,0.000
"Tenant 3 [Tier 2] Real-Time Web & Search","GetSmall",0,-125,219.788,219.788,0.000
"Tenant 3 [Tier 2] Real-Time Web & Search","GetSmall",0,-125,219.851,219.851,0.000
"Tenant 3 [Tier 2] Real-Time Web & Search","GetLarge",0,-125,215.597,215.597,0.000
"Tenant 3 [Tier 2] Real-Time Web & Search","GetSmall",0,-125,213.327,213.327,0.000
"Tenant 3 [Tier 2] Real-Time Web & Search","GetSmall",0,-125,210.513,210.513,0.000
"Tenant 3 [Tier 2] Real-Time Web & Search","GetSmall",0,-125,207.118,207.118,0.000
"Tenant 3 [Tier 2] Real-Time Web & Search","GetLarge",0,-125,207.086,207.086,0.000
"Tenant 3 [Tier 2] Real-Time Web & Search","GetLarge",0,-125,207.091,207.091,0.000
"Tenant 3 [Tier 2] Real-Time Web & Search","GetLarge",0,-125,207.037,207.037,0.000
"Tenant 3 [Tier 2] Real-Time Web & Search","GetLarge",0,-125,205.971,205.971,0.000
"Tenant 3 [Tier 2] Real-Time Web & Search","GetSmall",0,-125,205.952,205.952,0.000
"Tenant 3 [Tier 2] Real-Time Web & Search","GetLarge",0,-125,202.015,202.015,0.000
"Tenant 3 [Tier 2] Real-Time Web & Search","GetSmall",0,-125,197.413,197.413,0.000
"Tenant 3 [Tier 2] Real-Time Web & Search","GetSmall",0,-125,196.423,196.423,0.000
"Tenant 3 [Tier 2] Real-Time Web & Search","GetLarge",0,-125,194.057,194.057,0.000
"Tenant 3 [Tier 2] Real-Time Web & Search","GetSmall",0,-125,192.557,192.557,0.000
"Tenant 3 [Tier 2] Real-Time Web & Search","GetSmall",0,-125,194.077,194.077,0.000
"Tenant 3 [Tier 2] Real-Time Web & Search","GetLarge",0,-125,190.199,190.199,0.000
"Tenant 3 [Tier 2] Real-Time Web & Search","GetSmall",0,-125,186.879,186.879,0.000
"Tenant 3 [Tier 2] Real-Time Web & Search","GetLarge",0,-125,186.869,186.869,0.000
"Tenant 3 [Tier 2] Real-Time Web & Search","GetSmall",0,-125,186.563,186.563,0.000
"Tenant 3 [Tier 2] Real-Time Web & Search","GetSmall",0,-125,175.865,175.865,0.000
"Tenant 3 [Tier 2] Real-Time Web & Search","GetSmall",0,-125,18.251,18.251,0.000
"Tenant 3 [Tier 2] Real-Time Web & Search","GetLarge",0,-125,17.804,17.804,0.000
"Tenant 3 [Tier 2] Real-Time Web & Search","GetLarge",0,-125,12.088,12.088,0.000
"Tenant 3 [Tier 2] Real-Time Web & Search","GetSmall",0,-125,10.506,10.506,0.000
"Tenant 3 [Tier 2] Real-Time Web & Search","GetSmall",0,-125,8.330,8.330,0.000
"Tenant 3 [Tier 2] Real-Time Web & Search","GetLarge",0,-125,6.702,6.702,0.000
"Tenant 3 [Tier 2] Real-Time Web & Search","GetSmall",0,-125,5.237,5.237,0.000
"Tenant 3 [Tier 2] Real-Time Web & Search","GetLarge",1,0,226.266,222.604,3.658
"Tenant 4 [Tier 3] Internal Metrics & Logs","GetSmall",1,0,38.326,36.760,1.551
"Tenant 4 [Tier 3] Internal Metrics & Logs","GetSmall",1,0,38.422,36.881,1.527
"Tenant 4 [Tier 3] Internal Metrics & Logs","GetSmall",1,0,39.561,38.097,1.450
"Tenant 4 [Tier 3] Internal Metrics & Logs","PutSmall",1,0,39.903,38.099,1.786
"Tenant 4 [Tier 3] Internal Metrics & Logs","GetSmall",1,0,39.964,38.441,1.513
"Tenant 4 [Tier 3] Internal Metrics & Logs","PutSmall",1,0,39.995,38.127,1.851
"Tenant 4 [Tier 3] Internal Metrics & Logs","PutSmall",1,0,40.137,38.337,1.789
"Tenant 4 [Tier 3] Internal Metrics & Logs","PutSmall",1,0,41.423,39.569,1.830
"Tenant 4 [Tier 3] Internal Metrics & Logs","PutSmall",1,0,41.441,39.556,1.855
"Tenant 4 [Tier 3] Internal Metrics & Logs","PutSmall",1,0,41.773,39.897,1.867
"Tenant 4 [Tier 3] Internal Metrics & Logs","GetSmall",1,0,42.121,40.652,1.456
"Tenant 4 [Tier 3] Internal Metrics & Logs","PutSmall",1,0,42.382,40.653,1.723
"Tenant 4 [Tier 3] Internal Metrics & Logs","PutSmall",1,0,43.002,41.113,1.884
"Tenant 4 [Tier 3] Internal Metrics & Logs","GetSmall",1,0,44.479,43.018,1.452
"Tenant 4 [Tier 3] Internal Metrics & Logs","PutSmall",1,0,52.705,50.979,1.719
"Tenant 4 [Tier 3] Internal Metrics & Logs","PutSmall",1,0,79.743,77.863,1.837
"Tenant 4 [Tier 3] Internal Metrics & Logs","PutSmall",1,0,222.989,221.211,1.773
"Tenant 4 [Tier 3] Internal Metrics & Logs","GetSmall",1,0,222.397,220.946,1.444
"Tenant 4 [Tier 3] Internal Metrics & Logs","PutSmall",1,0,223.890,222.082,1.802
"Tenant 4 [Tier 3] Internal Metrics & Logs","PutSmall",1,0,222.480,220.597,1.878
"Tenant 4 [Tier 3] Internal Metrics & Logs","GetSmall",1,0,222.616,221.132,1.479
"Tenant 4 [Tier 3] Internal Metrics & Logs","PutSmall",1,0,222.861,221.137,1.720
"Tenant 4 [Tier 3] Internal Metrics & Logs","PutSmall",1,0,222.974,221.158,1.808
"Tenant 4 [Tier 3] Internal Metrics & Logs","GetSmall",1,0,223.559,222.046,1.505
"Tenant 4 [Tier 3] Internal Metrics & Logs","GetSmall",1,0,223.545,222.013,1.522
"Tenant 4 [Tier 3] Internal Metrics & Logs","PutSmall",1,0,224.475,222.594,1.874
"Tenant 4 [Tier 3] Internal Metrics & Logs","PutSmall",1,0,224.147,222.240,1.890
"Tenant 4 [Tier 3] Internal Metrics & Logs","PutSmall",1,0,223.807,221.990,1.812
"Tenant 4 [Tier 3] Internal Metrics & Logs","PutSmall",1,0,224.443,222.609,1.829
"Tenant 4 [Tier 3] Internal Metrics & Logs","PutSmall",1,0,223.590,221.775,1.805
"Tenant 4 [Tier 3] Internal Metrics & Logs","GetSmall",1,0,220.114,218.614,1.489
"Tenant 4 [Tier 3] Internal Metrics & Logs","PutSmall",1,0,220.745,218.916,1.796
"Tenant 4 [Tier 3] Internal Metrics & Logs","GetSmall",1,0,216.002,214.473,1.524
"Tenant 4 [Tier 3] Internal Metrics & Logs","PutSmall",1,0,216.941,215.112,1.824
"Tenant 4 [Tier 3] Internal Metrics & Logs","GetSmall",1,0,216.492,215.018,1.466
"Tenant 4 [Tier 3] Internal Metrics & Logs","PutSmall",1,0,216.730,214.946,1.773
"Tenant 4 [Tier 3] Internal Metrics & Logs","GetSmall",1,0,216.503,214.958,1.538
"Tenant 4 [Tier 3] Internal Metrics & Logs","PutSmall",1,0,216.867,215.054,1.802
"Tenant 4 [Tier 3] Internal Metrics & Logs","PutSmall",1,0,216.981,215.145,1.809
"Tenant 4 [Tier 3] Internal Metrics & Logs","GetSmall",1,0,215.252,213.808,1.440
"Tenant 4 [Tier 3] Internal Metrics & Logs","GetSmall",1,0,215.303,213.829,1.463
"Tenant 4 [Tier 3] Internal Metrics & Logs","GetSmall",1,0,214.329,212.858,1.467
"Tenant 4 [Tier 3] Internal Metrics & Logs","GetSmall",1,0,214.770,213.192,1.572
"Tenant 4 [Tier 3] Internal Metrics & Logs","GetSmall",1,0,216.176,214.719,1.441
"Tenant 4 [Tier 3] Internal Metrics & Logs","PutSmall",1,0,217.835,215.998,1.823
"Tenant 4 [Tier 3] Internal Metrics & Logs","PutSmall",1,0,217.841,215.969,1.862
"Tenant 4 [Tier 3] Internal Metrics & Logs","GetSmall",1,0,212.921,211.478,1.436
"Tenant 4 [Tier 3] Internal Metrics & Logs","PutSmall",1,0,209.822,207.964,1.851
"Tenant 4 [Tier 3] Internal Metrics & Logs","PutSmall",1,0,221.914,220.134,1.773
"Tenant 4 [Tier 3] Internal Metrics & Logs","GetSmall",1,0,222.610,221.103,1.502
"Tenant 4 [Tier 3] Internal Metrics & Logs","PutSmall",1,0,223.395,221.648,1.742
"Tenant 4 [Tier 3] Internal Metrics & Logs","GetSmall",1,0,222.887,221.449,1.434
"Tenant 4 [Tier 3] Internal Metrics & Logs","PutSmall",1,0,223.778,222.052,1.720
"Tenant 4 [Tier 3] Internal Metrics & Logs","PutSmall",1,0,223.474,221.702,1.759
"Tenant 4 [Tier 3] Internal Metrics & Logs","GetSmall",1,0,223.199,221.685,1.513
"Tenant 4 [Tier 3] Internal Metrics & Logs","PutSmall",1,0,225.053,223.305,1.735
"Tenant 4 [Tier 3] Internal Metrics & Logs","GetSmall",1,0,221.954,220.511,1.435
"Tenant 4 [Tier 3] Internal Metrics & Logs","GetSmall",1,0,222.443,220.932,1.502
"Tenant 4 [Tier 3] Internal Metrics & Logs","GetSmall",1,0,225.672,224.139,1.510
"Tenant 4 [Tier 3] Internal Metrics & Logs","GetSmall",1,0,222.061,220.510,1.523
"Tenant 4 [Tier 3] Internal Metrics & Logs","PutSmall",1,0,226.321,224.578,1.739
"Tenant 4 [Tier 3] Internal Metrics & Logs","PutSmall",1,0,226.696,224.882,1.810
"Tenant 4 [Tier 3] Internal Metrics & Logs","PutSmall",1,0,222.642,220.880,1.754
"Tenant 4 [Tier 3] Internal Metrics & Logs","PutSmall",1,0,221.087,219.194,1.886
"Tenant 4 [Tier 3] Internal Metrics & Logs","GetSmall",1,0,217.473,216.029,1.438
"Tenant 4 [Tier 3] Internal Metrics & Logs","GetSmall",1,0,218.790,217.344,1.435
"Tenant 4 [Tier 3] Internal Metrics & Logs","GetSmall",1,0,217.575,216.118,1.429
"Tenant 4 [Tier 3] Internal Metrics & Logs","GetSmall",1,0,219.088,217.582,1.501
"Tenant 4 [Tier 3] Internal Metrics & Logs","PutSmall",1,0,218.176,216.387,1.782
"Tenant 4 [Tier 3] Internal Metrics & Logs","PutSmall",1,0,217.893,216.071,1.817
"Tenant 4 [Tier 3] Internal Metrics & Logs","GetSmall",1,0,216.673,215.142,1.527
"Tenant 4 [Tier 3] Internal Metrics & Logs","PutSmall",1,0,219.363,217.504,1.846
"Tenant 4 [Tier 3] Internal Metrics & Logs","PutSmall",1,0,215.713,213.823,1.870
"Tenant 4 [Tier 3] Internal Metrics & Logs","PutSmall",1,0,217.460,215.600,1.856
"Tenant 4 [Tier 3] Internal Metrics & Logs","GetSmall",1,0,217.276,215.797,1.474
"Tenant 4 [Tier 3] Internal Metrics & Logs","GetSmall",1,0,218.963,217.455,1.486
"Tenant 4 [Tier 3] Internal Metrics & Logs","PutSmall",1,0,218.951,217.229,1.717
"Tenant 4 [Tier 3] Internal Metrics & Logs","PutSmall",1,0,219.038,217.289,1.742
"Tenant 4 [Tier 3] Internal Metrics & Logs","PutSmall",1,0,219.249,217.472,1.771
"Tenant 4 [Tier 3] Internal Metrics & Logs","GetSmall",1,0,215.151,213.698,1.435
"Tenant 4 [Tier 3] Internal Metrics & Logs","GetSmall",1,0,224.078,222.581,1.490
"Tenant 4 [Tier 3] Internal Metrics & Logs","GetSmall",1,0,224.268,222.739,1.525
"Tenant 4 [Tier 3] Internal Metrics & Logs","GetSmall",1,0,224.339,222.764,1.570
"Tenant 4 [Tier 3] Internal Metrics & Logs","PutSmall",1,0,224.202,222.423,1.774
"Tenant 4 [Tier 3] Internal Metrics & Logs","PutSmall",1,0,224.540,222.708,1.827
"Tenant 4 [Tier 3] Internal Metrics & Logs","PutSmall",1,0,224.718,222.965,1.749
"Tenant 4 [Tier 3] Internal Metrics & Logs","GetSmall",1,0,224.525,223.079,1.441
"Tenant 4 [Tier 3] Internal Metrics & Logs","PutSmall",1,0,225.788,224.000,1.784
"Tenant 4 [Tier 3] Internal Metrics & Logs","PutSmall",1,0,227.676,225.827,1.822
"Tenant 4 [Tier 3] Internal Metrics & Logs","PutSmall",1,0,227.752,225.869,1.879
"Tenant 4 [Tier 3] Internal Metrics & Logs","PutSmall",1,0,224.998,223.180,1.807
"Tenant 4 [Tier 3] Internal Metrics & Logs","PutSmall",1,0,225.997,224.277,1.713
"Tenant 4 [Tier 3] Internal Metrics & Logs","GetSmall",1,0,227.280,225.791,1.475
"Tenant 4 [Tier 3] Internal Metrics & Logs","PutSmall",1,0,227.568,225.752,1.807
"Tenant 4 [Tier 3] Internal Metrics & Logs","PutSmall",1,0,227.698,225.802,1.886
"Tenant 4 [Tier 3] Internal Metrics & Logs","GetSmall",1,0,223.766,222.216,1.525
"Tenant 4 [Tier 3] Internal Metrics & Logs","PutSmall",1,0,230.866,228.987,1.872
"Tenant 4 [Tier 3] Internal Metrics & Logs","PutSmall",1,0,228.941,227.167,1.770
"Tenant 4 [Tier 3] Internal Metrics & Logs","GetSmall",1,0,228.763,227.328,1.430
"Tenant 4 [Tier 3] Internal Metrics & Logs","PutSmall",1,0,229.300,227.535,1.760
"Tenant 4 [Tier 3] Internal Metrics & Logs","PutSmall",1,0,229.494,227.612,1.876
"Tenant 4 [Tier 3] Internal Metrics & Logs","GetSmall",1,0,228.916,227.377,1.534
"Tenant 4 [Tier 3] Internal Metrics & Logs","PutSmall",1,0,233.612,231.821,1.786
"Tenant 4 [Tier 3] Internal Metrics & Logs","PutSmall",1,0,232.649,230.830,1.805
"Tenant 4 [Tier 3] Internal Metrics & Logs","PutSmall",1,0,230.023,228.233,1.782
"Tenant 4 [Tier 3] Internal Metrics & Logs","PutSmall",1,0,230.149,228.266,1.874
"Tenant 4 [Tier 3] Internal Metrics & Logs","PutSmall",1,0,229.587,227.827,1.755
"Tenant 4 [Tier 3] Internal Metrics & Logs","PutSmall",1,0,229.085,227.194,1.886
"Tenant 4 [Tier 3] Internal Metrics & Logs","GetSmall",1,0,227.749,226.248,1.497
"Tenant 4 [Tier 3] Internal Metrics & Logs","GetSmall",1,0,227.974,226.459,1.512
"Tenant 4 [Tier 3] Internal Metrics & Logs","PutSmall",1,0,228.412,226.563,1.829
"Tenant 4 [Tier 3] Internal Metrics & Logs","GetSmall",1,0,227.333,225.841,1.478
"Tenant 4 [Tier 3] Internal Metrics & Logs","PutSmall",1,0,229.223,227.349,1.869
"Tenant 4 [Tier 3] Internal Metrics & Logs","GetSmall",1,0,228.143,226.657,1.480
"Tenant 4 [Tier 3] Internal Metrics & Logs","PutSmall",1,0,228.598,226.731,1.860
"Tenant 4 [Tier 3] Internal Metrics & Logs","PutSmall",1,0,228.446,226.562,1.878
"Tenant 4 [Tier 3] Internal Metrics & Logs","PutSmall",1,0,228.917,227.016,1.887
"Tenant 4 [Tier 3] Internal Metrics & Logs","PutSmall",1,0,227.144,225.392,1.735
"Tenant 4 [Tier 3] Internal Metrics & Logs","PutSmall",1,0,227.426,225.646,1.750
"Tenant 4 [Tier 3] Internal Metrics & Logs","PutSmall",1,0,227.184,225.376,1.772
"Tenant 4 [Tier 3] Internal Metrics & Logs","PutSmall",1,0,227.570,225.841,1.719
"Tenant 4 [Tier 3] Internal Metrics & Logs","PutSmall",1,0,227.469,225.724,1.725
"Tenant 4 [Tier 3] Internal Metrics & Logs","PutSmall",1,0,227.778,225.931,1.843
"Tenant 4 [Tier 3] Internal Metrics & Logs","PutSmall",1,0,227.078,225.250,1.805
"Tenant 4 [Tier 3] Internal Metrics & Logs","PutSmall",1,0,227.324,225.433,1.884
"Tenant 4 [Tier 3] Internal Metrics & Logs","GetSmall",1,0,227.478,225.919,1.549
"Tenant 4 [Tier 3] Internal Metrics & Logs","PutSmall",1,0,227.684,225.959,1.718
"Tenant 4 [Tier 3] Internal Metrics & Logs","GetSmall",1,0,220.876,219.445,1.426
"Tenant 4 [Tier 3] Internal Metrics & Logs","PutSmall",1,0,218.182,216.407,1.769
"Tenant 4 [Tier 3] Internal Metrics & Logs","GetSmall",1,0,218.087,216.551,1.526
"Tenant 4 [Tier 3] Internal Metrics & Logs","GetSmall",1,0,219.482,217.951,1.520
"Tenant 4 [Tier 3] Internal Metrics & Logs","GetSmall",1,0,219.531,217.961,1.538
"Tenant 4 [Tier 3] Internal Metrics & Logs","PutSmall",1,0,220.502,218.665,1.832
"Tenant 4 [Tier 3] Internal Metrics & Logs","GetSmall",1,0,218.550,217.040,1.503
"Tenant 4 [Tier 3] Internal Metrics & Logs","PutSmall",1,0,218.898,217.072,1.817
"Tenant 4 [Tier 3] Internal Metrics & Logs","PutSmall",1,0,218.938,217.107,1.810
"Tenant 4 [Tier 3] Internal Metrics & Logs","PutSmall",1,0,222.149,220.416,1.713
"Tenant 4 [Tier 3] Internal Metrics & Logs","PutSmall",1,0,222.263,220.435,1.822
"Tenant 4 [Tier 3] Internal Metrics & Logs","GetSmall",1,0,223.516,221.938,1.567
"Tenant 4 [Tier 3] Internal Metrics & Logs","PutSmall",1,0,223.852,221.980,1.860
"Tenant 4 [Tier 3] Internal Metrics & Logs","PutSmall",1,0,223.680,221.957,1.716
"Tenant 4 [Tier 3] Internal Metrics & Logs","PutSmall",1,0,224.048,222.290,1.752
"Tenant 4 [Tier 3] Internal Metrics & Logs","PutSmall",1,0,224.007,222.127,1.870
"Tenant 4 [Tier 3] Internal Metrics & Logs","PutSmall",1,0,219.085,217.367,1.712
"Tenant 4 [Tier 3] Internal Metrics & Logs","GetSmall",1,0,223.995,222.458,1.524
"Tenant 4 [Tier 3] Internal Metrics & Logs","PutSmall",1,0,224.780,222.907,1.866
"Tenant 4 [Tier 3] Internal Metrics & Logs","PutSmall",1,0,224.184,222.312,1.857
"Tenant 4 [Tier 3] Internal Metrics & Logs","PutSmall",1,0,224.158,222.425,1.719
"Tenant 4 [Tier 3] Internal Metrics & Logs","GetSmall",1,0,225.162,223.663,1.493
"Tenant 4 [Tier 3] Internal Metrics & Logs","GetSmall",1,0,224.210,222.745,1.457
"Tenant 4 [Tier 3] Internal Metrics & Logs","GetSmall",1,0,224.211,222.732,1.471
"Tenant 4 [Tier 3] Internal Metrics & Logs","PutSmall",1,0,224.880,223.059,1.811
"Tenant 4 [Tier 3] Internal Metrics & Logs","GetSmall",1,0,221.346,219.894,1.445
"Tenant 4 [Tier 3] Internal Metrics & Logs","GetSmall",1,0,220.725,219.212,1.509
"Tenant 4 [Tier 3] Internal Metrics & Logs","PutSmall",1,0,221.307,219.522,1.778
"Tenant 4 [Tier 3] Internal Metrics & Logs","PutSmall",1,0,222.720,220.918,1.782
"Tenant 4 [Tier 3] Internal Metrics & Logs","GetSmall",1,0,221.951,220.430,1.512
"Tenant 4 [Tier 3] Internal Metrics & Logs","GetSmall",1,0,221.444,219.941,1.499
"Tenant 4 [Tier 3] Internal Metrics & Logs","PutSmall",1,0,221.940,220.066,1.862
"Tenant 4 [Tier 3] Internal Metrics & Logs","PutSmall",1,0,220.418,218.531,1.861
"Tenant 4 [Tier 3] Internal Metrics & Logs","PutSmall",1,0,225.515,223.772,1.737
"Tenant 4 [Tier 3] Internal Metrics & Logs","GetSmall",1,0,225.597,224.047,1.543
"Tenant 4 [Tier 3] Internal Metrics & Logs","PutSmall",1,0,227.843,226.078,1.758
"Tenant 4 [Tier 3] Internal Metrics & Logs","PutSmall",1,0,227.881,226.079,1.783
"Tenant 4 [Tier 3] Internal Metrics & Logs","GetSmall",1,0,225.785,224.293,1.483
"Tenant 4 [Tier 3] Internal Metrics & Logs","PutSmall",1,0,226.387,224.651,1.728
"Tenant 4 [Tier 3] Internal Metrics & Logs","PutSmall",1,0,227.929,226.136,1.789
"Tenant 4 [Tier 3] Internal Metrics & Logs","PutSmall",1,0,226.461,224.633,1.823
"Tenant 4 [Tier 3] Internal Metrics & Logs","GetSmall",1,0,224.857,223.273,1.574
"Tenant 4 [Tier 3] Internal Metrics & Logs","PutSmall",1,0,226.057,224.206,1.844
"Tenant 4 [Tier 3] Internal Metrics & Logs","GetSmall",1,0,227.137,225.590,1.527
"Tenant 4 [Tier 3] Internal Metrics & Logs","PutSmall",1,0,227.422,225.601,1.807
"Tenant 4 [Tier 3] Internal Metrics & Logs","GetSmall",1,0,226.606,225.079,1.516
"Tenant 4 [Tier 3] Internal Metrics & Logs","GetSmall",1,0,227.135,225.562,1.568
"Tenant 4 [Tier 3] Internal Metrics & Logs","PutSmall",1,0,226.558,224.712,1.839
"Tenant 4 [Tier 3] Internal Metrics & Logs","GetSmall",1,0,226.952,225.479,1.462
"Tenant 4 [Tier 3] Internal Metrics & Logs","PutSmall",1,0,233.945,232.160,1.772
"Tenant 4 [Tier 3] Internal Metrics & Logs","PutSmall",1,0,234.530,232.637,1.884
"Tenant 4 [Tier 3] Internal Metrics & Logs","GetSmall",1,0,231.838,230.375,1.454
"Tenant 4 [Tier 3] Internal Metrics & Logs","PutSmall",1,0,232.146,230.410,1.731
"Tenant 4 [Tier 3] Internal Metrics & Logs","PutSmall",1,0,234.293,232.462,1.814
"Tenant 4 [Tier 3] Internal Metrics & Logs","PutSmall",1,0,234.277,232.448,1.811
"Tenant 4 [Tier 3] Internal Metrics & Logs","PutSmall",1,0,234.646,232.779,1.840
"Tenant 4 [Tier 3] Internal Metrics & Logs","PutSmall",1,0,234.449,232.550,1.886
"Tenant 4 [Tier 3] Internal Metrics & Logs","PutSmall",1,0,235.551,233.722,1.824
"Tenant 4 [Tier 3] Internal Metrics & Logs","GetSmall",1,0,233.371,231.812,1.552
"Tenant 4 [Tier 3] Internal Metrics & Logs","PutSmall",1,0,233.297,231.563,1.726
"Tenant 4 [Tier 3] Internal Metrics & Logs","PutSmall",1,0,233.614,231.833,1.768
"Tenant 4 [Tier 3] Internal Metrics & Logs","PutSmall",1,0,233.988,232.136,1.845
"Tenant 4 [Tier 3] Internal Metrics & Logs","PutSmall",1,0,234.643,232.806,1.827
"Tenant 4 [Tier 3] Internal Metrics & Logs","PutSmall",1,0,232.036,230.320,1.710
"Tenant 4 [Tier 3] Internal Metrics & Logs","PutSmall",1,0,235.448,233.686,1.749
"Tenant 4 [Tier 3] Internal Metrics & Logs","PutSmall",1,0,224.106,222.365,1.737
"Tenant 4 [Tier 3] Internal Metrics & Logs","PutSmall",1,0,222.938,221.170,1.763
"Tenant 4 [Tier 3] Internal Metrics & Logs","PutSmall",1,0,223.356,221.492,1.857
"Tenant 4 [Tier 3] Internal Metrics & Logs","PutSmall",1,0,223.700,221.827,1.866
"Tenant 4 [Tier 3] Internal Metrics & Logs","GetSmall",1,0,221.040,219.591,1.440
"Tenant 4 [Tier 3] Internal Metrics & Logs","PutSmall",1,0,221.346,219.609,1.730
"Tenant 4 [Tier 3] Internal Metrics & Logs","PutSmall",1,0,221.969,220.165,1.796
"Tenant 4 [Tier 3] Internal Metrics & Logs","PutSmall",1,0,221.973,220.117,1.851
"Tenant 4 [Tier 3] Internal Metrics & Logs","GetSmall",1,0,220.937,219.385,1.544
"Tenant 4 [Tier 3] Internal Metrics & Logs","GetSmall",1,0,221.155,219.583,1.551
"Tenant 4 [Tier 3] Internal Metrics & Logs","PutSmall",1,0,219.937,218.110,1.820
"Tenant 4 [Tier 3] Internal Metrics & Logs","PutSmall",1,0,220.198,218.470,1.723
"Tenant 4 [Tier 3] Internal Metrics & Logs","PutSmall",1,0,219.199,217.404,1.790
"Tenant 4 [Tier 3] Internal Metrics & Logs","PutSmall",1,0,219.102,217.350,1.745
"Tenant 4 [Tier 3] Internal Metrics & Logs","GetSmall",1,0,220.799,219.275,1.513
"Tenant 4 [Tier 3] Internal Metrics & Logs","PutSmall",1,0,220.975,219.244,1.720
"Tenant 4 [Tier 3] Internal Metrics & Logs","GetSmall",1,0,224.155,222.659,1.487
"Tenant 4 [Tier 3] Internal Metrics & Logs","PutSmall",1,0,225.077,223.215,1.856
"Tenant 4 [Tier 3] Internal Metrics & Logs","PutSmall",1,0,223.054,221.219,1.831
"Tenant 4 [Tier 3] Internal Metrics & Logs","PutSmall",1,0,223.057,221.261,1.789
"Tenant 4 [Tier 3] Internal Metrics & Logs","PutSmall",1,0,222.263,220.399,1.859
"Tenant 4 [Tier 3] Internal Metrics & Logs","GetSmall",1,0,223.430,221.984,1.441
"Tenant 4 [Tier 3] Internal Metrics & Logs","GetSmall",1,0,223.760,222.322,1.431
"Tenant 4 [Tier 3] Internal Metrics & Logs","GetSmall",1,0,223.915,222.368,1.543
"Tenant 4 [Tier 3] Internal Metrics & Logs","GetSmall",1,0,226.137,224.563,1.558
"Tenant 4 [Tier 3] Internal Metrics & Logs","PutSmall",1,0,226.419,224.543,1.870
"Tenant 4 [Tier 3] Internal Metrics & Logs","PutSmall",1,0,227.278,225.537,1.736
"Tenant 4 [Tier 3] Internal Metrics & Logs","PutSmall",1,0,226.112,224.377,1.731
"Tenant 4 [Tier 3] Internal Metrics & Logs","PutSmall",1,0,227.059,225.232,1.818
"Tenant 4 [Tier 3] Internal Metrics & Logs","GetSmall",1,0,226.879,225.330,1.541
"Tenant 4 [Tier 3] Internal Metrics & Logs","GetSmall",1,0,225.081,223.640,1.435
"Tenant 4 [Tier 3] Internal Metrics & Logs","PutSmall",1,0,225.633,223.854,1.773
"Tenant 4 [Tier 3] Internal Metrics & Logs","PutSmall",1,0,222.201,220.383,1.813
"Tenant 4 [Tier 3] Internal Metrics & Logs","GetSmall",1,0,222.308,220.729,1.570
"Tenant 4 [Tier 3] Internal Metrics & Logs","PutSmall",1,0,222.892,221.082,1.804
"Tenant 4 [Tier 3] Internal Metrics & Logs","GetSmall",1,0,223.745,222.297,1.443
"Tenant 4 [Tier 3] Internal Metrics & Logs","PutSmall",1,0,224.589,222.817,1.759
"Tenant 4 [Tier 3] Internal Metrics & Logs","PutSmall",1,0,223.245,221.364,1.872
"Tenant 4 [Tier 3] Internal Metrics & Logs","PutSmall",1,0,222.939,221.185,1.751
"Tenant 4 [Tier 3] Internal Metrics & Logs","PutSmall",1,0,222.951,221.182,1.764
"Tenant 4 [Tier 3] Internal Metrics & Logs","GetSmall",1,0,220.399,218.934,1.450
"Tenant 4 [Tier 3] Internal Metrics & Logs","GetSmall",1,0,220.371,218.858,1.508
"Tenant 4 [Tier 3] Internal Metrics & Logs","GetSmall",1,0,223.516,222.078,1.429
"Tenant 4 [Tier 3] Internal Metrics & Logs","GetSmall",1,0,223.581,222.094,1.455
"Tenant 4 [Tier 3] Internal Metrics & Logs","GetSmall",1,0,223.526,222.005,1.488
"Tenant 4 [Tier 3] Internal Metrics & Logs","GetSmall",1,0,223.658,222.174,1.472
"Tenant 4 [Tier 3] Internal Metrics & Logs","PutSmall",1,0,223.555,221.779,1.770
"Tenant 4 [Tier 3] Internal Metrics & Logs","PutSmall",1,0,225.083,223.247,1.832
"Tenant 4 [Tier 3] Internal Metrics & Logs","GetSmall",1,0,219.304,217.803,1.494
"Tenant 4 [Tier 3] Internal Metrics & Logs","GetSmall",1,0,219.826,218.268,1.551
"Tenant 4 [Tier 3] Internal Metrics & Logs","PutSmall",1,0,218.539,216.779,1.755
"Tenant 4 [Tier 3] Internal Metrics & Logs","PutSmall",1,0,217.795,215.959,1.832
"Tenant 4 [Tier 3] Internal Metrics & Logs","GetSmall",1,0,217.379,215.906,1.469
"Tenant 4 [Tier 3] Internal Metrics & Logs","PutSmall",1,0,217.549,215.811,1.732
"Tenant 4 [Tier 3] Internal Metrics & Logs","PutSmall",1,0,217.134,215.305,1.823
"Tenant 4 [Tier 3] Internal Metrics & Logs","PutSmall",1,0,217.425,215.608,1.813
"Tenant 4 [Tier 3] Internal Metrics & Logs","GetSmall",1,0,217.390,215.864,1.520
"Tenant 4 [Tier 3] Internal Metrics & Logs","PutSmall",1,0,217.986,216.138,1.842
"Tenant 4 [Tier 3] Internal Metrics & Logs","PutSmall",1,0,213.721,211.910,1.807
"Tenant 4 [Tier 3] Internal Metrics & Logs","GetSmall",1,0,213.670,212.237,1.430
"Tenant 4 [Tier 3] Internal Metrics & Logs","PutSmall",1,0,214.027,212.271,1.752
"Tenant 4 [Tier 3] Internal Metrics & Logs","PutSmall",1,0,213.394,211.625,1.767
"Tenant 4 [Tier 3] Internal Metrics & Logs","PutSmall",1,0,217.068,215.326,1.733
"Tenant 4 [Tier 3] Internal Metrics & Logs","GetSmall",1,0,215.672,214.114,1.555
"Tenant 4 [Tier 3] Internal Metrics & Logs","PutSmall",1,0,217.104,215.250,1.844
"Tenant 4 [Tier 3] Internal Metrics & Logs","PutSmall",1,0,217.816,216.048,1.763
"Tenant 4 [Tier 3] Internal Metrics & Logs","PutSmall",1,0,218.229,216.461,1.762
"Tenant 4 [Tier 3] Internal Metrics & Logs","PutSmall",1,0,217.872,216.122,1.745
"Tenant 4 [Tier 3] Internal Metrics & Logs","PutSmall",1,0,217.932,216.109,1.819
"Tenant 4 [Tier 3] Internal Metrics & Logs","PutSmall",1,0,217.890,216.111,1.772
"Tenant 4 [Tier 3] Internal Metrics & Logs","PutSmall",1,0,217.943,216.073,1.861
"Tenant 4 [Tier 3] Internal Metrics & Logs","PutSmall",1,0,218.248,216.387,1.857
"Tenant 4 [Tier 3] Internal Metrics & Logs","PutSmall",1,0,218.123,216.402,1.715
"Tenant 4 [Tier 3] Internal Metrics & Logs","GetSmall",1,0,221.927,220.490,1.432
"Tenant 4 [Tier 3] Internal Metrics & Logs","PutSmall",1,0,222.528,220.811,1.711
"Tenant 4 [Tier 3] Internal Metrics & Logs","PutSmall",1,0,222.577,220.848,1.716
"Tenant 4 [Tier 3] Internal Metrics & Logs","PutSmall",1,0,223.202,221.418,1.778
"Tenant 4 [Tier 3] Internal Metrics & Logs","PutSmall",1,0,222.846,221.113,1.729
"Tenant 4 [Tier 3] Internal Metrics & Logs","PutSmall",1,0,218.174,216.383,1.788
"Tenant 4 [Tier 3] Internal Metrics & Logs","PutSmall",1,0,218.086,216.199,1.884
"Tenant 4 [Tier 3] Internal Metrics & Logs","GetSmall",1,0,221.546,220.064,1.475
"Tenant 4 [Tier 3] Internal Metrics & Logs","PutSmall",1,0,222.696,220.807,1.885
"Tenant 4 [Tier 3] Internal Metrics & Logs","PutSmall",1,0,222.849,221.086,1.756
"Tenant 4 [Tier 3] Internal Metrics & Logs","PutSmall",1,0,223.241,221.471,1.751
"Tenant 4 [Tier 3] Internal Metrics & Logs","PutSmall",1,0,225.025,223.159,1.860
"Tenant 4 [Tier 3] Internal Metrics & Logs","PutSmall",1,0,226.588,224.808,1.775
"Tenant 4 [Tier 3] Internal Metrics & Logs","GetSmall",1,0,227.731,226.220,1.499
"Tenant 4 [Tier 3] Internal Metrics & Logs","PutSmall",1,0,227.260,225.514,1.733
"Tenant 4 [Tier 3] Internal Metrics & Logs","PutSmall",1,0,223.375,221.590,1.779
"Tenant 4 [Tier 3] Internal Metrics & Logs","PutSmall",1,0,228.492,226.645,1.834
"Tenant 4 [Tier 3] Internal Metrics & Logs","PutSmall",1,0,223.419,221.552,1.861
"Tenant 4 [Tier 3] Internal Metrics & Logs","PutSmall",1,0,224.942,223.096,1.840
"Tenant 4 [Tier 3] Internal Metrics & Logs","PutSmall",1,0,224.908,223.054,1.850
"Tenant 4 [Tier 3] Internal Metrics & Logs","GetSmall",1,0,225.483,224.040,1.435
"Tenant 4 [Tier 3] Internal Metrics & Logs","PutSmall",1,0,226.219,224.422,1.790
"Tenant 4 [Tier 3] Internal Metrics & Logs","PutSmall",1,0,226.350,224.480,1.858
"Tenant 4 [Tier 3] Internal Metrics & Logs","PutSmall",1,0,217.152,215.302,1.847
"Tenant 4 [Tier 3] Internal Metrics & Logs","PutSmall",1,0,216.420,214.615,1.795
"Tenant 4 [Tier 3] Internal Metrics & Logs","PutSmall",1,0,219.392,217.634,1.752
"Tenant 4 [Tier 3] Internal Metrics & Logs","PutSmall",1,0,219.438,217.617,1.817
"Tenant 4 [Tier 3] Internal Metrics & Logs","PutSmall",1,0,218.412,216.678,1.727
"Tenant 4 [Tier 3] Internal Metrics & Logs","PutSmall",1,0,216.629,214.878,1.737
"Tenant 4 [Tier 3] Internal Metrics & Logs","GetSmall",1,0,217.901,216.425,1.470
"Tenant 4 [Tier 3] Internal Metrics & Logs","GetSmall",1,0,217.741,216.193,1.541
"Tenant 4 [Tier 3] Internal Metrics & Logs","GetSmall",1,0,216.280,214.737,1.536
"Tenant 4 [Tier 3] Internal Metrics & Logs","GetSmall",1,0,217.353,215.788,1.561
"Tenant 4 [Tier 3] Internal Metrics & Logs","PutSmall",1,0,217.930,216.046,1.881
"Tenant 4 [Tier 3] Internal Metrics & Logs","PutSmall",1,0,219.064,217.277,1.780
"Tenant 4 [Tier 3] Internal Metrics & Logs","GetSmall",1,0,217.942,216.427,1.502
"Tenant 4 [Tier 3] Internal Metrics & Logs","PutSmall",1,0,217.882,216.073,1.805
"Tenant 4 [Tier 3] Internal Metrics & Logs","PutSmall",1,0,220.732,218.839,1.887
"Tenant 4 [Tier 3] Internal Metrics & Logs","PutSmall",1,0,217.967,216.237,1.725
"Tenant 4 [Tier 3] Internal Metrics & Logs","GetSmall",1,0,223.733,222.242,1.484
"Tenant 4 [Tier 3] Internal Metrics & Logs","PutSmall",1,0,222.803,221.055,1.744
"Tenant 4 [Tier 3] Internal Metrics & Logs","GetSmall",1,0,219.360,217.799,1.556
"Tenant 4 [Tier 3] Internal Metrics & Logs","PutSmall",1,0,221.334,219.543,1.786
"Tenant 4 [Tier 3] Internal Metrics & Logs","PutSmall",1,0,221.330,219.482,1.844
"Tenant 4 [Tier 3] Internal Metrics & Logs","PutSmall",1,0,219.880,218.130,1.741
"Tenant 4 [Tier 3] Internal Metrics & Logs","PutSmall",1,0,218.405,216.542,1.856
"Tenant 4 [Tier 3] Internal Metrics & Logs","PutSmall",1,0,218.565,216.699,1.860
"Tenant 4 [Tier 3] Internal Metrics & Logs","PutSmall",1,0,218.782,216.905,1.872
"Tenant 4 [Tier 3] Internal Metrics & Logs","PutSmall",1,0,218.254,216.487,1.763
"Tenant 4 [Tier 3] Internal Metrics & Logs","PutSmall",1,0,218.031,216.171,1.856
"Tenant 4 [Tier 3] Internal Metrics & Logs","GetSmall",1,0,216.882,215.387,1.482
"Tenant 4 [Tier 3] Internal Metrics & Logs","PutSmall",1,0,218.433,216.696,1.732
"Tenant 4 [Tier 3] Internal Metrics & Logs","PutSmall",1,0,220.187,218.445,1.736
"Tenant 4 [Tier 3] Internal Metrics & Logs","PutSmall",1,0,220.103,218.286,1.804
"Tenant 4 [Tier 3] Internal Metrics & Logs","PutSmall",1,0,220.183,218.355,1.815
"Tenant 4 [Tier 3] Internal Metrics & Logs","PutSmall",1,0,217.452,215.555,1.887
"Tenant 4 [Tier 3] Internal Metrics & Logs","GetSmall",1,0,218.691,217.250,1.437
"Tenant 4 [Tier 3] Internal Metrics & Logs","PutSmall",1,0,219.991,218.193,1.791
"Tenant 4 [Tier 3] Internal Metrics & Logs","PutSmall",1,0,220.230,218.407,1.810
"Tenant 4 [Tier 3] Internal Metrics & Logs","PutSmall",1,0,220.177,218.369,1.801
"Tenant 4 [Tier 3] Internal Metrics & Logs","GetSmall",1,0,220.873,219.410,1.457
"Tenant 4 [Tier 3] Internal Metrics & Logs","PutSmall",1,0,219.906,218.091,1.808
"Tenant 4 [Tier 3] Internal Metrics & Logs","PutSmall",1,0,220.204,218.375,1.825
"Tenant 4 [Tier 3] Internal Metrics & Logs","PutSmall",1,0,220.786,219.006,1.774
"Tenant 4 [Tier 3] Internal Metrics & Logs","GetSmall",1,0,221.102,219.663,1.433
"Tenant 4 [Tier 3] Internal Metrics & Logs","PutSmall",1,0,221.528,219.756,1.768
"Tenant 4 [Tier 3] Internal Metrics & Logs","PutSmall",1,0,221.382,219.631,1.747
"Tenant 4 [Tier 3] Internal Metrics & Logs","PutSmall",1,0,221.210,219.395,1.805
"Tenant 4 [Tier 3] Internal Metrics & Logs","GetSmall",1,0,220.629,219.083,1.541
"Tenant 4 [Tier 3] Internal Metrics & Logs","GetSmall",1,0,220.722,219.289,1.430
"Tenant 4 [Tier 3] Internal Metrics & Logs","PutSmall",1,0,220.908,219.145,1.758
"Tenant 4 [Tier 3] Internal Metrics & Logs","PutSmall",1,0,227.364,225.498,1.860
"Tenant 4 [Tier 3] Internal Metrics & Logs","PutSmall",1,0,227.822,225.924,1.887
"Tenant 4 [Tier 3] Internal Metrics & Logs","GetSmall",1,0,226.700,225.198,1.477
"Tenant 4 [Tier 3] Internal Metrics & Logs","GetSmall",1,0,227.906,226.371,1.500
"Tenant 4 [Tier 3] Internal Metrics & Logs","GetSmall",1,0,227.715,226.148,1.543
"Tenant 4 [Tier 3] Internal Metrics & Logs","PutSmall",1,0,228.149,226.389,1.757
"Tenant 4 [Tier 3] Internal Metrics & Logs","GetSmall",1,0,227.485,225.941,1.508
"Tenant 4 [Tier 3] Internal Metrics & Logs","GetSmall",1,0,227.418,225.840,1.573
"Tenant 4 [Tier 3] Internal Metrics & Logs","GetSmall",1,0,228.066,226.540,1.521
"Tenant 4 [Tier 3] Internal Metrics & Logs","GetSmall",1,0,227.243,225.731,1.508
"Tenant 4 [Tier 3] Internal Metrics & Logs","PutSmall",1,0,227.546,225.712,1.821
"Tenant 4 [Tier 3] Internal Metrics & Logs","GetSmall",1,0,225.972,224.533,1.433
"Tenant 4 [Tier 3] Internal Metrics & Logs","PutSmall",1,0,227.693,225.926,1.761
"Tenant 4 [Tier 3] Internal Metrics & Logs","GetSmall",1,0,226.191,224.676,1.509
"Tenant 4 [Tier 3] Internal Metrics & Logs","GetSmall",1,0,226.333,224.771,1.543
"Tenant 4 [Tier 3] Internal Metrics & Logs","PutSmall",1,0,226.957,225.201,1.751
"Tenant 4 [Tier 3] Internal Metrics & Logs","PutSmall",1,0,218.334,216.541,1.787
"Tenant 4 [Tier 3] Internal Metrics & Logs","PutSmall",1,0,218.215,216.419,1.791
"Tenant 4 [Tier 3] Internal Metrics & Logs","GetSmall",1,0,215.652,214.195,1.449
"Tenant 4 [Tier 3] Internal Metrics & Logs","GetSmall",1,0,216.544,215.093,1.445
"Tenant 4 [Tier 3] Internal Metrics & Logs","GetSmall",1,0,215.686,214.214,1.452
"Tenant 4 [Tier 3] Internal Metrics & Logs","PutSmall",1,0,217.044,215.325,1.714
"Tenant 4 [Tier 3] Internal Metrics & Logs","PutSmall",1,0,217.089,215.291,1.794
"Tenant 4 [Tier 3] Internal Metrics & Logs","GetSmall",1,0,216.762,215.202,1.543
"Tenant 4 [Tier 3] Internal Metrics & Logs","GetSmall",1,0,216.656,215.119,1.531
"Tenant 4 [Tier 3] Internal Metrics & Logs","GetSmall",1,0,215.706,214.113,1.570
"Tenant 4 [Tier 3] Internal Metrics & Logs","PutSmall",1,0,217.979,216.206,1.758
"Tenant 4 [Tier 3] Internal Metrics & Logs","PutSmall",1,0,217.416,215.573,1.835
"Tenant 4 [Tier 3] Internal Metrics & Logs","PutSmall",1,0,216.022,214.119,1.890
"Tenant 4 [Tier 3] Internal Metrics & Logs","PutSmall",1,0,216.390,214.604,1.775
"Tenant 4 [Tier 3] Internal Metrics & Logs","PutSmall",1,0,218.619,216.802,1.812
"Tenant 4 [Tier 3] Internal Metrics & Logs","PutSmall",1,0,219.435,217.558,1.873
"Tenant 4 [Tier 3] Internal Metrics & Logs","PutSmall",1,0,220.683,218.886,1.787
"Tenant 4 [Tier 3] Internal Metrics & Logs","GetSmall",1,0,220.453,218.877,1.572
"Tenant 4 [Tier 3] Internal Metrics & Logs","PutSmall",1,0,222.014,220.265,1.736
"Tenant 4 [Tier 3] Internal Metrics & Logs","GetSmall",1,0,220.854,219.280,1.565
"Tenant 4 [Tier 3] Internal Metrics & Logs","PutSmall",1,0,221.152,219.318,1.829
"Tenant 4 [Tier 3] Internal Metrics & Logs","GetSmall",1,0,221.951,220.502,1.440
"Tenant 4 [Tier 3] Internal Metrics & Logs","GetSmall",1,0,223.287,221.803,1.476
"Tenant 4 [Tier 3] Internal Metrics & Logs","PutSmall",1,0,227.014,225.192,1.816
"Tenant 4 [Tier 3] Internal Metrics & Logs","PutSmall",1,0,225.617,223.741,1.871
"Tenant 4 [Tier 3] Internal Metrics & Logs","GetSmall",1,0,225.517,223.972,1.538
"Tenant 4 [Tier 3] Internal Metrics & Logs","PutSmall",1,0,226.719,224.957,1.757
"Tenant 4 [Tier 3] Internal Metrics & Logs","PutSmall",1,0,226.686,224.887,1.796
"Tenant 4 [Tier 3] Internal Metrics & Logs","PutSmall",1,0,225.267,223.436,1.820
"Tenant 4 [Tier 3] Internal Metrics & Logs","PutSmall",1,0,223.677,221.874,1.795
"Tenant 4 [Tier 3] Internal Metrics & Logs","PutSmall",1,0,224.766,222.986,1.767
"Tenant 4 [Tier 3] Internal Metrics & Logs","GetSmall",1,0,224.450,222.947,1.494
"Tenant 4 [Tier 3] Internal Metrics & Logs","PutSmall",1,0,229.660,227.897,1.758
"Tenant 4 [Tier 3] Internal Metrics & Logs","PutSmall",1,0,231.366,229.495,1.866
"Tenant 4 [Tier 3] Internal Metrics & Logs","GetSmall",1,0,231.769,230.284,1.477
"Tenant 4 [Tier 3] Internal Metrics & Logs","GetSmall",1,0,231.492,230.003,1.480
"Tenant 4 [Tier 3] Internal Metrics & Logs","GetSmall",1,0,231.769,230.262,1.499
"Tenant 4 [Tier 3] Internal Metrics & Logs","PutSmall",1,0,231.485,229.686,1.784
"Tenant 4 [Tier 3] Internal Metrics & Logs","PutSmall",1,0,232.893,231.011,1.871
"Tenant 4 [Tier 3] Internal Metrics & Logs","GetSmall",1,0,228.989,227.508,1.471
"Tenant 4 [Tier 3] Internal Metrics & Logs","GetSmall",1,0,229.134,227.556,1.569
"Tenant 4 [Tier 3] Internal Metrics & Logs","PutSmall",1,0,231.447,229.586,1.855
"Tenant 4 [Tier 3] Internal Metrics & Logs","GetSmall",1,0,230.839,229.401,1.431
"Tenant 4 [Tier 3] Internal Metrics & Logs","GetSmall",1,0,231.139,229.626,1.501
"Tenant 4 [Tier 3] Internal Metrics & Logs","GetSmall",1,0,231.603,230.069,1.513
"Tenant 4 [Tier 3] Internal Metrics & Logs","GetSmall",1,0,231.662,230.100,1.543
"Tenant 4 [Tier 3] Internal Metrics & Logs","GetSmall",1,0,231.640,230.205,1.429
"Tenant 4 [Tier 3] Internal Metrics & Logs","PutSmall",1,0,233.321,231.533,1.774
"Tenant 4 [Tier 3] Internal Metrics & Logs","PutSmall",1,0,219.581,217.806,1.764
"Tenant 4 [Tier 3] Internal Metrics & Logs","PutSmall",1,0,219.574,217.697,1.872
"Tenant 4 [Tier 3] Internal Metrics & Logs","GetSmall",1,0,219.565,218.090,1.455
"Tenant 4 [Tier 3] Internal Metrics & Logs","GetSmall",1,0,218.513,217.036,1.455
"Tenant 4 [Tier 3] Internal Metrics & Logs","GetSmall",1,0,219.585,218.098,1.466
"Tenant 4 [Tier 3] Internal Metrics & Logs","PutSmall",1,0,219.887,218.077,1.806
"Tenant 4 [Tier 3] Internal Metrics & Logs","GetSmall",1,0,220.107,218.631,1.472
"Tenant 4 [Tier 3] Internal Metrics & Logs","GetSmall",1,0,216.484,215.000,1.470
"Tenant 4 [Tier 3] Internal Metrics & Logs","GetSmall",1,0,215.037,213.535,1.485
"Tenant 4 [Tier 3] Internal Metrics & Logs","GetSmall",1,0,220.419,218.878,1.522
"Tenant 4 [Tier 3] Internal Metrics & Logs","PutSmall",1,0,220.718,218.971,1.741
"Tenant 4 [Tier 3] Internal Metrics & Logs","GetSmall",1,0,215.813,214.330,1.477
"Tenant 4 [Tier 3] Internal Metrics & Logs","PutSmall",1,0,216.169,214.371,1.794
"Tenant 4 [Tier 3] Internal Metrics & Logs","PutSmall",1,0,216.254,214.364,1.886
"Tenant 4 [Tier 3] Internal Metrics & Logs","GetSmall",1,0,215.202,213.735,1.461
"Tenant 4 [Tier 3] Internal Metrics & Logs","GetSmall",1,0,215.569,214.085,1.472
"Tenant 4 [Tier 3] Internal Metrics & Logs","GetSmall",1,0,209.395,207.958,1.430
"Tenant 4 [Tier 3] Internal Metrics & Logs","PutSmall",1,0,209.754,207.921,1.828
"Tenant 4 [Tier 3] Internal Metrics & Logs","PutSmall",1,0,209.584,207.836,1.740
"Tenant 4 [Tier 3] Internal Metrics & Logs","PutSmall",1,0,209.657,207.856,1.797
"Tenant 4 [Tier 3] Internal Metrics & Logs","PutSmall",1,0,209.733,207.864,1.862
"Tenant 4 [Tier 3] Internal Metrics & Logs","PutSmall",1,0,210.265,208.527,1.734
"Tenant 4 [Tier 3] Internal Metrics & Logs","PutSmall",1,0,212.619,210.852,1.741
"Tenant 4 [Tier 3] Internal Metrics & Logs","GetSmall",1,0,214.388,212.957,1.426
"Tenant 4 [Tier 3] Internal Metrics & Logs","GetSmall",1,0,214.480,212.990,1.474
"Tenant 4 [Tier 3] Internal Metrics & Logs","GetSmall",1,0,214.476,212.988,1.472
"Tenant 4 [Tier 3] Internal Metrics & Logs","GetSmall",1,0,214.267,212.755,1.486
"Tenant 4 [Tier 3] Internal Metrics & Logs","PutSmall",1,0,214.260,212.455,1.799
"Tenant 4 [Tier 3] Internal Metrics & Logs","PutSmall",1,0,214.953,213.237,1.712
"Tenant 4 [Tier 3] Internal Metrics & Logs","PutSmall",1,0,214.945,213.133,1.806
"Tenant 4 [Tier 3] Internal Metrics & Logs","GetSmall",1,0,216.794,215.307,1.481
"Tenant 4 [Tier 3] Internal Metrics & Logs","PutSmall",1,0,217.124,215.260,1.857
"Tenant 4 [Tier 3] Internal Metrics & Logs","GetSmall",1,0,218.576,217.072,1.467
"Tenant 4 [Tier 3] Internal Metrics & Logs","GetSmall",1,0,222.494,221.005,1.453
"Tenant 4 [Tier 3] Internal Metrics & Logs","GetSmall",1,0,219.030,217.588,1.437
"Tenant 4 [Tier 3] Internal Metrics & Logs","GetSmall",1,0,219.146,217.661,1.480
"Tenant 4 [Tier 3] Internal Metrics & Logs","PutSmall",1,0,220.451,218.572,1.872
"Tenant 4 [Tier 3] Internal Metrics & Logs","PutSmall",1,0,221.375,219.609,1.751
"Tenant 4 [Tier 3] Internal Metrics & Logs","PutSmall",1,0,219.310,217.524,1.781
"Tenant 4 [Tier 3] Internal Metrics & Logs","PutSmall",1,0,219.405,217.661,1.739
"Tenant 4 [Tier 3] Internal Metrics & Logs","PutSmall",1,0,219.465,217.628,1.818
"Tenant 4 [Tier 3] Internal Metrics & Logs","PutSmall",1,0,219.648,217.895,1.747
"Tenant 4 [Tier 3] Internal Metrics & Logs","PutSmall",1,0,221.201,219.355,1.839
"Tenant 4 [Tier 3] Internal Metrics & Logs","PutSmall",1,0,222.001,220.175,1.819
"Tenant 4 [Tier 3] Internal Metrics & Logs","PutSmall",1,0,221.016,219.166,1.823
"Tenant 4 [Tier 3] Internal Metrics & Logs","PutSmall",1,0,221.255,219.485,1.766
"Tenant 4 [Tier 3] Internal Metrics & Logs","GetSmall",1,0,219.735,218.202,1.490
"Tenant 4 [Tier 3] Internal Metrics & Logs","PutSmall",1,0,220.335,218.546,1.783
"Tenant 4 [Tier 3] Internal Metrics & Logs","GetSmall",1,0,218.126,216.647,1.461
"Tenant 4 [Tier 3] Internal Metrics & Logs","PutSmall",1,0,222.126,220.325,1.794
"Tenant 4 [Tier 3] Internal Metrics & Logs","PutSmall",1,0,223.344,221.577,1.761
"Tenant 4 [Tier 3] Internal Metrics & Logs","PutSmall",1,0,223.330,221.533,1.793
"Tenant 4 [Tier 3] Internal Metrics & Logs","PutSmall",1,0,223.088,221.234,1.845
"Tenant 4 [Tier 3] Internal Metrics & Logs","PutSmall",1,0,224.784,222.948,1.833
"Tenant 4 [Tier 3] Internal Metrics & Logs","GetSmall",1,0,222.016,220.438,1.569
"Tenant 4 [Tier 3] Internal Metrics & Logs","GetSmall",1,0,221.514,220.013,1.496
"Tenant 4 [Tier 3] Internal Metrics & Logs","PutSmall",1,0,222.185,220.301,1.878
"Tenant 4 [Tier 3] Internal Metrics & Logs","PutSmall",1,0,222.112,220.228,1.870
"Tenant 4 [Tier 3] Internal Metrics & Logs","GetSmall",1,0,220.792,219.250,1.538
"Tenant 4 [Tier 3] Internal Metrics & Logs","GetSmall",1,0,223.146,221.578,1.563
"Tenant 4 [Tier 3] Internal Metrics & Logs","PutSmall",1,0,223.356,221.570,1.780
"Tenant 4 [Tier 3] Internal Metrics & Logs","PutSmall",1,0,224.574,222.741,1.818
"Tenant 4 [Tier 3] Internal Metrics & Logs","PutSmall",1,0,222.969,221.099,1.860
"Tenant 4 [Tier 3] Internal Metrics & Logs","GetSmall",1,0,223.243,221.703,1.530
"Tenant 4 [Tier 3] Internal Metrics & Logs","GetSmall",1,0,218.103,216.650,1.445
"Tenant 4 [Tier 3] Internal Metrics & Logs","PutSmall",1,0,216.483,214.713,1.762
"Tenant 4 [Tier 3] Internal Metrics & Logs","PutSmall",1,0,219.838,218.018,1.816
"Tenant 4 [Tier 3] Internal Metrics & Logs","PutSmall",1,0,219.909,218.059,1.845
"Tenant 4 [Tier 3] Internal Metrics & Logs","GetSmall",1,0,220.208,218.662,1.541
"Tenant 4 [Tier 3] Internal Metrics & Logs","PutSmall",1,0,218.184,216.443,1.735
"Tenant 4 [Tier 3] Internal Metrics & Logs","GetSmall",1,0,221.222,219.638,1.560
"Tenant 4 [Tier 3] Internal Metrics & Logs","PutSmall",1,0,219.673,217.917,1.750
"Tenant 4 [Tier 3] Internal Metrics & Logs","GetSmall",1,0,220.613,219.123,1.476
"Tenant 4 [Tier 3] Internal Metrics & Logs","GetSmall",1,0,220.660,219.141,1.502
"Tenant 4 [Tier 3] Internal Metrics & Logs","PutSmall",1,0,220.460,218.658,1.796
"Tenant 4 [Tier 3] Internal Metrics & Logs","PutSmall",1,0,218.447,216.683,1.759
"Tenant 4 [Tier 3] Internal Metrics & Logs","GetSmall",1,0,218.983,217.443,1.536
"Tenant 4 [Tier 3] Internal Metrics & Logs","PutSmall",1,0,219.270,217.450,1.810
"Tenant 4 [Tier 3] Internal Metrics & Logs","GetSmall",1,0,216.723,215.179,1.529
"Tenant 4 [Tier 3] Internal Metrics & Logs","PutSmall",1,0,216.425,214.640,1.781
"Tenant 4 [Tier 3] Internal Metrics & Logs","PutSmall",1,0,217.886,216.051,1.824
"Tenant 4 [Tier 3] Internal Metrics & Logs","PutSmall",1,0,219.386,217.661,1.719
"Tenant 4 [Tier 3] Internal Metrics & Logs","PutSmall",1,0,219.657,217.863,1.789
"Tenant 4 [Tier 3] Internal Metrics & Logs","PutSmall",1,0,219.730,217.895,1.832
"Tenant 4 [Tier 3] Internal Metrics & Logs","GetSmall",1,0,218.591,217.008,1.548
"Tenant 4 [Tier 3] Internal Metrics & Logs","PutSmall",1,0,220.762,218.906,1.850
"Tenant 4 [Tier 3] Internal Metrics & Logs","GetSmall",1,0,217.450,215.886,1.558
"Tenant 4 [Tier 3] Internal Metrics & Logs","GetSmall",1,0,215.938,214.478,1.457
"Tenant 4 [Tier 3] Internal Metrics & Logs","GetSmall",1,0,215.782,214.220,1.544
"Tenant 4 [Tier 3] Internal Metrics & Logs","PutSmall",1,0,216.303,214.502,1.792
"Tenant 4 [Tier 3] Internal Metrics & Logs","PutSmall",1,0,217.732,215.840,1.886
"Tenant 4 [Tier 3] Internal Metrics & Logs","GetSmall",1,0,216.702,215.200,1.497
"Tenant 4 [Tier 3] Internal Metrics & Logs","PutSmall",1,0,216.982,215.229,1.735
"Tenant 4 [Tier 3] Internal Metrics & Logs","GetSmall",1,0,218.570,216.997,1.552
"Tenant 4 [Tier 3] Internal Metrics & Logs","PutSmall",1,0,219.080,217.247,1.830
"Tenant 4 [Tier 3] Internal Metrics & Logs","PutSmall",1,0,218.910,217.020,1.853
"Tenant 4 [Tier 3] Internal Metrics & Logs","GetSmall",1,0,213.731,212.295,1.429
"Tenant 4 [Tier 3] Internal Metrics & Logs","GetSmall",1,0,215.052,213.533,1.514
"Tenant 4 [Tier 3] Internal Metrics & Logs","GetSmall",1,0,213.798,212.269,1.526
"Tenant 4 [Tier 3] Internal Metrics & Logs","PutSmall",1,0,213.874,212.116,1.752
"Tenant 4 [Tier 3] Internal Metrics & Logs","PutSmall",1,0,214.295,212.561,1.728
"Tenant 4 [Tier 3] Internal Metrics & Logs","GetSmall",1,0,213.406,211.854,1.547
"Tenant 4 [Tier 3] Internal Metrics & Logs","PutSmall",1,0,213.144,211.339,1.801
"Tenant 4 [Tier 3] Internal Metrics & Logs","GetSmall",1,0,213.995,212.525,1.466
"Tenant 4 [Tier 3] Internal Metrics & Logs","GetSmall",1,0,213.825,212.322,1.483
"Tenant 4 [Tier 3] Internal Metrics & Logs","PutSmall",1,0,214.509,212.654,1.851
"Tenant 4 [Tier 3] Internal Metrics & Logs","PutSmall",1,0,215.603,213.730,1.867
"Tenant 4 [Tier 3] Internal Metrics & Logs","GetSmall",1,0,214.671,213.216,1.450
"Tenant 4 [Tier 3] Internal Metrics & Logs","PutSmall",1,0,215.435,213.630,1.802
"Tenant 4 [Tier 3] Internal Metrics & Logs","PutSmall",1,0,215.248,213.381,1.854
"Tenant 4 [Tier 3] Internal Metrics & Logs","GetSmall",1,0,214.541,213.070,1.467
"Tenant 4 [Tier 3] Internal Metrics & Logs","PutSmall",1,0,214.868,213.128,1.735
"Tenant 4 [Tier 3] Internal Metrics & Logs","GetSmall",1,0,217.023,215.580,1.435
"Tenant 4 [Tier 3] Internal Metrics & Logs","PutSmall",1,0,219.737,217.996,1.730
"Tenant 4 [Tier 3] Internal Metrics & Logs","PutSmall",1,0,217.878,216.089,1.785
"Tenant 4 [Tier 3] Internal Metrics & Logs","PutSmall",1,0,217.939,216.133,1.797
"Tenant 4 [Tier 3] Internal Metrics & Logs","PutSmall",1,0,217.281,215.392,1.875
"Tenant 4 [Tier 3] Internal Metrics & Logs","PutSmall",1,0,220.888,219.029,1.847
"Tenant 4 [Tier 3] Internal Metrics & Logs","PutSmall",1,0,221.235,219.520,1.711
"Tenant 4 [Tier 3] Internal Metrics & Logs","PutSmall",1,0,220.661,218.801,1.855
"Tenant 4 [Tier 3] Internal Metrics & Logs","PutSmall",1,0,221.002,219.237,1.759
"Tenant 4 [Tier 3] Internal Metrics & Logs","GetSmall",1,0,221.843,220.286,1.550
"Tenant 4 [Tier 3] Internal Metrics & Logs","PutSmall",1,0,220.529,218.775,1.749
"Tenant 4 [Tier 3] Internal Metrics & Logs","PutSmall",1,0,220.836,219.075,1.750
"Tenant 4 [Tier 3] Internal Metrics & Logs","GetSmall",1,0,219.668,218.121,1.542
"Tenant 4 [Tier 3] Internal Metrics & Logs","GetSmall",1,0,222.567,221.021,1.529
"Tenant 4 [Tier 3] Internal Metrics & Logs","PutSmall",1,0,221.671,219.940,1.723
"Tenant 4 [Tier 3] Internal Metrics & Logs","PutSmall",1,0,225.149,223.396,1.737
"Tenant 4 [Tier 3] Internal Metrics & Logs","PutSmall",1,0,220.265,218.391,1.862
"Tenant 4 [Tier 3] Internal Metrics & Logs","GetSmall",1,0,220.996,219.469,1.517
"Tenant 4 [Tier 3] Internal Metrics & Logs","GetSmall",1,0,225.042,223.465,1.573
"Tenant 4 [Tier 3] Internal Metrics & Logs","PutSmall",1,0,225.206,223.448,1.753
"Tenant 4 [Tier 3] Internal Metrics & Logs","GetSmall",1,0,226.052,224.520,1.527
"Tenant 4 [Tier 3] Internal Metrics & Logs","PutSmall",1,0,222.368,220.631,1.732
"Tenant 4 [Tier 3] Internal Metrics & Logs","PutSmall",1,0,222.480,220.643,1.822
"Tenant 4 [Tier 3] Internal Metrics & Logs","GetSmall",1,0,221.791,220.265,1.520
"Tenant 4 [Tier 3] Internal Metrics & Logs","GetSmall",1,0,222.202,220.636,1.557
"Tenant 4 [Tier 3] Internal Metrics & Logs","GetSmall",1,0,221.271,219.754,1.509
"Tenant 4 [Tier 3] Internal Metrics & Logs","PutSmall",1,0,221.852,219.963,1.876
"Tenant 4 [Tier 3] Internal Metrics & Logs","PutSmall",1,0,223.279,221.554,1.722
"Tenant 4 [Tier 3] Internal Metrics & Logs","PutSmall",1,0,222.644,220.867,1.760
"Tenant 4 [Tier 3] Internal Metrics & Logs","PutSmall",1,0,222.800,221.012,1.776
"Tenant 4 [Tier 3] Internal Metrics & Logs","PutSmall",1,0,224.111,222.351,1.755
"Tenant 4 [Tier 3] Internal Metrics & Logs","PutSmall",1,0,220.426,218.622,1.801
"Tenant 4 [Tier 3] Internal Metrics & Logs","PutSmall",1,0,226.723,224.866,1.846
"Tenant 4 [Tier 3] Internal Metrics & Logs","GetSmall",1,0,224.017,222.502,1.504
"Tenant 4 [Tier 3] Internal Metrics & Logs","PutSmall",1,0,222.006,220.261,1.738
"Tenant 4 [Tier 3] Internal Metrics & Logs","PutSmall",1,0,222.265,220.443,1.815
"Tenant 4 [Tier 3] Internal Metrics & Logs","PutSmall",1,0,221.677,219.891,1.782
"Tenant 4 [Tier 3] Internal Metrics & Logs","PutSmall",1,0,220.857,219.040,1.813
"Tenant 4 [Tier 3] Internal Metrics & Logs","PutSmall",1,0,220.062,218.303,1.748
"Tenant 4 [Tier 3] Internal Metrics & Logs","GetSmall",1,0,220.052,218.526,1.519
"Tenant 4 [Tier 3] Internal Metrics & Logs","GetSmall",1,0,220.387,218.884,1.490
"Tenant 4 [Tier 3] Internal Metrics & Logs","GetSmall",1,0,220.767,219.229,1.534
"Tenant 4 [Tier 3] Internal Metrics & Logs","PutSmall",1,0,220.679,218.855,1.814
"Tenant 4 [Tier 3] Internal Metrics & Logs","GetSmall",1,0,219.771,218.243,1.520
"Tenant 4 [Tier 3] Internal Metrics & Logs","PutSmall",1,0,220.064,218.257,1.803
"Tenant 4 [Tier 3] Internal Metrics & Logs","PutSmall",1,0,219.605,217.723,1.876
"Tenant 4 [Tier 3] Internal Metrics & Logs","GetSmall",1,0,221.918,220.457,1.457
"Tenant 4 [Tier 3] Internal Metrics & Logs","PutSmall",1,0,222.231,220.397,1.831
"Tenant 4 [Tier 3] Internal Metrics & Logs","PutSmall",1,0,213.775,212.012,1.759
"Tenant 4 [Tier 3] Internal Metrics & Logs","PutSmall",1,0,216.024,214.154,1.863
"Tenant 4 [Tier 3] Internal Metrics & Logs","PutSmall",1,0,213.325,211.569,1.751
"Tenant 4 [Tier 3] Internal Metrics & Logs","PutSmall",1,0,213.284,211.493,1.788
"Tenant 4 [Tier 3] Internal Metrics & Logs","PutSmall",1,0,215.703,213.933,1.767
"Tenant 4 [Tier 3] Internal Metrics & Logs","GetSmall",1,0,217.176,215.623,1.542
"Tenant 4 [Tier 3] Internal Metrics & Logs","PutSmall",1,0,216.761,214.883,1.871
"Tenant 4 [Tier 3] Internal Metrics & Logs","PutSmall",1,0,215.218,213.325,1.877
"Tenant 4 [Tier 3] Internal Metrics & Logs","GetSmall",1,0,213.940,212.462,1.466
"Tenant 4 [Tier 3] Internal Metrics & Logs","GetSmall",1,0,215.466,213.962,1.491
"Tenant 4 [Tier 3] Internal Metrics & Logs","PutSmall",1,0,214.487,212.744,1.739
"Tenant 4 [Tier 3] Internal Metrics & Logs","GetSmall",1,0,214.755,213.288,1.461
"Tenant 4 [Tier 3] Internal Metrics & Logs","PutSmall",1,0,215.302,213.552,1.746
"Tenant 4 [Tier 3] Internal Metrics & Logs","PutSmall",1,0,213.609,211.825,1.779
"Tenant 4 [Tier 3] Internal Metrics & Logs","GetSmall",1,0,213.160,211.680,1.475
"Tenant 4 [Tier 3] Internal Metrics & Logs","PutSmall",1,0,216.056,214.304,1.747
"Tenant 4 [Tier 3] Internal Metrics & Logs","PutSmall",1,0,219.532,217.671,1.853
"Tenant 4 [Tier 3] Internal Metrics & Logs","GetSmall",1,0,217.719,216.208,1.507
"Tenant 4 [Tier 3] Internal Metrics & Logs","GetSmall",1,0,218.376,216.921,1.430
"Tenant 4 [Tier 3] Internal Metrics & Logs","GetSmall",1,0,218.431,216.956,1.455
"Tenant 4 [Tier 3] Internal Metrics & Logs","PutSmall",1,0,218.873,217.058,1.780
"Tenant 4 [Tier 3] Internal Metrics & Logs","GetSmall",1,0,219.959,218.476,1.476
"Tenant 4 [Tier 3] Internal Metrics & Logs","GetSmall",1,0,219.706,218.160,1.543
"Tenant 4 [Tier 3] Internal Metrics & Logs","PutSmall",1,0,220.036,218.150,1.852
"Tenant 4 [Tier 3] Internal Metrics & Logs","GetSmall",1,0,220.494,218.964,1.523
"Tenant 4 [Tier 3] Internal Metrics & Logs","GetSmall",1,0,220.325,218.755,1.565
"Tenant 4 [Tier 3] Internal Metrics & Logs","PutSmall",1,0,220.750,218.983,1.763
"Tenant 4 [Tier 3] Internal Metrics & Logs","GetSmall",1,0,219.149,217.616,1.526
"Tenant 4 [Tier 3] Internal Metrics & Logs","GetSmall",1,0,219.821,218.354,1.456
"Tenant 4 [Tier 3] Internal Metrics & Logs","PutSmall",1,0,217.711,215.952,1.755
"Tenant 4 [Tier 3] Internal Metrics & Logs","PutSmall",1,0,221.160,219.313,1.836
"Tenant 4 [Tier 3] Internal Metrics & Logs","GetSmall",1,0,220.164,218.717,1.442
"Tenant 4 [Tier 3] Internal Metrics & Logs","PutSmall",1,0,217.422,215.632,1.784
"Tenant 4 [Tier 3] Internal Metrics & Logs","PutSmall",1,0,219.921,218.118,1.800
"Tenant 4 [Tier 3] Internal Metrics & Logs","GetSmall",1,0,218.944,217.398,1.543
"Tenant 4 [Tier 3] Internal Metrics & Logs","PutSmall",1,0,219.892,218.092,1.792
"Tenant 4 [Tier 3] Internal Metrics & Logs","PutSmall",1,0,223.733,221.906,1.821
"Tenant 4 [Tier 3] Internal Metrics & Logs","GetSmall",1,0,222.691,221.192,1.494
"Tenant 4 [Tier 3] Internal Metrics & Logs","PutSmall",1,0,222.868,221.102,1.759
"Tenant 4 [Tier 3] Internal Metrics & Logs","GetSmall",1,0,223.824,222.300,1.519
"Tenant 4 [Tier 3] Internal Metrics & Logs","PutSmall",1,0,225.164,223.293,1.857
"Tenant 4 [Tier 3] Internal Metrics & Logs","GetSmall",1,0,225.985,224.548,1.430
"Tenant 4 [Tier 3] Internal Metrics & Logs","PutSmall",1,0,226.472,224.709,1.757
"Tenant 4 [Tier 3] Internal Metrics & Logs","PutSmall",1,0,224.421,222.539,1.874
"Tenant 4 [Tier 3] Internal Metrics & Logs","PutSmall",1,0,223.864,222.004,1.847
"Tenant 4 [Tier 3] Internal Metrics & Logs","GetSmall",1,0,224.251,222.705,1.531
"Tenant 4 [Tier 3] Internal Metrics & Logs","PutSmall",1,0,224.581,222.791,1.785
"Tenant 4 [Tier 3] Internal Metrics & Logs","GetSmall",1,0,225.094,223.553,1.531
"Tenant 4 [Tier 3] Internal Metrics & Logs","GetSmall",1,0,222.884,221.384,1.490
"Tenant 4 [Tier 3] Internal Metrics & Logs","GetSmall",1,0,220.115,218.532,1.572
"Tenant 4 [Tier 3] Internal Metrics & Logs","GetSmall",1,0,220.232,218.740,1.473
"Tenant 4 [Tier 3] Internal Metrics & Logs","PutSmall",1,0,219.666,217.782,1.878
"Tenant 4 [Tier 3] Internal Metrics & Logs","GetSmall",1,0,214.354,212.789,1.559
"Tenant 4 [Tier 3] Internal Metrics & Logs","PutSmall",1,0,214.285,212.550,1.732
"Tenant 4 [Tier 3] Internal Metrics & Logs","PutSmall",1,0,218.003,216.154,1.846
"Tenant 4 [Tier 3] Internal Metrics & Logs","GetSmall",1,0,214.605,213.119,1.477
"Tenant 4 [Tier 3] Internal Metrics & Logs","GetSmall",1,0,216.709,215.238,1.464
"Tenant 4 [Tier 3] Internal Metrics & Logs","PutSmall",1,0,216.025,214.183,1.835
"Tenant 4 [Tier 3] Internal Metrics & Logs","GetSmall",1,0,217.099,215.596,1.500
"Tenant 4 [Tier 3] Internal Metrics & Logs","PutSmall",1,0,217.474,215.721,1.746
"Tenant 4 [Tier 3] Internal Metrics & Logs","GetSmall",1,0,220.114,218.591,1.509
"Tenant 4 [Tier 3] Internal Metrics & Logs","PutSmall",1,0,216.386,214.597,1.782
"Tenant 4 [Tier 3] Internal Metrics & Logs","PutSmall",1,0,216.729,214.840,1.885
"Tenant 4 [Tier 3] Internal Metrics & Logs","GetSmall",1,0,216.332,214.787,1.534
"Tenant 4 [Tier 3] Internal Metrics & Logs","GetSmall",1,0,218.482,217.037,1.441
"Tenant 4 [Tier 3] Internal Metrics & Logs","PutSmall",1,0,225.620,223.859,1.747
"Tenant 4 [Tier 3] Internal Metrics & Logs","GetSmall",1,0,227.738,226.248,1.481
"Tenant 4 [Tier 3] Internal Metrics & Logs","PutSmall",1,0,228.533,226.647,1.883
"Tenant 4 [Tier 3] Internal Metrics & Logs","PutSmall",1,0,229.811,228.084,1.723
"Tenant 4 [Tier 3] Internal Metrics & Logs","PutSmall",1,0,229.618,227.809,1.805
"Tenant 4 [Tier 3] Internal Metrics & Logs","PutSmall",1,0,229.736,227.888,1.845
"Tenant 4 [Tier 3] Internal Metrics & Logs","PutSmall",1,0,228.798,226.948,1.844
"Tenant 4 [Tier 3] Internal Metrics & Logs","GetSmall",1,0,229.547,227.966,1.566
"Tenant 4 [Tier 3] Internal Metrics & Logs","PutSmall",1,0,229.354,227.592,1.756
"Tenant 4 [Tier 3] Internal Metrics & Logs","PutSmall",1,0,228.623,226.882,1.736
"Tenant 4 [Tier 3] Internal Metrics & Logs","PutSmall",1,0,230.176,228.394,1.776
"Tenant 4 [Tier 3] Internal Metrics & Logs","PutSmall",1,0,228.472,226.750,1.719
"Tenant 4 [Tier 3] Internal Metrics & Logs","PutSmall",1,0,225.829,224.071,1.739
"Tenant 4 [Tier 3] Internal Metrics & Logs","PutSmall",1,0,225.810,223.972,1.827
"Tenant 4 [Tier 3] Internal Metrics & Logs","PutSmall",1,0,229.062,227.180,1.871
"Tenant 4 [Tier 3] Internal Metrics & Logs","GetSmall",1,0,222.238,220.796,1.436
"Tenant 4 [Tier 3] Internal Metrics & Logs","PutSmall",1,0,220.297,218.429,1.864
"Tenant 4 [Tier 3] Internal Metrics & Logs","PutSmall",1,0,219.554,217.743,1.807
"Tenant 4 [Tier 3] Internal Metrics & Logs","PutSmall",1,0,219.217,217.361,1.852
"Tenant 4 [Tier 3] Internal Metrics & Logs","GetSmall",1,0,216.027,214.525,1.496
"Tenant 4 [Tier 3] Internal Metrics & Logs","PutSmall",1,0,216.404,214.573,1.827
"Tenant 4 [Tier 3] Internal Metrics & Logs","PutSmall",1,0,216.550,214.659,1.883
"Tenant 4 [Tier 3] Internal Metrics & Logs","PutSmall",1,0,215.795,214.067,1.718
"Tenant 4 [Tier 3] Internal Metrics & Logs","GetSmall",1,0,214.015,212.449,1.564
"Tenant 4 [Tier 3] Internal Metrics & Logs","PutSmall",1,0,215.955,214.212,1.740
"Tenant 4 [Tier 3] Internal Metrics & Logs","PutSmall",1,0,217.034,215.186,1.843
"Tenant 4 [Tier 3] Internal Metrics & Logs","PutSmall",1,0,216.894,215.002,1.887
"Tenant 4 [Tier 3] Internal Metrics & Logs","GetSmall",1,0,215.242,213.766,1.472
"Tenant 4 [Tier 3] Internal Metrics & Logs","PutSmall",1,0,215.516,213.799,1.711
"Tenant 4 [Tier 3] Internal Metrics & Logs","PutSmall",1,0,216.952,215.184,1.760
"Tenant 4 [Tier 3] Internal Metrics & Logs","PutSmall",1,0,213.310,211.413,1.889
"Tenant 4 [Tier 3] Internal Metrics & Logs","PutSmall",1,0,216.146,214.294,1.845
"Tenant 4 [Tier 3] Internal Metrics & Logs","PutSmall",1,0,214.123,212.290,1.822
"Tenant 4 [Tier 3] Internal Metrics & Logs","GetSmall",1,0,214.058,212.502,1.533
"Tenant 4 [Tier 3] Internal Metrics & Logs","PutSmall",1,0,214.228,212.443,1.781
"Tenant 4 [Tier 3] Internal Metrics & Logs","GetSmall",1,0,214.567,213.072,1.486
"Tenant 4 [Tier 3] Internal Metrics & Logs","PutSmall",1,0,214.929,213.168,1.754
"Tenant 4 [Tier 3] Internal Metrics & Logs","PutSmall",1,0,215.289,213.495,1.790
"Tenant 4 [Tier 3] Internal Metrics & Logs","GetSmall",1,0,214.914,213.341,1.557
"Tenant 4 [Tier 3] Internal Metrics & Logs","PutSmall",1,0,214.568,212.790,1.772
"Tenant 4 [Tier 3] Internal Metrics & Logs","PutSmall",1,0,215.626,213.835,1.784
"Tenant 4 [Tier 3] Internal Metrics & Logs","PutSmall",1,0,215.838,213.979,1.845
"Tenant 4 [Tier 3] Internal Metrics & Logs","PutSmall",1,0,215.768,213.884,1.875
"Tenant 4 [Tier 3] Internal Metrics & Logs","GetSmall",1,0,214.891,213.324,1.560
"Tenant 4 [Tier 3] Internal Metrics & Logs","PutSmall",1,0,216.007,214.176,1.827
"Tenant 4 [Tier 3] Internal Metrics & Logs","PutSmall",1,0,214.928,213.120,1.804
"Tenant 4 [Tier 3] Internal Metrics & Logs","GetSmall",1,0,215.149,213.653,1.491
"Tenant 4 [Tier 3] Internal Metrics & Logs","PutSmall",1,0,215.030,213.264,1.762
"Tenant 4 [Tier 3] Internal Metrics & Logs","GetSmall",1,0,221.360,219.813,1.544
"Tenant 4 [Tier 3] Internal Metrics & Logs","PutSmall",1,0,224.906,223.130,1.771
"Tenant 4 [Tier 3] Internal Metrics & Logs","PutSmall",1,0,226.264,224.529,1.730
"Tenant 4 [Tier 3] Internal Metrics & Logs","GetSmall",1,0,222.929,221.465,1.450
"Tenant 4 [Tier 3] Internal Metrics & Logs","PutSmall",1,0,222.860,221.124,1.732
"Tenant 4 [Tier 3] Internal Metrics & Logs","PutSmall",1,0,222.961,221.176,1.781
"Tenant 4 [Tier 3] Internal Metrics & Logs","PutSmall",1,0,223.119,221.246,1.862
"Tenant 4 [Tier 3] Internal Metrics & Logs","PutSmall",1,0,223.668,221.888,1.774
"Tenant 4 [Tier 3] Internal Metrics & Logs","GetSmall",1,0,224.288,222.770,1.515
"Tenant 4 [Tier 3] Internal Metrics & Logs","PutSmall",1,0,224.570,222.836,1.726
"Tenant 4 [Tier 3] Internal Metrics & Logs","PutSmall",1,0,226.122,224.280,1.838
"Tenant 4 [Tier 3] Internal Metrics & Logs","GetSmall",1,0,225.851,224.336,1.512
"Tenant 4 [Tier 3] Internal Metrics & Logs","GetSmall",1,0,227.624,226.073,1.544
"Tenant 4 [Tier 3] Internal Metrics & Logs","PutSmall",1,0,227.326,225.599,1.715
"Tenant 4 [Tier 3] Internal Metrics & Logs","GetSmall",1,0,229.736,228.215,1.517
"Tenant 4 [Tier 3] Internal Metrics & Logs","GetSmall",1,0,225.836,224.301,1.524
"Tenant 4 [Tier 3] Internal Metrics & Logs","GetSmall",1,0,221.866,220.378,1.484
"Tenant 4 [Tier 3] Internal Metrics & Logs","GetSmall",1,0,219.219,217.728,1.485
"Tenant 4 [Tier 3] Internal Metrics & Logs","PutSmall",1,0,219.449,217.641,1.800
"Tenant 4 [Tier 3] Internal Metrics & Logs","PutSmall",1,0,221.019,219.222,1.767
"Tenant 4 [Tier 3] Internal Metrics & Logs","GetSmall",1,0,222.075,220.516,1.549
"Tenant 4 [Tier 3] Internal Metrics & Logs","GetSmall",1,0,222.206,220.710,1.492
"Tenant 4 [Tier 3] Internal Metrics & Logs","GetSmall",1,0,223.236,221.790,1.441
"Tenant 4 [Tier 3] Internal Metrics & Logs","PutSmall",1,0,217.036,215.319,1.711
"Tenant 4 [Tier 3] Internal Metrics & Logs","GetSmall",1,0,216.798,215.345,1.446
"Tenant 4 [Tier 3] Internal Metrics & Logs","GetSmall",1,0,218.712,217.214,1.493
"Tenant 4 [Tier 3] Internal Metrics & Logs","PutSmall",1,0,218.718,216.997,1.717
"Tenant 4 [Tier 3] Internal Metrics & Logs","PutSmall",1,0,218.686,216.940,1.736
"Tenant 4 [Tier 3] Internal Metrics & Logs","PutSmall",1,0,215.621,213.809,1.809
"Tenant 4 [Tier 3] Internal Metrics & Logs","PutSmall",1,0,218.730,216.874,1.847
"Tenant 4 [Tier 3] Internal Metrics & Logs","PutSmall",1,0,217.044,215.298,1.739
"Tenant 4 [Tier 3] Internal Metrics & Logs","GetSmall",1,0,217.994,216.542,1.449
"Tenant 4 [Tier 3] Internal Metrics & Logs","PutSmall",1,0,225.461,223.642,1.815
"Tenant 4 [Tier 3] Internal Metrics & Logs","GetSmall",1,0,224.180,222.661,1.515
"Tenant 4 [Tier 3] Internal Metrics & Logs","PutSmall",1,0,224.161,222.338,1.819
"Tenant 4 [Tier 3] Internal Metrics & Logs","GetSmall",1,0,223.179,221.608,1.562
"Tenant 4 [Tier 3] Internal Metrics & Logs","PutSmall",1,0,224.666,222.915,1.744
"Tenant 4 [Tier 3] Internal Metrics & Logs","PutSmall",1,0,224.798,223.002,1.792
"Tenant 4 [Tier 3] Internal Metrics & Logs","PutSmall",1,0,225.308,223.567,1.738
"Tenant 4 [Tier 3] Internal Metrics & Logs","PutSmall",1,0,226.192,224.470,1.719
"Tenant 4 [Tier 3] Internal Metrics & Logs","PutSmall",1,0,222.561,220.807,1.744
"Tenant 4 [Tier 3] Internal Metrics & Logs","PutSmall",1,0,222.872,221.062,1.807
"Tenant 4 [Tier 3] Internal Metrics & Logs","PutSmall",1,0,224.404,222.669,1.720
"Tenant 4 [Tier 3] Internal Metrics & Logs","GetSmall",1,0,226.271,224.808,1.459
"Tenant 4 [Tier 3] Internal Metrics & Logs","GetSmall",1,0,226.277,224.745,1.525
"Tenant 4 [Tier 3] Internal Metrics & Logs","PutSmall",1,0,226.171,224.278,1.889
"Tenant 4 [Tier 3] Internal Metrics & Logs","PutSmall",1,0,226.880,225.055,1.816
"Tenant 4 [Tier 3] Internal Metrics & Logs","PutSmall",1,0,221.367,219.631,1.730
"Tenant 4 [Tier 3] Internal Metrics & Logs","PutSmall",0,-125,219.498,219.498,0.000
"Tenant 4 [Tier 3] Internal Metrics & Logs","PutSmall",0,-125,215.540,215.540,0.000
"Tenant 4 [Tier 3] Internal Metrics & Logs","GetSmall",0,-125,213.784,213.784,0.000
"Tenant 4 [Tier 3] Internal Metrics & Logs","PutSmall",0,-125,210.393,210.393,0.000
"Tenant 4 [Tier 3] Internal Metrics & Logs","GetSmall",0,-125,210.232,210.232,0.000
"Tenant 4 [Tier 3] Internal Metrics & Logs","PutSmall",0,-125,208.580,208.580,0.000
"Tenant 4 [Tier 3] Internal Metrics & Logs","PutSmall",0,-125,206.879,206.879,0.000
"Tenant 4 [Tier 3] Internal Metrics & Logs","GetSmall",0,-125,205.747,205.747,0.000
"Tenant 4 [Tier 3] Internal Metrics & Logs","PutSmall",0,-125,205.731,205.731,0.000
"Tenant 4 [Tier 3] Internal Metrics & Logs","PutSmall",0,-125,205.377,205.377,0.000
"Tenant 4 [Tier 3] Internal Metrics & Logs","PutSmall",0,-125,203.633,203.633,0.000
"Tenant 4 [Tier 3] Internal Metrics & Logs","PutSmall",0,-125,198.842,198.842,0.000
"Tenant 4 [Tier 3] Internal Metrics & Logs","PutSmall",0,-125,198.783,198.783,0.000
"Tenant 4 [Tier 3] Internal Metrics & Logs","PutSmall",0,-125,195.643,195.643,0.000
"Tenant 4 [Tier 3] Internal Metrics & Logs","PutSmall",0,-125,188.342,188.342,0.000
"Tenant 4 [Tier 3] Internal Metrics & Logs","PutSmall",0,-125,22.727,22.727,0.000
"Tenant 5 [Tier 4] Free-Tier Bulk Flood","ListBucket",1,0,47.637,43.019,4.603
"Tenant 5 [Tier 4] Free-Tier Bulk Flood","PutLarge",1,0,50.937,46.400,4.520
"Tenant 5 [Tier 4] Free-Tier Bulk Flood","PutLarge",1,0,53.695,49.243,4.442
"Tenant 5 [Tier 4] Free-Tier Bulk Flood","ListBucket",1,0,55.454,50.977,4.468
"Tenant 5 [Tier 4] Free-Tier Bulk Flood","PutLarge",1,0,57.207,52.736,4.464
"Tenant 5 [Tier 4] Free-Tier Bulk Flood","PutLarge",1,0,60.180,55.480,4.689
"Tenant 5 [Tier 4] Free-Tier Bulk Flood","ListBucket",1,0,61.848,57.230,4.604
"Tenant 5 [Tier 4] Free-Tier Bulk Flood","PutLarge",1,0,64.505,60.189,4.295
"Tenant 5 [Tier 4] Free-Tier Bulk Flood","PutLarge",1,0,66.244,61.867,4.352
"Tenant 5 [Tier 4] Free-Tier Bulk Flood","ListBucket",1,0,68.917,64.530,4.367
"Tenant 5 [Tier 4] Free-Tier Bulk Flood","ListBucket",1,0,70.582,66.264,4.306
"Tenant 5 [Tier 4] Free-Tier Bulk Flood","ListBucket",1,0,73.438,68.954,4.462
"Tenant 5 [Tier 4] Free-Tier Bulk Flood","PutLarge",1,0,75.302,70.630,4.656
"Tenant 5 [Tier 4] Free-Tier Bulk Flood","PutLarge",1,0,77.826,73.472,4.336
"Tenant 5 [Tier 4] Free-Tier Bulk Flood","ListBucket",1,0,79.750,75.317,4.387
"Tenant 5 [Tier 4] Free-Tier Bulk Flood","ListBucket",1,0,82.434,77.862,4.549
"Tenant 5 [Tier 4] Free-Tier Bulk Flood","PutLarge",1,0,84.423,79.771,4.638
"Tenant 5 [Tier 4] Free-Tier Bulk Flood","ListBucket",1,0,87.026,82.444,4.569
"Tenant 5 [Tier 4] Free-Tier Bulk Flood","PutLarge",1,0,88.920,84.489,4.425
"Tenant 5 [Tier 4] Free-Tier Bulk Flood","ListBucket",1,0,91.675,87.057,4.606
"Tenant 5 [Tier 4] Free-Tier Bulk Flood","PutLarge",1,0,93.456,88.944,4.471
"Tenant 5 [Tier 4] Free-Tier Bulk Flood","PutLarge",1,0,96.452,91.719,4.703
"Tenant 5 [Tier 4] Free-Tier Bulk Flood","PutLarge",1,0,98.052,93.482,4.563
"Tenant 5 [Tier 4] Free-Tier Bulk Flood","PutLarge",1,0,99.621,95.095,4.488
"Tenant 5 [Tier 4] Free-Tier Bulk Flood","PutLarge",1,0,102.485,98.086,4.373
"Tenant 5 [Tier 4] Free-Tier Bulk Flood","PutLarge",1,0,105.786,101.340,4.439
"Tenant 5 [Tier 4] Free-Tier Bulk Flood","PutLarge",1,0,107.196,102.642,4.547
"Tenant 5 [Tier 4] Free-Tier Bulk Flood","ListBucket",1,0,110.562,105.803,4.723
"Tenant 5 [Tier 4] Free-Tier Bulk Flood","ListBucket",1,0,111.893,107.230,4.626
"Tenant 5 [Tier 4] Free-Tier Bulk Flood","ListBucket",1,0,113.434,108.791,4.632
"Tenant 5 [Tier 4] Free-Tier Bulk Flood","ListBucket",1,0,115.263,110.586,4.641
"Tenant 5 [Tier 4] Free-Tier Bulk Flood","ListBucket",1,0,118.045,113.445,4.578
"Tenant 5 [Tier 4] Free-Tier Bulk Flood","PutLarge",1,0,119.791,115.287,4.492
"Tenant 5 [Tier 4] Free-Tier Bulk Flood","PutLarge",1,0,122.752,118.070,4.663
"Tenant 5 [Tier 4] Free-Tier Bulk Flood","PutLarge",1,0,124.542,119.809,4.722
"Tenant 5 [Tier 4] Free-Tier Bulk Flood","PutLarge",1,0,127.544,122.788,4.722
"Tenant 5 [Tier 4] Free-Tier Bulk Flood","PutLarge",1,0,129.044,124.564,4.455
"Tenant 5 [Tier 4] Free-Tier Bulk Flood","PutLarge",1,0,132.061,127.591,4.436
"Tenant 5 [Tier 4] Free-Tier Bulk Flood","PutLarge",1,0,135.618,130.866,4.698
"Tenant 5 [Tier 4] Free-Tier Bulk Flood","PutLarge",1,0,136.467,132.083,4.343
"Tenant 5 [Tier 4] Free-Tier Bulk Flood","ListBucket",1,0,139.717,135.039,4.648
"Tenant 5 [Tier 4] Free-Tier Bulk Flood","ListBucket",1,0,141.117,136.542,4.565
"Tenant 5 [Tier 4] Free-Tier Bulk Flood","PutLarge",1,0,143.750,139.225,4.465
"Tenant 5 [Tier 4] Free-Tier Bulk Flood","ListBucket",1,0,145.564,141.174,4.344
"Tenant 5 [Tier 4] Free-Tier Bulk Flood","PutLarge",1,0,145.712,141.177,4.520
"Tenant 5 [Tier 4] Free-Tier Bulk Flood","ListBucket",1,0,150.028,145.591,4.428
"Tenant 5 [Tier 4] Free-Tier Bulk Flood","ListBucket",1,0,152.623,148.006,4.605
"Tenant 5 [Tier 4] Free-Tier Bulk Flood","ListBucket",1,0,154.412,150.035,4.367
"Tenant 5 [Tier 4] Free-Tier Bulk Flood","PutLarge",1,0,156.473,152.014,4.444
"Tenant 5 [Tier 4] Free-Tier Bulk Flood","PutLarge",1,0,158.148,153.443,4.691
"Tenant 5 [Tier 4] Free-Tier Bulk Flood","PutLarge",1,0,160.860,156.505,4.345
"Tenant 5 [Tier 4] Free-Tier Bulk Flood","ListBucket",1,0,162.759,158.181,4.565
"Tenant 5 [Tier 4] Free-Tier Bulk Flood","PutLarge",1,0,165.538,160.877,4.641
"Tenant 5 [Tier 4] Free-Tier Bulk Flood","ListBucket",1,0,167.351,162.796,4.516
"Tenant 5 [Tier 4] Free-Tier Bulk Flood","PutLarge",1,0,170.324,165.589,4.707
"Tenant 5 [Tier 4] Free-Tier Bulk Flood","PutLarge",1,0,171.727,167.372,4.280
"Tenant 5 [Tier 4] Free-Tier Bulk Flood","PutLarge",1,0,174.987,170.308,4.650
"Tenant 5 [Tier 4] Free-Tier Bulk Flood","ListBucket",1,0,176.112,171.760,4.310
"Tenant 5 [Tier 4] Free-Tier Bulk Flood","ListBucket",1,0,179.015,174.687,4.313
"Tenant 5 [Tier 4] Free-Tier Bulk Flood","PutLarge",1,0,180.791,176.141,4.618
"Tenant 5 [Tier 4] Free-Tier Bulk Flood","PutLarge",1,0,183.715,179.100,4.586
"Tenant 5 [Tier 4] Free-Tier Bulk Flood","ListBucket",1,0,183.813,179.053,4.722
"Tenant 5 [Tier 4] Free-Tier Bulk Flood","PutLarge",1,0,188.339,183.736,4.585
"Tenant 5 [Tier 4] Free-Tier Bulk Flood","PutLarge",1,0,191.102,186.340,4.723
"Tenant 5 [Tier 4] Free-Tier Bulk Flood","ListBucket",1,0,192.637,188.317,4.304
"Tenant 5 [Tier 4] Free-Tier Bulk Flood","ListBucket",1,0,195.139,190.427,4.665
"Tenant 5 [Tier 4] Free-Tier Bulk Flood","ListBucket",1,0,195.562,191.135,4.414
"Tenant 5 [Tier 4] Free-Tier Bulk Flood","ListBucket",1,0,198.729,194.222,4.464
"Tenant 5 [Tier 4] Free-Tier Bulk Flood","PutLarge",1,0,200.254,195.598,4.620
"Tenant 5 [Tier 4] Free-Tier Bulk Flood","PutLarge",1,0,203.318,198.771,4.518
"Tenant 5 [Tier 4] Free-Tier Bulk Flood","PutLarge",1,0,204.633,200.278,4.345
"Tenant 5 [Tier 4] Free-Tier Bulk Flood","PutLarge",1,0,207.691,203.239,4.422
"Tenant 5 [Tier 4] Free-Tier Bulk Flood","PutLarge",1,0,210.572,206.162,4.395
"Tenant 5 [Tier 4] Free-Tier Bulk Flood","ListBucket",1,0,212.253,207.713,4.528
"Tenant 5 [Tier 4] Free-Tier Bulk Flood","PutLarge",1,0,213.991,209.496,4.487
"Tenant 5 [Tier 4] Free-Tier Bulk Flood","PutLarge",1,0,216.956,212.282,4.624
"Tenant 5 [Tier 4] Free-Tier Bulk Flood","ListBucket",1,0,218.355,214.036,4.309
"Tenant 5 [Tier 4] Free-Tier Bulk Flood","ListBucket",1,0,221.464,216.947,4.498
"Tenant 5 [Tier 4] Free-Tier Bulk Flood","PutLarge",1,0,223.044,218.380,4.611
"Tenant 5 [Tier 4] Free-Tier Bulk Flood","PutLarge",1,0,226.110,221.553,4.537
"Tenant 5 [Tier 4] Free-Tier Bulk Flood","PutLarge",1,0,224.782,220.454,4.315
"Tenant 5 [Tier 4] Free-Tier Bulk Flood","ListBucket",1,0,224.718,220.382,4.323
"Tenant 5 [Tier 4] Free-Tier Bulk Flood","PutLarge",1,0,223.134,218.739,4.383
"Tenant 5 [Tier 4] Free-Tier Bulk Flood","PutLarge",1,0,224.539,220.225,4.304
"Tenant 5 [Tier 4] Free-Tier Bulk Flood","PutLarge",1,0,225.678,221.348,4.309
"Tenant 5 [Tier 4] Free-Tier Bulk Flood","ListBucket",1,0,224.360,219.843,4.503
"Tenant 5 [Tier 4] Free-Tier Bulk Flood","PutLarge",1,0,225.541,221.064,4.458
"Tenant 5 [Tier 4] Free-Tier Bulk Flood","PutLarge",1,0,224.773,220.054,4.712
"Tenant 5 [Tier 4] Free-Tier Bulk Flood","ListBucket",1,0,225.428,220.881,4.540
"Tenant 5 [Tier 4] Free-Tier Bulk Flood","PutLarge",1,0,225.006,220.366,4.605
"Tenant 5 [Tier 4] Free-Tier Bulk Flood","PutLarge",1,0,225.520,221.112,4.395
"Tenant 5 [Tier 4] Free-Tier Bulk Flood","ListBucket",1,0,222.722,218.264,4.398
"Tenant 5 [Tier 4] Free-Tier Bulk Flood","PutLarge",1,0,225.384,220.848,4.527
"Tenant 5 [Tier 4] Free-Tier Bulk Flood","ListBucket",1,0,225.516,220.835,4.664
"Tenant 5 [Tier 4] Free-Tier Bulk Flood","ListBucket",1,0,225.350,220.787,4.550
"Tenant 5 [Tier 4] Free-Tier Bulk Flood","PutLarge",1,0,225.233,220.812,4.411
"Tenant 5 [Tier 4] Free-Tier Bulk Flood","ListBucket",1,0,224.960,220.636,4.317
"Tenant 5 [Tier 4] Free-Tier Bulk Flood","ListBucket",1,0,224.898,220.295,4.584
"Tenant 5 [Tier 4] Free-Tier Bulk Flood","ListBucket",1,0,224.862,220.281,4.550
"Tenant 5 [Tier 4] Free-Tier Bulk Flood","ListBucket",1,0,224.116,219.529,4.571
"Tenant 5 [Tier 4] Free-Tier Bulk Flood","ListBucket",1,0,221.861,217.367,4.461
"Tenant 5 [Tier 4] Free-Tier Bulk Flood","PutLarge",1,0,224.974,220.366,4.592
"Tenant 5 [Tier 4] Free-Tier Bulk Flood","ListBucket",1,0,224.233,219.678,4.524
"Tenant 5 [Tier 4] Free-Tier Bulk Flood","ListBucket",1,0,223.237,218.715,4.504
"Tenant 5 [Tier 4] Free-Tier Bulk Flood","PutLarge",1,0,224.130,219.622,4.476
"Tenant 5 [Tier 4] Free-Tier Bulk Flood","PutLarge",1,0,223.171,218.814,4.345
"Tenant 5 [Tier 4] Free-Tier Bulk Flood","PutLarge",1,0,224.074,219.471,4.599
"Tenant 5 [Tier 4] Free-Tier Bulk Flood","ListBucket",1,0,223.053,218.418,4.631
"Tenant 5 [Tier 4] Free-Tier Bulk Flood","PutLarge",1,0,223.867,219.376,4.487
"Tenant 5 [Tier 4] Free-Tier Bulk Flood","ListBucket",1,0,224.336,219.702,4.609
"Tenant 5 [Tier 4] Free-Tier Bulk Flood","ListBucket",1,0,224.155,219.861,4.290
"Tenant 5 [Tier 4] Free-Tier Bulk Flood","ListBucket",1,0,223.906,219.275,4.616
"Tenant 5 [Tier 4] Free-Tier Bulk Flood","ListBucket",1,0,223.828,219.470,4.353
"Tenant 5 [Tier 4] Free-Tier Bulk Flood","PutLarge",1,0,223.246,218.566,4.674
"Tenant 5 [Tier 4] Free-Tier Bulk Flood","ListBucket",1,0,223.494,219.085,4.405
"Tenant 5 [Tier 4] Free-Tier Bulk Flood","PutLarge",1,0,223.151,218.492,4.655
"Tenant 5 [Tier 4] Free-Tier Bulk Flood","PutLarge",1,0,223.603,219.020,4.541
"Tenant 5 [Tier 4] Free-Tier Bulk Flood","PutLarge",1,0,223.202,218.679,4.510
"Tenant 5 [Tier 4] Free-Tier Bulk Flood","ListBucket",1,0,221.558,217.061,4.484
"Tenant 5 [Tier 4] Free-Tier Bulk Flood","PutLarge",1,0,223.451,218.740,4.707
"Tenant 5 [Tier 4] Free-Tier Bulk Flood","PutLarge",1,0,221.639,216.954,4.681
"Tenant 5 [Tier 4] Free-Tier Bulk Flood","ListBucket",1,0,222.446,217.973,4.469
"Tenant 5 [Tier 4] Free-Tier Bulk Flood","ListBucket",1,0,222.153,217.623,4.521
"Tenant 5 [Tier 4] Free-Tier Bulk Flood","PutLarge",1,0,221.622,217.221,4.336
"Tenant 5 [Tier 4] Free-Tier Bulk Flood","ListBucket",1,0,224.741,220.219,4.491
"Tenant 5 [Tier 4] Free-Tier Bulk Flood","ListBucket",1,0,221.694,217.180,4.462
"Tenant 5 [Tier 4] Free-Tier Bulk Flood","ListBucket",1,0,222.273,217.533,4.697
"Tenant 5 [Tier 4] Free-Tier Bulk Flood","ListBucket",1,0,219.861,215.303,4.524
"Tenant 5 [Tier 4] Free-Tier Bulk Flood","PutLarge",1,0,222.059,217.361,4.688
"Tenant 5 [Tier 4] Free-Tier Bulk Flood","PutLarge",1,0,222.782,218.240,4.510
"Tenant 5 [Tier 4] Free-Tier Bulk Flood","PutLarge",1,0,222.911,218.178,4.700
"Tenant 5 [Tier 4] Free-Tier Bulk Flood","PutLarge",1,0,222.918,218.191,4.676
"Tenant 5 [Tier 4] Free-Tier Bulk Flood","PutLarge",1,0,222.956,218.276,4.641
"Tenant 5 [Tier 4] Free-Tier Bulk Flood","ListBucket",1,0,222.693,218.360,4.298
"Tenant 5 [Tier 4] Free-Tier Bulk Flood","PutLarge",1,0,222.416,218.106,4.304
"Tenant 5 [Tier 4] Free-Tier Bulk Flood","ListBucket",1,0,223.013,218.317,4.690
"Tenant 5 [Tier 4] Free-Tier Bulk Flood","PutLarge",1,0,222.465,217.780,4.651
"Tenant 5 [Tier 4] Free-Tier Bulk Flood","PutLarge",1,0,223.038,218.658,4.375
"Tenant 5 [Tier 4] Free-Tier Bulk Flood","ListBucket",1,0,220.400,215.766,4.619
"Tenant 5 [Tier 4] Free-Tier Bulk Flood","PutLarge",1,0,222.890,218.408,4.450
"Tenant 5 [Tier 4] Free-Tier Bulk Flood","PutLarge",1,0,223.014,218.335,4.646
"Tenant 5 [Tier 4] Free-Tier Bulk Flood","ListBucket",1,0,224.367,219.915,4.413
"Tenant 5 [Tier 4] Free-Tier Bulk Flood","PutLarge",1,0,222.468,218.144,4.317
"Tenant 5 [Tier 4] Free-Tier Bulk Flood","ListBucket",1,0,221.012,216.407,4.599
"Tenant 5 [Tier 4] Free-Tier Bulk Flood","PutLarge",1,0,222.959,218.215,4.712
"Tenant 5 [Tier 4] Free-Tier Bulk Flood","PutLarge",1,0,221.472,217.026,4.385
"Tenant 5 [Tier 4] Free-Tier Bulk Flood","ListBucket",1,0,221.094,216.572,4.518
"Tenant 5 [Tier 4] Free-Tier Bulk Flood","PutLarge",1,0,222.560,217.907,4.646
"Tenant 5 [Tier 4] Free-Tier Bulk Flood","PutLarge",1,0,224.403,219.766,4.634
"Tenant 5 [Tier 4] Free-Tier Bulk Flood","PutLarge",1,0,222.379,218.018,4.327
"Tenant 5 [Tier 4] Free-Tier Bulk Flood","PutLarge",1,0,224.596,220.040,4.547
"Tenant 5 [Tier 4] Free-Tier Bulk Flood","PutLarge",1,0,223.853,219.550,4.295
"Tenant 5 [Tier 4] Free-Tier Bulk Flood","ListBucket",1,0,223.394,218.696,4.650
"Tenant 5 [Tier 4] Free-Tier Bulk Flood","ListBucket",1,0,223.660,218.979,4.667
"Tenant 5 [Tier 4] Free-Tier Bulk Flood","ListBucket",1,0,220.960,216.526,4.428
"Tenant 5 [Tier 4] Free-Tier Bulk Flood","PutLarge",1,0,224.233,219.517,4.694
"Tenant 5 [Tier 4] Free-Tier Bulk Flood","ListBucket",1,0,224.061,219.421,4.595
"Tenant 5 [Tier 4] Free-Tier Bulk Flood","PutLarge",1,0,223.209,218.755,4.417
"Tenant 5 [Tier 4] Free-Tier Bulk Flood","ListBucket",1,0,223.435,219.044,4.385
"Tenant 5 [Tier 4] Free-Tier Bulk Flood","ListBucket",1,0,224.843,220.509,4.326
"Tenant 5 [Tier 4] Free-Tier Bulk Flood","ListBucket",1,0,216.275,211.882,4.386
"Tenant 5 [Tier 4] Free-Tier Bulk Flood","ListBucket",1,0,216.048,211.611,4.416
"Tenant 5 [Tier 4] Free-Tier Bulk Flood","ListBucket",1,0,216.313,211.884,4.421
"Tenant 5 [Tier 4] Free-Tier Bulk Flood","PutLarge",1,0,216.291,211.644,4.637
"Tenant 5 [Tier 4] Free-Tier Bulk Flood","PutLarge",1,0,214.984,210.289,4.681
"Tenant 5 [Tier 4] Free-Tier Bulk Flood","ListBucket",1,0,216.151,211.539,4.598
"Tenant 5 [Tier 4] Free-Tier Bulk Flood","ListBucket",1,0,214.812,210.494,4.308
"Tenant 5 [Tier 4] Free-Tier Bulk Flood","PutLarge",1,0,215.648,211.309,4.331
"Tenant 5 [Tier 4] Free-Tier Bulk Flood","PutLarge",1,0,215.113,210.572,4.508
"Tenant 5 [Tier 4] Free-Tier Bulk Flood","PutLarge",1,0,215.461,211.024,4.433
"Tenant 5 [Tier 4] Free-Tier Bulk Flood","ListBucket",1,0,215.216,210.686,4.523
"Tenant 5 [Tier 4] Free-Tier Bulk Flood","PutLarge",1,0,215.437,210.745,4.686
"Tenant 5 [Tier 4] Free-Tier Bulk Flood","ListBucket",1,0,215.179,210.760,4.416
"Tenant 5 [Tier 4] Free-Tier Bulk Flood","PutLarge",1,0,215.318,210.911,4.371
"Tenant 5 [Tier 4] Free-Tier Bulk Flood","PutLarge",1,0,215.245,210.784,4.426
"Tenant 5 [Tier 4] Free-Tier Bulk Flood","PutLarge",1,0,215.675,211.013,4.637
"Tenant 5 [Tier 4] Free-Tier Bulk Flood","PutLarge",1,0,215.668,211.008,4.627
"Tenant 5 [Tier 4] Free-Tier Bulk Flood","ListBucket",1,0,215.953,211.394,4.547
"Tenant 5 [Tier 4] Free-Tier Bulk Flood","ListBucket",1,0,215.603,211.282,4.286
"Tenant 5 [Tier 4] Free-Tier Bulk Flood","ListBucket",1,0,214.306,209.609,4.683
"Tenant 5 [Tier 4] Free-Tier Bulk Flood","PutLarge",1,0,216.858,212.133,4.693
"Tenant 5 [Tier 4] Free-Tier Bulk Flood","PutLarge",1,0,218.023,213.695,4.294
"Tenant 5 [Tier 4] Free-Tier Bulk Flood","PutLarge",1,0,217.224,212.866,4.344
"Tenant 5 [Tier 4] Free-Tier Bulk Flood","PutLarge",1,0,217.986,213.610,4.372
"Tenant 5 [Tier 4] Free-Tier Bulk Flood","ListBucket",1,0,217.392,212.893,4.490
"Tenant 5 [Tier 4] Free-Tier Bulk Flood","PutLarge",1,0,216.351,211.899,4.441
"Tenant 5 [Tier 4] Free-Tier Bulk Flood","PutLarge",1,0,217.147,212.745,4.386
"Tenant 5 [Tier 4] Free-Tier Bulk Flood","ListBucket",1,0,216.116,211.751,4.330
"Tenant 5 [Tier 4] Free-Tier Bulk Flood","ListBucket",1,0,217.004,212.572,4.427
"Tenant 5 [Tier 4] Free-Tier Bulk Flood","PutLarge",1,0,216.595,211.995,4.539
"Tenant 5 [Tier 4] Free-Tier Bulk Flood","ListBucket",1,0,217.610,213.041,4.554
"Tenant 5 [Tier 4] Free-Tier Bulk Flood","ListBucket",1,0,217.020,212.403,4.598
"Tenant 5 [Tier 4] Free-Tier Bulk Flood","PutLarge",1,0,217.773,213.445,4.320
"Tenant 5 [Tier 4] Free-Tier Bulk Flood","ListBucket",1,0,217.350,213.040,4.306
"Tenant 5 [Tier 4] Free-Tier Bulk Flood","PutLarge",1,0,216.620,211.981,4.634
"Tenant 5 [Tier 4] Free-Tier Bulk Flood","PutLarge",1,0,217.307,212.605,4.698
"Tenant 5 [Tier 4] Free-Tier Bulk Flood","PutLarge",1,0,216.962,212.591,4.361
"Tenant 5 [Tier 4] Free-Tier Bulk Flood","ListBucket",1,0,217.198,212.780,4.412
"Tenant 5 [Tier 4] Free-Tier Bulk Flood","ListBucket",1,0,216.942,212.450,4.459
"Tenant 5 [Tier 4] Free-Tier Bulk Flood","ListBucket",1,0,216.776,212.315,4.430
"Tenant 5 [Tier 4] Free-Tier Bulk Flood","ListBucket",1,0,217.131,212.733,4.382
"Tenant 5 [Tier 4] Free-Tier Bulk Flood","PutLarge",1,0,217.333,213.021,4.307
"Tenant 5 [Tier 4] Free-Tier Bulk Flood","ListBucket",1,0,217.286,212.557,4.697
"Tenant 5 [Tier 4] Free-Tier Bulk Flood","PutLarge",1,0,218.120,213.737,4.365
"Tenant 5 [Tier 4] Free-Tier Bulk Flood","ListBucket",1,0,217.337,212.609,4.692
"Tenant 5 [Tier 4] Free-Tier Bulk Flood","ListBucket",1,0,217.636,213.268,4.363
"Tenant 5 [Tier 4] Free-Tier Bulk Flood","PutLarge",1,0,217.115,212.465,4.610
"Tenant 5 [Tier 4] Free-Tier Bulk Flood","PutLarge",1,0,217.709,213.067,4.636
"Tenant 5 [Tier 4] Free-Tier Bulk Flood","PutLarge",1,0,220.149,215.543,4.586
"Tenant 5 [Tier 4] Free-Tier Bulk Flood","PutLarge",1,0,217.495,213.148,4.309
"Tenant 5 [Tier 4] Free-Tier Bulk Flood","PutLarge",1,0,217.404,212.907,4.484
"Tenant 5 [Tier 4] Free-Tier Bulk Flood","PutLarge",1,0,217.377,212.774,4.581
"Tenant 5 [Tier 4] Free-Tier Bulk Flood","PutLarge",1,0,217.211,212.715,4.490
"Tenant 5 [Tier 4] Free-Tier Bulk Flood","PutLarge",1,0,217.579,213.037,4.539
"Tenant 5 [Tier 4] Free-Tier Bulk Flood","PutLarge",1,0,217.430,212.982,4.414
"Tenant 5 [Tier 4] Free-Tier Bulk Flood","ListBucket",1,0,217.367,212.932,4.426
"Tenant 5 [Tier 4] Free-Tier Bulk Flood","ListBucket",1,0,216.972,212.551,4.388
"Tenant 5 [Tier 4] Free-Tier Bulk Flood","PutLarge",1,0,217.314,212.997,4.280
"Tenant 5 [Tier 4] Free-Tier Bulk Flood","ListBucket",1,0,217.125,212.731,4.382
"Tenant 5 [Tier 4] Free-Tier Bulk Flood","ListBucket",1,0,217.031,212.371,4.627
"Tenant 5 [Tier 4] Free-Tier Bulk Flood","ListBucket",1,0,216.894,212.290,4.589
"Tenant 5 [Tier 4] Free-Tier Bulk Flood","PutLarge",1,0,217.170,212.578,4.580
"Tenant 5 [Tier 4] Free-Tier Bulk Flood","ListBucket",1,0,216.963,212.464,4.488
"Tenant 5 [Tier 4] Free-Tier Bulk Flood","PutLarge",1,0,217.914,213.250,4.657
"Tenant 5 [Tier 4] Free-Tier Bulk Flood","ListBucket",1,0,216.226,211.672,4.543
"Tenant 5 [Tier 4] Free-Tier Bulk Flood","PutLarge",1,0,217.970,213.431,4.529
"Tenant 5 [Tier 4] Free-Tier Bulk Flood","ListBucket",1,0,214.885,210.572,4.306
"Tenant 5 [Tier 4] Free-Tier Bulk Flood","PutLarge",1,0,219.715,215.204,4.498
"Tenant 5 [Tier 4] Free-Tier Bulk Flood","ListBucket",1,0,216.101,211.525,4.569
"Tenant 5 [Tier 4] Free-Tier Bulk Flood","PutLarge",1,0,217.723,213.271,4.428
"Tenant 5 [Tier 4] Free-Tier Bulk Flood","PutLarge",1,0,216.047,211.561,4.469
"Tenant 5 [Tier 4] Free-Tier Bulk Flood","PutLarge",1,0,216.480,211.919,4.543
"Tenant 5 [Tier 4] Free-Tier Bulk Flood","PutLarge",1,0,216.014,211.324,4.665
"Tenant 5 [Tier 4] Free-Tier Bulk Flood","PutLarge",1,0,216.371,212.074,4.280
"Tenant 5 [Tier 4] Free-Tier Bulk Flood","PutLarge",1,0,216.813,212.107,4.669
"Tenant 5 [Tier 4] Free-Tier Bulk Flood","PutLarge",1,0,218.542,214.085,4.441
"Tenant 5 [Tier 4] Free-Tier Bulk Flood","ListBucket",1,0,216.102,211.426,4.640
"Tenant 5 [Tier 4] Free-Tier Bulk Flood","ListBucket",1,0,217.549,213.162,4.377
"Tenant 5 [Tier 4] Free-Tier Bulk Flood","ListBucket",1,0,219.776,215.357,4.411
"Tenant 5 [Tier 4] Free-Tier Bulk Flood","ListBucket",1,0,218.577,214.219,4.349
"Tenant 5 [Tier 4] Free-Tier Bulk Flood","ListBucket",1,0,224.187,219.717,4.461
"Tenant 5 [Tier 4] Free-Tier Bulk Flood","PutLarge",1,0,224.142,219.712,4.419
"Tenant 5 [Tier 4] Free-Tier Bulk Flood","PutLarge",1,0,223.766,219.385,4.376
"Tenant 5 [Tier 4] Free-Tier Bulk Flood","PutLarge",1,0,224.139,219.581,4.553
"Tenant 5 [Tier 4] Free-Tier Bulk Flood","PutLarge",1,0,224.276,219.986,4.282
"Tenant 5 [Tier 4] Free-Tier Bulk Flood","PutLarge",1,0,224.101,219.756,4.337
"Tenant 5 [Tier 4] Free-Tier Bulk Flood","PutLarge",1,0,224.359,219.961,4.392
"Tenant 5 [Tier 4] Free-Tier Bulk Flood","ListBucket",1,0,224.566,219.913,4.637
"Tenant 5 [Tier 4] Free-Tier Bulk Flood","PutLarge",1,0,224.442,219.798,4.634
"Tenant 5 [Tier 4] Free-Tier Bulk Flood","PutLarge",1,0,224.502,220.134,4.340
"Tenant 5 [Tier 4] Free-Tier Bulk Flood","PutLarge",1,0,226.389,221.775,4.584
"Tenant 5 [Tier 4] Free-Tier Bulk Flood","PutLarge",1,0,228.418,223.882,4.503
"Tenant 5 [Tier 4] Free-Tier Bulk Flood","PutLarge",1,0,226.058,221.467,4.582
"Tenant 5 [Tier 4] Free-Tier Bulk Flood","ListBucket",1,0,225.814,221.066,4.717
"Tenant 5 [Tier 4] Free-Tier Bulk Flood","PutLarge",1,0,226.057,221.601,4.408
"Tenant 5 [Tier 4] Free-Tier Bulk Flood","PutLarge",1,0,225.531,221.180,4.331
"Tenant 5 [Tier 4] Free-Tier Bulk Flood","PutLarge",1,0,226.074,221.371,4.697
"Tenant 5 [Tier 4] Free-Tier Bulk Flood","ListBucket",1,0,225.532,221.019,4.502
"Tenant 5 [Tier 4] Free-Tier Bulk Flood","PutLarge",1,0,226.319,221.754,4.531
"Tenant 5 [Tier 4] Free-Tier Bulk Flood","PutLarge",1,0,224.810,220.424,4.379
"Tenant 5 [Tier 4] Free-Tier Bulk Flood","ListBucket",1,0,227.156,222.717,4.400
"Tenant 5 [Tier 4] Free-Tier Bulk Flood","PutLarge",1,0,225.786,221.057,4.696
"Tenant 5 [Tier 4] Free-Tier Bulk Flood","PutLarge",1,0,224.848,220.314,4.488
"Tenant 5 [Tier 4] Free-Tier Bulk Flood","PutLarge",1,0,225.920,221.442,4.424
"Tenant 5 [Tier 4] Free-Tier Bulk Flood","PutLarge",1,0,225.063,220.386,4.638
"Tenant 5 [Tier 4] Free-Tier Bulk Flood","PutLarge",1,0,226.227,221.504,4.705
"Tenant 5 [Tier 4] Free-Tier Bulk Flood","ListBucket",1,0,224.625,220.223,4.366
"Tenant 5 [Tier 4] Free-Tier Bulk Flood","PutLarge",1,0,226.404,221.849,4.522
"Tenant 5 [Tier 4] Free-Tier Bulk Flood","ListBucket",1,0,224.927,220.310,4.582
"Tenant 5 [Tier 4] Free-Tier Bulk Flood","PutLarge",1,0,226.256,221.791,4.408
"Tenant 5 [Tier 4] Free-Tier Bulk Flood","PutLarge",1,0,225.375,220.706,4.651
"Tenant 5 [Tier 4] Free-Tier Bulk Flood","PutLarge",1,0,226.112,221.679,4.399
"Tenant 5 [Tier 4] Free-Tier Bulk Flood","PutLarge",1,0,225.714,221.038,4.636
"Tenant 5 [Tier 4] Free-Tier Bulk Flood","PutLarge",1,0,226.088,221.755,4.312
"Tenant 5 [Tier 4] Free-Tier Bulk Flood","PutLarge",1,0,227.098,222.476,4.591
"Tenant 5 [Tier 4] Free-Tier Bulk Flood","PutLarge",1,0,227.616,223.065,4.503
"Tenant 5 [Tier 4] Free-Tier Bulk Flood","ListBucket",1,0,226.028,221.459,4.539
"Tenant 5 [Tier 4] Free-Tier Bulk Flood","ListBucket",1,0,227.214,222.590,4.617
"Tenant 5 [Tier 4] Free-Tier Bulk Flood","PutLarge",1,0,227.679,223.067,4.597
"Tenant 5 [Tier 4] Free-Tier Bulk Flood","PutLarge",1,0,226.783,222.412,4.349
"Tenant 5 [Tier 4] Free-Tier Bulk Flood","PutLarge",1,0,228.075,223.368,4.700
"Tenant 5 [Tier 4] Free-Tier Bulk Flood","PutLarge",1,0,227.017,222.628,4.355
"Tenant 5 [Tier 4] Free-Tier Bulk Flood","ListBucket",1,0,227.508,223.015,4.474
"Tenant 5 [Tier 4] Free-Tier Bulk Flood","ListBucket",1,0,227.316,222.656,4.612
"Tenant 5 [Tier 4] Free-Tier Bulk Flood","ListBucket",1,0,227.568,222.916,4.638
"Tenant 5 [Tier 4] Free-Tier Bulk Flood","PutLarge",1,0,227.824,223.339,4.454
"Tenant 5 [Tier 4] Free-Tier Bulk Flood","ListBucket",1,0,226.637,222.110,4.511
"Tenant 5 [Tier 4] Free-Tier Bulk Flood","PutLarge",1,0,227.456,223.152,4.298
"Tenant 5 [Tier 4] Free-Tier Bulk Flood","PutLarge",1,0,226.423,222.060,4.358
"Tenant 5 [Tier 4] Free-Tier Bulk Flood","ListBucket",1,0,227.282,222.632,4.641
"Tenant 5 [Tier 4] Free-Tier Bulk Flood","ListBucket",1,0,226.410,221.886,4.505
"Tenant 5 [Tier 4] Free-Tier Bulk Flood","ListBucket",1,0,227.180,222.718,4.454
"Tenant 5 [Tier 4] Free-Tier Bulk Flood","ListBucket",1,0,226.460,221.881,4.573
"Tenant 5 [Tier 4] Free-Tier Bulk Flood","ListBucket",1,0,226.285,221.600,4.679
"Tenant 5 [Tier 4] Free-Tier Bulk Flood","PutLarge",1,0,226.267,221.979,4.275
"Tenant 5 [Tier 4] Free-Tier Bulk Flood","ListBucket",1,0,226.564,221.817,4.705
"Tenant 5 [Tier 4] Free-Tier Bulk Flood","PutLarge",1,0,226.528,222.020,4.475
"Tenant 5 [Tier 4] Free-Tier Bulk Flood","ListBucket",1,0,226.386,221.702,4.645
"Tenant 5 [Tier 4] Free-Tier Bulk Flood","ListBucket",1,0,228.480,223.889,4.565
"Tenant 5 [Tier 4] Free-Tier Bulk Flood","PutLarge",1,0,226.818,222.164,4.639
"Tenant 5 [Tier 4] Free-Tier Bulk Flood","ListBucket",1,0,226.058,221.380,4.653
"Tenant 5 [Tier 4] Free-Tier Bulk Flood","ListBucket",1,0,226.316,221.683,4.625
"Tenant 5 [Tier 4] Free-Tier Bulk Flood","PutLarge",1,0,225.758,221.346,4.401
"Tenant 5 [Tier 4] Free-Tier Bulk Flood","ListBucket",1,0,223.830,219.091,4.700
"Tenant 5 [Tier 4] Free-Tier Bulk Flood","PutLarge",1,0,226.110,221.753,4.317
"Tenant 5 [Tier 4] Free-Tier Bulk Flood","PutLarge",1,0,226.163,221.658,4.493
"Tenant 5 [Tier 4] Free-Tier Bulk Flood","PutLarge",1,0,226.518,221.801,4.648
"Tenant 5 [Tier 4] Free-Tier Bulk Flood","ListBucket",1,0,228.524,224.056,4.459
"Tenant 5 [Tier 4] Free-Tier Bulk Flood","PutLarge",1,0,226.687,221.966,4.716
"Tenant 5 [Tier 4] Free-Tier Bulk Flood","PutLarge",1,0,225.042,220.727,4.308
"Tenant 5 [Tier 4] Free-Tier Bulk Flood","ListBucket",1,0,226.057,221.699,4.342
"Tenant 5 [Tier 4] Free-Tier Bulk Flood","PutLarge",1,0,225.105,220.460,4.629
"Tenant 5 [Tier 4] Free-Tier Bulk Flood","PutLarge",1,0,225.346,220.955,4.379
"Tenant 5 [Tier 4] Free-Tier Bulk Flood","ListBucket",1,0,223.263,218.651,4.585
"Tenant 5 [Tier 4] Free-Tier Bulk Flood","ListBucket",1,0,225.071,220.629,4.421
"Tenant 5 [Tier 4] Free-Tier Bulk Flood","PutLarge",1,0,226.112,221.619,4.487
"Tenant 5 [Tier 4] Free-Tier Bulk Flood","ListBucket",1,0,228.040,223.460,4.577
"Tenant 5 [Tier 4] Free-Tier Bulk Flood","PutLarge",1,0,228.951,224.346,4.598
"Tenant 5 [Tier 4] Free-Tier Bulk Flood","PutLarge",1,0,228.081,223.538,4.540
"Tenant 5 [Tier 4] Free-Tier Bulk Flood","ListBucket",1,0,229.295,224.831,4.456
"Tenant 5 [Tier 4] Free-Tier Bulk Flood","PutLarge",1,0,219.403,215.002,4.395
"Tenant 5 [Tier 4] Free-Tier Bulk Flood","PutLarge",1,0,218.691,214.355,4.331
"Tenant 5 [Tier 4] Free-Tier Bulk Flood","ListBucket",1,0,219.757,215.204,4.542
"Tenant 5 [Tier 4] Free-Tier Bulk Flood","PutLarge",1,0,218.664,214.120,4.541
"Tenant 5 [Tier 4] Free-Tier Bulk Flood","PutLarge",1,0,219.156,214.541,4.609
"Tenant 5 [Tier 4] Free-Tier Bulk Flood","ListBucket",1,0,218.680,214.313,4.357
"Tenant 5 [Tier 4] Free-Tier Bulk Flood","PutLarge",1,0,218.927,214.572,4.322
"Tenant 5 [Tier 4] Free-Tier Bulk Flood","PutLarge",1,0,218.358,213.753,4.591
"Tenant 5 [Tier 4] Free-Tier Bulk Flood","ListBucket",1,0,218.469,213.877,4.585
"Tenant 5 [Tier 4] Free-Tier Bulk Flood","ListBucket",1,0,217.177,212.723,4.445
"Tenant 5 [Tier 4] Free-Tier Bulk Flood","ListBucket",1,0,216.446,211.965,4.465
"Tenant 5 [Tier 4] Free-Tier Bulk Flood","ListBucket",1,0,215.817,211.144,4.653
"Tenant 5 [Tier 4] Free-Tier Bulk Flood","PutLarge",1,0,216.988,212.256,4.714
"Tenant 5 [Tier 4] Free-Tier Bulk Flood","PutLarge",1,0,215.949,211.318,4.596
"Tenant 5 [Tier 4] Free-Tier Bulk Flood","ListBucket",1,0,216.779,212.326,4.446
"Tenant 5 [Tier 4] Free-Tier Bulk Flood","ListBucket",1,0,216.100,211.554,4.542
"Tenant 5 [Tier 4] Free-Tier Bulk Flood","ListBucket",1,0,215.737,211.209,4.525
"Tenant 5 [Tier 4] Free-Tier Bulk Flood","ListBucket",1,0,215.112,210.688,4.417
"Tenant 5 [Tier 4] Free-Tier Bulk Flood","PutLarge",1,0,214.633,210.133,4.485
"Tenant 5 [Tier 4] Free-Tier Bulk Flood","PutLarge",1,0,215.729,211.120,4.602
"Tenant 5 [Tier 4] Free-Tier Bulk Flood","PutLarge",1,0,216.691,212.007,4.669
"Tenant 5 [Tier 4] Free-Tier Bulk Flood","ListBucket",1,0,214.989,210.420,4.551
"Tenant 5 [Tier 4] Free-Tier Bulk Flood","PutLarge",1,0,216.473,211.898,4.558
"Tenant 5 [Tier 4] Free-Tier Bulk Flood","ListBucket",1,0,214.786,210.476,4.303
"Tenant 5 [Tier 4] Free-Tier Bulk Flood","ListBucket",1,0,215.684,211.200,4.445
"Tenant 5 [Tier 4] Free-Tier Bulk Flood","PutLarge",1,0,214.790,210.037,4.719
"Tenant 5 [Tier 4] Free-Tier Bulk Flood","PutLarge",1,0,216.263,211.733,4.479
"Tenant 5 [Tier 4] Free-Tier Bulk Flood","ListBucket",1,0,213.304,208.693,4.597
"Tenant 5 [Tier 4] Free-Tier Bulk Flood","PutLarge",1,0,214.880,210.248,4.615
"Tenant 5 [Tier 4] Free-Tier Bulk Flood","PutLarge",1,0,214.846,210.424,4.416
"Tenant 5 [Tier 4] Free-Tier Bulk Flood","ListBucket",1,0,216.270,211.679,4.578
"Tenant 5 [Tier 4] Free-Tier Bulk Flood","ListBucket",1,0,215.026,210.390,4.631
"Tenant 5 [Tier 4] Free-Tier Bulk Flood","PutLarge",1,0,215.922,211.380,4.511
"Tenant 5 [Tier 4] Free-Tier Bulk Flood","PutLarge",1,0,215.264,210.704,4.524
"Tenant 5 [Tier 4] Free-Tier Bulk Flood","PutLarge",1,0,215.595,211.283,4.306
"Tenant 5 [Tier 4] Free-Tier Bulk Flood","PutLarge",1,0,213.692,209.103,4.560
"Tenant 5 [Tier 4] Free-Tier Bulk Flood","PutLarge",1,0,216.239,211.739,4.456
"Tenant 5 [Tier 4] Free-Tier Bulk Flood","PutLarge",1,0,213.692,209.342,4.313
"Tenant 5 [Tier 4] Free-Tier Bulk Flood","ListBucket",1,0,214.697,210.109,4.581
"Tenant 5 [Tier 4] Free-Tier Bulk Flood","PutLarge",1,0,214.255,209.918,4.332
"Tenant 5 [Tier 4] Free-Tier Bulk Flood","PutLarge",1,0,214.385,209.966,4.382
"Tenant 5 [Tier 4] Free-Tier Bulk Flood","ListBucket",1,0,214.546,209.850,4.646
"Tenant 5 [Tier 4] Free-Tier Bulk Flood","PutLarge",1,0,214.859,210.260,4.586
"Tenant 5 [Tier 4] Free-Tier Bulk Flood","PutLarge",1,0,214.166,209.882,4.278
"Tenant 5 [Tier 4] Free-Tier Bulk Flood","ListBucket",1,0,214.729,210.221,4.479
"Tenant 5 [Tier 4] Free-Tier Bulk Flood","ListBucket",1,0,214.268,209.633,4.601
"Tenant 5 [Tier 4] Free-Tier Bulk Flood","ListBucket",1,0,215.073,210.500,4.561
"Tenant 5 [Tier 4] Free-Tier Bulk Flood","PutLarge",1,0,214.562,209.971,4.556
"Tenant 5 [Tier 4] Free-Tier Bulk Flood","PutLarge",1,0,215.414,210.709,4.635
"Tenant 5 [Tier 4] Free-Tier Bulk Flood","PutLarge",1,0,215.143,210.386,4.722
"Tenant 5 [Tier 4] Free-Tier Bulk Flood","PutLarge",1,0,215.551,210.924,4.593
"Tenant 5 [Tier 4] Free-Tier Bulk Flood","ListBucket",1,0,215.217,210.665,4.539
"Tenant 5 [Tier 4] Free-Tier Bulk Flood","ListBucket",1,0,215.475,210.985,4.467
"Tenant 5 [Tier 4] Free-Tier Bulk Flood","PutLarge",1,0,216.090,211.566,4.512
"Tenant 5 [Tier 4] Free-Tier Bulk Flood","ListBucket",1,0,215.787,211.229,4.553
"Tenant 5 [Tier 4] Free-Tier Bulk Flood","ListBucket",1,0,215.637,211.335,4.297
"Tenant 5 [Tier 4] Free-Tier Bulk Flood","PutLarge",1,0,215.626,211.083,4.511
"Tenant 5 [Tier 4] Free-Tier Bulk Flood","ListBucket",1,0,216.049,211.394,4.623
"Tenant 5 [Tier 4] Free-Tier Bulk Flood","PutLarge",1,0,215.851,211.269,4.521
"Tenant 5 [Tier 4] Free-Tier Bulk Flood","ListBucket",1,0,215.656,211.032,4.573
"Tenant 5 [Tier 4] Free-Tier Bulk Flood","PutLarge",1,0,215.541,211.221,4.315
"Tenant 5 [Tier 4] Free-Tier Bulk Flood","PutLarge",1,0,216.239,211.538,4.673
"Tenant 5 [Tier 4] Free-Tier Bulk Flood","PutLarge",1,0,216.189,211.708,4.474
"Tenant 5 [Tier 4] Free-Tier Bulk Flood","PutLarge",1,0,217.910,213.492,4.413
"Tenant 5 [Tier 4] Free-Tier Bulk Flood","ListBucket",1,0,214.597,210.010,4.582
"Tenant 5 [Tier 4] Free-Tier Bulk Flood","ListBucket",1,0,215.635,211.051,4.574
"Tenant 5 [Tier 4] Free-Tier Bulk Flood","PutLarge",1,0,215.122,210.705,4.384
"Tenant 5 [Tier 4] Free-Tier Bulk Flood","PutLarge",1,0,215.857,211.508,4.333
"Tenant 5 [Tier 4] Free-Tier Bulk Flood","ListBucket",1,0,214.938,210.396,4.493
"Tenant 5 [Tier 4] Free-Tier Bulk Flood","PutLarge",1,0,216.682,212.339,4.322
"Tenant 5 [Tier 4] Free-Tier Bulk Flood","PutLarge",1,0,217.388,212.704,4.677
"Tenant 5 [Tier 4] Free-Tier Bulk Flood","ListBucket",1,0,216.348,212.039,4.298
"Tenant 5 [Tier 4] Free-Tier Bulk Flood","ListBucket",1,0,216.494,211.765,4.713
"Tenant 5 [Tier 4] Free-Tier Bulk Flood","ListBucket",1,0,218.316,213.973,4.307
"Tenant 5 [Tier 4] Free-Tier Bulk Flood","PutLarge",1,0,218.658,214.134,4.488
"Tenant 5 [Tier 4] Free-Tier Bulk Flood","PutLarge",1,0,217.369,212.688,4.676
"Tenant 5 [Tier 4] Free-Tier Bulk Flood","ListBucket",1,0,218.377,213.722,4.621
"Tenant 5 [Tier 4] Free-Tier Bulk Flood","PutLarge",1,0,217.058,212.564,4.491
"Tenant 5 [Tier 4] Free-Tier Bulk Flood","PutLarge",1,0,218.093,213.555,4.534
"Tenant 5 [Tier 4] Free-Tier Bulk Flood","PutLarge",1,0,220.427,216.143,4.276
"Tenant 5 [Tier 4] Free-Tier Bulk Flood","ListBucket",1,0,225.672,221.356,4.302
"Tenant 5 [Tier 4] Free-Tier Bulk Flood","PutLarge",1,0,226.886,222.583,4.278
"Tenant 5 [Tier 4] Free-Tier Bulk Flood","ListBucket",1,0,227.486,222.821,4.649
"Tenant 5 [Tier 4] Free-Tier Bulk Flood","PutLarge",1,0,226.822,222.346,4.464
"Tenant 5 [Tier 4] Free-Tier Bulk Flood","PutLarge",1,0,227.471,222.794,4.662
"Tenant 5 [Tier 4] Free-Tier Bulk Flood","PutLarge",1,0,226.816,222.452,4.358
"Tenant 5 [Tier 4] Free-Tier Bulk Flood","PutLarge",1,0,227.874,223.304,4.547
"Tenant 5 [Tier 4] Free-Tier Bulk Flood","PutLarge",1,0,226.818,222.470,4.341
"Tenant 5 [Tier 4] Free-Tier Bulk Flood","PutLarge",1,0,228.407,223.689,4.712
"Tenant 5 [Tier 4] Free-Tier Bulk Flood","PutLarge",1,0,228.441,224.101,4.331
"Tenant 5 [Tier 4] Free-Tier Bulk Flood","PutLarge",1,0,226.366,221.762,4.599
"Tenant 5 [Tier 4] Free-Tier Bulk Flood","PutLarge",1,0,229.471,224.838,4.626
"Tenant 5 [Tier 4] Free-Tier Bulk Flood","ListBucket",1,0,228.928,224.345,4.577
"Tenant 5 [Tier 4] Free-Tier Bulk Flood","ListBucket",1,0,229.228,224.751,4.473
"Tenant 5 [Tier 4] Free-Tier Bulk Flood","PutLarge",1,0,229.138,224.511,4.624
"Tenant 5 [Tier 4] Free-Tier Bulk Flood","PutLarge",1,0,229.363,224.691,4.665
"Tenant 5 [Tier 4] Free-Tier Bulk Flood","PutLarge",1,0,229.846,225.301,4.524
"Tenant 5 [Tier 4] Free-Tier Bulk Flood","PutLarge",1,0,230.121,225.767,4.349
"Tenant 5 [Tier 4] Free-Tier Bulk Flood","PutLarge",1,0,230.925,226.418,4.458
"Tenant 5 [Tier 4] Free-Tier Bulk Flood","ListBucket",1,0,226.672,222.182,4.459
"Tenant 5 [Tier 4] Free-Tier Bulk Flood","PutLarge",1,0,230.103,225.516,4.572
"Tenant 5 [Tier 4] Free-Tier Bulk Flood","ListBucket",1,0,230.286,225.974,4.304
"Tenant 5 [Tier 4] Free-Tier Bulk Flood","ListBucket",1,0,229.311,224.898,4.376
"Tenant 5 [Tier 4] Free-Tier Bulk Flood","PutLarge",1,0,230.426,225.979,4.415
"Tenant 5 [Tier 4] Free-Tier Bulk Flood","ListBucket",1,0,229.920,225.349,4.524
"Tenant 5 [Tier 4] Free-Tier Bulk Flood","PutLarge",1,0,230.048,225.674,4.310
"Tenant 5 [Tier 4] Free-Tier Bulk Flood","PutLarge",1,0,230.051,225.386,4.633
"Tenant 5 [Tier 4] Free-Tier Bulk Flood","PutLarge",1,0,229.751,225.418,4.328
"Tenant 5 [Tier 4] Free-Tier Bulk Flood","PutLarge",1,0,232.627,228.142,4.478
"Tenant 5 [Tier 4] Free-Tier Bulk Flood","PutLarge",1,0,229.049,224.452,4.592
"Tenant 5 [Tier 4] Free-Tier Bulk Flood","ListBucket",1,0,229.378,224.985,4.387
"Tenant 5 [Tier 4] Free-Tier Bulk Flood","PutLarge",1,0,230.281,225.894,4.383
"Tenant 5 [Tier 4] Free-Tier Bulk Flood","ListBucket",1,0,229.427,225.019,4.400
"Tenant 5 [Tier 4] Free-Tier Bulk Flood","PutLarge",1,0,230.175,225.733,4.404
"Tenant 5 [Tier 4] Free-Tier Bulk Flood","PutLarge",1,0,229.472,225.137,4.289
"Tenant 5 [Tier 4] Free-Tier Bulk Flood","PutLarge",1,0,230.164,225.593,4.545
"Tenant 5 [Tier 4] Free-Tier Bulk Flood","PutLarge",1,0,229.582,225.020,4.543
"Tenant 5 [Tier 4] Free-Tier Bulk Flood","PutLarge",1,0,230.504,226.149,4.311
"Tenant 5 [Tier 4] Free-Tier Bulk Flood","ListBucket",1,0,229.391,224.666,4.699
"Tenant 5 [Tier 4] Free-Tier Bulk Flood","PutLarge",1,0,230.776,226.166,4.572
"Tenant 5 [Tier 4] Free-Tier Bulk Flood","ListBucket",1,0,229.431,224.990,4.404
"Tenant 5 [Tier 4] Free-Tier Bulk Flood","PutLarge",1,0,230.485,226.075,4.376
"Tenant 5 [Tier 4] Free-Tier Bulk Flood","PutLarge",1,0,229.180,224.840,4.301
"Tenant 5 [Tier 4] Free-Tier Bulk Flood","ListBucket",1,0,230.618,226.174,4.394
"Tenant 5 [Tier 4] Free-Tier Bulk Flood","PutLarge",1,0,229.054,224.695,4.353
"Tenant 5 [Tier 4] Free-Tier Bulk Flood","PutLarge",1,0,230.334,225.978,4.330
"Tenant 5 [Tier 4] Free-Tier Bulk Flood","PutLarge",1,0,230.816,226.415,4.347
"Tenant 5 [Tier 4] Free-Tier Bulk Flood","ListBucket",1,0,228.571,224.071,4.480
"Tenant 5 [Tier 4] Free-Tier Bulk Flood","PutLarge",1,0,230.659,226.123,4.530
"Tenant 5 [Tier 4] Free-Tier Bulk Flood","ListBucket",1,0,230.678,226.160,4.485
"Tenant 5 [Tier 4] Free-Tier Bulk Flood","PutLarge",1,0,230.630,226.035,4.592
"Tenant 5 [Tier 4] Free-Tier Bulk Flood","ListBucket",1,0,229.569,225.191,4.369
"Tenant 5 [Tier 4] Free-Tier Bulk Flood","PutLarge",1,0,230.682,226.180,4.454
"Tenant 5 [Tier 4] Free-Tier Bulk Flood","ListBucket",1,0,229.410,225.067,4.337
"Tenant 5 [Tier 4] Free-Tier Bulk Flood","PutLarge",1,0,229.851,225.348,4.498
"Tenant 5 [Tier 4] Free-Tier Bulk Flood","ListBucket",1,0,229.583,225.121,4.458
"Tenant 5 [Tier 4] Free-Tier Bulk Flood","ListBucket",1,0,229.088,224.425,4.656
"Tenant 5 [Tier 4] Free-Tier Bulk Flood","ListBucket",1,0,229.582,225.023,4.544
"Tenant 5 [Tier 4] Free-Tier Bulk Flood","ListBucket",1,0,229.454,224.837,4.604
"Tenant 5 [Tier 4] Free-Tier Bulk Flood","ListBucket",1,0,229.650,225.038,4.573
"Tenant 5 [Tier 4] Free-Tier Bulk Flood","PutLarge",1,0,229.786,225.160,4.592
"Tenant 5 [Tier 4] Free-Tier Bulk Flood","PutLarge",1,0,229.667,224.962,4.666
"Tenant 5 [Tier 4] Free-Tier Bulk Flood","ListBucket",1,0,229.698,225.294,4.370
"Tenant 5 [Tier 4] Free-Tier Bulk Flood","PutLarge",1,0,230.386,225.663,4.700
"Tenant 5 [Tier 4] Free-Tier Bulk Flood","PutLarge",1,0,231.564,226.917,4.642
"Tenant 5 [Tier 4] Free-Tier Bulk Flood","PutLarge",1,0,229.952,225.616,4.297
"Tenant 5 [Tier 4] Free-Tier Bulk Flood","PutLarge",1,0,230.964,226.263,4.622
"Tenant 5 [Tier 4] Free-Tier Bulk Flood","PutLarge",1,0,230.004,225.604,4.368
"Tenant 5 [Tier 4] Free-Tier Bulk Flood","PutLarge",1,0,230.991,226.424,4.563
"Tenant 5 [Tier 4] Free-Tier Bulk Flood","ListBucket",1,0,230.140,225.630,4.468
"Tenant 5 [Tier 4] Free-Tier Bulk Flood","PutLarge",1,0,229.175,224.691,4.435
"Tenant 5 [Tier 4] Free-Tier Bulk Flood","PutLarge",1,0,230.438,225.838,4.576
"Tenant 5 [Tier 4] Free-Tier Bulk Flood","ListBucket",1,0,231.250,226.647,4.583
"Tenant 5 [Tier 4] Free-Tier Bulk Flood","ListBucket",1,0,231.907,227.538,4.361
"Tenant 5 [Tier 4] Free-Tier Bulk Flood","PutLarge",1,0,230.927,226.528,4.394
"Tenant 5 [Tier 4] Free-Tier Bulk Flood","PutLarge",1,0,232.026,227.306,4.715
"Tenant 5 [Tier 4] Free-Tier Bulk Flood","ListBucket",1,0,231.711,227.351,4.332
"Tenant 5 [Tier 4] Free-Tier Bulk Flood","ListBucket",1,0,231.863,227.425,4.430
"Tenant 5 [Tier 4] Free-Tier Bulk Flood","ListBucket",1,0,231.240,226.902,4.333
"Tenant 5 [Tier 4] Free-Tier Bulk Flood","PutLarge",1,0,233.052,228.707,4.336
"Tenant 5 [Tier 4] Free-Tier Bulk Flood","PutLarge",1,0,232.005,227.317,4.678
"Tenant 5 [Tier 4] Free-Tier Bulk Flood","PutLarge",1,0,230.079,225.797,4.276
"Tenant 5 [Tier 4] Free-Tier Bulk Flood","ListBucket",1,0,230.258,225.528,4.719
"Tenant 5 [Tier 4] Free-Tier Bulk Flood","PutLarge",1,0,230.263,225.620,4.639
"Tenant 5 [Tier 4] Free-Tier Bulk Flood","PutLarge",1,0,230.026,225.648,4.345
"Tenant 5 [Tier 4] Free-Tier Bulk Flood","ListBucket",1,0,230.337,225.905,4.400
"Tenant 5 [Tier 4] Free-Tier Bulk Flood","PutLarge",1,0,228.973,224.346,4.609
"Tenant 5 [Tier 4] Free-Tier Bulk Flood","PutLarge",1,0,230.317,225.994,4.318
"Tenant 5 [Tier 4] Free-Tier Bulk Flood","ListBucket",1,0,228.848,224.246,4.591
"Tenant 5 [Tier 4] Free-Tier Bulk Flood","PutLarge",1,0,229.910,225.534,4.338
"Tenant 5 [Tier 4] Free-Tier Bulk Flood","ListBucket",1,0,231.086,226.393,4.657
"Tenant 5 [Tier 4] Free-Tier Bulk Flood","PutLarge",1,0,228.934,224.196,4.698
"Tenant 5 [Tier 4] Free-Tier Bulk Flood","PutLarge",1,0,228.268,223.883,4.335
"Tenant 5 [Tier 4] Free-Tier Bulk Flood","PutLarge",1,0,229.005,224.556,4.433
"Tenant 5 [Tier 4] Free-Tier Bulk Flood","ListBucket",1,0,228.159,223.816,4.307
"Tenant 5 [Tier 4] Free-Tier Bulk Flood","PutLarge",1,0,229.015,224.363,4.646
"Tenant 5 [Tier 4] Free-Tier Bulk Flood","PutLarge",1,0,228.123,223.780,4.337
"Tenant 5 [Tier 4] Free-Tier Bulk Flood","ListBucket",1,0,228.743,224.451,4.286
"Tenant 5 [Tier 4] Free-Tier Bulk Flood","ListBucket",1,0,227.954,223.596,4.350
"Tenant 5 [Tier 4] Free-Tier Bulk Flood","ListBucket",1,0,228.737,224.243,4.461
"Tenant 5 [Tier 4] Free-Tier Bulk Flood","ListBucket",1,0,230.394,226.024,4.337
"Tenant 5 [Tier 4] Free-Tier Bulk Flood","ListBucket",1,0,229.133,224.398,4.697
"Tenant 5 [Tier 4] Free-Tier Bulk Flood","ListBucket",1,0,227.885,223.577,4.289
"Tenant 5 [Tier 4] Free-Tier Bulk Flood","ListBucket",1,0,228.105,223.617,4.473
"Tenant 5 [Tier 4] Free-Tier Bulk Flood","PutLarge",1,0,227.704,223.416,4.285
"Tenant 5 [Tier 4] Free-Tier Bulk Flood","PutLarge",1,0,228.106,223.715,4.340
"Tenant 5 [Tier 4] Free-Tier Bulk Flood","PutLarge",1,0,227.728,223.046,4.661
"Tenant 5 [Tier 4] Free-Tier Bulk Flood","PutLarge",1,0,228.182,223.761,4.384
"Tenant 5 [Tier 4] Free-Tier Bulk Flood","PutLarge",1,0,228.183,223.450,4.695
"Tenant 5 [Tier 4] Free-Tier Bulk Flood","ListBucket",1,0,228.941,224.455,4.479
"Tenant 5 [Tier 4] Free-Tier Bulk Flood","ListBucket",1,0,228.336,223.783,4.520
"Tenant 5 [Tier 4] Free-Tier Bulk Flood","ListBucket",1,0,227.513,223.084,4.397
"Tenant 5 [Tier 4] Free-Tier Bulk Flood","PutLarge",1,0,228.141,223.695,4.442
"Tenant 5 [Tier 4] Free-Tier Bulk Flood","ListBucket",1,0,227.326,223.037,4.283
"Tenant 5 [Tier 4] Free-Tier Bulk Flood","ListBucket",1,0,227.985,223.408,4.563
"Tenant 5 [Tier 4] Free-Tier Bulk Flood","PutLarge",1,0,227.075,222.752,4.288
"Tenant 5 [Tier 4] Free-Tier Bulk Flood","PutLarge",1,0,227.902,223.374,4.489
"Tenant 5 [Tier 4] Free-Tier Bulk Flood","PutLarge",1,0,227.033,222.702,4.323
"Tenant 5 [Tier 4] Free-Tier Bulk Flood","ListBucket",1,0,225.219,220.686,4.528
"Tenant 5 [Tier 4] Free-Tier Bulk Flood","PutLarge",1,0,226.783,222.421,4.318
"Tenant 5 [Tier 4] Free-Tier Bulk Flood","PutLarge",1,0,227.856,223.512,4.337
"Tenant 5 [Tier 4] Free-Tier Bulk Flood","PutLarge",1,0,227.133,222.389,4.699
"Tenant 5 [Tier 4] Free-Tier Bulk Flood","ListBucket",1,0,228.039,223.331,4.700
"Tenant 5 [Tier 4] Free-Tier Bulk Flood","PutLarge",1,0,227.150,222.735,4.380
"Tenant 5 [Tier 4] Free-Tier Bulk Flood","ListBucket",1,0,228.067,223.663,4.386
"Tenant 5 [Tier 4] Free-Tier Bulk Flood","ListBucket",1,0,227.331,222.794,4.486
"Tenant 5 [Tier 4] Free-Tier Bulk Flood","ListBucket",1,0,226.913,222.532,4.359
"Tenant 5 [Tier 4] Free-Tier Bulk Flood","PutLarge",1,0,227.032,222.623,4.403
"Tenant 5 [Tier 4] Free-Tier Bulk Flood","PutLarge",1,0,226.702,221.996,4.701
"Tenant 5 [Tier 4] Free-Tier Bulk Flood","PutLarge",1,0,227.118,222.673,4.441
"Tenant 5 [Tier 4] Free-Tier Bulk Flood","PutLarge",1,0,226.547,222.088,4.446
"Tenant 5 [Tier 4] Free-Tier Bulk Flood","PutLarge",1,0,228.304,223.642,4.622
"Tenant 5 [Tier 4] Free-Tier Bulk Flood","PutLarge",1,0,226.609,222.044,4.499
"Tenant 5 [Tier 4] Free-Tier Bulk Flood","PutLarge",1,0,228.260,223.920,4.334
"Tenant 5 [Tier 4] Free-Tier Bulk Flood","PutLarge",1,0,227.315,222.931,4.378
"Tenant 5 [Tier 4] Free-Tier Bulk Flood","ListBucket",1,0,227.681,223.286,4.386
"Tenant 5 [Tier 4] Free-Tier Bulk Flood","PutLarge",1,0,228.070,223.736,4.325
"Tenant 5 [Tier 4] Free-Tier Bulk Flood","ListBucket",1,0,227.803,223.127,4.631
"Tenant 5 [Tier 4] Free-Tier Bulk Flood","ListBucket",1,0,228.055,223.459,4.543
"Tenant 5 [Tier 4] Free-Tier Bulk Flood","PutLarge",1,0,228.219,223.471,4.698
"Tenant 5 [Tier 4] Free-Tier Bulk Flood","PutLarge",1,0,227.774,223.426,4.279
"Tenant 5 [Tier 4] Free-Tier Bulk Flood","PutLarge",1,0,227.840,223.494,4.277
"Tenant 5 [Tier 4] Free-Tier Bulk Flood","PutLarge",1,0,228.066,223.392,4.623
"Tenant 5 [Tier 4] Free-Tier Bulk Flood","PutLarge",1,0,227.948,223.289,4.630
"Tenant 5 [Tier 4] Free-Tier Bulk Flood","PutLarge",1,0,227.839,223.449,4.385
"Tenant 5 [Tier 4] Free-Tier Bulk Flood","PutLarge",1,0,228.170,223.801,4.338
"Tenant 5 [Tier 4] Free-Tier Bulk Flood","PutLarge",1,0,229.424,225.068,4.349
"Tenant 5 [Tier 4] Free-Tier Bulk Flood","ListBucket",1,0,228.434,223.809,4.620
"Tenant 5 [Tier 4] Free-Tier Bulk Flood","ListBucket",1,0,228.955,224.618,4.289
"Tenant 5 [Tier 4] Free-Tier Bulk Flood","PutLarge",1,0,228.616,223.913,4.684
"Tenant 5 [Tier 4] Free-Tier Bulk Flood","PutLarge",1,0,228.889,224.505,4.375
"Tenant 5 [Tier 4] Free-Tier Bulk Flood","ListBucket",1,0,230.491,226.174,4.313
"Tenant 5 [Tier 4] Free-Tier Bulk Flood","ListBucket",1,0,229.304,224.579,4.721
"Tenant 5 [Tier 4] Free-Tier Bulk Flood","ListBucket",1,0,229.394,224.691,4.697
"Tenant 5 [Tier 4] Free-Tier Bulk Flood","PutLarge",1,0,230.250,225.788,4.455
"Tenant 5 [Tier 4] Free-Tier Bulk Flood","PutLarge",1,0,231.679,227.125,4.551
"Tenant 5 [Tier 4] Free-Tier Bulk Flood","ListBucket",1,0,230.885,226.362,4.518
"Tenant 5 [Tier 4] Free-Tier Bulk Flood","PutLarge",1,0,231.954,227.443,4.506
"Tenant 5 [Tier 4] Free-Tier Bulk Flood","PutLarge",1,0,232.879,228.291,4.583
"Tenant 5 [Tier 4] Free-Tier Bulk Flood","PutLarge",1,0,232.525,227.901,4.614
"Tenant 5 [Tier 4] Free-Tier Bulk Flood","ListBucket",1,0,224.815,220.243,4.568
"Tenant 5 [Tier 4] Free-Tier Bulk Flood","PutLarge",1,0,226.094,221.656,4.426
"Tenant 5 [Tier 4] Free-Tier Bulk Flood","ListBucket",1,0,224.897,220.378,4.508
"Tenant 5 [Tier 4] Free-Tier Bulk Flood","ListBucket",1,0,225.565,220.948,4.602
"Tenant 5 [Tier 4] Free-Tier Bulk Flood","PutLarge",1,0,224.120,219.779,4.336
"Tenant 5 [Tier 4] Free-Tier Bulk Flood","ListBucket",1,0,225.227,220.638,4.575
"Tenant 5 [Tier 4] Free-Tier Bulk Flood","PutLarge",1,0,224.941,220.598,4.329
"Tenant 5 [Tier 4] Free-Tier Bulk Flood","ListBucket",1,0,225.489,220.900,4.581
"Tenant 5 [Tier 4] Free-Tier Bulk Flood","PutLarge",1,0,224.764,220.280,4.472
"Tenant 5 [Tier 4] Free-Tier Bulk Flood","ListBucket",1,0,224.299,219.763,4.533
"Tenant 5 [Tier 4] Free-Tier Bulk Flood","PutLarge",1,0,224.750,220.078,4.635
"Tenant 5 [Tier 4] Free-Tier Bulk Flood","ListBucket",1,0,224.230,219.551,4.633
"Tenant 5 [Tier 4] Free-Tier Bulk Flood","ListBucket",1,0,225.039,220.361,4.670
"Tenant 5 [Tier 4] Free-Tier Bulk Flood","PutLarge",1,0,224.111,219.784,4.292
"Tenant 5 [Tier 4] Free-Tier Bulk Flood","PutLarge",1,0,225.261,220.690,4.526
"Tenant 5 [Tier 4] Free-Tier Bulk Flood","PutLarge",1,0,223.971,219.461,4.476
"Tenant 5 [Tier 4] Free-Tier Bulk Flood","ListBucket",1,0,225.512,220.914,4.590
"Tenant 5 [Tier 4] Free-Tier Bulk Flood","ListBucket",1,0,224.674,219.981,4.644
"Tenant 5 [Tier 4] Free-Tier Bulk Flood","ListBucket",1,0,224.766,220.059,4.675
"Tenant 5 [Tier 4] Free-Tier Bulk Flood","ListBucket",1,0,224.615,220.160,4.442
"Tenant 5 [Tier 4] Free-Tier Bulk Flood","PutLarge",1,0,225.025,220.372,4.618
"Tenant 5 [Tier 4] Free-Tier Bulk Flood","PutLarge",1,0,224.263,219.947,4.306
"Tenant 5 [Tier 4] Free-Tier Bulk Flood","ListBucket",1,0,225.363,220.686,4.639
"Tenant 5 [Tier 4] Free-Tier Bulk Flood","PutLarge",1,0,225.534,220.866,4.663
"Tenant 5 [Tier 4] Free-Tier Bulk Flood","ListBucket",1,0,225.445,221.041,4.393
"Tenant 5 [Tier 4] Free-Tier Bulk Flood","PutLarge",1,0,225.532,220.845,4.675
"Tenant 5 [Tier 4] Free-Tier Bulk Flood","ListBucket",1,0,224.976,220.475,4.480
"Tenant 5 [Tier 4] Free-Tier Bulk Flood","PutLarge",1,0,225.696,221.114,4.553
"Tenant 5 [Tier 4] Free-Tier Bulk Flood","PutLarge",1,0,224.886,220.268,4.601
"Tenant 5 [Tier 4] Free-Tier Bulk Flood","ListBucket",1,0,225.617,221.155,4.445
"Tenant 5 [Tier 4] Free-Tier Bulk Flood","ListBucket",1,0,224.612,220.050,4.529
"Tenant 5 [Tier 4] Free-Tier Bulk Flood","PutLarge",1,0,224.795,220.157,4.588
"Tenant 5 [Tier 4] Free-Tier Bulk Flood","PutLarge",1,0,224.838,220.417,4.413
"Tenant 5 [Tier 4] Free-Tier Bulk Flood","PutLarge",1,0,224.851,220.517,4.297
"Tenant 5 [Tier 4] Free-Tier Bulk Flood","PutLarge",1,0,225.238,220.668,4.565
"Tenant 5 [Tier 4] Free-Tier Bulk Flood","PutLarge",1,0,226.658,221.961,4.682
"Tenant 5 [Tier 4] Free-Tier Bulk Flood","ListBucket",1,0,225.125,220.705,4.411
"Tenant 5 [Tier 4] Free-Tier Bulk Flood","ListBucket",1,0,226.223,221.912,4.282
"Tenant 5 [Tier 4] Free-Tier Bulk Flood","PutLarge",1,0,226.606,222.115,4.474
"Tenant 5 [Tier 4] Free-Tier Bulk Flood","ListBucket",1,0,226.368,221.711,4.617
"Tenant 5 [Tier 4] Free-Tier Bulk Flood","PutLarge",1,0,225.362,220.836,4.519
"Tenant 5 [Tier 4] Free-Tier Bulk Flood","ListBucket",1,0,225.400,221.052,4.291
"Tenant 5 [Tier 4] Free-Tier Bulk Flood","PutLarge",1,0,225.524,220.845,4.671
"Tenant 5 [Tier 4] Free-Tier Bulk Flood","PutLarge",1,0,225.536,220.951,4.580
"Tenant 5 [Tier 4] Free-Tier Bulk Flood","PutLarge",1,0,225.401,221.049,4.345
"Tenant 5 [Tier 4] Free-Tier Bulk Flood","PutLarge",1,0,225.401,221.005,4.391
"Tenant 5 [Tier 4] Free-Tier Bulk Flood","ListBucket",1,0,225.357,221.070,4.281
"Tenant 5 [Tier 4] Free-Tier Bulk Flood","PutLarge",1,0,227.301,222.965,4.283
"Tenant 5 [Tier 4] Free-Tier Bulk Flood","ListBucket",1,0,225.663,221.139,4.491
"Tenant 5 [Tier 4] Free-Tier Bulk Flood","PutLarge",1,0,224.914,220.256,4.624
"Tenant 5 [Tier 4] Free-Tier Bulk Flood","ListBucket",1,0,225.570,221.188,4.343
"Tenant 5 [Tier 4] Free-Tier Bulk Flood","PutLarge",1,0,225.030,220.282,4.699
"Tenant 5 [Tier 4] Free-Tier Bulk Flood","PutLarge",1,0,225.316,220.979,4.332
"Tenant 5 [Tier 4] Free-Tier Bulk Flood","PutLarge",1,0,224.924,220.395,4.502
"Tenant 5 [Tier 4] Free-Tier Bulk Flood","PutLarge",1,0,225.340,220.909,4.395
"Tenant 5 [Tier 4] Free-Tier Bulk Flood","ListBucket",1,0,223.190,218.889,4.290
"Tenant 5 [Tier 4] Free-Tier Bulk Flood","PutLarge",1,0,225.638,221.047,4.555
"Tenant 5 [Tier 4] Free-Tier Bulk Flood","PutLarge",1,0,224.963,220.678,4.278
"Tenant 5 [Tier 4] Free-Tier Bulk Flood","ListBucket",1,0,226.247,221.813,4.416
"Tenant 5 [Tier 4] Free-Tier Bulk Flood","PutLarge",1,0,224.624,220.211,4.379
"Tenant 5 [Tier 4] Free-Tier Bulk Flood","PutLarge",1,0,226.179,221.870,4.306
"Tenant 5 [Tier 4] Free-Tier Bulk Flood","PutLarge",1,0,226.521,221.808,4.692
"Tenant 5 [Tier 4] Free-Tier Bulk Flood","ListBucket",1,0,226.289,221.521,4.717
"Tenant 5 [Tier 4] Free-Tier Bulk Flood","ListBucket",1,0,224.174,219.864,4.295
"Tenant 5 [Tier 4] Free-Tier Bulk Flood","PutLarge",1,0,226.459,221.696,4.704
"Tenant 5 [Tier 4] Free-Tier Bulk Flood","ListBucket",1,0,225.735,221.265,4.458
"Tenant 5 [Tier 4] Free-Tier Bulk Flood","PutLarge",1,0,223.931,219.487,4.411
"Tenant 5 [Tier 4] Free-Tier Bulk Flood","PutLarge",1,0,225.407,221.087,4.284
"Tenant 5 [Tier 4] Free-Tier Bulk Flood","ListBucket",1,0,224.209,219.488,4.687
"Tenant 5 [Tier 4] Free-Tier Bulk Flood","PutLarge",1,0,225.232,220.716,4.509
"Tenant 5 [Tier 4] Free-Tier Bulk Flood","PutLarge",1,0,225.581,221.229,4.331
"Tenant 5 [Tier 4] Free-Tier Bulk Flood","PutLarge",1,0,225.195,220.685,4.505
"Tenant 5 [Tier 4] Free-Tier Bulk Flood","ListBucket",1,0,226.606,222.052,4.547
"Tenant 5 [Tier 4] Free-Tier Bulk Flood","PutLarge",1,0,226.235,221.923,4.304
"Tenant 5 [Tier 4] Free-Tier Bulk Flood","ListBucket",1,0,225.550,220.959,4.581
"Tenant 5 [Tier 4] Free-Tier Bulk Flood","PutLarge",1,0,225.527,220.978,4.542
"Tenant 5 [Tier 4] Free-Tier Bulk Flood","ListBucket",1,0,225.273,220.766,4.501
"Tenant 5 [Tier 4] Free-Tier Bulk Flood","PutLarge",1,0,226.949,222.330,4.608
"Tenant 5 [Tier 4] Free-Tier Bulk Flood","PutLarge",1,0,226.641,222.219,4.416
"Tenant 5 [Tier 4] Free-Tier Bulk Flood","ListBucket",1,0,225.304,220.607,4.684
"Tenant 5 [Tier 4] Free-Tier Bulk Flood","ListBucket",1,0,222.782,218.393,4.384
"Tenant 5 [Tier 4] Free-Tier Bulk Flood","PutLarge",1,0,222.838,218.321,4.506
"Tenant 5 [Tier 4] Free-Tier Bulk Flood","ListBucket",1,0,224.539,220.027,4.503
"Tenant 5 [Tier 4] Free-Tier Bulk Flood","PutLarge",1,0,223.118,218.712,4.378
"Tenant 5 [Tier 4] Free-Tier Bulk Flood","PutLarge",1,0,225.451,220.963,4.465
"Tenant 5 [Tier 4] Free-Tier Bulk Flood","PutLarge",1,0,224.888,220.554,4.330
"Tenant 5 [Tier 4] Free-Tier Bulk Flood","PutLarge",1,0,225.485,221.074,4.399
"Tenant 5 [Tier 4] Free-Tier Bulk Flood","PutLarge",1,0,224.634,220.283,4.325
"Tenant 5 [Tier 4] Free-Tier Bulk Flood","ListBucket",1,0,225.825,221.095,4.712
"Tenant 5 [Tier 4] Free-Tier Bulk Flood","ListBucket",1,0,226.125,221.402,4.708
"Tenant 5 [Tier 4] Free-Tier Bulk Flood","PutLarge",1,0,225.858,221.131,4.711
"Tenant 5 [Tier 4] Free-Tier Bulk Flood","ListBucket",1,0,225.355,220.863,4.474
"Tenant 5 [Tier 4] Free-Tier Bulk Flood","PutLarge",1,0,225.634,221.005,4.593
"Tenant 5 [Tier 4] Free-Tier Bulk Flood","PutLarge",1,0,225.464,221.019,4.409
"Tenant 5 [Tier 4] Free-Tier Bulk Flood","PutLarge",1,0,225.489,220.989,4.494
"Tenant 5 [Tier 4] Free-Tier Bulk Flood","ListBucket",1,0,225.338,220.921,4.407
"Tenant 5 [Tier 4] Free-Tier Bulk Flood","ListBucket",1,0,224.552,219.810,4.709
"Tenant 5 [Tier 4] Free-Tier Bulk Flood","PutLarge",1,0,224.992,220.646,4.330
"Tenant 5 [Tier 4] Free-Tier Bulk Flood","PutLarge",1,0,225.660,220.944,4.696
"Tenant 5 [Tier 4] Free-Tier Bulk Flood","PutLarge",1,0,225.072,220.590,4.448
"Tenant 5 [Tier 4] Free-Tier Bulk Flood","ListBucket",1,0,222.946,218.429,4.513
"Tenant 5 [Tier 4] Free-Tier Bulk Flood","PutLarge",1,0,224.738,220.421,4.300
"Tenant 5 [Tier 4] Free-Tier Bulk Flood","PutLarge",1,0,225.663,221.225,4.434
"Tenant 5 [Tier 4] Free-Tier Bulk Flood","PutLarge",1,0,225.628,221.041,4.546
"Tenant 5 [Tier 4] Free-Tier Bulk Flood","PutLarge",1,0,225.817,221.271,4.482
"Tenant 5 [Tier 4] Free-Tier Bulk Flood","PutLarge",1,0,225.651,221.256,4.345
"Tenant 5 [Tier 4] Free-Tier Bulk Flood","PutLarge",1,0,226.331,221.599,4.723
"Tenant 5 [Tier 4] Free-Tier Bulk Flood","ListBucket",1,0,223.389,218.976,4.408
"Tenant 5 [Tier 4] Free-Tier Bulk Flood","PutLarge",1,0,225.823,221.078,4.713
"Tenant 5 [Tier 4] Free-Tier Bulk Flood","PutLarge",1,0,225.794,221.064,4.724
"Tenant 5 [Tier 4] Free-Tier Bulk Flood","PutLarge",1,0,226.598,222.189,4.398
"Tenant 5 [Tier 4] Free-Tier Bulk Flood","ListBucket",1,0,226.526,222.174,4.335
"Tenant 5 [Tier 4] Free-Tier Bulk Flood","ListBucket",1,0,226.793,222.199,4.560
"Tenant 5 [Tier 4] Free-Tier Bulk Flood","PutLarge",1,0,226.707,222.195,4.508
"Tenant 5 [Tier 4] Free-Tier Bulk Flood","ListBucket",1,0,226.722,222.070,4.628
"Tenant 5 [Tier 4] Free-Tier Bulk Flood","ListBucket",1,0,224.871,220.579,4.289
"Tenant 5 [Tier 4] Free-Tier Bulk Flood","ListBucket",1,0,226.142,221.585,4.525
"Tenant 5 [Tier 4] Free-Tier Bulk Flood","PutLarge",1,0,225.242,220.779,4.428
"Tenant 5 [Tier 4] Free-Tier Bulk Flood","PutLarge",1,0,227.036,222.555,4.444
"Tenant 5 [Tier 4] Free-Tier Bulk Flood","PutLarge",1,0,225.589,220.940,4.604
"Tenant 5 [Tier 4] Free-Tier Bulk Flood","PutLarge",1,0,225.634,221.017,4.549
"Tenant 5 [Tier 4] Free-Tier Bulk Flood","PutLarge",1,0,226.455,221.802,4.600
"Tenant 5 [Tier 4] Free-Tier Bulk Flood","ListBucket",1,0,225.571,220.950,4.588
"Tenant 5 [Tier 4] Free-Tier Bulk Flood","PutLarge",1,0,225.903,221.219,4.675
"Tenant 5 [Tier 4] Free-Tier Bulk Flood","ListBucket",1,0,225.963,221.283,4.670
"Tenant 5 [Tier 4] Free-Tier Bulk Flood","ListBucket",1,0,226.074,221.518,4.545
"Tenant 5 [Tier 4] Free-Tier Bulk Flood","ListBucket",1,0,225.058,220.480,4.571
"Tenant 5 [Tier 4] Free-Tier Bulk Flood","ListBucket",1,0,225.641,221.255,4.351
"Tenant 5 [Tier 4] Free-Tier Bulk Flood","ListBucket",1,0,224.964,220.518,4.418
"Tenant 5 [Tier 4] Free-Tier Bulk Flood","PutLarge",1,0,225.621,220.962,4.627
"Tenant 5 [Tier 4] Free-Tier Bulk Flood","PutLarge",1,0,225.299,220.596,4.697
"Tenant 5 [Tier 4] Free-Tier Bulk Flood","ListBucket",1,0,225.431,220.884,4.541
"Tenant 5 [Tier 4] Free-Tier Bulk Flood","ListBucket",1,0,225.298,220.938,4.324
"Tenant 5 [Tier 4] Free-Tier Bulk Flood","PutLarge",1,0,225.530,221.055,4.440
"Tenant 5 [Tier 4] Free-Tier Bulk Flood","PutLarge",1,0,225.447,220.875,4.548
"Tenant 5 [Tier 4] Free-Tier Bulk Flood","PutLarge",1,0,225.897,221.200,4.692
"Tenant 5 [Tier 4] Free-Tier Bulk Flood","PutLarge",1,0,227.319,222.878,4.433
"Tenant 5 [Tier 4] Free-Tier Bulk Flood","ListBucket",1,0,225.575,220.880,4.681
"Tenant 5 [Tier 4] Free-Tier Bulk Flood","PutLarge",1,0,224.577,219.921,4.623
"Tenant 5 [Tier 4] Free-Tier Bulk Flood","ListBucket",1,0,225.779,221.153,4.615
"Tenant 5 [Tier 4] Free-Tier Bulk Flood","ListBucket",1,0,224.613,220.207,4.372
"Tenant 5 [Tier 4] Free-Tier Bulk Flood","ListBucket",1,0,223.812,219.329,4.450
"Tenant 5 [Tier 4] Free-Tier Bulk Flood","ListBucket",1,0,224.144,219.473,4.661
"Tenant 5 [Tier 4] Free-Tier Bulk Flood","PutLarge",1,0,223.760,219.239,4.488
"Tenant 5 [Tier 4] Free-Tier Bulk Flood","PutLarge",1,0,226.031,221.413,4.574
"Tenant 5 [Tier 4] Free-Tier Bulk Flood","PutLarge",1,0,223.775,219.341,4.400
"Tenant 5 [Tier 4] Free-Tier Bulk Flood","ListBucket",1,0,224.333,219.966,4.354
"Tenant 5 [Tier 4] Free-Tier Bulk Flood","PutLarge",1,0,225.382,220.901,4.469
"Tenant 5 [Tier 4] Free-Tier Bulk Flood","PutLarge",1,0,224.325,219.950,4.366
"Tenant 5 [Tier 4] Free-Tier Bulk Flood","PutLarge",1,0,225.513,220.847,4.647
"Tenant 5 [Tier 4] Free-Tier Bulk Flood","PutLarge",1,0,226.254,221.677,4.564
"Tenant 5 [Tier 4] Free-Tier Bulk Flood","ListBucket",1,0,224.886,220.338,4.535
"Tenant 5 [Tier 4] Free-Tier Bulk Flood","PutLarge",1,0,224.212,219.680,4.498
"Tenant 5 [Tier 4] Free-Tier Bulk Flood","PutLarge",1,0,225.565,220.944,4.615
"Tenant 5 [Tier 4] Free-Tier Bulk Flood","ListBucket",1,0,225.536,221.083,4.447
"Tenant 5 [Tier 4] Free-Tier Bulk Flood","PutLarge",1,0,225.615,221.272,4.327
"Tenant 5 [Tier 4] Free-Tier Bulk Flood","ListBucket",1,0,227.063,222.333,4.724
"Tenant 5 [Tier 4] Free-Tier Bulk Flood","PutLarge",1,0,227.607,223.045,4.559
"Tenant 5 [Tier 4] Free-Tier Bulk Flood","PutLarge",1,0,226.737,222.144,4.584
"Tenant 5 [Tier 4] Free-Tier Bulk Flood","PutLarge",1,0,226.244,221.820,4.418
"Tenant 5 [Tier 4] Free-Tier Bulk Flood","ListBucket",1,0,222.331,217.945,4.381
"Tenant 5 [Tier 4] Free-Tier Bulk Flood","PutLarge",1,0,223.612,219.096,4.507
"Tenant 5 [Tier 4] Free-Tier Bulk Flood","ListBucket",1,0,222.271,217.791,4.477
"Tenant 5 [Tier 4] Free-Tier Bulk Flood","PutLarge",1,0,223.742,219.216,4.520
"Tenant 5 [Tier 4] Free-Tier Bulk Flood","PutLarge",1,0,222.397,217.757,4.624
"Tenant 5 [Tier 4] Free-Tier Bulk Flood","ListBucket",1,0,222.029,217.446,4.554
"Tenant 5 [Tier 4] Free-Tier Bulk Flood","ListBucket",1,0,221.936,217.386,4.511
"Tenant 5 [Tier 4] Free-Tier Bulk Flood","PutLarge",1,0,222.392,217.672,4.690
"Tenant 5 [Tier 4] Free-Tier Bulk Flood","ListBucket",1,0,221.626,217.201,4.421
"Tenant 5 [Tier 4] Free-Tier Bulk Flood","PutLarge",1,0,221.833,217.257,4.533
"Tenant 5 [Tier 4] Free-Tier Bulk Flood","PutLarge",1,0,221.275,216.891,4.363
"Tenant 5 [Tier 4] Free-Tier Bulk Flood","PutLarge",1,0,222.456,217.941,4.501
"Tenant 5 [Tier 4] Free-Tier Bulk Flood","ListBucket",1,0,221.101,216.799,4.298
"Tenant 5 [Tier 4] Free-Tier Bulk Flood","ListBucket",1,0,220.939,216.373,4.559
"Tenant 5 [Tier 4] Free-Tier Bulk Flood","ListBucket",1,0,221.015,216.662,4.347
"Tenant 5 [Tier 4] Free-Tier Bulk Flood","PutLarge",1,0,220.938,216.525,4.407
"Tenant 5 [Tier 4] Free-Tier Bulk Flood","PutLarge",1,0,221.991,217.343,4.642
"Tenant 5 [Tier 4] Free-Tier Bulk Flood","PutLarge",1,0,222.626,218.212,4.402
"Tenant 5 [Tier 4] Free-Tier Bulk Flood","ListBucket",1,0,220.079,215.622,4.420
"Tenant 5 [Tier 4] Free-Tier Bulk Flood","PutLarge",1,0,222.533,218.055,4.474
"Tenant 5 [Tier 4] Free-Tier Bulk Flood","PutLarge",1,0,224.900,220.524,4.357
"Tenant 5 [Tier 4] Free-Tier Bulk Flood","PutLarge",1,0,222.984,218.519,4.459
"Tenant 5 [Tier 4] Free-Tier Bulk Flood","PutLarge",1,0,221.352,217.014,4.325
"Tenant 5 [Tier 4] Free-Tier Bulk Flood","ListBucket",1,0,221.598,217.236,4.327
"Tenant 5 [Tier 4] Free-Tier Bulk Flood","PutLarge",1,0,221.418,216.822,4.561
"Tenant 5 [Tier 4] Free-Tier Bulk Flood","PutLarge",1,0,221.570,217.202,4.359
"Tenant 5 [Tier 4] Free-Tier Bulk Flood","PutLarge",1,0,221.108,216.676,4.417
"Tenant 5 [Tier 4] Free-Tier Bulk Flood","PutLarge",1,0,221.885,217.164,4.685
"Tenant 5 [Tier 4] Free-Tier Bulk Flood","PutLarge",1,0,223.360,218.795,4.515
"Tenant 5 [Tier 4] Free-Tier Bulk Flood","ListBucket",1,0,221.839,217.175,4.627
"Tenant 5 [Tier 4] Free-Tier Bulk Flood","ListBucket",1,0,220.782,216.272,4.476
"Tenant 5 [Tier 4] Free-Tier Bulk Flood","ListBucket",1,0,222.054,217.483,4.551
"Tenant 5 [Tier 4] Free-Tier Bulk Flood","PutLarge",1,0,220.533,216.160,4.366
"Tenant 5 [Tier 4] Free-Tier Bulk Flood","PutLarge",1,0,221.916,217.411,4.501
"Tenant 5 [Tier 4] Free-Tier Bulk Flood","PutLarge",1,0,220.735,216.025,4.678
"Tenant 5 [Tier 4] Free-Tier Bulk Flood","ListBucket",1,0,220.971,216.504,4.455
"Tenant 5 [Tier 4] Free-Tier Bulk Flood","PutLarge",1,0,221.415,216.891,4.521
"Tenant 5 [Tier 4] Free-Tier Bulk Flood","PutLarge",1,0,222.001,217.496,4.494
"Tenant 5 [Tier 4] Free-Tier Bulk Flood","PutLarge",1,0,221.875,217.529,4.308
"Tenant 5 [Tier 4] Free-Tier Bulk Flood","PutLarge",1,0,221.810,217.362,4.414
"Tenant 5 [Tier 4] Free-Tier Bulk Flood","PutLarge",1,0,223.595,218.841,4.718
"Tenant 5 [Tier 4] Free-Tier Bulk Flood","ListBucket",1,0,221.699,217.154,4.540
"Tenant 5 [Tier 4] Free-Tier Bulk Flood","PutLarge",1,0,222.961,218.302,4.622
"Tenant 5 [Tier 4] Free-Tier Bulk Flood","ListBucket",1,0,221.976,217.647,4.300
"Tenant 5 [Tier 4] Free-Tier Bulk Flood","ListBucket",1,0,221.995,217.664,4.323
"Tenant 5 [Tier 4] Free-Tier Bulk Flood","PutLarge",1,0,221.902,217.435,4.452
"Tenant 5 [Tier 4] Free-Tier Bulk Flood","PutLarge",1,0,223.162,218.618,4.537
"Tenant 5 [Tier 4] Free-Tier Bulk Flood","ListBucket",1,0,222.479,218.004,4.437
"Tenant 5 [Tier 4] Free-Tier Bulk Flood","PutLarge",1,0,223.321,218.684,4.606
"Tenant 5 [Tier 4] Free-Tier Bulk Flood","PutLarge",1,0,222.444,217.840,4.576
"Tenant 5 [Tier 4] Free-Tier Bulk Flood","PutLarge",1,0,223.083,218.633,4.424
"Tenant 5 [Tier 4] Free-Tier Bulk Flood","PutLarge",1,0,222.292,217.872,4.397
"Tenant 5 [Tier 4] Free-Tier Bulk Flood","ListBucket",1,0,223.299,218.760,4.525
"Tenant 5 [Tier 4] Free-Tier Bulk Flood","ListBucket",1,0,222.382,217.960,4.387
"Tenant 5 [Tier 4] Free-Tier Bulk Flood","PutLarge",1,0,223.156,218.703,4.397
"Tenant 5 [Tier 4] Free-Tier Bulk Flood","ListBucket",1,0,222.441,217.728,4.691
"Tenant 5 [Tier 4] Free-Tier Bulk Flood","PutLarge",1,0,223.468,218.817,4.642
"Tenant 5 [Tier 4] Free-Tier Bulk Flood","PutLarge",1,0,223.142,218.504,4.591
"Tenant 5 [Tier 4] Free-Tier Bulk Flood","PutLarge",1,0,221.521,217.048,4.427
"Tenant 5 [Tier 4] Free-Tier Bulk Flood","ListBucket",1,0,223.123,218.526,4.587
"Tenant 5 [Tier 4] Free-Tier Bulk Flood","PutLarge",1,0,222.493,217.868,4.587
"Tenant 5 [Tier 4] Free-Tier Bulk Flood","PutLarge",1,0,223.368,218.900,4.460
"Tenant 5 [Tier 4] Free-Tier Bulk Flood","PutLarge",1,0,222.654,218.219,4.401
"Tenant 5 [Tier 4] Free-Tier Bulk Flood","PutLarge",1,0,223.905,219.287,4.600
"Tenant 5 [Tier 4] Free-Tier Bulk Flood","ListBucket",1,0,224.133,219.821,4.301
"Tenant 5 [Tier 4] Free-Tier Bulk Flood","ListBucket",1,0,224.279,219.822,4.443
"Tenant 5 [Tier 4] Free-Tier Bulk Flood","ListBucket",1,0,224.783,220.300,4.468
"Tenant 5 [Tier 4] Free-Tier Bulk Flood","ListBucket",1,0,223.064,218.362,4.697
"Tenant 5 [Tier 4] Free-Tier Bulk Flood","PutLarge",1,0,225.081,220.432,4.595
"Tenant 5 [Tier 4] Free-Tier Bulk Flood","PutLarge",1,0,224.729,220.048,4.660
"Tenant 5 [Tier 4] Free-Tier Bulk Flood","ListBucket",1,0,225.355,220.736,4.607
"Tenant 5 [Tier 4] Free-Tier Bulk Flood","ListBucket",1,0,225.582,220.980,4.569
"Tenant 5 [Tier 4] Free-Tier Bulk Flood","PutLarge",1,0,224.185,219.893,4.287
"Tenant 5 [Tier 4] Free-Tier Bulk Flood","ListBucket",1,0,225.072,220.431,4.633
"Tenant 5 [Tier 4] Free-Tier Bulk Flood","PutLarge",1,0,225.906,221.323,4.578
"Tenant 5 [Tier 4] Free-Tier Bulk Flood","PutLarge",1,0,225.892,221.554,4.324
"Tenant 5 [Tier 4] Free-Tier Bulk Flood","PutLarge",1,0,226.745,222.024,4.714
"Tenant 5 [Tier 4] Free-Tier Bulk Flood","PutLarge",1,0,227.039,222.427,4.596
"Tenant 5 [Tier 4] Free-Tier Bulk Flood","ListBucket",1,0,228.963,224.621,4.332
"Tenant 5 [Tier 4] Free-Tier Bulk Flood","PutLarge",1,0,232.203,227.861,4.332
"Tenant 5 [Tier 4] Free-Tier Bulk Flood","ListBucket",1,0,229.663,225.134,4.506
"Tenant 5 [Tier 4] Free-Tier Bulk Flood","PutLarge",1,0,228.576,223.939,4.628
"Tenant 5 [Tier 4] Free-Tier Bulk Flood","PutLarge",1,0,229.524,225.137,4.375
"Tenant 5 [Tier 4] Free-Tier Bulk Flood","PutLarge",1,0,228.408,224.063,4.340
"Tenant 5 [Tier 4] Free-Tier Bulk Flood","ListBucket",1,0,229.452,224.861,4.581
"Tenant 5 [Tier 4] Free-Tier Bulk Flood","PutLarge",1,0,228.649,224.249,4.390
"Tenant 5 [Tier 4] Free-Tier Bulk Flood","PutLarge",1,0,229.833,225.526,4.298
"Tenant 5 [Tier 4] Free-Tier Bulk Flood","PutLarge",1,0,228.386,223.944,4.437
"Tenant 5 [Tier 4] Free-Tier Bulk Flood","PutLarge",1,0,229.842,225.385,4.450
"Tenant 5 [Tier 4] Free-Tier Bulk Flood","PutLarge",1,0,228.930,224.226,4.690
"Tenant 5 [Tier 4] Free-Tier Bulk Flood","PutLarge",1,0,230.202,225.510,4.683
"Tenant 5 [Tier 4] Free-Tier Bulk Flood","PutLarge",1,0,230.579,225.920,4.606
"Tenant 5 [Tier 4] Free-Tier Bulk Flood","PutLarge",1,0,230.353,225.930,4.388
"Tenant 5 [Tier 4] Free-Tier Bulk Flood","PutLarge",1,0,231.993,227.674,4.314
"Tenant 5 [Tier 4] Free-Tier Bulk Flood","ListBucket",1,0,230.409,226.005,4.398
"Tenant 5 [Tier 4] Free-Tier Bulk Flood","PutLarge",1,0,232.023,227.608,4.398
"Tenant 5 [Tier 4] Free-Tier Bulk Flood","PutLarge",1,0,230.164,225.772,4.383
"Tenant 5 [Tier 4] Free-Tier Bulk Flood","ListBucket",1,0,230.493,225.970,4.490
"Tenant 5 [Tier 4] Free-Tier Bulk Flood","ListBucket",1,0,231.951,227.341,4.597
"Tenant 5 [Tier 4] Free-Tier Bulk Flood","PutLarge",1,0,230.750,226.052,4.689
"Tenant 5 [Tier 4] Free-Tier Bulk Flood","ListBucket",1,0,229.851,225.177,4.636
"Tenant 5 [Tier 4] Free-Tier Bulk Flood","PutLarge",1,0,230.391,226.011,4.357
"Tenant 5 [Tier 4] Free-Tier Bulk Flood","PutLarge",1,0,230.674,226.013,4.650
"Tenant 5 [Tier 4] Free-Tier Bulk Flood","PutLarge",1,0,230.584,225.973,4.598
"Tenant 5 [Tier 4] Free-Tier Bulk Flood","ListBucket",1,0,230.709,226.064,4.640
"Tenant 5 [Tier 4] Free-Tier Bulk Flood","PutLarge",1,0,230.616,226.229,4.319
"Tenant 5 [Tier 4] Free-Tier Bulk Flood","ListBucket",1,0,228.272,223.801,4.464
"Tenant 5 [Tier 4] Free-Tier Bulk Flood","PutLarge",1,0,231.014,226.291,4.707
"Tenant 5 [Tier 4] Free-Tier Bulk Flood","PutLarge",1,0,230.788,226.483,4.276
"Tenant 5 [Tier 4] Free-Tier Bulk Flood","PutLarge",1,0,231.277,226.577,4.655
"Tenant 5 [Tier 4] Free-Tier Bulk Flood","ListBucket",1,0,230.737,226.234,4.489
"Tenant 5 [Tier 4] Free-Tier Bulk Flood","PutLarge",1,0,230.633,226.082,4.538
"Tenant 5 [Tier 4] Free-Tier Bulk Flood","PutLarge",1,0,230.851,226.382,4.432
"Tenant 5 [Tier 4] Free-Tier Bulk Flood","ListBucket",1,0,230.820,226.257,4.543
"Tenant 5 [Tier 4] Free-Tier Bulk Flood","PutLarge",1,0,230.650,226.161,4.472
"Tenant 5 [Tier 4] Free-Tier Bulk Flood","PutLarge",1,0,231.889,227.448,4.431
"Tenant 5 [Tier 4] Free-Tier Bulk Flood","PutLarge",1,0,230.840,226.134,4.670
"Tenant 5 [Tier 4] Free-Tier Bulk Flood","PutLarge",1,0,230.708,226.387,4.284
"Tenant 5 [Tier 4] Free-Tier Bulk Flood","PutLarge",1,0,230.879,226.502,4.355
"Tenant 5 [Tier 4] Free-Tier Bulk Flood","PutLarge",1,0,230.712,226.249,4.452
"Tenant 5 [Tier 4] Free-Tier Bulk Flood","ListBucket",1,0,229.278,224.511,4.723
"Tenant 5 [Tier 4] Free-Tier Bulk Flood","PutLarge",1,0,230.481,226.174,4.292
"Tenant 5 [Tier 4] Free-Tier Bulk Flood","PutLarge",1,0,229.986,225.291,4.661
"Tenant 5 [Tier 4] Free-Tier Bulk Flood","ListBucket",1,0,230.671,226.179,4.459
"Tenant 5 [Tier 4] Free-Tier Bulk Flood","ListBucket",1,0,230.938,226.280,4.653
"Tenant 5 [Tier 4] Free-Tier Bulk Flood","ListBucket",1,0,230.746,226.179,4.530
"Tenant 5 [Tier 4] Free-Tier Bulk Flood","PutLarge",1,0,230.780,226.161,4.614
"Tenant 5 [Tier 4] Free-Tier Bulk Flood","PutLarge",1,0,230.853,226.277,4.554
"Tenant 5 [Tier 4] Free-Tier Bulk Flood","PutLarge",1,0,229.562,224.915,4.636
"Tenant 5 [Tier 4] Free-Tier Bulk Flood","ListBucket",1,0,230.636,226.230,4.369
"Tenant 5 [Tier 4] Free-Tier Bulk Flood","PutLarge",1,0,229.818,225.093,4.689
"Tenant 5 [Tier 4] Free-Tier Bulk Flood","PutLarge",1,0,230.748,226.212,4.530
"Tenant 5 [Tier 4] Free-Tier Bulk Flood","PutLarge",1,0,229.928,225.259,4.619
"Tenant 5 [Tier 4] Free-Tier Bulk Flood","PutLarge",1,0,230.849,226.379,4.435
"Tenant 5 [Tier 4] Free-Tier Bulk Flood","PutLarge",1,0,231.670,227.021,4.626
"Tenant 5 [Tier 4] Free-Tier Bulk Flood","PutLarge",1,0,230.498,226.110,4.359
"Tenant 5 [Tier 4] Free-Tier Bulk Flood","PutLarge",1,0,231.668,227.085,4.560
"Tenant 5 [Tier 4] Free-Tier Bulk Flood","ListBucket",1,0,229.729,225.126,4.589
"Tenant 5 [Tier 4] Free-Tier Bulk Flood","ListBucket",1,0,233.121,228.433,4.675
"Tenant 5 [Tier 4] Free-Tier Bulk Flood","PutLarge",1,0,231.492,226.928,4.558
"Tenant 5 [Tier 4] Free-Tier Bulk Flood","PutLarge",1,0,232.279,227.825,4.419
"Tenant 5 [Tier 4] Free-Tier Bulk Flood","PutLarge",1,0,231.196,226.590,4.572
"Tenant 5 [Tier 4] Free-Tier Bulk Flood","ListBucket",1,0,232.012,227.503,4.472
"Tenant 5 [Tier 4] Free-Tier Bulk Flood","PutLarge",1,0,231.161,226.565,4.570
"Tenant 5 [Tier 4] Free-Tier Bulk Flood","PutLarge",1,0,231.580,227.245,4.301
"Tenant 5 [Tier 4] Free-Tier Bulk Flood","ListBucket",1,0,231.258,226.677,4.572
"Tenant 5 [Tier 4] Free-Tier Bulk Flood","PutLarge",1,0,231.659,227.059,4.595
"Tenant 5 [Tier 4] Free-Tier Bulk Flood","ListBucket",1,0,231.732,227.090,4.634
"Tenant 5 [Tier 4] Free-Tier Bulk Flood","PutLarge",1,0,233.212,228.520,4.680
"Tenant 5 [Tier 4] Free-Tier Bulk Flood","PutLarge",1,0,234.344,229.677,4.652
"Tenant 5 [Tier 4] Free-Tier Bulk Flood","ListBucket",1,0,231.540,226.923,4.607
"Tenant 5 [Tier 4] Free-Tier Bulk Flood","PutLarge",1,0,232.481,228.177,4.296
"Tenant 5 [Tier 4] Free-Tier Bulk Flood","PutLarge",1,0,233.686,229.352,4.291
"Tenant 5 [Tier 4] Free-Tier Bulk Flood","PutLarge",1,0,233.854,229.415,4.424
"Tenant 5 [Tier 4] Free-Tier Bulk Flood","PutLarge",1,0,233.732,229.286,4.438
"Tenant 5 [Tier 4] Free-Tier Bulk Flood","ListBucket",1,0,234.414,230.036,4.361
"Tenant 5 [Tier 4] Free-Tier Bulk Flood","PutLarge",1,0,234.907,230.481,4.420
"Tenant 5 [Tier 4] Free-Tier Bulk Flood","PutLarge",1,0,236.254,231.546,4.695
"Tenant 5 [Tier 4] Free-Tier Bulk Flood","PutLarge",1,0,235.508,231.038,4.464
"Tenant 5 [Tier 4] Free-Tier Bulk Flood","ListBucket",1,0,237.112,232.592,4.509
"Tenant 5 [Tier 4] Free-Tier Bulk Flood","PutLarge",1,0,233.989,229.619,4.345
"Tenant 5 [Tier 4] Free-Tier Bulk Flood","ListBucket",1,0,232.948,228.483,4.459
"Tenant 5 [Tier 4] Free-Tier Bulk Flood","PutLarge",1,0,232.093,227.537,4.550
"Tenant 5 [Tier 4] Free-Tier Bulk Flood","ListBucket",1,0,232.719,228.100,4.614
"Tenant 5 [Tier 4] Free-Tier Bulk Flood","ListBucket",1,0,231.201,226.918,4.277
"Tenant 5 [Tier 4] Free-Tier Bulk Flood","PutLarge",1,0,232.580,228.263,4.301
"Tenant 5 [Tier 4] Free-Tier Bulk Flood","PutLarge",1,0,231.478,226.905,4.546
"Tenant 5 [Tier 4] Free-Tier Bulk Flood","ListBucket",1,0,229.471,225.015,4.447
"Tenant 5 [Tier 4] Free-Tier Bulk Flood","PutLarge",1,0,232.826,228.168,4.652
"Tenant 5 [Tier 4] Free-Tier Bulk Flood","PutLarge",1,0,232.627,227.911,4.706
"Tenant 5 [Tier 4] Free-Tier Bulk Flood","ListBucket",1,0,231.898,227.464,4.429
"Tenant 5 [Tier 4] Free-Tier Bulk Flood","ListBucket",1,0,229.715,225.326,4.346
"Tenant 5 [Tier 4] Free-Tier Bulk Flood","ListBucket",1,0,231.372,226.941,4.425
"Tenant 5 [Tier 4] Free-Tier Bulk Flood","ListBucket",1,0,229.191,224.526,4.629
"Tenant 5 [Tier 4] Free-Tier Bulk Flood","ListBucket",1,0,229.749,225.367,4.369
"Tenant 5 [Tier 4] Free-Tier Bulk Flood","PutLarge",1,0,229.292,224.757,4.526
"Tenant 5 [Tier 4] Free-Tier Bulk Flood","PutLarge",1,0,229.771,225.367,4.380
"Tenant 5 [Tier 4] Free-Tier Bulk Flood","PutLarge",1,0,229.322,224.786,4.523
"Tenant 5 [Tier 4] Free-Tier Bulk Flood","ListBucket",1,0,227.932,223.258,4.648
"Tenant 5 [Tier 4] Free-Tier Bulk Flood","ListBucket",1,0,229.025,224.658,4.357
"Tenant 5 [Tier 4] Free-Tier Bulk Flood","PutLarge",1,0,230.615,226.003,4.600
"Tenant 5 [Tier 4] Free-Tier Bulk Flood","PutLarge",1,0,229.277,224.901,4.370
"Tenant 5 [Tier 4] Free-Tier Bulk Flood","ListBucket",1,0,230.337,225.967,4.347
"Tenant 5 [Tier 4] Free-Tier Bulk Flood","PutLarge",1,0,229.298,224.899,4.393
"Tenant 5 [Tier 4] Free-Tier Bulk Flood","PutLarge",1,0,229.934,225.550,4.377
"Tenant 5 [Tier 4] Free-Tier Bulk Flood","PutLarge",1,0,229.404,224.940,4.431
"Tenant 5 [Tier 4] Free-Tier Bulk Flood","ListBucket",1,0,229.324,224.855,4.410
"Tenant 5 [Tier 4] Free-Tier Bulk Flood","ListBucket",1,0,231.457,226.776,4.662
"Tenant 5 [Tier 4] Free-Tier Bulk Flood","ListBucket",1,0,229.657,225.019,4.630
"Tenant 5 [Tier 4] Free-Tier Bulk Flood","PutLarge",1,0,228.666,224.035,4.619
"Tenant 5 [Tier 4] Free-Tier Bulk Flood","PutLarge",1,0,229.628,225.149,4.468
"Tenant 5 [Tier 4] Free-Tier Bulk Flood","PutLarge",1,0,229.481,224.759,4.697
"Tenant 5 [Tier 4] Free-Tier Bulk Flood","PutLarge",1,0,229.755,225.143,4.602
"Tenant 5 [Tier 4] Free-Tier Bulk Flood","ListBucket",1,0,229.551,224.886,4.656
"Tenant 5 [Tier 4] Free-Tier Bulk Flood","PutLarge",1,0,229.092,224.717,4.371
"Tenant 5 [Tier 4] Free-Tier Bulk Flood","ListBucket",1,0,228.661,224.063,4.592
"Tenant 5 [Tier 4] Free-Tier Bulk Flood","PutLarge",1,0,229.045,224.419,4.615
"Tenant 5 [Tier 4] Free-Tier Bulk Flood","PutLarge",1,0,228.765,224.342,4.388
"Tenant 5 [Tier 4] Free-Tier Bulk Flood","ListBucket",1,0,229.273,224.670,4.559
"Tenant 5 [Tier 4] Free-Tier Bulk Flood","PutLarge",1,0,228.953,224.304,4.611
"Tenant 5 [Tier 4] Free-Tier Bulk Flood","PutLarge",1,0,229.187,224.538,4.601
"Tenant 5 [Tier 4] Free-Tier Bulk Flood","ListBucket",1,0,229.379,224.643,4.700
"Tenant 5 [Tier 4] Free-Tier Bulk Flood","PutLarge",1,0,228.824,224.481,4.330
"Tenant 5 [Tier 4] Free-Tier Bulk Flood","PutLarge",1,0,229.513,224.895,4.611
"Tenant 5 [Tier 4] Free-Tier Bulk Flood","ListBucket",1,0,228.388,223.626,4.713
"Tenant 5 [Tier 4] Free-Tier Bulk Flood","PutLarge",1,0,229.400,224.974,4.379
"Tenant 5 [Tier 4] Free-Tier Bulk Flood","ListBucket",1,0,228.769,224.025,4.679
"Tenant 5 [Tier 4] Free-Tier Bulk Flood","PutLarge",1,0,229.263,224.831,4.420
"Tenant 5 [Tier 4] Free-Tier Bulk Flood","ListBucket",1,0,229.695,225.379,4.299
"Tenant 5 [Tier 4] Free-Tier Bulk Flood","PutLarge",1,0,229.576,224.880,4.683
"Tenant 5 [Tier 4] Free-Tier Bulk Flood","PutLarge",1,0,229.532,224.993,4.482
"Tenant 5 [Tier 4] Free-Tier Bulk Flood","ListBucket",1,0,229.453,225.040,4.395
"Tenant 5 [Tier 4] Free-Tier Bulk Flood","ListBucket",1,0,229.214,224.863,4.337
"Tenant 5 [Tier 4] Free-Tier Bulk Flood","PutLarge",1,0,229.322,224.968,4.338
"Tenant 5 [Tier 4] Free-Tier Bulk Flood","PutLarge",1,0,227.556,223.003,4.503
"Tenant 5 [Tier 4] Free-Tier Bulk Flood","ListBucket",1,0,229.538,224.968,4.543
"Tenant 5 [Tier 4] Free-Tier Bulk Flood","PutLarge",1,0,227.280,222.917,4.355
"Tenant 5 [Tier 4] Free-Tier Bulk Flood","ListBucket",1,0,230.216,225.505,4.706
"Tenant 5 [Tier 4] Free-Tier Bulk Flood","ListBucket",1,0,227.870,223.151,4.707
"Tenant 5 [Tier 4] Free-Tier Bulk Flood","ListBucket",1,0,226.776,222.399,4.371
"Tenant 5 [Tier 4] Free-Tier Bulk Flood","ListBucket",1,0,227.673,223.358,4.307
"Tenant 5 [Tier 4] Free-Tier Bulk Flood","PutLarge",1,0,227.929,223.229,4.687
"Tenant 5 [Tier 4] Free-Tier Bulk Flood","PutLarge",1,0,227.790,223.454,4.300
"Tenant 5 [Tier 4] Free-Tier Bulk Flood","ListBucket",1,0,227.643,223.329,4.288
"Tenant 5 [Tier 4] Free-Tier Bulk Flood","PutLarge",1,0,226.653,222.095,4.552
"Tenant 5 [Tier 4] Free-Tier Bulk Flood","ListBucket",1,0,227.397,223.059,4.332
"Tenant 5 [Tier 4] Free-Tier Bulk Flood","PutLarge",1,0,228.623,224.051,4.529
"Tenant 5 [Tier 4] Free-Tier Bulk Flood","PutLarge",1,0,229.563,225.106,4.448
"Tenant 5 [Tier 4] Free-Tier Bulk Flood","PutLarge",1,0,228.667,224.002,4.658
"Tenant 5 [Tier 4] Free-Tier Bulk Flood","PutLarge",1,0,226.298,221.973,4.315
"Tenant 5 [Tier 4] Free-Tier Bulk Flood","ListBucket",1,0,228.097,223.729,4.360
"Tenant 5 [Tier 4] Free-Tier Bulk Flood","ListBucket",1,0,226.946,222.561,4.352
"Tenant 5 [Tier 4] Free-Tier Bulk Flood","PutLarge",1,0,228.910,224.459,4.447
"Tenant 5 [Tier 4] Free-Tier Bulk Flood","ListBucket",1,0,228.458,224.117,4.338
"Tenant 5 [Tier 4] Free-Tier Bulk Flood","PutLarge",1,0,228.672,224.018,4.648
"Tenant 5 [Tier 4] Free-Tier Bulk Flood","ListBucket",1,0,229.334,224.917,4.414
"Tenant 5 [Tier 4] Free-Tier Bulk Flood","PutLarge",1,0,227.765,223.232,4.525
"Tenant 5 [Tier 4] Free-Tier Bulk Flood","PutLarge",1,0,226.649,222.077,4.553
"Tenant 5 [Tier 4] Free-Tier Bulk Flood","ListBucket",1,0,229.944,225.532,4.376
"Tenant 5 [Tier 4] Free-Tier Bulk Flood","ListBucket",1,0,226.539,221.984,4.550
"Tenant 5 [Tier 4] Free-Tier Bulk Flood","PutLarge",1,0,219.204,214.550,4.649
"Tenant 5 [Tier 4] Free-Tier Bulk Flood","PutLarge",1,0,220.685,216.073,4.604
"Tenant 5 [Tier 4] Free-Tier Bulk Flood","ListBucket",1,0,219.477,215.026,4.444
"Tenant 5 [Tier 4] Free-Tier Bulk Flood","PutLarge",1,0,220.181,215.617,4.550
"Tenant 5 [Tier 4] Free-Tier Bulk Flood","PutLarge",1,0,220.346,215.814,4.528
"Tenant 5 [Tier 4] Free-Tier Bulk Flood","PutLarge",1,0,220.384,215.936,4.401
"Tenant 5 [Tier 4] Free-Tier Bulk Flood","ListBucket",1,0,220.291,215.782,4.480
"Tenant 5 [Tier 4] Free-Tier Bulk Flood","PutLarge",1,0,220.380,215.936,4.430
"Tenant 5 [Tier 4] Free-Tier Bulk Flood","ListBucket",1,0,222.180,217.619,4.526
"Tenant 5 [Tier 4] Free-Tier Bulk Flood","PutLarge",1,0,220.057,215.655,4.383
"Tenant 5 [Tier 4] Free-Tier Bulk Flood","PutLarge",1,0,219.682,215.290,4.326
"Tenant 5 [Tier 4] Free-Tier Bulk Flood","ListBucket",1,0,221.438,216.778,4.649
"Tenant 5 [Tier 4] Free-Tier Bulk Flood","PutLarge",1,0,220.216,215.755,4.450
"Tenant 5 [Tier 4] Free-Tier Bulk Flood","PutLarge",1,0,222.061,217.640,4.389
"Tenant 5 [Tier 4] Free-Tier Bulk Flood","PutLarge",1,0,223.516,218.979,4.526
"Tenant 5 [Tier 4] Free-Tier Bulk Flood","PutLarge",1,0,222.265,217.543,4.713
"Tenant 5 [Tier 4] Free-Tier Bulk Flood","ListBucket",1,0,222.940,218.578,4.353
"Tenant 5 [Tier 4] Free-Tier Bulk Flood","ListBucket",1,0,221.999,217.602,4.383
"Tenant 5 [Tier 4] Free-Tier Bulk Flood","PutLarge",1,0,222.298,217.713,4.577
"Tenant 5 [Tier 4] Free-Tier Bulk Flood","PutLarge",1,0,222.207,217.730,4.457
"Tenant 5 [Tier 4] Free-Tier Bulk Flood","PutLarge",1,0,222.427,218.104,4.316
"Tenant 5 [Tier 4] Free-Tier Bulk Flood","PutLarge",1,0,222.207,217.865,4.331
"Tenant 5 [Tier 4] Free-Tier Bulk Flood","ListBucket",1,0,222.224,217.829,4.360
"Tenant 5 [Tier 4] Free-Tier Bulk Flood","PutLarge",1,0,222.292,217.797,4.481
"Tenant 5 [Tier 4] Free-Tier Bulk Flood","PutLarge",1,0,222.586,218.008,4.568
"Tenant 5 [Tier 4] Free-Tier Bulk Flood","PutLarge",1,0,222.495,218.109,4.380
"Tenant 5 [Tier 4] Free-Tier Bulk Flood","ListBucket",1,0,220.923,216.550,4.363
"Tenant 5 [Tier 4] Free-Tier Bulk Flood","PutLarge",1,0,222.292,217.810,4.472
"Tenant 5 [Tier 4] Free-Tier Bulk Flood","PutLarge",1,0,222.381,217.788,4.575
"Tenant 5 [Tier 4] Free-Tier Bulk Flood","PutLarge",1,0,222.981,218.618,4.360
"Tenant 5 [Tier 4] Free-Tier Bulk Flood","ListBucket",1,0,222.220,217.907,4.306
"Tenant 5 [Tier 4] Free-Tier Bulk Flood","ListBucket",1,0,222.638,218.205,4.388
"Tenant 5 [Tier 4] Free-Tier Bulk Flood","ListBucket",1,0,222.241,217.602,4.633
"Tenant 5 [Tier 4] Free-Tier Bulk Flood","ListBucket",1,0,222.423,217.927,4.488
"Tenant 5 [Tier 4] Free-Tier Bulk Flood","PutLarge",1,0,222.686,218.380,4.301
"Tenant 5 [Tier 4] Free-Tier Bulk Flood","ListBucket",1,0,222.092,217.639,4.447
"Tenant 5 [Tier 4] Free-Tier Bulk Flood","PutLarge",1,0,222.335,218.039,4.280
"Tenant 5 [Tier 4] Free-Tier Bulk Flood","PutLarge",1,0,222.050,217.662,4.382
"Tenant 5 [Tier 4] Free-Tier Bulk Flood","PutLarge",1,0,222.143,217.710,4.413
"Tenant 5 [Tier 4] Free-Tier Bulk Flood","PutLarge",1,0,222.930,218.408,4.485
"Tenant 5 [Tier 4] Free-Tier Bulk Flood","PutLarge",1,0,221.905,217.474,4.409
"Tenant 5 [Tier 4] Free-Tier Bulk Flood","ListBucket",1,0,222.536,218.218,4.294
"Tenant 5 [Tier 4] Free-Tier Bulk Flood","ListBucket",1,0,222.008,217.556,4.416
"Tenant 5 [Tier 4] Free-Tier Bulk Flood","ListBucket",1,0,220.516,216.133,4.333
"Tenant 5 [Tier 4] Free-Tier Bulk Flood","PutLarge",1,0,222.259,217.869,4.366
"Tenant 5 [Tier 4] Free-Tier Bulk Flood","ListBucket",1,0,222.377,217.821,4.546
"Tenant 5 [Tier 4] Free-Tier Bulk Flood","ListBucket",1,0,222.111,217.531,4.574
"Tenant 5 [Tier 4] Free-Tier Bulk Flood","PutLarge",1,0,222.403,217.968,4.424
"Tenant 5 [Tier 4] Free-Tier Bulk Flood","PutLarge",1,0,221.814,217.128,4.676
"Tenant 5 [Tier 4] Free-Tier Bulk Flood","PutLarge",1,0,222.143,217.700,4.434
"Tenant 5 [Tier 4] Free-Tier Bulk Flood","PutLarge",1,0,222.002,217.256,4.699
"Tenant 5 [Tier 4] Free-Tier Bulk Flood","PutLarge",1,0,222.299,217.708,4.586
"Tenant 5 [Tier 4] Free-Tier Bulk Flood","ListBucket",1,0,221.971,217.660,4.305
"Tenant 5 [Tier 4] Free-Tier Bulk Flood","ListBucket",1,0,220.933,216.588,4.331
"Tenant 5 [Tier 4] Free-Tier Bulk Flood","PutLarge",1,0,221.936,217.418,4.482
"Tenant 5 [Tier 4] Free-Tier Bulk Flood","ListBucket",1,0,220.845,216.325,4.514
"Tenant 5 [Tier 4] Free-Tier Bulk Flood","ListBucket",1,0,221.955,217.601,4.344
"Tenant 5 [Tier 4] Free-Tier Bulk Flood","PutLarge",1,0,220.921,216.259,4.624
"Tenant 5 [Tier 4] Free-Tier Bulk Flood","ListBucket",1,0,221.647,217.217,4.422
"Tenant 5 [Tier 4] Free-Tier Bulk Flood","PutLarge",1,0,222.713,218.010,4.696
"Tenant 5 [Tier 4] Free-Tier Bulk Flood","ListBucket",1,0,221.894,217.366,4.523
"Tenant 5 [Tier 4] Free-Tier Bulk Flood","PutLarge",1,0,221.969,217.375,4.586
"Tenant 5 [Tier 4] Free-Tier Bulk Flood","PutLarge",1,0,222.080,217.555,4.519
"Tenant 5 [Tier 4] Free-Tier Bulk Flood","PutLarge",1,0,223.332,218.617,4.675
"Tenant 5 [Tier 4] Free-Tier Bulk Flood","ListBucket",1,0,223.612,219.020,4.586
"Tenant 5 [Tier 4] Free-Tier Bulk Flood","PutLarge",1,0,223.736,219.030,4.702
"Tenant 5 [Tier 4] Free-Tier Bulk Flood","PutLarge",1,0,223.664,219.163,4.494
"Tenant 5 [Tier 4] Free-Tier Bulk Flood","ListBucket",1,0,222.757,218.260,4.492
"Tenant 5 [Tier 4] Free-Tier Bulk Flood","ListBucket",1,0,222.468,217.739,4.711
"Tenant 5 [Tier 4] Free-Tier Bulk Flood","ListBucket",1,0,223.359,218.684,4.668
"Tenant 5 [Tier 4] Free-Tier Bulk Flood","PutLarge",1,0,222.855,218.445,4.404
"Tenant 5 [Tier 4] Free-Tier Bulk Flood","PutLarge",1,0,225.255,220.606,4.639
"Tenant 5 [Tier 4] Free-Tier Bulk Flood","PutLarge",1,0,224.006,219.583,4.415
"Tenant 5 [Tier 4] Free-Tier Bulk Flood","ListBucket",1,0,224.238,219.552,4.682
"Tenant 5 [Tier 4] Free-Tier Bulk Flood","PutLarge",1,0,223.933,219.575,4.351
"Tenant 5 [Tier 4] Free-Tier Bulk Flood","ListBucket",1,0,222.537,218.240,4.290
"Tenant 5 [Tier 4] Free-Tier Bulk Flood","PutLarge",1,0,226.062,221.599,4.449
"Tenant 5 [Tier 4] Free-Tier Bulk Flood","PutLarge",1,0,225.900,221.177,4.716
"Tenant 5 [Tier 4] Free-Tier Bulk Flood","PutLarge",1,0,225.905,221.579,4.312
"Tenant 5 [Tier 4] Free-Tier Bulk Flood","PutLarge",1,0,229.289,224.930,4.354
"Tenant 5 [Tier 4] Free-Tier Bulk Flood","ListBucket",1,0,225.818,221.473,4.338
"Tenant 5 [Tier 4] Free-Tier Bulk Flood","PutLarge",1,0,225.669,221.063,4.592
"Tenant 5 [Tier 4] Free-Tier Bulk Flood","PutLarge",1,0,225.802,221.364,4.433
"Tenant 5 [Tier 4] Free-Tier Bulk Flood","ListBucket",1,0,226.050,221.634,4.410
"Tenant 5 [Tier 4] Free-Tier Bulk Flood","ListBucket",1,0,225.713,221.271,4.435
"Tenant 5 [Tier 4] Free-Tier Bulk Flood","ListBucket",1,0,226.182,221.581,4.581
"Tenant 5 [Tier 4] Free-Tier Bulk Flood","PutLarge",1,0,225.862,221.197,4.657
"Tenant 5 [Tier 4] Free-Tier Bulk Flood","ListBucket",1,0,226.024,221.318,4.696
"Tenant 5 [Tier 4] Free-Tier Bulk Flood","PutLarge",1,0,225.959,221.274,4.671
"Tenant 5 [Tier 4] Free-Tier Bulk Flood","PutLarge",1,0,225.937,221.626,4.300
"Tenant 5 [Tier 4] Free-Tier Bulk Flood","ListBucket",1,0,225.960,221.569,4.378
"Tenant 5 [Tier 4] Free-Tier Bulk Flood","PutLarge",1,0,225.754,221.259,4.490
"Tenant 5 [Tier 4] Free-Tier Bulk Flood","PutLarge",1,0,225.778,221.373,4.373
"Tenant 5 [Tier 4] Free-Tier Bulk Flood","ListBucket",1,0,225.257,220.847,4.374
"Tenant 5 [Tier 4] Free-Tier Bulk Flood","ListBucket",1,0,223.969,219.678,4.276
"Tenant 5 [Tier 4] Free-Tier Bulk Flood","PutLarge",1,0,224.949,220.517,4.409
"Tenant 5 [Tier 4] Free-Tier Bulk Flood","PutLarge",1,0,224.198,219.566,4.618
"Tenant 5 [Tier 4] Free-Tier Bulk Flood","ListBucket",1,0,222.884,218.297,4.571
"Tenant 5 [Tier 4] Free-Tier Bulk Flood","ListBucket",1,0,226.517,222.206,4.297
"Tenant 5 [Tier 4] Free-Tier Bulk Flood","ListBucket",1,0,223.642,219.183,4.448
"Tenant 5 [Tier 4] Free-Tier Bulk Flood","PutLarge",1,0,223.326,218.917,4.396
"Tenant 5 [Tier 4] Free-Tier Bulk Flood","ListBucket",1,0,223.585,219.273,4.305
"Tenant 5 [Tier 4] Free-Tier Bulk Flood","ListBucket",1,0,223.737,219.127,4.591
"Tenant 5 [Tier 4] Free-Tier Bulk Flood","PutLarge",1,0,223.424,219.091,4.295
"Tenant 5 [Tier 4] Free-Tier Bulk Flood","PutLarge",1,0,223.530,218.787,4.722
"Tenant 5 [Tier 4] Free-Tier Bulk Flood","PutLarge",1,0,224.728,220.423,4.297
"Tenant 5 [Tier 4] Free-Tier Bulk Flood","PutLarge",1,0,225.727,221.327,4.366
"Tenant 5 [Tier 4] Free-Tier Bulk Flood","PutLarge",1,0,224.787,220.251,4.533
"Tenant 5 [Tier 4] Free-Tier Bulk Flood","PutLarge",1,0,224.234,219.624,4.596
"Tenant 5 [Tier 4] Free-Tier Bulk Flood","PutLarge",1,0,224.066,219.451,4.602
"Tenant 5 [Tier 4] Free-Tier Bulk Flood","PutLarge",1,0,224.492,219.922,4.565
"Tenant 5 [Tier 4] Free-Tier Bulk Flood","PutLarge",1,0,224.047,219.675,4.367
"Tenant 5 [Tier 4] Free-Tier Bulk Flood","PutLarge",1,0,225.892,221.405,4.469
"Tenant 5 [Tier 4] Free-Tier Bulk Flood","PutLarge",1,0,224.288,219.628,4.654
"Tenant 5 [Tier 4] Free-Tier Bulk Flood","ListBucket",1,0,225.649,221.277,4.351
"Tenant 5 [Tier 4] Free-Tier Bulk Flood","PutLarge",1,0,225.567,221.097,4.463
"Tenant 5 [Tier 4] Free-Tier Bulk Flood","ListBucket",1,0,225.463,220.868,4.582
"Tenant 5 [Tier 4] Free-Tier Bulk Flood","ListBucket",1,0,225.670,221.167,4.499
"Tenant 5 [Tier 4] Free-Tier Bulk Flood","PutLarge",1,0,224.926,220.586,4.306
"Tenant 5 [Tier 4] Free-Tier Bulk Flood","ListBucket",1,0,224.698,220.133,4.561
"Tenant 5 [Tier 4] Free-Tier Bulk Flood","ListBucket",1,0,224.953,220.485,4.463
"Tenant 5 [Tier 4] Free-Tier Bulk Flood","ListBucket",1,0,223.631,219.264,4.362
"Tenant 5 [Tier 4] Free-Tier Bulk Flood","ListBucket",1,0,224.947,220.422,4.496
"Tenant 5 [Tier 4] Free-Tier Bulk Flood","PutLarge",1,0,223.646,219.281,4.359
"Tenant 5 [Tier 4] Free-Tier Bulk Flood","ListBucket",1,0,226.389,222.056,4.319
"Tenant 5 [Tier 4] Free-Tier Bulk Flood","ListBucket",1,0,223.669,219.065,4.595
"Tenant 5 [Tier 4] Free-Tier Bulk Flood","PutLarge",1,0,224.752,220.053,4.687
"Tenant 5 [Tier 4] Free-Tier Bulk Flood","PutLarge",1,0,223.614,219.195,4.415
"Tenant 5 [Tier 4] Free-Tier Bulk Flood","PutLarge",1,0,225.352,220.743,4.597
"Tenant 5 [Tier 4] Free-Tier Bulk Flood","ListBucket",1,0,223.711,219.148,4.559
"Tenant 5 [Tier 4] Free-Tier Bulk Flood","ListBucket",1,0,223.814,219.487,4.315
"Tenant 5 [Tier 4] Free-Tier Bulk Flood","ListBucket",1,0,223.205,218.580,4.619
"Tenant 5 [Tier 4] Free-Tier Bulk Flood","PutLarge",1,0,223.949,219.506,4.429
"Tenant 5 [Tier 4] Free-Tier Bulk Flood","PutLarge",1,0,224.664,220.218,4.442
"Tenant 5 [Tier 4] Free-Tier Bulk Flood","PutLarge",1,0,224.129,219.462,4.626
"Tenant 5 [Tier 4] Free-Tier Bulk Flood","ListBucket",1,0,224.664,220.151,4.506
"Tenant 5 [Tier 4] Free-Tier Bulk Flood","PutLarge",1,0,224.515,219.777,4.719
"Tenant 5 [Tier 4] Free-Tier Bulk Flood","PutLarge",1,0,224.496,220.002,4.491
"Tenant 5 [Tier 4] Free-Tier Bulk Flood","ListBucket",1,0,224.611,220.098,4.490
"Tenant 5 [Tier 4] Free-Tier Bulk Flood","PutLarge",1,0,226.087,221.533,4.549
"Tenant 5 [Tier 4] Free-Tier Bulk Flood","PutLarge",1,0,225.483,221.100,4.348
"Tenant 5 [Tier 4] Free-Tier Bulk Flood","PutLarge",1,0,225.211,220.683,4.512
"Tenant 5 [Tier 4] Free-Tier Bulk Flood","PutLarge",1,0,225.334,220.970,4.359
"Tenant 5 [Tier 4] Free-Tier Bulk Flood","PutLarge",1,0,224.942,220.587,4.320
"Tenant 5 [Tier 4] Free-Tier Bulk Flood","ListBucket",1,0,225.689,221.079,4.574
"Tenant 5 [Tier 4] Free-Tier Bulk Flood","ListBucket",1,0,226.102,221.682,4.407
"Tenant 5 [Tier 4] Free-Tier Bulk Flood","ListBucket",1,0,225.416,220.686,4.718
"Tenant 5 [Tier 4] Free-Tier Bulk Flood","PutLarge",1,0,225.879,221.503,4.368
"Tenant 5 [Tier 4] Free-Tier Bulk Flood","ListBucket",1,0,226.037,221.594,4.423
"Tenant 5 [Tier 4] Free-Tier Bulk Flood","PutLarge",1,0,225.909,221.415,4.488
"Tenant 5 [Tier 4] Free-Tier Bulk Flood","PutLarge",1,0,226.998,222.715,4.278
"Tenant 5 [Tier 4] Free-Tier Bulk Flood","ListBucket",1,0,225.952,221.456,4.489
"Tenant 5 [Tier 4] Free-Tier Bulk Flood","ListBucket",1,0,226.868,222.519,4.333
"Tenant 5 [Tier 4] Free-Tier Bulk Flood","ListBucket",1,0,227.443,223.017,4.420
"Tenant 5 [Tier 4] Free-Tier Bulk Flood","ListBucket",1,0,227.418,223.084,4.316
"Tenant 5 [Tier 4] Free-Tier Bulk Flood","PutLarge",1,0,227.667,222.973,4.682
"Tenant 5 [Tier 4] Free-Tier Bulk Flood","PutLarge",1,0,225.373,220.678,4.680
"Tenant 5 [Tier 4] Free-Tier Bulk Flood","PutLarge",1,0,225.769,221.373,4.388
"Tenant 5 [Tier 4] Free-Tier Bulk Flood","PutLarge",1,0,222.571,217.966,4.586
"Tenant 5 [Tier 4] Free-Tier Bulk Flood","ListBucket",1,0,227.012,222.480,4.515
"Tenant 5 [Tier 4] Free-Tier Bulk Flood","ListBucket",1,0,226.095,221.486,4.589
"Tenant 5 [Tier 4] Free-Tier Bulk Flood","PutLarge",1,0,225.383,220.884,4.489
"Tenant 5 [Tier 4] Free-Tier Bulk Flood","ListBucket",1,0,225.915,221.552,4.359
"Tenant 5 [Tier 4] Free-Tier Bulk Flood","ListBucket",1,0,224.802,220.468,4.326
"Tenant 5 [Tier 4] Free-Tier Bulk Flood","PutLarge",1,0,225.814,221.471,4.338
"Tenant 5 [Tier 4] Free-Tier Bulk Flood","ListBucket",1,0,224.761,220.208,4.543
"Tenant 5 [Tier 4] Free-Tier Bulk Flood","ListBucket",1,0,224.088,219.651,4.421
"Tenant 5 [Tier 4] Free-Tier Bulk Flood","PutLarge",1,0,224.995,220.475,4.514
"Tenant 5 [Tier 4] Free-Tier Bulk Flood","PutLarge",1,0,224.792,220.350,4.438
"Tenant 5 [Tier 4] Free-Tier Bulk Flood","PutLarge",1,0,225.130,220.669,4.448
"Tenant 5 [Tier 4] Free-Tier Bulk Flood","PutLarge",1,0,224.999,220.379,4.613
"Tenant 5 [Tier 4] Free-Tier Bulk Flood","ListBucket",1,0,225.124,220.643,4.466
"Tenant 5 [Tier 4] Free-Tier Bulk Flood","PutLarge",1,0,225.083,220.715,4.364
"Tenant 5 [Tier 4] Free-Tier Bulk Flood","PutLarge",1,0,225.792,221.197,4.590
"Tenant 5 [Tier 4] Free-Tier Bulk Flood","PutLarge",1,0,225.225,220.806,4.398
"Tenant 5 [Tier 4] Free-Tier Bulk Flood","PutLarge",1,0,225.669,221.373,4.292
"Tenant 5 [Tier 4] Free-Tier Bulk Flood","PutLarge",1,0,227.198,222.670,4.523
"Tenant 5 [Tier 4] Free-Tier Bulk Flood","PutLarge",1,0,228.009,223.318,4.687
"Tenant 5 [Tier 4] Free-Tier Bulk Flood","ListBucket",1,0,227.342,222.806,4.529
"Tenant 5 [Tier 4] Free-Tier Bulk Flood","PutLarge",1,0,227.225,222.772,4.449
"Tenant 5 [Tier 4] Free-Tier Bulk Flood","ListBucket",1,0,226.661,222.323,4.331
"Tenant 5 [Tier 4] Free-Tier Bulk Flood","PutLarge",1,0,227.589,222.915,4.640
"Tenant 5 [Tier 4] Free-Tier Bulk Flood","PutLarge",1,0,226.486,222.072,4.401
"Tenant 5 [Tier 4] Free-Tier Bulk Flood","ListBucket",1,0,227.880,223.261,4.581
"Tenant 5 [Tier 4] Free-Tier Bulk Flood","ListBucket",1,0,226.815,222.113,4.694
"Tenant 5 [Tier 4] Free-Tier Bulk Flood","PutLarge",1,0,226.316,221.856,4.421
"Tenant 5 [Tier 4] Free-Tier Bulk Flood","PutLarge",1,0,227.107,222.402,4.700
"Tenant 5 [Tier 4] Free-Tier Bulk Flood","ListBucket",1,0,224.369,219.979,4.385
"Tenant 5 [Tier 4] Free-Tier Bulk Flood","PutLarge",1,0,226.399,221.801,4.581
"Tenant 5 [Tier 4] Free-Tier Bulk Flood","PutLarge",1,0,226.161,221.603,4.552
"Tenant 5 [Tier 4] Free-Tier Bulk Flood","PutLarge",1,0,227.120,222.767,4.333
"Tenant 5 [Tier 4] Free-Tier Bulk Flood","PutLarge",1,0,225.738,221.180,4.509
"Tenant 5 [Tier 4] Free-Tier Bulk Flood","PutLarge",1,0,225.601,221.108,4.490
"Tenant 5 [Tier 4] Free-Tier Bulk Flood","PutLarge",1,0,226.910,222.624,4.279
"Tenant 5 [Tier 4] Free-Tier Bulk Flood","ListBucket",1,0,226.239,221.558,4.674
"Tenant 5 [Tier 4] Free-Tier Bulk Flood","ListBucket",1,0,226.547,221.995,4.547
"Tenant 5 [Tier 4] Free-Tier Bulk Flood","ListBucket",1,0,225.656,221.274,4.377
"Tenant 5 [Tier 4] Free-Tier Bulk Flood","PutLarge",1,0,226.365,222.023,4.305
"Tenant 5 [Tier 4] Free-Tier Bulk Flood","PutLarge",1,0,226.473,221.788,4.637
"Tenant 5 [Tier 4] Free-Tier Bulk Flood","PutLarge",1,0,226.490,221.790,4.696
"Tenant 5 [Tier 4] Free-Tier Bulk Flood","PutLarge",1,0,226.328,222.009,4.284
"Tenant 5 [Tier 4] Free-Tier Bulk Flood","ListBucket",1,0,227.834,223.213,4.576
"Tenant 5 [Tier 4] Free-Tier Bulk Flood","PutLarge",1,0,226.573,221.890,4.651
"Tenant 5 [Tier 4] Free-Tier Bulk Flood","ListBucket",1,0,227.653,223.053,4.588
"Tenant 5 [Tier 4] Free-Tier Bulk Flood","PutLarge",1,0,227.037,222.370,4.661
"Tenant 5 [Tier 4] Free-Tier Bulk Flood","ListBucket",1,0,227.025,222.461,4.551
"Tenant 5 [Tier 4] Free-Tier Bulk Flood","PutLarge",1,0,227.024,222.329,4.678
"Tenant 5 [Tier 4] Free-Tier Bulk Flood","PutLarge",1,0,227.320,222.611,4.673
"Tenant 5 [Tier 4] Free-Tier Bulk Flood","PutLarge",1,0,227.000,222.392,4.574
"Tenant 5 [Tier 4] Free-Tier Bulk Flood","PutLarge",1,0,227.298,222.781,4.509
"Tenant 5 [Tier 4] Free-Tier Bulk Flood","ListBucket",1,0,228.084,223.622,4.458
"Tenant 5 [Tier 4] Free-Tier Bulk Flood","ListBucket",1,0,226.967,222.454,4.507
"Tenant 5 [Tier 4] Free-Tier Bulk Flood","PutLarge",1,0,228.324,223.611,4.708
"Tenant 5 [Tier 4] Free-Tier Bulk Flood","ListBucket",1,0,226.915,222.502,4.378
"Tenant 5 [Tier 4] Free-Tier Bulk Flood","PutLarge",1,0,228.123,223.610,4.504
"Tenant 5 [Tier 4] Free-Tier Bulk Flood","ListBucket",1,0,226.896,222.398,4.493
"Tenant 5 [Tier 4] Free-Tier Bulk Flood","PutLarge",1,0,228.005,223.353,4.616
"Tenant 5 [Tier 4] Free-Tier Bulk Flood","ListBucket",1,0,227.546,222.936,4.589
"Tenant 5 [Tier 4] Free-Tier Bulk Flood","PutLarge",1,0,227.913,223.469,4.437
"Tenant 5 [Tier 4] Free-Tier Bulk Flood","PutLarge",1,0,227.173,222.534,4.622
"Tenant 5 [Tier 4] Free-Tier Bulk Flood","PutLarge",1,0,227.017,222.521,4.484
"Tenant 5 [Tier 4] Free-Tier Bulk Flood","ListBucket",1,0,227.973,223.461,4.478
"Tenant 5 [Tier 4] Free-Tier Bulk Flood","ListBucket",1,0,228.830,224.458,4.367
"Tenant 5 [Tier 4] Free-Tier Bulk Flood","PutLarge",1,0,228.741,224.195,4.538
"Tenant 5 [Tier 4] Free-Tier Bulk Flood","ListBucket",1,0,227.924,223.599,4.289
"Tenant 5 [Tier 4] Free-Tier Bulk Flood","ListBucket",1,0,229.001,224.571,4.427
"Tenant 5 [Tier 4] Free-Tier Bulk Flood","ListBucket",1,0,228.102,223.498,4.592
"Tenant 5 [Tier 4] Free-Tier Bulk Flood","PutLarge",1,0,229.406,224.795,4.596
"Tenant 5 [Tier 4] Free-Tier Bulk Flood","PutLarge",1,0,227.620,222.972,4.639
"Tenant 5 [Tier 4] Free-Tier Bulk Flood","ListBucket",1,0,227.517,223.107,4.402
"Tenant 5 [Tier 4] Free-Tier Bulk Flood","PutLarge",1,0,229.319,224.926,4.385
"Tenant 5 [Tier 4] Free-Tier Bulk Flood","ListBucket",1,0,228.554,224.026,4.524
"Tenant 5 [Tier 4] Free-Tier Bulk Flood","ListBucket",1,0,228.523,224.171,4.347
"Tenant 5 [Tier 4] Free-Tier Bulk Flood","PutLarge",1,0,230.394,225.951,4.431
"Tenant 5 [Tier 4] Free-Tier Bulk Flood","ListBucket",1,0,227.815,223.198,4.614
"Tenant 5 [Tier 4] Free-Tier Bulk Flood","PutLarge",1,0,227.445,223.066,4.371
"Tenant 5 [Tier 4] Free-Tier Bulk Flood","ListBucket",1,0,224.636,220.029,4.602
"Tenant 5 [Tier 4] Free-Tier Bulk Flood","ListBucket",1,0,224.676,220.003,4.658
"Tenant 5 [Tier 4] Free-Tier Bulk Flood","PutLarge",1,0,224.059,219.426,4.620
"Tenant 5 [Tier 4] Free-Tier Bulk Flood","ListBucket",1,0,221.086,216.444,4.624
"Tenant 5 [Tier 4] Free-Tier Bulk Flood","PutLarge",1,0,218.317,213.735,4.578
"Tenant 5 [Tier 4] Free-Tier Bulk Flood","PutLarge",1,0,216.880,212.494,4.381
"Tenant 5 [Tier 4] Free-Tier Bulk Flood","ListBucket",1,0,217.393,212.761,4.598
"Tenant 5 [Tier 4] Free-Tier Bulk Flood","PutLarge",1,0,218.144,213.459,4.671
"Tenant 5 [Tier 4] Free-Tier Bulk Flood","ListBucket",1,0,217.579,213.066,4.499
"Tenant 5 [Tier 4] Free-Tier Bulk Flood","ListBucket",1,0,218.337,213.605,4.711
"Tenant 5 [Tier 4] Free-Tier Bulk Flood","ListBucket",1,0,219.051,214.650,4.392
"Tenant 5 [Tier 4] Free-Tier Bulk Flood","PutLarge",1,0,218.293,213.791,4.493
"Tenant 5 [Tier 4] Free-Tier Bulk Flood","PutLarge",1,0,218.317,213.666,4.603
"Tenant 5 [Tier 4] Free-Tier Bulk Flood","ListBucket",1,0,215.621,210.966,4.637
"Tenant 5 [Tier 4] Free-Tier Bulk Flood","PutLarge",1,0,218.397,213.749,4.629
"Tenant 5 [Tier 4] Free-Tier Bulk Flood","ListBucket",1,0,218.285,213.733,4.534
"Tenant 5 [Tier 4] Free-Tier Bulk Flood","PutLarge",1,0,218.558,214.040,4.509
"Tenant 5 [Tier 4] Free-Tier Bulk Flood","ListBucket",1,0,218.077,213.631,4.441
"Tenant 5 [Tier 4] Free-Tier Bulk Flood","ListBucket",1,0,218.683,214.057,4.623
"Tenant 5 [Tier 4] Free-Tier Bulk Flood","PutLarge",1,0,218.023,213.553,4.456
"Tenant 5 [Tier 4] Free-Tier Bulk Flood","PutLarge",1,0,216.852,212.351,4.454
"Tenant 5 [Tier 4] Free-Tier Bulk Flood","PutLarge",1,0,217.845,213.339,4.470
"Tenant 5 [Tier 4] Free-Tier Bulk Flood","PutLarge",1,0,216.927,212.402,4.515
"Tenant 5 [Tier 4] Free-Tier Bulk Flood","ListBucket",1,0,218.011,213.404,4.572
"Tenant 5 [Tier 4] Free-Tier Bulk Flood","PutLarge",1,0,217.801,213.209,4.558
"Tenant 5 [Tier 4] Free-Tier Bulk Flood","PutLarge",1,0,217.842,213.326,4.512
"Tenant 5 [Tier 4] Free-Tier Bulk Flood","ListBucket",1,0,217.597,212.890,4.703
"Tenant 5 [Tier 4] Free-Tier Bulk Flood","ListBucket",1,0,217.602,213.036,4.531
"Tenant 5 [Tier 4] Free-Tier Bulk Flood","ListBucket",1,0,216.934,212.467,4.419
"Tenant 5 [Tier 4] Free-Tier Bulk Flood","PutLarge",1,0,216.122,211.681,4.434
"Tenant 5 [Tier 4] Free-Tier Bulk Flood","PutLarge",1,0,216.664,212.234,4.419
"Tenant 5 [Tier 4] Free-Tier Bulk Flood","PutLarge",1,0,218.177,213.449,4.692
"Tenant 5 [Tier 4] Free-Tier Bulk Flood","PutLarge",1,0,219.142,214.585,4.525
"Tenant 5 [Tier 4] Free-Tier Bulk Flood","ListBucket",1,0,214.852,210.182,4.646
"Tenant 5 [Tier 4] Free-Tier Bulk Flood","PutLarge",1,0,216.629,212.034,4.584
"Tenant 5 [Tier 4] Free-Tier Bulk Flood","PutLarge",1,0,218.536,213.871,4.630
"Tenant 5 [Tier 4] Free-Tier Bulk Flood","PutLarge",1,0,216.459,212.106,4.331
"Tenant 5 [Tier 4] Free-Tier Bulk Flood","PutLarge",1,0,217.061,212.371,4.640
"Tenant 5 [Tier 4] Free-Tier Bulk Flood","ListBucket",1,0,216.144,211.790,4.305
"Tenant 5 [Tier 4] Free-Tier Bulk Flood","PutLarge",1,0,217.426,212.950,4.466
"Tenant 5 [Tier 4] Free-Tier Bulk Flood","PutLarge",1,0,216.944,212.606,4.332
"Tenant 5 [Tier 4] Free-Tier Bulk Flood","PutLarge",1,0,217.754,213.164,4.547
"Tenant 5 [Tier 4] Free-Tier Bulk Flood","PutLarge",1,0,216.652,212.231,4.385
"Tenant 5 [Tier 4] Free-Tier Bulk Flood","PutLarge",1,0,217.486,213.089,4.391
"Tenant 5 [Tier 4] Free-Tier Bulk Flood","PutLarge",1,0,218.958,214.640,4.309
"Tenant 5 [Tier 4] Free-Tier Bulk Flood","ListBucket",1,0,217.249,212.847,4.368
"Tenant 5 [Tier 4] Free-Tier Bulk Flood","PutLarge",1,0,218.931,214.282,4.583
"Tenant 5 [Tier 4] Free-Tier Bulk Flood","PutLarge",1,0,217.744,213.086,4.622
"Tenant 5 [Tier 4] Free-Tier Bulk Flood","PutLarge",1,0,217.494,212.899,4.548
"Tenant 5 [Tier 4] Free-Tier Bulk Flood","ListBucket",1,0,218.485,213.761,4.720
"Tenant 5 [Tier 4] Free-Tier Bulk Flood","PutLarge",1,0,217.109,212.794,4.309
"Tenant 5 [Tier 4] Free-Tier Bulk Flood","PutLarge",1,0,218.138,213.783,4.338
"Tenant 5 [Tier 4] Free-Tier Bulk Flood","PutLarge",1,0,216.991,212.497,4.472
"Tenant 5 [Tier 4] Free-Tier Bulk Flood","PutLarge",1,0,218.282,213.631,4.617
"Tenant 5 [Tier 4] Free-Tier Bulk Flood","ListBucket",1,0,218.425,213.670,4.705
"Tenant 5 [Tier 4] Free-Tier Bulk Flood","PutLarge",1,0,218.865,214.551,4.309
"Tenant 5 [Tier 4] Free-Tier Bulk Flood","ListBucket",1,0,218.118,213.743,4.324
"Tenant 5 [Tier 4] Free-Tier Bulk Flood","ListBucket",1,0,218.797,214.490,4.294
"Tenant 5 [Tier 4] Free-Tier Bulk Flood","ListBucket",1,0,216.936,212.432,4.500
"Tenant 5 [Tier 4] Free-Tier Bulk Flood","PutLarge",1,0,218.756,214.329,4.418
"Tenant 5 [Tier 4] Free-Tier Bulk Flood","PutLarge",1,0,218.471,214.058,4.410
"Tenant 5 [Tier 4] Free-Tier Bulk Flood","PutLarge",1,0,219.522,215.131,4.383
"Tenant 5 [Tier 4] Free-Tier Bulk Flood","ListBucket",1,0,218.599,214.052,4.533
"Tenant 5 [Tier 4] Free-Tier Bulk Flood","PutLarge",1,0,218.240,213.632,4.597
"Tenant 5 [Tier 4] Free-Tier Bulk Flood","ListBucket",1,0,218.279,213.908,4.365
"Tenant 5 [Tier 4] Free-Tier Bulk Flood","PutLarge",1,0,219.758,215.223,4.522
"Tenant 5 [Tier 4] Free-Tier Bulk Flood","PutLarge",1,0,219.945,215.491,4.446
"Tenant 5 [Tier 4] Free-Tier Bulk Flood","PutLarge",1,0,220.569,216.035,4.529
"Tenant 5 [Tier 4] Free-Tier Bulk Flood","ListBucket",1,0,218.795,214.384,4.404
"Tenant 5 [Tier 4] Free-Tier Bulk Flood","PutLarge",1,0,220.844,216.268,4.567
"Tenant 5 [Tier 4] Free-Tier Bulk Flood","PutLarge",1,0,219.803,215.275,4.515
"Tenant 5 [Tier 4] Free-Tier Bulk Flood","PutLarge",1,0,220.360,215.842,4.512
"Tenant 5 [Tier 4] Free-Tier Bulk Flood","ListBucket",1,0,220.482,215.803,4.676
"Tenant 5 [Tier 4] Free-Tier Bulk Flood","PutLarge",1,0,222.261,217.647,4.609
"Tenant 5 [Tier 4] Free-Tier Bulk Flood","PutLarge",1,0,220.701,216.295,4.403
"Tenant 5 [Tier 4] Free-Tier Bulk Flood","PutLarge",1,0,222.830,218.251,4.573
"Tenant 5 [Tier 4] Free-Tier Bulk Flood","ListBucket",1,0,221.701,217.261,4.433
"Tenant 5 [Tier 4] Free-Tier Bulk Flood","ListBucket",1,0,219.210,214.657,4.546
"Tenant 5 [Tier 4] Free-Tier Bulk Flood","PutLarge",1,0,221.386,216.679,4.703
"Tenant 5 [Tier 4] Free-Tier Bulk Flood","PutLarge",1,0,220.364,215.810,4.533
"Tenant 5 [Tier 4] Free-Tier Bulk Flood","PutLarge",1,0,221.849,217.151,4.692
"Tenant 5 [Tier 4] Free-Tier Bulk Flood","ListBucket",1,0,220.064,215.341,4.718
"Tenant 5 [Tier 4] Free-Tier Bulk Flood","PutLarge",1,0,224.698,220.140,4.552
"Tenant 5 [Tier 4] Free-Tier Bulk Flood","PutLarge",1,0,220.969,216.370,4.592
"Tenant 5 [Tier 4] Free-Tier Bulk Flood","ListBucket",1,0,220.601,216.032,4.556
"Tenant 5 [Tier 4] Free-Tier Bulk Flood","ListBucket",1,0,220.893,216.572,4.307
"Tenant 5 [Tier 4] Free-Tier Bulk Flood","PutLarge",1,0,221.705,217.271,4.430
"Tenant 5 [Tier 4] Free-Tier Bulk Flood","PutLarge",1,0,220.659,216.205,4.448
"Tenant 5 [Tier 4] Free-Tier Bulk Flood","PutLarge",1,0,221.563,217.175,4.355
"Tenant 5 [Tier 4] Free-Tier Bulk Flood","ListBucket",1,0,220.361,215.832,4.519
"Tenant 5 [Tier 4] Free-Tier Bulk Flood","PutLarge",1,0,222.043,217.465,4.573
"Tenant 5 [Tier 4] Free-Tier Bulk Flood","PutLarge",1,0,222.095,217.413,4.678
"Tenant 5 [Tier 4] Free-Tier Bulk Flood","ListBucket",1,0,221.938,217.301,4.632
"Tenant 5 [Tier 4] Free-Tier Bulk Flood","PutLarge",1,0,223.781,219.255,4.520
"Tenant 5 [Tier 4] Free-Tier Bulk Flood","PutLarge",1,0,221.688,217.249,4.425
"Tenant 5 [Tier 4] Free-Tier Bulk Flood","PutLarge",1,0,221.139,216.641,4.461
"Tenant 5 [Tier 4] Free-Tier Bulk Flood","PutLarge",1,0,221.635,217.185,4.445
"Tenant 5 [Tier 4] Free-Tier Bulk Flood","PutLarge",1,0,221.104,216.751,4.321
"Tenant 5 [Tier 4] Free-Tier Bulk Flood","PutLarge",1,0,221.804,217.112,4.679
"Tenant 5 [Tier 4] Free-Tier Bulk Flood","ListBucket",1,0,219.798,215.082,4.700
"Tenant 5 [Tier 4] Free-Tier Bulk Flood","PutLarge",1,0,221.205,216.899,4.293
"Tenant 5 [Tier 4] Free-Tier Bulk Flood","PutLarge",1,0,222.586,218.143,4.414
"Tenant 5 [Tier 4] Free-Tier Bulk Flood","ListBucket",1,0,221.256,216.703,4.503
"Tenant 5 [Tier 4] Free-Tier Bulk Flood","ListBucket",1,0,221.683,217.101,4.542
"Tenant 5 [Tier 4] Free-Tier Bulk Flood","ListBucket",1,0,221.328,216.651,4.652
"Tenant 5 [Tier 4] Free-Tier Bulk Flood","PutLarge",1,0,221.530,217.190,4.301
"Tenant 5 [Tier 4] Free-Tier Bulk Flood","ListBucket",1,0,221.515,217.091,4.390
"Tenant 5 [Tier 4] Free-Tier Bulk Flood","ListBucket",1,0,221.890,217.171,4.683
"Tenant 5 [Tier 4] Free-Tier Bulk Flood","PutLarge",1,0,221.970,217.451,4.496
"Tenant 5 [Tier 4] Free-Tier Bulk Flood","PutLarge",1,0,223.479,218.920,4.534
"Tenant 5 [Tier 4] Free-Tier Bulk Flood","PutLarge",1,0,222.123,217.577,4.522
"Tenant 5 [Tier 4] Free-Tier Bulk Flood","PutLarge",1,0,221.707,217.009,4.656
"Tenant 5 [Tier 4] Free-Tier Bulk Flood","PutLarge",1,0,221.940,217.571,4.355
"Tenant 5 [Tier 4] Free-Tier Bulk Flood","ListBucket",1,0,224.649,220.343,4.284
"Tenant 5 [Tier 4] Free-Tier Bulk Flood","ListBucket",1,0,221.810,217.345,4.445
"Tenant 5 [Tier 4] Free-Tier Bulk Flood","PutLarge",1,0,221.176,216.785,4.386
"Tenant 5 [Tier 4] Free-Tier Bulk Flood","ListBucket",1,0,222.218,217.462,4.713
"Tenant 5 [Tier 4] Free-Tier Bulk Flood","ListBucket",1,0,220.830,216.429,4.387
"Tenant 5 [Tier 4] Free-Tier Bulk Flood","PutLarge",1,0,222.272,217.580,4.656
"Tenant 5 [Tier 4] Free-Tier Bulk Flood","PutLarge",1,0,221.109,216.364,4.709
"Tenant 5 [Tier 4] Free-Tier Bulk Flood","PutLarge",1,0,222.350,217.634,4.683
"Tenant 5 [Tier 4] Free-Tier Bulk Flood","PutLarge",1,0,221.178,216.484,4.657
"Tenant 5 [Tier 4] Free-Tier Bulk Flood","ListBucket",1,0,222.493,217.957,4.492
"Tenant 5 [Tier 4] Free-Tier Bulk Flood","PutLarge",1,0,220.744,216.208,4.533
"Tenant 5 [Tier 4] Free-Tier Bulk Flood","PutLarge",1,0,219.982,215.632,4.345
"Tenant 5 [Tier 4] Free-Tier Bulk Flood","ListBucket",1,0,220.741,216.330,4.404
"Tenant 5 [Tier 4] Free-Tier Bulk Flood","ListBucket",1,0,219.382,214.932,4.446
"Tenant 5 [Tier 4] Free-Tier Bulk Flood","ListBucket",1,0,220.305,215.946,4.311
"Tenant 5 [Tier 4] Free-Tier Bulk Flood","ListBucket",1,0,220.521,216.182,4.302
"Tenant 5 [Tier 4] Free-Tier Bulk Flood","PutLarge",1,0,220.067,215.580,4.423
"Tenant 5 [Tier 4] Free-Tier Bulk Flood","PutLarge",1,0,220.884,216.226,4.608
"Tenant 5 [Tier 4] Free-Tier Bulk Flood","PutLarge",1,0,220.133,215.708,4.377
"Tenant 5 [Tier 4] Free-Tier Bulk Flood","PutLarge",1,0,220.802,216.429,4.338
"Tenant 5 [Tier 4] Free-Tier Bulk Flood","ListBucket",1,0,220.030,215.491,4.515
"Tenant 5 [Tier 4] Free-Tier Bulk Flood","PutLarge",1,0,219.613,215.073,4.491
"Tenant 5 [Tier 4] Free-Tier Bulk Flood","PutLarge",1,0,220.258,215.715,4.493
"Tenant 5 [Tier 4] Free-Tier Bulk Flood","ListBucket",1,0,218.911,214.513,4.374
"Tenant 5 [Tier 4] Free-Tier Bulk Flood","PutLarge",1,0,220.665,215.933,4.715
"Tenant 5 [Tier 4] Free-Tier Bulk Flood","PutLarge",1,0,222.448,217.954,4.458
"Tenant 5 [Tier 4] Free-Tier Bulk Flood","PutLarge",1,0,221.947,217.650,4.280
"Tenant 5 [Tier 4] Free-Tier Bulk Flood","PutLarge",1,0,220.662,216.257,4.371
"Tenant 5 [Tier 4] Free-Tier Bulk Flood","ListBucket",1,0,219.742,215.404,4.334
"Tenant 5 [Tier 4] Free-Tier Bulk Flood","PutLarge",1,0,220.521,216.088,4.401
"Tenant 5 [Tier 4] Free-Tier Bulk Flood","PutLarge",1,0,221.915,217.216,4.693
"Tenant 5 [Tier 4] Free-Tier Bulk Flood","PutLarge",1,0,221.851,217.312,4.524
"Tenant 5 [Tier 4] Free-Tier Bulk Flood","ListBucket",1,0,220.331,215.897,4.428
"Tenant 5 [Tier 4] Free-Tier Bulk Flood","PutLarge",1,0,220.967,216.416,4.546
"Tenant 5 [Tier 4] Free-Tier Bulk Flood","PutLarge",1,0,221.308,216.955,4.318
"Tenant 5 [Tier 4] Free-Tier Bulk Flood","PutLarge",1,0,222.957,218.350,4.600
"Tenant 5 [Tier 4] Free-Tier Bulk Flood","ListBucket",1,0,219.727,215.220,4.502
"Tenant 5 [Tier 4] Free-Tier Bulk Flood","ListBucket",1,0,220.051,215.448,4.598
"Tenant 5 [Tier 4] Free-Tier Bulk Flood","PutLarge",1,0,218.965,214.582,4.379
"Tenant 5 [Tier 4] Free-Tier Bulk Flood","PutLarge",1,0,221.594,217.291,4.297
"Tenant 5 [Tier 4] Free-Tier Bulk Flood","ListBucket",1,0,220.446,215.731,4.712
"Tenant 5 [Tier 4] Free-Tier Bulk Flood","ListBucket",1,0,220.217,215.662,4.540
"Tenant 5 [Tier 4] Free-Tier Bulk Flood","PutLarge",1,0,219.116,214.728,4.384
"Tenant 5 [Tier 4] Free-Tier Bulk Flood","ListBucket",1,0,221.638,217.111,4.520
"Tenant 5 [Tier 4] Free-Tier Bulk Flood","PutLarge",1,0,220.560,215.878,4.678
"Tenant 5 [Tier 4] Free-Tier Bulk Flood","PutLarge",1,0,222.298,217.635,4.653
"Tenant 5 [Tier 4] Free-Tier Bulk Flood","ListBucket",1,0,221.200,216.769,4.425
"Tenant 5 [Tier 4] Free-Tier Bulk Flood","PutLarge",1,0,222.751,218.421,4.324
"Tenant 5 [Tier 4] Free-Tier Bulk Flood","PutLarge",1,0,227.829,223.397,4.426
"Tenant 5 [Tier 4] Free-Tier Bulk Flood","ListBucket",1,0,227.879,223.316,4.557
"Tenant 5 [Tier 4] Free-Tier Bulk Flood","PutLarge",1,0,223.470,218.885,4.570
"Tenant 5 [Tier 4] Free-Tier Bulk Flood","PutLarge",1,0,223.986,219.549,4.433
"Tenant 5 [Tier 4] Free-Tier Bulk Flood","ListBucket",1,0,223.735,219.162,4.568
"Tenant 5 [Tier 4] Free-Tier Bulk Flood","PutLarge",1,0,223.762,219.335,4.422
"Tenant 5 [Tier 4] Free-Tier Bulk Flood","PutLarge",1,0,223.613,219.272,4.324
"Tenant 5 [Tier 4] Free-Tier Bulk Flood","ListBucket",1,0,223.873,219.393,4.469
"Tenant 5 [Tier 4] Free-Tier Bulk Flood","PutLarge",1,0,221.970,217.534,4.430
"Tenant 5 [Tier 4] Free-Tier Bulk Flood","PutLarge",1,0,225.186,220.630,4.504
"Tenant 5 [Tier 4] Free-Tier Bulk Flood","PutLarge",1,0,221.817,217.392,4.413
"Tenant 5 [Tier 4] Free-Tier Bulk Flood","PutLarge",1,0,223.469,219.012,4.443
"Tenant 5 [Tier 4] Free-Tier Bulk Flood","ListBucket",1,0,222.728,218.365,4.334
"Tenant 5 [Tier 4] Free-Tier Bulk Flood","ListBucket",1,0,223.448,218.877,4.559
"Tenant 5 [Tier 4] Free-Tier Bulk Flood","PutLarge",1,0,222.662,218.251,4.401
"Tenant 5 [Tier 4] Free-Tier Bulk Flood","ListBucket",1,0,223.327,218.625,4.682
"Tenant 5 [Tier 4] Free-Tier Bulk Flood","ListBucket",1,0,222.939,218.303,4.601
"Tenant 5 [Tier 4] Free-Tier Bulk Flood","PutLarge",1,0,223.158,218.606,4.538
"Tenant 5 [Tier 4] Free-Tier Bulk Flood","PutLarge",1,0,224.616,219.995,4.611
"Tenant 5 [Tier 4] Free-Tier Bulk Flood","PutLarge",1,0,224.022,219.567,4.414
"Tenant 5 [Tier 4] Free-Tier Bulk Flood","PutLarge",1,0,221.750,217.344,4.391
"Tenant 5 [Tier 4] Free-Tier Bulk Flood","ListBucket",1,0,221.134,216.425,4.698
"Tenant 5 [Tier 4] Free-Tier Bulk Flood","PutLarge",1,0,222.620,218.078,4.528
"Tenant 5 [Tier 4] Free-Tier Bulk Flood","PutLarge",1,0,224.250,219.817,4.422
"Tenant 5 [Tier 4] Free-Tier Bulk Flood","PutLarge",1,0,222.818,218.258,4.553
"Tenant 5 [Tier 4] Free-Tier Bulk Flood","PutLarge",1,0,224.135,219.843,4.286
"Tenant 5 [Tier 4] Free-Tier Bulk Flood","PutLarge",1,0,224.059,219.628,4.422
"Tenant 5 [Tier 4] Free-Tier Bulk Flood","PutLarge",1,0,224.246,219.591,4.622
"Tenant 5 [Tier 4] Free-Tier Bulk Flood","PutLarge",1,0,223.962,219.524,4.424
"Tenant 5 [Tier 4] Free-Tier Bulk Flood","ListBucket",1,0,222.285,217.788,4.486
"Tenant 5 [Tier 4] Free-Tier Bulk Flood","PutLarge",1,0,223.312,218.840,4.458
"Tenant 5 [Tier 4] Free-Tier Bulk Flood","PutLarge",1,0,225.028,220.570,4.438
"Tenant 5 [Tier 4] Free-Tier Bulk Flood","ListBucket",1,0,223.810,219.116,4.687
"Tenant 5 [Tier 4] Free-Tier Bulk Flood","PutLarge",1,0,224.598,220.298,4.294
"Tenant 5 [Tier 4] Free-Tier Bulk Flood","PutLarge",1,0,224.290,219.630,4.636
"Tenant 5 [Tier 4] Free-Tier Bulk Flood","ListBucket",1,0,223.706,219.322,4.352
"Tenant 5 [Tier 4] Free-Tier Bulk Flood","PutLarge",1,0,224.934,220.302,4.628
"Tenant 5 [Tier 4] Free-Tier Bulk Flood","PutLarge",1,0,223.785,219.273,4.462
"Tenant 5 [Tier 4] Free-Tier Bulk Flood","PutLarge",1,0,224.873,220.201,4.640
"Tenant 5 [Tier 4] Free-Tier Bulk Flood","PutLarge",1,0,223.955,219.380,4.570
"Tenant 5 [Tier 4] Free-Tier Bulk Flood","ListBucket",1,0,224.577,220.155,4.381
"Tenant 5 [Tier 4] Free-Tier Bulk Flood","PutLarge",1,0,224.013,219.409,4.592
"Tenant 5 [Tier 4] Free-Tier Bulk Flood","ListBucket",1,0,225.323,220.582,4.710
"Tenant 5 [Tier 4] Free-Tier Bulk Flood","PutLarge",1,0,224.611,219.886,4.687
"Tenant 5 [Tier 4] Free-Tier Bulk Flood","ListBucket",1,0,224.964,220.519,4.416
"Tenant 5 [Tier 4] Free-Tier Bulk Flood","ListBucket",1,0,225.143,220.545,4.564
"Tenant 5 [Tier 4] Free-Tier Bulk Flood","PutLarge",1,0,225.148,220.697,4.385
"Tenant 5 [Tier 4] Free-Tier Bulk Flood","PutLarge",1,0,225.273,220.801,4.438
"Tenant 5 [Tier 4] Free-Tier Bulk Flood","PutLarge",1,0,225.047,220.680,4.356
"Tenant 5 [Tier 4] Free-Tier Bulk Flood","ListBucket",1,0,222.795,218.388,4.375
"Tenant 5 [Tier 4] Free-Tier Bulk Flood","ListBucket",1,0,225.036,220.582,4.415
"Tenant 5 [Tier 4] Free-Tier Bulk Flood","PutLarge",1,0,224.401,219.929,4.466
"Tenant 5 [Tier 4] Free-Tier Bulk Flood","ListBucket",1,0,224.910,220.495,4.399
"Tenant 5 [Tier 4] Free-Tier Bulk Flood","ListBucket",1,0,224.518,219.862,4.621
"Tenant 5 [Tier 4] Free-Tier Bulk Flood","ListBucket",1,0,224.710,220.266,4.414
"Tenant 5 [Tier 4] Free-Tier Bulk Flood","ListBucket",1,0,224.762,220.452,4.277
"Tenant 5 [Tier 4] Free-Tier Bulk Flood","ListBucket",1,0,223.061,218.599,4.437
"Tenant 5 [Tier 4] Free-Tier Bulk Flood","ListBucket",1,0,222.327,217.898,4.395
"Tenant 5 [Tier 4] Free-Tier Bulk Flood","PutLarge",1,0,224.190,219.722,4.458
"Tenant 5 [Tier 4] Free-Tier Bulk Flood","ListBucket",1,0,223.783,219.434,4.313
"Tenant 5 [Tier 4] Free-Tier Bulk Flood","PutLarge",1,0,224.519,219.847,4.667
"Tenant 5 [Tier 4] Free-Tier Bulk Flood","ListBucket",1,0,223.245,218.884,4.357
"Tenant 5 [Tier 4] Free-Tier Bulk Flood","ListBucket",1,0,222.446,217.692,4.722
"Tenant 5 [Tier 4] Free-Tier Bulk Flood","PutLarge",1,0,224.773,220.141,4.620
"Tenant 5 [Tier 4] Free-Tier Bulk Flood","PutLarge",1,0,223.371,219.091,4.277
"Tenant 5 [Tier 4] Free-Tier Bulk Flood","PutLarge",1,0,223.656,219.342,4.310
"Tenant 5 [Tier 4] Free-Tier Bulk Flood","PutLarge",1,0,223.409,218.740,4.663
"Tenant 5 [Tier 4] Free-Tier Bulk Flood","ListBucket",1,0,224.142,219.721,4.414
"Tenant 5 [Tier 4] Free-Tier Bulk Flood","ListBucket",1,0,222.968,218.546,4.417
"Tenant 5 [Tier 4] Free-Tier Bulk Flood","ListBucket",1,0,223.660,219.028,4.626
"Tenant 5 [Tier 4] Free-Tier Bulk Flood","ListBucket",1,0,224.786,220.470,4.302
"Tenant 5 [Tier 4] Free-Tier Bulk Flood","PutLarge",1,0,225.046,220.485,4.556
"Tenant 5 [Tier 4] Free-Tier Bulk Flood","PutLarge",1,0,225.252,220.963,4.285
"Tenant 5 [Tier 4] Free-Tier Bulk Flood","PutLarge",1,0,224.436,220.001,4.423
"Tenant 5 [Tier 4] Free-Tier Bulk Flood","PutLarge",1,0,226.524,221.920,4.600
"Tenant 5 [Tier 4] Free-Tier Bulk Flood","ListBucket",1,0,224.151,219.569,4.572
"Tenant 5 [Tier 4] Free-Tier Bulk Flood","PutLarge",1,0,221.984,217.551,4.425
"Tenant 5 [Tier 4] Free-Tier Bulk Flood","PutLarge",1,0,222.476,218.159,4.308
"Tenant 5 [Tier 4] Free-Tier Bulk Flood","PutLarge",1,0,222.340,217.669,4.653
"Tenant 5 [Tier 4] Free-Tier Bulk Flood","PutLarge",1,0,218.975,214.571,4.388
"Tenant 5 [Tier 4] Free-Tier Bulk Flood","PutLarge",1,0,221.699,217.191,4.503
"Tenant 5 [Tier 4] Free-Tier Bulk Flood","PutLarge",1,0,223.193,218.795,4.393
"Tenant 5 [Tier 4] Free-Tier Bulk Flood","PutLarge",1,0,221.453,217.019,4.422
"Tenant 5 [Tier 4] Free-Tier Bulk Flood","PutLarge",1,0,219.321,214.608,4.699
"Tenant 5 [Tier 4] Free-Tier Bulk Flood","PutLarge",1,0,221.477,216.860,4.609
"Tenant 5 [Tier 4] Free-Tier Bulk Flood","PutLarge",1,0,219.744,215.136,4.603
"Tenant 5 [Tier 4] Free-Tier Bulk Flood","ListBucket",1,0,221.410,217.104,4.294
"Tenant 5 [Tier 4] Free-Tier Bulk Flood","PutLarge",1,0,219.717,215.265,4.417
"Tenant 5 [Tier 4] Free-Tier Bulk Flood","ListBucket",1,0,221.110,216.712,4.352
"Tenant 5 [Tier 4] Free-Tier Bulk Flood","ListBucket",1,0,219.469,215.155,4.279
"Tenant 5 [Tier 4] Free-Tier Bulk Flood","PutLarge",1,0,221.356,216.689,4.638
"Tenant 5 [Tier 4] Free-Tier Bulk Flood","ListBucket",1,0,219.580,215.002,4.573
"Tenant 5 [Tier 4] Free-Tier Bulk Flood","PutLarge",1,0,221.538,216.956,4.547
"Tenant 5 [Tier 4] Free-Tier Bulk Flood","ListBucket",1,0,219.849,215.180,4.636
"Tenant 5 [Tier 4] Free-Tier Bulk Flood","ListBucket",1,0,221.406,216.665,4.706
"Tenant 5 [Tier 4] Free-Tier Bulk Flood","PutLarge",1,0,219.207,214.901,4.300
"Tenant 5 [Tier 4] Free-Tier Bulk Flood","PutLarge",1,0,220.848,216.530,4.289
"Tenant 5 [Tier 4] Free-Tier Bulk Flood","PutLarge",1,0,219.156,214.677,4.475
"Tenant 5 [Tier 4] Free-Tier Bulk Flood","PutLarge",1,0,220.768,216.225,4.507
"Tenant 5 [Tier 4] Free-Tier Bulk Flood","PutLarge",1,0,219.234,214.707,4.491
"Tenant 5 [Tier 4] Free-Tier Bulk Flood","ListBucket",1,0,221.044,216.348,4.681
"Tenant 5 [Tier 4] Free-Tier Bulk Flood","ListBucket",1,0,221.844,217.534,4.306
"Tenant 5 [Tier 4] Free-Tier Bulk Flood","PutLarge",1,0,220.687,216.218,4.459
"Tenant 5 [Tier 4] Free-Tier Bulk Flood","ListBucket",1,0,218.270,213.663,4.592
"Tenant 5 [Tier 4] Free-Tier Bulk Flood","PutLarge",1,0,220.565,216.166,4.393
"Tenant 5 [Tier 4] Free-Tier Bulk Flood","PutLarge",1,0,219.523,215.010,4.478
"Tenant 5 [Tier 4] Free-Tier Bulk Flood","ListBucket",1,0,219.252,214.593,4.612
"Tenant 5 [Tier 4] Free-Tier Bulk Flood","PutLarge",1,0,219.514,214.890,4.589
"Tenant 5 [Tier 4] Free-Tier Bulk Flood","PutLarge",1,0,219.249,214.768,4.469
"Tenant 5 [Tier 4] Free-Tier Bulk Flood","PutLarge",1,0,221.339,216.715,4.594
"Tenant 5 [Tier 4] Free-Tier Bulk Flood","PutLarge",1,0,219.495,214.878,4.583
"Tenant 5 [Tier 4] Free-Tier Bulk Flood","PutLarge",1,0,218.657,214.228,4.375
"Tenant 5 [Tier 4] Free-Tier Bulk Flood","PutLarge",1,0,219.524,214.820,4.694
"Tenant 5 [Tier 4] Free-Tier Bulk Flood","ListBucket",1,0,219.041,214.632,4.375
"Tenant 5 [Tier 4] Free-Tier Bulk Flood","ListBucket",1,0,219.475,214.878,4.547
"Tenant 5 [Tier 4] Free-Tier Bulk Flood","ListBucket",1,0,219.561,215.193,4.364
"Tenant 5 [Tier 4] Free-Tier Bulk Flood","PutLarge",1,0,219.112,214.804,4.303
"Tenant 5 [Tier 4] Free-Tier Bulk Flood","ListBucket",1,0,219.699,215.069,4.622
"Tenant 5 [Tier 4] Free-Tier Bulk Flood","PutLarge",1,0,218.235,213.846,4.376
"Tenant 5 [Tier 4] Free-Tier Bulk Flood","PutLarge",1,0,219.792,215.106,4.679
"Tenant 5 [Tier 4] Free-Tier Bulk Flood","PutLarge",1,0,218.217,213.826,4.359
"Tenant 5 [Tier 4] Free-Tier Bulk Flood","PutLarge",1,0,218.501,213.837,4.633
"Tenant 5 [Tier 4] Free-Tier Bulk Flood","PutLarge",1,0,219.763,215.100,4.660
"Tenant 5 [Tier 4] Free-Tier Bulk Flood","PutLarge",1,0,220.250,215.744,4.502
"Tenant 5 [Tier 4] Free-Tier Bulk Flood","PutLarge",1,0,219.978,215.668,4.297
"Tenant 5 [Tier 4] Free-Tier Bulk Flood","PutLarge",1,0,219.283,214.594,4.684
"Tenant 5 [Tier 4] Free-Tier Bulk Flood","PutLarge",1,0,220.097,215.540,4.523
"Tenant 5 [Tier 4] Free-Tier Bulk Flood","PutLarge",1,0,220.422,215.736,4.652
"Tenant 5 [Tier 4] Free-Tier Bulk Flood","PutLarge",1,0,220.279,215.698,4.559
"Tenant 5 [Tier 4] Free-Tier Bulk Flood","PutLarge",1,0,222.683,218.254,4.423
"Tenant 5 [Tier 4] Free-Tier Bulk Flood","PutLarge",1,0,220.370,215.857,4.509
"Tenant 5 [Tier 4] Free-Tier Bulk Flood","PutLarge",1,0,221.261,216.665,4.592
"Tenant 5 [Tier 4] Free-Tier Bulk Flood","PutLarge",1,0,222.261,217.880,4.347
"Tenant 5 [Tier 4] Free-Tier Bulk Flood","PutLarge",1,0,222.615,218.159,4.408
"Tenant 5 [Tier 4] Free-Tier Bulk Flood","PutLarge",1,0,222.040,217.548,4.443
"Tenant 5 [Tier 4] Free-Tier Bulk Flood","PutLarge",1,0,223.314,218.701,4.597
"Tenant 5 [Tier 4] Free-Tier Bulk Flood","ListBucket",1,0,223.554,218.933,4.574
"Tenant 5 [Tier 4] Free-Tier Bulk Flood","ListBucket",1,0,223.284,218.928,4.352
"Tenant 5 [Tier 4] Free-Tier Bulk Flood","ListBucket",1,0,221.238,216.738,4.465
"Tenant 5 [Tier 4] Free-Tier Bulk Flood","ListBucket",1,0,221.793,217.418,4.341
"Tenant 5 [Tier 4] Free-Tier Bulk Flood","PutLarge",1,0,222.436,218.035,4.396
"Tenant 5 [Tier 4] Free-Tier Bulk Flood","PutLarge",1,0,224.287,219.823,4.457
"Tenant 5 [Tier 4] Free-Tier Bulk Flood","PutLarge",1,0,223.202,218.547,4.635
"Tenant 5 [Tier 4] Free-Tier Bulk Flood","PutLarge",1,0,223.731,219.143,4.576
"Tenant 5 [Tier 4] Free-Tier Bulk Flood","PutLarge",1,0,225.448,220.958,4.483
"Tenant 5 [Tier 4] Free-Tier Bulk Flood","PutLarge",1,0,224.829,220.408,4.407
"Tenant 5 [Tier 4] Free-Tier Bulk Flood","PutLarge",1,0,222.665,218.243,4.415
"Tenant 5 [Tier 4] Free-Tier Bulk Flood","ListBucket",1,0,222.896,218.218,4.642
"Tenant 5 [Tier 4] Free-Tier Bulk Flood","PutLarge",1,0,225.400,220.999,4.396
"Tenant 5 [Tier 4] Free-Tier Bulk Flood","ListBucket",1,0,224.432,219.911,4.514
"Tenant 5 [Tier 4] Free-Tier Bulk Flood","PutLarge",1,0,226.274,221.554,4.715
"Tenant 5 [Tier 4] Free-Tier Bulk Flood","PutLarge",1,0,225.083,220.402,4.672
"Tenant 5 [Tier 4] Free-Tier Bulk Flood","ListBucket",1,0,223.881,219.560,4.316
"Tenant 5 [Tier 4] Free-Tier Bulk Flood","PutLarge",1,0,224.901,220.535,4.359
"Tenant 5 [Tier 4] Free-Tier Bulk Flood","PutLarge",1,0,222.395,218.064,4.324
"Tenant 5 [Tier 4] Free-Tier Bulk Flood","PutLarge",1,0,224.742,220.250,4.488
"Tenant 5 [Tier 4] Free-Tier Bulk Flood","ListBucket",1,0,225.365,220.729,4.620
"Tenant 5 [Tier 4] Free-Tier Bulk Flood","ListBucket",1,0,223.146,218.816,4.323
"Tenant 5 [Tier 4] Free-Tier Bulk Flood","PutLarge",1,0,224.527,219.995,4.527
"Tenant 5 [Tier 4] Free-Tier Bulk Flood","ListBucket",1,0,225.824,221.394,4.423
"Tenant 5 [Tier 4] Free-Tier Bulk Flood","PutLarge",1,0,223.076,218.504,4.561
"Tenant 5 [Tier 4] Free-Tier Bulk Flood","ListBucket",1,0,217.996,213.689,4.303
"Tenant 5 [Tier 4] Free-Tier Bulk Flood","ListBucket",1,0,218.364,213.809,4.538
"Tenant 5 [Tier 4] Free-Tier Bulk Flood","ListBucket",1,0,218.604,213.939,4.660
"Tenant 5 [Tier 4] Free-Tier Bulk Flood","PutLarge",1,0,218.500,213.781,4.702
"Tenant 5 [Tier 4] Free-Tier Bulk Flood","ListBucket",1,0,218.561,213.978,4.575
"Tenant 5 [Tier 4] Free-Tier Bulk Flood","PutLarge",1,0,218.118,213.706,4.395
"Tenant 5 [Tier 4] Free-Tier Bulk Flood","PutLarge",1,0,218.853,214.094,4.724
"Tenant 5 [Tier 4] Free-Tier Bulk Flood","PutLarge",1,0,218.380,213.990,4.306
"Tenant 5 [Tier 4] Free-Tier Bulk Flood","ListBucket",1,0,215.829,211.451,4.354
"Tenant 5 [Tier 4] Free-Tier Bulk Flood","PutLarge",1,0,219.196,214.533,4.622
"Tenant 5 [Tier 4] Free-Tier Bulk Flood","PutLarge",1,0,218.820,214.360,4.452
"Tenant 5 [Tier 4] Free-Tier Bulk Flood","PutLarge",1,0,218.954,214.330,4.617
"Tenant 5 [Tier 4] Free-Tier Bulk Flood","ListBucket",1,0,218.685,214.154,4.527
"Tenant 5 [Tier 4] Free-Tier Bulk Flood","ListBucket",1,0,218.611,214.268,4.340
"Tenant 5 [Tier 4] Free-Tier Bulk Flood","ListBucket",1,0,219.316,214.956,4.309
"Tenant 5 [Tier 4] Free-Tier Bulk Flood","ListBucket",1,0,217.625,213.270,4.317
"Tenant 5 [Tier 4] Free-Tier Bulk Flood","ListBucket",1,0,219.531,214.819,4.674
"Tenant 5 [Tier 4] Free-Tier Bulk Flood","ListBucket",1,0,217.567,213.081,4.454
"Tenant 5 [Tier 4] Free-Tier Bulk Flood","PutLarge",1,0,218.127,213.600,4.492
"Tenant 5 [Tier 4] Free-Tier Bulk Flood","ListBucket",1,0,217.323,212.880,4.409
"Tenant 5 [Tier 4] Free-Tier Bulk Flood","PutLarge",1,0,218.412,213.826,4.554
"Tenant 5 [Tier 4] Free-Tier Bulk Flood","PutLarge",1,0,217.584,213.100,4.418
"Tenant 5 [Tier 4] Free-Tier Bulk Flood","PutLarge",1,0,218.858,214.188,4.638
"Tenant 5 [Tier 4] Free-Tier Bulk Flood","PutLarge",1,0,217.799,213.158,4.606
"Tenant 5 [Tier 4] Free-Tier Bulk Flood","PutLarge",1,0,217.648,213.327,4.316
"Tenant 5 [Tier 4] Free-Tier Bulk Flood","ListBucket",1,0,217.848,213.128,4.715
"Tenant 5 [Tier 4] Free-Tier Bulk Flood","PutLarge",1,0,217.508,213.027,4.477
"Tenant 5 [Tier 4] Free-Tier Bulk Flood","ListBucket",1,0,215.726,211.242,4.472
"Tenant 5 [Tier 4] Free-Tier Bulk Flood","PutLarge",1,0,218.045,213.414,4.619
"Tenant 5 [Tier 4] Free-Tier Bulk Flood","ListBucket",1,0,218.104,213.631,4.431
"Tenant 5 [Tier 4] Free-Tier Bulk Flood","PutLarge",1,0,218.280,213.856,4.410
"Tenant 5 [Tier 4] Free-Tier Bulk Flood","PutLarge",1,0,217.711,213.361,4.299
"Tenant 5 [Tier 4] Free-Tier Bulk Flood","PutLarge",1,0,218.285,213.886,4.351
"Tenant 5 [Tier 4] Free-Tier Bulk Flood","ListBucket",1,0,217.829,213.123,4.701
"Tenant 5 [Tier 4] Free-Tier Bulk Flood","PutLarge",1,0,218.262,213.892,4.364
"Tenant 5 [Tier 4] Free-Tier Bulk Flood","PutLarge",1,0,217.880,213.569,4.299
"Tenant 5 [Tier 4] Free-Tier Bulk Flood","ListBucket",1,0,216.037,211.447,4.579
"Tenant 5 [Tier 4] Free-Tier Bulk Flood","ListBucket",1,0,218.400,213.857,4.513
"Tenant 5 [Tier 4] Free-Tier Bulk Flood","ListBucket",1,0,216.403,212.025,4.343
"Tenant 5 [Tier 4] Free-Tier Bulk Flood","PutLarge",1,0,218.342,214.017,4.318
"Tenant 5 [Tier 4] Free-Tier Bulk Flood","ListBucket",1,0,217.816,213.094,4.714
"Tenant 5 [Tier 4] Free-Tier Bulk Flood","ListBucket",1,0,215.334,210.665,4.656
"Tenant 5 [Tier 4] Free-Tier Bulk Flood","ListBucket",1,0,215.980,211.363,4.552
"Tenant 5 [Tier 4] Free-Tier Bulk Flood","PutLarge",1,0,215.595,211.085,4.501
"Tenant 5 [Tier 4] Free-Tier Bulk Flood","ListBucket",1,0,213.656,209.290,4.327
"Tenant 5 [Tier 4] Free-Tier Bulk Flood","PutLarge",1,0,217.042,212.385,4.642
"Tenant 5 [Tier 4] Free-Tier Bulk Flood","ListBucket",1,0,215.701,211.145,4.543
"Tenant 5 [Tier 4] Free-Tier Bulk Flood","ListBucket",1,0,215.138,210.598,4.532
"Tenant 5 [Tier 4] Free-Tier Bulk Flood","PutLarge",1,0,215.900,211.227,4.658
"Tenant 5 [Tier 4] Free-Tier Bulk Flood","ListBucket",1,0,215.064,210.635,4.410
"Tenant 5 [Tier 4] Free-Tier Bulk Flood","PutLarge",1,0,215.673,211.337,4.301
"Tenant 5 [Tier 4] Free-Tier Bulk Flood","ListBucket",1,0,213.284,208.727,4.508
"Tenant 5 [Tier 4] Free-Tier Bulk Flood","PutLarge",1,0,214.164,209.669,4.477
"Tenant 5 [Tier 4] Free-Tier Bulk Flood","PutLarge",1,0,215.679,211.116,4.560
"Tenant 5 [Tier 4] Free-Tier Bulk Flood","ListBucket",1,0,214.080,209.550,4.492
"Tenant 5 [Tier 4] Free-Tier Bulk Flood","ListBucket",1,0,215.351,211.052,4.296
"Tenant 5 [Tier 4] Free-Tier Bulk Flood","ListBucket",1,0,214.133,209.740,4.377
"Tenant 5 [Tier 4] Free-Tier Bulk Flood","ListBucket",1,0,215.279,210.821,4.454
"Tenant 5 [Tier 4] Free-Tier Bulk Flood","ListBucket",1,0,214.371,210.027,4.305
"Tenant 5 [Tier 4] Free-Tier Bulk Flood","PutLarge",1,0,214.473,210.084,4.356
"Tenant 5 [Tier 4] Free-Tier Bulk Flood","PutLarge",1,0,214.278,209.574,4.688
"Tenant 5 [Tier 4] Free-Tier Bulk Flood","PutLarge",1,0,215.546,210.897,4.642
"Tenant 5 [Tier 4] Free-Tier Bulk Flood","PutLarge",1,0,215.479,211.130,4.342
"Tenant 5 [Tier 4] Free-Tier Bulk Flood","PutLarge",1,0,215.560,211.054,4.470
"Tenant 5 [Tier 4] Free-Tier Bulk Flood","PutLarge",1,0,214.682,210.209,4.458
"Tenant 5 [Tier 4] Free-Tier Bulk Flood","PutLarge",1,0,215.829,211.437,4.384
"Tenant 5 [Tier 4] Free-Tier Bulk Flood","ListBucket",1,0,214.387,209.747,4.635
"Tenant 5 [Tier 4] Free-Tier Bulk Flood","PutLarge",1,0,215.040,210.675,4.363
"Tenant 5 [Tier 4] Free-Tier Bulk Flood","ListBucket",1,0,217.756,213.050,4.702
"Tenant 5 [Tier 4] Free-Tier Bulk Flood","PutLarge",1,0,216.031,211.678,4.345
"Tenant 5 [Tier 4] Free-Tier Bulk Flood","ListBucket",1,0,216.379,211.638,4.725
"Tenant 5 [Tier 4] Free-Tier Bulk Flood","ListBucket",1,0,218.468,213.910,4.551
"Tenant 5 [Tier 4] Free-Tier Bulk Flood","PutLarge",1,0,217.486,213.073,4.402
"Tenant 5 [Tier 4] Free-Tier Bulk Flood","PutLarge",1,0,217.767,213.336,4.426
"Tenant 5 [Tier 4] Free-Tier Bulk Flood","ListBucket",1,0,215.535,211.245,4.286
"Tenant 5 [Tier 4] Free-Tier Bulk Flood","PutLarge",1,0,217.317,212.941,4.366
"Tenant 5 [Tier 4] Free-Tier Bulk Flood","ListBucket",1,0,218.120,213.379,4.712
"Tenant 5 [Tier 4] Free-Tier Bulk Flood","PutLarge",1,0,221.183,216.544,4.632
"Tenant 5 [Tier 4] Free-Tier Bulk Flood","PutLarge",1,0,224.267,219.637,4.618
"Tenant 5 [Tier 4] Free-Tier Bulk Flood","PutLarge",1,0,222.781,218.392,4.382
"Tenant 5 [Tier 4] Free-Tier Bulk Flood","PutLarge",1,0,222.041,217.641,4.393
"Tenant 5 [Tier 4] Free-Tier Bulk Flood","PutLarge",1,0,222.071,217.458,4.599
"Tenant 5 [Tier 4] Free-Tier Bulk Flood","ListBucket",1,0,222.065,217.373,4.688
"Tenant 5 [Tier 4] Free-Tier Bulk Flood","PutLarge",1,0,221.695,217.326,4.354
"Tenant 5 [Tier 4] Free-Tier Bulk Flood","ListBucket",1,0,221.959,217.474,4.480
"Tenant 5 [Tier 4] Free-Tier Bulk Flood","PutLarge",1,0,222.266,217.646,4.615
"Tenant 5 [Tier 4] Free-Tier Bulk Flood","ListBucket",1,0,221.851,217.197,4.651
"Tenant 5 [Tier 4] Free-Tier Bulk Flood","PutLarge",1,0,221.326,216.647,4.645
"Tenant 5 [Tier 4] Free-Tier Bulk Flood","PutLarge",1,0,221.796,217.486,4.302
"Tenant 5 [Tier 4] Free-Tier Bulk Flood","ListBucket",1,0,221.561,217.201,4.328
"Tenant 5 [Tier 4] Free-Tier Bulk Flood","ListBucket",1,0,221.703,217.312,4.382
"Tenant 5 [Tier 4] Free-Tier Bulk Flood","ListBucket",1,0,221.064,216.336,4.724
"Tenant 5 [Tier 4] Free-Tier Bulk Flood","PutLarge",1,0,221.426,216.938,4.484
"Tenant 5 [Tier 4] Free-Tier Bulk Flood","PutLarge",1,0,221.653,217.109,4.527
"Tenant 5 [Tier 4] Free-Tier Bulk Flood","ListBucket",1,0,221.765,217.076,4.655
"Tenant 5 [Tier 4] Free-Tier Bulk Flood","PutLarge",1,0,222.975,218.508,4.392
"Tenant 5 [Tier 4] Free-Tier Bulk Flood","PutLarge",1,0,221.478,217.076,4.371
"Tenant 5 [Tier 4] Free-Tier Bulk Flood","ListBucket",1,0,221.113,216.460,4.614
"Tenant 5 [Tier 4] Free-Tier Bulk Flood","PutLarge",1,0,223.192,218.504,4.634
"Tenant 5 [Tier 4] Free-Tier Bulk Flood","PutLarge",1,0,223.395,218.707,4.656
"Tenant 5 [Tier 4] Free-Tier Bulk Flood","PutLarge",1,0,223.616,218.995,4.590
"Tenant 5 [Tier 4] Free-Tier Bulk Flood","PutLarge",1,0,223.540,218.888,4.605
"Tenant 5 [Tier 4] Free-Tier Bulk Flood","PutLarge",1,0,223.595,218.980,4.593
"Tenant 5 [Tier 4] Free-Tier Bulk Flood","PutLarge",1,0,223.191,218.880,4.306
"Tenant 5 [Tier 4] Free-Tier Bulk Flood","PutLarge",1,0,223.262,218.834,4.403
"Tenant 5 [Tier 4] Free-Tier Bulk Flood","PutLarge",1,0,223.152,218.509,4.603
"Tenant 5 [Tier 4] Free-Tier Bulk Flood","ListBucket",1,0,222.959,218.399,4.553
"Tenant 5 [Tier 4] Free-Tier Bulk Flood","PutLarge",1,0,223.273,218.649,4.588
"Tenant 5 [Tier 4] Free-Tier Bulk Flood","PutLarge",1,0,224.547,220.134,4.408
"Tenant 5 [Tier 4] Free-Tier Bulk Flood","PutLarge",1,0,223.047,218.546,4.486
"Tenant 5 [Tier 4] Free-Tier Bulk Flood","ListBucket",1,0,222.366,217.735,4.626
"Tenant 5 [Tier 4] Free-Tier Bulk Flood","PutLarge",1,0,223.084,218.692,4.357
"Tenant 5 [Tier 4] Free-Tier Bulk Flood","PutLarge",1,0,222.692,217.947,4.711
"Tenant 5 [Tier 4] Free-Tier Bulk Flood","PutLarge",1,0,223.051,218.374,4.644
"Tenant 5 [Tier 4] Free-Tier Bulk Flood","PutLarge",1,0,222.866,218.353,4.479
"Tenant 5 [Tier 4] Free-Tier Bulk Flood","ListBucket",1,0,222.030,217.558,4.438
"Tenant 5 [Tier 4] Free-Tier Bulk Flood","PutLarge",1,0,225.026,220.452,4.563
"Tenant 5 [Tier 4] Free-Tier Bulk Flood","PutLarge",1,0,223.986,219.663,4.288
"Tenant 5 [Tier 4] Free-Tier Bulk Flood","PutLarge",1,0,224.356,219.982,4.368
"Tenant 5 [Tier 4] Free-Tier Bulk Flood","ListBucket",1,0,224.039,219.655,4.354
"Tenant 5 [Tier 4] Free-Tier Bulk Flood","ListBucket",1,0,224.151,219.630,4.504
"Tenant 5 [Tier 4] Free-Tier Bulk Flood","ListBucket",1,0,225.194,220.544,4.619
"Tenant 5 [Tier 4] Free-Tier Bulk Flood","ListBucket",1,0,224.245,219.542,4.684
"Tenant 5 [Tier 4] Free-Tier Bulk Flood","ListBucket",1,0,224.860,220.177,4.677
"Tenant 5 [Tier 4] Free-Tier Bulk Flood","ListBucket",1,0,223.849,219.451,4.361
"Tenant 5 [Tier 4] Free-Tier Bulk Flood","PutLarge",1,0,225.996,221.364,4.627
"Tenant 5 [Tier 4] Free-Tier Bulk Flood","ListBucket",1,0,223.628,218.998,4.614
"Tenant 5 [Tier 4] Free-Tier Bulk Flood","PutLarge",1,0,224.733,220.274,4.455
"Tenant 5 [Tier 4] Free-Tier Bulk Flood","PutLarge",1,0,223.589,218.940,4.645
"Tenant 5 [Tier 4] Free-Tier Bulk Flood","PutLarge",1,0,224.972,220.310,4.657
"Tenant 5 [Tier 4] Free-Tier Bulk Flood","PutLarge",1,0,225.483,220.828,4.650
"Tenant 5 [Tier 4] Free-Tier Bulk Flood","ListBucket",1,0,224.996,220.436,4.541
"Tenant 5 [Tier 4] Free-Tier Bulk Flood","PutLarge",1,0,225.718,221.013,4.700
"Tenant 5 [Tier 4] Free-Tier Bulk Flood","ListBucket",1,0,223.589,219.188,4.394
"Tenant 5 [Tier 4] Free-Tier Bulk Flood","PutLarge",1,0,225.597,221.210,4.370
"Tenant 5 [Tier 4] Free-Tier Bulk Flood","ListBucket",1,0,224.554,219.853,4.667
"Tenant 5 [Tier 4] Free-Tier Bulk Flood","PutLarge",1,0,225.850,221.195,4.651
"Tenant 5 [Tier 4] Free-Tier Bulk Flood","ListBucket",1,0,225.134,220.553,4.574
"Tenant 5 [Tier 4] Free-Tier Bulk Flood","PutLarge",1,0,227.164,222.824,4.320
"Tenant 5 [Tier 4] Free-Tier Bulk Flood","ListBucket",1,0,226.361,221.667,4.678
"Tenant 5 [Tier 4] Free-Tier Bulk Flood","PutLarge",1,0,225.596,221.223,4.367
"Tenant 5 [Tier 4] Free-Tier Bulk Flood","PutLarge",1,0,226.704,222.288,4.413
"Tenant 5 [Tier 4] Free-Tier Bulk Flood","PutLarge",1,0,226.198,221.492,4.700
"Tenant 5 [Tier 4] Free-Tier Bulk Flood","ListBucket",1,0,225.328,220.940,4.352
"Tenant 5 [Tier 4] Free-Tier Bulk Flood","PutLarge",1,0,225.650,221.196,4.449
"Tenant 5 [Tier 4] Free-Tier Bulk Flood","PutLarge",1,0,225.973,221.586,4.370
"Tenant 5 [Tier 4] Free-Tier Bulk Flood","PutLarge",1,0,227.446,222.831,4.611
"Tenant 5 [Tier 4] Free-Tier Bulk Flood","ListBucket",1,0,227.696,223.081,4.611
"Tenant 5 [Tier 4] Free-Tier Bulk Flood","PutLarge",1,0,227.382,223.061,4.314
"Tenant 5 [Tier 4] Free-Tier Bulk Flood","ListBucket",1,0,226.594,222.006,4.585
"Tenant 5 [Tier 4] Free-Tier Bulk Flood","PutLarge",1,0,227.198,222.650,4.536
"Tenant 5 [Tier 4] Free-Tier Bulk Flood","PutLarge",1,0,226.257,221.803,4.445
"Tenant 5 [Tier 4] Free-Tier Bulk Flood","PutLarge",1,0,227.248,222.888,4.355
"Tenant 5 [Tier 4] Free-Tier Bulk Flood","ListBucket",1,0,226.692,222.064,4.615
"Tenant 5 [Tier 4] Free-Tier Bulk Flood","ListBucket",1,0,228.027,223.474,4.549
"Tenant 5 [Tier 4] Free-Tier Bulk Flood","PutLarge",1,0,228.821,224.342,4.475
"Tenant 5 [Tier 4] Free-Tier Bulk Flood","PutLarge",1,0,230.866,226.440,4.415
"Tenant 5 [Tier 4] Free-Tier Bulk Flood","PutLarge",1,0,230.545,226.171,4.370
"Tenant 5 [Tier 4] Free-Tier Bulk Flood","ListBucket",1,0,231.365,226.723,4.638
"Tenant 5 [Tier 4] Free-Tier Bulk Flood","PutLarge",1,0,231.562,227.144,4.412
"Tenant 5 [Tier 4] Free-Tier Bulk Flood","PutLarge",1,0,229.723,225.380,4.330
"Tenant 5 [Tier 4] Free-Tier Bulk Flood","PutLarge",1,0,228.612,223.978,4.625
"Tenant 5 [Tier 4] Free-Tier Bulk Flood","ListBucket",1,0,229.474,225.020,4.416
"Tenant 5 [Tier 4] Free-Tier Bulk Flood","PutLarge",1,0,228.848,224.274,4.570
"Tenant 5 [Tier 4] Free-Tier Bulk Flood","PutLarge",1,0,229.477,225.001,4.465
"Tenant 5 [Tier 4] Free-Tier Bulk Flood","ListBucket",1,0,229.050,224.372,4.639
"Tenant 5 [Tier 4] Free-Tier Bulk Flood","PutLarge",1,0,229.159,224.837,4.316
"Tenant 5 [Tier 4] Free-Tier Bulk Flood","ListBucket",1,0,229.315,224.819,4.487
"Tenant 5 [Tier 4] Free-Tier Bulk Flood","ListBucket",1,0,229.267,224.830,4.391
"Tenant 5 [Tier 4] Free-Tier Bulk Flood","PutLarge",1,0,231.150,226.680,4.457
"Tenant 5 [Tier 4] Free-Tier Bulk Flood","ListBucket",1,0,229.152,224.858,4.285
"Tenant 5 [Tier 4] Free-Tier Bulk Flood","PutLarge",1,0,228.723,224.232,4.457
"Tenant 5 [Tier 4] Free-Tier Bulk Flood","PutLarge",1,0,229.394,224.883,4.505
"Tenant 5 [Tier 4] Free-Tier Bulk Flood","PutLarge",1,0,228.921,224.185,4.721
"Tenant 5 [Tier 4] Free-Tier Bulk Flood","PutLarge",1,0,229.370,224.741,4.585
"Tenant 5 [Tier 4] Free-Tier Bulk Flood","ListBucket",1,0,228.920,224.530,4.381
"Tenant 5 [Tier 4] Free-Tier Bulk Flood","PutLarge",1,0,229.461,224.964,4.460
"Tenant 5 [Tier 4] Free-Tier Bulk Flood","PutLarge",1,0,228.769,224.259,4.490
"Tenant 5 [Tier 4] Free-Tier Bulk Flood","ListBucket",1,0,230.447,226.133,4.293
"Tenant 5 [Tier 4] Free-Tier Bulk Flood","ListBucket",1,0,228.366,223.969,4.364
"Tenant 5 [Tier 4] Free-Tier Bulk Flood","ListBucket",1,0,227.873,223.419,4.448
"Tenant 5 [Tier 4] Free-Tier Bulk Flood","PutLarge",1,0,228.293,223.733,4.527
"Tenant 5 [Tier 4] Free-Tier Bulk Flood","ListBucket",1,0,227.792,223.248,4.529
"Tenant 5 [Tier 4] Free-Tier Bulk Flood","PutLarge",1,0,228.571,223.981,4.587
"Tenant 5 [Tier 4] Free-Tier Bulk Flood","ListBucket",1,0,228.117,223.666,4.446
"Tenant 5 [Tier 4] Free-Tier Bulk Flood","PutLarge",1,0,228.608,223.900,4.704
"Tenant 5 [Tier 4] Free-Tier Bulk Flood","ListBucket",1,0,228.400,223.924,4.471
"Tenant 5 [Tier 4] Free-Tier Bulk Flood","ListBucket",1,0,227.170,222.568,4.558
"Tenant 5 [Tier 4] Free-Tier Bulk Flood","PutLarge",1,0,228.430,224.014,4.383
"Tenant 5 [Tier 4] Free-Tier Bulk Flood","ListBucket",1,0,227.572,222.874,4.669
"Tenant 5 [Tier 4] Free-Tier Bulk Flood","ListBucket",1,0,228.298,223.735,4.535
"Tenant 5 [Tier 4] Free-Tier Bulk Flood","ListBucket",1,0,227.399,222.790,4.576
"Tenant 5 [Tier 4] Free-Tier Bulk Flood","ListBucket",1,0,227.401,222.678,4.684
"Tenant 5 [Tier 4] Free-Tier Bulk Flood","PutLarge",1,0,226.458,221.981,4.469
"Tenant 5 [Tier 4] Free-Tier Bulk Flood","ListBucket",1,0,227.329,222.682,4.585
"Tenant 5 [Tier 4] Free-Tier Bulk Flood","PutLarge",1,0,227.469,223.138,4.326
"Tenant 5 [Tier 4] Free-Tier Bulk Flood","PutLarge",1,0,227.207,222.712,4.451
"Tenant 5 [Tier 4] Free-Tier Bulk Flood","ListBucket",1,0,224.194,219.652,4.501
"Tenant 5 [Tier 4] Free-Tier Bulk Flood","ListBucket",1,0,226.807,222.431,4.358
"Tenant 5 [Tier 4] Free-Tier Bulk Flood","ListBucket",1,0,225.808,221.374,4.430
"Tenant 5 [Tier 4] Free-Tier Bulk Flood","PutLarge",1,0,226.741,222.267,4.469
"Tenant 5 [Tier 4] Free-Tier Bulk Flood","PutLarge",1,0,225.834,221.152,4.678
"Tenant 5 [Tier 4] Free-Tier Bulk Flood","ListBucket",1,0,225.982,221.684,4.294
"Tenant 5 [Tier 4] Free-Tier Bulk Flood","PutLarge",1,0,226.206,221.602,4.571
"Tenant 5 [Tier 4] Free-Tier Bulk Flood","ListBucket",1,0,226.190,221.446,4.719
"Tenant 5 [Tier 4] Free-Tier Bulk Flood","PutLarge",1,0,226.842,222.150,4.648
"Tenant 5 [Tier 4] Free-Tier Bulk Flood","ListBucket",1,0,226.142,221.841,4.297
"Tenant 5 [Tier 4] Free-Tier Bulk Flood","ListBucket",1,0,226.856,222.294,4.546
"Tenant 5 [Tier 4] Free-Tier Bulk Flood","ListBucket",1,0,226.085,221.529,4.522
"Tenant 5 [Tier 4] Free-Tier Bulk Flood","ListBucket",1,0,226.371,221.959,4.407
"Tenant 5 [Tier 4] Free-Tier Bulk Flood","ListBucket",1,0,224.406,219.842,4.561
"Tenant 5 [Tier 4] Free-Tier Bulk Flood","ListBucket",1,0,225.650,221.357,4.281
"Tenant 5 [Tier 4] Free-Tier Bulk Flood","ListBucket",1,0,223.815,219.351,4.458
"Tenant 5 [Tier 4] Free-Tier Bulk Flood","PutLarge",1,0,224.952,220.529,4.418
"Tenant 5 [Tier 4] Free-Tier Bulk Flood","ListBucket",1,0,223.695,219.396,4.293
"Tenant 5 [Tier 4] Free-Tier Bulk Flood","ListBucket",1,0,224.333,219.683,4.611
"Tenant 5 [Tier 4] Free-Tier Bulk Flood","ListBucket",1,0,225.059,220.469,4.584
"Tenant 5 [Tier 4] Free-Tier Bulk Flood","ListBucket",1,0,223.659,219.286,4.369
"Tenant 5 [Tier 4] Free-Tier Bulk Flood","PutLarge",1,0,223.678,219.337,4.336
"Tenant 5 [Tier 4] Free-Tier Bulk Flood","PutLarge",1,0,226.009,221.465,4.509
"Tenant 5 [Tier 4] Free-Tier Bulk Flood","ListBucket",1,0,225.377,220.812,4.559
"Tenant 5 [Tier 4] Free-Tier Bulk Flood","ListBucket",1,0,223.451,219.079,4.369
"Tenant 5 [Tier 4] Free-Tier Bulk Flood","PutLarge",1,0,223.965,219.620,4.336
"Tenant 5 [Tier 4] Free-Tier Bulk Flood","PutLarge",1,0,225.055,220.735,4.315
"Tenant 5 [Tier 4] Free-Tier Bulk Flood","PutLarge",1,0,225.591,221.042,4.546
"Tenant 5 [Tier 4] Free-Tier Bulk Flood","PutLarge",1,0,225.283,220.801,4.477
"Tenant 5 [Tier 4] Free-Tier Bulk Flood","ListBucket",1,0,225.282,220.924,4.349
"Tenant 5 [Tier 4] Free-Tier Bulk Flood","ListBucket",1,0,226.141,221.842,4.286
"Tenant 5 [Tier 4] Free-Tier Bulk Flood","PutLarge",1,0,226.167,221.684,4.478
"Tenant 5 [Tier 4] Free-Tier Bulk Flood","PutLarge",1,0,226.048,221.371,4.673
"Tenant 5 [Tier 4] Free-Tier Bulk Flood","PutLarge",1,0,226.236,221.664,4.567
"Tenant 5 [Tier 4] Free-Tier Bulk Flood","PutLarge",1,0,224.132,219.531,4.591
"Tenant 5 [Tier 4] Free-Tier Bulk Flood","PutLarge",1,0,229.792,225.188,4.600
"Tenant 5 [Tier 4] Free-Tier Bulk Flood","PutLarge",1,0,228.501,223.775,4.723
"Tenant 5 [Tier 4] Free-Tier Bulk Flood","PutLarge",1,0,227.136,222.420,4.712
"Tenant 5 [Tier 4] Free-Tier Bulk Flood","PutLarge",1,0,225.048,220.417,4.625
"Tenant 5 [Tier 4] Free-Tier Bulk Flood","ListBucket",1,0,221.192,216.656,4.528
"Tenant 5 [Tier 4] Free-Tier Bulk Flood","ListBucket",1,0,219.833,215.500,4.319
"Tenant 5 [Tier 4] Free-Tier Bulk Flood","ListBucket",1,0,219.489,215.161,4.322
"Tenant 5 [Tier 4] Free-Tier Bulk Flood","PutLarge",1,0,220.984,216.275,4.699
"Tenant 5 [Tier 4] Free-Tier Bulk Flood","PutLarge",1,0,220.537,216.065,4.465
"Tenant 5 [Tier 4] Free-Tier Bulk Flood","PutLarge",1,0,220.949,216.346,4.598
"Tenant 5 [Tier 4] Free-Tier Bulk Flood","ListBucket",1,0,220.631,216.087,4.539
"Tenant 5 [Tier 4] Free-Tier Bulk Flood","PutLarge",1,0,220.677,215.939,4.722
"Tenant 5 [Tier 4] Free-Tier Bulk Flood","ListBucket",1,0,220.011,215.729,4.276
"Tenant 5 [Tier 4] Free-Tier Bulk Flood","PutLarge",1,0,220.382,215.672,4.705
"Tenant 5 [Tier 4] Free-Tier Bulk Flood","PutLarge",1,0,219.980,215.674,4.301
"Tenant 5 [Tier 4] Free-Tier Bulk Flood","PutLarge",1,0,220.974,216.574,4.373
"Tenant 5 [Tier 4] Free-Tier Bulk Flood","ListBucket",1,0,219.858,215.541,4.304
"Tenant 5 [Tier 4] Free-Tier Bulk Flood","ListBucket",1,0,220.709,216.400,4.306
"Tenant 5 [Tier 4] Free-Tier Bulk Flood","ListBucket",1,0,220.115,215.564,4.533
"Tenant 5 [Tier 4] Free-Tier Bulk Flood","ListBucket",1,0,220.507,215.851,4.640
"Tenant 5 [Tier 4] Free-Tier Bulk Flood","PutLarge",1,0,219.999,215.621,4.365
"Tenant 5 [Tier 4] Free-Tier Bulk Flood","PutLarge",1,0,219.492,214.924,4.556
"Tenant 5 [Tier 4] Free-Tier Bulk Flood","ListBucket",1,0,219.748,215.357,4.359
"Tenant 5 [Tier 4] Free-Tier Bulk Flood","ListBucket",1,0,219.735,215.091,4.620
"Tenant 5 [Tier 4] Free-Tier Bulk Flood","PutLarge",1,0,219.748,215.255,4.473
"Tenant 5 [Tier 4] Free-Tier Bulk Flood","ListBucket",1,0,219.511,214.844,4.662
"Tenant 5 [Tier 4] Free-Tier Bulk Flood","PutLarge",1,0,220.366,215.930,4.403
"Tenant 5 [Tier 4] Free-Tier Bulk Flood","PutLarge",1,0,219.718,215.237,4.416
"Tenant 5 [Tier 4] Free-Tier Bulk Flood","PutLarge",1,0,220.254,215.883,4.345
"Tenant 5 [Tier 4] Free-Tier Bulk Flood","PutLarge",1,0,219.720,215.162,4.547
"Tenant 5 [Tier 4] Free-Tier Bulk Flood","PutLarge",1,0,220.183,215.683,4.493
"Tenant 5 [Tier 4] Free-Tier Bulk Flood","PutLarge",1,0,219.461,215.150,4.304
"Tenant 5 [Tier 4] Free-Tier Bulk Flood","PutLarge",1,0,220.350,215.847,4.469
"Tenant 5 [Tier 4] Free-Tier Bulk Flood","PutLarge",1,0,220.872,216.457,4.381
"Tenant 5 [Tier 4] Free-Tier Bulk Flood","ListBucket",1,0,219.613,215.037,4.552
"Tenant 5 [Tier 4] Free-Tier Bulk Flood","PutLarge",1,0,221.773,217.313,4.448
"Tenant 5 [Tier 4] Free-Tier Bulk Flood","PutLarge",1,0,221.678,217.139,4.529
"Tenant 5 [Tier 4] Free-Tier Bulk Flood","ListBucket",1,0,221.574,217.055,4.498
"Tenant 5 [Tier 4] Free-Tier Bulk Flood","ListBucket",1,0,221.094,216.532,4.558
"Tenant 5 [Tier 4] Free-Tier Bulk Flood","ListBucket",1,0,220.810,216.479,4.299
"Tenant 5 [Tier 4] Free-Tier Bulk Flood","PutLarge",1,0,221.864,217.217,4.615
"Tenant 5 [Tier 4] Free-Tier Bulk Flood","ListBucket",1,0,220.999,216.408,4.585
"Tenant 5 [Tier 4] Free-Tier Bulk Flood","ListBucket",1,0,221.176,216.762,4.405
"Tenant 5 [Tier 4] Free-Tier Bulk Flood","ListBucket",1,0,220.449,215.927,4.486
"Tenant 5 [Tier 4] Free-Tier Bulk Flood","ListBucket",1,0,219.512,215.182,4.326
"Tenant 5 [Tier 4] Free-Tier Bulk Flood","ListBucket",1,0,221.917,217.424,4.459
"Tenant 5 [Tier 4] Free-Tier Bulk Flood","PutLarge",1,0,220.111,215.564,4.511
"Tenant 5 [Tier 4] Free-Tier Bulk Flood","PutLarge",1,0,220.469,215.928,4.507
"Tenant 5 [Tier 4] Free-Tier Bulk Flood","PutLarge",1,0,220.170,215.682,4.457
"Tenant 5 [Tier 4] Free-Tier Bulk Flood","PutLarge",1,0,220.775,216.031,4.709
"Tenant 5 [Tier 4] Free-Tier Bulk Flood","PutLarge",1,0,222.168,217.813,4.350
"Tenant 5 [Tier 4] Free-Tier Bulk Flood","PutLarge",1,0,221.714,217.249,4.451
"Tenant 5 [Tier 4] Free-Tier Bulk Flood","PutLarge",1,0,222.306,217.980,4.320
"Tenant 5 [Tier 4] Free-Tier Bulk Flood","PutLarge",1,0,221.782,217.035,4.698
"Tenant 5 [Tier 4] Free-Tier Bulk Flood","ListBucket",1,0,222.331,217.989,4.332
"Tenant 5 [Tier 4] Free-Tier Bulk Flood","PutLarge",1,0,221.895,217.280,4.578
"Tenant 5 [Tier 4] Free-Tier Bulk Flood","ListBucket",1,0,222.113,217.779,4.324
"Tenant 5 [Tier 4] Free-Tier Bulk Flood","PutLarge",1,0,222.047,217.710,4.285
"Tenant 5 [Tier 4] Free-Tier Bulk Flood","PutLarge",1,0,223.865,219.437,4.406
"Tenant 5 [Tier 4] Free-Tier Bulk Flood","PutLarge",1,0,225.248,220.841,4.402
"Tenant 5 [Tier 4] Free-Tier Bulk Flood","PutLarge",1,0,224.834,220.355,4.473
"Tenant 5 [Tier 4] Free-Tier Bulk Flood","ListBucket",1,0,225.389,220.832,4.523
"Tenant 5 [Tier 4] Free-Tier Bulk Flood","PutLarge",1,0,225.467,221.126,4.334
"Tenant 5 [Tier 4] Free-Tier Bulk Flood","ListBucket",1,0,225.282,220.741,4.536
"Tenant 5 [Tier 4] Free-Tier Bulk Flood","PutLarge",1,0,225.067,220.364,4.686
"Tenant 5 [Tier 4] Free-Tier Bulk Flood","PutLarge",1,0,227.527,223.074,4.445
"Tenant 5 [Tier 4] Free-Tier Bulk Flood","PutLarge",1,0,225.848,221.409,4.435
"Tenant 5 [Tier 4] Free-Tier Bulk Flood","PutLarge",1,0,225.781,221.120,4.654
"Tenant 5 [Tier 4] Free-Tier Bulk Flood","PutLarge",1,0,228.098,223.463,4.626
"Tenant 5 [Tier 4] Free-Tier Bulk Flood","PutLarge",1,0,228.957,224.666,4.285
"Tenant 5 [Tier 4] Free-Tier Bulk Flood","ListBucket",1,0,226.390,221.877,4.503
"Tenant 5 [Tier 4] Free-Tier Bulk Flood","PutLarge",1,0,225.746,221.062,4.673
"Tenant 5 [Tier 4] Free-Tier Bulk Flood","ListBucket",1,0,225.692,221.029,4.655
"Tenant 5 [Tier 4] Free-Tier Bulk Flood","ListBucket",1,0,226.351,221.711,4.612
"Tenant 5 [Tier 4] Free-Tier Bulk Flood","ListBucket",1,0,227.481,222.781,4.695
"Tenant 5 [Tier 4] Free-Tier Bulk Flood","PutLarge",1,0,226.605,222.018,4.583
"Tenant 5 [Tier 4] Free-Tier Bulk Flood","PutLarge",1,0,226.535,222.251,4.280
"Tenant 5 [Tier 4] Free-Tier Bulk Flood","ListBucket",1,0,226.796,222.353,4.434
"Tenant 5 [Tier 4] Free-Tier Bulk Flood","PutLarge",1,0,226.351,221.828,4.515
"Tenant 5 [Tier 4] Free-Tier Bulk Flood","PutLarge",1,0,226.381,221.865,4.509
"Tenant 5 [Tier 4] Free-Tier Bulk Flood","ListBucket",1,0,222.993,218.399,4.589
"Tenant 5 [Tier 4] Free-Tier Bulk Flood","PutLarge",1,0,224.805,220.217,4.576
"Tenant 5 [Tier 4] Free-Tier Bulk Flood","ListBucket",1,0,223.021,218.525,4.488
"Tenant 5 [Tier 4] Free-Tier Bulk Flood","ListBucket",1,0,225.287,220.611,4.670
"Tenant 5 [Tier 4] Free-Tier Bulk Flood","ListBucket",1,0,223.970,219.474,4.493
"Tenant 5 [Tier 4] Free-Tier Bulk Flood","PutLarge",1,0,228.258,223.790,4.458
"Tenant 5 [Tier 4] Free-Tier Bulk Flood","ListBucket",1,0,228.006,223.288,4.693
"Tenant 5 [Tier 4] Free-Tier Bulk Flood","PutLarge",1,0,223.597,219.230,4.363
"Tenant 5 [Tier 4] Free-Tier Bulk Flood","PutLarge",1,0,224.897,220.499,4.393
"Tenant 5 [Tier 4] Free-Tier Bulk Flood","PutLarge",1,0,225.118,220.584,4.520
"Tenant 5 [Tier 4] Free-Tier Bulk Flood","ListBucket",1,0,225.046,220.368,4.672
"Tenant 5 [Tier 4] Free-Tier Bulk Flood","ListBucket",1,0,224.216,219.775,4.437
"Tenant 5 [Tier 4] Free-Tier Bulk Flood","ListBucket",1,0,225.207,220.851,4.353
"Tenant 5 [Tier 4] Free-Tier Bulk Flood","PutLarge",1,0,224.339,219.830,4.504
"Tenant 5 [Tier 4] Free-Tier Bulk Flood","ListBucket",1,0,222.503,218.025,4.473
"Tenant 5 [Tier 4] Free-Tier Bulk Flood","PutLarge",1,0,225.449,220.920,4.490
"Tenant 5 [Tier 4] Free-Tier Bulk Flood","PutLarge",1,0,225.663,221.098,4.533
"Tenant 5 [Tier 4] Free-Tier Bulk Flood","PutLarge",1,0,225.746,221.092,4.622
"Tenant 5 [Tier 4] Free-Tier Bulk Flood","PutLarge",1,0,225.862,221.135,4.715
"Tenant 5 [Tier 4] Free-Tier Bulk Flood","PutLarge",1,0,226.073,221.497,4.570
"Tenant 5 [Tier 4] Free-Tier Bulk Flood","ListBucket",1,0,225.812,221.440,4.350
"Tenant 5 [Tier 4] Free-Tier Bulk Flood","PutLarge",1,0,226.842,222.356,4.441
"Tenant 5 [Tier 4] Free-Tier Bulk Flood","PutLarge",1,0,226.180,221.415,4.719
"Tenant 5 [Tier 4] Free-Tier Bulk Flood","PutLarge",1,0,226.639,222.198,4.420
"Tenant 5 [Tier 4] Free-Tier Bulk Flood","ListBucket",1,0,224.264,219.758,4.500
"Tenant 5 [Tier 4] Free-Tier Bulk Flood","PutLarge",1,0,227.044,222.324,4.715
"Tenant 5 [Tier 4] Free-Tier Bulk Flood","ListBucket",1,0,226.676,222.006,4.668
"Tenant 5 [Tier 4] Free-Tier Bulk Flood","PutLarge",1,0,226.486,222.040,4.394
"Tenant 5 [Tier 4] Free-Tier Bulk Flood","PutLarge",1,0,226.752,222.245,4.484
"Tenant 5 [Tier 4] Free-Tier Bulk Flood","PutLarge",1,0,226.422,221.925,4.466
"Tenant 5 [Tier 4] Free-Tier Bulk Flood","ListBucket",1,0,226.666,222.219,4.410
"Tenant 5 [Tier 4] Free-Tier Bulk Flood","ListBucket",1,0,225.473,220.883,4.585
"Tenant 5 [Tier 4] Free-Tier Bulk Flood","ListBucket",1,0,225.650,221.232,4.411
"Tenant 5 [Tier 4] Free-Tier Bulk Flood","PutLarge",1,0,223.967,219.344,4.617
"Tenant 5 [Tier 4] Free-Tier Bulk Flood","ListBucket",1,0,226.449,221.911,4.504
"Tenant 5 [Tier 4] Free-Tier Bulk Flood","PutLarge",1,0,224.227,219.906,4.284
"Tenant 5 [Tier 4] Free-Tier Bulk Flood","PutLarge",1,0,224.610,219.920,4.655
"Tenant 5 [Tier 4] Free-Tier Bulk Flood","PutLarge",1,0,224.255,219.733,4.516
"Tenant 5 [Tier 4] Free-Tier Bulk Flood","ListBucket",1,0,225.273,220.689,4.577
"Tenant 5 [Tier 4] Free-Tier Bulk Flood","ListBucket",1,0,225.380,220.818,4.527
"Tenant 5 [Tier 4] Free-Tier Bulk Flood","PutLarge",1,0,225.068,220.407,4.623
"Tenant 5 [Tier 4] Free-Tier Bulk Flood","PutLarge",1,0,226.075,221.459,4.574
"Tenant 5 [Tier 4] Free-Tier Bulk Flood","PutLarge",1,0,225.958,221.315,4.637
"Tenant 5 [Tier 4] Free-Tier Bulk Flood","PutLarge",1,0,226.697,222.294,4.395
"Tenant 5 [Tier 4] Free-Tier Bulk Flood","PutLarge",1,0,227.703,223.168,4.532
"Tenant 5 [Tier 4] Free-Tier Bulk Flood","PutLarge",1,0,228.392,223.784,4.574
"Tenant 5 [Tier 4] Free-Tier Bulk Flood","ListBucket",1,0,227.723,223.111,4.580
"Tenant 5 [Tier 4] Free-Tier Bulk Flood","ListBucket",1,0,227.132,222.498,4.584
"Tenant 5 [Tier 4] Free-Tier Bulk Flood","PutLarge",1,0,227.518,223.200,4.314
"Tenant 5 [Tier 4] Free-Tier Bulk Flood","PutLarge",1,0,226.929,222.401,4.501
"Tenant 5 [Tier 4] Free-Tier Bulk Flood","PutLarge",1,0,226.002,221.557,4.410
"Tenant 5 [Tier 4] Free-Tier Bulk Flood","PutLarge",1,0,226.965,222.447,4.512
"Tenant 5 [Tier 4] Free-Tier Bulk Flood","PutLarge",1,0,227.567,223.063,4.498
"Tenant 5 [Tier 4] Free-Tier Bulk Flood","PutLarge",1,0,226.781,222.089,4.655
"Tenant 5 [Tier 4] Free-Tier Bulk Flood","PutLarge",1,0,227.865,223.259,4.601
"Tenant 5 [Tier 4] Free-Tier Bulk Flood","PutLarge",1,0,227.502,223.083,4.408
"Tenant 5 [Tier 4] Free-Tier Bulk Flood","ListBucket",1,0,227.818,223.496,4.298
"Tenant 5 [Tier 4] Free-Tier Bulk Flood","PutLarge",1,0,228.766,224.047,4.669
"Tenant 5 [Tier 4] Free-Tier Bulk Flood","ListBucket",1,0,227.769,223.066,4.633
"Tenant 5 [Tier 4] Free-Tier Bulk Flood","PutLarge",1,0,225.765,221.396,4.362
"Tenant 5 [Tier 4] Free-Tier Bulk Flood","ListBucket",1,0,227.261,222.671,4.556
"Tenant 5 [Tier 4] Free-Tier Bulk Flood","ListBucket",1,0,225.997,221.600,4.374
"Tenant 5 [Tier 4] Free-Tier Bulk Flood","PutLarge",1,0,226.835,222.335,4.483
"Tenant 5 [Tier 4] Free-Tier Bulk Flood","ListBucket",1,0,226.745,222.433,4.307
"Tenant 5 [Tier 4] Free-Tier Bulk Flood","ListBucket",1,0,225.446,221.136,4.301
"Tenant 5 [Tier 4] Free-Tier Bulk Flood","PutLarge",1,0,225.834,221.311,4.519
"Tenant 5 [Tier 4] Free-Tier Bulk Flood","PutLarge",1,0,227.195,222.780,4.411
"Tenant 5 [Tier 4] Free-Tier Bulk Flood","PutLarge",1,0,227.324,222.672,4.647
"Tenant 5 [Tier 4] Free-Tier Bulk Flood","ListBucket",1,0,226.238,221.650,4.583
"Tenant 5 [Tier 4] Free-Tier Bulk Flood","PutLarge",1,0,226.304,221.844,4.450
"Tenant 5 [Tier 4] Free-Tier Bulk Flood","PutLarge",1,0,226.680,221.949,4.716
"Tenant 5 [Tier 4] Free-Tier Bulk Flood","PutLarge",1,0,227.303,222.650,4.644
"Tenant 5 [Tier 4] Free-Tier Bulk Flood","PutLarge",1,0,228.077,223.634,4.424
"Tenant 5 [Tier 4] Free-Tier Bulk Flood","PutLarge",1,0,229.162,224.646,4.510
"Tenant 5 [Tier 4] Free-Tier Bulk Flood","ListBucket",1,0,227.845,223.393,4.447
"Tenant 5 [Tier 4] Free-Tier Bulk Flood","PutLarge",1,0,227.924,223.243,4.677
"Tenant 5 [Tier 4] Free-Tier Bulk Flood","ListBucket",1,0,226.892,222.291,4.595
"Tenant 5 [Tier 4] Free-Tier Bulk Flood","PutLarge",1,0,228.217,223.737,4.466
"Tenant 5 [Tier 4] Free-Tier Bulk Flood","ListBucket",1,0,228.548,224.160,4.373
"Tenant 5 [Tier 4] Free-Tier Bulk Flood","PutLarge",1,0,233.183,228.527,4.648
"Tenant 5 [Tier 4] Free-Tier Bulk Flood","PutLarge",1,0,233.562,229.223,4.327
"Tenant 5 [Tier 4] Free-Tier Bulk Flood","ListBucket",1,0,234.931,230.250,4.676
"Tenant 5 [Tier 4] Free-Tier Bulk Flood","ListBucket",1,0,235.644,231.328,4.310
"Tenant 5 [Tier 4] Free-Tier Bulk Flood","PutLarge",1,0,235.510,230.811,4.689
"Tenant 5 [Tier 4] Free-Tier Bulk Flood","ListBucket",1,0,234.780,230.400,4.376
"Tenant 5 [Tier 4] Free-Tier Bulk Flood","PutLarge",1,0,234.730,230.017,4.709
"Tenant 5 [Tier 4] Free-Tier Bulk Flood","ListBucket",1,0,235.731,231.316,4.399
"Tenant 5 [Tier 4] Free-Tier Bulk Flood","PutLarge",1,0,232.904,228.505,4.383
"Tenant 5 [Tier 4] Free-Tier Bulk Flood","PutLarge",1,0,231.864,227.381,4.472
"Tenant 5 [Tier 4] Free-Tier Bulk Flood","PutLarge",1,0,231.159,226.590,4.533
"Tenant 5 [Tier 4] Free-Tier Bulk Flood","PutLarge",1,0,231.602,227.189,4.399
"Tenant 5 [Tier 4] Free-Tier Bulk Flood","PutLarge",1,0,232.324,227.745,4.558
"Tenant 5 [Tier 4] Free-Tier Bulk Flood","PutLarge",1,0,232.347,227.610,4.720
"Tenant 5 [Tier 4] Free-Tier Bulk Flood","PutLarge",1,0,232.244,227.842,4.393
"Tenant 5 [Tier 4] Free-Tier Bulk Flood","PutLarge",1,0,232.226,227.860,4.332
"Tenant 5 [Tier 4] Free-Tier Bulk Flood","ListBucket",1,0,232.254,227.797,4.445
"Tenant 5 [Tier 4] Free-Tier Bulk Flood","ListBucket",1,0,231.980,227.621,4.320
"Tenant 5 [Tier 4] Free-Tier Bulk Flood","ListBucket",1,0,231.412,226.875,4.532
"Tenant 5 [Tier 4] Free-Tier Bulk Flood","PutLarge",1,0,231.252,226.937,4.305
"Tenant 5 [Tier 4] Free-Tier Bulk Flood","PutLarge",1,0,231.371,226.790,4.549
"Tenant 5 [Tier 4] Free-Tier Bulk Flood","PutLarge",1,0,231.665,226.917,4.706
"Tenant 5 [Tier 4] Free-Tier Bulk Flood","PutLarge",1,0,231.345,226.880,4.461
"Tenant 5 [Tier 4] Free-Tier Bulk Flood","ListBucket",1,0,231.408,226.886,4.509
"Tenant 5 [Tier 4] Free-Tier Bulk Flood","ListBucket",1,0,231.243,226.906,4.323
"Tenant 5 [Tier 4] Free-Tier Bulk Flood","PutLarge",1,0,233.178,228.805,4.338
"Tenant 5 [Tier 4] Free-Tier Bulk Flood","PutLarge",1,0,230.951,226.547,4.384
"Tenant 5 [Tier 4] Free-Tier Bulk Flood","ListBucket",1,0,230.947,226.365,4.547
"Tenant 5 [Tier 4] Free-Tier Bulk Flood","PutLarge",1,0,231.326,227.010,4.311
"Tenant 5 [Tier 4] Free-Tier Bulk Flood","PutLarge",1,0,231.231,226.495,4.685
"Tenant 5 [Tier 4] Free-Tier Bulk Flood","PutLarge",1,0,231.434,226.838,4.581
"Tenant 5 [Tier 4] Free-Tier Bulk Flood","ListBucket",1,0,231.527,226.822,4.698
"Tenant 5 [Tier 4] Free-Tier Bulk Flood","PutLarge",1,0,232.536,228.063,4.437
"Tenant 5 [Tier 4] Free-Tier Bulk Flood","PutLarge",1,0,232.574,228.050,4.458
"Tenant 5 [Tier 4] Free-Tier Bulk Flood","ListBucket",1,0,229.836,225.273,4.529
"Tenant 5 [Tier 4] Free-Tier Bulk Flood","PutLarge",1,0,232.492,227.914,4.557
"Tenant 5 [Tier 4] Free-Tier Bulk Flood","ListBucket",1,0,232.818,228.146,4.666
"Tenant 5 [Tier 4] Free-Tier Bulk Flood","PutLarge",1,0,232.471,228.117,4.305
"Tenant 5 [Tier 4] Free-Tier Bulk Flood","PutLarge",1,0,232.831,228.301,4.497
"Tenant 5 [Tier 4] Free-Tier Bulk Flood","PutLarge",1,0,232.563,227.873,4.673
"Tenant 5 [Tier 4] Free-Tier Bulk Flood","ListBucket",1,0,232.699,228.278,4.417
"Tenant 5 [Tier 4] Free-Tier Bulk Flood","PutLarge",1,0,232.541,228.128,4.364
"Tenant 5 [Tier 4] Free-Tier Bulk Flood","ListBucket",1,0,229.632,225.143,4.485
"Tenant 5 [Tier 4] Free-Tier Bulk Flood","PutLarge",1,0,232.665,228.097,4.552
"Tenant 5 [Tier 4] Free-Tier Bulk Flood","PutLarge",1,0,232.174,227.599,4.568
"Tenant 5 [Tier 4] Free-Tier Bulk Flood","ListBucket",1,0,232.371,227.892,4.473
"Tenant 5 [Tier 4] Free-Tier Bulk Flood","PutLarge",1,0,230.467,225.978,4.484
"Tenant 5 [Tier 4] Free-Tier Bulk Flood","PutLarge",1,0,232.147,227.777,4.336
"Tenant 5 [Tier 4] Free-Tier Bulk Flood","ListBucket",1,0,231.740,227.173,4.529
"Tenant 5 [Tier 4] Free-Tier Bulk Flood","PutLarge",1,0,232.405,227.837,4.562
"Tenant 5 [Tier 4] Free-Tier Bulk Flood","ListBucket",1,0,233.334,228.812,4.489
"Tenant 5 [Tier 4] Free-Tier Bulk Flood","ListBucket",1,0,232.428,227.959,4.464
"Tenant 5 [Tier 4] Free-Tier Bulk Flood","PutLarge",1,0,231.350,226.760,4.578
"Tenant 5 [Tier 4] Free-Tier Bulk Flood","ListBucket",1,0,231.026,226.510,4.481
"Tenant 5 [Tier 4] Free-Tier Bulk Flood","ListBucket",1,0,231.052,226.734,4.286
"Tenant 5 [Tier 4] Free-Tier Bulk Flood","PutLarge",1,0,231.075,226.447,4.624
"Tenant 5 [Tier 4] Free-Tier Bulk Flood","ListBucket",1,0,230.442,225.715,4.719
"Tenant 5 [Tier 4] Free-Tier Bulk Flood","ListBucket",1,0,231.399,226.801,4.594
"Tenant 5 [Tier 4] Free-Tier Bulk Flood","ListBucket",1,0,229.434,224.856,4.569
"Tenant 5 [Tier 4] Free-Tier Bulk Flood","ListBucket",1,0,229.701,225.115,4.551
"Tenant 5 [Tier 4] Free-Tier Bulk Flood","PutLarge",1,0,231.572,227.076,4.492
"Tenant 5 [Tier 4] Free-Tier Bulk Flood","PutLarge",1,0,230.229,225.817,4.397
"Tenant 5 [Tier 4] Free-Tier Bulk Flood","ListBucket",1,0,231.365,226.772,4.583
"Tenant 5 [Tier 4] Free-Tier Bulk Flood","PutLarge",1,0,231.343,226.915,4.420
"Tenant 5 [Tier 4] Free-Tier Bulk Flood","PutLarge",1,0,231.788,227.469,4.313
"Tenant 5 [Tier 4] Free-Tier Bulk Flood","PutLarge",1,0,232.274,227.563,4.704
"Tenant 5 [Tier 4] Free-Tier Bulk Flood","PutLarge",1,0,232.506,227.984,4.510
"Tenant 5 [Tier 4] Free-Tier Bulk Flood","PutLarge",1,0,232.244,227.751,4.486
"Tenant 5 [Tier 4] Free-Tier Bulk Flood","PutLarge",1,0,230.791,226.464,4.321
"Tenant 5 [Tier 4] Free-Tier Bulk Flood","ListBucket",1,0,230.600,226.090,4.504
"Tenant 5 [Tier 4] Free-Tier Bulk Flood","PutLarge",1,0,230.289,225.977,4.309
"Tenant 5 [Tier 4] Free-Tier Bulk Flood","PutLarge",1,0,231.737,227.300,4.431
"Tenant 5 [Tier 4] Free-Tier Bulk Flood","PutLarge",1,0,232.198,227.710,4.479
"Tenant 5 [Tier 4] Free-Tier Bulk Flood","PutLarge",1,0,232.037,227.557,4.475
"Tenant 5 [Tier 4] Free-Tier Bulk Flood","PutLarge",1,0,231.920,227.612,4.304
"Tenant 5 [Tier 4] Free-Tier Bulk Flood","PutLarge",1,0,233.002,228.649,4.346
"Tenant 5 [Tier 4] Free-Tier Bulk Flood","PutLarge",1,0,232.997,228.310,4.682
"Tenant 5 [Tier 4] Free-Tier Bulk Flood","PutLarge",1,0,232.148,227.632,4.509
"Tenant 5 [Tier 4] Free-Tier Bulk Flood","ListBucket",1,0,231.460,226.869,4.585
"Tenant 5 [Tier 4] Free-Tier Bulk Flood","ListBucket",1,0,228.349,224.035,4.310
"Tenant 5 [Tier 4] Free-Tier Bulk Flood","ListBucket",1,0,227.254,222.852,4.397
"Tenant 5 [Tier 4] Free-Tier Bulk Flood","PutLarge",1,0,225.681,221.081,4.591
"Tenant 5 [Tier 4] Free-Tier Bulk Flood","ListBucket",1,0,225.214,220.885,4.324
"Tenant 5 [Tier 4] Free-Tier Bulk Flood","ListBucket",1,0,225.065,220.663,4.386
"Tenant 5 [Tier 4] Free-Tier Bulk Flood","ListBucket",1,0,222.858,218.531,4.317
"Tenant 5 [Tier 4] Free-Tier Bulk Flood","ListBucket",1,0,224.068,219.619,4.445
"Tenant 5 [Tier 4] Free-Tier Bulk Flood","ListBucket",1,0,221.433,216.754,4.675
"Tenant 5 [Tier 4] Free-Tier Bulk Flood","PutLarge",1,0,219.551,215.164,4.372
"Tenant 5 [Tier 4] Free-Tier Bulk Flood","PutLarge",1,0,218.821,214.190,4.627
"Tenant 5 [Tier 4] Free-Tier Bulk Flood","PutLarge",1,0,217.821,213.483,4.333
"Tenant 5 [Tier 4] Free-Tier Bulk Flood","ListBucket",1,0,218.475,214.177,4.286
"Tenant 5 [Tier 4] Free-Tier Bulk Flood","PutLarge",1,0,217.710,213.398,4.297
"Tenant 5 [Tier 4] Free-Tier Bulk Flood","PutLarge",1,0,218.601,213.868,4.716
"Tenant 5 [Tier 4] Free-Tier Bulk Flood","ListBucket",1,0,216.831,212.493,4.325
"Tenant 5 [Tier 4] Free-Tier Bulk Flood","ListBucket",1,0,218.499,214.053,4.414
"Tenant 5 [Tier 4] Free-Tier Bulk Flood","PutLarge",1,0,216.942,212.502,4.433
"Tenant 5 [Tier 4] Free-Tier Bulk Flood","PutLarge",1,0,220.308,215.933,4.367
"Tenant 5 [Tier 4] Free-Tier Bulk Flood","PutLarge",1,0,217.298,212.598,4.692
"Tenant 5 [Tier 4] Free-Tier Bulk Flood","ListBucket",1,0,218.322,213.771,4.544
"Tenant 5 [Tier 4] Free-Tier Bulk Flood","ListBucket",1,0,217.615,213.303,4.279
"Tenant 5 [Tier 4] Free-Tier Bulk Flood","PutLarge",1,0,218.358,213.688,4.666
"Tenant 5 [Tier 4] Free-Tier Bulk Flood","PutLarge",1,0,217.335,212.850,4.480
"Tenant 5 [Tier 4] Free-Tier Bulk Flood","ListBucket",1,0,217.717,213.310,4.395
"Tenant 5 [Tier 4] Free-Tier Bulk Flood","ListBucket",1,0,217.315,212.810,4.497
"Tenant 5 [Tier 4] Free-Tier Bulk Flood","ListBucket",1,0,218.001,213.352,4.641
"Tenant 5 [Tier 4] Free-Tier Bulk Flood","PutLarge",1,0,217.648,212.965,4.679
"Tenant 5 [Tier 4] Free-Tier Bulk Flood","PutLarge",1,0,217.807,213.346,4.448
"Tenant 5 [Tier 4] Free-Tier Bulk Flood","PutLarge",1,0,217.453,213.057,4.360
"Tenant 5 [Tier 4] Free-Tier Bulk Flood","ListBucket",1,0,215.537,210.909,4.594
"Tenant 5 [Tier 4] Free-Tier Bulk Flood","ListBucket",1,0,217.242,212.715,4.519
"Tenant 5 [Tier 4] Free-Tier Bulk Flood","PutLarge",1,0,217.884,213.560,4.320
"Tenant 5 [Tier 4] Free-Tier Bulk Flood","ListBucket",1,0,217.174,212.449,4.721
"Tenant 5 [Tier 4] Free-Tier Bulk Flood","PutLarge",1,0,217.461,212.752,4.704
"Tenant 5 [Tier 4] Free-Tier Bulk Flood","PutLarge",1,0,217.066,212.632,4.402
"Tenant 5 [Tier 4] Free-Tier Bulk Flood","PutLarge",1,0,217.610,212.914,4.691
"Tenant 5 [Tier 4] Free-Tier Bulk Flood","ListBucket",1,0,219.864,215.245,4.590
"Tenant 5 [Tier 4] Free-Tier Bulk Flood","PutLarge",1,0,217.619,212.955,4.660
"Tenant 5 [Tier 4] Free-Tier Bulk Flood","ListBucket",1,0,217.278,212.565,4.701
"Tenant 5 [Tier 4] Free-Tier Bulk Flood","ListBucket",1,0,216.087,211.635,4.447
"Tenant 5 [Tier 4] Free-Tier Bulk Flood","ListBucket",1,0,216.642,212.067,4.562
"Tenant 5 [Tier 4] Free-Tier Bulk Flood","PutLarge",1,0,216.287,211.669,4.572
"Tenant 5 [Tier 4] Free-Tier Bulk Flood","PutLarge",1,0,216.395,211.934,4.440
"Tenant 5 [Tier 4] Free-Tier Bulk Flood","ListBucket",1,0,216.095,211.759,4.330
"Tenant 5 [Tier 4] Free-Tier Bulk Flood","ListBucket",1,0,218.331,213.708,4.587
"Tenant 5 [Tier 4] Free-Tier Bulk Flood","PutLarge",1,0,216.502,212.109,4.369
"Tenant 5 [Tier 4] Free-Tier Bulk Flood","ListBucket",1,0,215.333,210.761,4.538
"Tenant 5 [Tier 4] Free-Tier Bulk Flood","PutLarge",1,0,216.381,212.026,4.344
"Tenant 5 [Tier 4] Free-Tier Bulk Flood","PutLarge",1,0,217.359,212.988,4.349
"Tenant 5 [Tier 4] Free-Tier Bulk Flood","PutLarge",1,0,218.004,213.613,4.356
"Tenant 5 [Tier 4] Free-Tier Bulk Flood","PutLarge",1,0,216.834,212.431,4.371
"Tenant 5 [Tier 4] Free-Tier Bulk Flood","ListBucket",1,0,215.571,210.947,4.617
"Tenant 5 [Tier 4] Free-Tier Bulk Flood","ListBucket",1,0,216.977,212.332,4.611
"Tenant 5 [Tier 4] Free-Tier Bulk Flood","PutLarge",1,0,216.621,212.034,4.580
"Tenant 5 [Tier 4] Free-Tier Bulk Flood","ListBucket",1,0,217.055,212.494,4.535
"Tenant 5 [Tier 4] Free-Tier Bulk Flood","PutLarge",1,0,218.411,213.991,4.416
"Tenant 5 [Tier 4] Free-Tier Bulk Flood","PutLarge",1,0,217.647,213.007,4.612
"Tenant 5 [Tier 4] Free-Tier Bulk Flood","PutLarge",1,0,218.058,213.683,4.368
"Tenant 5 [Tier 4] Free-Tier Bulk Flood","ListBucket",1,0,217.566,213.022,4.540
"Tenant 5 [Tier 4] Free-Tier Bulk Flood","PutLarge",1,0,217.978,213.457,4.482
"Tenant 5 [Tier 4] Free-Tier Bulk Flood","ListBucket",1,0,217.547,212.993,4.549
"Tenant 5 [Tier 4] Free-Tier Bulk Flood","ListBucket",1,0,217.946,213.384,4.546
"Tenant 5 [Tier 4] Free-Tier Bulk Flood","PutLarge",1,0,217.946,213.442,4.496
"Tenant 5 [Tier 4] Free-Tier Bulk Flood","ListBucket",1,0,217.710,213.382,4.320
"Tenant 5 [Tier 4] Free-Tier Bulk Flood","ListBucket",1,0,217.005,212.356,4.614
"Tenant 5 [Tier 4] Free-Tier Bulk Flood","ListBucket",1,0,216.331,211.990,4.337
"Tenant 5 [Tier 4] Free-Tier Bulk Flood","ListBucket",1,0,218.073,213.475,4.592
"Tenant 5 [Tier 4] Free-Tier Bulk Flood","PutLarge",1,0,215.491,211.079,4.397
"Tenant 5 [Tier 4] Free-Tier Bulk Flood","ListBucket",1,0,216.344,211.813,4.527
"Tenant 5 [Tier 4] Free-Tier Bulk Flood","PutLarge",1,0,216.780,212.357,4.408
"Tenant 5 [Tier 4] Free-Tier Bulk Flood","PutLarge",1,0,217.839,213.298,4.523
"Tenant 5 [Tier 4] Free-Tier Bulk Flood","ListBucket",1,0,216.124,211.769,4.312
"Tenant 5 [Tier 4] Free-Tier Bulk Flood","ListBucket",1,0,215.760,211.067,4.687
"Tenant 5 [Tier 4] Free-Tier Bulk Flood","ListBucket",1,0,216.498,211.772,4.714
"Tenant 5 [Tier 4] Free-Tier Bulk Flood","ListBucket",1,0,214.777,210.462,4.312
"Tenant 5 [Tier 4] Free-Tier Bulk Flood","ListBucket",1,0,214.759,210.468,4.284
"Tenant 5 [Tier 4] Free-Tier Bulk Flood","PutLarge",1,0,214.729,210.433,4.289
"Tenant 5 [Tier 4] Free-Tier Bulk Flood","PutLarge",1,0,212.081,207.392,4.681
"Tenant 5 [Tier 4] Free-Tier Bulk Flood","ListBucket",1,0,212.293,207.628,4.650
"Tenant 5 [Tier 4] Free-Tier Bulk Flood","PutLarge",1,0,213.465,208.993,4.466
"Tenant 5 [Tier 4] Free-Tier Bulk Flood","PutLarge",1,0,214.056,209.766,4.277
"Tenant 5 [Tier 4] Free-Tier Bulk Flood","PutLarge",1,0,214.642,210.201,4.437
"Tenant 5 [Tier 4] Free-Tier Bulk Flood","ListBucket",1,0,213.674,209.173,4.496
"Tenant 5 [Tier 4] Free-Tier Bulk Flood","PutLarge",1,0,214.345,209.707,4.629
"Tenant 5 [Tier 4] Free-Tier Bulk Flood","PutLarge",1,0,216.315,211.681,4.625
"Tenant 5 [Tier 4] Free-Tier Bulk Flood","PutLarge",1,0,218.251,213.602,4.643
"Tenant 5 [Tier 4] Free-Tier Bulk Flood","PutLarge",1,0,220.867,216.163,4.700
"Tenant 5 [Tier 4] Free-Tier Bulk Flood","PutLarge",1,0,221.542,217.013,4.524
"Tenant 5 [Tier 4] Free-Tier Bulk Flood","PutLarge",1,0,219.601,215.190,4.403
"Tenant 5 [Tier 4] Free-Tier Bulk Flood","ListBucket",1,0,220.014,215.442,4.563
"Tenant 5 [Tier 4] Free-Tier Bulk Flood","ListBucket",1,0,219.559,215.261,4.293
"Tenant 5 [Tier 4] Free-Tier Bulk Flood","ListBucket",1,0,219.685,215.354,4.307
"Tenant 5 [Tier 4] Free-Tier Bulk Flood","PutLarge",1,0,219.923,215.246,4.671
"Tenant 5 [Tier 4] Free-Tier Bulk Flood","ListBucket",1,0,219.537,214.921,4.608
"Tenant 5 [Tier 4] Free-Tier Bulk Flood","PutLarge",1,0,220.397,216.031,4.352
"Tenant 5 [Tier 4] Free-Tier Bulk Flood","ListBucket",1,0,217.034,212.474,4.550
"Tenant 5 [Tier 4] Free-Tier Bulk Flood","ListBucket",1,0,220.559,215.916,4.606
"Tenant 5 [Tier 4] Free-Tier Bulk Flood","ListBucket",1,0,218.812,214.271,4.505
"Tenant 5 [Tier 4] Free-Tier Bulk Flood","ListBucket",1,0,219.609,215.212,4.374
"Tenant 5 [Tier 4] Free-Tier Bulk Flood","PutLarge",1,0,218.534,214.236,4.284
"Tenant 5 [Tier 4] Free-Tier Bulk Flood","PutLarge",1,0,219.924,215.275,4.614
"Tenant 5 [Tier 4] Free-Tier Bulk Flood","PutLarge",1,0,218.504,213.956,4.526
"Tenant 5 [Tier 4] Free-Tier Bulk Flood","PutLarge",1,0,219.882,215.442,4.411
"Tenant 5 [Tier 4] Free-Tier Bulk Flood","PutLarge",1,0,219.447,214.721,4.691
"Tenant 5 [Tier 4] Free-Tier Bulk Flood","PutLarge",1,0,220.151,215.402,4.690
"Tenant 5 [Tier 4] Free-Tier Bulk Flood","PutLarge",1,0,219.502,214.821,4.634
"Tenant 5 [Tier 4] Free-Tier Bulk Flood","PutLarge",1,0,219.849,215.482,4.351
"Tenant 5 [Tier 4] Free-Tier Bulk Flood","PutLarge",1,0,220.003,215.315,4.679
"Tenant 5 [Tier 4] Free-Tier Bulk Flood","ListBucket",1,0,219.880,215.440,4.412
"Tenant 5 [Tier 4] Free-Tier Bulk Flood","PutLarge",1,0,222.284,217.688,4.558
"Tenant 5 [Tier 4] Free-Tier Bulk Flood","PutLarge",1,0,219.740,215.348,4.377
"Tenant 5 [Tier 4] Free-Tier Bulk Flood","PutLarge",1,0,219.986,215.346,4.624
"Tenant 5 [Tier 4] Free-Tier Bulk Flood","ListBucket",1,0,219.785,215.107,4.642
"Tenant 5 [Tier 4] Free-Tier Bulk Flood","PutLarge",1,0,220.437,215.939,4.462
"Tenant 5 [Tier 4] Free-Tier Bulk Flood","ListBucket",1,0,220.097,215.365,4.720
"Tenant 5 [Tier 4] Free-Tier Bulk Flood","PutLarge",1,0,220.227,215.757,4.437
"Tenant 5 [Tier 4] Free-Tier Bulk Flood","PutLarge",1,0,219.963,215.489,4.441
"Tenant 5 [Tier 4] Free-Tier Bulk Flood","PutLarge",1,0,220.048,215.579,4.434
"Tenant 5 [Tier 4] Free-Tier Bulk Flood","PutLarge",1,0,219.947,215.273,4.624
"Tenant 5 [Tier 4] Free-Tier Bulk Flood","ListBucket",1,0,221.495,217.048,4.426
"Tenant 5 [Tier 4] Free-Tier Bulk Flood","PutLarge",1,0,220.442,215.923,4.481
"Tenant 5 [Tier 4] Free-Tier Bulk Flood","PutLarge",1,0,221.525,216.870,4.623
"Tenant 5 [Tier 4] Free-Tier Bulk Flood","PutLarge",1,0,220.892,216.302,4.574
"Tenant 5 [Tier 4] Free-Tier Bulk Flood","PutLarge",1,0,221.802,217.219,4.533
"Tenant 5 [Tier 4] Free-Tier Bulk Flood","ListBucket",1,0,220.714,216.383,4.326
"Tenant 5 [Tier 4] Free-Tier Bulk Flood","PutLarge",1,0,221.988,217.401,4.582
"Tenant 5 [Tier 4] Free-Tier Bulk Flood","PutLarge",1,0,224.023,219.395,4.592
"Tenant 5 [Tier 4] Free-Tier Bulk Flood","ListBucket",1,0,222.040,217.621,4.414
"Tenant 5 [Tier 4] Free-Tier Bulk Flood","PutLarge",1,0,221.979,217.299,4.675
"Tenant 5 [Tier 4] Free-Tier Bulk Flood","PutLarge",1,0,221.248,216.814,4.374
"Tenant 5 [Tier 4] Free-Tier Bulk Flood","PutLarge",1,0,221.920,217.596,4.276
"Tenant 5 [Tier 4] Free-Tier Bulk Flood","PutLarge",1,0,222.103,217.535,4.557
"Tenant 5 [Tier 4] Free-Tier Bulk Flood","PutLarge",1,0,222.823,218.347,4.459
"Tenant 5 [Tier 4] Free-Tier Bulk Flood","ListBucket",1,0,222.831,218.091,4.723
"Tenant 5 [Tier 4] Free-Tier Bulk Flood","ListBucket",1,0,222.730,218.282,4.421
"Tenant 5 [Tier 4] Free-Tier Bulk Flood","PutLarge",1,0,223.207,218.549,4.609
"Tenant 5 [Tier 4] Free-Tier Bulk Flood","PutLarge",1,0,222.128,217.494,4.615
"Tenant 5 [Tier 4] Free-Tier Bulk Flood","PutLarge",1,0,223.577,218.830,4.725
"Tenant 5 [Tier 4] Free-Tier Bulk Flood","PutLarge",1,0,222.524,218.169,4.336
"Tenant 5 [Tier 4] Free-Tier Bulk Flood","PutLarge",1,0,224.665,220.300,4.321
"Tenant 5 [Tier 4] Free-Tier Bulk Flood","PutLarge",1,0,224.355,219.941,4.411
"Tenant 5 [Tier 4] Free-Tier Bulk Flood","ListBucket",1,0,222.263,217.660,4.570
"Tenant 5 [Tier 4] Free-Tier Bulk Flood","PutLarge",1,0,223.221,218.842,4.373
"Tenant 5 [Tier 4] Free-Tier Bulk Flood","PutLarge",1,0,224.326,219.908,4.387
"Tenant 5 [Tier 4] Free-Tier Bulk Flood","ListBucket",1,0,224.095,219.737,4.326
"Tenant 5 [Tier 4] Free-Tier Bulk Flood","PutLarge",1,0,224.726,220.027,4.689
"Tenant 5 [Tier 4] Free-Tier Bulk Flood","PutLarge",1,0,224.097,219.550,4.539
"Tenant 5 [Tier 4] Free-Tier Bulk Flood","ListBucket",1,0,226.695,221.995,4.677
"Tenant 5 [Tier 4] Free-Tier Bulk Flood","ListBucket",1,0,226.184,221.769,4.409
"Tenant 5 [Tier 4] Free-Tier Bulk Flood","PutLarge",1,0,223.951,219.389,4.556
"Tenant 5 [Tier 4] Free-Tier Bulk Flood","ListBucket",1,0,224.277,219.781,4.487
"Tenant 5 [Tier 4] Free-Tier Bulk Flood","ListBucket",1,0,226.754,222.158,4.581
"Tenant 5 [Tier 4] Free-Tier Bulk Flood","PutLarge",1,0,226.842,222.285,4.553
"Tenant 5 [Tier 4] Free-Tier Bulk Flood","PutLarge",1,0,226.830,222.115,4.710
"Tenant 5 [Tier 4] Free-Tier Bulk Flood","ListBucket",1,0,227.348,222.722,4.615
"Tenant 5 [Tier 4] Free-Tier Bulk Flood","ListBucket",1,0,225.551,221.225,4.322
"Tenant 5 [Tier 4] Free-Tier Bulk Flood","PutLarge",1,0,225.795,221.231,4.560
"Tenant 5 [Tier 4] Free-Tier Bulk Flood","PutLarge",1,0,226.362,222.013,4.343
"Tenant 5 [Tier 4] Free-Tier Bulk Flood","ListBucket",1,0,225.622,221.148,4.467
"Tenant 5 [Tier 4] Free-Tier Bulk Flood","ListBucket",1,0,224.673,220.120,4.548
"Tenant 5 [Tier 4] Free-Tier Bulk Flood","PutLarge",1,0,225.543,221.146,4.382
"Tenant 5 [Tier 4] Free-Tier Bulk Flood","ListBucket",1,0,225.835,221.397,4.423
"Tenant 5 [Tier 4] Free-Tier Bulk Flood","ListBucket",1,0,224.188,219.860,4.313
"Tenant 5 [Tier 4] Free-Tier Bulk Flood","PutLarge",1,0,223.309,218.712,4.591
"Tenant 5 [Tier 4] Free-Tier Bulk Flood","ListBucket",1,0,223.083,218.759,4.318
"Tenant 5 [Tier 4] Free-Tier Bulk Flood","PutLarge",1,0,226.067,221.513,4.549
"Tenant 5 [Tier 4] Free-Tier Bulk Flood","ListBucket",1,0,223.322,218.994,4.316
"Tenant 5 [Tier 4] Free-Tier Bulk Flood","PutLarge",1,0,222.423,217.861,4.557
"Tenant 5 [Tier 4] Free-Tier Bulk Flood","PutLarge",1,0,222.207,217.516,4.685
"Tenant 5 [Tier 4] Free-Tier Bulk Flood","ListBucket",1,0,219.031,214.564,4.463
"Tenant 5 [Tier 4] Free-Tier Bulk Flood","ListBucket",1,0,221.559,217.093,4.460
"Tenant 5 [Tier 4] Free-Tier Bulk Flood","PutLarge",1,0,220.102,215.332,4.725
"Tenant 5 [Tier 4] Free-Tier Bulk Flood","PutLarge",1,0,221.390,216.882,4.494
"Tenant 5 [Tier 4] Free-Tier Bulk Flood","PutLarge",1,0,220.196,215.538,4.635
"Tenant 5 [Tier 4] Free-Tier Bulk Flood","PutLarge",1,0,221.356,216.938,4.413
"Tenant 5 [Tier 4] Free-Tier Bulk Flood","PutLarge",1,0,222.769,218.396,4.368
"Tenant 5 [Tier 4] Free-Tier Bulk Flood","ListBucket",1,0,220.640,216.287,4.317
"Tenant 5 [Tier 4] Free-Tier Bulk Flood","ListBucket",1,0,221.202,216.660,4.507
"Tenant 5 [Tier 4] Free-Tier Bulk Flood","PutLarge",1,0,221.673,216.918,4.720
"Tenant 5 [Tier 4] Free-Tier Bulk Flood","PutLarge",1,0,221.327,216.919,4.360
"Tenant 5 [Tier 4] Free-Tier Bulk Flood","PutLarge",1,0,221.698,217.043,4.649
"Tenant 5 [Tier 4] Free-Tier Bulk Flood","ListBucket",1,0,221.341,216.761,4.574
"Tenant 5 [Tier 4] Free-Tier Bulk Flood","PutLarge",1,0,221.612,217.236,4.345
"Tenant 5 [Tier 4] Free-Tier Bulk Flood","PutLarge",1,0,220.971,216.583,4.380
"Tenant 5 [Tier 4] Free-Tier Bulk Flood","PutLarge",1,0,221.533,216.843,4.681
"Tenant 5 [Tier 4] Free-Tier Bulk Flood","ListBucket",1,0,220.739,216.200,4.534
"Tenant 5 [Tier 4] Free-Tier Bulk Flood","PutLarge",1,0,222.906,218.195,4.677
"Tenant 5 [Tier 4] Free-Tier Bulk Flood","ListBucket",1,0,221.998,217.408,4.585
"Tenant 5 [Tier 4] Free-Tier Bulk Flood","ListBucket",1,0,221.050,216.312,4.688
"Tenant 5 [Tier 4] Free-Tier Bulk Flood","PutLarge",1,0,221.830,217.449,4.348
"Tenant 5 [Tier 4] Free-Tier Bulk Flood","PutLarge",1,0,221.349,216.663,4.651
"Tenant 5 [Tier 4] Free-Tier Bulk Flood","PutLarge",1,0,221.504,217.192,4.301
"Tenant 5 [Tier 4] Free-Tier Bulk Flood","ListBucket",1,0,221.367,216.671,4.662
"Tenant 5 [Tier 4] Free-Tier Bulk Flood","PutLarge",1,0,221.489,216.771,4.669
"Tenant 5 [Tier 4] Free-Tier Bulk Flood","PutLarge",1,0,221.139,216.654,4.449
"Tenant 5 [Tier 4] Free-Tier Bulk Flood","ListBucket",1,0,218.710,214.163,4.517
"Tenant 5 [Tier 4] Free-Tier Bulk Flood","PutLarge",1,0,221.032,216.722,4.300
"Tenant 5 [Tier 4] Free-Tier Bulk Flood","PutLarge",1,0,221.876,217.236,4.633
"Tenant 5 [Tier 4] Free-Tier Bulk Flood","PutLarge",1,0,220.884,216.333,4.516
"Tenant 5 [Tier 4] Free-Tier Bulk Flood","PutLarge",1,0,221.993,217.427,4.532
"Tenant 5 [Tier 4] Free-Tier Bulk Flood","PutLarge",1,0,222.422,217.972,4.420
"Tenant 5 [Tier 4] Free-Tier Bulk Flood","PutLarge",1,0,222.042,217.332,4.681
"Tenant 5 [Tier 4] Free-Tier Bulk Flood","PutLarge",1,0,222.228,217.822,4.316
"Tenant 5 [Tier 4] Free-Tier Bulk Flood","PutLarge",1,0,221.745,217.443,4.282
"Tenant 5 [Tier 4] Free-Tier Bulk Flood","PutLarge",1,0,222.967,218.646,4.284
"Tenant 5 [Tier 4] Free-Tier Bulk Flood","ListBucket",1,0,221.831,217.102,4.692
"Tenant 5 [Tier 4] Free-Tier Bulk Flood","ListBucket",1,0,219.905,215.457,4.444
"Tenant 5 [Tier 4] Free-Tier Bulk Flood","PutLarge",1,0,222.030,217.451,4.567
"Tenant 5 [Tier 4] Free-Tier Bulk Flood","ListBucket",1,0,220.077,215.549,4.496
"Tenant 5 [Tier 4] Free-Tier Bulk Flood","PutLarge",1,0,221.130,216.648,4.474
"Tenant 5 [Tier 4] Free-Tier Bulk Flood","PutLarge",1,0,222.663,217.933,4.654
"Tenant 5 [Tier 4] Free-Tier Bulk Flood","PutLarge",1,0,222.924,218.421,4.499
"Tenant 5 [Tier 4] Free-Tier Bulk Flood","PutLarge",1,0,221.139,216.555,4.577
"Tenant 5 [Tier 4] Free-Tier Bulk Flood","PutLarge",1,0,223.861,219.209,4.642
"Tenant 5 [Tier 4] Free-Tier Bulk Flood","PutLarge",1,0,222.986,218.304,4.649
"Tenant 5 [Tier 4] Free-Tier Bulk Flood","ListBucket",1,0,221.944,217.292,4.646
"Tenant 5 [Tier 4] Free-Tier Bulk Flood","PutLarge",1,0,222.789,218.306,4.476
"Tenant 5 [Tier 4] Free-Tier Bulk Flood","PutLarge",1,0,221.658,217.206,4.443
"Tenant 5 [Tier 4] Free-Tier Bulk Flood","ListBucket",1,0,222.429,217.884,4.539
"Tenant 5 [Tier 4] Free-Tier Bulk Flood","ListBucket",1,0,220.540,216.086,4.430
"Tenant 5 [Tier 4] Free-Tier Bulk Flood","PutLarge",1,0,222.209,217.511,4.688
"Tenant 5 [Tier 4] Free-Tier Bulk Flood","ListBucket",1,0,221.326,216.797,4.496
"Tenant 5 [Tier 4] Free-Tier Bulk Flood","ListBucket",1,0,221.677,217.254,4.417
"Tenant 5 [Tier 4] Free-Tier Bulk Flood","PutLarge",1,0,221.062,216.750,4.304
"Tenant 5 [Tier 4] Free-Tier Bulk Flood","PutLarge",1,0,222.831,218.484,4.343
"Tenant 5 [Tier 4] Free-Tier Bulk Flood","ListBucket",1,0,221.203,216.702,4.497
"Tenant 5 [Tier 4] Free-Tier Bulk Flood","PutLarge",1,0,222.012,217.562,4.438
"Tenant 5 [Tier 4] Free-Tier Bulk Flood","ListBucket",1,0,221.621,217.106,4.501
"Tenant 5 [Tier 4] Free-Tier Bulk Flood","PutLarge",1,0,222.739,218.024,4.700
"Tenant 5 [Tier 4] Free-Tier Bulk Flood","PutLarge",1,0,222.810,218.220,4.577
"Tenant 5 [Tier 4] Free-Tier Bulk Flood","PutLarge",1,0,222.094,217.569,4.522
"Tenant 5 [Tier 4] Free-Tier Bulk Flood","ListBucket",1,0,220.967,216.431,4.530
"Tenant 5 [Tier 4] Free-Tier Bulk Flood","ListBucket",1,0,222.579,218.202,4.372
"Tenant 5 [Tier 4] Free-Tier Bulk Flood","ListBucket",1,0,222.585,217.895,4.684
"Tenant 5 [Tier 4] Free-Tier Bulk Flood","PutLarge",1,0,222.492,217.844,4.643
"Tenant 5 [Tier 4] Free-Tier Bulk Flood","ListBucket",1,0,222.677,218.219,4.453
"Tenant 5 [Tier 4] Free-Tier Bulk Flood","PutLarge",1,0,220.003,215.433,4.550
"Tenant 5 [Tier 4] Free-Tier Bulk Flood","PutLarge",1,0,221.739,217.422,4.313
"Tenant 5 [Tier 4] Free-Tier Bulk Flood","PutLarge",1,0,225.754,221.147,4.601
"Tenant 5 [Tier 4] Free-Tier Bulk Flood","PutLarge",1,0,227.326,223.034,4.285
"Tenant 5 [Tier 4] Free-Tier Bulk Flood","ListBucket",1,0,225.697,221.010,4.680
"Tenant 5 [Tier 4] Free-Tier Bulk Flood","PutLarge",1,0,225.989,221.619,4.356
"Tenant 5 [Tier 4] Free-Tier Bulk Flood","PutLarge",1,0,226.692,222.251,4.423
"Tenant 5 [Tier 4] Free-Tier Bulk Flood","PutLarge",1,0,226.033,221.476,4.543
"Tenant 5 [Tier 4] Free-Tier Bulk Flood","PutLarge",1,0,224.656,220.116,4.536
"Tenant 5 [Tier 4] Free-Tier Bulk Flood","PutLarge",1,0,229.245,224.581,4.653
"Tenant 5 [Tier 4] Free-Tier Bulk Flood","PutLarge",1,0,229.872,225.299,4.541
"Tenant 5 [Tier 4] Free-Tier Bulk Flood","ListBucket",1,0,225.136,220.787,4.346
"Tenant 5 [Tier 4] Free-Tier Bulk Flood","PutLarge",1,0,224.188,219.605,4.572
"Tenant 5 [Tier 4] Free-Tier Bulk Flood","PutLarge",1,0,227.165,222.677,4.456
"Tenant 5 [Tier 4] Free-Tier Bulk Flood","PutLarge",1,0,225.102,220.561,4.536
"Tenant 5 [Tier 4] Free-Tier Bulk Flood","PutLarge",1,0,225.498,221.131,4.361
"Tenant 5 [Tier 4] Free-Tier Bulk Flood","ListBucket",1,0,224.981,220.604,4.373
"Tenant 5 [Tier 4] Free-Tier Bulk Flood","ListBucket",1,0,225.372,220.826,4.529
"Tenant 5 [Tier 4] Free-Tier Bulk Flood","PutLarge",1,0,224.990,220.690,4.286
"Tenant 5 [Tier 4] Free-Tier Bulk Flood","ListBucket",1,0,225.610,221.002,4.573
"Tenant 5 [Tier 4] Free-Tier Bulk Flood","PutLarge",1,0,225.820,221.074,4.698
"Tenant 5 [Tier 4] Free-Tier Bulk Flood","PutLarge",1,0,225.416,221.061,4.293
"Tenant 5 [Tier 4] Free-Tier Bulk Flood","ListBucket",1,0,225.644,221.035,4.567
"Tenant 5 [Tier 4] Free-Tier Bulk Flood","ListBucket",1,0,225.663,221.017,4.632
"Tenant 5 [Tier 4] Free-Tier Bulk Flood","PutLarge",1,0,225.521,221.010,4.483
"Tenant 5 [Tier 4] Free-Tier Bulk Flood","PutLarge",1,0,225.433,221.080,4.318
"Tenant 5 [Tier 4] Free-Tier Bulk Flood","PutLarge",1,0,225.904,221.191,4.692
"Tenant 5 [Tier 4] Free-Tier Bulk Flood","PutLarge",1,0,225.738,221.041,4.684
"Tenant 5 [Tier 4] Free-Tier Bulk Flood","ListBucket",1,0,225.470,220.889,4.536
"Tenant 5 [Tier 4] Free-Tier Bulk Flood","ListBucket",1,0,223.587,219.271,4.281
"Tenant 5 [Tier 4] Free-Tier Bulk Flood","PutLarge",1,0,226.184,221.721,4.452
"Tenant 5 [Tier 4] Free-Tier Bulk Flood","PutLarge",1,0,224.213,219.614,4.596
"Tenant 5 [Tier 4] Free-Tier Bulk Flood","ListBucket",1,0,226.039,221.596,4.412
"Tenant 5 [Tier 4] Free-Tier Bulk Flood","ListBucket",1,0,224.503,220.082,4.417
"Tenant 5 [Tier 4] Free-Tier Bulk Flood","ListBucket",1,0,225.645,221.119,4.480
"Tenant 5 [Tier 4] Free-Tier Bulk Flood","ListBucket",1,0,224.056,219.692,4.330
"Tenant 5 [Tier 4] Free-Tier Bulk Flood","PutLarge",1,0,224.620,220.318,4.286
"Tenant 5 [Tier 4] Free-Tier Bulk Flood","ListBucket",1,0,223.885,219.554,4.327
"Tenant 5 [Tier 4] Free-Tier Bulk Flood","ListBucket",1,0,224.035,219.548,4.466
"Tenant 5 [Tier 4] Free-Tier Bulk Flood","PutLarge",1,0,226.551,222.164,4.351
"Tenant 5 [Tier 4] Free-Tier Bulk Flood","PutLarge",1,0,224.148,219.714,4.430
"Tenant 5 [Tier 4] Free-Tier Bulk Flood","ListBucket",1,0,222.331,217.996,4.328
"Tenant 5 [Tier 4] Free-Tier Bulk Flood","ListBucket",1,0,224.002,219.623,4.376
"Tenant 5 [Tier 4] Free-Tier Bulk Flood","ListBucket",1,0,222.180,217.749,4.410
"Tenant 5 [Tier 4] Free-Tier Bulk Flood","PutLarge",1,0,222.550,217.947,4.590
"Tenant 5 [Tier 4] Free-Tier Bulk Flood","ListBucket",1,0,222.000,217.463,4.502
"Tenant 5 [Tier 4] Free-Tier Bulk Flood","ListBucket",1,0,222.859,218.192,4.661
"Tenant 5 [Tier 4] Free-Tier Bulk Flood","ListBucket",1,0,222.111,217.716,4.374
"Tenant 5 [Tier 4] Free-Tier Bulk Flood","ListBucket",1,0,222.461,217.905,4.511
"Tenant 5 [Tier 4] Free-Tier Bulk Flood","PutLarge",1,0,221.869,217.438,4.382
"Tenant 5 [Tier 4] Free-Tier Bulk Flood","PutLarge",1,0,222.485,218.029,4.450
"Tenant 5 [Tier 4] Free-Tier Bulk Flood","PutLarge",1,0,223.369,218.921,4.435
"Tenant 5 [Tier 4] Free-Tier Bulk Flood","ListBucket",1,0,222.420,217.973,4.426
"Tenant 5 [Tier 4] Free-Tier Bulk Flood","PutLarge",1,0,223.333,218.930,4.381
"Tenant 5 [Tier 4] Free-Tier Bulk Flood","PutLarge",1,0,220.971,216.322,4.644
"Tenant 5 [Tier 4] Free-Tier Bulk Flood","ListBucket",1,0,221.428,216.968,4.457
"Tenant 5 [Tier 4] Free-Tier Bulk Flood","PutLarge",1,0,223.425,218.767,4.619
"Tenant 5 [Tier 4] Free-Tier Bulk Flood","ListBucket",1,0,219.917,215.200,4.655
"Tenant 5 [Tier 4] Free-Tier Bulk Flood","PutLarge",1,0,221.275,216.950,4.316
"Tenant 5 [Tier 4] Free-Tier Bulk Flood","PutLarge",1,0,222.291,217.905,4.356
"Tenant 5 [Tier 4] Free-Tier Bulk Flood","PutLarge",1,0,222.510,218.221,4.283
"Tenant 5 [Tier 4] Free-Tier Bulk Flood","ListBucket",1,0,221.707,217.417,4.285
"Tenant 5 [Tier 4] Free-Tier Bulk Flood","PutLarge",1,0,222.036,217.572,4.457
"Tenant 5 [Tier 4] Free-Tier Bulk Flood","PutLarge",1,0,223.708,219.032,4.660
"Tenant 5 [Tier 4] Free-Tier Bulk Flood","ListBucket",1,0,221.509,216.841,4.659
"Tenant 5 [Tier 4] Free-Tier Bulk Flood","PutLarge",1,0,223.903,219.182,4.699
"Tenant 5 [Tier 4] Free-Tier Bulk Flood","ListBucket",1,0,224.011,219.464,4.543
"Tenant 5 [Tier 4] Free-Tier Bulk Flood","PutLarge",1,0,222.239,217.774,4.461
"Tenant 5 [Tier 4] Free-Tier Bulk Flood","PutLarge",1,0,221.888,217.309,4.574
"Tenant 5 [Tier 4] Free-Tier Bulk Flood","ListBucket",1,0,223.686,219.132,4.548
"Tenant 5 [Tier 4] Free-Tier Bulk Flood","PutLarge",1,0,222.607,217.939,4.664
"Tenant 5 [Tier 4] Free-Tier Bulk Flood","PutLarge",1,0,223.238,218.787,4.444
"Tenant 5 [Tier 4] Free-Tier Bulk Flood","PutLarge",1,0,222.042,217.554,4.483
"Tenant 5 [Tier 4] Free-Tier Bulk Flood","ListBucket",1,0,222.278,217.669,4.604
"Tenant 5 [Tier 4] Free-Tier Bulk Flood","ListBucket",1,0,221.852,217.423,4.425
"Tenant 5 [Tier 4] Free-Tier Bulk Flood","PutLarge",1,0,223.657,219.084,4.564
"Tenant 5 [Tier 4] Free-Tier Bulk Flood","PutLarge",1,0,223.769,219.091,4.666
"Tenant 5 [Tier 4] Free-Tier Bulk Flood","PutLarge",1,0,224.913,220.367,4.531
"Tenant 5 [Tier 4] Free-Tier Bulk Flood","PutLarge",1,0,225.470,221.003,4.422
"Tenant 5 [Tier 4] Free-Tier Bulk Flood","ListBucket",1,0,224.098,219.801,4.285
"Tenant 5 [Tier 4] Free-Tier Bulk Flood","PutLarge",1,0,225.360,220.893,4.463
"Tenant 5 [Tier 4] Free-Tier Bulk Flood","ListBucket",1,0,222.539,217.872,4.635
"Tenant 5 [Tier 4] Free-Tier Bulk Flood","PutLarge",1,0,223.070,218.493,4.573
"Tenant 5 [Tier 4] Free-Tier Bulk Flood","PutLarge",1,0,221.553,216.931,4.616
"Tenant 5 [Tier 4] Free-Tier Bulk Flood","PutLarge",1,0,223.295,218.702,4.589
"Tenant 5 [Tier 4] Free-Tier Bulk Flood","PutLarge",1,0,221.766,217.034,4.698
"Tenant 5 [Tier 4] Free-Tier Bulk Flood","PutLarge",1,0,222.641,218.226,4.413
"Tenant 5 [Tier 4] Free-Tier Bulk Flood","ListBucket",1,0,222.397,217.998,4.392
"Tenant 5 [Tier 4] Free-Tier Bulk Flood","ListBucket",1,0,222.787,218.469,4.310
"Tenant 5 [Tier 4] Free-Tier Bulk Flood","PutLarge",1,0,221.736,217.088,4.636
"Tenant 5 [Tier 4] Free-Tier Bulk Flood","PutLarge",1,0,220.626,215.938,4.678
"Tenant 5 [Tier 4] Free-Tier Bulk Flood","ListBucket",1,0,221.749,217.245,4.494
"Tenant 5 [Tier 4] Free-Tier Bulk Flood","PutLarge",1,0,220.751,216.039,4.696
"Tenant 5 [Tier 4] Free-Tier Bulk Flood","PutLarge",1,0,219.677,215.277,4.390
"Tenant 5 [Tier 4] Free-Tier Bulk Flood","ListBucket",1,0,220.497,216.191,4.299
"Tenant 5 [Tier 4] Free-Tier Bulk Flood","PutLarge",1,0,221.080,216.552,4.517
"Tenant 5 [Tier 4] Free-Tier Bulk Flood","ListBucket",1,0,220.275,215.767,4.485
"Tenant 5 [Tier 4] Free-Tier Bulk Flood","PutLarge",1,0,220.874,216.537,4.322
"Tenant 5 [Tier 4] Free-Tier Bulk Flood","PutLarge",1,0,220.551,215.936,4.588
"Tenant 5 [Tier 4] Free-Tier Bulk Flood","PutLarge",1,0,220.686,216.279,4.362
"Tenant 5 [Tier 4] Free-Tier Bulk Flood","PutLarge",1,0,220.257,215.822,4.430
"Tenant 5 [Tier 4] Free-Tier Bulk Flood","ListBucket",1,0,220.767,216.311,4.408
"Tenant 5 [Tier 4] Free-Tier Bulk Flood","ListBucket",1,0,220.298,215.658,4.631
"Tenant 5 [Tier 4] Free-Tier Bulk Flood","PutLarge",1,0,220.606,216.118,4.482
"Tenant 5 [Tier 4] Free-Tier Bulk Flood","PutLarge",1,0,220.407,215.768,4.602
"Tenant 5 [Tier 4] Free-Tier Bulk Flood","ListBucket",1,0,220.976,216.245,4.695
"Tenant 5 [Tier 4] Free-Tier Bulk Flood","PutLarge",1,0,220.335,215.678,4.648
"Tenant 5 [Tier 4] Free-Tier Bulk Flood","ListBucket",1,0,220.893,216.260,4.622
"Tenant 5 [Tier 4] Free-Tier Bulk Flood","PutLarge",1,0,220.673,216.074,4.586
"Tenant 5 [Tier 4] Free-Tier Bulk Flood","ListBucket",1,0,221.220,216.629,4.570
"Tenant 5 [Tier 4] Free-Tier Bulk Flood","PutLarge",1,0,219.842,215.311,4.526
"Tenant 5 [Tier 4] Free-Tier Bulk Flood","PutLarge",1,0,220.684,216.191,4.489
"Tenant 5 [Tier 4] Free-Tier Bulk Flood","PutLarge",1,0,219.854,215.437,4.384
"Tenant 5 [Tier 4] Free-Tier Bulk Flood","ListBucket",1,0,220.606,216.255,4.346
"Tenant 5 [Tier 4] Free-Tier Bulk Flood","PutLarge",1,0,220.230,215.558,4.642
"Tenant 5 [Tier 4] Free-Tier Bulk Flood","PutLarge",1,0,221.175,216.733,4.419
"Tenant 5 [Tier 4] Free-Tier Bulk Flood","PutLarge",1,0,221.090,216.544,4.489
"Tenant 5 [Tier 4] Free-Tier Bulk Flood","PutLarge",1,0,221.576,216.861,4.679
"Tenant 5 [Tier 4] Free-Tier Bulk Flood","PutLarge",1,0,221.778,217.189,4.573
"Tenant 5 [Tier 4] Free-Tier Bulk Flood","ListBucket",1,0,221.635,217.185,4.412
"Tenant 5 [Tier 4] Free-Tier Bulk Flood","PutLarge",1,0,221.704,217.336,4.363
"Tenant 5 [Tier 4] Free-Tier Bulk Flood","ListBucket",1,0,222.936,218.233,4.697
"Tenant 5 [Tier 4] Free-Tier Bulk Flood","PutLarge",1,0,223.249,218.708,4.509
"Tenant 5 [Tier 4] Free-Tier Bulk Flood","ListBucket",1,0,223.115,218.518,4.592
"Tenant 5 [Tier 4] Free-Tier Bulk Flood","PutLarge",1,0,222.724,218.280,4.438
"Tenant 5 [Tier 4] Free-Tier Bulk Flood","ListBucket",1,0,223.250,218.586,4.652
"Tenant 5 [Tier 4] Free-Tier Bulk Flood","ListBucket",1,0,221.529,216.873,4.640
"Tenant 5 [Tier 4] Free-Tier Bulk Flood","ListBucket",1,0,223.390,218.868,4.513
"Tenant 5 [Tier 4] Free-Tier Bulk Flood","ListBucket",1,0,222.168,217.549,4.587
"Tenant 5 [Tier 4] Free-Tier Bulk Flood","ListBucket",1,0,223.290,218.590,4.665
"Tenant 5 [Tier 4] Free-Tier Bulk Flood","PutLarge",1,0,222.161,217.682,4.444
"Tenant 5 [Tier 4] Free-Tier Bulk Flood","PutLarge",1,0,220.860,216.255,4.601
"Tenant 5 [Tier 4] Free-Tier Bulk Flood","ListBucket",1,0,222.405,217.704,4.698
"Tenant 5 [Tier 4] Free-Tier Bulk Flood","PutLarge",1,0,223.232,218.885,4.339
"Tenant 5 [Tier 4] Free-Tier Bulk Flood","PutLarge",1,0,222.946,218.501,4.441
"Tenant 5 [Tier 4] Free-Tier Bulk Flood","PutLarge",1,0,223.206,218.473,4.703
"Tenant 5 [Tier 4] Free-Tier Bulk Flood","PutLarge",1,0,221.008,216.522,4.474
"Tenant 5 [Tier 4] Free-Tier Bulk Flood","PutLarge",1,0,223.090,218.495,4.587
"Tenant 5 [Tier 4] Free-Tier Bulk Flood","ListBucket",1,0,223.372,218.837,4.493
"Tenant 5 [Tier 4] Free-Tier Bulk Flood","ListBucket",1,0,220.908,216.194,4.709
"Tenant 5 [Tier 4] Free-Tier Bulk Flood","ListBucket",1,0,220.822,216.501,4.289
"Tenant 5 [Tier 4] Free-Tier Bulk Flood","ListBucket",1,0,221.383,217.056,4.309
"Tenant 5 [Tier 4] Free-Tier Bulk Flood","PutLarge",1,0,221.186,216.742,4.431
"Tenant 5 [Tier 4] Free-Tier Bulk Flood","ListBucket",1,0,221.112,216.749,4.356
"Tenant 5 [Tier 4] Free-Tier Bulk Flood","ListBucket",1,0,221.310,216.755,4.520
"Tenant 5 [Tier 4] Free-Tier Bulk Flood","ListBucket",1,0,220.820,216.379,4.408
"Tenant 5 [Tier 4] Free-Tier Bulk Flood","ListBucket",1,0,222.005,217.486,4.515
"Tenant 5 [Tier 4] Free-Tier Bulk Flood","PutLarge",1,0,222.646,218.031,4.580
"Tenant 5 [Tier 4] Free-Tier Bulk Flood","ListBucket",1,0,221.954,217.451,4.496
"Tenant 5 [Tier 4] Free-Tier Bulk Flood","ListBucket",1,0,220.974,216.325,4.642
"Tenant 5 [Tier 4] Free-Tier Bulk Flood","PutLarge",1,0,222.350,217.903,4.430
"Tenant 5 [Tier 4] Free-Tier Bulk Flood","PutLarge",1,0,219.680,215.021,4.655
"Tenant 5 [Tier 4] Free-Tier Bulk Flood","PutLarge",1,0,221.138,216.572,4.558
"Tenant 5 [Tier 4] Free-Tier Bulk Flood","PutLarge",1,0,221.948,217.323,4.619
"Tenant 5 [Tier 4] Free-Tier Bulk Flood","PutLarge",1,0,221.780,217.249,4.526
"Tenant 5 [Tier 4] Free-Tier Bulk Flood","ListBucket",1,0,221.591,217.208,4.373
"Tenant 5 [Tier 4] Free-Tier Bulk Flood","ListBucket",1,0,221.244,216.556,4.684
"Tenant 5 [Tier 4] Free-Tier Bulk Flood","PutLarge",1,0,219.817,215.419,4.363
"Tenant 5 [Tier 4] Free-Tier Bulk Flood","ListBucket",1,0,218.141,213.410,4.707
"Tenant 5 [Tier 4] Free-Tier Bulk Flood","PutLarge",1,0,219.325,215.025,4.295
"Tenant 5 [Tier 4] Free-Tier Bulk Flood","PutLarge",1,0,224.262,219.723,4.534
"Tenant 5 [Tier 4] Free-Tier Bulk Flood","PutLarge",1,0,225.887,221.382,4.471
"Tenant 5 [Tier 4] Free-Tier Bulk Flood","ListBucket",1,0,222.620,218.074,4.506
"Tenant 5 [Tier 4] Free-Tier Bulk Flood","PutLarge",1,0,222.392,218.007,4.371
"Tenant 5 [Tier 4] Free-Tier Bulk Flood","PutLarge",1,0,223.544,219.138,4.371
"Tenant 5 [Tier 4] Free-Tier Bulk Flood","PutLarge",1,0,220.478,216.048,4.423
"Tenant 5 [Tier 4] Free-Tier Bulk Flood","PutLarge",1,0,220.350,215.973,4.371
"Tenant 5 [Tier 4] Free-Tier Bulk Flood","ListBucket",1,0,221.891,217.256,4.628
"Tenant 5 [Tier 4] Free-Tier Bulk Flood","PutLarge",1,0,223.546,219.139,4.395
"Tenant 5 [Tier 4] Free-Tier Bulk Flood","ListBucket",1,0,217.402,212.758,4.640
"Tenant 5 [Tier 4] Free-Tier Bulk Flood","ListBucket",1,0,216.562,212.205,4.353
"Tenant 5 [Tier 4] Free-Tier Bulk Flood","PutLarge",1,0,218.076,213.475,4.593
"Tenant 5 [Tier 4] Free-Tier Bulk Flood","PutLarge",1,0,218.118,213.694,4.413
"Tenant 5 [Tier 4] Free-Tier Bulk Flood","PutLarge",1,0,218.025,213.641,4.375
"Tenant 5 [Tier 4] Free-Tier Bulk Flood","PutLarge",1,0,218.426,213.813,4.599
"Tenant 5 [Tier 4] Free-Tier Bulk Flood","ListBucket",1,0,218.170,213.533,4.604
"Tenant 5 [Tier 4] Free-Tier Bulk Flood","PutLarge",1,0,218.574,214.263,4.278
"Tenant 5 [Tier 4] Free-Tier Bulk Flood","ListBucket",1,0,216.196,211.708,4.453
"Tenant 5 [Tier 4] Free-Tier Bulk Flood","PutLarge",1,0,218.511,213.945,4.563
"Tenant 5 [Tier 4] Free-Tier Bulk Flood","PutLarge",1,0,218.234,213.611,4.581
"Tenant 5 [Tier 4] Free-Tier Bulk Flood","PutLarge",1,0,218.490,214.079,4.394
"Tenant 5 [Tier 4] Free-Tier Bulk Flood","PutLarge",1,0,218.493,213.781,4.702
"Tenant 5 [Tier 4] Free-Tier Bulk Flood","PutLarge",1,0,218.191,213.846,4.327
"Tenant 5 [Tier 4] Free-Tier Bulk Flood","ListBucket",1,0,218.634,214.013,4.599
"Tenant 5 [Tier 4] Free-Tier Bulk Flood","ListBucket",1,0,217.068,212.485,4.579
"Tenant 5 [Tier 4] Free-Tier Bulk Flood","ListBucket",1,0,218.351,213.731,4.586
"Tenant 5 [Tier 4] Free-Tier Bulk Flood","ListBucket",1,0,216.855,212.189,4.661
"Tenant 5 [Tier 4] Free-Tier Bulk Flood","PutLarge",1,0,217.674,213.158,4.470
"Tenant 5 [Tier 4] Free-Tier Bulk Flood","PutLarge",1,0,217.001,212.282,4.714
"Tenant 5 [Tier 4] Free-Tier Bulk Flood","PutLarge",1,0,217.612,213.041,4.556
"Tenant 5 [Tier 4] Free-Tier Bulk Flood","PutLarge",1,0,218.086,213.348,4.674
"Tenant 5 [Tier 4] Free-Tier Bulk Flood","PutLarge",1,0,218.090,213.563,4.518
"Tenant 5 [Tier 4] Free-Tier Bulk Flood","ListBucket",1,0,218.321,213.660,4.654
"Tenant 5 [Tier 4] Free-Tier Bulk Flood","ListBucket",1,0,218.414,213.718,4.679
"Tenant 5 [Tier 4] Free-Tier Bulk Flood","ListBucket",1,0,218.254,213.661,4.565
"Tenant 5 [Tier 4] Free-Tier Bulk Flood","ListBucket",1,0,217.966,213.479,4.483
"Tenant 5 [Tier 4] Free-Tier Bulk Flood","PutLarge",1,0,218.265,213.686,4.547
"Tenant 5 [Tier 4] Free-Tier Bulk Flood","ListBucket",1,0,217.559,212.946,4.606
"Tenant 5 [Tier 4] Free-Tier Bulk Flood","PutLarge",1,0,217.349,213.067,4.276
"Tenant 5 [Tier 4] Free-Tier Bulk Flood","PutLarge",1,0,217.632,213.124,4.496
"Tenant 5 [Tier 4] Free-Tier Bulk Flood","ListBucket",1,0,217.478,212.958,4.516
"Tenant 5 [Tier 4] Free-Tier Bulk Flood","ListBucket",1,0,217.194,212.896,4.288
"Tenant 5 [Tier 4] Free-Tier Bulk Flood","ListBucket",1,0,215.891,211.330,4.554
"Tenant 5 [Tier 4] Free-Tier Bulk Flood","ListBucket",1,0,216.817,212.395,4.373
"Tenant 5 [Tier 4] Free-Tier Bulk Flood","PutLarge",1,0,215.707,211.250,4.436
"Tenant 5 [Tier 4] Free-Tier Bulk Flood","PutLarge",1,0,216.504,212.172,4.297
"Tenant 5 [Tier 4] Free-Tier Bulk Flood","ListBucket",1,0,216.481,212.081,4.390
"Tenant 5 [Tier 4] Free-Tier Bulk Flood","ListBucket",1,0,215.196,210.853,4.315
"Tenant 5 [Tier 4] Free-Tier Bulk Flood","ListBucket",1,0,216.504,211.908,4.584
"Tenant 5 [Tier 4] Free-Tier Bulk Flood","PutLarge",1,0,216.113,211.678,4.420
"Tenant 5 [Tier 4] Free-Tier Bulk Flood","ListBucket",1,0,216.672,212.038,4.629
"Tenant 5 [Tier 4] Free-Tier Bulk Flood","ListBucket",1,0,216.416,211.974,4.427
"Tenant 5 [Tier 4] Free-Tier Bulk Flood","PutLarge",1,0,218.119,213.705,4.359
"Tenant 5 [Tier 4] Free-Tier Bulk Flood","PutLarge",1,0,216.564,212.016,4.514
"Tenant 5 [Tier 4] Free-Tier Bulk Flood","PutLarge",1,0,216.772,212.363,4.403
"Tenant 5 [Tier 4] Free-Tier Bulk Flood","PutLarge",1,0,216.593,212.157,4.429
"Tenant 5 [Tier 4] Free-Tier Bulk Flood","PutLarge",1,0,218.446,213.896,4.540
"Tenant 5 [Tier 4] Free-Tier Bulk Flood","ListBucket",1,0,216.854,212.492,4.356
"Tenant 5 [Tier 4] Free-Tier Bulk Flood","PutLarge",1,0,216.356,211.895,4.457
"Tenant 5 [Tier 4] Free-Tier Bulk Flood","PutLarge",1,0,218.566,213.956,4.573
"Tenant 5 [Tier 4] Free-Tier Bulk Flood","ListBucket",1,0,217.912,213.202,4.705
"Tenant 5 [Tier 4] Free-Tier Bulk Flood","ListBucket",1,0,218.896,214.216,4.675
"Tenant 5 [Tier 4] Free-Tier Bulk Flood","ListBucket",1,0,217.986,213.448,4.534
"Tenant 5 [Tier 4] Free-Tier Bulk Flood","PutLarge",1,0,217.223,212.676,4.542
"Tenant 5 [Tier 4] Free-Tier Bulk Flood","PutLarge",1,0,218.904,214.581,4.299
"Tenant 5 [Tier 4] Free-Tier Bulk Flood","PutLarge",1,0,219.301,214.694,4.573
"Tenant 5 [Tier 4] Free-Tier Bulk Flood","ListBucket",1,0,217.955,213.363,4.586
"Tenant 5 [Tier 4] Free-Tier Bulk Flood","PutLarge",1,0,219.355,214.748,4.602
"Tenant 5 [Tier 4] Free-Tier Bulk Flood","ListBucket",1,0,218.683,214.143,4.534
"Tenant 5 [Tier 4] Free-Tier Bulk Flood","ListBucket",1,0,220.125,215.541,4.576
"Tenant 5 [Tier 4] Free-Tier Bulk Flood","PutLarge",1,0,220.046,215.699,4.313
"Tenant 5 [Tier 4] Free-Tier Bulk Flood","PutLarge",1,0,221.067,216.566,4.496
"Tenant 5 [Tier 4] Free-Tier Bulk Flood","ListBucket",1,0,219.818,215.407,4.401
"Tenant 5 [Tier 4] Free-Tier Bulk Flood","ListBucket",1,0,219.119,214.467,4.649
"Tenant 5 [Tier 4] Free-Tier Bulk Flood","ListBucket",1,0,219.181,214.543,4.633
"Tenant 5 [Tier 4] Free-Tier Bulk Flood","PutLarge",1,0,219.470,215.020,4.413
"Tenant 5 [Tier 4] Free-Tier Bulk Flood","PutLarge",1,0,218.128,213.778,4.333
"Tenant 5 [Tier 4] Free-Tier Bulk Flood","ListBucket",1,0,218.201,213.729,4.437
"Tenant 5 [Tier 4] Free-Tier Bulk Flood","PutLarge",1,0,219.655,215.035,4.613
"Tenant 5 [Tier 4] Free-Tier Bulk Flood","PutLarge",1,0,218.299,213.873,4.420
"Tenant 5 [Tier 4] Free-Tier Bulk Flood","PutLarge",1,0,216.034,211.406,4.594
"Tenant 5 [Tier 4] Free-Tier Bulk Flood","PutLarge",1,0,220.189,215.533,4.651
"Tenant 5 [Tier 4] Free-Tier Bulk Flood","ListBucket",1,0,217.760,213.366,4.372
"Tenant 5 [Tier 4] Free-Tier Bulk Flood","PutLarge",1,0,216.962,212.621,4.337
"Tenant 5 [Tier 4] Free-Tier Bulk Flood","PutLarge",1,0,216.357,211.986,4.361
"Tenant 5 [Tier 4] Free-Tier Bulk Flood","PutLarge",1,0,219.250,214.651,4.596
"Tenant 5 [Tier 4] Free-Tier Bulk Flood","ListBucket",1,0,218.068,213.630,4.425
"Tenant 5 [Tier 4] Free-Tier Bulk Flood","ListBucket",1,0,217.725,213.310,4.409
"Tenant 5 [Tier 4] Free-Tier Bulk Flood","ListBucket",1,0,217.865,213.332,4.521
"Tenant 5 [Tier 4] Free-Tier Bulk Flood","ListBucket",1,0,216.450,211.851,4.568
"Tenant 5 [Tier 4] Free-Tier Bulk Flood","PutLarge",1,0,217.315,212.590,4.713
"Tenant 5 [Tier 4] Free-Tier Bulk Flood","ListBucket",1,0,216.101,211.511,4.582
"Tenant 5 [Tier 4] Free-Tier Bulk Flood","ListBucket",1,0,215.556,210.942,4.600
"Tenant 5 [Tier 4] Free-Tier Bulk Flood","PutLarge",1,0,216.291,211.603,4.672
"Tenant 5 [Tier 4] Free-Tier Bulk Flood","ListBucket",1,0,215.375,210.933,4.436
"Tenant 5 [Tier 4] Free-Tier Bulk Flood","PutLarge",1,0,215.949,211.284,4.660
"Tenant 5 [Tier 4] Free-Tier Bulk Flood","ListBucket",1,0,215.766,211.077,4.685
"Tenant 5 [Tier 4] Free-Tier Bulk Flood","PutLarge",1,0,217.591,213.141,4.439
"Tenant 5 [Tier 4] Free-Tier Bulk Flood","ListBucket",1,0,214.604,210.257,4.341
"Tenant 5 [Tier 4] Free-Tier Bulk Flood","PutLarge",1,0,215.507,211.138,4.362
"Tenant 5 [Tier 4] Free-Tier Bulk Flood","PutLarge",1,0,214.475,210.167,4.301
"Tenant 5 [Tier 4] Free-Tier Bulk Flood","PutLarge",1,0,215.234,210.768,4.464
"Tenant 5 [Tier 4] Free-Tier Bulk Flood","PutLarge",1,0,215.859,211.556,4.288
"Tenant 5 [Tier 4] Free-Tier Bulk Flood","PutLarge",1,0,215.104,210.604,4.454
"Tenant 5 [Tier 4] Free-Tier Bulk Flood","PutLarge",1,0,216.768,212.335,4.398
"Tenant 5 [Tier 4] Free-Tier Bulk Flood","PutLarge",1,0,214.997,210.670,4.314
"Tenant 5 [Tier 4] Free-Tier Bulk Flood","PutLarge",1,0,216.655,212.350,4.301
"Tenant 5 [Tier 4] Free-Tier Bulk Flood","ListBucket",1,0,213.805,209.247,4.501
"Tenant 5 [Tier 4] Free-Tier Bulk Flood","PutLarge",1,0,216.238,211.934,4.300
"Tenant 5 [Tier 4] Free-Tier Bulk Flood","ListBucket",1,0,216.299,211.910,4.353
"Tenant 5 [Tier 4] Free-Tier Bulk Flood","PutLarge",1,0,215.801,211.497,4.291
"Tenant 5 [Tier 4] Free-Tier Bulk Flood","ListBucket",1,0,215.875,211.409,4.422
"Tenant 5 [Tier 4] Free-Tier Bulk Flood","PutLarge",1,0,215.698,211.140,4.551
"Tenant 5 [Tier 4] Free-Tier Bulk Flood","ListBucket",1,0,215.480,211.182,4.277
"Tenant 5 [Tier 4] Free-Tier Bulk Flood","PutLarge",1,0,215.833,211.107,4.695
"Tenant 5 [Tier 4] Free-Tier Bulk Flood","PutLarge",1,0,216.039,211.494,4.538
"Tenant 5 [Tier 4] Free-Tier Bulk Flood","PutLarge",1,0,215.665,211.271,4.349
"Tenant 5 [Tier 4] Free-Tier Bulk Flood","PutLarge",1,0,216.432,211.756,4.671
"Tenant 5 [Tier 4] Free-Tier Bulk Flood","PutLarge",1,0,216.750,212.012,4.706
"Tenant 5 [Tier 4] Free-Tier Bulk Flood","ListBucket",1,0,216.280,211.911,4.335
"Tenant 5 [Tier 4] Free-Tier Bulk Flood","PutLarge",1,0,216.814,212.227,4.554
"Tenant 5 [Tier 4] Free-Tier Bulk Flood","PutLarge",1,0,216.687,211.996,4.680
"Tenant 5 [Tier 4] Free-Tier Bulk Flood","PutLarge",1,0,217.965,213.294,4.666
"Tenant 5 [Tier 4] Free-Tier Bulk Flood","ListBucket",1,0,216.842,212.486,4.349
"Tenant 5 [Tier 4] Free-Tier Bulk Flood","ListBucket",1,0,218.507,214.040,4.460
"Tenant 5 [Tier 4] Free-Tier Bulk Flood","ListBucket",1,0,217.020,212.500,4.514
"Tenant 5 [Tier 4] Free-Tier Bulk Flood","PutLarge",1,0,218.706,214.194,4.467
"Tenant 5 [Tier 4] Free-Tier Bulk Flood","ListBucket",1,0,218.849,214.373,4.462
"Tenant 5 [Tier 4] Free-Tier Bulk Flood","PutLarge",1,0,218.518,214.120,4.392
"Tenant 5 [Tier 4] Free-Tier Bulk Flood","ListBucket",1,0,219.865,215.264,4.588
"Tenant 5 [Tier 4] Free-Tier Bulk Flood","PutLarge",1,0,218.873,214.458,4.407
"Tenant 5 [Tier 4] Free-Tier Bulk Flood","PutLarge",1,0,220.645,215.921,4.690
"Tenant 5 [Tier 4] Free-Tier Bulk Flood","PutLarge",1,0,219.288,214.700,4.586
"Tenant 5 [Tier 4] Free-Tier Bulk Flood","PutLarge",1,0,218.164,213.696,4.462
"Tenant 5 [Tier 4] Free-Tier Bulk Flood","ListBucket",1,0,219.345,214.979,4.362
"Tenant 5 [Tier 4] Free-Tier Bulk Flood","PutLarge",1,0,218.207,213.718,4.475
"Tenant 5 [Tier 4] Free-Tier Bulk Flood","ListBucket",1,0,217.853,213.164,4.682
"Tenant 5 [Tier 4] Free-Tier Bulk Flood","ListBucket",1,0,219.718,215.308,4.404
"Tenant 5 [Tier 4] Free-Tier Bulk Flood","PutLarge",1,0,217.937,213.407,4.524
"Tenant 5 [Tier 4] Free-Tier Bulk Flood","ListBucket",1,0,217.884,213.264,4.615
"Tenant 5 [Tier 4] Free-Tier Bulk Flood","PutLarge",1,0,218.379,213.666,4.709
"Tenant 5 [Tier 4] Free-Tier Bulk Flood","PutLarge",1,0,217.616,212.925,4.679
"Tenant 5 [Tier 4] Free-Tier Bulk Flood","PutLarge",1,0,220.014,215.659,4.352
"Tenant 5 [Tier 4] Free-Tier Bulk Flood","ListBucket",1,0,218.652,214.224,4.424
"Tenant 5 [Tier 4] Free-Tier Bulk Flood","PutLarge",1,0,219.729,215.261,4.455
"Tenant 5 [Tier 4] Free-Tier Bulk Flood","PutLarge",1,0,220.065,215.765,4.297
"Tenant 5 [Tier 4] Free-Tier Bulk Flood","PutLarge",1,0,219.098,214.692,4.371
"Tenant 5 [Tier 4] Free-Tier Bulk Flood","ListBucket",1,0,218.002,213.694,4.286
"Tenant 5 [Tier 4] Free-Tier Bulk Flood","PutLarge",1,0,220.821,216.143,4.645
"Tenant 5 [Tier 4] Free-Tier Bulk Flood","ListBucket",1,0,220.338,215.691,4.633
"Tenant 5 [Tier 4] Free-Tier Bulk Flood","ListBucket",1,0,219.362,214.722,4.632
"Tenant 5 [Tier 4] Free-Tier Bulk Flood","ListBucket",1,0,218.259,213.745,4.507
"Tenant 5 [Tier 4] Free-Tier Bulk Flood","PutLarge",1,0,219.328,214.955,4.368
"Tenant 5 [Tier 4] Free-Tier Bulk Flood","PutLarge",1,0,221.129,216.754,4.361
"Tenant 5 [Tier 4] Free-Tier Bulk Flood","PutLarge",1,0,222.664,218.001,4.659
"Tenant 5 [Tier 4] Free-Tier Bulk Flood","ListBucket",1,0,222.597,217.998,4.590
"Tenant 5 [Tier 4] Free-Tier Bulk Flood","PutLarge",1,0,222.522,218.047,4.459
"Tenant 5 [Tier 4] Free-Tier Bulk Flood","PutLarge",1,0,221.495,217.071,4.419
"Tenant 5 [Tier 4] Free-Tier Bulk Flood","ListBucket",1,0,222.554,218.023,4.518
"Tenant 5 [Tier 4] Free-Tier Bulk Flood","PutLarge",1,0,223.756,219.398,4.353
"Tenant 5 [Tier 4] Free-Tier Bulk Flood","ListBucket",1,0,222.247,217.944,4.295
"Tenant 5 [Tier 4] Free-Tier Bulk Flood","ListBucket",1,0,221.314,216.857,4.446
"Tenant 5 [Tier 4] Free-Tier Bulk Flood","PutLarge",1,0,224.342,219.956,4.374
"Tenant 5 [Tier 4] Free-Tier Bulk Flood","PutLarge",1,0,224.784,220.291,4.487
"Tenant 5 [Tier 4] Free-Tier Bulk Flood","ListBucket",1,0,224.689,220.267,4.416
"Tenant 5 [Tier 4] Free-Tier Bulk Flood","ListBucket",1,0,222.925,218.361,4.559
"Tenant 5 [Tier 4] Free-Tier Bulk Flood","PutLarge",1,0,226.159,221.561,4.594
"Tenant 5 [Tier 4] Free-Tier Bulk Flood","ListBucket",1,0,227.796,223.317,4.473
"Tenant 5 [Tier 4] Free-Tier Bulk Flood","PutLarge",1,0,225.925,221.554,4.356
"Tenant 5 [Tier 4] Free-Tier Bulk Flood","PutLarge",1,0,226.353,221.851,4.497
"Tenant 5 [Tier 4] Free-Tier Bulk Flood","ListBucket",1,0,225.587,221.109,4.472
"Tenant 5 [Tier 4] Free-Tier Bulk Flood","ListBucket",1,0,226.337,221.805,4.522
"Tenant 5 [Tier 4] Free-Tier Bulk Flood","ListBucket",1,0,225.402,221.085,4.312
"Tenant 5 [Tier 4] Free-Tier Bulk Flood","PutLarge",1,0,226.345,221.715,4.625
"Tenant 5 [Tier 4] Free-Tier Bulk Flood","ListBucket",1,0,225.305,220.956,4.315
"Tenant 5 [Tier 4] Free-Tier Bulk Flood","ListBucket",1,0,225.514,221.181,4.321
"Tenant 5 [Tier 4] Free-Tier Bulk Flood","PutLarge",1,0,225.082,220.604,4.472
"Tenant 5 [Tier 4] Free-Tier Bulk Flood","PutLarge",1,0,226.138,221.515,4.609
"Tenant 5 [Tier 4] Free-Tier Bulk Flood","PutLarge",1,0,226.066,221.697,4.342
"Tenant 5 [Tier 4] Free-Tier Bulk Flood","PutLarge",1,0,226.190,221.769,4.416
"Tenant 5 [Tier 4] Free-Tier Bulk Flood","PutLarge",1,0,228.117,223.494,4.614
"Tenant 5 [Tier 4] Free-Tier Bulk Flood","ListBucket",1,0,226.313,221.764,4.514
"Tenant 5 [Tier 4] Free-Tier Bulk Flood","ListBucket",1,0,226.331,221.801,4.509
"Tenant 5 [Tier 4] Free-Tier Bulk Flood","ListBucket",1,0,224.813,220.470,4.308
"Tenant 5 [Tier 4] Free-Tier Bulk Flood","PutLarge",1,0,225.961,221.557,4.400
"Tenant 5 [Tier 4] Free-Tier Bulk Flood","PutLarge",1,0,226.752,222.392,4.357
"Tenant 5 [Tier 4] Free-Tier Bulk Flood","ListBucket",1,0,226.299,221.649,4.616
"Tenant 5 [Tier 4] Free-Tier Bulk Flood","PutLarge",1,0,228.350,223.872,4.473
"Tenant 5 [Tier 4] Free-Tier Bulk Flood","PutLarge",1,0,226.271,221.745,4.522
"Tenant 5 [Tier 4] Free-Tier Bulk Flood","PutLarge",1,0,225.076,220.746,4.324
"Tenant 5 [Tier 4] Free-Tier Bulk Flood","PutLarge",1,0,226.698,222.001,4.686
"Tenant 5 [Tier 4] Free-Tier Bulk Flood","ListBucket",1,0,225.622,220.950,4.668
"Tenant 5 [Tier 4] Free-Tier Bulk Flood","ListBucket",1,0,226.219,221.765,4.439
"Tenant 5 [Tier 4] Free-Tier Bulk Flood","PutLarge",1,0,225.511,220.860,4.633
"Tenant 5 [Tier 4] Free-Tier Bulk Flood","PutLarge",1,0,226.106,221.482,4.587
"Tenant 5 [Tier 4] Free-Tier Bulk Flood","PutLarge",1,0,225.344,220.970,4.364
"Tenant 5 [Tier 4] Free-Tier Bulk Flood","PutLarge",1,0,226.415,221.734,4.675
"Tenant 5 [Tier 4] Free-Tier Bulk Flood","ListBucket",1,0,225.195,220.601,4.548
"Tenant 5 [Tier 4] Free-Tier Bulk Flood","ListBucket",1,0,226.243,221.635,4.597
"Tenant 5 [Tier 4] Free-Tier Bulk Flood","ListBucket",1,0,225.377,220.824,4.517
"Tenant 5 [Tier 4] Free-Tier Bulk Flood","PutLarge",1,0,226.211,221.654,4.522
"Tenant 5 [Tier 4] Free-Tier Bulk Flood","ListBucket",1,0,225.345,220.668,4.670
"Tenant 5 [Tier 4] Free-Tier Bulk Flood","PutLarge",1,0,225.120,220.679,4.436
"Tenant 5 [Tier 4] Free-Tier Bulk Flood","PutLarge",1,0,225.687,220.953,4.700
"Tenant 5 [Tier 4] Free-Tier Bulk Flood","PutLarge",1,0,225.135,220.673,4.423
"Tenant 5 [Tier 4] Free-Tier Bulk Flood","PutLarge",1,0,225.501,221.153,4.331
"Tenant 5 [Tier 4] Free-Tier Bulk Flood","PutLarge",1,0,224.928,220.638,4.278
"Tenant 5 [Tier 4] Free-Tier Bulk Flood","PutLarge",1,0,227.442,222.885,4.553
"Tenant 5 [Tier 4] Free-Tier Bulk Flood","ListBucket",1,0,226.987,222.355,4.630
"Tenant 5 [Tier 4] Free-Tier Bulk Flood","PutLarge",1,0,224.570,220.166,4.397
"Tenant 5 [Tier 4] Free-Tier Bulk Flood","ListBucket",1,0,226.395,222.027,4.331
"Tenant 5 [Tier 4] Free-Tier Bulk Flood","PutLarge",1,0,224.375,220.068,4.302
"Tenant 5 [Tier 4] Free-Tier Bulk Flood","ListBucket",1,0,224.140,219.833,4.285
"Tenant 5 [Tier 4] Free-Tier Bulk Flood","PutLarge",1,0,226.488,221.776,4.679
"Tenant 5 [Tier 4] Free-Tier Bulk Flood","ListBucket",1,0,225.095,220.421,4.663
"Tenant 5 [Tier 4] Free-Tier Bulk Flood","PutLarge",1,0,226.359,222.001,4.354
"Tenant 5 [Tier 4] Free-Tier Bulk Flood","PutLarge",1,0,227.041,222.323,4.703
"Tenant 5 [Tier 4] Free-Tier Bulk Flood","ListBucket",1,0,225.256,220.899,4.349
"Tenant 5 [Tier 4] Free-Tier Bulk Flood","PutLarge",1,0,226.922,222.546,4.369
"Tenant 5 [Tier 4] Free-Tier Bulk Flood","PutLarge",1,0,225.053,220.679,4.369
"Tenant 5 [Tier 4] Free-Tier Bulk Flood","ListBucket",1,0,226.206,221.777,4.420
"Tenant 5 [Tier 4] Free-Tier Bulk Flood","PutLarge",1,0,226.900,222.260,4.627
"Tenant 5 [Tier 4] Free-Tier Bulk Flood","ListBucket",1,0,224.767,220.167,4.583
"Tenant 5 [Tier 4] Free-Tier Bulk Flood","PutLarge",1,0,225.857,221.551,4.298
"Tenant 5 [Tier 4] Free-Tier Bulk Flood","PutLarge",1,0,224.490,220.148,4.334
"Tenant 5 [Tier 4] Free-Tier Bulk Flood","ListBucket",1,0,224.260,219.660,4.595
"Tenant 5 [Tier 4] Free-Tier Bulk Flood","ListBucket",1,0,225.710,221.363,4.343
"Tenant 5 [Tier 4] Free-Tier Bulk Flood","ListBucket",1,0,225.164,220.867,4.290
"Tenant 5 [Tier 4] Free-Tier Bulk Flood","PutLarge",1,0,224.921,220.494,4.415
"Tenant 5 [Tier 4] Free-Tier Bulk Flood","PutLarge",1,0,225.829,221.406,4.419
"Tenant 5 [Tier 4] Free-Tier Bulk Flood","ListBucket",1,0,224.417,219.746,4.666
"Tenant 5 [Tier 4] Free-Tier Bulk Flood","ListBucket",1,0,226.255,221.640,4.603
"Tenant 5 [Tier 4] Free-Tier Bulk Flood","PutLarge",1,0,226.067,221.775,4.279
"Tenant 5 [Tier 4] Free-Tier Bulk Flood","PutLarge",1,0,225.821,221.512,4.300
"Tenant 5 [Tier 4] Free-Tier Bulk Flood","ListBucket",1,0,224.379,219.679,4.694
"Tenant 5 [Tier 4] Free-Tier Bulk Flood","ListBucket",1,0,222.776,218.272,4.499
"Tenant 5 [Tier 4] Free-Tier Bulk Flood","ListBucket",1,0,223.204,218.905,4.292
"Tenant 5 [Tier 4] Free-Tier Bulk Flood","ListBucket",1,0,223.753,219.171,4.573
"Tenant 5 [Tier 4] Free-Tier Bulk Flood","PutLarge",1,0,223.918,219.436,4.477
"Tenant 5 [Tier 4] Free-Tier Bulk Flood","PutLarge",1,0,226.344,222.062,4.277
"Tenant 5 [Tier 4] Free-Tier Bulk Flood","PutLarge",1,0,226.411,221.882,4.523
"Tenant 5 [Tier 4] Free-Tier Bulk Flood","ListBucket",1,0,227.008,222.523,4.474
"Tenant 5 [Tier 4] Free-Tier Bulk Flood","PutLarge",1,0,226.487,222.063,4.419
"Tenant 5 [Tier 4] Free-Tier Bulk Flood","PutLarge",1,0,226.879,222.467,4.405
"Tenant 5 [Tier 4] Free-Tier Bulk Flood","ListBucket",1,0,225.352,220.885,4.460
"Tenant 5 [Tier 4] Free-Tier Bulk Flood","PutLarge",1,0,225.271,220.744,4.523
"Tenant 5 [Tier 4] Free-Tier Bulk Flood","PutLarge",1,0,224.789,220.153,4.618
"Tenant 5 [Tier 4] Free-Tier Bulk Flood","PutLarge",1,0,228.766,224.312,4.449
"Tenant 5 [Tier 4] Free-Tier Bulk Flood","PutLarge",1,0,228.641,224.075,4.556
"Tenant 5 [Tier 4] Free-Tier Bulk Flood","PutLarge",1,0,226.544,222.252,4.287
"Tenant 5 [Tier 4] Free-Tier Bulk Flood","ListBucket",1,0,227.978,223.493,4.443
"Tenant 5 [Tier 4] Free-Tier Bulk Flood","ListBucket",1,0,226.579,222.279,4.282
"Tenant 5 [Tier 4] Free-Tier Bulk Flood","PutLarge",1,0,228.034,223.663,4.365
"Tenant 5 [Tier 4] Free-Tier Bulk Flood","PutLarge",1,0,226.654,222.028,4.615
"Tenant 5 [Tier 4] Free-Tier Bulk Flood","PutLarge",1,0,228.186,223.675,4.474
"Tenant 5 [Tier 4] Free-Tier Bulk Flood","PutLarge",1,0,227.745,223.192,4.526
"Tenant 5 [Tier 4] Free-Tier Bulk Flood","ListBucket",1,0,228.207,223.718,4.484
"Tenant 5 [Tier 4] Free-Tier Bulk Flood","ListBucket",1,0,227.824,223.101,4.713
"Tenant 5 [Tier 4] Free-Tier Bulk Flood","PutLarge",1,0,228.314,223.858,4.433
"Tenant 5 [Tier 4] Free-Tier Bulk Flood","PutLarge",1,0,227.925,223.391,4.528
"Tenant 5 [Tier 4] Free-Tier Bulk Flood","ListBucket",1,0,225.793,221.142,4.600
"Tenant 5 [Tier 4] Free-Tier Bulk Flood","ListBucket",1,0,227.710,223.088,4.584
"Tenant 5 [Tier 4] Free-Tier Bulk Flood","ListBucket",1,0,226.010,221.623,4.370
"Tenant 5 [Tier 4] Free-Tier Bulk Flood","ListBucket",1,0,228.679,224.135,4.511
"Tenant 5 [Tier 4] Free-Tier Bulk Flood","PutLarge",1,0,226.251,221.937,4.279
"Tenant 5 [Tier 4] Free-Tier Bulk Flood","PutLarge",1,0,226.886,222.409,4.427
"Tenant 5 [Tier 4] Free-Tier Bulk Flood","PutLarge",1,0,226.036,221.590,4.390
"Tenant 5 [Tier 4] Free-Tier Bulk Flood","PutLarge",1,0,227.166,222.530,4.626
"Tenant 5 [Tier 4] Free-Tier Bulk Flood","PutLarge",1,0,227.917,223.229,4.683
"Tenant 5 [Tier 4] Free-Tier Bulk Flood","PutLarge",1,0,228.009,223.392,4.612
"Tenant 5 [Tier 4] Free-Tier Bulk Flood","PutLarge",1,0,227.488,223.186,4.298
"Tenant 5 [Tier 4] Free-Tier Bulk Flood","ListBucket",1,0,228.058,223.334,4.692
"Tenant 5 [Tier 4] Free-Tier Bulk Flood","ListBucket",1,0,226.944,222.635,4.303
"Tenant 5 [Tier 4] Free-Tier Bulk Flood","PutLarge",1,0,228.528,223.844,4.635
"Tenant 5 [Tier 4] Free-Tier Bulk Flood","PutLarge",1,0,227.061,222.349,4.699
"Tenant 5 [Tier 4] Free-Tier Bulk Flood","PutLarge",1,0,228.698,224.133,4.550
"Tenant 5 [Tier 4] Free-Tier Bulk Flood","PutLarge",1,0,228.642,223.989,4.588
"Tenant 5 [Tier 4] Free-Tier Bulk Flood","PutLarge",1,0,228.778,224.158,4.587
"Tenant 5 [Tier 4] Free-Tier Bulk Flood","ListBucket",1,0,227.087,222.464,4.619
"Tenant 5 [Tier 4] Free-Tier Bulk Flood","PutLarge",1,0,228.959,224.251,4.667
"Tenant 5 [Tier 4] Free-Tier Bulk Flood","PutLarge",1,0,228.978,224.290,4.653
"Tenant 5 [Tier 4] Free-Tier Bulk Flood","PutLarge",1,0,228.977,224.282,4.652
"Tenant 5 [Tier 4] Free-Tier Bulk Flood","PutLarge",1,0,229.014,224.397,4.612
"Tenant 5 [Tier 4] Free-Tier Bulk Flood","PutLarge",1,0,228.820,224.256,4.528
"Tenant 5 [Tier 4] Free-Tier Bulk Flood","ListBucket",1,0,228.003,223.469,4.518
"Tenant 5 [Tier 4] Free-Tier Bulk Flood","PutLarge",1,0,230.666,226.176,4.476
"Tenant 5 [Tier 4] Free-Tier Bulk Flood","ListBucket",1,0,230.148,225.625,4.519
"Tenant 5 [Tier 4] Free-Tier Bulk Flood","ListBucket",1,0,227.416,222.827,4.581
"Tenant 5 [Tier 4] Free-Tier Bulk Flood","PutLarge",1,0,228.032,223.698,4.329
"Tenant 5 [Tier 4] Free-Tier Bulk Flood","PutLarge",1,0,228.579,224.042,4.524
"Tenant 5 [Tier 4] Free-Tier Bulk Flood","PutLarge",1,0,228.373,223.660,4.707
"Tenant 5 [Tier 4] Free-Tier Bulk Flood","ListBucket",1,0,230.245,225.638,4.599
"Tenant 5 [Tier 4] Free-Tier Bulk Flood","PutLarge",1,0,228.537,224.088,4.414
"Tenant 5 [Tier 4] Free-Tier Bulk Flood","ListBucket",1,0,228.275,223.644,4.622
"Tenant 5 [Tier 4] Free-Tier Bulk Flood","ListBucket",1,0,229.476,224.881,4.559
"Tenant 5 [Tier 4] Free-Tier Bulk Flood","ListBucket",1,0,228.311,223.627,4.669
"Tenant 5 [Tier 4] Free-Tier Bulk Flood","ListBucket",1,0,225.715,221.299,4.404
"Tenant 5 [Tier 4] Free-Tier Bulk Flood","ListBucket",1,0,227.286,222.816,4.426
"Tenant 5 [Tier 4] Free-Tier Bulk Flood","ListBucket",1,0,228.024,223.324,4.686
"Tenant 5 [Tier 4] Free-Tier Bulk Flood","ListBucket",1,0,227.390,222.928,4.440
"Tenant 5 [Tier 4] Free-Tier Bulk Flood","PutLarge",1,0,227.614,223.317,4.281
"Tenant 5 [Tier 4] Free-Tier Bulk Flood","ListBucket",1,0,226.337,221.879,4.455
"Tenant 5 [Tier 4] Free-Tier Bulk Flood","PutLarge",1,0,227.756,223.203,4.541
"Tenant 5 [Tier 4] Free-Tier Bulk Flood","ListBucket",1,0,228.874,224.228,4.640
"Tenant 5 [Tier 4] Free-Tier Bulk Flood","PutLarge",1,0,227.595,222.995,4.594
"Tenant 5 [Tier 4] Free-Tier Bulk Flood","ListBucket",1,0,226.826,222.528,4.290
"Tenant 5 [Tier 4] Free-Tier Bulk Flood","ListBucket",1,0,227.696,223.394,4.292
"Tenant 5 [Tier 4] Free-Tier Bulk Flood","ListBucket",1,0,229.360,224.890,4.443
"Tenant 5 [Tier 4] Free-Tier Bulk Flood","ListBucket",1,0,226.191,221.496,4.691
"Tenant 5 [Tier 4] Free-Tier Bulk Flood","PutLarge",1,0,225.235,220.919,4.294
"Tenant 5 [Tier 4] Free-Tier Bulk Flood","ListBucket",1,0,226.270,221.706,4.551
"Tenant 5 [Tier 4] Free-Tier Bulk Flood","PutLarge",1,0,227.435,222.731,4.699
"Tenant 5 [Tier 4] Free-Tier Bulk Flood","ListBucket",1,0,226.534,221.828,4.689
"Tenant 5 [Tier 4] Free-Tier Bulk Flood","ListBucket",1,0,229.348,224.759,4.551
"Tenant 5 [Tier 4] Free-Tier Bulk Flood","PutLarge",1,0,230.784,226.233,4.540
"Tenant 5 [Tier 4] Free-Tier Bulk Flood","PutLarge",1,0,230.621,226.173,4.433
"Tenant 5 [Tier 4] Free-Tier Bulk Flood","ListBucket",1,0,228.417,223.897,4.517
"Tenant 5 [Tier 4] Free-Tier Bulk Flood","PutLarge",1,0,228.998,224.398,4.596
"Tenant 5 [Tier 4] Free-Tier Bulk Flood","ListBucket",1,0,227.513,223.187,4.316
"Tenant 5 [Tier 4] Free-Tier Bulk Flood","ListBucket",1,0,227.167,222.746,4.415
"Tenant 5 [Tier 4] Free-Tier Bulk Flood","ListBucket",1,0,224.236,219.874,4.354
"Tenant 5 [Tier 4] Free-Tier Bulk Flood","ListBucket",1,0,223.261,218.886,4.371
"Tenant 5 [Tier 4] Free-Tier Bulk Flood","ListBucket",1,0,223.430,218.785,4.627
"Tenant 5 [Tier 4] Free-Tier Bulk Flood","PutLarge",1,0,223.297,219.006,4.288
"Tenant 5 [Tier 4] Free-Tier Bulk Flood","PutLarge",1,0,224.254,219.531,4.716
"Tenant 5 [Tier 4] Free-Tier Bulk Flood","ListBucket",1,0,222.814,218.354,4.456
"Tenant 5 [Tier 4] Free-Tier Bulk Flood","ListBucket",1,0,221.186,216.652,4.530
"Tenant 5 [Tier 4] Free-Tier Bulk Flood","ListBucket",1,0,214.110,209.775,4.328
"Tenant 5 [Tier 4] Free-Tier Bulk Flood","PutLarge",1,0,215.416,211.085,4.328
"Tenant 5 [Tier 4] Free-Tier Bulk Flood","ListBucket",1,0,214.573,209.991,4.575
"Tenant 5 [Tier 4] Free-Tier Bulk Flood","PutLarge",1,0,216.069,211.639,4.403
"Tenant 5 [Tier 4] Free-Tier Bulk Flood","ListBucket",1,0,214.689,210.308,4.367
"Tenant 5 [Tier 4] Free-Tier Bulk Flood","PutLarge",1,0,216.318,211.669,4.645
"Tenant 5 [Tier 4] Free-Tier Bulk Flood","ListBucket",1,0,214.632,210.066,4.531
"Tenant 5 [Tier 4] Free-Tier Bulk Flood","PutLarge",1,0,215.399,210.687,4.701
"Tenant 5 [Tier 4] Free-Tier Bulk Flood","ListBucket",1,0,214.565,210.054,4.506
"Tenant 5 [Tier 4] Free-Tier Bulk Flood","ListBucket",1,0,215.494,210.893,4.592
"Tenant 5 [Tier 4] Free-Tier Bulk Flood","ListBucket",1,0,214.173,209.498,4.671
"Tenant 5 [Tier 4] Free-Tier Bulk Flood","PutLarge",1,0,215.105,210.665,4.431
"Tenant 5 [Tier 4] Free-Tier Bulk Flood","PutLarge",1,0,214.174,209.663,4.506
"Tenant 5 [Tier 4] Free-Tier Bulk Flood","PutLarge",1,0,215.876,211.300,4.541
"Tenant 5 [Tier 4] Free-Tier Bulk Flood","ListBucket",1,0,214.133,209.809,4.290
"Tenant 5 [Tier 4] Free-Tier Bulk Flood","ListBucket",1,0,215.992,211.309,4.677
"Tenant 5 [Tier 4] Free-Tier Bulk Flood","PutLarge",1,0,214.725,210.159,4.561
"Tenant 5 [Tier 4] Free-Tier Bulk Flood","PutLarge",1,0,216.168,211.678,4.460
"Tenant 5 [Tier 4] Free-Tier Bulk Flood","PutLarge",1,0,214.802,210.263,4.505
"Tenant 5 [Tier 4] Free-Tier Bulk Flood","PutLarge",1,0,216.211,211.677,4.531
"Tenant 5 [Tier 4] Free-Tier Bulk Flood","ListBucket",1,0,214.521,210.185,4.332
"Tenant 5 [Tier 4] Free-Tier Bulk Flood","ListBucket",1,0,214.580,210.044,4.526
"Tenant 5 [Tier 4] Free-Tier Bulk Flood","ListBucket",1,0,214.488,209.886,4.597
"Tenant 5 [Tier 4] Free-Tier Bulk Flood","PutLarge",1,0,214.753,210.321,4.427
"Tenant 5 [Tier 4] Free-Tier Bulk Flood","PutLarge",1,0,214.356,209.754,4.553
"Tenant 5 [Tier 4] Free-Tier Bulk Flood","ListBucket",1,0,215.443,211.126,4.285
"Tenant 5 [Tier 4] Free-Tier Bulk Flood","PutLarge",1,0,213.731,209.318,4.380
"Tenant 5 [Tier 4] Free-Tier Bulk Flood","PutLarge",1,0,215.405,210.684,4.671
"Tenant 5 [Tier 4] Free-Tier Bulk Flood","PutLarge",1,0,213.873,209.202,4.636
"Tenant 5 [Tier 4] Free-Tier Bulk Flood","ListBucket",1,0,213.647,209.149,4.444
"Tenant 5 [Tier 4] Free-Tier Bulk Flood","PutLarge",1,0,213.799,209.247,4.503
"Tenant 5 [Tier 4] Free-Tier Bulk Flood","PutLarge",1,0,215.109,210.594,4.494
"Tenant 5 [Tier 4] Free-Tier Bulk Flood","PutLarge",1,0,214.784,210.143,4.621
"Tenant 5 [Tier 4] Free-Tier Bulk Flood","PutLarge",1,0,215.056,210.340,4.700
"Tenant 5 [Tier 4] Free-Tier Bulk Flood","PutLarge",1,0,214.692,210.087,4.596
"Tenant 5 [Tier 4] Free-Tier Bulk Flood","PutLarge",1,0,214.850,210.389,4.452
"Tenant 5 [Tier 4] Free-Tier Bulk Flood","ListBucket",1,0,214.829,210.372,4.453
"Tenant 5 [Tier 4] Free-Tier Bulk Flood","PutLarge",1,0,215.780,211.412,4.352
"Tenant 5 [Tier 4] Free-Tier Bulk Flood","PutLarge",1,0,214.979,210.377,4.598
"Tenant 5 [Tier 4] Free-Tier Bulk Flood","PutLarge",1,0,216.046,211.497,4.544
"Tenant 5 [Tier 4] Free-Tier Bulk Flood","ListBucket",1,0,215.932,211.248,4.678
"Tenant 5 [Tier 4] Free-Tier Bulk Flood","PutLarge",1,0,216.375,211.693,4.662
"Tenant 5 [Tier 4] Free-Tier Bulk Flood","PutLarge",1,0,215.886,211.393,4.478
"Tenant 5 [Tier 4] Free-Tier Bulk Flood","ListBucket",1,0,215.870,211.341,4.512
"Tenant 5 [Tier 4] Free-Tier Bulk Flood","PutLarge",1,0,215.980,211.534,4.418
"Tenant 5 [Tier 4] Free-Tier Bulk Flood","ListBucket",1,0,217.462,213.058,4.393
"Tenant 5 [Tier 4] Free-Tier Bulk Flood","ListBucket",1,0,216.001,211.365,4.631
"Tenant 5 [Tier 4] Free-Tier Bulk Flood","PutLarge",1,0,215.572,211.219,4.317
"Tenant 5 [Tier 4] Free-Tier Bulk Flood","ListBucket",1,0,216.232,211.613,4.579
"Tenant 5 [Tier 4] Free-Tier Bulk Flood","PutLarge",1,0,217.263,212.692,4.565
"Tenant 5 [Tier 4] Free-Tier Bulk Flood","ListBucket",1,0,217.808,213.098,4.674
"Tenant 5 [Tier 4] Free-Tier Bulk Flood","PutLarge",1,0,216.985,212.386,4.591
"Tenant 5 [Tier 4] Free-Tier Bulk Flood","PutLarge",1,0,217.478,212.954,4.517
"Tenant 5 [Tier 4] Free-Tier Bulk Flood","PutLarge",1,0,217.581,213.205,4.310
"Tenant 5 [Tier 4] Free-Tier Bulk Flood","ListBucket",1,0,219.218,214.734,4.467
"Tenant 5 [Tier 4] Free-Tier Bulk Flood","ListBucket",1,0,218.028,213.590,4.405
"Tenant 5 [Tier 4] Free-Tier Bulk Flood","PutLarge",1,0,217.344,212.787,4.553
"Tenant 5 [Tier 4] Free-Tier Bulk Flood","ListBucket",1,0,218.645,213.940,4.690
"Tenant 5 [Tier 4] Free-Tier Bulk Flood","PutLarge",1,0,220.267,215.874,4.387
"Tenant 5 [Tier 4] Free-Tier Bulk Flood","PutLarge",1,0,219.831,215.094,4.724
"Tenant 5 [Tier 4] Free-Tier Bulk Flood","PutLarge",1,0,220.455,215.733,4.689
"Tenant 5 [Tier 4] Free-Tier Bulk Flood","ListBucket",1,0,219.841,215.147,4.678
"Tenant 5 [Tier 4] Free-Tier Bulk Flood","PutLarge",1,0,220.802,216.174,4.620
"Tenant 5 [Tier 4] Free-Tier Bulk Flood","PutLarge",1,0,221.300,216.679,4.607
"Tenant 5 [Tier 4] Free-Tier Bulk Flood","ListBucket",1,0,219.508,214.939,4.547
"Tenant 5 [Tier 4] Free-Tier Bulk Flood","ListBucket",1,0,220.793,216.214,4.563
"Tenant 5 [Tier 4] Free-Tier Bulk Flood","PutLarge",1,0,216.813,212.491,4.317
"Tenant 5 [Tier 4] Free-Tier Bulk Flood","PutLarge",1,0,215.250,210.926,4.310
"Tenant 5 [Tier 4] Free-Tier Bulk Flood","PutLarge",1,0,215.750,211.202,4.541
"Tenant 5 [Tier 4] Free-Tier Bulk Flood","ListBucket",1,0,220.489,216.100,4.373
"Tenant 5 [Tier 4] Free-Tier Bulk Flood","PutLarge",1,0,217.724,213.039,4.681
"Tenant 5 [Tier 4] Free-Tier Bulk Flood","ListBucket",1,0,218.803,214.198,4.601
"Tenant 5 [Tier 4] Free-Tier Bulk Flood","ListBucket",1,0,218.916,214.367,4.547
"Tenant 5 [Tier 4] Free-Tier Bulk Flood","PutLarge",1,0,221.177,216.467,4.701
"Tenant 5 [Tier 4] Free-Tier Bulk Flood","PutLarge",1,0,219.500,215.095,4.385
"Tenant 5 [Tier 4] Free-Tier Bulk Flood","ListBucket",1,0,217.675,213.142,4.528
"Tenant 5 [Tier 4] Free-Tier Bulk Flood","ListBucket",1,0,217.959,213.377,4.570
"Tenant 5 [Tier 4] Free-Tier Bulk Flood","PutLarge",1,0,217.298,212.660,4.634
"Tenant 5 [Tier 4] Free-Tier Bulk Flood","ListBucket",1,0,218.482,213.927,4.550
"Tenant 5 [Tier 4] Free-Tier Bulk Flood","ListBucket",1,0,220.611,215.885,4.723
"Tenant 5 [Tier 4] Free-Tier Bulk Flood","PutLarge",1,0,219.603,215.082,4.510
"Tenant 5 [Tier 4] Free-Tier Bulk Flood","PutLarge",1,0,218.483,213.853,4.626
"Tenant 5 [Tier 4] Free-Tier Bulk Flood","ListBucket",1,0,219.532,215.012,4.515
"Tenant 5 [Tier 4] Free-Tier Bulk Flood","PutLarge",1,0,217.366,212.810,4.548
"Tenant 5 [Tier 4] Free-Tier Bulk Flood","ListBucket",1,0,219.661,215.135,4.511
"Tenant 5 [Tier 4] Free-Tier Bulk Flood","PutLarge",1,0,217.439,212.745,4.690
"Tenant 5 [Tier 4] Free-Tier Bulk Flood","ListBucket",1,0,219.724,215.006,4.711
"Tenant 5 [Tier 4] Free-Tier Bulk Flood","PutLarge",1,0,218.635,213.873,4.724
"Tenant 5 [Tier 4] Free-Tier Bulk Flood","ListBucket",1,0,219.311,214.881,4.418
"Tenant 5 [Tier 4] Free-Tier Bulk Flood","PutLarge",1,0,218.333,214.051,4.279
"Tenant 5 [Tier 4] Free-Tier Bulk Flood","PutLarge",1,0,219.629,215.042,4.581
"Tenant 5 [Tier 4] Free-Tier Bulk Flood","PutLarge",1,0,218.757,214.239,4.510
"Tenant 5 [Tier 4] Free-Tier Bulk Flood","ListBucket",1,0,219.760,215.081,4.650
"Tenant 5 [Tier 4] Free-Tier Bulk Flood","PutLarge",1,0,218.648,214.198,4.444
"Tenant 5 [Tier 4] Free-Tier Bulk Flood","ListBucket",1,0,219.827,215.224,4.599
"Tenant 5 [Tier 4] Free-Tier Bulk Flood","PutLarge",1,0,219.051,214.418,4.600
"Tenant 5 [Tier 4] Free-Tier Bulk Flood","PutLarge",1,0,219.554,215.263,4.276
"Tenant 5 [Tier 4] Free-Tier Bulk Flood","ListBucket",1,0,217.207,212.564,4.625
"Tenant 5 [Tier 4] Free-Tier Bulk Flood","PutLarge",1,0,219.381,215.034,4.313
"Tenant 5 [Tier 4] Free-Tier Bulk Flood","PutLarge",1,0,219.292,214.558,4.688
"Tenant 5 [Tier 4] Free-Tier Bulk Flood","PutLarge",1,0,219.617,215.046,4.519
"Tenant 5 [Tier 4] Free-Tier Bulk Flood","PutLarge",1,0,219.337,214.748,4.580
"Tenant 5 [Tier 4] Free-Tier Bulk Flood","PutLarge",1,0,219.528,215.030,4.464
"Tenant 5 [Tier 4] Free-Tier Bulk Flood","PutLarge",1,0,218.960,214.402,4.538
"Tenant 5 [Tier 4] Free-Tier Bulk Flood","ListBucket",1,0,219.656,214.954,4.690
"Tenant 5 [Tier 4] Free-Tier Bulk Flood","ListBucket",1,0,218.597,213.979,4.591
"Tenant 5 [Tier 4] Free-Tier Bulk Flood","ListBucket",1,0,219.876,215.362,4.497
"Tenant 5 [Tier 4] Free-Tier Bulk Flood","ListBucket",1,0,218.311,213.862,4.411
"Tenant 5 [Tier 4] Free-Tier Bulk Flood","PutLarge",1,0,219.720,215.194,4.516
"Tenant 5 [Tier 4] Free-Tier Bulk Flood","ListBucket",1,0,218.311,213.800,4.472
"Tenant 5 [Tier 4] Free-Tier Bulk Flood","PutLarge",1,0,219.563,215.182,4.375
"Tenant 5 [Tier 4] Free-Tier Bulk Flood","PutLarge",1,0,218.469,213.816,4.603
"Tenant 5 [Tier 4] Free-Tier Bulk Flood","PutLarge",1,0,218.473,213.853,4.614
"Tenant 5 [Tier 4] Free-Tier Bulk Flood","ListBucket",1,0,218.086,213.751,4.330
"Tenant 5 [Tier 4] Free-Tier Bulk Flood","PutLarge",1,0,218.291,213.897,4.388
"Tenant 5 [Tier 4] Free-Tier Bulk Flood","PutLarge",1,0,218.551,213.831,4.716
"Tenant 5 [Tier 4] Free-Tier Bulk Flood","ListBucket",1,0,219.690,215.018,4.668
"Tenant 5 [Tier 4] Free-Tier Bulk Flood","ListBucket",1,0,218.476,213.751,4.675
"Tenant 5 [Tier 4] Free-Tier Bulk Flood","PutLarge",1,0,217.666,213.361,4.299
"Tenant 5 [Tier 4] Free-Tier Bulk Flood","PutLarge",1,0,218.200,213.491,4.693
"Tenant 5 [Tier 4] Free-Tier Bulk Flood","PutLarge",1,0,218.371,213.817,4.549
"Tenant 5 [Tier 4] Free-Tier Bulk Flood","PutLarge",1,0,217.828,213.513,4.310
"Tenant 5 [Tier 4] Free-Tier Bulk Flood","PutLarge",1,0,218.273,213.866,4.388
"Tenant 5 [Tier 4] Free-Tier Bulk Flood","PutLarge",1,0,219.859,215.409,4.443
"Tenant 5 [Tier 4] Free-Tier Bulk Flood","ListBucket",1,0,217.827,213.463,4.360
"Tenant 5 [Tier 4] Free-Tier Bulk Flood","PutLarge",1,0,218.177,213.826,4.344
"Tenant 5 [Tier 4] Free-Tier Bulk Flood","PutLarge",1,0,218.653,214.202,4.416
"Tenant 5 [Tier 4] Free-Tier Bulk Flood","PutLarge",1,0,218.188,213.791,4.392
"Tenant 5 [Tier 4] Free-Tier Bulk Flood","PutLarge",1,0,220.306,215.905,4.366
"Tenant 5 [Tier 4] Free-Tier Bulk Flood","PutLarge",1,0,219.564,215.154,4.403
"Tenant 5 [Tier 4] Free-Tier Bulk Flood","PutLarge",1,0,219.060,214.463,4.591
"Tenant 5 [Tier 4] Free-Tier Bulk Flood","PutLarge",1,0,218.996,214.677,4.304
"Tenant 5 [Tier 4] Free-Tier Bulk Flood","ListBucket",1,0,221.239,216.677,4.555
"Tenant 5 [Tier 4] Free-Tier Bulk Flood","PutLarge",1,0,219.546,215.170,4.371
"Tenant 5 [Tier 4] Free-Tier Bulk Flood","ListBucket",1,0,218.655,214.286,4.333
"Tenant 5 [Tier 4] Free-Tier Bulk Flood","PutLarge",1,0,221.551,216.835,4.694
"Tenant 5 [Tier 4] Free-Tier Bulk Flood","PutLarge",1,0,221.698,217.005,4.676
"Tenant 5 [Tier 4] Free-Tier Bulk Flood","PutLarge",1,0,220.409,215.726,4.678
"Tenant 5 [Tier 4] Free-Tier Bulk Flood","PutLarge",1,0,220.585,216.106,4.475
"Tenant 5 [Tier 4] Free-Tier Bulk Flood","PutLarge",1,0,221.236,216.720,4.510
"Tenant 5 [Tier 4] Free-Tier Bulk Flood","ListBucket",1,0,220.430,216.088,4.326
"Tenant 5 [Tier 4] Free-Tier Bulk Flood","PutLarge",1,0,220.725,216.261,4.446
"Tenant 5 [Tier 4] Free-Tier Bulk Flood","PutLarge",1,0,220.985,216.632,4.346
"Tenant 5 [Tier 4] Free-Tier Bulk Flood","PutLarge",1,0,221.264,216.820,4.440
"Tenant 5 [Tier 4] Free-Tier Bulk Flood","ListBucket",1,0,221.770,217.220,4.542
"Tenant 5 [Tier 4] Free-Tier Bulk Flood","ListBucket",1,0,221.674,217.203,4.435
"Tenant 5 [Tier 4] Free-Tier Bulk Flood","PutLarge",1,0,224.000,219.468,4.517
"Tenant 5 [Tier 4] Free-Tier Bulk Flood","ListBucket",1,0,222.807,218.345,4.456
"Tenant 5 [Tier 4] Free-Tier Bulk Flood","PutLarge",1,0,224.160,219.494,4.661
"Tenant 5 [Tier 4] Free-Tier Bulk Flood","PutLarge",1,0,221.735,217.041,4.683
"Tenant 5 [Tier 4] Free-Tier Bulk Flood","PutLarge",1,0,223.981,219.664,4.303
"Tenant 5 [Tier 4] Free-Tier Bulk Flood","PutLarge",1,0,223.545,218.850,4.690
"Tenant 5 [Tier 4] Free-Tier Bulk Flood","PutLarge",1,0,221.503,216.985,4.504
"Tenant 5 [Tier 4] Free-Tier Bulk Flood","PutLarge",1,0,223.128,218.552,4.572
"Tenant 5 [Tier 4] Free-Tier Bulk Flood","PutLarge",1,0,221.805,217.185,4.606
"Tenant 5 [Tier 4] Free-Tier Bulk Flood","PutLarge",1,0,224.047,219.487,4.554
"Tenant 5 [Tier 4] Free-Tier Bulk Flood","PutLarge",1,0,223.929,219.464,4.458
"Tenant 5 [Tier 4] Free-Tier Bulk Flood","ListBucket",1,0,223.556,218.841,4.711
"Tenant 5 [Tier 4] Free-Tier Bulk Flood","ListBucket",1,0,223.858,219.347,4.499
"Tenant 5 [Tier 4] Free-Tier Bulk Flood","PutLarge",1,0,221.458,216.969,4.480
"Tenant 5 [Tier 4] Free-Tier Bulk Flood","ListBucket",1,0,220.349,215.654,4.687
"Tenant 5 [Tier 4] Free-Tier Bulk Flood","PutLarge",1,0,220.992,216.559,4.419
"Tenant 5 [Tier 4] Free-Tier Bulk Flood","PutLarge",1,0,220.311,215.834,4.469
"Tenant 5 [Tier 4] Free-Tier Bulk Flood","PutLarge",1,0,222.256,217.713,4.536
"Tenant 5 [Tier 4] Free-Tier Bulk Flood","PutLarge",1,0,222.316,217.627,4.683
"Tenant 5 [Tier 4] Free-Tier Bulk Flood","ListBucket",1,0,222.030,217.549,4.476
"Tenant 5 [Tier 4] Free-Tier Bulk Flood","ListBucket",1,0,220.922,216.436,4.451
"Tenant 5 [Tier 4] Free-Tier Bulk Flood","PutLarge",1,0,221.897,217.269,4.571
"Tenant 5 [Tier 4] Free-Tier Bulk Flood","PutLarge",1,0,221.369,216.841,4.521
"Tenant 5 [Tier 4] Free-Tier Bulk Flood","PutLarge",1,0,222.125,217.633,4.483
"Tenant 5 [Tier 4] Free-Tier Bulk Flood","PutLarge",1,0,221.345,216.731,4.607
"Tenant 5 [Tier 4] Free-Tier Bulk Flood","PutLarge",1,0,222.356,217.624,4.722
"Tenant 5 [Tier 4] Free-Tier Bulk Flood","PutLarge",1,0,221.132,216.697,4.399
"Tenant 5 [Tier 4] Free-Tier Bulk Flood","PutLarge",1,0,222.423,217.866,4.552
"Tenant 5 [Tier 4] Free-Tier Bulk Flood","PutLarge",1,0,221.289,216.777,4.507
"Tenant 5 [Tier 4] Free-Tier Bulk Flood","ListBucket",1,0,221.187,216.737,4.407
"Tenant 5 [Tier 4] Free-Tier Bulk Flood","PutLarge",1,0,221.351,217.026,4.319
"Tenant 5 [Tier 4] Free-Tier Bulk Flood","PutLarge",1,0,223.949,219.306,4.639
"Tenant 5 [Tier 4] Free-Tier Bulk Flood","PutLarge",1,0,223.016,218.705,4.291
"Tenant 5 [Tier 4] Free-Tier Bulk Flood","PutLarge",1,0,221.960,217.354,4.557
"Tenant 5 [Tier 4] Free-Tier Bulk Flood","PutLarge",1,0,223.172,218.448,4.686
"Tenant 5 [Tier 4] Free-Tier Bulk Flood","PutLarge",1,0,221.723,217.392,4.305
"Tenant 5 [Tier 4] Free-Tier Bulk Flood","PutLarge",1,0,223.261,218.683,4.570
"Tenant 5 [Tier 4] Free-Tier Bulk Flood","PutLarge",1,0,223.892,219.308,4.570
"Tenant 5 [Tier 4] Free-Tier Bulk Flood","PutLarge",1,0,223.233,218.544,4.670
"Tenant 5 [Tier 4] Free-Tier Bulk Flood","ListBucket",1,0,224.551,220.051,4.491
"Tenant 5 [Tier 4] Free-Tier Bulk Flood","ListBucket",1,0,222.894,218.460,4.429
"Tenant 5 [Tier 4] Free-Tier Bulk Flood","ListBucket",1,0,224.673,219.985,4.659
"Tenant 5 [Tier 4] Free-Tier Bulk Flood","PutLarge",1,0,223.045,218.345,4.666
"Tenant 5 [Tier 4] Free-Tier Bulk Flood","ListBucket",1,0,224.320,219.589,4.698
"Tenant 5 [Tier 4] Free-Tier Bulk Flood","ListBucket",1,0,222.660,218.231,4.415
"Tenant 5 [Tier 4] Free-Tier Bulk Flood","PutLarge",1,0,224.405,219.676,4.723
"Tenant 5 [Tier 4] Free-Tier Bulk Flood","PutLarge",1,0,222.589,218.019,4.567
"Tenant 5 [Tier 4] Free-Tier Bulk Flood","ListBucket",1,0,222.751,218.396,4.333
"Tenant 5 [Tier 4] Free-Tier Bulk Flood","PutLarge",1,0,224.134,219.800,4.293
"Tenant 5 [Tier 4] Free-Tier Bulk Flood","PutLarge",1,0,222.714,218.041,4.667
"Tenant 5 [Tier 4] Free-Tier Bulk Flood","ListBucket",1,0,222.295,217.719,4.543
"Tenant 5 [Tier 4] Free-Tier Bulk Flood","PutLarge",1,0,222.728,218.393,4.301
"Tenant 5 [Tier 4] Free-Tier Bulk Flood","PutLarge",1,0,223.012,218.545,4.459
"Tenant 5 [Tier 4] Free-Tier Bulk Flood","PutLarge",1,0,222.761,218.196,4.560
"Tenant 5 [Tier 4] Free-Tier Bulk Flood","ListBucket",1,0,222.064,217.608,4.421
"Tenant 5 [Tier 4] Free-Tier Bulk Flood","PutLarge",1,0,223.175,218.438,4.718
"Tenant 5 [Tier 4] Free-Tier Bulk Flood","PutLarge",1,0,224.745,220.342,4.357
"Tenant 5 [Tier 4] Free-Tier Bulk Flood","PutLarge",1,0,222.216,217.769,4.430
"Tenant 5 [Tier 4] Free-Tier Bulk Flood","PutLarge",1,0,223.189,218.893,4.288
"Tenant 5 [Tier 4] Free-Tier Bulk Flood","ListBucket",1,0,222.281,217.833,4.440
"Tenant 5 [Tier 4] Free-Tier Bulk Flood","PutLarge",1,0,223.220,218.515,4.698
"Tenant 5 [Tier 4] Free-Tier Bulk Flood","ListBucket",1,0,224.369,219.791,4.570
"Tenant 5 [Tier 4] Free-Tier Bulk Flood","PutLarge",1,0,221.420,216.935,4.475
"Tenant 5 [Tier 4] Free-Tier Bulk Flood","ListBucket",1,0,222.846,218.463,4.363
"Tenant 5 [Tier 4] Free-Tier Bulk Flood","PutLarge",1,0,221.606,217.249,4.349
"Tenant 5 [Tier 4] Free-Tier Bulk Flood","ListBucket",1,0,222.016,217.727,4.282
"Tenant 5 [Tier 4] Free-Tier Bulk Flood","PutLarge",1,0,222.386,217.943,4.437
"Tenant 5 [Tier 4] Free-Tier Bulk Flood","ListBucket",1,0,222.318,217.821,4.493
"Tenant 5 [Tier 4] Free-Tier Bulk Flood","PutLarge",1,0,222.603,218.029,4.570
"Tenant 5 [Tier 4] Free-Tier Bulk Flood","PutLarge",1,0,221.202,216.509,4.680
"Tenant 5 [Tier 4] Free-Tier Bulk Flood","PutLarge",1,0,222.158,217.585,4.566
"Tenant 5 [Tier 4] Free-Tier Bulk Flood","PutLarge",1,0,223.650,219.330,4.316
"Tenant 5 [Tier 4] Free-Tier Bulk Flood","ListBucket",1,0,222.586,217.898,4.680
"Tenant 5 [Tier 4] Free-Tier Bulk Flood","PutLarge",1,0,221.313,216.731,4.577
"Tenant 5 [Tier 4] Free-Tier Bulk Flood","PutLarge",1,0,221.054,216.653,4.393
"Tenant 5 [Tier 4] Free-Tier Bulk Flood","ListBucket",1,0,223.413,219.037,4.362
"Tenant 5 [Tier 4] Free-Tier Bulk Flood","PutLarge",1,0,222.955,218.595,4.343
"Tenant 5 [Tier 4] Free-Tier Bulk Flood","ListBucket",1,0,220.867,216.554,4.307
"Tenant 5 [Tier 4] Free-Tier Bulk Flood","ListBucket",1,0,221.969,217.457,4.503
"Tenant 5 [Tier 4] Free-Tier Bulk Flood","PutLarge",1,0,221.260,216.857,4.394
"Tenant 5 [Tier 4] Free-Tier Bulk Flood","PutLarge",1,0,221.186,216.627,4.555
"Tenant 5 [Tier 4] Free-Tier Bulk Flood","PutLarge",1,0,223.494,219.097,4.385
"Tenant 5 [Tier 4] Free-Tier Bulk Flood","ListBucket",1,0,223.206,218.544,4.656
"Tenant 5 [Tier 4] Free-Tier Bulk Flood","PutLarge",1,0,223.370,218.673,4.692
"Tenant 5 [Tier 4] Free-Tier Bulk Flood","ListBucket",1,0,223.231,218.721,4.504
"Tenant 5 [Tier 4] Free-Tier Bulk Flood","ListBucket",1,0,225.526,220.873,4.643
"Tenant 5 [Tier 4] Free-Tier Bulk Flood","PutLarge",1,0,227.536,223.036,4.496
"Tenant 5 [Tier 4] Free-Tier Bulk Flood","ListBucket",1,0,226.818,222.211,4.601
"Tenant 5 [Tier 4] Free-Tier Bulk Flood","PutLarge",1,0,227.320,222.946,4.358
"Tenant 5 [Tier 4] Free-Tier Bulk Flood","ListBucket",1,0,226.487,221.827,4.627
"Tenant 5 [Tier 4] Free-Tier Bulk Flood","PutLarge",1,0,229.667,225.026,4.626
"Tenant 5 [Tier 4] Free-Tier Bulk Flood","ListBucket",1,0,229.256,224.765,4.476
"Tenant 5 [Tier 4] Free-Tier Bulk Flood","PutLarge",1,0,229.832,225.198,4.627
"Tenant 5 [Tier 4] Free-Tier Bulk Flood","PutLarge",1,0,228.092,223.411,4.672
"Tenant 5 [Tier 4] Free-Tier Bulk Flood","ListBucket",1,0,229.645,225.111,4.527
"Tenant 5 [Tier 4] Free-Tier Bulk Flood","PutLarge",1,0,228.559,223.983,4.568
"Tenant 5 [Tier 4] Free-Tier Bulk Flood","PutLarge",1,0,229.636,225.170,4.461
"Tenant 5 [Tier 4] Free-Tier Bulk Flood","PutLarge",1,0,228.674,224.000,4.640
"Tenant 5 [Tier 4] Free-Tier Bulk Flood","PutLarge",1,0,227.668,223.114,4.545
"Tenant 5 [Tier 4] Free-Tier Bulk Flood","ListBucket",1,0,226.835,222.318,4.509
"Tenant 5 [Tier 4] Free-Tier Bulk Flood","PutLarge",1,0,228.784,224.190,4.590
"Tenant 5 [Tier 4] Free-Tier Bulk Flood","ListBucket",1,0,227.771,223.455,4.307
"Tenant 5 [Tier 4] Free-Tier Bulk Flood","ListBucket",1,0,228.726,224.203,4.519
"Tenant 5 [Tier 4] Free-Tier Bulk Flood","ListBucket",1,0,227.670,223.257,4.408
"Tenant 5 [Tier 4] Free-Tier Bulk Flood","PutLarge",1,0,228.506,224.107,4.359
"Tenant 5 [Tier 4] Free-Tier Bulk Flood","PutLarge",1,0,227.417,222.935,4.444
"Tenant 5 [Tier 4] Free-Tier Bulk Flood","PutLarge",1,0,228.785,224.067,4.709
"Tenant 5 [Tier 4] Free-Tier Bulk Flood","PutLarge",1,0,227.245,222.884,4.337
"Tenant 5 [Tier 4] Free-Tier Bulk Flood","ListBucket",1,0,226.854,222.364,4.475
"Tenant 5 [Tier 4] Free-Tier Bulk Flood","PutLarge",1,0,228.843,224.229,4.582
"Tenant 5 [Tier 4] Free-Tier Bulk Flood","PutLarge",1,0,228.897,224.444,4.435
"Tenant 5 [Tier 4] Free-Tier Bulk Flood","PutLarge",1,0,228.627,224.222,4.394
"Tenant 5 [Tier 4] Free-Tier Bulk Flood","ListBucket",1,0,227.346,222.795,4.528
"Tenant 5 [Tier 4] Free-Tier Bulk Flood","PutLarge",1,0,228.595,224.027,4.559
"Tenant 5 [Tier 4] Free-Tier Bulk Flood","ListBucket",1,0,227.133,222.566,4.561
"Tenant 5 [Tier 4] Free-Tier Bulk Flood","ListBucket",1,0,228.594,223.951,4.634
"Tenant 5 [Tier 4] Free-Tier Bulk Flood","PutLarge",1,0,227.158,222.518,4.613
"Tenant 5 [Tier 4] Free-Tier Bulk Flood","PutLarge",1,0,225.636,221.314,4.287
"Tenant 5 [Tier 4] Free-Tier Bulk Flood","ListBucket",1,0,226.912,222.500,4.401
"Tenant 5 [Tier 4] Free-Tier Bulk Flood","ListBucket",1,0,225.587,221.111,4.471
"Tenant 5 [Tier 4] Free-Tier Bulk Flood","ListBucket",1,0,226.002,221.542,4.412
"Tenant 5 [Tier 4] Free-Tier Bulk Flood","PutLarge",1,0,225.734,221.058,4.670
"Tenant 5 [Tier 4] Free-Tier Bulk Flood","ListBucket",1,0,225.616,221.300,4.309
"Tenant 5 [Tier 4] Free-Tier Bulk Flood","PutLarge",1,0,226.133,221.597,4.528
"Tenant 5 [Tier 4] Free-Tier Bulk Flood","PutLarge",1,0,227.788,223.441,4.336
"Tenant 5 [Tier 4] Free-Tier Bulk Flood","ListBucket",1,0,225.860,221.377,4.477
"Tenant 5 [Tier 4] Free-Tier Bulk Flood","PutLarge",1,0,227.907,223.209,4.689
"Tenant 5 [Tier 4] Free-Tier Bulk Flood","PutLarge",1,0,227.339,222.992,4.337
"Tenant 5 [Tier 4] Free-Tier Bulk Flood","PutLarge",1,0,226.553,221.930,4.618
"Tenant 5 [Tier 4] Free-Tier Bulk Flood","ListBucket",1,0,227.266,222.705,4.524
"Tenant 5 [Tier 4] Free-Tier Bulk Flood","ListBucket",1,0,226.672,222.229,4.420
"Tenant 5 [Tier 4] Free-Tier Bulk Flood","ListBucket",1,0,227.469,222.925,4.518
"Tenant 5 [Tier 4] Free-Tier Bulk Flood","ListBucket",1,0,226.212,221.653,4.524
"Tenant 5 [Tier 4] Free-Tier Bulk Flood","PutLarge",1,0,226.238,221.732,4.492
"Tenant 5 [Tier 4] Free-Tier Bulk Flood","PutLarge",1,0,229.094,224.377,4.706
"Tenant 5 [Tier 4] Free-Tier Bulk Flood","PutLarge",1,0,226.071,221.519,4.544
"Tenant 5 [Tier 4] Free-Tier Bulk Flood","ListBucket",1,0,226.194,221.599,4.589
"Tenant 5 [Tier 4] Free-Tier Bulk Flood","PutLarge",1,0,226.964,222.283,4.646
"Tenant 5 [Tier 4] Free-Tier Bulk Flood","ListBucket",1,0,225.755,221.449,4.290
"Tenant 5 [Tier 4] Free-Tier Bulk Flood","PutLarge",1,0,227.077,222.530,4.513
"Tenant 5 [Tier 4] Free-Tier Bulk Flood","PutLarge",1,0,226.974,222.519,4.424
"Tenant 5 [Tier 4] Free-Tier Bulk Flood","ListBucket",1,0,225.307,220.597,4.694
"Tenant 5 [Tier 4] Free-Tier Bulk Flood","ListBucket",1,0,226.419,221.988,4.427
"Tenant 5 [Tier 4] Free-Tier Bulk Flood","PutLarge",1,0,225.638,221.175,4.453
"Tenant 5 [Tier 4] Free-Tier Bulk Flood","PutLarge",1,0,227.377,222.854,4.509
"Tenant 5 [Tier 4] Free-Tier Bulk Flood","ListBucket",1,0,225.898,221.473,4.419
"Tenant 5 [Tier 4] Free-Tier Bulk Flood","ListBucket",1,0,225.247,220.800,4.433
"Tenant 5 [Tier 4] Free-Tier Bulk Flood","ListBucket",1,0,226.847,222.339,4.502
"Tenant 5 [Tier 4] Free-Tier Bulk Flood","ListBucket",1,0,225.748,221.193,4.551
"Tenant 5 [Tier 4] Free-Tier Bulk Flood","PutLarge",1,0,225.895,221.236,4.647
"Tenant 5 [Tier 4] Free-Tier Bulk Flood","PutLarge",1,0,225.616,221.174,4.407
"Tenant 5 [Tier 4] Free-Tier Bulk Flood","PutLarge",1,0,226.691,222.294,4.389
"Tenant 5 [Tier 4] Free-Tier Bulk Flood","PutLarge",1,0,226.783,222.483,4.285
"Tenant 5 [Tier 4] Free-Tier Bulk Flood","PutLarge",1,0,227.485,222.973,4.479
"Tenant 5 [Tier 4] Free-Tier Bulk Flood","ListBucket",1,0,225.103,220.553,4.534
"Tenant 5 [Tier 4] Free-Tier Bulk Flood","PutLarge",1,0,225.710,221.190,4.507
"Tenant 5 [Tier 4] Free-Tier Bulk Flood","ListBucket",1,0,225.475,220.999,4.460
"Tenant 5 [Tier 4] Free-Tier Bulk Flood","PutLarge",1,0,227.696,223.174,4.487
"Tenant 5 [Tier 4] Free-Tier Bulk Flood","PutLarge",1,0,227.606,223.194,4.400
"Tenant 5 [Tier 4] Free-Tier Bulk Flood","PutLarge",1,0,225.273,220.936,4.332
"Tenant 5 [Tier 4] Free-Tier Bulk Flood","ListBucket",1,0,223.820,219.414,4.398
"Tenant 5 [Tier 4] Free-Tier Bulk Flood","PutLarge",1,0,224.013,219.727,4.281
"Tenant 5 [Tier 4] Free-Tier Bulk Flood","PutLarge",1,0,222.711,218.405,4.296
"Tenant 5 [Tier 4] Free-Tier Bulk Flood","ListBucket",1,0,221.952,217.517,4.421
"Tenant 5 [Tier 4] Free-Tier Bulk Flood","PutLarge",1,0,222.096,217.454,4.638
"Tenant 5 [Tier 4] Free-Tier Bulk Flood","ListBucket",1,0,217.873,213.352,4.514
"Tenant 5 [Tier 4] Free-Tier Bulk Flood","PutLarge",1,0,223.003,218.622,4.373
"Tenant 5 [Tier 4] Free-Tier Bulk Flood","PutLarge",1,0,221.059,216.407,4.645
"Tenant 5 [Tier 4] Free-Tier Bulk Flood","ListBucket",1,0,219.409,214.901,4.504
"Tenant 5 [Tier 4] Free-Tier Bulk Flood","PutLarge",1,0,219.315,214.865,4.439
"Tenant 5 [Tier 4] Free-Tier Bulk Flood","PutLarge",1,0,218.224,213.832,4.386
"Tenant 5 [Tier 4] Free-Tier Bulk Flood","PutLarge",1,0,220.525,216.131,4.391
"Tenant 5 [Tier 4] Free-Tier Bulk Flood","ListBucket",1,0,218.235,213.565,4.667
"Tenant 5 [Tier 4] Free-Tier Bulk Flood","ListBucket",1,0,218.223,213.933,4.278
"Tenant 5 [Tier 4] Free-Tier Bulk Flood","PutLarge",1,0,218.142,213.711,4.414
"Tenant 5 [Tier 4] Free-Tier Bulk Flood","PutLarge",1,0,218.150,213.652,4.492
"Tenant 5 [Tier 4] Free-Tier Bulk Flood","PutLarge",1,0,219.109,214.538,4.567
"Tenant 5 [Tier 4] Free-Tier Bulk Flood","ListBucket",1,0,217.178,212.887,4.275
"Tenant 5 [Tier 4] Free-Tier Bulk Flood","PutLarge",1,0,219.507,214.963,4.519
"Tenant 5 [Tier 4] Free-Tier Bulk Flood","ListBucket",1,0,218.990,214.599,4.369
"Tenant 5 [Tier 4] Free-Tier Bulk Flood","ListBucket",1,0,220.868,216.433,4.423
"Tenant 5 [Tier 4] Free-Tier Bulk Flood","PutLarge",1,0,219.748,215.085,4.650
"Tenant 5 [Tier 4] Free-Tier Bulk Flood","PutLarge",1,0,218.954,214.531,4.387
"Tenant 5 [Tier 4] Free-Tier Bulk Flood","ListBucket",1,0,219.941,215.264,4.672
"Tenant 5 [Tier 4] Free-Tier Bulk Flood","PutLarge",1,0,219.216,214.552,4.653
"Tenant 5 [Tier 4] Free-Tier Bulk Flood","PutLarge",1,0,219.846,215.470,4.341
"Tenant 5 [Tier 4] Free-Tier Bulk Flood","ListBucket",1,0,219.054,214.352,4.667
"Tenant 5 [Tier 4] Free-Tier Bulk Flood","ListBucket",1,0,218.844,214.446,4.394
"Tenant 5 [Tier 4] Free-Tier Bulk Flood","ListBucket",1,0,217.608,213.261,4.309
"Tenant 5 [Tier 4] Free-Tier Bulk Flood","PutLarge",1,0,220.346,215.733,4.591
"Tenant 5 [Tier 4] Free-Tier Bulk Flood","PutLarge",1,0,217.788,213.135,4.620
"Tenant 5 [Tier 4] Free-Tier Bulk Flood","PutLarge",1,0,217.845,213.254,4.589
"Tenant 5 [Tier 4] Free-Tier Bulk Flood","ListBucket",1,0,217.409,212.946,4.458
"Tenant 5 [Tier 4] Free-Tier Bulk Flood","PutLarge",1,0,217.715,213.277,4.432
"Tenant 5 [Tier 4] Free-Tier Bulk Flood","PutLarge",1,0,219.373,214.705,4.653
"Tenant 5 [Tier 4] Free-Tier Bulk Flood","PutLarge",1,0,217.742,213.365,4.361
"Tenant 5 [Tier 4] Free-Tier Bulk Flood","PutLarge",1,0,219.331,214.745,4.571
"Tenant 5 [Tier 4] Free-Tier Bulk Flood","ListBucket",1,0,218.776,214.470,4.300
"Tenant 5 [Tier 4] Free-Tier Bulk Flood","PutLarge",1,0,219.626,214.905,4.704
"Tenant 5 [Tier 4] Free-Tier Bulk Flood","PutLarge",1,0,220.621,216.281,4.329
"Tenant 5 [Tier 4] Free-Tier Bulk Flood","PutLarge",1,0,220.712,216.173,4.531
"Tenant 5 [Tier 4] Free-Tier Bulk Flood","PutLarge",1,0,220.230,215.940,4.275
"Tenant 5 [Tier 4] Free-Tier Bulk Flood","PutLarge",1,0,220.929,216.391,4.526
"Tenant 5 [Tier 4] Free-Tier Bulk Flood","PutLarge",1,0,220.308,215.696,4.595
"Tenant 5 [Tier 4] Free-Tier Bulk Flood","PutLarge",1,0,220.927,216.561,4.335
"Tenant 5 [Tier 4] Free-Tier Bulk Flood","PutLarge",1,0,223.275,218.608,4.662
"Tenant 5 [Tier 4] Free-Tier Bulk Flood","ListBucket",1,0,220.594,216.241,4.349
"Tenant 5 [Tier 4] Free-Tier Bulk Flood","ListBucket",1,0,221.565,216.890,4.672
"Tenant 5 [Tier 4] Free-Tier Bulk Flood","ListBucket",1,0,221.109,216.751,4.344
"Tenant 5 [Tier 4] Free-Tier Bulk Flood","PutLarge",1,0,221.414,216.961,4.448
"Tenant 5 [Tier 4] Free-Tier Bulk Flood","PutLarge",1,0,221.077,216.753,4.317
"Tenant 5 [Tier 4] Free-Tier Bulk Flood","ListBucket",1,0,222.006,217.509,4.486
"Tenant 5 [Tier 4] Free-Tier Bulk Flood","ListBucket",1,0,223.090,218.737,4.348
"Tenant 5 [Tier 4] Free-Tier Bulk Flood","ListBucket",1,0,221.329,216.788,4.536
"Tenant 5 [Tier 4] Free-Tier Bulk Flood","ListBucket",1,0,219.389,214.744,4.633
"Tenant 5 [Tier 4] Free-Tier Bulk Flood","ListBucket",1,0,221.237,216.772,4.461
"Tenant 5 [Tier 4] Free-Tier Bulk Flood","ListBucket",1,0,219.695,215.044,4.640
"Tenant 5 [Tier 4] Free-Tier Bulk Flood","PutLarge",1,0,219.581,215.035,4.528
"Tenant 5 [Tier 4] Free-Tier Bulk Flood","PutLarge",1,0,222.115,217.455,4.625
"Tenant 5 [Tier 4] Free-Tier Bulk Flood","PutLarge",1,0,220.232,215.877,4.352
"Tenant 5 [Tier 4] Free-Tier Bulk Flood","PutLarge",1,0,219.889,215.382,4.493
"Tenant 5 [Tier 4] Free-Tier Bulk Flood","ListBucket",1,0,221.607,217.267,4.333
"Tenant 5 [Tier 4] Free-Tier Bulk Flood","ListBucket",1,0,221.807,217.444,4.354
"Tenant 5 [Tier 4] Free-Tier Bulk Flood","ListBucket",1,0,221.443,216.851,4.586
"Tenant 5 [Tier 4] Free-Tier Bulk Flood","PutLarge",1,0,220.628,216.083,4.539
"Tenant 5 [Tier 4] Free-Tier Bulk Flood","PutLarge",1,0,222.289,217.918,4.367
"Tenant 5 [Tier 4] Free-Tier Bulk Flood","PutLarge",1,0,223.109,218.581,4.516
"Tenant 5 [Tier 4] Free-Tier Bulk Flood","PutLarge",1,0,222.015,217.306,4.705
"Tenant 5 [Tier 4] Free-Tier Bulk Flood","ListBucket",1,0,222.509,218.046,4.460
"Tenant 5 [Tier 4] Free-Tier Bulk Flood","PutLarge",1,0,223.726,219.159,4.563
"Tenant 5 [Tier 4] Free-Tier Bulk Flood","ListBucket",1,0,222.649,217.932,4.712
"Tenant 5 [Tier 4] Free-Tier Bulk Flood","ListBucket",1,0,221.385,216.742,4.629
"Tenant 5 [Tier 4] Free-Tier Bulk Flood","PutLarge",1,0,220.878,216.338,4.535
"Tenant 5 [Tier 4] Free-Tier Bulk Flood","ListBucket",1,0,220.004,215.559,4.431
"Tenant 5 [Tier 4] Free-Tier Bulk Flood","PutLarge",1,0,223.179,218.782,4.394
"Tenant 5 [Tier 4] Free-Tier Bulk Flood","ListBucket",1,0,220.818,216.411,4.400
"Tenant 5 [Tier 4] Free-Tier Bulk Flood","PutLarge",1,0,223.881,219.317,4.553
"Tenant 5 [Tier 4] Free-Tier Bulk Flood","ListBucket",1,0,223.078,218.575,4.490
"Tenant 5 [Tier 4] Free-Tier Bulk Flood","PutLarge",1,0,223.260,218.659,4.597
"Tenant 5 [Tier 4] Free-Tier Bulk Flood","ListBucket",1,0,224.759,220.279,4.460
"Tenant 5 [Tier 4] Free-Tier Bulk Flood","PutLarge",1,0,228.163,223.808,4.352
"Tenant 5 [Tier 4] Free-Tier Bulk Flood","PutLarge",1,0,228.345,223.867,4.463
"Tenant 5 [Tier 4] Free-Tier Bulk Flood","ListBucket",1,0,231.228,226.935,4.288
"Tenant 5 [Tier 4] Free-Tier Bulk Flood","PutLarge",1,0,231.831,227.534,4.293
"Tenant 5 [Tier 4] Free-Tier Bulk Flood","PutLarge",1,0,232.482,227.845,4.630
"Tenant 5 [Tier 4] Free-Tier Bulk Flood","PutLarge",1,0,234.097,229.463,4.630
"Tenant 5 [Tier 4] Free-Tier Bulk Flood","PutLarge",1,0,230.706,226.236,4.463
"Tenant 5 [Tier 4] Free-Tier Bulk Flood","PutLarge",1,0,231.789,227.415,4.367
"Tenant 5 [Tier 4] Free-Tier Bulk Flood","PutLarge",1,0,231.786,227.072,4.705
"Tenant 5 [Tier 4] Free-Tier Bulk Flood","PutLarge",1,0,231.820,227.268,4.545
"Tenant 5 [Tier 4] Free-Tier Bulk Flood","PutLarge",1,0,229.606,225.264,4.338
"Tenant 5 [Tier 4] Free-Tier Bulk Flood","ListBucket",1,0,228.959,224.628,4.327
"Tenant 5 [Tier 4] Free-Tier Bulk Flood","PutLarge",1,0,229.495,224.934,4.556
"Tenant 5 [Tier 4] Free-Tier Bulk Flood","PutLarge",1,0,230.376,225.685,4.681
"Tenant 5 [Tier 4] Free-Tier Bulk Flood","ListBucket",1,0,229.521,225.069,4.446
"Tenant 5 [Tier 4] Free-Tier Bulk Flood","ListBucket",1,0,230.234,225.864,4.365
"Tenant 5 [Tier 4] Free-Tier Bulk Flood","ListBucket",1,0,228.771,224.086,4.675
"Tenant 5 [Tier 4] Free-Tier Bulk Flood","PutLarge",1,0,228.781,224.463,4.306
"Tenant 5 [Tier 4] Free-Tier Bulk Flood","ListBucket",1,0,226.283,221.867,4.376
"Tenant 5 [Tier 4] Free-Tier Bulk Flood","PutLarge",1,0,230.503,225.878,4.619
"Tenant 5 [Tier 4] Free-Tier Bulk Flood","PutLarge",1,0,229.057,224.360,4.662
"Tenant 5 [Tier 4] Free-Tier Bulk Flood","PutLarge",1,0,229.725,225.017,4.687
"Tenant 5 [Tier 4] Free-Tier Bulk Flood","ListBucket",1,0,228.640,223.911,4.720
"Tenant 5 [Tier 4] Free-Tier Bulk Flood","ListBucket",1,0,229.146,224.486,4.627
"Tenant 5 [Tier 4] Free-Tier Bulk Flood","ListBucket",1,0,227.547,223.144,4.391
"Tenant 5 [Tier 4] Free-Tier Bulk Flood","PutLarge",1,0,228.612,224.053,4.554
"Tenant 5 [Tier 4] Free-Tier Bulk Flood","PutLarge",1,0,229.408,224.727,4.645
"Tenant 5 [Tier 4] Free-Tier Bulk Flood","ListBucket",1,0,229.650,225.251,4.394
"Tenant 5 [Tier 4] Free-Tier Bulk Flood","PutLarge",1,0,230.635,225.908,4.723
"Tenant 5 [Tier 4] Free-Tier Bulk Flood","PutLarge",1,0,229.559,224.999,4.550
"Tenant 5 [Tier 4] Free-Tier Bulk Flood","PutLarge",1,0,230.433,225.954,4.466
"Tenant 5 [Tier 4] Free-Tier Bulk Flood","ListBucket",1,0,229.671,224.954,4.711
"Tenant 5 [Tier 4] Free-Tier Bulk Flood","ListBucket",1,0,230.735,226.032,4.699
"Tenant 5 [Tier 4] Free-Tier Bulk Flood","PutLarge",1,0,229.751,225.149,4.590
"Tenant 5 [Tier 4] Free-Tier Bulk Flood","ListBucket",1,0,227.687,223.211,4.463
"Tenant 5 [Tier 4] Free-Tier Bulk Flood","PutLarge",1,0,230.087,225.361,4.722
"Tenant 5 [Tier 4] Free-Tier Bulk Flood","PutLarge",1,0,227.763,223.104,4.624
"Tenant 5 [Tier 4] Free-Tier Bulk Flood","PutLarge",1,0,230.097,225.766,4.325
"Tenant 5 [Tier 4] Free-Tier Bulk Flood","ListBucket",1,0,227.622,223.031,4.555
"Tenant 5 [Tier 4] Free-Tier Bulk Flood","ListBucket",1,0,227.119,222.796,4.315
"Tenant 5 [Tier 4] Free-Tier Bulk Flood","PutLarge",1,0,228.096,223.524,4.553
"Tenant 5 [Tier 4] Free-Tier Bulk Flood","ListBucket",1,0,227.516,222.832,4.657
"Tenant 5 [Tier 4] Free-Tier Bulk Flood","ListBucket",1,0,228.004,223.587,4.414
"Tenant 5 [Tier 4] Free-Tier Bulk Flood","ListBucket",1,0,227.351,222.874,4.441
"Tenant 5 [Tier 4] Free-Tier Bulk Flood","PutLarge",1,0,227.317,222.714,4.589
"Tenant 5 [Tier 4] Free-Tier Bulk Flood","ListBucket",1,0,225.573,221.253,4.311
"Tenant 5 [Tier 4] Free-Tier Bulk Flood","ListBucket",1,0,227.370,222.957,4.401
"Tenant 5 [Tier 4] Free-Tier Bulk Flood","ListBucket",1,0,225.629,221.078,4.534
"Tenant 5 [Tier 4] Free-Tier Bulk Flood","ListBucket",1,0,226.620,222.245,4.366
"Tenant 5 [Tier 4] Free-Tier Bulk Flood","ListBucket",1,0,226.990,222.467,4.520
"Tenant 5 [Tier 4] Free-Tier Bulk Flood","ListBucket",1,0,227.385,222.922,4.452
"Tenant 5 [Tier 4] Free-Tier Bulk Flood","ListBucket",1,0,226.478,221.862,4.612
"Tenant 5 [Tier 4] Free-Tier Bulk Flood","PutLarge",1,0,226.925,222.495,4.422
"Tenant 5 [Tier 4] Free-Tier Bulk Flood","PutLarge",1,0,226.385,221.925,4.452
"Tenant 5 [Tier 4] Free-Tier Bulk Flood","PutLarge",1,0,227.904,223.281,4.617
"Tenant 5 [Tier 4] Free-Tier Bulk Flood","PutLarge",1,0,228.808,224.292,4.509
"Tenant 5 [Tier 4] Free-Tier Bulk Flood","PutLarge",1,0,228.147,223.420,4.723
"Tenant 5 [Tier 4] Free-Tier Bulk Flood","ListBucket",1,0,228.438,223.719,4.715
"Tenant 5 [Tier 4] Free-Tier Bulk Flood","PutLarge",1,0,226.082,221.564,4.486
"Tenant 5 [Tier 4] Free-Tier Bulk Flood","PutLarge",1,0,227.717,223.242,4.460
"Tenant 5 [Tier 4] Free-Tier Bulk Flood","PutLarge",1,0,227.986,223.367,4.615
"Tenant 5 [Tier 4] Free-Tier Bulk Flood","ListBucket",1,0,228.003,223.398,4.591
"Tenant 5 [Tier 4] Free-Tier Bulk Flood","PutLarge",1,0,226.625,222.067,4.553
"Tenant 5 [Tier 4] Free-Tier Bulk Flood","PutLarge",1,0,227.806,223.400,4.402
"Tenant 5 [Tier 4] Free-Tier Bulk Flood","ListBucket",1,0,227.685,223.404,4.277
"Tenant 5 [Tier 4] Free-Tier Bulk Flood","ListBucket",1,0,226.186,221.647,4.534
"Tenant 5 [Tier 4] Free-Tier Bulk Flood","PutLarge",1,0,225.683,221.033,4.645
"Tenant 5 [Tier 4] Free-Tier Bulk Flood","PutLarge",1,0,227.463,222.799,4.654
"Tenant 5 [Tier 4] Free-Tier Bulk Flood","ListBucket",1,0,227.973,223.680,4.286
"Tenant 5 [Tier 4] Free-Tier Bulk Flood","PutLarge",1,0,228.101,223.394,4.701
"Tenant 5 [Tier 4] Free-Tier Bulk Flood","ListBucket",1,0,228.056,223.437,4.616
"Tenant 5 [Tier 4] Free-Tier Bulk Flood","PutLarge",1,0,227.695,223.190,4.498
"Tenant 5 [Tier 4] Free-Tier Bulk Flood","PutLarge",1,0,229.225,224.923,4.295
"Tenant 5 [Tier 4] Free-Tier Bulk Flood","PutLarge",1,0,229.442,224.715,4.721
"Tenant 5 [Tier 4] Free-Tier Bulk Flood","ListBucket",1,0,229.042,224.372,4.665
"Tenant 5 [Tier 4] Free-Tier Bulk Flood","PutLarge",1,0,228.792,224.105,4.680
"Tenant 5 [Tier 4] Free-Tier Bulk Flood","PutLarge",1,0,225.196,220.868,4.322
"Tenant 5 [Tier 4] Free-Tier Bulk Flood","ListBucket",1,0,224.911,220.570,4.327
"Tenant 5 [Tier 4] Free-Tier Bulk Flood","ListBucket",1,0,224.634,220.297,4.330
"Tenant 5 [Tier 4] Free-Tier Bulk Flood","ListBucket",1,0,225.396,220.719,4.671
"Tenant 5 [Tier 4] Free-Tier Bulk Flood","PutLarge",1,0,223.526,219.002,4.519
"Tenant 5 [Tier 4] Free-Tier Bulk Flood","PutLarge",1,0,223.686,219.036,4.639
"Tenant 5 [Tier 4] Free-Tier Bulk Flood","PutLarge",1,0,221.995,217.514,4.474
"Tenant 5 [Tier 4] Free-Tier Bulk Flood","ListBucket",1,0,221.819,217.261,4.554
"Tenant 5 [Tier 4] Free-Tier Bulk Flood","PutLarge",1,0,218.310,214.011,4.295
"Tenant 5 [Tier 4] Free-Tier Bulk Flood","ListBucket",1,0,219.260,214.968,4.288
"Tenant 5 [Tier 4] Free-Tier Bulk Flood","ListBucket",1,0,216.438,211.713,4.717
"Tenant 5 [Tier 4] Free-Tier Bulk Flood","PutLarge",1,0,216.447,212.004,4.436
"Tenant 5 [Tier 4] Free-Tier Bulk Flood","ListBucket",1,0,215.947,211.655,4.287
"Tenant 5 [Tier 4] Free-Tier Bulk Flood","PutLarge",1,0,217.492,213.023,4.452
"Tenant 5 [Tier 4] Free-Tier Bulk Flood","ListBucket",1,0,217.769,213.165,4.593
"Tenant 5 [Tier 4] Free-Tier Bulk Flood","PutLarge",1,0,217.417,212.804,4.598
"Tenant 5 [Tier 4] Free-Tier Bulk Flood","ListBucket",1,0,217.282,212.863,4.415
"Tenant 5 [Tier 4] Free-Tier Bulk Flood","PutLarge",1,0,216.966,212.653,4.296
"Tenant 5 [Tier 4] Free-Tier Bulk Flood","ListBucket",1,0,217.298,212.827,4.467
"Tenant 5 [Tier 4] Free-Tier Bulk Flood","ListBucket",1,0,216.793,212.294,4.488
"Tenant 5 [Tier 4] Free-Tier Bulk Flood","PutLarge",1,0,216.239,211.551,4.679
"Tenant 5 [Tier 4] Free-Tier Bulk Flood","ListBucket",1,0,216.694,212.322,4.369
"Tenant 5 [Tier 4] Free-Tier Bulk Flood","PutLarge",1,0,216.460,211.841,4.613
"Tenant 5 [Tier 4] Free-Tier Bulk Flood","ListBucket",1,0,219.127,214.484,4.628
"Tenant 5 [Tier 4] Free-Tier Bulk Flood","ListBucket",1,0,216.185,211.744,4.397
"Tenant 5 [Tier 4] Free-Tier Bulk Flood","ListBucket",1,0,215.021,210.403,4.608
"Tenant 5 [Tier 4] Free-Tier Bulk Flood","ListBucket",1,0,215.858,211.435,4.382
"Tenant 5 [Tier 4] Free-Tier Bulk Flood","ListBucket",1,0,215.422,210.817,4.595
"Tenant 5 [Tier 4] Free-Tier Bulk Flood","PutLarge",1,0,216.964,212.311,4.649
"Tenant 5 [Tier 4] Free-Tier Bulk Flood","ListBucket",1,0,215.008,210.614,4.384
"Tenant 5 [Tier 4] Free-Tier Bulk Flood","PutLarge",1,0,215.055,210.552,4.469
"Tenant 5 [Tier 4] Free-Tier Bulk Flood","ListBucket",1,0,214.951,210.615,4.301
"Tenant 5 [Tier 4] Free-Tier Bulk Flood","ListBucket",1,0,213.815,209.273,4.537
"Tenant 5 [Tier 4] Free-Tier Bulk Flood","PutLarge",1,0,214.994,210.408,4.578
"Tenant 5 [Tier 4] Free-Tier Bulk Flood","PutLarge",1,0,215.681,211.004,4.644
"Tenant 5 [Tier 4] Free-Tier Bulk Flood","ListBucket",1,0,214.618,210.291,4.294
"Tenant 5 [Tier 4] Free-Tier Bulk Flood","ListBucket",1,0,214.220,209.779,4.402
"Tenant 5 [Tier 4] Free-Tier Bulk Flood","PutLarge",1,0,214.701,210.090,4.575
"Tenant 5 [Tier 4] Free-Tier Bulk Flood","PutLarge",1,0,216.272,211.652,4.612
"Tenant 5 [Tier 4] Free-Tier Bulk Flood","PutLarge",1,0,214.584,209.998,4.569
"Tenant 5 [Tier 4] Free-Tier Bulk Flood","ListBucket",1,0,216.141,211.613,4.524
"Tenant 5 [Tier 4] Free-Tier Bulk Flood","ListBucket",1,0,214.839,210.166,4.652
"Tenant 5 [Tier 4] Free-Tier Bulk Flood","ListBucket",1,0,216.145,211.560,4.580
"Tenant 5 [Tier 4] Free-Tier Bulk Flood","PutLarge",1,0,215.879,211.338,4.537
"Tenant 5 [Tier 4] Free-Tier Bulk Flood","PutLarge",1,0,215.953,211.583,4.366
"Tenant 5 [Tier 4] Free-Tier Bulk Flood","PutLarge",1,0,216.835,212.220,4.610
"Tenant 5 [Tier 4] Free-Tier Bulk Flood","ListBucket",1,0,217.598,213.291,4.291
"Tenant 5 [Tier 4] Free-Tier Bulk Flood","PutLarge",1,0,217.052,212.355,4.690
"Tenant 5 [Tier 4] Free-Tier Bulk Flood","PutLarge",1,0,216.720,212.135,4.548
"Tenant 5 [Tier 4] Free-Tier Bulk Flood","ListBucket",1,0,216.993,212.692,4.287
"Tenant 5 [Tier 4] Free-Tier Bulk Flood","PutLarge",1,0,216.951,212.318,4.620
"Tenant 5 [Tier 4] Free-Tier Bulk Flood","PutLarge",1,0,217.188,212.809,4.342
"Tenant 5 [Tier 4] Free-Tier Bulk Flood","PutLarge",1,0,218.364,213.966,4.384
"Tenant 5 [Tier 4] Free-Tier Bulk Flood","PutLarge",1,0,219.183,214.542,4.636
"Tenant 5 [Tier 4] Free-Tier Bulk Flood","PutLarge",1,0,219.029,214.586,4.437
"Tenant 5 [Tier 4] Free-Tier Bulk Flood","ListBucket",1,0,218.275,213.605,4.665
"Tenant 5 [Tier 4] Free-Tier Bulk Flood","ListBucket",1,0,217.442,212.753,4.685
"Tenant 5 [Tier 4] Free-Tier Bulk Flood","ListBucket",1,0,218.552,213.825,4.713
"Tenant 5 [Tier 4] Free-Tier Bulk Flood","PutLarge",1,0,217.375,212.811,4.560
"Tenant 5 [Tier 4] Free-Tier Bulk Flood","PutLarge",1,0,216.030,211.656,4.369
"Tenant 5 [Tier 4] Free-Tier Bulk Flood","PutLarge",1,0,218.931,214.552,4.363
"Tenant 5 [Tier 4] Free-Tier Bulk Flood","PutLarge",1,0,217.729,213.166,4.560
"Tenant 5 [Tier 4] Free-Tier Bulk Flood","PutLarge",1,0,219.167,214.726,4.434
"Tenant 5 [Tier 4] Free-Tier Bulk Flood","ListBucket",1,0,218.978,214.313,4.648
"Tenant 5 [Tier 4] Free-Tier Bulk Flood","PutLarge",1,0,218.459,213.912,4.542
"Tenant 5 [Tier 4] Free-Tier Bulk Flood","ListBucket",1,0,217.923,213.448,4.471
"Tenant 5 [Tier 4] Free-Tier Bulk Flood","ListBucket",1,0,218.573,213.947,4.620
"Tenant 5 [Tier 4] Free-Tier Bulk Flood","PutLarge",1,0,218.335,213.998,4.326
"Tenant 5 [Tier 4] Free-Tier Bulk Flood","PutLarge",1,0,219.151,214.766,4.381
"Tenant 5 [Tier 4] Free-Tier Bulk Flood","PutLarge",1,0,220.132,215.596,4.530
"Tenant 5 [Tier 4] Free-Tier Bulk Flood","ListBucket",1,0,219.344,215.052,4.287
"Tenant 5 [Tier 4] Free-Tier Bulk Flood","PutLarge",1,0,218.956,214.579,4.368
"Tenant 5 [Tier 4] Free-Tier Bulk Flood","PutLarge",1,0,220.421,216.062,4.345
"Tenant 5 [Tier 4] Free-Tier Bulk Flood","PutLarge",1,0,219.989,215.437,4.536
"Tenant 5 [Tier 4] Free-Tier Bulk Flood","PutLarge",1,0,220.819,216.177,4.629
"Tenant 5 [Tier 4] Free-Tier Bulk Flood","PutLarge",1,0,221.738,217.419,4.315
"Tenant 5 [Tier 4] Free-Tier Bulk Flood","ListBucket",1,0,218.051,213.720,4.324
"Tenant 5 [Tier 4] Free-Tier Bulk Flood","PutLarge",1,0,218.626,214.122,4.493
"Tenant 5 [Tier 4] Free-Tier Bulk Flood","ListBucket",1,0,218.853,214.442,4.405
"Tenant 5 [Tier 4] Free-Tier Bulk Flood","PutLarge",1,0,218.799,214.445,4.348
"Tenant 5 [Tier 4] Free-Tier Bulk Flood","PutLarge",1,0,220.439,216.141,4.293
"Tenant 5 [Tier 4] Free-Tier Bulk Flood","ListBucket",1,0,220.073,215.621,4.444
"Tenant 5 [Tier 4] Free-Tier Bulk Flood","PutLarge",1,0,219.099,214.791,4.305
"Tenant 5 [Tier 4] Free-Tier Bulk Flood","ListBucket",1,0,218.835,214.151,4.679
"Tenant 5 [Tier 4] Free-Tier Bulk Flood","PutLarge",1,0,215.826,211.498,4.318
"Tenant 5 [Tier 4] Free-Tier Bulk Flood","PutLarge",1,0,219.543,214.820,4.717
"Tenant 5 [Tier 4] Free-Tier Bulk Flood","ListBucket",1,0,218.432,214.053,4.376
"Tenant 5 [Tier 4] Free-Tier Bulk Flood","PutLarge",1,0,217.142,212.830,4.306
"Tenant 5 [Tier 4] Free-Tier Bulk Flood","PutLarge",1,0,219.340,214.825,4.509
"Tenant 5 [Tier 4] Free-Tier Bulk Flood","PutLarge",1,0,219.462,215.043,4.412
"Tenant 5 [Tier 4] Free-Tier Bulk Flood","PutLarge",1,0,219.453,214.872,4.577
"Tenant 5 [Tier 4] Free-Tier Bulk Flood","ListBucket",1,0,218.425,214.133,4.289
"Tenant 5 [Tier 4] Free-Tier Bulk Flood","PutLarge",1,0,218.823,214.354,4.465
"Tenant 5 [Tier 4] Free-Tier Bulk Flood","PutLarge",1,0,216.947,212.612,4.333
"Tenant 5 [Tier 4] Free-Tier Bulk Flood","PutLarge",1,0,216.863,212.338,4.520
"Tenant 5 [Tier 4] Free-Tier Bulk Flood","ListBucket",1,0,215.477,210.823,4.646
"Tenant 5 [Tier 4] Free-Tier Bulk Flood","PutLarge",1,0,216.967,212.273,4.681
"Tenant 5 [Tier 4] Free-Tier Bulk Flood","PutLarge",1,0,217.250,212.758,4.483
"Tenant 5 [Tier 4] Free-Tier Bulk Flood","ListBucket",1,0,217.198,212.507,4.685
"Tenant 5 [Tier 4] Free-Tier Bulk Flood","ListBucket",1,0,217.181,212.522,4.650
"Tenant 5 [Tier 4] Free-Tier Bulk Flood","PutLarge",1,0,217.900,213.561,4.334
"Tenant 5 [Tier 4] Free-Tier Bulk Flood","PutLarge",1,0,217.496,212.948,4.536
"Tenant 5 [Tier 4] Free-Tier Bulk Flood","PutLarge",1,0,217.907,213.271,4.633
"Tenant 5 [Tier 4] Free-Tier Bulk Flood","ListBucket",1,0,217.325,212.864,4.452
"Tenant 5 [Tier 4] Free-Tier Bulk Flood","ListBucket",1,0,217.977,213.465,4.476
"Tenant 5 [Tier 4] Free-Tier Bulk Flood","PutLarge",1,0,217.716,213.293,4.411
"Tenant 5 [Tier 4] Free-Tier Bulk Flood","PutLarge",1,0,218.741,214.271,4.463
"Tenant 5 [Tier 4] Free-Tier Bulk Flood","PutLarge",1,0,217.784,213.320,4.456
"Tenant 5 [Tier 4] Free-Tier Bulk Flood","ListBucket",1,0,218.719,214.063,4.635
"Tenant 5 [Tier 4] Free-Tier Bulk Flood","ListBucket",1,0,219.056,214.345,4.707
"Tenant 5 [Tier 4] Free-Tier Bulk Flood","PutLarge",1,0,217.687,213.170,4.481
"Tenant 5 [Tier 4] Free-Tier Bulk Flood","PutLarge",1,0,219.174,214.721,4.416
"Tenant 5 [Tier 4] Free-Tier Bulk Flood","ListBucket",1,0,218.918,214.630,4.283
"Tenant 5 [Tier 4] Free-Tier Bulk Flood","PutLarge",1,0,219.050,214.601,4.412
"Tenant 5 [Tier 4] Free-Tier Bulk Flood","ListBucket",1,0,218.789,214.111,4.629
"Tenant 5 [Tier 4] Free-Tier Bulk Flood","PutLarge",1,0,219.079,214.713,4.361
"Tenant 5 [Tier 4] Free-Tier Bulk Flood","ListBucket",1,0,218.476,214.124,4.344
"Tenant 5 [Tier 4] Free-Tier Bulk Flood","ListBucket",1,0,219.022,214.446,4.572
"Tenant 5 [Tier 4] Free-Tier Bulk Flood","ListBucket",1,0,217.460,212.993,4.461
"Tenant 5 [Tier 4] Free-Tier Bulk Flood","PutLarge",1,0,218.718,214.432,4.276
"Tenant 5 [Tier 4] Free-Tier Bulk Flood","ListBucket",1,0,216.053,211.564,4.474
"Tenant 5 [Tier 4] Free-Tier Bulk Flood","ListBucket",1,0,218.849,214.125,4.719
"Tenant 5 [Tier 4] Free-Tier Bulk Flood","PutLarge",1,0,217.703,213.176,4.508
"Tenant 5 [Tier 4] Free-Tier Bulk Flood","PutLarge",1,0,219.035,214.446,4.553
"Tenant 5 [Tier 4] Free-Tier Bulk Flood","PutLarge",1,0,219.820,215.100,4.683
"Tenant 5 [Tier 4] Free-Tier Bulk Flood","PutLarge",1,0,219.942,215.362,4.576
"Tenant 5 [Tier 4] Free-Tier Bulk Flood","PutLarge",1,0,218.483,213.762,4.672
"Tenant 5 [Tier 4] Free-Tier Bulk Flood","PutLarge",1,0,219.580,215.260,4.311
"Tenant 5 [Tier 4] Free-Tier Bulk Flood","ListBucket",1,0,218.499,213.898,4.592
"Tenant 5 [Tier 4] Free-Tier Bulk Flood","ListBucket",1,0,218.432,213.986,4.412
"Tenant 5 [Tier 4] Free-Tier Bulk Flood","ListBucket",1,0,218.335,213.879,4.452
"Tenant 5 [Tier 4] Free-Tier Bulk Flood","PutLarge",1,0,218.473,214.051,4.388
"Tenant 5 [Tier 4] Free-Tier Bulk Flood","ListBucket",1,0,219.168,214.567,4.567
"Tenant 5 [Tier 4] Free-Tier Bulk Flood","ListBucket",1,0,216.815,212.138,4.642
"Tenant 5 [Tier 4] Free-Tier Bulk Flood","PutLarge",1,0,217.893,213.390,4.497
"Tenant 5 [Tier 4] Free-Tier Bulk Flood","ListBucket",1,0,217.768,213.112,4.653
"Tenant 5 [Tier 4] Free-Tier Bulk Flood","PutLarge",1,0,217.839,213.342,4.492
"Tenant 5 [Tier 4] Free-Tier Bulk Flood","PutLarge",1,0,217.717,213.039,4.672
"Tenant 5 [Tier 4] Free-Tier Bulk Flood","PutLarge",1,0,218.034,213.304,4.710
"Tenant 5 [Tier 4] Free-Tier Bulk Flood","PutLarge",1,0,218.436,213.850,4.580
"Tenant 5 [Tier 4] Free-Tier Bulk Flood","PutLarge",1,0,218.022,213.680,4.332
"Tenant 5 [Tier 4] Free-Tier Bulk Flood","PutLarge",1,0,218.820,214.315,4.500
"Tenant 5 [Tier 4] Free-Tier Bulk Flood","ListBucket",1,0,217.728,213.318,4.406
"Tenant 5 [Tier 4] Free-Tier Bulk Flood","ListBucket",1,0,217.412,213.099,4.278
"Tenant 5 [Tier 4] Free-Tier Bulk Flood","ListBucket",1,0,217.642,213.347,4.285
"Tenant 5 [Tier 4] Free-Tier Bulk Flood","PutLarge",1,0,217.163,212.714,4.413
"Tenant 5 [Tier 4] Free-Tier Bulk Flood","ListBucket",1,0,217.533,213.033,4.494
"Tenant 5 [Tier 4] Free-Tier Bulk Flood","ListBucket",1,0,219.328,214.618,4.704
"Tenant 5 [Tier 4] Free-Tier Bulk Flood","PutLarge",1,0,217.610,212.973,4.631
"Tenant 5 [Tier 4] Free-Tier Bulk Flood","PutLarge",1,0,217.566,212.980,4.582
"Tenant 5 [Tier 4] Free-Tier Bulk Flood","PutLarge",1,0,218.130,213.637,4.489
"Tenant 5 [Tier 4] Free-Tier Bulk Flood","ListBucket",1,0,219.217,214.681,4.520
"Tenant 5 [Tier 4] Free-Tier Bulk Flood","PutLarge",1,0,218.585,214.081,4.499
"Tenant 5 [Tier 4] Free-Tier Bulk Flood","PutLarge",1,0,217.964,213.583,4.376
"Tenant 5 [Tier 4] Free-Tier Bulk Flood","ListBucket",1,0,216.336,211.785,4.547
"Tenant 5 [Tier 4] Free-Tier Bulk Flood","PutLarge",1,0,217.111,212.640,4.468
"Tenant 5 [Tier 4] Free-Tier Bulk Flood","ListBucket",1,0,219.515,214.902,4.608
"Tenant 5 [Tier 4] Free-Tier Bulk Flood","PutLarge",1,0,220.126,215.645,4.476
"Tenant 5 [Tier 4] Free-Tier Bulk Flood","PutLarge",1,0,220.320,215.797,4.518
"Tenant 5 [Tier 4] Free-Tier Bulk Flood","PutLarge",1,0,223.290,218.603,4.681
"Tenant 5 [Tier 4] Free-Tier Bulk Flood","PutLarge",1,0,222.952,218.637,4.311
"Tenant 5 [Tier 4] Free-Tier Bulk Flood","PutLarge",1,0,223.168,218.723,4.435
"Tenant 5 [Tier 4] Free-Tier Bulk Flood","PutLarge",1,0,224.282,219.803,4.476
"Tenant 5 [Tier 4] Free-Tier Bulk Flood","ListBucket",1,0,224.793,220.354,4.423
"Tenant 5 [Tier 4] Free-Tier Bulk Flood","ListBucket",1,0,226.712,222.203,4.495
"Tenant 5 [Tier 4] Free-Tier Bulk Flood","PutLarge",1,0,226.777,222.249,4.524
"Tenant 5 [Tier 4] Free-Tier Bulk Flood","PutLarge",1,0,228.409,224.029,4.375
"Tenant 5 [Tier 4] Free-Tier Bulk Flood","ListBucket",1,0,229.554,224.833,4.716
"Tenant 5 [Tier 4] Free-Tier Bulk Flood","ListBucket",1,0,230.480,226.050,4.422
"Tenant 5 [Tier 4] Free-Tier Bulk Flood","PutLarge",1,0,231.680,227.063,4.614
"Tenant 5 [Tier 4] Free-Tier Bulk Flood","PutLarge",1,0,231.043,226.685,4.341
"Tenant 5 [Tier 4] Free-Tier Bulk Flood","PutLarge",1,0,231.271,226.954,4.309
"Tenant 5 [Tier 4] Free-Tier Bulk Flood","ListBucket",1,0,232.583,228.255,4.324
"Tenant 5 [Tier 4] Free-Tier Bulk Flood","PutLarge",1,0,231.268,226.937,4.318
"Tenant 5 [Tier 4] Free-Tier Bulk Flood","ListBucket",1,0,229.847,225.440,4.391
"Tenant 5 [Tier 4] Free-Tier Bulk Flood","PutLarge",1,0,231.171,226.836,4.331
"Tenant 5 [Tier 4] Free-Tier Bulk Flood","PutLarge",1,0,230.261,225.673,4.583
"Tenant 5 [Tier 4] Free-Tier Bulk Flood","ListBucket",1,0,229.781,225.155,4.618
"Tenant 5 [Tier 4] Free-Tier Bulk Flood","PutLarge",1,0,230.285,225.559,4.694
"Tenant 5 [Tier 4] Free-Tier Bulk Flood","ListBucket",1,0,230.244,225.539,4.694
"Tenant 5 [Tier 4] Free-Tier Bulk Flood","PutLarge",1,0,230.030,225.722,4.277
"Tenant 5 [Tier 4] Free-Tier Bulk Flood","PutLarge",1,0,230.359,225.734,4.612
"Tenant 5 [Tier 4] Free-Tier Bulk Flood","PutLarge",1,0,229.938,225.398,4.535
"Tenant 5 [Tier 4] Free-Tier Bulk Flood","PutLarge",1,0,230.485,226.144,4.308
"Tenant 5 [Tier 4] Free-Tier Bulk Flood","PutLarge",1,0,230.013,225.436,4.573
"Tenant 5 [Tier 4] Free-Tier Bulk Flood","PutLarge",1,0,230.999,226.486,4.506
"Tenant 5 [Tier 4] Free-Tier Bulk Flood","PutLarge",1,0,229.977,225.556,4.417
"Tenant 5 [Tier 4] Free-Tier Bulk Flood","PutLarge",1,0,231.111,226.510,4.595
"Tenant 5 [Tier 4] Free-Tier Bulk Flood","PutLarge",1,0,232.028,227.419,4.606
"Tenant 5 [Tier 4] Free-Tier Bulk Flood","PutLarge",1,0,231.885,227.248,4.599
"Tenant 5 [Tier 4] Free-Tier Bulk Flood","PutLarge",1,0,233.028,228.581,4.400
"Tenant 5 [Tier 4] Free-Tier Bulk Flood","PutLarge",1,0,231.865,227.402,4.430
"Tenant 5 [Tier 4] Free-Tier Bulk Flood","PutLarge",1,0,233.196,228.728,4.454
"Tenant 5 [Tier 4] Free-Tier Bulk Flood","PutLarge",1,0,232.232,227.571,4.637
"Tenant 5 [Tier 4] Free-Tier Bulk Flood","PutLarge",1,0,231.603,226.984,4.615
"Tenant 5 [Tier 4] Free-Tier Bulk Flood","ListBucket",1,0,230.434,225.811,4.617
"Tenant 5 [Tier 4] Free-Tier Bulk Flood","ListBucket",1,0,233.688,228.981,4.678
"Tenant 5 [Tier 4] Free-Tier Bulk Flood","PutLarge",1,0,231.944,227.518,4.422
"Tenant 5 [Tier 4] Free-Tier Bulk Flood","PutLarge",1,0,233.531,229.207,4.318
"Tenant 5 [Tier 4] Free-Tier Bulk Flood","PutLarge",1,0,233.875,229.318,4.522
"Tenant 5 [Tier 4] Free-Tier Bulk Flood","ListBucket",1,0,234.967,230.442,4.492
"Tenant 5 [Tier 4] Free-Tier Bulk Flood","PutLarge",1,0,233.473,229.143,4.322
"Tenant 5 [Tier 4] Free-Tier Bulk Flood","ListBucket",1,0,233.439,228.721,4.676
"Tenant 5 [Tier 4] Free-Tier Bulk Flood","ListBucket",1,0,233.382,228.921,4.450
"Tenant 5 [Tier 4] Free-Tier Bulk Flood","PutLarge",1,0,232.783,228.365,4.383
"Tenant 5 [Tier 4] Free-Tier Bulk Flood","PutLarge",1,0,231.495,226.819,4.624
"Tenant 5 [Tier 4] Free-Tier Bulk Flood","PutLarge",1,0,232.659,228.038,4.587
"Tenant 5 [Tier 4] Free-Tier Bulk Flood","ListBucket",1,0,232.805,228.126,4.645
"Tenant 5 [Tier 4] Free-Tier Bulk Flood","ListBucket",1,0,232.232,227.816,4.412
"Tenant 5 [Tier 4] Free-Tier Bulk Flood","PutLarge",1,0,232.770,228.377,4.379
"Tenant 5 [Tier 4] Free-Tier Bulk Flood","ListBucket",1,0,234.528,230.180,4.330
"Tenant 5 [Tier 4] Free-Tier Bulk Flood","PutLarge",1,0,234.449,230.008,4.434
"Tenant 5 [Tier 4] Free-Tier Bulk Flood","PutLarge",1,0,233.833,229.477,4.352
"Tenant 5 [Tier 4] Free-Tier Bulk Flood","ListBucket",1,0,232.685,228.287,4.395
"Tenant 5 [Tier 4] Free-Tier Bulk Flood","ListBucket",1,0,233.670,229.179,4.488
"Tenant 5 [Tier 4] Free-Tier Bulk Flood","ListBucket",1,0,232.708,228.018,4.661
"Tenant 5 [Tier 4] Free-Tier Bulk Flood","ListBucket",1,0,233.652,229.171,4.435
"Tenant 5 [Tier 4] Free-Tier Bulk Flood","ListBucket",1,0,232.349,228.032,4.283
"Tenant 5 [Tier 4] Free-Tier Bulk Flood","PutLarge",1,0,233.246,228.885,4.353
"Tenant 5 [Tier 4] Free-Tier Bulk Flood","ListBucket",1,0,231.581,227.271,4.280
"Tenant 5 [Tier 4] Free-Tier Bulk Flood","ListBucket",1,0,231.602,227.217,4.380
"Tenant 5 [Tier 4] Free-Tier Bulk Flood","PutLarge",1,0,232.691,228.242,4.445
"Tenant 5 [Tier 4] Free-Tier Bulk Flood","PutLarge",1,0,234.576,230.028,4.534
"Tenant 5 [Tier 4] Free-Tier Bulk Flood","ListBucket",1,0,232.999,228.355,4.640
"Tenant 5 [Tier 4] Free-Tier Bulk Flood","PutLarge",1,0,233.577,228.867,4.704
"Tenant 5 [Tier 4] Free-Tier Bulk Flood","PutLarge",1,0,234.666,230.289,4.368
"Tenant 5 [Tier 4] Free-Tier Bulk Flood","PutLarge",1,0,233.555,229.086,4.467
"Tenant 5 [Tier 4] Free-Tier Bulk Flood","ListBucket",1,0,233.504,229.026,4.470
"Tenant 5 [Tier 4] Free-Tier Bulk Flood","ListBucket",1,0,233.495,228.849,4.640
"Tenant 5 [Tier 4] Free-Tier Bulk Flood","ListBucket",1,0,233.405,228.922,4.469
"Tenant 5 [Tier 4] Free-Tier Bulk Flood","ListBucket",1,0,233.771,229.481,4.277
"Tenant 5 [Tier 4] Free-Tier Bulk Flood","PutLarge",1,0,233.298,228.802,4.490
"Tenant 5 [Tier 4] Free-Tier Bulk Flood","ListBucket",1,0,231.428,226.945,4.477
"Tenant 5 [Tier 4] Free-Tier Bulk Flood","ListBucket",1,0,231.703,227.019,4.676
"Tenant 5 [Tier 4] Free-Tier Bulk Flood","PutLarge",1,0,233.579,228.936,4.621
"Tenant 5 [Tier 4] Free-Tier Bulk Flood","ListBucket",1,0,231.022,226.728,4.291
"Tenant 5 [Tier 4] Free-Tier Bulk Flood","PutLarge",1,0,230.549,226.080,4.461
"Tenant 5 [Tier 4] Free-Tier Bulk Flood","PutLarge",1,0,230.489,226.092,4.388
"Tenant 5 [Tier 4] Free-Tier Bulk Flood","ListBucket",1,0,228.312,223.843,4.457
"Tenant 5 [Tier 4] Free-Tier Bulk Flood","ListBucket",1,0,226.798,222.465,4.318
"Tenant 5 [Tier 4] Free-Tier Bulk Flood","PutLarge",1,0,226.058,221.707,4.346
"Tenant 5 [Tier 4] Free-Tier Bulk Flood","ListBucket",1,0,225.131,220.522,4.602
"Tenant 5 [Tier 4] Free-Tier Bulk Flood","PutLarge",1,0,224.977,220.664,4.308
"Tenant 5 [Tier 4] Free-Tier Bulk Flood","PutLarge",1,0,223.991,219.430,4.546
"Tenant 5 [Tier 4] Free-Tier Bulk Flood","ListBucket",1,0,223.790,219.289,4.495
"Tenant 5 [Tier 4] Free-Tier Bulk Flood","PutLarge",1,0,222.068,217.567,4.497
"Tenant 5 [Tier 4] Free-Tier Bulk Flood","ListBucket",1,0,220.482,215.921,4.558
"Tenant 5 [Tier 4] Free-Tier Bulk Flood","ListBucket",1,0,220.051,215.500,4.542
"Tenant 5 [Tier 4] Free-Tier Bulk Flood","PutLarge",1,0,220.322,215.699,4.619
"Tenant 5 [Tier 4] Free-Tier Bulk Flood","PutLarge",1,0,219.633,215.277,4.351
"Tenant 5 [Tier 4] Free-Tier Bulk Flood","PutLarge",1,0,220.894,216.309,4.578
"Tenant 5 [Tier 4] Free-Tier Bulk Flood","PutLarge",1,0,220.216,215.554,4.648
"Tenant 5 [Tier 4] Free-Tier Bulk Flood","ListBucket",1,0,220.980,216.426,4.527
"Tenant 5 [Tier 4] Free-Tier Bulk Flood","PutLarge",1,0,221.234,216.927,4.299
"Tenant 5 [Tier 4] Free-Tier Bulk Flood","PutLarge",1,0,220.993,216.580,4.403
"Tenant 5 [Tier 4] Free-Tier Bulk Flood","ListBucket",1,0,220.032,215.573,4.455
"Tenant 5 [Tier 4] Free-Tier Bulk Flood","ListBucket",1,0,217.875,213.439,4.423
"Tenant 5 [Tier 4] Free-Tier Bulk Flood","PutLarge",1,0,220.689,216.037,4.636
"Tenant 5 [Tier 4] Free-Tier Bulk Flood","PutLarge",1,0,220.198,215.738,4.443
"Tenant 5 [Tier 4] Free-Tier Bulk Flood","PutLarge",1,0,219.395,214.918,4.470
"Tenant 5 [Tier 4] Free-Tier Bulk Flood","PutLarge",1,0,220.737,216.145,4.577
"Tenant 5 [Tier 4] Free-Tier Bulk Flood","ListBucket",1,0,219.438,214.730,4.700
"Tenant 5 [Tier 4] Free-Tier Bulk Flood","ListBucket",1,0,220.352,215.888,4.413
"Tenant 5 [Tier 4] Free-Tier Bulk Flood","PutLarge",1,0,219.812,215.094,4.683
"Tenant 5 [Tier 4] Free-Tier Bulk Flood","PutLarge",1,0,220.461,215.783,4.642
"Tenant 5 [Tier 4] Free-Tier Bulk Flood","PutLarge",1,0,220.036,215.318,4.690
"Tenant 5 [Tier 4] Free-Tier Bulk Flood","PutLarge",1,0,220.580,216.029,4.517
"Tenant 5 [Tier 4] Free-Tier Bulk Flood","PutLarge",1,0,220.126,215.469,4.652
"Tenant 5 [Tier 4] Free-Tier Bulk Flood","PutLarge",1,0,218.484,213.888,4.547
"Tenant 5 [Tier 4] Free-Tier Bulk Flood","PutLarge",1,0,219.158,214.659,4.464
"Tenant 5 [Tier 4] Free-Tier Bulk Flood","ListBucket",1,0,218.518,214.024,4.462
"Tenant 5 [Tier 4] Free-Tier Bulk Flood","ListBucket",1,0,219.193,214.707,4.473
"Tenant 5 [Tier 4] Free-Tier Bulk Flood","PutLarge",1,0,218.684,214.051,4.598
"Tenant 5 [Tier 4] Free-Tier Bulk Flood","PutLarge",1,0,218.742,214.362,4.329
"Tenant 5 [Tier 4] Free-Tier Bulk Flood","ListBucket",1,0,218.720,214.077,4.610
"Tenant 5 [Tier 4] Free-Tier Bulk Flood","PutLarge",1,0,220.859,216.174,4.668
"Tenant 5 [Tier 4] Free-Tier Bulk Flood","ListBucket",1,0,218.378,214.031,4.310
"Tenant 5 [Tier 4] Free-Tier Bulk Flood","PutLarge",1,0,219.464,214.820,4.609
"Tenant 5 [Tier 4] Free-Tier Bulk Flood","PutLarge",1,0,218.833,214.114,4.714
"Tenant 5 [Tier 4] Free-Tier Bulk Flood","PutLarge",1,0,219.505,215.183,4.318
"Tenant 5 [Tier 4] Free-Tier Bulk Flood","ListBucket",1,0,220.105,215.660,4.409
"Tenant 5 [Tier 4] Free-Tier Bulk Flood","ListBucket",1,0,218.759,214.083,4.672
"Tenant 5 [Tier 4] Free-Tier Bulk Flood","PutLarge",1,0,219.812,215.388,4.420
"Tenant 5 [Tier 4] Free-Tier Bulk Flood","PutLarge",1,0,218.689,214.299,4.357
"Tenant 5 [Tier 4] Free-Tier Bulk Flood","PutLarge",1,0,220.239,215.661,4.574
"Tenant 5 [Tier 4] Free-Tier Bulk Flood","ListBucket",1,0,220.164,215.694,4.464
"Tenant 5 [Tier 4] Free-Tier Bulk Flood","PutLarge",1,0,220.319,215.623,4.661
"Tenant 5 [Tier 4] Free-Tier Bulk Flood","PutLarge",1,0,219.287,214.800,4.443
"Tenant 5 [Tier 4] Free-Tier Bulk Flood","ListBucket",1,0,220.549,216.111,4.404
"Tenant 5 [Tier 4] Free-Tier Bulk Flood","PutLarge",1,0,221.431,216.840,4.559
"Tenant 5 [Tier 4] Free-Tier Bulk Flood","PutLarge",1,0,219.186,214.760,4.423
"Tenant 5 [Tier 4] Free-Tier Bulk Flood","ListBucket",1,0,219.762,215.321,4.408
"Tenant 5 [Tier 4] Free-Tier Bulk Flood","ListBucket",1,0,217.595,213.060,4.530
"Tenant 5 [Tier 4] Free-Tier Bulk Flood","PutLarge",1,0,219.884,215.365,4.483
"Tenant 5 [Tier 4] Free-Tier Bulk Flood","ListBucket",1,0,218.075,213.580,4.459
"Tenant 5 [Tier 4] Free-Tier Bulk Flood","PutLarge",1,0,219.828,215.201,4.622
"Tenant 5 [Tier 4] Free-Tier Bulk Flood","PutLarge",1,0,219.957,215.470,4.481
"Tenant 5 [Tier 4] Free-Tier Bulk Flood","ListBucket",1,0,220.127,215.526,4.597
"Tenant 5 [Tier 4] Free-Tier Bulk Flood","PutLarge",1,0,220.292,215.622,4.641
"Tenant 5 [Tier 4] Free-Tier Bulk Flood","ListBucket",1,0,221.206,216.693,4.501
"Tenant 5 [Tier 4] Free-Tier Bulk Flood","PutLarge",1,0,220.076,215.648,4.407
"Tenant 5 [Tier 4] Free-Tier Bulk Flood","PutLarge",1,0,220.409,216.083,4.319
"Tenant 5 [Tier 4] Free-Tier Bulk Flood","ListBucket",1,0,219.408,214.747,4.650
"Tenant 5 [Tier 4] Free-Tier Bulk Flood","ListBucket",1,0,220.477,215.766,4.706
"Tenant 5 [Tier 4] Free-Tier Bulk Flood","PutLarge",1,0,219.164,214.788,4.373
"Tenant 5 [Tier 4] Free-Tier Bulk Flood","PutLarge",1,0,221.966,217.656,4.305
"Tenant 5 [Tier 4] Free-Tier Bulk Flood","ListBucket",1,0,222.934,218.261,4.665
"Tenant 5 [Tier 4] Free-Tier Bulk Flood","PutLarge",1,0,219.812,215.500,4.305
"Tenant 5 [Tier 4] Free-Tier Bulk Flood","PutLarge",1,0,221.158,216.705,4.446
"Tenant 5 [Tier 4] Free-Tier Bulk Flood","PutLarge",1,0,221.525,216.797,4.722
"Tenant 5 [Tier 4] Free-Tier Bulk Flood","PutLarge",1,0,222.424,217.833,4.586
"Tenant 5 [Tier 4] Free-Tier Bulk Flood","PutLarge",1,0,221.805,217.088,4.712
"Tenant 5 [Tier 4] Free-Tier Bulk Flood","PutLarge",1,0,224.422,219.937,4.480
"Tenant 5 [Tier 4] Free-Tier Bulk Flood","PutLarge",1,0,223.313,219.018,4.281
"Tenant 5 [Tier 4] Free-Tier Bulk Flood","PutLarge",1,0,222.678,218.115,4.556
"Tenant 5 [Tier 4] Free-Tier Bulk Flood","ListBucket",1,0,222.323,217.660,4.660
"Tenant 5 [Tier 4] Free-Tier Bulk Flood","PutLarge",1,0,222.897,218.217,4.675
"Tenant 5 [Tier 4] Free-Tier Bulk Flood","PutLarge",1,0,223.458,218.746,4.695
"Tenant 5 [Tier 4] Free-Tier Bulk Flood","ListBucket",1,0,224.381,219.928,4.448
"Tenant 5 [Tier 4] Free-Tier Bulk Flood","PutLarge",1,0,225.557,220.881,4.662
"Tenant 5 [Tier 4] Free-Tier Bulk Flood","PutLarge",1,0,228.961,224.339,4.608
"Tenant 5 [Tier 4] Free-Tier Bulk Flood","ListBucket",1,0,228.566,224.045,4.517
"Tenant 5 [Tier 4] Free-Tier Bulk Flood","ListBucket",1,0,228.705,224.047,4.652
"Tenant 5 [Tier 4] Free-Tier Bulk Flood","PutLarge",1,0,229.324,224.745,4.572
"Tenant 5 [Tier 4] Free-Tier Bulk Flood","ListBucket",1,0,227.706,223.096,4.607
"Tenant 5 [Tier 4] Free-Tier Bulk Flood","PutLarge",1,0,229.397,224.903,4.490
"Tenant 5 [Tier 4] Free-Tier Bulk Flood","ListBucket",1,0,229.340,224.827,4.508
"Tenant 5 [Tier 4] Free-Tier Bulk Flood","PutLarge",1,0,229.462,224.974,4.485
"Tenant 5 [Tier 4] Free-Tier Bulk Flood","ListBucket",1,0,229.360,224.838,4.516
"Tenant 5 [Tier 4] Free-Tier Bulk Flood","PutLarge",1,0,228.906,224.232,4.666
"Tenant 5 [Tier 4] Free-Tier Bulk Flood","ListBucket",1,0,228.128,223.410,4.701
"Tenant 5 [Tier 4] Free-Tier Bulk Flood","PutLarge",1,0,227.057,222.578,4.472
"Tenant 5 [Tier 4] Free-Tier Bulk Flood","ListBucket",1,0,226.409,222.047,4.357
"Tenant 5 [Tier 4] Free-Tier Bulk Flood","PutLarge",1,0,228.193,223.574,4.608
"Tenant 5 [Tier 4] Free-Tier Bulk Flood","ListBucket",1,0,226.640,221.990,4.643
"Tenant 5 [Tier 4] Free-Tier Bulk Flood","ListBucket",1,0,227.879,223.349,4.517
"Tenant 5 [Tier 4] Free-Tier Bulk Flood","ListBucket",1,0,227.116,222.575,4.529
"Tenant 5 [Tier 4] Free-Tier Bulk Flood","PutLarge",1,0,229.525,225.188,4.332
"Tenant 5 [Tier 4] Free-Tier Bulk Flood","ListBucket",1,0,225.661,220.938,4.700
"Tenant 5 [Tier 4] Free-Tier Bulk Flood","ListBucket",1,0,227.373,222.886,4.474
"Tenant 5 [Tier 4] Free-Tier Bulk Flood","ListBucket",1,0,225.435,221.048,4.353
"Tenant 5 [Tier 4] Free-Tier Bulk Flood","PutLarge",1,0,227.162,222.674,4.466
"Tenant 5 [Tier 4] Free-Tier Bulk Flood","ListBucket",1,0,225.824,221.280,4.511
"Tenant 5 [Tier 4] Free-Tier Bulk Flood","ListBucket",1,0,226.792,222.295,4.482
"Tenant 5 [Tier 4] Free-Tier Bulk Flood","ListBucket",1,0,225.748,221.153,4.579
"Tenant 5 [Tier 4] Free-Tier Bulk Flood","PutLarge",1,0,226.479,222.059,4.414
"Tenant 5 [Tier 4] Free-Tier Bulk Flood","PutLarge",1,0,225.872,221.210,4.625
"Tenant 5 [Tier 4] Free-Tier Bulk Flood","PutLarge",1,0,226.390,221.778,4.608
"Tenant 5 [Tier 4] Free-Tier Bulk Flood","PutLarge",1,0,225.806,221.279,4.513
"Tenant 5 [Tier 4] Free-Tier Bulk Flood","ListBucket",1,0,223.555,218.859,4.663
"Tenant 5 [Tier 4] Free-Tier Bulk Flood","PutLarge",1,0,226.050,221.523,4.523
"Tenant 5 [Tier 4] Free-Tier Bulk Flood","PutLarge",1,0,226.187,221.626,4.551
"Tenant 5 [Tier 4] Free-Tier Bulk Flood","ListBucket",1,0,226.029,221.413,4.584
"Tenant 5 [Tier 4] Free-Tier Bulk Flood","ListBucket",1,0,226.376,221.822,4.548
"Tenant 5 [Tier 4] Free-Tier Bulk Flood","ListBucket",1,0,225.170,220.856,4.280
"Tenant 5 [Tier 4] Free-Tier Bulk Flood","PutLarge",1,0,226.122,221.703,4.414
"Tenant 5 [Tier 4] Free-Tier Bulk Flood","PutLarge",1,0,226.904,222.331,4.565
"Tenant 5 [Tier 4] Free-Tier Bulk Flood","ListBucket",1,0,226.159,221.718,4.416
"Tenant 5 [Tier 4] Free-Tier Bulk Flood","PutLarge",1,0,226.666,222.141,4.492
"Tenant 5 [Tier 4] Free-Tier Bulk Flood","ListBucket",1,0,226.332,221.606,4.722
"Tenant 5 [Tier 4] Free-Tier Bulk Flood","PutLarge",1,0,225.143,220.847,4.292
"Tenant 5 [Tier 4] Free-Tier Bulk Flood","PutLarge",1,0,227.457,222.743,4.696
"Tenant 5 [Tier 4] Free-Tier Bulk Flood","ListBucket",1,0,226.303,221.569,4.724
"Tenant 5 [Tier 4] Free-Tier Bulk Flood","ListBucket",1,0,227.190,222.805,4.381
"Tenant 5 [Tier 4] Free-Tier Bulk Flood","ListBucket",1,0,224.135,219.791,4.308
"Tenant 5 [Tier 4] Free-Tier Bulk Flood","PutLarge",1,0,225.509,221.040,4.460
"Tenant 5 [Tier 4] Free-Tier Bulk Flood","PutLarge",1,0,226.101,221.606,4.462
"Tenant 5 [Tier 4] Free-Tier Bulk Flood","PutLarge",1,0,226.119,221.587,4.523
"Tenant 5 [Tier 4] Free-Tier Bulk Flood","PutLarge",1,0,226.135,221.665,4.453
"Tenant 5 [Tier 4] Free-Tier Bulk Flood","ListBucket",1,0,225.018,220.645,4.339
"Tenant 5 [Tier 4] Free-Tier Bulk Flood","ListBucket",1,0,225.083,220.566,4.492
"Tenant 5 [Tier 4] Free-Tier Bulk Flood","PutLarge",1,0,225.191,220.564,4.624
"Tenant 5 [Tier 4] Free-Tier Bulk Flood","PutLarge",1,0,225.138,220.674,4.426
"Tenant 5 [Tier 4] Free-Tier Bulk Flood","PutLarge",1,0,225.321,220.706,4.607
"Tenant 5 [Tier 4] Free-Tier Bulk Flood","PutLarge",1,0,226.980,222.533,4.442
"Tenant 5 [Tier 4] Free-Tier Bulk Flood","ListBucket",1,0,225.237,220.719,4.468
"Tenant 5 [Tier 4] Free-Tier Bulk Flood","PutLarge",1,0,225.218,220.645,4.567
"Tenant 5 [Tier 4] Free-Tier Bulk Flood","PutLarge",1,0,227.491,222.918,4.543
"Tenant 5 [Tier 4] Free-Tier Bulk Flood","PutLarge",1,0,225.508,220.841,4.664
"Tenant 5 [Tier 4] Free-Tier Bulk Flood","ListBucket",1,0,226.554,222.116,4.433
"Tenant 5 [Tier 4] Free-Tier Bulk Flood","PutLarge",1,0,225.724,221.298,4.422
"Tenant 5 [Tier 4] Free-Tier Bulk Flood","ListBucket",1,0,224.981,220.658,4.320
"Tenant 5 [Tier 4] Free-Tier Bulk Flood","PutLarge",1,0,225.465,221.068,4.392
"Tenant 5 [Tier 4] Free-Tier Bulk Flood","PutLarge",1,0,226.751,222.234,4.514
"Tenant 5 [Tier 4] Free-Tier Bulk Flood","PutLarge",1,0,227.387,222.711,4.670
"Tenant 5 [Tier 4] Free-Tier Bulk Flood","PutLarge",1,0,225.072,220.361,4.700
"Tenant 5 [Tier 4] Free-Tier Bulk Flood","ListBucket",1,0,224.926,220.641,4.279
"Tenant 5 [Tier 4] Free-Tier Bulk Flood","ListBucket",1,0,225.835,221.413,4.416
"Tenant 5 [Tier 4] Free-Tier Bulk Flood","PutLarge",1,0,226.642,222.115,4.492
"Tenant 5 [Tier 4] Free-Tier Bulk Flood","PutLarge",1,0,227.710,223.030,4.676
"Tenant 5 [Tier 4] Free-Tier Bulk Flood","PutLarge",1,0,227.867,223.139,4.724
"Tenant 5 [Tier 4] Free-Tier Bulk Flood","PutLarge",1,0,227.475,222.948,4.521
"Tenant 5 [Tier 4] Free-Tier Bulk Flood","ListBucket",1,0,225.875,221.398,4.472
"Tenant 5 [Tier 4] Free-Tier Bulk Flood","ListBucket",1,0,224.867,220.154,4.710
"Tenant 5 [Tier 4] Free-Tier Bulk Flood","PutLarge",1,0,225.565,221.261,4.300
"Tenant 5 [Tier 4] Free-Tier Bulk Flood","PutLarge",1,0,227.796,223.126,4.665
"Tenant 5 [Tier 4] Free-Tier Bulk Flood","PutLarge",1,0,227.298,222.761,4.530
"Tenant 5 [Tier 4] Free-Tier Bulk Flood","PutLarge",1,0,229.146,224.656,4.486
"Tenant 5 [Tier 4] Free-Tier Bulk Flood","PutLarge",0,-125,223.675,223.675,0.000
"Tenant 5 [Tier 4] Free-Tier Bulk Flood","ListBucket",0,-125,216.732,216.732,0.000
"Tenant 5 [Tier 4] Free-Tier Bulk Flood","PutLarge",0,-125,215.432,215.432,0.000
"Tenant 5 [Tier 4] Free-Tier Bulk Flood","PutLarge",0,-125,210.955,210.955,0.000
"Tenant 5 [Tier 4] Free-Tier Bulk Flood","ListBucket",0,-125,207.423,207.423,0.000
"Tenant 5 [Tier 4] Free-Tier Bulk Flood","PutLarge",0,-125,205.857,205.857,0.000
"Tenant 5 [Tier 4] Free-Tier Bulk Flood","ListBucket",0,-125,197.523,197.523,0.000
"Tenant 5 [Tier 4] Free-Tier Bulk Flood","PutLarge",0,-125,194.344,194.344,0.000
"Tenant 5 [Tier 4] Free-Tier Bulk Flood","PutLarge",0,-125,191.165,191.165,0.000
"Tenant 5 [Tier 4] Free-Tier Bulk Flood","ListBucket",0,-125,186.667,186.667,0.000
"Tenant 5 [Tier 4] Free-Tier Bulk Flood","PutLarge",0,-125,178.913,178.913,0.000
"Tenant 5 [Tier 4] Free-Tier Bulk Flood","ListBucket",0,-125,182.192,182.192,0.000
"Tenant 5 [Tier 4] Free-Tier Bulk Flood","PutLarge",0,-125,177.721,177.721,0.000
"Tenant 5 [Tier 4] Free-Tier Bulk Flood","PutLarge",0,-125,174.557,174.557,0.000
"Tenant 5 [Tier 4] Free-Tier Bulk Flood","PutLarge",0,-125,171.235,171.235,0.000
"Tenant 5 [Tier 4] Free-Tier Bulk Flood","PutLarge",0,-125,169.913,169.913,0.000
"Tenant 5 [Tier 4] Free-Tier Bulk Flood","PutLarge",0,-125,167.075,167.075,0.000
"Tenant 5 [Tier 4] Free-Tier Bulk Flood","PutLarge",0,-125,165.356,165.356,0.000
"Tenant 5 [Tier 4] Free-Tier Bulk Flood","PutLarge",0,-125,162.751,162.751,0.000
"Tenant 5 [Tier 4] Free-Tier Bulk Flood","PutLarge",0,-125,162.364,162.364,0.000
"Tenant 5 [Tier 4] Free-Tier Bulk Flood","ListBucket",0,-125,159.004,159.004,0.000
"Tenant 5 [Tier 4] Free-Tier Bulk Flood","PutLarge",0,-125,157.975,157.975,0.000
"Tenant 5 [Tier 4] Free-Tier Bulk Flood","PutLarge",0,-125,154.505,154.505,0.000
"Tenant 5 [Tier 4] Free-Tier Bulk Flood","ListBucket",0,-125,153.413,153.413,0.000
"Tenant 5 [Tier 4] Free-Tier Bulk Flood","PutLarge",0,-125,148.794,148.794,0.000
"Tenant 5 [Tier 4] Free-Tier Bulk Flood","ListBucket",0,-125,150.155,150.155,0.000
"Tenant 5 [Tier 4] Free-Tier Bulk Flood","ListBucket",0,-125,145.721,145.721,0.000
"Tenant 5 [Tier 4] Free-Tier Bulk Flood","ListBucket",0,-125,144.113,144.113,0.000
"Tenant 5 [Tier 4] Free-Tier Bulk Flood","PutLarge",0,-125,141.112,141.112,0.000
"Tenant 5 [Tier 4] Free-Tier Bulk Flood","PutLarge",0,-125,139.568,139.568,0.000
"Tenant 5 [Tier 4] Free-Tier Bulk Flood","PutLarge",0,-125,139.404,139.404,0.000
"Tenant 5 [Tier 4] Free-Tier Bulk Flood","PutLarge",0,-125,134.796,134.796,0.000
"Tenant 5 [Tier 4] Free-Tier Bulk Flood","PutLarge",0,-125,132.264,132.264,0.000
"Tenant 5 [Tier 4] Free-Tier Bulk Flood","PutLarge",0,-125,130.175,130.175,0.000
"Tenant 5 [Tier 4] Free-Tier Bulk Flood","PutLarge",0,-125,127.694,127.694,0.000
"Tenant 5 [Tier 4] Free-Tier Bulk Flood","PutLarge",0,-125,126.346,126.346,0.000
"Tenant 5 [Tier 4] Free-Tier Bulk Flood","ListBucket",0,-125,123.247,123.247,0.000
"Tenant 5 [Tier 4] Free-Tier Bulk Flood","ListBucket",0,-125,120.253,120.253,0.000
"Tenant 5 [Tier 4] Free-Tier Bulk Flood","PutLarge",0,-125,118.545,118.545,0.000
"Tenant 5 [Tier 4] Free-Tier Bulk Flood","PutLarge",0,-125,115.712,115.712,0.000
"Tenant 5 [Tier 4] Free-Tier Bulk Flood","ListBucket",0,-125,112.106,112.106,0.000
"Tenant 5 [Tier 4] Free-Tier Bulk Flood","ListBucket",0,-125,111.397,111.397,0.000
"Tenant 5 [Tier 4] Free-Tier Bulk Flood","PutLarge",0,-125,107.398,107.398,0.000
"Tenant 5 [Tier 4] Free-Tier Bulk Flood","ListBucket",0,-125,105.827,105.827,0.000
"Tenant 5 [Tier 4] Free-Tier Bulk Flood","ListBucket",0,-125,103.241,103.241,0.000
"Tenant 5 [Tier 4] Free-Tier Bulk Flood","PutLarge",0,-125,101.711,101.711,0.000
"Tenant 5 [Tier 4] Free-Tier Bulk Flood","ListBucket",0,-125,98.771,98.771,0.000
"Tenant 5 [Tier 4] Free-Tier Bulk Flood","PutLarge",0,-125,95.034,95.034,0.000
"Tenant 5 [Tier 4] Free-Tier Bulk Flood","PutLarge",0,-125,93.422,93.422,0.000
"Tenant 5 [Tier 4] Free-Tier Bulk Flood","ListBucket",0,-125,90.586,90.586,0.000
"Tenant 5 [Tier 4] Free-Tier Bulk Flood","PutLarge",0,-125,87.936,87.936,0.000
"Tenant 5 [Tier 4] Free-Tier Bulk Flood","PutLarge",0,-125,86.226,86.226,0.000
"Tenant 5 [Tier 4] Free-Tier Bulk Flood","ListBucket",0,-125,83.329,83.329,0.000
"Tenant 5 [Tier 4] Free-Tier Bulk Flood","ListBucket",0,-125,81.822,81.822,0.000
"Tenant 5 [Tier 4] Free-Tier Bulk Flood","ListBucket",0,-125,78.669,78.669,0.000
"Tenant 5 [Tier 4] Free-Tier Bulk Flood","PutLarge",0,-125,75.144,75.144,0.000
"Tenant 5 [Tier 4] Free-Tier Bulk Flood","PutLarge",0,-125,74.115,74.115,0.000
"Tenant 5 [Tier 4] Free-Tier Bulk Flood","ListBucket",0,-125,70.532,70.532,0.000
"Tenant 5 [Tier 4] Free-Tier Bulk Flood","PutLarge",0,-125,67.211,67.211,0.000
"Tenant 5 [Tier 4] Free-Tier Bulk Flood","ListBucket",0,-125,65.548,65.548,0.000
"Tenant 5 [Tier 4] Free-Tier Bulk Flood","PutLarge",0,-125,60.890,60.890,0.000
"Tenant 5 [Tier 4] Free-Tier Bulk Flood","PutLarge",0,-125,57.745,57.745,0.000
"Tenant 5 [Tier 4] Free-Tier Bulk Flood","PutLarge",0,-125,54.653,54.653,0.000
"Tenant 5 [Tier 4] Free-Tier Bulk Flood","ListBucket",0,-125,51.273,51.273,0.000
"Tenant 5 [Tier 4] Free-Tier Bulk Flood","PutLarge",0,-125,48.371,48.371,0.000
"Tenant 5 [Tier 4] Free-Tier Bulk Flood","PutLarge",0,-125,62.820,62.820,0.000
"Tenant 5 [Tier 4] Free-Tier Bulk Flood","ListBucket",0,-125,44.736,44.736,0.000
"Tenant 5 [Tier 4] Free-Tier Bulk Flood","PutLarge",0,-125,42.593,42.593,0.000
"Tenant 5 [Tier 4] Free-Tier Bulk Flood","ListBucket",0,-125,40.316,40.316,0.000
"Tenant 5 [Tier 4] Free-Tier Bulk Flood","ListBucket",0,-125,36.455,36.455,0.000
"Tenant 5 [Tier 4] Free-Tier Bulk Flood","PutLarge",0,-125,32.278,32.278,0.000
"Tenant 5 [Tier 4] Free-Tier Bulk Flood","ListBucket",0,-125,27.533,27.533,0.000
"Tenant 5 [Tier 4] Free-Tier Bulk Flood","PutLarge",0,-125,24.476,24.476,0.000
"Tenant 5 [Tier 4] Free-Tier Bulk Flood","ListBucket",0,-125,21.586,21.586,0.000
"Tenant 5 [Tier 4] Free-Tier Bulk Flood","ListBucket",0,-125,19.754,19.754,0.000
"Tenant 5 [Tier 4] Free-Tier Bulk Flood","PutLarge",0,-125,15.446,15.446,0.000
"Tenant 5 [Tier 4] Free-Tier Bulk Flood","PutLarge",0,-125,11.645,11.645,0.000
"Tenant 5 [Tier 4] Free-Tier Bulk Flood","PutLarge",0,-125,9.006,9.006,0.000
"Tenant 5 [Tier 4] Free-Tier Bulk Flood","ListBucket",0,-125,2.176,2.176,0.000
"Tenant 5 [Tier 4] Free-Tier Bulk Flood","PutLarge",1,0,228.785,224.437,4.292
