tenant,op,success,error_code,total_lat_ms,queue_lat_ms,backend_lat_ms
"Tenant 1 [Control] Health Monitor","ProbeHealth",1,0,1.373,0.570,0.779
"Tenant 1 [Control] Health Monitor","ProbeHealth",1,0,5.843,5.062,0.771
"Tenant 1 [Control] Health Monitor","ProbeHealth",1,0,0.790,0.024,0.751
"Tenant 1 [Control] Health Monitor","ProbeHealth",1,0,1.575,0.828,0.737
"Tenant 1 [Control] Health Monitor","ProbeHealth",1,0,0.795,0.038,0.751
"Tenant 1 [Control] Health Monitor","ProbeHealth",1,0,0.804,0.032,0.734
"Tenant 1 [Control] Health Monitor","ProbeHealth",1,0,0.872,0.050,0.773
"Tenant 1 [Control] Health Monitor","ProbeHealth",1,0,0.765,0.034,0.722
"Tenant 1 [Control] Health Monitor","ProbeHealth",1,0,0.816,0.019,0.761
"Tenant 1 [Control] Health Monitor","ProbeHealth",1,0,0.772,0.021,0.747
"Tenant 1 [Control] Health Monitor","ProbeHealth",1,0,0.768,0.019,0.744
"Tenant 1 [Control] Health Monitor","ProbeHealth",1,0,0.763,0.017,0.742
"Tenant 1 [Control] Health Monitor","ProbeHealth",1,0,0.804,0.029,0.767
"Tenant 1 [Control] Health Monitor","ProbeHealth",1,0,0.811,0.031,0.774
"Tenant 1 [Control] Health Monitor","ProbeHealth",1,0,0.853,0.064,0.776
"Tenant 1 [Control] Health Monitor","ProbeHealth",1,0,0.808,0.032,0.742
"Tenant 1 [Control] Health Monitor","ProbeHealth",1,0,0.872,0.055,0.776
"Tenant 1 [Control] Health Monitor","ProbeHealth",1,0,0.820,0.033,0.783
"Tenant 1 [Control] Health Monitor","ProbeHealth",1,0,0.793,0.021,0.755
"Tenant 1 [Control] Health Monitor","ProbeHealth",1,0,1.673,0.936,0.733
"Tenant 1 [Control] Health Monitor","ProbeHealth",1,0,0.808,0.028,0.770
"Tenant 1 [Control] Health Monitor","ProbeHealth",1,0,0.828,0.026,0.787
"Tenant 1 [Control] Health Monitor","ProbeHealth",1,0,0.789,0.016,0.764
"Tenant 1 [Control] Health Monitor","ProbeHealth",1,0,0.767,0.045,0.716
"Tenant 1 [Control] Health Monitor","ProbeHealth",1,0,0.785,0.039,0.716
"Tenant 1 [Control] Health Monitor","ProbeHealth",1,0,0.811,0.039,0.739
"Tenant 1 [Control] Health Monitor","ProbeHealth",1,0,0.761,0.024,0.732
"Tenant 1 [Control] Health Monitor","ProbeHealth",1,0,0.756,0.019,0.732
"Tenant 1 [Control] Health Monitor","ProbeHealth",1,0,0.769,0.019,0.745
"Tenant 1 [Control] Health Monitor","ProbeHealth",1,0,0.771,0.018,0.745
"Tenant 1 [Control] Health Monitor","ProbeHealth",1,0,0.839,0.051,0.755
"Tenant 1 [Control] Health Monitor","ProbeHealth",1,0,0.759,0.027,0.721
"Tenant 1 [Control] Health Monitor","ProbeHealth",1,0,0.800,0.023,0.770
"Tenant 1 [Control] Health Monitor","ProbeHealth",1,0,0.816,0.053,0.752
"Tenant 1 [Control] Health Monitor","ProbeHealth",1,0,0.757,0.019,0.718
"Tenant 1 [Control] Health Monitor","ProbeHealth",1,0,0.856,0.050,0.784
"Tenant 1 [Control] Health Monitor","ProbeHealth",1,0,0.769,0.022,0.739
"Tenant 1 [Control] Health Monitor","ProbeHealth",1,0,0.767,0.020,0.742
"Tenant 1 [Control] Health Monitor","ProbeHealth",1,0,0.833,0.059,0.756
"Tenant 1 [Control] Health Monitor","ProbeHealth",1,0,0.791,0.021,0.753
"Tenant 1 [Control] Health Monitor","ProbeHealth",1,0,0.798,0.029,0.714
"Tenant 1 [Control] Health Monitor","ProbeHealth",1,0,0.772,0.024,0.741
"Tenant 1 [Control] Health Monitor","ProbeHealth",1,0,0.847,0.033,0.780
"Tenant 1 [Control] Health Monitor","ProbeHealth",1,0,0.804,0.035,0.730
"Tenant 1 [Control] Health Monitor","ProbeHealth",1,0,0.821,0.026,0.785
"Tenant 1 [Control] Health Monitor","ProbeHealth",1,0,0.826,0.018,0.787
"Tenant 1 [Control] Health Monitor","ProbeHealth",1,0,0.829,0.033,0.767
"Tenant 1 [Control] Health Monitor","ProbeHealth",1,0,0.792,0.042,0.730
"Tenant 1 [Control] Health Monitor","ProbeHealth",1,0,0.793,0.024,0.762
"Tenant 1 [Control] Health Monitor","ProbeHealth",1,0,0.829,0.044,0.783
"Tenant 1 [Control] Health Monitor","ProbeHealth",1,0,0.853,0.090,0.750
"Tenant 1 [Control] Health Monitor","ProbeHealth",1,0,0.805,0.050,0.743
"Tenant 1 [Control] Health Monitor","ProbeHealth",1,0,0.798,0.018,0.773
"Tenant 1 [Control] Health Monitor","ProbeHealth",1,0,0.772,0.020,0.744
"Tenant 1 [Control] Health Monitor","ProbeHealth",1,0,0.779,0.045,0.725
"Tenant 1 [Control] Health Monitor","ProbeHealth",1,0,0.757,0.019,0.721
"Tenant 1 [Control] Health Monitor","ProbeHealth",1,0,0.793,0.026,0.758
"Tenant 1 [Control] Health Monitor","ProbeHealth",1,0,0.790,0.020,0.761
"Tenant 1 [Control] Health Monitor","ProbeHealth",1,0,0.787,0.040,0.740
"Tenant 1 [Control] Health Monitor","ProbeHealth",1,0,0.801,0.064,0.728
"Tenant 1 [Control] Health Monitor","ProbeHealth",1,0,0.802,0.046,0.737
"Tenant 1 [Control] Health Monitor","ProbeHealth",1,0,0.784,0.025,0.739
"Tenant 1 [Control] Health Monitor","ProbeHealth",1,0,0.789,0.006,0.778
"Tenant 1 [Control] Health Monitor","ProbeHealth",1,0,0.783,0.045,0.734
"Tenant 1 [Control] Health Monitor","ProbeHealth",1,0,0.799,0.028,0.737
"Tenant 1 [Control] Health Monitor","ProbeHealth",1,0,0.796,0.033,0.757
"Tenant 1 [Control] Health Monitor","ProbeHealth",1,0,0.814,0.025,0.783
"Tenant 1 [Control] Health Monitor","ProbeHealth",1,0,0.770,0.022,0.743
"Tenant 1 [Control] Health Monitor","ProbeHealth",1,0,0.806,0.069,0.713
"Tenant 1 [Control] Health Monitor","ProbeHealth",1,0,0.751,0.026,0.715
"Tenant 1 [Control] Health Monitor","ProbeHealth",1,0,0.804,0.024,0.776
"Tenant 1 [Control] Health Monitor","ProbeHealth",1,0,0.760,0.020,0.734
"Tenant 1 [Control] Health Monitor","ProbeHealth",1,0,0.795,0.019,0.770
"Tenant 1 [Control] Health Monitor","ProbeHealth",1,0,0.820,0.023,0.784
"Tenant 1 [Control] Health Monitor","ProbeHealth",1,0,0.753,0.023,0.721
"Tenant 1 [Control] Health Monitor","ProbeHealth",1,0,0.821,0.034,0.780
"Tenant 1 [Control] Health Monitor","ProbeHealth",1,0,0.815,0.029,0.777
"Tenant 1 [Control] Health Monitor","ProbeHealth",1,0,0.754,0.009,0.738
"Tenant 1 [Control] Health Monitor","ProbeHealth",1,0,0.757,0.021,0.724
"Tenant 1 [Control] Health Monitor","ProbeHealth",1,0,0.816,0.032,0.778
"Tenant 1 [Control] Health Monitor","ProbeHealth",1,0,0.767,0.018,0.743
"Tenant 1 [Control] Health Monitor","ProbeHealth",1,0,0.808,0.022,0.778
"Tenant 1 [Control] Health Monitor","ProbeHealth",1,0,0.783,0.036,0.740
"Tenant 1 [Control] Health Monitor","ProbeHealth",1,0,0.796,0.024,0.770
"Tenant 1 [Control] Health Monitor","ProbeHealth",1,0,0.803,0.067,0.732
"Tenant 1 [Control] Health Monitor","ProbeHealth",1,0,0.767,0.020,0.734
"Tenant 1 [Control] Health Monitor","ProbeHealth",1,0,0.767,0.006,0.749
"Tenant 1 [Control] Health Monitor","ProbeHealth",1,0,0.841,0.041,0.783
"Tenant 1 [Control] Health Monitor","ProbeHealth",1,0,0.780,0.015,0.759
"Tenant 1 [Control] Health Monitor","ProbeHealth",1,0,0.792,0.033,0.755
"Tenant 1 [Control] Health Monitor","ProbeHealth",1,0,0.864,0.055,0.772
"Tenant 1 [Control] Health Monitor","ProbeHealth",1,0,0.792,0.042,0.742
"Tenant 1 [Control] Health Monitor","ProbeHealth",1,0,0.806,0.035,0.738
"Tenant 1 [Control] Health Monitor","ProbeHealth",1,0,0.801,0.051,0.732
"Tenant 1 [Control] Health Monitor","ProbeHealth",1,0,0.852,0.055,0.781
"Tenant 1 [Control] Health Monitor","ProbeHealth",1,0,0.798,0.034,0.740
"Tenant 1 [Control] Health Monitor","ProbeHealth",1,0,0.744,0.021,0.718
"Tenant 1 [Control] Health Monitor","ProbeHealth",1,0,0.758,0.029,0.724
"Tenant 1 [Control] Health Monitor","ProbeHealth",1,0,0.823,0.029,0.780
"Tenant 1 [Control] Health Monitor","ProbeHealth",1,0,0.803,0.023,0.771
"Tenant 1 [Control] Health Monitor","ProbeHealth",1,0,0.779,0.017,0.724
"Tenant 1 [Control] Health Monitor","ProbeHealth",1,0,0.751,0.019,0.718
"Tenant 1 [Control] Health Monitor","ProbeHealth",1,0,0.799,0.023,0.741
"Tenant 1 [Control] Health Monitor","ProbeHealth",1,0,0.830,0.037,0.748
"Tenant 1 [Control] Health Monitor","ProbeHealth",1,0,0.784,0.021,0.757
"Tenant 1 [Control] Health Monitor","ProbeHealth",1,0,0.777,0.017,0.744
"Tenant 1 [Control] Health Monitor","ProbeHealth",1,0,0.742,0.019,0.717
"Tenant 1 [Control] Health Monitor","ProbeHealth",1,0,0.808,0.023,0.781
"Tenant 1 [Control] Health Monitor","ProbeHealth",1,0,0.790,0.045,0.719
"Tenant 1 [Control] Health Monitor","ProbeHealth",1,0,0.801,0.031,0.720
"Tenant 1 [Control] Health Monitor","ProbeHealth",1,0,0.820,0.030,0.753
"Tenant 1 [Control] Health Monitor","ProbeHealth",1,0,0.835,0.069,0.714
"Tenant 1 [Control] Health Monitor","ProbeHealth",1,0,0.819,0.038,0.769
"Tenant 1 [Control] Health Monitor","ProbeHealth",1,0,0.834,0.026,0.771
"Tenant 1 [Control] Health Monitor","ProbeHealth",1,0,0.739,0.013,0.715
"Tenant 1 [Control] Health Monitor","ProbeHealth",1,0,0.797,0.019,0.773
"Tenant 1 [Control] Health Monitor","ProbeHealth",1,0,0.777,0.019,0.755
"Tenant 1 [Control] Health Monitor","ProbeHealth",1,0,0.758,0.022,0.729
"Tenant 1 [Control] Health Monitor","ProbeHealth",1,0,0.847,0.018,0.770
"Tenant 1 [Control] Health Monitor","ProbeHealth",1,0,0.848,0.051,0.751
"Tenant 1 [Control] Health Monitor","ProbeHealth",1,0,0.763,0.009,0.721
"Tenant 1 [Control] Health Monitor","ProbeHealth",1,0,0.762,0.026,0.732
"Tenant 1 [Control] Health Monitor","ProbeHealth",1,0,0.803,0.026,0.774
"Tenant 1 [Control] Health Monitor","ProbeHealth",1,0,0.795,0.019,0.764
"Tenant 1 [Control] Health Monitor","ProbeHealth",1,0,0.768,0.019,0.743
"Tenant 1 [Control] Health Monitor","ProbeHealth",1,0,0.757,0.017,0.731
"Tenant 1 [Control] Health Monitor","ProbeHealth",1,0,0.838,0.016,0.770
"Tenant 1 [Control] Health Monitor","ProbeHealth",1,0,0.744,0.024,0.717
"Tenant 1 [Control] Health Monitor","ProbeHealth",1,0,0.768,0.023,0.733
"Tenant 1 [Control] Health Monitor","ProbeHealth",1,0,0.801,0.029,0.744
"Tenant 1 [Control] Health Monitor","ProbeHealth",1,0,0.743,0.016,0.722
"Tenant 1 [Control] Health Monitor","ProbeHealth",1,0,0.804,0.018,0.779
"Tenant 1 [Control] Health Monitor","ProbeHealth",1,0,0.770,0.019,0.745
"Tenant 1 [Control] Health Monitor","ProbeHealth",1,0,0.790,0.005,0.774
"Tenant 1 [Control] Health Monitor","ProbeHealth",1,0,0.782,0.026,0.738
"Tenant 1 [Control] Health Monitor","ProbeHealth",1,0,0.820,0.028,0.787
"Tenant 1 [Control] Health Monitor","ProbeHealth",1,0,0.806,0.025,0.743
"Tenant 1 [Control] Health Monitor","ProbeHealth",1,0,0.780,0.024,0.717
"Tenant 1 [Control] Health Monitor","ProbeHealth",1,0,0.777,0.024,0.715
"Tenant 1 [Control] Health Monitor","ProbeHealth",1,0,0.785,0.021,0.760
"Tenant 1 [Control] Health Monitor","ProbeHealth",1,0,0.793,0.018,0.769
"Tenant 1 [Control] Health Monitor","ProbeHealth",1,0,0.768,0.005,0.759
"Tenant 1 [Control] Health Monitor","ProbeHealth",1,0,0.760,0.019,0.738
"Tenant 1 [Control] Health Monitor","ProbeHealth",1,0,0.758,0.015,0.737
"Tenant 1 [Control] Health Monitor","ProbeHealth",1,0,0.746,0.017,0.728
"Tenant 1 [Control] Health Monitor","ProbeHealth",1,0,0.818,0.049,0.725
"Tenant 1 [Control] Health Monitor","ProbeHealth",1,0,0.860,0.032,0.787
"Tenant 1 [Control] Health Monitor","ProbeHealth",1,0,0.807,0.047,0.720
"Tenant 1 [Control] Health Monitor","ProbeHealth",1,0,0.807,0.016,0.784
"Tenant 1 [Control] Health Monitor","ProbeHealth",1,0,0.763,0.017,0.743
"Tenant 1 [Control] Health Monitor","ProbeHealth",1,0,0.825,0.034,0.786
"Tenant 1 [Control] Health Monitor","ProbeHealth",1,0,0.794,0.005,0.780
"Tenant 1 [Control] Health Monitor","ProbeHealth",1,0,0.765,0.018,0.743
"Tenant 1 [Control] Health Monitor","ProbeHealth",1,0,0.836,0.060,0.736
"Tenant 1 [Control] Health Monitor","ProbeHealth",1,0,0.772,0.015,0.748
"Tenant 1 [Control] Health Monitor","ProbeHealth",1,0,0.812,0.070,0.721
"Tenant 1 [Control] Health Monitor","ProbeHealth",1,0,0.861,0.053,0.775
"Tenant 1 [Control] Health Monitor","ProbeHealth",1,0,0.815,0.034,0.746
"Tenant 1 [Control] Health Monitor","ProbeHealth",1,0,0.774,0.019,0.752
"Tenant 1 [Control] Health Monitor","ProbeHealth",1,0,0.770,0.017,0.749
"Tenant 1 [Control] Health Monitor","ProbeHealth",1,0,0.798,0.051,0.742
"Tenant 1 [Control] Health Monitor","ProbeHealth",1,0,0.791,0.042,0.731
"Tenant 1 [Control] Health Monitor","ProbeHealth",1,0,0.829,0.025,0.770
"Tenant 1 [Control] Health Monitor","ProbeHealth",1,0,0.830,0.065,0.746
"Tenant 1 [Control] Health Monitor","ProbeHealth",1,0,0.825,0.041,0.761
"Tenant 1 [Control] Health Monitor","ProbeHealth",1,0,0.795,0.061,0.718
"Tenant 1 [Control] Health Monitor","ProbeHealth",1,0,0.791,0.016,0.770
"Tenant 1 [Control] Health Monitor","ProbeHealth",1,0,0.775,0.020,0.751
"Tenant 1 [Control] Health Monitor","ProbeHealth",1,0,0.822,0.037,0.770
"Tenant 1 [Control] Health Monitor","ProbeHealth",1,0,0.794,0.020,0.767
"Tenant 1 [Control] Health Monitor","ProbeHealth",1,0,0.789,0.046,0.737
"Tenant 1 [Control] Health Monitor","ProbeHealth",1,0,0.797,0.017,0.773
"Tenant 1 [Control] Health Monitor","ProbeHealth",1,0,0.765,0.028,0.733
"Tenant 1 [Control] Health Monitor","ProbeHealth",1,0,0.756,0.021,0.730
"Tenant 1 [Control] Health Monitor","ProbeHealth",1,0,0.784,0.008,0.771
"Tenant 1 [Control] Health Monitor","ProbeHealth",1,0,0.810,0.019,0.771
"Tenant 1 [Control] Health Monitor","ProbeHealth",1,0,0.787,0.018,0.764
"Tenant 1 [Control] Health Monitor","ProbeHealth",1,0,0.797,0.016,0.775
"Tenant 1 [Control] Health Monitor","ProbeHealth",1,0,0.763,0.030,0.715
"Tenant 1 [Control] Health Monitor","ProbeHealth",1,0,0.820,0.026,0.746
"Tenant 1 [Control] Health Monitor","ProbeHealth",1,0,0.836,0.040,0.756
"Tenant 1 [Control] Health Monitor","ProbeHealth",1,0,0.791,0.037,0.720
"Tenant 1 [Control] Health Monitor","ProbeHealth",1,0,0.771,0.017,0.718
"Tenant 1 [Control] Health Monitor","ProbeHealth",1,0,0.761,0.024,0.734
"Tenant 1 [Control] Health Monitor","ProbeHealth",1,0,0.798,0.027,0.766
"Tenant 1 [Control] Health Monitor","ProbeHealth",1,0,0.783,0.022,0.748
"Tenant 1 [Control] Health Monitor","ProbeHealth",1,0,0.741,0.017,0.719
"Tenant 1 [Control] Health Monitor","ProbeHealth",1,0,0.800,0.023,0.766
"Tenant 1 [Control] Health Monitor","ProbeHealth",1,0,0.808,0.025,0.779
"Tenant 1 [Control] Health Monitor","ProbeHealth",1,0,0.826,0.015,0.783
"Tenant 1 [Control] Health Monitor","ProbeHealth",1,0,1.569,0.764,0.778
"Tenant 1 [Control] Health Monitor","ProbeHealth",1,0,0.832,0.033,0.787
"Tenant 1 [Control] Health Monitor","ProbeHealth",1,0,0.772,0.015,0.755
"Tenant 1 [Control] Health Monitor","ProbeHealth",1,0,0.789,0.027,0.757
"Tenant 1 [Control] Health Monitor","ProbeHealth",1,0,0.775,0.018,0.749
"Tenant 1 [Control] Health Monitor","ProbeHealth",1,0,0.769,0.005,0.760
"Tenant 1 [Control] Health Monitor","ProbeHealth",1,0,0.789,0.031,0.748
"Tenant 1 [Control] Health Monitor","ProbeHealth",1,0,0.806,0.017,0.778
"Tenant 1 [Control] Health Monitor","ProbeHealth",1,0,0.807,0.025,0.765
"Tenant 1 [Control] Health Monitor","ProbeHealth",1,0,0.775,0.017,0.748
"Tenant 1 [Control] Health Monitor","ProbeHealth",1,0,0.782,0.029,0.745
"Tenant 1 [Control] Health Monitor","ProbeHealth",1,0,0.800,0.024,0.770
"Tenant 1 [Control] Health Monitor","ProbeHealth",1,0,0.776,0.016,0.755
"Tenant 1 [Control] Health Monitor","ProbeHealth",1,0,0.748,0.011,0.731
"Tenant 1 [Control] Health Monitor","ProbeHealth",1,0,0.817,0.042,0.762
"Tenant 1 [Control] Health Monitor","ProbeHealth",1,0,1.853,1.086,0.763
"Tenant 1 [Control] Health Monitor","ProbeHealth",1,0,0.804,0.024,0.774
"Tenant 1 [Control] Health Monitor","ProbeHealth",1,0,0.811,0.017,0.759
"Tenant 1 [Control] Health Monitor","ProbeHealth",1,0,0.778,0.017,0.755
"Tenant 1 [Control] Health Monitor","ProbeHealth",1,0,0.797,0.016,0.777
"Tenant 1 [Control] Health Monitor","ProbeHealth",1,0,0.774,0.016,0.752
"Tenant 1 [Control] Health Monitor","ProbeHealth",1,0,0.754,0.007,0.741
"Tenant 1 [Control] Health Monitor","ProbeHealth",1,0,0.760,0.035,0.714
"Tenant 1 [Control] Health Monitor","ProbeHealth",1,0,0.759,0.008,0.743
"Tenant 1 [Control] Health Monitor","ProbeHealth",1,0,0.786,0.030,0.723
"Tenant 1 [Control] Health Monitor","ProbeHealth",1,0,0.747,0.018,0.726
"Tenant 1 [Control] Health Monitor","ProbeHealth",1,0,0.763,0.021,0.737
"Tenant 1 [Control] Health Monitor","ProbeHealth",1,0,0.754,0.029,0.718
"Tenant 1 [Control] Health Monitor","ProbeHealth",1,0,0.788,0.020,0.763
"Tenant 1 [Control] Health Monitor","ProbeHealth",1,0,0.746,0.023,0.719
"Tenant 1 [Control] Health Monitor","ProbeHealth",1,0,0.809,0.018,0.784
"Tenant 1 [Control] Health Monitor","ProbeHealth",1,0,0.792,0.016,0.769
"Tenant 1 [Control] Health Monitor","ProbeHealth",1,0,0.804,0.029,0.760
"Tenant 1 [Control] Health Monitor","ProbeHealth",1,0,0.783,0.019,0.757
"Tenant 1 [Control] Health Monitor","ProbeHealth",1,0,0.763,0.017,0.737
"Tenant 1 [Control] Health Monitor","ProbeHealth",1,0,0.794,0.036,0.750
"Tenant 1 [Control] Health Monitor","ProbeHealth",1,0,0.778,0.016,0.750
"Tenant 1 [Control] Health Monitor","ProbeHealth",1,0,0.779,0.018,0.755
"Tenant 1 [Control] Health Monitor","ProbeHealth",1,0,0.780,0.026,0.747
"Tenant 1 [Control] Health Monitor","ProbeHealth",1,0,0.738,0.017,0.717
"Tenant 1 [Control] Health Monitor","ProbeHealth",1,0,0.821,0.034,0.783
"Tenant 1 [Control] Health Monitor","ProbeHealth",1,0,0.763,0.033,0.718
"Tenant 1 [Control] Health Monitor","ProbeHealth",1,0,0.818,0.051,0.756
"Tenant 1 [Control] Health Monitor","ProbeHealth",1,0,0.840,0.019,0.776
"Tenant 1 [Control] Health Monitor","ProbeHealth",1,0,0.794,0.017,0.767
"Tenant 1 [Control] Health Monitor","ProbeHealth",1,0,0.797,0.018,0.772
"Tenant 1 [Control] Health Monitor","ProbeHealth",1,0,0.756,0.019,0.731
"Tenant 1 [Control] Health Monitor","ProbeHealth",1,0,0.782,0.016,0.760
"Tenant 1 [Control] Health Monitor","ProbeHealth",1,0,0.813,0.050,0.756
"Tenant 1 [Control] Health Monitor","ProbeHealth",1,0,0.793,0.021,0.765
"Tenant 1 [Control] Health Monitor","ProbeHealth",1,0,0.827,0.053,0.742
"Tenant 1 [Control] Health Monitor","ProbeHealth",1,0,0.810,0.042,0.736
"Tenant 1 [Control] Health Monitor","ProbeHealth",1,0,0.837,0.029,0.772
"Tenant 1 [Control] Health Monitor","ProbeHealth",1,0,0.807,0.013,0.778
"Tenant 1 [Control] Health Monitor","ProbeHealth",1,0,0.806,0.023,0.781
"Tenant 1 [Control] Health Monitor","ProbeHealth",1,0,0.751,0.019,0.729
"Tenant 1 [Control] Health Monitor","ProbeHealth",1,0,0.757,0.017,0.735
"Tenant 1 [Control] Health Monitor","ProbeHealth",1,0,0.741,0.019,0.715
"Tenant 1 [Control] Health Monitor","ProbeHealth",1,0,0.781,0.022,0.754
"Tenant 1 [Control] Health Monitor","ProbeHealth",1,0,0.785,0.035,0.717
"Tenant 1 [Control] Health Monitor","ProbeHealth",1,0,0.771,0.026,0.733
"Tenant 1 [Control] Health Monitor","ProbeHealth",1,0,0.747,0.022,0.720
"Tenant 1 [Control] Health Monitor","ProbeHealth",1,0,0.784,0.019,0.758
"Tenant 1 [Control] Health Monitor","ProbeHealth",1,0,0.752,0.019,0.720
"Tenant 1 [Control] Health Monitor","ProbeHealth",1,0,0.734,0.016,0.715
"Tenant 1 [Control] Health Monitor","ProbeHealth",1,0,0.753,0.020,0.726
"Tenant 1 [Control] Health Monitor","ProbeHealth",1,0,0.754,0.017,0.735
"Tenant 1 [Control] Health Monitor","ProbeHealth",1,0,0.801,0.029,0.733
"Tenant 1 [Control] Health Monitor","ProbeHealth",1,0,0.813,0.028,0.751
"Tenant 1 [Control] Health Monitor","ProbeHealth",1,0,0.813,0.028,0.751
"Tenant 1 [Control] Health Monitor","ProbeHealth",1,0,0.793,0.016,0.726
"Tenant 1 [Control] Health Monitor","ProbeHealth",1,0,0.791,0.009,0.770
"Tenant 1 [Control] Health Monitor","ProbeHealth",1,0,0.758,0.027,0.719
"Tenant 1 [Control] Health Monitor","ProbeHealth",1,0,0.772,0.017,0.750
"Tenant 1 [Control] Health Monitor","ProbeHealth",1,0,0.786,0.020,0.754
"Tenant 1 [Control] Health Monitor","ProbeHealth",1,0,0.812,0.035,0.769
"Tenant 1 [Control] Health Monitor","ProbeHealth",1,0,0.830,0.027,0.783
"Tenant 1 [Control] Health Monitor","ProbeHealth",1,0,0.818,0.038,0.766
"Tenant 1 [Control] Health Monitor","ProbeHealth",1,0,0.780,0.036,0.739
"Tenant 1 [Control] Health Monitor","ProbeHealth",1,0,0.729,0.006,0.715
"Tenant 1 [Control] Health Monitor","ProbeHealth",1,0,0.769,0.023,0.740
"Tenant 1 [Control] Health Monitor","ProbeHealth",1,0,0.753,0.005,0.743
"Tenant 1 [Control] Health Monitor","ProbeHealth",1,0,0.807,0.019,0.784
"Tenant 1 [Control] Health Monitor","ProbeHealth",1,0,0.738,0.019,0.716
"Tenant 1 [Control] Health Monitor","ProbeHealth",1,0,0.838,0.061,0.768
"Tenant 1 [Control] Health Monitor","ProbeHealth",1,0,0.760,0.027,0.724
"Tenant 1 [Control] Health Monitor","ProbeHealth",1,0,0.748,0.023,0.717
"Tenant 1 [Control] Health Monitor","ProbeHealth",1,0,0.754,0.021,0.726
"Tenant 1 [Control] Health Monitor","ProbeHealth",1,0,0.776,0.017,0.752
"Tenant 1 [Control] Health Monitor","ProbeHealth",1,0,0.730,0.009,0.716
"Tenant 1 [Control] Health Monitor","ProbeHealth",1,0,0.802,0.028,0.768
"Tenant 1 [Control] Health Monitor","ProbeHealth",1,0,0.806,0.067,0.732
"Tenant 1 [Control] Health Monitor","ProbeHealth",1,0,0.776,0.020,0.751
"Tenant 1 [Control] Health Monitor","ProbeHealth",1,0,0.830,0.037,0.756
"Tenant 1 [Control] Health Monitor","ProbeHealth",1,0,0.833,0.036,0.762
"Tenant 1 [Control] Health Monitor","ProbeHealth",1,0,0.758,0.030,0.722
"Tenant 1 [Control] Health Monitor","ProbeHealth",1,0,0.811,0.076,0.730
"Tenant 1 [Control] Health Monitor","ProbeHealth",1,0,0.846,0.034,0.783
"Tenant 1 [Control] Health Monitor","ProbeHealth",1,0,0.777,0.019,0.752
"Tenant 1 [Control] Health Monitor","ProbeHealth",1,0,0.776,0.027,0.746
"Tenant 1 [Control] Health Monitor","ProbeHealth",1,0,0.812,0.022,0.785
"Tenant 1 [Control] Health Monitor","ProbeHealth",1,0,0.762,0.018,0.732
"Tenant 1 [Control] Health Monitor","ProbeHealth",1,0,0.803,0.021,0.753
"Tenant 1 [Control] Health Monitor","ProbeHealth",1,0,0.794,0.039,0.721
"Tenant 1 [Control] Health Monitor","ProbeHealth",1,0,0.757,0.019,0.734
"Tenant 1 [Control] Health Monitor","ProbeHealth",1,0,0.810,0.016,0.786
"Tenant 1 [Control] Health Monitor","ProbeHealth",1,0,0.810,0.015,0.787
"Tenant 1 [Control] Health Monitor","ProbeHealth",1,0,0.787,0.019,0.764
"Tenant 1 [Control] Health Monitor","ProbeHealth",1,0,0.825,0.033,0.776
"Tenant 1 [Control] Health Monitor","ProbeHealth",1,0,0.773,0.017,0.753
"Tenant 1 [Control] Health Monitor","ProbeHealth",1,0,0.840,0.027,0.778
"Tenant 1 [Control] Health Monitor","ProbeHealth",1,0,0.786,0.023,0.757
"Tenant 1 [Control] Health Monitor","ProbeHealth",1,0,0.744,0.026,0.714
"Tenant 1 [Control] Health Monitor","ProbeHealth",1,0,0.765,0.016,0.744
"Tenant 1 [Control] Health Monitor","ProbeHealth",1,0,0.815,0.053,0.757
"Tenant 1 [Control] Health Monitor","ProbeHealth",1,0,0.820,0.045,0.758
"Tenant 1 [Control] Health Monitor","ProbeHealth",1,0,0.755,0.016,0.728
"Tenant 1 [Control] Health Monitor","ProbeHealth",1,0,0.798,0.032,0.748
"Tenant 1 [Control] Health Monitor","ProbeHealth",1,0,0.844,0.064,0.766
"Tenant 1 [Control] Health Monitor","ProbeHealth",1,0,0.754,0.017,0.730
"Tenant 1 [Control] Health Monitor","ProbeHealth",1,0,0.786,0.020,0.763
"Tenant 1 [Control] Health Monitor","ProbeHealth",1,0,0.791,0.044,0.716
"Tenant 1 [Control] Health Monitor","ProbeHealth",1,0,0.754,0.024,0.719
"Tenant 1 [Control] Health Monitor","ProbeHealth",1,0,0.789,0.018,0.763
"Tenant 1 [Control] Health Monitor","ProbeHealth",1,0,0.750,0.006,0.738
"Tenant 1 [Control] Health Monitor","ProbeHealth",1,0,0.778,0.019,0.754
"Tenant 1 [Control] Health Monitor","ProbeHealth",1,0,0.792,0.018,0.769
"Tenant 1 [Control] Health Monitor","ProbeHealth",1,0,0.747,0.022,0.720
"Tenant 1 [Control] Health Monitor","ProbeHealth",1,0,0.759,0.018,0.732
"Tenant 1 [Control] Health Monitor","ProbeHealth",1,0,0.785,0.030,0.750
"Tenant 1 [Control] Health Monitor","ProbeHealth",1,0,0.787,0.017,0.753
"Tenant 1 [Control] Health Monitor","ProbeHealth",1,0,0.774,0.029,0.738
"Tenant 1 [Control] Health Monitor","ProbeHealth",1,0,0.801,0.023,0.774
"Tenant 1 [Control] Health Monitor","ProbeHealth",1,0,0.800,0.016,0.780
"Tenant 1 [Control] Health Monitor","ProbeHealth",1,0,0.798,0.025,0.767
"Tenant 1 [Control] Health Monitor","ProbeHealth",1,0,0.760,0.019,0.735
"Tenant 1 [Control] Health Monitor","ProbeHealth",1,0,0.760,0.018,0.737
"Tenant 1 [Control] Health Monitor","ProbeHealth",1,0,0.801,0.015,0.782
"Tenant 1 [Control] Health Monitor","ProbeHealth",1,0,0.762,0.017,0.738
"Tenant 1 [Control] Health Monitor","ProbeHealth",1,0,0.817,0.035,0.761
"Tenant 1 [Control] Health Monitor","ProbeHealth",1,0,0.836,0.055,0.778
"Tenant 1 [Control] Health Monitor","ProbeHealth",1,0,0.784,0.024,0.750
"Tenant 1 [Control] Health Monitor","ProbeHealth",1,0,0.808,0.016,0.787
"Tenant 1 [Control] Health Monitor","ProbeHealth",1,0,0.766,0.015,0.743
"Tenant 1 [Control] Health Monitor","ProbeHealth",1,0,0.766,0.019,0.743
"Tenant 1 [Control] Health Monitor","ProbeHealth",1,0,0.765,0.022,0.736
"Tenant 1 [Control] Health Monitor","ProbeHealth",1,0,0.766,0.017,0.745
"Tenant 1 [Control] Health Monitor","ProbeHealth",1,0,0.836,0.045,0.735
"Tenant 1 [Control] Health Monitor","ProbeHealth",1,0,0.861,0.046,0.784
"Tenant 1 [Control] Health Monitor","ProbeHealth",1,0,0.830,0.049,0.773
"Tenant 1 [Control] Health Monitor","ProbeHealth",1,0,0.757,0.007,0.745
"Tenant 1 [Control] Health Monitor","ProbeHealth",1,0,0.787,0.018,0.763
"Tenant 1 [Control] Health Monitor","ProbeHealth",1,0,0.741,0.017,0.720
"Tenant 1 [Control] Health Monitor","ProbeHealth",1,0,0.747,0.021,0.721
"Tenant 1 [Control] Health Monitor","ProbeHealth",1,0,0.789,0.030,0.743
"Tenant 1 [Control] Health Monitor","ProbeHealth",1,0,0.806,0.020,0.781
"Tenant 1 [Control] Health Monitor","ProbeHealth",1,0,0.885,0.033,0.787
"Tenant 1 [Control] Health Monitor","ProbeHealth",1,0,0.794,0.025,0.737
"Tenant 1 [Control] Health Monitor","ProbeHealth",1,0,0.809,0.017,0.786
"Tenant 1 [Control] Health Monitor","ProbeHealth",1,0,0.798,0.006,0.785
"Tenant 1 [Control] Health Monitor","ProbeHealth",1,0,0.785,0.021,0.760
"Tenant 1 [Control] Health Monitor","ProbeHealth",1,0,0.739,0.020,0.716
"Tenant 1 [Control] Health Monitor","ProbeHealth",1,0,0.788,0.021,0.758
"Tenant 1 [Control] Health Monitor","ProbeHealth",1,0,0.768,0.027,0.730
"Tenant 1 [Control] Health Monitor","ProbeHealth",1,0,0.824,0.039,0.772
"Tenant 1 [Control] Health Monitor","ProbeHealth",1,0,0.762,0.020,0.738
"Tenant 1 [Control] Health Monitor","ProbeHealth",1,0,0.769,0.028,0.735
"Tenant 1 [Control] Health Monitor","ProbeHealth",1,0,0.788,0.025,0.758
"Tenant 1 [Control] Health Monitor","ProbeHealth",1,0,0.800,0.019,0.779
"Tenant 1 [Control] Health Monitor","ProbeHealth",1,0,0.751,0.018,0.729
"Tenant 1 [Control] Health Monitor","ProbeHealth",1,0,0.783,0.022,0.755
"Tenant 1 [Control] Health Monitor","ProbeHealth",1,0,0.764,0.017,0.738
"Tenant 1 [Control] Health Monitor","ProbeHealth",1,0,0.812,0.016,0.786
"Tenant 1 [Control] Health Monitor","ProbeHealth",1,0,0.823,0.018,0.751
"Tenant 1 [Control] Health Monitor","ProbeHealth",1,0,0.744,0.005,0.735
"Tenant 1 [Control] Health Monitor","ProbeHealth",1,0,0.854,0.071,0.778
"Tenant 1 [Control] Health Monitor","ProbeHealth",1,0,0.767,0.040,0.720
"Tenant 1 [Control] Health Monitor","ProbeHealth",1,0,0.746,0.018,0.719
"Tenant 1 [Control] Health Monitor","ProbeHealth",1,0,0.744,0.016,0.721
"Tenant 1 [Control] Health Monitor","ProbeHealth",1,0,0.781,0.018,0.759
"Tenant 1 [Control] Health Monitor","ProbeHealth",1,0,0.791,0.019,0.765
"Tenant 1 [Control] Health Monitor","ProbeHealth",1,0,0.811,0.017,0.781
"Tenant 1 [Control] Health Monitor","ProbeHealth",1,0,0.855,0.052,0.770
"Tenant 1 [Control] Health Monitor","ProbeHealth",1,0,0.827,0.044,0.767
"Tenant 1 [Control] Health Monitor","ProbeHealth",1,0,0.818,0.045,0.767
"Tenant 1 [Control] Health Monitor","ProbeHealth",1,0,0.777,0.021,0.748
"Tenant 1 [Control] Health Monitor","ProbeHealth",1,0,0.740,0.020,0.716
"Tenant 1 [Control] Health Monitor","ProbeHealth",1,0,0.744,0.017,0.722
"Tenant 1 [Control] Health Monitor","ProbeHealth",1,0,0.778,0.017,0.755
"Tenant 1 [Control] Health Monitor","ProbeHealth",1,0,0.754,0.023,0.726
"Tenant 1 [Control] Health Monitor","ProbeHealth",1,0,0.773,0.022,0.748
"Tenant 1 [Control] Health Monitor","ProbeHealth",1,0,0.788,0.024,0.759
"Tenant 1 [Control] Health Monitor","ProbeHealth",1,0,0.822,0.030,0.760
"Tenant 1 [Control] Health Monitor","ProbeHealth",1,0,0.788,0.031,0.726
"Tenant 1 [Control] Health Monitor","ProbeHealth",1,0,0.794,0.010,0.779
"Tenant 1 [Control] Health Monitor","ProbeHealth",1,0,0.817,0.018,0.783
"Tenant 1 [Control] Health Monitor","ProbeHealth",1,0,0.776,0.018,0.754
"Tenant 1 [Control] Health Monitor","ProbeHealth",1,0,0.737,0.014,0.719
"Tenant 1 [Control] Health Monitor","ProbeHealth",1,0,0.810,0.038,0.754
"Tenant 1 [Control] Health Monitor","ProbeHealth",1,0,0.853,0.025,0.781
"Tenant 1 [Control] Health Monitor","ProbeHealth",1,0,0.860,0.068,0.756
"Tenant 1 [Control] Health Monitor","ProbeHealth",1,0,0.854,0.034,0.772
"Tenant 1 [Control] Health Monitor","ProbeHealth",1,0,0.784,0.022,0.758
"Tenant 1 [Control] Health Monitor","ProbeHealth",1,0,0.785,0.023,0.755
"Tenant 2 [Tier 1] High-Scale Ingestion VIP","GetSmall",1,0,2.047,0.571,1.456
"Tenant 2 [Tier 1] High-Scale Ingestion VIP","PutSmall",1,0,2.403,0.572,1.812
"Tenant 2 [Tier 1] High-Scale Ingestion VIP","GetSmall",1,0,2.743,1.278,1.442
"Tenant 2 [Tier 1] High-Scale Ingestion VIP","GetSmall",1,0,2.853,1.265,1.565
"Tenant 2 [Tier 1] High-Scale Ingestion VIP","PutSmall",1,0,3.115,1.278,1.820
"Tenant 2 [Tier 1] High-Scale Ingestion VIP","GetSmall",1,0,3.515,2.014,1.475
"Tenant 2 [Tier 1] High-Scale Ingestion VIP","PutSmall",1,0,3.794,2.015,1.759
"Tenant 2 [Tier 1] High-Scale Ingestion VIP","PutSmall",1,0,3.886,2.011,1.854
"Tenant 2 [Tier 1] High-Scale Ingestion VIP","GetSmall",1,0,3.958,2.375,1.558
"Tenant 2 [Tier 1] High-Scale Ingestion VIP","PutSmall",1,0,4.629,2.743,1.873
"Tenant 2 [Tier 1] High-Scale Ingestion VIP","PutSmall",1,0,4.994,3.110,1.878
"Tenant 2 [Tier 1] High-Scale Ingestion VIP","PutSmall",1,0,5.413,3.577,1.810
"Tenant 2 [Tier 1] High-Scale Ingestion VIP","GetSmall",1,0,5.471,3.971,1.490
"Tenant 2 [Tier 1] High-Scale Ingestion VIP","PutSmall",1,0,5.595,3.800,1.790
"Tenant 2 [Tier 1] High-Scale Ingestion VIP","PutSmall",1,0,6.510,4.643,1.856
"Tenant 2 [Tier 1] High-Scale Ingestion VIP","PutSmall",1,0,6.803,5.009,1.775
"Tenant 2 [Tier 1] High-Scale Ingestion VIP","PutSmall",1,0,7.259,5.376,1.876
"Tenant 2 [Tier 1] High-Scale Ingestion VIP","GetSmall",1,0,7.349,5.780,1.559
"Tenant 2 [Tier 1] High-Scale Ingestion VIP","PutSmall",1,0,7.407,5.606,1.784
"Tenant 2 [Tier 1] High-Scale Ingestion VIP","GetSmall",1,0,8.039,6.522,1.511
"Tenant 2 [Tier 1] High-Scale Ingestion VIP","PutSmall",1,0,8.329,6.517,1.805
"Tenant 2 [Tier 1] High-Scale Ingestion VIP","PutSmall",1,0,8.532,6.808,1.711
"Tenant 2 [Tier 1] High-Scale Ingestion VIP","PutSmall",1,0,9.171,7.278,1.883
"Tenant 2 [Tier 1] High-Scale Ingestion VIP","GetSmall",1,0,9.520,8.039,1.472
"Tenant 2 [Tier 1] High-Scale Ingestion VIP","PutSmall",1,0,9.845,8.038,1.797
"Tenant 2 [Tier 1] High-Scale Ingestion VIP","PutSmall",1,0,10.215,8.347,1.859
"Tenant 2 [Tier 1] High-Scale Ingestion VIP","PutSmall",1,0,10.324,8.538,1.778
"Tenant 2 [Tier 1] High-Scale Ingestion VIP","GetSmall",1,0,11.007,9.533,1.467
"Tenant 2 [Tier 1] High-Scale Ingestion VIP","PutSmall",1,0,11.054,9.174,1.871
"Tenant 2 [Tier 1] High-Scale Ingestion VIP","PutSmall",1,0,11.272,9.534,1.731
"Tenant 2 [Tier 1] High-Scale Ingestion VIP","GetSmall",1,0,11.410,9.845,1.555
"Tenant 2 [Tier 1] High-Scale Ingestion VIP","GetSmall",1,0,11.702,10.218,1.469
"Tenant 2 [Tier 1] High-Scale Ingestion VIP","PutSmall",1,0,12.131,10.327,1.788
"Tenant 2 [Tier 1] High-Scale Ingestion VIP","PutSmall",1,0,12.730,11.002,1.722
"Tenant 2 [Tier 1] High-Scale Ingestion VIP","PutSmall",1,0,13.174,11.275,1.885
"Tenant 2 [Tier 1] High-Scale Ingestion VIP","PutSmall",1,0,13.447,11.711,1.727
"Tenant 2 [Tier 1] High-Scale Ingestion VIP","GetSmall",1,0,13.626,12.150,1.460
"Tenant 2 [Tier 1] High-Scale Ingestion VIP","PutSmall",1,0,13.998,12.155,1.838
"Tenant 2 [Tier 1] High-Scale Ingestion VIP","GetSmall",1,0,14.222,12.735,1.469
"Tenant 2 [Tier 1] High-Scale Ingestion VIP","PutSmall",1,0,14.586,12.732,1.842
"Tenant 2 [Tier 1] High-Scale Ingestion VIP","GetSmall",1,0,14.699,13.184,1.507
"Tenant 2 [Tier 1] High-Scale Ingestion VIP","PutSmall",1,0,15.337,13.470,1.861
"Tenant 2 [Tier 1] High-Scale Ingestion VIP","PutSmall",1,0,15.722,13.993,1.719
"Tenant 2 [Tier 1] High-Scale Ingestion VIP","PutSmall",1,0,15.957,14.231,1.715
"Tenant 2 [Tier 1] High-Scale Ingestion VIP","GetSmall",1,0,16.133,14.608,1.509
"Tenant 2 [Tier 1] High-Scale Ingestion VIP","PutSmall",1,0,16.395,14.614,1.769
"Tenant 2 [Tier 1] High-Scale Ingestion VIP","PutSmall",1,0,17.215,15.326,1.880
"Tenant 2 [Tier 1] High-Scale Ingestion VIP","GetSmall",1,0,17.430,15.967,1.453
"Tenant 2 [Tier 1] High-Scale Ingestion VIP","PutSmall",1,0,17.571,15.735,1.824
"Tenant 2 [Tier 1] High-Scale Ingestion VIP","PutSmall",1,0,17.800,15.968,1.826
"Tenant 2 [Tier 1] High-Scale Ingestion VIP","GetSmall",1,0,17.966,16.410,1.551
"Tenant 2 [Tier 1] High-Scale Ingestion VIP","PutSmall",1,0,18.979,17.221,1.745
"Tenant 2 [Tier 1] High-Scale Ingestion VIP","PutSmall",1,0,19.020,17.217,1.797
"Tenant 2 [Tier 1] High-Scale Ingestion VIP","PutSmall",1,0,19.287,17.451,1.831
"Tenant 2 [Tier 1] High-Scale Ingestion VIP","GetSmall",1,0,19.387,17.809,1.563
"Tenant 2 [Tier 1] High-Scale Ingestion VIP","GetSmall",1,0,19.491,17.973,1.511
"Tenant 2 [Tier 1] High-Scale Ingestion VIP","GetSmall",1,0,20.358,18.887,1.457
"Tenant 2 [Tier 1] High-Scale Ingestion VIP","GetSmall",1,0,20.444,18.886,1.543
"Tenant 2 [Tier 1] High-Scale Ingestion VIP","PutSmall",1,0,20.607,18.875,1.723
"Tenant 2 [Tier 1] High-Scale Ingestion VIP","PutSmall",1,0,20.862,19.029,1.830
"Tenant 2 [Tier 1] High-Scale Ingestion VIP","PutSmall",1,0,23.736,21.879,1.836
"Tenant 2 [Tier 1] High-Scale Ingestion VIP","GetSmall",1,0,33.517,32.016,1.481
"Tenant 2 [Tier 1] High-Scale Ingestion VIP","GetSmall",1,0,35.008,33.474,1.528
"Tenant 2 [Tier 1] High-Scale Ingestion VIP","GetSmall",1,0,71.865,70.348,1.502
"Tenant 2 [Tier 1] High-Scale Ingestion VIP","GetSmall",1,0,221.591,220.013,1.569
"Tenant 2 [Tier 1] High-Scale Ingestion VIP","PutSmall",1,0,222.538,220.732,1.778
"Tenant 2 [Tier 1] High-Scale Ingestion VIP","PutSmall",1,0,222.279,220.388,1.883
"Tenant 2 [Tier 1] High-Scale Ingestion VIP","PutSmall",1,0,222.336,220.430,1.888
"Tenant 2 [Tier 1] High-Scale Ingestion VIP","GetSmall",1,0,222.695,221.214,1.476
"Tenant 2 [Tier 1] High-Scale Ingestion VIP","GetSmall",1,0,222.088,220.528,1.542
"Tenant 2 [Tier 1] High-Scale Ingestion VIP","PutSmall",1,0,222.553,220.803,1.745
"Tenant 2 [Tier 1] High-Scale Ingestion VIP","GetSmall",1,0,222.137,220.613,1.487
"Tenant 2 [Tier 1] High-Scale Ingestion VIP","PutSmall",1,0,222.503,220.690,1.802
"Tenant 2 [Tier 1] High-Scale Ingestion VIP","PutSmall",1,0,222.354,220.525,1.821
"Tenant 2 [Tier 1] High-Scale Ingestion VIP","GetSmall",1,0,222.084,220.631,1.448
"Tenant 2 [Tier 1] High-Scale Ingestion VIP","PutSmall",1,0,222.569,220.837,1.726
"Tenant 2 [Tier 1] High-Scale Ingestion VIP","PutSmall",1,0,222.362,220.452,1.875
"Tenant 2 [Tier 1] High-Scale Ingestion VIP","GetSmall",1,0,222.341,220.802,1.530
"Tenant 2 [Tier 1] High-Scale Ingestion VIP","GetSmall",1,0,221.666,220.181,1.483
"Tenant 2 [Tier 1] High-Scale Ingestion VIP","PutSmall",1,0,222.252,220.472,1.772
"Tenant 2 [Tier 1] High-Scale Ingestion VIP","PutSmall",1,0,221.770,219.896,1.865
"Tenant 2 [Tier 1] High-Scale Ingestion VIP","GetSmall",1,0,221.737,220.228,1.506
"Tenant 2 [Tier 1] High-Scale Ingestion VIP","PutSmall",1,0,222.072,220.330,1.738
"Tenant 2 [Tier 1] High-Scale Ingestion VIP","GetSmall",1,0,221.648,220.148,1.493
"Tenant 2 [Tier 1] High-Scale Ingestion VIP","PutSmall",1,0,222.303,220.445,1.844
"Tenant 2 [Tier 1] High-Scale Ingestion VIP","PutSmall",1,0,222.050,220.230,1.812
"Tenant 2 [Tier 1] High-Scale Ingestion VIP","PutSmall",1,0,222.127,220.313,1.810
"Tenant 2 [Tier 1] High-Scale Ingestion VIP","PutSmall",1,0,222.193,220.459,1.728
"Tenant 2 [Tier 1] High-Scale Ingestion VIP","PutSmall",1,0,221.883,220.136,1.732
"Tenant 2 [Tier 1] High-Scale Ingestion VIP","GetSmall",1,0,221.560,220.029,1.518
"Tenant 2 [Tier 1] High-Scale Ingestion VIP","PutSmall",1,0,221.922,220.143,1.769
"Tenant 2 [Tier 1] High-Scale Ingestion VIP","GetSmall",1,0,221.715,220.276,1.434
"Tenant 2 [Tier 1] High-Scale Ingestion VIP","PutSmall",1,0,222.113,220.237,1.866
"Tenant 2 [Tier 1] High-Scale Ingestion VIP","GetSmall",1,0,221.683,220.196,1.479
"Tenant 2 [Tier 1] High-Scale Ingestion VIP","PutSmall",1,0,222.249,220.446,1.799
"Tenant 2 [Tier 1] High-Scale Ingestion VIP","PutSmall",1,0,222.372,220.488,1.875
"Tenant 2 [Tier 1] High-Scale Ingestion VIP","PutSmall",1,0,222.382,220.620,1.745
"Tenant 2 [Tier 1] High-Scale Ingestion VIP","GetSmall",1,0,221.448,220.001,1.442
"Tenant 2 [Tier 1] High-Scale Ingestion VIP","PutSmall",1,0,222.285,220.465,1.816
"Tenant 2 [Tier 1] High-Scale Ingestion VIP","PutSmall",1,0,221.799,220.076,1.715
"Tenant 2 [Tier 1] High-Scale Ingestion VIP","GetSmall",1,0,222.094,220.532,1.551
"Tenant 2 [Tier 1] High-Scale Ingestion VIP","PutSmall",1,0,222.128,220.309,1.811
"Tenant 2 [Tier 1] High-Scale Ingestion VIP","PutSmall",1,0,222.729,220.904,1.814
"Tenant 2 [Tier 1] High-Scale Ingestion VIP","GetSmall",1,0,221.741,220.304,1.430
"Tenant 2 [Tier 1] High-Scale Ingestion VIP","GetSmall",1,0,221.927,220.420,1.504
"Tenant 2 [Tier 1] High-Scale Ingestion VIP","GetSmall",1,0,221.499,219.941,1.549
"Tenant 2 [Tier 1] High-Scale Ingestion VIP","GetSmall",1,0,221.389,219.821,1.563
"Tenant 2 [Tier 1] High-Scale Ingestion VIP","PutSmall",1,0,221.783,220.001,1.776
"Tenant 2 [Tier 1] High-Scale Ingestion VIP","PutSmall",1,0,222.024,220.238,1.777
"Tenant 2 [Tier 1] High-Scale Ingestion VIP","GetSmall",1,0,221.511,219.966,1.540
"Tenant 2 [Tier 1] High-Scale Ingestion VIP","PutSmall",1,0,221.423,219.612,1.808
"Tenant 2 [Tier 1] High-Scale Ingestion VIP","GetSmall",1,0,221.605,220.114,1.487
"Tenant 2 [Tier 1] High-Scale Ingestion VIP","GetSmall",1,0,221.312,219.748,1.559
"Tenant 2 [Tier 1] High-Scale Ingestion VIP","GetSmall",1,0,221.275,219.777,1.493
"Tenant 2 [Tier 1] High-Scale Ingestion VIP","PutSmall",1,0,221.780,219.981,1.795
"Tenant 2 [Tier 1] High-Scale Ingestion VIP","GetSmall",1,0,220.883,219.358,1.519
"Tenant 2 [Tier 1] High-Scale Ingestion VIP","PutSmall",1,0,221.417,219.670,1.742
"Tenant 2 [Tier 1] High-Scale Ingestion VIP","PutSmall",1,0,221.416,219.629,1.767
"Tenant 2 [Tier 1] High-Scale Ingestion VIP","GetSmall",1,0,221.143,219.656,1.485
"Tenant 2 [Tier 1] High-Scale Ingestion VIP","PutSmall",1,0,221.629,219.758,1.867
"Tenant 2 [Tier 1] High-Scale Ingestion VIP","GetSmall",1,0,221.206,219.701,1.495
"Tenant 2 [Tier 1] High-Scale Ingestion VIP","GetSmall",1,0,221.160,219.611,1.541
"Tenant 2 [Tier 1] High-Scale Ingestion VIP","PutSmall",1,0,221.339,219.447,1.884
"Tenant 2 [Tier 1] High-Scale Ingestion VIP","GetSmall",1,0,221.130,219.579,1.544
"Tenant 2 [Tier 1] High-Scale Ingestion VIP","PutSmall",1,0,219.617,217.833,1.778
"Tenant 2 [Tier 1] High-Scale Ingestion VIP","PutSmall",1,0,218.333,216.595,1.724
"Tenant 2 [Tier 1] High-Scale Ingestion VIP","PutSmall",1,0,221.275,219.416,1.855
"Tenant 2 [Tier 1] High-Scale Ingestion VIP","PutSmall",1,0,216.498,214.642,1.846
"Tenant 2 [Tier 1] High-Scale Ingestion VIP","PutSmall",1,0,215.226,213.415,1.808
"Tenant 2 [Tier 1] High-Scale Ingestion VIP","PutSmall",1,0,215.818,214.047,1.716
"Tenant 2 [Tier 1] High-Scale Ingestion VIP","PutSmall",1,0,216.015,214.144,1.867
"Tenant 2 [Tier 1] High-Scale Ingestion VIP","GetSmall",1,0,216.419,214.844,1.560
"Tenant 2 [Tier 1] High-Scale Ingestion VIP","PutSmall",1,0,217.293,215.449,1.840
"Tenant 2 [Tier 1] High-Scale Ingestion VIP","GetSmall",1,0,217.402,215.943,1.455
"Tenant 2 [Tier 1] High-Scale Ingestion VIP","GetSmall",1,0,217.722,216.171,1.546
"Tenant 2 [Tier 1] High-Scale Ingestion VIP","GetSmall",1,0,216.764,215.256,1.499
"Tenant 2 [Tier 1] High-Scale Ingestion VIP","PutSmall",1,0,217.483,215.669,1.810
"Tenant 2 [Tier 1] High-Scale Ingestion VIP","PutSmall",1,0,217.867,215.993,1.870
"Tenant 2 [Tier 1] High-Scale Ingestion VIP","GetSmall",1,0,219.177,217.651,1.521
"Tenant 2 [Tier 1] High-Scale Ingestion VIP","PutSmall",1,0,219.426,217.632,1.788
"Tenant 2 [Tier 1] High-Scale Ingestion VIP","PutSmall",1,0,220.100,218.205,1.890
"Tenant 2 [Tier 1] High-Scale Ingestion VIP","GetSmall",1,0,219.244,217.734,1.498
"Tenant 2 [Tier 1] High-Scale Ingestion VIP","PutSmall",1,0,220.563,218.832,1.722
"Tenant 2 [Tier 1] High-Scale Ingestion VIP","PutSmall",1,0,219.783,218.010,1.754
"Tenant 2 [Tier 1] High-Scale Ingestion VIP","PutSmall",1,0,220.173,218.297,1.868
"Tenant 2 [Tier 1] High-Scale Ingestion VIP","PutSmall",1,0,220.134,218.358,1.770
"Tenant 2 [Tier 1] High-Scale Ingestion VIP","PutSmall",1,0,220.579,218.747,1.824
"Tenant 2 [Tier 1] High-Scale Ingestion VIP","GetSmall",1,0,219.404,217.940,1.458
"Tenant 2 [Tier 1] High-Scale Ingestion VIP","PutSmall",1,0,220.056,218.303,1.747
"Tenant 2 [Tier 1] High-Scale Ingestion VIP","GetSmall",1,0,219.481,217.971,1.501
"Tenant 2 [Tier 1] High-Scale Ingestion VIP","GetSmall",1,0,219.273,217.830,1.439
"Tenant 2 [Tier 1] High-Scale Ingestion VIP","GetSmall",1,0,219.820,218.245,1.564
"Tenant 2 [Tier 1] High-Scale Ingestion VIP","PutSmall",1,0,219.673,217.815,1.851
"Tenant 2 [Tier 1] High-Scale Ingestion VIP","PutSmall",1,0,219.753,217.865,1.884
"Tenant 2 [Tier 1] High-Scale Ingestion VIP","GetSmall",1,0,219.759,218.251,1.503
"Tenant 2 [Tier 1] High-Scale Ingestion VIP","GetSmall",1,0,219.341,217.812,1.510
"Tenant 2 [Tier 1] High-Scale Ingestion VIP","GetSmall",1,0,219.135,217.600,1.529
"Tenant 2 [Tier 1] High-Scale Ingestion VIP","PutSmall",1,0,220.623,218.852,1.767
"Tenant 2 [Tier 1] High-Scale Ingestion VIP","PutSmall",1,0,219.408,217.595,1.804
"Tenant 2 [Tier 1] High-Scale Ingestion VIP","PutSmall",1,0,219.685,217.862,1.820
"Tenant 2 [Tier 1] High-Scale Ingestion VIP","GetSmall",1,0,219.030,217.501,1.525
"Tenant 2 [Tier 1] High-Scale Ingestion VIP","GetSmall",1,0,219.003,217.502,1.490
"Tenant 2 [Tier 1] High-Scale Ingestion VIP","PutSmall",1,0,219.814,217.987,1.824
"Tenant 2 [Tier 1] High-Scale Ingestion VIP","PutSmall",1,0,219.743,217.882,1.857
"Tenant 2 [Tier 1] High-Scale Ingestion VIP","GetSmall",1,0,218.916,217.383,1.527
"Tenant 2 [Tier 1] High-Scale Ingestion VIP","PutSmall",1,0,218.963,217.126,1.824
"Tenant 2 [Tier 1] High-Scale Ingestion VIP","GetSmall",1,0,219.168,217.591,1.568
"Tenant 2 [Tier 1] High-Scale Ingestion VIP","PutSmall",1,0,219.439,217.682,1.753
"Tenant 2 [Tier 1] High-Scale Ingestion VIP","PutSmall",1,0,219.702,217.815,1.878
"Tenant 2 [Tier 1] High-Scale Ingestion VIP","GetSmall",1,0,218.942,217.474,1.462
"Tenant 2 [Tier 1] High-Scale Ingestion VIP","GetSmall",1,0,219.062,217.586,1.462
"Tenant 2 [Tier 1] High-Scale Ingestion VIP","PutSmall",1,0,220.050,218.188,1.848
"Tenant 2 [Tier 1] High-Scale Ingestion VIP","GetSmall",1,0,219.160,217.585,1.558
"Tenant 2 [Tier 1] High-Scale Ingestion VIP","PutSmall",1,0,219.766,217.892,1.870
"Tenant 2 [Tier 1] High-Scale Ingestion VIP","GetSmall",1,0,218.809,217.368,1.433
"Tenant 2 [Tier 1] High-Scale Ingestion VIP","PutSmall",1,0,219.374,217.586,1.770
"Tenant 2 [Tier 1] High-Scale Ingestion VIP","PutSmall",1,0,219.217,217.443,1.763
"Tenant 2 [Tier 1] High-Scale Ingestion VIP","GetSmall",1,0,219.098,217.625,1.468
"Tenant 2 [Tier 1] High-Scale Ingestion VIP","GetSmall",1,0,219.793,218.346,1.442
"Tenant 2 [Tier 1] High-Scale Ingestion VIP","PutSmall",1,0,219.317,217.514,1.797
"Tenant 2 [Tier 1] High-Scale Ingestion VIP","PutSmall",1,0,219.357,217.537,1.812
"Tenant 2 [Tier 1] High-Scale Ingestion VIP","PutSmall",1,0,219.660,217.838,1.817
"Tenant 2 [Tier 1] High-Scale Ingestion VIP","PutSmall",1,0,220.020,218.241,1.776
"Tenant 2 [Tier 1] High-Scale Ingestion VIP","GetSmall",1,0,219.393,217.896,1.490
"Tenant 2 [Tier 1] High-Scale Ingestion VIP","PutSmall",1,0,219.911,218.029,1.867
"Tenant 2 [Tier 1] High-Scale Ingestion VIP","PutSmall",1,0,219.657,217.942,1.713
"Tenant 2 [Tier 1] High-Scale Ingestion VIP","PutSmall",1,0,220.483,218.617,1.861
"Tenant 2 [Tier 1] High-Scale Ingestion VIP","PutSmall",1,0,220.794,219.005,1.785
"Tenant 2 [Tier 1] High-Scale Ingestion VIP","GetSmall",1,0,221.043,219.526,1.512
"Tenant 2 [Tier 1] High-Scale Ingestion VIP","GetSmall",1,0,219.661,218.215,1.440
"Tenant 2 [Tier 1] High-Scale Ingestion VIP","PutSmall",1,0,218.345,216.486,1.848
"Tenant 2 [Tier 1] High-Scale Ingestion VIP","PutSmall",1,0,214.054,212.251,1.762
"Tenant 2 [Tier 1] High-Scale Ingestion VIP","PutSmall",1,0,216.279,214.509,1.757
"Tenant 2 [Tier 1] High-Scale Ingestion VIP","PutSmall",1,0,217.264,215.402,1.857
"Tenant 2 [Tier 1] High-Scale Ingestion VIP","GetSmall",1,0,217.442,215.869,1.562
"Tenant 2 [Tier 1] High-Scale Ingestion VIP","PutSmall",1,0,216.045,214.221,1.819
"Tenant 2 [Tier 1] High-Scale Ingestion VIP","GetSmall",1,0,217.183,215.748,1.429
"Tenant 2 [Tier 1] High-Scale Ingestion VIP","GetSmall",1,0,217.138,215.684,1.445
"Tenant 2 [Tier 1] High-Scale Ingestion VIP","PutSmall",1,0,218.512,216.774,1.730
"Tenant 2 [Tier 1] High-Scale Ingestion VIP","GetSmall",1,0,217.975,216.544,1.426
"Tenant 2 [Tier 1] High-Scale Ingestion VIP","PutSmall",1,0,218.166,216.368,1.774
"Tenant 2 [Tier 1] High-Scale Ingestion VIP","PutSmall",1,0,218.278,216.428,1.846
"Tenant 2 [Tier 1] High-Scale Ingestion VIP","GetSmall",1,0,216.731,215.297,1.425
"Tenant 2 [Tier 1] High-Scale Ingestion VIP","GetSmall",1,0,218.059,216.589,1.464
"Tenant 2 [Tier 1] High-Scale Ingestion VIP","GetSmall",1,0,218.347,216.836,1.505
"Tenant 2 [Tier 1] High-Scale Ingestion VIP","PutSmall",1,0,217.637,215.754,1.877
"Tenant 2 [Tier 1] High-Scale Ingestion VIP","GetSmall",1,0,217.985,216.425,1.553
"Tenant 2 [Tier 1] High-Scale Ingestion VIP","PutSmall",1,0,218.079,216.331,1.743
"Tenant 2 [Tier 1] High-Scale Ingestion VIP","PutSmall",1,0,217.121,215.351,1.756
"Tenant 2 [Tier 1] High-Scale Ingestion VIP","PutSmall",1,0,218.318,216.472,1.838
"Tenant 2 [Tier 1] High-Scale Ingestion VIP","PutSmall",1,0,217.639,215.802,1.830
"Tenant 2 [Tier 1] High-Scale Ingestion VIP","PutSmall",1,0,218.500,216.628,1.868
"Tenant 2 [Tier 1] High-Scale Ingestion VIP","GetSmall",1,0,219.701,218.241,1.452
"Tenant 2 [Tier 1] High-Scale Ingestion VIP","GetSmall",1,0,219.730,218.215,1.507
"Tenant 2 [Tier 1] High-Scale Ingestion VIP","GetSmall",1,0,219.660,218.204,1.451
"Tenant 2 [Tier 1] High-Scale Ingestion VIP","PutSmall",1,0,219.944,218.074,1.861
"Tenant 2 [Tier 1] High-Scale Ingestion VIP","GetSmall",1,0,219.681,218.114,1.560
"Tenant 2 [Tier 1] High-Scale Ingestion VIP","PutSmall",1,0,220.220,218.363,1.852
"Tenant 2 [Tier 1] High-Scale Ingestion VIP","GetSmall",1,0,219.528,217.998,1.525
"Tenant 2 [Tier 1] High-Scale Ingestion VIP","GetSmall",1,0,219.707,218.156,1.538
"Tenant 2 [Tier 1] High-Scale Ingestion VIP","PutSmall",1,0,219.987,218.171,1.811
"Tenant 2 [Tier 1] High-Scale Ingestion VIP","PutSmall",1,0,220.078,218.317,1.755
"Tenant 2 [Tier 1] High-Scale Ingestion VIP","PutSmall",1,0,220.361,218.535,1.822
"Tenant 2 [Tier 1] High-Scale Ingestion VIP","GetSmall",1,0,219.369,217.931,1.432
"Tenant 2 [Tier 1] High-Scale Ingestion VIP","PutSmall",1,0,220.451,218.716,1.729
"Tenant 2 [Tier 1] High-Scale Ingestion VIP","PutSmall",1,0,219.958,218.144,1.809
"Tenant 2 [Tier 1] High-Scale Ingestion VIP","GetSmall",1,0,219.870,218.307,1.557
"Tenant 2 [Tier 1] High-Scale Ingestion VIP","GetSmall",1,0,219.728,218.151,1.572
"Tenant 2 [Tier 1] High-Scale Ingestion VIP","PutSmall",1,0,220.596,218.801,1.786
"Tenant 2 [Tier 1] High-Scale Ingestion VIP","PutSmall",1,0,220.127,218.319,1.802
"Tenant 2 [Tier 1] High-Scale Ingestion VIP","GetSmall",1,0,219.863,218.299,1.545
"Tenant 2 [Tier 1] High-Scale Ingestion VIP","PutSmall",1,0,220.260,218.416,1.840
"Tenant 2 [Tier 1] High-Scale Ingestion VIP","GetSmall",1,0,219.734,218.280,1.445
"Tenant 2 [Tier 1] High-Scale Ingestion VIP","GetSmall",1,0,219.504,217.949,1.549
"Tenant 2 [Tier 1] High-Scale Ingestion VIP","GetSmall",1,0,220.125,218.545,1.567
"Tenant 2 [Tier 1] High-Scale Ingestion VIP","GetSmall",1,0,219.662,218.098,1.559
"Tenant 2 [Tier 1] High-Scale Ingestion VIP","GetSmall",1,0,219.995,218.545,1.447
"Tenant 2 [Tier 1] High-Scale Ingestion VIP","GetSmall",1,0,219.315,217.775,1.534
"Tenant 2 [Tier 1] High-Scale Ingestion VIP","GetSmall",1,0,219.433,217.965,1.465
"Tenant 2 [Tier 1] High-Scale Ingestion VIP","PutSmall",1,0,219.922,218.111,1.804
"Tenant 2 [Tier 1] High-Scale Ingestion VIP","PutSmall",1,0,220.031,218.211,1.814
"Tenant 2 [Tier 1] High-Scale Ingestion VIP","GetSmall",1,0,219.276,217.754,1.517
"Tenant 2 [Tier 1] High-Scale Ingestion VIP","PutSmall",1,0,220.390,218.553,1.831
"Tenant 2 [Tier 1] High-Scale Ingestion VIP","GetSmall",1,0,219.804,218.223,1.572
"Tenant 2 [Tier 1] High-Scale Ingestion VIP","PutSmall",1,0,219.792,217.961,1.824
"Tenant 2 [Tier 1] High-Scale Ingestion VIP","PutSmall",1,0,219.648,217.764,1.876
"Tenant 2 [Tier 1] High-Scale Ingestion VIP","PutSmall",1,0,219.632,217.875,1.750
"Tenant 2 [Tier 1] High-Scale Ingestion VIP","PutSmall",1,0,219.510,217.741,1.761
"Tenant 2 [Tier 1] High-Scale Ingestion VIP","GetSmall",1,0,219.572,218.090,1.479
"Tenant 2 [Tier 1] High-Scale Ingestion VIP","PutSmall",1,0,220.042,218.279,1.760
"Tenant 2 [Tier 1] High-Scale Ingestion VIP","PutSmall",1,0,219.519,217.770,1.745
"Tenant 2 [Tier 1] High-Scale Ingestion VIP","PutSmall",1,0,219.547,217.735,1.803
"Tenant 2 [Tier 1] High-Scale Ingestion VIP","GetSmall",1,0,218.210,216.660,1.541
"Tenant 2 [Tier 1] High-Scale Ingestion VIP","GetSmall",1,0,219.015,217.561,1.444
"Tenant 2 [Tier 1] High-Scale Ingestion VIP","PutSmall",1,0,221.476,219.670,1.801
"Tenant 2 [Tier 1] High-Scale Ingestion VIP","GetSmall",1,0,219.305,217.790,1.501
"Tenant 2 [Tier 1] High-Scale Ingestion VIP","GetSmall",1,0,215.807,214.376,1.427
"Tenant 2 [Tier 1] High-Scale Ingestion VIP","PutSmall",1,0,216.331,214.463,1.832
"Tenant 2 [Tier 1] High-Scale Ingestion VIP","PutSmall",1,0,217.908,216.169,1.726
"Tenant 2 [Tier 1] High-Scale Ingestion VIP","PutSmall",1,0,218.250,216.417,1.827
"Tenant 2 [Tier 1] High-Scale Ingestion VIP","GetSmall",1,0,219.017,217.540,1.467
"Tenant 2 [Tier 1] High-Scale Ingestion VIP","GetSmall",1,0,219.023,217.488,1.524
"Tenant 2 [Tier 1] High-Scale Ingestion VIP","PutSmall",1,0,219.088,217.236,1.845
"Tenant 2 [Tier 1] High-Scale Ingestion VIP","GetSmall",1,0,218.576,217.054,1.517
"Tenant 2 [Tier 1] High-Scale Ingestion VIP","PutSmall",1,0,219.158,217.415,1.737
"Tenant 2 [Tier 1] High-Scale Ingestion VIP","PutSmall",1,0,218.786,217.003,1.775
"Tenant 2 [Tier 1] High-Scale Ingestion VIP","GetSmall",1,0,218.559,216.991,1.561
"Tenant 2 [Tier 1] High-Scale Ingestion VIP","PutSmall",1,0,218.832,216.963,1.865
"Tenant 2 [Tier 1] High-Scale Ingestion VIP","GetSmall",1,0,218.699,217.218,1.476
"Tenant 2 [Tier 1] High-Scale Ingestion VIP","PutSmall",1,0,219.364,217.603,1.728
"Tenant 2 [Tier 1] High-Scale Ingestion VIP","GetSmall",1,0,218.378,216.897,1.476
"Tenant 2 [Tier 1] High-Scale Ingestion VIP","PutSmall",1,0,218.865,217.059,1.797
"Tenant 2 [Tier 1] High-Scale Ingestion VIP","PutSmall",1,0,218.735,216.881,1.840
"Tenant 2 [Tier 1] High-Scale Ingestion VIP","PutSmall",1,0,219.138,217.379,1.752
"Tenant 2 [Tier 1] High-Scale Ingestion VIP","PutSmall",1,0,218.999,217.154,1.834
"Tenant 2 [Tier 1] High-Scale Ingestion VIP","PutSmall",1,0,220.195,218.315,1.864
"Tenant 2 [Tier 1] High-Scale Ingestion VIP","GetSmall",1,0,219.026,217.545,1.474
"Tenant 2 [Tier 1] High-Scale Ingestion VIP","PutSmall",1,0,220.137,218.402,1.730
"Tenant 2 [Tier 1] High-Scale Ingestion VIP","PutSmall",1,0,218.958,217.132,1.816
"Tenant 2 [Tier 1] High-Scale Ingestion VIP","PutSmall",1,0,220.325,218.458,1.862
"Tenant 2 [Tier 1] High-Scale Ingestion VIP","PutSmall",1,0,219.296,217.571,1.722
"Tenant 2 [Tier 1] High-Scale Ingestion VIP","PutSmall",1,0,219.667,217.860,1.798
"Tenant 2 [Tier 1] High-Scale Ingestion VIP","PutSmall",1,0,219.241,217.520,1.715
"Tenant 2 [Tier 1] High-Scale Ingestion VIP","PutSmall",1,0,219.500,217.706,1.790
"Tenant 2 [Tier 1] High-Scale Ingestion VIP","PutSmall",1,0,220.255,218.436,1.811
"Tenant 2 [Tier 1] High-Scale Ingestion VIP","PutSmall",1,0,221.713,219.928,1.775
"Tenant 2 [Tier 1] High-Scale Ingestion VIP","GetSmall",1,0,222.386,220.916,1.466
"Tenant 2 [Tier 1] High-Scale Ingestion VIP","PutSmall",1,0,222.253,220.440,1.806
"Tenant 2 [Tier 1] High-Scale Ingestion VIP","PutSmall",1,0,221.984,220.153,1.825
"Tenant 2 [Tier 1] High-Scale Ingestion VIP","PutSmall",1,0,222.395,220.551,1.825
"Tenant 2 [Tier 1] High-Scale Ingestion VIP","PutSmall",1,0,223.055,221.273,1.775
"Tenant 2 [Tier 1] High-Scale Ingestion VIP","PutSmall",1,0,222.368,220.600,1.765
"Tenant 2 [Tier 1] High-Scale Ingestion VIP","PutSmall",1,0,222.603,220.721,1.875
"Tenant 2 [Tier 1] High-Scale Ingestion VIP","GetSmall",1,0,221.897,220.441,1.442
"Tenant 2 [Tier 1] High-Scale Ingestion VIP","PutSmall",1,0,222.257,220.482,1.771
"Tenant 2 [Tier 1] High-Scale Ingestion VIP","GetSmall",1,0,221.797,220.354,1.426
"Tenant 2 [Tier 1] High-Scale Ingestion VIP","GetSmall",1,0,222.298,220.832,1.461
"Tenant 2 [Tier 1] High-Scale Ingestion VIP","PutSmall",1,0,222.535,220.734,1.792
"Tenant 2 [Tier 1] High-Scale Ingestion VIP","PutSmall",1,0,222.838,221.003,1.823
"Tenant 2 [Tier 1] High-Scale Ingestion VIP","PutSmall",1,0,222.970,221.184,1.777
"Tenant 2 [Tier 1] High-Scale Ingestion VIP","GetSmall",1,0,222.335,220.827,1.503
"Tenant 2 [Tier 1] High-Scale Ingestion VIP","GetSmall",1,0,223.090,221.535,1.546
"Tenant 2 [Tier 1] High-Scale Ingestion VIP","PutSmall",1,0,223.349,221.625,1.715
"Tenant 2 [Tier 1] High-Scale Ingestion VIP","PutSmall",1,0,223.083,221.337,1.739
"Tenant 2 [Tier 1] High-Scale Ingestion VIP","PutSmall",1,0,223.231,221.464,1.760
"Tenant 2 [Tier 1] High-Scale Ingestion VIP","PutSmall",1,0,223.487,221.616,1.865
"Tenant 2 [Tier 1] High-Scale Ingestion VIP","PutSmall",1,0,223.259,221.367,1.882
"Tenant 2 [Tier 1] High-Scale Ingestion VIP","PutSmall",1,0,223.413,221.642,1.767
"Tenant 2 [Tier 1] High-Scale Ingestion VIP","PutSmall",1,0,223.199,221.396,1.788
"Tenant 2 [Tier 1] High-Scale Ingestion VIP","GetSmall",1,0,222.631,221.098,1.526
"Tenant 2 [Tier 1] High-Scale Ingestion VIP","PutSmall",1,0,223.350,221.542,1.803
"Tenant 2 [Tier 1] High-Scale Ingestion VIP","GetSmall",1,0,222.596,221.128,1.461
"Tenant 2 [Tier 1] High-Scale Ingestion VIP","PutSmall",1,0,223.258,221.415,1.835
"Tenant 2 [Tier 1] High-Scale Ingestion VIP","GetSmall",1,0,223.180,221.649,1.521
"Tenant 2 [Tier 1] High-Scale Ingestion VIP","PutSmall",1,0,222.980,221.163,1.808
"Tenant 2 [Tier 1] High-Scale Ingestion VIP","PutSmall",1,0,223.265,221.454,1.807
"Tenant 2 [Tier 1] High-Scale Ingestion VIP","PutSmall",1,0,223.473,221.661,1.804
"Tenant 2 [Tier 1] High-Scale Ingestion VIP","GetSmall",1,0,219.884,218.334,1.536
"Tenant 2 [Tier 1] High-Scale Ingestion VIP","PutSmall",1,0,219.853,218.066,1.770
"Tenant 2 [Tier 1] High-Scale Ingestion VIP","GetSmall",1,0,213.525,212.035,1.484
"Tenant 2 [Tier 1] High-Scale Ingestion VIP","PutSmall",1,0,219.189,217.306,1.841
"Tenant 2 [Tier 1] High-Scale Ingestion VIP","PutSmall",1,0,218.859,216.974,1.864
"Tenant 2 [Tier 1] High-Scale Ingestion VIP","PutSmall",1,0,221.149,219.284,1.845
"Tenant 2 [Tier 1] High-Scale Ingestion VIP","PutSmall",1,0,221.799,219.938,1.855
"Tenant 2 [Tier 1] High-Scale Ingestion VIP","GetSmall",1,0,219.963,218.396,1.553
"Tenant 2 [Tier 1] High-Scale Ingestion VIP","GetSmall",1,0,220.449,218.900,1.508
"Tenant 2 [Tier 1] High-Scale Ingestion VIP","GetSmall",1,0,220.261,218.659,1.570
"Tenant 2 [Tier 1] High-Scale Ingestion VIP","PutSmall",1,0,221.248,219.497,1.743
"Tenant 2 [Tier 1] High-Scale Ingestion VIP","PutSmall",1,0,221.611,219.782,1.824
"Tenant 2 [Tier 1] High-Scale Ingestion VIP","PutSmall",1,0,220.704,218.923,1.776
"Tenant 2 [Tier 1] High-Scale Ingestion VIP","PutSmall",1,0,220.921,219.111,1.807
"Tenant 2 [Tier 1] High-Scale Ingestion VIP","GetSmall",1,0,221.282,219.779,1.491
"Tenant 2 [Tier 1] High-Scale Ingestion VIP","GetSmall",1,0,220.422,218.850,1.562
"Tenant 2 [Tier 1] High-Scale Ingestion VIP","PutSmall",1,0,221.816,220.064,1.746
"Tenant 2 [Tier 1] High-Scale Ingestion VIP","PutSmall",1,0,221.365,219.491,1.869
"Tenant 2 [Tier 1] High-Scale Ingestion VIP","GetSmall",1,0,220.583,219.114,1.450
"Tenant 2 [Tier 1] High-Scale Ingestion VIP","PutSmall",1,0,220.849,219.034,1.804
"Tenant 2 [Tier 1] High-Scale Ingestion VIP","PutSmall",1,0,220.916,219.148,1.759
"Tenant 2 [Tier 1] High-Scale Ingestion VIP","PutSmall",1,0,221.327,219.511,1.787
"Tenant 2 [Tier 1] High-Scale Ingestion VIP","GetSmall",1,0,220.258,218.806,1.445
"Tenant 2 [Tier 1] High-Scale Ingestion VIP","PutSmall",1,0,219.999,218.270,1.721
"Tenant 2 [Tier 1] High-Scale Ingestion VIP","PutSmall",1,0,220.317,218.524,1.783
"Tenant 2 [Tier 1] High-Scale Ingestion VIP","GetSmall",1,0,220.197,218.663,1.529
"Tenant 2 [Tier 1] High-Scale Ingestion VIP","PutSmall",1,0,220.548,218.697,1.845
"Tenant 2 [Tier 1] High-Scale Ingestion VIP","GetSmall",1,0,220.392,218.947,1.436
"Tenant 2 [Tier 1] High-Scale Ingestion VIP","PutSmall",1,0,220.870,219.022,1.836
"Tenant 2 [Tier 1] High-Scale Ingestion VIP","GetSmall",1,0,220.100,218.617,1.476
"Tenant 2 [Tier 1] High-Scale Ingestion VIP","PutSmall",1,0,223.510,221.721,1.779
"Tenant 2 [Tier 1] High-Scale Ingestion VIP","PutSmall",1,0,223.286,221.442,1.839
"Tenant 2 [Tier 1] High-Scale Ingestion VIP","PutSmall",1,0,222.292,220.425,1.845
"Tenant 2 [Tier 1] High-Scale Ingestion VIP","GetSmall",1,0,219.475,218.002,1.469
"Tenant 2 [Tier 1] High-Scale Ingestion VIP","PutSmall",1,0,220.187,218.354,1.824
"Tenant 2 [Tier 1] High-Scale Ingestion VIP","GetSmall",1,0,219.724,218.250,1.468
"Tenant 2 [Tier 1] High-Scale Ingestion VIP","PutSmall",1,0,220.475,218.752,1.719
"Tenant 2 [Tier 1] High-Scale Ingestion VIP","PutSmall",1,0,221.811,220.057,1.750
"Tenant 2 [Tier 1] High-Scale Ingestion VIP","PutSmall",1,0,222.424,220.699,1.715
"Tenant 2 [Tier 1] High-Scale Ingestion VIP","PutSmall",1,0,222.521,220.680,1.836
"Tenant 2 [Tier 1] High-Scale Ingestion VIP","PutSmall",1,0,222.936,221.210,1.718
"Tenant 2 [Tier 1] High-Scale Ingestion VIP","GetSmall",1,0,222.708,221.209,1.493
"Tenant 2 [Tier 1] High-Scale Ingestion VIP","PutSmall",1,0,223.098,221.362,1.731
"Tenant 2 [Tier 1] High-Scale Ingestion VIP","GetSmall",1,0,222.377,220.918,1.454
"Tenant 2 [Tier 1] High-Scale Ingestion VIP","PutSmall",1,0,222.760,220.884,1.870
"Tenant 2 [Tier 1] High-Scale Ingestion VIP","GetSmall",1,0,222.142,220.592,1.547
"Tenant 2 [Tier 1] High-Scale Ingestion VIP","PutSmall",1,0,222.586,220.822,1.759
"Tenant 2 [Tier 1] High-Scale Ingestion VIP","PutSmall",1,0,222.267,220.530,1.730
"Tenant 2 [Tier 1] High-Scale Ingestion VIP","GetSmall",1,0,221.872,220.344,1.524
"Tenant 2 [Tier 1] High-Scale Ingestion VIP","PutSmall",1,0,222.983,221.162,1.813
"Tenant 2 [Tier 1] High-Scale Ingestion VIP","PutSmall",1,0,222.914,221.037,1.874
"Tenant 2 [Tier 1] High-Scale Ingestion VIP","GetSmall",1,0,222.257,220.806,1.444
"Tenant 2 [Tier 1] High-Scale Ingestion VIP","GetSmall",1,0,221.675,220.176,1.493
"Tenant 2 [Tier 1] High-Scale Ingestion VIP","PutSmall",1,0,222.090,220.320,1.766
"Tenant 2 [Tier 1] High-Scale Ingestion VIP","PutSmall",1,0,221.980,220.105,1.872
"Tenant 2 [Tier 1] High-Scale Ingestion VIP","PutSmall",1,0,222.206,220.317,1.884
"Tenant 2 [Tier 1] High-Scale Ingestion VIP","PutSmall",1,0,222.518,220.730,1.784
"Tenant 2 [Tier 1] High-Scale Ingestion VIP","GetSmall",1,0,221.822,220.322,1.494
"Tenant 2 [Tier 1] High-Scale Ingestion VIP","GetSmall",1,0,222.540,220.992,1.542
"Tenant 2 [Tier 1] High-Scale Ingestion VIP","GetSmall",1,0,222.274,220.697,1.575
"Tenant 2 [Tier 1] High-Scale Ingestion VIP","PutSmall",1,0,222.342,220.450,1.889
"Tenant 2 [Tier 1] High-Scale Ingestion VIP","GetSmall",1,0,221.885,220.423,1.446
"Tenant 2 [Tier 1] High-Scale Ingestion VIP","PutSmall",1,0,221.909,220.073,1.829
"Tenant 2 [Tier 1] High-Scale Ingestion VIP","GetSmall",1,0,221.746,220.168,1.564
"Tenant 2 [Tier 1] High-Scale Ingestion VIP","PutSmall",1,0,222.458,220.659,1.793
"Tenant 2 [Tier 1] High-Scale Ingestion VIP","GetSmall",1,0,221.837,220.262,1.567
"Tenant 2 [Tier 1] High-Scale Ingestion VIP","GetSmall",1,0,216.761,215.232,1.516
"Tenant 2 [Tier 1] High-Scale Ingestion VIP","GetSmall",1,0,213.886,212.281,1.553
"Tenant 2 [Tier 1] High-Scale Ingestion VIP","GetSmall",1,0,213.846,212.228,1.558
"Tenant 2 [Tier 1] High-Scale Ingestion VIP","PutSmall",1,0,213.180,211.347,1.824
"Tenant 2 [Tier 1] High-Scale Ingestion VIP","PutSmall",1,0,214.853,213.062,1.787
"Tenant 2 [Tier 1] High-Scale Ingestion VIP","PutSmall",1,0,214.310,212.488,1.811
"Tenant 2 [Tier 1] High-Scale Ingestion VIP","GetSmall",1,0,215.329,213.890,1.431
"Tenant 2 [Tier 1] High-Scale Ingestion VIP","GetSmall",1,0,215.272,213.713,1.534
"Tenant 2 [Tier 1] High-Scale Ingestion VIP","PutSmall",1,0,215.461,213.673,1.783
"Tenant 2 [Tier 1] High-Scale Ingestion VIP","PutSmall",1,0,215.787,213.912,1.866
"Tenant 2 [Tier 1] High-Scale Ingestion VIP","PutSmall",1,0,215.939,214.192,1.742
"Tenant 2 [Tier 1] High-Scale Ingestion VIP","GetSmall",1,0,214.554,213.069,1.478
"Tenant 2 [Tier 1] High-Scale Ingestion VIP","PutSmall",1,0,214.763,212.985,1.772
"Tenant 2 [Tier 1] High-Scale Ingestion VIP","PutSmall",1,0,215.889,214.016,1.868
"Tenant 2 [Tier 1] High-Scale Ingestion VIP","GetSmall",1,0,215.104,213.557,1.542
"Tenant 2 [Tier 1] High-Scale Ingestion VIP","PutSmall",1,0,215.445,213.726,1.713
"Tenant 2 [Tier 1] High-Scale Ingestion VIP","PutSmall",1,0,215.585,213.846,1.718
"Tenant 2 [Tier 1] High-Scale Ingestion VIP","PutSmall",1,0,215.569,213.677,1.888
"Tenant 2 [Tier 1] High-Scale Ingestion VIP","PutSmall",1,0,216.746,215.017,1.724
"Tenant 2 [Tier 1] High-Scale Ingestion VIP","GetSmall",1,0,216.732,215.285,1.442
"Tenant 2 [Tier 1] High-Scale Ingestion VIP","PutSmall",1,0,215.835,213.992,1.840
"Tenant 2 [Tier 1] High-Scale Ingestion VIP","PutSmall",1,0,215.902,214.040,1.854
"Tenant 2 [Tier 1] High-Scale Ingestion VIP","PutSmall",1,0,218.605,216.705,1.880
"Tenant 2 [Tier 1] High-Scale Ingestion VIP","GetSmall",1,0,215.933,214.462,1.441
"Tenant 2 [Tier 1] High-Scale Ingestion VIP","PutSmall",1,0,215.420,213.642,1.764
"Tenant 2 [Tier 1] High-Scale Ingestion VIP","PutSmall",1,0,216.561,214.774,1.779
"Tenant 2 [Tier 1] High-Scale Ingestion VIP","PutSmall",1,0,215.556,213.713,1.835
"Tenant 2 [Tier 1] High-Scale Ingestion VIP","PutSmall",1,0,218.475,216.578,1.890
"Tenant 2 [Tier 1] High-Scale Ingestion VIP","GetSmall",1,0,215.597,214.114,1.479
"Tenant 2 [Tier 1] High-Scale Ingestion VIP","PutSmall",1,0,216.012,214.177,1.829
"Tenant 2 [Tier 1] High-Scale Ingestion VIP","PutSmall",1,0,216.877,215.108,1.764
"Tenant 2 [Tier 1] High-Scale Ingestion VIP","PutSmall",1,0,216.550,214.762,1.778
"Tenant 2 [Tier 1] High-Scale Ingestion VIP","PutSmall",1,0,216.268,214.396,1.861
"Tenant 2 [Tier 1] High-Scale Ingestion VIP","PutSmall",1,0,216.363,214.488,1.871
"Tenant 2 [Tier 1] High-Scale Ingestion VIP","PutSmall",1,0,217.882,216.133,1.737
"Tenant 2 [Tier 1] High-Scale Ingestion VIP","GetSmall",1,0,215.451,214.013,1.432
"Tenant 2 [Tier 1] High-Scale Ingestion VIP","GetSmall",1,0,216.278,214.817,1.445
"Tenant 2 [Tier 1] High-Scale Ingestion VIP","GetSmall",1,0,215.089,213.563,1.520
"Tenant 2 [Tier 1] High-Scale Ingestion VIP","PutSmall",1,0,215.987,214.124,1.859
"Tenant 2 [Tier 1] High-Scale Ingestion VIP","PutSmall",1,0,215.437,213.707,1.725
"Tenant 2 [Tier 1] High-Scale Ingestion VIP","PutSmall",1,0,216.003,214.195,1.804
"Tenant 2 [Tier 1] High-Scale Ingestion VIP","PutSmall",1,0,215.600,213.760,1.828
"Tenant 2 [Tier 1] High-Scale Ingestion VIP","PutSmall",1,0,215.839,214.056,1.776
"Tenant 2 [Tier 1] High-Scale Ingestion VIP","PutSmall",1,0,216.174,214.430,1.738
"Tenant 2 [Tier 1] High-Scale Ingestion VIP","GetSmall",1,0,217.719,216.133,1.574
"Tenant 2 [Tier 1] High-Scale Ingestion VIP","PutSmall",1,0,218.232,216.367,1.859
"Tenant 2 [Tier 1] High-Scale Ingestion VIP","PutSmall",1,0,218.321,216.561,1.751
"Tenant 2 [Tier 1] High-Scale Ingestion VIP","PutSmall",1,0,218.184,216.309,1.862
"Tenant 2 [Tier 1] High-Scale Ingestion VIP","PutSmall",1,0,218.734,216.868,1.861
"Tenant 2 [Tier 1] High-Scale Ingestion VIP","PutSmall",1,0,218.390,216.498,1.879
"Tenant 2 [Tier 1] High-Scale Ingestion VIP","PutSmall",1,0,218.573,216.745,1.823
"Tenant 2 [Tier 1] High-Scale Ingestion VIP","PutSmall",1,0,218.231,216.443,1.767
"Tenant 2 [Tier 1] High-Scale Ingestion VIP","PutSmall",1,0,218.936,217.054,1.875
"Tenant 2 [Tier 1] High-Scale Ingestion VIP","PutSmall",1,0,218.683,216.931,1.750
"Tenant 2 [Tier 1] High-Scale Ingestion VIP","PutSmall",1,0,218.436,216.544,1.877
"Tenant 2 [Tier 1] High-Scale Ingestion VIP","GetSmall",1,0,218.638,217.181,1.451
"Tenant 2 [Tier 1] High-Scale Ingestion VIP","PutSmall",1,0,219.032,217.212,1.813
"Tenant 2 [Tier 1] High-Scale Ingestion VIP","PutSmall",1,0,219.056,217.269,1.783
"Tenant 2 [Tier 1] High-Scale Ingestion VIP","PutSmall",1,0,218.989,217.196,1.787
"Tenant 2 [Tier 1] High-Scale Ingestion VIP","PutSmall",1,0,219.357,217.467,1.886
"Tenant 2 [Tier 1] High-Scale Ingestion VIP","PutSmall",1,0,219.091,217.219,1.867
"Tenant 2 [Tier 1] High-Scale Ingestion VIP","PutSmall",1,0,221.832,220.063,1.761
"Tenant 2 [Tier 1] High-Scale Ingestion VIP","PutSmall",1,0,220.927,219.055,1.867
"Tenant 2 [Tier 1] High-Scale Ingestion VIP","GetSmall",1,0,217.783,216.340,1.438
"Tenant 2 [Tier 1] High-Scale Ingestion VIP","GetSmall",1,0,213.189,211.746,1.428
"Tenant 2 [Tier 1] High-Scale Ingestion VIP","PutSmall",1,0,217.229,215.449,1.749
"Tenant 2 [Tier 1] High-Scale Ingestion VIP","PutSmall",1,0,217.196,215.393,1.799
"Tenant 2 [Tier 1] High-Scale Ingestion VIP","GetSmall",1,0,215.031,213.526,1.494
"Tenant 2 [Tier 1] High-Scale Ingestion VIP","GetSmall",1,0,214.636,213.084,1.511
"Tenant 2 [Tier 1] High-Scale Ingestion VIP","PutSmall",1,0,216.490,214.720,1.766
"Tenant 2 [Tier 1] High-Scale Ingestion VIP","GetSmall",1,0,216.508,215.058,1.441
"Tenant 2 [Tier 1] High-Scale Ingestion VIP","GetSmall",1,0,216.316,214.833,1.465
"Tenant 2 [Tier 1] High-Scale Ingestion VIP","GetSmall",1,0,216.262,214.703,1.533
"Tenant 2 [Tier 1] High-Scale Ingestion VIP","GetSmall",1,0,216.701,215.132,1.545
"Tenant 2 [Tier 1] High-Scale Ingestion VIP","PutSmall",1,0,215.839,214.071,1.764
"Tenant 2 [Tier 1] High-Scale Ingestion VIP","GetSmall",1,0,216.360,214.881,1.444
"Tenant 2 [Tier 1] High-Scale Ingestion VIP","GetSmall",1,0,216.765,215.174,1.575
"Tenant 2 [Tier 1] High-Scale Ingestion VIP","PutSmall",1,0,216.634,214.790,1.837
"Tenant 2 [Tier 1] High-Scale Ingestion VIP","PutSmall",1,0,216.832,215.064,1.756
"Tenant 2 [Tier 1] High-Scale Ingestion VIP","PutSmall",1,0,216.730,214.892,1.824
"Tenant 2 [Tier 1] High-Scale Ingestion VIP","PutSmall",1,0,216.610,214.806,1.786
"Tenant 2 [Tier 1] High-Scale Ingestion VIP","PutSmall",1,0,217.264,215.426,1.834
"Tenant 2 [Tier 1] High-Scale Ingestion VIP","PutSmall",1,0,217.707,215.835,1.866
"Tenant 2 [Tier 1] High-Scale Ingestion VIP","PutSmall",1,0,216.266,214.370,1.889
"Tenant 2 [Tier 1] High-Scale Ingestion VIP","GetSmall",1,0,216.167,214.661,1.501
"Tenant 2 [Tier 1] High-Scale Ingestion VIP","PutSmall",1,0,217.137,215.338,1.787
"Tenant 2 [Tier 1] High-Scale Ingestion VIP","PutSmall",1,0,217.153,215.294,1.854
"Tenant 2 [Tier 1] High-Scale Ingestion VIP","PutSmall",1,0,217.216,215.349,1.852
"Tenant 2 [Tier 1] High-Scale Ingestion VIP","GetSmall",1,0,219.233,217.694,1.526
"Tenant 2 [Tier 1] High-Scale Ingestion VIP","GetSmall",1,0,219.269,217.696,1.558
"Tenant 2 [Tier 1] High-Scale Ingestion VIP","PutSmall",1,0,216.016,214.300,1.711
"Tenant 2 [Tier 1] High-Scale Ingestion VIP","GetSmall",1,0,215.947,214.486,1.455
"Tenant 2 [Tier 1] High-Scale Ingestion VIP","GetSmall",1,0,216.361,214.835,1.518
"Tenant 2 [Tier 1] High-Scale Ingestion VIP","PutSmall",1,0,216.944,215.184,1.756
"Tenant 2 [Tier 1] High-Scale Ingestion VIP","PutSmall",1,0,216.062,214.156,1.887
"Tenant 2 [Tier 1] High-Scale Ingestion VIP","GetSmall",1,0,217.575,216.022,1.550
"Tenant 2 [Tier 1] High-Scale Ingestion VIP","PutSmall",1,0,218.131,216.393,1.733
"Tenant 2 [Tier 1] High-Scale Ingestion VIP","PutSmall",1,0,218.665,216.887,1.772
"Tenant 2 [Tier 1] High-Scale Ingestion VIP","GetSmall",1,0,215.640,214.189,1.446
"Tenant 2 [Tier 1] High-Scale Ingestion VIP","PutSmall",1,0,216.978,215.257,1.713
"Tenant 2 [Tier 1] High-Scale Ingestion VIP","PutSmall",1,0,216.560,214.837,1.717
"Tenant 2 [Tier 1] High-Scale Ingestion VIP","PutSmall",1,0,216.787,214.905,1.875
"Tenant 2 [Tier 1] High-Scale Ingestion VIP","PutSmall",1,0,216.663,214.889,1.769
"Tenant 2 [Tier 1] High-Scale Ingestion VIP","PutSmall",1,0,216.828,214.975,1.849
"Tenant 2 [Tier 1] High-Scale Ingestion VIP","PutSmall",1,0,216.280,214.442,1.831
"Tenant 2 [Tier 1] High-Scale Ingestion VIP","PutSmall",1,0,216.913,215.140,1.763
"Tenant 2 [Tier 1] High-Scale Ingestion VIP","PutSmall",1,0,219.183,217.399,1.781
"Tenant 2 [Tier 1] High-Scale Ingestion VIP","PutSmall",1,0,219.605,217.782,1.815
"Tenant 2 [Tier 1] High-Scale Ingestion VIP","PutSmall",1,0,217.636,215.849,1.780
"Tenant 2 [Tier 1] High-Scale Ingestion VIP","PutSmall",1,0,217.403,215.547,1.849
"Tenant 2 [Tier 1] High-Scale Ingestion VIP","GetSmall",1,0,216.260,214.800,1.454
"Tenant 2 [Tier 1] High-Scale Ingestion VIP","GetSmall",1,0,216.301,214.767,1.527
"Tenant 2 [Tier 1] High-Scale Ingestion VIP","PutSmall",1,0,217.290,215.560,1.727
"Tenant 2 [Tier 1] High-Scale Ingestion VIP","PutSmall",1,0,217.326,215.454,1.867
"Tenant 2 [Tier 1] High-Scale Ingestion VIP","GetSmall",1,0,217.006,215.520,1.481
"Tenant 2 [Tier 1] High-Scale Ingestion VIP","GetSmall",1,0,217.825,216.388,1.432
"Tenant 2 [Tier 1] High-Scale Ingestion VIP","GetSmall",1,0,218.750,217.227,1.514
"Tenant 2 [Tier 1] High-Scale Ingestion VIP","PutSmall",1,0,218.377,216.605,1.763
"Tenant 2 [Tier 1] High-Scale Ingestion VIP","GetSmall",1,0,218.534,216.991,1.537
"Tenant 2 [Tier 1] High-Scale Ingestion VIP","PutSmall",1,0,218.335,216.494,1.838
"Tenant 2 [Tier 1] High-Scale Ingestion VIP","GetSmall",1,0,218.570,217.059,1.505
"Tenant 2 [Tier 1] High-Scale Ingestion VIP","GetSmall",1,0,218.715,217.155,1.543
"Tenant 2 [Tier 1] High-Scale Ingestion VIP","PutSmall",1,0,219.464,217.720,1.734
"Tenant 2 [Tier 1] High-Scale Ingestion VIP","GetSmall",1,0,219.948,218.410,1.534
"Tenant 2 [Tier 1] High-Scale Ingestion VIP","PutSmall",1,0,219.749,217.979,1.756
"Tenant 2 [Tier 1] High-Scale Ingestion VIP","GetSmall",1,0,219.063,217.574,1.467
"Tenant 2 [Tier 1] High-Scale Ingestion VIP","PutSmall",1,0,219.718,217.974,1.739
"Tenant 2 [Tier 1] High-Scale Ingestion VIP","PutSmall",1,0,221.291,219.524,1.762
"Tenant 2 [Tier 1] High-Scale Ingestion VIP","GetSmall",1,0,217.684,216.173,1.504
"Tenant 2 [Tier 1] High-Scale Ingestion VIP","PutSmall",1,0,221.609,219.800,1.804
"Tenant 2 [Tier 1] High-Scale Ingestion VIP","GetSmall",1,0,222.248,220.709,1.502
"Tenant 2 [Tier 1] High-Scale Ingestion VIP","PutSmall",1,0,219.964,218.146,1.813
"Tenant 2 [Tier 1] High-Scale Ingestion VIP","PutSmall",1,0,220.475,218.714,1.723
"Tenant 2 [Tier 1] High-Scale Ingestion VIP","PutSmall",1,0,222.257,220.510,1.743
"Tenant 2 [Tier 1] High-Scale Ingestion VIP","GetSmall",1,0,220.281,218.807,1.469
"Tenant 2 [Tier 1] High-Scale Ingestion VIP","GetSmall",1,0,220.322,218.853,1.459
"Tenant 2 [Tier 1] High-Scale Ingestion VIP","PutSmall",1,0,220.693,218.890,1.796
"Tenant 2 [Tier 1] High-Scale Ingestion VIP","PutSmall",1,0,221.283,219.440,1.839
"Tenant 2 [Tier 1] High-Scale Ingestion VIP","PutSmall",1,0,222.945,221.067,1.873
"Tenant 2 [Tier 1] High-Scale Ingestion VIP","PutSmall",1,0,223.296,221.451,1.837
"Tenant 2 [Tier 1] High-Scale Ingestion VIP","PutSmall",1,0,223.205,221.341,1.858
"Tenant 2 [Tier 1] High-Scale Ingestion VIP","GetSmall",1,0,222.089,220.622,1.458
"Tenant 2 [Tier 1] High-Scale Ingestion VIP","GetSmall",1,0,223.643,222.119,1.520
"Tenant 2 [Tier 1] High-Scale Ingestion VIP","GetSmall",1,0,222.677,221.164,1.504
"Tenant 2 [Tier 1] High-Scale Ingestion VIP","GetSmall",1,0,222.233,220.684,1.542
"Tenant 2 [Tier 1] High-Scale Ingestion VIP","PutSmall",1,0,222.950,221.228,1.715
"Tenant 2 [Tier 1] High-Scale Ingestion VIP","GetSmall",1,0,222.143,220.657,1.476
"Tenant 2 [Tier 1] High-Scale Ingestion VIP","PutSmall",1,0,222.543,220.688,1.840
"Tenant 2 [Tier 1] High-Scale Ingestion VIP","GetSmall",1,0,221.417,219.840,1.571
"Tenant 2 [Tier 1] High-Scale Ingestion VIP","PutSmall",1,0,221.902,220.127,1.771
"Tenant 2 [Tier 1] High-Scale Ingestion VIP","GetSmall",1,0,222.287,220.836,1.445
"Tenant 2 [Tier 1] High-Scale Ingestion VIP","PutSmall",1,0,222.611,220.809,1.793
"Tenant 2 [Tier 1] High-Scale Ingestion VIP","GetSmall",1,0,222.009,220.562,1.440
"Tenant 2 [Tier 1] High-Scale Ingestion VIP","GetSmall",1,0,221.981,220.541,1.433
"Tenant 2 [Tier 1] High-Scale Ingestion VIP","GetSmall",1,0,221.373,219.879,1.487
"Tenant 2 [Tier 1] High-Scale Ingestion VIP","PutSmall",1,0,222.196,220.391,1.802
"Tenant 2 [Tier 1] High-Scale Ingestion VIP","GetSmall",1,0,222.343,220.859,1.479
"Tenant 2 [Tier 1] High-Scale Ingestion VIP","PutSmall",1,0,221.937,220.091,1.840
"Tenant 2 [Tier 1] High-Scale Ingestion VIP","PutSmall",1,0,222.974,221.093,1.877
"Tenant 2 [Tier 1] High-Scale Ingestion VIP","GetSmall",1,0,222.915,221.443,1.464
"Tenant 2 [Tier 1] High-Scale Ingestion VIP","PutSmall",1,0,222.102,220.304,1.790
"Tenant 2 [Tier 1] High-Scale Ingestion VIP","PutSmall",1,0,222.477,220.656,1.817
"Tenant 2 [Tier 1] High-Scale Ingestion VIP","GetSmall",1,0,221.532,220.077,1.451
"Tenant 2 [Tier 1] High-Scale Ingestion VIP","GetSmall",1,0,222.390,220.817,1.566
"Tenant 2 [Tier 1] High-Scale Ingestion VIP","PutSmall",1,0,222.960,221.081,1.873
"Tenant 2 [Tier 1] High-Scale Ingestion VIP","PutSmall",1,0,222.137,220.285,1.846
"Tenant 2 [Tier 1] High-Scale Ingestion VIP","PutSmall",1,0,222.185,220.332,1.848
"Tenant 2 [Tier 1] High-Scale Ingestion VIP","GetSmall",1,0,224.015,222.509,1.471
"Tenant 2 [Tier 1] High-Scale Ingestion VIP","PutSmall",1,0,224.497,222.754,1.731
"Tenant 2 [Tier 1] High-Scale Ingestion VIP","GetSmall",1,0,220.793,219.255,1.533
"Tenant 2 [Tier 1] High-Scale Ingestion VIP","PutSmall",1,0,221.965,220.205,1.753
"Tenant 2 [Tier 1] High-Scale Ingestion VIP","PutSmall",1,0,222.074,220.243,1.826
"Tenant 2 [Tier 1] High-Scale Ingestion VIP","PutSmall",1,0,225.034,223.177,1.839
"Tenant 2 [Tier 1] High-Scale Ingestion VIP","GetSmall",1,0,221.408,219.908,1.493
"Tenant 2 [Tier 1] High-Scale Ingestion VIP","PutSmall",1,0,222.107,220.351,1.752
"Tenant 2 [Tier 1] High-Scale Ingestion VIP","GetSmall",1,0,221.514,220.050,1.460
"Tenant 2 [Tier 1] High-Scale Ingestion VIP","PutSmall",1,0,222.030,220.247,1.777
"Tenant 2 [Tier 1] High-Scale Ingestion VIP","PutSmall",1,0,221.863,220.122,1.737
"Tenant 2 [Tier 1] High-Scale Ingestion VIP","PutSmall",1,0,221.876,220.005,1.867
"Tenant 2 [Tier 1] High-Scale Ingestion VIP","PutSmall",1,0,223.134,221.284,1.842
"Tenant 2 [Tier 1] High-Scale Ingestion VIP","PutSmall",1,0,222.158,220.279,1.873
"Tenant 2 [Tier 1] High-Scale Ingestion VIP","GetSmall",1,0,221.290,219.804,1.482
"Tenant 2 [Tier 1] High-Scale Ingestion VIP","GetSmall",1,0,222.367,220.803,1.560
"Tenant 2 [Tier 1] High-Scale Ingestion VIP","PutSmall",1,0,222.808,221.087,1.718
"Tenant 2 [Tier 1] High-Scale Ingestion VIP","PutSmall",1,0,222.264,220.510,1.751
"Tenant 2 [Tier 1] High-Scale Ingestion VIP","PutSmall",1,0,222.276,220.487,1.784
"Tenant 2 [Tier 1] High-Scale Ingestion VIP","PutSmall",1,0,223.309,221.442,1.856
"Tenant 2 [Tier 1] High-Scale Ingestion VIP","GetSmall",1,0,223.057,221.530,1.511
"Tenant 2 [Tier 1] High-Scale Ingestion VIP","PutSmall",1,0,223.543,221.751,1.785
"Tenant 2 [Tier 1] High-Scale Ingestion VIP","PutSmall",1,0,222.181,220.380,1.795
"Tenant 2 [Tier 1] High-Scale Ingestion VIP","PutSmall",1,0,225.018,223.283,1.723
"Tenant 2 [Tier 1] High-Scale Ingestion VIP","GetSmall",1,0,225.377,223.924,1.447
"Tenant 2 [Tier 1] High-Scale Ingestion VIP","PutSmall",1,0,226.930,225.102,1.823
"Tenant 2 [Tier 1] High-Scale Ingestion VIP","GetSmall",1,0,221.348,219.907,1.434
"Tenant 2 [Tier 1] High-Scale Ingestion VIP","GetSmall",1,0,220.725,219.253,1.466
"Tenant 2 [Tier 1] High-Scale Ingestion VIP","PutSmall",1,0,220.696,218.974,1.716
"Tenant 2 [Tier 1] High-Scale Ingestion VIP","GetSmall",1,0,220.570,219.119,1.437
"Tenant 2 [Tier 1] High-Scale Ingestion VIP","GetSmall",1,0,219.841,218.378,1.458
"Tenant 2 [Tier 1] High-Scale Ingestion VIP","PutSmall",1,0,220.866,219.133,1.729
"Tenant 2 [Tier 1] High-Scale Ingestion VIP","PutSmall",1,0,220.229,218.414,1.808
"Tenant 2 [Tier 1] High-Scale Ingestion VIP","PutSmall",1,0,221.020,219.171,1.834
"Tenant 2 [Tier 1] High-Scale Ingestion VIP","PutSmall",1,0,220.936,219.148,1.783
"Tenant 2 [Tier 1] High-Scale Ingestion VIP","GetSmall",1,0,221.658,220.092,1.558
"Tenant 2 [Tier 1] High-Scale Ingestion VIP","GetSmall",1,0,221.059,219.551,1.500
"Tenant 2 [Tier 1] High-Scale Ingestion VIP","PutSmall",1,0,221.330,219.530,1.793
"Tenant 2 [Tier 1] High-Scale Ingestion VIP","GetSmall",1,0,221.155,219.595,1.555
"Tenant 2 [Tier 1] High-Scale Ingestion VIP","PutSmall",1,0,221.420,219.674,1.736
"Tenant 2 [Tier 1] High-Scale Ingestion VIP","PutSmall",1,0,221.504,219.618,1.879
"Tenant 2 [Tier 1] High-Scale Ingestion VIP","GetSmall",1,0,221.719,220.238,1.474
"Tenant 2 [Tier 1] High-Scale Ingestion VIP","PutSmall",1,0,222.006,220.148,1.854
"Tenant 2 [Tier 1] High-Scale Ingestion VIP","GetSmall",1,0,220.622,219.039,1.563
"Tenant 2 [Tier 1] High-Scale Ingestion VIP","GetSmall",1,0,220.540,218.976,1.556
"Tenant 2 [Tier 1] High-Scale Ingestion VIP","GetSmall",1,0,220.819,219.325,1.490
"Tenant 2 [Tier 1] High-Scale Ingestion VIP","GetSmall",1,0,221.030,219.518,1.510
"Tenant 2 [Tier 1] High-Scale Ingestion VIP","GetSmall",1,0,220.381,218.825,1.548
"Tenant 2 [Tier 1] High-Scale Ingestion VIP","PutSmall",1,0,220.901,219.177,1.720
"Tenant 2 [Tier 1] High-Scale Ingestion VIP","GetSmall",1,0,219.754,218.176,1.556
"Tenant 2 [Tier 1] High-Scale Ingestion VIP","GetSmall",1,0,220.190,218.692,1.494
"Tenant 2 [Tier 1] High-Scale Ingestion VIP","GetSmall",1,0,220.436,218.917,1.504
"Tenant 2 [Tier 1] High-Scale Ingestion VIP","PutSmall",1,0,220.641,218.767,1.868
"Tenant 2 [Tier 1] High-Scale Ingestion VIP","GetSmall",1,0,219.374,217.927,1.443
"Tenant 2 [Tier 1] High-Scale Ingestion VIP","PutSmall",1,0,220.019,218.288,1.727
"Tenant 2 [Tier 1] High-Scale Ingestion VIP","PutSmall",1,0,220.366,218.555,1.802
"Tenant 2 [Tier 1] High-Scale Ingestion VIP","PutSmall",1,0,220.147,218.258,1.872
"Tenant 2 [Tier 1] High-Scale Ingestion VIP","PutSmall",1,0,220.486,218.690,1.790
"Tenant 2 [Tier 1] High-Scale Ingestion VIP","PutSmall",1,0,221.332,219.472,1.847
"Tenant 2 [Tier 1] High-Scale Ingestion VIP","PutSmall",1,0,220.935,219.061,1.870
"Tenant 2 [Tier 1] High-Scale Ingestion VIP","GetSmall",1,0,220.221,218.643,1.561
"Tenant 2 [Tier 1] High-Scale Ingestion VIP","PutSmall",1,0,220.818,218.945,1.868
"Tenant 2 [Tier 1] High-Scale Ingestion VIP","GetSmall",1,0,220.802,219.310,1.488
"Tenant 2 [Tier 1] High-Scale Ingestion VIP","PutSmall",1,0,221.357,219.638,1.714
"Tenant 2 [Tier 1] High-Scale Ingestion VIP","GetSmall",1,0,220.711,219.250,1.455
"Tenant 2 [Tier 1] High-Scale Ingestion VIP","GetSmall",1,0,220.957,219.476,1.473
"Tenant 2 [Tier 1] High-Scale Ingestion VIP","GetSmall",1,0,219.639,218.108,1.523
"Tenant 2 [Tier 1] High-Scale Ingestion VIP","GetSmall",1,0,219.462,217.885,1.571
"Tenant 2 [Tier 1] High-Scale Ingestion VIP","GetSmall",1,0,219.685,218.142,1.536
"Tenant 2 [Tier 1] High-Scale Ingestion VIP","GetSmall",1,0,219.633,218.172,1.456
"Tenant 2 [Tier 1] High-Scale Ingestion VIP","PutSmall",1,0,220.968,219.218,1.744
"Tenant 2 [Tier 1] High-Scale Ingestion VIP","PutSmall",1,0,221.009,219.200,1.802
"Tenant 2 [Tier 1] High-Scale Ingestion VIP","PutSmall",1,0,220.275,218.398,1.863
"Tenant 2 [Tier 1] High-Scale Ingestion VIP","GetSmall",1,0,221.927,220.418,1.500
"Tenant 2 [Tier 1] High-Scale Ingestion VIP","GetSmall",1,0,222.120,220.597,1.504
"Tenant 2 [Tier 1] High-Scale Ingestion VIP","GetSmall",1,0,218.701,217.249,1.444
"Tenant 2 [Tier 1] High-Scale Ingestion VIP","PutSmall",1,0,221.844,220.099,1.738
"Tenant 2 [Tier 1] High-Scale Ingestion VIP","GetSmall",1,0,219.712,218.268,1.434
"Tenant 2 [Tier 1] High-Scale Ingestion VIP","GetSmall",1,0,219.029,217.516,1.509
"Tenant 2 [Tier 1] High-Scale Ingestion VIP","PutSmall",1,0,219.383,217.602,1.774
"Tenant 2 [Tier 1] High-Scale Ingestion VIP","PutSmall",1,0,219.412,217.550,1.859
"Tenant 2 [Tier 1] High-Scale Ingestion VIP","GetSmall",1,0,218.741,217.262,1.474
"Tenant 2 [Tier 1] High-Scale Ingestion VIP","PutSmall",1,0,219.867,218.009,1.852
"Tenant 2 [Tier 1] High-Scale Ingestion VIP","PutSmall",1,0,220.004,218.166,1.830
"Tenant 2 [Tier 1] High-Scale Ingestion VIP","PutSmall",1,0,219.529,217.715,1.808
"Tenant 2 [Tier 1] High-Scale Ingestion VIP","PutSmall",1,0,220.035,218.198,1.834
"Tenant 2 [Tier 1] High-Scale Ingestion VIP","PutSmall",1,0,223.893,222.003,1.886
"Tenant 2 [Tier 1] High-Scale Ingestion VIP","PutSmall",1,0,222.919,221.142,1.771
"Tenant 2 [Tier 1] High-Scale Ingestion VIP","PutSmall",1,0,221.602,219.764,1.831
"Tenant 2 [Tier 1] High-Scale Ingestion VIP","PutSmall",1,0,220.153,218.371,1.779
"Tenant 2 [Tier 1] High-Scale Ingestion VIP","GetSmall",1,0,215.842,214.293,1.534
"Tenant 2 [Tier 1] High-Scale Ingestion VIP","PutSmall",1,0,216.115,214.324,1.781
"Tenant 2 [Tier 1] High-Scale Ingestion VIP","PutSmall",1,0,215.907,214.044,1.824
"Tenant 2 [Tier 1] High-Scale Ingestion VIP","PutSmall",1,0,216.966,215.132,1.829
"Tenant 2 [Tier 1] High-Scale Ingestion VIP","GetSmall",1,0,216.264,214.794,1.442
"Tenant 2 [Tier 1] High-Scale Ingestion VIP","PutSmall",1,0,216.146,214.427,1.713
"Tenant 2 [Tier 1] High-Scale Ingestion VIP","PutSmall",1,0,216.402,214.516,1.874
"Tenant 2 [Tier 1] High-Scale Ingestion VIP","PutSmall",1,0,217.994,216.214,1.744
"Tenant 2 [Tier 1] High-Scale Ingestion VIP","GetSmall",1,0,218.103,216.590,1.508
"Tenant 2 [Tier 1] High-Scale Ingestion VIP","PutSmall",1,0,217.998,216.236,1.744
"Tenant 2 [Tier 1] High-Scale Ingestion VIP","PutSmall",1,0,216.052,214.310,1.731
"Tenant 2 [Tier 1] High-Scale Ingestion VIP","GetSmall",1,0,217.163,215.677,1.478
"Tenant 2 [Tier 1] High-Scale Ingestion VIP","GetSmall",1,0,217.481,215.978,1.480
"Tenant 2 [Tier 1] High-Scale Ingestion VIP","PutSmall",1,0,218.110,216.316,1.789
"Tenant 2 [Tier 1] High-Scale Ingestion VIP","PutSmall",1,0,217.971,216.123,1.842
"Tenant 2 [Tier 1] High-Scale Ingestion VIP","PutSmall",1,0,217.859,216.008,1.826
"Tenant 2 [Tier 1] High-Scale Ingestion VIP","PutSmall",1,0,218.474,216.751,1.718
"Tenant 2 [Tier 1] High-Scale Ingestion VIP","GetSmall",1,0,218.871,217.431,1.437
"Tenant 2 [Tier 1] High-Scale Ingestion VIP","GetSmall",1,0,218.236,216.782,1.441
"Tenant 2 [Tier 1] High-Scale Ingestion VIP","PutSmall",1,0,219.578,217.715,1.825
"Tenant 2 [Tier 1] High-Scale Ingestion VIP","PutSmall",1,0,218.918,217.072,1.800
"Tenant 2 [Tier 1] High-Scale Ingestion VIP","PutSmall",1,0,219.104,217.208,1.862
"Tenant 2 [Tier 1] High-Scale Ingestion VIP","PutSmall",1,0,219.735,217.837,1.880
"Tenant 2 [Tier 1] High-Scale Ingestion VIP","GetSmall",1,0,219.974,218.468,1.457
"Tenant 2 [Tier 1] High-Scale Ingestion VIP","GetSmall",1,0,220.005,218.488,1.458
"Tenant 2 [Tier 1] High-Scale Ingestion VIP","PutSmall",1,0,220.943,219.165,1.772
"Tenant 2 [Tier 1] High-Scale Ingestion VIP","PutSmall",1,0,219.718,217.905,1.790
"Tenant 2 [Tier 1] High-Scale Ingestion VIP","GetSmall",1,0,219.298,217.738,1.555
"Tenant 2 [Tier 1] High-Scale Ingestion VIP","PutSmall",1,0,220.371,218.478,1.853
"Tenant 2 [Tier 1] High-Scale Ingestion VIP","PutSmall",1,0,220.657,218.758,1.881
"Tenant 2 [Tier 1] High-Scale Ingestion VIP","GetSmall",1,0,218.845,217.385,1.453
"Tenant 2 [Tier 1] High-Scale Ingestion VIP","GetSmall",1,0,218.748,217.282,1.446
"Tenant 2 [Tier 1] High-Scale Ingestion VIP","PutSmall",1,0,218.941,217.174,1.743
"Tenant 2 [Tier 1] High-Scale Ingestion VIP","PutSmall",1,0,218.944,217.101,1.836
"Tenant 2 [Tier 1] High-Scale Ingestion VIP","PutSmall",1,0,219.012,217.116,1.882
"Tenant 2 [Tier 1] High-Scale Ingestion VIP","GetSmall",1,0,219.284,217.744,1.527
"Tenant 2 [Tier 1] High-Scale Ingestion VIP","GetSmall",1,0,220.484,218.918,1.556
"Tenant 2 [Tier 1] High-Scale Ingestion VIP","PutSmall",1,0,220.963,219.144,1.813
"Tenant 2 [Tier 1] High-Scale Ingestion VIP","GetSmall",1,0,218.933,217.462,1.467
"Tenant 2 [Tier 1] High-Scale Ingestion VIP","GetSmall",1,0,218.922,217.397,1.514
"Tenant 2 [Tier 1] High-Scale Ingestion VIP","GetSmall",1,0,219.008,217.471,1.526
"Tenant 2 [Tier 1] High-Scale Ingestion VIP","GetSmall",1,0,217.970,216.524,1.441
"Tenant 2 [Tier 1] High-Scale Ingestion VIP","PutSmall",1,0,218.369,216.582,1.773
"Tenant 2 [Tier 1] High-Scale Ingestion VIP","PutSmall",1,0,219.794,217.953,1.827
"Tenant 2 [Tier 1] High-Scale Ingestion VIP","PutSmall",1,0,219.061,217.287,1.770
"Tenant 2 [Tier 1] High-Scale Ingestion VIP","PutSmall",1,0,219.116,217.222,1.885
"Tenant 2 [Tier 1] High-Scale Ingestion VIP","GetSmall",1,0,219.172,217.720,1.447
"Tenant 2 [Tier 1] High-Scale Ingestion VIP","PutSmall",1,0,219.997,218.159,1.832
"Tenant 2 [Tier 1] High-Scale Ingestion VIP","PutSmall",1,0,219.994,218.128,1.858
"Tenant 2 [Tier 1] High-Scale Ingestion VIP","GetSmall",1,0,219.262,217.751,1.503
"Tenant 2 [Tier 1] High-Scale Ingestion VIP","GetSmall",1,0,219.377,217.823,1.548
"Tenant 2 [Tier 1] High-Scale Ingestion VIP","GetSmall",1,0,220.156,218.580,1.557
"Tenant 2 [Tier 1] High-Scale Ingestion VIP","PutSmall",1,0,220.622,218.871,1.745
"Tenant 2 [Tier 1] High-Scale Ingestion VIP","GetSmall",1,0,219.723,218.229,1.491
"Tenant 2 [Tier 1] High-Scale Ingestion VIP","PutSmall",1,0,219.777,217.968,1.804
"Tenant 2 [Tier 1] High-Scale Ingestion VIP","PutSmall",1,0,219.845,218.000,1.835
"Tenant 2 [Tier 1] High-Scale Ingestion VIP","GetSmall",1,0,219.744,218.233,1.503
"Tenant 2 [Tier 1] High-Scale Ingestion VIP","PutSmall",1,0,221.708,219.824,1.876
"Tenant 2 [Tier 1] High-Scale Ingestion VIP","PutSmall",1,0,222.855,221.130,1.717
"Tenant 2 [Tier 1] High-Scale Ingestion VIP","PutSmall",1,0,222.260,220.381,1.864
"Tenant 2 [Tier 1] High-Scale Ingestion VIP","PutSmall",1,0,224.021,222.195,1.811
"Tenant 2 [Tier 1] High-Scale Ingestion VIP","GetSmall",1,0,224.083,222.546,1.530
"Tenant 2 [Tier 1] High-Scale Ingestion VIP","GetSmall",1,0,226.794,225.273,1.498
"Tenant 2 [Tier 1] High-Scale Ingestion VIP","PutSmall",1,0,226.699,224.923,1.770
"Tenant 2 [Tier 1] High-Scale Ingestion VIP","GetSmall",1,0,221.321,219.868,1.428
"Tenant 2 [Tier 1] High-Scale Ingestion VIP","GetSmall",1,0,221.121,219.634,1.433
"Tenant 2 [Tier 1] High-Scale Ingestion VIP","PutSmall",1,0,221.331,219.562,1.712
"Tenant 2 [Tier 1] High-Scale Ingestion VIP","PutSmall",1,0,223.507,221.648,1.850
"Tenant 2 [Tier 1] High-Scale Ingestion VIP","GetSmall",1,0,221.511,219.926,1.543
"Tenant 2 [Tier 1] High-Scale Ingestion VIP","PutSmall",1,0,222.287,220.516,1.734
"Tenant 2 [Tier 1] High-Scale Ingestion VIP","PutSmall",1,0,222.558,220.701,1.851
"Tenant 2 [Tier 1] High-Scale Ingestion VIP","GetSmall",1,0,223.395,221.930,1.455
"Tenant 2 [Tier 1] High-Scale Ingestion VIP","PutSmall",1,0,224.446,222.614,1.796
"Tenant 2 [Tier 1] High-Scale Ingestion VIP","GetSmall",1,0,223.374,221.936,1.432
"Tenant 2 [Tier 1] High-Scale Ingestion VIP","PutSmall",1,0,224.790,222.993,1.793
"Tenant 2 [Tier 1] High-Scale Ingestion VIP","PutSmall",1,0,222.421,220.544,1.870
"Tenant 2 [Tier 1] High-Scale Ingestion VIP","PutSmall",1,0,224.100,222.346,1.741
"Tenant 2 [Tier 1] High-Scale Ingestion VIP","PutSmall",1,0,223.886,222.061,1.805
"Tenant 2 [Tier 1] High-Scale Ingestion VIP","PutSmall",1,0,224.034,222.264,1.763
"Tenant 2 [Tier 1] High-Scale Ingestion VIP","PutSmall",1,0,224.425,222.642,1.746
"Tenant 2 [Tier 1] High-Scale Ingestion VIP","PutSmall",1,0,223.513,221.645,1.857
"Tenant 2 [Tier 1] High-Scale Ingestion VIP","PutSmall",1,0,224.266,222.389,1.869
"Tenant 2 [Tier 1] High-Scale Ingestion VIP","PutSmall",1,0,224.300,222.402,1.889
"Tenant 2 [Tier 1] High-Scale Ingestion VIP","PutSmall",1,0,224.139,222.304,1.830
"Tenant 2 [Tier 1] High-Scale Ingestion VIP","GetSmall",1,0,223.464,221.935,1.520
"Tenant 2 [Tier 1] High-Scale Ingestion VIP","GetSmall",1,0,223.528,221.940,1.573
"Tenant 2 [Tier 1] High-Scale Ingestion VIP","PutSmall",1,0,223.768,221.952,1.793
"Tenant 2 [Tier 1] High-Scale Ingestion VIP","PutSmall",1,0,223.388,221.517,1.867
"Tenant 2 [Tier 1] High-Scale Ingestion VIP","GetSmall",1,0,223.317,221.755,1.549
"Tenant 2 [Tier 1] High-Scale Ingestion VIP","PutSmall",1,0,223.905,222.025,1.877
"Tenant 2 [Tier 1] High-Scale Ingestion VIP","GetSmall",1,0,224.010,222.466,1.539
"Tenant 2 [Tier 1] High-Scale Ingestion VIP","PutSmall",1,0,223.435,221.647,1.782
"Tenant 2 [Tier 1] High-Scale Ingestion VIP","PutSmall",1,0,223.793,221.938,1.848
"Tenant 2 [Tier 1] High-Scale Ingestion VIP","PutSmall",1,0,223.811,221.938,1.867
"Tenant 2 [Tier 1] High-Scale Ingestion VIP","GetSmall",1,0,223.873,222.349,1.520
"Tenant 2 [Tier 1] High-Scale Ingestion VIP","GetSmall",1,0,223.722,222.261,1.452
"Tenant 2 [Tier 1] High-Scale Ingestion VIP","PutSmall",1,0,224.103,222.340,1.758
"Tenant 2 [Tier 1] High-Scale Ingestion VIP","PutSmall",1,0,224.187,222.373,1.807
"Tenant 2 [Tier 1] High-Scale Ingestion VIP","GetSmall",1,0,224.122,222.635,1.483
"Tenant 2 [Tier 1] High-Scale Ingestion VIP","PutSmall",1,0,225.151,223.295,1.852
"Tenant 2 [Tier 1] High-Scale Ingestion VIP","GetSmall",1,0,223.655,222.132,1.518
"Tenant 2 [Tier 1] High-Scale Ingestion VIP","GetSmall",1,0,223.619,222.164,1.450
"Tenant 2 [Tier 1] High-Scale Ingestion VIP","GetSmall",1,0,223.621,222.119,1.498
"Tenant 2 [Tier 1] High-Scale Ingestion VIP","GetSmall",1,0,223.648,222.107,1.536
"Tenant 2 [Tier 1] High-Scale Ingestion VIP","PutSmall",1,0,224.625,222.793,1.828
"Tenant 2 [Tier 1] High-Scale Ingestion VIP","GetSmall",1,0,223.649,222.171,1.472
"Tenant 2 [Tier 1] High-Scale Ingestion VIP","PutSmall",1,0,223.640,221.828,1.810
"Tenant 2 [Tier 1] High-Scale Ingestion VIP","GetSmall",1,0,224.023,222.515,1.503
"Tenant 2 [Tier 1] High-Scale Ingestion VIP","PutSmall",1,0,223.405,221.673,1.720
"Tenant 2 [Tier 1] High-Scale Ingestion VIP","GetSmall",1,0,222.795,221.291,1.495
"Tenant 2 [Tier 1] High-Scale Ingestion VIP","PutSmall",1,0,226.606,224.751,1.851
"Tenant 2 [Tier 1] High-Scale Ingestion VIP","PutSmall",1,0,226.520,224.637,1.874
"Tenant 2 [Tier 1] High-Scale Ingestion VIP","PutSmall",1,0,224.343,222.621,1.720
"Tenant 2 [Tier 1] High-Scale Ingestion VIP","PutSmall",1,0,223.854,222.015,1.826
"Tenant 2 [Tier 1] High-Scale Ingestion VIP","PutSmall",1,0,223.846,221.973,1.870
"Tenant 2 [Tier 1] High-Scale Ingestion VIP","GetSmall",1,0,223.863,222.299,1.562
"Tenant 2 [Tier 1] High-Scale Ingestion VIP","PutSmall",1,0,224.222,222.470,1.747
"Tenant 2 [Tier 1] High-Scale Ingestion VIP","PutSmall",1,0,224.129,222.253,1.873
"Tenant 2 [Tier 1] High-Scale Ingestion VIP","GetSmall",1,0,224.078,222.525,1.541
"Tenant 2 [Tier 1] High-Scale Ingestion VIP","PutSmall",1,0,224.509,222.717,1.783
"Tenant 2 [Tier 1] High-Scale Ingestion VIP","PutSmall",1,0,224.483,222.601,1.877
"Tenant 2 [Tier 1] High-Scale Ingestion VIP","GetSmall",1,0,222.926,221.358,1.563
"Tenant 2 [Tier 1] High-Scale Ingestion VIP","PutSmall",1,0,224.901,223.081,1.817
"Tenant 2 [Tier 1] High-Scale Ingestion VIP","PutSmall",1,0,223.784,221.973,1.806
"Tenant 2 [Tier 1] High-Scale Ingestion VIP","PutSmall",1,0,222.869,221.059,1.789
"Tenant 2 [Tier 1] High-Scale Ingestion VIP","GetSmall",1,0,220.956,219.429,1.522
"Tenant 2 [Tier 1] High-Scale Ingestion VIP","PutSmall",1,0,217.192,215.297,1.887
"Tenant 2 [Tier 1] High-Scale Ingestion VIP","GetSmall",1,0,217.623,216.082,1.533
"Tenant 2 [Tier 1] High-Scale Ingestion VIP","PutSmall",1,0,216.783,215.038,1.711
"Tenant 2 [Tier 1] High-Scale Ingestion VIP","PutSmall",1,0,217.001,215.105,1.861
"Tenant 2 [Tier 1] High-Scale Ingestion VIP","PutSmall",1,0,217.544,215.712,1.828
"Tenant 2 [Tier 1] High-Scale Ingestion VIP","GetSmall",1,0,216.228,214.659,1.560
"Tenant 2 [Tier 1] High-Scale Ingestion VIP","GetSmall",1,0,215.704,214.236,1.429
"Tenant 2 [Tier 1] High-Scale Ingestion VIP","PutSmall",1,0,217.571,215.779,1.786
"Tenant 2 [Tier 1] High-Scale Ingestion VIP","PutSmall",1,0,217.817,215.906,1.887
"Tenant 2 [Tier 1] High-Scale Ingestion VIP","PutSmall",1,0,216.969,215.179,1.768
"Tenant 2 [Tier 1] High-Scale Ingestion VIP","PutSmall",1,0,216.670,214.816,1.848
"Tenant 2 [Tier 1] High-Scale Ingestion VIP","GetSmall",1,0,218.083,216.584,1.492
"Tenant 2 [Tier 1] High-Scale Ingestion VIP","PutSmall",1,0,218.133,216.243,1.883
"Tenant 2 [Tier 1] High-Scale Ingestion VIP","PutSmall",1,0,219.017,217.214,1.790
"Tenant 2 [Tier 1] High-Scale Ingestion VIP","PutSmall",1,0,217.999,216.179,1.806
"Tenant 2 [Tier 1] High-Scale Ingestion VIP","GetSmall",1,0,217.610,216.127,1.477
"Tenant 2 [Tier 1] High-Scale Ingestion VIP","PutSmall",1,0,218.919,217.168,1.745
"Tenant 2 [Tier 1] High-Scale Ingestion VIP","PutSmall",1,0,218.738,217.008,1.713
"Tenant 2 [Tier 1] High-Scale Ingestion VIP","PutSmall",1,0,218.130,216.256,1.868
"Tenant 2 [Tier 1] High-Scale Ingestion VIP","GetSmall",1,0,217.374,215.829,1.541
"Tenant 2 [Tier 1] High-Scale Ingestion VIP","PutSmall",1,0,217.987,216.244,1.734
"Tenant 2 [Tier 1] High-Scale Ingestion VIP","PutSmall",1,0,217.786,215.984,1.798
"Tenant 2 [Tier 1] High-Scale Ingestion VIP","PutSmall",1,0,218.034,216.296,1.727
"Tenant 2 [Tier 1] High-Scale Ingestion VIP","GetSmall",1,0,217.890,216.402,1.481
"Tenant 2 [Tier 1] High-Scale Ingestion VIP","PutSmall",1,0,218.483,216.625,1.849
"Tenant 2 [Tier 1] High-Scale Ingestion VIP","PutSmall",1,0,217.820,216.061,1.739
"Tenant 2 [Tier 1] High-Scale Ingestion VIP","GetSmall",1,0,217.423,215.979,1.436
"Tenant 2 [Tier 1] High-Scale Ingestion VIP","GetSmall",1,0,217.058,215.579,1.476
"Tenant 2 [Tier 1] High-Scale Ingestion VIP","PutSmall",1,0,218.018,216.294,1.718
"Tenant 2 [Tier 1] High-Scale Ingestion VIP","GetSmall",1,0,216.913,215.468,1.440
"Tenant 2 [Tier 1] High-Scale Ingestion VIP","PutSmall",1,0,217.894,216.151,1.735
"Tenant 2 [Tier 1] High-Scale Ingestion VIP","PutSmall",1,0,217.819,215.951,1.858
"Tenant 2 [Tier 1] High-Scale Ingestion VIP","PutSmall",1,0,219.163,217.347,1.812
"Tenant 2 [Tier 1] High-Scale Ingestion VIP","PutSmall",1,0,217.706,215.863,1.838
"Tenant 2 [Tier 1] High-Scale Ingestion VIP","GetSmall",1,0,217.534,216.052,1.472
"Tenant 2 [Tier 1] High-Scale Ingestion VIP","PutSmall",1,0,218.670,216.846,1.812
"Tenant 2 [Tier 1] High-Scale Ingestion VIP","PutSmall",1,0,218.726,216.861,1.845
"Tenant 2 [Tier 1] High-Scale Ingestion VIP","PutSmall",1,0,218.109,216.232,1.873
"Tenant 2 [Tier 1] High-Scale Ingestion VIP","PutSmall",1,0,218.308,216.581,1.719
"Tenant 2 [Tier 1] High-Scale Ingestion VIP","GetSmall",1,0,218.013,216.471,1.538
"Tenant 2 [Tier 1] High-Scale Ingestion VIP","PutSmall",1,0,218.182,216.431,1.738
"Tenant 2 [Tier 1] High-Scale Ingestion VIP","PutSmall",1,0,218.888,217.110,1.772
"Tenant 2 [Tier 1] High-Scale Ingestion VIP","PutSmall",1,0,219.215,217.378,1.831
"Tenant 2 [Tier 1] High-Scale Ingestion VIP","GetSmall",1,0,218.543,217.104,1.429
"Tenant 2 [Tier 1] High-Scale Ingestion VIP","PutSmall",1,0,219.337,217.438,1.888
"Tenant 2 [Tier 1] High-Scale Ingestion VIP","PutSmall",1,0,218.676,216.888,1.781
"Tenant 2 [Tier 1] High-Scale Ingestion VIP","PutSmall",1,0,219.582,217.688,1.889
"Tenant 2 [Tier 1] High-Scale Ingestion VIP","GetSmall",1,0,218.096,216.623,1.464
"Tenant 2 [Tier 1] High-Scale Ingestion VIP","GetSmall",1,0,218.951,217.410,1.533
"Tenant 2 [Tier 1] High-Scale Ingestion VIP","PutSmall",1,0,219.120,217.377,1.739
"Tenant 2 [Tier 1] High-Scale Ingestion VIP","PutSmall",1,0,218.059,216.190,1.863
"Tenant 2 [Tier 1] High-Scale Ingestion VIP","PutSmall",1,0,218.168,216.444,1.720
"Tenant 2 [Tier 1] High-Scale Ingestion VIP","GetSmall",1,0,218.307,216.761,1.541
"Tenant 2 [Tier 1] High-Scale Ingestion VIP","PutSmall",1,0,218.939,217.156,1.780
"Tenant 2 [Tier 1] High-Scale Ingestion VIP","PutSmall",1,0,218.836,216.948,1.882
"Tenant 2 [Tier 1] High-Scale Ingestion VIP","PutSmall",1,0,218.675,216.832,1.840
"Tenant 2 [Tier 1] High-Scale Ingestion VIP","GetSmall",1,0,220.432,218.995,1.432
"Tenant 2 [Tier 1] High-Scale Ingestion VIP","GetSmall",1,0,221.189,219.674,1.503
"Tenant 2 [Tier 1] High-Scale Ingestion VIP","GetSmall",1,0,220.961,219.442,1.508
"Tenant 2 [Tier 1] High-Scale Ingestion VIP","PutSmall",1,0,219.451,217.664,1.778
"Tenant 2 [Tier 1] High-Scale Ingestion VIP","GetSmall",1,0,220.750,219.239,1.506
"Tenant 2 [Tier 1] High-Scale Ingestion VIP","PutSmall",1,0,222.849,221.133,1.712
"Tenant 2 [Tier 1] High-Scale Ingestion VIP","PutSmall",1,0,224.162,222.447,1.710
"Tenant 2 [Tier 1] High-Scale Ingestion VIP","GetSmall",1,0,224.508,222.974,1.495
"Tenant 2 [Tier 1] High-Scale Ingestion VIP","PutSmall",1,0,225.791,223.938,1.848
"Tenant 2 [Tier 1] High-Scale Ingestion VIP","GetSmall",1,0,225.962,224.401,1.551
"Tenant 2 [Tier 1] High-Scale Ingestion VIP","PutSmall",1,0,221.092,219.370,1.716
"Tenant 2 [Tier 1] High-Scale Ingestion VIP","PutSmall",1,0,221.045,219.193,1.841
"Tenant 2 [Tier 1] High-Scale Ingestion VIP","GetSmall",1,0,223.566,222.005,1.557
"Tenant 2 [Tier 1] High-Scale Ingestion VIP","PutSmall",1,0,221.812,220.041,1.764
"Tenant 2 [Tier 1] High-Scale Ingestion VIP","PutSmall",1,0,223.404,221.659,1.723
"Tenant 2 [Tier 1] High-Scale Ingestion VIP","PutSmall",1,0,224.377,222.572,1.801
"Tenant 2 [Tier 1] High-Scale Ingestion VIP","PutSmall",1,0,224.551,222.714,1.832
"Tenant 2 [Tier 1] High-Scale Ingestion VIP","GetSmall",1,0,223.699,222.182,1.513
"Tenant 2 [Tier 1] High-Scale Ingestion VIP","GetSmall",1,0,223.681,222.146,1.506
"Tenant 2 [Tier 1] High-Scale Ingestion VIP","GetSmall",1,0,221.133,219.655,1.470
"Tenant 2 [Tier 1] High-Scale Ingestion VIP","GetSmall",1,0,221.664,220.074,1.575
"Tenant 2 [Tier 1] High-Scale Ingestion VIP","PutSmall",1,0,222.700,220.756,1.888
"Tenant 2 [Tier 1] High-Scale Ingestion VIP","PutSmall",1,0,222.695,220.904,1.787
"Tenant 2 [Tier 1] High-Scale Ingestion VIP","PutSmall",1,0,223.350,221.569,1.775
"Tenant 2 [Tier 1] High-Scale Ingestion VIP","GetSmall",1,0,222.992,221.556,1.432
"Tenant 2 [Tier 1] High-Scale Ingestion VIP","PutSmall",1,0,223.228,221.308,1.877
"Tenant 2 [Tier 1] High-Scale Ingestion VIP","PutSmall",1,0,223.583,221.703,1.864
"Tenant 2 [Tier 1] High-Scale Ingestion VIP","GetSmall",1,0,223.248,221.812,1.430
"Tenant 2 [Tier 1] High-Scale Ingestion VIP","GetSmall",1,0,222.902,221.395,1.482
"Tenant 2 [Tier 1] High-Scale Ingestion VIP","PutSmall",1,0,223.959,222.216,1.739
"Tenant 2 [Tier 1] High-Scale Ingestion VIP","PutSmall",1,0,224.062,222.274,1.767
"Tenant 2 [Tier 1] High-Scale Ingestion VIP","PutSmall",1,0,223.365,221.535,1.816
"Tenant 2 [Tier 1] High-Scale Ingestion VIP","PutSmall",1,0,224.279,222.386,1.875
"Tenant 2 [Tier 1] High-Scale Ingestion VIP","PutSmall",1,0,224.134,222.414,1.713
"Tenant 2 [Tier 1] High-Scale Ingestion VIP","PutSmall",1,0,224.381,222.546,1.828
"Tenant 2 [Tier 1] High-Scale Ingestion VIP","GetSmall",1,0,224.164,222.668,1.494
"Tenant 2 [Tier 1] High-Scale Ingestion VIP","PutSmall",1,0,225.266,223.464,1.799
"Tenant 2 [Tier 1] High-Scale Ingestion VIP","PutSmall",1,0,225.043,223.227,1.801
"Tenant 2 [Tier 1] High-Scale Ingestion VIP","PutSmall",1,0,224.801,223.031,1.764
"Tenant 2 [Tier 1] High-Scale Ingestion VIP","PutSmall",1,0,224.264,222.401,1.859
"Tenant 2 [Tier 1] High-Scale Ingestion VIP","PutSmall",1,0,224.396,222.501,1.882
"Tenant 2 [Tier 1] High-Scale Ingestion VIP","GetSmall",1,0,223.640,222.163,1.471
"Tenant 2 [Tier 1] High-Scale Ingestion VIP","GetSmall",1,0,224.105,222.533,1.568
"Tenant 2 [Tier 1] High-Scale Ingestion VIP","PutSmall",1,0,224.002,222.166,1.832
"Tenant 2 [Tier 1] High-Scale Ingestion VIP","PutSmall",1,0,225.333,223.473,1.839
"Tenant 2 [Tier 1] High-Scale Ingestion VIP","PutSmall",1,0,224.401,222.513,1.884
"Tenant 2 [Tier 1] High-Scale Ingestion VIP","PutSmall",1,0,224.434,222.677,1.753
"Tenant 2 [Tier 1] High-Scale Ingestion VIP","GetSmall",1,0,224.160,222.682,1.474
"Tenant 2 [Tier 1] High-Scale Ingestion VIP","PutSmall",1,0,224.658,222.894,1.759
"Tenant 2 [Tier 1] High-Scale Ingestion VIP","GetSmall",1,0,223.862,222.348,1.512
"Tenant 2 [Tier 1] High-Scale Ingestion VIP","PutSmall",1,0,224.206,222.389,1.811
"Tenant 2 [Tier 1] High-Scale Ingestion VIP","PutSmall",1,0,224.023,222.178,1.836
"Tenant 2 [Tier 1] High-Scale Ingestion VIP","PutSmall",1,0,224.224,222.355,1.863
"Tenant 2 [Tier 1] High-Scale Ingestion VIP","PutSmall",1,0,224.345,222.458,1.867
"Tenant 2 [Tier 1] High-Scale Ingestion VIP","GetSmall",1,0,224.620,223.139,1.478
"Tenant 2 [Tier 1] High-Scale Ingestion VIP","PutSmall",1,0,226.360,224.630,1.727
"Tenant 2 [Tier 1] High-Scale Ingestion VIP","PutSmall",1,0,223.746,221.942,1.799
"Tenant 2 [Tier 1] High-Scale Ingestion VIP","GetSmall",1,0,224.067,222.496,1.556
"Tenant 2 [Tier 1] High-Scale Ingestion VIP","PutSmall",1,0,224.143,222.371,1.767
"Tenant 2 [Tier 1] High-Scale Ingestion VIP","GetSmall",1,0,223.809,222.302,1.503
"Tenant 2 [Tier 1] High-Scale Ingestion VIP","PutSmall",1,0,224.728,222.869,1.856
"Tenant 2 [Tier 1] High-Scale Ingestion VIP","PutSmall",1,0,224.100,222.329,1.766
"Tenant 2 [Tier 1] High-Scale Ingestion VIP","PutSmall",1,0,224.616,222.821,1.791
"Tenant 2 [Tier 1] High-Scale Ingestion VIP","GetSmall",1,0,223.599,222.082,1.507
"Tenant 2 [Tier 1] High-Scale Ingestion VIP","PutSmall",1,0,226.792,224.982,1.798
"Tenant 2 [Tier 1] High-Scale Ingestion VIP","PutSmall",1,0,223.860,222.008,1.846
"Tenant 2 [Tier 1] High-Scale Ingestion VIP","GetSmall",1,0,224.240,222.767,1.471
"Tenant 2 [Tier 1] High-Scale Ingestion VIP","GetSmall",1,0,223.382,221.889,1.489
"Tenant 2 [Tier 1] High-Scale Ingestion VIP","PutSmall",1,0,224.552,222.763,1.784
"Tenant 2 [Tier 1] High-Scale Ingestion VIP","PutSmall",1,0,222.590,220.840,1.746
"Tenant 2 [Tier 1] High-Scale Ingestion VIP","GetSmall",1,0,225.926,224.337,1.575
"Tenant 2 [Tier 1] High-Scale Ingestion VIP","PutSmall",1,0,224.608,222.842,1.760
"Tenant 2 [Tier 1] High-Scale Ingestion VIP","PutSmall",1,0,226.947,225.130,1.804
"Tenant 2 [Tier 1] High-Scale Ingestion VIP","GetSmall",1,0,229.547,228.032,1.504
"Tenant 2 [Tier 1] High-Scale Ingestion VIP","PutSmall",1,0,221.605,219.759,1.833
"Tenant 2 [Tier 1] High-Scale Ingestion VIP","PutSmall",1,0,221.531,219.628,1.886
"Tenant 2 [Tier 1] High-Scale Ingestion VIP","PutSmall",1,0,223.648,221.871,1.752
"Tenant 2 [Tier 1] High-Scale Ingestion VIP","PutSmall",1,0,221.109,219.282,1.816
"Tenant 2 [Tier 1] High-Scale Ingestion VIP","PutSmall",1,0,223.675,221.853,1.777
"Tenant 2 [Tier 1] High-Scale Ingestion VIP","GetSmall",1,0,223.635,222.097,1.514
"Tenant 2 [Tier 1] High-Scale Ingestion VIP","PutSmall",1,0,223.856,222.066,1.787
"Tenant 2 [Tier 1] High-Scale Ingestion VIP","PutSmall",1,0,223.506,221.781,1.718
"Tenant 2 [Tier 1] High-Scale Ingestion VIP","PutSmall",1,0,223.548,221.736,1.785
"Tenant 2 [Tier 1] High-Scale Ingestion VIP","GetSmall",1,0,221.720,220.253,1.453
"Tenant 2 [Tier 1] High-Scale Ingestion VIP","PutSmall",1,0,222.003,220.131,1.858
"Tenant 2 [Tier 1] High-Scale Ingestion VIP","PutSmall",1,0,222.798,221.041,1.747
"Tenant 2 [Tier 1] High-Scale Ingestion VIP","PutSmall",1,0,222.696,220.978,1.710
"Tenant 2 [Tier 1] High-Scale Ingestion VIP","GetSmall",1,0,224.191,222.660,1.525
"Tenant 2 [Tier 1] High-Scale Ingestion VIP","PutSmall",1,0,224.557,222.737,1.817
"Tenant 2 [Tier 1] High-Scale Ingestion VIP","PutSmall",1,0,224.979,223.192,1.775
"Tenant 2 [Tier 1] High-Scale Ingestion VIP","PutSmall",1,0,225.406,223.579,1.822
"Tenant 2 [Tier 1] High-Scale Ingestion VIP","PutSmall",1,0,225.375,223.591,1.774
"Tenant 2 [Tier 1] High-Scale Ingestion VIP","PutSmall",1,0,224.277,222.425,1.849
"Tenant 2 [Tier 1] High-Scale Ingestion VIP","GetSmall",1,0,224.750,223.232,1.513
"Tenant 2 [Tier 1] High-Scale Ingestion VIP","GetSmall",1,0,224.754,223.189,1.562
"Tenant 2 [Tier 1] High-Scale Ingestion VIP","GetSmall",1,0,223.291,221.724,1.562
"Tenant 2 [Tier 1] High-Scale Ingestion VIP","PutSmall",1,0,225.035,223.173,1.858
"Tenant 2 [Tier 1] High-Scale Ingestion VIP","GetSmall",1,0,223.604,222.092,1.508
"Tenant 2 [Tier 1] High-Scale Ingestion VIP","PutSmall",1,0,223.711,221.975,1.731
"Tenant 2 [Tier 1] High-Scale Ingestion VIP","GetSmall",1,0,223.540,222.006,1.530
"Tenant 2 [Tier 1] High-Scale Ingestion VIP","PutSmall",1,0,223.802,222.021,1.777
"Tenant 2 [Tier 1] High-Scale Ingestion VIP","PutSmall",1,0,224.208,222.326,1.876
"Tenant 2 [Tier 1] High-Scale Ingestion VIP","GetSmall",1,0,223.244,221.731,1.500
"Tenant 2 [Tier 1] High-Scale Ingestion VIP","PutSmall",1,0,223.591,221.826,1.762
"Tenant 2 [Tier 1] High-Scale Ingestion VIP","PutSmall",1,0,223.110,221.280,1.828
"Tenant 2 [Tier 1] High-Scale Ingestion VIP","GetSmall",1,0,222.844,221.404,1.434
"Tenant 2 [Tier 1] High-Scale Ingestion VIP","GetSmall",1,0,223.002,221.485,1.515
"Tenant 2 [Tier 1] High-Scale Ingestion VIP","GetSmall",1,0,222.714,221.211,1.498
"Tenant 2 [Tier 1] High-Scale Ingestion VIP","PutSmall",1,0,223.922,222.178,1.736
"Tenant 2 [Tier 1] High-Scale Ingestion VIP","PutSmall",1,0,223.956,222.187,1.763
"Tenant 2 [Tier 1] High-Scale Ingestion VIP","GetSmall",1,0,223.777,222.262,1.506
"Tenant 2 [Tier 1] High-Scale Ingestion VIP","PutSmall",1,0,223.533,221.762,1.764
"Tenant 2 [Tier 1] High-Scale Ingestion VIP","GetSmall",1,0,224.041,222.509,1.527
"Tenant 2 [Tier 1] High-Scale Ingestion VIP","PutSmall",1,0,223.484,221.717,1.763
"Tenant 2 [Tier 1] High-Scale Ingestion VIP","PutSmall",1,0,223.801,222.018,1.767
"Tenant 2 [Tier 1] High-Scale Ingestion VIP","GetSmall",1,0,222.859,221.423,1.431
"Tenant 2 [Tier 1] High-Scale Ingestion VIP","GetSmall",1,0,223.149,221.657,1.487
"Tenant 2 [Tier 1] High-Scale Ingestion VIP","PutSmall",1,0,224.027,222.195,1.829
"Tenant 2 [Tier 1] High-Scale Ingestion VIP","PutSmall",1,0,223.314,221.511,1.798
"Tenant 2 [Tier 1] High-Scale Ingestion VIP","GetSmall",1,0,223.125,221.637,1.485
"Tenant 2 [Tier 1] High-Scale Ingestion VIP","PutSmall",1,0,223.964,222.232,1.729
"Tenant 2 [Tier 1] High-Scale Ingestion VIP","PutSmall",1,0,223.951,222.158,1.789
"Tenant 2 [Tier 1] High-Scale Ingestion VIP","GetSmall",1,0,223.234,221.736,1.495
"Tenant 2 [Tier 1] High-Scale Ingestion VIP","GetSmall",1,0,223.751,222.197,1.551
"Tenant 2 [Tier 1] High-Scale Ingestion VIP","PutSmall",1,0,223.246,221.387,1.855
"Tenant 2 [Tier 1] High-Scale Ingestion VIP","GetSmall",1,0,224.910,223.480,1.426
"Tenant 2 [Tier 1] High-Scale Ingestion VIP","GetSmall",1,0,222.459,220.988,1.462
"Tenant 2 [Tier 1] High-Scale Ingestion VIP","PutSmall",1,0,225.832,224.098,1.731
"Tenant 2 [Tier 1] High-Scale Ingestion VIP","PutSmall",1,0,223.109,221.380,1.727
"Tenant 2 [Tier 1] High-Scale Ingestion VIP","PutSmall",1,0,223.594,221.816,1.775
"Tenant 2 [Tier 1] High-Scale Ingestion VIP","PutSmall",1,0,223.614,221.763,1.844
"Tenant 2 [Tier 1] High-Scale Ingestion VIP","GetSmall",1,0,221.983,220.402,1.565
"Tenant 2 [Tier 1] High-Scale Ingestion VIP","GetSmall",1,0,220.677,219.242,1.430
"Tenant 2 [Tier 1] High-Scale Ingestion VIP","PutSmall",1,0,222.606,220.828,1.773
"Tenant 2 [Tier 1] High-Scale Ingestion VIP","PutSmall",1,0,221.304,219.530,1.770
"Tenant 2 [Tier 1] High-Scale Ingestion VIP","PutSmall",1,0,219.161,217.444,1.713
"Tenant 2 [Tier 1] High-Scale Ingestion VIP","PutSmall",1,0,221.366,219.621,1.740
"Tenant 2 [Tier 1] High-Scale Ingestion VIP","GetSmall",1,0,218.207,216.677,1.525
"Tenant 2 [Tier 1] High-Scale Ingestion VIP","PutSmall",1,0,218.538,216.785,1.743
"Tenant 2 [Tier 1] High-Scale Ingestion VIP","PutSmall",1,0,219.403,217.531,1.836
"Tenant 2 [Tier 1] High-Scale Ingestion VIP","PutSmall",1,0,218.283,216.481,1.777
"Tenant 2 [Tier 1] High-Scale Ingestion VIP","PutSmall",1,0,218.356,216.454,1.876
"Tenant 2 [Tier 1] High-Scale Ingestion VIP","PutSmall",1,0,220.006,218.284,1.718
"Tenant 2 [Tier 1] High-Scale Ingestion VIP","GetSmall",1,0,218.841,217.356,1.480
"Tenant 2 [Tier 1] High-Scale Ingestion VIP","PutSmall",1,0,221.598,219.710,1.829
"Tenant 2 [Tier 1] High-Scale Ingestion VIP","PutSmall",1,0,220.499,218.745,1.737
"Tenant 2 [Tier 1] High-Scale Ingestion VIP","PutSmall",1,0,222.182,220.372,1.804
"Tenant 2 [Tier 1] High-Scale Ingestion VIP","PutSmall",1,0,221.203,219.344,1.852
"Tenant 2 [Tier 1] High-Scale Ingestion VIP","PutSmall",1,0,221.612,219.734,1.867
"Tenant 2 [Tier 1] High-Scale Ingestion VIP","PutSmall",1,0,219.882,218.014,1.863
"Tenant 2 [Tier 1] High-Scale Ingestion VIP","PutSmall",1,0,219.082,217.257,1.819
"Tenant 2 [Tier 1] High-Scale Ingestion VIP","GetSmall",1,0,220.131,218.616,1.477
"Tenant 2 [Tier 1] High-Scale Ingestion VIP","PutSmall",1,0,220.754,218.906,1.842
"Tenant 2 [Tier 1] High-Scale Ingestion VIP","PutSmall",1,0,220.942,219.214,1.724
"Tenant 2 [Tier 1] High-Scale Ingestion VIP","PutSmall",1,0,220.959,219.166,1.789
"Tenant 2 [Tier 1] High-Scale Ingestion VIP","GetSmall",1,0,221.078,219.554,1.518
"Tenant 2 [Tier 1] High-Scale Ingestion VIP","PutSmall",1,0,220.620,218.778,1.838
"Tenant 2 [Tier 1] High-Scale Ingestion VIP","PutSmall",1,0,221.342,219.485,1.850
"Tenant 2 [Tier 1] High-Scale Ingestion VIP","GetSmall",1,0,221.043,219.565,1.470
"Tenant 2 [Tier 1] High-Scale Ingestion VIP","PutSmall",1,0,221.621,219.883,1.734
"Tenant 2 [Tier 1] High-Scale Ingestion VIP","PutSmall",1,0,221.640,219.885,1.737
"Tenant 2 [Tier 1] High-Scale Ingestion VIP","GetSmall",1,0,221.101,219.551,1.547
"Tenant 2 [Tier 1] High-Scale Ingestion VIP","PutSmall",1,0,221.520,219.773,1.741
"Tenant 2 [Tier 1] High-Scale Ingestion VIP","GetSmall",1,0,220.930,219.414,1.512
"Tenant 2 [Tier 1] High-Scale Ingestion VIP","PutSmall",1,0,220.995,219.164,1.827
"Tenant 2 [Tier 1] High-Scale Ingestion VIP","GetSmall",1,0,221.387,219.875,1.507
"Tenant 2 [Tier 1] High-Scale Ingestion VIP","GetSmall",1,0,221.105,219.562,1.540
"Tenant 2 [Tier 1] High-Scale Ingestion VIP","PutSmall",1,0,221.582,219.814,1.765
"Tenant 2 [Tier 1] High-Scale Ingestion VIP","GetSmall",1,0,221.290,219.777,1.508
"Tenant 2 [Tier 1] High-Scale Ingestion VIP","GetSmall",1,0,221.740,220.260,1.475
"Tenant 2 [Tier 1] High-Scale Ingestion VIP","PutSmall",1,0,222.093,220.334,1.754
"Tenant 2 [Tier 1] High-Scale Ingestion VIP","PutSmall",1,0,221.073,219.225,1.846
"Tenant 2 [Tier 1] High-Scale Ingestion VIP","PutSmall",1,0,221.299,219.525,1.772
"Tenant 2 [Tier 1] High-Scale Ingestion VIP","PutSmall",1,0,221.397,219.530,1.864
"Tenant 2 [Tier 1] High-Scale Ingestion VIP","PutSmall",1,0,221.713,219.938,1.770
"Tenant 2 [Tier 1] High-Scale Ingestion VIP","GetSmall",1,0,221.516,220.007,1.505
"Tenant 2 [Tier 1] High-Scale Ingestion VIP","PutSmall",1,0,222.601,220.797,1.793
"Tenant 2 [Tier 1] High-Scale Ingestion VIP","PutSmall",1,0,221.625,219.763,1.860
"Tenant 2 [Tier 1] High-Scale Ingestion VIP","PutSmall",1,0,222.036,220.301,1.726
"Tenant 2 [Tier 1] High-Scale Ingestion VIP","PutSmall",1,0,222.031,220.141,1.886
"Tenant 2 [Tier 1] High-Scale Ingestion VIP","GetSmall",1,0,222.268,220.732,1.522
"Tenant 2 [Tier 1] High-Scale Ingestion VIP","PutSmall",1,0,222.679,220.816,1.858
"Tenant 2 [Tier 1] High-Scale Ingestion VIP","GetSmall",1,0,221.567,219.991,1.564
"Tenant 2 [Tier 1] High-Scale Ingestion VIP","PutSmall",1,0,221.993,220.230,1.756
"Tenant 2 [Tier 1] High-Scale Ingestion VIP","PutSmall",1,0,222.706,220.888,1.816
"Tenant 2 [Tier 1] High-Scale Ingestion VIP","GetSmall",1,0,221.932,220.471,1.449
"Tenant 2 [Tier 1] High-Scale Ingestion VIP","PutSmall",1,0,222.249,220.524,1.717
"Tenant 2 [Tier 1] High-Scale Ingestion VIP","PutSmall",1,0,221.947,220.161,1.783
"Tenant 2 [Tier 1] High-Scale Ingestion VIP","PutSmall",1,0,222.816,220.996,1.815
"Tenant 2 [Tier 1] High-Scale Ingestion VIP","GetSmall",1,0,222.163,220.728,1.431
"Tenant 2 [Tier 1] High-Scale Ingestion VIP","GetSmall",1,0,221.993,220.461,1.527
"Tenant 2 [Tier 1] High-Scale Ingestion VIP","GetSmall",1,0,222.327,220.760,1.564
"Tenant 2 [Tier 1] High-Scale Ingestion VIP","PutSmall",1,0,221.793,220.057,1.723
"Tenant 2 [Tier 1] High-Scale Ingestion VIP","PutSmall",1,0,221.950,220.111,1.836
"Tenant 2 [Tier 1] High-Scale Ingestion VIP","GetSmall",1,0,222.156,220.695,1.452
"Tenant 2 [Tier 1] High-Scale Ingestion VIP","GetSmall",1,0,222.018,220.556,1.456
"Tenant 2 [Tier 1] High-Scale Ingestion VIP","PutSmall",1,0,224.164,222.375,1.784
"Tenant 2 [Tier 1] High-Scale Ingestion VIP","GetSmall",1,0,222.254,220.775,1.469
"Tenant 2 [Tier 1] High-Scale Ingestion VIP","PutSmall",1,0,220.480,218.733,1.740
"Tenant 2 [Tier 1] High-Scale Ingestion VIP","GetSmall",1,0,224.848,223.362,1.478
"Tenant 2 [Tier 1] High-Scale Ingestion VIP","PutSmall",1,0,221.874,220.117,1.752
"Tenant 2 [Tier 1] High-Scale Ingestion VIP","PutSmall",1,0,225.231,223.379,1.848
"Tenant 2 [Tier 1] High-Scale Ingestion VIP","PutSmall",1,0,216.221,214.454,1.717
"Tenant 2 [Tier 1] High-Scale Ingestion VIP","GetSmall",1,0,219.884,218.327,1.498
"Tenant 2 [Tier 1] High-Scale Ingestion VIP","GetSmall",1,0,218.492,216.946,1.471
"Tenant 2 [Tier 1] High-Scale Ingestion VIP","PutSmall",1,0,218.742,216.847,1.861
"Tenant 2 [Tier 1] High-Scale Ingestion VIP","PutSmall",1,0,218.963,217.157,1.802
"Tenant 2 [Tier 1] High-Scale Ingestion VIP","PutSmall",1,0,217.958,216.124,1.828
"Tenant 2 [Tier 1] High-Scale Ingestion VIP","PutSmall",1,0,216.543,214.758,1.781
"Tenant 2 [Tier 1] High-Scale Ingestion VIP","PutSmall",1,0,218.199,216.335,1.837
"Tenant 2 [Tier 1] High-Scale Ingestion VIP","GetSmall",1,0,218.053,216.551,1.500
"Tenant 2 [Tier 1] High-Scale Ingestion VIP","GetSmall",1,0,218.101,216.564,1.534
"Tenant 2 [Tier 1] High-Scale Ingestion VIP","PutSmall",1,0,218.358,216.604,1.719
"Tenant 2 [Tier 1] High-Scale Ingestion VIP","GetSmall",1,0,217.957,216.449,1.500
"Tenant 2 [Tier 1] High-Scale Ingestion VIP","PutSmall",1,0,219.221,217.389,1.821
"Tenant 2 [Tier 1] High-Scale Ingestion VIP","GetSmall",1,0,216.170,214.661,1.499
"Tenant 2 [Tier 1] High-Scale Ingestion VIP","PutSmall",1,0,216.839,214.978,1.855
"Tenant 2 [Tier 1] High-Scale Ingestion VIP","GetSmall",1,0,217.181,215.597,1.571
"Tenant 2 [Tier 1] High-Scale Ingestion VIP","PutSmall",1,0,217.481,215.670,1.799
"Tenant 2 [Tier 1] High-Scale Ingestion VIP","GetSmall",1,0,217.726,216.235,1.487
"Tenant 2 [Tier 1] High-Scale Ingestion VIP","PutSmall",1,0,217.733,215.917,1.810
"Tenant 2 [Tier 1] High-Scale Ingestion VIP","GetSmall",1,0,217.732,216.228,1.501
"Tenant 2 [Tier 1] High-Scale Ingestion VIP","PutSmall",1,0,217.809,216.054,1.751
"Tenant 2 [Tier 1] High-Scale Ingestion VIP","PutSmall",1,0,218.892,217.007,1.873
"Tenant 2 [Tier 1] High-Scale Ingestion VIP","PutSmall",1,0,217.869,215.982,1.878
"Tenant 2 [Tier 1] High-Scale Ingestion VIP","PutSmall",1,0,218.130,216.308,1.817
"Tenant 2 [Tier 1] High-Scale Ingestion VIP","PutSmall",1,0,218.381,216.528,1.851
"Tenant 2 [Tier 1] High-Scale Ingestion VIP","GetSmall",1,0,218.041,216.556,1.479
"Tenant 2 [Tier 1] High-Scale Ingestion VIP","PutSmall",1,0,218.870,217.050,1.817
"Tenant 2 [Tier 1] High-Scale Ingestion VIP","PutSmall",1,0,219.207,217.358,1.846
"Tenant 2 [Tier 1] High-Scale Ingestion VIP","PutSmall",1,0,218.412,216.581,1.824
"Tenant 2 [Tier 1] High-Scale Ingestion VIP","PutSmall",1,0,218.537,216.806,1.726
"Tenant 2 [Tier 1] High-Scale Ingestion VIP","GetSmall",1,0,217.817,216.320,1.493
"Tenant 2 [Tier 1] High-Scale Ingestion VIP","PutSmall",1,0,218.965,217.245,1.715
"Tenant 2 [Tier 1] High-Scale Ingestion VIP","GetSmall",1,0,218.364,216.806,1.555
"Tenant 2 [Tier 1] High-Scale Ingestion VIP","PutSmall",1,0,218.556,216.709,1.844
"Tenant 2 [Tier 1] High-Scale Ingestion VIP","PutSmall",1,0,218.595,216.875,1.716
"Tenant 2 [Tier 1] High-Scale Ingestion VIP","PutSmall",1,0,218.839,216.955,1.882
"Tenant 2 [Tier 1] High-Scale Ingestion VIP","GetSmall",1,0,217.310,215.879,1.425
"Tenant 2 [Tier 1] High-Scale Ingestion VIP","PutSmall",1,0,217.923,216.145,1.774
"Tenant 2 [Tier 1] High-Scale Ingestion VIP","GetSmall",1,0,217.268,215.711,1.542
"Tenant 2 [Tier 1] High-Scale Ingestion VIP","PutSmall",1,0,217.760,215.862,1.876
"Tenant 2 [Tier 1] High-Scale Ingestion VIP","PutSmall",1,0,217.972,216.134,1.836
"Tenant 2 [Tier 1] High-Scale Ingestion VIP","PutSmall",1,0,218.315,216.511,1.798
"Tenant 2 [Tier 1] High-Scale Ingestion VIP","PutSmall",1,0,219.633,217.814,1.816
"Tenant 2 [Tier 1] High-Scale Ingestion VIP","GetSmall",1,0,217.777,216.315,1.450
"Tenant 2 [Tier 1] High-Scale Ingestion VIP","PutSmall",1,0,217.845,216.128,1.712
"Tenant 2 [Tier 1] High-Scale Ingestion VIP","PutSmall",1,0,217.805,216.073,1.721
"Tenant 2 [Tier 1] High-Scale Ingestion VIP","PutSmall",1,0,221.154,219.264,1.886
"Tenant 2 [Tier 1] High-Scale Ingestion VIP","GetSmall",1,0,217.698,216.208,1.487
"Tenant 2 [Tier 1] High-Scale Ingestion VIP","PutSmall",1,0,218.293,216.531,1.759
"Tenant 2 [Tier 1] High-Scale Ingestion VIP","PutSmall",1,0,218.120,216.268,1.849
"Tenant 2 [Tier 1] High-Scale Ingestion VIP","PutSmall",1,0,218.226,216.487,1.736
"Tenant 2 [Tier 1] High-Scale Ingestion VIP","PutSmall",1,0,218.407,216.521,1.882
"Tenant 2 [Tier 1] High-Scale Ingestion VIP","GetSmall",1,0,218.967,217.516,1.437
"Tenant 2 [Tier 1] High-Scale Ingestion VIP","GetSmall",1,0,219.108,217.547,1.557
"Tenant 2 [Tier 1] High-Scale Ingestion VIP","PutSmall",1,0,218.319,216.595,1.721
"Tenant 2 [Tier 1] High-Scale Ingestion VIP","PutSmall",1,0,218.829,217.052,1.769
"Tenant 2 [Tier 1] High-Scale Ingestion VIP","PutSmall",1,0,218.600,216.726,1.870
"Tenant 2 [Tier 1] High-Scale Ingestion VIP","PutSmall",1,0,219.001,217.144,1.854
"Tenant 2 [Tier 1] High-Scale Ingestion VIP","GetSmall",1,0,218.943,217.450,1.489
"Tenant 2 [Tier 1] High-Scale Ingestion VIP","PutSmall",1,0,218.388,216.514,1.870
"Tenant 2 [Tier 1] High-Scale Ingestion VIP","PutSmall",1,0,220.690,218.972,1.715
"Tenant 2 [Tier 1] High-Scale Ingestion VIP","PutSmall",1,0,220.097,218.268,1.825
"Tenant 2 [Tier 1] High-Scale Ingestion VIP","GetSmall",1,0,221.742,220.177,1.553
"Tenant 2 [Tier 1] High-Scale Ingestion VIP","PutSmall",1,0,223.329,221.570,1.754
"Tenant 2 [Tier 1] High-Scale Ingestion VIP","PutSmall",1,0,219.270,217.550,1.717
"Tenant 2 [Tier 1] High-Scale Ingestion VIP","PutSmall",1,0,220.032,218.208,1.803
"Tenant 2 [Tier 1] High-Scale Ingestion VIP","GetSmall",1,0,221.191,219.632,1.553
"Tenant 2 [Tier 1] High-Scale Ingestion VIP","PutSmall",1,0,221.008,219.270,1.735
"Tenant 2 [Tier 1] High-Scale Ingestion VIP","GetSmall",1,0,218.840,217.312,1.523
"Tenant 2 [Tier 1] High-Scale Ingestion VIP","PutSmall",1,0,221.233,219.341,1.886
"Tenant 2 [Tier 1] High-Scale Ingestion VIP","GetSmall",1,0,220.055,218.536,1.481
"Tenant 2 [Tier 1] High-Scale Ingestion VIP","PutSmall",1,0,220.371,218.486,1.834
"Tenant 2 [Tier 1] High-Scale Ingestion VIP","PutSmall",1,0,220.271,218.486,1.780
"Tenant 2 [Tier 1] High-Scale Ingestion VIP","PutSmall",1,0,220.445,218.547,1.881
"Tenant 2 [Tier 1] High-Scale Ingestion VIP","PutSmall",1,0,218.543,216.804,1.716
"Tenant 2 [Tier 1] High-Scale Ingestion VIP","PutSmall",1,0,221.048,219.267,1.766
"Tenant 2 [Tier 1] High-Scale Ingestion VIP","GetSmall",1,0,220.977,219.429,1.512
"Tenant 2 [Tier 1] High-Scale Ingestion VIP","PutSmall",1,0,221.103,219.250,1.845
"Tenant 2 [Tier 1] High-Scale Ingestion VIP","GetSmall",1,0,219.182,217.638,1.539
"Tenant 2 [Tier 1] High-Scale Ingestion VIP","PutSmall",1,0,221.807,220.032,1.771
"Tenant 2 [Tier 1] High-Scale Ingestion VIP","PutSmall",1,0,219.701,217.872,1.826
"Tenant 2 [Tier 1] High-Scale Ingestion VIP","GetSmall",1,0,221.259,219.679,1.545
"Tenant 2 [Tier 1] High-Scale Ingestion VIP","PutSmall",1,0,221.825,220.003,1.788
"Tenant 2 [Tier 1] High-Scale Ingestion VIP","GetSmall",1,0,220.954,219.498,1.453
"Tenant 2 [Tier 1] High-Scale Ingestion VIP","GetSmall",1,0,221.105,219.531,1.567
"Tenant 2 [Tier 1] High-Scale Ingestion VIP","PutSmall",1,0,221.638,219.882,1.753
"Tenant 2 [Tier 1] High-Scale Ingestion VIP","PutSmall",1,0,221.358,219.507,1.847
"Tenant 2 [Tier 1] High-Scale Ingestion VIP","GetSmall",1,0,221.124,219.618,1.501
"Tenant 2 [Tier 1] High-Scale Ingestion VIP","PutSmall",1,0,221.926,220.066,1.857
"Tenant 2 [Tier 1] High-Scale Ingestion VIP","PutSmall",1,0,220.498,218.623,1.864
"Tenant 2 [Tier 1] High-Scale Ingestion VIP","GetSmall",1,0,221.028,219.554,1.458
"Tenant 2 [Tier 1] High-Scale Ingestion VIP","GetSmall",1,0,221.140,219.595,1.541
"Tenant 2 [Tier 1] High-Scale Ingestion VIP","PutSmall",1,0,221.444,219.622,1.770
"Tenant 2 [Tier 1] High-Scale Ingestion VIP","PutSmall",1,0,221.066,219.206,1.842
"Tenant 2 [Tier 1] High-Scale Ingestion VIP","GetSmall",1,0,219.815,218.275,1.536
"Tenant 2 [Tier 1] High-Scale Ingestion VIP","GetSmall",1,0,220.098,218.527,1.569
"Tenant 2 [Tier 1] High-Scale Ingestion VIP","PutSmall",1,0,220.863,219.128,1.731
"Tenant 2 [Tier 1] High-Scale Ingestion VIP","GetSmall",1,0,219.426,217.974,1.450
"Tenant 2 [Tier 1] High-Scale Ingestion VIP","PutSmall",1,0,220.337,218.598,1.736
"Tenant 2 [Tier 1] High-Scale Ingestion VIP","PutSmall",1,0,220.867,219.038,1.825
"Tenant 2 [Tier 1] High-Scale Ingestion VIP","PutSmall",1,0,221.189,219.429,1.758
"Tenant 2 [Tier 1] High-Scale Ingestion VIP","GetSmall",1,0,220.602,219.149,1.450
"Tenant 2 [Tier 1] High-Scale Ingestion VIP","GetSmall",1,0,220.540,219.021,1.516
"Tenant 2 [Tier 1] High-Scale Ingestion VIP","PutSmall",1,0,220.795,219.034,1.759
"Tenant 2 [Tier 1] High-Scale Ingestion VIP","PutSmall",1,0,220.968,219.091,1.874
"Tenant 2 [Tier 1] High-Scale Ingestion VIP","PutSmall",1,0,220.232,218.426,1.803
"Tenant 2 [Tier 1] High-Scale Ingestion VIP","GetSmall",1,0,220.664,219.127,1.534
"Tenant 2 [Tier 1] High-Scale Ingestion VIP","PutSmall",1,0,220.626,218.831,1.791
"Tenant 2 [Tier 1] High-Scale Ingestion VIP","PutSmall",1,0,220.410,218.578,1.829
"Tenant 2 [Tier 1] High-Scale Ingestion VIP","PutSmall",1,0,220.421,218.565,1.842
"Tenant 2 [Tier 1] High-Scale Ingestion VIP","GetSmall",1,0,220.390,218.846,1.540
"Tenant 2 [Tier 1] High-Scale Ingestion VIP","GetSmall",1,0,219.632,218.073,1.548
"Tenant 2 [Tier 1] High-Scale Ingestion VIP","GetSmall",1,0,221.504,220.049,1.444
"Tenant 2 [Tier 1] High-Scale Ingestion VIP","PutSmall",1,0,221.957,220.132,1.810
"Tenant 2 [Tier 1] High-Scale Ingestion VIP","PutSmall",1,0,222.221,220.440,1.777
"Tenant 2 [Tier 1] High-Scale Ingestion VIP","GetSmall",1,0,219.952,218.451,1.496
"Tenant 2 [Tier 1] High-Scale Ingestion VIP","GetSmall",1,0,219.178,217.662,1.505
"Tenant 2 [Tier 1] High-Scale Ingestion VIP","GetSmall",1,0,219.315,217.769,1.535
"Tenant 2 [Tier 1] High-Scale Ingestion VIP","GetSmall",1,0,218.698,217.234,1.460
"Tenant 2 [Tier 1] High-Scale Ingestion VIP","PutSmall",1,0,219.579,217.845,1.726
"Tenant 2 [Tier 1] High-Scale Ingestion VIP","GetSmall",1,0,219.274,217.702,1.567
"Tenant 2 [Tier 1] High-Scale Ingestion VIP","PutSmall",1,0,219.469,217.620,1.838
"Tenant 2 [Tier 1] High-Scale Ingestion VIP","GetSmall",1,0,218.489,216.980,1.503
"Tenant 2 [Tier 1] High-Scale Ingestion VIP","GetSmall",1,0,220.655,219.171,1.479
"Tenant 2 [Tier 1] High-Scale Ingestion VIP","GetSmall",1,0,224.128,222.604,1.520
"Tenant 2 [Tier 1] High-Scale Ingestion VIP","GetSmall",1,0,222.574,221.036,1.522
"Tenant 2 [Tier 1] High-Scale Ingestion VIP","GetSmall",1,0,221.625,220.129,1.485
"Tenant 2 [Tier 1] High-Scale Ingestion VIP","PutSmall",1,0,221.774,219.968,1.803
"Tenant 2 [Tier 1] High-Scale Ingestion VIP","GetSmall",1,0,222.410,220.816,1.559
"Tenant 2 [Tier 1] High-Scale Ingestion VIP","PutSmall",1,0,223.790,222.035,1.749
"Tenant 2 [Tier 1] High-Scale Ingestion VIP","GetSmall",1,0,221.927,220.413,1.490
"Tenant 2 [Tier 1] High-Scale Ingestion VIP","PutSmall",1,0,222.420,220.616,1.800
"Tenant 2 [Tier 1] High-Scale Ingestion VIP","GetSmall",1,0,222.327,220.723,1.567
"Tenant 2 [Tier 1] High-Scale Ingestion VIP","PutSmall",1,0,222.927,221.044,1.854
"Tenant 2 [Tier 1] High-Scale Ingestion VIP","GetSmall",1,0,223.556,222.042,1.508
"Tenant 2 [Tier 1] High-Scale Ingestion VIP","PutSmall",1,0,223.455,221.675,1.776
"Tenant 2 [Tier 1] High-Scale Ingestion VIP","PutSmall",1,0,224.660,222.900,1.756
"Tenant 2 [Tier 1] High-Scale Ingestion VIP","PutSmall",1,0,223.752,221.938,1.811
"Tenant 2 [Tier 1] High-Scale Ingestion VIP","PutSmall",1,0,224.662,222.802,1.856
"Tenant 2 [Tier 1] High-Scale Ingestion VIP","PutSmall",1,0,225.052,223.183,1.866
"Tenant 2 [Tier 1] High-Scale Ingestion VIP","GetSmall",1,0,222.550,221.082,1.433
"Tenant 2 [Tier 1] High-Scale Ingestion VIP","GetSmall",1,0,225.257,223.720,1.534
"Tenant 2 [Tier 1] High-Scale Ingestion VIP","GetSmall",1,0,224.243,222.763,1.464
"Tenant 2 [Tier 1] High-Scale Ingestion VIP","PutSmall",1,0,224.714,222.992,1.711
"Tenant 2 [Tier 1] High-Scale Ingestion VIP","PutSmall",1,0,224.577,222.708,1.864
"Tenant 2 [Tier 1] High-Scale Ingestion VIP","GetSmall",1,0,221.968,220.464,1.500
"Tenant 2 [Tier 1] High-Scale Ingestion VIP","PutSmall",1,0,222.491,220.706,1.773
"Tenant 2 [Tier 1] High-Scale Ingestion VIP","GetSmall",1,0,223.898,222.414,1.480
"Tenant 2 [Tier 1] High-Scale Ingestion VIP","GetSmall",1,0,224.061,222.512,1.546
"Tenant 2 [Tier 1] High-Scale Ingestion VIP","PutSmall",1,0,224.439,222.690,1.746
"Tenant 2 [Tier 1] High-Scale Ingestion VIP","PutSmall",1,0,224.632,222.794,1.836
"Tenant 2 [Tier 1] High-Scale Ingestion VIP","GetSmall",1,0,223.705,222.252,1.447
"Tenant 2 [Tier 1] High-Scale Ingestion VIP","GetSmall",1,0,222.971,221.454,1.514
"Tenant 2 [Tier 1] High-Scale Ingestion VIP","PutSmall",1,0,223.057,221.301,1.738
"Tenant 2 [Tier 1] High-Scale Ingestion VIP","PutSmall",1,0,224.050,222.236,1.809
"Tenant 2 [Tier 1] High-Scale Ingestion VIP","PutSmall",1,0,224.438,222.605,1.820
"Tenant 2 [Tier 1] High-Scale Ingestion VIP","PutSmall",1,0,223.940,222.156,1.780
"Tenant 2 [Tier 1] High-Scale Ingestion VIP","PutSmall",1,0,223.929,222.115,1.811
"Tenant 2 [Tier 1] High-Scale Ingestion VIP","GetSmall",1,0,223.580,222.127,1.448
"Tenant 2 [Tier 1] High-Scale Ingestion VIP","GetSmall",1,0,224.728,223.233,1.493
"Tenant 2 [Tier 1] High-Scale Ingestion VIP","GetSmall",1,0,224.201,222.721,1.476
"Tenant 2 [Tier 1] High-Scale Ingestion VIP","GetSmall",1,0,222.917,221.402,1.502
"Tenant 2 [Tier 1] High-Scale Ingestion VIP","GetSmall",1,0,224.613,223.072,1.537
"Tenant 2 [Tier 1] High-Scale Ingestion VIP","PutSmall",1,0,224.835,223.010,1.822
"Tenant 2 [Tier 1] High-Scale Ingestion VIP","GetSmall",1,0,222.931,221.472,1.444
"Tenant 2 [Tier 1] High-Scale Ingestion VIP","GetSmall",1,0,223.194,221.743,1.444
"Tenant 2 [Tier 1] High-Scale Ingestion VIP","PutSmall",1,0,223.395,221.662,1.728
"Tenant 2 [Tier 1] High-Scale Ingestion VIP","PutSmall",1,0,223.522,221.767,1.753
"Tenant 2 [Tier 1] High-Scale Ingestion VIP","PutSmall",1,0,223.461,221.582,1.876
"Tenant 2 [Tier 1] High-Scale Ingestion VIP","PutSmall",1,0,224.057,222.260,1.793
"Tenant 2 [Tier 1] High-Scale Ingestion VIP","PutSmall",1,0,223.413,221.693,1.714
"Tenant 2 [Tier 1] High-Scale Ingestion VIP","GetSmall",1,0,223.293,221.828,1.461
"Tenant 2 [Tier 1] High-Scale Ingestion VIP","GetSmall",1,0,223.147,221.640,1.504
"Tenant 2 [Tier 1] High-Scale Ingestion VIP","GetSmall",1,0,223.301,221.766,1.531
"Tenant 2 [Tier 1] High-Scale Ingestion VIP","PutSmall",1,0,223.584,221.791,1.789
"Tenant 2 [Tier 1] High-Scale Ingestion VIP","PutSmall",1,0,224.349,222.570,1.775
"Tenant 2 [Tier 1] High-Scale Ingestion VIP","GetSmall",1,0,223.420,221.894,1.511
"Tenant 2 [Tier 1] High-Scale Ingestion VIP","PutSmall",1,0,223.975,222.138,1.830
"Tenant 2 [Tier 1] High-Scale Ingestion VIP","PutSmall",1,0,223.869,222.099,1.767
"Tenant 2 [Tier 1] High-Scale Ingestion VIP","PutSmall",1,0,224.574,222.714,1.849
"Tenant 2 [Tier 1] High-Scale Ingestion VIP","PutSmall",1,0,224.000,222.125,1.868
"Tenant 2 [Tier 1] High-Scale Ingestion VIP","GetSmall",1,0,223.704,222.161,1.540
"Tenant 2 [Tier 1] High-Scale Ingestion VIP","PutSmall",1,0,224.272,222.434,1.835
"Tenant 2 [Tier 1] High-Scale Ingestion VIP","PutSmall",1,0,225.057,223.316,1.737
"Tenant 2 [Tier 1] High-Scale Ingestion VIP","PutSmall",1,0,224.792,222.912,1.876
"Tenant 2 [Tier 1] High-Scale Ingestion VIP","PutSmall",1,0,226.288,224.440,1.844
"Tenant 2 [Tier 1] High-Scale Ingestion VIP","PutSmall",1,0,224.450,222.699,1.746
"Tenant 2 [Tier 1] High-Scale Ingestion VIP","GetSmall",1,0,223.438,221.922,1.502
"Tenant 2 [Tier 1] High-Scale Ingestion VIP","GetSmall",1,0,222.538,220.969,1.564
"Tenant 2 [Tier 1] High-Scale Ingestion VIP","PutSmall",1,0,221.826,220.067,1.756
"Tenant 2 [Tier 1] High-Scale Ingestion VIP","GetSmall",1,0,223.126,221.647,1.467
"Tenant 2 [Tier 1] High-Scale Ingestion VIP","PutSmall",1,0,221.840,220.107,1.730
"Tenant 2 [Tier 1] High-Scale Ingestion VIP","PutSmall",1,0,219.172,217.405,1.731
"Tenant 2 [Tier 1] High-Scale Ingestion VIP","GetSmall",1,0,217.753,216.289,1.457
"Tenant 2 [Tier 1] High-Scale Ingestion VIP","PutSmall",1,0,218.261,216.513,1.714
"Tenant 2 [Tier 1] High-Scale Ingestion VIP","PutSmall",1,0,218.691,216.824,1.859
"Tenant 2 [Tier 1] High-Scale Ingestion VIP","GetSmall",1,0,216.582,215.092,1.470
"Tenant 2 [Tier 1] High-Scale Ingestion VIP","GetSmall",1,0,216.875,215.368,1.500
"Tenant 2 [Tier 1] High-Scale Ingestion VIP","GetSmall",1,0,216.682,215.144,1.528
"Tenant 2 [Tier 1] High-Scale Ingestion VIP","PutSmall",1,0,217.160,215.408,1.742
"Tenant 2 [Tier 1] High-Scale Ingestion VIP","GetSmall",1,0,217.205,215.762,1.437
"Tenant 2 [Tier 1] High-Scale Ingestion VIP","GetSmall",1,0,217.189,215.692,1.484
"Tenant 2 [Tier 1] High-Scale Ingestion VIP","PutSmall",1,0,217.534,215.801,1.730
"Tenant 2 [Tier 1] High-Scale Ingestion VIP","PutSmall",1,0,219.687,217.839,1.844
"Tenant 2 [Tier 1] High-Scale Ingestion VIP","GetSmall",1,0,219.045,217.545,1.487
"Tenant 2 [Tier 1] High-Scale Ingestion VIP","GetSmall",1,0,219.168,217.614,1.544
"Tenant 2 [Tier 1] High-Scale Ingestion VIP","GetSmall",1,0,217.143,215.626,1.513
"Tenant 2 [Tier 1] High-Scale Ingestion VIP","PutSmall",1,0,217.628,215.786,1.834
"Tenant 2 [Tier 1] High-Scale Ingestion VIP","PutSmall",1,0,217.910,216.024,1.881
"Tenant 2 [Tier 1] High-Scale Ingestion VIP","GetSmall",1,0,216.476,214.936,1.532
"Tenant 2 [Tier 1] High-Scale Ingestion VIP","GetSmall",1,0,219.444,217.898,1.536
"Tenant 2 [Tier 1] High-Scale Ingestion VIP","PutSmall",1,0,219.449,217.615,1.829
"Tenant 2 [Tier 1] High-Scale Ingestion VIP","GetSmall",1,0,218.813,217.265,1.543
"Tenant 2 [Tier 1] High-Scale Ingestion VIP","GetSmall",1,0,219.857,218.351,1.501
"Tenant 2 [Tier 1] High-Scale Ingestion VIP","PutSmall",1,0,220.251,218.437,1.811
"Tenant 2 [Tier 1] High-Scale Ingestion VIP","GetSmall",1,0,218.863,217.353,1.508
"Tenant 2 [Tier 1] High-Scale Ingestion VIP","PutSmall",1,0,219.966,218.199,1.751
"Tenant 2 [Tier 1] High-Scale Ingestion VIP","PutSmall",1,0,220.045,218.193,1.845
"Tenant 2 [Tier 1] High-Scale Ingestion VIP","PutSmall",1,0,220.278,218.523,1.752
"Tenant 2 [Tier 1] High-Scale Ingestion VIP","GetSmall",1,0,219.599,218.099,1.494
"Tenant 2 [Tier 1] High-Scale Ingestion VIP","GetSmall",1,0,219.687,218.127,1.558
"Tenant 2 [Tier 1] High-Scale Ingestion VIP","PutSmall",1,0,221.043,219.281,1.757
"Tenant 2 [Tier 1] High-Scale Ingestion VIP","GetSmall",1,0,219.475,217.917,1.553
"Tenant 2 [Tier 1] High-Scale Ingestion VIP","PutSmall",1,0,219.984,218.252,1.725
"Tenant 2 [Tier 1] High-Scale Ingestion VIP","PutSmall",1,0,221.129,219.376,1.734
"Tenant 2 [Tier 1] High-Scale Ingestion VIP","PutSmall",1,0,220.093,218.275,1.811
"Tenant 2 [Tier 1] High-Scale Ingestion VIP","GetSmall",1,0,220.576,219.108,1.465
"Tenant 2 [Tier 1] High-Scale Ingestion VIP","GetSmall",1,0,219.178,217.631,1.543
"Tenant 2 [Tier 1] High-Scale Ingestion VIP","PutSmall",1,0,221.137,219.399,1.734
"Tenant 2 [Tier 1] High-Scale Ingestion VIP","GetSmall",1,0,219.854,218.389,1.462
"Tenant 2 [Tier 1] High-Scale Ingestion VIP","GetSmall",1,0,220.997,219.419,1.571
"Tenant 2 [Tier 1] High-Scale Ingestion VIP","PutSmall",1,0,220.925,219.151,1.770
"Tenant 2 [Tier 1] High-Scale Ingestion VIP","PutSmall",1,0,220.599,218.779,1.815
"Tenant 2 [Tier 1] High-Scale Ingestion VIP","PutSmall",1,0,220.861,219.099,1.758
"Tenant 2 [Tier 1] High-Scale Ingestion VIP","GetSmall",1,0,220.616,219.146,1.448
"Tenant 2 [Tier 1] High-Scale Ingestion VIP","GetSmall",1,0,220.172,218.597,1.571
"Tenant 2 [Tier 1] High-Scale Ingestion VIP","PutSmall",1,0,220.338,218.623,1.711
"Tenant 2 [Tier 1] High-Scale Ingestion VIP","PutSmall",1,0,220.503,218.662,1.827
"Tenant 2 [Tier 1] High-Scale Ingestion VIP","GetSmall",1,0,220.542,218.999,1.539
"Tenant 2 [Tier 1] High-Scale Ingestion VIP","PutSmall",1,0,220.007,218.124,1.877
"Tenant 2 [Tier 1] High-Scale Ingestion VIP","GetSmall",1,0,220.709,219.134,1.566
"Tenant 2 [Tier 1] High-Scale Ingestion VIP","PutSmall",1,0,221.071,219.338,1.729
"Tenant 2 [Tier 1] High-Scale Ingestion VIP","PutSmall",1,0,219.654,217.892,1.755
"Tenant 2 [Tier 1] High-Scale Ingestion VIP","PutSmall",1,0,220.359,218.621,1.733
"Tenant 2 [Tier 1] High-Scale Ingestion VIP","PutSmall",1,0,220.483,218.606,1.873
"Tenant 2 [Tier 1] High-Scale Ingestion VIP","PutSmall",1,0,220.897,219.163,1.728
"Tenant 2 [Tier 1] High-Scale Ingestion VIP","PutSmall",1,0,220.789,219.041,1.745
"Tenant 2 [Tier 1] High-Scale Ingestion VIP","GetSmall",1,0,221.918,220.393,1.512
"Tenant 2 [Tier 1] High-Scale Ingestion VIP","PutSmall",1,0,222.317,220.517,1.793
"Tenant 2 [Tier 1] High-Scale Ingestion VIP","GetSmall",1,0,218.514,216.963,1.547
"Tenant 2 [Tier 1] High-Scale Ingestion VIP","PutSmall",1,0,218.155,216.290,1.862
"Tenant 2 [Tier 1] High-Scale Ingestion VIP","PutSmall",1,0,219.673,217.779,1.888
"Tenant 2 [Tier 1] High-Scale Ingestion VIP","GetSmall",1,0,212.942,211.441,1.498
"Tenant 2 [Tier 1] High-Scale Ingestion VIP","PutSmall",1,0,215.793,214.054,1.735
"Tenant 2 [Tier 1] High-Scale Ingestion VIP","PutSmall",1,0,213.541,211.695,1.825
"Tenant 2 [Tier 1] High-Scale Ingestion VIP","GetSmall",1,0,213.997,212.493,1.501
"Tenant 2 [Tier 1] High-Scale Ingestion VIP","PutSmall",1,0,212.744,211.020,1.719
"Tenant 2 [Tier 1] High-Scale Ingestion VIP","GetSmall",1,0,211.635,210.111,1.459
"Tenant 2 [Tier 1] High-Scale Ingestion VIP","GetSmall",1,0,213.957,212.506,1.446
"Tenant 2 [Tier 1] High-Scale Ingestion VIP","PutSmall",1,0,214.158,212.390,1.765
"Tenant 2 [Tier 1] High-Scale Ingestion VIP","GetSmall",1,0,212.986,211.418,1.553
"Tenant 2 [Tier 1] High-Scale Ingestion VIP","PutSmall",1,0,213.290,211.405,1.873
"Tenant 2 [Tier 1] High-Scale Ingestion VIP","GetSmall",1,0,211.893,210.436,1.451
"Tenant 2 [Tier 1] High-Scale Ingestion VIP","GetSmall",1,0,212.261,210.645,1.571
"Tenant 2 [Tier 1] High-Scale Ingestion VIP","GetSmall",1,0,212.473,210.977,1.490
"Tenant 2 [Tier 1] High-Scale Ingestion VIP","PutSmall",1,0,213.071,211.256,1.794
"Tenant 2 [Tier 1] High-Scale Ingestion VIP","PutSmall",1,0,213.086,211.204,1.867
"Tenant 2 [Tier 1] High-Scale Ingestion VIP","GetSmall",1,0,211.198,209.664,1.527
"Tenant 2 [Tier 1] High-Scale Ingestion VIP","PutSmall",1,0,213.782,211.971,1.806
"Tenant 2 [Tier 1] High-Scale Ingestion VIP","GetSmall",1,0,212.638,211.173,1.431
"Tenant 2 [Tier 1] High-Scale Ingestion VIP","GetSmall",1,0,213.692,212.205,1.482
"Tenant 2 [Tier 1] High-Scale Ingestion VIP","GetSmall",1,0,213.381,211.870,1.500
"Tenant 2 [Tier 1] High-Scale Ingestion VIP","GetSmall",1,0,214.309,212.861,1.444
"Tenant 2 [Tier 1] High-Scale Ingestion VIP","PutSmall",1,0,212.542,210.741,1.796
"Tenant 2 [Tier 1] High-Scale Ingestion VIP","PutSmall",1,0,212.833,211.027,1.800
"Tenant 2 [Tier 1] High-Scale Ingestion VIP","PutSmall",1,0,212.915,211.032,1.879
"Tenant 2 [Tier 1] High-Scale Ingestion VIP","PutSmall",1,0,213.403,211.584,1.812
"Tenant 2 [Tier 1] High-Scale Ingestion VIP","GetSmall",1,0,214.456,213.008,1.429
"Tenant 2 [Tier 1] High-Scale Ingestion VIP","GetSmall",1,0,212.939,211.439,1.487
"Tenant 2 [Tier 1] High-Scale Ingestion VIP","GetSmall",1,0,214.811,213.303,1.496
"Tenant 2 [Tier 1] High-Scale Ingestion VIP","GetSmall",1,0,214.211,212.748,1.458
"Tenant 2 [Tier 1] High-Scale Ingestion VIP","PutSmall",1,0,214.877,213.132,1.740
"Tenant 2 [Tier 1] High-Scale Ingestion VIP","PutSmall",1,0,214.816,213.042,1.766
"Tenant 2 [Tier 1] High-Scale Ingestion VIP","PutSmall",1,0,215.125,213.393,1.725
"Tenant 2 [Tier 1] High-Scale Ingestion VIP","PutSmall",1,0,214.978,213.136,1.833
"Tenant 2 [Tier 1] High-Scale Ingestion VIP","PutSmall",1,0,215.218,213.336,1.872
"Tenant 2 [Tier 1] High-Scale Ingestion VIP","GetSmall",1,0,214.542,213.000,1.535
"Tenant 2 [Tier 1] High-Scale Ingestion VIP","PutSmall",1,0,214.764,212.985,1.775
"Tenant 2 [Tier 1] High-Scale Ingestion VIP","PutSmall",1,0,216.545,214.686,1.855
"Tenant 2 [Tier 1] High-Scale Ingestion VIP","GetSmall",1,0,214.839,213.343,1.492
"Tenant 2 [Tier 1] High-Scale Ingestion VIP","GetSmall",1,0,214.731,213.241,1.480
"Tenant 2 [Tier 1] High-Scale Ingestion VIP","PutSmall",1,0,215.180,213.309,1.865
"Tenant 2 [Tier 1] High-Scale Ingestion VIP","GetSmall",1,0,217.427,215.911,1.506
"Tenant 2 [Tier 1] High-Scale Ingestion VIP","GetSmall",1,0,214.825,213.256,1.566
"Tenant 2 [Tier 1] High-Scale Ingestion VIP","PutSmall",1,0,215.001,213.141,1.854
"Tenant 2 [Tier 1] High-Scale Ingestion VIP","GetSmall",1,0,214.242,212.727,1.507
"Tenant 2 [Tier 1] High-Scale Ingestion VIP","GetSmall",1,0,215.717,214.163,1.533
"Tenant 2 [Tier 1] High-Scale Ingestion VIP","PutSmall",1,0,216.009,214.203,1.800
"Tenant 2 [Tier 1] High-Scale Ingestion VIP","PutSmall",1,0,214.921,213.055,1.856
"Tenant 2 [Tier 1] High-Scale Ingestion VIP","GetSmall",1,0,214.763,213.307,1.451
"Tenant 2 [Tier 1] High-Scale Ingestion VIP","PutSmall",1,0,214.909,213.171,1.728
"Tenant 2 [Tier 1] High-Scale Ingestion VIP","PutSmall",1,0,214.861,213.051,1.806
"Tenant 2 [Tier 1] High-Scale Ingestion VIP","PutSmall",1,0,214.920,213.110,1.806
"Tenant 2 [Tier 1] High-Scale Ingestion VIP","PutSmall",1,0,214.765,213.033,1.729
"Tenant 2 [Tier 1] High-Scale Ingestion VIP","GetSmall",1,0,214.692,213.156,1.531
"Tenant 2 [Tier 1] High-Scale Ingestion VIP","GetSmall",1,0,214.559,212.987,1.567
"Tenant 2 [Tier 1] High-Scale Ingestion VIP","PutSmall",1,0,214.862,212.969,1.887
"Tenant 2 [Tier 1] High-Scale Ingestion VIP","PutSmall",1,0,215.673,213.767,1.887
"Tenant 2 [Tier 1] High-Scale Ingestion VIP","GetSmall",1,0,214.825,213.391,1.429
"Tenant 2 [Tier 1] High-Scale Ingestion VIP","GetSmall",1,0,214.526,212.947,1.574
"Tenant 2 [Tier 1] High-Scale Ingestion VIP","PutSmall",1,0,214.562,212.811,1.748
"Tenant 2 [Tier 1] High-Scale Ingestion VIP","PutSmall",1,0,214.978,213.176,1.797
"Tenant 2 [Tier 1] High-Scale Ingestion VIP","PutSmall",1,0,214.789,213.049,1.726
"Tenant 2 [Tier 1] High-Scale Ingestion VIP","GetSmall",1,0,214.804,213.263,1.517
"Tenant 2 [Tier 1] High-Scale Ingestion VIP","PutSmall",1,0,214.701,212.949,1.747
"Tenant 2 [Tier 1] High-Scale Ingestion VIP","PutSmall",1,0,214.563,212.805,1.755
"Tenant 2 [Tier 1] High-Scale Ingestion VIP","GetSmall",1,0,220.812,219.300,1.509
"Tenant 2 [Tier 1] High-Scale Ingestion VIP","PutSmall",1,0,222.036,220.224,1.807
"Tenant 2 [Tier 1] High-Scale Ingestion VIP","GetSmall",1,0,221.460,219.904,1.552
"Tenant 2 [Tier 1] High-Scale Ingestion VIP","PutSmall",1,0,223.597,221.791,1.800
"Tenant 2 [Tier 1] High-Scale Ingestion VIP","GetSmall",1,0,220.090,218.595,1.464
"Tenant 2 [Tier 1] High-Scale Ingestion VIP","PutSmall",1,0,220.950,219.096,1.840
"Tenant 2 [Tier 1] High-Scale Ingestion VIP","PutSmall",1,0,222.324,220.519,1.771
"Tenant 2 [Tier 1] High-Scale Ingestion VIP","PutSmall",1,0,222.663,220.835,1.809
"Tenant 2 [Tier 1] High-Scale Ingestion VIP","PutSmall",1,0,220.263,218.542,1.717
"Tenant 2 [Tier 1] High-Scale Ingestion VIP","PutSmall",1,0,220.647,218.878,1.759
"Tenant 2 [Tier 1] High-Scale Ingestion VIP","GetSmall",1,0,220.096,218.620,1.470
"Tenant 2 [Tier 1] High-Scale Ingestion VIP","PutSmall",1,0,220.568,218.774,1.789
"Tenant 2 [Tier 1] High-Scale Ingestion VIP","PutSmall",1,0,219.216,217.489,1.714
"Tenant 2 [Tier 1] High-Scale Ingestion VIP","GetSmall",1,0,221.402,219.878,1.518
"Tenant 2 [Tier 1] High-Scale Ingestion VIP","PutSmall",1,0,223.082,221.185,1.883
"Tenant 2 [Tier 1] High-Scale Ingestion VIP","GetSmall",1,0,220.481,218.962,1.515
"Tenant 2 [Tier 1] High-Scale Ingestion VIP","PutSmall",1,0,220.370,218.613,1.724
"Tenant 2 [Tier 1] High-Scale Ingestion VIP","PutSmall",1,0,221.705,219.824,1.876
"Tenant 2 [Tier 1] High-Scale Ingestion VIP","GetSmall",1,0,223.197,221.644,1.541
"Tenant 2 [Tier 1] High-Scale Ingestion VIP","GetSmall",1,0,222.200,220.630,1.558
"Tenant 2 [Tier 1] High-Scale Ingestion VIP","PutSmall",1,0,223.427,221.624,1.795
"Tenant 2 [Tier 1] High-Scale Ingestion VIP","PutSmall",1,0,222.148,220.394,1.751
"Tenant 2 [Tier 1] High-Scale Ingestion VIP","PutSmall",1,0,223.050,221.299,1.747
"Tenant 2 [Tier 1] High-Scale Ingestion VIP","PutSmall",1,0,223.016,221.232,1.777
"Tenant 2 [Tier 1] High-Scale Ingestion VIP","PutSmall",1,0,223.312,221.523,1.784
"Tenant 2 [Tier 1] High-Scale Ingestion VIP","GetSmall",1,0,222.161,220.646,1.504
"Tenant 2 [Tier 1] High-Scale Ingestion VIP","GetSmall",1,0,220.197,218.683,1.501
"Tenant 2 [Tier 1] High-Scale Ingestion VIP","GetSmall",1,0,223.245,221.701,1.520
"Tenant 2 [Tier 1] High-Scale Ingestion VIP","PutSmall",1,0,223.540,221.730,1.800
"Tenant 2 [Tier 1] High-Scale Ingestion VIP","GetSmall",1,0,221.705,220.239,1.460
"Tenant 2 [Tier 1] High-Scale Ingestion VIP","GetSmall",1,0,222.783,221.349,1.428
"Tenant 2 [Tier 1] High-Scale Ingestion VIP","PutSmall",1,0,221.954,220.227,1.722
"Tenant 2 [Tier 1] High-Scale Ingestion VIP","PutSmall",1,0,222.268,220.405,1.851
"Tenant 2 [Tier 1] High-Scale Ingestion VIP","PutSmall",1,0,222.908,221.188,1.715
"Tenant 2 [Tier 1] High-Scale Ingestion VIP","GetSmall",1,0,221.291,219.818,1.469
"Tenant 2 [Tier 1] High-Scale Ingestion VIP","GetSmall",1,0,222.260,220.701,1.554
"Tenant 2 [Tier 1] High-Scale Ingestion VIP","GetSmall",1,0,222.331,220.763,1.561
"Tenant 2 [Tier 1] High-Scale Ingestion VIP","GetSmall",1,0,221.485,219.910,1.564
"Tenant 2 [Tier 1] High-Scale Ingestion VIP","GetSmall",1,0,221.323,219.763,1.543
"Tenant 2 [Tier 1] High-Scale Ingestion VIP","PutSmall",1,0,222.710,220.846,1.859
"Tenant 2 [Tier 1] High-Scale Ingestion VIP","PutSmall",1,0,221.601,219.874,1.723
"Tenant 2 [Tier 1] High-Scale Ingestion VIP","PutSmall",1,0,222.179,220.315,1.857
"Tenant 2 [Tier 1] High-Scale Ingestion VIP","GetSmall",1,0,221.825,220.368,1.453
"Tenant 2 [Tier 1] High-Scale Ingestion VIP","GetSmall",1,0,221.803,220.332,1.458
"Tenant 2 [Tier 1] High-Scale Ingestion VIP","PutSmall",1,0,221.874,220.083,1.786
"Tenant 2 [Tier 1] High-Scale Ingestion VIP","PutSmall",1,0,223.110,221.286,1.815
"Tenant 2 [Tier 1] High-Scale Ingestion VIP","PutSmall",1,0,222.648,220.888,1.756
"Tenant 2 [Tier 1] High-Scale Ingestion VIP","GetSmall",1,0,222.604,221.152,1.445
"Tenant 2 [Tier 1] High-Scale Ingestion VIP","GetSmall",1,0,222.752,221.227,1.520
"Tenant 2 [Tier 1] High-Scale Ingestion VIP","PutSmall",1,0,222.580,220.729,1.847
"Tenant 2 [Tier 1] High-Scale Ingestion VIP","PutSmall",1,0,223.393,221.510,1.873
"Tenant 2 [Tier 1] High-Scale Ingestion VIP","PutSmall",1,0,222.654,220.912,1.736
"Tenant 2 [Tier 1] High-Scale Ingestion VIP","GetSmall",1,0,222.560,221.058,1.495
"Tenant 2 [Tier 1] High-Scale Ingestion VIP","PutSmall",1,0,222.808,221.002,1.799
"Tenant 2 [Tier 1] High-Scale Ingestion VIP","PutSmall",1,0,222.502,220.756,1.741
"Tenant 2 [Tier 1] High-Scale Ingestion VIP","PutSmall",1,0,222.668,220.856,1.805
"Tenant 2 [Tier 1] High-Scale Ingestion VIP","PutSmall",1,0,222.691,220.841,1.845
"Tenant 2 [Tier 1] High-Scale Ingestion VIP","GetSmall",1,0,222.576,221.048,1.523
"Tenant 2 [Tier 1] High-Scale Ingestion VIP","PutSmall",1,0,222.821,220.997,1.822
"Tenant 2 [Tier 1] High-Scale Ingestion VIP","GetSmall",1,0,221.836,220.367,1.461
"Tenant 2 [Tier 1] High-Scale Ingestion VIP","GetSmall",1,0,221.935,220.486,1.444
"Tenant 2 [Tier 1] High-Scale Ingestion VIP","PutSmall",1,0,223.796,222.026,1.765
"Tenant 2 [Tier 1] High-Scale Ingestion VIP","PutSmall",1,0,224.654,222.798,1.851
"Tenant 2 [Tier 1] High-Scale Ingestion VIP","GetSmall",1,0,223.306,221.762,1.528
"Tenant 2 [Tier 1] High-Scale Ingestion VIP","PutSmall",1,0,221.209,219.448,1.757
"Tenant 2 [Tier 1] High-Scale Ingestion VIP","GetSmall",1,0,221.082,219.535,1.532
"Tenant 2 [Tier 1] High-Scale Ingestion VIP","PutSmall",1,0,223.294,221.485,1.802
"Tenant 2 [Tier 1] High-Scale Ingestion VIP","GetSmall",1,0,223.307,221.756,1.547
"Tenant 2 [Tier 1] High-Scale Ingestion VIP","PutSmall",1,0,221.154,219.386,1.763
"Tenant 2 [Tier 1] High-Scale Ingestion VIP","PutSmall",1,0,220.624,218.745,1.862
"Tenant 2 [Tier 1] High-Scale Ingestion VIP","GetSmall",1,0,220.156,218.706,1.429
"Tenant 2 [Tier 1] High-Scale Ingestion VIP","PutSmall",1,0,220.507,218.725,1.768
"Tenant 2 [Tier 1] High-Scale Ingestion VIP","PutSmall",1,0,222.407,220.687,1.712
"Tenant 2 [Tier 1] High-Scale Ingestion VIP","PutSmall",1,0,222.505,220.763,1.729
"Tenant 2 [Tier 1] High-Scale Ingestion VIP","PutSmall",1,0,221.093,219.255,1.827
"Tenant 2 [Tier 1] High-Scale Ingestion VIP","PutSmall",1,0,223.734,221.962,1.762
"Tenant 2 [Tier 1] High-Scale Ingestion VIP","GetSmall",1,0,222.059,220.558,1.474
"Tenant 2 [Tier 1] High-Scale Ingestion VIP","PutSmall",1,0,221.470,219.692,1.758
"Tenant 2 [Tier 1] High-Scale Ingestion VIP","GetSmall",1,0,222.489,221.039,1.443
"Tenant 2 [Tier 1] High-Scale Ingestion VIP","PutSmall",1,0,223.812,221.944,1.860
"Tenant 2 [Tier 1] High-Scale Ingestion VIP","GetSmall",1,0,222.607,221.146,1.458
"Tenant 2 [Tier 1] High-Scale Ingestion VIP","PutSmall",1,0,222.922,221.027,1.887
"Tenant 2 [Tier 1] High-Scale Ingestion VIP","PutSmall",1,0,221.016,219.235,1.773
"Tenant 2 [Tier 1] High-Scale Ingestion VIP","PutSmall",1,0,221.063,219.224,1.835
"Tenant 2 [Tier 1] High-Scale Ingestion VIP","PutSmall",1,0,221.715,219.962,1.748
"Tenant 2 [Tier 1] High-Scale Ingestion VIP","PutSmall",1,0,222.643,220.923,1.712
"Tenant 2 [Tier 1] High-Scale Ingestion VIP","PutSmall",1,0,223.691,221.828,1.859
"Tenant 2 [Tier 1] High-Scale Ingestion VIP","PutSmall",1,0,223.789,222.058,1.723
"Tenant 2 [Tier 1] High-Scale Ingestion VIP","GetSmall",1,0,222.155,220.641,1.472
"Tenant 2 [Tier 1] High-Scale Ingestion VIP","GetSmall",1,0,222.924,221.418,1.492
"Tenant 2 [Tier 1] High-Scale Ingestion VIP","GetSmall",1,0,221.861,220.321,1.534
"Tenant 2 [Tier 1] High-Scale Ingestion VIP","GetSmall",1,0,222.970,221.418,1.545
"Tenant 2 [Tier 1] High-Scale Ingestion VIP","PutSmall",1,0,223.030,221.155,1.861
"Tenant 2 [Tier 1] High-Scale Ingestion VIP","GetSmall",1,0,223.059,221.579,1.472
"Tenant 2 [Tier 1] High-Scale Ingestion VIP","GetSmall",1,0,222.792,221.344,1.441
"Tenant 2 [Tier 1] High-Scale Ingestion VIP","GetSmall",1,0,222.414,220.909,1.501
"Tenant 2 [Tier 1] High-Scale Ingestion VIP","GetSmall",1,0,223.150,221.627,1.519
"Tenant 2 [Tier 1] High-Scale Ingestion VIP","PutSmall",1,0,222.053,220.231,1.816
"Tenant 2 [Tier 1] High-Scale Ingestion VIP","GetSmall",1,0,222.193,220.694,1.489
"Tenant 2 [Tier 1] High-Scale Ingestion VIP","GetSmall",1,0,222.219,220.692,1.520
"Tenant 2 [Tier 1] High-Scale Ingestion VIP","GetSmall",1,0,223.624,222.055,1.559
"Tenant 2 [Tier 1] High-Scale Ingestion VIP","GetSmall",1,0,222.295,220.707,1.563
"Tenant 2 [Tier 1] High-Scale Ingestion VIP","PutSmall",1,0,223.133,221.392,1.726
"Tenant 2 [Tier 1] High-Scale Ingestion VIP","PutSmall",1,0,223.273,221.482,1.770
"Tenant 2 [Tier 1] High-Scale Ingestion VIP","GetSmall",1,0,222.757,221.282,1.469
"Tenant 2 [Tier 1] High-Scale Ingestion VIP","GetSmall",1,0,222.036,220.543,1.485
"Tenant 2 [Tier 1] High-Scale Ingestion VIP","PutSmall",1,0,222.403,220.564,1.828
"Tenant 2 [Tier 1] High-Scale Ingestion VIP","PutSmall",1,0,223.284,221.422,1.842
"Tenant 2 [Tier 1] High-Scale Ingestion VIP","PutSmall",1,0,222.713,220.862,1.843
"Tenant 2 [Tier 1] High-Scale Ingestion VIP","PutSmall",1,0,222.734,220.939,1.790
"Tenant 2 [Tier 1] High-Scale Ingestion VIP","PutSmall",1,0,222.904,221.132,1.764
"Tenant 2 [Tier 1] High-Scale Ingestion VIP","GetSmall",1,0,222.227,220.691,1.525
"Tenant 2 [Tier 1] High-Scale Ingestion VIP","PutSmall",1,0,222.842,221.010,1.827
"Tenant 2 [Tier 1] High-Scale Ingestion VIP","PutSmall",1,0,222.962,221.088,1.870
"Tenant 2 [Tier 1] High-Scale Ingestion VIP","PutSmall",1,0,222.963,221.166,1.789
"Tenant 2 [Tier 1] High-Scale Ingestion VIP","PutSmall",1,0,223.293,221.441,1.849
"Tenant 2 [Tier 1] High-Scale Ingestion VIP","PutSmall",1,0,223.149,221.432,1.714
"Tenant 2 [Tier 1] High-Scale Ingestion VIP","PutSmall",1,0,223.554,221.699,1.853
"Tenant 2 [Tier 1] High-Scale Ingestion VIP","GetSmall",1,0,222.717,221.192,1.519
"Tenant 2 [Tier 1] High-Scale Ingestion VIP","PutSmall",1,0,222.906,221.159,1.743
"Tenant 2 [Tier 1] High-Scale Ingestion VIP","PutSmall",1,0,223.039,221.259,1.775
"Tenant 2 [Tier 1] High-Scale Ingestion VIP","GetSmall",1,0,223.112,221.586,1.521
"Tenant 2 [Tier 1] High-Scale Ingestion VIP","PutSmall",1,0,223.371,221.569,1.797
"Tenant 2 [Tier 1] High-Scale Ingestion VIP","PutSmall",1,0,223.852,222.042,1.805
"Tenant 2 [Tier 1] High-Scale Ingestion VIP","GetSmall",1,0,222.069,220.480,1.565
"Tenant 2 [Tier 1] High-Scale Ingestion VIP","PutSmall",1,0,224.986,223.236,1.737
"Tenant 2 [Tier 1] High-Scale Ingestion VIP","PutSmall",1,0,223.872,222.153,1.715
"Tenant 2 [Tier 1] High-Scale Ingestion VIP","PutSmall",1,0,222.952,221.060,1.887
"Tenant 2 [Tier 1] High-Scale Ingestion VIP","PutSmall",1,0,224.910,223.059,1.838
"Tenant 2 [Tier 1] High-Scale Ingestion VIP","PutSmall",1,0,221.829,220.069,1.750
"Tenant 2 [Tier 1] High-Scale Ingestion VIP","GetSmall",1,0,219.298,217.761,1.531
"Tenant 2 [Tier 1] High-Scale Ingestion VIP","GetSmall",1,0,219.148,217.629,1.513
"Tenant 2 [Tier 1] High-Scale Ingestion VIP","PutSmall",1,0,216.220,214.380,1.820
"Tenant 2 [Tier 1] High-Scale Ingestion VIP","GetSmall",1,0,215.780,214.260,1.515
"Tenant 2 [Tier 1] High-Scale Ingestion VIP","GetSmall",1,0,213.862,212.356,1.502
"Tenant 2 [Tier 1] High-Scale Ingestion VIP","GetSmall",1,0,214.217,212.704,1.503
"Tenant 2 [Tier 1] High-Scale Ingestion VIP","PutSmall",1,0,214.379,212.631,1.737
"Tenant 2 [Tier 1] High-Scale Ingestion VIP","PutSmall",1,0,214.487,212.598,1.884
"Tenant 2 [Tier 1] High-Scale Ingestion VIP","GetSmall",1,0,215.934,214.442,1.486
"Tenant 2 [Tier 1] High-Scale Ingestion VIP","GetSmall",1,0,215.805,214.366,1.429
"Tenant 2 [Tier 1] High-Scale Ingestion VIP","PutSmall",1,0,213.454,211.707,1.739
"Tenant 2 [Tier 1] High-Scale Ingestion VIP","GetSmall",1,0,214.236,212.734,1.495
"Tenant 2 [Tier 1] High-Scale Ingestion VIP","GetSmall",1,0,216.082,214.559,1.514
"Tenant 2 [Tier 1] High-Scale Ingestion VIP","PutSmall",1,0,213.464,211.678,1.755
"Tenant 2 [Tier 1] High-Scale Ingestion VIP","PutSmall",1,0,216.696,214.893,1.798
"Tenant 2 [Tier 1] High-Scale Ingestion VIP","PutSmall",1,0,216.277,214.456,1.812
"Tenant 2 [Tier 1] High-Scale Ingestion VIP","PutSmall",1,0,215.872,214.091,1.777
"Tenant 2 [Tier 1] High-Scale Ingestion VIP","GetSmall",1,0,215.680,214.199,1.477
"Tenant 2 [Tier 1] High-Scale Ingestion VIP","PutSmall",1,0,217.006,215.108,1.882
"Tenant 2 [Tier 1] High-Scale Ingestion VIP","GetSmall",1,0,215.197,213.737,1.448
"Tenant 2 [Tier 1] High-Scale Ingestion VIP","GetSmall",1,0,214.894,213.316,1.571
"Tenant 2 [Tier 1] High-Scale Ingestion VIP","PutSmall",1,0,216.096,214.365,1.725
"Tenant 2 [Tier 1] High-Scale Ingestion VIP","GetSmall",1,0,213.620,212.166,1.445
"Tenant 2 [Tier 1] High-Scale Ingestion VIP","PutSmall",1,0,213.986,212.201,1.779
"Tenant 2 [Tier 1] High-Scale Ingestion VIP","PutSmall",1,0,216.361,214.517,1.839
"Tenant 2 [Tier 1] High-Scale Ingestion VIP","PutSmall",1,0,215.753,213.883,1.863
"Tenant 2 [Tier 1] High-Scale Ingestion VIP","GetSmall",1,0,213.974,212.457,1.513
"Tenant 2 [Tier 1] High-Scale Ingestion VIP","PutSmall",1,0,215.770,213.975,1.791
"Tenant 2 [Tier 1] High-Scale Ingestion VIP","GetSmall",1,0,215.922,214.445,1.464
"Tenant 2 [Tier 1] High-Scale Ingestion VIP","GetSmall",1,0,216.060,214.525,1.527
"Tenant 2 [Tier 1] High-Scale Ingestion VIP","PutSmall",1,0,216.278,214.479,1.794
"Tenant 2 [Tier 1] High-Scale Ingestion VIP","PutSmall",1,0,216.949,215.089,1.856
"Tenant 2 [Tier 1] High-Scale Ingestion VIP","GetSmall",1,0,215.458,213.952,1.500
"Tenant 2 [Tier 1] High-Scale Ingestion VIP","GetSmall",1,0,215.449,213.995,1.448
"Tenant 2 [Tier 1] High-Scale Ingestion VIP","PutSmall",1,0,216.736,214.990,1.736
"Tenant 2 [Tier 1] High-Scale Ingestion VIP","PutSmall",1,0,216.707,214.935,1.766
"Tenant 2 [Tier 1] High-Scale Ingestion VIP","PutSmall",1,0,216.741,214.954,1.779
"Tenant 2 [Tier 1] High-Scale Ingestion VIP","PutSmall",1,0,215.961,214.057,1.890
"Tenant 2 [Tier 1] High-Scale Ingestion VIP","GetSmall",1,0,215.039,213.534,1.499
"Tenant 2 [Tier 1] High-Scale Ingestion VIP","GetSmall",1,0,216.199,214.628,1.563
"Tenant 2 [Tier 1] High-Scale Ingestion VIP","PutSmall",1,0,215.672,213.919,1.742
"Tenant 2 [Tier 1] High-Scale Ingestion VIP","PutSmall",1,0,216.455,214.706,1.744
"Tenant 2 [Tier 1] High-Scale Ingestion VIP","PutSmall",1,0,216.796,215.009,1.765
"Tenant 2 [Tier 1] High-Scale Ingestion VIP","PutSmall",1,0,216.225,214.398,1.823
"Tenant 2 [Tier 1] High-Scale Ingestion VIP","GetSmall",1,0,216.181,214.622,1.551
"Tenant 2 [Tier 1] High-Scale Ingestion VIP","PutSmall",1,0,215.699,213.857,1.837
"Tenant 2 [Tier 1] High-Scale Ingestion VIP","GetSmall",1,0,216.127,214.687,1.436
"Tenant 2 [Tier 1] High-Scale Ingestion VIP","GetSmall",1,0,215.540,213.969,1.566
"Tenant 2 [Tier 1] High-Scale Ingestion VIP","PutSmall",1,0,216.543,214.732,1.807
"Tenant 2 [Tier 1] High-Scale Ingestion VIP","PutSmall",1,0,215.773,213.927,1.841
"Tenant 2 [Tier 1] High-Scale Ingestion VIP","PutSmall",1,0,215.913,214.136,1.772
"Tenant 2 [Tier 1] High-Scale Ingestion VIP","PutSmall",1,0,216.175,214.403,1.765
"Tenant 2 [Tier 1] High-Scale Ingestion VIP","PutSmall",1,0,216.352,214.603,1.744
"Tenant 2 [Tier 1] High-Scale Ingestion VIP","PutSmall",1,0,216.237,214.362,1.871
"Tenant 2 [Tier 1] High-Scale Ingestion VIP","PutSmall",1,0,216.794,214.948,1.843
"Tenant 2 [Tier 1] High-Scale Ingestion VIP","PutSmall",1,0,216.287,214.427,1.855
"Tenant 2 [Tier 1] High-Scale Ingestion VIP","PutSmall",1,0,216.267,214.529,1.731
"Tenant 2 [Tier 1] High-Scale Ingestion VIP","GetSmall",1,0,215.843,214.355,1.481
"Tenant 2 [Tier 1] High-Scale Ingestion VIP","GetSmall",1,0,216.051,214.604,1.438
"Tenant 2 [Tier 1] High-Scale Ingestion VIP","PutSmall",1,0,216.179,214.455,1.721
"Tenant 2 [Tier 1] High-Scale Ingestion VIP","PutSmall",1,0,216.435,214.612,1.815
"Tenant 2 [Tier 1] High-Scale Ingestion VIP","GetSmall",1,0,216.786,215.263,1.517
"Tenant 2 [Tier 1] High-Scale Ingestion VIP","PutSmall",1,0,218.899,217.047,1.843
"Tenant 2 [Tier 1] High-Scale Ingestion VIP","PutSmall",1,0,219.757,217.998,1.744
"Tenant 2 [Tier 1] High-Scale Ingestion VIP","GetSmall",1,0,222.295,220.724,1.567
"Tenant 2 [Tier 1] High-Scale Ingestion VIP","PutSmall",1,0,223.507,221.625,1.877
"Tenant 2 [Tier 1] High-Scale Ingestion VIP","GetSmall",1,0,227.064,225.549,1.498
"Tenant 2 [Tier 1] High-Scale Ingestion VIP","PutSmall",1,0,225.399,223.612,1.739
"Tenant 2 [Tier 1] High-Scale Ingestion VIP","GetSmall",1,0,224.205,222.767,1.431
"Tenant 2 [Tier 1] High-Scale Ingestion VIP","PutSmall",1,0,224.616,222.789,1.822
"Tenant 2 [Tier 1] High-Scale Ingestion VIP","GetSmall",1,0,225.841,224.269,1.569
"Tenant 2 [Tier 1] High-Scale Ingestion VIP","PutSmall",1,0,225.918,224.129,1.784
"Tenant 2 [Tier 1] High-Scale Ingestion VIP","GetSmall",1,0,224.464,222.908,1.553
"Tenant 2 [Tier 1] High-Scale Ingestion VIP","GetSmall",1,0,224.200,222.643,1.525
"Tenant 2 [Tier 1] High-Scale Ingestion VIP","PutSmall",1,0,227.062,225.332,1.726
"Tenant 2 [Tier 1] High-Scale Ingestion VIP","PutSmall",1,0,227.481,225.634,1.843
"Tenant 2 [Tier 1] High-Scale Ingestion VIP","GetSmall",1,0,224.017,222.458,1.549
"Tenant 2 [Tier 1] High-Scale Ingestion VIP","PutSmall",1,0,226.343,224.559,1.775
"Tenant 2 [Tier 1] High-Scale Ingestion VIP","PutSmall",1,0,225.909,224.162,1.726
"Tenant 2 [Tier 1] High-Scale Ingestion VIP","PutSmall",1,0,223.383,221.612,1.757
"Tenant 2 [Tier 1] High-Scale Ingestion VIP","PutSmall",1,0,226.052,224.178,1.856
"Tenant 2 [Tier 1] High-Scale Ingestion VIP","GetSmall",1,0,226.033,224.514,1.500
"Tenant 2 [Tier 1] High-Scale Ingestion VIP","GetSmall",1,0,226.504,224.943,1.552
"Tenant 2 [Tier 1] High-Scale Ingestion VIP","PutSmall",1,0,224.196,222.323,1.852
"Tenant 2 [Tier 1] High-Scale Ingestion VIP","GetSmall",1,0,225.553,224.046,1.498
"Tenant 2 [Tier 1] High-Scale Ingestion VIP","PutSmall",1,0,225.935,224.215,1.712
"Tenant 2 [Tier 1] High-Scale Ingestion VIP","GetSmall",1,0,225.863,224.425,1.433
"Tenant 2 [Tier 1] High-Scale Ingestion VIP","GetSmall",1,0,226.310,224.771,1.536
"Tenant 2 [Tier 1] High-Scale Ingestion VIP","PutSmall",1,0,227.273,225.436,1.825
"Tenant 2 [Tier 1] High-Scale Ingestion VIP","PutSmall",1,0,226.184,224.385,1.766
"Tenant 2 [Tier 1] High-Scale Ingestion VIP","PutSmall",1,0,226.272,224.450,1.814
"Tenant 2 [Tier 1] High-Scale Ingestion VIP","PutSmall",1,0,227.295,225.461,1.827
"Tenant 2 [Tier 1] High-Scale Ingestion VIP","GetSmall",1,0,225.951,224.426,1.520
"Tenant 2 [Tier 1] High-Scale Ingestion VIP","GetSmall",1,0,225.935,224.359,1.573
"Tenant 2 [Tier 1] High-Scale Ingestion VIP","PutSmall",1,0,226.990,225.268,1.718
"Tenant 2 [Tier 1] High-Scale Ingestion VIP","PutSmall",1,0,226.031,224.285,1.741
"Tenant 2 [Tier 1] High-Scale Ingestion VIP","PutSmall",1,0,224.607,222.760,1.842
"Tenant 2 [Tier 1] High-Scale Ingestion VIP","GetSmall",1,0,225.920,224.431,1.483
"Tenant 2 [Tier 1] High-Scale Ingestion VIP","GetSmall",1,0,225.978,224.459,1.507
"Tenant 2 [Tier 1] High-Scale Ingestion VIP","GetSmall",1,0,226.026,224.482,1.538
"Tenant 2 [Tier 1] High-Scale Ingestion VIP","PutSmall",1,0,226.161,224.434,1.723
"Tenant 2 [Tier 1] High-Scale Ingestion VIP","GetSmall",1,0,225.929,224.355,1.570
"Tenant 2 [Tier 1] High-Scale Ingestion VIP","GetSmall",1,0,225.999,224.525,1.466
"Tenant 2 [Tier 1] High-Scale Ingestion VIP","PutSmall",1,0,226.967,225.189,1.772
"Tenant 2 [Tier 1] High-Scale Ingestion VIP","PutSmall",1,0,226.979,225.122,1.852
"Tenant 2 [Tier 1] High-Scale Ingestion VIP","GetSmall",1,0,225.546,224.057,1.484
"Tenant 2 [Tier 1] High-Scale Ingestion VIP","PutSmall",1,0,225.936,224.160,1.770
"Tenant 2 [Tier 1] High-Scale Ingestion VIP","PutSmall",1,0,226.036,224.196,1.836
"Tenant 2 [Tier 1] High-Scale Ingestion VIP","PutSmall",1,0,226.064,224.218,1.842
"Tenant 2 [Tier 1] High-Scale Ingestion VIP","PutSmall",1,0,226.183,224.463,1.714
"Tenant 2 [Tier 1] High-Scale Ingestion VIP","PutSmall",1,0,226.139,224.331,1.803
"Tenant 2 [Tier 1] High-Scale Ingestion VIP","PutSmall",1,0,227.080,225.223,1.843
"Tenant 2 [Tier 1] High-Scale Ingestion VIP","GetSmall",1,0,226.155,224.670,1.481
"Tenant 2 [Tier 1] High-Scale Ingestion VIP","PutSmall",1,0,226.468,224.631,1.830
"Tenant 2 [Tier 1] High-Scale Ingestion VIP","GetSmall",1,0,225.195,223.727,1.461
"Tenant 2 [Tier 1] High-Scale Ingestion VIP","PutSmall",1,0,225.940,224.110,1.817
"Tenant 2 [Tier 1] High-Scale Ingestion VIP","GetSmall",1,0,224.919,223.419,1.497
"Tenant 2 [Tier 1] High-Scale Ingestion VIP","PutSmall",1,0,225.849,224.128,1.714
"Tenant 2 [Tier 1] High-Scale Ingestion VIP","PutSmall",1,0,225.754,224.018,1.731
"Tenant 2 [Tier 1] High-Scale Ingestion VIP","PutSmall",1,0,225.596,223.725,1.863
"Tenant 2 [Tier 1] High-Scale Ingestion VIP","PutSmall",1,0,226.487,224.654,1.828
"Tenant 2 [Tier 1] High-Scale Ingestion VIP","PutSmall",1,0,225.999,224.150,1.842
"Tenant 2 [Tier 1] High-Scale Ingestion VIP","GetSmall",1,0,225.258,223.822,1.426
"Tenant 2 [Tier 1] High-Scale Ingestion VIP","GetSmall",1,0,224.993,223.543,1.439
"Tenant 2 [Tier 1] High-Scale Ingestion VIP","GetSmall",1,0,225.936,224.437,1.491
"Tenant 2 [Tier 1] High-Scale Ingestion VIP","GetSmall",1,0,227.020,225.446,1.570
"Tenant 2 [Tier 1] High-Scale Ingestion VIP","PutSmall",1,0,224.268,222.540,1.724
"Tenant 2 [Tier 1] High-Scale Ingestion VIP","PutSmall",1,0,225.489,223.721,1.757
"Tenant 2 [Tier 1] High-Scale Ingestion VIP","PutSmall",1,0,223.684,221.882,1.791
"Tenant 2 [Tier 1] High-Scale Ingestion VIP","PutSmall",1,0,219.544,217.697,1.839
"Tenant 2 [Tier 1] High-Scale Ingestion VIP","PutSmall",1,0,215.573,213.788,1.781
"Tenant 2 [Tier 1] High-Scale Ingestion VIP","PutSmall",1,0,215.027,213.161,1.861
"Tenant 2 [Tier 1] High-Scale Ingestion VIP","GetSmall",1,0,216.666,215.168,1.490
"Tenant 2 [Tier 1] High-Scale Ingestion VIP","PutSmall",1,0,216.546,214.781,1.733
"Tenant 2 [Tier 1] High-Scale Ingestion VIP","PutSmall",1,0,215.627,213.810,1.780
"Tenant 2 [Tier 1] High-Scale Ingestion VIP","PutSmall",1,0,215.481,213.592,1.877
"Tenant 2 [Tier 1] High-Scale Ingestion VIP","GetSmall",1,0,217.731,216.201,1.526
"Tenant 2 [Tier 1] High-Scale Ingestion VIP","GetSmall",1,0,215.035,213.452,1.560
"Tenant 2 [Tier 1] High-Scale Ingestion VIP","PutSmall",1,0,215.024,213.155,1.863
"Tenant 2 [Tier 1] High-Scale Ingestion VIP","PutSmall",1,0,215.166,213.278,1.868
"Tenant 2 [Tier 1] High-Scale Ingestion VIP","PutSmall",1,0,216.459,214.559,1.884
"Tenant 2 [Tier 1] High-Scale Ingestion VIP","GetSmall",1,0,216.602,215.161,1.438
"Tenant 2 [Tier 1] High-Scale Ingestion VIP","GetSmall",1,0,218.278,216.713,1.550
"Tenant 2 [Tier 1] High-Scale Ingestion VIP","PutSmall",1,0,218.379,216.610,1.735
"Tenant 2 [Tier 1] High-Scale Ingestion VIP","PutSmall",1,0,218.634,216.752,1.878
"Tenant 2 [Tier 1] High-Scale Ingestion VIP","PutSmall",1,0,218.804,217.051,1.748
"Tenant 2 [Tier 1] High-Scale Ingestion VIP","PutSmall",1,0,218.786,217.001,1.776
"Tenant 2 [Tier 1] High-Scale Ingestion VIP","PutSmall",1,0,217.361,215.576,1.778
"Tenant 2 [Tier 1] High-Scale Ingestion VIP","PutSmall",1,0,217.529,215.780,1.744
"Tenant 2 [Tier 1] High-Scale Ingestion VIP","GetSmall",1,0,220.506,218.937,1.564
"Tenant 2 [Tier 1] High-Scale Ingestion VIP","GetSmall",1,0,218.558,217.097,1.455
"Tenant 2 [Tier 1] High-Scale Ingestion VIP","GetSmall",1,0,219.921,218.467,1.446
"Tenant 2 [Tier 1] High-Scale Ingestion VIP","PutSmall",1,0,220.352,218.581,1.761
"Tenant 2 [Tier 1] High-Scale Ingestion VIP","GetSmall",1,0,218.516,216.960,1.552
"Tenant 2 [Tier 1] High-Scale Ingestion VIP","PutSmall",1,0,220.119,218.337,1.779
"Tenant 2 [Tier 1] High-Scale Ingestion VIP","PutSmall",1,0,220.103,218.323,1.772
"Tenant 2 [Tier 1] High-Scale Ingestion VIP","GetSmall",1,0,219.990,218.557,1.429
"Tenant 2 [Tier 1] High-Scale Ingestion VIP","GetSmall",1,0,220.175,218.606,1.558
"Tenant 2 [Tier 1] High-Scale Ingestion VIP","PutSmall",1,0,219.099,217.233,1.857
"Tenant 2 [Tier 1] High-Scale Ingestion VIP","GetSmall",1,0,219.275,217.793,1.480
"Tenant 2 [Tier 1] High-Scale Ingestion VIP","PutSmall",1,0,219.766,217.881,1.877
"Tenant 2 [Tier 1] High-Scale Ingestion VIP","GetSmall",1,0,219.800,218.239,1.558
"Tenant 2 [Tier 1] High-Scale Ingestion VIP","GetSmall",1,0,219.798,218.225,1.561
"Tenant 2 [Tier 1] High-Scale Ingestion VIP","PutSmall",1,0,219.926,218.195,1.725
"Tenant 2 [Tier 1] High-Scale Ingestion VIP","GetSmall",1,0,220.357,218.779,1.573
"Tenant 2 [Tier 1] High-Scale Ingestion VIP","PutSmall",1,0,220.458,218.611,1.840
"Tenant 2 [Tier 1] High-Scale Ingestion VIP","GetSmall",1,0,219.340,217.847,1.486
"Tenant 2 [Tier 1] High-Scale Ingestion VIP","PutSmall",1,0,219.713,217.933,1.770
"Tenant 2 [Tier 1] High-Scale Ingestion VIP","PutSmall",1,0,220.117,218.236,1.876
"Tenant 2 [Tier 1] High-Scale Ingestion VIP","GetSmall",1,0,219.729,218.275,1.449
"Tenant 2 [Tier 1] High-Scale Ingestion VIP","PutSmall",1,0,219.725,217.987,1.733
"Tenant 2 [Tier 1] High-Scale Ingestion VIP","GetSmall",1,0,220.022,218.584,1.433
"Tenant 2 [Tier 1] High-Scale Ingestion VIP","GetSmall",1,0,218.791,217.334,1.453
"Tenant 2 [Tier 1] High-Scale Ingestion VIP","PutSmall",1,0,219.159,217.336,1.819
"Tenant 2 [Tier 1] High-Scale Ingestion VIP","PutSmall",1,0,220.327,218.501,1.817
"Tenant 2 [Tier 1] High-Scale Ingestion VIP","GetSmall",1,0,219.945,218.465,1.466
"Tenant 2 [Tier 1] High-Scale Ingestion VIP","GetSmall",1,0,219.757,218.261,1.488
"Tenant 2 [Tier 1] High-Scale Ingestion VIP","PutSmall",1,0,219.720,217.911,1.800
"Tenant 2 [Tier 1] High-Scale Ingestion VIP","GetSmall",1,0,219.146,217.586,1.555
"Tenant 2 [Tier 1] High-Scale Ingestion VIP","PutSmall",1,0,220.176,218.432,1.738
"Tenant 2 [Tier 1] High-Scale Ingestion VIP","PutSmall",1,0,220.630,218.792,1.834
"Tenant 2 [Tier 1] High-Scale Ingestion VIP","PutSmall",1,0,220.014,218.259,1.752
"Tenant 2 [Tier 1] High-Scale Ingestion VIP","PutSmall",1,0,220.029,218.241,1.773
"Tenant 2 [Tier 1] High-Scale Ingestion VIP","PutSmall",1,0,220.217,218.469,1.745
"Tenant 2 [Tier 1] High-Scale Ingestion VIP","PutSmall",1,0,221.249,219.444,1.798
"Tenant 2 [Tier 1] High-Scale Ingestion VIP","GetSmall",1,0,219.632,218.134,1.486
"Tenant 2 [Tier 1] High-Scale Ingestion VIP","PutSmall",1,0,220.513,218.753,1.758
"Tenant 2 [Tier 1] High-Scale Ingestion VIP","PutSmall",1,0,219.933,218.123,1.808
"Tenant 2 [Tier 1] High-Scale Ingestion VIP","GetSmall",1,0,219.744,218.236,1.498
"Tenant 2 [Tier 1] High-Scale Ingestion VIP","PutSmall",1,0,220.127,218.319,1.803
"Tenant 2 [Tier 1] High-Scale Ingestion VIP","GetSmall",1,0,218.562,217.088,1.471
"Tenant 2 [Tier 1] High-Scale Ingestion VIP","GetSmall",1,0,218.733,217.259,1.468
"Tenant 2 [Tier 1] High-Scale Ingestion VIP","GetSmall",1,0,219.739,218.214,1.521
"Tenant 2 [Tier 1] High-Scale Ingestion VIP","PutSmall",1,0,223.166,221.403,1.759
"Tenant 2 [Tier 1] High-Scale Ingestion VIP","GetSmall",1,0,218.823,217.268,1.511
"Tenant 2 [Tier 1] High-Scale Ingestion VIP","PutSmall",1,0,217.285,215.416,1.836
"Tenant 2 [Tier 1] High-Scale Ingestion VIP","PutSmall",1,0,215.702,213.949,1.712
"Tenant 2 [Tier 1] High-Scale Ingestion VIP","PutSmall",1,0,215.470,213.683,1.783
"Tenant 2 [Tier 1] High-Scale Ingestion VIP","GetSmall",1,0,217.357,215.789,1.534
"Tenant 2 [Tier 1] High-Scale Ingestion VIP","PutSmall",1,0,217.599,215.726,1.868
"Tenant 2 [Tier 1] High-Scale Ingestion VIP","GetSmall",1,0,216.589,215.092,1.462
"Tenant 2 [Tier 1] High-Scale Ingestion VIP","PutSmall",1,0,218.373,216.629,1.740
"Tenant 2 [Tier 1] High-Scale Ingestion VIP","PutSmall",1,0,218.103,216.344,1.748
"Tenant 2 [Tier 1] High-Scale Ingestion VIP","PutSmall",1,0,219.448,217.619,1.825
"Tenant 2 [Tier 1] High-Scale Ingestion VIP","PutSmall",1,0,216.979,215.144,1.833
"Tenant 2 [Tier 1] High-Scale Ingestion VIP","GetSmall",1,0,217.939,216.429,1.468
"Tenant 2 [Tier 1] High-Scale Ingestion VIP","GetSmall",1,0,215.226,213.740,1.473
"Tenant 2 [Tier 1] High-Scale Ingestion VIP","GetSmall",1,0,215.509,213.942,1.550
"Tenant 2 [Tier 1] High-Scale Ingestion VIP","PutSmall",1,0,216.484,214.619,1.860
"Tenant 2 [Tier 1] High-Scale Ingestion VIP","GetSmall",1,0,216.474,214.919,1.550
"Tenant 2 [Tier 1] High-Scale Ingestion VIP","PutSmall",1,0,216.771,214.890,1.877
"Tenant 2 [Tier 1] High-Scale Ingestion VIP","PutSmall",1,0,217.180,215.409,1.766
"Tenant 2 [Tier 1] High-Scale Ingestion VIP","PutSmall",1,0,217.194,215.449,1.735
"Tenant 2 [Tier 1] High-Scale Ingestion VIP","PutSmall",1,0,215.780,214.042,1.732
"Tenant 2 [Tier 1] High-Scale Ingestion VIP","PutSmall",1,0,214.483,212.641,1.837
"Tenant 2 [Tier 1] High-Scale Ingestion VIP","GetSmall",1,0,214.588,213.076,1.509
"Tenant 2 [Tier 1] High-Scale Ingestion VIP","PutSmall",1,0,215.215,213.389,1.818
"Tenant 2 [Tier 1] High-Scale Ingestion VIP","GetSmall",1,0,215.928,214.471,1.450
"Tenant 2 [Tier 1] High-Scale Ingestion VIP","GetSmall",1,0,216.178,214.691,1.480
"Tenant 2 [Tier 1] High-Scale Ingestion VIP","GetSmall",1,0,216.026,214.473,1.549
"Tenant 2 [Tier 1] High-Scale Ingestion VIP","PutSmall",1,0,216.325,214.569,1.751
"Tenant 2 [Tier 1] High-Scale Ingestion VIP","PutSmall",1,0,216.269,214.445,1.819
"Tenant 2 [Tier 1] High-Scale Ingestion VIP","PutSmall",1,0,216.012,214.150,1.853
"Tenant 2 [Tier 1] High-Scale Ingestion VIP","PutSmall",1,0,216.451,214.633,1.813
"Tenant 2 [Tier 1] High-Scale Ingestion VIP","PutSmall",1,0,216.076,214.231,1.833
"Tenant 2 [Tier 1] High-Scale Ingestion VIP","GetSmall",1,0,215.889,214.375,1.508
"Tenant 2 [Tier 1] High-Scale Ingestion VIP","GetSmall",1,0,216.698,215.144,1.550
"Tenant 2 [Tier 1] High-Scale Ingestion VIP","PutSmall",1,0,216.775,214.992,1.780
"Tenant 2 [Tier 1] High-Scale Ingestion VIP","PutSmall",1,0,217.047,215.162,1.881
"Tenant 2 [Tier 1] High-Scale Ingestion VIP","GetSmall",1,0,216.569,215.104,1.458
"Tenant 2 [Tier 1] High-Scale Ingestion VIP","GetSmall",1,0,216.069,214.569,1.494
"Tenant 2 [Tier 1] High-Scale Ingestion VIP","PutSmall",1,0,216.602,214.863,1.730
"Tenant 2 [Tier 1] High-Scale Ingestion VIP","PutSmall",1,0,216.628,214.792,1.831
"Tenant 2 [Tier 1] High-Scale Ingestion VIP","GetSmall",1,0,216.280,214.747,1.531
"Tenant 2 [Tier 1] High-Scale Ingestion VIP","PutSmall",1,0,216.832,215.109,1.718
"Tenant 2 [Tier 1] High-Scale Ingestion VIP","PutSmall",1,0,217.185,215.390,1.791
"Tenant 2 [Tier 1] High-Scale Ingestion VIP","PutSmall",1,0,216.619,214.794,1.819
"Tenant 2 [Tier 1] High-Scale Ingestion VIP","PutSmall",1,0,216.822,215.105,1.713
"Tenant 2 [Tier 1] High-Scale Ingestion VIP","PutSmall",1,0,216.912,215.110,1.800
"Tenant 2 [Tier 1] High-Scale Ingestion VIP","GetSmall",1,0,216.898,215.346,1.548
"Tenant 2 [Tier 1] High-Scale Ingestion VIP","PutSmall",1,0,216.839,215.035,1.788
"Tenant 2 [Tier 1] High-Scale Ingestion VIP","PutSmall",1,0,217.202,215.356,1.844
"Tenant 2 [Tier 1] High-Scale Ingestion VIP","PutSmall",1,0,216.767,214.910,1.854
"Tenant 2 [Tier 1] High-Scale Ingestion VIP","GetSmall",1,0,216.669,215.171,1.493
"Tenant 2 [Tier 1] High-Scale Ingestion VIP","PutSmall",1,0,217.042,215.212,1.826
"Tenant 2 [Tier 1] High-Scale Ingestion VIP","PutSmall",1,0,217.894,216.031,1.847
"Tenant 2 [Tier 1] High-Scale Ingestion VIP","PutSmall",1,0,218.003,216.120,1.880
"Tenant 2 [Tier 1] High-Scale Ingestion VIP","GetSmall",1,0,216.513,215.022,1.484
"Tenant 2 [Tier 1] High-Scale Ingestion VIP","PutSmall",1,0,217.153,215.306,1.843
"Tenant 2 [Tier 1] High-Scale Ingestion VIP","GetSmall",1,0,217.281,215.696,1.575
"Tenant 2 [Tier 1] High-Scale Ingestion VIP","PutSmall",1,0,217.176,215.380,1.793
"Tenant 2 [Tier 1] High-Scale Ingestion VIP","PutSmall",1,0,217.325,215.435,1.887
"Tenant 2 [Tier 1] High-Scale Ingestion VIP","GetSmall",1,0,214.893,213.357,1.529
"Tenant 2 [Tier 1] High-Scale Ingestion VIP","PutSmall",1,0,215.482,213.666,1.813
"Tenant 2 [Tier 1] High-Scale Ingestion VIP","PutSmall",1,0,215.108,213.390,1.715
"Tenant 2 [Tier 1] High-Scale Ingestion VIP","PutSmall",1,0,216.814,214.960,1.851
"Tenant 2 [Tier 1] High-Scale Ingestion VIP","GetSmall",1,0,216.249,214.673,1.573
"Tenant 2 [Tier 1] High-Scale Ingestion VIP","GetSmall",1,0,214.787,213.337,1.444
"Tenant 2 [Tier 1] High-Scale Ingestion VIP","PutSmall",1,0,215.572,213.789,1.773
"Tenant 2 [Tier 1] High-Scale Ingestion VIP","PutSmall",1,0,215.905,214.089,1.803
"Tenant 2 [Tier 1] High-Scale Ingestion VIP","GetSmall",1,0,215.706,214.119,1.569
"Tenant 2 [Tier 1] High-Scale Ingestion VIP","PutSmall",1,0,215.971,214.086,1.864
"Tenant 2 [Tier 1] High-Scale Ingestion VIP","GetSmall",1,0,216.244,214.808,1.433
"Tenant 2 [Tier 1] High-Scale Ingestion VIP","PutSmall",1,0,216.325,214.495,1.822
"Tenant 2 [Tier 1] High-Scale Ingestion VIP","PutSmall",1,0,216.142,214.303,1.803
"Tenant 2 [Tier 1] High-Scale Ingestion VIP","GetSmall",1,0,215.797,214.257,1.530
"Tenant 2 [Tier 1] High-Scale Ingestion VIP","PutSmall",1,0,216.099,214.249,1.847
"Tenant 2 [Tier 1] High-Scale Ingestion VIP","GetSmall",1,0,217.882,216.422,1.456
"Tenant 2 [Tier 1] High-Scale Ingestion VIP","PutSmall",1,0,217.616,215.823,1.788
"Tenant 2 [Tier 1] High-Scale Ingestion VIP","PutSmall",1,0,216.190,214.328,1.853
"Tenant 2 [Tier 1] High-Scale Ingestion VIP","GetSmall",1,0,215.784,214.193,1.557
"Tenant 2 [Tier 1] High-Scale Ingestion VIP","PutSmall",1,0,216.052,214.270,1.778
"Tenant 2 [Tier 1] High-Scale Ingestion VIP","PutSmall",1,0,218.668,216.822,1.840
"Tenant 2 [Tier 1] High-Scale Ingestion VIP","GetSmall",1,0,216.250,214.688,1.529
"Tenant 2 [Tier 1] High-Scale Ingestion VIP","GetSmall",1,0,215.925,214.362,1.535
"Tenant 2 [Tier 1] High-Scale Ingestion VIP","PutSmall",1,0,218.012,216.163,1.835
"Tenant 2 [Tier 1] High-Scale Ingestion VIP","PutSmall",1,0,217.107,215.332,1.770
"Tenant 2 [Tier 1] High-Scale Ingestion VIP","PutSmall",1,0,219.025,217.141,1.878
"Tenant 2 [Tier 1] High-Scale Ingestion VIP","GetSmall",1,0,218.152,216.588,1.561
"Tenant 2 [Tier 1] High-Scale Ingestion VIP","PutSmall",1,0,219.122,217.330,1.788
"Tenant 2 [Tier 1] High-Scale Ingestion VIP","PutSmall",1,0,218.703,216.909,1.787
"Tenant 2 [Tier 1] High-Scale Ingestion VIP","GetSmall",1,0,216.874,215.431,1.436
"Tenant 2 [Tier 1] High-Scale Ingestion VIP","PutSmall",1,0,217.217,215.459,1.751
"Tenant 2 [Tier 1] High-Scale Ingestion VIP","PutSmall",1,0,217.656,215.794,1.857
"Tenant 2 [Tier 1] High-Scale Ingestion VIP","PutSmall",1,0,219.209,217.402,1.791
"Tenant 2 [Tier 1] High-Scale Ingestion VIP","PutSmall",1,0,219.641,217.889,1.746
"Tenant 2 [Tier 1] High-Scale Ingestion VIP","PutSmall",1,0,219.738,217.934,1.800
"Tenant 2 [Tier 1] High-Scale Ingestion VIP","GetSmall",1,0,219.744,218.314,1.427
"Tenant 2 [Tier 1] High-Scale Ingestion VIP","PutSmall",1,0,220.180,218.340,1.834
"Tenant 2 [Tier 1] High-Scale Ingestion VIP","GetSmall",1,0,218.877,217.363,1.510
"Tenant 2 [Tier 1] High-Scale Ingestion VIP","GetSmall",1,0,219.123,217.591,1.516
"Tenant 2 [Tier 1] High-Scale Ingestion VIP","GetSmall",1,0,218.808,217.258,1.546
"Tenant 2 [Tier 1] High-Scale Ingestion VIP","PutSmall",1,0,219.411,217.630,1.777
"Tenant 2 [Tier 1] High-Scale Ingestion VIP","PutSmall",1,0,219.950,218.085,1.858
"Tenant 2 [Tier 1] High-Scale Ingestion VIP","GetSmall",1,0,219.221,217.649,1.561
"Tenant 2 [Tier 1] High-Scale Ingestion VIP","GetSmall",1,0,219.005,217.503,1.497
"Tenant 2 [Tier 1] High-Scale Ingestion VIP","PutSmall",1,0,219.705,217.922,1.773
"Tenant 2 [Tier 1] High-Scale Ingestion VIP","GetSmall",1,0,219.160,217.602,1.553
"Tenant 2 [Tier 1] High-Scale Ingestion VIP","PutSmall",1,0,219.633,217.792,1.834
"Tenant 2 [Tier 1] High-Scale Ingestion VIP","PutSmall",1,0,219.390,217.533,1.840
"Tenant 2 [Tier 1] High-Scale Ingestion VIP","PutSmall",1,0,219.106,217.373,1.726
"Tenant 2 [Tier 1] High-Scale Ingestion VIP","GetSmall",1,0,218.549,217.039,1.505
"Tenant 2 [Tier 1] High-Scale Ingestion VIP","PutSmall",1,0,219.016,217.121,1.888
"Tenant 2 [Tier 1] High-Scale Ingestion VIP","GetSmall",1,0,218.493,216.979,1.509
"Tenant 2 [Tier 1] High-Scale Ingestion VIP","GetSmall",1,0,218.835,217.263,1.570
"Tenant 2 [Tier 1] High-Scale Ingestion VIP","PutSmall",1,0,218.848,217.007,1.838
"Tenant 2 [Tier 1] High-Scale Ingestion VIP","GetSmall",1,0,218.825,217.376,1.443
"Tenant 2 [Tier 1] High-Scale Ingestion VIP","GetSmall",1,0,217.540,216.019,1.517
"Tenant 2 [Tier 1] High-Scale Ingestion VIP","PutSmall",1,0,218.077,216.358,1.714
"Tenant 2 [Tier 1] High-Scale Ingestion VIP","PutSmall",1,0,218.902,217.165,1.733
"Tenant 2 [Tier 1] High-Scale Ingestion VIP","PutSmall",1,0,218.940,217.179,1.739
"Tenant 2 [Tier 1] High-Scale Ingestion VIP","PutSmall",1,0,218.951,217.066,1.881
"Tenant 2 [Tier 1] High-Scale Ingestion VIP","PutSmall",1,0,219.144,217.343,1.795
"Tenant 2 [Tier 1] High-Scale Ingestion VIP","PutSmall",1,0,218.422,216.620,1.797
"Tenant 2 [Tier 1] High-Scale Ingestion VIP","GetSmall",1,0,218.606,217.117,1.485
"Tenant 2 [Tier 1] High-Scale Ingestion VIP","PutSmall",1,0,219.039,217.211,1.824
"Tenant 2 [Tier 1] High-Scale Ingestion VIP","GetSmall",1,0,220.834,219.302,1.522
"Tenant 2 [Tier 1] High-Scale Ingestion VIP","PutSmall",1,0,220.857,219.012,1.832
"Tenant 2 [Tier 1] High-Scale Ingestion VIP","PutSmall",1,0,220.701,218.951,1.747
"Tenant 2 [Tier 1] High-Scale Ingestion VIP","PutSmall",1,0,221.125,219.385,1.737
"Tenant 2 [Tier 1] High-Scale Ingestion VIP","GetSmall",1,0,220.712,219.232,1.467
"Tenant 2 [Tier 1] High-Scale Ingestion VIP","PutSmall",1,0,219.844,218.051,1.789
"Tenant 2 [Tier 1] High-Scale Ingestion VIP","GetSmall",1,0,221.632,220.185,1.443
"Tenant 2 [Tier 1] High-Scale Ingestion VIP","PutSmall",1,0,221.965,220.203,1.759
"Tenant 2 [Tier 1] High-Scale Ingestion VIP","GetSmall",1,0,221.222,219.627,1.564
"Tenant 2 [Tier 1] High-Scale Ingestion VIP","PutSmall",1,0,221.073,219.304,1.739
"Tenant 2 [Tier 1] High-Scale Ingestion VIP","GetSmall",1,0,221.681,220.216,1.429
"Tenant 2 [Tier 1] High-Scale Ingestion VIP","PutSmall",1,0,221.674,219.823,1.849
"Tenant 2 [Tier 1] High-Scale Ingestion VIP","PutSmall",1,0,221.208,219.417,1.785
"Tenant 2 [Tier 1] High-Scale Ingestion VIP","GetSmall",1,0,221.164,219.686,1.470
"Tenant 2 [Tier 1] High-Scale Ingestion VIP","PutSmall",1,0,221.139,219.372,1.762
"Tenant 2 [Tier 1] High-Scale Ingestion VIP","PutSmall",1,0,223.520,221.731,1.747
"Tenant 2 [Tier 1] High-Scale Ingestion VIP","PutSmall",1,0,220.712,218.890,1.797
"Tenant 2 [Tier 1] High-Scale Ingestion VIP","GetSmall",1,0,220.727,219.172,1.550
"Tenant 2 [Tier 1] High-Scale Ingestion VIP","GetSmall",1,0,220.749,219.237,1.507
"Tenant 2 [Tier 1] High-Scale Ingestion VIP","GetSmall",1,0,221.777,220.234,1.534
"Tenant 2 [Tier 1] High-Scale Ingestion VIP","PutSmall",1,0,221.272,219.548,1.716
"Tenant 2 [Tier 1] High-Scale Ingestion VIP","PutSmall",1,0,222.918,221.146,1.770
"Tenant 2 [Tier 1] High-Scale Ingestion VIP","PutSmall",1,0,222.393,220.612,1.774
"Tenant 2 [Tier 1] High-Scale Ingestion VIP","PutSmall",1,0,222.466,220.594,1.870
"Tenant 2 [Tier 1] High-Scale Ingestion VIP","PutSmall",1,0,222.445,220.587,1.845
"Tenant 2 [Tier 1] High-Scale Ingestion VIP","GetSmall",1,0,223.612,222.080,1.500
"Tenant 2 [Tier 1] High-Scale Ingestion VIP","GetSmall",1,0,222.322,220.873,1.428
"Tenant 2 [Tier 1] High-Scale Ingestion VIP","PutSmall",1,0,223.572,221.805,1.760
"Tenant 2 [Tier 1] High-Scale Ingestion VIP","PutSmall",1,0,223.626,221.801,1.801
"Tenant 2 [Tier 1] High-Scale Ingestion VIP","GetSmall",1,0,222.404,220.947,1.444
"Tenant 2 [Tier 1] High-Scale Ingestion VIP","GetSmall",1,0,222.923,221.457,1.462
"Tenant 2 [Tier 1] High-Scale Ingestion VIP","PutSmall",1,0,223.836,221.990,1.813
"Tenant 2 [Tier 1] High-Scale Ingestion VIP","GetSmall",1,0,219.752,218.273,1.472
"Tenant 2 [Tier 1] High-Scale Ingestion VIP","PutSmall",1,0,219.878,218.085,1.786
"Tenant 2 [Tier 1] High-Scale Ingestion VIP","GetSmall",1,0,220.701,219.176,1.521
"Tenant 2 [Tier 1] High-Scale Ingestion VIP","GetSmall",1,0,222.076,220.543,1.512
"Tenant 2 [Tier 1] High-Scale Ingestion VIP","PutSmall",1,0,222.677,220.951,1.719
"Tenant 2 [Tier 1] High-Scale Ingestion VIP","GetSmall",1,0,221.292,219.720,1.566
"Tenant 2 [Tier 1] High-Scale Ingestion VIP","GetSmall",1,0,221.991,220.446,1.536
"Tenant 2 [Tier 1] High-Scale Ingestion VIP","PutSmall",1,0,222.423,220.694,1.725
"Tenant 2 [Tier 1] High-Scale Ingestion VIP","PutSmall",1,0,222.513,220.674,1.835
"Tenant 2 [Tier 1] High-Scale Ingestion VIP","GetSmall",1,0,221.035,219.562,1.470
"Tenant 2 [Tier 1] High-Scale Ingestion VIP","GetSmall",1,0,221.993,220.473,1.513
"Tenant 2 [Tier 1] High-Scale Ingestion VIP","GetSmall",1,0,222.052,220.561,1.486
"Tenant 2 [Tier 1] High-Scale Ingestion VIP","PutSmall",1,0,222.093,220.285,1.803
"Tenant 2 [Tier 1] High-Scale Ingestion VIP","PutSmall",1,0,222.025,220.247,1.773
"Tenant 2 [Tier 1] High-Scale Ingestion VIP","PutSmall",1,0,222.371,220.521,1.847
"Tenant 2 [Tier 1] High-Scale Ingestion VIP","PutSmall",1,0,222.529,220.707,1.820
"Tenant 2 [Tier 1] High-Scale Ingestion VIP","GetSmall",1,0,221.340,219.796,1.538
"Tenant 2 [Tier 1] High-Scale Ingestion VIP","PutSmall",1,0,222.052,220.327,1.719
"Tenant 2 [Tier 1] High-Scale Ingestion VIP","GetSmall",1,0,221.594,220.137,1.454
"Tenant 2 [Tier 1] High-Scale Ingestion VIP","GetSmall",1,0,221.676,220.188,1.479
"Tenant 2 [Tier 1] High-Scale Ingestion VIP","GetSmall",1,0,221.367,219.851,1.509
"Tenant 2 [Tier 1] High-Scale Ingestion VIP","PutSmall",1,0,222.838,220.948,1.886
"Tenant 2 [Tier 1] High-Scale Ingestion VIP","GetSmall",1,0,221.524,219.996,1.524
"Tenant 2 [Tier 1] High-Scale Ingestion VIP","PutSmall",1,0,222.260,220.521,1.727
"Tenant 2 [Tier 1] High-Scale Ingestion VIP","PutSmall",1,0,222.171,220.327,1.840
"Tenant 2 [Tier 1] High-Scale Ingestion VIP","PutSmall",1,0,221.774,220.055,1.716
"Tenant 2 [Tier 1] High-Scale Ingestion VIP","PutSmall",1,0,221.855,220.036,1.816
"Tenant 2 [Tier 1] High-Scale Ingestion VIP","PutSmall",1,0,222.552,220.731,1.815
"Tenant 2 [Tier 1] High-Scale Ingestion VIP","PutSmall",1,0,221.802,219.966,1.832
"Tenant 2 [Tier 1] High-Scale Ingestion VIP","GetSmall",1,0,221.473,220.013,1.456
"Tenant 2 [Tier 1] High-Scale Ingestion VIP","GetSmall",1,0,221.841,220.348,1.479
"Tenant 2 [Tier 1] High-Scale Ingestion VIP","PutSmall",1,0,222.669,220.837,1.829
"Tenant 2 [Tier 1] High-Scale Ingestion VIP","GetSmall",1,0,219.543,218.067,1.471
"Tenant 2 [Tier 1] High-Scale Ingestion VIP","PutSmall",1,0,220.262,218.501,1.757
"Tenant 2 [Tier 1] High-Scale Ingestion VIP","PutSmall",1,0,220.052,218.211,1.832
"Tenant 2 [Tier 1] High-Scale Ingestion VIP","PutSmall",1,0,218.985,217.100,1.873
"Tenant 2 [Tier 1] High-Scale Ingestion VIP","GetSmall",1,0,216.622,215.173,1.443
"Tenant 2 [Tier 1] High-Scale Ingestion VIP","GetSmall",1,0,220.238,218.755,1.479
"Tenant 2 [Tier 1] High-Scale Ingestion VIP","GetSmall",1,0,212.914,211.378,1.530
"Tenant 2 [Tier 1] High-Scale Ingestion VIP","GetSmall",1,0,213.259,211.687,1.539
"Tenant 2 [Tier 1] High-Scale Ingestion VIP","GetSmall",1,0,213.164,211.690,1.451
"Tenant 2 [Tier 1] High-Scale Ingestion VIP","GetSmall",1,0,213.373,211.842,1.527
"Tenant 2 [Tier 1] High-Scale Ingestion VIP","GetSmall",1,0,211.593,209.991,1.568
"Tenant 2 [Tier 1] High-Scale Ingestion VIP","PutSmall",1,0,211.511,209.603,1.833
"Tenant 2 [Tier 1] High-Scale Ingestion VIP","GetSmall",1,0,213.735,212.194,1.528
"Tenant 2 [Tier 1] High-Scale Ingestion VIP","GetSmall",1,0,210.905,209.349,1.521
"Tenant 2 [Tier 1] High-Scale Ingestion VIP","PutSmall",1,0,211.356,209.641,1.712
"Tenant 2 [Tier 1] High-Scale Ingestion VIP","PutSmall",1,0,211.845,210.001,1.836
"Tenant 2 [Tier 1] High-Scale Ingestion VIP","PutSmall",1,0,211.895,210.007,1.884
"Tenant 2 [Tier 1] High-Scale Ingestion VIP","PutSmall",1,0,212.667,210.827,1.787
"Tenant 2 [Tier 1] High-Scale Ingestion VIP","GetSmall",1,0,212.389,210.825,1.503
"Tenant 2 [Tier 1] High-Scale Ingestion VIP","PutSmall",1,0,214.838,212.973,1.829
"Tenant 2 [Tier 1] High-Scale Ingestion VIP","GetSmall",1,0,213.960,212.410,1.543
"Tenant 2 [Tier 1] High-Scale Ingestion VIP","PutSmall",1,0,214.218,212.364,1.820
"Tenant 2 [Tier 1] High-Scale Ingestion VIP","PutSmall",1,0,213.888,212.094,1.791
"Tenant 2 [Tier 1] High-Scale Ingestion VIP","GetSmall",1,0,212.405,210.895,1.504
"Tenant 2 [Tier 1] High-Scale Ingestion VIP","PutSmall",1,0,212.489,210.690,1.768
"Tenant 2 [Tier 1] High-Scale Ingestion VIP","GetSmall",1,0,212.764,211.218,1.538
"Tenant 2 [Tier 1] High-Scale Ingestion VIP","GetSmall",1,0,213.697,212.165,1.528
"Tenant 2 [Tier 1] High-Scale Ingestion VIP","PutSmall",1,0,213.942,212.108,1.830
"Tenant 2 [Tier 1] High-Scale Ingestion VIP","PutSmall",1,0,215.489,213.648,1.832
"Tenant 2 [Tier 1] High-Scale Ingestion VIP","GetSmall",1,0,213.271,211.828,1.436
"Tenant 2 [Tier 1] High-Scale Ingestion VIP","PutSmall",1,0,215.301,213.573,1.720
"Tenant 2 [Tier 1] High-Scale Ingestion VIP","PutSmall",1,0,214.081,212.206,1.871
"Tenant 2 [Tier 1] High-Scale Ingestion VIP","PutSmall",1,0,213.383,211.501,1.879
"Tenant 2 [Tier 1] High-Scale Ingestion VIP","GetSmall",1,0,215.026,213.532,1.488
"Tenant 2 [Tier 1] High-Scale Ingestion VIP","PutSmall",1,0,215.261,213.429,1.823
"Tenant 2 [Tier 1] High-Scale Ingestion VIP","GetSmall",1,0,214.176,212.687,1.481
"Tenant 2 [Tier 1] High-Scale Ingestion VIP","GetSmall",1,0,213.659,212.130,1.497
"Tenant 2 [Tier 1] High-Scale Ingestion VIP","PutSmall",1,0,215.403,213.526,1.874
"Tenant 2 [Tier 1] High-Scale Ingestion VIP","GetSmall",1,0,215.338,213.879,1.445
"Tenant 2 [Tier 1] High-Scale Ingestion VIP","PutSmall",1,0,215.589,213.768,1.816
"Tenant 2 [Tier 1] High-Scale Ingestion VIP","PutSmall",1,0,215.900,214.062,1.830
"Tenant 2 [Tier 1] High-Scale Ingestion VIP","PutSmall",1,0,215.875,214.022,1.851
"Tenant 2 [Tier 1] High-Scale Ingestion VIP","GetSmall",1,0,215.543,214.054,1.483
"Tenant 2 [Tier 1] High-Scale Ingestion VIP","GetSmall",1,0,215.309,213.734,1.572
"Tenant 2 [Tier 1] High-Scale Ingestion VIP","PutSmall",1,0,216.330,214.554,1.769
"Tenant 2 [Tier 1] High-Scale Ingestion VIP","GetSmall",1,0,214.369,212.928,1.431
"Tenant 2 [Tier 1] High-Scale Ingestion VIP","PutSmall",1,0,215.141,213.385,1.751
"Tenant 2 [Tier 1] High-Scale Ingestion VIP","PutSmall",1,0,215.236,213.449,1.785
"Tenant 2 [Tier 1] High-Scale Ingestion VIP","GetSmall",1,0,214.956,213.477,1.477
"Tenant 2 [Tier 1] High-Scale Ingestion VIP","PutSmall",1,0,215.969,214.220,1.745
"Tenant 2 [Tier 1] High-Scale Ingestion VIP","PutSmall",1,0,215.221,213.478,1.737
"Tenant 2 [Tier 1] High-Scale Ingestion VIP","PutSmall",1,0,215.342,213.453,1.886
"Tenant 2 [Tier 1] High-Scale Ingestion VIP","GetSmall",1,0,215.302,213.806,1.491
"Tenant 2 [Tier 1] High-Scale Ingestion VIP","PutSmall",1,0,215.912,214.166,1.741
"Tenant 2 [Tier 1] High-Scale Ingestion VIP","GetSmall",1,0,214.910,213.435,1.469
"Tenant 2 [Tier 1] High-Scale Ingestion VIP","PutSmall",1,0,215.284,213.542,1.732
"Tenant 2 [Tier 1] High-Scale Ingestion VIP","PutSmall",1,0,216.178,214.363,1.804
"Tenant 2 [Tier 1] High-Scale Ingestion VIP","PutSmall",1,0,215.354,213.622,1.726
"Tenant 2 [Tier 1] High-Scale Ingestion VIP","PutSmall",1,0,215.623,213.723,1.886
"Tenant 2 [Tier 1] High-Scale Ingestion VIP","PutSmall",1,0,215.047,213.194,1.848
"Tenant 2 [Tier 1] High-Scale Ingestion VIP","PutSmall",1,0,215.449,213.607,1.830
"Tenant 2 [Tier 1] High-Scale Ingestion VIP","PutSmall",1,0,215.589,213.873,1.711
"Tenant 2 [Tier 1] High-Scale Ingestion VIP","PutSmall",1,0,215.594,213.835,1.745
"Tenant 2 [Tier 1] High-Scale Ingestion VIP","PutSmall",1,0,215.837,214.083,1.750
"Tenant 2 [Tier 1] High-Scale Ingestion VIP","GetSmall",1,0,215.024,213.531,1.488
"Tenant 2 [Tier 1] High-Scale Ingestion VIP","PutSmall",1,0,215.391,213.527,1.860
"Tenant 2 [Tier 1] High-Scale Ingestion VIP","PutSmall",1,0,219.394,217.616,1.774
"Tenant 2 [Tier 1] High-Scale Ingestion VIP","GetSmall",1,0,219.848,218.301,1.544
"Tenant 2 [Tier 1] High-Scale Ingestion VIP","PutSmall",1,0,221.597,219.759,1.833
"Tenant 2 [Tier 1] High-Scale Ingestion VIP","PutSmall",1,0,226.325,224.463,1.860
"Tenant 2 [Tier 1] High-Scale Ingestion VIP","PutSmall",1,0,226.361,224.614,1.739
"Tenant 2 [Tier 1] High-Scale Ingestion VIP","PutSmall",1,0,226.560,224.646,1.866
"Tenant 2 [Tier 1] High-Scale Ingestion VIP","GetSmall",1,0,226.773,225.339,1.427
"Tenant 2 [Tier 1] High-Scale Ingestion VIP","GetSmall",1,0,226.768,225.285,1.480
"Tenant 2 [Tier 1] High-Scale Ingestion VIP","GetSmall",1,0,227.324,225.727,1.535
"Tenant 2 [Tier 1] High-Scale Ingestion VIP","PutSmall",1,0,227.946,226.052,1.889
"Tenant 2 [Tier 1] High-Scale Ingestion VIP","GetSmall",1,0,228.655,227.129,1.511
"Tenant 2 [Tier 1] High-Scale Ingestion VIP","PutSmall",1,0,227.024,225.246,1.745
"Tenant 2 [Tier 1] High-Scale Ingestion VIP","PutSmall",1,0,227.295,225.430,1.855
"Tenant 2 [Tier 1] High-Scale Ingestion VIP","GetSmall",1,0,226.646,225.083,1.558
"Tenant 2 [Tier 1] High-Scale Ingestion VIP","PutSmall",1,0,226.895,225.043,1.849
"Tenant 2 [Tier 1] High-Scale Ingestion VIP","GetSmall",1,0,226.657,225.201,1.449
"Tenant 2 [Tier 1] High-Scale Ingestion VIP","PutSmall",1,0,228.567,226.764,1.781
"Tenant 2 [Tier 1] High-Scale Ingestion VIP","PutSmall",1,0,227.987,226.177,1.767
"Tenant 2 [Tier 1] High-Scale Ingestion VIP","PutSmall",1,0,226.975,225.205,1.766
"Tenant 2 [Tier 1] High-Scale Ingestion VIP","PutSmall",1,0,228.009,226.136,1.857
"Tenant 2 [Tier 1] High-Scale Ingestion VIP","GetSmall",1,0,228.787,227.297,1.487
"Tenant 2 [Tier 1] High-Scale Ingestion VIP","GetSmall",1,0,227.305,225.739,1.563
"Tenant 2 [Tier 1] High-Scale Ingestion VIP","GetSmall",1,0,228.580,227.142,1.432
"Tenant 2 [Tier 1] High-Scale Ingestion VIP","PutSmall",1,0,228.190,226.371,1.814
"Tenant 2 [Tier 1] High-Scale Ingestion VIP","PutSmall",1,0,228.100,226.355,1.737
"Tenant 2 [Tier 1] High-Scale Ingestion VIP","GetSmall",1,0,228.970,227.479,1.473
"Tenant 2 [Tier 1] High-Scale Ingestion VIP","PutSmall",1,0,229.311,227.489,1.817
"Tenant 2 [Tier 1] High-Scale Ingestion VIP","PutSmall",1,0,228.562,226.837,1.721
"Tenant 2 [Tier 1] High-Scale Ingestion VIP","GetSmall",1,0,229.080,227.620,1.453
"Tenant 2 [Tier 1] High-Scale Ingestion VIP","GetSmall",1,0,228.965,227.474,1.489
"Tenant 2 [Tier 1] High-Scale Ingestion VIP","PutSmall",1,0,228.409,226.644,1.757
"Tenant 2 [Tier 1] High-Scale Ingestion VIP","GetSmall",1,0,228.804,227.316,1.481
"Tenant 2 [Tier 1] High-Scale Ingestion VIP","PutSmall",1,0,227.987,226.203,1.752
"Tenant 2 [Tier 1] High-Scale Ingestion VIP","PutSmall",1,0,226.576,224.832,1.740
"Tenant 2 [Tier 1] High-Scale Ingestion VIP","GetSmall",1,0,228.306,226.802,1.478
"Tenant 2 [Tier 1] High-Scale Ingestion VIP","PutSmall",1,0,228.999,227.146,1.848
"Tenant 2 [Tier 1] High-Scale Ingestion VIP","GetSmall",1,0,227.419,225.864,1.551
"Tenant 2 [Tier 1] High-Scale Ingestion VIP","PutSmall",1,0,228.405,226.617,1.781
"Tenant 2 [Tier 1] High-Scale Ingestion VIP","PutSmall",1,0,228.473,226.633,1.837
"Tenant 2 [Tier 1] High-Scale Ingestion VIP","PutSmall",1,0,228.427,226.552,1.871
"Tenant 2 [Tier 1] High-Scale Ingestion VIP","PutSmall",1,0,227.488,225.745,1.738
"Tenant 2 [Tier 1] High-Scale Ingestion VIP","PutSmall",1,0,228.780,226.930,1.846
"Tenant 2 [Tier 1] High-Scale Ingestion VIP","PutSmall",1,0,228.596,226.732,1.859
"Tenant 2 [Tier 1] High-Scale Ingestion VIP","PutSmall",1,0,228.651,226.853,1.789
"Tenant 2 [Tier 1] High-Scale Ingestion VIP","PutSmall",1,0,229.434,227.712,1.718
"Tenant 2 [Tier 1] High-Scale Ingestion VIP","PutSmall",1,0,229.487,227.754,1.716
"Tenant 2 [Tier 1] High-Scale Ingestion VIP","PutSmall",1,0,228.804,226.943,1.855
"Tenant 2 [Tier 1] High-Scale Ingestion VIP","GetSmall",1,0,228.819,227.250,1.564
"Tenant 2 [Tier 1] High-Scale Ingestion VIP","PutSmall",1,0,230.203,228.476,1.723
"Tenant 2 [Tier 1] High-Scale Ingestion VIP","PutSmall",1,0,229.365,227.595,1.766
"Tenant 2 [Tier 1] High-Scale Ingestion VIP","PutSmall",1,0,229.593,227.744,1.843
"Tenant 2 [Tier 1] High-Scale Ingestion VIP","GetSmall",1,0,229.386,227.884,1.497
"Tenant 2 [Tier 1] High-Scale Ingestion VIP","PutSmall",1,0,229.568,227.677,1.878
"Tenant 2 [Tier 1] High-Scale Ingestion VIP","PutSmall",1,0,229.753,227.948,1.796
"Tenant 2 [Tier 1] High-Scale Ingestion VIP","PutSmall",1,0,229.880,228.017,1.860
"Tenant 2 [Tier 1] High-Scale Ingestion VIP","PutSmall",1,0,229.367,227.628,1.733
"Tenant 2 [Tier 1] High-Scale Ingestion VIP","PutSmall",1,0,229.759,227.968,1.787
"Tenant 2 [Tier 1] High-Scale Ingestion VIP","PutSmall",1,0,229.966,228.136,1.828
"Tenant 2 [Tier 1] High-Scale Ingestion VIP","PutSmall",1,0,229.576,227.772,1.800
"Tenant 2 [Tier 1] High-Scale Ingestion VIP","PutSmall",1,0,230.476,228.735,1.719
"Tenant 2 [Tier 1] High-Scale Ingestion VIP","GetSmall",1,0,230.768,229.331,1.434
"Tenant 2 [Tier 1] High-Scale Ingestion VIP","PutSmall",1,0,231.758,229.911,1.842
"Tenant 2 [Tier 1] High-Scale Ingestion VIP","PutSmall",1,0,231.987,230.245,1.736
"Tenant 2 [Tier 1] High-Scale Ingestion VIP","PutSmall",1,0,230.689,228.845,1.840
"Tenant 2 [Tier 1] High-Scale Ingestion VIP","PutSmall",1,0,231.018,229.250,1.755
"Tenant 2 [Tier 1] High-Scale Ingestion VIP","PutSmall",1,0,230.257,228.372,1.881
"Tenant 2 [Tier 1] High-Scale Ingestion VIP","PutSmall",1,0,230.693,228.895,1.794
"Tenant 2 [Tier 1] High-Scale Ingestion VIP","PutSmall",1,0,228.912,227.033,1.876
"Tenant 2 [Tier 1] High-Scale Ingestion VIP","GetSmall",1,0,226.075,224.637,1.431
"Tenant 2 [Tier 1] High-Scale Ingestion VIP","PutSmall",1,0,226.693,224.803,1.886
"Tenant 2 [Tier 1] High-Scale Ingestion VIP","GetSmall",1,0,228.014,226.552,1.454
"Tenant 2 [Tier 1] High-Scale Ingestion VIP","GetSmall",1,0,228.053,226.501,1.545
"Tenant 2 [Tier 1] High-Scale Ingestion VIP","GetSmall",1,0,226.775,225.294,1.447
"Tenant 2 [Tier 1] High-Scale Ingestion VIP","PutSmall",1,0,227.473,225.609,1.832
"Tenant 2 [Tier 1] High-Scale Ingestion VIP","GetSmall",1,0,227.469,225.961,1.500
"Tenant 2 [Tier 1] High-Scale Ingestion VIP","GetSmall",1,0,227.212,225.626,1.571
"Tenant 2 [Tier 1] High-Scale Ingestion VIP","PutSmall",1,0,227.584,225.730,1.848
"Tenant 2 [Tier 1] High-Scale Ingestion VIP","GetSmall",1,0,228.714,227.215,1.473
"Tenant 2 [Tier 1] High-Scale Ingestion VIP","GetSmall",1,0,228.433,226.928,1.464
"Tenant 2 [Tier 1] High-Scale Ingestion VIP","GetSmall",1,0,227.036,225.465,1.567
"Tenant 2 [Tier 1] High-Scale Ingestion VIP","GetSmall",1,0,228.346,226.785,1.554
"Tenant 2 [Tier 1] High-Scale Ingestion VIP","GetSmall",1,0,226.063,224.538,1.520
"Tenant 2 [Tier 1] High-Scale Ingestion VIP","PutSmall",1,0,227.721,225.951,1.760
"Tenant 2 [Tier 1] High-Scale Ingestion VIP","PutSmall",1,0,226.415,224.616,1.774
"Tenant 2 [Tier 1] High-Scale Ingestion VIP","GetSmall",1,0,228.026,226.541,1.482
"Tenant 2 [Tier 1] High-Scale Ingestion VIP","GetSmall",1,0,228.003,226.463,1.527
"Tenant 2 [Tier 1] High-Scale Ingestion VIP","PutSmall",1,0,226.305,224.505,1.796
"Tenant 2 [Tier 1] High-Scale Ingestion VIP","PutSmall",1,0,225.139,223.325,1.812
"Tenant 2 [Tier 1] High-Scale Ingestion VIP","PutSmall",1,0,225.390,223.604,1.772
"Tenant 2 [Tier 1] High-Scale Ingestion VIP","PutSmall",1,0,226.707,224.888,1.802
"Tenant 2 [Tier 1] High-Scale Ingestion VIP","PutSmall",1,0,227.809,226.016,1.788
"Tenant 2 [Tier 1] High-Scale Ingestion VIP","GetSmall",1,0,227.637,226.089,1.540
"Tenant 2 [Tier 1] High-Scale Ingestion VIP","PutSmall",1,0,227.903,226.166,1.731
"Tenant 2 [Tier 1] High-Scale Ingestion VIP","PutSmall",1,0,228.219,226.438,1.776
"Tenant 2 [Tier 1] High-Scale Ingestion VIP","PutSmall",1,0,228.296,226.469,1.821
"Tenant 2 [Tier 1] High-Scale Ingestion VIP","GetSmall",1,0,227.966,226.512,1.445
"Tenant 2 [Tier 1] High-Scale Ingestion VIP","GetSmall",1,0,227.625,226.120,1.498
"Tenant 2 [Tier 1] High-Scale Ingestion VIP","GetSmall",1,0,227.794,226.225,1.564
"Tenant 2 [Tier 1] High-Scale Ingestion VIP","PutSmall",1,0,227.373,225.643,1.720
"Tenant 2 [Tier 1] High-Scale Ingestion VIP","PutSmall",1,0,227.769,225.994,1.770
"Tenant 2 [Tier 1] High-Scale Ingestion VIP","GetSmall",1,0,226.916,225.456,1.445
"Tenant 2 [Tier 1] High-Scale Ingestion VIP","GetSmall",1,0,225.546,224.026,1.510
"Tenant 2 [Tier 1] High-Scale Ingestion VIP","PutSmall",1,0,225.985,224.097,1.883
"Tenant 2 [Tier 1] High-Scale Ingestion VIP","PutSmall",1,0,228.258,226.501,1.750
"Tenant 2 [Tier 1] High-Scale Ingestion VIP","PutSmall",1,0,227.802,226.015,1.783
"Tenant 2 [Tier 1] High-Scale Ingestion VIP","PutSmall",1,0,227.241,225.399,1.838
"Tenant 2 [Tier 1] High-Scale Ingestion VIP","GetSmall",1,0,227.447,225.997,1.448
"Tenant 2 [Tier 1] High-Scale Ingestion VIP","PutSmall",1,0,228.228,226.419,1.794
"Tenant 2 [Tier 1] High-Scale Ingestion VIP","GetSmall",1,0,228.163,226.701,1.455
"Tenant 2 [Tier 1] High-Scale Ingestion VIP","GetSmall",1,0,227.164,225.672,1.485
"Tenant 2 [Tier 1] High-Scale Ingestion VIP","PutSmall",1,0,225.978,224.143,1.833
"Tenant 2 [Tier 1] High-Scale Ingestion VIP","PutSmall",1,0,229.428,227.536,1.888
"Tenant 2 [Tier 1] High-Scale Ingestion VIP","GetSmall",1,0,226.074,224.611,1.460
"Tenant 2 [Tier 1] High-Scale Ingestion VIP","PutSmall",1,0,226.433,224.567,1.858
"Tenant 2 [Tier 1] High-Scale Ingestion VIP","GetSmall",1,0,226.547,225.051,1.492
"Tenant 2 [Tier 1] High-Scale Ingestion VIP","PutSmall",1,0,226.377,224.536,1.837
"Tenant 2 [Tier 1] High-Scale Ingestion VIP","GetSmall",1,0,226.369,224.851,1.514
"Tenant 2 [Tier 1] High-Scale Ingestion VIP","PutSmall",1,0,226.182,224.328,1.845
"Tenant 2 [Tier 1] High-Scale Ingestion VIP","PutSmall",1,0,225.748,224.016,1.726
"Tenant 2 [Tier 1] High-Scale Ingestion VIP","PutSmall",1,0,226.873,225.112,1.757
"Tenant 2 [Tier 1] High-Scale Ingestion VIP","PutSmall",1,0,226.450,224.671,1.773
"Tenant 2 [Tier 1] High-Scale Ingestion VIP","PutSmall",1,0,226.427,224.640,1.785
"Tenant 2 [Tier 1] High-Scale Ingestion VIP","PutSmall",1,0,226.791,224.983,1.803
"Tenant 2 [Tier 1] High-Scale Ingestion VIP","PutSmall",1,0,226.166,224.293,1.869
"Tenant 2 [Tier 1] High-Scale Ingestion VIP","PutSmall",1,0,227.009,225.286,1.718
"Tenant 2 [Tier 1] High-Scale Ingestion VIP","PutSmall",1,0,227.890,226.092,1.794
"Tenant 2 [Tier 1] High-Scale Ingestion VIP","PutSmall",1,0,225.591,223.767,1.813
"Tenant 2 [Tier 1] High-Scale Ingestion VIP","PutSmall",1,0,225.594,223.872,1.711
"Tenant 2 [Tier 1] High-Scale Ingestion VIP","GetSmall",1,0,221.042,219.524,1.512
"Tenant 2 [Tier 1] High-Scale Ingestion VIP","PutSmall",1,0,222.747,220.990,1.747
"Tenant 2 [Tier 1] High-Scale Ingestion VIP","PutSmall",1,0,223.552,221.715,1.833
"Tenant 2 [Tier 1] High-Scale Ingestion VIP","GetSmall",1,0,216.620,215.064,1.551
"Tenant 2 [Tier 1] High-Scale Ingestion VIP","GetSmall",1,0,212.707,211.234,1.428
"Tenant 2 [Tier 1] High-Scale Ingestion VIP","PutSmall",1,0,213.583,211.706,1.872
"Tenant 2 [Tier 1] High-Scale Ingestion VIP","GetSmall",1,0,211.431,209.926,1.498
"Tenant 2 [Tier 1] High-Scale Ingestion VIP","PutSmall",1,0,212.420,210.669,1.744
"Tenant 2 [Tier 1] High-Scale Ingestion VIP","PutSmall",1,0,212.619,210.771,1.844
"Tenant 2 [Tier 1] High-Scale Ingestion VIP","PutSmall",1,0,213.987,212.258,1.721
"Tenant 2 [Tier 1] High-Scale Ingestion VIP","GetSmall",1,0,212.815,211.342,1.457
"Tenant 2 [Tier 1] High-Scale Ingestion VIP","PutSmall",1,0,215.129,213.293,1.825
"Tenant 2 [Tier 1] High-Scale Ingestion VIP","PutSmall",1,0,216.295,214.524,1.763
"Tenant 2 [Tier 1] High-Scale Ingestion VIP","PutSmall",1,0,215.331,213.573,1.749
"Tenant 2 [Tier 1] High-Scale Ingestion VIP","PutSmall",1,0,216.848,214.988,1.848
"Tenant 2 [Tier 1] High-Scale Ingestion VIP","PutSmall",1,0,215.652,213.847,1.796
"Tenant 2 [Tier 1] High-Scale Ingestion VIP","PutSmall",1,0,214.851,213.045,1.797
"Tenant 2 [Tier 1] High-Scale Ingestion VIP","GetSmall",1,0,215.075,213.518,1.550
"Tenant 2 [Tier 1] High-Scale Ingestion VIP","GetSmall",1,0,217.044,215.582,1.431
"Tenant 2 [Tier 1] High-Scale Ingestion VIP","PutSmall",1,0,217.343,215.552,1.780
"Tenant 2 [Tier 1] High-Scale Ingestion VIP","GetSmall",1,0,216.828,215.386,1.430
"Tenant 2 [Tier 1] High-Scale Ingestion VIP","PutSmall",1,0,217.275,215.440,1.828
"Tenant 2 [Tier 1] High-Scale Ingestion VIP","PutSmall",1,0,217.126,215.313,1.805
"Tenant 2 [Tier 1] High-Scale Ingestion VIP","PutSmall",1,0,217.191,215.300,1.879
"Tenant 2 [Tier 1] High-Scale Ingestion VIP","GetSmall",1,0,214.630,213.085,1.542
"Tenant 2 [Tier 1] High-Scale Ingestion VIP","PutSmall",1,0,215.568,213.795,1.761
"Tenant 2 [Tier 1] High-Scale Ingestion VIP","PutSmall",1,0,217.289,215.570,1.713
"Tenant 2 [Tier 1] High-Scale Ingestion VIP","PutSmall",1,0,217.550,215.723,1.825
"Tenant 2 [Tier 1] High-Scale Ingestion VIP","GetSmall",1,0,217.090,215.553,1.532
"Tenant 2 [Tier 1] High-Scale Ingestion VIP","PutSmall",1,0,217.324,215.593,1.725
"Tenant 2 [Tier 1] High-Scale Ingestion VIP","PutSmall",1,0,217.369,215.515,1.851
"Tenant 2 [Tier 1] High-Scale Ingestion VIP","GetSmall",1,0,216.991,215.503,1.483
"Tenant 2 [Tier 1] High-Scale Ingestion VIP","PutSmall",1,0,217.327,215.555,1.769
"Tenant 2 [Tier 1] High-Scale Ingestion VIP","PutSmall",1,0,217.814,215.992,1.816
"Tenant 2 [Tier 1] High-Scale Ingestion VIP","PutSmall",1,0,217.949,216.201,1.742
"Tenant 2 [Tier 1] High-Scale Ingestion VIP","PutSmall",1,0,217.941,216.143,1.796
"Tenant 2 [Tier 1] High-Scale Ingestion VIP","PutSmall",1,0,217.890,216.155,1.730
"Tenant 2 [Tier 1] High-Scale Ingestion VIP","PutSmall",1,0,217.913,216.078,1.832
"Tenant 2 [Tier 1] High-Scale Ingestion VIP","GetSmall",1,0,218.075,216.507,1.564
"Tenant 2 [Tier 1] High-Scale Ingestion VIP","PutSmall",1,0,218.253,216.526,1.721
"Tenant 2 [Tier 1] High-Scale Ingestion VIP","PutSmall",1,0,217.013,215.206,1.796
"Tenant 2 [Tier 1] High-Scale Ingestion VIP","GetSmall",1,0,218.521,217.055,1.457
"Tenant 2 [Tier 1] High-Scale Ingestion VIP","PutSmall",1,0,218.190,216.413,1.773
"Tenant 2 [Tier 1] High-Scale Ingestion VIP","PutSmall",1,0,218.627,216.888,1.727
"Tenant 2 [Tier 1] High-Scale Ingestion VIP","PutSmall",1,0,219.699,217.974,1.720
"Tenant 2 [Tier 1] High-Scale Ingestion VIP","PutSmall",1,0,218.896,217.100,1.786
"Tenant 2 [Tier 1] High-Scale Ingestion VIP","PutSmall",1,0,219.133,217.358,1.770
"Tenant 2 [Tier 1] High-Scale Ingestion VIP","PutSmall",1,0,219.198,217.305,1.889
"Tenant 2 [Tier 1] High-Scale Ingestion VIP","PutSmall",1,0,219.407,217.521,1.880
"Tenant 2 [Tier 1] High-Scale Ingestion VIP","GetSmall",1,0,219.291,217.733,1.550
"Tenant 2 [Tier 1] High-Scale Ingestion VIP","PutSmall",1,0,219.420,217.541,1.874
"Tenant 2 [Tier 1] High-Scale Ingestion VIP","PutSmall",1,0,219.825,217.949,1.872
"Tenant 2 [Tier 1] High-Scale Ingestion VIP","PutSmall",1,0,220.116,218.309,1.801
"Tenant 2 [Tier 1] High-Scale Ingestion VIP","PutSmall",1,0,219.783,217.971,1.805
"Tenant 2 [Tier 1] High-Scale Ingestion VIP","PutSmall",1,0,219.144,217.260,1.870
"Tenant 2 [Tier 1] High-Scale Ingestion VIP","PutSmall",1,0,220.317,218.478,1.833
"Tenant 2 [Tier 1] High-Scale Ingestion VIP","PutSmall",1,0,219.611,217.747,1.856
"Tenant 2 [Tier 1] High-Scale Ingestion VIP","PutSmall",1,0,219.643,217.762,1.874
"Tenant 2 [Tier 1] High-Scale Ingestion VIP","GetSmall",1,0,218.807,217.261,1.541
"Tenant 2 [Tier 1] High-Scale Ingestion VIP","PutSmall",1,0,220.287,218.397,1.884
"Tenant 2 [Tier 1] High-Scale Ingestion VIP","GetSmall",1,0,218.914,217.416,1.493
"Tenant 2 [Tier 1] High-Scale Ingestion VIP","GetSmall",1,0,219.233,217.650,1.575
"Tenant 2 [Tier 1] High-Scale Ingestion VIP","GetSmall",1,0,220.503,219.068,1.427
"Tenant 2 [Tier 1] High-Scale Ingestion VIP","PutSmall",1,0,220.855,218.965,1.884
"Tenant 2 [Tier 1] High-Scale Ingestion VIP","PutSmall",1,0,224.004,222.138,1.855
"Tenant 2 [Tier 1] High-Scale Ingestion VIP","GetSmall",1,0,223.869,222.354,1.506
"Tenant 2 [Tier 1] High-Scale Ingestion VIP","PutSmall",1,0,224.153,222.429,1.719
"Tenant 2 [Tier 1] High-Scale Ingestion VIP","PutSmall",1,0,229.973,228.138,1.829
"Tenant 2 [Tier 1] High-Scale Ingestion VIP","GetSmall",1,0,225.427,223.872,1.544
"Tenant 2 [Tier 1] High-Scale Ingestion VIP","PutSmall",1,0,227.939,226.171,1.758
"Tenant 2 [Tier 1] High-Scale Ingestion VIP","PutSmall",1,0,225.912,224.040,1.866
"Tenant 2 [Tier 1] High-Scale Ingestion VIP","PutSmall",1,0,228.246,226.399,1.826
"Tenant 2 [Tier 1] High-Scale Ingestion VIP","PutSmall",1,0,225.372,223.507,1.857
"Tenant 2 [Tier 1] High-Scale Ingestion VIP","PutSmall",1,0,226.654,224.815,1.832
"Tenant 2 [Tier 1] High-Scale Ingestion VIP","GetSmall",1,0,225.056,223.529,1.515
"Tenant 2 [Tier 1] High-Scale Ingestion VIP","GetSmall",1,0,225.446,223.869,1.571
"Tenant 2 [Tier 1] High-Scale Ingestion VIP","PutSmall",1,0,227.420,225.633,1.749
"Tenant 2 [Tier 1] High-Scale Ingestion VIP","GetSmall",1,0,225.446,223.915,1.522
"Tenant 2 [Tier 1] High-Scale Ingestion VIP","PutSmall",1,0,226.275,224.410,1.856
"Tenant 2 [Tier 1] High-Scale Ingestion VIP","GetSmall",1,0,225.846,224.367,1.462
"Tenant 2 [Tier 1] High-Scale Ingestion VIP","PutSmall",1,0,227.060,225.186,1.869
"Tenant 2 [Tier 1] High-Scale Ingestion VIP","GetSmall",1,0,226.328,224.767,1.544
"Tenant 2 [Tier 1] High-Scale Ingestion VIP","PutSmall",1,0,224.149,222.335,1.808
"Tenant 2 [Tier 1] High-Scale Ingestion VIP","GetSmall",1,0,226.299,224.812,1.473
"Tenant 2 [Tier 1] High-Scale Ingestion VIP","GetSmall",1,0,227.104,225.550,1.517
"Tenant 2 [Tier 1] High-Scale Ingestion VIP","PutSmall",1,0,226.897,225.158,1.731
"Tenant 2 [Tier 1] High-Scale Ingestion VIP","PutSmall",1,0,226.938,225.063,1.841
"Tenant 2 [Tier 1] High-Scale Ingestion VIP","PutSmall",1,0,227.082,225.143,1.855
"Tenant 2 [Tier 1] High-Scale Ingestion VIP","GetSmall",1,0,228.289,226.785,1.500
"Tenant 2 [Tier 1] High-Scale Ingestion VIP","PutSmall",1,0,227.908,226.082,1.808
"Tenant 2 [Tier 1] High-Scale Ingestion VIP","GetSmall",1,0,226.317,224.775,1.535
"Tenant 2 [Tier 1] High-Scale Ingestion VIP","PutSmall",1,0,227.229,225.479,1.736
"Tenant 2 [Tier 1] High-Scale Ingestion VIP","GetSmall",1,0,227.577,226.135,1.435
"Tenant 2 [Tier 1] High-Scale Ingestion VIP","GetSmall",1,0,227.386,225.815,1.562
"Tenant 2 [Tier 1] High-Scale Ingestion VIP","PutSmall",1,0,227.846,225.946,1.883
"Tenant 2 [Tier 1] High-Scale Ingestion VIP","PutSmall",1,0,227.254,225.371,1.873
"Tenant 2 [Tier 1] High-Scale Ingestion VIP","GetSmall",1,0,227.168,225.618,1.545
"Tenant 2 [Tier 1] High-Scale Ingestion VIP","PutSmall",1,0,228.074,226.225,1.836
"Tenant 2 [Tier 1] High-Scale Ingestion VIP","GetSmall",1,0,226.159,224.695,1.449
"Tenant 2 [Tier 1] High-Scale Ingestion VIP","PutSmall",1,0,227.180,225.421,1.738
"Tenant 2 [Tier 1] High-Scale Ingestion VIP","PutSmall",1,0,227.159,225.369,1.778
"Tenant 2 [Tier 1] High-Scale Ingestion VIP","GetSmall",1,0,226.412,224.917,1.486
"Tenant 2 [Tier 1] High-Scale Ingestion VIP","PutSmall",1,0,227.305,225.467,1.832
"Tenant 2 [Tier 1] High-Scale Ingestion VIP","PutSmall",1,0,226.142,224.303,1.820
"Tenant 2 [Tier 1] High-Scale Ingestion VIP","PutSmall",1,0,226.234,224.376,1.845
"Tenant 2 [Tier 1] High-Scale Ingestion VIP","GetSmall",1,0,225.839,224.368,1.466
"Tenant 2 [Tier 1] High-Scale Ingestion VIP","GetSmall",1,0,225.084,223.573,1.509
"Tenant 2 [Tier 1] High-Scale Ingestion VIP","GetSmall",1,0,226.276,224.696,1.573
"Tenant 2 [Tier 1] High-Scale Ingestion VIP","GetSmall",1,0,225.597,224.045,1.531
"Tenant 2 [Tier 1] High-Scale Ingestion VIP","PutSmall",1,0,225.764,223.964,1.794
"Tenant 2 [Tier 1] High-Scale Ingestion VIP","PutSmall",1,0,225.859,224.104,1.749
"Tenant 2 [Tier 1] High-Scale Ingestion VIP","PutSmall",1,0,226.057,224.220,1.832
"Tenant 2 [Tier 1] High-Scale Ingestion VIP","GetSmall",1,0,225.042,223.609,1.430
"Tenant 2 [Tier 1] High-Scale Ingestion VIP","PutSmall",1,0,225.646,223.929,1.711
"Tenant 2 [Tier 1] High-Scale Ingestion VIP","PutSmall",1,0,225.951,224.215,1.715
"Tenant 2 [Tier 1] High-Scale Ingestion VIP","GetSmall",1,0,224.353,222.793,1.557
"Tenant 2 [Tier 1] High-Scale Ingestion VIP","PutSmall",1,0,227.803,225.966,1.832
"Tenant 2 [Tier 1] High-Scale Ingestion VIP","GetSmall",1,0,225.487,224.042,1.438
"Tenant 2 [Tier 1] High-Scale Ingestion VIP","GetSmall",1,0,225.591,224.113,1.475
"Tenant 2 [Tier 1] High-Scale Ingestion VIP","GetSmall",1,0,224.396,222.815,1.575
"Tenant 2 [Tier 1] High-Scale Ingestion VIP","PutSmall",1,0,224.594,222.835,1.754
"Tenant 2 [Tier 1] High-Scale Ingestion VIP","PutSmall",1,0,224.925,223.041,1.880
"Tenant 2 [Tier 1] High-Scale Ingestion VIP","GetSmall",1,0,223.862,222.372,1.484
"Tenant 2 [Tier 1] High-Scale Ingestion VIP","PutSmall",1,0,224.170,222.384,1.780
"Tenant 2 [Tier 1] High-Scale Ingestion VIP","GetSmall",1,0,225.068,223.494,1.567
"Tenant 2 [Tier 1] High-Scale Ingestion VIP","GetSmall",1,0,223.365,221.796,1.563
"Tenant 2 [Tier 1] High-Scale Ingestion VIP","PutSmall",1,0,224.973,223.091,1.876
"Tenant 2 [Tier 1] High-Scale Ingestion VIP","GetSmall",1,0,224.685,223.242,1.431
"Tenant 2 [Tier 1] High-Scale Ingestion VIP","GetSmall",1,0,221.624,220.063,1.554
"Tenant 2 [Tier 1] High-Scale Ingestion VIP","GetSmall",1,0,222.758,221.166,1.572
"Tenant 2 [Tier 1] High-Scale Ingestion VIP","PutSmall",1,0,223.589,221.759,1.823
"Tenant 2 [Tier 1] High-Scale Ingestion VIP","PutSmall",1,0,218.577,216.734,1.841
"Tenant 2 [Tier 1] High-Scale Ingestion VIP","PutSmall",1,0,219.277,217.380,1.888
"Tenant 2 [Tier 1] High-Scale Ingestion VIP","GetSmall",1,0,218.753,217.256,1.461
"Tenant 2 [Tier 1] High-Scale Ingestion VIP","PutSmall",1,0,220.119,218.381,1.734
"Tenant 2 [Tier 1] High-Scale Ingestion VIP","PutSmall",1,0,221.235,219.434,1.790
"Tenant 2 [Tier 1] High-Scale Ingestion VIP","PutSmall",1,0,219.577,217.694,1.878
"Tenant 2 [Tier 1] High-Scale Ingestion VIP","GetSmall",1,0,220.751,219.173,1.572
"Tenant 2 [Tier 1] High-Scale Ingestion VIP","PutSmall",1,0,218.394,216.629,1.760
"Tenant 2 [Tier 1] High-Scale Ingestion VIP","GetSmall",1,0,218.510,216.946,1.559
"Tenant 2 [Tier 1] High-Scale Ingestion VIP","GetSmall",1,0,219.702,218.115,1.564
"Tenant 2 [Tier 1] High-Scale Ingestion VIP","GetSmall",1,0,218.666,217.188,1.474
"Tenant 2 [Tier 1] High-Scale Ingestion VIP","PutSmall",1,0,219.390,217.604,1.780
"Tenant 2 [Tier 1] High-Scale Ingestion VIP","GetSmall",1,0,219.742,218.265,1.466
"Tenant 2 [Tier 1] High-Scale Ingestion VIP","PutSmall",1,0,219.645,217.871,1.770
"Tenant 2 [Tier 1] High-Scale Ingestion VIP","PutSmall",1,0,221.707,219.826,1.874
"Tenant 2 [Tier 1] High-Scale Ingestion VIP","GetSmall",1,0,219.438,217.859,1.569
"Tenant 2 [Tier 1] High-Scale Ingestion VIP","GetSmall",1,0,220.401,218.855,1.541
"Tenant 2 [Tier 1] High-Scale Ingestion VIP","GetSmall",1,0,220.957,219.413,1.534
"Tenant 2 [Tier 1] High-Scale Ingestion VIP","PutSmall",1,0,221.353,219.597,1.754
"Tenant 2 [Tier 1] High-Scale Ingestion VIP","GetSmall",1,0,220.738,219.299,1.435
"Tenant 2 [Tier 1] High-Scale Ingestion VIP","GetSmall",1,0,220.707,219.236,1.461
"Tenant 2 [Tier 1] High-Scale Ingestion VIP","GetSmall",1,0,217.899,216.326,1.570
"Tenant 2 [Tier 1] High-Scale Ingestion VIP","GetSmall",1,0,220.965,219.376,1.572
"Tenant 2 [Tier 1] High-Scale Ingestion VIP","GetSmall",1,0,217.820,216.353,1.455
"Tenant 2 [Tier 1] High-Scale Ingestion VIP","PutSmall",1,0,218.280,216.514,1.762
"Tenant 2 [Tier 1] High-Scale Ingestion VIP","PutSmall",1,0,219.600,217.813,1.784
"Tenant 2 [Tier 1] High-Scale Ingestion VIP","PutSmall",1,0,220.691,218.919,1.764
"Tenant 2 [Tier 1] High-Scale Ingestion VIP","PutSmall",1,0,220.396,218.601,1.791
"Tenant 2 [Tier 1] High-Scale Ingestion VIP","GetSmall",1,0,219.945,218.478,1.463
"Tenant 2 [Tier 1] High-Scale Ingestion VIP","GetSmall",1,0,220.080,218.642,1.432
"Tenant 2 [Tier 1] High-Scale Ingestion VIP","PutSmall",1,0,220.733,218.936,1.794
"Tenant 2 [Tier 1] High-Scale Ingestion VIP","GetSmall",1,0,218.889,217.362,1.518
"Tenant 2 [Tier 1] High-Scale Ingestion VIP","GetSmall",1,0,218.864,217.406,1.455
"Tenant 2 [Tier 1] High-Scale Ingestion VIP","GetSmall",1,0,218.974,217.429,1.541
"Tenant 2 [Tier 1] High-Scale Ingestion VIP","GetSmall",1,0,218.986,217.475,1.504
"Tenant 2 [Tier 1] High-Scale Ingestion VIP","PutSmall",1,0,219.008,217.132,1.872
"Tenant 2 [Tier 1] High-Scale Ingestion VIP","GetSmall",1,0,219.449,218.005,1.435
"Tenant 2 [Tier 1] High-Scale Ingestion VIP","PutSmall",1,0,219.868,218.053,1.807
"Tenant 2 [Tier 1] High-Scale Ingestion VIP","GetSmall",1,0,219.111,217.560,1.537
"Tenant 2 [Tier 1] High-Scale Ingestion VIP","GetSmall",1,0,219.798,218.364,1.430
"Tenant 2 [Tier 1] High-Scale Ingestion VIP","GetSmall",1,0,219.851,218.282,1.566
"Tenant 2 [Tier 1] High-Scale Ingestion VIP","GetSmall",1,0,218.820,217.326,1.489
"Tenant 2 [Tier 1] High-Scale Ingestion VIP","PutSmall",1,0,219.840,218.121,1.716
"Tenant 2 [Tier 1] High-Scale Ingestion VIP","PutSmall",1,0,220.205,218.373,1.828
"Tenant 2 [Tier 1] High-Scale Ingestion VIP","GetSmall",1,0,219.560,218.032,1.524
"Tenant 2 [Tier 1] High-Scale Ingestion VIP","PutSmall",1,0,219.727,217.917,1.806
"Tenant 2 [Tier 1] High-Scale Ingestion VIP","GetSmall",1,0,219.820,218.348,1.465
"Tenant 2 [Tier 1] High-Scale Ingestion VIP","PutSmall",1,0,220.178,218.360,1.815
"Tenant 2 [Tier 1] High-Scale Ingestion VIP","GetSmall",1,0,218.842,217.339,1.494
"Tenant 2 [Tier 1] High-Scale Ingestion VIP","GetSmall",1,0,218.924,217.433,1.487
"Tenant 2 [Tier 1] High-Scale Ingestion VIP","GetSmall",1,0,219.153,217.593,1.554
"Tenant 2 [Tier 1] High-Scale Ingestion VIP","GetSmall",1,0,218.851,217.334,1.504
"Tenant 2 [Tier 1] High-Scale Ingestion VIP","PutSmall",1,0,220.369,218.509,1.855
"Tenant 2 [Tier 1] High-Scale Ingestion VIP","PutSmall",1,0,219.449,217.563,1.883
"Tenant 2 [Tier 1] High-Scale Ingestion VIP","PutSmall",1,0,219.973,218.193,1.776
"Tenant 2 [Tier 1] High-Scale Ingestion VIP","PutSmall",1,0,220.549,218.833,1.712
"Tenant 2 [Tier 1] High-Scale Ingestion VIP","PutSmall",1,0,219.912,218.182,1.719
"Tenant 2 [Tier 1] High-Scale Ingestion VIP","GetSmall",1,0,219.064,217.595,1.460
"Tenant 2 [Tier 1] High-Scale Ingestion VIP","GetSmall",1,0,220.286,218.779,1.503
"Tenant 2 [Tier 1] High-Scale Ingestion VIP","GetSmall",1,0,218.800,217.266,1.530
"Tenant 2 [Tier 1] High-Scale Ingestion VIP","PutSmall",1,0,217.577,215.804,1.768
"Tenant 2 [Tier 1] High-Scale Ingestion VIP","PutSmall",1,0,218.495,216.722,1.769
"Tenant 2 [Tier 1] High-Scale Ingestion VIP","PutSmall",1,0,220.197,218.436,1.756
"Tenant 2 [Tier 1] High-Scale Ingestion VIP","PutSmall",1,0,220.847,218.980,1.863
"Tenant 2 [Tier 1] High-Scale Ingestion VIP","PutSmall",1,0,220.761,218.961,1.797
"Tenant 2 [Tier 1] High-Scale Ingestion VIP","GetSmall",1,0,215.593,214.091,1.499
"Tenant 2 [Tier 1] High-Scale Ingestion VIP","PutSmall",1,0,216.080,214.193,1.884
"Tenant 2 [Tier 1] High-Scale Ingestion VIP","PutSmall",1,0,217.427,215.540,1.842
"Tenant 2 [Tier 1] High-Scale Ingestion VIP","PutSmall",1,0,215.286,213.539,1.730
"Tenant 2 [Tier 1] High-Scale Ingestion VIP","PutSmall",1,0,216.813,215.064,1.743
"Tenant 2 [Tier 1] High-Scale Ingestion VIP","PutSmall",1,0,215.930,214.165,1.760
"Tenant 2 [Tier 1] High-Scale Ingestion VIP","PutSmall",1,0,217.512,215.639,1.862
"Tenant 2 [Tier 1] High-Scale Ingestion VIP","GetSmall",1,0,218.965,217.393,1.566
"Tenant 2 [Tier 1] High-Scale Ingestion VIP","PutSmall",1,0,216.996,215.262,1.714
"Tenant 2 [Tier 1] High-Scale Ingestion VIP","PutSmall",1,0,218.719,216.846,1.866
"Tenant 2 [Tier 1] High-Scale Ingestion VIP","GetSmall",1,0,218.231,216.734,1.494
"Tenant 2 [Tier 1] High-Scale Ingestion VIP","PutSmall",1,0,215.918,214.161,1.754
"Tenant 2 [Tier 1] High-Scale Ingestion VIP","PutSmall",1,0,218.961,217.089,1.869
"Tenant 2 [Tier 1] High-Scale Ingestion VIP","PutSmall",1,0,217.328,215.486,1.836
"Tenant 2 [Tier 1] High-Scale Ingestion VIP","GetSmall",1,0,216.437,214.992,1.440
"Tenant 2 [Tier 1] High-Scale Ingestion VIP","GetSmall",1,0,219.011,217.489,1.517
"Tenant 2 [Tier 1] High-Scale Ingestion VIP","PutSmall",1,0,216.283,214.497,1.782
"Tenant 2 [Tier 1] High-Scale Ingestion VIP","PutSmall",1,0,219.477,217.706,1.768
"Tenant 2 [Tier 1] High-Scale Ingestion VIP","PutSmall",1,0,218.640,216.797,1.836
"Tenant 2 [Tier 1] High-Scale Ingestion VIP","GetSmall",1,0,219.845,218.323,1.518
"Tenant 2 [Tier 1] High-Scale Ingestion VIP","PutSmall",1,0,218.645,216.859,1.770
"Tenant 2 [Tier 1] High-Scale Ingestion VIP","PutSmall",1,0,219.053,217.155,1.888
"Tenant 2 [Tier 1] High-Scale Ingestion VIP","PutSmall",1,0,218.767,216.913,1.837
"Tenant 2 [Tier 1] High-Scale Ingestion VIP","GetSmall",1,0,219.309,217.836,1.442
"Tenant 2 [Tier 1] High-Scale Ingestion VIP","GetSmall",1,0,216.702,215.213,1.482
"Tenant 2 [Tier 1] High-Scale Ingestion VIP","PutSmall",1,0,219.073,217.252,1.818
"Tenant 2 [Tier 1] High-Scale Ingestion VIP","GetSmall",1,0,217.891,216.394,1.492
"Tenant 2 [Tier 1] High-Scale Ingestion VIP","PutSmall",1,0,219.577,217.860,1.715
"Tenant 2 [Tier 1] High-Scale Ingestion VIP","GetSmall",1,0,219.233,217.765,1.464
"Tenant 2 [Tier 1] High-Scale Ingestion VIP","GetSmall",1,0,218.117,216.579,1.526
"Tenant 2 [Tier 1] High-Scale Ingestion VIP","PutSmall",1,0,220.020,218.122,1.887
"Tenant 2 [Tier 1] High-Scale Ingestion VIP","PutSmall",1,0,219.249,217.418,1.828
"Tenant 2 [Tier 1] High-Scale Ingestion VIP","PutSmall",1,0,221.028,219.186,1.839
"Tenant 2 [Tier 1] High-Scale Ingestion VIP","GetSmall",1,0,221.053,219.475,1.560
"Tenant 2 [Tier 1] High-Scale Ingestion VIP","PutSmall",1,0,221.619,219.840,1.774
"Tenant 2 [Tier 1] High-Scale Ingestion VIP","PutSmall",1,0,221.354,219.614,1.735
"Tenant 2 [Tier 1] High-Scale Ingestion VIP","PutSmall",1,0,220.973,219.217,1.752
"Tenant 2 [Tier 1] High-Scale Ingestion VIP","PutSmall",1,0,219.495,217.639,1.850
"Tenant 2 [Tier 1] High-Scale Ingestion VIP","GetSmall",1,0,219.150,217.600,1.546
"Tenant 2 [Tier 1] High-Scale Ingestion VIP","PutSmall",1,0,219.303,217.464,1.836
"Tenant 2 [Tier 1] High-Scale Ingestion VIP","PutSmall",1,0,221.234,219.446,1.774
"Tenant 2 [Tier 1] High-Scale Ingestion VIP","PutSmall",1,0,221.476,219.669,1.789
"Tenant 2 [Tier 1] High-Scale Ingestion VIP","GetSmall",1,0,221.369,219.929,1.430
"Tenant 2 [Tier 1] High-Scale Ingestion VIP","GetSmall",1,0,221.087,219.644,1.433
"Tenant 2 [Tier 1] High-Scale Ingestion VIP","GetSmall",1,0,220.365,218.912,1.432
"Tenant 2 [Tier 1] High-Scale Ingestion VIP","GetSmall",1,0,220.766,219.254,1.505
"Tenant 2 [Tier 1] High-Scale Ingestion VIP","PutSmall",1,0,222.274,220.405,1.864
"Tenant 2 [Tier 1] High-Scale Ingestion VIP","PutSmall",1,0,222.705,220.935,1.763
"Tenant 2 [Tier 1] High-Scale Ingestion VIP","PutSmall",1,0,221.335,219.512,1.818
"Tenant 2 [Tier 1] High-Scale Ingestion VIP","PutSmall",1,0,221.282,219.410,1.863
"Tenant 2 [Tier 1] High-Scale Ingestion VIP","GetSmall",1,0,221.829,220.380,1.446
"Tenant 2 [Tier 1] High-Scale Ingestion VIP","PutSmall",1,0,222.489,220.690,1.793
"Tenant 2 [Tier 1] High-Scale Ingestion VIP","PutSmall",1,0,222.301,220.409,1.889
"Tenant 2 [Tier 1] High-Scale Ingestion VIP","GetSmall",1,0,222.879,221.336,1.539
"Tenant 2 [Tier 1] High-Scale Ingestion VIP","PutSmall",1,0,220.974,219.191,1.779
"Tenant 2 [Tier 1] High-Scale Ingestion VIP","PutSmall",1,0,221.752,219.905,1.839
"Tenant 2 [Tier 1] High-Scale Ingestion VIP","PutSmall",1,0,221.691,219.975,1.711
"Tenant 2 [Tier 1] High-Scale Ingestion VIP","PutSmall",1,0,221.742,219.999,1.740
"Tenant 2 [Tier 1] High-Scale Ingestion VIP","PutSmall",1,0,223.003,221.177,1.823
"Tenant 2 [Tier 1] High-Scale Ingestion VIP","PutSmall",1,0,222.790,220.935,1.852
"Tenant 2 [Tier 1] High-Scale Ingestion VIP","GetSmall",1,0,223.683,222.173,1.506
"Tenant 2 [Tier 1] High-Scale Ingestion VIP","PutSmall",1,0,221.668,219.776,1.889
"Tenant 2 [Tier 1] High-Scale Ingestion VIP","PutSmall",1,0,223.276,221.474,1.792
"Tenant 2 [Tier 1] High-Scale Ingestion VIP","GetSmall",1,0,222.394,220.856,1.525
"Tenant 2 [Tier 1] High-Scale Ingestion VIP","PutSmall",1,0,222.941,221.146,1.746
"Tenant 2 [Tier 1] High-Scale Ingestion VIP","PutSmall",1,0,225.491,223.640,1.792
"Tenant 2 [Tier 1] High-Scale Ingestion VIP","GetSmall",1,0,224.919,223.373,1.503
"Tenant 2 [Tier 1] High-Scale Ingestion VIP","GetSmall",1,0,222.530,220.981,1.522
"Tenant 2 [Tier 1] High-Scale Ingestion VIP","GetSmall",1,0,222.836,221.343,1.449
"Tenant 2 [Tier 1] High-Scale Ingestion VIP","GetSmall",1,0,225.184,223.605,1.548
"Tenant 2 [Tier 1] High-Scale Ingestion VIP","PutSmall",1,0,224.375,222.539,1.821
"Tenant 2 [Tier 1] High-Scale Ingestion VIP","PutSmall",1,0,222.442,220.652,1.771
"Tenant 2 [Tier 1] High-Scale Ingestion VIP","GetSmall",1,0,223.123,221.639,1.459
"Tenant 2 [Tier 1] High-Scale Ingestion VIP","PutSmall",1,0,223.042,221.304,1.715
"Tenant 2 [Tier 1] High-Scale Ingestion VIP","PutSmall",1,0,224.594,222.814,1.745
"Tenant 2 [Tier 1] High-Scale Ingestion VIP","PutSmall",1,0,224.916,223.073,1.839
"Tenant 2 [Tier 1] High-Scale Ingestion VIP","GetSmall",1,0,224.076,222.539,1.533
"Tenant 2 [Tier 1] High-Scale Ingestion VIP","GetSmall",1,0,224.133,222.659,1.468
"Tenant 2 [Tier 1] High-Scale Ingestion VIP","PutSmall",1,0,222.863,221.147,1.713
"Tenant 2 [Tier 1] High-Scale Ingestion VIP","GetSmall",1,0,222.162,220.584,1.568
"Tenant 2 [Tier 1] High-Scale Ingestion VIP","PutSmall",1,0,223.831,222.080,1.744
"Tenant 2 [Tier 1] High-Scale Ingestion VIP","GetSmall",1,0,222.508,221.037,1.464
"Tenant 2 [Tier 1] High-Scale Ingestion VIP","PutSmall",1,0,224.682,222.874,1.799
"Tenant 2 [Tier 1] High-Scale Ingestion VIP","GetSmall",1,0,223.524,222.072,1.441
"Tenant 2 [Tier 1] High-Scale Ingestion VIP","GetSmall",1,0,224.586,223.125,1.454
"Tenant 2 [Tier 1] High-Scale Ingestion VIP","GetSmall",1,0,223.041,221.519,1.483
"Tenant 2 [Tier 1] High-Scale Ingestion VIP","GetSmall",1,0,224.276,222.709,1.539
"Tenant 2 [Tier 1] High-Scale Ingestion VIP","PutSmall",1,0,222.413,220.624,1.777
"Tenant 2 [Tier 1] High-Scale Ingestion VIP","PutSmall",1,0,222.497,220.640,1.848
"Tenant 2 [Tier 1] High-Scale Ingestion VIP","PutSmall",1,0,223.493,221.774,1.716
"Tenant 2 [Tier 1] High-Scale Ingestion VIP","GetSmall",1,0,223.795,222.364,1.427
"Tenant 2 [Tier 1] High-Scale Ingestion VIP","GetSmall",1,0,223.611,222.134,1.471
"Tenant 2 [Tier 1] High-Scale Ingestion VIP","PutSmall",1,0,223.457,221.570,1.877
"Tenant 2 [Tier 1] High-Scale Ingestion VIP","GetSmall",1,0,223.892,222.367,1.518
"Tenant 2 [Tier 1] High-Scale Ingestion VIP","PutSmall",1,0,223.898,222.003,1.890
"Tenant 2 [Tier 1] High-Scale Ingestion VIP","PutSmall",1,0,223.309,221.584,1.721
"Tenant 2 [Tier 1] High-Scale Ingestion VIP","GetSmall",1,0,222.643,221.107,1.524
"Tenant 2 [Tier 1] High-Scale Ingestion VIP","PutSmall",1,0,223.893,222.087,1.799
"Tenant 2 [Tier 1] High-Scale Ingestion VIP","PutSmall",1,0,223.626,221.745,1.874
"Tenant 2 [Tier 1] High-Scale Ingestion VIP","GetSmall",1,0,223.361,221.902,1.451
"Tenant 2 [Tier 1] High-Scale Ingestion VIP","GetSmall",1,0,222.914,221.393,1.517
"Tenant 2 [Tier 1] High-Scale Ingestion VIP","GetSmall",1,0,223.345,221.777,1.564
"Tenant 2 [Tier 1] High-Scale Ingestion VIP","PutSmall",1,0,223.605,221.876,1.726
"Tenant 2 [Tier 1] High-Scale Ingestion VIP","PutSmall",1,0,223.611,221.777,1.829
"Tenant 2 [Tier 1] High-Scale Ingestion VIP","GetSmall",1,0,223.571,221.995,1.571
"Tenant 2 [Tier 1] High-Scale Ingestion VIP","GetSmall",1,0,222.889,221.301,1.571
"Tenant 2 [Tier 1] High-Scale Ingestion VIP","PutSmall",1,0,223.837,222.012,1.820
"Tenant 2 [Tier 1] High-Scale Ingestion VIP","GetSmall",1,0,223.498,221.979,1.513
"Tenant 2 [Tier 1] High-Scale Ingestion VIP","GetSmall",1,0,223.938,222.398,1.522
"Tenant 2 [Tier 1] High-Scale Ingestion VIP","PutSmall",1,0,224.155,222.384,1.766
"Tenant 2 [Tier 1] High-Scale Ingestion VIP","PutSmall",1,0,224.219,222.326,1.887
"Tenant 2 [Tier 1] High-Scale Ingestion VIP","GetSmall",1,0,222.902,221.342,1.555
"Tenant 2 [Tier 1] High-Scale Ingestion VIP","GetSmall",1,0,222.546,221.057,1.477
"Tenant 2 [Tier 1] High-Scale Ingestion VIP","PutSmall",1,0,223.716,221.932,1.780
"Tenant 2 [Tier 1] High-Scale Ingestion VIP","PutSmall",1,0,223.771,221.958,1.809
"Tenant 2 [Tier 1] High-Scale Ingestion VIP","PutSmall",1,0,223.436,221.609,1.820
"Tenant 2 [Tier 1] High-Scale Ingestion VIP","PutSmall",1,0,223.363,221.507,1.840
"Tenant 2 [Tier 1] High-Scale Ingestion VIP","GetSmall",1,0,224.048,222.502,1.537
"Tenant 2 [Tier 1] High-Scale Ingestion VIP","PutSmall",1,0,224.008,222.255,1.748
"Tenant 2 [Tier 1] High-Scale Ingestion VIP","PutSmall",1,0,223.290,221.463,1.814
"Tenant 2 [Tier 1] High-Scale Ingestion VIP","GetSmall",1,0,223.260,221.810,1.433
"Tenant 2 [Tier 1] High-Scale Ingestion VIP","PutSmall",1,0,223.710,221.833,1.862
"Tenant 2 [Tier 1] High-Scale Ingestion VIP","PutSmall",1,0,223.036,221.253,1.778
"Tenant 2 [Tier 1] High-Scale Ingestion VIP","PutSmall",1,0,223.101,221.224,1.871
"Tenant 2 [Tier 1] High-Scale Ingestion VIP","PutSmall",1,0,221.333,219.512,1.812
"Tenant 2 [Tier 1] High-Scale Ingestion VIP","PutSmall",1,0,221.393,219.553,1.829
"Tenant 2 [Tier 1] High-Scale Ingestion VIP","PutSmall",1,0,222.612,220.868,1.739
"Tenant 2 [Tier 1] High-Scale Ingestion VIP","GetSmall",1,0,221.412,219.946,1.460
"Tenant 2 [Tier 1] High-Scale Ingestion VIP","GetSmall",1,0,217.787,216.312,1.464
"Tenant 2 [Tier 1] High-Scale Ingestion VIP","GetSmall",1,0,220.378,218.824,1.542
"Tenant 2 [Tier 1] High-Scale Ingestion VIP","GetSmall",1,0,217.928,216.350,1.568
"Tenant 2 [Tier 1] High-Scale Ingestion VIP","PutSmall",1,0,219.630,217.852,1.747
"Tenant 2 [Tier 1] High-Scale Ingestion VIP","GetSmall",1,0,218.789,217.295,1.488
"Tenant 2 [Tier 1] High-Scale Ingestion VIP","PutSmall",1,0,218.064,216.180,1.854
"Tenant 2 [Tier 1] High-Scale Ingestion VIP","GetSmall",1,0,217.074,215.496,1.570
"Tenant 2 [Tier 1] High-Scale Ingestion VIP","PutSmall",1,0,217.407,215.561,1.839
"Tenant 2 [Tier 1] High-Scale Ingestion VIP","GetSmall",1,0,219.362,217.809,1.548
"Tenant 2 [Tier 1] High-Scale Ingestion VIP","PutSmall",1,0,219.204,217.450,1.744
"Tenant 2 [Tier 1] High-Scale Ingestion VIP","GetSmall",1,0,217.727,216.201,1.521
"Tenant 2 [Tier 1] High-Scale Ingestion VIP","PutSmall",1,0,217.974,216.140,1.827
"Tenant 2 [Tier 1] High-Scale Ingestion VIP","PutSmall",1,0,219.687,217.817,1.861
"Tenant 2 [Tier 1] High-Scale Ingestion VIP","GetSmall",1,0,218.795,217.249,1.511
"Tenant 2 [Tier 1] High-Scale Ingestion VIP","PutSmall",1,0,218.896,217.026,1.866
"Tenant 2 [Tier 1] High-Scale Ingestion VIP","GetSmall",1,0,217.256,215.817,1.432
"Tenant 2 [Tier 1] High-Scale Ingestion VIP","PutSmall",1,0,217.754,215.988,1.763
"Tenant 2 [Tier 1] High-Scale Ingestion VIP","PutSmall",1,0,216.653,214.815,1.830
"Tenant 2 [Tier 1] High-Scale Ingestion VIP","PutSmall",1,0,217.675,215.935,1.726
"Tenant 2 [Tier 1] High-Scale Ingestion VIP","PutSmall",1,0,217.556,215.754,1.789
"Tenant 2 [Tier 1] High-Scale Ingestion VIP","PutSmall",1,0,218.165,216.371,1.779
"Tenant 2 [Tier 1] High-Scale Ingestion VIP","PutSmall",1,0,218.889,217.160,1.725
"Tenant 2 [Tier 1] High-Scale Ingestion VIP","PutSmall",1,0,219.064,217.153,1.874
"Tenant 2 [Tier 1] High-Scale Ingestion VIP","GetSmall",1,0,219.138,217.700,1.433
"Tenant 2 [Tier 1] High-Scale Ingestion VIP","GetSmall",1,0,219.259,217.764,1.478
"Tenant 2 [Tier 1] High-Scale Ingestion VIP","GetSmall",1,0,218.336,216.766,1.563
"Tenant 2 [Tier 1] High-Scale Ingestion VIP","PutSmall",1,0,217.945,216.160,1.781
"Tenant 2 [Tier 1] High-Scale Ingestion VIP","PutSmall",1,0,217.929,216.111,1.808
"Tenant 2 [Tier 1] High-Scale Ingestion VIP","GetSmall",1,0,219.518,217.987,1.517
"Tenant 2 [Tier 1] High-Scale Ingestion VIP","PutSmall",1,0,219.368,217.487,1.877
"Tenant 2 [Tier 1] High-Scale Ingestion VIP","GetSmall",1,0,219.629,218.181,1.445
"Tenant 2 [Tier 1] High-Scale Ingestion VIP","PutSmall",1,0,219.610,217.850,1.754
"Tenant 2 [Tier 1] High-Scale Ingestion VIP","GetSmall",1,0,219.611,218.151,1.452
"Tenant 2 [Tier 1] High-Scale Ingestion VIP","GetSmall",1,0,219.377,217.876,1.495
"Tenant 2 [Tier 1] High-Scale Ingestion VIP","PutSmall",1,0,220.669,218.789,1.876
"Tenant 2 [Tier 1] High-Scale Ingestion VIP","GetSmall",1,0,219.365,217.875,1.484
"Tenant 2 [Tier 1] High-Scale Ingestion VIP","PutSmall",1,0,219.627,217.824,1.798
"Tenant 2 [Tier 1] High-Scale Ingestion VIP","GetSmall",1,0,219.157,217.673,1.481
"Tenant 2 [Tier 1] High-Scale Ingestion VIP","PutSmall",1,0,220.423,218.613,1.805
"Tenant 2 [Tier 1] High-Scale Ingestion VIP","PutSmall",1,0,220.297,218.451,1.842
"Tenant 2 [Tier 1] High-Scale Ingestion VIP","GetSmall",1,0,217.159,215.673,1.480
"Tenant 2 [Tier 1] High-Scale Ingestion VIP","PutSmall",1,0,220.125,218.303,1.819
"Tenant 2 [Tier 1] High-Scale Ingestion VIP","PutSmall",1,0,219.948,218.087,1.858
"Tenant 2 [Tier 1] High-Scale Ingestion VIP","GetSmall",1,0,219.413,217.929,1.479
"Tenant 2 [Tier 1] High-Scale Ingestion VIP","GetSmall",1,0,219.586,218.054,1.524
"Tenant 2 [Tier 1] High-Scale Ingestion VIP","PutSmall",1,0,220.033,218.286,1.745
"Tenant 2 [Tier 1] High-Scale Ingestion VIP","PutSmall",1,0,220.069,218.268,1.789
"Tenant 2 [Tier 1] High-Scale Ingestion VIP","PutSmall",1,0,219.828,217.974,1.850
"Tenant 2 [Tier 1] High-Scale Ingestion VIP","PutSmall",1,0,220.479,218.602,1.873
"Tenant 2 [Tier 1] High-Scale Ingestion VIP","GetSmall",1,0,219.642,218.159,1.478
"Tenant 2 [Tier 1] High-Scale Ingestion VIP","PutSmall",1,0,219.886,218.132,1.743
"Tenant 2 [Tier 1] High-Scale Ingestion VIP","GetSmall",1,0,220.057,218.592,1.461
"Tenant 2 [Tier 1] High-Scale Ingestion VIP","PutSmall",1,0,220.464,218.599,1.860
"Tenant 2 [Tier 1] High-Scale Ingestion VIP","GetSmall",1,0,219.430,217.903,1.522
"Tenant 2 [Tier 1] High-Scale Ingestion VIP","PutSmall",1,0,219.588,217.832,1.752
"Tenant 2 [Tier 1] High-Scale Ingestion VIP","PutSmall",1,0,220.794,218.938,1.853
"Tenant 2 [Tier 1] High-Scale Ingestion VIP","GetSmall",1,0,218.892,217.421,1.460
"Tenant 2 [Tier 1] High-Scale Ingestion VIP","PutSmall",1,0,220.237,218.408,1.820
"Tenant 2 [Tier 1] High-Scale Ingestion VIP","PutSmall",1,0,219.859,218.089,1.767
"Tenant 2 [Tier 1] High-Scale Ingestion VIP","PutSmall",1,0,220.614,218.783,1.827
"Tenant 2 [Tier 1] High-Scale Ingestion VIP","GetSmall",1,0,221.304,219.822,1.474
"Tenant 2 [Tier 1] High-Scale Ingestion VIP","GetSmall",1,0,224.968,223.429,1.534
"Tenant 2 [Tier 1] High-Scale Ingestion VIP","GetSmall",1,0,221.868,220.407,1.450
"Tenant 2 [Tier 1] High-Scale Ingestion VIP","PutSmall",1,0,223.221,221.455,1.763
"Tenant 2 [Tier 1] High-Scale Ingestion VIP","PutSmall",1,0,220.524,218.670,1.821
"Tenant 2 [Tier 1] High-Scale Ingestion VIP","GetSmall",1,0,220.811,219.236,1.571
"Tenant 2 [Tier 1] High-Scale Ingestion VIP","PutSmall",1,0,222.765,220.849,1.884
"Tenant 2 [Tier 1] High-Scale Ingestion VIP","PutSmall",1,0,221.927,220.076,1.817
"Tenant 2 [Tier 1] High-Scale Ingestion VIP","GetSmall",1,0,220.901,219.328,1.570
"Tenant 2 [Tier 1] High-Scale Ingestion VIP","PutSmall",1,0,223.081,221.268,1.800
"Tenant 2 [Tier 1] High-Scale Ingestion VIP","PutSmall",1,0,221.538,219.713,1.811
"Tenant 2 [Tier 1] High-Scale Ingestion VIP","GetSmall",1,0,221.005,219.456,1.541
"Tenant 2 [Tier 1] High-Scale Ingestion VIP","PutSmall",1,0,220.506,218.704,1.770
"Tenant 2 [Tier 1] High-Scale Ingestion VIP","GetSmall",1,0,221.668,220.152,1.510
"Tenant 2 [Tier 1] High-Scale Ingestion VIP","PutSmall",1,0,223.739,221.913,1.790
"Tenant 2 [Tier 1] High-Scale Ingestion VIP","PutSmall",1,0,223.493,221.607,1.865
"Tenant 2 [Tier 1] High-Scale Ingestion VIP","PutSmall",1,0,222.199,220.346,1.846
"Tenant 2 [Tier 1] High-Scale Ingestion VIP","GetSmall",1,0,221.457,219.913,1.511
"Tenant 2 [Tier 1] High-Scale Ingestion VIP","PutSmall",1,0,222.595,220.797,1.793
"Tenant 2 [Tier 1] High-Scale Ingestion VIP","PutSmall",1,0,222.017,220.162,1.804
"Tenant 2 [Tier 1] High-Scale Ingestion VIP","PutSmall",1,0,222.355,220.487,1.832
"Tenant 2 [Tier 1] High-Scale Ingestion VIP","GetSmall",1,0,222.598,221.082,1.502
"Tenant 2 [Tier 1] High-Scale Ingestion VIP","PutSmall",1,0,223.958,222.212,1.732
"Tenant 2 [Tier 1] High-Scale Ingestion VIP","PutSmall",1,0,225.455,223.609,1.841
"Tenant 2 [Tier 1] High-Scale Ingestion VIP","PutSmall",1,0,223.777,221.988,1.762
"Tenant 2 [Tier 1] High-Scale Ingestion VIP","PutSmall",1,0,224.585,222.859,1.721
"Tenant 2 [Tier 1] High-Scale Ingestion VIP","PutSmall",1,0,224.442,222.637,1.799
"Tenant 2 [Tier 1] High-Scale Ingestion VIP","GetSmall",1,0,222.683,221.125,1.549
"Tenant 2 [Tier 1] High-Scale Ingestion VIP","GetSmall",1,0,222.747,221.178,1.554
"Tenant 2 [Tier 1] High-Scale Ingestion VIP","PutSmall",1,0,224.976,223.190,1.778
"Tenant 2 [Tier 1] High-Scale Ingestion VIP","PutSmall",1,0,224.774,222.974,1.790
"Tenant 2 [Tier 1] High-Scale Ingestion VIP","PutSmall",1,0,225.333,223.583,1.745
"Tenant 2 [Tier 1] High-Scale Ingestion VIP","GetSmall",1,0,223.040,221.464,1.540
"Tenant 2 [Tier 1] High-Scale Ingestion VIP","PutSmall",1,0,223.849,222.090,1.756
"Tenant 2 [Tier 1] High-Scale Ingestion VIP","PutSmall",1,0,224.221,222.444,1.763
"Tenant 2 [Tier 1] High-Scale Ingestion VIP","PutSmall",1,0,223.550,221.768,1.775
"Tenant 2 [Tier 1] High-Scale Ingestion VIP","GetSmall",1,0,225.851,224.354,1.480
"Tenant 2 [Tier 1] High-Scale Ingestion VIP","PutSmall",1,0,225.167,223.403,1.759
"Tenant 2 [Tier 1] High-Scale Ingestion VIP","PutSmall",1,0,225.593,223.859,1.727
"Tenant 2 [Tier 1] High-Scale Ingestion VIP","GetSmall",1,0,224.797,223.251,1.539
"Tenant 2 [Tier 1] High-Scale Ingestion VIP","GetSmall",1,0,225.261,223.735,1.521
"Tenant 2 [Tier 1] High-Scale Ingestion VIP","PutSmall",1,0,225.083,223.360,1.714
"Tenant 2 [Tier 1] High-Scale Ingestion VIP","PutSmall",1,0,226.079,224.244,1.831
"Tenant 2 [Tier 1] High-Scale Ingestion VIP","PutSmall",1,0,225.251,223.392,1.848
"Tenant 2 [Tier 1] High-Scale Ingestion VIP","PutSmall",1,0,225.203,223.312,1.884
"Tenant 2 [Tier 1] High-Scale Ingestion VIP","PutSmall",1,0,222.491,220.634,1.849
"Tenant 2 [Tier 1] High-Scale Ingestion VIP","PutSmall",1,0,223.106,221.230,1.873
"Tenant 2 [Tier 1] High-Scale Ingestion VIP","GetSmall",1,0,224.958,223.524,1.429
"Tenant 2 [Tier 1] High-Scale Ingestion VIP","GetSmall",1,0,225.296,223.722,1.569
"Tenant 2 [Tier 1] High-Scale Ingestion VIP","PutSmall",1,0,225.487,223.770,1.713
"Tenant 2 [Tier 1] High-Scale Ingestion VIP","PutSmall",1,0,225.219,223.470,1.745
"Tenant 2 [Tier 1] High-Scale Ingestion VIP","GetSmall",1,0,224.849,223.271,1.562
"Tenant 2 [Tier 1] High-Scale Ingestion VIP","PutSmall",1,0,225.005,223.203,1.798
"Tenant 2 [Tier 1] High-Scale Ingestion VIP","PutSmall",1,0,225.135,223.346,1.780
"Tenant 2 [Tier 1] High-Scale Ingestion VIP","GetSmall",1,0,224.210,222.731,1.475
"Tenant 2 [Tier 1] High-Scale Ingestion VIP","GetSmall",1,0,225.378,223.838,1.537
"Tenant 2 [Tier 1] High-Scale Ingestion VIP","GetSmall",1,0,223.904,222.346,1.545
"Tenant 2 [Tier 1] High-Scale Ingestion VIP","PutSmall",1,0,224.804,223.050,1.749
"Tenant 2 [Tier 1] High-Scale Ingestion VIP","PutSmall",1,0,224.697,222.970,1.721
"Tenant 2 [Tier 1] High-Scale Ingestion VIP","PutSmall",1,0,225.959,224.179,1.777
"Tenant 2 [Tier 1] High-Scale Ingestion VIP","GetSmall",1,0,224.506,222.959,1.542
"Tenant 2 [Tier 1] High-Scale Ingestion VIP","GetSmall",1,0,225.374,223.897,1.471
"Tenant 2 [Tier 1] High-Scale Ingestion VIP","GetSmall",1,0,223.941,222.380,1.558
"Tenant 2 [Tier 1] High-Scale Ingestion VIP","PutSmall",1,0,225.698,223.934,1.759
"Tenant 2 [Tier 1] High-Scale Ingestion VIP","PutSmall",1,0,224.111,222.357,1.746
"Tenant 2 [Tier 1] High-Scale Ingestion VIP","PutSmall",1,0,225.290,223.489,1.797
"Tenant 2 [Tier 1] High-Scale Ingestion VIP","GetSmall",1,0,228.045,226.495,1.545
"Tenant 2 [Tier 1] High-Scale Ingestion VIP","PutSmall",1,0,225.048,223.168,1.877
"Tenant 2 [Tier 1] High-Scale Ingestion VIP","PutSmall",1,0,223.383,221.500,1.861
"Tenant 2 [Tier 1] High-Scale Ingestion VIP","GetSmall",1,0,225.176,223.612,1.513
"Tenant 2 [Tier 1] High-Scale Ingestion VIP","PutSmall",1,0,225.672,223.946,1.722
"Tenant 2 [Tier 1] High-Scale Ingestion VIP","GetSmall",1,0,225.334,223.793,1.496
"Tenant 2 [Tier 1] High-Scale Ingestion VIP","GetSmall",1,0,225.280,223.672,1.555
"Tenant 2 [Tier 1] High-Scale Ingestion VIP","PutSmall",1,0,222.858,220.955,1.876
"Tenant 2 [Tier 1] High-Scale Ingestion VIP","PutSmall",1,0,224.002,222.102,1.865
"Tenant 2 [Tier 1] High-Scale Ingestion VIP","GetSmall",1,0,223.506,221.935,1.567
"Tenant 2 [Tier 1] High-Scale Ingestion VIP","PutSmall",1,0,224.930,223.128,1.788
"Tenant 2 [Tier 1] High-Scale Ingestion VIP","PutSmall",1,0,224.022,222.146,1.863
"Tenant 2 [Tier 1] High-Scale Ingestion VIP","GetSmall",1,0,223.036,221.485,1.516
"Tenant 2 [Tier 1] High-Scale Ingestion VIP","PutSmall",1,0,223.258,221.544,1.710
"Tenant 2 [Tier 1] High-Scale Ingestion VIP","PutSmall",1,0,225.939,224.145,1.790
"Tenant 2 [Tier 1] High-Scale Ingestion VIP","PutSmall",1,0,224.421,222.580,1.838
"Tenant 2 [Tier 1] High-Scale Ingestion VIP","PutSmall",1,0,226.078,224.246,1.827
"Tenant 2 [Tier 1] High-Scale Ingestion VIP","GetSmall",1,0,225.394,223.883,1.476
"Tenant 2 [Tier 1] High-Scale Ingestion VIP","PutSmall",1,0,225.597,223.872,1.722
"Tenant 2 [Tier 1] High-Scale Ingestion VIP","GetSmall",1,0,223.416,221.937,1.475
"Tenant 2 [Tier 1] High-Scale Ingestion VIP","GetSmall",1,0,222.930,221.397,1.528
"Tenant 2 [Tier 1] High-Scale Ingestion VIP","GetSmall",1,0,224.309,222.743,1.557
"Tenant 2 [Tier 1] High-Scale Ingestion VIP","PutSmall",1,0,222.782,220.909,1.868
"Tenant 2 [Tier 1] High-Scale Ingestion VIP","GetSmall",1,0,224.062,222.549,1.507
"Tenant 2 [Tier 1] High-Scale Ingestion VIP","PutSmall",1,0,224.446,222.628,1.815
"Tenant 2 [Tier 1] High-Scale Ingestion VIP","GetSmall",1,0,225.612,224.112,1.495
"Tenant 2 [Tier 1] High-Scale Ingestion VIP","PutSmall",1,0,226.000,224.133,1.862
"Tenant 2 [Tier 1] High-Scale Ingestion VIP","PutSmall",1,0,222.717,220.883,1.829
"Tenant 2 [Tier 1] High-Scale Ingestion VIP","PutSmall",1,0,222.784,220.916,1.865
"Tenant 2 [Tier 1] High-Scale Ingestion VIP","PutSmall",1,0,225.478,223.667,1.795
"Tenant 2 [Tier 1] High-Scale Ingestion VIP","GetSmall",1,0,223.958,222.504,1.439
"Tenant 2 [Tier 1] High-Scale Ingestion VIP","GetSmall",1,0,224.226,222.685,1.538
"Tenant 2 [Tier 1] High-Scale Ingestion VIP","PutSmall",1,0,225.028,223.202,1.792
"Tenant 2 [Tier 1] High-Scale Ingestion VIP","PutSmall",1,0,225.862,223.974,1.883
"Tenant 2 [Tier 1] High-Scale Ingestion VIP","GetSmall",1,0,224.704,223.229,1.470
"Tenant 2 [Tier 1] High-Scale Ingestion VIP","GetSmall",1,0,224.987,223.482,1.493
"Tenant 2 [Tier 1] High-Scale Ingestion VIP","GetSmall",1,0,223.935,222.391,1.536
"Tenant 2 [Tier 1] High-Scale Ingestion VIP","PutSmall",1,0,223.513,221.723,1.785
"Tenant 2 [Tier 1] High-Scale Ingestion VIP","GetSmall",1,0,224.650,223.199,1.448
"Tenant 2 [Tier 1] High-Scale Ingestion VIP","GetSmall",1,0,224.711,223.184,1.523
"Tenant 2 [Tier 1] High-Scale Ingestion VIP","PutSmall",1,0,225.265,223.497,1.763
"Tenant 2 [Tier 1] High-Scale Ingestion VIP","PutSmall",1,0,225.124,223.316,1.797
"Tenant 2 [Tier 1] High-Scale Ingestion VIP","PutSmall",1,0,224.969,223.107,1.855
"Tenant 2 [Tier 1] High-Scale Ingestion VIP","PutSmall",1,0,224.693,222.971,1.711
"Tenant 2 [Tier 1] High-Scale Ingestion VIP","PutSmall",1,0,225.412,223.628,1.773
"Tenant 2 [Tier 1] High-Scale Ingestion VIP","PutSmall",1,0,224.728,222.919,1.803
"Tenant 2 [Tier 1] High-Scale Ingestion VIP","PutSmall",1,0,225.385,223.618,1.761
"Tenant 2 [Tier 1] High-Scale Ingestion VIP","PutSmall",1,0,225.301,223.479,1.819
"Tenant 2 [Tier 1] High-Scale Ingestion VIP","PutSmall",1,0,225.534,223.778,1.751
"Tenant 2 [Tier 1] High-Scale Ingestion VIP","GetSmall",1,0,225.253,223.734,1.516
"Tenant 2 [Tier 1] High-Scale Ingestion VIP","GetSmall",1,0,224.738,223.192,1.538
"Tenant 2 [Tier 1] High-Scale Ingestion VIP","GetSmall",1,0,225.503,223.932,1.547
"Tenant 2 [Tier 1] High-Scale Ingestion VIP","GetSmall",1,0,224.864,223.427,1.431
"Tenant 2 [Tier 1] High-Scale Ingestion VIP","PutSmall",1,0,225.741,223.884,1.853
"Tenant 2 [Tier 1] High-Scale Ingestion VIP","PutSmall",1,0,226.397,224.654,1.737
"Tenant 2 [Tier 1] High-Scale Ingestion VIP","GetSmall",1,0,224.358,222.816,1.536
"Tenant 2 [Tier 1] High-Scale Ingestion VIP","PutSmall",1,0,226.080,224.290,1.784
"Tenant 2 [Tier 1] High-Scale Ingestion VIP","PutSmall",1,0,225.983,224.167,1.802
"Tenant 2 [Tier 1] High-Scale Ingestion VIP","PutSmall",1,0,225.549,223.712,1.827
"Tenant 2 [Tier 1] High-Scale Ingestion VIP","PutSmall",1,0,225.149,223.399,1.743
"Tenant 2 [Tier 1] High-Scale Ingestion VIP","PutSmall",1,0,225.244,223.478,1.761
"Tenant 2 [Tier 1] High-Scale Ingestion VIP","PutSmall",1,0,224.981,223.197,1.765
"Tenant 2 [Tier 1] High-Scale Ingestion VIP","GetSmall",1,0,224.811,223.271,1.533
"Tenant 2 [Tier 1] High-Scale Ingestion VIP","GetSmall",1,0,228.181,226.704,1.473
"Tenant 2 [Tier 1] High-Scale Ingestion VIP","PutSmall",1,0,230.505,228.627,1.875
"Tenant 2 [Tier 1] High-Scale Ingestion VIP","GetSmall",1,0,231.512,229.961,1.545
"Tenant 2 [Tier 1] High-Scale Ingestion VIP","PutSmall",1,0,230.146,228.257,1.853
"Tenant 2 [Tier 1] High-Scale Ingestion VIP","PutSmall",1,0,229.895,228.159,1.727
"Tenant 2 [Tier 1] High-Scale Ingestion VIP","PutSmall",1,0,229.815,228.003,1.808
"Tenant 2 [Tier 1] High-Scale Ingestion VIP","PutSmall",1,0,229.715,227.812,1.859
"Tenant 2 [Tier 1] High-Scale Ingestion VIP","GetSmall",1,0,229.486,228.018,1.463
"Tenant 2 [Tier 1] High-Scale Ingestion VIP","GetSmall",1,0,229.918,228.456,1.447
"Tenant 2 [Tier 1] High-Scale Ingestion VIP","PutSmall",1,0,229.148,227.271,1.870
"Tenant 2 [Tier 1] High-Scale Ingestion VIP","PutSmall",1,0,233.194,231.401,1.783
"Tenant 2 [Tier 1] High-Scale Ingestion VIP","GetSmall",1,0,228.594,227.051,1.534
"Tenant 2 [Tier 1] High-Scale Ingestion VIP","GetSmall",1,0,230.868,229.306,1.556
"Tenant 2 [Tier 1] High-Scale Ingestion VIP","GetSmall",1,0,229.392,227.888,1.496
"Tenant 2 [Tier 1] High-Scale Ingestion VIP","PutSmall",1,0,229.785,228.044,1.722
"Tenant 2 [Tier 1] High-Scale Ingestion VIP","GetSmall",1,0,230.837,229.361,1.464
"Tenant 2 [Tier 1] High-Scale Ingestion VIP","PutSmall",1,0,231.072,229.314,1.753
"Tenant 2 [Tier 1] High-Scale Ingestion VIP","GetSmall",1,0,231.105,229.590,1.507
"Tenant 2 [Tier 1] High-Scale Ingestion VIP","PutSmall",1,0,229.837,228.029,1.804
"Tenant 2 [Tier 1] High-Scale Ingestion VIP","PutSmall",1,0,231.433,229.649,1.775
"Tenant 2 [Tier 1] High-Scale Ingestion VIP","PutSmall",1,0,230.083,228.300,1.774
"Tenant 2 [Tier 1] High-Scale Ingestion VIP","PutSmall",1,0,232.326,230.507,1.800
"Tenant 2 [Tier 1] High-Scale Ingestion VIP","PutSmall",1,0,230.663,228.815,1.843
"Tenant 2 [Tier 1] High-Scale Ingestion VIP","PutSmall",1,0,230.396,228.542,1.847
"Tenant 2 [Tier 1] High-Scale Ingestion VIP","GetSmall",1,0,232.167,230.611,1.547
"Tenant 2 [Tier 1] High-Scale Ingestion VIP","PutSmall",1,0,232.784,230.928,1.850
"Tenant 2 [Tier 1] High-Scale Ingestion VIP","PutSmall",1,0,230.498,228.679,1.812
"Tenant 2 [Tier 1] High-Scale Ingestion VIP","PutSmall",1,0,231.928,230.144,1.761
"Tenant 2 [Tier 1] High-Scale Ingestion VIP","GetSmall",1,0,232.076,230.563,1.509
"Tenant 2 [Tier 1] High-Scale Ingestion VIP","PutSmall",1,0,232.386,230.513,1.865
"Tenant 2 [Tier 1] High-Scale Ingestion VIP","GetSmall",1,0,230.381,228.813,1.561
"Tenant 2 [Tier 1] High-Scale Ingestion VIP","PutSmall",1,0,230.748,228.897,1.844
"Tenant 2 [Tier 1] High-Scale Ingestion VIP","PutSmall",1,0,232.276,230.389,1.882
"Tenant 2 [Tier 1] High-Scale Ingestion VIP","GetSmall",1,0,231.003,229.538,1.457
"Tenant 2 [Tier 1] High-Scale Ingestion VIP","PutSmall",1,0,231.344,229.606,1.732
"Tenant 2 [Tier 1] High-Scale Ingestion VIP","GetSmall",1,0,230.140,228.579,1.555
"Tenant 2 [Tier 1] High-Scale Ingestion VIP","PutSmall",1,0,230.293,228.559,1.729
"Tenant 2 [Tier 1] High-Scale Ingestion VIP","PutSmall",1,0,230.447,228.598,1.840
"Tenant 2 [Tier 1] High-Scale Ingestion VIP","GetSmall",1,0,231.459,229.940,1.512
"Tenant 2 [Tier 1] High-Scale Ingestion VIP","GetSmall",1,0,231.619,230.089,1.528
"Tenant 2 [Tier 1] High-Scale Ingestion VIP","GetSmall",1,0,231.717,230.173,1.533
"Tenant 2 [Tier 1] High-Scale Ingestion VIP","PutSmall",1,0,231.669,229.858,1.806
"Tenant 2 [Tier 1] High-Scale Ingestion VIP","PutSmall",1,0,232.942,231.126,1.812
"Tenant 2 [Tier 1] High-Scale Ingestion VIP","GetSmall",1,0,231.069,229.552,1.512
"Tenant 2 [Tier 1] High-Scale Ingestion VIP","GetSmall",1,0,231.753,230.208,1.535
"Tenant 2 [Tier 1] High-Scale Ingestion VIP","PutSmall",1,0,232.479,230.764,1.710
"Tenant 2 [Tier 1] High-Scale Ingestion VIP","GetSmall",1,0,230.402,228.966,1.429
"Tenant 2 [Tier 1] High-Scale Ingestion VIP","PutSmall",1,0,231.516,229.763,1.745
"Tenant 2 [Tier 1] High-Scale Ingestion VIP","GetSmall",1,0,231.384,229.927,1.452
"Tenant 2 [Tier 1] High-Scale Ingestion VIP","PutSmall",1,0,232.043,230.195,1.842
"Tenant 2 [Tier 1] High-Scale Ingestion VIP","GetSmall",1,0,230.390,228.825,1.560
"Tenant 2 [Tier 1] High-Scale Ingestion VIP","GetSmall",1,0,230.883,229.452,1.427
"Tenant 2 [Tier 1] High-Scale Ingestion VIP","PutSmall",1,0,231.260,229.429,1.827
"Tenant 2 [Tier 1] High-Scale Ingestion VIP","GetSmall",1,0,229.939,228.507,1.426
"Tenant 2 [Tier 1] High-Scale Ingestion VIP","GetSmall",1,0,231.541,230.058,1.478
"Tenant 2 [Tier 1] High-Scale Ingestion VIP","GetSmall",1,0,231.512,229.934,1.575
"Tenant 2 [Tier 1] High-Scale Ingestion VIP","PutSmall",1,0,231.972,230.208,1.757
"Tenant 2 [Tier 1] High-Scale Ingestion VIP","PutSmall",1,0,232.565,230.823,1.739
"Tenant 2 [Tier 1] High-Scale Ingestion VIP","PutSmall",1,0,232.645,230.849,1.787
"Tenant 2 [Tier 1] High-Scale Ingestion VIP","GetSmall",1,0,232.004,230.455,1.540
"Tenant 2 [Tier 1] High-Scale Ingestion VIP","GetSmall",1,0,231.781,230.313,1.462
"Tenant 2 [Tier 1] High-Scale Ingestion VIP","GetSmall",1,0,232.582,231.146,1.428
"Tenant 2 [Tier 1] High-Scale Ingestion VIP","PutSmall",1,0,232.930,231.116,1.809
"Tenant 2 [Tier 1] High-Scale Ingestion VIP","PutSmall",1,0,230.209,228.432,1.773
"Tenant 2 [Tier 1] High-Scale Ingestion VIP","PutSmall",1,0,223.515,221.787,1.722
"Tenant 2 [Tier 1] High-Scale Ingestion VIP","PutSmall",1,0,223.034,221.280,1.741
"Tenant 2 [Tier 1] High-Scale Ingestion VIP","PutSmall",1,0,223.254,221.422,1.827
"Tenant 2 [Tier 1] High-Scale Ingestion VIP","GetSmall",1,0,216.897,215.387,1.476
"Tenant 2 [Tier 1] High-Scale Ingestion VIP","GetSmall",1,0,216.321,214.778,1.539
"Tenant 2 [Tier 1] High-Scale Ingestion VIP","PutSmall",1,0,216.609,214.855,1.743
"Tenant 2 [Tier 1] High-Scale Ingestion VIP","PutSmall",1,0,217.165,215.426,1.735
"Tenant 2 [Tier 1] High-Scale Ingestion VIP","PutSmall",1,0,218.910,217.185,1.718
"Tenant 2 [Tier 1] High-Scale Ingestion VIP","GetSmall",1,0,215.915,214.463,1.445
"Tenant 2 [Tier 1] High-Scale Ingestion VIP","PutSmall",1,0,216.690,214.879,1.800
"Tenant 2 [Tier 1] High-Scale Ingestion VIP","PutSmall",1,0,218.618,216.850,1.749
"Tenant 2 [Tier 1] High-Scale Ingestion VIP","PutSmall",1,0,217.085,215.265,1.811
"Tenant 2 [Tier 1] High-Scale Ingestion VIP","GetSmall",1,0,216.768,215.297,1.464
"Tenant 2 [Tier 1] High-Scale Ingestion VIP","GetSmall",1,0,217.094,215.583,1.492
"Tenant 2 [Tier 1] High-Scale Ingestion VIP","GetSmall",1,0,218.980,217.512,1.463
"Tenant 2 [Tier 1] High-Scale Ingestion VIP","GetSmall",1,0,217.043,215.568,1.462
"Tenant 2 [Tier 1] High-Scale Ingestion VIP","PutSmall",1,0,217.003,215.286,1.714
"Tenant 2 [Tier 1] High-Scale Ingestion VIP","GetSmall",1,0,218.354,216.873,1.465
"Tenant 2 [Tier 1] High-Scale Ingestion VIP","GetSmall",1,0,216.345,214.830,1.498
"Tenant 2 [Tier 1] High-Scale Ingestion VIP","PutSmall",1,0,218.491,216.639,1.822
"Tenant 2 [Tier 1] High-Scale Ingestion VIP","PutSmall",1,0,217.936,216.198,1.726
"Tenant 2 [Tier 1] High-Scale Ingestion VIP","PutSmall",1,0,218.115,216.233,1.879
"Tenant 2 [Tier 1] High-Scale Ingestion VIP","GetSmall",1,0,218.443,216.979,1.459
"Tenant 2 [Tier 1] High-Scale Ingestion VIP","PutSmall",1,0,218.837,216.962,1.872
"Tenant 2 [Tier 1] High-Scale Ingestion VIP","PutSmall",1,0,215.631,213.828,1.797
"Tenant 2 [Tier 1] High-Scale Ingestion VIP","PutSmall",1,0,217.021,215.178,1.837
"Tenant 2 [Tier 1] High-Scale Ingestion VIP","PutSmall",1,0,218.066,216.241,1.821
"Tenant 2 [Tier 1] High-Scale Ingestion VIP","GetSmall",1,0,216.654,215.073,1.547
"Tenant 2 [Tier 1] High-Scale Ingestion VIP","GetSmall",1,0,218.962,217.493,1.463
"Tenant 2 [Tier 1] High-Scale Ingestion VIP","GetSmall",1,0,218.615,217.133,1.472
"Tenant 2 [Tier 1] High-Scale Ingestion VIP","PutSmall",1,0,218.157,216.405,1.739
"Tenant 2 [Tier 1] High-Scale Ingestion VIP","PutSmall",1,0,219.330,217.513,1.812
"Tenant 2 [Tier 1] High-Scale Ingestion VIP","PutSmall",1,0,219.398,217.547,1.840
"Tenant 2 [Tier 1] High-Scale Ingestion VIP","PutSmall",1,0,219.892,218.137,1.751
"Tenant 2 [Tier 1] High-Scale Ingestion VIP","PutSmall",1,0,220.201,218.412,1.778
"Tenant 2 [Tier 1] High-Scale Ingestion VIP","GetSmall",1,0,218.250,216.694,1.549
"Tenant 2 [Tier 1] High-Scale Ingestion VIP","PutSmall",1,0,217.210,215.490,1.715
"Tenant 2 [Tier 1] High-Scale Ingestion VIP","PutSmall",1,0,219.519,217.784,1.720
"Tenant 2 [Tier 1] High-Scale Ingestion VIP","PutSmall",1,0,219.488,217.697,1.787
"Tenant 2 [Tier 1] High-Scale Ingestion VIP","GetSmall",1,0,217.616,216.139,1.471
"Tenant 2 [Tier 1] High-Scale Ingestion VIP","GetSmall",1,0,219.262,217.739,1.501
"Tenant 2 [Tier 1] High-Scale Ingestion VIP","GetSmall",1,0,219.251,217.722,1.484
"Tenant 2 [Tier 1] High-Scale Ingestion VIP","PutSmall",1,0,219.305,217.455,1.809
"Tenant 2 [Tier 1] High-Scale Ingestion VIP","PutSmall",1,0,219.196,217.312,1.879
"Tenant 2 [Tier 1] High-Scale Ingestion VIP","GetSmall",1,0,216.931,215.494,1.429
"Tenant 2 [Tier 1] High-Scale Ingestion VIP","GetSmall",1,0,218.514,216.938,1.570
"Tenant 2 [Tier 1] High-Scale Ingestion VIP","PutSmall",1,0,220.150,218.390,1.755
"Tenant 2 [Tier 1] High-Scale Ingestion VIP","GetSmall",1,0,218.160,216.638,1.519
"Tenant 2 [Tier 1] High-Scale Ingestion VIP","PutSmall",1,0,218.219,216.397,1.818
"Tenant 2 [Tier 1] High-Scale Ingestion VIP","PutSmall",1,0,218.625,216.787,1.827
"Tenant 2 [Tier 1] High-Scale Ingestion VIP","GetSmall",1,0,219.086,217.535,1.546
"Tenant 2 [Tier 1] High-Scale Ingestion VIP","PutSmall",1,0,219.768,218.043,1.722
"Tenant 2 [Tier 1] High-Scale Ingestion VIP","PutSmall",1,0,218.939,217.135,1.800
"Tenant 2 [Tier 1] High-Scale Ingestion VIP","PutSmall",1,0,219.793,218.042,1.743
"Tenant 2 [Tier 1] High-Scale Ingestion VIP","PutSmall",1,0,220.042,218.186,1.850
"Tenant 2 [Tier 1] High-Scale Ingestion VIP","PutSmall",1,0,219.998,218.138,1.850
"Tenant 2 [Tier 1] High-Scale Ingestion VIP","GetSmall",1,0,216.767,215.316,1.444
"Tenant 2 [Tier 1] High-Scale Ingestion VIP","PutSmall",1,0,218.041,216.174,1.864
"Tenant 2 [Tier 1] High-Scale Ingestion VIP","PutSmall",1,0,218.437,216.550,1.879
"Tenant 2 [Tier 1] High-Scale Ingestion VIP","GetSmall",1,0,219.574,218.039,1.532
"Tenant 2 [Tier 1] High-Scale Ingestion VIP","GetSmall",1,0,220.043,218.608,1.431
"Tenant 2 [Tier 1] High-Scale Ingestion VIP","GetSmall",1,0,218.877,217.439,1.427
"Tenant 2 [Tier 1] High-Scale Ingestion VIP","GetSmall",1,0,219.337,217.812,1.516
"Tenant 2 [Tier 1] High-Scale Ingestion VIP","GetSmall",1,0,223.209,221.734,1.470
"Tenant 2 [Tier 1] High-Scale Ingestion VIP","GetSmall",1,0,225.812,224.257,1.550
"Tenant 2 [Tier 1] High-Scale Ingestion VIP","GetSmall",1,0,224.320,222.794,1.520
"Tenant 2 [Tier 1] High-Scale Ingestion VIP","PutSmall",1,0,227.029,225.264,1.760
"Tenant 2 [Tier 1] High-Scale Ingestion VIP","GetSmall",1,0,230.227,228.672,1.534
"Tenant 2 [Tier 1] High-Scale Ingestion VIP","GetSmall",1,0,230.583,229.081,1.463
"Tenant 2 [Tier 1] High-Scale Ingestion VIP","PutSmall",1,0,230.772,228.873,1.889
"Tenant 2 [Tier 1] High-Scale Ingestion VIP","GetSmall",1,0,231.793,230.332,1.428
"Tenant 2 [Tier 1] High-Scale Ingestion VIP","PutSmall",1,0,230.717,228.966,1.735
"Tenant 2 [Tier 1] High-Scale Ingestion VIP","GetSmall",1,0,230.487,228.953,1.503
"Tenant 2 [Tier 1] High-Scale Ingestion VIP","PutSmall",1,0,231.985,230.155,1.824
"Tenant 2 [Tier 1] High-Scale Ingestion VIP","GetSmall",1,0,229.589,228.054,1.530
"Tenant 2 [Tier 1] High-Scale Ingestion VIP","PutSmall",1,0,229.849,227.986,1.859
"Tenant 2 [Tier 1] High-Scale Ingestion VIP","GetSmall",1,0,229.593,228.074,1.488
"Tenant 2 [Tier 1] High-Scale Ingestion VIP","PutSmall",1,0,229.275,227.476,1.791
"Tenant 2 [Tier 1] High-Scale Ingestion VIP","PutSmall",1,0,231.452,229.597,1.809
"Tenant 2 [Tier 1] High-Scale Ingestion VIP","GetSmall",1,0,231.391,229.820,1.564
"Tenant 2 [Tier 1] High-Scale Ingestion VIP","PutSmall",1,0,231.382,229.576,1.801
"Tenant 2 [Tier 1] High-Scale Ingestion VIP","GetSmall",1,0,230.136,228.599,1.527
"Tenant 2 [Tier 1] High-Scale Ingestion VIP","GetSmall",1,0,231.870,230.349,1.488
"Tenant 2 [Tier 1] High-Scale Ingestion VIP","GetSmall",1,0,231.555,230.016,1.524
"Tenant 2 [Tier 1] High-Scale Ingestion VIP","GetSmall",1,0,229.633,228.133,1.496
"Tenant 2 [Tier 1] High-Scale Ingestion VIP","PutSmall",1,0,230.135,228.277,1.855
"Tenant 2 [Tier 1] High-Scale Ingestion VIP","GetSmall",1,0,230.115,228.658,1.445
"Tenant 2 [Tier 1] High-Scale Ingestion VIP","PutSmall",1,0,230.939,229.071,1.848
"Tenant 2 [Tier 1] High-Scale Ingestion VIP","PutSmall",1,0,230.069,228.301,1.736
"Tenant 2 [Tier 1] High-Scale Ingestion VIP","PutSmall",1,0,230.114,228.392,1.718
"Tenant 2 [Tier 1] High-Scale Ingestion VIP","GetSmall",1,0,229.749,228.244,1.498
"Tenant 2 [Tier 1] High-Scale Ingestion VIP","GetSmall",1,0,230.177,228.639,1.525
"Tenant 2 [Tier 1] High-Scale Ingestion VIP","GetSmall",1,0,227.029,225.485,1.539
"Tenant 2 [Tier 1] High-Scale Ingestion VIP","PutSmall",1,0,228.094,226.316,1.772
"Tenant 2 [Tier 1] High-Scale Ingestion VIP","GetSmall",1,0,228.060,226.539,1.517
"Tenant 2 [Tier 1] High-Scale Ingestion VIP","PutSmall",1,0,229.197,227.428,1.763
"Tenant 2 [Tier 1] High-Scale Ingestion VIP","GetSmall",1,0,229.778,228.289,1.483
"Tenant 2 [Tier 1] High-Scale Ingestion VIP","GetSmall",1,0,229.193,227.708,1.482
"Tenant 2 [Tier 1] High-Scale Ingestion VIP","PutSmall",1,0,229.447,227.676,1.766
"Tenant 2 [Tier 1] High-Scale Ingestion VIP","PutSmall",1,0,228.700,226.958,1.738
"Tenant 2 [Tier 1] High-Scale Ingestion VIP","GetSmall",1,0,229.745,228.244,1.497
"Tenant 2 [Tier 1] High-Scale Ingestion VIP","PutSmall",1,0,229.878,228.155,1.718
"Tenant 2 [Tier 1] High-Scale Ingestion VIP","PutSmall",1,0,230.114,228.258,1.853
"Tenant 2 [Tier 1] High-Scale Ingestion VIP","PutSmall",1,0,228.142,226.403,1.734
"Tenant 2 [Tier 1] High-Scale Ingestion VIP","PutSmall",1,0,228.124,226.358,1.760
"Tenant 2 [Tier 1] High-Scale Ingestion VIP","GetSmall",1,0,227.811,226.371,1.430
"Tenant 2 [Tier 1] High-Scale Ingestion VIP","PutSmall",1,0,228.482,226.690,1.787
"Tenant 2 [Tier 1] High-Scale Ingestion VIP","PutSmall",1,0,231.258,229.477,1.774
"Tenant 2 [Tier 1] High-Scale Ingestion VIP","PutSmall",1,0,230.709,228.826,1.878
"Tenant 2 [Tier 1] High-Scale Ingestion VIP","GetSmall",1,0,230.617,229.161,1.451
"Tenant 2 [Tier 1] High-Scale Ingestion VIP","GetSmall",1,0,229.426,227.941,1.481
"Tenant 2 [Tier 1] High-Scale Ingestion VIP","PutSmall",1,0,231.140,229.340,1.797
"Tenant 2 [Tier 1] High-Scale Ingestion VIP","GetSmall",1,0,231.267,229.761,1.499
"Tenant 2 [Tier 1] High-Scale Ingestion VIP","PutSmall",1,0,231.466,229.746,1.715
"Tenant 2 [Tier 1] High-Scale Ingestion VIP","GetSmall",1,0,231.247,229.696,1.541
"Tenant 2 [Tier 1] High-Scale Ingestion VIP","GetSmall",1,0,231.452,229.868,1.553
"Tenant 2 [Tier 1] High-Scale Ingestion VIP","GetSmall",1,0,231.199,229.616,1.553
"Tenant 2 [Tier 1] High-Scale Ingestion VIP","PutSmall",1,0,229.963,228.224,1.736
"Tenant 2 [Tier 1] High-Scale Ingestion VIP","GetSmall",1,0,230.260,228.772,1.482
"Tenant 2 [Tier 1] High-Scale Ingestion VIP","GetSmall",1,0,230.287,228.761,1.518
"Tenant 2 [Tier 1] High-Scale Ingestion VIP","PutSmall",1,0,230.421,228.692,1.724
"Tenant 2 [Tier 1] High-Scale Ingestion VIP","PutSmall",1,0,229.339,227.616,1.718
"Tenant 2 [Tier 1] High-Scale Ingestion VIP","PutSmall",1,0,230.751,228.921,1.824
"Tenant 2 [Tier 1] High-Scale Ingestion VIP","GetSmall",1,0,229.455,227.902,1.549
"Tenant 2 [Tier 1] High-Scale Ingestion VIP","PutSmall",1,0,228.559,226.804,1.752
"Tenant 2 [Tier 1] High-Scale Ingestion VIP","PutSmall",1,0,229.246,227.448,1.794
"Tenant 2 [Tier 1] High-Scale Ingestion VIP","PutSmall",1,0,229.187,227.357,1.826
"Tenant 2 [Tier 1] High-Scale Ingestion VIP","PutSmall",1,0,229.424,227.595,1.825
"Tenant 2 [Tier 1] High-Scale Ingestion VIP","GetSmall",1,0,230.756,229.239,1.514
"Tenant 2 [Tier 1] High-Scale Ingestion VIP","GetSmall",1,0,229.279,227.736,1.539
"Tenant 2 [Tier 1] High-Scale Ingestion VIP","PutSmall",1,0,226.578,224.847,1.728
"Tenant 2 [Tier 1] High-Scale Ingestion VIP","PutSmall",1,0,219.383,217.604,1.726
"Tenant 2 [Tier 1] High-Scale Ingestion VIP","PutSmall",1,0,219.493,217.735,1.726
"Tenant 2 [Tier 1] High-Scale Ingestion VIP","GetSmall",1,0,221.778,220.240,1.532
"Tenant 2 [Tier 1] High-Scale Ingestion VIP","PutSmall",1,0,221.100,219.306,1.761
"Tenant 2 [Tier 1] High-Scale Ingestion VIP","PutSmall",1,0,222.319,220.446,1.860
"Tenant 2 [Tier 1] High-Scale Ingestion VIP","PutSmall",1,0,220.776,218.987,1.755
"Tenant 2 [Tier 1] High-Scale Ingestion VIP","PutSmall",1,0,221.964,220.231,1.729
"Tenant 2 [Tier 1] High-Scale Ingestion VIP","PutSmall",1,0,222.516,220.676,1.808
"Tenant 2 [Tier 1] High-Scale Ingestion VIP","PutSmall",1,0,222.871,220.988,1.867
"Tenant 2 [Tier 1] High-Scale Ingestion VIP","GetSmall",1,0,220.843,219.306,1.503
"Tenant 2 [Tier 1] High-Scale Ingestion VIP","GetSmall",1,0,220.624,219.121,1.495
"Tenant 2 [Tier 1] High-Scale Ingestion VIP","PutSmall",1,0,220.903,219.176,1.724
"Tenant 2 [Tier 1] High-Scale Ingestion VIP","GetSmall",1,0,220.339,218.864,1.441
"Tenant 2 [Tier 1] High-Scale Ingestion VIP","PutSmall",1,0,220.353,218.631,1.719
"Tenant 2 [Tier 1] High-Scale Ingestion VIP","PutSmall",1,0,221.986,220.095,1.855
"Tenant 2 [Tier 1] High-Scale Ingestion VIP","GetSmall",1,0,219.855,218.391,1.428
"Tenant 2 [Tier 1] High-Scale Ingestion VIP","PutSmall",1,0,220.176,218.373,1.799
"Tenant 2 [Tier 1] High-Scale Ingestion VIP","GetSmall",1,0,221.004,219.473,1.527
"Tenant 2 [Tier 1] High-Scale Ingestion VIP","PutSmall",1,0,220.961,219.116,1.842
"Tenant 2 [Tier 1] High-Scale Ingestion VIP","GetSmall",1,0,219.090,217.557,1.527
"Tenant 2 [Tier 1] High-Scale Ingestion VIP","PutSmall",1,0,219.860,217.969,1.887
"Tenant 2 [Tier 1] High-Scale Ingestion VIP","GetSmall",1,0,221.304,219.759,1.538
"Tenant 2 [Tier 1] High-Scale Ingestion VIP","GetSmall",1,0,222.078,220.565,1.509
"Tenant 2 [Tier 1] High-Scale Ingestion VIP","PutSmall",1,0,220.512,218.690,1.815
"Tenant 2 [Tier 1] High-Scale Ingestion VIP","PutSmall",1,0,221.515,219.633,1.877
"Tenant 2 [Tier 1] High-Scale Ingestion VIP","PutSmall",1,0,220.914,219.062,1.847
"Tenant 2 [Tier 1] High-Scale Ingestion VIP","PutSmall",1,0,223.017,221.299,1.714
"Tenant 2 [Tier 1] High-Scale Ingestion VIP","GetSmall",1,0,223.131,221.631,1.465
"Tenant 2 [Tier 1] High-Scale Ingestion VIP","PutSmall",1,0,220.772,219.005,1.763
"Tenant 2 [Tier 1] High-Scale Ingestion VIP","PutSmall",1,0,223.174,221.430,1.732
"Tenant 2 [Tier 1] High-Scale Ingestion VIP","GetSmall",1,0,222.277,220.841,1.432
"Tenant 2 [Tier 1] High-Scale Ingestion VIP","GetSmall",1,0,223.176,221.729,1.443
"Tenant 2 [Tier 1] High-Scale Ingestion VIP","GetSmall",1,0,222.382,220.919,1.460
"Tenant 2 [Tier 1] High-Scale Ingestion VIP","PutSmall",1,0,222.810,221.067,1.740
"Tenant 2 [Tier 1] High-Scale Ingestion VIP","PutSmall",1,0,222.982,221.189,1.771
"Tenant 2 [Tier 1] High-Scale Ingestion VIP","PutSmall",1,0,223.231,221.409,1.819
"Tenant 2 [Tier 1] High-Scale Ingestion VIP","GetSmall",1,0,222.217,220.736,1.473
"Tenant 2 [Tier 1] High-Scale Ingestion VIP","PutSmall",1,0,222.985,221.131,1.851
"Tenant 2 [Tier 1] High-Scale Ingestion VIP","PutSmall",1,0,222.987,221.105,1.867
"Tenant 2 [Tier 1] High-Scale Ingestion VIP","PutSmall",1,0,222.986,221.087,1.888
"Tenant 2 [Tier 1] High-Scale Ingestion VIP","PutSmall",1,0,219.911,218.105,1.802
"Tenant 2 [Tier 1] High-Scale Ingestion VIP","PutSmall",1,0,220.044,218.183,1.857
"Tenant 2 [Tier 1] High-Scale Ingestion VIP","GetSmall",1,0,220.345,218.768,1.567
"Tenant 2 [Tier 1] High-Scale Ingestion VIP","PutSmall",1,0,220.681,218.802,1.875
"Tenant 2 [Tier 1] High-Scale Ingestion VIP","GetSmall",1,0,222.683,221.246,1.432
"Tenant 2 [Tier 1] High-Scale Ingestion VIP","PutSmall",1,0,223.005,221.168,1.833
"Tenant 2 [Tier 1] High-Scale Ingestion VIP","PutSmall",1,0,222.820,220.953,1.865
"Tenant 2 [Tier 1] High-Scale Ingestion VIP","PutSmall",1,0,222.850,220.972,1.873
"Tenant 2 [Tier 1] High-Scale Ingestion VIP","GetSmall",1,0,222.976,221.521,1.451
"Tenant 2 [Tier 1] High-Scale Ingestion VIP","PutSmall",1,0,223.532,221.671,1.856
"Tenant 2 [Tier 1] High-Scale Ingestion VIP","PutSmall",1,0,223.548,221.670,1.867
"Tenant 2 [Tier 1] High-Scale Ingestion VIP","GetSmall",1,0,223.336,221.894,1.437
"Tenant 2 [Tier 1] High-Scale Ingestion VIP","PutSmall",1,0,223.693,221.866,1.823
"Tenant 2 [Tier 1] High-Scale Ingestion VIP","GetSmall",1,0,223.917,222.400,1.510
"Tenant 2 [Tier 1] High-Scale Ingestion VIP","PutSmall",1,0,223.476,221.656,1.815
"Tenant 2 [Tier 1] High-Scale Ingestion VIP","PutSmall",1,0,223.623,221.762,1.858
"Tenant 2 [Tier 1] High-Scale Ingestion VIP","GetSmall",1,0,222.673,221.160,1.501
"Tenant 2 [Tier 1] High-Scale Ingestion VIP","GetSmall",1,0,223.354,221.888,1.462
"Tenant 2 [Tier 1] High-Scale Ingestion VIP","PutSmall",1,0,224.410,222.670,1.735
"Tenant 2 [Tier 1] High-Scale Ingestion VIP","PutSmall",1,0,225.067,223.288,1.775
"Tenant 2 [Tier 1] High-Scale Ingestion VIP","GetSmall",1,0,222.710,221.279,1.425
"Tenant 2 [Tier 1] High-Scale Ingestion VIP","GetSmall",1,0,224.664,223.154,1.502
"Tenant 2 [Tier 1] High-Scale Ingestion VIP","PutSmall",1,0,223.661,221.897,1.760
"Tenant 2 [Tier 1] High-Scale Ingestion VIP","GetSmall",1,0,227.213,225.732,1.477
"Tenant 2 [Tier 1] High-Scale Ingestion VIP","PutSmall",1,0,221.698,219.889,1.775
"Tenant 2 [Tier 1] High-Scale Ingestion VIP","GetSmall",1,0,221.991,220.420,1.522
"Tenant 2 [Tier 1] High-Scale Ingestion VIP","GetSmall",1,0,221.538,220.033,1.472
"Tenant 2 [Tier 1] High-Scale Ingestion VIP","PutSmall",1,0,222.911,221.192,1.713
"Tenant 2 [Tier 1] High-Scale Ingestion VIP","GetSmall",1,0,219.901,218.469,1.429
"Tenant 2 [Tier 1] High-Scale Ingestion VIP","GetSmall",1,0,221.885,220.403,1.464
"Tenant 2 [Tier 1] High-Scale Ingestion VIP","GetSmall",1,0,220.502,219.026,1.470
"Tenant 2 [Tier 1] High-Scale Ingestion VIP","PutSmall",1,0,221.488,219.554,1.869
"Tenant 2 [Tier 1] High-Scale Ingestion VIP","PutSmall",1,0,221.450,219.518,1.876
"Tenant 2 [Tier 1] High-Scale Ingestion VIP","GetSmall",1,0,218.840,217.294,1.535
"Tenant 2 [Tier 1] High-Scale Ingestion VIP","PutSmall",1,0,219.166,217.388,1.761
"Tenant 2 [Tier 1] High-Scale Ingestion VIP","PutSmall",1,0,219.474,217.604,1.863
"Tenant 2 [Tier 1] High-Scale Ingestion VIP","PutSmall",1,0,220.503,218.636,1.860
"Tenant 2 [Tier 1] High-Scale Ingestion VIP","GetSmall",1,0,222.850,221.374,1.472
"Tenant 2 [Tier 1] High-Scale Ingestion VIP","GetSmall",1,0,220.189,218.678,1.489
"Tenant 2 [Tier 1] High-Scale Ingestion VIP","PutSmall",1,0,220.153,218.326,1.821
"Tenant 2 [Tier 1] High-Scale Ingestion VIP","GetSmall",1,0,221.792,220.264,1.510
"Tenant 2 [Tier 1] High-Scale Ingestion VIP","GetSmall",1,0,221.129,219.672,1.427
"Tenant 2 [Tier 1] High-Scale Ingestion VIP","GetSmall",1,0,220.869,219.360,1.490
"Tenant 2 [Tier 1] High-Scale Ingestion VIP","GetSmall",1,0,220.738,219.291,1.429
"Tenant 2 [Tier 1] High-Scale Ingestion VIP","PutSmall",1,0,220.799,218.940,1.857
"Tenant 2 [Tier 1] High-Scale Ingestion VIP","GetSmall",1,0,219.020,217.533,1.436
"Tenant 2 [Tier 1] High-Scale Ingestion VIP","PutSmall",1,0,219.575,217.836,1.735
"Tenant 2 [Tier 1] High-Scale Ingestion VIP","PutSmall",1,0,222.217,220.352,1.859
"Tenant 2 [Tier 1] High-Scale Ingestion VIP","GetSmall",1,0,221.870,220.370,1.483
"Tenant 2 [Tier 1] High-Scale Ingestion VIP","GetSmall",1,0,222.947,221.472,1.469
"Tenant 2 [Tier 1] High-Scale Ingestion VIP","PutSmall",1,0,221.565,219.784,1.775
"Tenant 2 [Tier 1] High-Scale Ingestion VIP","PutSmall",1,0,219.104,217.299,1.782
"Tenant 2 [Tier 1] High-Scale Ingestion VIP","GetSmall",1,0,221.472,220.023,1.440
"Tenant 2 [Tier 1] High-Scale Ingestion VIP","GetSmall",1,0,220.448,219.009,1.435
"Tenant 2 [Tier 1] High-Scale Ingestion VIP","GetSmall",1,0,219.261,217.812,1.436
"Tenant 2 [Tier 1] High-Scale Ingestion VIP","GetSmall",1,0,219.282,217.829,1.439
"Tenant 2 [Tier 1] High-Scale Ingestion VIP","GetSmall",1,0,222.029,220.471,1.550
"Tenant 2 [Tier 1] High-Scale Ingestion VIP","GetSmall",1,0,220.560,219.001,1.554
"Tenant 2 [Tier 1] High-Scale Ingestion VIP","GetSmall",1,0,220.564,218.963,1.568
"Tenant 2 [Tier 1] High-Scale Ingestion VIP","PutSmall",1,0,221.899,220.183,1.712
"Tenant 2 [Tier 1] High-Scale Ingestion VIP","GetSmall",1,0,220.304,218.817,1.481
"Tenant 2 [Tier 1] High-Scale Ingestion VIP","GetSmall",1,0,220.017,218.448,1.566
"Tenant 2 [Tier 1] High-Scale Ingestion VIP","GetSmall",1,0,220.810,219.273,1.533
"Tenant 2 [Tier 1] High-Scale Ingestion VIP","GetSmall",1,0,220.810,219.285,1.515
"Tenant 2 [Tier 1] High-Scale Ingestion VIP","GetSmall",1,0,220.628,219.161,1.462
"Tenant 2 [Tier 1] High-Scale Ingestion VIP","GetSmall",1,0,220.891,219.384,1.499
"Tenant 2 [Tier 1] High-Scale Ingestion VIP","GetSmall",1,0,220.122,218.576,1.537
"Tenant 2 [Tier 1] High-Scale Ingestion VIP","PutSmall",1,0,220.481,218.737,1.741
"Tenant 2 [Tier 1] High-Scale Ingestion VIP","GetSmall",1,0,220.937,219.495,1.433
"Tenant 2 [Tier 1] High-Scale Ingestion VIP","PutSmall",1,0,220.177,218.354,1.815
"Tenant 2 [Tier 1] High-Scale Ingestion VIP","PutSmall",1,0,221.088,219.230,1.855
"Tenant 2 [Tier 1] High-Scale Ingestion VIP","GetSmall",1,0,219.698,218.178,1.508
"Tenant 2 [Tier 1] High-Scale Ingestion VIP","GetSmall",1,0,219.441,217.972,1.465
"Tenant 2 [Tier 1] High-Scale Ingestion VIP","GetSmall",1,0,219.845,218.369,1.469
"Tenant 2 [Tier 1] High-Scale Ingestion VIP","GetSmall",1,0,220.229,218.705,1.518
"Tenant 2 [Tier 1] High-Scale Ingestion VIP","GetSmall",1,0,220.687,219.120,1.564
"Tenant 2 [Tier 1] High-Scale Ingestion VIP","PutSmall",1,0,220.608,218.722,1.880
"Tenant 2 [Tier 1] High-Scale Ingestion VIP","GetSmall",1,0,219.538,218.059,1.476
"Tenant 2 [Tier 1] High-Scale Ingestion VIP","GetSmall",1,0,219.272,217.765,1.504
"Tenant 2 [Tier 1] High-Scale Ingestion VIP","PutSmall",1,0,219.505,217.715,1.784
"Tenant 2 [Tier 1] High-Scale Ingestion VIP","PutSmall",1,0,218.246,216.440,1.802
"Tenant 2 [Tier 1] High-Scale Ingestion VIP","GetSmall",1,0,218.312,216.772,1.535
"Tenant 2 [Tier 1] High-Scale Ingestion VIP","PutSmall",1,0,220.391,218.530,1.857
"Tenant 2 [Tier 1] High-Scale Ingestion VIP","PutSmall",1,0,220.851,219.060,1.782
"Tenant 2 [Tier 1] High-Scale Ingestion VIP","GetSmall",1,0,216.917,215.399,1.513
"Tenant 2 [Tier 1] High-Scale Ingestion VIP","GetSmall",1,0,217.077,215.639,1.431
"Tenant 2 [Tier 1] High-Scale Ingestion VIP","PutSmall",1,0,218.402,216.581,1.816
"Tenant 2 [Tier 1] High-Scale Ingestion VIP","PutSmall",1,0,216.453,214.571,1.875
"Tenant 2 [Tier 1] High-Scale Ingestion VIP","GetSmall",1,0,218.185,216.598,1.569
"Tenant 2 [Tier 1] High-Scale Ingestion VIP","PutSmall",1,0,216.088,214.207,1.844
"Tenant 2 [Tier 1] High-Scale Ingestion VIP","GetSmall",1,0,216.399,214.906,1.469
"Tenant 2 [Tier 1] High-Scale Ingestion VIP","GetSmall",1,0,216.472,214.950,1.484
"Tenant 2 [Tier 1] High-Scale Ingestion VIP","GetSmall",1,0,217.233,215.760,1.438
"Tenant 2 [Tier 1] High-Scale Ingestion VIP","PutSmall",1,0,217.089,215.373,1.711
"Tenant 2 [Tier 1] High-Scale Ingestion VIP","PutSmall",1,0,218.624,216.764,1.856
"Tenant 2 [Tier 1] High-Scale Ingestion VIP","PutSmall",1,0,220.310,218.415,1.890
"Tenant 2 [Tier 1] High-Scale Ingestion VIP","GetSmall",1,0,221.208,219.695,1.484
"Tenant 2 [Tier 1] High-Scale Ingestion VIP","GetSmall",1,0,219.022,217.482,1.489
"Tenant 2 [Tier 1] High-Scale Ingestion VIP","GetSmall",1,0,219.549,218.100,1.439
"Tenant 2 [Tier 1] High-Scale Ingestion VIP","GetSmall",1,0,219.719,218.189,1.526
"Tenant 2 [Tier 1] High-Scale Ingestion VIP","GetSmall",1,0,218.764,217.210,1.549
"Tenant 2 [Tier 1] High-Scale Ingestion VIP","GetSmall",1,0,216.242,214.695,1.537
"Tenant 2 [Tier 1] High-Scale Ingestion VIP","GetSmall",1,0,218.476,216.953,1.512
"Tenant 2 [Tier 1] High-Scale Ingestion VIP","PutSmall",1,0,216.166,214.337,1.821
"Tenant 2 [Tier 1] High-Scale Ingestion VIP","PutSmall",1,0,216.380,214.591,1.782
"Tenant 2 [Tier 1] High-Scale Ingestion VIP","GetSmall",1,0,218.079,216.560,1.497
"Tenant 2 [Tier 1] High-Scale Ingestion VIP","PutSmall",1,0,218.377,216.487,1.860
"Tenant 2 [Tier 1] High-Scale Ingestion VIP","GetSmall",1,0,218.848,217.333,1.511
"Tenant 2 [Tier 1] High-Scale Ingestion VIP","PutSmall",1,0,219.489,217.751,1.734
"Tenant 2 [Tier 1] High-Scale Ingestion VIP","GetSmall",1,0,216.310,214.850,1.448
"Tenant 2 [Tier 1] High-Scale Ingestion VIP","GetSmall",1,0,216.139,214.607,1.523
"Tenant 2 [Tier 1] High-Scale Ingestion VIP","PutSmall",1,0,217.783,215.992,1.785
"Tenant 2 [Tier 1] High-Scale Ingestion VIP","PutSmall",1,0,218.092,216.249,1.840
"Tenant 2 [Tier 1] High-Scale Ingestion VIP","PutSmall",1,0,216.093,214.300,1.790
"Tenant 2 [Tier 1] High-Scale Ingestion VIP","PutSmall",1,0,216.042,214.311,1.726
"Tenant 2 [Tier 1] High-Scale Ingestion VIP","GetSmall",1,0,216.990,215.529,1.457
"Tenant 2 [Tier 1] High-Scale Ingestion VIP","PutSmall",1,0,217.592,215.727,1.862
"Tenant 2 [Tier 1] High-Scale Ingestion VIP","PutSmall",1,0,218.311,216.493,1.805
"Tenant 2 [Tier 1] High-Scale Ingestion VIP","PutSmall",1,0,218.327,216.477,1.848
"Tenant 2 [Tier 1] High-Scale Ingestion VIP","PutSmall",1,0,219.622,217.784,1.833
"Tenant 2 [Tier 1] High-Scale Ingestion VIP","PutSmall",1,0,219.581,217.687,1.888
"Tenant 2 [Tier 1] High-Scale Ingestion VIP","GetSmall",1,0,217.451,215.945,1.498
"Tenant 2 [Tier 1] High-Scale Ingestion VIP","PutSmall",1,0,217.819,215.986,1.827
"Tenant 2 [Tier 1] High-Scale Ingestion VIP","GetSmall",1,0,217.644,216.195,1.443
"Tenant 2 [Tier 1] High-Scale Ingestion VIP","GetSmall",1,0,218.899,217.345,1.549
"Tenant 2 [Tier 1] High-Scale Ingestion VIP","PutSmall",1,0,218.817,217.023,1.789
"Tenant 2 [Tier 1] High-Scale Ingestion VIP","GetSmall",1,0,219.450,218.014,1.430
"Tenant 2 [Tier 1] High-Scale Ingestion VIP","PutSmall",1,0,221.066,219.259,1.789
"Tenant 2 [Tier 1] High-Scale Ingestion VIP","GetSmall",1,0,219.404,217.897,1.501
"Tenant 2 [Tier 1] High-Scale Ingestion VIP","GetSmall",1,0,219.464,217.939,1.510
"Tenant 2 [Tier 1] High-Scale Ingestion VIP","PutSmall",1,0,220.745,218.981,1.758
"Tenant 2 [Tier 1] High-Scale Ingestion VIP","PutSmall",1,0,220.212,218.320,1.880
"Tenant 2 [Tier 1] High-Scale Ingestion VIP","PutSmall",1,0,219.080,217.298,1.778
"Tenant 2 [Tier 1] High-Scale Ingestion VIP","PutSmall",1,0,217.936,216.155,1.775
"Tenant 2 [Tier 1] High-Scale Ingestion VIP","GetSmall",1,0,218.559,217.014,1.531
"Tenant 2 [Tier 1] High-Scale Ingestion VIP","PutSmall",1,0,218.598,216.726,1.859
"Tenant 2 [Tier 1] High-Scale Ingestion VIP","PutSmall",1,0,219.089,217.336,1.749
"Tenant 2 [Tier 1] High-Scale Ingestion VIP","PutSmall",1,0,219.122,217.321,1.797
"Tenant 2 [Tier 1] High-Scale Ingestion VIP","GetSmall",1,0,219.658,218.225,1.429
"Tenant 2 [Tier 1] High-Scale Ingestion VIP","PutSmall",1,0,219.985,218.268,1.712
"Tenant 2 [Tier 1] High-Scale Ingestion VIP","PutSmall",1,0,219.658,217.909,1.736
"Tenant 2 [Tier 1] High-Scale Ingestion VIP","PutSmall",1,0,220.154,218.390,1.758
"Tenant 2 [Tier 1] High-Scale Ingestion VIP","PutSmall",1,0,220.129,218.352,1.767
"Tenant 2 [Tier 1] High-Scale Ingestion VIP","PutSmall",0,-125,217.932,217.932,0.000
"Tenant 2 [Tier 1] High-Scale Ingestion VIP","PutSmall",0,-125,217.616,217.616,0.000
"Tenant 2 [Tier 1] High-Scale Ingestion VIP","PutSmall",0,-125,214.769,214.769,0.000
"Tenant 2 [Tier 1] High-Scale Ingestion VIP","PutSmall",0,-125,208.733,208.733,0.000
"Tenant 2 [Tier 1] High-Scale Ingestion VIP","PutSmall",1,0,221.747,219.869,1.823
"Tenant 2 [Tier 1] High-Scale Ingestion VIP","PutSmall",0,-125,189.441,189.441,0.000
"Tenant 2 [Tier 1] High-Scale Ingestion VIP","GetSmall",0,-125,186.114,186.114,0.000
"Tenant 2 [Tier 1] High-Scale Ingestion VIP","GetSmall",0,-125,173.911,173.911,0.000
"Tenant 2 [Tier 1] High-Scale Ingestion VIP","PutSmall",0,-125,112.979,112.979,0.000
"Tenant 2 [Tier 1] High-Scale Ingestion VIP","GetSmall",0,-125,103.078,103.078,0.000
"Tenant 2 [Tier 1] High-Scale Ingestion VIP","GetSmall",0,-125,100.543,100.543,0.000
"Tenant 2 [Tier 1] High-Scale Ingestion VIP","PutSmall",0,-125,95.747,95.747,0.000
"Tenant 2 [Tier 1] High-Scale Ingestion VIP","PutSmall",0,-125,93.552,93.552,0.000
"Tenant 2 [Tier 1] High-Scale Ingestion VIP","PutSmall",0,-125,90.935,90.935,0.000
"Tenant 2 [Tier 1] High-Scale Ingestion VIP","GetSmall",0,-125,87.753,87.753,0.000
"Tenant 2 [Tier 1] High-Scale Ingestion VIP","PutSmall",0,-125,78.516,78.516,0.000
"Tenant 2 [Tier 1] High-Scale Ingestion VIP","GetSmall",0,-125,77.615,77.615,0.000
"Tenant 2 [Tier 1] High-Scale Ingestion VIP","GetSmall",0,-125,77.643,77.643,0.000
"Tenant 2 [Tier 1] High-Scale Ingestion VIP","PutSmall",0,-125,71.747,71.747,0.000
"Tenant 2 [Tier 1] High-Scale Ingestion VIP","PutSmall",0,-125,71.666,71.666,0.000
"Tenant 2 [Tier 1] High-Scale Ingestion VIP","PutSmall",0,-125,64.551,64.551,0.000
"Tenant 2 [Tier 1] High-Scale Ingestion VIP","PutSmall",0,-125,62.259,62.259,0.000
"Tenant 2 [Tier 1] High-Scale Ingestion VIP","GetSmall",0,-125,62.262,62.262,0.000
"Tenant 2 [Tier 1] High-Scale Ingestion VIP","GetSmall",0,-125,59.842,59.842,0.000
"Tenant 2 [Tier 1] High-Scale Ingestion VIP","GetSmall",0,-125,57.670,57.670,0.000
"Tenant 2 [Tier 1] High-Scale Ingestion VIP","PutSmall",0,-125,52.545,52.545,0.000
"Tenant 2 [Tier 1] High-Scale Ingestion VIP","PutSmall",0,-125,52.186,52.186,0.000
"Tenant 2 [Tier 1] High-Scale Ingestion VIP","PutSmall",0,-125,46.772,46.772,0.000
"Tenant 2 [Tier 1] High-Scale Ingestion VIP","PutSmall",0,-125,46.559,46.559,0.000
"Tenant 2 [Tier 1] High-Scale Ingestion VIP","GetSmall",0,-125,45.046,45.046,0.000
"Tenant 2 [Tier 1] High-Scale Ingestion VIP","PutSmall",0,-125,44.977,44.977,0.000
"Tenant 2 [Tier 1] High-Scale Ingestion VIP","GetSmall",0,-125,43.219,43.219,0.000
"Tenant 2 [Tier 1] High-Scale Ingestion VIP","GetSmall",0,-125,39.402,39.402,0.000
"Tenant 2 [Tier 1] High-Scale Ingestion VIP","PutSmall",0,-125,38.455,38.455,0.000
"Tenant 2 [Tier 1] High-Scale Ingestion VIP","PutSmall",0,-125,36.711,36.711,0.000
"Tenant 2 [Tier 1] High-Scale Ingestion VIP","GetSmall",0,-125,35.745,35.745,0.000
"Tenant 2 [Tier 1] High-Scale Ingestion VIP","GetSmall",0,-125,32.518,32.518,0.000
"Tenant 2 [Tier 1] High-Scale Ingestion VIP","PutSmall",0,-125,28.348,28.348,0.000
"Tenant 2 [Tier 1] High-Scale Ingestion VIP","PutSmall",0,-125,28.321,28.321,0.000
"Tenant 2 [Tier 1] High-Scale Ingestion VIP","PutSmall",0,-125,27.037,27.037,0.000
"Tenant 2 [Tier 1] High-Scale Ingestion VIP","PutSmall",0,-125,26.985,26.985,0.000
"Tenant 2 [Tier 1] High-Scale Ingestion VIP","GetSmall",0,-125,24.620,24.620,0.000
"Tenant 2 [Tier 1] High-Scale Ingestion VIP","GetSmall",0,-125,24.299,24.299,0.000
"Tenant 2 [Tier 1] High-Scale Ingestion VIP","GetSmall",0,-125,21.925,21.925,0.000
"Tenant 2 [Tier 1] High-Scale Ingestion VIP","PutSmall",0,-125,21.825,21.825,0.000
"Tenant 2 [Tier 1] High-Scale Ingestion VIP","PutSmall",0,-125,20.678,20.678,0.000
"Tenant 2 [Tier 1] High-Scale Ingestion VIP","PutSmall",0,-125,19.237,19.237,0.000
"Tenant 2 [Tier 1] High-Scale Ingestion VIP","GetSmall",0,-125,16.080,16.080,0.000
"Tenant 2 [Tier 1] High-Scale Ingestion VIP","GetSmall",0,-125,17.617,17.617,0.000
"Tenant 2 [Tier 1] High-Scale Ingestion VIP","PutSmall",0,-125,16.057,16.057,0.000
"Tenant 2 [Tier 1] High-Scale Ingestion VIP","PutSmall",0,-125,14.722,14.722,0.000
"Tenant 2 [Tier 1] High-Scale Ingestion VIP","GetSmall",0,-125,14.595,14.595,0.000
"Tenant 2 [Tier 1] High-Scale Ingestion VIP","GetSmall",0,-125,12.930,12.930,0.000
"Tenant 2 [Tier 1] High-Scale Ingestion VIP","PutSmall",0,-125,11.545,11.545,0.000
"Tenant 2 [Tier 1] High-Scale Ingestion VIP","PutSmall",0,-125,9.981,9.981,0.000
"Tenant 2 [Tier 1] High-Scale Ingestion VIP","GetSmall",0,-125,8.399,8.399,0.000
"Tenant 2 [Tier 1] High-Scale Ingestion VIP","PutSmall",0,-125,6.708,6.708,0.000
"Tenant 2 [Tier 1] High-Scale Ingestion VIP","PutSmall",0,-125,5.764,5.764,0.000
"Tenant 2 [Tier 1] High-Scale Ingestion VIP","GetSmall",0,-125,2.735,2.735,0.000
"Tenant 2 [Tier 1] High-Scale Ingestion VIP","GetSmall",0,-125,6.678,6.678,0.000
"Tenant 2 [Tier 1] High-Scale Ingestion VIP","PutSmall",0,-125,2.780,2.780,0.000
"Tenant 2 [Tier 1] High-Scale Ingestion VIP","PutSmall",0,-125,6.096,6.096,0.000
"Tenant 2 [Tier 1] High-Scale Ingestion VIP","PutSmall",0,-125,5.782,5.782,0.000
"Tenant 2 [Tier 1] High-Scale Ingestion VIP","PutSmall",1,0,221.933,220.205,1.726
"Tenant 3 [Tier 2] Real-Time Web & Search","GetSmall",1,0,20.842,19.288,1.534
"Tenant 3 [Tier 2] Real-Time Web & Search","GetSmall",1,0,22.345,20.873,1.466
"Tenant 3 [Tier 2] Real-Time Web & Search","GetSmall",1,0,23.317,21.880,1.426
"Tenant 3 [Tier 2] Real-Time Web & Search","GetSmall",1,0,23.427,21.879,1.541
"Tenant 3 [Tier 2] Real-Time Web & Search","GetSmall",1,0,23.811,22.372,1.433
"Tenant 3 [Tier 2] Real-Time Web & Search","GetSmall",1,0,23.932,22.370,1.556
"Tenant 3 [Tier 2] Real-Time Web & Search","GetSmall",1,0,24.524,23.071,1.448
"Tenant 3 [Tier 2] Real-Time Web & Search","GetSmall",1,0,24.598,23.072,1.514
"Tenant 3 [Tier 2] Real-Time Web & Search","GetLarge",1,0,24.620,20.866,3.736
"Tenant 3 [Tier 2] Real-Time Web & Search","GetSmall",1,0,26.055,24.557,1.493
"Tenant 3 [Tier 2] Real-Time Web & Search","GetSmall",1,0,26.089,24.626,1.448
"Tenant 3 [Tier 2] Real-Time Web & Search","GetLarge",1,0,28.390,24.556,3.827
"Tenant 3 [Tier 2] Real-Time Web & Search","GetSmall",1,0,29.914,28.426,1.478
"Tenant 3 [Tier 2] Real-Time Web & Search","GetSmall",1,0,29.927,28.427,1.484
"Tenant 3 [Tier 2] Real-Time Web & Search","GetSmall",1,0,29.978,28.407,1.565
"Tenant 3 [Tier 2] Real-Time Web & Search","GetSmall",1,0,30.809,29.348,1.457
"Tenant 3 [Tier 2] Real-Time Web & Search","GetSmall",1,0,30.857,29.351,1.496
"Tenant 3 [Tier 2] Real-Time Web & Search","GetLarge",1,0,30.994,27.102,3.885
"Tenant 3 [Tier 2] Real-Time Web & Search","GetLarge",1,0,32.080,28.407,3.663
"Tenant 3 [Tier 2] Real-Time Web & Search","GetSmall",1,0,32.321,30.821,1.493
"Tenant 3 [Tier 2] Real-Time Web & Search","GetSmall",1,0,32.341,30.823,1.494
"Tenant 3 [Tier 2] Real-Time Web & Search","GetSmall",1,0,32.552,31.004,1.539
"Tenant 3 [Tier 2] Real-Time Web & Search","GetSmall",1,0,33.467,32.011,1.449
"Tenant 3 [Tier 2] Real-Time Web & Search","GetSmall",1,0,33.500,32.009,1.482
"Tenant 3 [Tier 2] Real-Time Web & Search","GetSmall",1,0,33.561,32.006,1.547
"Tenant 3 [Tier 2] Real-Time Web & Search","GetSmall",1,0,33.582,32.009,1.553
"Tenant 3 [Tier 2] Real-Time Web & Search","GetSmall",1,0,33.905,32.344,1.549
"Tenant 3 [Tier 2] Real-Time Web & Search","GetSmall",1,0,34.012,32.561,1.436
"Tenant 3 [Tier 2] Real-Time Web & Search","GetLarge",1,0,34.563,30.820,3.737
"Tenant 3 [Tier 2] Real-Time Web & Search","GetSmall",1,0,34.945,33.473,1.462
"Tenant 3 [Tier 2] Real-Time Web & Search","GetSmall",1,0,35.423,33.940,1.467
"Tenant 3 [Tier 2] Real-Time Web & Search","GetSmall",1,0,88.845,87.302,1.496
"Tenant 3 [Tier 2] Real-Time Web & Search","GetSmall",1,0,221.014,219.555,1.454
"Tenant 3 [Tier 2] Real-Time Web & Search","GetSmall",1,0,219.255,217.801,1.450
"Tenant 3 [Tier 2] Real-Time Web & Search","GetSmall",1,0,220.275,218.762,1.506
"Tenant 3 [Tier 2] Real-Time Web & Search","GetSmall",1,0,219.231,217.690,1.533
"Tenant 3 [Tier 2] Real-Time Web & Search","GetSmall",1,0,219.602,218.040,1.558
"Tenant 3 [Tier 2] Real-Time Web & Search","GetSmall",1,0,220.389,218.900,1.484
"Tenant 3 [Tier 2] Real-Time Web & Search","GetSmall",1,0,221.207,219.738,1.462
"Tenant 3 [Tier 2] Real-Time Web & Search","GetSmall",1,0,219.743,218.246,1.492
"Tenant 3 [Tier 2] Real-Time Web & Search","GetSmall",1,0,219.841,218.279,1.559
"Tenant 3 [Tier 2] Real-Time Web & Search","GetSmall",1,0,221.312,219.733,1.562
"Tenant 3 [Tier 2] Real-Time Web & Search","GetSmall",1,0,217.963,216.527,1.433
"Tenant 3 [Tier 2] Real-Time Web & Search","GetSmall",1,0,216.516,214.998,1.515
"Tenant 3 [Tier 2] Real-Time Web & Search","GetSmall",1,0,216.548,214.991,1.549
"Tenant 3 [Tier 2] Real-Time Web & Search","GetLarge",1,0,223.258,219.444,3.809
"Tenant 3 [Tier 2] Real-Time Web & Search","GetSmall",1,0,217.185,215.642,1.538
"Tenant 3 [Tier 2] Real-Time Web & Search","GetSmall",1,0,217.709,216.204,1.495
"Tenant 3 [Tier 2] Real-Time Web & Search","GetSmall",1,0,217.889,216.335,1.533
"Tenant 3 [Tier 2] Real-Time Web & Search","GetSmall",1,0,217.118,215.662,1.449
"Tenant 3 [Tier 2] Real-Time Web & Search","GetSmall",1,0,216.019,214.548,1.468
"Tenant 3 [Tier 2] Real-Time Web & Search","GetSmall",1,0,217.449,215.945,1.493
"Tenant 3 [Tier 2] Real-Time Web & Search","GetSmall",1,0,217.204,215.694,1.494
"Tenant 3 [Tier 2] Real-Time Web & Search","GetSmall",1,0,217.025,215.467,1.556
"Tenant 3 [Tier 2] Real-Time Web & Search","GetLarge",1,0,220.123,216.474,3.644
"Tenant 3 [Tier 2] Real-Time Web & Search","GetSmall",1,0,219.749,218.280,1.449
"Tenant 3 [Tier 2] Real-Time Web & Search","GetSmall",1,0,219.553,217.955,1.562
"Tenant 3 [Tier 2] Real-Time Web & Search","GetLarge",1,0,219.999,216.091,3.882
"Tenant 3 [Tier 2] Real-Time Web & Search","GetLarge",1,0,222.230,218.308,3.913
"Tenant 3 [Tier 2] Real-Time Web & Search","GetSmall",1,0,221.369,219.874,1.488
"Tenant 3 [Tier 2] Real-Time Web & Search","GetSmall",1,0,220.998,219.476,1.518
"Tenant 3 [Tier 2] Real-Time Web & Search","GetSmall",1,0,221.439,219.875,1.557
"Tenant 3 [Tier 2] Real-Time Web & Search","GetLarge",1,0,224.083,220.403,3.676
"Tenant 3 [Tier 2] Real-Time Web & Search","GetSmall",1,0,215.975,214.364,1.560
"Tenant 3 [Tier 2] Real-Time Web & Search","GetSmall",1,0,219.669,218.236,1.430
"Tenant 3 [Tier 2] Real-Time Web & Search","GetSmall",1,0,219.882,218.416,1.460
"Tenant 3 [Tier 2] Real-Time Web & Search","GetSmall",1,0,221.305,219.779,1.520
"Tenant 3 [Tier 2] Real-Time Web & Search","GetSmall",1,0,219.450,217.983,1.463
"Tenant 3 [Tier 2] Real-Time Web & Search","GetSmall",1,0,219.449,217.955,1.478
"Tenant 3 [Tier 2] Real-Time Web & Search","GetSmall",1,0,220.389,218.867,1.511
"Tenant 3 [Tier 2] Real-Time Web & Search","GetSmall",1,0,221.937,220.382,1.550
"Tenant 3 [Tier 2] Real-Time Web & Search","GetLarge",1,0,223.730,219.818,3.907
"Tenant 3 [Tier 2] Real-Time Web & Search","GetSmall",1,0,220.918,219.367,1.547
"Tenant 3 [Tier 2] Real-Time Web & Search","GetSmall",1,0,221.399,219.931,1.465
"Tenant 3 [Tier 2] Real-Time Web & Search","GetSmall",1,0,221.295,219.809,1.478
"Tenant 3 [Tier 2] Real-Time Web & Search","GetSmall",1,0,221.352,219.846,1.494
"Tenant 3 [Tier 2] Real-Time Web & Search","GetSmall",1,0,220.614,219.096,1.512
"Tenant 3 [Tier 2] Real-Time Web & Search","GetLarge",1,0,223.133,219.381,3.745
"Tenant 3 [Tier 2] Real-Time Web & Search","GetSmall",1,0,221.579,220.145,1.427
"Tenant 3 [Tier 2] Real-Time Web & Search","GetSmall",1,0,220.793,219.345,1.442
"Tenant 3 [Tier 2] Real-Time Web & Search","GetSmall",1,0,220.857,219.323,1.528
"Tenant 3 [Tier 2] Real-Time Web & Search","GetSmall",1,0,221.677,220.098,1.571
"Tenant 3 [Tier 2] Real-Time Web & Search","GetSmall",1,0,220.976,219.377,1.575
"Tenant 3 [Tier 2] Real-Time Web & Search","GetSmall",1,0,220.993,219.503,1.487
"Tenant 3 [Tier 2] Real-Time Web & Search","GetSmall",1,0,218.196,216.733,1.444
"Tenant 3 [Tier 2] Real-Time Web & Search","GetSmall",1,0,221.996,220.480,1.495
"Tenant 3 [Tier 2] Real-Time Web & Search","GetSmall",1,0,221.494,219.965,1.514
"Tenant 3 [Tier 2] Real-Time Web & Search","GetLarge",1,0,224.779,220.842,3.934
"Tenant 3 [Tier 2] Real-Time Web & Search","GetSmall",1,0,219.647,218.105,1.538
"Tenant 3 [Tier 2] Real-Time Web & Search","GetSmall",1,0,218.461,216.973,1.480
"Tenant 3 [Tier 2] Real-Time Web & Search","GetSmall",1,0,218.372,216.820,1.534
"Tenant 3 [Tier 2] Real-Time Web & Search","GetSmall",1,0,218.414,216.849,1.540
"Tenant 3 [Tier 2] Real-Time Web & Search","GetLarge",1,0,221.959,218.072,3.879
"Tenant 3 [Tier 2] Real-Time Web & Search","GetSmall",1,0,218.825,217.336,1.483
"Tenant 3 [Tier 2] Real-Time Web & Search","GetSmall",1,0,218.337,216.848,1.483
"Tenant 3 [Tier 2] Real-Time Web & Search","GetLarge",1,0,216.826,213.093,3.726
"Tenant 3 [Tier 2] Real-Time Web & Search","GetSmall",1,0,219.514,218.024,1.486
"Tenant 3 [Tier 2] Real-Time Web & Search","GetSmall",1,0,219.198,217.731,1.463
"Tenant 3 [Tier 2] Real-Time Web & Search","GetSmall",1,0,218.269,216.830,1.435
"Tenant 3 [Tier 2] Real-Time Web & Search","GetSmall",1,0,217.246,215.797,1.443
"Tenant 3 [Tier 2] Real-Time Web & Search","GetSmall",1,0,217.821,216.319,1.497
"Tenant 3 [Tier 2] Real-Time Web & Search","GetSmall",1,0,217.891,216.358,1.522
"Tenant 3 [Tier 2] Real-Time Web & Search","GetSmall",1,0,217.946,216.380,1.551
"Tenant 3 [Tier 2] Real-Time Web & Search","GetSmall",1,0,217.038,215.606,1.428
"Tenant 3 [Tier 2] Real-Time Web & Search","GetSmall",1,0,215.940,214.488,1.448
"Tenant 3 [Tier 2] Real-Time Web & Search","GetSmall",1,0,216.988,215.411,1.571
"Tenant 3 [Tier 2] Real-Time Web & Search","GetLarge",1,0,219.744,216.064,3.674
"Tenant 3 [Tier 2] Real-Time Web & Search","GetSmall",1,0,218.685,217.240,1.442
"Tenant 3 [Tier 2] Real-Time Web & Search","GetSmall",1,0,220.021,218.480,1.534
"Tenant 3 [Tier 2] Real-Time Web & Search","GetSmall",1,0,218.930,217.430,1.492
"Tenant 3 [Tier 2] Real-Time Web & Search","GetSmall",1,0,218.978,217.449,1.523
"Tenant 3 [Tier 2] Real-Time Web & Search","GetLarge",1,0,222.264,218.473,3.787
"Tenant 3 [Tier 2] Real-Time Web & Search","GetSmall",1,0,220.096,218.653,1.438
"Tenant 3 [Tier 2] Real-Time Web & Search","GetSmall",1,0,218.981,217.511,1.453
"Tenant 3 [Tier 2] Real-Time Web & Search","GetSmall",1,0,219.034,217.544,1.476
"Tenant 3 [Tier 2] Real-Time Web & Search","GetSmall",1,0,220.133,218.635,1.489
"Tenant 3 [Tier 2] Real-Time Web & Search","GetSmall",1,0,220.122,218.551,1.559
"Tenant 3 [Tier 2] Real-Time Web & Search","GetLarge",1,0,221.123,217.252,3.861
"Tenant 3 [Tier 2] Real-Time Web & Search","GetSmall",1,0,219.426,217.899,1.518
"Tenant 3 [Tier 2] Real-Time Web & Search","GetSmall",1,0,219.701,218.262,1.434
"Tenant 3 [Tier 2] Real-Time Web & Search","GetSmall",1,0,218.611,217.148,1.440
"Tenant 3 [Tier 2] Real-Time Web & Search","GetSmall",1,0,220.073,218.546,1.523
"Tenant 3 [Tier 2] Real-Time Web & Search","GetLarge",1,0,222.954,219.079,3.872
"Tenant 3 [Tier 2] Real-Time Web & Search","GetLarge",1,0,222.223,218.548,3.671
"Tenant 3 [Tier 2] Real-Time Web & Search","GetSmall",1,0,221.926,220.393,1.530
"Tenant 3 [Tier 2] Real-Time Web & Search","GetLarge",1,0,224.432,220.652,3.777
"Tenant 3 [Tier 2] Real-Time Web & Search","GetLarge",1,0,226.750,222.820,3.925
"Tenant 3 [Tier 2] Real-Time Web & Search","GetSmall",1,0,221.943,220.393,1.500
"Tenant 3 [Tier 2] Real-Time Web & Search","GetSmall",1,0,223.220,221.667,1.527
"Tenant 3 [Tier 2] Real-Time Web & Search","GetSmall",1,0,222.606,221.048,1.546
"Tenant 3 [Tier 2] Real-Time Web & Search","GetSmall",1,0,222.716,221.156,1.543
"Tenant 3 [Tier 2] Real-Time Web & Search","GetSmall",1,0,223.285,221.756,1.515
"Tenant 3 [Tier 2] Real-Time Web & Search","GetSmall",1,0,223.316,221.754,1.555
"Tenant 3 [Tier 2] Real-Time Web & Search","GetSmall",1,0,224.351,222.882,1.460
"Tenant 3 [Tier 2] Real-Time Web & Search","GetSmall",1,0,224.650,223.126,1.520
"Tenant 3 [Tier 2] Real-Time Web & Search","GetSmall",1,0,221.157,219.712,1.439
"Tenant 3 [Tier 2] Real-Time Web & Search","GetSmall",1,0,221.368,219.899,1.461
"Tenant 3 [Tier 2] Real-Time Web & Search","GetSmall",1,0,225.129,223.604,1.515
"Tenant 3 [Tier 2] Real-Time Web & Search","GetSmall",1,0,221.158,219.611,1.517
"Tenant 3 [Tier 2] Real-Time Web & Search","GetSmall",1,0,225.304,223.727,1.560
"Tenant 3 [Tier 2] Real-Time Web & Search","GetSmall",1,0,220.206,218.667,1.531
"Tenant 3 [Tier 2] Real-Time Web & Search","GetSmall",1,0,219.542,217.986,1.545
"Tenant 3 [Tier 2] Real-Time Web & Search","GetSmall",1,0,220.396,218.800,1.565
"Tenant 3 [Tier 2] Real-Time Web & Search","GetLarge",1,0,226.516,222.914,3.598
"Tenant 3 [Tier 2] Real-Time Web & Search","GetSmall",1,0,219.822,218.312,1.506
"Tenant 3 [Tier 2] Real-Time Web & Search","GetSmall",1,0,219.895,218.349,1.530
"Tenant 3 [Tier 2] Real-Time Web & Search","GetSmall",1,0,219.892,218.322,1.561
"Tenant 3 [Tier 2] Real-Time Web & Search","GetSmall",1,0,221.243,219.786,1.449
"Tenant 3 [Tier 2] Real-Time Web & Search","GetSmall",1,0,221.861,220.420,1.434
"Tenant 3 [Tier 2] Real-Time Web & Search","GetSmall",1,0,220.479,218.963,1.502
"Tenant 3 [Tier 2] Real-Time Web & Search","GetSmall",1,0,218.917,217.406,1.498
"Tenant 3 [Tier 2] Real-Time Web & Search","GetSmall",1,0,220.467,218.948,1.499
"Tenant 3 [Tier 2] Real-Time Web & Search","GetSmall",1,0,221.175,219.616,1.527
"Tenant 3 [Tier 2] Real-Time Web & Search","GetLarge",1,0,223.606,219.863,3.721
"Tenant 3 [Tier 2] Real-Time Web & Search","GetSmall",1,0,219.133,217.631,1.497
"Tenant 3 [Tier 2] Real-Time Web & Search","GetSmall",1,0,218.755,217.303,1.448
"Tenant 3 [Tier 2] Real-Time Web & Search","GetLarge",1,0,222.491,218.745,3.731
"Tenant 3 [Tier 2] Real-Time Web & Search","GetSmall",1,0,218.007,216.529,1.469
"Tenant 3 [Tier 2] Real-Time Web & Search","GetSmall",1,0,216.929,215.427,1.493
"Tenant 3 [Tier 2] Real-Time Web & Search","GetSmall",1,0,213.475,211.981,1.429
"Tenant 3 [Tier 2] Real-Time Web & Search","GetSmall",1,0,221.964,220.420,1.539
"Tenant 3 [Tier 2] Real-Time Web & Search","GetSmall",1,0,222.138,220.679,1.453
"Tenant 3 [Tier 2] Real-Time Web & Search","GetSmall",1,0,221.884,220.390,1.488
"Tenant 3 [Tier 2] Real-Time Web & Search","GetSmall",1,0,221.950,220.451,1.492
"Tenant 3 [Tier 2] Real-Time Web & Search","GetSmall",1,0,221.317,219.757,1.555
"Tenant 3 [Tier 2] Real-Time Web & Search","GetSmall",1,0,220.497,219.011,1.482
"Tenant 3 [Tier 2] Real-Time Web & Search","GetSmall",1,0,219.477,217.969,1.503
"Tenant 3 [Tier 2] Real-Time Web & Search","GetSmall",1,0,220.349,218.767,1.566
"Tenant 3 [Tier 2] Real-Time Web & Search","GetSmall",1,0,220.082,218.617,1.459
"Tenant 3 [Tier 2] Real-Time Web & Search","GetSmall",1,0,220.026,218.535,1.479
"Tenant 3 [Tier 2] Real-Time Web & Search","GetSmall",1,0,220.128,218.564,1.559
"Tenant 3 [Tier 2] Real-Time Web & Search","GetSmall",1,0,220.294,218.755,1.531
"Tenant 3 [Tier 2] Real-Time Web & Search","GetSmall",1,0,219.731,218.240,1.480
"Tenant 3 [Tier 2] Real-Time Web & Search","GetSmall",1,0,221.886,220.408,1.466
"Tenant 3 [Tier 2] Real-Time Web & Search","GetSmall",1,0,221.856,220.340,1.511
"Tenant 3 [Tier 2] Real-Time Web & Search","GetSmall",1,0,221.193,219.638,1.543
"Tenant 3 [Tier 2] Real-Time Web & Search","GetSmall",1,0,220.639,219.187,1.448
"Tenant 3 [Tier 2] Real-Time Web & Search","GetSmall",1,0,222.107,220.627,1.476
"Tenant 3 [Tier 2] Real-Time Web & Search","GetSmall",1,0,222.197,220.662,1.531
"Tenant 3 [Tier 2] Real-Time Web & Search","GetLarge",1,0,224.107,220.434,3.669
"Tenant 3 [Tier 2] Real-Time Web & Search","GetSmall",1,0,220.788,219.302,1.479
"Tenant 3 [Tier 2] Real-Time Web & Search","GetSmall",1,0,221.843,220.385,1.451
"Tenant 3 [Tier 2] Real-Time Web & Search","GetSmall",1,0,221.865,220.378,1.474
"Tenant 3 [Tier 2] Real-Time Web & Search","GetSmall",1,0,221.870,220.346,1.520
"Tenant 3 [Tier 2] Real-Time Web & Search","GetSmall",1,0,221.103,219.544,1.548
"Tenant 3 [Tier 2] Real-Time Web & Search","GetLarge",1,0,223.085,219.382,3.694
"Tenant 3 [Tier 2] Real-Time Web & Search","GetSmall",1,0,220.770,219.200,1.553
"Tenant 3 [Tier 2] Real-Time Web & Search","GetSmall",1,0,221.447,219.858,1.566
"Tenant 3 [Tier 2] Real-Time Web & Search","GetLarge",1,0,223.275,219.540,3.730
"Tenant 3 [Tier 2] Real-Time Web & Search","GetSmall",1,0,221.382,219.909,1.467
"Tenant 3 [Tier 2] Real-Time Web & Search","GetSmall",1,0,222.079,220.636,1.439
"Tenant 3 [Tier 2] Real-Time Web & Search","GetSmall",1,0,217.266,215.735,1.526
"Tenant 3 [Tier 2] Real-Time Web & Search","GetSmall",1,0,218.848,217.403,1.435
"Tenant 3 [Tier 2] Real-Time Web & Search","GetSmall",1,0,218.693,217.228,1.444
"Tenant 3 [Tier 2] Real-Time Web & Search","GetSmall",1,0,218.873,217.440,1.428
"Tenant 3 [Tier 2] Real-Time Web & Search","GetSmall",1,0,218.881,217.355,1.522
"Tenant 3 [Tier 2] Real-Time Web & Search","GetSmall",1,0,220.382,218.892,1.481
"Tenant 3 [Tier 2] Real-Time Web & Search","GetSmall",1,0,220.430,218.920,1.491
"Tenant 3 [Tier 2] Real-Time Web & Search","GetSmall",1,0,221.033,219.507,1.503
"Tenant 3 [Tier 2] Real-Time Web & Search","GetSmall",1,0,221.077,219.542,1.523
"Tenant 3 [Tier 2] Real-Time Web & Search","GetSmall",1,0,221.369,219.813,1.530
"Tenant 3 [Tier 2] Real-Time Web & Search","GetLarge",1,0,222.673,218.801,3.866
"Tenant 3 [Tier 2] Real-Time Web & Search","GetSmall",1,0,221.890,220.374,1.507
"Tenant 3 [Tier 2] Real-Time Web & Search","GetSmall",1,0,222.676,221.182,1.485
"Tenant 3 [Tier 2] Real-Time Web & Search","GetSmall",1,0,220.426,218.928,1.488
"Tenant 3 [Tier 2] Real-Time Web & Search","GetSmall",1,0,220.516,218.977,1.535
"Tenant 3 [Tier 2] Real-Time Web & Search","GetSmall",1,0,220.463,218.893,1.567
"Tenant 3 [Tier 2] Real-Time Web & Search","GetSmall",1,0,220.035,218.575,1.449
"Tenant 3 [Tier 2] Real-Time Web & Search","GetSmall",1,0,220.135,218.646,1.466
"Tenant 3 [Tier 2] Real-Time Web & Search","GetSmall",1,0,220.110,218.625,1.458
"Tenant 3 [Tier 2] Real-Time Web & Search","GetLarge",1,0,224.185,220.371,3.804
"Tenant 3 [Tier 2] Real-Time Web & Search","GetSmall",1,0,219.715,218.238,1.471
"Tenant 3 [Tier 2] Real-Time Web & Search","GetSmall",1,0,219.318,217.810,1.499
"Tenant 3 [Tier 2] Real-Time Web & Search","GetSmall",1,0,218.377,216.854,1.518
"Tenant 3 [Tier 2] Real-Time Web & Search","GetSmall",1,0,218.843,217.392,1.441
"Tenant 3 [Tier 2] Real-Time Web & Search","GetSmall",1,0,219.003,217.459,1.528
"Tenant 3 [Tier 2] Real-Time Web & Search","GetSmall",1,0,218.971,217.426,1.536
"Tenant 3 [Tier 2] Real-Time Web & Search","GetSmall",1,0,218.507,216.934,1.565
"Tenant 3 [Tier 2] Real-Time Web & Search","GetSmall",1,0,217.477,216.000,1.471
"Tenant 3 [Tier 2] Real-Time Web & Search","GetSmall",1,0,217.870,216.416,1.447
"Tenant 3 [Tier 2] Real-Time Web & Search","GetSmall",1,0,217.458,215.897,1.546
"Tenant 3 [Tier 2] Real-Time Web & Search","GetSmall",1,0,217.432,215.878,1.550
"Tenant 3 [Tier 2] Real-Time Web & Search","GetSmall",1,0,217.207,215.730,1.470
"Tenant 3 [Tier 2] Real-Time Web & Search","GetLarge",1,0,214.532,210.600,3.922
"Tenant 3 [Tier 2] Real-Time Web & Search","GetSmall",1,0,219.636,218.185,1.444
"Tenant 3 [Tier 2] Real-Time Web & Search","GetSmall",1,0,219.494,217.916,1.573
"Tenant 3 [Tier 2] Real-Time Web & Search","GetSmall",1,0,219.387,217.952,1.429
"Tenant 3 [Tier 2] Real-Time Web & Search","GetSmall",1,0,216.664,215.183,1.472
"Tenant 3 [Tier 2] Real-Time Web & Search","GetSmall",1,0,216.800,215.337,1.460
"Tenant 3 [Tier 2] Real-Time Web & Search","GetSmall",1,0,217.136,215.629,1.500
"Tenant 3 [Tier 2] Real-Time Web & Search","GetSmall",1,0,217.133,215.610,1.515
"Tenant 3 [Tier 2] Real-Time Web & Search","GetLarge",1,0,222.125,218.204,3.918
"Tenant 3 [Tier 2] Real-Time Web & Search","GetSmall",1,0,218.312,216.733,1.564
"Tenant 3 [Tier 2] Real-Time Web & Search","GetSmall",1,0,217.742,216.298,1.440
"Tenant 3 [Tier 2] Real-Time Web & Search","GetSmall",1,0,218.581,217.101,1.473
"Tenant 3 [Tier 2] Real-Time Web & Search","GetSmall",1,0,217.775,216.294,1.473
"Tenant 3 [Tier 2] Real-Time Web & Search","GetSmall",1,0,217.142,215.633,1.502
"Tenant 3 [Tier 2] Real-Time Web & Search","GetSmall",1,0,217.798,216.254,1.531
"Tenant 3 [Tier 2] Real-Time Web & Search","GetSmall",1,0,217.773,216.225,1.535
"Tenant 3 [Tier 2] Real-Time Web & Search","GetSmall",1,0,217.523,216.057,1.462
"Tenant 3 [Tier 2] Real-Time Web & Search","GetSmall",1,0,217.610,216.061,1.545
"Tenant 3 [Tier 2] Real-Time Web & Search","GetLarge",1,0,221.520,217.774,3.739
"Tenant 3 [Tier 2] Real-Time Web & Search","GetSmall",1,0,218.344,216.896,1.444
"Tenant 3 [Tier 2] Real-Time Web & Search","GetSmall",1,0,218.839,217.403,1.431
"Tenant 3 [Tier 2] Real-Time Web & Search","GetSmall",1,0,219.088,217.517,1.567
"Tenant 3 [Tier 2] Real-Time Web & Search","GetLarge",1,0,220.741,217.061,3.674
"Tenant 3 [Tier 2] Real-Time Web & Search","GetSmall",1,0,220.264,218.709,1.548
"Tenant 3 [Tier 2] Real-Time Web & Search","GetSmall",1,0,220.932,219.340,1.560
"Tenant 3 [Tier 2] Real-Time Web & Search","GetSmall",1,0,220.944,219.347,1.569
"Tenant 3 [Tier 2] Real-Time Web & Search","GetSmall",1,0,220.295,218.731,1.559
"Tenant 3 [Tier 2] Real-Time Web & Search","GetSmall",1,0,220.954,219.432,1.518
"Tenant 3 [Tier 2] Real-Time Web & Search","GetSmall",1,0,220.735,219.179,1.550
"Tenant 3 [Tier 2] Real-Time Web & Search","GetLarge",1,0,223.074,219.432,3.638
"Tenant 3 [Tier 2] Real-Time Web & Search","GetLarge",1,0,224.148,220.547,3.584
"Tenant 3 [Tier 2] Real-Time Web & Search","GetSmall",1,0,222.714,221.153,1.558
"Tenant 3 [Tier 2] Real-Time Web & Search","GetLarge",1,0,222.741,218.802,3.931
"Tenant 3 [Tier 2] Real-Time Web & Search","GetSmall",1,0,222.706,221.269,1.430
"Tenant 3 [Tier 2] Real-Time Web & Search","GetSmall",1,0,223.302,221.737,1.548
"Tenant 3 [Tier 2] Real-Time Web & Search","GetSmall",1,0,223.114,221.651,1.454
"Tenant 3 [Tier 2] Real-Time Web & Search","GetSmall",1,0,223.353,221.841,1.506
"Tenant 3 [Tier 2] Real-Time Web & Search","GetSmall",1,0,223.337,221.805,1.526
"Tenant 3 [Tier 2] Real-Time Web & Search","GetSmall",1,0,223.111,221.520,1.573
"Tenant 3 [Tier 2] Real-Time Web & Search","GetSmall",1,0,223.339,221.794,1.534
"Tenant 3 [Tier 2] Real-Time Web & Search","GetSmall",1,0,223.348,221.901,1.442
"Tenant 3 [Tier 2] Real-Time Web & Search","GetSmall",1,0,222.284,220.832,1.448
"Tenant 3 [Tier 2] Real-Time Web & Search","GetSmall",1,0,222.612,221.151,1.456
"Tenant 3 [Tier 2] Real-Time Web & Search","GetSmall",1,0,223.506,222.071,1.428
"Tenant 3 [Tier 2] Real-Time Web & Search","GetSmall",1,0,223.561,222.102,1.444
"Tenant 3 [Tier 2] Real-Time Web & Search","GetSmall",1,0,223.599,222.132,1.451
"Tenant 3 [Tier 2] Real-Time Web & Search","GetSmall",1,0,223.615,222.063,1.544
"Tenant 3 [Tier 2] Real-Time Web & Search","GetLarge",1,0,225.399,221.777,3.613
"Tenant 3 [Tier 2] Real-Time Web & Search","GetSmall",1,0,224.733,223.184,1.540
"Tenant 3 [Tier 2] Real-Time Web & Search","GetSmall",1,0,224.683,223.227,1.451
"Tenant 3 [Tier 2] Real-Time Web & Search","GetSmall",1,0,223.985,222.426,1.551
"Tenant 3 [Tier 2] Real-Time Web & Search","GetSmall",1,0,224.602,223.125,1.453
"Tenant 3 [Tier 2] Real-Time Web & Search","GetLarge",1,0,227.010,223.175,3.822
"Tenant 3 [Tier 2] Real-Time Web & Search","GetLarge",1,0,226.934,223.258,3.665
"Tenant 3 [Tier 2] Real-Time Web & Search","GetSmall",1,0,225.701,224.209,1.459
"Tenant 3 [Tier 2] Real-Time Web & Search","GetSmall",1,0,225.723,224.205,1.512
"Tenant 3 [Tier 2] Real-Time Web & Search","GetLarge",1,0,227.964,224.194,3.762
"Tenant 3 [Tier 2] Real-Time Web & Search","GetSmall",1,0,226.775,225.225,1.542
"Tenant 3 [Tier 2] Real-Time Web & Search","GetSmall",1,0,225.741,224.164,1.567
"Tenant 3 [Tier 2] Real-Time Web & Search","GetLarge",1,0,228.169,224.244,3.917
"Tenant 3 [Tier 2] Real-Time Web & Search","GetSmall",1,0,226.234,224.706,1.519
"Tenant 3 [Tier 2] Real-Time Web & Search","GetSmall",1,0,226.277,224.742,1.527
"Tenant 3 [Tier 2] Real-Time Web & Search","GetSmall",1,0,223.918,222.477,1.436
"Tenant 3 [Tier 2] Real-Time Web & Search","GetLarge",1,0,228.794,224.881,3.908
"Tenant 3 [Tier 2] Real-Time Web & Search","GetSmall",1,0,222.060,220.524,1.529
"Tenant 3 [Tier 2] Real-Time Web & Search","GetSmall",1,0,219.171,217.638,1.520
"Tenant 3 [Tier 2] Real-Time Web & Search","GetSmall",1,0,219.910,218.466,1.437
"Tenant 3 [Tier 2] Real-Time Web & Search","GetSmall",1,0,218.669,217.179,1.481
"Tenant 3 [Tier 2] Real-Time Web & Search","GetSmall",1,0,218.649,217.140,1.494
"Tenant 3 [Tier 2] Real-Time Web & Search","GetSmall",1,0,219.198,217.713,1.481
"Tenant 3 [Tier 2] Real-Time Web & Search","GetSmall",1,0,221.277,219.799,1.473
"Tenant 3 [Tier 2] Real-Time Web & Search","GetSmall",1,0,220.686,219.163,1.518
"Tenant 3 [Tier 2] Real-Time Web & Search","GetLarge",1,0,223.771,220.040,3.724
"Tenant 3 [Tier 2] Real-Time Web & Search","GetSmall",1,0,222.380,220.886,1.481
"Tenant 3 [Tier 2] Real-Time Web & Search","GetSmall",1,0,222.087,220.528,1.555
"Tenant 3 [Tier 2] Real-Time Web & Search","GetSmall",1,0,222.501,221.060,1.429
"Tenant 3 [Tier 2] Real-Time Web & Search","GetLarge",1,0,224.781,221.084,3.693
"Tenant 3 [Tier 2] Real-Time Web & Search","GetSmall",1,0,224.900,223.418,1.476
"Tenant 3 [Tier 2] Real-Time Web & Search","GetSmall",1,0,224.226,222.689,1.534
"Tenant 3 [Tier 2] Real-Time Web & Search","GetSmall",1,0,224.028,222.507,1.516
"Tenant 3 [Tier 2] Real-Time Web & Search","GetSmall",1,0,223.392,221.953,1.431
"Tenant 3 [Tier 2] Real-Time Web & Search","GetSmall",1,0,224.876,223.413,1.436
"Tenant 3 [Tier 2] Real-Time Web & Search","GetSmall",1,0,223.503,222.021,1.472
"Tenant 3 [Tier 2] Real-Time Web & Search","GetLarge",1,0,227.318,223.504,3.808
"Tenant 3 [Tier 2] Real-Time Web & Search","GetSmall",1,0,221.828,220.350,1.461
"Tenant 3 [Tier 2] Real-Time Web & Search","GetLarge",1,0,226.991,223.128,3.846
"Tenant 3 [Tier 2] Real-Time Web & Search","GetSmall",1,0,221.808,220.308,1.493
"Tenant 3 [Tier 2] Real-Time Web & Search","GetSmall",1,0,221.023,219.529,1.485
"Tenant 3 [Tier 2] Real-Time Web & Search","GetSmall",1,0,221.213,219.673,1.534
"Tenant 3 [Tier 2] Real-Time Web & Search","GetSmall",1,0,221.892,220.330,1.559
"Tenant 3 [Tier 2] Real-Time Web & Search","GetLarge",1,0,224.146,220.337,3.803
"Tenant 3 [Tier 2] Real-Time Web & Search","GetSmall",1,0,221.609,220.163,1.434
"Tenant 3 [Tier 2] Real-Time Web & Search","GetSmall",1,0,221.786,220.314,1.461
"Tenant 3 [Tier 2] Real-Time Web & Search","GetSmall",1,0,221.919,220.439,1.473
"Tenant 3 [Tier 2] Real-Time Web & Search","GetSmall",1,0,221.222,219.759,1.459
"Tenant 3 [Tier 2] Real-Time Web & Search","GetSmall",1,0,218.844,217.351,1.490
"Tenant 3 [Tier 2] Real-Time Web & Search","GetSmall",1,0,219.072,217.576,1.480
"Tenant 3 [Tier 2] Real-Time Web & Search","GetSmall",1,0,219.363,217.862,1.490
"Tenant 3 [Tier 2] Real-Time Web & Search","GetSmall",1,0,220.845,219.406,1.429
"Tenant 3 [Tier 2] Real-Time Web & Search","GetSmall",1,0,220.894,219.419,1.463
"Tenant 3 [Tier 2] Real-Time Web & Search","GetLarge",1,0,223.280,219.474,3.797
"Tenant 3 [Tier 2] Real-Time Web & Search","GetLarge",1,0,224.389,220.790,3.594
"Tenant 3 [Tier 2] Real-Time Web & Search","GetSmall",1,0,225.113,223.581,1.522
"Tenant 3 [Tier 2] Real-Time Web & Search","GetSmall",1,0,223.350,221.827,1.512
"Tenant 3 [Tier 2] Real-Time Web & Search","GetSmall",1,0,223.324,221.768,1.553
"Tenant 3 [Tier 2] Real-Time Web & Search","GetSmall",1,0,222.639,221.120,1.514
"Tenant 3 [Tier 2] Real-Time Web & Search","GetLarge",1,0,227.419,223.627,3.780
"Tenant 3 [Tier 2] Real-Time Web & Search","GetLarge",1,0,226.718,222.794,3.916
"Tenant 3 [Tier 2] Real-Time Web & Search","GetSmall",1,0,224.302,222.837,1.461
"Tenant 3 [Tier 2] Real-Time Web & Search","GetSmall",1,0,223.111,221.577,1.531
"Tenant 3 [Tier 2] Real-Time Web & Search","GetSmall",1,0,224.450,222.900,1.538
"Tenant 3 [Tier 2] Real-Time Web & Search","GetSmall",1,0,223.533,222.053,1.473
"Tenant 3 [Tier 2] Real-Time Web & Search","GetSmall",1,0,223.597,222.099,1.494
"Tenant 3 [Tier 2] Real-Time Web & Search","GetSmall",1,0,224.127,222.590,1.532
"Tenant 3 [Tier 2] Real-Time Web & Search","GetSmall",1,0,224.184,222.621,1.556
"Tenant 3 [Tier 2] Real-Time Web & Search","GetLarge",1,0,226.832,223.129,3.689
"Tenant 3 [Tier 2] Real-Time Web & Search","GetSmall",1,0,223.448,222.010,1.432
"Tenant 3 [Tier 2] Real-Time Web & Search","GetLarge",1,0,225.849,222.077,3.768
"Tenant 3 [Tier 2] Real-Time Web & Search","GetLarge",1,0,226.440,222.781,3.654
"Tenant 3 [Tier 2] Real-Time Web & Search","GetSmall",1,0,226.341,224.866,1.468
"Tenant 3 [Tier 2] Real-Time Web & Search","GetLarge",1,0,228.596,224.892,3.700
"Tenant 3 [Tier 2] Real-Time Web & Search","GetSmall",1,0,226.699,225.175,1.507
"Tenant 3 [Tier 2] Real-Time Web & Search","GetSmall",1,0,226.805,225.258,1.523
"Tenant 3 [Tier 2] Real-Time Web & Search","GetSmall",1,0,226.761,225.216,1.533
"Tenant 3 [Tier 2] Real-Time Web & Search","GetSmall",1,0,226.466,224.889,1.569
"Tenant 3 [Tier 2] Real-Time Web & Search","GetLarge",1,0,229.306,225.583,3.716
"Tenant 3 [Tier 2] Real-Time Web & Search","GetSmall",1,0,227.241,225.801,1.433
"Tenant 3 [Tier 2] Real-Time Web & Search","GetSmall",1,0,225.975,224.531,1.439
"Tenant 3 [Tier 2] Real-Time Web & Search","GetSmall",1,0,221.056,219.590,1.429
"Tenant 3 [Tier 2] Real-Time Web & Search","GetSmall",1,0,222.667,221.200,1.458
"Tenant 3 [Tier 2] Real-Time Web & Search","GetSmall",1,0,225.105,223.606,1.477
"Tenant 3 [Tier 2] Real-Time Web & Search","GetSmall",1,0,222.673,221.159,1.493
"Tenant 3 [Tier 2] Real-Time Web & Search","GetSmall",1,0,223.365,221.913,1.442
"Tenant 3 [Tier 2] Real-Time Web & Search","GetSmall",1,0,222.400,220.933,1.459
"Tenant 3 [Tier 2] Real-Time Web & Search","GetSmall",1,0,219.133,217.574,1.554
"Tenant 3 [Tier 2] Real-Time Web & Search","GetSmall",1,0,220.985,219.555,1.425
"Tenant 3 [Tier 2] Real-Time Web & Search","GetSmall",1,0,221.715,220.263,1.443
"Tenant 3 [Tier 2] Real-Time Web & Search","GetSmall",1,0,221.690,220.169,1.517
"Tenant 3 [Tier 2] Real-Time Web & Search","GetSmall",1,0,218.578,217.083,1.480
"Tenant 3 [Tier 2] Real-Time Web & Search","GetSmall",1,0,221.235,219.721,1.511
"Tenant 3 [Tier 2] Real-Time Web & Search","GetSmall",1,0,218.701,217.175,1.520
"Tenant 3 [Tier 2] Real-Time Web & Search","GetSmall",1,0,218.649,217.082,1.563
"Tenant 3 [Tier 2] Real-Time Web & Search","GetLarge",1,0,224.743,220.978,3.762
"Tenant 3 [Tier 2] Real-Time Web & Search","GetSmall",1,0,219.252,217.785,1.460
"Tenant 3 [Tier 2] Real-Time Web & Search","GetSmall",1,0,219.204,217.729,1.467
"Tenant 3 [Tier 2] Real-Time Web & Search","GetSmall",1,0,219.301,217.750,1.547
"Tenant 3 [Tier 2] Real-Time Web & Search","GetSmall",1,0,219.963,218.389,1.557
"Tenant 3 [Tier 2] Real-Time Web & Search","GetSmall",1,0,220.024,218.555,1.464
"Tenant 3 [Tier 2] Real-Time Web & Search","GetSmall",1,0,217.279,215.844,1.431
"Tenant 3 [Tier 2] Real-Time Web & Search","GetSmall",1,0,219.986,218.531,1.443
"Tenant 3 [Tier 2] Real-Time Web & Search","GetSmall",1,0,216.864,215.324,1.526
"Tenant 3 [Tier 2] Real-Time Web & Search","GetSmall",1,0,216.092,214.653,1.433
"Tenant 3 [Tier 2] Real-Time Web & Search","GetSmall",1,0,216.356,214.863,1.486
"Tenant 3 [Tier 2] Real-Time Web & Search","GetSmall",1,0,216.217,214.666,1.548
"Tenant 3 [Tier 2] Real-Time Web & Search","GetLarge",1,0,223.282,219.524,3.755
"Tenant 3 [Tier 2] Real-Time Web & Search","GetSmall",1,0,217.119,215.649,1.460
"Tenant 3 [Tier 2] Real-Time Web & Search","GetSmall",1,0,217.217,215.664,1.551
"Tenant 3 [Tier 2] Real-Time Web & Search","GetSmall",1,0,216.361,214.869,1.489
"Tenant 3 [Tier 2] Real-Time Web & Search","GetSmall",1,0,216.167,214.661,1.502
"Tenant 3 [Tier 2] Real-Time Web & Search","GetLarge",1,0,219.956,216.344,3.606
"Tenant 3 [Tier 2] Real-Time Web & Search","GetSmall",1,0,214.591,213.023,1.561
"Tenant 3 [Tier 2] Real-Time Web & Search","GetSmall",1,0,219.313,217.844,1.460
"Tenant 3 [Tier 2] Real-Time Web & Search","GetSmall",1,0,217.776,216.298,1.472
"Tenant 3 [Tier 2] Real-Time Web & Search","GetLarge",1,0,221.717,217.865,3.806
"Tenant 3 [Tier 2] Real-Time Web & Search","GetLarge",1,0,223.152,219.320,3.824
"Tenant 3 [Tier 2] Real-Time Web & Search","GetSmall",1,0,220.252,218.799,1.447
"Tenant 3 [Tier 2] Real-Time Web & Search","GetLarge",1,0,225.164,221.380,3.778
"Tenant 3 [Tier 2] Real-Time Web & Search","GetSmall",1,0,220.753,219.298,1.448
"Tenant 3 [Tier 2] Real-Time Web & Search","GetSmall",1,0,220.800,219.291,1.506
"Tenant 3 [Tier 2] Real-Time Web & Search","GetSmall",1,0,221.914,220.392,1.505
"Tenant 3 [Tier 2] Real-Time Web & Search","GetSmall",1,0,222.029,220.460,1.563
"Tenant 3 [Tier 2] Real-Time Web & Search","GetSmall",1,0,221.937,220.410,1.505
"Tenant 3 [Tier 2] Real-Time Web & Search","GetSmall",1,0,221.899,220.368,1.508
"Tenant 3 [Tier 2] Real-Time Web & Search","GetLarge",1,0,225.809,221.938,3.858
"Tenant 3 [Tier 2] Real-Time Web & Search","GetSmall",1,0,223.143,221.603,1.509
"Tenant 3 [Tier 2] Real-Time Web & Search","GetSmall",1,0,221.674,220.115,1.519
"Tenant 3 [Tier 2] Real-Time Web & Search","GetSmall",1,0,221.679,220.096,1.566
"Tenant 3 [Tier 2] Real-Time Web & Search","GetSmall",1,0,221.946,220.429,1.512
"Tenant 3 [Tier 2] Real-Time Web & Search","GetSmall",1,0,221.980,220.446,1.515
"Tenant 3 [Tier 2] Real-Time Web & Search","GetSmall",1,0,221.988,220.525,1.459
"Tenant 3 [Tier 2] Real-Time Web & Search","GetSmall",1,0,224.543,223.045,1.487
"Tenant 3 [Tier 2] Real-Time Web & Search","GetLarge",1,0,226.737,223.062,3.670
"Tenant 3 [Tier 2] Real-Time Web & Search","GetSmall",1,0,225.400,223.945,1.449
"Tenant 3 [Tier 2] Real-Time Web & Search","GetSmall",1,0,225.464,223.900,1.561
"Tenant 3 [Tier 2] Real-Time Web & Search","GetSmall",1,0,226.364,224.914,1.428
"Tenant 3 [Tier 2] Real-Time Web & Search","GetLarge",1,0,227.238,223.523,3.710
"Tenant 3 [Tier 2] Real-Time Web & Search","GetSmall",1,0,226.855,225.392,1.456
"Tenant 3 [Tier 2] Real-Time Web & Search","GetSmall",1,0,226.999,225.511,1.482
"Tenant 3 [Tier 2] Real-Time Web & Search","GetSmall",1,0,227.256,225.721,1.529
"Tenant 3 [Tier 2] Real-Time Web & Search","GetSmall",1,0,227.867,226.422,1.437
"Tenant 3 [Tier 2] Real-Time Web & Search","GetLarge",1,0,228.841,224.944,3.892
"Tenant 3 [Tier 2] Real-Time Web & Search","GetLarge",1,0,228.285,224.657,3.623
"Tenant 3 [Tier 2] Real-Time Web & Search","GetSmall",1,0,221.120,219.580,1.526
"Tenant 3 [Tier 2] Real-Time Web & Search","GetSmall",1,0,222.891,221.349,1.538
"Tenant 3 [Tier 2] Real-Time Web & Search","GetLarge",1,0,224.785,220.926,3.854
"Tenant 3 [Tier 2] Real-Time Web & Search","GetSmall",1,0,224.332,222.803,1.522
"Tenant 3 [Tier 2] Real-Time Web & Search","GetSmall",1,0,223.723,222.156,1.559
"Tenant 3 [Tier 2] Real-Time Web & Search","GetLarge",1,0,226.657,222.822,3.827
"Tenant 3 [Tier 2] Real-Time Web & Search","GetSmall",1,0,222.548,221.101,1.439
"Tenant 3 [Tier 2] Real-Time Web & Search","GetSmall",1,0,222.637,221.169,1.438
"Tenant 3 [Tier 2] Real-Time Web & Search","GetSmall",1,0,222.603,221.082,1.516
"Tenant 3 [Tier 2] Real-Time Web & Search","GetSmall",1,0,223.334,221.789,1.536
"Tenant 3 [Tier 2] Real-Time Web & Search","GetLarge",1,0,226.453,222.649,3.796
"Tenant 3 [Tier 2] Real-Time Web & Search","GetSmall",1,0,226.009,224.514,1.488
"Tenant 3 [Tier 2] Real-Time Web & Search","GetSmall",1,0,224.858,223.331,1.525
"Tenant 3 [Tier 2] Real-Time Web & Search","GetLarge",1,0,228.164,224.521,3.639
"Tenant 3 [Tier 2] Real-Time Web & Search","GetSmall",1,0,226.011,224.457,1.549
"Tenant 3 [Tier 2] Real-Time Web & Search","GetSmall",1,0,226.049,224.467,1.572
"Tenant 3 [Tier 2] Real-Time Web & Search","GetSmall",1,0,225.762,224.292,1.466
"Tenant 3 [Tier 2] Real-Time Web & Search","GetSmall",1,0,226.645,225.160,1.477
"Tenant 3 [Tier 2] Real-Time Web & Search","GetSmall",1,0,226.729,225.178,1.545
"Tenant 3 [Tier 2] Real-Time Web & Search","GetLarge",1,0,228.334,224.489,3.839
"Tenant 3 [Tier 2] Real-Time Web & Search","GetSmall",1,0,224.460,222.889,1.568
"Tenant 3 [Tier 2] Real-Time Web & Search","GetSmall",1,0,226.000,224.497,1.497
"Tenant 3 [Tier 2] Real-Time Web & Search","GetSmall",1,0,226.572,225.036,1.530
"Tenant 3 [Tier 2] Real-Time Web & Search","GetLarge",1,0,228.342,224.677,3.661
"Tenant 3 [Tier 2] Real-Time Web & Search","GetSmall",1,0,226.889,225.337,1.547
"Tenant 3 [Tier 2] Real-Time Web & Search","GetLarge",1,0,229.630,225.706,3.907
"Tenant 3 [Tier 2] Real-Time Web & Search","GetSmall",1,0,229.212,227.735,1.473
"Tenant 3 [Tier 2] Real-Time Web & Search","GetSmall",1,0,228.335,226.765,1.564
"Tenant 3 [Tier 2] Real-Time Web & Search","GetLarge",1,0,230.647,226.989,3.650
"Tenant 3 [Tier 2] Real-Time Web & Search","GetSmall",1,0,229.377,227.928,1.442
"Tenant 3 [Tier 2] Real-Time Web & Search","GetLarge",1,0,231.716,227.776,3.928
"Tenant 3 [Tier 2] Real-Time Web & Search","GetSmall",1,0,227.365,225.930,1.431
"Tenant 3 [Tier 2] Real-Time Web & Search","GetSmall",1,0,224.610,223.174,1.426
"Tenant 3 [Tier 2] Real-Time Web & Search","GetSmall",1,0,223.214,221.669,1.541
"Tenant 3 [Tier 2] Real-Time Web & Search","GetSmall",1,0,222.332,220.790,1.529
"Tenant 3 [Tier 2] Real-Time Web & Search","GetSmall",1,0,221.644,220.099,1.540
"Tenant 3 [Tier 2] Real-Time Web & Search","GetSmall",1,0,222.525,220.962,1.554
"Tenant 3 [Tier 2] Real-Time Web & Search","GetSmall",1,0,221.202,219.701,1.496
"Tenant 3 [Tier 2] Real-Time Web & Search","GetSmall",1,0,220.206,218.752,1.448
"Tenant 3 [Tier 2] Real-Time Web & Search","GetSmall",1,0,219.455,217.928,1.524
"Tenant 3 [Tier 2] Real-Time Web & Search","GetSmall",1,0,220.278,218.704,1.570
"Tenant 3 [Tier 2] Real-Time Web & Search","GetLarge",1,0,222.679,218.776,3.898
"Tenant 3 [Tier 2] Real-Time Web & Search","GetSmall",1,0,218.940,217.442,1.491
"Tenant 3 [Tier 2] Real-Time Web & Search","GetSmall",1,0,218.990,217.476,1.510
"Tenant 3 [Tier 2] Real-Time Web & Search","GetSmall",1,0,221.287,219.751,1.524
"Tenant 3 [Tier 2] Real-Time Web & Search","GetSmall",1,0,219.907,218.330,1.571
"Tenant 3 [Tier 2] Real-Time Web & Search","GetSmall",1,0,220.586,219.040,1.532
"Tenant 3 [Tier 2] Real-Time Web & Search","GetSmall",1,0,219.641,218.209,1.425
"Tenant 3 [Tier 2] Real-Time Web & Search","GetSmall",1,0,220.923,219.467,1.437
"Tenant 3 [Tier 2] Real-Time Web & Search","GetSmall",1,0,220.875,219.405,1.447
"Tenant 3 [Tier 2] Real-Time Web & Search","GetSmall",1,0,220.957,219.476,1.460
"Tenant 3 [Tier 2] Real-Time Web & Search","GetSmall",1,0,218.411,216.905,1.497
"Tenant 3 [Tier 2] Real-Time Web & Search","GetLarge",1,0,222.996,219.056,3.936
"Tenant 3 [Tier 2] Real-Time Web & Search","GetSmall",1,0,218.935,217.425,1.504
"Tenant 3 [Tier 2] Real-Time Web & Search","GetLarge",1,0,221.730,218.028,3.688
"Tenant 3 [Tier 2] Real-Time Web & Search","GetSmall",1,0,220.285,218.726,1.554
"Tenant 3 [Tier 2] Real-Time Web & Search","GetSmall",1,0,218.354,216.810,1.541
"Tenant 3 [Tier 2] Real-Time Web & Search","GetSmall",1,0,220.739,219.178,1.552
"Tenant 3 [Tier 2] Real-Time Web & Search","GetSmall",1,0,217.063,215.624,1.433
"Tenant 3 [Tier 2] Real-Time Web & Search","GetSmall",1,0,217.688,216.193,1.491
"Tenant 3 [Tier 2] Real-Time Web & Search","GetSmall",1,0,217.801,216.353,1.444
"Tenant 3 [Tier 2] Real-Time Web & Search","GetSmall",1,0,218.266,216.711,1.546
"Tenant 3 [Tier 2] Real-Time Web & Search","GetLarge",1,0,220.431,216.853,3.565
"Tenant 3 [Tier 2] Real-Time Web & Search","GetSmall",1,0,218.292,216.763,1.525
"Tenant 3 [Tier 2] Real-Time Web & Search","GetLarge",1,0,220.093,216.180,3.909
"Tenant 3 [Tier 2] Real-Time Web & Search","GetSmall",1,0,222.138,220.645,1.480
"Tenant 3 [Tier 2] Real-Time Web & Search","GetSmall",1,0,222.110,220.596,1.512
"Tenant 3 [Tier 2] Real-Time Web & Search","GetSmall",1,0,222.091,220.606,1.479
"Tenant 3 [Tier 2] Real-Time Web & Search","GetLarge",1,0,225.690,222.094,3.591
"Tenant 3 [Tier 2] Real-Time Web & Search","GetSmall",1,0,222.617,221.050,1.564
"Tenant 3 [Tier 2] Real-Time Web & Search","GetSmall",1,0,221.563,220.062,1.499
"Tenant 3 [Tier 2] Real-Time Web & Search","GetSmall",1,0,221.708,220.137,1.569
"Tenant 3 [Tier 2] Real-Time Web & Search","GetSmall",1,0,222.207,220.704,1.498
"Tenant 3 [Tier 2] Real-Time Web & Search","GetSmall",1,0,221.389,219.928,1.458
"Tenant 3 [Tier 2] Real-Time Web & Search","GetSmall",1,0,222.331,220.853,1.465
"Tenant 3 [Tier 2] Real-Time Web & Search","GetSmall",1,0,221.489,219.913,1.569
"Tenant 3 [Tier 2] Real-Time Web & Search","GetSmall",1,0,222.071,220.504,1.553
"Tenant 3 [Tier 2] Real-Time Web & Search","GetSmall",1,0,220.597,219.052,1.530
"Tenant 3 [Tier 2] Real-Time Web & Search","GetSmall",1,0,220.911,219.468,1.438
"Tenant 3 [Tier 2] Real-Time Web & Search","GetSmall",1,0,219.691,218.149,1.538
"Tenant 3 [Tier 2] Real-Time Web & Search","GetSmall",1,0,219.693,218.136,1.540
"Tenant 3 [Tier 2] Real-Time Web & Search","GetSmall",1,0,219.886,218.361,1.523
"Tenant 3 [Tier 2] Real-Time Web & Search","GetLarge",1,0,223.697,219.886,3.804
"Tenant 3 [Tier 2] Real-Time Web & Search","GetSmall",1,0,224.960,223.428,1.527
"Tenant 3 [Tier 2] Real-Time Web & Search","GetLarge",1,0,226.025,222.241,3.776
"Tenant 3 [Tier 2] Real-Time Web & Search","GetSmall",1,0,221.823,220.378,1.435
"Tenant 3 [Tier 2] Real-Time Web & Search","GetSmall",1,0,221.136,219.662,1.468
"Tenant 3 [Tier 2] Real-Time Web & Search","GetSmall",1,0,221.255,219.741,1.505
"Tenant 3 [Tier 2] Real-Time Web & Search","GetSmall",1,0,221.852,220.303,1.545
"Tenant 3 [Tier 2] Real-Time Web & Search","GetSmall",1,0,222.569,221.057,1.507
"Tenant 3 [Tier 2] Real-Time Web & Search","GetSmall",1,0,222.051,220.587,1.461
"Tenant 3 [Tier 2] Real-Time Web & Search","GetLarge",1,0,225.120,221.259,3.857
"Tenant 3 [Tier 2] Real-Time Web & Search","GetSmall",1,0,223.374,221.799,1.571
"Tenant 3 [Tier 2] Real-Time Web & Search","GetSmall",1,0,222.810,221.272,1.534
"Tenant 3 [Tier 2] Real-Time Web & Search","GetLarge",1,0,226.254,222.510,3.741
"Tenant 3 [Tier 2] Real-Time Web & Search","GetSmall",1,0,224.609,223.130,1.474
"Tenant 3 [Tier 2] Real-Time Web & Search","GetSmall",1,0,220.463,219.027,1.432
"Tenant 3 [Tier 2] Real-Time Web & Search","GetSmall",1,0,218.472,216.918,1.550
"Tenant 3 [Tier 2] Real-Time Web & Search","GetSmall",1,0,218.646,217.084,1.556
"Tenant 3 [Tier 2] Real-Time Web & Search","GetSmall",1,0,219.387,217.862,1.522
"Tenant 3 [Tier 2] Real-Time Web & Search","GetSmall",1,0,218.272,216.749,1.512
"Tenant 3 [Tier 2] Real-Time Web & Search","GetSmall",1,0,217.965,216.428,1.523
"Tenant 3 [Tier 2] Real-Time Web & Search","GetSmall",1,0,217.822,216.327,1.479
"Tenant 3 [Tier 2] Real-Time Web & Search","GetSmall",1,0,217.771,216.259,1.493
"Tenant 3 [Tier 2] Real-Time Web & Search","GetSmall",1,0,217.465,215.905,1.554
"Tenant 3 [Tier 2] Real-Time Web & Search","GetSmall",1,0,217.469,215.995,1.469
"Tenant 3 [Tier 2] Real-Time Web & Search","GetSmall",1,0,217.608,216.101,1.502
"Tenant 3 [Tier 2] Real-Time Web & Search","GetSmall",1,0,217.640,216.109,1.516
"Tenant 3 [Tier 2] Real-Time Web & Search","GetSmall",1,0,217.553,216.106,1.440
"Tenant 3 [Tier 2] Real-Time Web & Search","GetLarge",1,0,220.542,216.881,3.656
"Tenant 3 [Tier 2] Real-Time Web & Search","GetSmall",1,0,220.628,219.193,1.427
"Tenant 3 [Tier 2] Real-Time Web & Search","GetSmall",1,0,220.648,219.165,1.462
"Tenant 3 [Tier 2] Real-Time Web & Search","GetLarge",1,0,223.178,219.281,3.884
"Tenant 3 [Tier 2] Real-Time Web & Search","GetLarge",1,0,224.323,220.424,3.894
"Tenant 3 [Tier 2] Real-Time Web & Search","GetSmall",1,0,219.785,218.221,1.560
"Tenant 3 [Tier 2] Real-Time Web & Search","GetSmall",1,0,220.477,218.988,1.486
"Tenant 3 [Tier 2] Real-Time Web & Search","GetLarge",1,0,224.148,220.527,3.617
"Tenant 3 [Tier 2] Real-Time Web & Search","GetSmall",1,0,219.721,218.269,1.444
"Tenant 3 [Tier 2] Real-Time Web & Search","GetLarge",1,0,223.595,219.772,3.809
"Tenant 3 [Tier 2] Real-Time Web & Search","GetSmall",1,0,221.892,220.385,1.499
"Tenant 3 [Tier 2] Real-Time Web & Search","GetSmall",1,0,221.954,220.418,1.531
"Tenant 3 [Tier 2] Real-Time Web & Search","GetSmall",1,0,220.455,218.886,1.554
"Tenant 3 [Tier 2] Real-Time Web & Search","GetSmall",1,0,223.281,221.830,1.444
"Tenant 3 [Tier 2] Real-Time Web & Search","GetSmall",1,0,222.261,220.832,1.426
"Tenant 3 [Tier 2] Real-Time Web & Search","GetSmall",1,0,221.652,220.188,1.458
"Tenant 3 [Tier 2] Real-Time Web & Search","GetLarge",1,0,224.388,220.721,3.664
"Tenant 3 [Tier 2] Real-Time Web & Search","GetSmall",1,0,222.855,221.299,1.552
"Tenant 3 [Tier 2] Real-Time Web & Search","GetSmall",1,0,223.205,221.738,1.465
"Tenant 3 [Tier 2] Real-Time Web & Search","GetSmall",1,0,223.402,221.911,1.487
"Tenant 3 [Tier 2] Real-Time Web & Search","GetSmall",1,0,219.324,217.803,1.516
"Tenant 3 [Tier 2] Real-Time Web & Search","GetSmall",1,0,219.382,217.922,1.454
"Tenant 3 [Tier 2] Real-Time Web & Search","GetSmall",1,0,218.061,216.600,1.455
"Tenant 3 [Tier 2] Real-Time Web & Search","GetSmall",1,0,219.505,218.027,1.475
"Tenant 3 [Tier 2] Real-Time Web & Search","GetSmall",1,0,222.140,220.642,1.493
"Tenant 3 [Tier 2] Real-Time Web & Search","GetSmall",1,0,221.841,220.343,1.492
"Tenant 3 [Tier 2] Real-Time Web & Search","GetLarge",1,0,222.555,218.774,3.776
"Tenant 3 [Tier 2] Real-Time Web & Search","GetLarge",1,0,224.403,220.669,3.721
"Tenant 3 [Tier 2] Real-Time Web & Search","GetSmall",1,0,221.660,220.227,1.427
"Tenant 3 [Tier 2] Real-Time Web & Search","GetSmall",1,0,223.925,222.438,1.474
"Tenant 3 [Tier 2] Real-Time Web & Search","GetSmall",1,0,223.977,222.423,1.550
"Tenant 3 [Tier 2] Real-Time Web & Search","GetLarge",1,0,226.145,222.477,3.653
"Tenant 3 [Tier 2] Real-Time Web & Search","GetLarge",1,0,226.083,222.494,3.574
"Tenant 3 [Tier 2] Real-Time Web & Search","GetLarge",1,0,225.662,221.891,3.768
"Tenant 3 [Tier 2] Real-Time Web & Search","GetLarge",1,0,226.738,222.838,3.892
"Tenant 3 [Tier 2] Real-Time Web & Search","GetSmall",1,0,221.874,220.411,1.460
"Tenant 3 [Tier 2] Real-Time Web & Search","GetSmall",1,0,224.383,222.898,1.480
"Tenant 3 [Tier 2] Real-Time Web & Search","GetSmall",1,0,222.816,221.314,1.487
"Tenant 3 [Tier 2] Real-Time Web & Search","GetLarge",1,0,227.962,224.356,3.599
"Tenant 3 [Tier 2] Real-Time Web & Search","GetSmall",1,0,224.176,222.602,1.569
"Tenant 3 [Tier 2] Real-Time Web & Search","GetSmall",1,0,222.326,220.867,1.455
"Tenant 3 [Tier 2] Real-Time Web & Search","GetSmall",1,0,224.716,223.240,1.470
"Tenant 3 [Tier 2] Real-Time Web & Search","GetSmall",1,0,221.131,219.633,1.481
"Tenant 3 [Tier 2] Real-Time Web & Search","GetSmall",1,0,221.147,219.608,1.536
"Tenant 3 [Tier 2] Real-Time Web & Search","GetSmall",1,0,220.170,218.616,1.552
"Tenant 3 [Tier 2] Real-Time Web & Search","GetLarge",1,0,225.515,221.641,3.871
"Tenant 3 [Tier 2] Real-Time Web & Search","GetSmall",1,0,222.616,221.183,1.429
"Tenant 3 [Tier 2] Real-Time Web & Search","GetSmall",1,0,222.656,221.144,1.507
"Tenant 3 [Tier 2] Real-Time Web & Search","GetSmall",1,0,221.989,220.499,1.486
"Tenant 3 [Tier 2] Real-Time Web & Search","GetSmall",1,0,220.904,219.336,1.565
"Tenant 3 [Tier 2] Real-Time Web & Search","GetSmall",1,0,220.830,219.308,1.516
"Tenant 3 [Tier 2] Real-Time Web & Search","GetLarge",1,0,227.989,224.199,3.774
"Tenant 3 [Tier 2] Real-Time Web & Search","GetSmall",1,0,224.472,222.947,1.520
"Tenant 3 [Tier 2] Real-Time Web & Search","GetSmall",1,0,226.325,224.824,1.495
"Tenant 3 [Tier 2] Real-Time Web & Search","GetLarge",1,0,228.602,224.827,3.771
"Tenant 3 [Tier 2] Real-Time Web & Search","GetSmall",1,0,224.912,223.425,1.484
"Tenant 3 [Tier 2] Real-Time Web & Search","GetSmall",1,0,224.959,223.502,1.445
"Tenant 3 [Tier 2] Real-Time Web & Search","GetSmall",1,0,225.003,223.486,1.500
"Tenant 3 [Tier 2] Real-Time Web & Search","GetSmall",1,0,224.247,222.753,1.488
"Tenant 3 [Tier 2] Real-Time Web & Search","GetSmall",1,0,223.363,221.822,1.538
"Tenant 3 [Tier 2] Real-Time Web & Search","GetLarge",1,0,228.452,224.694,3.753
"Tenant 3 [Tier 2] Real-Time Web & Search","GetSmall",1,0,223.989,222.531,1.455
"Tenant 3 [Tier 2] Real-Time Web & Search","GetLarge",1,0,225.753,221.864,3.885
"Tenant 3 [Tier 2] Real-Time Web & Search","GetSmall",1,0,221.245,219.761,1.471
"Tenant 3 [Tier 2] Real-Time Web & Search","GetSmall",1,0,224.896,223.375,1.517
"Tenant 3 [Tier 2] Real-Time Web & Search","GetSmall",1,0,221.161,219.708,1.447
"Tenant 3 [Tier 2] Real-Time Web & Search","GetSmall",1,0,220.113,218.596,1.513
"Tenant 3 [Tier 2] Real-Time Web & Search","GetSmall",1,0,220.102,218.601,1.496
"Tenant 3 [Tier 2] Real-Time Web & Search","GetSmall",1,0,220.721,219.158,1.557
"Tenant 3 [Tier 2] Real-Time Web & Search","GetLarge",1,0,222.297,218.636,3.658
"Tenant 3 [Tier 2] Real-Time Web & Search","GetSmall",1,0,222.704,221.233,1.454
"Tenant 3 [Tier 2] Real-Time Web & Search","GetSmall",1,0,221.814,220.308,1.480
"Tenant 3 [Tier 2] Real-Time Web & Search","GetSmall",1,0,221.849,220.294,1.544
"Tenant 3 [Tier 2] Real-Time Web & Search","GetSmall",1,0,223.199,221.742,1.448
"Tenant 3 [Tier 2] Real-Time Web & Search","GetLarge",1,0,226.143,222.551,3.589
"Tenant 3 [Tier 2] Real-Time Web & Search","GetLarge",1,0,225.426,221.787,3.632
"Tenant 3 [Tier 2] Real-Time Web & Search","GetSmall",1,0,224.242,222.721,1.517
"Tenant 3 [Tier 2] Real-Time Web & Search","GetSmall",1,0,221.948,220.403,1.530
"Tenant 3 [Tier 2] Real-Time Web & Search","GetSmall",1,0,221.257,219.743,1.510
"Tenant 3 [Tier 2] Real-Time Web & Search","GetSmall",1,0,222.107,220.598,1.505
"Tenant 3 [Tier 2] Real-Time Web & Search","GetSmall",1,0,222.015,220.512,1.491
"Tenant 3 [Tier 2] Real-Time Web & Search","GetSmall",1,0,221.634,220.170,1.461
"Tenant 3 [Tier 2] Real-Time Web & Search","GetSmall",1,0,221.052,219.527,1.519
"Tenant 3 [Tier 2] Real-Time Web & Search","GetSmall",1,0,219.349,217.918,1.429
"Tenant 3 [Tier 2] Real-Time Web & Search","GetSmall",1,0,222.300,220.742,1.546
"Tenant 3 [Tier 2] Real-Time Web & Search","GetSmall",1,0,218.793,217.312,1.478
"Tenant 3 [Tier 2] Real-Time Web & Search","GetSmall",1,0,218.369,216.930,1.432
"Tenant 3 [Tier 2] Real-Time Web & Search","GetSmall",1,0,219.245,217.808,1.431
"Tenant 3 [Tier 2] Real-Time Web & Search","GetSmall",1,0,218.063,216.598,1.461
"Tenant 3 [Tier 2] Real-Time Web & Search","GetSmall",1,0,218.241,216.658,1.572
"Tenant 3 [Tier 2] Real-Time Web & Search","GetSmall",1,0,217.707,216.257,1.438
"Tenant 3 [Tier 2] Real-Time Web & Search","GetSmall",1,0,217.243,215.715,1.517
"Tenant 3 [Tier 2] Real-Time Web & Search","GetSmall",1,0,217.721,216.155,1.548
"Tenant 3 [Tier 2] Real-Time Web & Search","GetSmall",1,0,214.919,213.489,1.425
"Tenant 3 [Tier 2] Real-Time Web & Search","GetSmall",1,0,216.283,214.815,1.450
"Tenant 3 [Tier 2] Real-Time Web & Search","GetSmall",1,0,217.981,216.455,1.520
"Tenant 3 [Tier 2] Real-Time Web & Search","GetSmall",1,0,214.975,213.456,1.510
"Tenant 3 [Tier 2] Real-Time Web & Search","GetSmall",1,0,212.578,211.008,1.567
"Tenant 3 [Tier 2] Real-Time Web & Search","GetSmall",1,0,213.022,211.490,1.527
"Tenant 3 [Tier 2] Real-Time Web & Search","GetSmall",1,0,213.569,212.118,1.445
"Tenant 3 [Tier 2] Real-Time Web & Search","GetSmall",1,0,214.232,212.747,1.483
"Tenant 3 [Tier 2] Real-Time Web & Search","GetSmall",1,0,212.392,210.936,1.451
"Tenant 3 [Tier 2] Real-Time Web & Search","GetSmall",1,0,216.283,214.809,1.471
"Tenant 3 [Tier 2] Real-Time Web & Search","GetSmall",1,0,212.381,210.846,1.532
"Tenant 3 [Tier 2] Real-Time Web & Search","GetSmall",1,0,212.446,210.893,1.545
"Tenant 3 [Tier 2] Real-Time Web & Search","GetSmall",1,0,213.655,212.128,1.524
"Tenant 3 [Tier 2] Real-Time Web & Search","GetSmall",1,0,212.959,211.496,1.458
"Tenant 3 [Tier 2] Real-Time Web & Search","GetSmall",1,0,212.416,210.874,1.539
"Tenant 3 [Tier 2] Real-Time Web & Search","GetSmall",1,0,212.893,211.401,1.489
"Tenant 3 [Tier 2] Real-Time Web & Search","GetSmall",1,0,213.508,211.960,1.538
"Tenant 3 [Tier 2] Real-Time Web & Search","GetLarge",1,0,216.744,213.058,3.682
"Tenant 3 [Tier 2] Real-Time Web & Search","GetLarge",1,0,215.831,211.929,3.896
"Tenant 3 [Tier 2] Real-Time Web & Search","GetSmall",1,0,214.302,212.857,1.440
"Tenant 3 [Tier 2] Real-Time Web & Search","GetSmall",1,0,214.090,212.639,1.448
"Tenant 3 [Tier 2] Real-Time Web & Search","GetSmall",1,0,214.282,212.808,1.471
"Tenant 3 [Tier 2] Real-Time Web & Search","GetLarge",1,0,219.628,215.743,3.880
"Tenant 3 [Tier 2] Real-Time Web & Search","GetSmall",1,0,214.605,213.150,1.449
"Tenant 3 [Tier 2] Real-Time Web & Search","GetSmall",1,0,214.810,213.333,1.472
"Tenant 3 [Tier 2] Real-Time Web & Search","GetSmall",1,0,213.002,211.487,1.511
"Tenant 3 [Tier 2] Real-Time Web & Search","GetSmall",1,0,214.731,213.261,1.465
"Tenant 3 [Tier 2] Real-Time Web & Search","GetSmall",1,0,214.632,213.163,1.461
"Tenant 3 [Tier 2] Real-Time Web & Search","GetSmall",1,0,213.113,211.625,1.480
"Tenant 3 [Tier 2] Real-Time Web & Search","GetSmall",1,0,215.667,214.162,1.497
"Tenant 3 [Tier 2] Real-Time Web & Search","GetSmall",1,0,213.114,211.598,1.503
"Tenant 3 [Tier 2] Real-Time Web & Search","GetSmall",1,0,215.842,214.278,1.559
"Tenant 3 [Tier 2] Real-Time Web & Search","GetLarge",1,0,218.821,215.107,3.707
"Tenant 3 [Tier 2] Real-Time Web & Search","GetSmall",1,0,219.031,217.487,1.541
"Tenant 3 [Tier 2] Real-Time Web & Search","GetLarge",1,0,220.475,216.562,3.903
"Tenant 3 [Tier 2] Real-Time Web & Search","GetSmall",1,0,220.797,219.272,1.516
"Tenant 3 [Tier 2] Real-Time Web & Search","GetLarge",1,0,221.386,217.493,3.879
"Tenant 3 [Tier 2] Real-Time Web & Search","GetLarge",1,0,223.367,219.779,3.583
"Tenant 3 [Tier 2] Real-Time Web & Search","GetSmall",1,0,221.160,219.721,1.435
"Tenant 3 [Tier 2] Real-Time Web & Search","GetLarge",1,0,224.969,221.151,3.813
"Tenant 3 [Tier 2] Real-Time Web & Search","GetSmall",1,0,220.879,219.363,1.511
"Tenant 3 [Tier 2] Real-Time Web & Search","GetSmall",1,0,221.327,219.853,1.469
"Tenant 3 [Tier 2] Real-Time Web & Search","GetSmall",1,0,221.305,219.795,1.505
"Tenant 3 [Tier 2] Real-Time Web & Search","GetSmall",1,0,222.144,220.691,1.451
"Tenant 3 [Tier 2] Real-Time Web & Search","GetSmall",1,0,221.005,219.482,1.517
"Tenant 3 [Tier 2] Real-Time Web & Search","GetSmall",1,0,221.356,219.903,1.446
"Tenant 3 [Tier 2] Real-Time Web & Search","GetSmall",1,0,221.183,219.618,1.561
"Tenant 3 [Tier 2] Real-Time Web & Search","GetLarge",1,0,224.073,220.302,3.765
"Tenant 3 [Tier 2] Real-Time Web & Search","GetSmall",1,0,223.085,221.626,1.454
"Tenant 3 [Tier 2] Real-Time Web & Search","GetSmall",1,0,223.876,222.332,1.539
"Tenant 3 [Tier 2] Real-Time Web & Search","GetSmall",1,0,220.466,218.952,1.508
"Tenant 3 [Tier 2] Real-Time Web & Search","GetSmall",1,0,221.108,219.595,1.508
"Tenant 3 [Tier 2] Real-Time Web & Search","GetLarge",1,0,224.140,220.304,3.832
"Tenant 3 [Tier 2] Real-Time Web & Search","GetLarge",1,0,225.305,221.584,3.715
"Tenant 3 [Tier 2] Real-Time Web & Search","GetSmall",1,0,221.235,219.746,1.480
"Tenant 3 [Tier 2] Real-Time Web & Search","GetSmall",1,0,222.173,220.722,1.442
"Tenant 3 [Tier 2] Real-Time Web & Search","GetSmall",1,0,223.580,222.049,1.524
"Tenant 3 [Tier 2] Real-Time Web & Search","GetLarge",1,0,225.675,222.092,3.570
"Tenant 3 [Tier 2] Real-Time Web & Search","GetSmall",1,0,223.580,222.051,1.524
"Tenant 3 [Tier 2] Real-Time Web & Search","GetSmall",1,0,221.240,219.805,1.429
"Tenant 3 [Tier 2] Real-Time Web & Search","GetSmall",1,0,221.239,219.775,1.462
"Tenant 3 [Tier 2] Real-Time Web & Search","GetSmall",1,0,221.349,219.810,1.536
"Tenant 3 [Tier 2] Real-Time Web & Search","GetSmall",1,0,221.800,220.344,1.451
"Tenant 3 [Tier 2] Real-Time Web & Search","GetSmall",1,0,221.788,220.313,1.471
"Tenant 3 [Tier 2] Real-Time Web & Search","GetSmall",1,0,220.356,218.905,1.436
"Tenant 3 [Tier 2] Real-Time Web & Search","GetSmall",1,0,221.768,220.295,1.448
"Tenant 3 [Tier 2] Real-Time Web & Search","GetSmall",1,0,222.120,220.590,1.526
"Tenant 3 [Tier 2] Real-Time Web & Search","GetSmall",1,0,220.885,219.421,1.445
"Tenant 3 [Tier 2] Real-Time Web & Search","GetSmall",1,0,220.980,219.444,1.533
"Tenant 3 [Tier 2] Real-Time Web & Search","GetSmall",1,0,219.384,217.825,1.554
"Tenant 3 [Tier 2] Real-Time Web & Search","GetLarge",1,0,222.534,218.827,3.701
"Tenant 3 [Tier 2] Real-Time Web & Search","GetLarge",1,0,222.384,218.486,3.886
"Tenant 3 [Tier 2] Real-Time Web & Search","GetSmall",1,0,222.625,221.122,1.495
"Tenant 3 [Tier 2] Real-Time Web & Search","GetLarge",1,0,223.729,219.822,3.904
"Tenant 3 [Tier 2] Real-Time Web & Search","GetSmall",1,0,220.857,219.398,1.448
"Tenant 3 [Tier 2] Real-Time Web & Search","GetSmall",1,0,222.429,220.940,1.479
"Tenant 3 [Tier 2] Real-Time Web & Search","GetLarge",1,0,225.047,221.159,3.884
"Tenant 3 [Tier 2] Real-Time Web & Search","GetSmall",1,0,221.554,220.025,1.521
"Tenant 3 [Tier 2] Real-Time Web & Search","GetSmall",1,0,223.867,222.409,1.455
"Tenant 3 [Tier 2] Real-Time Web & Search","GetSmall",1,0,222.734,221.204,1.525
"Tenant 3 [Tier 2] Real-Time Web & Search","GetSmall",1,0,222.664,221.103,1.548
"Tenant 3 [Tier 2] Real-Time Web & Search","GetSmall",1,0,222.319,220.741,1.564
"Tenant 3 [Tier 2] Real-Time Web & Search","GetLarge",1,0,226.182,222.433,3.745
"Tenant 3 [Tier 2] Real-Time Web & Search","GetSmall",1,0,224.885,223.367,1.511
"Tenant 3 [Tier 2] Real-Time Web & Search","GetSmall",1,0,222.335,220.853,1.479
"Tenant 3 [Tier 2] Real-Time Web & Search","GetLarge",1,0,227.748,224.156,3.587
"Tenant 3 [Tier 2] Real-Time Web & Search","GetLarge",1,0,225.387,221.549,3.831
"Tenant 3 [Tier 2] Real-Time Web & Search","GetSmall",1,0,223.539,222.061,1.471
"Tenant 3 [Tier 2] Real-Time Web & Search","GetSmall",1,0,222.285,220.711,1.570
"Tenant 3 [Tier 2] Real-Time Web & Search","GetSmall",1,0,222.112,220.601,1.505
"Tenant 3 [Tier 2] Real-Time Web & Search","GetSmall",1,0,222.967,221.413,1.548
"Tenant 3 [Tier 2] Real-Time Web & Search","GetSmall",1,0,221.951,220.431,1.515
"Tenant 3 [Tier 2] Real-Time Web & Search","GetSmall",1,0,222.980,221.458,1.516
"Tenant 3 [Tier 2] Real-Time Web & Search","GetSmall",1,0,223.855,222.417,1.433
"Tenant 3 [Tier 2] Real-Time Web & Search","GetSmall",1,0,223.930,222.399,1.526
"Tenant 3 [Tier 2] Real-Time Web & Search","GetLarge",1,0,225.836,222.251,3.578
"Tenant 3 [Tier 2] Real-Time Web & Search","GetSmall",1,0,223.386,221.888,1.491
"Tenant 3 [Tier 2] Real-Time Web & Search","GetSmall",1,0,223.357,221.836,1.515
"Tenant 3 [Tier 2] Real-Time Web & Search","GetLarge",1,0,225.738,221.913,3.819
"Tenant 3 [Tier 2] Real-Time Web & Search","GetSmall",1,0,224.836,223.344,1.480
"Tenant 3 [Tier 2] Real-Time Web & Search","GetSmall",1,0,224.810,223.274,1.528
"Tenant 3 [Tier 2] Real-Time Web & Search","GetSmall",1,0,226.356,224.846,1.501
"Tenant 3 [Tier 2] Real-Time Web & Search","GetSmall",1,0,224.276,222.712,1.555
"Tenant 3 [Tier 2] Real-Time Web & Search","GetSmall",1,0,222.415,220.930,1.475
"Tenant 3 [Tier 2] Real-Time Web & Search","GetSmall",1,0,222.671,221.234,1.432
"Tenant 3 [Tier 2] Real-Time Web & Search","GetSmall",1,0,222.039,220.578,1.439
"Tenant 3 [Tier 2] Real-Time Web & Search","GetSmall",1,0,220.332,218.850,1.451
"Tenant 3 [Tier 2] Real-Time Web & Search","GetSmall",1,0,222.114,220.621,1.486
"Tenant 3 [Tier 2] Real-Time Web & Search","GetSmall",1,0,222.146,220.634,1.494
"Tenant 3 [Tier 2] Real-Time Web & Search","GetSmall",1,0,219.591,218.041,1.547
"Tenant 3 [Tier 2] Real-Time Web & Search","GetSmall",1,0,219.130,217.691,1.434
"Tenant 3 [Tier 2] Real-Time Web & Search","GetSmall",1,0,218.545,217.112,1.428
"Tenant 3 [Tier 2] Real-Time Web & Search","GetSmall",1,0,218.568,217.095,1.451
"Tenant 3 [Tier 2] Real-Time Web & Search","GetSmall",1,0,217.153,215.677,1.457
"Tenant 3 [Tier 2] Real-Time Web & Search","GetSmall",1,0,219.712,218.273,1.427
"Tenant 3 [Tier 2] Real-Time Web & Search","GetSmall",1,0,217.008,215.448,1.555
"Tenant 3 [Tier 2] Real-Time Web & Search","GetSmall",1,0,220.415,218.867,1.535
"Tenant 3 [Tier 2] Real-Time Web & Search","GetLarge",1,0,222.282,218.370,3.907
"Tenant 3 [Tier 2] Real-Time Web & Search","GetSmall",1,0,216.410,214.840,1.562
"Tenant 3 [Tier 2] Real-Time Web & Search","GetSmall",1,0,216.206,214.683,1.513
"Tenant 3 [Tier 2] Real-Time Web & Search","GetSmall",1,0,216.170,214.624,1.541
"Tenant 3 [Tier 2] Real-Time Web & Search","GetSmall",1,0,216.271,214.790,1.474
"Tenant 3 [Tier 2] Real-Time Web & Search","GetSmall",1,0,216.338,214.830,1.481
"Tenant 3 [Tier 2] Real-Time Web & Search","GetSmall",1,0,215.978,214.462,1.513
"Tenant 3 [Tier 2] Real-Time Web & Search","GetSmall",1,0,216.150,214.598,1.546
"Tenant 3 [Tier 2] Real-Time Web & Search","GetSmall",1,0,217.914,216.419,1.491
"Tenant 3 [Tier 2] Real-Time Web & Search","GetLarge",1,0,220.145,216.514,3.623
"Tenant 3 [Tier 2] Real-Time Web & Search","GetLarge",1,0,220.183,216.564,3.608
"Tenant 3 [Tier 2] Real-Time Web & Search","GetSmall",1,0,215.312,213.793,1.514
"Tenant 3 [Tier 2] Real-Time Web & Search","GetSmall",1,0,217.377,215.914,1.455
"Tenant 3 [Tier 2] Real-Time Web & Search","GetLarge",1,0,220.314,216.448,3.861
"Tenant 3 [Tier 2] Real-Time Web & Search","GetSmall",1,0,218.904,217.377,1.515
"Tenant 3 [Tier 2] Real-Time Web & Search","GetLarge",1,0,220.999,217.418,3.569
"Tenant 3 [Tier 2] Real-Time Web & Search","GetSmall",1,0,218.280,216.722,1.546
"Tenant 3 [Tier 2] Real-Time Web & Search","GetSmall",1,0,218.004,216.511,1.491
"Tenant 3 [Tier 2] Real-Time Web & Search","GetLarge",1,0,221.809,218.235,3.564
"Tenant 3 [Tier 2] Real-Time Web & Search","GetSmall",1,0,221.128,219.642,1.480
"Tenant 3 [Tier 2] Real-Time Web & Search","GetSmall",1,0,222.595,221.136,1.453
"Tenant 3 [Tier 2] Real-Time Web & Search","GetSmall",1,0,222.610,221.125,1.478
"Tenant 3 [Tier 2] Real-Time Web & Search","GetSmall",1,0,222.592,221.113,1.474
"Tenant 3 [Tier 2] Real-Time Web & Search","GetLarge",1,0,223.330,219.677,3.648
"Tenant 3 [Tier 2] Real-Time Web & Search","GetLarge",1,0,225.047,221.145,3.896
"Tenant 3 [Tier 2] Real-Time Web & Search","GetSmall",1,0,222.587,221.047,1.534
"Tenant 3 [Tier 2] Real-Time Web & Search","GetSmall",1,0,221.665,220.107,1.539
"Tenant 3 [Tier 2] Real-Time Web & Search","GetSmall",1,0,223.167,221.636,1.519
"Tenant 3 [Tier 2] Real-Time Web & Search","GetLarge",1,0,225.480,221.635,3.840
"Tenant 3 [Tier 2] Real-Time Web & Search","GetSmall",1,0,222.277,220.831,1.440
"Tenant 3 [Tier 2] Real-Time Web & Search","GetSmall",1,0,223.129,221.575,1.550
"Tenant 3 [Tier 2] Real-Time Web & Search","GetSmall",1,0,225.599,224.066,1.527
"Tenant 3 [Tier 2] Real-Time Web & Search","GetSmall",1,0,222.137,220.667,1.462
"Tenant 3 [Tier 2] Real-Time Web & Search","GetLarge",1,0,229.385,225.729,3.649
"Tenant 3 [Tier 2] Real-Time Web & Search","GetSmall",1,0,225.197,223.735,1.453
"Tenant 3 [Tier 2] Real-Time Web & Search","GetSmall",1,0,226.695,225.150,1.538
"Tenant 3 [Tier 2] Real-Time Web & Search","GetSmall",1,0,224.953,223.434,1.515
"Tenant 3 [Tier 2] Real-Time Web & Search","GetSmall",1,0,227.183,225.623,1.554
"Tenant 3 [Tier 2] Real-Time Web & Search","GetLarge",1,0,229.388,225.743,3.638
"Tenant 3 [Tier 2] Real-Time Web & Search","GetSmall",1,0,226.215,224.736,1.474
"Tenant 3 [Tier 2] Real-Time Web & Search","GetLarge",1,0,229.780,225.916,3.860
"Tenant 3 [Tier 2] Real-Time Web & Search","GetSmall",1,0,226.967,225.520,1.438
"Tenant 3 [Tier 2] Real-Time Web & Search","GetSmall",1,0,225.516,224.014,1.498
"Tenant 3 [Tier 2] Real-Time Web & Search","GetSmall",1,0,225.599,224.146,1.450
"Tenant 3 [Tier 2] Real-Time Web & Search","GetSmall",1,0,224.399,222.811,1.573
"Tenant 3 [Tier 2] Real-Time Web & Search","GetSmall",1,0,223.648,222.145,1.499
"Tenant 3 [Tier 2] Real-Time Web & Search","GetLarge",1,0,227.355,223.665,3.685
"Tenant 3 [Tier 2] Real-Time Web & Search","GetSmall",1,0,224.725,223.158,1.561
"Tenant 3 [Tier 2] Real-Time Web & Search","GetSmall",1,0,224.402,222.818,1.570
"Tenant 3 [Tier 2] Real-Time Web & Search","GetSmall",1,0,222.370,220.841,1.522
"Tenant 3 [Tier 2] Real-Time Web & Search","GetSmall",1,0,224.492,223.001,1.487
"Tenant 3 [Tier 2] Real-Time Web & Search","GetSmall",1,0,221.288,219.725,1.559
"Tenant 3 [Tier 2] Real-Time Web & Search","GetSmall",1,0,222.280,220.774,1.499
"Tenant 3 [Tier 2] Real-Time Web & Search","GetSmall",1,0,222.328,220.804,1.519
"Tenant 3 [Tier 2] Real-Time Web & Search","GetSmall",1,0,222.774,221.307,1.461
"Tenant 3 [Tier 2] Real-Time Web & Search","GetSmall",1,0,223.107,221.572,1.525
"Tenant 3 [Tier 2] Real-Time Web & Search","GetSmall",1,0,221.438,219.899,1.533
"Tenant 3 [Tier 2] Real-Time Web & Search","GetSmall",1,0,220.981,219.482,1.495
"Tenant 3 [Tier 2] Real-Time Web & Search","GetSmall",1,0,221.021,219.465,1.554
"Tenant 3 [Tier 2] Real-Time Web & Search","GetSmall",1,0,220.307,218.756,1.547
"Tenant 3 [Tier 2] Real-Time Web & Search","GetSmall",1,0,219.599,218.026,1.566
"Tenant 3 [Tier 2] Real-Time Web & Search","GetSmall",1,0,219.845,218.300,1.528
"Tenant 3 [Tier 2] Real-Time Web & Search","GetSmall",1,0,218.711,217.237,1.467
"Tenant 3 [Tier 2] Real-Time Web & Search","GetLarge",1,0,223.332,219.641,3.687
"Tenant 3 [Tier 2] Real-Time Web & Search","GetSmall",1,0,221.972,220.466,1.500
"Tenant 3 [Tier 2] Real-Time Web & Search","GetLarge",1,0,224.018,220.332,3.681
"Tenant 3 [Tier 2] Real-Time Web & Search","GetSmall",1,0,219.582,218.104,1.474
"Tenant 3 [Tier 2] Real-Time Web & Search","GetSmall",1,0,219.869,218.402,1.456
"Tenant 3 [Tier 2] Real-Time Web & Search","GetSmall",1,0,219.781,218.250,1.512
"Tenant 3 [Tier 2] Real-Time Web & Search","GetSmall",1,0,219.856,218.326,1.527
"Tenant 3 [Tier 2] Real-Time Web & Search","GetLarge",1,0,224.553,220.622,3.926
"Tenant 3 [Tier 2] Real-Time Web & Search","GetSmall",1,0,218.878,217.434,1.441
"Tenant 3 [Tier 2] Real-Time Web & Search","GetLarge",1,0,222.198,218.385,3.809
"Tenant 3 [Tier 2] Real-Time Web & Search","GetSmall",1,0,219.549,218.090,1.456
"Tenant 3 [Tier 2] Real-Time Web & Search","GetSmall",1,0,219.715,218.217,1.495
"Tenant 3 [Tier 2] Real-Time Web & Search","GetSmall",1,0,219.810,218.271,1.531
"Tenant 3 [Tier 2] Real-Time Web & Search","GetSmall",1,0,219.456,218.007,1.443
"Tenant 3 [Tier 2] Real-Time Web & Search","GetLarge",1,0,223.217,219.419,3.792
"Tenant 3 [Tier 2] Real-Time Web & Search","GetSmall",1,0,220.357,218.927,1.425
"Tenant 3 [Tier 2] Real-Time Web & Search","GetSmall",1,0,219.474,217.972,1.498
"Tenant 3 [Tier 2] Real-Time Web & Search","GetSmall",1,0,219.562,218.001,1.557
"Tenant 3 [Tier 2] Real-Time Web & Search","GetSmall",1,0,219.620,218.071,1.536
"Tenant 3 [Tier 2] Real-Time Web & Search","GetSmall",1,0,218.062,216.542,1.512
"Tenant 3 [Tier 2] Real-Time Web & Search","GetSmall",1,0,216.426,214.950,1.460
"Tenant 3 [Tier 2] Real-Time Web & Search","GetSmall",1,0,218.973,217.463,1.504
"Tenant 3 [Tier 2] Real-Time Web & Search","GetSmall",1,0,216.447,214.920,1.515
"Tenant 3 [Tier 2] Real-Time Web & Search","GetSmall",1,0,219.966,218.472,1.487
"Tenant 3 [Tier 2] Real-Time Web & Search","GetSmall",1,0,221.209,219.674,1.532
"Tenant 3 [Tier 2] Real-Time Web & Search","GetSmall",1,0,221.524,220.078,1.436
"Tenant 3 [Tier 2] Real-Time Web & Search","GetSmall",1,0,220.723,219.247,1.468
"Tenant 3 [Tier 2] Real-Time Web & Search","GetLarge",1,0,222.379,218.540,3.835
"Tenant 3 [Tier 2] Real-Time Web & Search","GetLarge",1,0,223.825,219.930,3.892
"Tenant 3 [Tier 2] Real-Time Web & Search","GetSmall",1,0,221.662,220.211,1.447
"Tenant 3 [Tier 2] Real-Time Web & Search","GetSmall",1,0,222.168,220.698,1.466
"Tenant 3 [Tier 2] Real-Time Web & Search","GetLarge",1,0,224.734,221.063,3.664
"Tenant 3 [Tier 2] Real-Time Web & Search","GetSmall",1,0,221.292,219.753,1.536
"Tenant 3 [Tier 2] Real-Time Web & Search","GetSmall",1,0,222.093,220.517,1.569
"Tenant 3 [Tier 2] Real-Time Web & Search","GetSmall",1,0,220.882,219.441,1.438
"Tenant 3 [Tier 2] Real-Time Web & Search","GetSmall",1,0,215.980,214.502,1.473
"Tenant 3 [Tier 2] Real-Time Web & Search","GetSmall",1,0,217.108,215.641,1.460
"Tenant 3 [Tier 2] Real-Time Web & Search","GetSmall",1,0,215.167,213.634,1.528
"Tenant 3 [Tier 2] Real-Time Web & Search","GetSmall",1,0,215.637,214.118,1.513
"Tenant 3 [Tier 2] Real-Time Web & Search","GetSmall",1,0,216.065,214.605,1.455
"Tenant 3 [Tier 2] Real-Time Web & Search","GetSmall",1,0,216.366,214.870,1.492
"Tenant 3 [Tier 2] Real-Time Web & Search","GetSmall",1,0,214.818,213.354,1.460
"Tenant 3 [Tier 2] Real-Time Web & Search","GetSmall",1,0,214.668,213.168,1.485
"Tenant 3 [Tier 2] Real-Time Web & Search","GetSmall",1,0,214.632,213.137,1.483
"Tenant 3 [Tier 2] Real-Time Web & Search","GetSmall",1,0,214.923,213.424,1.484
"Tenant 3 [Tier 2] Real-Time Web & Search","GetLarge",1,0,219.418,215.613,3.799
"Tenant 3 [Tier 2] Real-Time Web & Search","GetSmall",1,0,215.297,213.794,1.495
"Tenant 3 [Tier 2] Real-Time Web & Search","GetSmall",1,0,214.573,213.068,1.499
"Tenant 3 [Tier 2] Real-Time Web & Search","GetSmall",1,0,214.546,212.993,1.550
"Tenant 3 [Tier 2] Real-Time Web & Search","GetSmall",1,0,215.359,213.924,1.432
"Tenant 3 [Tier 2] Real-Time Web & Search","GetSmall",1,0,214.719,213.262,1.440
"Tenant 3 [Tier 2] Real-Time Web & Search","GetLarge",1,0,216.876,213.161,3.701
"Tenant 3 [Tier 2] Real-Time Web & Search","GetSmall",1,0,216.401,214.946,1.451
"Tenant 3 [Tier 2] Real-Time Web & Search","GetSmall",1,0,218.300,216.787,1.507
"Tenant 3 [Tier 2] Real-Time Web & Search","GetLarge",1,0,220.679,216.805,3.858
"Tenant 3 [Tier 2] Real-Time Web & Search","GetSmall",1,0,216.214,214.711,1.497
"Tenant 3 [Tier 2] Real-Time Web & Search","GetSmall",1,0,217.155,215.691,1.458
"Tenant 3 [Tier 2] Real-Time Web & Search","GetSmall",1,0,218.617,217.150,1.463
"Tenant 3 [Tier 2] Real-Time Web & Search","GetSmall",1,0,216.939,215.487,1.446
"Tenant 3 [Tier 2] Real-Time Web & Search","GetSmall",1,0,217.551,216.070,1.475
"Tenant 3 [Tier 2] Real-Time Web & Search","GetSmall",1,0,216.142,214.597,1.541
"Tenant 3 [Tier 2] Real-Time Web & Search","GetSmall",1,0,219.507,217.937,1.549
"Tenant 3 [Tier 2] Real-Time Web & Search","GetLarge",1,0,221.064,217.182,3.869
"Tenant 3 [Tier 2] Real-Time Web & Search","GetSmall",1,0,217.258,215.792,1.462
"Tenant 3 [Tier 2] Real-Time Web & Search","GetSmall",1,0,215.961,214.442,1.513
"Tenant 3 [Tier 2] Real-Time Web & Search","GetSmall",1,0,217.144,215.595,1.545
"Tenant 3 [Tier 2] Real-Time Web & Search","GetSmall",1,0,216.525,214.944,1.573
"Tenant 3 [Tier 2] Real-Time Web & Search","GetSmall",1,0,219.232,217.710,1.515
"Tenant 3 [Tier 2] Real-Time Web & Search","GetSmall",1,0,218.797,217.248,1.546
"Tenant 3 [Tier 2] Real-Time Web & Search","GetLarge",1,0,222.900,219.306,3.590
"Tenant 3 [Tier 2] Real-Time Web & Search","GetLarge",1,0,221.805,218.231,3.568
"Tenant 3 [Tier 2] Real-Time Web & Search","GetSmall",1,0,221.833,220.321,1.505
"Tenant 3 [Tier 2] Real-Time Web & Search","GetSmall",1,0,221.936,220.356,1.573
"Tenant 3 [Tier 2] Real-Time Web & Search","GetSmall",1,0,221.900,220.446,1.450
"Tenant 3 [Tier 2] Real-Time Web & Search","GetSmall",1,0,221.975,220.418,1.553
"Tenant 3 [Tier 2] Real-Time Web & Search","GetSmall",1,0,222.793,221.215,1.574
"Tenant 3 [Tier 2] Real-Time Web & Search","GetSmall",1,0,220.379,218.803,1.562
"Tenant 3 [Tier 2] Real-Time Web & Search","GetSmall",1,0,220.458,218.878,1.560
"Tenant 3 [Tier 2] Real-Time Web & Search","GetSmall",1,0,217.939,216.434,1.502
"Tenant 3 [Tier 2] Real-Time Web & Search","GetSmall",1,0,218.714,217.172,1.538
"Tenant 3 [Tier 2] Real-Time Web & Search","GetSmall",1,0,221.036,219.573,1.449
"Tenant 3 [Tier 2] Real-Time Web & Search","GetSmall",1,0,221.077,219.590,1.475
"Tenant 3 [Tier 2] Real-Time Web & Search","GetLarge",1,0,222.023,218.155,3.853
"Tenant 3 [Tier 2] Real-Time Web & Search","GetSmall",1,0,220.545,219.063,1.474
"Tenant 3 [Tier 2] Real-Time Web & Search","GetSmall",1,0,220.135,218.591,1.535
"Tenant 3 [Tier 2] Real-Time Web & Search","GetSmall",1,0,219.355,217.846,1.503
"Tenant 3 [Tier 2] Real-Time Web & Search","GetSmall",1,0,220.805,219.304,1.490
"Tenant 3 [Tier 2] Real-Time Web & Search","GetSmall",1,0,219.220,217.722,1.492
"Tenant 3 [Tier 2] Real-Time Web & Search","GetLarge",1,0,223.267,219.563,3.700
"Tenant 3 [Tier 2] Real-Time Web & Search","GetSmall",1,0,218.934,217.360,1.569
"Tenant 3 [Tier 2] Real-Time Web & Search","GetSmall",1,0,218.268,216.814,1.449
"Tenant 3 [Tier 2] Real-Time Web & Search","GetSmall",1,0,218.277,216.793,1.481
"Tenant 3 [Tier 2] Real-Time Web & Search","GetSmall",1,0,218.604,217.081,1.516
"Tenant 3 [Tier 2] Real-Time Web & Search","GetSmall",1,0,218.629,217.063,1.563
"Tenant 3 [Tier 2] Real-Time Web & Search","GetSmall",1,0,219.609,218.040,1.565
"Tenant 3 [Tier 2] Real-Time Web & Search","GetLarge",1,0,223.531,219.780,3.747
"Tenant 3 [Tier 2] Real-Time Web & Search","GetLarge",1,0,221.573,217.664,3.903
"Tenant 3 [Tier 2] Real-Time Web & Search","GetSmall",1,0,221.742,220.234,1.497
"Tenant 3 [Tier 2] Real-Time Web & Search","GetLarge",1,0,223.929,220.266,3.660
"Tenant 3 [Tier 2] Real-Time Web & Search","GetSmall",1,0,221.335,219.838,1.493
"Tenant 3 [Tier 2] Real-Time Web & Search","GetSmall",1,0,221.800,220.292,1.501
"Tenant 3 [Tier 2] Real-Time Web & Search","GetSmall",1,0,219.642,218.207,1.431
"Tenant 3 [Tier 2] Real-Time Web & Search","GetSmall",1,0,218.605,217.154,1.442
"Tenant 3 [Tier 2] Real-Time Web & Search","GetSmall",1,0,218.690,217.220,1.454
"Tenant 3 [Tier 2] Real-Time Web & Search","GetSmall",1,0,216.417,214.875,1.537
"Tenant 3 [Tier 2] Real-Time Web & Search","GetSmall",1,0,221.312,219.736,1.570
"Tenant 3 [Tier 2] Real-Time Web & Search","GetSmall",1,0,217.112,215.579,1.527
"Tenant 3 [Tier 2] Real-Time Web & Search","GetSmall",1,0,217.824,216.311,1.507
"Tenant 3 [Tier 2] Real-Time Web & Search","GetSmall",1,0,218.591,217.158,1.427
"Tenant 3 [Tier 2] Real-Time Web & Search","GetSmall",1,0,218.662,217.164,1.496
"Tenant 3 [Tier 2] Real-Time Web & Search","GetSmall",1,0,219.185,217.683,1.495
"Tenant 3 [Tier 2] Real-Time Web & Search","GetLarge",1,0,222.098,218.182,3.910
"Tenant 3 [Tier 2] Real-Time Web & Search","GetSmall",1,0,218.842,217.382,1.456
"Tenant 3 [Tier 2] Real-Time Web & Search","GetSmall",1,0,218.880,217.410,1.452
"Tenant 3 [Tier 2] Real-Time Web & Search","GetSmall",1,0,219.451,217.968,1.478
"Tenant 3 [Tier 2] Real-Time Web & Search","GetSmall",1,0,216.945,215.455,1.485
"Tenant 3 [Tier 2] Real-Time Web & Search","GetSmall",1,0,217.855,216.333,1.516
"Tenant 3 [Tier 2] Real-Time Web & Search","GetSmall",1,0,219.042,217.499,1.537
"Tenant 3 [Tier 2] Real-Time Web & Search","GetSmall",1,0,217.643,216.201,1.437
"Tenant 3 [Tier 2] Real-Time Web & Search","GetSmall",1,0,216.558,214.992,1.562
"Tenant 3 [Tier 2] Real-Time Web & Search","GetSmall",1,0,217.471,215.912,1.555
"Tenant 3 [Tier 2] Real-Time Web & Search","GetSmall",1,0,217.729,216.294,1.431
"Tenant 3 [Tier 2] Real-Time Web & Search","GetSmall",1,0,218.061,216.523,1.534
"Tenant 3 [Tier 2] Real-Time Web & Search","GetSmall",1,0,217.894,216.328,1.557
"Tenant 3 [Tier 2] Real-Time Web & Search","GetSmall",1,0,218.877,217.314,1.558
"Tenant 3 [Tier 2] Real-Time Web & Search","GetLarge",1,0,221.026,217.357,3.663
"Tenant 3 [Tier 2] Real-Time Web & Search","GetSmall",1,0,221.044,219.502,1.526
"Tenant 3 [Tier 2] Real-Time Web & Search","GetLarge",1,0,223.101,219.299,3.799
"Tenant 3 [Tier 2] Real-Time Web & Search","GetSmall",1,0,216.736,215.148,1.572
"Tenant 3 [Tier 2] Real-Time Web & Search","GetSmall",1,0,216.029,214.544,1.481
"Tenant 3 [Tier 2] Real-Time Web & Search","GetSmall",1,0,215.968,214.410,1.555
"Tenant 3 [Tier 2] Real-Time Web & Search","GetSmall",1,0,215.918,214.358,1.555
"Tenant 3 [Tier 2] Real-Time Web & Search","GetSmall",1,0,215.319,213.818,1.486
"Tenant 3 [Tier 2] Real-Time Web & Search","GetSmall",1,0,214.303,212.753,1.543
"Tenant 3 [Tier 2] Real-Time Web & Search","GetLarge",1,0,218.660,214.947,3.711
"Tenant 3 [Tier 2] Real-Time Web & Search","GetSmall",1,0,219.454,217.986,1.459
"Tenant 3 [Tier 2] Real-Time Web & Search","GetSmall",1,0,218.733,217.209,1.520
"Tenant 3 [Tier 2] Real-Time Web & Search","GetSmall",1,0,217.225,215.648,1.569
"Tenant 3 [Tier 2] Real-Time Web & Search","GetLarge",1,0,220.513,216.934,3.575
"Tenant 3 [Tier 2] Real-Time Web & Search","GetLarge",1,0,221.935,217.996,3.933
"Tenant 3 [Tier 2] Real-Time Web & Search","GetSmall",1,0,219.513,218.037,1.463
"Tenant 3 [Tier 2] Real-Time Web & Search","GetSmall",1,0,219.475,217.946,1.524
"Tenant 3 [Tier 2] Real-Time Web & Search","GetLarge",1,0,223.357,219.464,3.887
"Tenant 3 [Tier 2] Real-Time Web & Search","GetSmall",1,0,220.145,218.618,1.523
"Tenant 3 [Tier 2] Real-Time Web & Search","GetSmall",1,0,219.376,217.801,1.570
"Tenant 3 [Tier 2] Real-Time Web & Search","GetSmall",1,0,220.224,218.681,1.538
"Tenant 3 [Tier 2] Real-Time Web & Search","GetLarge",1,0,222.911,219.332,3.575
"Tenant 3 [Tier 2] Real-Time Web & Search","GetLarge",1,0,224.307,220.714,3.586
"Tenant 3 [Tier 2] Real-Time Web & Search","GetSmall",1,0,222.585,221.118,1.462
"Tenant 3 [Tier 2] Real-Time Web & Search","GetSmall",1,0,222.619,221.089,1.526
"Tenant 3 [Tier 2] Real-Time Web & Search","GetSmall",1,0,221.939,220.408,1.528
"Tenant 3 [Tier 2] Real-Time Web & Search","GetSmall",1,0,222.100,220.534,1.561
"Tenant 3 [Tier 2] Real-Time Web & Search","GetSmall",1,0,223.000,221.557,1.437
"Tenant 3 [Tier 2] Real-Time Web & Search","GetSmall",1,0,223.204,221.654,1.547
"Tenant 3 [Tier 2] Real-Time Web & Search","GetSmall",1,0,223.475,222.032,1.439
"Tenant 3 [Tier 2] Real-Time Web & Search","GetLarge",1,0,226.628,222.731,3.893
"Tenant 3 [Tier 2] Real-Time Web & Search","GetLarge",1,0,225.810,222.041,3.763
"Tenant 3 [Tier 2] Real-Time Web & Search","GetLarge",1,0,228.214,224.356,3.853
"Tenant 3 [Tier 2] Real-Time Web & Search","GetSmall",1,0,226.898,225.423,1.468
"Tenant 3 [Tier 2] Real-Time Web & Search","GetSmall",1,0,223.053,221.579,1.467
"Tenant 3 [Tier 2] Real-Time Web & Search","GetLarge",1,0,229.343,225.439,3.900
"Tenant 3 [Tier 2] Real-Time Web & Search","GetLarge",1,0,226.510,222.787,3.718
"Tenant 3 [Tier 2] Real-Time Web & Search","GetSmall",1,0,225.064,223.489,1.569
"Tenant 3 [Tier 2] Real-Time Web & Search","GetSmall",1,0,228.536,227.058,1.473
"Tenant 3 [Tier 2] Real-Time Web & Search","GetLarge",1,0,232.582,228.957,3.620
"Tenant 3 [Tier 2] Real-Time Web & Search","GetLarge",1,0,232.681,229.037,3.641
"Tenant 3 [Tier 2] Real-Time Web & Search","GetSmall",1,0,230.974,229.522,1.442
"Tenant 3 [Tier 2] Real-Time Web & Search","GetSmall",1,0,231.608,230.035,1.566
"Tenant 3 [Tier 2] Real-Time Web & Search","GetLarge",1,0,233.905,230.095,3.806
"Tenant 3 [Tier 2] Real-Time Web & Search","GetLarge",1,0,235.277,231.598,3.670
"Tenant 3 [Tier 2] Real-Time Web & Search","GetSmall",1,0,232.918,231.423,1.473
"Tenant 3 [Tier 2] Real-Time Web & Search","GetSmall",1,0,229.831,228.330,1.491
"Tenant 3 [Tier 2] Real-Time Web & Search","GetLarge",1,0,236.790,232.921,3.865
"Tenant 3 [Tier 2] Real-Time Web & Search","GetSmall",1,0,231.067,229.506,1.558
"Tenant 3 [Tier 2] Real-Time Web & Search","GetSmall",1,0,231.114,229.664,1.447
"Tenant 3 [Tier 2] Real-Time Web & Search","GetSmall",1,0,231.659,230.155,1.502
"Tenant 3 [Tier 2] Real-Time Web & Search","GetSmall",1,0,231.263,229.712,1.548
"Tenant 3 [Tier 2] Real-Time Web & Search","GetSmall",1,0,230.401,228.957,1.440
"Tenant 3 [Tier 2] Real-Time Web & Search","GetSmall",1,0,230.270,228.810,1.453
"Tenant 3 [Tier 2] Real-Time Web & Search","GetSmall",1,0,228.852,227.356,1.492
"Tenant 3 [Tier 2] Real-Time Web & Search","GetSmall",1,0,229.914,228.395,1.513
"Tenant 3 [Tier 2] Real-Time Web & Search","GetLarge",1,0,231.281,227.658,3.610
"Tenant 3 [Tier 2] Real-Time Web & Search","GetSmall",1,0,229.236,227.754,1.474
"Tenant 3 [Tier 2] Real-Time Web & Search","GetSmall",1,0,229.235,227.720,1.505
"Tenant 3 [Tier 2] Real-Time Web & Search","GetSmall",1,0,228.365,226.935,1.426
"Tenant 3 [Tier 2] Real-Time Web & Search","GetSmall",1,0,229.099,227.641,1.452
"Tenant 3 [Tier 2] Real-Time Web & Search","GetSmall",1,0,228.744,227.240,1.500
"Tenant 3 [Tier 2] Real-Time Web & Search","GetLarge",1,0,232.624,228.899,3.714
"Tenant 3 [Tier 2] Real-Time Web & Search","GetLarge",1,0,232.965,229.277,3.683
"Tenant 3 [Tier 2] Real-Time Web & Search","GetSmall",1,0,229.355,227.799,1.549
"Tenant 3 [Tier 2] Real-Time Web & Search","GetSmall",1,0,227.904,226.402,1.495
"Tenant 3 [Tier 2] Real-Time Web & Search","GetLarge",1,0,233.108,229.267,3.828
"Tenant 3 [Tier 2] Real-Time Web & Search","GetSmall",1,0,230.073,228.587,1.481
"Tenant 3 [Tier 2] Real-Time Web & Search","GetSmall",1,0,229.454,227.940,1.501
"Tenant 3 [Tier 2] Real-Time Web & Search","GetLarge",1,0,234.947,231.067,3.869
"Tenant 3 [Tier 2] Real-Time Web & Search","GetSmall",1,0,227.792,226.311,1.474
"Tenant 3 [Tier 2] Real-Time Web & Search","GetSmall",1,0,227.017,225.528,1.482
"Tenant 3 [Tier 2] Real-Time Web & Search","GetSmall",1,0,222.058,220.527,1.525
"Tenant 3 [Tier 2] Real-Time Web & Search","GetSmall",1,0,224.756,223.204,1.533
"Tenant 3 [Tier 2] Real-Time Web & Search","GetSmall",1,0,223.284,221.709,1.568
"Tenant 3 [Tier 2] Real-Time Web & Search","GetSmall",1,0,222.621,221.074,1.539
"Tenant 3 [Tier 2] Real-Time Web & Search","GetSmall",1,0,220.108,218.627,1.474
"Tenant 3 [Tier 2] Real-Time Web & Search","GetSmall",1,0,222.499,220.999,1.480
"Tenant 3 [Tier 2] Real-Time Web & Search","GetSmall",1,0,222.530,221.014,1.496
"Tenant 3 [Tier 2] Real-Time Web & Search","GetSmall",1,0,222.532,220.994,1.505
"Tenant 3 [Tier 2] Real-Time Web & Search","GetLarge",1,0,223.388,219.722,3.662
"Tenant 3 [Tier 2] Real-Time Web & Search","GetSmall",1,0,220.993,219.430,1.556
"Tenant 3 [Tier 2] Real-Time Web & Search","GetSmall",1,0,222.358,220.923,1.432
"Tenant 3 [Tier 2] Real-Time Web & Search","GetSmall",1,0,222.983,221.502,1.471
"Tenant 3 [Tier 2] Real-Time Web & Search","GetSmall",1,0,221.139,219.598,1.537
"Tenant 3 [Tier 2] Real-Time Web & Search","GetLarge",1,0,224.695,220.968,3.722
"Tenant 3 [Tier 2] Real-Time Web & Search","GetSmall",1,0,220.769,219.275,1.474
"Tenant 3 [Tier 2] Real-Time Web & Search","GetSmall",1,0,222.366,220.820,1.532
"Tenant 3 [Tier 2] Real-Time Web & Search","GetSmall",1,0,222.296,220.774,1.516
"Tenant 3 [Tier 2] Real-Time Web & Search","GetSmall",1,0,222.227,220.721,1.500
"Tenant 3 [Tier 2] Real-Time Web & Search","GetSmall",1,0,222.214,220.682,1.518
"Tenant 3 [Tier 2] Real-Time Web & Search","GetSmall",1,0,221.036,219.591,1.441
"Tenant 3 [Tier 2] Real-Time Web & Search","GetSmall",1,0,221.005,219.544,1.450
"Tenant 3 [Tier 2] Real-Time Web & Search","GetSmall",1,0,221.913,220.427,1.462
"Tenant 3 [Tier 2] Real-Time Web & Search","GetSmall",1,0,217.800,216.283,1.507
"Tenant 3 [Tier 2] Real-Time Web & Search","GetSmall",1,0,217.512,216.043,1.463
"Tenant 3 [Tier 2] Real-Time Web & Search","GetSmall",1,0,217.694,216.258,1.425
"Tenant 3 [Tier 2] Real-Time Web & Search","GetSmall",1,0,216.174,214.631,1.537
"Tenant 3 [Tier 2] Real-Time Web & Search","GetSmall",1,0,215.762,214.219,1.539
"Tenant 3 [Tier 2] Real-Time Web & Search","GetSmall",1,0,214.648,213.093,1.546
"Tenant 3 [Tier 2] Real-Time Web & Search","GetLarge",1,0,218.452,214.627,3.815
"Tenant 3 [Tier 2] Real-Time Web & Search","GetLarge",1,0,218.957,215.268,3.685
"Tenant 3 [Tier 2] Real-Time Web & Search","GetSmall",1,0,219.091,217.659,1.426
"Tenant 3 [Tier 2] Real-Time Web & Search","GetLarge",1,0,221.648,217.952,3.688
"Tenant 3 [Tier 2] Real-Time Web & Search","GetSmall",1,0,219.721,218.179,1.478
"Tenant 3 [Tier 2] Real-Time Web & Search","GetSmall",1,0,219.991,218.538,1.448
"Tenant 3 [Tier 2] Real-Time Web & Search","GetLarge",1,0,220.837,217.207,3.617
"Tenant 3 [Tier 2] Real-Time Web & Search","GetSmall",1,0,218.602,217.086,1.512
"Tenant 3 [Tier 2] Real-Time Web & Search","GetSmall",1,0,219.976,218.423,1.549
"Tenant 3 [Tier 2] Real-Time Web & Search","GetSmall",1,0,220.134,218.655,1.470
"Tenant 3 [Tier 2] Real-Time Web & Search","GetLarge",1,0,222.243,218.667,3.572
"Tenant 3 [Tier 2] Real-Time Web & Search","GetLarge",1,0,225.229,221.462,3.763
"Tenant 3 [Tier 2] Real-Time Web & Search","GetSmall",1,0,223.089,221.615,1.470
"Tenant 3 [Tier 2] Real-Time Web & Search","GetSmall",1,0,223.892,222.361,1.526
"Tenant 3 [Tier 2] Real-Time Web & Search","GetSmall",1,0,222.607,221.043,1.558
"Tenant 3 [Tier 2] Real-Time Web & Search","GetLarge",1,0,227.698,223.825,3.864
"Tenant 3 [Tier 2] Real-Time Web & Search","GetLarge",1,0,226.371,222.530,3.835
"Tenant 3 [Tier 2] Real-Time Web & Search","GetSmall",1,0,225.651,224.178,1.464
"Tenant 3 [Tier 2] Real-Time Web & Search","GetSmall",1,0,225.695,224.214,1.465
"Tenant 3 [Tier 2] Real-Time Web & Search","GetSmall",1,0,224.161,222.664,1.493
"Tenant 3 [Tier 2] Real-Time Web & Search","GetLarge",1,0,228.104,224.264,3.833
"Tenant 3 [Tier 2] Real-Time Web & Search","GetSmall",1,0,227.171,225.700,1.459
"Tenant 3 [Tier 2] Real-Time Web & Search","GetSmall",1,0,226.491,224.978,1.501
"Tenant 3 [Tier 2] Real-Time Web & Search","GetSmall",1,0,226.575,225.012,1.545
"Tenant 3 [Tier 2] Real-Time Web & Search","GetLarge",1,0,229.535,225.709,3.824
"Tenant 3 [Tier 2] Real-Time Web & Search","GetSmall",1,0,224.983,223.529,1.447
"Tenant 3 [Tier 2] Real-Time Web & Search","GetSmall",1,0,227.609,226.125,1.473
"Tenant 3 [Tier 2] Real-Time Web & Search","GetSmall",1,0,227.009,225.449,1.553
"Tenant 3 [Tier 2] Real-Time Web & Search","GetLarge",1,0,230.316,226.543,3.765
"Tenant 3 [Tier 2] Real-Time Web & Search","GetSmall",1,0,230.507,228.956,1.548
"Tenant 3 [Tier 2] Real-Time Web & Search","GetSmall",1,0,229.875,228.327,1.538
"Tenant 3 [Tier 2] Real-Time Web & Search","GetSmall",1,0,230.589,229.136,1.448
"Tenant 3 [Tier 2] Real-Time Web & Search","GetSmall",1,0,229.668,228.196,1.466
"Tenant 3 [Tier 2] Real-Time Web & Search","GetSmall",1,0,228.073,226.585,1.467
"Tenant 3 [Tier 2] Real-Time Web & Search","GetSmall",1,0,224.664,223.133,1.525
"Tenant 3 [Tier 2] Real-Time Web & Search","GetSmall",1,0,225.511,224.063,1.439
"Tenant 3 [Tier 2] Real-Time Web & Search","GetSmall",1,0,225.271,223.773,1.495
"Tenant 3 [Tier 2] Real-Time Web & Search","GetSmall",1,0,223.713,222.206,1.496
"Tenant 3 [Tier 2] Real-Time Web & Search","GetLarge",1,0,228.903,225.278,3.621
"Tenant 3 [Tier 2] Real-Time Web & Search","GetSmall",1,0,224.327,222.892,1.431
"Tenant 3 [Tier 2] Real-Time Web & Search","GetSmall",1,0,224.387,222.923,1.457
"Tenant 3 [Tier 2] Real-Time Web & Search","GetSmall",1,0,222.854,221.361,1.490
"Tenant 3 [Tier 2] Real-Time Web & Search","GetSmall",1,0,220.363,218.843,1.503
"Tenant 3 [Tier 2] Real-Time Web & Search","GetSmall",1,0,221.918,220.339,1.568
"Tenant 3 [Tier 2] Real-Time Web & Search","GetLarge",1,0,227.173,223.361,3.805
"Tenant 3 [Tier 2] Real-Time Web & Search","GetSmall",1,0,221.340,219.857,1.475
"Tenant 3 [Tier 2] Real-Time Web & Search","GetLarge",1,0,223.720,219.905,3.806
"Tenant 3 [Tier 2] Real-Time Web & Search","GetSmall",1,0,222.536,221.103,1.425
"Tenant 3 [Tier 2] Real-Time Web & Search","GetSmall",1,0,220.808,219.303,1.497
"Tenant 3 [Tier 2] Real-Time Web & Search","GetSmall",1,0,222.487,220.926,1.557
"Tenant 3 [Tier 2] Real-Time Web & Search","GetLarge",1,0,226.547,222.637,3.906
"Tenant 3 [Tier 2] Real-Time Web & Search","GetSmall",1,0,222.741,221.188,1.545
"Tenant 3 [Tier 2] Real-Time Web & Search","GetSmall",1,0,222.380,220.878,1.489
"Tenant 3 [Tier 2] Real-Time Web & Search","GetSmall",1,0,219.257,217.734,1.504
"Tenant 3 [Tier 2] Real-Time Web & Search","GetSmall",1,0,220.147,218.697,1.439
"Tenant 3 [Tier 2] Real-Time Web & Search","GetSmall",1,0,220.055,218.601,1.442
"Tenant 3 [Tier 2] Real-Time Web & Search","GetSmall",1,0,220.183,218.628,1.548
"Tenant 3 [Tier 2] Real-Time Web & Search","GetSmall",1,0,219.443,217.998,1.435
"Tenant 3 [Tier 2] Real-Time Web & Search","GetSmall",1,0,219.461,217.965,1.489
"Tenant 3 [Tier 2] Real-Time Web & Search","GetSmall",1,0,218.214,216.709,1.494
"Tenant 3 [Tier 2] Real-Time Web & Search","GetSmall",1,0,218.420,216.942,1.468
"Tenant 3 [Tier 2] Real-Time Web & Search","GetSmall",1,0,218.597,217.017,1.574
"Tenant 3 [Tier 2] Real-Time Web & Search","GetSmall",1,0,217.657,216.171,1.482
"Tenant 3 [Tier 2] Real-Time Web & Search","GetLarge",1,0,221.206,217.385,3.814
"Tenant 3 [Tier 2] Real-Time Web & Search","GetSmall",1,0,218.893,217.428,1.460
"Tenant 3 [Tier 2] Real-Time Web & Search","GetLarge",1,0,223.266,219.398,3.863
"Tenant 3 [Tier 2] Real-Time Web & Search","GetSmall",1,0,219.469,217.957,1.506
"Tenant 3 [Tier 2] Real-Time Web & Search","GetSmall",1,0,217.570,216.025,1.538
"Tenant 3 [Tier 2] Real-Time Web & Search","GetSmall",1,0,218.646,217.107,1.534
"Tenant 3 [Tier 2] Real-Time Web & Search","GetSmall",1,0,218.078,216.576,1.498
"Tenant 3 [Tier 2] Real-Time Web & Search","GetSmall",1,0,218.000,216.556,1.439
"Tenant 3 [Tier 2] Real-Time Web & Search","GetSmall",1,0,217.973,216.500,1.462
"Tenant 3 [Tier 2] Real-Time Web & Search","GetSmall",1,0,219.357,217.852,1.502
"Tenant 3 [Tier 2] Real-Time Web & Search","GetSmall",1,0,218.049,216.530,1.511
"Tenant 3 [Tier 2] Real-Time Web & Search","GetLarge",1,0,220.608,216.758,3.848
"Tenant 3 [Tier 2] Real-Time Web & Search","GetSmall",1,0,219.907,218.339,1.564
"Tenant 3 [Tier 2] Real-Time Web & Search","GetLarge",1,0,222.237,218.337,3.895
"Tenant 3 [Tier 2] Real-Time Web & Search","GetLarge",1,0,222.350,218.418,3.929
"Tenant 3 [Tier 2] Real-Time Web & Search","GetSmall",1,0,217.697,216.268,1.426
"Tenant 3 [Tier 2] Real-Time Web & Search","GetSmall",1,0,217.787,216.342,1.436
"Tenant 3 [Tier 2] Real-Time Web & Search","GetSmall",1,0,220.498,219.025,1.464
"Tenant 3 [Tier 2] Real-Time Web & Search","GetSmall",1,0,219.436,217.943,1.487
"Tenant 3 [Tier 2] Real-Time Web & Search","GetLarge",1,0,222.149,218.537,3.600
"Tenant 3 [Tier 2] Real-Time Web & Search","GetSmall",1,0,220.024,218.475,1.545
"Tenant 3 [Tier 2] Real-Time Web & Search","GetSmall",1,0,220.772,219.284,1.484
"Tenant 3 [Tier 2] Real-Time Web & Search","GetLarge",1,0,223.020,219.303,3.705
"Tenant 3 [Tier 2] Real-Time Web & Search","GetSmall",1,0,220.987,219.454,1.521
"Tenant 3 [Tier 2] Real-Time Web & Search","GetSmall",1,0,220.933,219.367,1.520
"Tenant 3 [Tier 2] Real-Time Web & Search","GetSmall",1,0,221.040,219.471,1.535
"Tenant 3 [Tier 2] Real-Time Web & Search","GetSmall",1,0,220.931,219.469,1.457
"Tenant 3 [Tier 2] Real-Time Web & Search","GetSmall",1,0,221.009,219.517,1.480
"Tenant 3 [Tier 2] Real-Time Web & Search","GetSmall",1,0,220.010,218.553,1.452
"Tenant 3 [Tier 2] Real-Time Web & Search","GetSmall",1,0,218.761,217.246,1.512
"Tenant 3 [Tier 2] Real-Time Web & Search","GetSmall",1,0,220.688,219.220,1.465
"Tenant 3 [Tier 2] Real-Time Web & Search","GetLarge",1,0,222.341,218.733,3.604
"Tenant 3 [Tier 2] Real-Time Web & Search","GetSmall",1,0,220.965,219.518,1.439
"Tenant 3 [Tier 2] Real-Time Web & Search","GetSmall",1,0,220.496,218.931,1.563
"Tenant 3 [Tier 2] Real-Time Web & Search","GetSmall",1,0,219.684,218.238,1.443
"Tenant 3 [Tier 2] Real-Time Web & Search","GetSmall",1,0,222.140,220.643,1.491
"Tenant 3 [Tier 2] Real-Time Web & Search","GetSmall",1,0,220.076,218.544,1.522
"Tenant 3 [Tier 2] Real-Time Web & Search","GetLarge",1,0,225.388,221.562,3.810
"Tenant 3 [Tier 2] Real-Time Web & Search","GetSmall",1,0,223.947,222.481,1.460
"Tenant 3 [Tier 2] Real-Time Web & Search","GetSmall",1,0,223.991,222.509,1.470
"Tenant 3 [Tier 2] Real-Time Web & Search","GetLarge",1,0,225.603,221.881,3.715
"Tenant 3 [Tier 2] Real-Time Web & Search","GetSmall",1,0,225.405,223.923,1.467
"Tenant 3 [Tier 2] Real-Time Web & Search","GetLarge",1,0,227.629,223.935,3.687
"Tenant 3 [Tier 2] Real-Time Web & Search","GetSmall",1,0,224.731,223.254,1.461
"Tenant 3 [Tier 2] Real-Time Web & Search","GetSmall",1,0,223.073,221.571,1.475
"Tenant 3 [Tier 2] Real-Time Web & Search","GetSmall",1,0,223.189,221.670,1.496
"Tenant 3 [Tier 2] Real-Time Web & Search","GetSmall",1,0,221.964,220.402,1.559
"Tenant 3 [Tier 2] Real-Time Web & Search","GetSmall",1,0,223.059,221.552,1.503
"Tenant 3 [Tier 2] Real-Time Web & Search","GetSmall",1,0,223.090,221.525,1.561
"Tenant 3 [Tier 2] Real-Time Web & Search","GetLarge",1,0,225.463,221.566,3.883
"Tenant 3 [Tier 2] Real-Time Web & Search","GetSmall",1,0,222.022,220.520,1.495
"Tenant 3 [Tier 2] Real-Time Web & Search","GetSmall",1,0,221.691,220.159,1.521
"Tenant 3 [Tier 2] Real-Time Web & Search","GetSmall",1,0,220.705,219.160,1.538
"Tenant 3 [Tier 2] Real-Time Web & Search","GetSmall",1,0,219.983,218.470,1.507
"Tenant 3 [Tier 2] Real-Time Web & Search","GetSmall",1,0,221.073,219.618,1.451
"Tenant 3 [Tier 2] Real-Time Web & Search","GetSmall",1,0,221.396,219.927,1.464
"Tenant 3 [Tier 2] Real-Time Web & Search","GetSmall",1,0,221.494,219.930,1.557
"Tenant 3 [Tier 2] Real-Time Web & Search","GetSmall",1,0,222.568,221.134,1.430
"Tenant 3 [Tier 2] Real-Time Web & Search","GetLarge",1,0,223.817,219.964,3.841
"Tenant 3 [Tier 2] Real-Time Web & Search","GetLarge",1,0,224.822,221.075,3.743
"Tenant 3 [Tier 2] Real-Time Web & Search","GetSmall",1,0,223.067,221.622,1.441
"Tenant 3 [Tier 2] Real-Time Web & Search","GetSmall",1,0,222.354,220.848,1.500
"Tenant 3 [Tier 2] Real-Time Web & Search","GetSmall",1,0,222.745,221.195,1.528
"Tenant 3 [Tier 2] Real-Time Web & Search","GetSmall",1,0,220.115,218.555,1.546
"Tenant 3 [Tier 2] Real-Time Web & Search","GetSmall",1,0,221.273,219.699,1.568
"Tenant 3 [Tier 2] Real-Time Web & Search","GetLarge",1,0,224.852,221.164,3.683
"Tenant 3 [Tier 2] Real-Time Web & Search","GetSmall",1,0,222.516,221.084,1.425
"Tenant 3 [Tier 2] Real-Time Web & Search","GetSmall",1,0,223.200,221.705,1.490
"Tenant 3 [Tier 2] Real-Time Web & Search","GetSmall",1,0,222.228,220.798,1.427
"Tenant 3 [Tier 2] Real-Time Web & Search","GetSmall",1,0,220.646,219.207,1.431
"Tenant 3 [Tier 2] Real-Time Web & Search","GetSmall",1,0,221.032,219.570,1.446
"Tenant 3 [Tier 2] Real-Time Web & Search","GetSmall",1,0,222.430,220.953,1.458
"Tenant 3 [Tier 2] Real-Time Web & Search","GetSmall",1,0,219.576,218.084,1.462
"Tenant 3 [Tier 2] Real-Time Web & Search","GetSmall",1,0,221.081,219.586,1.470
"Tenant 3 [Tier 2] Real-Time Web & Search","GetSmall",1,0,218.470,217.021,1.444
"Tenant 3 [Tier 2] Real-Time Web & Search","GetSmall",1,0,218.523,216.997,1.523
"Tenant 3 [Tier 2] Real-Time Web & Search","GetSmall",1,0,218.534,216.995,1.524
"Tenant 3 [Tier 2] Real-Time Web & Search","GetLarge",1,0,223.889,220.221,3.661
"Tenant 3 [Tier 2] Real-Time Web & Search","GetSmall",1,0,218.497,217.019,1.471
"Tenant 3 [Tier 2] Real-Time Web & Search","GetSmall",1,0,219.795,218.233,1.552
"Tenant 3 [Tier 2] Real-Time Web & Search","GetSmall",1,0,219.757,218.179,1.561
"Tenant 3 [Tier 2] Real-Time Web & Search","GetSmall",1,0,221.176,219.665,1.504
"Tenant 3 [Tier 2] Real-Time Web & Search","GetSmall",1,0,221.222,219.695,1.519
"Tenant 3 [Tier 2] Real-Time Web & Search","GetSmall",1,0,221.202,219.655,1.525
"Tenant 3 [Tier 2] Real-Time Web & Search","GetSmall",1,0,221.419,219.925,1.491
"Tenant 3 [Tier 2] Real-Time Web & Search","GetLarge",1,0,224.232,220.379,3.841
"Tenant 3 [Tier 2] Real-Time Web & Search","GetSmall",1,0,221.161,219.641,1.511
"Tenant 3 [Tier 2] Real-Time Web & Search","GetSmall",1,0,221.301,219.735,1.562
"Tenant 3 [Tier 2] Real-Time Web & Search","GetLarge",1,0,224.967,221.223,3.738
"Tenant 3 [Tier 2] Real-Time Web & Search","GetSmall",1,0,222.018,220.578,1.436
"Tenant 3 [Tier 2] Real-Time Web & Search","GetSmall",1,0,221.198,219.742,1.449
"Tenant 3 [Tier 2] Real-Time Web & Search","GetSmall",1,0,220.990,219.441,1.545
"Tenant 3 [Tier 2] Real-Time Web & Search","GetSmall",1,0,221.002,219.492,1.505
"Tenant 3 [Tier 2] Real-Time Web & Search","GetLarge",1,0,223.824,219.958,3.860
"Tenant 3 [Tier 2] Real-Time Web & Search","GetSmall",1,0,222.399,220.842,1.550
"Tenant 3 [Tier 2] Real-Time Web & Search","GetSmall",1,0,220.206,218.702,1.498
"Tenant 3 [Tier 2] Real-Time Web & Search","GetSmall",1,0,219.736,218.189,1.540
"Tenant 3 [Tier 2] Real-Time Web & Search","GetSmall",1,0,221.671,220.163,1.504
"Tenant 3 [Tier 2] Real-Time Web & Search","GetSmall",1,0,218.520,217.052,1.465
"Tenant 3 [Tier 2] Real-Time Web & Search","GetSmall",1,0,219.548,218.025,1.509
"Tenant 3 [Tier 2] Real-Time Web & Search","GetSmall",1,0,219.962,218.426,1.532
"Tenant 3 [Tier 2] Real-Time Web & Search","GetSmall",1,0,216.762,215.239,1.519
"Tenant 3 [Tier 2] Real-Time Web & Search","GetSmall",1,0,218.236,216.738,1.491
"Tenant 3 [Tier 2] Real-Time Web & Search","GetLarge",1,0,220.638,216.758,3.875
"Tenant 3 [Tier 2] Real-Time Web & Search","GetSmall",1,0,221.017,219.499,1.514
"Tenant 3 [Tier 2] Real-Time Web & Search","GetLarge",1,0,223.190,219.500,3.677
"Tenant 3 [Tier 2] Real-Time Web & Search","GetSmall",1,0,221.028,219.562,1.463
"Tenant 3 [Tier 2] Real-Time Web & Search","GetSmall",1,0,221.048,219.487,1.554
"Tenant 3 [Tier 2] Real-Time Web & Search","GetSmall",1,0,221.036,219.459,1.570
"Tenant 3 [Tier 2] Real-Time Web & Search","GetSmall",1,0,221.441,219.918,1.499
"Tenant 3 [Tier 2] Real-Time Web & Search","GetSmall",1,0,221.427,219.901,1.499
"Tenant 3 [Tier 2] Real-Time Web & Search","GetLarge",1,0,226.073,222.255,3.811
"Tenant 3 [Tier 2] Real-Time Web & Search","GetLarge",1,0,226.384,222.767,3.603
"Tenant 3 [Tier 2] Real-Time Web & Search","GetSmall",1,0,223.135,221.615,1.513
"Tenant 3 [Tier 2] Real-Time Web & Search","GetSmall",1,0,223.208,221.634,1.570
"Tenant 3 [Tier 2] Real-Time Web & Search","GetLarge",1,0,225.406,221.646,3.734
"Tenant 3 [Tier 2] Real-Time Web & Search","GetSmall",1,0,225.248,223.771,1.475
"Tenant 3 [Tier 2] Real-Time Web & Search","GetSmall",1,0,224.581,223.131,1.446
"Tenant 3 [Tier 2] Real-Time Web & Search","GetSmall",1,0,221.247,219.758,1.487
"Tenant 3 [Tier 2] Real-Time Web & Search","GetSmall",1,0,221.303,219.721,1.574
"Tenant 3 [Tier 2] Real-Time Web & Search","GetSmall",1,0,223.995,222.548,1.441
"Tenant 3 [Tier 2] Real-Time Web & Search","GetSmall",1,0,224.095,222.565,1.526
"Tenant 3 [Tier 2] Real-Time Web & Search","GetLarge",1,0,226.511,222.652,3.855
"Tenant 3 [Tier 2] Real-Time Web & Search","GetSmall",1,0,223.856,222.410,1.442
"Tenant 3 [Tier 2] Real-Time Web & Search","GetLarge",1,0,226.444,222.831,3.608
"Tenant 3 [Tier 2] Real-Time Web & Search","GetSmall",1,0,223.868,222.383,1.472
"Tenant 3 [Tier 2] Real-Time Web & Search","GetLarge",1,0,226.133,222.241,3.883
"Tenant 3 [Tier 2] Real-Time Web & Search","GetSmall",1,0,224.405,222.844,1.557
"Tenant 3 [Tier 2] Real-Time Web & Search","GetSmall",1,0,224.694,223.254,1.437
"Tenant 3 [Tier 2] Real-Time Web & Search","GetSmall",1,0,225.064,223.539,1.521
"Tenant 3 [Tier 2] Real-Time Web & Search","GetLarge",1,0,228.553,224.665,3.884
"Tenant 3 [Tier 2] Real-Time Web & Search","GetSmall",1,0,225.551,224.029,1.518
"Tenant 3 [Tier 2] Real-Time Web & Search","GetSmall",1,0,224.552,222.989,1.559
"Tenant 3 [Tier 2] Real-Time Web & Search","GetSmall",1,0,223.878,222.419,1.453
"Tenant 3 [Tier 2] Real-Time Web & Search","GetLarge",1,0,226.263,222.629,3.627
"Tenant 3 [Tier 2] Real-Time Web & Search","GetSmall",1,0,222.100,220.642,1.453
"Tenant 3 [Tier 2] Real-Time Web & Search","GetSmall",1,0,224.321,222.849,1.464
"Tenant 3 [Tier 2] Real-Time Web & Search","GetSmall",1,0,224.763,223.256,1.494
"Tenant 3 [Tier 2] Real-Time Web & Search","GetSmall",1,0,225.487,224.033,1.446
"Tenant 3 [Tier 2] Real-Time Web & Search","GetLarge",1,0,226.061,222.373,3.683
"Tenant 3 [Tier 2] Real-Time Web & Search","GetLarge",1,0,227.683,224.049,3.630
"Tenant 3 [Tier 2] Real-Time Web & Search","GetSmall",1,0,226.965,225.480,1.478
"Tenant 3 [Tier 2] Real-Time Web & Search","GetSmall",1,0,226.453,224.917,1.533
"Tenant 3 [Tier 2] Real-Time Web & Search","GetLarge",1,0,229.159,225.484,3.672
"Tenant 3 [Tier 2] Real-Time Web & Search","GetLarge",1,0,228.477,224.897,3.573
"Tenant 3 [Tier 2] Real-Time Web & Search","GetSmall",1,0,225.229,223.752,1.471
"Tenant 3 [Tier 2] Real-Time Web & Search","GetSmall",1,0,225.394,223.807,1.573
"Tenant 3 [Tier 2] Real-Time Web & Search","GetSmall",1,0,225.006,223.560,1.440
"Tenant 3 [Tier 2] Real-Time Web & Search","GetSmall",1,0,225.930,224.455,1.473
"Tenant 3 [Tier 2] Real-Time Web & Search","GetSmall",1,0,225.049,223.606,1.434
"Tenant 3 [Tier 2] Real-Time Web & Search","GetLarge",1,0,228.635,225.025,3.601
"Tenant 3 [Tier 2] Real-Time Web & Search","GetSmall",1,0,225.065,223.583,1.477
"Tenant 3 [Tier 2] Real-Time Web & Search","GetSmall",1,0,225.843,224.383,1.456
"Tenant 3 [Tier 2] Real-Time Web & Search","GetLarge",1,0,230.932,227.236,3.692
"Tenant 3 [Tier 2] Real-Time Web & Search","GetSmall",1,0,226.359,224.818,1.534
"Tenant 3 [Tier 2] Real-Time Web & Search","GetSmall",1,0,225.324,223.768,1.544
"Tenant 3 [Tier 2] Real-Time Web & Search","GetSmall",1,0,226.564,225.001,1.555
"Tenant 3 [Tier 2] Real-Time Web & Search","GetSmall",1,0,224.924,223.383,1.538
"Tenant 3 [Tier 2] Real-Time Web & Search","GetSmall",1,0,224.101,222.597,1.498
"Tenant 3 [Tier 2] Real-Time Web & Search","GetSmall",1,0,224.234,222.792,1.439
"Tenant 3 [Tier 2] Real-Time Web & Search","GetLarge",1,0,226.404,222.618,3.783
"Tenant 3 [Tier 2] Real-Time Web & Search","GetSmall",1,0,222.862,221.306,1.552
"Tenant 3 [Tier 2] Real-Time Web & Search","GetSmall",1,0,223.531,222.083,1.444
"Tenant 3 [Tier 2] Real-Time Web & Search","GetSmall",1,0,224.795,223.252,1.539
"Tenant 3 [Tier 2] Real-Time Web & Search","GetSmall",1,0,225.175,223.697,1.464
"Tenant 3 [Tier 2] Real-Time Web & Search","GetSmall",1,0,223.466,221.915,1.548
"Tenant 3 [Tier 2] Real-Time Web & Search","GetSmall",1,0,225.666,224.228,1.432
"Tenant 3 [Tier 2] Real-Time Web & Search","GetSmall",1,0,225.793,224.279,1.508
"Tenant 3 [Tier 2] Real-Time Web & Search","GetLarge",1,0,228.844,225.080,3.750
"Tenant 3 [Tier 2] Real-Time Web & Search","GetLarge",1,0,229.569,225.658,3.908
"Tenant 3 [Tier 2] Real-Time Web & Search","GetSmall",1,0,227.378,225.831,1.541
"Tenant 3 [Tier 2] Real-Time Web & Search","GetLarge",1,0,229.894,226.286,3.604
"Tenant 3 [Tier 2] Real-Time Web & Search","GetSmall",1,0,224.039,222.501,1.532
"Tenant 3 [Tier 2] Real-Time Web & Search","GetLarge",1,0,229.304,225.674,3.625
"Tenant 3 [Tier 2] Real-Time Web & Search","GetLarge",1,0,228.732,224.855,3.869
"Tenant 3 [Tier 2] Real-Time Web & Search","GetSmall",1,0,224.385,222.900,1.478
"Tenant 3 [Tier 2] Real-Time Web & Search","GetSmall",1,0,226.900,225.382,1.515
"Tenant 3 [Tier 2] Real-Time Web & Search","GetSmall",1,0,224.562,223.015,1.533
"Tenant 3 [Tier 2] Real-Time Web & Search","GetSmall",1,0,225.512,223.959,1.536
"Tenant 3 [Tier 2] Real-Time Web & Search","GetLarge",1,0,227.026,223.107,3.899
"Tenant 3 [Tier 2] Real-Time Web & Search","GetLarge",1,0,227.927,224.349,3.571
"Tenant 3 [Tier 2] Real-Time Web & Search","GetLarge",1,0,231.250,227.332,3.908
"Tenant 3 [Tier 2] Real-Time Web & Search","GetSmall",1,0,227.973,226.527,1.444
"Tenant 3 [Tier 2] Real-Time Web & Search","GetSmall",1,0,228.881,227.385,1.487
"Tenant 3 [Tier 2] Real-Time Web & Search","GetSmall",1,0,228.635,227.073,1.557
"Tenant 3 [Tier 2] Real-Time Web & Search","GetLarge",1,0,232.723,228.879,3.840
"Tenant 3 [Tier 2] Real-Time Web & Search","GetSmall",1,0,230.550,228.997,1.538
"Tenant 3 [Tier 2] Real-Time Web & Search","GetLarge",1,0,232.665,229.013,3.646
"Tenant 3 [Tier 2] Real-Time Web & Search","GetSmall",1,0,232.073,230.585,1.483
"Tenant 3 [Tier 2] Real-Time Web & Search","GetLarge",1,0,234.242,230.419,3.820
"Tenant 3 [Tier 2] Real-Time Web & Search","GetLarge",1,0,234.915,231.168,3.735
"Tenant 3 [Tier 2] Real-Time Web & Search","GetLarge",1,0,233.934,230.154,3.776
"Tenant 3 [Tier 2] Real-Time Web & Search","GetSmall",1,0,233.095,231.639,1.452
"Tenant 3 [Tier 2] Real-Time Web & Search","GetLarge",1,0,235.173,231.575,3.592
"Tenant 3 [Tier 2] Real-Time Web & Search","GetSmall",1,0,232.991,231.433,1.553
"Tenant 3 [Tier 2] Real-Time Web & Search","GetLarge",1,0,235.184,231.479,3.699
"Tenant 3 [Tier 2] Real-Time Web & Search","GetSmall",1,0,232.329,230.812,1.513
"Tenant 3 [Tier 2] Real-Time Web & Search","GetSmall",1,0,232.014,230.511,1.495
"Tenant 3 [Tier 2] Real-Time Web & Search","GetSmall",1,0,230.969,229.505,1.456
"Tenant 3 [Tier 2] Real-Time Web & Search","GetSmall",1,0,230.939,229.431,1.504
"Tenant 3 [Tier 2] Real-Time Web & Search","GetSmall",1,0,230.674,229.157,1.512
"Tenant 3 [Tier 2] Real-Time Web & Search","GetSmall",1,0,229.840,228.405,1.428
"Tenant 3 [Tier 2] Real-Time Web & Search","GetSmall",1,0,228.674,227.100,1.569
"Tenant 3 [Tier 2] Real-Time Web & Search","GetSmall",1,0,226.594,225.081,1.503
"Tenant 3 [Tier 2] Real-Time Web & Search","GetSmall",1,0,228.221,226.652,1.566
"Tenant 3 [Tier 2] Real-Time Web & Search","GetSmall",1,0,228.010,226.544,1.463
"Tenant 3 [Tier 2] Real-Time Web & Search","GetSmall",1,0,225.949,224.480,1.453
"Tenant 3 [Tier 2] Real-Time Web & Search","GetSmall",1,0,225.929,224.453,1.458
"Tenant 3 [Tier 2] Real-Time Web & Search","GetSmall",1,0,226.264,224.739,1.515
"Tenant 3 [Tier 2] Real-Time Web & Search","GetSmall",1,0,225.970,224.438,1.521
"Tenant 3 [Tier 2] Real-Time Web & Search","GetSmall",1,0,225.969,224.413,1.544
"Tenant 3 [Tier 2] Real-Time Web & Search","GetSmall",1,0,223.557,222.114,1.439
"Tenant 3 [Tier 2] Real-Time Web & Search","GetSmall",1,0,222.719,221.185,1.530
"Tenant 3 [Tier 2] Real-Time Web & Search","GetSmall",1,0,221.639,220.180,1.454
"Tenant 3 [Tier 2] Real-Time Web & Search","GetLarge",1,0,223.645,219.805,3.823
"Tenant 3 [Tier 2] Real-Time Web & Search","GetLarge",1,0,225.487,221.638,3.842
"Tenant 3 [Tier 2] Real-Time Web & Search","GetSmall",1,0,221.393,219.952,1.433
"Tenant 3 [Tier 2] Real-Time Web & Search","GetSmall",1,0,224.629,223.172,1.438
"Tenant 3 [Tier 2] Real-Time Web & Search","GetLarge",1,0,226.448,222.806,3.638
"Tenant 3 [Tier 2] Real-Time Web & Search","GetSmall",1,0,224.243,222.787,1.451
"Tenant 3 [Tier 2] Real-Time Web & Search","GetSmall",1,0,223.897,222.403,1.474
"Tenant 3 [Tier 2] Real-Time Web & Search","GetLarge",1,0,226.825,223.118,3.704
"Tenant 3 [Tier 2] Real-Time Web & Search","GetSmall",1,0,222.908,221.418,1.486
"Tenant 3 [Tier 2] Real-Time Web & Search","GetSmall",1,0,221.090,219.571,1.511
"Tenant 3 [Tier 2] Real-Time Web & Search","GetSmall",1,0,220.892,219.346,1.528
"Tenant 3 [Tier 2] Real-Time Web & Search","GetSmall",1,0,219.604,218.109,1.491
"Tenant 3 [Tier 2] Real-Time Web & Search","GetSmall",1,0,220.483,218.950,1.531
"Tenant 3 [Tier 2] Real-Time Web & Search","GetSmall",1,0,219.512,218.072,1.433
"Tenant 3 [Tier 2] Real-Time Web & Search","GetSmall",1,0,220.134,218.577,1.540
"Tenant 3 [Tier 2] Real-Time Web & Search","GetLarge",1,0,222.707,218.884,3.817
"Tenant 3 [Tier 2] Real-Time Web & Search","GetSmall",1,0,216.288,214.718,1.562
"Tenant 3 [Tier 2] Real-Time Web & Search","GetLarge",1,0,221.166,217.488,3.668
"Tenant 3 [Tier 2] Real-Time Web & Search","GetLarge",1,0,222.825,219.204,3.619
"Tenant 3 [Tier 2] Real-Time Web & Search","GetLarge",1,0,224.014,220.087,3.922
"Tenant 3 [Tier 2] Real-Time Web & Search","GetSmall",1,0,223.477,222.027,1.445
"Tenant 3 [Tier 2] Real-Time Web & Search","GetSmall",1,0,221.968,220.481,1.481
"Tenant 3 [Tier 2] Real-Time Web & Search","GetSmall",1,0,221.959,220.428,1.527
"Tenant 3 [Tier 2] Real-Time Web & Search","GetSmall",1,0,223.343,221.881,1.456
"Tenant 3 [Tier 2] Real-Time Web & Search","GetSmall",1,0,223.535,222.071,1.459
"Tenant 3 [Tier 2] Real-Time Web & Search","GetSmall",1,0,223.526,221.994,1.524
"Tenant 3 [Tier 2] Real-Time Web & Search","GetSmall",1,0,223.600,222.047,1.535
"Tenant 3 [Tier 2] Real-Time Web & Search","GetSmall",1,0,223.576,222.019,1.542
"Tenant 3 [Tier 2] Real-Time Web & Search","GetLarge",1,0,227.280,223.468,3.805
"Tenant 3 [Tier 2] Real-Time Web & Search","GetSmall",1,0,224.404,222.847,1.554
"Tenant 3 [Tier 2] Real-Time Web & Search","GetLarge",1,0,226.822,222.937,3.879
"Tenant 3 [Tier 2] Real-Time Web & Search","GetSmall",1,0,224.279,222.780,1.495
"Tenant 3 [Tier 2] Real-Time Web & Search","GetSmall",1,0,224.132,222.611,1.513
"Tenant 3 [Tier 2] Real-Time Web & Search","GetSmall",1,0,223.691,222.248,1.432
"Tenant 3 [Tier 2] Real-Time Web & Search","GetSmall",1,0,224.975,223.407,1.564
"Tenant 3 [Tier 2] Real-Time Web & Search","GetLarge",1,0,226.140,222.247,3.888
"Tenant 3 [Tier 2] Real-Time Web & Search","GetLarge",1,0,227.295,223.535,3.753
"Tenant 3 [Tier 2] Real-Time Web & Search","GetSmall",1,0,223.260,221.743,1.503
"Tenant 3 [Tier 2] Real-Time Web & Search","GetLarge",1,0,226.162,222.311,3.847
"Tenant 3 [Tier 2] Real-Time Web & Search","GetSmall",1,0,226.419,224.882,1.529
"Tenant 3 [Tier 2] Real-Time Web & Search","GetLarge",1,0,229.262,225.350,3.907
"Tenant 3 [Tier 2] Real-Time Web & Search","GetLarge",1,0,230.496,226.860,3.630
"Tenant 3 [Tier 2] Real-Time Web & Search","GetLarge",1,0,232.110,228.476,3.629
"Tenant 3 [Tier 2] Real-Time Web & Search","GetSmall",1,0,230.396,228.931,1.449
"Tenant 3 [Tier 2] Real-Time Web & Search","GetLarge",1,0,232.841,228.965,3.870
"Tenant 3 [Tier 2] Real-Time Web & Search","GetSmall",1,0,229.446,227.994,1.448
"Tenant 3 [Tier 2] Real-Time Web & Search","GetSmall",1,0,228.799,227.355,1.440
"Tenant 3 [Tier 2] Real-Time Web & Search","GetLarge",1,0,235.251,231.333,3.914
"Tenant 3 [Tier 2] Real-Time Web & Search","GetLarge",1,0,235.589,232.017,3.568
"Tenant 3 [Tier 2] Real-Time Web & Search","GetSmall",1,0,230.524,229.086,1.435
"Tenant 3 [Tier 2] Real-Time Web & Search","GetSmall",1,0,228.684,227.125,1.554
"Tenant 3 [Tier 2] Real-Time Web & Search","GetLarge",1,0,234.466,230.670,3.789
"Tenant 3 [Tier 2] Real-Time Web & Search","GetSmall",1,0,229.382,227.943,1.433
"Tenant 3 [Tier 2] Real-Time Web & Search","GetSmall",1,0,229.378,227.902,1.471
"Tenant 3 [Tier 2] Real-Time Web & Search","GetSmall",1,0,228.058,226.566,1.486
"Tenant 3 [Tier 2] Real-Time Web & Search","GetLarge",1,0,232.896,229.317,3.575
"Tenant 3 [Tier 2] Real-Time Web & Search","GetSmall",1,0,229.593,228.104,1.474
"Tenant 3 [Tier 2] Real-Time Web & Search","GetSmall",1,0,229.605,228.088,1.491
"Tenant 3 [Tier 2] Real-Time Web & Search","GetSmall",1,0,229.729,228.175,1.547
"Tenant 3 [Tier 2] Real-Time Web & Search","GetSmall",1,0,229.664,228.084,1.571
"Tenant 3 [Tier 2] Real-Time Web & Search","GetSmall",1,0,230.058,228.548,1.501
"Tenant 3 [Tier 2] Real-Time Web & Search","GetSmall",1,0,230.006,228.431,1.571
"Tenant 3 [Tier 2] Real-Time Web & Search","GetLarge",1,0,231.416,227.631,3.782
"Tenant 3 [Tier 2] Real-Time Web & Search","GetLarge",1,0,232.873,229.292,3.576
"Tenant 3 [Tier 2] Real-Time Web & Search","GetSmall",1,0,227.725,226.290,1.432
"Tenant 3 [Tier 2] Real-Time Web & Search","GetSmall",1,0,229.241,227.732,1.505
"Tenant 3 [Tier 2] Real-Time Web & Search","GetSmall",1,0,228.248,226.722,1.523
"Tenant 3 [Tier 2] Real-Time Web & Search","GetSmall",1,0,229.316,227.744,1.569
"Tenant 3 [Tier 2] Real-Time Web & Search","GetSmall",1,0,227.488,226.020,1.463
"Tenant 3 [Tier 2] Real-Time Web & Search","GetSmall",1,0,227.360,225.871,1.486
"Tenant 3 [Tier 2] Real-Time Web & Search","GetSmall",1,0,225.146,223.614,1.527
"Tenant 3 [Tier 2] Real-Time Web & Search","GetSmall",1,0,226.744,225.192,1.542
"Tenant 3 [Tier 2] Real-Time Web & Search","GetLarge",1,0,227.403,223.584,3.804
"Tenant 3 [Tier 2] Real-Time Web & Search","GetSmall",1,0,223.632,222.078,1.551
"Tenant 3 [Tier 2] Real-Time Web & Search","GetSmall",1,0,221.994,220.444,1.545
"Tenant 3 [Tier 2] Real-Time Web & Search","GetSmall",1,0,221.345,219.781,1.559
"Tenant 3 [Tier 2] Real-Time Web & Search","GetLarge",1,0,224.494,220.901,3.577
"Tenant 3 [Tier 2] Real-Time Web & Search","GetSmall",1,0,222.762,221.263,1.493
"Tenant 3 [Tier 2] Real-Time Web & Search","GetLarge",1,0,226.195,222.365,3.826
"Tenant 3 [Tier 2] Real-Time Web & Search","GetSmall",1,0,222.458,221.017,1.428
"Tenant 3 [Tier 2] Real-Time Web & Search","GetLarge",1,0,224.284,220.685,3.595
"Tenant 3 [Tier 2] Real-Time Web & Search","GetSmall",1,0,221.641,220.142,1.495
"Tenant 3 [Tier 2] Real-Time Web & Search","GetSmall",1,0,221.541,220.023,1.511
"Tenant 3 [Tier 2] Real-Time Web & Search","GetLarge",1,0,225.138,221.372,3.759
"Tenant 3 [Tier 2] Real-Time Web & Search","GetSmall",1,0,222.542,221.021,1.515
"Tenant 3 [Tier 2] Real-Time Web & Search","GetSmall",1,0,222.550,220.986,1.559
"Tenant 3 [Tier 2] Real-Time Web & Search","GetLarge",1,0,224.722,221.040,3.680
"Tenant 3 [Tier 2] Real-Time Web & Search","GetSmall",1,0,221.522,219.985,1.523
"Tenant 3 [Tier 2] Real-Time Web & Search","GetSmall",1,0,221.566,220.014,1.549
"Tenant 3 [Tier 2] Real-Time Web & Search","GetLarge",1,0,226.528,222.667,3.854
"Tenant 3 [Tier 2] Real-Time Web & Search","GetLarge",1,0,226.292,222.683,3.594
"Tenant 3 [Tier 2] Real-Time Web & Search","GetLarge",1,0,227.539,223.800,3.733
"Tenant 3 [Tier 2] Real-Time Web & Search","GetSmall",1,0,226.651,225.109,1.518
"Tenant 3 [Tier 2] Real-Time Web & Search","GetSmall",1,0,226.743,225.175,1.543
"Tenant 3 [Tier 2] Real-Time Web & Search","GetSmall",1,0,224.530,222.956,1.568
"Tenant 3 [Tier 2] Real-Time Web & Search","GetSmall",1,0,224.136,222.607,1.525
"Tenant 3 [Tier 2] Real-Time Web & Search","GetSmall",1,0,223.207,221.662,1.541
"Tenant 3 [Tier 2] Real-Time Web & Search","GetSmall",1,0,223.299,221.731,1.562
"Tenant 3 [Tier 2] Real-Time Web & Search","GetSmall",1,0,222.664,221.217,1.432
"Tenant 3 [Tier 2] Real-Time Web & Search","GetSmall",1,0,222.661,221.168,1.482
"Tenant 3 [Tier 2] Real-Time Web & Search","GetLarge",1,0,228.445,224.506,3.933
"Tenant 3 [Tier 2] Real-Time Web & Search","GetLarge",1,0,229.042,225.241,3.795
"Tenant 3 [Tier 2] Real-Time Web & Search","GetSmall",1,0,227.307,225.851,1.450
"Tenant 3 [Tier 2] Real-Time Web & Search","GetSmall",1,0,227.367,225.865,1.487
"Tenant 3 [Tier 2] Real-Time Web & Search","GetSmall",1,0,226.577,225.144,1.430
"Tenant 3 [Tier 2] Real-Time Web & Search","GetSmall",1,0,226.588,225.143,1.431
"Tenant 3 [Tier 2] Real-Time Web & Search","GetSmall",1,0,225.750,224.282,1.459
"Tenant 3 [Tier 2] Real-Time Web & Search","GetSmall",1,0,227.299,225.763,1.532
"Tenant 3 [Tier 2] Real-Time Web & Search","GetSmall",1,0,222.706,221.170,1.528
"Tenant 3 [Tier 2] Real-Time Web & Search","GetSmall",1,0,217.234,215.801,1.429
"Tenant 3 [Tier 2] Real-Time Web & Search","GetSmall",1,0,219.876,218.304,1.555
"Tenant 3 [Tier 2] Real-Time Web & Search","GetLarge",1,0,221.740,217.809,3.918
"Tenant 3 [Tier 2] Real-Time Web & Search","GetSmall",1,0,218.318,216.857,1.456
"Tenant 3 [Tier 2] Real-Time Web & Search","GetSmall",1,0,218.311,216.836,1.473
"Tenant 3 [Tier 2] Real-Time Web & Search","GetSmall",1,0,219.250,217.715,1.526
"Tenant 3 [Tier 2] Real-Time Web & Search","GetSmall",1,0,217.995,216.460,1.521
"Tenant 3 [Tier 2] Real-Time Web & Search","GetSmall",1,0,218.273,216.777,1.491
"Tenant 3 [Tier 2] Real-Time Web & Search","GetLarge",1,0,220.561,216.821,3.736
"Tenant 3 [Tier 2] Real-Time Web & Search","GetSmall",1,0,216.745,215.304,1.437
"Tenant 3 [Tier 2] Real-Time Web & Search","GetSmall",1,0,216.868,215.320,1.543
"Tenant 3 [Tier 2] Real-Time Web & Search","GetLarge",1,0,220.686,216.877,3.806
"Tenant 3 [Tier 2] Real-Time Web & Search","GetSmall",1,0,217.798,216.266,1.523
"Tenant 3 [Tier 2] Real-Time Web & Search","GetLarge",1,0,219.174,215.334,3.835
"Tenant 3 [Tier 2] Real-Time Web & Search","GetLarge",1,0,220.452,216.681,3.760
"Tenant 3 [Tier 2] Real-Time Web & Search","GetSmall",1,0,218.703,217.153,1.545
"Tenant 3 [Tier 2] Real-Time Web & Search","GetSmall",1,0,217.149,215.576,1.568
"Tenant 3 [Tier 2] Real-Time Web & Search","GetLarge",1,0,220.784,217.176,3.597
"Tenant 3 [Tier 2] Real-Time Web & Search","GetSmall",1,0,217.842,216.349,1.481
"Tenant 3 [Tier 2] Real-Time Web & Search","GetSmall",1,0,218.070,216.584,1.482
"Tenant 3 [Tier 2] Real-Time Web & Search","GetSmall",1,0,218.614,217.047,1.559
"Tenant 3 [Tier 2] Real-Time Web & Search","GetSmall",1,0,218.108,216.600,1.502
"Tenant 3 [Tier 2] Real-Time Web & Search","GetSmall",1,0,218.078,216.544,1.526
"Tenant 3 [Tier 2] Real-Time Web & Search","GetSmall",1,0,216.425,214.980,1.438
"Tenant 3 [Tier 2] Real-Time Web & Search","GetSmall",1,0,216.102,214.546,1.550
"Tenant 3 [Tier 2] Real-Time Web & Search","GetSmall",1,0,216.158,214.611,1.540
"Tenant 3 [Tier 2] Real-Time Web & Search","GetLarge",1,0,218.322,214.642,3.677
"Tenant 3 [Tier 2] Real-Time Web & Search","GetSmall",1,0,216.010,214.553,1.442
"Tenant 3 [Tier 2] Real-Time Web & Search","GetSmall",1,0,216.047,214.543,1.490
"Tenant 3 [Tier 2] Real-Time Web & Search","GetSmall",1,0,217.397,215.958,1.433
"Tenant 3 [Tier 2] Real-Time Web & Search","GetSmall",1,0,215.885,214.355,1.526
"Tenant 3 [Tier 2] Real-Time Web & Search","GetLarge",1,0,219.793,216.036,3.750
"Tenant 3 [Tier 2] Real-Time Web & Search","GetSmall",0,-125,214.922,214.922,0.000
"Tenant 3 [Tier 2] Real-Time Web & Search","GetSmall",0,-125,208.778,208.778,0.000
"Tenant 3 [Tier 2] Real-Time Web & Search","GetSmall",0,-125,209.382,209.382,0.000
"Tenant 3 [Tier 2] Real-Time Web & Search","GetLarge",0,-125,208.719,208.719,0.000
"Tenant 3 [Tier 2] Real-Time Web & Search","GetSmall",0,-125,200.511,200.511,0.000
"Tenant 3 [Tier 2] Real-Time Web & Search","GetLarge",0,-125,204.335,204.335,0.000
"Tenant 3 [Tier 2] Real-Time Web & Search","GetSmall",0,-125,208.808,208.808,0.000
"Tenant 3 [Tier 2] Real-Time Web & Search","GetLarge",0,-125,202.099,202.099,0.000
"Tenant 3 [Tier 2] Real-Time Web & Search","GetSmall",0,-125,200.648,200.648,0.000
"Tenant 3 [Tier 2] Real-Time Web & Search","GetLarge",0,-125,205.371,205.371,0.000
"Tenant 3 [Tier 2] Real-Time Web & Search","GetSmall",0,-125,198.290,198.290,0.000
"Tenant 3 [Tier 2] Real-Time Web & Search","GetSmall",0,-125,197.303,197.303,0.000
"Tenant 3 [Tier 2] Real-Time Web & Search","GetSmall",0,-125,190.919,190.919,0.000
"Tenant 3 [Tier 2] Real-Time Web & Search","GetSmall",0,-125,193.475,193.475,0.000
"Tenant 3 [Tier 2] Real-Time Web & Search","GetSmall",0,-125,189.338,189.338,0.000
"Tenant 3 [Tier 2] Real-Time Web & Search","GetLarge",0,-125,189.313,189.313,0.000
"Tenant 3 [Tier 2] Real-Time Web & Search","GetSmall",0,-125,187.320,187.320,0.000
"Tenant 3 [Tier 2] Real-Time Web & Search","GetLarge",0,-125,186.931,186.931,0.000
"Tenant 3 [Tier 2] Real-Time Web & Search","GetSmall",0,-125,187.178,187.178,0.000
"Tenant 3 [Tier 2] Real-Time Web & Search","GetSmall",0,-125,186.366,186.366,0.000
"Tenant 3 [Tier 2] Real-Time Web & Search","GetSmall",0,-125,183.075,183.075,0.000
"Tenant 3 [Tier 2] Real-Time Web & Search","GetSmall",0,-125,183.063,183.063,0.000
"Tenant 3 [Tier 2] Real-Time Web & Search","GetSmall",0,-125,178.593,178.593,0.000
"Tenant 3 [Tier 2] Real-Time Web & Search","GetSmall",0,-125,177.224,177.224,0.000
"Tenant 3 [Tier 2] Real-Time Web & Search","GetSmall",0,-125,175.685,175.685,0.000
"Tenant 3 [Tier 2] Real-Time Web & Search","GetLarge",0,-125,173.581,173.581,0.000
"Tenant 3 [Tier 2] Real-Time Web & Search","GetLarge",0,-125,165.327,165.327,0.000
"Tenant 3 [Tier 2] Real-Time Web & Search","GetLarge",0,-125,165.278,165.278,0.000
"Tenant 3 [Tier 2] Real-Time Web & Search","GetSmall",0,-125,163.861,163.861,0.000
"Tenant 3 [Tier 2] Real-Time Web & Search","GetSmall",0,-125,162.941,162.941,0.000
"Tenant 3 [Tier 2] Real-Time Web & Search","GetLarge",0,-125,161.579,161.579,0.000
"Tenant 3 [Tier 2] Real-Time Web & Search","GetLarge",1,0,223.843,219.963,3.876
"Tenant 4 [Tier 3] Internal Metrics & Logs","PutSmall",1,0,35.242,33.462,1.774
"Tenant 4 [Tier 3] Internal Metrics & Logs","PutSmall",1,0,35.338,33.580,1.749
"Tenant 4 [Tier 3] Internal Metrics & Logs","GetSmall",1,0,35.500,34.025,1.469
"Tenant 4 [Tier 3] Internal Metrics & Logs","GetSmall",1,0,36.054,34.556,1.493
"Tenant 4 [Tier 3] Internal Metrics & Logs","GetSmall",1,0,36.429,34.946,1.471
"Tenant 4 [Tier 3] Internal Metrics & Logs","PutSmall",1,0,36.746,34.943,1.790
"Tenant 4 [Tier 3] Internal Metrics & Logs","PutSmall",1,0,37.023,35.253,1.764
"Tenant 4 [Tier 3] Internal Metrics & Logs","PutSmall",1,0,37.788,36.052,1.732
"Tenant 4 [Tier 3] Internal Metrics & Logs","PutSmall",1,0,37.894,36.055,1.833
"Tenant 4 [Tier 3] Internal Metrics & Logs","GetSmall",1,0,38.018,36.449,1.557
"Tenant 4 [Tier 3] Internal Metrics & Logs","GetSmall",1,0,38.208,36.750,1.453
"Tenant 4 [Tier 3] Internal Metrics & Logs","PutSmall",1,0,38.338,36.450,1.881
"Tenant 4 [Tier 3] Internal Metrics & Logs","PutSmall",1,0,39.581,37.794,1.778
"Tenant 4 [Tier 3] Internal Metrics & Logs","PutSmall",1,0,39.615,37.782,1.824
"Tenant 4 [Tier 3] Internal Metrics & Logs","PutSmall",1,0,74.339,72.557,1.771
"Tenant 4 [Tier 3] Internal Metrics & Logs","PutSmall",1,0,74.395,72.555,1.812
"Tenant 4 [Tier 3] Internal Metrics & Logs","GetSmall",1,0,221.535,220.046,1.484
"Tenant 4 [Tier 3] Internal Metrics & Logs","PutSmall",1,0,221.701,219.950,1.746
"Tenant 4 [Tier 3] Internal Metrics & Logs","GetSmall",1,0,221.726,220.288,1.431
"Tenant 4 [Tier 3] Internal Metrics & Logs","PutSmall",1,0,221.531,219.731,1.794
"Tenant 4 [Tier 3] Internal Metrics & Logs","PutSmall",1,0,221.595,219.866,1.723
"Tenant 4 [Tier 3] Internal Metrics & Logs","GetSmall",1,0,221.235,219.766,1.458
"Tenant 4 [Tier 3] Internal Metrics & Logs","GetSmall",1,0,221.554,220.036,1.503
"Tenant 4 [Tier 3] Internal Metrics & Logs","PutSmall",1,0,221.119,219.261,1.854
"Tenant 4 [Tier 3] Internal Metrics & Logs","PutSmall",1,0,221.583,219.703,1.877
"Tenant 4 [Tier 3] Internal Metrics & Logs","PutSmall",1,0,221.792,220.012,1.776
"Tenant 4 [Tier 3] Internal Metrics & Logs","PutSmall",1,0,221.946,220.059,1.881
"Tenant 4 [Tier 3] Internal Metrics & Logs","GetSmall",1,0,220.823,219.320,1.493
"Tenant 4 [Tier 3] Internal Metrics & Logs","PutSmall",1,0,222.298,220.568,1.724
"Tenant 4 [Tier 3] Internal Metrics & Logs","PutSmall",1,0,221.714,219.876,1.834
"Tenant 4 [Tier 3] Internal Metrics & Logs","GetSmall",1,0,215.595,214.066,1.514
"Tenant 4 [Tier 3] Internal Metrics & Logs","PutSmall",1,0,215.846,214.028,1.779
"Tenant 4 [Tier 3] Internal Metrics & Logs","PutSmall",1,0,218.133,216.375,1.751
"Tenant 4 [Tier 3] Internal Metrics & Logs","PutSmall",1,0,218.688,216.945,1.738
"Tenant 4 [Tier 3] Internal Metrics & Logs","PutSmall",1,0,219.026,217.142,1.878
"Tenant 4 [Tier 3] Internal Metrics & Logs","GetSmall",1,0,218.103,216.619,1.480
"Tenant 4 [Tier 3] Internal Metrics & Logs","PutSmall",1,0,218.782,217.060,1.717
"Tenant 4 [Tier 3] Internal Metrics & Logs","GetSmall",1,0,218.566,217.133,1.431
"Tenant 4 [Tier 3] Internal Metrics & Logs","GetSmall",1,0,218.274,216.773,1.490
"Tenant 4 [Tier 3] Internal Metrics & Logs","PutSmall",1,0,218.930,217.170,1.746
"Tenant 4 [Tier 3] Internal Metrics & Logs","GetSmall",1,0,217.905,216.450,1.449
"Tenant 4 [Tier 3] Internal Metrics & Logs","PutSmall",1,0,218.329,216.561,1.761
"Tenant 4 [Tier 3] Internal Metrics & Logs","PutSmall",1,0,218.487,216.703,1.777
"Tenant 4 [Tier 3] Internal Metrics & Logs","PutSmall",1,0,218.588,216.793,1.792
"Tenant 4 [Tier 3] Internal Metrics & Logs","PutSmall",1,0,218.590,216.754,1.827
"Tenant 4 [Tier 3] Internal Metrics & Logs","PutSmall",1,0,218.640,216.823,1.812
"Tenant 4 [Tier 3] Internal Metrics & Logs","GetSmall",1,0,214.928,213.420,1.495
"Tenant 4 [Tier 3] Internal Metrics & Logs","PutSmall",1,0,214.948,213.113,1.822
"Tenant 4 [Tier 3] Internal Metrics & Logs","PutSmall",1,0,221.142,219.380,1.757
"Tenant 4 [Tier 3] Internal Metrics & Logs","GetSmall",1,0,221.698,220.146,1.529
"Tenant 4 [Tier 3] Internal Metrics & Logs","PutSmall",1,0,222.303,220.485,1.812
"Tenant 4 [Tier 3] Internal Metrics & Logs","PutSmall",1,0,223.105,221.333,1.767
"Tenant 4 [Tier 3] Internal Metrics & Logs","PutSmall",1,0,222.916,221.097,1.808
"Tenant 4 [Tier 3] Internal Metrics & Logs","GetSmall",1,0,223.541,222.056,1.480
"Tenant 4 [Tier 3] Internal Metrics & Logs","PutSmall",1,0,224.130,222.378,1.741
"Tenant 4 [Tier 3] Internal Metrics & Logs","PutSmall",1,0,224.453,222.650,1.799
"Tenant 4 [Tier 3] Internal Metrics & Logs","PutSmall",1,0,224.362,222.581,1.769
"Tenant 4 [Tier 3] Internal Metrics & Logs","PutSmall",1,0,225.229,223.346,1.879
"Tenant 4 [Tier 3] Internal Metrics & Logs","PutSmall",1,0,224.117,222.360,1.748
"Tenant 4 [Tier 3] Internal Metrics & Logs","GetSmall",1,0,223.868,222.422,1.441
"Tenant 4 [Tier 3] Internal Metrics & Logs","PutSmall",1,0,224.516,222.651,1.860
"Tenant 4 [Tier 3] Internal Metrics & Logs","PutSmall",1,0,224.357,222.550,1.800
"Tenant 4 [Tier 3] Internal Metrics & Logs","PutSmall",1,0,220.551,218.809,1.725
"Tenant 4 [Tier 3] Internal Metrics & Logs","GetSmall",1,0,221.795,220.256,1.533
"Tenant 4 [Tier 3] Internal Metrics & Logs","PutSmall",1,0,219.863,218.108,1.750
"Tenant 4 [Tier 3] Internal Metrics & Logs","PutSmall",1,0,219.058,217.284,1.768
"Tenant 4 [Tier 3] Internal Metrics & Logs","PutSmall",1,0,219.123,217.331,1.785
"Tenant 4 [Tier 3] Internal Metrics & Logs","PutSmall",1,0,218.340,216.465,1.860
"Tenant 4 [Tier 3] Internal Metrics & Logs","GetSmall",1,0,217.469,215.960,1.499
"Tenant 4 [Tier 3] Internal Metrics & Logs","PutSmall",1,0,218.933,217.082,1.848
"Tenant 4 [Tier 3] Internal Metrics & Logs","GetSmall",1,0,216.918,215.396,1.515
"Tenant 4 [Tier 3] Internal Metrics & Logs","PutSmall",1,0,217.813,216.043,1.763
"Tenant 4 [Tier 3] Internal Metrics & Logs","GetSmall",1,0,216.506,214.988,1.512
"Tenant 4 [Tier 3] Internal Metrics & Logs","GetSmall",1,0,216.589,215.090,1.493
"Tenant 4 [Tier 3] Internal Metrics & Logs","PutSmall",1,0,216.865,215.007,1.843
"Tenant 4 [Tier 3] Internal Metrics & Logs","PutSmall",1,0,216.879,215.113,1.760
"Tenant 4 [Tier 3] Internal Metrics & Logs","GetSmall",1,0,216.636,215.063,1.557
"Tenant 4 [Tier 3] Internal Metrics & Logs","PutSmall",1,0,216.528,214.810,1.712
"Tenant 4 [Tier 3] Internal Metrics & Logs","PutSmall",1,0,214.823,212.934,1.878
"Tenant 4 [Tier 3] Internal Metrics & Logs","PutSmall",1,0,216.525,214.689,1.816
"Tenant 4 [Tier 3] Internal Metrics & Logs","GetSmall",1,0,220.743,219.287,1.451
"Tenant 4 [Tier 3] Internal Metrics & Logs","GetSmall",1,0,221.073,219.541,1.528
"Tenant 4 [Tier 3] Internal Metrics & Logs","GetSmall",1,0,220.716,219.190,1.512
"Tenant 4 [Tier 3] Internal Metrics & Logs","PutSmall",1,0,221.952,220.174,1.773
"Tenant 4 [Tier 3] Internal Metrics & Logs","PutSmall",1,0,221.331,219.587,1.728
"Tenant 4 [Tier 3] Internal Metrics & Logs","PutSmall",1,0,221.442,219.563,1.872
"Tenant 4 [Tier 3] Internal Metrics & Logs","PutSmall",1,0,221.466,219.676,1.781
"Tenant 4 [Tier 3] Internal Metrics & Logs","PutSmall",1,0,221.920,220.131,1.779
"Tenant 4 [Tier 3] Internal Metrics & Logs","PutSmall",1,0,221.986,220.120,1.863
"Tenant 4 [Tier 3] Internal Metrics & Logs","PutSmall",1,0,221.922,220.193,1.719
"Tenant 4 [Tier 3] Internal Metrics & Logs","PutSmall",1,0,222.407,220.670,1.731
"Tenant 4 [Tier 3] Internal Metrics & Logs","PutSmall",1,0,222.473,220.746,1.718
"Tenant 4 [Tier 3] Internal Metrics & Logs","PutSmall",1,0,222.733,220.963,1.764
"Tenant 4 [Tier 3] Internal Metrics & Logs","PutSmall",1,0,222.278,220.434,1.839
"Tenant 4 [Tier 3] Internal Metrics & Logs","PutSmall",1,0,219.185,217.436,1.745
"Tenant 4 [Tier 3] Internal Metrics & Logs","PutSmall",1,0,219.261,217.460,1.795
"Tenant 4 [Tier 3] Internal Metrics & Logs","PutSmall",1,0,218.422,216.585,1.829
"Tenant 4 [Tier 3] Internal Metrics & Logs","PutSmall",1,0,217.841,216.056,1.781
"Tenant 4 [Tier 3] Internal Metrics & Logs","PutSmall",1,0,218.407,216.630,1.764
"Tenant 4 [Tier 3] Internal Metrics & Logs","GetSmall",1,0,217.232,215.750,1.477
"Tenant 4 [Tier 3] Internal Metrics & Logs","GetSmall",1,0,217.386,215.949,1.430
"Tenant 4 [Tier 3] Internal Metrics & Logs","GetSmall",1,0,217.521,216.041,1.473
"Tenant 4 [Tier 3] Internal Metrics & Logs","GetSmall",1,0,216.795,215.315,1.477
"Tenant 4 [Tier 3] Internal Metrics & Logs","GetSmall",1,0,217.958,216.390,1.562
"Tenant 4 [Tier 3] Internal Metrics & Logs","PutSmall",1,0,217.525,215.692,1.828
"Tenant 4 [Tier 3] Internal Metrics & Logs","GetSmall",1,0,216.761,215.257,1.501
"Tenant 4 [Tier 3] Internal Metrics & Logs","PutSmall",1,0,217.303,215.499,1.790
"Tenant 4 [Tier 3] Internal Metrics & Logs","PutSmall",1,0,216.852,215.113,1.725
"Tenant 4 [Tier 3] Internal Metrics & Logs","PutSmall",1,0,217.321,215.455,1.857
"Tenant 4 [Tier 3] Internal Metrics & Logs","PutSmall",1,0,217.149,215.419,1.717
"Tenant 4 [Tier 3] Internal Metrics & Logs","GetSmall",1,0,214.631,213.135,1.490
"Tenant 4 [Tier 3] Internal Metrics & Logs","PutSmall",1,0,213.861,212.043,1.813
"Tenant 4 [Tier 3] Internal Metrics & Logs","PutSmall",1,0,220.718,218.908,1.807
"Tenant 4 [Tier 3] Internal Metrics & Logs","PutSmall",1,0,221.364,219.511,1.847
"Tenant 4 [Tier 3] Internal Metrics & Logs","PutSmall",1,0,220.928,219.173,1.748
"Tenant 4 [Tier 3] Internal Metrics & Logs","GetSmall",1,0,221.997,220.439,1.554
"Tenant 4 [Tier 3] Internal Metrics & Logs","PutSmall",1,0,223.435,221.707,1.724
"Tenant 4 [Tier 3] Internal Metrics & Logs","PutSmall",1,0,222.742,220.874,1.860
"Tenant 4 [Tier 3] Internal Metrics & Logs","PutSmall",1,0,223.638,221.737,1.880
"Tenant 4 [Tier 3] Internal Metrics & Logs","PutSmall",1,0,223.595,221.778,1.808
"Tenant 4 [Tier 3] Internal Metrics & Logs","PutSmall",1,0,223.359,221.519,1.836
"Tenant 4 [Tier 3] Internal Metrics & Logs","GetSmall",1,0,222.271,220.792,1.473
"Tenant 4 [Tier 3] Internal Metrics & Logs","GetSmall",1,0,223.437,221.945,1.481
"Tenant 4 [Tier 3] Internal Metrics & Logs","PutSmall",1,0,223.876,221.984,1.888
"Tenant 4 [Tier 3] Internal Metrics & Logs","PutSmall",1,0,222.912,221.058,1.849
"Tenant 4 [Tier 3] Internal Metrics & Logs","PutSmall",1,0,222.917,221.146,1.766
"Tenant 4 [Tier 3] Internal Metrics & Logs","GetSmall",1,0,218.831,217.391,1.432
"Tenant 4 [Tier 3] Internal Metrics & Logs","PutSmall",1,0,219.466,217.575,1.887
"Tenant 4 [Tier 3] Internal Metrics & Logs","GetSmall",1,0,225.398,223.910,1.485
"Tenant 4 [Tier 3] Internal Metrics & Logs","PutSmall",1,0,226.846,224.981,1.860
"Tenant 4 [Tier 3] Internal Metrics & Logs","PutSmall",1,0,226.130,224.339,1.782
"Tenant 4 [Tier 3] Internal Metrics & Logs","PutSmall",1,0,225.244,223.507,1.726
"Tenant 4 [Tier 3] Internal Metrics & Logs","PutSmall",1,0,224.018,222.160,1.851
"Tenant 4 [Tier 3] Internal Metrics & Logs","GetSmall",1,0,224.085,222.615,1.447
"Tenant 4 [Tier 3] Internal Metrics & Logs","PutSmall",1,0,224.503,222.631,1.867
"Tenant 4 [Tier 3] Internal Metrics & Logs","PutSmall",1,0,223.960,222.103,1.850
"Tenant 4 [Tier 3] Internal Metrics & Logs","PutSmall",1,0,224.138,222.404,1.723
"Tenant 4 [Tier 3] Internal Metrics & Logs","PutSmall",1,0,224.290,222.518,1.768
"Tenant 4 [Tier 3] Internal Metrics & Logs","PutSmall",1,0,224.942,223.143,1.795
"Tenant 4 [Tier 3] Internal Metrics & Logs","PutSmall",1,0,226.444,224.558,1.875
"Tenant 4 [Tier 3] Internal Metrics & Logs","GetSmall",1,0,226.320,224.834,1.482
"Tenant 4 [Tier 3] Internal Metrics & Logs","PutSmall",1,0,227.197,225.353,1.833
"Tenant 4 [Tier 3] Internal Metrics & Logs","GetSmall",1,0,221.398,219.897,1.492
"Tenant 4 [Tier 3] Internal Metrics & Logs","PutSmall",1,0,222.965,221.067,1.890
"Tenant 4 [Tier 3] Internal Metrics & Logs","PutSmall",1,0,222.113,220.343,1.763
"Tenant 4 [Tier 3] Internal Metrics & Logs","GetSmall",1,0,221.639,220.180,1.451
"Tenant 4 [Tier 3] Internal Metrics & Logs","PutSmall",1,0,222.788,220.923,1.859
"Tenant 4 [Tier 3] Internal Metrics & Logs","GetSmall",1,0,221.799,220.279,1.507
"Tenant 4 [Tier 3] Internal Metrics & Logs","GetSmall",1,0,221.329,219.757,1.557
"Tenant 4 [Tier 3] Internal Metrics & Logs","GetSmall",1,0,221.306,219.852,1.452
"Tenant 4 [Tier 3] Internal Metrics & Logs","PutSmall",1,0,222.078,220.253,1.816
"Tenant 4 [Tier 3] Internal Metrics & Logs","PutSmall",1,0,221.690,219.910,1.774
"Tenant 4 [Tier 3] Internal Metrics & Logs","GetSmall",1,0,221.528,220.049,1.473
"Tenant 4 [Tier 3] Internal Metrics & Logs","PutSmall",1,0,221.349,219.504,1.839
"Tenant 4 [Tier 3] Internal Metrics & Logs","PutSmall",1,0,222.063,220.171,1.887
"Tenant 4 [Tier 3] Internal Metrics & Logs","PutSmall",1,0,219.853,217.977,1.871
"Tenant 4 [Tier 3] Internal Metrics & Logs","PutSmall",1,0,219.518,217.715,1.789
"Tenant 4 [Tier 3] Internal Metrics & Logs","PutSmall",1,0,220.157,218.352,1.793
"Tenant 4 [Tier 3] Internal Metrics & Logs","PutSmall",1,0,216.147,214.393,1.747
"Tenant 4 [Tier 3] Internal Metrics & Logs","PutSmall",1,0,216.425,214.648,1.760
"Tenant 4 [Tier 3] Internal Metrics & Logs","GetSmall",1,0,226.147,224.662,1.467
"Tenant 4 [Tier 3] Internal Metrics & Logs","PutSmall",1,0,226.720,224.913,1.801
"Tenant 4 [Tier 3] Internal Metrics & Logs","PutSmall",1,0,227.024,225.183,1.831
"Tenant 4 [Tier 3] Internal Metrics & Logs","GetSmall",1,0,226.812,225.345,1.464
"Tenant 4 [Tier 3] Internal Metrics & Logs","PutSmall",1,0,227.539,225.767,1.767
"Tenant 4 [Tier 3] Internal Metrics & Logs","PutSmall",1,0,227.570,225.714,1.851
"Tenant 4 [Tier 3] Internal Metrics & Logs","PutSmall",1,0,227.417,225.654,1.754
"Tenant 4 [Tier 3] Internal Metrics & Logs","GetSmall",1,0,227.121,225.575,1.533
"Tenant 4 [Tier 3] Internal Metrics & Logs","PutSmall",1,0,227.404,225.620,1.780
"Tenant 4 [Tier 3] Internal Metrics & Logs","GetSmall",1,0,226.553,225.062,1.486
"Tenant 4 [Tier 3] Internal Metrics & Logs","PutSmall",1,0,226.732,224.885,1.840
"Tenant 4 [Tier 3] Internal Metrics & Logs","PutSmall",1,0,227.348,225.552,1.788
"Tenant 4 [Tier 3] Internal Metrics & Logs","PutSmall",1,0,227.051,225.220,1.810
"Tenant 4 [Tier 3] Internal Metrics & Logs","GetSmall",1,0,221.656,220.195,1.457
"Tenant 4 [Tier 3] Internal Metrics & Logs","GetSmall",1,0,226.771,225.244,1.524
"Tenant 4 [Tier 3] Internal Metrics & Logs","PutSmall",1,0,227.445,225.705,1.736
"Tenant 4 [Tier 3] Internal Metrics & Logs","PutSmall",1,0,217.088,215.314,1.770
"Tenant 4 [Tier 3] Internal Metrics & Logs","GetSmall",1,0,216.415,214.982,1.426
"Tenant 4 [Tier 3] Internal Metrics & Logs","PutSmall",1,0,217.197,215.411,1.782
"Tenant 4 [Tier 3] Internal Metrics & Logs","GetSmall",1,0,216.987,215.454,1.528
"Tenant 4 [Tier 3] Internal Metrics & Logs","GetSmall",1,0,216.212,214.769,1.438
"Tenant 4 [Tier 3] Internal Metrics & Logs","PutSmall",1,0,217.141,215.384,1.734
"Tenant 4 [Tier 3] Internal Metrics & Logs","PutSmall",1,0,217.301,215.471,1.822
"Tenant 4 [Tier 3] Internal Metrics & Logs","GetSmall",1,0,216.742,215.229,1.508
"Tenant 4 [Tier 3] Internal Metrics & Logs","PutSmall",1,0,217.488,215.712,1.771
"Tenant 4 [Tier 3] Internal Metrics & Logs","PutSmall",1,0,217.282,215.474,1.798
"Tenant 4 [Tier 3] Internal Metrics & Logs","PutSmall",1,0,217.103,215.352,1.746
"Tenant 4 [Tier 3] Internal Metrics & Logs","PutSmall",1,0,218.480,216.737,1.738
"Tenant 4 [Tier 3] Internal Metrics & Logs","PutSmall",1,0,218.511,216.700,1.803
"Tenant 4 [Tier 3] Internal Metrics & Logs","GetSmall",1,0,218.607,217.033,1.570
"Tenant 4 [Tier 3] Internal Metrics & Logs","PutSmall",1,0,218.916,217.081,1.831
"Tenant 4 [Tier 3] Internal Metrics & Logs","PutSmall",1,0,218.700,216.814,1.881
"Tenant 4 [Tier 3] Internal Metrics & Logs","PutSmall",1,0,225.208,223.317,1.885
"Tenant 4 [Tier 3] Internal Metrics & Logs","PutSmall",1,0,227.207,225.431,1.772
"Tenant 4 [Tier 3] Internal Metrics & Logs","GetSmall",1,0,227.087,225.523,1.558
"Tenant 4 [Tier 3] Internal Metrics & Logs","PutSmall",1,0,228.333,226.549,1.767
"Tenant 4 [Tier 3] Internal Metrics & Logs","GetSmall",1,0,227.102,225.632,1.453
"Tenant 4 [Tier 3] Internal Metrics & Logs","PutSmall",1,0,227.383,225.651,1.729
"Tenant 4 [Tier 3] Internal Metrics & Logs","PutSmall",1,0,228.013,226.294,1.712
"Tenant 4 [Tier 3] Internal Metrics & Logs","PutSmall",1,0,227.104,225.222,1.877
"Tenant 4 [Tier 3] Internal Metrics & Logs","PutSmall",1,0,227.242,225.352,1.882
"Tenant 4 [Tier 3] Internal Metrics & Logs","GetSmall",1,0,227.375,225.824,1.546
"Tenant 4 [Tier 3] Internal Metrics & Logs","PutSmall",1,0,227.763,225.924,1.835
"Tenant 4 [Tier 3] Internal Metrics & Logs","GetSmall",1,0,225.746,224.203,1.539
"Tenant 4 [Tier 3] Internal Metrics & Logs","PutSmall",1,0,225.922,224.126,1.790
"Tenant 4 [Tier 3] Internal Metrics & Logs","GetSmall",1,0,226.779,225.327,1.443
"Tenant 4 [Tier 3] Internal Metrics & Logs","PutSmall",1,0,227.195,225.390,1.801
"Tenant 4 [Tier 3] Internal Metrics & Logs","PutSmall",1,0,227.505,225.637,1.860
"Tenant 4 [Tier 3] Internal Metrics & Logs","PutSmall",1,0,225.832,223.934,1.888
"Tenant 4 [Tier 3] Internal Metrics & Logs","PutSmall",1,0,228.461,226.678,1.773
"Tenant 4 [Tier 3] Internal Metrics & Logs","GetSmall",1,0,228.659,227.220,1.434
"Tenant 4 [Tier 3] Internal Metrics & Logs","PutSmall",1,0,229.682,227.898,1.779
"Tenant 4 [Tier 3] Internal Metrics & Logs","PutSmall",1,0,229.748,227.919,1.823
"Tenant 4 [Tier 3] Internal Metrics & Logs","PutSmall",1,0,230.061,228.180,1.877
"Tenant 4 [Tier 3] Internal Metrics & Logs","PutSmall",1,0,229.592,227.701,1.877
"Tenant 4 [Tier 3] Internal Metrics & Logs","PutSmall",1,0,229.862,228.023,1.831
"Tenant 4 [Tier 3] Internal Metrics & Logs","PutSmall",1,0,230.034,228.147,1.884
"Tenant 4 [Tier 3] Internal Metrics & Logs","GetSmall",1,0,229.684,228.224,1.443
"Tenant 4 [Tier 3] Internal Metrics & Logs","PutSmall",1,0,230.294,228.501,1.791
"Tenant 4 [Tier 3] Internal Metrics & Logs","PutSmall",1,0,229.919,228.048,1.867
"Tenant 4 [Tier 3] Internal Metrics & Logs","GetSmall",1,0,229.773,228.231,1.539
"Tenant 4 [Tier 3] Internal Metrics & Logs","PutSmall",1,0,228.072,226.214,1.853
"Tenant 4 [Tier 3] Internal Metrics & Logs","PutSmall",1,0,227.857,226.062,1.789
"Tenant 4 [Tier 3] Internal Metrics & Logs","PutSmall",1,0,228.053,226.331,1.719
"Tenant 4 [Tier 3] Internal Metrics & Logs","GetSmall",1,0,218.566,217.069,1.493
"Tenant 4 [Tier 3] Internal Metrics & Logs","PutSmall",1,0,218.279,216.527,1.745
"Tenant 4 [Tier 3] Internal Metrics & Logs","PutSmall",1,0,217.563,215.747,1.812
"Tenant 4 [Tier 3] Internal Metrics & Logs","GetSmall",1,0,218.869,217.328,1.537
"Tenant 4 [Tier 3] Internal Metrics & Logs","PutSmall",1,0,218.609,216.733,1.866
"Tenant 4 [Tier 3] Internal Metrics & Logs","PutSmall",1,0,219.264,217.370,1.883
"Tenant 4 [Tier 3] Internal Metrics & Logs","GetSmall",1,0,218.477,217.022,1.443
"Tenant 4 [Tier 3] Internal Metrics & Logs","PutSmall",1,0,218.471,216.616,1.849
"Tenant 4 [Tier 3] Internal Metrics & Logs","PutSmall",1,0,219.323,217.453,1.855
"Tenant 4 [Tier 3] Internal Metrics & Logs","GetSmall",1,0,218.326,216.828,1.483
"Tenant 4 [Tier 3] Internal Metrics & Logs","GetSmall",1,0,218.024,216.496,1.524
"Tenant 4 [Tier 3] Internal Metrics & Logs","PutSmall",1,0,218.382,216.636,1.744
"Tenant 4 [Tier 3] Internal Metrics & Logs","PutSmall",1,0,218.787,216.951,1.831
"Tenant 4 [Tier 3] Internal Metrics & Logs","GetSmall",1,0,218.001,216.477,1.521
"Tenant 4 [Tier 3] Internal Metrics & Logs","PutSmall",1,0,218.392,216.616,1.771
"Tenant 4 [Tier 3] Internal Metrics & Logs","PutSmall",1,0,218.909,217.179,1.724
"Tenant 4 [Tier 3] Internal Metrics & Logs","GetSmall",1,0,222.357,220.803,1.534
"Tenant 4 [Tier 3] Internal Metrics & Logs","PutSmall",1,0,222.825,221.001,1.820
"Tenant 4 [Tier 3] Internal Metrics & Logs","GetSmall",1,0,222.931,221.366,1.560
"Tenant 4 [Tier 3] Internal Metrics & Logs","GetSmall",1,0,222.413,220.951,1.453
"Tenant 4 [Tier 3] Internal Metrics & Logs","PutSmall",1,0,223.164,221.286,1.874
"Tenant 4 [Tier 3] Internal Metrics & Logs","PutSmall",1,0,223.344,221.570,1.769
"Tenant 4 [Tier 3] Internal Metrics & Logs","GetSmall",1,0,223.791,222.239,1.548
"Tenant 4 [Tier 3] Internal Metrics & Logs","PutSmall",1,0,224.476,222.637,1.836
"Tenant 4 [Tier 3] Internal Metrics & Logs","GetSmall",1,0,224.884,223.306,1.572
"Tenant 4 [Tier 3] Internal Metrics & Logs","PutSmall",1,0,225.014,223.264,1.744
"Tenant 4 [Tier 3] Internal Metrics & Logs","PutSmall",1,0,225.197,223.345,1.847
"Tenant 4 [Tier 3] Internal Metrics & Logs","PutSmall",1,0,224.893,223.133,1.755
"Tenant 4 [Tier 3] Internal Metrics & Logs","GetSmall",1,0,224.950,223.493,1.450
"Tenant 4 [Tier 3] Internal Metrics & Logs","GetSmall",1,0,224.962,223.412,1.545
"Tenant 4 [Tier 3] Internal Metrics & Logs","PutSmall",1,0,224.921,223.161,1.758
"Tenant 4 [Tier 3] Internal Metrics & Logs","PutSmall",1,0,224.659,222.772,1.883
"Tenant 4 [Tier 3] Internal Metrics & Logs","GetSmall",1,0,220.741,219.164,1.574
"Tenant 4 [Tier 3] Internal Metrics & Logs","GetSmall",1,0,222.094,220.630,1.462
"Tenant 4 [Tier 3] Internal Metrics & Logs","PutSmall",1,0,223.248,221.479,1.761
"Tenant 4 [Tier 3] Internal Metrics & Logs","PutSmall",1,0,221.157,219.358,1.787
"Tenant 4 [Tier 3] Internal Metrics & Logs","GetSmall",1,0,221.767,220.232,1.531
"Tenant 4 [Tier 3] Internal Metrics & Logs","PutSmall",1,0,222.554,220.767,1.783
"Tenant 4 [Tier 3] Internal Metrics & Logs","GetSmall",1,0,223.437,221.998,1.434
"Tenant 4 [Tier 3] Internal Metrics & Logs","GetSmall",1,0,222.416,220.837,1.575
"Tenant 4 [Tier 3] Internal Metrics & Logs","PutSmall",1,0,223.524,221.687,1.834
"Tenant 4 [Tier 3] Internal Metrics & Logs","PutSmall",1,0,223.275,221.549,1.721
"Tenant 4 [Tier 3] Internal Metrics & Logs","PutSmall",1,0,223.525,221.663,1.859
"Tenant 4 [Tier 3] Internal Metrics & Logs","PutSmall",1,0,223.611,221.761,1.844
"Tenant 4 [Tier 3] Internal Metrics & Logs","GetSmall",1,0,223.320,221.815,1.502
"Tenant 4 [Tier 3] Internal Metrics & Logs","PutSmall",1,0,223.748,221.906,1.837
"Tenant 4 [Tier 3] Internal Metrics & Logs","PutSmall",1,0,223.693,221.922,1.769
"Tenant 4 [Tier 3] Internal Metrics & Logs","GetSmall",1,0,223.178,221.660,1.511
"Tenant 4 [Tier 3] Internal Metrics & Logs","PutSmall",1,0,223.616,221.797,1.808
"Tenant 4 [Tier 3] Internal Metrics & Logs","PutSmall",1,0,221.101,219.367,1.728
"Tenant 4 [Tier 3] Internal Metrics & Logs","GetSmall",1,0,222.223,220.792,1.429
"Tenant 4 [Tier 3] Internal Metrics & Logs","PutSmall",1,0,223.802,221.990,1.809
"Tenant 4 [Tier 3] Internal Metrics & Logs","PutSmall",1,0,224.056,222.238,1.815
"Tenant 4 [Tier 3] Internal Metrics & Logs","PutSmall",1,0,223.871,221.991,1.866
"Tenant 4 [Tier 3] Internal Metrics & Logs","GetSmall",1,0,221.582,220.004,1.565
"Tenant 4 [Tier 3] Internal Metrics & Logs","PutSmall",1,0,221.478,219.758,1.715
"Tenant 4 [Tier 3] Internal Metrics & Logs","PutSmall",1,0,221.894,220.133,1.756
"Tenant 4 [Tier 3] Internal Metrics & Logs","PutSmall",1,0,221.372,219.583,1.785
"Tenant 4 [Tier 3] Internal Metrics & Logs","PutSmall",1,0,222.088,220.333,1.751
"Tenant 4 [Tier 3] Internal Metrics & Logs","PutSmall",1,0,221.508,219.638,1.863
"Tenant 4 [Tier 3] Internal Metrics & Logs","PutSmall",1,0,221.836,220.047,1.784
"Tenant 4 [Tier 3] Internal Metrics & Logs","PutSmall",1,0,221.637,219.883,1.750
"Tenant 4 [Tier 3] Internal Metrics & Logs","GetSmall",1,0,224.288,222.766,1.520
"Tenant 4 [Tier 3] Internal Metrics & Logs","GetSmall",1,0,225.669,224.172,1.491
"Tenant 4 [Tier 3] Internal Metrics & Logs","PutSmall",1,0,220.154,218.304,1.844
"Tenant 4 [Tier 3] Internal Metrics & Logs","PutSmall",1,0,223.623,221.777,1.844
"Tenant 4 [Tier 3] Internal Metrics & Logs","PutSmall",1,0,221.613,219.758,1.852
"Tenant 4 [Tier 3] Internal Metrics & Logs","PutSmall",1,0,222.121,220.302,1.816
"Tenant 4 [Tier 3] Internal Metrics & Logs","GetSmall",1,0,221.631,220.126,1.490
"Tenant 4 [Tier 3] Internal Metrics & Logs","PutSmall",1,0,222.081,220.206,1.871
"Tenant 4 [Tier 3] Internal Metrics & Logs","GetSmall",1,0,221.827,220.269,1.553
"Tenant 4 [Tier 3] Internal Metrics & Logs","PutSmall",1,0,222.221,220.452,1.764
"Tenant 4 [Tier 3] Internal Metrics & Logs","PutSmall",1,0,222.186,220.312,1.869
"Tenant 4 [Tier 3] Internal Metrics & Logs","PutSmall",1,0,221.798,219.925,1.868
"Tenant 4 [Tier 3] Internal Metrics & Logs","GetSmall",1,0,221.665,220.165,1.495
"Tenant 4 [Tier 3] Internal Metrics & Logs","GetSmall",1,0,223.450,222.005,1.439
"Tenant 4 [Tier 3] Internal Metrics & Logs","PutSmall",1,0,223.717,221.870,1.843
"Tenant 4 [Tier 3] Internal Metrics & Logs","PutSmall",1,0,224.570,222.695,1.873
"Tenant 4 [Tier 3] Internal Metrics & Logs","PutSmall",1,0,221.701,219.949,1.746
"Tenant 4 [Tier 3] Internal Metrics & Logs","PutSmall",1,0,220.306,218.436,1.865
"Tenant 4 [Tier 3] Internal Metrics & Logs","PutSmall",1,0,215.777,213.964,1.809
"Tenant 4 [Tier 3] Internal Metrics & Logs","GetSmall",1,0,213.104,211.664,1.435
"Tenant 4 [Tier 3] Internal Metrics & Logs","PutSmall",1,0,212.955,211.063,1.888
"Tenant 4 [Tier 3] Internal Metrics & Logs","PutSmall",1,0,213.829,212.074,1.732
"Tenant 4 [Tier 3] Internal Metrics & Logs","PutSmall",1,0,214.697,212.858,1.832
"Tenant 4 [Tier 3] Internal Metrics & Logs","PutSmall",1,0,214.359,212.479,1.868
"Tenant 4 [Tier 3] Internal Metrics & Logs","GetSmall",1,0,214.127,212.548,1.574
"Tenant 4 [Tier 3] Internal Metrics & Logs","PutSmall",1,0,214.174,212.340,1.829
"Tenant 4 [Tier 3] Internal Metrics & Logs","PutSmall",1,0,214.583,212.811,1.768
"Tenant 4 [Tier 3] Internal Metrics & Logs","PutSmall",1,0,214.636,212.823,1.810
"Tenant 4 [Tier 3] Internal Metrics & Logs","PutSmall",1,0,214.388,212.584,1.797
"Tenant 4 [Tier 3] Internal Metrics & Logs","PutSmall",1,0,214.418,212.700,1.712
"Tenant 4 [Tier 3] Internal Metrics & Logs","PutSmall",1,0,214.444,212.672,1.768
"Tenant 4 [Tier 3] Internal Metrics & Logs","PutSmall",1,0,214.920,213.102,1.811
"Tenant 4 [Tier 3] Internal Metrics & Logs","GetSmall",1,0,214.394,212.837,1.551
"Tenant 4 [Tier 3] Internal Metrics & Logs","PutSmall",1,0,214.754,212.956,1.779
"Tenant 4 [Tier 3] Internal Metrics & Logs","PutSmall",1,0,221.919,220.152,1.760
"Tenant 4 [Tier 3] Internal Metrics & Logs","PutSmall",1,0,220.735,218.895,1.824
"Tenant 4 [Tier 3] Internal Metrics & Logs","PutSmall",1,0,223.755,221.986,1.764
"Tenant 4 [Tier 3] Internal Metrics & Logs","PutSmall",1,0,222.215,220.446,1.763
"Tenant 4 [Tier 3] Internal Metrics & Logs","PutSmall",1,0,221.337,219.620,1.713
"Tenant 4 [Tier 3] Internal Metrics & Logs","PutSmall",1,0,221.429,219.585,1.834
"Tenant 4 [Tier 3] Internal Metrics & Logs","PutSmall",1,0,221.571,219.785,1.781
"Tenant 4 [Tier 3] Internal Metrics & Logs","PutSmall",1,0,221.685,219.952,1.726
"Tenant 4 [Tier 3] Internal Metrics & Logs","PutSmall",1,0,222.273,220.467,1.799
"Tenant 4 [Tier 3] Internal Metrics & Logs","PutSmall",1,0,223.029,221.247,1.774
"Tenant 4 [Tier 3] Internal Metrics & Logs","PutSmall",1,0,223.359,221.627,1.727
"Tenant 4 [Tier 3] Internal Metrics & Logs","GetSmall",1,0,221.818,220.284,1.524
"Tenant 4 [Tier 3] Internal Metrics & Logs","GetSmall",1,0,222.777,221.233,1.540
"Tenant 4 [Tier 3] Internal Metrics & Logs","PutSmall",1,0,223.141,221.277,1.860
"Tenant 4 [Tier 3] Internal Metrics & Logs","PutSmall",1,0,222.622,220.855,1.763
"Tenant 4 [Tier 3] Internal Metrics & Logs","PutSmall",1,0,223.147,221.387,1.756
"Tenant 4 [Tier 3] Internal Metrics & Logs","PutSmall",1,0,221.356,219.578,1.765
"Tenant 4 [Tier 3] Internal Metrics & Logs","PutSmall",1,0,221.741,220.010,1.726
"Tenant 4 [Tier 3] Internal Metrics & Logs","PutSmall",1,0,223.778,222.026,1.748
"Tenant 4 [Tier 3] Internal Metrics & Logs","PutSmall",1,0,224.048,222.268,1.765
"Tenant 4 [Tier 3] Internal Metrics & Logs","PutSmall",1,0,221.289,219.466,1.817
"Tenant 4 [Tier 3] Internal Metrics & Logs","PutSmall",1,0,224.442,222.689,1.740
"Tenant 4 [Tier 3] Internal Metrics & Logs","PutSmall",1,0,225.448,223.573,1.863
"Tenant 4 [Tier 3] Internal Metrics & Logs","GetSmall",1,0,223.717,222.222,1.485
"Tenant 4 [Tier 3] Internal Metrics & Logs","PutSmall",1,0,225.677,223.937,1.730
"Tenant 4 [Tier 3] Internal Metrics & Logs","PutSmall",1,0,225.882,224.015,1.860
"Tenant 4 [Tier 3] Internal Metrics & Logs","PutSmall",1,0,223.497,221.619,1.865
"Tenant 4 [Tier 3] Internal Metrics & Logs","GetSmall",1,0,221.397,219.958,1.434
"Tenant 4 [Tier 3] Internal Metrics & Logs","GetSmall",1,0,221.745,220.269,1.464
"Tenant 4 [Tier 3] Internal Metrics & Logs","GetSmall",1,0,221.078,219.536,1.532
"Tenant 4 [Tier 3] Internal Metrics & Logs","GetSmall",1,0,220.541,219.003,1.534
"Tenant 4 [Tier 3] Internal Metrics & Logs","PutSmall",1,0,223.108,221.319,1.778
"Tenant 4 [Tier 3] Internal Metrics & Logs","GetSmall",1,0,223.158,221.607,1.536
"Tenant 4 [Tier 3] Internal Metrics & Logs","PutSmall",1,0,220.295,218.548,1.739
"Tenant 4 [Tier 3] Internal Metrics & Logs","PutSmall",1,0,220.319,218.569,1.721
"Tenant 4 [Tier 3] Internal Metrics & Logs","PutSmall",1,0,220.422,218.611,1.805
"Tenant 4 [Tier 3] Internal Metrics & Logs","PutSmall",1,0,220.554,218.813,1.738
"Tenant 4 [Tier 3] Internal Metrics & Logs","GetSmall",1,0,218.250,216.809,1.437
"Tenant 4 [Tier 3] Internal Metrics & Logs","GetSmall",1,0,219.033,217.461,1.568
"Tenant 4 [Tier 3] Internal Metrics & Logs","PutSmall",1,0,218.401,216.513,1.881
"Tenant 4 [Tier 3] Internal Metrics & Logs","GetSmall",1,0,218.164,216.699,1.461
"Tenant 4 [Tier 3] Internal Metrics & Logs","PutSmall",1,0,218.661,216.827,1.828
"Tenant 4 [Tier 3] Internal Metrics & Logs","GetSmall",1,0,219.605,218.114,1.483
"Tenant 4 [Tier 3] Internal Metrics & Logs","GetSmall",1,0,220.560,219.051,1.493
"Tenant 4 [Tier 3] Internal Metrics & Logs","GetSmall",1,0,219.662,218.144,1.499
"Tenant 4 [Tier 3] Internal Metrics & Logs","GetSmall",1,0,220.419,218.859,1.556
"Tenant 4 [Tier 3] Internal Metrics & Logs","PutSmall",1,0,220.390,218.633,1.752
"Tenant 4 [Tier 3] Internal Metrics & Logs","PutSmall",1,0,221.093,219.258,1.833
"Tenant 4 [Tier 3] Internal Metrics & Logs","GetSmall",1,0,217.882,216.451,1.425
"Tenant 4 [Tier 3] Internal Metrics & Logs","PutSmall",1,0,222.482,220.595,1.883
"Tenant 4 [Tier 3] Internal Metrics & Logs","PutSmall",1,0,223.253,221.398,1.847
"Tenant 4 [Tier 3] Internal Metrics & Logs","GetSmall",1,0,223.354,221.849,1.502
"Tenant 4 [Tier 3] Internal Metrics & Logs","PutSmall",1,0,223.815,222.052,1.760
"Tenant 4 [Tier 3] Internal Metrics & Logs","PutSmall",1,0,222.737,221.010,1.721
"Tenant 4 [Tier 3] Internal Metrics & Logs","GetSmall",1,0,223.281,221.746,1.528
"Tenant 4 [Tier 3] Internal Metrics & Logs","PutSmall",1,0,223.849,222.058,1.781
"Tenant 4 [Tier 3] Internal Metrics & Logs","GetSmall",1,0,223.788,222.336,1.445
"Tenant 4 [Tier 3] Internal Metrics & Logs","PutSmall",1,0,224.419,222.701,1.714
"Tenant 4 [Tier 3] Internal Metrics & Logs","PutSmall",1,0,224.716,222.917,1.794
"Tenant 4 [Tier 3] Internal Metrics & Logs","PutSmall",1,0,224.770,222.937,1.826
"Tenant 4 [Tier 3] Internal Metrics & Logs","PutSmall",1,0,225.792,224.063,1.721
"Tenant 4 [Tier 3] Internal Metrics & Logs","GetSmall",1,0,226.176,224.718,1.450
"Tenant 4 [Tier 3] Internal Metrics & Logs","PutSmall",1,0,226.656,224.913,1.739
"Tenant 4 [Tier 3] Internal Metrics & Logs","PutSmall",1,0,227.075,225.229,1.842
"Tenant 4 [Tier 3] Internal Metrics & Logs","GetSmall",1,0,222.381,220.888,1.486
"Tenant 4 [Tier 3] Internal Metrics & Logs","PutSmall",1,0,222.165,220.398,1.753
"Tenant 4 [Tier 3] Internal Metrics & Logs","GetSmall",1,0,218.776,217.302,1.450
"Tenant 4 [Tier 3] Internal Metrics & Logs","PutSmall",1,0,219.595,217.867,1.717
"Tenant 4 [Tier 3] Internal Metrics & Logs","PutSmall",1,0,219.548,217.756,1.787
"Tenant 4 [Tier 3] Internal Metrics & Logs","PutSmall",1,0,219.973,218.109,1.860
"Tenant 4 [Tier 3] Internal Metrics & Logs","PutSmall",1,0,219.133,217.265,1.863
"Tenant 4 [Tier 3] Internal Metrics & Logs","GetSmall",1,0,218.438,216.979,1.454
"Tenant 4 [Tier 3] Internal Metrics & Logs","PutSmall",1,0,219.033,217.248,1.780
"Tenant 4 [Tier 3] Internal Metrics & Logs","PutSmall",1,0,219.805,218.000,1.792
"Tenant 4 [Tier 3] Internal Metrics & Logs","PutSmall",1,0,219.176,217.402,1.770
"Tenant 4 [Tier 3] Internal Metrics & Logs","PutSmall",1,0,219.321,217.433,1.885
"Tenant 4 [Tier 3] Internal Metrics & Logs","GetSmall",1,0,218.643,217.124,1.515
"Tenant 4 [Tier 3] Internal Metrics & Logs","PutSmall",1,0,219.781,218.030,1.747
"Tenant 4 [Tier 3] Internal Metrics & Logs","PutSmall",1,0,221.262,219.426,1.831
"Tenant 4 [Tier 3] Internal Metrics & Logs","GetSmall",1,0,221.425,219.958,1.460
"Tenant 4 [Tier 3] Internal Metrics & Logs","GetSmall",1,0,218.973,217.435,1.535
"Tenant 4 [Tier 3] Internal Metrics & Logs","PutSmall",1,0,220.047,218.243,1.801
"Tenant 4 [Tier 3] Internal Metrics & Logs","PutSmall",1,0,222.564,220.780,1.781
"Tenant 4 [Tier 3] Internal Metrics & Logs","GetSmall",1,0,222.333,220.806,1.523
"Tenant 4 [Tier 3] Internal Metrics & Logs","GetSmall",1,0,222.623,221.063,1.557
"Tenant 4 [Tier 3] Internal Metrics & Logs","GetSmall",1,0,223.498,221.987,1.507
"Tenant 4 [Tier 3] Internal Metrics & Logs","GetSmall",1,0,222.173,220.640,1.530
"Tenant 4 [Tier 3] Internal Metrics & Logs","PutSmall",1,0,222.666,220.879,1.773
"Tenant 4 [Tier 3] Internal Metrics & Logs","PutSmall",1,0,223.098,221.281,1.811
"Tenant 4 [Tier 3] Internal Metrics & Logs","PutSmall",1,0,223.098,221.301,1.786
"Tenant 4 [Tier 3] Internal Metrics & Logs","GetSmall",1,0,222.299,220.787,1.506
"Tenant 4 [Tier 3] Internal Metrics & Logs","PutSmall",1,0,223.391,221.600,1.783
"Tenant 4 [Tier 3] Internal Metrics & Logs","PutSmall",1,0,223.845,221.999,1.841
"Tenant 4 [Tier 3] Internal Metrics & Logs","GetSmall",1,0,222.673,221.233,1.425
"Tenant 4 [Tier 3] Internal Metrics & Logs","GetSmall",1,0,220.956,219.471,1.464
"Tenant 4 [Tier 3] Internal Metrics & Logs","PutSmall",1,0,222.703,220.869,1.829
"Tenant 4 [Tier 3] Internal Metrics & Logs","PutSmall",1,0,215.732,213.959,1.769
"Tenant 4 [Tier 3] Internal Metrics & Logs","PutSmall",1,0,217.207,215.397,1.805
"Tenant 4 [Tier 3] Internal Metrics & Logs","PutSmall",1,0,216.672,214.877,1.791
"Tenant 4 [Tier 3] Internal Metrics & Logs","PutSmall",1,0,215.944,214.159,1.774
"Tenant 4 [Tier 3] Internal Metrics & Logs","PutSmall",1,0,216.340,214.508,1.828
"Tenant 4 [Tier 3] Internal Metrics & Logs","PutSmall",1,0,217.725,215.852,1.867
"Tenant 4 [Tier 3] Internal Metrics & Logs","PutSmall",1,0,216.811,215.076,1.731
"Tenant 4 [Tier 3] Internal Metrics & Logs","PutSmall",1,0,216.169,214.443,1.721
"Tenant 4 [Tier 3] Internal Metrics & Logs","PutSmall",1,0,216.026,214.277,1.746
"Tenant 4 [Tier 3] Internal Metrics & Logs","PutSmall",1,0,216.088,214.261,1.824
"Tenant 4 [Tier 3] Internal Metrics & Logs","GetSmall",1,0,215.227,213.701,1.519
"Tenant 4 [Tier 3] Internal Metrics & Logs","PutSmall",1,0,215.514,213.751,1.753
"Tenant 4 [Tier 3] Internal Metrics & Logs","PutSmall",1,0,217.170,215.357,1.802
"Tenant 4 [Tier 3] Internal Metrics & Logs","PutSmall",1,0,216.598,214.739,1.853
"Tenant 4 [Tier 3] Internal Metrics & Logs","PutSmall",1,0,217.378,215.488,1.886
"Tenant 4 [Tier 3] Internal Metrics & Logs","PutSmall",1,0,217.137,215.340,1.793
"Tenant 4 [Tier 3] Internal Metrics & Logs","PutSmall",1,0,222.436,220.668,1.763
"Tenant 4 [Tier 3] Internal Metrics & Logs","PutSmall",1,0,221.003,219.206,1.777
"Tenant 4 [Tier 3] Internal Metrics & Logs","PutSmall",1,0,220.367,218.610,1.754
"Tenant 4 [Tier 3] Internal Metrics & Logs","PutSmall",1,0,221.382,219.538,1.837
"Tenant 4 [Tier 3] Internal Metrics & Logs","GetSmall",1,0,219.206,217.771,1.430
"Tenant 4 [Tier 3] Internal Metrics & Logs","PutSmall",1,0,222.902,221.099,1.798
"Tenant 4 [Tier 3] Internal Metrics & Logs","GetSmall",1,0,219.154,217.595,1.554
"Tenant 4 [Tier 3] Internal Metrics & Logs","PutSmall",1,0,220.253,218.417,1.824
"Tenant 4 [Tier 3] Internal Metrics & Logs","PutSmall",1,0,219.700,217.839,1.857
"Tenant 4 [Tier 3] Internal Metrics & Logs","PutSmall",1,0,219.913,218.095,1.812
"Tenant 4 [Tier 3] Internal Metrics & Logs","GetSmall",1,0,219.266,217.825,1.436
"Tenant 4 [Tier 3] Internal Metrics & Logs","PutSmall",1,0,219.423,217.576,1.840
"Tenant 4 [Tier 3] Internal Metrics & Logs","PutSmall",1,0,220.324,218.523,1.797
"Tenant 4 [Tier 3] Internal Metrics & Logs","GetSmall",1,0,218.921,217.457,1.459
"Tenant 4 [Tier 3] Internal Metrics & Logs","PutSmall",1,0,219.664,217.933,1.727
"Tenant 4 [Tier 3] Internal Metrics & Logs","PutSmall",1,0,221.890,220.019,1.866
"Tenant 4 [Tier 3] Internal Metrics & Logs","PutSmall",1,0,218.190,216.330,1.857
"Tenant 4 [Tier 3] Internal Metrics & Logs","PutSmall",1,0,216.587,214.701,1.883
"Tenant 4 [Tier 3] Internal Metrics & Logs","PutSmall",1,0,220.022,218.210,1.806
"Tenant 4 [Tier 3] Internal Metrics & Logs","PutSmall",1,0,218.202,216.359,1.840
"Tenant 4 [Tier 3] Internal Metrics & Logs","PutSmall",1,0,220.196,218.419,1.772
"Tenant 4 [Tier 3] Internal Metrics & Logs","GetSmall",1,0,220.619,219.068,1.543
"Tenant 4 [Tier 3] Internal Metrics & Logs","GetSmall",1,0,221.341,219.814,1.520
"Tenant 4 [Tier 3] Internal Metrics & Logs","PutSmall",1,0,221.724,219.832,1.888
"Tenant 4 [Tier 3] Internal Metrics & Logs","PutSmall",1,0,220.928,219.169,1.757
"Tenant 4 [Tier 3] Internal Metrics & Logs","PutSmall",1,0,221.278,219.459,1.814
"Tenant 4 [Tier 3] Internal Metrics & Logs","PutSmall",1,0,218.829,217.028,1.796
"Tenant 4 [Tier 3] Internal Metrics & Logs","PutSmall",1,0,219.011,217.209,1.798
"Tenant 4 [Tier 3] Internal Metrics & Logs","PutSmall",1,0,218.686,216.931,1.749
"Tenant 4 [Tier 3] Internal Metrics & Logs","PutSmall",1,0,217.282,215.441,1.838
"Tenant 4 [Tier 3] Internal Metrics & Logs","PutSmall",1,0,218.566,216.742,1.817
"Tenant 4 [Tier 3] Internal Metrics & Logs","GetSmall",1,0,215.638,214.184,1.449
"Tenant 4 [Tier 3] Internal Metrics & Logs","PutSmall",1,0,220.940,219.146,1.790
"Tenant 4 [Tier 3] Internal Metrics & Logs","PutSmall",1,0,221.867,220.085,1.770
"Tenant 4 [Tier 3] Internal Metrics & Logs","PutSmall",1,0,224.484,222.742,1.733
"Tenant 4 [Tier 3] Internal Metrics & Logs","PutSmall",1,0,225.328,223.435,1.889
"Tenant 4 [Tier 3] Internal Metrics & Logs","GetSmall",1,0,224.250,222.795,1.451
"Tenant 4 [Tier 3] Internal Metrics & Logs","GetSmall",1,0,223.553,222.007,1.542
"Tenant 4 [Tier 3] Internal Metrics & Logs","PutSmall",1,0,226.170,224.419,1.747
"Tenant 4 [Tier 3] Internal Metrics & Logs","GetSmall",1,0,225.863,224.356,1.493
"Tenant 4 [Tier 3] Internal Metrics & Logs","GetSmall",1,0,226.647,225.076,1.567
"Tenant 4 [Tier 3] Internal Metrics & Logs","PutSmall",1,0,226.191,224.411,1.776
"Tenant 4 [Tier 3] Internal Metrics & Logs","GetSmall",1,0,227.549,226.054,1.489
"Tenant 4 [Tier 3] Internal Metrics & Logs","PutSmall",1,0,227.272,225.431,1.834
"Tenant 4 [Tier 3] Internal Metrics & Logs","PutSmall",1,0,228.485,226.629,1.852
"Tenant 4 [Tier 3] Internal Metrics & Logs","PutSmall",1,0,227.861,226.040,1.816
"Tenant 4 [Tier 3] Internal Metrics & Logs","PutSmall",1,0,225.070,223.190,1.875
"Tenant 4 [Tier 3] Internal Metrics & Logs","PutSmall",1,0,223.582,221.696,1.882
"Tenant 4 [Tier 3] Internal Metrics & Logs","PutSmall",1,0,229.723,227.868,1.851
"Tenant 4 [Tier 3] Internal Metrics & Logs","PutSmall",1,0,230.774,229.007,1.754
"Tenant 4 [Tier 3] Internal Metrics & Logs","GetSmall",1,0,227.545,226.000,1.536
"Tenant 4 [Tier 3] Internal Metrics & Logs","PutSmall",1,0,228.653,226.886,1.761
"Tenant 4 [Tier 3] Internal Metrics & Logs","PutSmall",1,0,228.777,226.920,1.852
"Tenant 4 [Tier 3] Internal Metrics & Logs","PutSmall",1,0,229.396,227.511,1.881
"Tenant 4 [Tier 3] Internal Metrics & Logs","PutSmall",1,0,228.958,227.144,1.807
"Tenant 4 [Tier 3] Internal Metrics & Logs","GetSmall",1,0,228.363,226.930,1.428
"Tenant 4 [Tier 3] Internal Metrics & Logs","PutSmall",1,0,228.786,226.997,1.785
"Tenant 4 [Tier 3] Internal Metrics & Logs","PutSmall",1,0,229.380,227.629,1.746
"Tenant 4 [Tier 3] Internal Metrics & Logs","PutSmall",1,0,229.546,227.702,1.836
"Tenant 4 [Tier 3] Internal Metrics & Logs","PutSmall",1,0,229.577,227.688,1.883
"Tenant 4 [Tier 3] Internal Metrics & Logs","PutSmall",1,0,230.071,228.292,1.774
"Tenant 4 [Tier 3] Internal Metrics & Logs","PutSmall",1,0,231.184,229.436,1.744
"Tenant 4 [Tier 3] Internal Metrics & Logs","PutSmall",1,0,232.339,230.512,1.815
"Tenant 4 [Tier 3] Internal Metrics & Logs","PutSmall",1,0,233.352,231.543,1.798
"Tenant 4 [Tier 3] Internal Metrics & Logs","PutSmall",1,0,222.969,221.086,1.879
"Tenant 4 [Tier 3] Internal Metrics & Logs","PutSmall",1,0,220.677,218.927,1.745
"Tenant 4 [Tier 3] Internal Metrics & Logs","GetSmall",1,0,217.756,216.237,1.507
"Tenant 4 [Tier 3] Internal Metrics & Logs","GetSmall",1,0,217.570,216.005,1.557
"Tenant 4 [Tier 3] Internal Metrics & Logs","GetSmall",1,0,217.409,215.957,1.447
"Tenant 4 [Tier 3] Internal Metrics & Logs","GetSmall",1,0,216.737,215.247,1.485
"Tenant 4 [Tier 3] Internal Metrics & Logs","PutSmall",1,0,216.850,215.134,1.711
"Tenant 4 [Tier 3] Internal Metrics & Logs","GetSmall",1,0,216.599,215.074,1.520
"Tenant 4 [Tier 3] Internal Metrics & Logs","PutSmall",1,0,217.175,215.435,1.737
"Tenant 4 [Tier 3] Internal Metrics & Logs","PutSmall",1,0,217.012,215.236,1.769
"Tenant 4 [Tier 3] Internal Metrics & Logs","GetSmall",1,0,215.571,214.111,1.454
"Tenant 4 [Tier 3] Internal Metrics & Logs","PutSmall",1,0,216.136,214.295,1.835
"Tenant 4 [Tier 3] Internal Metrics & Logs","PutSmall",1,0,216.452,214.600,1.846
"Tenant 4 [Tier 3] Internal Metrics & Logs","PutSmall",1,0,216.451,214.706,1.736
"Tenant 4 [Tier 3] Internal Metrics & Logs","PutSmall",1,0,216.449,214.588,1.854
"Tenant 4 [Tier 3] Internal Metrics & Logs","PutSmall",1,0,216.070,214.333,1.727
"Tenant 4 [Tier 3] Internal Metrics & Logs","PutSmall",1,0,226.327,224.535,1.788
"Tenant 4 [Tier 3] Internal Metrics & Logs","PutSmall",1,0,227.319,225.464,1.847
"Tenant 4 [Tier 3] Internal Metrics & Logs","PutSmall",1,0,225.353,223.526,1.818
"Tenant 4 [Tier 3] Internal Metrics & Logs","PutSmall",1,0,225.679,223.862,1.813
"Tenant 4 [Tier 3] Internal Metrics & Logs","PutSmall",1,0,227.314,225.432,1.877
"Tenant 4 [Tier 3] Internal Metrics & Logs","PutSmall",1,0,227.292,225.394,1.883
"Tenant 4 [Tier 3] Internal Metrics & Logs","GetSmall",1,0,229.478,227.973,1.500
"Tenant 4 [Tier 3] Internal Metrics & Logs","GetSmall",1,0,230.180,228.700,1.473
"Tenant 4 [Tier 3] Internal Metrics & Logs","PutSmall",1,0,229.422,227.647,1.769
"Tenant 4 [Tier 3] Internal Metrics & Logs","PutSmall",1,0,230.746,228.921,1.822
"Tenant 4 [Tier 3] Internal Metrics & Logs","PutSmall",1,0,231.244,229.473,1.763
"Tenant 4 [Tier 3] Internal Metrics & Logs","PutSmall",1,0,230.353,228.522,1.819
"Tenant 4 [Tier 3] Internal Metrics & Logs","PutSmall",1,0,229.732,228.009,1.717
"Tenant 4 [Tier 3] Internal Metrics & Logs","PutSmall",1,0,231.062,229.222,1.835
"Tenant 4 [Tier 3] Internal Metrics & Logs","GetSmall",1,0,230.388,228.842,1.542
"Tenant 4 [Tier 3] Internal Metrics & Logs","PutSmall",1,0,232.155,230.272,1.871
"Tenant 4 [Tier 3] Internal Metrics & Logs","PutSmall",1,0,222.547,220.800,1.741
"Tenant 4 [Tier 3] Internal Metrics & Logs","PutSmall",1,0,219.907,218.145,1.750
"Tenant 4 [Tier 3] Internal Metrics & Logs","PutSmall",1,0,220.055,218.327,1.723
"Tenant 4 [Tier 3] Internal Metrics & Logs","PutSmall",1,0,220.500,218.686,1.810
"Tenant 4 [Tier 3] Internal Metrics & Logs","GetSmall",1,0,217.911,216.389,1.508
"Tenant 4 [Tier 3] Internal Metrics & Logs","PutSmall",1,0,218.804,216.973,1.827
"Tenant 4 [Tier 3] Internal Metrics & Logs","PutSmall",1,0,218.828,217.076,1.743
"Tenant 4 [Tier 3] Internal Metrics & Logs","PutSmall",1,0,218.240,216.498,1.733
"Tenant 4 [Tier 3] Internal Metrics & Logs","PutSmall",1,0,218.596,216.803,1.783
"Tenant 4 [Tier 3] Internal Metrics & Logs","PutSmall",1,0,218.837,217.045,1.788
"Tenant 4 [Tier 3] Internal Metrics & Logs","GetSmall",1,0,218.228,216.668,1.544
"Tenant 4 [Tier 3] Internal Metrics & Logs","PutSmall",1,0,218.334,216.616,1.714
"Tenant 4 [Tier 3] Internal Metrics & Logs","PutSmall",1,0,219.076,217.330,1.742
"Tenant 4 [Tier 3] Internal Metrics & Logs","PutSmall",1,0,219.007,217.258,1.741
"Tenant 4 [Tier 3] Internal Metrics & Logs","PutSmall",1,0,220.217,218.394,1.813
"Tenant 4 [Tier 3] Internal Metrics & Logs","PutSmall",1,0,221.675,219.776,1.886
"Tenant 4 [Tier 3] Internal Metrics & Logs","PutSmall",1,0,220.089,218.351,1.726
"Tenant 4 [Tier 3] Internal Metrics & Logs","GetSmall",1,0,219.957,218.463,1.490
"Tenant 4 [Tier 3] Internal Metrics & Logs","GetSmall",1,0,219.746,218.309,1.434
"Tenant 4 [Tier 3] Internal Metrics & Logs","PutSmall",1,0,220.859,219.027,1.816
"Tenant 4 [Tier 3] Internal Metrics & Logs","PutSmall",1,0,221.409,219.643,1.760
"Tenant 4 [Tier 3] Internal Metrics & Logs","PutSmall",1,0,220.530,218.741,1.773
"Tenant 4 [Tier 3] Internal Metrics & Logs","PutSmall",1,0,220.766,219.034,1.729
"Tenant 4 [Tier 3] Internal Metrics & Logs","GetSmall",1,0,220.623,219.143,1.469
"Tenant 4 [Tier 3] Internal Metrics & Logs","PutSmall",1,0,220.904,219.084,1.814
"Tenant 4 [Tier 3] Internal Metrics & Logs","PutSmall",1,0,220.335,218.499,1.822
"Tenant 4 [Tier 3] Internal Metrics & Logs","PutSmall",1,0,221.112,219.359,1.749
"Tenant 4 [Tier 3] Internal Metrics & Logs","PutSmall",1,0,221.039,219.200,1.834
"Tenant 4 [Tier 3] Internal Metrics & Logs","PutSmall",1,0,220.416,218.572,1.842
"Tenant 4 [Tier 3] Internal Metrics & Logs","GetSmall",1,0,221.313,219.738,1.570
"Tenant 4 [Tier 3] Internal Metrics & Logs","PutSmall",1,0,222.186,220.409,1.767
"Tenant 4 [Tier 3] Internal Metrics & Logs","PutSmall",1,0,221.261,219.446,1.812
"Tenant 4 [Tier 3] Internal Metrics & Logs","GetSmall",1,0,220.380,218.936,1.437
"Tenant 4 [Tier 3] Internal Metrics & Logs","GetSmall",1,0,221.619,220.176,1.440
"Tenant 4 [Tier 3] Internal Metrics & Logs","GetSmall",1,0,222.785,221.256,1.523
"Tenant 4 [Tier 3] Internal Metrics & Logs","PutSmall",1,0,224.296,222.451,1.841
"Tenant 4 [Tier 3] Internal Metrics & Logs","PutSmall",1,0,223.380,221.639,1.736
"Tenant 4 [Tier 3] Internal Metrics & Logs","PutSmall",1,0,223.456,221.668,1.784
"Tenant 4 [Tier 3] Internal Metrics & Logs","GetSmall",1,0,222.441,220.948,1.481
"Tenant 4 [Tier 3] Internal Metrics & Logs","PutSmall",1,0,222.718,220.942,1.772
"Tenant 4 [Tier 3] Internal Metrics & Logs","PutSmall",1,0,222.395,220.604,1.786
"Tenant 4 [Tier 3] Internal Metrics & Logs","PutSmall",1,0,222.953,221.231,1.716
"Tenant 4 [Tier 3] Internal Metrics & Logs","PutSmall",1,0,222.555,220.826,1.720
"Tenant 4 [Tier 3] Internal Metrics & Logs","PutSmall",1,0,222.733,220.908,1.820
"Tenant 4 [Tier 3] Internal Metrics & Logs","PutSmall",1,0,222.506,220.738,1.765
"Tenant 4 [Tier 3] Internal Metrics & Logs","PutSmall",1,0,222.431,220.544,1.882
"Tenant 4 [Tier 3] Internal Metrics & Logs","PutSmall",1,0,221.220,219.495,1.722
"Tenant 4 [Tier 3] Internal Metrics & Logs","PutSmall",1,0,222.533,220.717,1.813
"Tenant 4 [Tier 3] Internal Metrics & Logs","PutSmall",1,0,220.114,218.296,1.814
"Tenant 4 [Tier 3] Internal Metrics & Logs","GetSmall",1,0,219.605,218.075,1.525
"Tenant 4 [Tier 3] Internal Metrics & Logs","PutSmall",1,0,221.137,219.342,1.784
"Tenant 4 [Tier 3] Internal Metrics & Logs","PutSmall",1,0,221.622,219.852,1.755
"Tenant 4 [Tier 3] Internal Metrics & Logs","PutSmall",1,0,221.310,219.489,1.814
"Tenant 4 [Tier 3] Internal Metrics & Logs","PutSmall",1,0,221.393,219.540,1.850
"Tenant 4 [Tier 3] Internal Metrics & Logs","PutSmall",1,0,221.732,219.963,1.764
"Tenant 4 [Tier 3] Internal Metrics & Logs","PutSmall",1,0,221.507,219.764,1.739
"Tenant 4 [Tier 3] Internal Metrics & Logs","PutSmall",1,0,221.524,219.754,1.767
"Tenant 4 [Tier 3] Internal Metrics & Logs","PutSmall",1,0,221.302,219.499,1.798
"Tenant 4 [Tier 3] Internal Metrics & Logs","PutSmall",1,0,220.953,219.112,1.836
"Tenant 4 [Tier 3] Internal Metrics & Logs","PutSmall",1,0,221.585,219.809,1.771
"Tenant 4 [Tier 3] Internal Metrics & Logs","PutSmall",1,0,222.498,220.699,1.794
"Tenant 4 [Tier 3] Internal Metrics & Logs","GetSmall",1,0,220.134,218.683,1.447
"Tenant 4 [Tier 3] Internal Metrics & Logs","PutSmall",1,0,220.539,218.726,1.807
"Tenant 4 [Tier 3] Internal Metrics & Logs","GetSmall",1,0,220.352,218.782,1.565
"Tenant 4 [Tier 3] Internal Metrics & Logs","PutSmall",1,0,221.539,219.662,1.873
"Tenant 4 [Tier 3] Internal Metrics & Logs","PutSmall",1,0,225.576,223.743,1.829
"Tenant 4 [Tier 3] Internal Metrics & Logs","PutSmall",1,0,223.693,221.947,1.743
"Tenant 4 [Tier 3] Internal Metrics & Logs","GetSmall",1,0,224.049,222.611,1.433
"Tenant 4 [Tier 3] Internal Metrics & Logs","GetSmall",1,0,224.546,223.097,1.443
"Tenant 4 [Tier 3] Internal Metrics & Logs","GetSmall",1,0,224.608,223.053,1.553
"Tenant 4 [Tier 3] Internal Metrics & Logs","PutSmall",1,0,224.057,222.196,1.858
"Tenant 4 [Tier 3] Internal Metrics & Logs","GetSmall",1,0,224.646,223.154,1.485
"Tenant 4 [Tier 3] Internal Metrics & Logs","PutSmall",1,0,224.662,222.803,1.847
"Tenant 4 [Tier 3] Internal Metrics & Logs","PutSmall",1,0,225.051,223.181,1.859
"Tenant 4 [Tier 3] Internal Metrics & Logs","PutSmall",1,0,224.867,223.066,1.798
"Tenant 4 [Tier 3] Internal Metrics & Logs","PutSmall",1,0,224.359,222.488,1.861
"Tenant 4 [Tier 3] Internal Metrics & Logs","PutSmall",1,0,225.490,223.580,1.888
"Tenant 4 [Tier 3] Internal Metrics & Logs","PutSmall",1,0,224.789,222.895,1.884
"Tenant 4 [Tier 3] Internal Metrics & Logs","PutSmall",1,0,224.169,222.309,1.850
"Tenant 4 [Tier 3] Internal Metrics & Logs","PutSmall",1,0,225.445,223.705,1.736
"Tenant 4 [Tier 3] Internal Metrics & Logs","PutSmall",1,0,226.866,225.130,1.733
"Tenant 4 [Tier 3] Internal Metrics & Logs","GetSmall",1,0,225.403,223.844,1.555
"Tenant 4 [Tier 3] Internal Metrics & Logs","PutSmall",1,0,225.913,224.169,1.740
"Tenant 4 [Tier 3] Internal Metrics & Logs","PutSmall",1,0,227.690,225.938,1.749
"Tenant 4 [Tier 3] Internal Metrics & Logs","GetSmall",1,0,224.840,223.407,1.426
"Tenant 4 [Tier 3] Internal Metrics & Logs","PutSmall",1,0,225.172,223.316,1.852
"Tenant 4 [Tier 3] Internal Metrics & Logs","PutSmall",1,0,222.237,220.516,1.711
"Tenant 4 [Tier 3] Internal Metrics & Logs","PutSmall",1,0,223.882,222.044,1.835
"Tenant 4 [Tier 3] Internal Metrics & Logs","GetSmall",1,0,225.054,223.491,1.558
"Tenant 4 [Tier 3] Internal Metrics & Logs","GetSmall",1,0,222.382,220.948,1.430
"Tenant 4 [Tier 3] Internal Metrics & Logs","PutSmall",1,0,225.377,223.507,1.866
"Tenant 4 [Tier 3] Internal Metrics & Logs","GetSmall",1,0,221.736,220.281,1.450
"Tenant 4 [Tier 3] Internal Metrics & Logs","PutSmall",1,0,222.061,220.246,1.813
"Tenant 4 [Tier 3] Internal Metrics & Logs","PutSmall",1,0,224.159,222.289,1.865
"Tenant 4 [Tier 3] Internal Metrics & Logs","PutSmall",1,0,224.238,222.366,1.865
"Tenant 4 [Tier 3] Internal Metrics & Logs","PutSmall",1,0,223.574,221.844,1.726
"Tenant 4 [Tier 3] Internal Metrics & Logs","PutSmall",1,0,226.431,224.657,1.769
"Tenant 4 [Tier 3] Internal Metrics & Logs","PutSmall",1,0,229.058,227.223,1.829
"Tenant 4 [Tier 3] Internal Metrics & Logs","PutSmall",1,0,228.605,226.833,1.769
"Tenant 4 [Tier 3] Internal Metrics & Logs","PutSmall",1,0,231.970,230.249,1.711
"Tenant 4 [Tier 3] Internal Metrics & Logs","GetSmall",1,0,231.785,230.270,1.501
"Tenant 4 [Tier 3] Internal Metrics & Logs","PutSmall",1,0,232.539,230.697,1.837
"Tenant 4 [Tier 3] Internal Metrics & Logs","GetSmall",1,0,231.597,230.125,1.466
"Tenant 4 [Tier 3] Internal Metrics & Logs","GetSmall",1,0,231.485,229.999,1.474
"Tenant 4 [Tier 3] Internal Metrics & Logs","GetSmall",1,0,232.628,231.112,1.510
"Tenant 4 [Tier 3] Internal Metrics & Logs","GetSmall",1,0,232.341,230.789,1.549
"Tenant 4 [Tier 3] Internal Metrics & Logs","PutSmall",1,0,232.954,231.064,1.886
"Tenant 4 [Tier 3] Internal Metrics & Logs","PutSmall",1,0,232.623,230.793,1.825
"Tenant 4 [Tier 3] Internal Metrics & Logs","PutSmall",1,0,233.151,231.269,1.875
"Tenant 4 [Tier 3] Internal Metrics & Logs","PutSmall",1,0,230.988,229.190,1.794
"Tenant 4 [Tier 3] Internal Metrics & Logs","PutSmall",1,0,232.699,230.970,1.726
"Tenant 4 [Tier 3] Internal Metrics & Logs","PutSmall",1,0,232.944,231.136,1.804
"Tenant 4 [Tier 3] Internal Metrics & Logs","PutSmall",1,0,225.751,223.918,1.830
"Tenant 4 [Tier 3] Internal Metrics & Logs","PutSmall",1,0,222.350,220.516,1.829
"Tenant 4 [Tier 3] Internal Metrics & Logs","GetSmall",1,0,224.092,222.566,1.520
"Tenant 4 [Tier 3] Internal Metrics & Logs","PutSmall",1,0,223.586,221.793,1.784
"Tenant 4 [Tier 3] Internal Metrics & Logs","GetSmall",1,0,224.292,222.761,1.526
"Tenant 4 [Tier 3] Internal Metrics & Logs","GetSmall",1,0,224.784,223.313,1.465
"Tenant 4 [Tier 3] Internal Metrics & Logs","PutSmall",1,0,222.660,220.902,1.749
"Tenant 4 [Tier 3] Internal Metrics & Logs","PutSmall",1,0,223.244,221.479,1.760
"Tenant 4 [Tier 3] Internal Metrics & Logs","GetSmall",1,0,221.646,220.213,1.425
"Tenant 4 [Tier 3] Internal Metrics & Logs","GetSmall",1,0,221.357,219.880,1.474
"Tenant 4 [Tier 3] Internal Metrics & Logs","GetSmall",1,0,222.124,220.553,1.567
"Tenant 4 [Tier 3] Internal Metrics & Logs","PutSmall",1,0,222.379,220.588,1.789
"Tenant 4 [Tier 3] Internal Metrics & Logs","PutSmall",1,0,221.991,220.241,1.743
"Tenant 4 [Tier 3] Internal Metrics & Logs","PutSmall",1,0,223.874,222.044,1.815
"Tenant 4 [Tier 3] Internal Metrics & Logs","GetSmall",1,0,221.895,220.379,1.512
"Tenant 4 [Tier 3] Internal Metrics & Logs","PutSmall",1,0,219.649,217.855,1.789
"Tenant 4 [Tier 3] Internal Metrics & Logs","PutSmall",1,0,223.335,221.514,1.816
"Tenant 4 [Tier 3] Internal Metrics & Logs","PutSmall",1,0,225.970,224.150,1.816
"Tenant 4 [Tier 3] Internal Metrics & Logs","PutSmall",1,0,224.661,222.771,1.884
"Tenant 4 [Tier 3] Internal Metrics & Logs","PutSmall",1,0,224.225,222.362,1.859
"Tenant 4 [Tier 3] Internal Metrics & Logs","GetSmall",1,0,223.148,221.667,1.476
"Tenant 4 [Tier 3] Internal Metrics & Logs","PutSmall",1,0,222.672,220.853,1.816
"Tenant 4 [Tier 3] Internal Metrics & Logs","PutSmall",1,0,224.167,222.407,1.756
"Tenant 4 [Tier 3] Internal Metrics & Logs","PutSmall",1,0,226.305,224.460,1.838
"Tenant 4 [Tier 3] Internal Metrics & Logs","PutSmall",1,0,224.089,222.354,1.730
"Tenant 4 [Tier 3] Internal Metrics & Logs","PutSmall",1,0,224.938,223.213,1.721
"Tenant 4 [Tier 3] Internal Metrics & Logs","PutSmall",1,0,225.145,223.311,1.829
"Tenant 4 [Tier 3] Internal Metrics & Logs","PutSmall",1,0,225.447,223.561,1.881
"Tenant 4 [Tier 3] Internal Metrics & Logs","PutSmall",1,0,226.839,225.085,1.743
"Tenant 4 [Tier 3] Internal Metrics & Logs","PutSmall",1,0,226.907,225.015,1.888
"Tenant 4 [Tier 3] Internal Metrics & Logs","GetSmall",1,0,226.846,225.351,1.490
"Tenant 4 [Tier 3] Internal Metrics & Logs","PutSmall",1,0,230.513,228.683,1.819
"Tenant 4 [Tier 3] Internal Metrics & Logs","GetSmall",1,0,230.907,229.359,1.545
"Tenant 4 [Tier 3] Internal Metrics & Logs","PutSmall",1,0,230.727,228.974,1.736
"Tenant 4 [Tier 3] Internal Metrics & Logs","PutSmall",1,0,230.630,228.846,1.769
"Tenant 4 [Tier 3] Internal Metrics & Logs","GetSmall",1,0,227.377,225.902,1.471
"Tenant 4 [Tier 3] Internal Metrics & Logs","PutSmall",1,0,228.208,226.376,1.823
"Tenant 4 [Tier 3] Internal Metrics & Logs","PutSmall",1,0,227.442,225.557,1.863
"Tenant 4 [Tier 3] Internal Metrics & Logs","GetSmall",1,0,227.081,225.637,1.440
"Tenant 4 [Tier 3] Internal Metrics & Logs","PutSmall",1,0,225.993,224.194,1.789
"Tenant 4 [Tier 3] Internal Metrics & Logs","PutSmall",1,0,225.375,223.592,1.770
"Tenant 4 [Tier 3] Internal Metrics & Logs","GetSmall",1,0,225.384,223.894,1.486
"Tenant 4 [Tier 3] Internal Metrics & Logs","GetSmall",1,0,225.322,223.782,1.533
"Tenant 4 [Tier 3] Internal Metrics & Logs","PutSmall",1,0,224.916,223.169,1.732
"Tenant 4 [Tier 3] Internal Metrics & Logs","GetSmall",1,0,225.722,224.262,1.454
"Tenant 4 [Tier 3] Internal Metrics & Logs","PutSmall",1,0,225.879,224.122,1.752
"Tenant 4 [Tier 3] Internal Metrics & Logs","PutSmall",1,0,224.998,223.148,1.844
"Tenant 4 [Tier 3] Internal Metrics & Logs","PutSmall",1,0,221.149,219.418,1.725
"Tenant 4 [Tier 3] Internal Metrics & Logs","PutSmall",1,0,223.385,221.534,1.842
"Tenant 4 [Tier 3] Internal Metrics & Logs","PutSmall",1,0,224.686,222.925,1.755
"Tenant 4 [Tier 3] Internal Metrics & Logs","PutSmall",1,0,224.132,222.302,1.816
"Tenant 4 [Tier 3] Internal Metrics & Logs","PutSmall",1,0,226.397,224.619,1.776
"Tenant 4 [Tier 3] Internal Metrics & Logs","GetSmall",1,0,227.138,225.675,1.456
"Tenant 4 [Tier 3] Internal Metrics & Logs","PutSmall",1,0,227.482,225.620,1.857
"Tenant 4 [Tier 3] Internal Metrics & Logs","PutSmall",1,0,229.092,227.241,1.843
"Tenant 4 [Tier 3] Internal Metrics & Logs","GetSmall",1,0,227.827,226.307,1.513
"Tenant 4 [Tier 3] Internal Metrics & Logs","PutSmall",1,0,228.243,226.447,1.787
"Tenant 4 [Tier 3] Internal Metrics & Logs","PutSmall",1,0,227.554,225.810,1.741
"Tenant 4 [Tier 3] Internal Metrics & Logs","PutSmall",1,0,227.741,225.861,1.876
"Tenant 4 [Tier 3] Internal Metrics & Logs","PutSmall",1,0,228.155,226.351,1.799
"Tenant 4 [Tier 3] Internal Metrics & Logs","PutSmall",1,0,226.342,224.567,1.770
"Tenant 4 [Tier 3] Internal Metrics & Logs","PutSmall",1,0,226.102,224.272,1.817
"Tenant 4 [Tier 3] Internal Metrics & Logs","GetSmall",1,0,225.640,224.187,1.450
"Tenant 4 [Tier 3] Internal Metrics & Logs","GetSmall",1,0,226.538,225.075,1.453
"Tenant 4 [Tier 3] Internal Metrics & Logs","PutSmall",1,0,218.251,216.457,1.784
"Tenant 4 [Tier 3] Internal Metrics & Logs","GetSmall",1,0,216.848,215.386,1.459
"Tenant 4 [Tier 3] Internal Metrics & Logs","PutSmall",1,0,218.082,216.209,1.868
"Tenant 4 [Tier 3] Internal Metrics & Logs","GetSmall",1,0,217.472,215.937,1.531
"Tenant 4 [Tier 3] Internal Metrics & Logs","PutSmall",1,0,217.521,215.715,1.793
"Tenant 4 [Tier 3] Internal Metrics & Logs","PutSmall",1,0,217.927,216.114,1.799
"Tenant 4 [Tier 3] Internal Metrics & Logs","GetSmall",1,0,215.977,214.520,1.453
"Tenant 4 [Tier 3] Internal Metrics & Logs","GetSmall",1,0,216.416,214.917,1.494
"Tenant 4 [Tier 3] Internal Metrics & Logs","GetSmall",1,0,215.994,214.420,1.570
"Tenant 4 [Tier 3] Internal Metrics & Logs","PutSmall",1,0,217.074,215.194,1.874
"Tenant 4 [Tier 3] Internal Metrics & Logs","GetSmall",1,0,216.238,214.783,1.453
"Tenant 4 [Tier 3] Internal Metrics & Logs","PutSmall",1,0,217.322,215.455,1.864
"Tenant 4 [Tier 3] Internal Metrics & Logs","GetSmall",1,0,214.828,213.245,1.574
"Tenant 4 [Tier 3] Internal Metrics & Logs","PutSmall",1,0,214.622,212.778,1.839
"Tenant 4 [Tier 3] Internal Metrics & Logs","PutSmall",1,0,216.055,214.194,1.860
"Tenant 4 [Tier 3] Internal Metrics & Logs","GetSmall",1,0,216.642,215.078,1.559
"Tenant 4 [Tier 3] Internal Metrics & Logs","PutSmall",0,-125,198.842,198.842,0.000
"Tenant 4 [Tier 3] Internal Metrics & Logs","GetSmall",0,-125,189.410,189.410,0.000
"Tenant 4 [Tier 3] Internal Metrics & Logs","PutSmall",0,-125,182.722,182.722,0.000
"Tenant 4 [Tier 3] Internal Metrics & Logs","PutSmall",0,-125,178.508,178.508,0.000
"Tenant 4 [Tier 3] Internal Metrics & Logs","PutSmall",0,-125,176.980,176.980,0.000
"Tenant 4 [Tier 3] Internal Metrics & Logs","GetSmall",0,-125,176.977,176.977,0.000
"Tenant 4 [Tier 3] Internal Metrics & Logs","PutSmall",0,-125,175.525,175.525,0.000
"Tenant 4 [Tier 3] Internal Metrics & Logs","PutSmall",0,-125,174.279,174.279,0.000
"Tenant 4 [Tier 3] Internal Metrics & Logs","PutSmall",0,-125,173.906,173.906,0.000
"Tenant 4 [Tier 3] Internal Metrics & Logs","PutSmall",0,-125,173.174,173.174,0.000
"Tenant 4 [Tier 3] Internal Metrics & Logs","GetSmall",0,-125,172.765,172.765,0.000
"Tenant 4 [Tier 3] Internal Metrics & Logs","GetSmall",0,-125,174.229,174.229,0.000
"Tenant 4 [Tier 3] Internal Metrics & Logs","GetSmall",0,-125,171.179,171.179,0.000
"Tenant 4 [Tier 3] Internal Metrics & Logs","PutSmall",0,-125,169.922,169.922,0.000
"Tenant 4 [Tier 3] Internal Metrics & Logs","PutSmall",0,-125,169.908,169.908,0.000
"Tenant 4 [Tier 3] Internal Metrics & Logs","GetSmall",0,-125,163.740,163.740,0.000
"Tenant 5 [Tier 4] Free-Tier Bulk Flood","PutLarge",1,0,45.512,40.936,4.570
"Tenant 5 [Tier 4] Free-Tier Bulk Flood","PutLarge",1,0,48.037,43.342,4.680
"Tenant 5 [Tier 4] Free-Tier Bulk Flood","PutLarge",1,0,50.131,45.544,4.578
"Tenant 5 [Tier 4] Free-Tier Bulk Flood","PutLarge",1,0,52.556,48.053,4.486
"Tenant 5 [Tier 4] Free-Tier Bulk Flood","PutLarge",1,0,54.431,49.963,4.448
"Tenant 5 [Tier 4] Free-Tier Bulk Flood","ListBucket",1,0,56.380,51.894,4.472
"Tenant 5 [Tier 4] Free-Tier Bulk Flood","PutLarge",1,0,58.760,54.465,4.285
"Tenant 5 [Tier 4] Free-Tier Bulk Flood","ListBucket",1,0,61.069,56.397,4.666
"Tenant 5 [Tier 4] Free-Tier Bulk Flood","PutLarge",1,0,63.318,58.766,4.535
"Tenant 5 [Tier 4] Free-Tier Bulk Flood","ListBucket",1,0,65.715,61.118,4.587
"Tenant 5 [Tier 4] Free-Tier Bulk Flood","PutLarge",1,0,67.996,63.336,4.635
"Tenant 5 [Tier 4] Free-Tier Bulk Flood","PutLarge",1,0,70.303,65.747,4.508
"Tenant 5 [Tier 4] Free-Tier Bulk Flood","PutLarge",1,0,72.530,68.007,4.516
"Tenant 5 [Tier 4] Free-Tier Bulk Flood","PutLarge",1,0,74.676,70.340,4.317
"Tenant 5 [Tier 4] Free-Tier Bulk Flood","ListBucket",1,0,76.917,72.554,4.347
"Tenant 5 [Tier 4] Free-Tier Bulk Flood","PutLarge",1,0,80.866,76.176,4.675
"Tenant 5 [Tier 4] Free-Tier Bulk Flood","PutLarge",1,0,83.406,78.755,4.643
"Tenant 5 [Tier 4] Free-Tier Bulk Flood","ListBucket",1,0,85.299,80.696,4.594
"Tenant 5 [Tier 4] Free-Tier Bulk Flood","PutLarge",1,0,87.369,82.875,4.479
"Tenant 5 [Tier 4] Free-Tier Bulk Flood","ListBucket",1,0,89.425,84.917,4.484
"Tenant 5 [Tier 4] Free-Tier Bulk Flood","PutLarge",1,0,91.797,87.311,4.447
"Tenant 5 [Tier 4] Free-Tier Bulk Flood","PutLarge",1,0,93.811,89.472,4.314
"Tenant 5 [Tier 4] Free-Tier Bulk Flood","PutLarge",1,0,96.154,91.801,4.340
"Tenant 5 [Tier 4] Free-Tier Bulk Flood","ListBucket",1,0,98.326,93.752,4.566
"Tenant 5 [Tier 4] Free-Tier Bulk Flood","ListBucket",1,0,100.331,95.744,4.580
"Tenant 5 [Tier 4] Free-Tier Bulk Flood","ListBucket",1,0,102.725,98.076,4.641
"Tenant 5 [Tier 4] Free-Tier Bulk Flood","PutLarge",1,0,104.840,100.373,4.419
"Tenant 5 [Tier 4] Free-Tier Bulk Flood","PutLarge",1,0,107.315,102.696,4.588
"Tenant 5 [Tier 4] Free-Tier Bulk Flood","PutLarge",1,0,109.510,104.872,4.626
"Tenant 5 [Tier 4] Free-Tier Bulk Flood","PutLarge",1,0,111.715,107.157,4.506
"Tenant 5 [Tier 4] Free-Tier Bulk Flood","PutLarge",1,0,113.918,109.565,4.342
"Tenant 5 [Tier 4] Free-Tier Bulk Flood","ListBucket",1,0,116.088,111.733,4.324
"Tenant 5 [Tier 4] Free-Tier Bulk Flood","PutLarge",1,0,118.530,113.971,4.504
"Tenant 5 [Tier 4] Free-Tier Bulk Flood","PutLarge",1,0,121.458,116.870,4.581
"Tenant 5 [Tier 4] Free-Tier Bulk Flood","PutLarge",1,0,124.161,119.670,4.437
"Tenant 5 [Tier 4] Free-Tier Bulk Flood","PutLarge",1,0,125.830,121.519,4.291
"Tenant 5 [Tier 4] Free-Tier Bulk Flood","PutLarge",1,0,128.515,124.180,4.317
"Tenant 5 [Tier 4] Free-Tier Bulk Flood","PutLarge",1,0,130.272,125.853,4.362
"Tenant 5 [Tier 4] Free-Tier Bulk Flood","PutLarge",1,0,133.095,128.562,4.520
"Tenant 5 [Tier 4] Free-Tier Bulk Flood","PutLarge",1,0,136.129,131.711,4.395
"Tenant 5 [Tier 4] Free-Tier Bulk Flood","ListBucket",1,0,136.235,131.670,4.554
"Tenant 5 [Tier 4] Free-Tier Bulk Flood","ListBucket",1,0,140.062,135.609,4.414
"Tenant 5 [Tier 4] Free-Tier Bulk Flood","PutLarge",1,0,142.238,137.779,4.388
"Tenant 5 [Tier 4] Free-Tier Bulk Flood","PutLarge",1,0,144.341,139.743,4.555
"Tenant 5 [Tier 4] Free-Tier Bulk Flood","PutLarge",1,0,146.571,142.262,4.299
"Tenant 5 [Tier 4] Free-Tier Bulk Flood","ListBucket",1,0,148.983,144.377,4.554
"Tenant 5 [Tier 4] Free-Tier Bulk Flood","PutLarge",1,0,151.196,146.600,4.567
"Tenant 5 [Tier 4] Free-Tier Bulk Flood","PutLarge",1,0,153.638,149.063,4.558
"Tenant 5 [Tier 4] Free-Tier Bulk Flood","PutLarge",1,0,155.845,151.236,4.574
"Tenant 5 [Tier 4] Free-Tier Bulk Flood","ListBucket",1,0,157.340,152.609,4.677
"Tenant 5 [Tier 4] Free-Tier Bulk Flood","PutLarge",1,0,160.188,155.615,4.563
"Tenant 5 [Tier 4] Free-Tier Bulk Flood","PutLarge",1,0,162.291,157.930,4.318
"Tenant 5 [Tier 4] Free-Tier Bulk Flood","PutLarge",1,0,164.801,160.241,4.503
"Tenant 5 [Tier 4] Free-Tier Bulk Flood","PutLarge",1,0,168.204,163.642,4.553
"Tenant 5 [Tier 4] Free-Tier Bulk Flood","ListBucket",1,0,169.576,164.829,4.720
"Tenant 5 [Tier 4] Free-Tier Bulk Flood","ListBucket",1,0,172.126,167.653,4.435
"Tenant 5 [Tier 4] Free-Tier Bulk Flood","PutLarge",1,0,174.041,169.592,4.427
"Tenant 5 [Tier 4] Free-Tier Bulk Flood","PutLarge",1,0,176.541,172.137,4.367
"Tenant 5 [Tier 4] Free-Tier Bulk Flood","ListBucket",1,0,176.692,172.144,4.533
"Tenant 5 [Tier 4] Free-Tier Bulk Flood","PutLarge",1,0,181.170,176.563,4.571
"Tenant 5 [Tier 4] Free-Tier Bulk Flood","PutLarge",1,0,183.579,179.180,4.361
"Tenant 5 [Tier 4] Free-Tier Bulk Flood","PutLarge",1,0,185.869,181.206,4.658
"Tenant 5 [Tier 4] Free-Tier Bulk Flood","PutLarge",1,0,188.081,183.589,4.480
"Tenant 5 [Tier 4] Free-Tier Bulk Flood","PutLarge",1,0,190.491,185.873,4.606
"Tenant 5 [Tier 4] Free-Tier Bulk Flood","ListBucket",1,0,192.195,187.772,4.408
"Tenant 5 [Tier 4] Free-Tier Bulk Flood","PutLarge",1,0,194.935,190.540,4.347
"Tenant 5 [Tier 4] Free-Tier Bulk Flood","PutLarge",1,0,196.783,192.222,4.541
"Tenant 5 [Tier 4] Free-Tier Bulk Flood","PutLarge",1,0,199.626,194.992,4.621
"Tenant 5 [Tier 4] Free-Tier Bulk Flood","PutLarge",1,0,201.272,196.623,4.638
"Tenant 5 [Tier 4] Free-Tier Bulk Flood","PutLarge",1,0,203.991,199.639,4.313
"Tenant 5 [Tier 4] Free-Tier Bulk Flood","PutLarge",1,0,207.115,202.650,4.449
"Tenant 5 [Tier 4] Free-Tier Bulk Flood","PutLarge",1,0,209.052,204.324,4.718
"Tenant 5 [Tier 4] Free-Tier Bulk Flood","ListBucket",1,0,211.748,207.044,4.691
"Tenant 5 [Tier 4] Free-Tier Bulk Flood","PutLarge",1,0,213.056,208.673,4.377
"Tenant 5 [Tier 4] Free-Tier Bulk Flood","PutLarge",1,0,216.244,211.784,4.419
"Tenant 5 [Tier 4] Free-Tier Bulk Flood","PutLarge",1,0,218.507,214.047,4.420
"Tenant 5 [Tier 4] Free-Tier Bulk Flood","ListBucket",1,0,220.372,215.952,4.378
"Tenant 5 [Tier 4] Free-Tier Bulk Flood","ListBucket",1,0,222.790,218.188,4.580
"Tenant 5 [Tier 4] Free-Tier Bulk Flood","ListBucket",1,0,224.654,220.332,4.304
"Tenant 5 [Tier 4] Free-Tier Bulk Flood","ListBucket",1,0,226.691,222.270,4.415
"Tenant 5 [Tier 4] Free-Tier Bulk Flood","ListBucket",1,0,220.391,215.839,4.544
"Tenant 5 [Tier 4] Free-Tier Bulk Flood","PutLarge",1,0,220.893,216.238,4.650
"Tenant 5 [Tier 4] Free-Tier Bulk Flood","PutLarge",1,0,221.094,216.720,4.368
"Tenant 5 [Tier 4] Free-Tier Bulk Flood","ListBucket",1,0,220.852,216.195,4.640
"Tenant 5 [Tier 4] Free-Tier Bulk Flood","ListBucket",1,0,220.778,216.408,4.366
"Tenant 5 [Tier 4] Free-Tier Bulk Flood","PutLarge",1,0,220.993,216.558,4.431
"Tenant 5 [Tier 4] Free-Tier Bulk Flood","ListBucket",1,0,221.089,216.363,4.721
"Tenant 5 [Tier 4] Free-Tier Bulk Flood","PutLarge",1,0,220.734,216.318,4.412
"Tenant 5 [Tier 4] Free-Tier Bulk Flood","ListBucket",1,0,220.074,215.370,4.674
"Tenant 5 [Tier 4] Free-Tier Bulk Flood","PutLarge",1,0,220.741,216.116,4.603
"Tenant 5 [Tier 4] Free-Tier Bulk Flood","PutLarge",1,0,220.807,216.324,4.433
"Tenant 5 [Tier 4] Free-Tier Bulk Flood","PutLarge",1,0,220.582,216.197,4.372
"Tenant 5 [Tier 4] Free-Tier Bulk Flood","ListBucket",1,0,220.289,215.921,4.360
"Tenant 5 [Tier 4] Free-Tier Bulk Flood","ListBucket",1,0,220.690,216.228,4.458
"Tenant 5 [Tier 4] Free-Tier Bulk Flood","PutLarge",1,0,221.621,217.320,4.290
"Tenant 5 [Tier 4] Free-Tier Bulk Flood","PutLarge",1,0,220.267,215.820,4.411
"Tenant 5 [Tier 4] Free-Tier Bulk Flood","PutLarge",1,0,219.735,215.182,4.532
"Tenant 5 [Tier 4] Free-Tier Bulk Flood","PutLarge",1,0,220.504,215.826,4.662
"Tenant 5 [Tier 4] Free-Tier Bulk Flood","PutLarge",1,0,220.403,215.837,4.563
"Tenant 5 [Tier 4] Free-Tier Bulk Flood","PutLarge",1,0,220.845,216.424,4.407
"Tenant 5 [Tier 4] Free-Tier Bulk Flood","PutLarge",1,0,221.491,217.000,4.487
"Tenant 5 [Tier 4] Free-Tier Bulk Flood","PutLarge",1,0,221.059,216.503,4.517
"Tenant 5 [Tier 4] Free-Tier Bulk Flood","PutLarge",1,0,221.510,217.162,4.346
"Tenant 5 [Tier 4] Free-Tier Bulk Flood","ListBucket",1,0,219.621,214.990,4.595
"Tenant 5 [Tier 4] Free-Tier Bulk Flood","PutLarge",1,0,221.893,217.367,4.475
"Tenant 5 [Tier 4] Free-Tier Bulk Flood","PutLarge",1,0,221.631,217.226,4.388
"Tenant 5 [Tier 4] Free-Tier Bulk Flood","PutLarge",1,0,221.854,217.404,4.441
"Tenant 5 [Tier 4] Free-Tier Bulk Flood","PutLarge",1,0,221.797,217.094,4.682
"Tenant 5 [Tier 4] Free-Tier Bulk Flood","PutLarge",1,0,221.924,217.213,4.705
"Tenant 5 [Tier 4] Free-Tier Bulk Flood","PutLarge",1,0,222.003,217.416,4.550
"Tenant 5 [Tier 4] Free-Tier Bulk Flood","ListBucket",1,0,221.280,216.775,4.500
"Tenant 5 [Tier 4] Free-Tier Bulk Flood","PutLarge",1,0,222.356,217.636,4.718
"Tenant 5 [Tier 4] Free-Tier Bulk Flood","PutLarge",1,0,222.870,218.279,4.588
"Tenant 5 [Tier 4] Free-Tier Bulk Flood","ListBucket",1,0,221.754,217.020,4.697
"Tenant 5 [Tier 4] Free-Tier Bulk Flood","ListBucket",1,0,220.990,216.626,4.357
"Tenant 5 [Tier 4] Free-Tier Bulk Flood","ListBucket",1,0,221.443,216.929,4.509
"Tenant 5 [Tier 4] Free-Tier Bulk Flood","ListBucket",1,0,220.754,216.325,4.404
"Tenant 5 [Tier 4] Free-Tier Bulk Flood","PutLarge",1,0,221.174,216.612,4.520
"Tenant 5 [Tier 4] Free-Tier Bulk Flood","PutLarge",1,0,220.752,216.211,4.529
"Tenant 5 [Tier 4] Free-Tier Bulk Flood","ListBucket",1,0,219.884,215.262,4.607
"Tenant 5 [Tier 4] Free-Tier Bulk Flood","PutLarge",1,0,220.025,215.387,4.635
"Tenant 5 [Tier 4] Free-Tier Bulk Flood","PutLarge",1,0,220.110,215.712,4.392
"Tenant 5 [Tier 4] Free-Tier Bulk Flood","PutLarge",1,0,220.909,216.521,4.385
"Tenant 5 [Tier 4] Free-Tier Bulk Flood","PutLarge",1,0,221.157,216.549,4.580
"Tenant 5 [Tier 4] Free-Tier Bulk Flood","PutLarge",1,0,220.972,216.597,4.357
"Tenant 5 [Tier 4] Free-Tier Bulk Flood","PutLarge",1,0,221.029,216.536,4.454
"Tenant 5 [Tier 4] Free-Tier Bulk Flood","ListBucket",1,0,220.767,216.389,4.344
"Tenant 5 [Tier 4] Free-Tier Bulk Flood","ListBucket",1,0,220.964,216.392,4.564
"Tenant 5 [Tier 4] Free-Tier Bulk Flood","PutLarge",1,0,220.821,216.132,4.685
"Tenant 5 [Tier 4] Free-Tier Bulk Flood","PutLarge",1,0,221.828,217.263,4.561
"Tenant 5 [Tier 4] Free-Tier Bulk Flood","ListBucket",1,0,221.206,216.480,4.706
"Tenant 5 [Tier 4] Free-Tier Bulk Flood","ListBucket",1,0,221.044,216.588,4.450
"Tenant 5 [Tier 4] Free-Tier Bulk Flood","PutLarge",1,0,220.809,216.102,4.694
"Tenant 5 [Tier 4] Free-Tier Bulk Flood","PutLarge",1,0,219.746,215.145,4.572
"Tenant 5 [Tier 4] Free-Tier Bulk Flood","PutLarge",1,0,220.620,216.077,4.538
"Tenant 5 [Tier 4] Free-Tier Bulk Flood","PutLarge",1,0,220.398,215.822,4.558
"Tenant 5 [Tier 4] Free-Tier Bulk Flood","PutLarge",1,0,220.911,216.168,4.707
"Tenant 5 [Tier 4] Free-Tier Bulk Flood","PutLarge",1,0,220.652,216.010,4.634
"Tenant 5 [Tier 4] Free-Tier Bulk Flood","ListBucket",1,0,220.533,215.866,4.627
"Tenant 5 [Tier 4] Free-Tier Bulk Flood","PutLarge",1,0,220.501,216.087,4.389
"Tenant 5 [Tier 4] Free-Tier Bulk Flood","PutLarge",1,0,220.721,216.204,4.509
"Tenant 5 [Tier 4] Free-Tier Bulk Flood","PutLarge",1,0,220.570,215.853,4.660
"Tenant 5 [Tier 4] Free-Tier Bulk Flood","PutLarge",1,0,220.711,216.247,4.459
"Tenant 5 [Tier 4] Free-Tier Bulk Flood","ListBucket",1,0,220.297,215.984,4.307
"Tenant 5 [Tier 4] Free-Tier Bulk Flood","PutLarge",1,0,221.161,216.626,4.531
"Tenant 5 [Tier 4] Free-Tier Bulk Flood","ListBucket",1,0,220.242,215.635,4.536
"Tenant 5 [Tier 4] Free-Tier Bulk Flood","ListBucket",1,0,220.199,215.780,4.387
"Tenant 5 [Tier 4] Free-Tier Bulk Flood","ListBucket",1,0,220.011,215.561,4.411
"Tenant 5 [Tier 4] Free-Tier Bulk Flood","PutLarge",1,0,220.285,215.764,4.516
"Tenant 5 [Tier 4] Free-Tier Bulk Flood","ListBucket",1,0,220.176,215.578,4.593
"Tenant 5 [Tier 4] Free-Tier Bulk Flood","ListBucket",1,0,219.136,214.443,4.690
"Tenant 5 [Tier 4] Free-Tier Bulk Flood","ListBucket",1,0,219.171,214.506,4.655
"Tenant 5 [Tier 4] Free-Tier Bulk Flood","PutLarge",1,0,218.506,213.934,4.517
"Tenant 5 [Tier 4] Free-Tier Bulk Flood","PutLarge",1,0,219.836,215.118,4.679
"Tenant 5 [Tier 4] Free-Tier Bulk Flood","PutLarge",1,0,218.357,214.033,4.308
"Tenant 5 [Tier 4] Free-Tier Bulk Flood","PutLarge",1,0,218.828,214.431,4.395
"Tenant 5 [Tier 4] Free-Tier Bulk Flood","PutLarge",1,0,218.523,214.207,4.310
"Tenant 5 [Tier 4] Free-Tier Bulk Flood","ListBucket",1,0,219.150,214.538,4.594
"Tenant 5 [Tier 4] Free-Tier Bulk Flood","ListBucket",1,0,220.081,215.359,4.719
"Tenant 5 [Tier 4] Free-Tier Bulk Flood","PutLarge",1,0,222.720,218.046,4.671
"Tenant 5 [Tier 4] Free-Tier Bulk Flood","PutLarge",1,0,219.526,215.090,4.431
"Tenant 5 [Tier 4] Free-Tier Bulk Flood","PutLarge",1,0,218.284,213.976,4.302
"Tenant 5 [Tier 4] Free-Tier Bulk Flood","ListBucket",1,0,218.200,213.592,4.600
"Tenant 5 [Tier 4] Free-Tier Bulk Flood","ListBucket",1,0,218.406,213.805,4.590
"Tenant 5 [Tier 4] Free-Tier Bulk Flood","ListBucket",1,0,218.488,213.925,4.560
"Tenant 5 [Tier 4] Free-Tier Bulk Flood","PutLarge",1,0,218.985,214.379,4.602
"Tenant 5 [Tier 4] Free-Tier Bulk Flood","ListBucket",1,0,218.258,213.858,4.395
"Tenant 5 [Tier 4] Free-Tier Bulk Flood","ListBucket",1,0,218.783,214.152,4.628
"Tenant 5 [Tier 4] Free-Tier Bulk Flood","PutLarge",1,0,219.056,214.679,4.372
"Tenant 5 [Tier 4] Free-Tier Bulk Flood","PutLarge",1,0,218.697,214.168,4.522
"Tenant 5 [Tier 4] Free-Tier Bulk Flood","PutLarge",1,0,218.910,214.560,4.324
"Tenant 5 [Tier 4] Free-Tier Bulk Flood","ListBucket",1,0,218.882,214.284,4.594
"Tenant 5 [Tier 4] Free-Tier Bulk Flood","PutLarge",1,0,219.650,214.905,4.711
"Tenant 5 [Tier 4] Free-Tier Bulk Flood","ListBucket",1,0,218.942,214.404,4.504
"Tenant 5 [Tier 4] Free-Tier Bulk Flood","PutLarge",1,0,218.410,213.948,4.454
"Tenant 5 [Tier 4] Free-Tier Bulk Flood","ListBucket",1,0,217.909,213.205,4.682
"Tenant 5 [Tier 4] Free-Tier Bulk Flood","ListBucket",1,0,218.158,213.745,4.407
"Tenant 5 [Tier 4] Free-Tier Bulk Flood","PutLarge",1,0,219.477,214.856,4.611
"Tenant 5 [Tier 4] Free-Tier Bulk Flood","ListBucket",1,0,219.262,214.904,4.321
"Tenant 5 [Tier 4] Free-Tier Bulk Flood","PutLarge",1,0,219.325,214.857,4.456
"Tenant 5 [Tier 4] Free-Tier Bulk Flood","PutLarge",1,0,218.171,213.783,4.335
"Tenant 5 [Tier 4] Free-Tier Bulk Flood","PutLarge",1,0,219.202,214.791,4.385
"Tenant 5 [Tier 4] Free-Tier Bulk Flood","PutLarge",1,0,219.034,214.742,4.280
"Tenant 5 [Tier 4] Free-Tier Bulk Flood","ListBucket",1,0,220.659,216.125,4.530
"Tenant 5 [Tier 4] Free-Tier Bulk Flood","PutLarge",1,0,219.294,214.540,4.725
"Tenant 5 [Tier 4] Free-Tier Bulk Flood","ListBucket",1,0,218.699,214.281,4.415
"Tenant 5 [Tier 4] Free-Tier Bulk Flood","ListBucket",1,0,218.657,214.273,4.378
"Tenant 5 [Tier 4] Free-Tier Bulk Flood","PutLarge",1,0,218.339,213.968,4.365
"Tenant 5 [Tier 4] Free-Tier Bulk Flood","ListBucket",1,0,217.966,213.374,4.576
"Tenant 5 [Tier 4] Free-Tier Bulk Flood","PutLarge",1,0,218.321,213.744,4.571
"Tenant 5 [Tier 4] Free-Tier Bulk Flood","PutLarge",1,0,218.559,214.218,4.334
"Tenant 5 [Tier 4] Free-Tier Bulk Flood","PutLarge",1,0,218.070,213.628,4.439
"Tenant 5 [Tier 4] Free-Tier Bulk Flood","PutLarge",1,0,217.823,213.304,4.482
"Tenant 5 [Tier 4] Free-Tier Bulk Flood","ListBucket",1,0,217.983,213.317,4.661
"Tenant 5 [Tier 4] Free-Tier Bulk Flood","ListBucket",1,0,218.050,213.519,4.524
"Tenant 5 [Tier 4] Free-Tier Bulk Flood","PutLarge",1,0,218.025,213.626,4.381
"Tenant 5 [Tier 4] Free-Tier Bulk Flood","PutLarge",1,0,218.633,213.954,4.643
"Tenant 5 [Tier 4] Free-Tier Bulk Flood","PutLarge",1,0,218.380,213.811,4.552
"Tenant 5 [Tier 4] Free-Tier Bulk Flood","PutLarge",1,0,218.599,214.066,4.468
"Tenant 5 [Tier 4] Free-Tier Bulk Flood","PutLarge",1,0,218.326,213.762,4.531
"Tenant 5 [Tier 4] Free-Tier Bulk Flood","PutLarge",1,0,220.818,216.310,4.495
"Tenant 5 [Tier 4] Free-Tier Bulk Flood","PutLarge",1,0,220.200,215.524,4.637
"Tenant 5 [Tier 4] Free-Tier Bulk Flood","PutLarge",1,0,219.315,214.983,4.294
"Tenant 5 [Tier 4] Free-Tier Bulk Flood","PutLarge",1,0,218.945,214.566,4.311
"Tenant 5 [Tier 4] Free-Tier Bulk Flood","PutLarge",1,0,219.374,214.936,4.425
"Tenant 5 [Tier 4] Free-Tier Bulk Flood","PutLarge",1,0,219.005,214.449,4.547
"Tenant 5 [Tier 4] Free-Tier Bulk Flood","ListBucket",1,0,219.631,215.019,4.601
"Tenant 5 [Tier 4] Free-Tier Bulk Flood","PutLarge",1,0,218.970,214.430,4.537
"Tenant 5 [Tier 4] Free-Tier Bulk Flood","PutLarge",1,0,219.683,214.982,4.695
"Tenant 5 [Tier 4] Free-Tier Bulk Flood","ListBucket",1,0,218.896,214.454,4.430
"Tenant 5 [Tier 4] Free-Tier Bulk Flood","PutLarge",1,0,219.523,214.962,4.531
"Tenant 5 [Tier 4] Free-Tier Bulk Flood","PutLarge",1,0,219.513,214.782,4.707
"Tenant 5 [Tier 4] Free-Tier Bulk Flood","ListBucket",1,0,219.781,215.168,4.608
"Tenant 5 [Tier 4] Free-Tier Bulk Flood","PutLarge",1,0,219.077,214.700,4.330
"Tenant 5 [Tier 4] Free-Tier Bulk Flood","ListBucket",1,0,216.979,212.455,4.499
"Tenant 5 [Tier 4] Free-Tier Bulk Flood","PutLarge",1,0,219.108,214.553,4.538
"Tenant 5 [Tier 4] Free-Tier Bulk Flood","ListBucket",1,0,219.361,214.718,4.634
"Tenant 5 [Tier 4] Free-Tier Bulk Flood","PutLarge",1,0,218.958,214.441,4.485
"Tenant 5 [Tier 4] Free-Tier Bulk Flood","ListBucket",1,0,220.954,216.427,4.511
"Tenant 5 [Tier 4] Free-Tier Bulk Flood","PutLarge",1,0,218.928,214.316,4.600
"Tenant 5 [Tier 4] Free-Tier Bulk Flood","PutLarge",1,0,218.298,213.903,4.392
"Tenant 5 [Tier 4] Free-Tier Bulk Flood","ListBucket",1,0,218.743,214.180,4.553
"Tenant 5 [Tier 4] Free-Tier Bulk Flood","PutLarge",1,0,218.416,213.812,4.589
"Tenant 5 [Tier 4] Free-Tier Bulk Flood","PutLarge",1,0,219.031,214.411,4.589
"Tenant 5 [Tier 4] Free-Tier Bulk Flood","PutLarge",1,0,217.722,213.218,4.499
"Tenant 5 [Tier 4] Free-Tier Bulk Flood","PutLarge",1,0,218.931,214.648,4.277
"Tenant 5 [Tier 4] Free-Tier Bulk Flood","PutLarge",1,0,220.205,215.751,4.444
"Tenant 5 [Tier 4] Free-Tier Bulk Flood","PutLarge",1,0,219.614,215.201,4.377
"Tenant 5 [Tier 4] Free-Tier Bulk Flood","PutLarge",1,0,220.090,215.662,4.412
"Tenant 5 [Tier 4] Free-Tier Bulk Flood","ListBucket",1,0,219.501,215.152,4.340
"Tenant 5 [Tier 4] Free-Tier Bulk Flood","ListBucket",1,0,219.707,215.331,4.373
"Tenant 5 [Tier 4] Free-Tier Bulk Flood","PutLarge",1,0,219.826,215.453,4.341
"Tenant 5 [Tier 4] Free-Tier Bulk Flood","ListBucket",1,0,220.141,215.437,4.681
"Tenant 5 [Tier 4] Free-Tier Bulk Flood","PutLarge",1,0,219.624,214.985,4.631
"Tenant 5 [Tier 4] Free-Tier Bulk Flood","ListBucket",1,0,219.915,215.416,4.493
"Tenant 5 [Tier 4] Free-Tier Bulk Flood","PutLarge",1,0,219.616,215.207,4.396
"Tenant 5 [Tier 4] Free-Tier Bulk Flood","PutLarge",1,0,219.958,215.662,4.292
"Tenant 5 [Tier 4] Free-Tier Bulk Flood","PutLarge",1,0,221.502,216.901,4.591
"Tenant 5 [Tier 4] Free-Tier Bulk Flood","PutLarge",1,0,222.746,218.389,4.354
"Tenant 5 [Tier 4] Free-Tier Bulk Flood","PutLarge",1,0,222.806,218.432,4.369
"Tenant 5 [Tier 4] Free-Tier Bulk Flood","PutLarge",1,0,223.499,218.921,4.572
"Tenant 5 [Tier 4] Free-Tier Bulk Flood","ListBucket",1,0,224.097,219.672,4.414
"Tenant 5 [Tier 4] Free-Tier Bulk Flood","ListBucket",1,0,224.090,219.496,4.588
"Tenant 5 [Tier 4] Free-Tier Bulk Flood","PutLarge",1,0,223.735,219.043,4.683
"Tenant 5 [Tier 4] Free-Tier Bulk Flood","PutLarge",1,0,224.386,219.824,4.548
"Tenant 5 [Tier 4] Free-Tier Bulk Flood","PutLarge",1,0,223.830,219.207,4.594
"Tenant 5 [Tier 4] Free-Tier Bulk Flood","PutLarge",1,0,224.589,219.992,4.584
"Tenant 5 [Tier 4] Free-Tier Bulk Flood","PutLarge",1,0,223.976,219.634,4.327
"Tenant 5 [Tier 4] Free-Tier Bulk Flood","ListBucket",1,0,223.934,219.305,4.622
"Tenant 5 [Tier 4] Free-Tier Bulk Flood","PutLarge",1,0,224.877,220.318,4.553
"Tenant 5 [Tier 4] Free-Tier Bulk Flood","PutLarge",1,0,225.338,220.966,4.367
"Tenant 5 [Tier 4] Free-Tier Bulk Flood","PutLarge",1,0,225.985,221.294,4.686
"Tenant 5 [Tier 4] Free-Tier Bulk Flood","PutLarge",1,0,225.020,220.502,4.514
"Tenant 5 [Tier 4] Free-Tier Bulk Flood","PutLarge",1,0,225.854,221.385,4.433
"Tenant 5 [Tier 4] Free-Tier Bulk Flood","ListBucket",1,0,225.039,220.585,4.418
"Tenant 5 [Tier 4] Free-Tier Bulk Flood","PutLarge",1,0,225.814,221.138,4.673
"Tenant 5 [Tier 4] Free-Tier Bulk Flood","PutLarge",1,0,225.186,220.750,4.401
"Tenant 5 [Tier 4] Free-Tier Bulk Flood","ListBucket",1,0,224.279,219.592,4.649
"Tenant 5 [Tier 4] Free-Tier Bulk Flood","PutLarge",1,0,223.973,219.487,4.437
"Tenant 5 [Tier 4] Free-Tier Bulk Flood","PutLarge",1,0,224.706,219.992,4.703
"Tenant 5 [Tier 4] Free-Tier Bulk Flood","PutLarge",1,0,223.887,219.302,4.569
"Tenant 5 [Tier 4] Free-Tier Bulk Flood","ListBucket",1,0,224.383,219.998,4.381
"Tenant 5 [Tier 4] Free-Tier Bulk Flood","PutLarge",1,0,224.201,219.588,4.608
"Tenant 5 [Tier 4] Free-Tier Bulk Flood","ListBucket",1,0,223.954,219.565,4.379
"Tenant 5 [Tier 4] Free-Tier Bulk Flood","PutLarge",1,0,223.673,219.283,4.377
"Tenant 5 [Tier 4] Free-Tier Bulk Flood","ListBucket",1,0,224.066,219.534,4.526
"Tenant 5 [Tier 4] Free-Tier Bulk Flood","PutLarge",1,0,224.311,219.822,4.484
"Tenant 5 [Tier 4] Free-Tier Bulk Flood","PutLarge",1,0,224.100,219.695,4.401
"Tenant 5 [Tier 4] Free-Tier Bulk Flood","ListBucket",1,0,224.527,219.785,4.685
"Tenant 5 [Tier 4] Free-Tier Bulk Flood","PutLarge",1,0,224.084,219.531,4.521
"Tenant 5 [Tier 4] Free-Tier Bulk Flood","PutLarge",1,0,224.623,220.173,4.416
"Tenant 5 [Tier 4] Free-Tier Bulk Flood","ListBucket",1,0,224.003,219.363,4.617
"Tenant 5 [Tier 4] Free-Tier Bulk Flood","ListBucket",1,0,223.605,218.881,4.712
"Tenant 5 [Tier 4] Free-Tier Bulk Flood","ListBucket",1,0,223.811,219.195,4.610
"Tenant 5 [Tier 4] Free-Tier Bulk Flood","ListBucket",1,0,223.811,219.274,4.531
"Tenant 5 [Tier 4] Free-Tier Bulk Flood","PutLarge",1,0,224.001,219.513,4.484
"Tenant 5 [Tier 4] Free-Tier Bulk Flood","PutLarge",1,0,223.531,218.839,4.687
"Tenant 5 [Tier 4] Free-Tier Bulk Flood","ListBucket",1,0,223.349,218.910,4.385
"Tenant 5 [Tier 4] Free-Tier Bulk Flood","PutLarge",1,0,223.748,219.037,4.678
"Tenant 5 [Tier 4] Free-Tier Bulk Flood","ListBucket",1,0,223.502,218.761,4.689
"Tenant 5 [Tier 4] Free-Tier Bulk Flood","ListBucket",1,0,219.745,215.392,4.347
"Tenant 5 [Tier 4] Free-Tier Bulk Flood","PutLarge",1,0,223.516,218.796,4.681
"Tenant 5 [Tier 4] Free-Tier Bulk Flood","ListBucket",1,0,221.942,217.560,4.376
"Tenant 5 [Tier 4] Free-Tier Bulk Flood","ListBucket",1,0,222.231,217.620,4.606
"Tenant 5 [Tier 4] Free-Tier Bulk Flood","PutLarge",1,0,221.434,217.059,4.366
"Tenant 5 [Tier 4] Free-Tier Bulk Flood","PutLarge",1,0,221.999,217.662,4.304
"Tenant 5 [Tier 4] Free-Tier Bulk Flood","PutLarge",1,0,221.475,216.814,4.626
"Tenant 5 [Tier 4] Free-Tier Bulk Flood","ListBucket",1,0,222.084,217.456,4.621
"Tenant 5 [Tier 4] Free-Tier Bulk Flood","ListBucket",1,0,220.857,216.418,4.389
"Tenant 5 [Tier 4] Free-Tier Bulk Flood","PutLarge",1,0,221.894,217.565,4.311
"Tenant 5 [Tier 4] Free-Tier Bulk Flood","ListBucket",1,0,219.296,214.712,4.550
"Tenant 5 [Tier 4] Free-Tier Bulk Flood","PutLarge",1,0,220.874,216.285,4.561
"Tenant 5 [Tier 4] Free-Tier Bulk Flood","ListBucket",1,0,220.889,216.390,4.466
"Tenant 5 [Tier 4] Free-Tier Bulk Flood","PutLarge",1,0,221.030,216.699,4.282
"Tenant 5 [Tier 4] Free-Tier Bulk Flood","PutLarge",1,0,223.662,219.133,4.494
"Tenant 5 [Tier 4] Free-Tier Bulk Flood","ListBucket",1,0,220.821,216.499,4.293
"Tenant 5 [Tier 4] Free-Tier Bulk Flood","PutLarge",1,0,221.042,216.580,4.411
"Tenant 5 [Tier 4] Free-Tier Bulk Flood","ListBucket",1,0,219.777,215.437,4.325
"Tenant 5 [Tier 4] Free-Tier Bulk Flood","PutLarge",1,0,221.893,217.462,4.418
"Tenant 5 [Tier 4] Free-Tier Bulk Flood","PutLarge",1,0,221.912,217.329,4.549
"Tenant 5 [Tier 4] Free-Tier Bulk Flood","PutLarge",1,0,222.008,217.414,4.567
"Tenant 5 [Tier 4] Free-Tier Bulk Flood","PutLarge",1,0,221.748,217.399,4.332
"Tenant 5 [Tier 4] Free-Tier Bulk Flood","PutLarge",1,0,222.089,217.428,4.648
"Tenant 5 [Tier 4] Free-Tier Bulk Flood","ListBucket",1,0,221.656,217.118,4.502
"Tenant 5 [Tier 4] Free-Tier Bulk Flood","PutLarge",1,0,223.005,218.269,4.685
"Tenant 5 [Tier 4] Free-Tier Bulk Flood","PutLarge",1,0,222.055,217.396,4.633
"Tenant 5 [Tier 4] Free-Tier Bulk Flood","PutLarge",1,0,221.636,216.925,4.683
"Tenant 5 [Tier 4] Free-Tier Bulk Flood","ListBucket",1,0,218.869,214.573,4.279
"Tenant 5 [Tier 4] Free-Tier Bulk Flood","PutLarge",1,0,221.404,216.962,4.436
"Tenant 5 [Tier 4] Free-Tier Bulk Flood","PutLarge",1,0,221.370,216.871,4.464
"Tenant 5 [Tier 4] Free-Tier Bulk Flood","ListBucket",1,0,221.550,217.155,4.384
"Tenant 5 [Tier 4] Free-Tier Bulk Flood","ListBucket",1,0,221.535,216.839,4.681
"Tenant 5 [Tier 4] Free-Tier Bulk Flood","PutLarge",1,0,221.736,217.142,4.583
"Tenant 5 [Tier 4] Free-Tier Bulk Flood","ListBucket",1,0,221.499,217.075,4.415
"Tenant 5 [Tier 4] Free-Tier Bulk Flood","ListBucket",1,0,220.824,216.255,4.556
"Tenant 5 [Tier 4] Free-Tier Bulk Flood","PutLarge",1,0,221.761,217.080,4.676
"Tenant 5 [Tier 4] Free-Tier Bulk Flood","PutLarge",1,0,223.414,218.978,4.430
"Tenant 5 [Tier 4] Free-Tier Bulk Flood","PutLarge",1,0,222.704,218.162,4.537
"Tenant 5 [Tier 4] Free-Tier Bulk Flood","ListBucket",1,0,223.246,218.648,4.588
"Tenant 5 [Tier 4] Free-Tier Bulk Flood","PutLarge",1,0,224.443,220.131,4.302
"Tenant 5 [Tier 4] Free-Tier Bulk Flood","PutLarge",1,0,217.433,212.769,4.659
"Tenant 5 [Tier 4] Free-Tier Bulk Flood","PutLarge",1,0,218.059,213.438,4.596
"Tenant 5 [Tier 4] Free-Tier Bulk Flood","PutLarge",1,0,217.595,212.869,4.718
"Tenant 5 [Tier 4] Free-Tier Bulk Flood","PutLarge",1,0,218.322,213.760,4.545
"Tenant 5 [Tier 4] Free-Tier Bulk Flood","ListBucket",1,0,217.570,213.029,4.536
"Tenant 5 [Tier 4] Free-Tier Bulk Flood","PutLarge",1,0,218.134,213.592,4.537
"Tenant 5 [Tier 4] Free-Tier Bulk Flood","PutLarge",1,0,217.354,212.985,4.334
"Tenant 5 [Tier 4] Free-Tier Bulk Flood","PutLarge",1,0,218.489,213.800,4.681
"Tenant 5 [Tier 4] Free-Tier Bulk Flood","PutLarge",1,0,219.830,215.308,4.508
"Tenant 5 [Tier 4] Free-Tier Bulk Flood","ListBucket",1,0,218.082,213.514,4.561
"Tenant 5 [Tier 4] Free-Tier Bulk Flood","PutLarge",1,0,217.847,213.180,4.638
"Tenant 5 [Tier 4] Free-Tier Bulk Flood","PutLarge",1,0,216.935,212.376,4.547
"Tenant 5 [Tier 4] Free-Tier Bulk Flood","PutLarge",1,0,218.052,213.379,4.664
"Tenant 5 [Tier 4] Free-Tier Bulk Flood","PutLarge",1,0,216.992,212.558,4.416
"Tenant 5 [Tier 4] Free-Tier Bulk Flood","PutLarge",1,0,218.146,213.585,4.555
"Tenant 5 [Tier 4] Free-Tier Bulk Flood","PutLarge",1,0,218.314,213.913,4.359
"Tenant 5 [Tier 4] Free-Tier Bulk Flood","PutLarge",1,0,218.304,213.653,4.618
"Tenant 5 [Tier 4] Free-Tier Bulk Flood","PutLarge",1,0,218.148,213.509,4.633
"Tenant 5 [Tier 4] Free-Tier Bulk Flood","PutLarge",1,0,219.276,214.837,4.430
"Tenant 5 [Tier 4] Free-Tier Bulk Flood","PutLarge",1,0,218.057,213.433,4.619
"Tenant 5 [Tier 4] Free-Tier Bulk Flood","PutLarge",1,0,219.459,214.986,4.440
"Tenant 5 [Tier 4] Free-Tier Bulk Flood","PutLarge",1,0,218.391,213.936,4.417
"Tenant 5 [Tier 4] Free-Tier Bulk Flood","PutLarge",1,0,218.313,213.907,4.399
"Tenant 5 [Tier 4] Free-Tier Bulk Flood","PutLarge",1,0,219.928,215.318,4.598
"Tenant 5 [Tier 4] Free-Tier Bulk Flood","PutLarge",1,0,219.210,214.832,4.348
"Tenant 5 [Tier 4] Free-Tier Bulk Flood","PutLarge",1,0,219.954,215.402,4.508
"Tenant 5 [Tier 4] Free-Tier Bulk Flood","ListBucket",1,0,219.139,214.754,4.380
"Tenant 5 [Tier 4] Free-Tier Bulk Flood","PutLarge",1,0,219.767,215.406,4.346
"Tenant 5 [Tier 4] Free-Tier Bulk Flood","PutLarge",1,0,219.233,214.881,4.346
"Tenant 5 [Tier 4] Free-Tier Bulk Flood","PutLarge",1,0,219.610,215.222,4.364
"Tenant 5 [Tier 4] Free-Tier Bulk Flood","PutLarge",1,0,220.056,215.589,4.436
"Tenant 5 [Tier 4] Free-Tier Bulk Flood","PutLarge",1,0,219.744,215.237,4.458
"Tenant 5 [Tier 4] Free-Tier Bulk Flood","PutLarge",1,0,220.061,215.621,4.425
"Tenant 5 [Tier 4] Free-Tier Bulk Flood","ListBucket",1,0,218.049,213.451,4.560
"Tenant 5 [Tier 4] Free-Tier Bulk Flood","ListBucket",1,0,220.573,215.821,4.710
"Tenant 5 [Tier 4] Free-Tier Bulk Flood","PutLarge",1,0,220.103,215.698,4.383
"Tenant 5 [Tier 4] Free-Tier Bulk Flood","PutLarge",1,0,220.671,216.190,4.427
"Tenant 5 [Tier 4] Free-Tier Bulk Flood","PutLarge",1,0,220.732,216.252,4.427
"Tenant 5 [Tier 4] Free-Tier Bulk Flood","PutLarge",1,0,220.494,215.942,4.539
"Tenant 5 [Tier 4] Free-Tier Bulk Flood","ListBucket",1,0,220.510,216.028,4.449
"Tenant 5 [Tier 4] Free-Tier Bulk Flood","PutLarge",1,0,221.166,216.544,4.584
"Tenant 5 [Tier 4] Free-Tier Bulk Flood","ListBucket",1,0,218.451,214.091,4.356
"Tenant 5 [Tier 4] Free-Tier Bulk Flood","PutLarge",1,0,222.703,218.001,4.698
"Tenant 5 [Tier 4] Free-Tier Bulk Flood","ListBucket",1,0,220.553,216.187,4.352
"Tenant 5 [Tier 4] Free-Tier Bulk Flood","PutLarge",1,0,222.102,217.551,4.537
"Tenant 5 [Tier 4] Free-Tier Bulk Flood","PutLarge",1,0,220.704,216.240,4.428
"Tenant 5 [Tier 4] Free-Tier Bulk Flood","PutLarge",1,0,221.983,217.413,4.566
"Tenant 5 [Tier 4] Free-Tier Bulk Flood","PutLarge",1,0,221.739,217.144,4.583
"Tenant 5 [Tier 4] Free-Tier Bulk Flood","PutLarge",1,0,222.218,217.518,4.693
"Tenant 5 [Tier 4] Free-Tier Bulk Flood","PutLarge",1,0,221.988,217.453,4.521
"Tenant 5 [Tier 4] Free-Tier Bulk Flood","PutLarge",1,0,223.783,219.241,4.505
"Tenant 5 [Tier 4] Free-Tier Bulk Flood","PutLarge",1,0,222.992,218.266,4.710
"Tenant 5 [Tier 4] Free-Tier Bulk Flood","ListBucket",1,0,222.263,217.769,4.472
"Tenant 5 [Tier 4] Free-Tier Bulk Flood","PutLarge",1,0,222.942,218.560,4.359
"Tenant 5 [Tier 4] Free-Tier Bulk Flood","PutLarge",1,0,222.128,217.718,4.403
"Tenant 5 [Tier 4] Free-Tier Bulk Flood","PutLarge",1,0,222.884,218.578,4.300
"Tenant 5 [Tier 4] Free-Tier Bulk Flood","PutLarge",1,0,222.729,218.338,4.356
"Tenant 5 [Tier 4] Free-Tier Bulk Flood","PutLarge",1,0,223.230,218.629,4.569
"Tenant 5 [Tier 4] Free-Tier Bulk Flood","PutLarge",1,0,224.631,220.068,4.556
"Tenant 5 [Tier 4] Free-Tier Bulk Flood","PutLarge",1,0,223.240,218.548,4.657
"Tenant 5 [Tier 4] Free-Tier Bulk Flood","ListBucket",1,0,222.366,217.972,4.346
"Tenant 5 [Tier 4] Free-Tier Bulk Flood","PutLarge",1,0,223.500,218.834,4.645
"Tenant 5 [Tier 4] Free-Tier Bulk Flood","ListBucket",1,0,222.352,217.709,4.636
"Tenant 5 [Tier 4] Free-Tier Bulk Flood","ListBucket",1,0,222.668,218.181,4.473
"Tenant 5 [Tier 4] Free-Tier Bulk Flood","PutLarge",1,0,222.214,217.592,4.619
"Tenant 5 [Tier 4] Free-Tier Bulk Flood","ListBucket",1,0,222.346,217.803,4.478
"Tenant 5 [Tier 4] Free-Tier Bulk Flood","PutLarge",1,0,222.042,217.527,4.511
"Tenant 5 [Tier 4] Free-Tier Bulk Flood","ListBucket",1,0,222.512,218.052,4.427
"Tenant 5 [Tier 4] Free-Tier Bulk Flood","PutLarge",1,0,224.364,219.933,4.426
"Tenant 5 [Tier 4] Free-Tier Bulk Flood","ListBucket",1,0,222.187,217.580,4.603
"Tenant 5 [Tier 4] Free-Tier Bulk Flood","PutLarge",1,0,222.108,217.467,4.633
"Tenant 5 [Tier 4] Free-Tier Bulk Flood","PutLarge",1,0,222.247,217.654,4.542
"Tenant 5 [Tier 4] Free-Tier Bulk Flood","ListBucket",1,0,221.952,217.428,4.515
"Tenant 5 [Tier 4] Free-Tier Bulk Flood","PutLarge",1,0,223.475,218.873,4.586
"Tenant 5 [Tier 4] Free-Tier Bulk Flood","PutLarge",1,0,224.090,219.720,4.358
"Tenant 5 [Tier 4] Free-Tier Bulk Flood","PutLarge",1,0,223.551,219.004,4.529
"Tenant 5 [Tier 4] Free-Tier Bulk Flood","PutLarge",1,0,224.342,220.050,4.284
"Tenant 5 [Tier 4] Free-Tier Bulk Flood","ListBucket",1,0,225.130,220.724,4.398
"Tenant 5 [Tier 4] Free-Tier Bulk Flood","PutLarge",1,0,225.058,220.675,4.379
"Tenant 5 [Tier 4] Free-Tier Bulk Flood","PutLarge",1,0,224.589,220.248,4.337
"Tenant 5 [Tier 4] Free-Tier Bulk Flood","PutLarge",1,0,222.243,217.707,4.531
"Tenant 5 [Tier 4] Free-Tier Bulk Flood","ListBucket",1,0,221.118,216.629,4.482
"Tenant 5 [Tier 4] Free-Tier Bulk Flood","PutLarge",1,0,221.911,217.517,4.388
"Tenant 5 [Tier 4] Free-Tier Bulk Flood","PutLarge",1,0,221.081,216.639,4.425
"Tenant 5 [Tier 4] Free-Tier Bulk Flood","PutLarge",1,0,222.038,217.376,4.659
"Tenant 5 [Tier 4] Free-Tier Bulk Flood","ListBucket",1,0,221.063,216.647,4.401
"Tenant 5 [Tier 4] Free-Tier Bulk Flood","PutLarge",1,0,222.070,217.646,4.418
"Tenant 5 [Tier 4] Free-Tier Bulk Flood","PutLarge",1,0,222.639,217.949,4.685
"Tenant 5 [Tier 4] Free-Tier Bulk Flood","PutLarge",1,0,222.207,217.551,4.650
"Tenant 5 [Tier 4] Free-Tier Bulk Flood","PutLarge",1,0,222.236,217.576,4.652
"Tenant 5 [Tier 4] Free-Tier Bulk Flood","PutLarge",1,0,221.941,217.533,4.401
"Tenant 5 [Tier 4] Free-Tier Bulk Flood","ListBucket",1,0,221.859,217.373,4.480
"Tenant 5 [Tier 4] Free-Tier Bulk Flood","ListBucket",1,0,221.646,217.271,4.362
"Tenant 5 [Tier 4] Free-Tier Bulk Flood","PutLarge",1,0,221.609,217.211,4.391
"Tenant 5 [Tier 4] Free-Tier Bulk Flood","ListBucket",1,0,221.619,217.006,4.608
"Tenant 5 [Tier 4] Free-Tier Bulk Flood","PutLarge",1,0,220.167,215.616,4.535
"Tenant 5 [Tier 4] Free-Tier Bulk Flood","PutLarge",1,0,221.262,216.957,4.289
"Tenant 5 [Tier 4] Free-Tier Bulk Flood","PutLarge",1,0,221.154,216.593,4.542
"Tenant 5 [Tier 4] Free-Tier Bulk Flood","PutLarge",1,0,220.273,215.796,4.470
"Tenant 5 [Tier 4] Free-Tier Bulk Flood","PutLarge",1,0,220.775,216.470,4.299
"Tenant 5 [Tier 4] Free-Tier Bulk Flood","PutLarge",1,0,221.569,216.904,4.649
"Tenant 5 [Tier 4] Free-Tier Bulk Flood","PutLarge",1,0,220.898,216.309,4.567
"Tenant 5 [Tier 4] Free-Tier Bulk Flood","ListBucket",1,0,218.661,213.943,4.711
"Tenant 5 [Tier 4] Free-Tier Bulk Flood","PutLarge",1,0,219.926,215.259,4.630
"Tenant 5 [Tier 4] Free-Tier Bulk Flood","ListBucket",1,0,219.734,215.419,4.293
"Tenant 5 [Tier 4] Free-Tier Bulk Flood","ListBucket",1,0,219.185,214.659,4.523
"Tenant 5 [Tier 4] Free-Tier Bulk Flood","ListBucket",1,0,220.037,215.336,4.689
"Tenant 5 [Tier 4] Free-Tier Bulk Flood","ListBucket",1,0,219.399,214.739,4.656
"Tenant 5 [Tier 4] Free-Tier Bulk Flood","PutLarge",1,0,220.298,215.689,4.606
"Tenant 5 [Tier 4] Free-Tier Bulk Flood","PutLarge",1,0,219.276,214.984,4.286
"Tenant 5 [Tier 4] Free-Tier Bulk Flood","ListBucket",1,0,218.580,214.234,4.306
"Tenant 5 [Tier 4] Free-Tier Bulk Flood","PutLarge",1,0,219.193,214.793,4.395
"Tenant 5 [Tier 4] Free-Tier Bulk Flood","PutLarge",1,0,219.884,215.181,4.668
"Tenant 5 [Tier 4] Free-Tier Bulk Flood","PutLarge",1,0,221.137,216.428,4.701
"Tenant 5 [Tier 4] Free-Tier Bulk Flood","PutLarge",1,0,219.878,215.200,4.672
"Tenant 5 [Tier 4] Free-Tier Bulk Flood","PutLarge",1,0,220.132,215.522,4.593
"Tenant 5 [Tier 4] Free-Tier Bulk Flood","ListBucket",1,0,218.934,214.385,4.543
"Tenant 5 [Tier 4] Free-Tier Bulk Flood","PutLarge",1,0,220.060,215.647,4.358
"Tenant 5 [Tier 4] Free-Tier Bulk Flood","PutLarge",1,0,218.956,214.400,4.513
"Tenant 5 [Tier 4] Free-Tier Bulk Flood","PutLarge",1,0,220.003,215.530,4.458
"Tenant 5 [Tier 4] Free-Tier Bulk Flood","PutLarge",1,0,218.961,214.436,4.505
"Tenant 5 [Tier 4] Free-Tier Bulk Flood","ListBucket",1,0,220.333,215.643,4.686
"Tenant 5 [Tier 4] Free-Tier Bulk Flood","ListBucket",1,0,221.589,217.081,4.484
"Tenant 5 [Tier 4] Free-Tier Bulk Flood","PutLarge",1,0,220.115,215.755,4.352
"Tenant 5 [Tier 4] Free-Tier Bulk Flood","ListBucket",1,0,219.044,214.323,4.717
"Tenant 5 [Tier 4] Free-Tier Bulk Flood","ListBucket",1,0,220.181,215.515,4.625
"Tenant 5 [Tier 4] Free-Tier Bulk Flood","PutLarge",1,0,218.952,214.500,4.428
"Tenant 5 [Tier 4] Free-Tier Bulk Flood","PutLarge",1,0,219.048,214.519,4.526
"Tenant 5 [Tier 4] Free-Tier Bulk Flood","ListBucket",1,0,218.945,214.592,4.337
"Tenant 5 [Tier 4] Free-Tier Bulk Flood","PutLarge",1,0,218.529,213.996,4.490
"Tenant 5 [Tier 4] Free-Tier Bulk Flood","PutLarge",1,0,218.925,214.408,4.473
"Tenant 5 [Tier 4] Free-Tier Bulk Flood","PutLarge",1,0,218.287,213.835,4.415
"Tenant 5 [Tier 4] Free-Tier Bulk Flood","ListBucket",1,0,218.925,214.380,4.534
"Tenant 5 [Tier 4] Free-Tier Bulk Flood","ListBucket",1,0,218.047,213.706,4.327
"Tenant 5 [Tier 4] Free-Tier Bulk Flood","PutLarge",1,0,219.229,214.542,4.626
"Tenant 5 [Tier 4] Free-Tier Bulk Flood","ListBucket",1,0,218.395,213.732,4.625
"Tenant 5 [Tier 4] Free-Tier Bulk Flood","ListBucket",1,0,217.250,212.767,4.455
"Tenant 5 [Tier 4] Free-Tier Bulk Flood","PutLarge",1,0,216.996,212.567,4.427
"Tenant 5 [Tier 4] Free-Tier Bulk Flood","ListBucket",1,0,217.163,212.685,4.468
"Tenant 5 [Tier 4] Free-Tier Bulk Flood","PutLarge",1,0,216.931,212.438,4.489
"Tenant 5 [Tier 4] Free-Tier Bulk Flood","ListBucket",1,0,217.293,212.870,4.382
"Tenant 5 [Tier 4] Free-Tier Bulk Flood","PutLarge",1,0,217.029,212.288,4.706
"Tenant 5 [Tier 4] Free-Tier Bulk Flood","PutLarge",1,0,216.992,212.641,4.343
"Tenant 5 [Tier 4] Free-Tier Bulk Flood","PutLarge",1,0,217.888,213.346,4.531
"Tenant 5 [Tier 4] Free-Tier Bulk Flood","PutLarge",1,0,217.992,213.471,4.483
"Tenant 5 [Tier 4] Free-Tier Bulk Flood","PutLarge",1,0,217.958,213.195,4.724
"Tenant 5 [Tier 4] Free-Tier Bulk Flood","PutLarge",1,0,218.106,213.458,4.609
"Tenant 5 [Tier 4] Free-Tier Bulk Flood","PutLarge",1,0,218.101,213.487,4.575
"Tenant 5 [Tier 4] Free-Tier Bulk Flood","PutLarge",1,0,218.689,213.985,4.682
"Tenant 5 [Tier 4] Free-Tier Bulk Flood","ListBucket",1,0,217.938,213.404,4.493
"Tenant 5 [Tier 4] Free-Tier Bulk Flood","PutLarge",1,0,218.617,214.097,4.510
"Tenant 5 [Tier 4] Free-Tier Bulk Flood","ListBucket",1,0,218.890,214.513,4.372
"Tenant 5 [Tier 4] Free-Tier Bulk Flood","PutLarge",1,0,218.516,214.197,4.282
"Tenant 5 [Tier 4] Free-Tier Bulk Flood","ListBucket",1,0,217.942,213.238,4.699
"Tenant 5 [Tier 4] Free-Tier Bulk Flood","PutLarge",1,0,218.790,214.190,4.590
"Tenant 5 [Tier 4] Free-Tier Bulk Flood","ListBucket",1,0,219.589,214.952,4.631
"Tenant 5 [Tier 4] Free-Tier Bulk Flood","PutLarge",1,0,219.785,215.256,4.523
"Tenant 5 [Tier 4] Free-Tier Bulk Flood","PutLarge",1,0,220.281,215.961,4.306
"Tenant 5 [Tier 4] Free-Tier Bulk Flood","ListBucket",1,0,220.866,216.326,4.534
"Tenant 5 [Tier 4] Free-Tier Bulk Flood","ListBucket",1,0,221.182,216.822,4.358
"Tenant 5 [Tier 4] Free-Tier Bulk Flood","ListBucket",1,0,216.896,212.420,4.471
"Tenant 5 [Tier 4] Free-Tier Bulk Flood","PutLarge",1,0,217.665,213.300,4.361
"Tenant 5 [Tier 4] Free-Tier Bulk Flood","ListBucket",1,0,216.695,212.240,4.440
"Tenant 5 [Tier 4] Free-Tier Bulk Flood","PutLarge",1,0,217.599,213.227,4.361
"Tenant 5 [Tier 4] Free-Tier Bulk Flood","PutLarge",1,0,217.619,213.121,4.490
"Tenant 5 [Tier 4] Free-Tier Bulk Flood","PutLarge",1,0,217.709,213.219,4.452
"Tenant 5 [Tier 4] Free-Tier Bulk Flood","ListBucket",1,0,217.366,212.716,4.645
"Tenant 5 [Tier 4] Free-Tier Bulk Flood","PutLarge",1,0,217.163,212.464,4.692
"Tenant 5 [Tier 4] Free-Tier Bulk Flood","PutLarge",1,0,216.520,212.003,4.483
"Tenant 5 [Tier 4] Free-Tier Bulk Flood","PutLarge",1,0,216.991,212.396,4.567
"Tenant 5 [Tier 4] Free-Tier Bulk Flood","PutLarge",1,0,216.430,212.103,4.320
"Tenant 5 [Tier 4] Free-Tier Bulk Flood","PutLarge",1,0,218.675,214.344,4.309
"Tenant 5 [Tier 4] Free-Tier Bulk Flood","PutLarge",1,0,219.143,214.598,4.540
"Tenant 5 [Tier 4] Free-Tier Bulk Flood","PutLarge",1,0,219.137,214.487,4.642
"Tenant 5 [Tier 4] Free-Tier Bulk Flood","PutLarge",1,0,218.913,214.422,4.479
"Tenant 5 [Tier 4] Free-Tier Bulk Flood","PutLarge",1,0,219.124,214.580,4.536
"Tenant 5 [Tier 4] Free-Tier Bulk Flood","PutLarge",1,0,219.298,214.607,4.686
"Tenant 5 [Tier 4] Free-Tier Bulk Flood","ListBucket",1,0,218.073,213.603,4.466
"Tenant 5 [Tier 4] Free-Tier Bulk Flood","ListBucket",1,0,219.200,214.633,4.554
"Tenant 5 [Tier 4] Free-Tier Bulk Flood","ListBucket",1,0,218.201,213.805,4.391
"Tenant 5 [Tier 4] Free-Tier Bulk Flood","ListBucket",1,0,216.733,212.313,4.412
"Tenant 5 [Tier 4] Free-Tier Bulk Flood","PutLarge",1,0,217.998,213.613,4.382
"Tenant 5 [Tier 4] Free-Tier Bulk Flood","ListBucket",1,0,219.664,215.241,4.419
"Tenant 5 [Tier 4] Free-Tier Bulk Flood","PutLarge",1,0,217.733,213.332,4.388
"Tenant 5 [Tier 4] Free-Tier Bulk Flood","PutLarge",1,0,218.155,213.427,4.712
"Tenant 5 [Tier 4] Free-Tier Bulk Flood","ListBucket",1,0,218.214,213.888,4.320
"Tenant 5 [Tier 4] Free-Tier Bulk Flood","ListBucket",1,0,217.617,213.244,4.369
"Tenant 5 [Tier 4] Free-Tier Bulk Flood","PutLarge",1,0,217.813,213.374,4.426
"Tenant 5 [Tier 4] Free-Tier Bulk Flood","ListBucket",1,0,217.530,213.018,4.507
"Tenant 5 [Tier 4] Free-Tier Bulk Flood","PutLarge",1,0,217.917,213.540,4.369
"Tenant 5 [Tier 4] Free-Tier Bulk Flood","ListBucket",1,0,218.576,213.965,4.606
"Tenant 5 [Tier 4] Free-Tier Bulk Flood","PutLarge",1,0,217.908,213.486,4.408
"Tenant 5 [Tier 4] Free-Tier Bulk Flood","PutLarge",1,0,217.392,212.861,4.517
"Tenant 5 [Tier 4] Free-Tier Bulk Flood","PutLarge",1,0,218.529,214.124,4.392
"Tenant 5 [Tier 4] Free-Tier Bulk Flood","PutLarge",1,0,217.114,212.727,4.379
"Tenant 5 [Tier 4] Free-Tier Bulk Flood","PutLarge",1,0,217.534,213.213,4.307
"Tenant 5 [Tier 4] Free-Tier Bulk Flood","ListBucket",1,0,216.075,211.714,4.330
"Tenant 5 [Tier 4] Free-Tier Bulk Flood","PutLarge",1,0,217.616,213.162,4.445
"Tenant 5 [Tier 4] Free-Tier Bulk Flood","PutLarge",1,0,218.622,214.031,4.570
"Tenant 5 [Tier 4] Free-Tier Bulk Flood","PutLarge",1,0,217.831,213.143,4.665
"Tenant 5 [Tier 4] Free-Tier Bulk Flood","PutLarge",1,0,218.777,214.100,4.662
"Tenant 5 [Tier 4] Free-Tier Bulk Flood","PutLarge",1,0,217.489,213.122,4.360
"Tenant 5 [Tier 4] Free-Tier Bulk Flood","ListBucket",1,0,218.648,214.258,4.377
"Tenant 5 [Tier 4] Free-Tier Bulk Flood","ListBucket",1,0,217.710,213.381,4.294
"Tenant 5 [Tier 4] Free-Tier Bulk Flood","ListBucket",1,0,216.193,211.584,4.603
"Tenant 5 [Tier 4] Free-Tier Bulk Flood","PutLarge",1,0,218.665,213.957,4.642
"Tenant 5 [Tier 4] Free-Tier Bulk Flood","PutLarge",1,0,218.626,214.142,4.467
"Tenant 5 [Tier 4] Free-Tier Bulk Flood","ListBucket",1,0,217.745,213.303,4.406
"Tenant 5 [Tier 4] Free-Tier Bulk Flood","PutLarge",1,0,217.798,213.351,4.410
"Tenant 5 [Tier 4] Free-Tier Bulk Flood","PutLarge",1,0,218.019,213.590,4.405
"Tenant 5 [Tier 4] Free-Tier Bulk Flood","PutLarge",1,0,218.329,214.032,4.293
"Tenant 5 [Tier 4] Free-Tier Bulk Flood","PutLarge",1,0,219.077,214.666,4.404
"Tenant 5 [Tier 4] Free-Tier Bulk Flood","PutLarge",1,0,218.214,213.796,4.414
"Tenant 5 [Tier 4] Free-Tier Bulk Flood","ListBucket",1,0,217.971,213.633,4.331
"Tenant 5 [Tier 4] Free-Tier Bulk Flood","ListBucket",1,0,217.838,213.418,4.384
"Tenant 5 [Tier 4] Free-Tier Bulk Flood","PutLarge",1,0,218.829,214.223,4.576
"Tenant 5 [Tier 4] Free-Tier Bulk Flood","PutLarge",1,0,219.114,214.724,4.332
"Tenant 5 [Tier 4] Free-Tier Bulk Flood","PutLarge",1,0,218.997,214.454,4.538
"Tenant 5 [Tier 4] Free-Tier Bulk Flood","PutLarge",1,0,220.260,215.753,4.468
"Tenant 5 [Tier 4] Free-Tier Bulk Flood","PutLarge",1,0,218.904,214.558,4.283
"Tenant 5 [Tier 4] Free-Tier Bulk Flood","PutLarge",1,0,220.566,215.836,4.699
"Tenant 5 [Tier 4] Free-Tier Bulk Flood","ListBucket",1,0,218.718,214.156,4.502
"Tenant 5 [Tier 4] Free-Tier Bulk Flood","PutLarge",1,0,220.300,215.999,4.288
"Tenant 5 [Tier 4] Free-Tier Bulk Flood","ListBucket",1,0,218.864,214.181,4.674
"Tenant 5 [Tier 4] Free-Tier Bulk Flood","PutLarge",1,0,219.299,214.681,4.601
"Tenant 5 [Tier 4] Free-Tier Bulk Flood","PutLarge",1,0,218.812,214.462,4.346
"Tenant 5 [Tier 4] Free-Tier Bulk Flood","PutLarge",1,0,219.063,214.635,4.403
"Tenant 5 [Tier 4] Free-Tier Bulk Flood","ListBucket",1,0,218.610,214.202,4.400
"Tenant 5 [Tier 4] Free-Tier Bulk Flood","PutLarge",1,0,218.741,214.336,4.382
"Tenant 5 [Tier 4] Free-Tier Bulk Flood","PutLarge",1,0,220.202,215.619,4.580
"Tenant 5 [Tier 4] Free-Tier Bulk Flood","PutLarge",1,0,220.066,215.409,4.651
"Tenant 5 [Tier 4] Free-Tier Bulk Flood","PutLarge",1,0,219.190,214.890,4.294
"Tenant 5 [Tier 4] Free-Tier Bulk Flood","ListBucket",1,0,220.249,215.720,4.514
"Tenant 5 [Tier 4] Free-Tier Bulk Flood","PutLarge",1,0,220.315,215.835,4.474
"Tenant 5 [Tier 4] Free-Tier Bulk Flood","ListBucket",1,0,221.187,216.575,4.609
"Tenant 5 [Tier 4] Free-Tier Bulk Flood","PutLarge",1,0,222.297,217.584,4.708
"Tenant 5 [Tier 4] Free-Tier Bulk Flood","PutLarge",1,0,222.143,217.754,4.384
"Tenant 5 [Tier 4] Free-Tier Bulk Flood","ListBucket",1,0,220.554,216.033,4.517
"Tenant 5 [Tier 4] Free-Tier Bulk Flood","PutLarge",1,0,222.282,217.863,4.414
"Tenant 5 [Tier 4] Free-Tier Bulk Flood","PutLarge",1,0,220.848,216.521,4.319
"Tenant 5 [Tier 4] Free-Tier Bulk Flood","PutLarge",1,0,223.652,219.214,4.416
"Tenant 5 [Tier 4] Free-Tier Bulk Flood","PutLarge",1,0,223.289,218.623,4.654
"Tenant 5 [Tier 4] Free-Tier Bulk Flood","PutLarge",1,0,223.571,219.003,4.564
"Tenant 5 [Tier 4] Free-Tier Bulk Flood","PutLarge",1,0,223.300,218.930,4.360
"Tenant 5 [Tier 4] Free-Tier Bulk Flood","PutLarge",1,0,223.662,218.923,4.715
"Tenant 5 [Tier 4] Free-Tier Bulk Flood","PutLarge",1,0,224.297,219.798,4.480
"Tenant 5 [Tier 4] Free-Tier Bulk Flood","PutLarge",1,0,223.880,219.513,4.317
"Tenant 5 [Tier 4] Free-Tier Bulk Flood","PutLarge",1,0,223.181,218.563,4.604
"Tenant 5 [Tier 4] Free-Tier Bulk Flood","ListBucket",1,0,223.112,218.445,4.662
"Tenant 5 [Tier 4] Free-Tier Bulk Flood","ListBucket",1,0,223.026,218.585,4.428
"Tenant 5 [Tier 4] Free-Tier Bulk Flood","PutLarge",1,0,225.389,220.853,4.504
"Tenant 5 [Tier 4] Free-Tier Bulk Flood","PutLarge",1,0,223.083,218.444,4.595
"Tenant 5 [Tier 4] Free-Tier Bulk Flood","PutLarge",1,0,223.086,218.357,4.723
"Tenant 5 [Tier 4] Free-Tier Bulk Flood","PutLarge",1,0,223.023,218.437,4.562
"Tenant 5 [Tier 4] Free-Tier Bulk Flood","ListBucket",1,0,222.776,218.412,4.355
"Tenant 5 [Tier 4] Free-Tier Bulk Flood","ListBucket",1,0,223.059,218.469,4.583
"Tenant 5 [Tier 4] Free-Tier Bulk Flood","PutLarge",1,0,222.556,218.096,4.455
"Tenant 5 [Tier 4] Free-Tier Bulk Flood","PutLarge",1,0,223.279,218.609,4.647
"Tenant 5 [Tier 4] Free-Tier Bulk Flood","PutLarge",1,0,222.555,218.196,4.352
"Tenant 5 [Tier 4] Free-Tier Bulk Flood","ListBucket",1,0,221.055,216.622,4.429
"Tenant 5 [Tier 4] Free-Tier Bulk Flood","PutLarge",1,0,223.490,219.073,4.411
"Tenant 5 [Tier 4] Free-Tier Bulk Flood","PutLarge",1,0,223.381,218.954,4.408
"Tenant 5 [Tier 4] Free-Tier Bulk Flood","PutLarge",1,0,224.896,220.215,4.648
"Tenant 5 [Tier 4] Free-Tier Bulk Flood","PutLarge",1,0,223.641,218.991,4.645
"Tenant 5 [Tier 4] Free-Tier Bulk Flood","PutLarge",1,0,224.355,219.806,4.515
"Tenant 5 [Tier 4] Free-Tier Bulk Flood","PutLarge",1,0,224.872,220.396,4.471
"Tenant 5 [Tier 4] Free-Tier Bulk Flood","PutLarge",1,0,224.674,220.200,4.456
"Tenant 5 [Tier 4] Free-Tier Bulk Flood","PutLarge",1,0,225.251,220.846,4.392
"Tenant 5 [Tier 4] Free-Tier Bulk Flood","PutLarge",1,0,224.329,219.763,4.546
"Tenant 5 [Tier 4] Free-Tier Bulk Flood","PutLarge",1,0,225.228,220.908,4.309
"Tenant 5 [Tier 4] Free-Tier Bulk Flood","PutLarge",1,0,225.547,221.076,4.465
"Tenant 5 [Tier 4] Free-Tier Bulk Flood","PutLarge",1,0,225.838,221.531,4.286
"Tenant 5 [Tier 4] Free-Tier Bulk Flood","PutLarge",1,0,225.496,220.965,4.523
"Tenant 5 [Tier 4] Free-Tier Bulk Flood","PutLarge",1,0,224.884,220.514,4.361
"Tenant 5 [Tier 4] Free-Tier Bulk Flood","ListBucket",1,0,225.541,221.127,4.409
"Tenant 5 [Tier 4] Free-Tier Bulk Flood","PutLarge",1,0,224.981,220.566,4.402
"Tenant 5 [Tier 4] Free-Tier Bulk Flood","PutLarge",1,0,227.488,223.021,4.463
"Tenant 5 [Tier 4] Free-Tier Bulk Flood","PutLarge",1,0,225.756,221.207,4.532
"Tenant 5 [Tier 4] Free-Tier Bulk Flood","PutLarge",1,0,224.783,220.359,4.421
"Tenant 5 [Tier 4] Free-Tier Bulk Flood","ListBucket",1,0,225.398,221.031,4.349
"Tenant 5 [Tier 4] Free-Tier Bulk Flood","PutLarge",1,0,224.559,220.047,4.503
"Tenant 5 [Tier 4] Free-Tier Bulk Flood","PutLarge",1,0,225.441,221.023,4.414
"Tenant 5 [Tier 4] Free-Tier Bulk Flood","ListBucket",1,0,224.556,220.177,4.349
"Tenant 5 [Tier 4] Free-Tier Bulk Flood","PutLarge",1,0,225.649,221.090,4.551
"Tenant 5 [Tier 4] Free-Tier Bulk Flood","PutLarge",1,0,225.366,220.635,4.714
"Tenant 5 [Tier 4] Free-Tier Bulk Flood","PutLarge",1,0,227.281,222.562,4.711
"Tenant 5 [Tier 4] Free-Tier Bulk Flood","ListBucket",1,0,225.374,220.865,4.493
"Tenant 5 [Tier 4] Free-Tier Bulk Flood","PutLarge",1,0,225.849,221.285,4.551
"Tenant 5 [Tier 4] Free-Tier Bulk Flood","PutLarge",1,0,226.472,221.851,4.616
"Tenant 5 [Tier 4] Free-Tier Bulk Flood","ListBucket",1,0,225.907,221.451,4.448
"Tenant 5 [Tier 4] Free-Tier Bulk Flood","PutLarge",1,0,225.937,221.429,4.491
"Tenant 5 [Tier 4] Free-Tier Bulk Flood","ListBucket",1,0,224.893,220.345,4.526
"Tenant 5 [Tier 4] Free-Tier Bulk Flood","PutLarge",1,0,225.957,221.495,4.457
"Tenant 5 [Tier 4] Free-Tier Bulk Flood","PutLarge",1,0,226.562,221.971,4.566
"Tenant 5 [Tier 4] Free-Tier Bulk Flood","PutLarge",1,0,225.934,221.615,4.295
"Tenant 5 [Tier 4] Free-Tier Bulk Flood","PutLarge",1,0,225.645,221.084,4.550
"Tenant 5 [Tier 4] Free-Tier Bulk Flood","ListBucket",1,0,225.658,221.144,4.507
"Tenant 5 [Tier 4] Free-Tier Bulk Flood","ListBucket",1,0,222.560,218.134,4.403
"Tenant 5 [Tier 4] Free-Tier Bulk Flood","PutLarge",1,0,225.517,221.051,4.432
"Tenant 5 [Tier 4] Free-Tier Bulk Flood","ListBucket",1,0,225.491,221.086,4.400
"Tenant 5 [Tier 4] Free-Tier Bulk Flood","ListBucket",1,0,224.322,219.840,4.471
"Tenant 5 [Tier 4] Free-Tier Bulk Flood","PutLarge",1,0,225.363,220.903,4.444
"Tenant 5 [Tier 4] Free-Tier Bulk Flood","ListBucket",1,0,224.314,219.942,4.366
"Tenant 5 [Tier 4] Free-Tier Bulk Flood","PutLarge",1,0,225.016,220.671,4.339
"Tenant 5 [Tier 4] Free-Tier Bulk Flood","ListBucket",1,0,224.021,219.683,4.323
"Tenant 5 [Tier 4] Free-Tier Bulk Flood","ListBucket",1,0,224.886,220.358,4.524
"Tenant 5 [Tier 4] Free-Tier Bulk Flood","PutLarge",1,0,224.297,219.584,4.701
"Tenant 5 [Tier 4] Free-Tier Bulk Flood","PutLarge",1,0,224.242,219.833,4.400
"Tenant 5 [Tier 4] Free-Tier Bulk Flood","PutLarge",1,0,224.248,219.918,4.324
"Tenant 5 [Tier 4] Free-Tier Bulk Flood","PutLarge",1,0,225.181,220.514,4.656
"Tenant 5 [Tier 4] Free-Tier Bulk Flood","ListBucket",1,0,223.924,219.373,4.546
"Tenant 5 [Tier 4] Free-Tier Bulk Flood","PutLarge",1,0,225.186,220.690,4.489
"Tenant 5 [Tier 4] Free-Tier Bulk Flood","PutLarge",1,0,225.987,221.262,4.718
"Tenant 5 [Tier 4] Free-Tier Bulk Flood","PutLarge",1,0,226.662,221.982,4.667
"Tenant 5 [Tier 4] Free-Tier Bulk Flood","PutLarge",1,0,227.015,222.590,4.419
"Tenant 5 [Tier 4] Free-Tier Bulk Flood","PutLarge",1,0,226.820,222.109,4.702
"Tenant 5 [Tier 4] Free-Tier Bulk Flood","PutLarge",1,0,226.702,222.055,4.643
"Tenant 5 [Tier 4] Free-Tier Bulk Flood","PutLarge",1,0,227.649,223.135,4.505
"Tenant 5 [Tier 4] Free-Tier Bulk Flood","ListBucket",1,0,227.179,222.747,4.426
"Tenant 5 [Tier 4] Free-Tier Bulk Flood","PutLarge",1,0,227.191,222.860,4.326
"Tenant 5 [Tier 4] Free-Tier Bulk Flood","PutLarge",1,0,226.290,221.729,4.553
"Tenant 5 [Tier 4] Free-Tier Bulk Flood","PutLarge",1,0,225.730,221.381,4.338
"Tenant 5 [Tier 4] Free-Tier Bulk Flood","PutLarge",1,0,226.853,222.184,4.665
"Tenant 5 [Tier 4] Free-Tier Bulk Flood","ListBucket",1,0,225.922,221.340,4.572
"Tenant 5 [Tier 4] Free-Tier Bulk Flood","PutLarge",1,0,225.501,221.184,4.302
"Tenant 5 [Tier 4] Free-Tier Bulk Flood","PutLarge",1,0,226.268,221.852,4.404
"Tenant 5 [Tier 4] Free-Tier Bulk Flood","ListBucket",1,0,225.800,221.136,4.656
"Tenant 5 [Tier 4] Free-Tier Bulk Flood","PutLarge",1,0,226.332,221.642,4.684
"Tenant 5 [Tier 4] Free-Tier Bulk Flood","ListBucket",1,0,225.468,221.137,4.327
"Tenant 5 [Tier 4] Free-Tier Bulk Flood","PutLarge",1,0,226.282,221.782,4.495
"Tenant 5 [Tier 4] Free-Tier Bulk Flood","ListBucket",1,0,223.439,218.879,4.554
"Tenant 5 [Tier 4] Free-Tier Bulk Flood","PutLarge",1,0,224.142,219.786,4.351
"Tenant 5 [Tier 4] Free-Tier Bulk Flood","PutLarge",1,0,224.384,219.749,4.621
"Tenant 5 [Tier 4] Free-Tier Bulk Flood","PutLarge",1,0,223.996,219.560,4.398
"Tenant 5 [Tier 4] Free-Tier Bulk Flood","PutLarge",1,0,225.086,220.366,4.709
"Tenant 5 [Tier 4] Free-Tier Bulk Flood","PutLarge",1,0,224.825,220.155,4.652
"Tenant 5 [Tier 4] Free-Tier Bulk Flood","ListBucket",1,0,224.532,220.225,4.284
"Tenant 5 [Tier 4] Free-Tier Bulk Flood","PutLarge",1,0,224.606,220.145,4.453
"Tenant 5 [Tier 4] Free-Tier Bulk Flood","PutLarge",1,0,224.696,220.163,4.520
"Tenant 5 [Tier 4] Free-Tier Bulk Flood","ListBucket",1,0,226.797,222.462,4.297
"Tenant 5 [Tier 4] Free-Tier Bulk Flood","PutLarge",1,0,224.678,220.179,4.491
"Tenant 5 [Tier 4] Free-Tier Bulk Flood","PutLarge",1,0,224.686,220.092,4.578
"Tenant 5 [Tier 4] Free-Tier Bulk Flood","PutLarge",1,0,224.276,219.584,4.682
"Tenant 5 [Tier 4] Free-Tier Bulk Flood","PutLarge",1,0,224.541,220.046,4.490
"Tenant 5 [Tier 4] Free-Tier Bulk Flood","ListBucket",1,0,224.488,220.072,4.408
"Tenant 5 [Tier 4] Free-Tier Bulk Flood","ListBucket",1,0,223.508,219.024,4.477
"Tenant 5 [Tier 4] Free-Tier Bulk Flood","PutLarge",1,0,224.466,219.779,4.681
"Tenant 5 [Tier 4] Free-Tier Bulk Flood","PutLarge",1,0,223.576,219.073,4.496
"Tenant 5 [Tier 4] Free-Tier Bulk Flood","PutLarge",1,0,224.727,220.306,4.403
"Tenant 5 [Tier 4] Free-Tier Bulk Flood","PutLarge",1,0,223.851,219.220,4.624
"Tenant 5 [Tier 4] Free-Tier Bulk Flood","ListBucket",1,0,223.516,218.902,4.609
"Tenant 5 [Tier 4] Free-Tier Bulk Flood","ListBucket",1,0,222.750,218.125,4.618
"Tenant 5 [Tier 4] Free-Tier Bulk Flood","PutLarge",1,0,223.384,218.962,4.410
"Tenant 5 [Tier 4] Free-Tier Bulk Flood","PutLarge",1,0,223.576,219.254,4.309
"Tenant 5 [Tier 4] Free-Tier Bulk Flood","PutLarge",1,0,223.035,218.599,4.422
"Tenant 5 [Tier 4] Free-Tier Bulk Flood","PutLarge",1,0,223.557,219.151,4.395
"Tenant 5 [Tier 4] Free-Tier Bulk Flood","PutLarge",1,0,223.630,219.302,4.323
"Tenant 5 [Tier 4] Free-Tier Bulk Flood","PutLarge",1,0,223.926,219.294,4.628
"Tenant 5 [Tier 4] Free-Tier Bulk Flood","ListBucket",1,0,223.723,219.205,4.512
"Tenant 5 [Tier 4] Free-Tier Bulk Flood","PutLarge",1,0,223.546,219.098,4.440
"Tenant 5 [Tier 4] Free-Tier Bulk Flood","PutLarge",1,0,223.860,219.195,4.628
"Tenant 5 [Tier 4] Free-Tier Bulk Flood","PutLarge",1,0,223.737,219.134,4.575
"Tenant 5 [Tier 4] Free-Tier Bulk Flood","PutLarge",1,0,223.834,219.502,4.319
"Tenant 5 [Tier 4] Free-Tier Bulk Flood","PutLarge",1,0,223.783,219.185,4.581
"Tenant 5 [Tier 4] Free-Tier Bulk Flood","ListBucket",1,0,221.148,216.420,4.711
"Tenant 5 [Tier 4] Free-Tier Bulk Flood","ListBucket",1,0,223.465,219.067,4.371
"Tenant 5 [Tier 4] Free-Tier Bulk Flood","PutLarge",1,0,223.153,218.680,4.464
"Tenant 5 [Tier 4] Free-Tier Bulk Flood","ListBucket",1,0,223.354,218.701,4.647
"Tenant 5 [Tier 4] Free-Tier Bulk Flood","ListBucket",1,0,222.666,218.347,4.311
"Tenant 5 [Tier 4] Free-Tier Bulk Flood","PutLarge",1,0,223.152,218.709,4.434
"Tenant 5 [Tier 4] Free-Tier Bulk Flood","PutLarge",1,0,222.702,218.131,4.563
"Tenant 5 [Tier 4] Free-Tier Bulk Flood","PutLarge",1,0,223.027,218.618,4.398
"Tenant 5 [Tier 4] Free-Tier Bulk Flood","ListBucket",1,0,221.570,217.038,4.525
"Tenant 5 [Tier 4] Free-Tier Bulk Flood","ListBucket",1,0,222.267,217.730,4.532
"Tenant 5 [Tier 4] Free-Tier Bulk Flood","PutLarge",1,0,223.046,218.641,4.395
"Tenant 5 [Tier 4] Free-Tier Bulk Flood","PutLarge",1,0,223.306,218.615,4.680
"Tenant 5 [Tier 4] Free-Tier Bulk Flood","PutLarge",1,0,223.383,218.916,4.461
"Tenant 5 [Tier 4] Free-Tier Bulk Flood","PutLarge",1,0,223.535,218.874,4.652
"Tenant 5 [Tier 4] Free-Tier Bulk Flood","PutLarge",1,0,225.175,220.821,4.345
"Tenant 5 [Tier 4] Free-Tier Bulk Flood","PutLarge",1,0,223.613,219.145,4.464
"Tenant 5 [Tier 4] Free-Tier Bulk Flood","ListBucket",1,0,223.134,218.732,4.394
"Tenant 5 [Tier 4] Free-Tier Bulk Flood","PutLarge",1,0,223.721,219.155,4.553
"Tenant 5 [Tier 4] Free-Tier Bulk Flood","PutLarge",1,0,224.708,219.978,4.717
"Tenant 5 [Tier 4] Free-Tier Bulk Flood","ListBucket",1,0,223.832,219.261,4.560
"Tenant 5 [Tier 4] Free-Tier Bulk Flood","PutLarge",1,0,224.724,220.012,4.702
"Tenant 5 [Tier 4] Free-Tier Bulk Flood","ListBucket",1,0,224.190,219.474,4.699
"Tenant 5 [Tier 4] Free-Tier Bulk Flood","PutLarge",1,0,224.423,219.895,4.519
"Tenant 5 [Tier 4] Free-Tier Bulk Flood","ListBucket",1,0,224.816,220.109,4.701
"Tenant 5 [Tier 4] Free-Tier Bulk Flood","PutLarge",1,0,224.754,220.064,4.683
"Tenant 5 [Tier 4] Free-Tier Bulk Flood","PutLarge",1,0,223.750,219.320,4.423
"Tenant 5 [Tier 4] Free-Tier Bulk Flood","PutLarge",1,0,223.822,219.258,4.555
"Tenant 5 [Tier 4] Free-Tier Bulk Flood","PutLarge",1,0,225.627,220.980,4.640
"Tenant 5 [Tier 4] Free-Tier Bulk Flood","PutLarge",1,0,224.696,220.296,4.395
"Tenant 5 [Tier 4] Free-Tier Bulk Flood","ListBucket",1,0,224.417,220.121,4.289
"Tenant 5 [Tier 4] Free-Tier Bulk Flood","ListBucket",1,0,223.888,219.463,4.419
"Tenant 5 [Tier 4] Free-Tier Bulk Flood","PutLarge",1,0,223.965,219.369,4.591
"Tenant 5 [Tier 4] Free-Tier Bulk Flood","PutLarge",1,0,225.576,221.024,4.549
"Tenant 5 [Tier 4] Free-Tier Bulk Flood","ListBucket",1,0,225.489,220.777,4.701
"Tenant 5 [Tier 4] Free-Tier Bulk Flood","PutLarge",1,0,223.556,219.113,4.436
"Tenant 5 [Tier 4] Free-Tier Bulk Flood","PutLarge",1,0,226.460,222.112,4.344
"Tenant 5 [Tier 4] Free-Tier Bulk Flood","PutLarge",1,0,220.960,216.401,4.554
"Tenant 5 [Tier 4] Free-Tier Bulk Flood","PutLarge",1,0,221.001,216.578,4.418
"Tenant 5 [Tier 4] Free-Tier Bulk Flood","PutLarge",1,0,220.854,216.281,4.562
"Tenant 5 [Tier 4] Free-Tier Bulk Flood","PutLarge",1,0,222.131,217.558,4.567
"Tenant 5 [Tier 4] Free-Tier Bulk Flood","PutLarge",1,0,220.966,216.526,4.432
"Tenant 5 [Tier 4] Free-Tier Bulk Flood","PutLarge",1,0,220.817,216.079,4.722
"Tenant 5 [Tier 4] Free-Tier Bulk Flood","PutLarge",1,0,222.083,217.554,4.513
"Tenant 5 [Tier 4] Free-Tier Bulk Flood","PutLarge",1,0,220.756,216.133,4.612
"Tenant 5 [Tier 4] Free-Tier Bulk Flood","PutLarge",1,0,222.232,217.734,4.481
"Tenant 5 [Tier 4] Free-Tier Bulk Flood","ListBucket",1,0,220.455,216.137,4.313
"Tenant 5 [Tier 4] Free-Tier Bulk Flood","PutLarge",1,0,222.095,217.596,4.496
"Tenant 5 [Tier 4] Free-Tier Bulk Flood","PutLarge",1,0,221.904,217.607,4.291
"Tenant 5 [Tier 4] Free-Tier Bulk Flood","ListBucket",1,0,220.613,216.184,4.401
"Tenant 5 [Tier 4] Free-Tier Bulk Flood","PutLarge",1,0,221.949,217.462,4.482
"Tenant 5 [Tier 4] Free-Tier Bulk Flood","PutLarge",1,0,220.555,215.907,4.638
"Tenant 5 [Tier 4] Free-Tier Bulk Flood","ListBucket",1,0,220.988,216.555,4.392
"Tenant 5 [Tier 4] Free-Tier Bulk Flood","ListBucket",1,0,220.992,216.645,4.313
"Tenant 5 [Tier 4] Free-Tier Bulk Flood","PutLarge",1,0,220.982,216.530,4.416
"Tenant 5 [Tier 4] Free-Tier Bulk Flood","PutLarge",1,0,220.805,216.484,4.289
"Tenant 5 [Tier 4] Free-Tier Bulk Flood","PutLarge",1,0,221.320,216.622,4.690
"Tenant 5 [Tier 4] Free-Tier Bulk Flood","ListBucket",1,0,221.270,216.528,4.722
"Tenant 5 [Tier 4] Free-Tier Bulk Flood","ListBucket",1,0,220.437,216.003,4.401
"Tenant 5 [Tier 4] Free-Tier Bulk Flood","ListBucket",1,0,220.496,215.812,4.672
"Tenant 5 [Tier 4] Free-Tier Bulk Flood","PutLarge",1,0,220.439,215.938,4.494
"Tenant 5 [Tier 4] Free-Tier Bulk Flood","PutLarge",1,0,220.753,216.077,4.672
"Tenant 5 [Tier 4] Free-Tier Bulk Flood","PutLarge",1,0,220.544,215.938,4.598
"Tenant 5 [Tier 4] Free-Tier Bulk Flood","PutLarge",1,0,220.792,216.076,4.707
"Tenant 5 [Tier 4] Free-Tier Bulk Flood","PutLarge",1,0,221.485,216.995,4.486
"Tenant 5 [Tier 4] Free-Tier Bulk Flood","ListBucket",1,0,220.857,216.244,4.608
"Tenant 5 [Tier 4] Free-Tier Bulk Flood","PutLarge",1,0,221.084,216.731,4.334
"Tenant 5 [Tier 4] Free-Tier Bulk Flood","PutLarge",1,0,220.902,216.272,4.583
"Tenant 5 [Tier 4] Free-Tier Bulk Flood","PutLarge",1,0,221.164,216.794,4.363
"Tenant 5 [Tier 4] Free-Tier Bulk Flood","PutLarge",1,0,221.058,216.505,4.526
"Tenant 5 [Tier 4] Free-Tier Bulk Flood","ListBucket",1,0,220.289,215.997,4.276
"Tenant 5 [Tier 4] Free-Tier Bulk Flood","PutLarge",1,0,221.524,217.009,4.509
"Tenant 5 [Tier 4] Free-Tier Bulk Flood","PutLarge",1,0,221.627,217.217,4.403
"Tenant 5 [Tier 4] Free-Tier Bulk Flood","PutLarge",1,0,220.861,216.488,4.365
"Tenant 5 [Tier 4] Free-Tier Bulk Flood","ListBucket",1,0,220.454,215.932,4.488
"Tenant 5 [Tier 4] Free-Tier Bulk Flood","ListBucket",1,0,220.634,216.256,4.328
"Tenant 5 [Tier 4] Free-Tier Bulk Flood","ListBucket",1,0,218.780,214.322,4.450
"Tenant 5 [Tier 4] Free-Tier Bulk Flood","PutLarge",1,0,221.198,216.556,4.636
"Tenant 5 [Tier 4] Free-Tier Bulk Flood","PutLarge",1,0,220.569,216.131,4.431
"Tenant 5 [Tier 4] Free-Tier Bulk Flood","PutLarge",1,0,221.022,216.581,4.438
"Tenant 5 [Tier 4] Free-Tier Bulk Flood","PutLarge",1,0,220.596,215.959,4.603
"Tenant 5 [Tier 4] Free-Tier Bulk Flood","ListBucket",1,0,222.554,218.188,4.361
"Tenant 5 [Tier 4] Free-Tier Bulk Flood","PutLarge",1,0,220.256,215.565,4.657
"Tenant 5 [Tier 4] Free-Tier Bulk Flood","ListBucket",1,0,220.369,215.829,4.512
"Tenant 5 [Tier 4] Free-Tier Bulk Flood","ListBucket",1,0,220.203,215.518,4.669
"Tenant 5 [Tier 4] Free-Tier Bulk Flood","ListBucket",1,0,219.873,215.551,4.316
"Tenant 5 [Tier 4] Free-Tier Bulk Flood","ListBucket",1,0,219.641,215.100,4.534
"Tenant 5 [Tier 4] Free-Tier Bulk Flood","PutLarge",1,0,220.003,215.314,4.674
"Tenant 5 [Tier 4] Free-Tier Bulk Flood","PutLarge",1,0,219.720,215.234,4.472
"Tenant 5 [Tier 4] Free-Tier Bulk Flood","PutLarge",1,0,221.124,216.727,4.392
"Tenant 5 [Tier 4] Free-Tier Bulk Flood","PutLarge",1,0,221.515,216.905,4.598
"Tenant 5 [Tier 4] Free-Tier Bulk Flood","PutLarge",1,0,219.952,215.342,4.572
"Tenant 5 [Tier 4] Free-Tier Bulk Flood","PutLarge",1,0,220.585,215.889,4.678
"Tenant 5 [Tier 4] Free-Tier Bulk Flood","ListBucket",1,0,219.904,215.507,4.389
"Tenant 5 [Tier 4] Free-Tier Bulk Flood","PutLarge",1,0,220.334,215.866,4.429
"Tenant 5 [Tier 4] Free-Tier Bulk Flood","ListBucket",1,0,218.020,213.690,4.325
"Tenant 5 [Tier 4] Free-Tier Bulk Flood","PutLarge",1,0,221.223,216.511,4.710
"Tenant 5 [Tier 4] Free-Tier Bulk Flood","ListBucket",1,0,220.765,216.195,4.534
"Tenant 5 [Tier 4] Free-Tier Bulk Flood","PutLarge",1,0,220.057,215.532,4.520
"Tenant 5 [Tier 4] Free-Tier Bulk Flood","PutLarge",1,0,219.743,215.112,4.626
"Tenant 5 [Tier 4] Free-Tier Bulk Flood","PutLarge",1,0,220.282,215.607,4.658
"Tenant 5 [Tier 4] Free-Tier Bulk Flood","ListBucket",1,0,219.971,215.276,4.672
"Tenant 5 [Tier 4] Free-Tier Bulk Flood","PutLarge",1,0,219.891,215.502,4.361
"Tenant 5 [Tier 4] Free-Tier Bulk Flood","PutLarge",1,0,221.239,216.593,4.637
"Tenant 5 [Tier 4] Free-Tier Bulk Flood","PutLarge",1,0,221.834,217.153,4.674
"Tenant 5 [Tier 4] Free-Tier Bulk Flood","ListBucket",1,0,220.833,216.288,4.538
"Tenant 5 [Tier 4] Free-Tier Bulk Flood","PutLarge",1,0,220.713,216.365,4.340
"Tenant 5 [Tier 4] Free-Tier Bulk Flood","ListBucket",1,0,222.250,217.841,4.372
"Tenant 5 [Tier 4] Free-Tier Bulk Flood","PutLarge",1,0,220.348,215.883,4.455
"Tenant 5 [Tier 4] Free-Tier Bulk Flood","PutLarge",1,0,221.911,217.513,4.394
"Tenant 5 [Tier 4] Free-Tier Bulk Flood","PutLarge",1,0,222.939,218.634,4.291
"Tenant 5 [Tier 4] Free-Tier Bulk Flood","ListBucket",1,0,223.878,219.295,4.578
"Tenant 5 [Tier 4] Free-Tier Bulk Flood","PutLarge",1,0,223.615,219.289,4.320
"Tenant 5 [Tier 4] Free-Tier Bulk Flood","PutLarge",1,0,223.846,219.399,4.435
"Tenant 5 [Tier 4] Free-Tier Bulk Flood","PutLarge",1,0,223.835,219.421,4.409
"Tenant 5 [Tier 4] Free-Tier Bulk Flood","PutLarge",1,0,227.305,223.004,4.295
"Tenant 5 [Tier 4] Free-Tier Bulk Flood","ListBucket",1,0,226.002,221.578,4.414
"Tenant 5 [Tier 4] Free-Tier Bulk Flood","PutLarge",1,0,226.926,222.423,4.493
"Tenant 5 [Tier 4] Free-Tier Bulk Flood","PutLarge",1,0,227.618,223.124,4.477
"Tenant 5 [Tier 4] Free-Tier Bulk Flood","PutLarge",1,0,226.836,222.367,4.464
"Tenant 5 [Tier 4] Free-Tier Bulk Flood","PutLarge",1,0,226.510,221.894,4.609
"Tenant 5 [Tier 4] Free-Tier Bulk Flood","ListBucket",1,0,227.024,222.388,4.597
"Tenant 5 [Tier 4] Free-Tier Bulk Flood","PutLarge",1,0,225.853,221.325,4.512
"Tenant 5 [Tier 4] Free-Tier Bulk Flood","ListBucket",1,0,225.565,221.110,4.404
"Tenant 5 [Tier 4] Free-Tier Bulk Flood","PutLarge",1,0,225.815,221.257,4.506
"Tenant 5 [Tier 4] Free-Tier Bulk Flood","PutLarge",1,0,225.514,221.073,4.437
"Tenant 5 [Tier 4] Free-Tier Bulk Flood","PutLarge",1,0,226.460,221.863,4.558
"Tenant 5 [Tier 4] Free-Tier Bulk Flood","PutLarge",1,0,225.005,220.549,4.420
"Tenant 5 [Tier 4] Free-Tier Bulk Flood","PutLarge",1,0,227.062,222.383,4.664
"Tenant 5 [Tier 4] Free-Tier Bulk Flood","PutLarge",1,0,226.860,222.375,4.445
"Tenant 5 [Tier 4] Free-Tier Bulk Flood","PutLarge",1,0,226.316,221.847,4.432
"Tenant 5 [Tier 4] Free-Tier Bulk Flood","PutLarge",1,0,226.722,222.236,4.472
"Tenant 5 [Tier 4] Free-Tier Bulk Flood","PutLarge",1,0,226.690,222.037,4.642
"Tenant 5 [Tier 4] Free-Tier Bulk Flood","ListBucket",1,0,226.793,222.371,4.373
"Tenant 5 [Tier 4] Free-Tier Bulk Flood","PutLarge",1,0,226.933,222.237,4.680
"Tenant 5 [Tier 4] Free-Tier Bulk Flood","PutLarge",1,0,226.839,222.437,4.391
"Tenant 5 [Tier 4] Free-Tier Bulk Flood","PutLarge",1,0,226.944,222.254,4.686
"Tenant 5 [Tier 4] Free-Tier Bulk Flood","PutLarge",1,0,226.827,222.133,4.656
"Tenant 5 [Tier 4] Free-Tier Bulk Flood","PutLarge",1,0,227.568,223.252,4.306
"Tenant 5 [Tier 4] Free-Tier Bulk Flood","ListBucket",1,0,226.588,222.176,4.408
"Tenant 5 [Tier 4] Free-Tier Bulk Flood","ListBucket",1,0,227.649,223.074,4.562
"Tenant 5 [Tier 4] Free-Tier Bulk Flood","ListBucket",1,0,226.274,221.911,4.356
"Tenant 5 [Tier 4] Free-Tier Bulk Flood","PutLarge",1,0,227.654,223.041,4.590
"Tenant 5 [Tier 4] Free-Tier Bulk Flood","PutLarge",1,0,226.236,221.815,4.414
"Tenant 5 [Tier 4] Free-Tier Bulk Flood","ListBucket",1,0,226.484,221.942,4.508
"Tenant 5 [Tier 4] Free-Tier Bulk Flood","PutLarge",1,0,226.090,221.777,4.278
"Tenant 5 [Tier 4] Free-Tier Bulk Flood","PutLarge",1,0,226.765,222.265,4.495
"Tenant 5 [Tier 4] Free-Tier Bulk Flood","PutLarge",1,0,226.650,222.182,4.452
"Tenant 5 [Tier 4] Free-Tier Bulk Flood","ListBucket",1,0,227.303,222.798,4.476
"Tenant 5 [Tier 4] Free-Tier Bulk Flood","PutLarge",1,0,226.635,222.098,4.526
"Tenant 5 [Tier 4] Free-Tier Bulk Flood","ListBucket",1,0,227.501,222.978,4.485
"Tenant 5 [Tier 4] Free-Tier Bulk Flood","ListBucket",1,0,226.739,222.054,4.671
"Tenant 5 [Tier 4] Free-Tier Bulk Flood","PutLarge",1,0,225.976,221.344,4.619
"Tenant 5 [Tier 4] Free-Tier Bulk Flood","ListBucket",1,0,226.547,221.960,4.582
"Tenant 5 [Tier 4] Free-Tier Bulk Flood","PutLarge",1,0,226.035,221.493,4.535
"Tenant 5 [Tier 4] Free-Tier Bulk Flood","PutLarge",1,0,226.652,222.241,4.407
"Tenant 5 [Tier 4] Free-Tier Bulk Flood","PutLarge",1,0,226.269,221.536,4.719
"Tenant 5 [Tier 4] Free-Tier Bulk Flood","PutLarge",1,0,228.085,223.654,4.422
"Tenant 5 [Tier 4] Free-Tier Bulk Flood","PutLarge",1,0,226.704,222.117,4.544
"Tenant 5 [Tier 4] Free-Tier Bulk Flood","PutLarge",1,0,226.398,221.735,4.645
"Tenant 5 [Tier 4] Free-Tier Bulk Flood","ListBucket",1,0,226.549,222.071,4.414
"Tenant 5 [Tier 4] Free-Tier Bulk Flood","PutLarge",1,0,226.578,222.132,4.433
"Tenant 5 [Tier 4] Free-Tier Bulk Flood","ListBucket",1,0,226.803,222.449,4.314
"Tenant 5 [Tier 4] Free-Tier Bulk Flood","ListBucket",1,0,226.434,222.134,4.297
"Tenant 5 [Tier 4] Free-Tier Bulk Flood","ListBucket",1,0,226.710,222.202,4.501
"Tenant 5 [Tier 4] Free-Tier Bulk Flood","PutLarge",1,0,226.913,222.545,4.359
"Tenant 5 [Tier 4] Free-Tier Bulk Flood","ListBucket",1,0,227.187,222.524,4.657
"Tenant 5 [Tier 4] Free-Tier Bulk Flood","ListBucket",1,0,224.845,220.397,4.417
"Tenant 5 [Tier 4] Free-Tier Bulk Flood","PutLarge",1,0,226.992,222.216,4.706
"Tenant 5 [Tier 4] Free-Tier Bulk Flood","ListBucket",1,0,226.899,222.266,4.623
"Tenant 5 [Tier 4] Free-Tier Bulk Flood","ListBucket",1,0,225.799,221.306,4.441
"Tenant 5 [Tier 4] Free-Tier Bulk Flood","PutLarge",1,0,226.140,221.790,4.337
"Tenant 5 [Tier 4] Free-Tier Bulk Flood","PutLarge",1,0,225.423,221.074,4.312
"Tenant 5 [Tier 4] Free-Tier Bulk Flood","PutLarge",1,0,226.198,221.740,4.445
"Tenant 5 [Tier 4] Free-Tier Bulk Flood","PutLarge",1,0,225.560,221.031,4.522
"Tenant 5 [Tier 4] Free-Tier Bulk Flood","PutLarge",1,0,226.374,221.982,4.352
"Tenant 5 [Tier 4] Free-Tier Bulk Flood","PutLarge",1,0,227.467,223.034,4.419
"Tenant 5 [Tier 4] Free-Tier Bulk Flood","ListBucket",1,0,223.548,219.075,4.440
"Tenant 5 [Tier 4] Free-Tier Bulk Flood","PutLarge",1,0,225.910,221.294,4.613
"Tenant 5 [Tier 4] Free-Tier Bulk Flood","ListBucket",1,0,225.417,220.898,4.424
"Tenant 5 [Tier 4] Free-Tier Bulk Flood","PutLarge",1,0,225.706,221.253,4.447
"Tenant 5 [Tier 4] Free-Tier Bulk Flood","PutLarge",1,0,226.790,222.392,4.383
"Tenant 5 [Tier 4] Free-Tier Bulk Flood","ListBucket",1,0,227.169,222.586,4.567
"Tenant 5 [Tier 4] Free-Tier Bulk Flood","PutLarge",1,0,225.573,221.142,4.422
"Tenant 5 [Tier 4] Free-Tier Bulk Flood","PutLarge",1,0,226.804,222.152,4.615
"Tenant 5 [Tier 4] Free-Tier Bulk Flood","ListBucket",1,0,227.255,222.778,4.442
"Tenant 5 [Tier 4] Free-Tier Bulk Flood","PutLarge",1,0,226.858,222.447,4.400
"Tenant 5 [Tier 4] Free-Tier Bulk Flood","PutLarge",1,0,227.683,223.334,4.342
"Tenant 5 [Tier 4] Free-Tier Bulk Flood","ListBucket",1,0,229.054,224.617,4.425
"Tenant 5 [Tier 4] Free-Tier Bulk Flood","PutLarge",1,0,228.493,224.202,4.277
"Tenant 5 [Tier 4] Free-Tier Bulk Flood","ListBucket",1,0,228.315,223.651,4.658
"Tenant 5 [Tier 4] Free-Tier Bulk Flood","PutLarge",1,0,228.195,223.740,4.449
"Tenant 5 [Tier 4] Free-Tier Bulk Flood","PutLarge",1,0,229.296,224.807,4.485
"Tenant 5 [Tier 4] Free-Tier Bulk Flood","PutLarge",1,0,229.836,225.134,4.698
"Tenant 5 [Tier 4] Free-Tier Bulk Flood","PutLarge",1,0,228.476,223.770,4.693
"Tenant 5 [Tier 4] Free-Tier Bulk Flood","PutLarge",1,0,224.347,220.022,4.309
"Tenant 5 [Tier 4] Free-Tier Bulk Flood","ListBucket",1,0,222.706,218.411,4.292
"Tenant 5 [Tier 4] Free-Tier Bulk Flood","PutLarge",1,0,217.875,213.595,4.276
"Tenant 5 [Tier 4] Free-Tier Bulk Flood","PutLarge",1,0,218.372,213.952,4.406
"Tenant 5 [Tier 4] Free-Tier Bulk Flood","PutLarge",1,0,217.672,213.390,4.277
"Tenant 5 [Tier 4] Free-Tier Bulk Flood","PutLarge",1,0,218.201,213.771,4.423
"Tenant 5 [Tier 4] Free-Tier Bulk Flood","PutLarge",1,0,218.981,214.396,4.578
"Tenant 5 [Tier 4] Free-Tier Bulk Flood","PutLarge",1,0,218.841,214.316,4.519
"Tenant 5 [Tier 4] Free-Tier Bulk Flood","PutLarge",1,0,218.825,214.321,4.494
"Tenant 5 [Tier 4] Free-Tier Bulk Flood","PutLarge",1,0,219.453,214.993,4.453
"Tenant 5 [Tier 4] Free-Tier Bulk Flood","PutLarge",1,0,218.996,214.555,4.431
"Tenant 5 [Tier 4] Free-Tier Bulk Flood","PutLarge",1,0,219.504,214.851,4.636
"Tenant 5 [Tier 4] Free-Tier Bulk Flood","PutLarge",1,0,219.698,215.073,4.614
"Tenant 5 [Tier 4] Free-Tier Bulk Flood","PutLarge",1,0,218.205,213.671,4.523
"Tenant 5 [Tier 4] Free-Tier Bulk Flood","PutLarge",1,0,219.826,215.121,4.670
"Tenant 5 [Tier 4] Free-Tier Bulk Flood","ListBucket",1,0,219.132,214.455,4.671
"Tenant 5 [Tier 4] Free-Tier Bulk Flood","PutLarge",1,0,219.683,215.008,4.670
"Tenant 5 [Tier 4] Free-Tier Bulk Flood","ListBucket",1,0,218.729,214.341,4.377
"Tenant 5 [Tier 4] Free-Tier Bulk Flood","ListBucket",1,0,219.051,214.441,4.604
"Tenant 5 [Tier 4] Free-Tier Bulk Flood","PutLarge",1,0,218.439,214.011,4.416
"Tenant 5 [Tier 4] Free-Tier Bulk Flood","PutLarge",1,0,218.654,214.051,4.567
"Tenant 5 [Tier 4] Free-Tier Bulk Flood","ListBucket",1,0,218.037,213.296,4.697
"Tenant 5 [Tier 4] Free-Tier Bulk Flood","ListBucket",1,0,218.208,213.838,4.324
"Tenant 5 [Tier 4] Free-Tier Bulk Flood","PutLarge",1,0,218.240,213.715,4.514
"Tenant 5 [Tier 4] Free-Tier Bulk Flood","PutLarge",1,0,218.395,213.819,4.563
"Tenant 5 [Tier 4] Free-Tier Bulk Flood","PutLarge",1,0,218.376,213.654,4.705
"Tenant 5 [Tier 4] Free-Tier Bulk Flood","PutLarge",1,0,218.624,214.050,4.537
"Tenant 5 [Tier 4] Free-Tier Bulk Flood","ListBucket",1,0,218.135,213.697,4.433
"Tenant 5 [Tier 4] Free-Tier Bulk Flood","PutLarge",1,0,218.747,214.124,4.610
"Tenant 5 [Tier 4] Free-Tier Bulk Flood","PutLarge",1,0,218.607,213.902,4.700
"Tenant 5 [Tier 4] Free-Tier Bulk Flood","ListBucket",1,0,216.125,211.570,4.549
"Tenant 5 [Tier 4] Free-Tier Bulk Flood","PutLarge",1,0,219.011,214.457,4.549
"Tenant 5 [Tier 4] Free-Tier Bulk Flood","PutLarge",1,0,218.287,213.804,4.458
"Tenant 5 [Tier 4] Free-Tier Bulk Flood","PutLarge",1,0,218.962,214.489,4.456
"Tenant 5 [Tier 4] Free-Tier Bulk Flood","PutLarge",1,0,218.220,213.734,4.446
"Tenant 5 [Tier 4] Free-Tier Bulk Flood","PutLarge",1,0,218.924,214.467,4.417
"Tenant 5 [Tier 4] Free-Tier Bulk Flood","PutLarge",1,0,218.901,214.370,4.497
"Tenant 5 [Tier 4] Free-Tier Bulk Flood","PutLarge",1,0,219.276,214.707,4.560
"Tenant 5 [Tier 4] Free-Tier Bulk Flood","ListBucket",1,0,219.424,214.740,4.645
"Tenant 5 [Tier 4] Free-Tier Bulk Flood","PutLarge",1,0,219.484,214.760,4.714
"Tenant 5 [Tier 4] Free-Tier Bulk Flood","PutLarge",1,0,219.503,215.028,4.454
"Tenant 5 [Tier 4] Free-Tier Bulk Flood","ListBucket",1,0,218.852,214.562,4.281
"Tenant 5 [Tier 4] Free-Tier Bulk Flood","PutLarge",1,0,219.464,215.070,4.367
"Tenant 5 [Tier 4] Free-Tier Bulk Flood","ListBucket",1,0,218.578,214.233,4.331
"Tenant 5 [Tier 4] Free-Tier Bulk Flood","PutLarge",1,0,219.462,214.769,4.669
"Tenant 5 [Tier 4] Free-Tier Bulk Flood","ListBucket",1,0,218.426,214.083,4.338
"Tenant 5 [Tier 4] Free-Tier Bulk Flood","PutLarge",1,0,219.532,214.930,4.580
"Tenant 5 [Tier 4] Free-Tier Bulk Flood","PutLarge",1,0,218.567,214.123,4.440
"Tenant 5 [Tier 4] Free-Tier Bulk Flood","PutLarge",1,0,219.733,215.115,4.609
"Tenant 5 [Tier 4] Free-Tier Bulk Flood","PutLarge",1,0,218.851,214.247,4.595
"Tenant 5 [Tier 4] Free-Tier Bulk Flood","ListBucket",1,0,220.158,215.641,4.510
"Tenant 5 [Tier 4] Free-Tier Bulk Flood","PutLarge",1,0,219.932,215.553,4.375
"Tenant 5 [Tier 4] Free-Tier Bulk Flood","PutLarge",1,0,219.550,215.267,4.278
"Tenant 5 [Tier 4] Free-Tier Bulk Flood","PutLarge",1,0,221.817,217.456,4.356
"Tenant 5 [Tier 4] Free-Tier Bulk Flood","PutLarge",1,0,220.392,215.833,4.547
"Tenant 5 [Tier 4] Free-Tier Bulk Flood","PutLarge",1,0,221.188,216.589,4.563
"Tenant 5 [Tier 4] Free-Tier Bulk Flood","ListBucket",1,0,221.083,216.524,4.535
"Tenant 5 [Tier 4] Free-Tier Bulk Flood","PutLarge",1,0,221.068,216.580,4.484
"Tenant 5 [Tier 4] Free-Tier Bulk Flood","PutLarge",1,0,221.336,216.644,4.685
"Tenant 5 [Tier 4] Free-Tier Bulk Flood","PutLarge",1,0,221.019,216.506,4.476
"Tenant 5 [Tier 4] Free-Tier Bulk Flood","PutLarge",1,0,220.593,215.886,4.663
"Tenant 5 [Tier 4] Free-Tier Bulk Flood","PutLarge",1,0,221.225,216.605,4.613
"Tenant 5 [Tier 4] Free-Tier Bulk Flood","PutLarge",1,0,223.621,219.076,4.539
"Tenant 5 [Tier 4] Free-Tier Bulk Flood","ListBucket",1,0,221.075,216.562,4.485
"Tenant 5 [Tier 4] Free-Tier Bulk Flood","ListBucket",1,0,222.163,217.488,4.640
"Tenant 5 [Tier 4] Free-Tier Bulk Flood","ListBucket",1,0,222.053,217.621,4.410
"Tenant 5 [Tier 4] Free-Tier Bulk Flood","ListBucket",1,0,220.455,215.861,4.584
"Tenant 5 [Tier 4] Free-Tier Bulk Flood","PutLarge",1,0,220.734,216.375,4.353
"Tenant 5 [Tier 4] Free-Tier Bulk Flood","PutLarge",1,0,221.533,217.127,4.397
"Tenant 5 [Tier 4] Free-Tier Bulk Flood","PutLarge",1,0,221.848,217.233,4.611
"Tenant 5 [Tier 4] Free-Tier Bulk Flood","PutLarge",1,0,221.630,217.119,4.502
"Tenant 5 [Tier 4] Free-Tier Bulk Flood","ListBucket",1,0,221.947,217.434,4.505
"Tenant 5 [Tier 4] Free-Tier Bulk Flood","ListBucket",1,0,222.028,217.409,4.614
"Tenant 5 [Tier 4] Free-Tier Bulk Flood","ListBucket",1,0,221.182,216.711,4.460
"Tenant 5 [Tier 4] Free-Tier Bulk Flood","PutLarge",1,0,222.830,218.356,4.467
"Tenant 5 [Tier 4] Free-Tier Bulk Flood","ListBucket",1,0,222.475,217.950,4.521
"Tenant 5 [Tier 4] Free-Tier Bulk Flood","PutLarge",1,0,223.444,219.102,4.329
"Tenant 5 [Tier 4] Free-Tier Bulk Flood","PutLarge",1,0,224.359,219.847,4.506
"Tenant 5 [Tier 4] Free-Tier Bulk Flood","PutLarge",1,0,224.058,219.438,4.574
"Tenant 5 [Tier 4] Free-Tier Bulk Flood","ListBucket",1,0,225.197,220.772,4.419
"Tenant 5 [Tier 4] Free-Tier Bulk Flood","ListBucket",1,0,225.879,221.459,4.414
"Tenant 5 [Tier 4] Free-Tier Bulk Flood","PutLarge",1,0,225.911,221.579,4.327
"Tenant 5 [Tier 4] Free-Tier Bulk Flood","ListBucket",1,0,226.779,222.129,4.634
"Tenant 5 [Tier 4] Free-Tier Bulk Flood","PutLarge",1,0,226.113,221.744,4.354
"Tenant 5 [Tier 4] Free-Tier Bulk Flood","PutLarge",1,0,226.823,222.514,4.302
"Tenant 5 [Tier 4] Free-Tier Bulk Flood","PutLarge",1,0,227.345,222.625,4.710
"Tenant 5 [Tier 4] Free-Tier Bulk Flood","PutLarge",1,0,226.924,222.582,4.333
"Tenant 5 [Tier 4] Free-Tier Bulk Flood","PutLarge",1,0,227.228,222.603,4.616
"Tenant 5 [Tier 4] Free-Tier Bulk Flood","ListBucket",1,0,226.683,222.068,4.605
"Tenant 5 [Tier 4] Free-Tier Bulk Flood","ListBucket",1,0,226.493,221.743,4.713
"Tenant 5 [Tier 4] Free-Tier Bulk Flood","PutLarge",1,0,226.450,222.080,4.349
"Tenant 5 [Tier 4] Free-Tier Bulk Flood","ListBucket",1,0,224.485,220.007,4.455
"Tenant 5 [Tier 4] Free-Tier Bulk Flood","PutLarge",1,0,226.354,221.840,4.494
"Tenant 5 [Tier 4] Free-Tier Bulk Flood","ListBucket",1,0,225.796,221.255,4.536
"Tenant 5 [Tier 4] Free-Tier Bulk Flood","PutLarge",1,0,224.981,220.269,4.699
"Tenant 5 [Tier 4] Free-Tier Bulk Flood","ListBucket",1,0,225.294,220.995,4.283
"Tenant 5 [Tier 4] Free-Tier Bulk Flood","PutLarge",1,0,224.925,220.299,4.580
"Tenant 5 [Tier 4] Free-Tier Bulk Flood","PutLarge",1,0,225.290,220.877,4.378
"Tenant 5 [Tier 4] Free-Tier Bulk Flood","ListBucket",1,0,225.790,221.114,4.653
"Tenant 5 [Tier 4] Free-Tier Bulk Flood","ListBucket",1,0,223.105,218.748,4.303
"Tenant 5 [Tier 4] Free-Tier Bulk Flood","PutLarge",1,0,225.274,220.922,4.335
"Tenant 5 [Tier 4] Free-Tier Bulk Flood","PutLarge",1,0,225.565,220.987,4.574
"Tenant 5 [Tier 4] Free-Tier Bulk Flood","PutLarge",1,0,226.483,221.914,4.537
"Tenant 5 [Tier 4] Free-Tier Bulk Flood","PutLarge",1,0,225.740,221.051,4.655
"Tenant 5 [Tier 4] Free-Tier Bulk Flood","PutLarge",1,0,226.251,221.672,4.570
"Tenant 5 [Tier 4] Free-Tier Bulk Flood","PutLarge",1,0,225.412,221.041,4.365
"Tenant 5 [Tier 4] Free-Tier Bulk Flood","PutLarge",1,0,226.298,221.688,4.568
"Tenant 5 [Tier 4] Free-Tier Bulk Flood","ListBucket",1,0,225.675,221.033,4.590
"Tenant 5 [Tier 4] Free-Tier Bulk Flood","ListBucket",1,0,225.760,221.332,4.357
"Tenant 5 [Tier 4] Free-Tier Bulk Flood","PutLarge",1,0,225.280,220.950,4.325
"Tenant 5 [Tier 4] Free-Tier Bulk Flood","PutLarge",1,0,225.479,221.166,4.291
"Tenant 5 [Tier 4] Free-Tier Bulk Flood","PutLarge",1,0,228.768,224.029,4.705
"Tenant 5 [Tier 4] Free-Tier Bulk Flood","PutLarge",1,0,226.699,222.286,4.401
"Tenant 5 [Tier 4] Free-Tier Bulk Flood","PutLarge",1,0,225.735,221.389,4.300
"Tenant 5 [Tier 4] Free-Tier Bulk Flood","ListBucket",1,0,226.357,221.910,4.417
"Tenant 5 [Tier 4] Free-Tier Bulk Flood","PutLarge",1,0,225.859,221.253,4.595
"Tenant 5 [Tier 4] Free-Tier Bulk Flood","ListBucket",1,0,225.236,220.857,4.360
"Tenant 5 [Tier 4] Free-Tier Bulk Flood","PutLarge",1,0,225.815,221.228,4.551
"Tenant 5 [Tier 4] Free-Tier Bulk Flood","ListBucket",1,0,222.919,218.392,4.522
"Tenant 5 [Tier 4] Free-Tier Bulk Flood","PutLarge",1,0,225.267,220.539,4.706
"Tenant 5 [Tier 4] Free-Tier Bulk Flood","PutLarge",1,0,225.224,220.644,4.575
"Tenant 5 [Tier 4] Free-Tier Bulk Flood","PutLarge",1,0,226.074,221.543,4.529
"Tenant 5 [Tier 4] Free-Tier Bulk Flood","PutLarge",1,0,225.448,220.808,4.605
"Tenant 5 [Tier 4] Free-Tier Bulk Flood","PutLarge",1,0,226.393,221.736,4.645
"Tenant 5 [Tier 4] Free-Tier Bulk Flood","PutLarge",1,0,225.402,220.765,4.602
"Tenant 5 [Tier 4] Free-Tier Bulk Flood","PutLarge",1,0,226.604,222.083,4.508
"Tenant 5 [Tier 4] Free-Tier Bulk Flood","PutLarge",1,0,225.219,220.850,4.327
"Tenant 5 [Tier 4] Free-Tier Bulk Flood","PutLarge",1,0,226.734,222.157,4.523
"Tenant 5 [Tier 4] Free-Tier Bulk Flood","ListBucket",1,0,225.257,220.824,4.397
"Tenant 5 [Tier 4] Free-Tier Bulk Flood","PutLarge",1,0,226.727,222.145,4.546
"Tenant 5 [Tier 4] Free-Tier Bulk Flood","PutLarge",1,0,226.158,221.536,4.554
"Tenant 5 [Tier 4] Free-Tier Bulk Flood","PutLarge",1,0,225.994,221.597,4.345
"Tenant 5 [Tier 4] Free-Tier Bulk Flood","PutLarge",1,0,226.895,222.315,4.541
"Tenant 5 [Tier 4] Free-Tier Bulk Flood","PutLarge",1,0,226.906,222.598,4.282
"Tenant 5 [Tier 4] Free-Tier Bulk Flood","PutLarge",1,0,226.076,221.408,4.648
"Tenant 5 [Tier 4] Free-Tier Bulk Flood","ListBucket",1,0,225.700,221.290,4.406
"Tenant 5 [Tier 4] Free-Tier Bulk Flood","ListBucket",1,0,226.263,221.516,4.695
"Tenant 5 [Tier 4] Free-Tier Bulk Flood","PutLarge",1,0,226.142,221.493,4.638
"Tenant 5 [Tier 4] Free-Tier Bulk Flood","ListBucket",1,0,225.661,220.955,4.703
"Tenant 5 [Tier 4] Free-Tier Bulk Flood","PutLarge",1,0,225.793,221.502,4.286
"Tenant 5 [Tier 4] Free-Tier Bulk Flood","PutLarge",1,0,225.533,220.917,4.579
"Tenant 5 [Tier 4] Free-Tier Bulk Flood","PutLarge",1,0,225.764,221.150,4.593
"Tenant 5 [Tier 4] Free-Tier Bulk Flood","PutLarge",1,0,226.745,222.386,4.356
"Tenant 5 [Tier 4] Free-Tier Bulk Flood","PutLarge",1,0,227.307,222.656,4.579
"Tenant 5 [Tier 4] Free-Tier Bulk Flood","PutLarge",1,0,227.361,222.802,4.520
"Tenant 5 [Tier 4] Free-Tier Bulk Flood","ListBucket",1,0,226.178,221.843,4.329
"Tenant 5 [Tier 4] Free-Tier Bulk Flood","PutLarge",1,0,227.265,222.742,4.517
"Tenant 5 [Tier 4] Free-Tier Bulk Flood","ListBucket",1,0,228.115,223.527,4.540
"Tenant 5 [Tier 4] Free-Tier Bulk Flood","PutLarge",1,0,227.490,223.135,4.348
"Tenant 5 [Tier 4] Free-Tier Bulk Flood","ListBucket",1,0,224.899,220.575,4.322
"Tenant 5 [Tier 4] Free-Tier Bulk Flood","ListBucket",1,0,225.573,221.149,4.416
"Tenant 5 [Tier 4] Free-Tier Bulk Flood","PutLarge",1,0,227.314,222.931,4.373
"Tenant 5 [Tier 4] Free-Tier Bulk Flood","PutLarge",1,0,227.550,223.106,4.435
"Tenant 5 [Tier 4] Free-Tier Bulk Flood","PutLarge",1,0,229.878,225.303,4.569
"Tenant 5 [Tier 4] Free-Tier Bulk Flood","ListBucket",1,0,228.367,223.668,4.695
"Tenant 5 [Tier 4] Free-Tier Bulk Flood","PutLarge",1,0,228.924,224.594,4.327
"Tenant 5 [Tier 4] Free-Tier Bulk Flood","ListBucket",1,0,229.008,224.432,4.571
"Tenant 5 [Tier 4] Free-Tier Bulk Flood","PutLarge",1,0,228.251,223.594,4.652
"Tenant 5 [Tier 4] Free-Tier Bulk Flood","PutLarge",1,0,226.981,222.375,4.595
"Tenant 5 [Tier 4] Free-Tier Bulk Flood","PutLarge",1,0,228.305,223.787,4.512
"Tenant 5 [Tier 4] Free-Tier Bulk Flood","PutLarge",1,0,230.875,226.354,4.512
"Tenant 5 [Tier 4] Free-Tier Bulk Flood","ListBucket",1,0,228.185,223.780,4.400
"Tenant 5 [Tier 4] Free-Tier Bulk Flood","ListBucket",1,0,229.475,224.753,4.716
"Tenant 5 [Tier 4] Free-Tier Bulk Flood","PutLarge",1,0,229.318,224.658,4.618
"Tenant 5 [Tier 4] Free-Tier Bulk Flood","PutLarge",1,0,229.582,225.159,4.409
"Tenant 5 [Tier 4] Free-Tier Bulk Flood","PutLarge",1,0,228.192,223.671,4.502
"Tenant 5 [Tier 4] Free-Tier Bulk Flood","PutLarge",1,0,228.261,223.538,4.711
"Tenant 5 [Tier 4] Free-Tier Bulk Flood","PutLarge",1,0,228.376,223.782,4.585
"Tenant 5 [Tier 4] Free-Tier Bulk Flood","ListBucket",1,0,228.788,224.322,4.458
"Tenant 5 [Tier 4] Free-Tier Bulk Flood","ListBucket",1,0,227.759,223.412,4.341
"Tenant 5 [Tier 4] Free-Tier Bulk Flood","ListBucket",1,0,228.435,224.113,4.319
"Tenant 5 [Tier 4] Free-Tier Bulk Flood","PutLarge",1,0,227.695,223.264,4.426
"Tenant 5 [Tier 4] Free-Tier Bulk Flood","PutLarge",1,0,230.432,225.741,4.666
"Tenant 5 [Tier 4] Free-Tier Bulk Flood","ListBucket",1,0,226.434,221.742,4.670
"Tenant 5 [Tier 4] Free-Tier Bulk Flood","ListBucket",1,0,228.129,223.621,4.501
"Tenant 5 [Tier 4] Free-Tier Bulk Flood","ListBucket",1,0,228.518,224.129,4.385
"Tenant 5 [Tier 4] Free-Tier Bulk Flood","ListBucket",1,0,228.081,223.337,4.718
"Tenant 5 [Tier 4] Free-Tier Bulk Flood","ListBucket",1,0,228.304,223.630,4.669
"Tenant 5 [Tier 4] Free-Tier Bulk Flood","ListBucket",1,0,227.082,222.643,4.424
"Tenant 5 [Tier 4] Free-Tier Bulk Flood","ListBucket",1,0,227.661,223.259,4.388
"Tenant 5 [Tier 4] Free-Tier Bulk Flood","PutLarge",1,0,230.048,225.457,4.578
"Tenant 5 [Tier 4] Free-Tier Bulk Flood","PutLarge",1,0,227.444,223.025,4.407
"Tenant 5 [Tier 4] Free-Tier Bulk Flood","PutLarge",1,0,227.184,222.468,4.699
"Tenant 5 [Tier 4] Free-Tier Bulk Flood","ListBucket",1,0,227.281,222.726,4.551
"Tenant 5 [Tier 4] Free-Tier Bulk Flood","ListBucket",1,0,226.752,222.429,4.306
"Tenant 5 [Tier 4] Free-Tier Bulk Flood","ListBucket",1,0,227.307,222.755,4.545
"Tenant 5 [Tier 4] Free-Tier Bulk Flood","PutLarge",1,0,226.215,221.755,4.454
"Tenant 5 [Tier 4] Free-Tier Bulk Flood","PutLarge",1,0,227.377,222.683,4.690
"Tenant 5 [Tier 4] Free-Tier Bulk Flood","ListBucket",1,0,226.788,222.208,4.577
"Tenant 5 [Tier 4] Free-Tier Bulk Flood","ListBucket",1,0,227.242,222.531,4.694
"Tenant 5 [Tier 4] Free-Tier Bulk Flood","PutLarge",1,0,227.013,222.336,4.641
"Tenant 5 [Tier 4] Free-Tier Bulk Flood","PutLarge",1,0,225.571,221.115,4.453
"Tenant 5 [Tier 4] Free-Tier Bulk Flood","PutLarge",1,0,225.801,221.046,4.711
"Tenant 5 [Tier 4] Free-Tier Bulk Flood","PutLarge",1,0,225.666,221.250,4.413
"Tenant 5 [Tier 4] Free-Tier Bulk Flood","PutLarge",1,0,226.016,221.662,4.347
"Tenant 5 [Tier 4] Free-Tier Bulk Flood","PutLarge",1,0,226.894,222.148,4.703
"Tenant 5 [Tier 4] Free-Tier Bulk Flood","PutLarge",1,0,227.375,222.776,4.588
"Tenant 5 [Tier 4] Free-Tier Bulk Flood","PutLarge",1,0,226.932,222.369,4.546
"Tenant 5 [Tier 4] Free-Tier Bulk Flood","PutLarge",1,0,227.240,222.803,4.400
"Tenant 5 [Tier 4] Free-Tier Bulk Flood","PutLarge",1,0,229.284,224.936,4.336
"Tenant 5 [Tier 4] Free-Tier Bulk Flood","PutLarge",1,0,227.205,222.641,4.554
"Tenant 5 [Tier 4] Free-Tier Bulk Flood","ListBucket",1,0,226.784,222.204,4.570
"Tenant 5 [Tier 4] Free-Tier Bulk Flood","PutLarge",1,0,227.236,222.570,4.652
"Tenant 5 [Tier 4] Free-Tier Bulk Flood","PutLarge",1,0,226.680,222.143,4.502
"Tenant 5 [Tier 4] Free-Tier Bulk Flood","ListBucket",1,0,227.201,222.527,4.671
"Tenant 5 [Tier 4] Free-Tier Bulk Flood","PutLarge",1,0,226.508,222.127,4.343
"Tenant 5 [Tier 4] Free-Tier Bulk Flood","PutLarge",1,0,227.511,222.846,4.631
"Tenant 5 [Tier 4] Free-Tier Bulk Flood","PutLarge",1,0,226.426,221.916,4.487
"Tenant 5 [Tier 4] Free-Tier Bulk Flood","PutLarge",1,0,227.485,223.086,4.365
"Tenant 5 [Tier 4] Free-Tier Bulk Flood","PutLarge",1,0,227.514,222.888,4.575
"Tenant 5 [Tier 4] Free-Tier Bulk Flood","ListBucket",1,0,226.760,222.062,4.684
"Tenant 5 [Tier 4] Free-Tier Bulk Flood","ListBucket",1,0,227.283,222.549,4.710
"Tenant 5 [Tier 4] Free-Tier Bulk Flood","ListBucket",1,0,226.203,221.697,4.493
"Tenant 5 [Tier 4] Free-Tier Bulk Flood","PutLarge",1,0,225.982,221.362,4.613
"Tenant 5 [Tier 4] Free-Tier Bulk Flood","ListBucket",1,0,225.859,221.343,4.482
"Tenant 5 [Tier 4] Free-Tier Bulk Flood","ListBucket",1,0,225.965,221.259,4.699
"Tenant 5 [Tier 4] Free-Tier Bulk Flood","PutLarge",1,0,225.778,221.140,4.586
"Tenant 5 [Tier 4] Free-Tier Bulk Flood","ListBucket",1,0,224.668,220.052,4.602
"Tenant 5 [Tier 4] Free-Tier Bulk Flood","PutLarge",1,0,225.783,221.053,4.713
"Tenant 5 [Tier 4] Free-Tier Bulk Flood","PutLarge",1,0,225.992,221.518,4.469
"Tenant 5 [Tier 4] Free-Tier Bulk Flood","PutLarge",1,0,227.148,222.472,4.642
"Tenant 5 [Tier 4] Free-Tier Bulk Flood","PutLarge",1,0,226.981,222.492,4.465
"Tenant 5 [Tier 4] Free-Tier Bulk Flood","PutLarge",1,0,226.088,221.406,4.675
"Tenant 5 [Tier 4] Free-Tier Bulk Flood","PutLarge",1,0,226.575,222.077,4.457
"Tenant 5 [Tier 4] Free-Tier Bulk Flood","PutLarge",1,0,225.195,220.901,4.275
"Tenant 5 [Tier 4] Free-Tier Bulk Flood","PutLarge",1,0,226.664,222.242,4.385
"Tenant 5 [Tier 4] Free-Tier Bulk Flood","ListBucket",1,0,226.441,222.153,4.279
"Tenant 5 [Tier 4] Free-Tier Bulk Flood","PutLarge",1,0,226.960,222.327,4.630
"Tenant 5 [Tier 4] Free-Tier Bulk Flood","PutLarge",1,0,226.972,222.477,4.480
"Tenant 5 [Tier 4] Free-Tier Bulk Flood","ListBucket",1,0,228.679,224.021,4.631
"Tenant 5 [Tier 4] Free-Tier Bulk Flood","ListBucket",1,0,228.933,224.245,4.673
"Tenant 5 [Tier 4] Free-Tier Bulk Flood","PutLarge",1,0,229.030,224.548,4.475
"Tenant 5 [Tier 4] Free-Tier Bulk Flood","PutLarge",1,0,228.880,224.233,4.644
"Tenant 5 [Tier 4] Free-Tier Bulk Flood","PutLarge",1,0,227.889,223.267,4.619
"Tenant 5 [Tier 4] Free-Tier Bulk Flood","PutLarge",1,0,228.569,223.970,4.592
"Tenant 5 [Tier 4] Free-Tier Bulk Flood","ListBucket",1,0,228.789,224.241,4.546
"Tenant 5 [Tier 4] Free-Tier Bulk Flood","PutLarge",1,0,227.270,222.857,4.406
"Tenant 5 [Tier 4] Free-Tier Bulk Flood","ListBucket",1,0,224.827,220.230,4.593
"Tenant 5 [Tier 4] Free-Tier Bulk Flood","PutLarge",1,0,225.495,221.055,4.435
"Tenant 5 [Tier 4] Free-Tier Bulk Flood","PutLarge",1,0,223.225,218.517,4.704
"Tenant 5 [Tier 4] Free-Tier Bulk Flood","PutLarge",1,0,221.835,217.466,4.365
"Tenant 5 [Tier 4] Free-Tier Bulk Flood","PutLarge",1,0,224.604,220.175,4.424
"Tenant 5 [Tier 4] Free-Tier Bulk Flood","PutLarge",1,0,220.225,215.606,4.612
"Tenant 5 [Tier 4] Free-Tier Bulk Flood","PutLarge",1,0,220.112,215.638,4.463
"Tenant 5 [Tier 4] Free-Tier Bulk Flood","ListBucket",1,0,219.884,215.273,4.598
"Tenant 5 [Tier 4] Free-Tier Bulk Flood","PutLarge",1,0,219.916,215.555,4.349
"Tenant 5 [Tier 4] Free-Tier Bulk Flood","PutLarge",1,0,219.730,215.161,4.549
"Tenant 5 [Tier 4] Free-Tier Bulk Flood","PutLarge",1,0,219.658,215.323,4.289
"Tenant 5 [Tier 4] Free-Tier Bulk Flood","PutLarge",1,0,219.875,215.269,4.600
"Tenant 5 [Tier 4] Free-Tier Bulk Flood","ListBucket",1,0,218.721,214.265,4.445
"Tenant 5 [Tier 4] Free-Tier Bulk Flood","PutLarge",1,0,221.308,216.776,4.505
"Tenant 5 [Tier 4] Free-Tier Bulk Flood","PutLarge",1,0,221.110,216.623,4.483
"Tenant 5 [Tier 4] Free-Tier Bulk Flood","PutLarge",1,0,220.216,215.860,4.349
"Tenant 5 [Tier 4] Free-Tier Bulk Flood","PutLarge",1,0,222.743,218.371,4.336
"Tenant 5 [Tier 4] Free-Tier Bulk Flood","PutLarge",1,0,221.537,216.995,4.537
"Tenant 5 [Tier 4] Free-Tier Bulk Flood","PutLarge",1,0,221.190,216.483,4.672
"Tenant 5 [Tier 4] Free-Tier Bulk Flood","PutLarge",1,0,221.941,217.274,4.659
"Tenant 5 [Tier 4] Free-Tier Bulk Flood","PutLarge",1,0,221.546,217.001,4.540
"Tenant 5 [Tier 4] Free-Tier Bulk Flood","PutLarge",1,0,222.942,218.300,4.621
"Tenant 5 [Tier 4] Free-Tier Bulk Flood","PutLarge",1,0,222.566,217.840,4.695
"Tenant 5 [Tier 4] Free-Tier Bulk Flood","PutLarge",1,0,222.953,218.405,4.544
"Tenant 5 [Tier 4] Free-Tier Bulk Flood","PutLarge",1,0,223.603,219.227,4.339
"Tenant 5 [Tier 4] Free-Tier Bulk Flood","PutLarge",1,0,222.823,218.254,4.517
"Tenant 5 [Tier 4] Free-Tier Bulk Flood","PutLarge",1,0,223.609,219.056,4.533
"Tenant 5 [Tier 4] Free-Tier Bulk Flood","PutLarge",1,0,224.161,219.484,4.668
"Tenant 5 [Tier 4] Free-Tier Bulk Flood","ListBucket",1,0,223.901,219.225,4.673
"Tenant 5 [Tier 4] Free-Tier Bulk Flood","ListBucket",1,0,224.148,219.780,4.364
"Tenant 5 [Tier 4] Free-Tier Bulk Flood","ListBucket",1,0,223.048,218.702,4.340
"Tenant 5 [Tier 4] Free-Tier Bulk Flood","PutLarge",1,0,223.795,219.465,4.313
"Tenant 5 [Tier 4] Free-Tier Bulk Flood","ListBucket",1,0,221.649,216.926,4.721
"Tenant 5 [Tier 4] Free-Tier Bulk Flood","PutLarge",1,0,223.897,219.197,4.665
"Tenant 5 [Tier 4] Free-Tier Bulk Flood","PutLarge",1,0,224.100,219.581,4.443
"Tenant 5 [Tier 4] Free-Tier Bulk Flood","PutLarge",1,0,223.894,219.397,4.463
"Tenant 5 [Tier 4] Free-Tier Bulk Flood","PutLarge",1,0,224.112,219.673,4.387
"Tenant 5 [Tier 4] Free-Tier Bulk Flood","PutLarge",1,0,223.958,219.566,4.358
"Tenant 5 [Tier 4] Free-Tier Bulk Flood","ListBucket",1,0,222.675,218.257,4.414
"Tenant 5 [Tier 4] Free-Tier Bulk Flood","ListBucket",1,0,222.486,217.984,4.480
"Tenant 5 [Tier 4] Free-Tier Bulk Flood","ListBucket",1,0,222.019,217.468,4.546
"Tenant 5 [Tier 4] Free-Tier Bulk Flood","PutLarge",1,0,222.688,218.022,4.632
"Tenant 5 [Tier 4] Free-Tier Bulk Flood","ListBucket",1,0,222.142,217.652,4.452
"Tenant 5 [Tier 4] Free-Tier Bulk Flood","ListBucket",1,0,222.174,217.626,4.535
"Tenant 5 [Tier 4] Free-Tier Bulk Flood","PutLarge",1,0,221.858,217.574,4.279
"Tenant 5 [Tier 4] Free-Tier Bulk Flood","PutLarge",1,0,222.198,217.518,4.647
"Tenant 5 [Tier 4] Free-Tier Bulk Flood","PutLarge",1,0,221.770,217.314,4.419
"Tenant 5 [Tier 4] Free-Tier Bulk Flood","PutLarge",1,0,221.993,217.582,4.406
"Tenant 5 [Tier 4] Free-Tier Bulk Flood","ListBucket",1,0,222.134,217.452,4.679
"Tenant 5 [Tier 4] Free-Tier Bulk Flood","PutLarge",1,0,221.801,217.081,4.684
"Tenant 5 [Tier 4] Free-Tier Bulk Flood","PutLarge",1,0,222.277,217.618,4.635
"Tenant 5 [Tier 4] Free-Tier Bulk Flood","PutLarge",1,0,220.859,216.230,4.628
"Tenant 5 [Tier 4] Free-Tier Bulk Flood","PutLarge",1,0,222.025,217.684,4.337
"Tenant 5 [Tier 4] Free-Tier Bulk Flood","ListBucket",1,0,222.352,217.707,4.633
"Tenant 5 [Tier 4] Free-Tier Bulk Flood","PutLarge",1,0,221.556,217.227,4.294
"Tenant 5 [Tier 4] Free-Tier Bulk Flood","PutLarge",1,0,222.733,218.316,4.411
"Tenant 5 [Tier 4] Free-Tier Bulk Flood","PutLarge",1,0,222.955,218.335,4.581
"Tenant 5 [Tier 4] Free-Tier Bulk Flood","PutLarge",1,0,222.957,218.421,4.483
"Tenant 5 [Tier 4] Free-Tier Bulk Flood","PutLarge",1,0,223.006,218.568,4.421
"Tenant 5 [Tier 4] Free-Tier Bulk Flood","ListBucket",1,0,221.701,217.184,4.514
"Tenant 5 [Tier 4] Free-Tier Bulk Flood","PutLarge",1,0,223.036,218.342,4.690
"Tenant 5 [Tier 4] Free-Tier Bulk Flood","ListBucket",1,0,223.687,218.920,4.720
"Tenant 5 [Tier 4] Free-Tier Bulk Flood","ListBucket",1,0,224.081,219.413,4.659
"Tenant 5 [Tier 4] Free-Tier Bulk Flood","PutLarge",1,0,223.378,218.835,4.494
"Tenant 5 [Tier 4] Free-Tier Bulk Flood","PutLarge",1,0,222.955,218.499,4.433
"Tenant 5 [Tier 4] Free-Tier Bulk Flood","PutLarge",1,0,223.443,218.732,4.706
"Tenant 5 [Tier 4] Free-Tier Bulk Flood","PutLarge",1,0,223.247,218.922,4.289
"Tenant 5 [Tier 4] Free-Tier Bulk Flood","PutLarge",1,0,224.255,219.869,4.381
"Tenant 5 [Tier 4] Free-Tier Bulk Flood","PutLarge",1,0,223.394,218.824,4.567
"Tenant 5 [Tier 4] Free-Tier Bulk Flood","ListBucket",1,0,224.415,219.810,4.597
"Tenant 5 [Tier 4] Free-Tier Bulk Flood","PutLarge",1,0,223.771,219.457,4.308
"Tenant 5 [Tier 4] Free-Tier Bulk Flood","PutLarge",1,0,223.741,219.079,4.659
"Tenant 5 [Tier 4] Free-Tier Bulk Flood","ListBucket",1,0,224.908,220.264,4.638
"Tenant 5 [Tier 4] Free-Tier Bulk Flood","PutLarge",1,0,225.708,221.318,4.386
"Tenant 5 [Tier 4] Free-Tier Bulk Flood","PutLarge",1,0,225.739,221.241,4.495
"Tenant 5 [Tier 4] Free-Tier Bulk Flood","PutLarge",1,0,225.631,221.124,4.504
"Tenant 5 [Tier 4] Free-Tier Bulk Flood","PutLarge",1,0,226.072,221.354,4.716
"Tenant 5 [Tier 4] Free-Tier Bulk Flood","PutLarge",1,0,226.731,222.216,4.512
"Tenant 5 [Tier 4] Free-Tier Bulk Flood","PutLarge",1,0,226.017,221.567,4.444
"Tenant 5 [Tier 4] Free-Tier Bulk Flood","ListBucket",1,0,226.530,222.195,4.330
"Tenant 5 [Tier 4] Free-Tier Bulk Flood","PutLarge",1,0,227.074,222.744,4.327
"Tenant 5 [Tier 4] Free-Tier Bulk Flood","ListBucket",1,0,223.742,219.194,4.544
"Tenant 5 [Tier 4] Free-Tier Bulk Flood","PutLarge",1,0,228.097,223.603,4.491
"Tenant 5 [Tier 4] Free-Tier Bulk Flood","PutLarge",1,0,224.974,220.512,4.459
"Tenant 5 [Tier 4] Free-Tier Bulk Flood","ListBucket",1,0,226.488,221.900,4.583
"Tenant 5 [Tier 4] Free-Tier Bulk Flood","PutLarge",1,0,222.696,218.273,4.421
"Tenant 5 [Tier 4] Free-Tier Bulk Flood","PutLarge",1,0,223.926,219.306,4.616
"Tenant 5 [Tier 4] Free-Tier Bulk Flood","PutLarge",1,0,223.218,218.614,4.595
"Tenant 5 [Tier 4] Free-Tier Bulk Flood","PutLarge",1,0,224.109,219.577,4.514
"Tenant 5 [Tier 4] Free-Tier Bulk Flood","PutLarge",1,0,224.425,219.756,4.660
"Tenant 5 [Tier 4] Free-Tier Bulk Flood","ListBucket",1,0,224.059,219.751,4.304
"Tenant 5 [Tier 4] Free-Tier Bulk Flood","ListBucket",1,0,223.078,218.745,4.319
"Tenant 5 [Tier 4] Free-Tier Bulk Flood","PutLarge",1,0,222.597,217.890,4.697
"Tenant 5 [Tier 4] Free-Tier Bulk Flood","PutLarge",1,0,224.666,220.141,4.484
"Tenant 5 [Tier 4] Free-Tier Bulk Flood","PutLarge",1,0,222.870,218.323,4.493
"Tenant 5 [Tier 4] Free-Tier Bulk Flood","ListBucket",1,0,223.019,218.572,4.406
"Tenant 5 [Tier 4] Free-Tier Bulk Flood","ListBucket",1,0,222.830,218.484,4.332
"Tenant 5 [Tier 4] Free-Tier Bulk Flood","PutLarge",1,0,222.032,217.367,4.660
"Tenant 5 [Tier 4] Free-Tier Bulk Flood","ListBucket",1,0,221.829,217.440,4.353
"Tenant 5 [Tier 4] Free-Tier Bulk Flood","PutLarge",1,0,221.700,217.375,4.320
"Tenant 5 [Tier 4] Free-Tier Bulk Flood","ListBucket",1,0,221.973,217.286,4.682
"Tenant 5 [Tier 4] Free-Tier Bulk Flood","ListBucket",1,0,220.748,216.111,4.634
"Tenant 5 [Tier 4] Free-Tier Bulk Flood","PutLarge",1,0,221.857,217.215,4.633
"Tenant 5 [Tier 4] Free-Tier Bulk Flood","ListBucket",1,0,220.746,216.363,4.334
"Tenant 5 [Tier 4] Free-Tier Bulk Flood","PutLarge",1,0,221.027,216.410,4.579
"Tenant 5 [Tier 4] Free-Tier Bulk Flood","PutLarge",1,0,221.390,216.978,4.360
"Tenant 5 [Tier 4] Free-Tier Bulk Flood","PutLarge",1,0,221.137,216.479,4.654
"Tenant 5 [Tier 4] Free-Tier Bulk Flood","PutLarge",1,0,220.659,216.120,4.533
"Tenant 5 [Tier 4] Free-Tier Bulk Flood","PutLarge",1,0,221.022,216.465,4.554
"Tenant 5 [Tier 4] Free-Tier Bulk Flood","PutLarge",1,0,220.925,216.579,4.343
"Tenant 5 [Tier 4] Free-Tier Bulk Flood","ListBucket",1,0,221.750,217.162,4.554
"Tenant 5 [Tier 4] Free-Tier Bulk Flood","PutLarge",1,0,221.322,216.699,4.601
"Tenant 5 [Tier 4] Free-Tier Bulk Flood","ListBucket",1,0,223.039,218.597,4.428
"Tenant 5 [Tier 4] Free-Tier Bulk Flood","ListBucket",1,0,220.996,216.491,4.503
"Tenant 5 [Tier 4] Free-Tier Bulk Flood","ListBucket",1,0,220.647,216.362,4.281
"Tenant 5 [Tier 4] Free-Tier Bulk Flood","PutLarge",1,0,220.995,216.498,4.494
"Tenant 5 [Tier 4] Free-Tier Bulk Flood","ListBucket",1,0,220.552,216.197,4.351
"Tenant 5 [Tier 4] Free-Tier Bulk Flood","PutLarge",1,0,221.016,216.316,4.666
"Tenant 5 [Tier 4] Free-Tier Bulk Flood","PutLarge",1,0,221.614,217.122,4.459
"Tenant 5 [Tier 4] Free-Tier Bulk Flood","ListBucket",1,0,221.594,216.935,4.639
"Tenant 5 [Tier 4] Free-Tier Bulk Flood","PutLarge",1,0,221.917,217.496,4.385
"Tenant 5 [Tier 4] Free-Tier Bulk Flood","ListBucket",1,0,218.882,214.562,4.313
"Tenant 5 [Tier 4] Free-Tier Bulk Flood","PutLarge",1,0,220.695,216.227,4.455
"Tenant 5 [Tier 4] Free-Tier Bulk Flood","PutLarge",1,0,221.188,216.672,4.512
"Tenant 5 [Tier 4] Free-Tier Bulk Flood","ListBucket",1,0,221.999,217.662,4.317
"Tenant 5 [Tier 4] Free-Tier Bulk Flood","PutLarge",1,0,221.260,216.513,4.724
"Tenant 5 [Tier 4] Free-Tier Bulk Flood","ListBucket",1,0,221.752,217.424,4.306
"Tenant 5 [Tier 4] Free-Tier Bulk Flood","PutLarge",1,0,221.552,216.802,4.720
"Tenant 5 [Tier 4] Free-Tier Bulk Flood","PutLarge",1,0,221.328,217.036,4.280
"Tenant 5 [Tier 4] Free-Tier Bulk Flood","ListBucket",1,0,221.382,216.917,4.447
"Tenant 5 [Tier 4] Free-Tier Bulk Flood","PutLarge",1,0,221.227,216.685,4.538
"Tenant 5 [Tier 4] Free-Tier Bulk Flood","PutLarge",1,0,222.388,217.950,4.426
"Tenant 5 [Tier 4] Free-Tier Bulk Flood","PutLarge",1,0,219.584,215.277,4.290
"Tenant 5 [Tier 4] Free-Tier Bulk Flood","PutLarge",1,0,220.872,216.196,4.661
"Tenant 5 [Tier 4] Free-Tier Bulk Flood","ListBucket",1,0,221.413,216.859,4.515
"Tenant 5 [Tier 4] Free-Tier Bulk Flood","PutLarge",1,0,221.144,216.478,4.631
"Tenant 5 [Tier 4] Free-Tier Bulk Flood","ListBucket",1,0,220.664,216.075,4.557
"Tenant 5 [Tier 4] Free-Tier Bulk Flood","PutLarge",1,0,221.049,216.582,4.465
"Tenant 5 [Tier 4] Free-Tier Bulk Flood","PutLarge",1,0,220.988,216.239,4.718
"Tenant 5 [Tier 4] Free-Tier Bulk Flood","PutLarge",1,0,220.960,216.519,4.438
"Tenant 5 [Tier 4] Free-Tier Bulk Flood","PutLarge",1,0,223.301,218.799,4.453
"Tenant 5 [Tier 4] Free-Tier Bulk Flood","PutLarge",1,0,221.555,216.999,4.547
"Tenant 5 [Tier 4] Free-Tier Bulk Flood","PutLarge",1,0,221.654,216.975,4.666
"Tenant 5 [Tier 4] Free-Tier Bulk Flood","ListBucket",1,0,220.384,215.879,4.502
"Tenant 5 [Tier 4] Free-Tier Bulk Flood","PutLarge",1,0,221.485,217.188,4.282
"Tenant 5 [Tier 4] Free-Tier Bulk Flood","PutLarge",1,0,220.755,216.218,4.532
"Tenant 5 [Tier 4] Free-Tier Bulk Flood","PutLarge",1,0,221.117,216.508,4.606
"Tenant 5 [Tier 4] Free-Tier Bulk Flood","PutLarge",1,0,221.947,217.485,4.447
"Tenant 5 [Tier 4] Free-Tier Bulk Flood","ListBucket",1,0,222.625,218.299,4.317
"Tenant 5 [Tier 4] Free-Tier Bulk Flood","PutLarge",1,0,222.059,217.461,4.583
"Tenant 5 [Tier 4] Free-Tier Bulk Flood","ListBucket",1,0,221.074,216.581,4.488
"Tenant 5 [Tier 4] Free-Tier Bulk Flood","PutLarge",1,0,221.950,217.574,4.362
"Tenant 5 [Tier 4] Free-Tier Bulk Flood","PutLarge",1,0,221.423,217.081,4.339
"Tenant 5 [Tier 4] Free-Tier Bulk Flood","PutLarge",1,0,223.299,218.781,4.515
"Tenant 5 [Tier 4] Free-Tier Bulk Flood","ListBucket",1,0,221.993,217.679,4.311
"Tenant 5 [Tier 4] Free-Tier Bulk Flood","PutLarge",1,0,222.488,217.848,4.633
"Tenant 5 [Tier 4] Free-Tier Bulk Flood","PutLarge",1,0,223.267,218.727,4.538
"Tenant 5 [Tier 4] Free-Tier Bulk Flood","PutLarge",1,0,222.507,218.009,4.493
"Tenant 5 [Tier 4] Free-Tier Bulk Flood","PutLarge",1,0,221.591,217.055,4.532
"Tenant 5 [Tier 4] Free-Tier Bulk Flood","ListBucket",1,0,221.404,216.962,4.436
"Tenant 5 [Tier 4] Free-Tier Bulk Flood","PutLarge",1,0,222.003,217.698,4.303
"Tenant 5 [Tier 4] Free-Tier Bulk Flood","PutLarge",1,0,225.837,221.419,4.411
"Tenant 5 [Tier 4] Free-Tier Bulk Flood","PutLarge",1,0,226.046,221.393,4.647
"Tenant 5 [Tier 4] Free-Tier Bulk Flood","PutLarge",1,0,226.386,221.972,4.409
"Tenant 5 [Tier 4] Free-Tier Bulk Flood","PutLarge",1,0,226.785,222.321,4.461
"Tenant 5 [Tier 4] Free-Tier Bulk Flood","ListBucket",1,0,223.202,218.754,4.440
"Tenant 5 [Tier 4] Free-Tier Bulk Flood","PutLarge",1,0,222.869,218.232,4.626
"Tenant 5 [Tier 4] Free-Tier Bulk Flood","ListBucket",1,0,223.041,218.609,4.428
"Tenant 5 [Tier 4] Free-Tier Bulk Flood","PutLarge",1,0,222.513,218.202,4.298
"Tenant 5 [Tier 4] Free-Tier Bulk Flood","PutLarge",1,0,221.499,217.186,4.309
"Tenant 5 [Tier 4] Free-Tier Bulk Flood","ListBucket",1,0,222.517,218.216,4.295
"Tenant 5 [Tier 4] Free-Tier Bulk Flood","ListBucket",1,0,222.952,218.237,4.711
"Tenant 5 [Tier 4] Free-Tier Bulk Flood","ListBucket",1,0,222.531,217.908,4.615
"Tenant 5 [Tier 4] Free-Tier Bulk Flood","ListBucket",1,0,220.399,215.949,4.447
"Tenant 5 [Tier 4] Free-Tier Bulk Flood","PutLarge",1,0,222.958,218.405,4.550
"Tenant 5 [Tier 4] Free-Tier Bulk Flood","PutLarge",1,0,222.505,217.877,4.615
"Tenant 5 [Tier 4] Free-Tier Bulk Flood","ListBucket",1,0,222.832,218.142,4.654
"Tenant 5 [Tier 4] Free-Tier Bulk Flood","ListBucket",1,0,222.037,217.727,4.304
"Tenant 5 [Tier 4] Free-Tier Bulk Flood","PutLarge",1,0,223.237,218.847,4.385
"Tenant 5 [Tier 4] Free-Tier Bulk Flood","PutLarge",1,0,222.219,217.706,4.477
"Tenant 5 [Tier 4] Free-Tier Bulk Flood","PutLarge",1,0,223.266,218.570,4.658
"Tenant 5 [Tier 4] Free-Tier Bulk Flood","PutLarge",1,0,222.874,218.543,4.288
"Tenant 5 [Tier 4] Free-Tier Bulk Flood","ListBucket",1,0,221.478,216.964,4.502
"Tenant 5 [Tier 4] Free-Tier Bulk Flood","PutLarge",1,0,223.245,218.672,4.568
"Tenant 5 [Tier 4] Free-Tier Bulk Flood","ListBucket",1,0,222.200,217.652,4.544
"Tenant 5 [Tier 4] Free-Tier Bulk Flood","PutLarge",1,0,222.720,218.379,4.287
"Tenant 5 [Tier 4] Free-Tier Bulk Flood","PutLarge",1,0,221.988,217.575,4.361
"Tenant 5 [Tier 4] Free-Tier Bulk Flood","PutLarge",1,0,222.650,218.182,4.452
"Tenant 5 [Tier 4] Free-Tier Bulk Flood","PutLarge",1,0,222.931,218.501,4.427
"Tenant 5 [Tier 4] Free-Tier Bulk Flood","PutLarge",1,0,223.003,218.341,4.640
"Tenant 5 [Tier 4] Free-Tier Bulk Flood","PutLarge",1,0,222.673,218.361,4.276
"Tenant 5 [Tier 4] Free-Tier Bulk Flood","ListBucket",1,0,222.065,217.648,4.411
"Tenant 5 [Tier 4] Free-Tier Bulk Flood","ListBucket",1,0,222.875,218.298,4.564
"Tenant 5 [Tier 4] Free-Tier Bulk Flood","PutLarge",1,0,223.136,218.501,4.631
"Tenant 5 [Tier 4] Free-Tier Bulk Flood","PutLarge",1,0,223.420,218.959,4.423
"Tenant 5 [Tier 4] Free-Tier Bulk Flood","PutLarge",1,0,223.240,218.653,4.581
"Tenant 5 [Tier 4] Free-Tier Bulk Flood","PutLarge",1,0,223.440,219.073,4.359
"Tenant 5 [Tier 4] Free-Tier Bulk Flood","PutLarge",1,0,223.536,218.797,4.678
"Tenant 5 [Tier 4] Free-Tier Bulk Flood","PutLarge",1,0,223.424,218.778,4.610
"Tenant 5 [Tier 4] Free-Tier Bulk Flood","PutLarge",1,0,223.549,218.892,4.654
"Tenant 5 [Tier 4] Free-Tier Bulk Flood","PutLarge",1,0,223.811,219.216,4.556
"Tenant 5 [Tier 4] Free-Tier Bulk Flood","PutLarge",1,0,224.694,219.950,4.705
"Tenant 5 [Tier 4] Free-Tier Bulk Flood","PutLarge",1,0,226.649,222.214,4.398
"Tenant 5 [Tier 4] Free-Tier Bulk Flood","PutLarge",1,0,224.652,220.023,4.594
"Tenant 5 [Tier 4] Free-Tier Bulk Flood","ListBucket",1,0,223.718,219.395,4.289
"Tenant 5 [Tier 4] Free-Tier Bulk Flood","ListBucket",1,0,224.414,219.891,4.509
"Tenant 5 [Tier 4] Free-Tier Bulk Flood","ListBucket",1,0,224.130,219.533,4.591
"Tenant 5 [Tier 4] Free-Tier Bulk Flood","PutLarge",1,0,224.162,219.714,4.436
"Tenant 5 [Tier 4] Free-Tier Bulk Flood","ListBucket",1,0,224.161,219.821,4.328
"Tenant 5 [Tier 4] Free-Tier Bulk Flood","ListBucket",1,0,224.020,219.428,4.556
"Tenant 5 [Tier 4] Free-Tier Bulk Flood","PutLarge",1,0,224.014,219.435,4.575
"Tenant 5 [Tier 4] Free-Tier Bulk Flood","PutLarge",1,0,223.853,219.132,4.714
"Tenant 5 [Tier 4] Free-Tier Bulk Flood","PutLarge",1,0,223.959,219.620,4.303
"Tenant 5 [Tier 4] Free-Tier Bulk Flood","PutLarge",1,0,223.878,219.180,4.695
"Tenant 5 [Tier 4] Free-Tier Bulk Flood","PutLarge",1,0,224.041,219.677,4.311
"Tenant 5 [Tier 4] Free-Tier Bulk Flood","ListBucket",1,0,223.909,219.224,4.682
"Tenant 5 [Tier 4] Free-Tier Bulk Flood","PutLarge",1,0,223.835,219.401,4.404
"Tenant 5 [Tier 4] Free-Tier Bulk Flood","PutLarge",1,0,223.885,219.448,4.401
"Tenant 5 [Tier 4] Free-Tier Bulk Flood","PutLarge",1,0,224.204,219.813,4.355
"Tenant 5 [Tier 4] Free-Tier Bulk Flood","PutLarge",1,0,225.257,220.812,4.440
"Tenant 5 [Tier 4] Free-Tier Bulk Flood","ListBucket",1,0,224.175,219.658,4.496
"Tenant 5 [Tier 4] Free-Tier Bulk Flood","PutLarge",1,0,224.201,219.767,4.402
"Tenant 5 [Tier 4] Free-Tier Bulk Flood","ListBucket",1,0,223.677,219.276,4.350
"Tenant 5 [Tier 4] Free-Tier Bulk Flood","ListBucket",1,0,224.132,219.705,4.421
"Tenant 5 [Tier 4] Free-Tier Bulk Flood","ListBucket",1,0,223.338,218.796,4.538
"Tenant 5 [Tier 4] Free-Tier Bulk Flood","PutLarge",1,0,223.318,219.037,4.278
"Tenant 5 [Tier 4] Free-Tier Bulk Flood","ListBucket",1,0,223.802,219.086,4.709
"Tenant 5 [Tier 4] Free-Tier Bulk Flood","PutLarge",1,0,223.903,219.533,4.334
"Tenant 5 [Tier 4] Free-Tier Bulk Flood","PutLarge",1,0,223.748,219.291,4.451
"Tenant 5 [Tier 4] Free-Tier Bulk Flood","PutLarge",1,0,224.913,220.243,4.648
"Tenant 5 [Tier 4] Free-Tier Bulk Flood","PutLarge",1,0,224.880,220.302,4.573
"Tenant 5 [Tier 4] Free-Tier Bulk Flood","PutLarge",1,0,226.091,221.493,4.592
"Tenant 5 [Tier 4] Free-Tier Bulk Flood","ListBucket",1,0,225.240,220.742,4.488
"Tenant 5 [Tier 4] Free-Tier Bulk Flood","PutLarge",1,0,224.178,219.752,4.421
"Tenant 5 [Tier 4] Free-Tier Bulk Flood","PutLarge",1,0,225.439,220.969,4.466
"Tenant 5 [Tier 4] Free-Tier Bulk Flood","ListBucket",1,0,224.590,220.191,4.395
"Tenant 5 [Tier 4] Free-Tier Bulk Flood","PutLarge",1,0,224.195,219.507,4.677
"Tenant 5 [Tier 4] Free-Tier Bulk Flood","PutLarge",1,0,222.362,217.835,4.512
"Tenant 5 [Tier 4] Free-Tier Bulk Flood","PutLarge",1,0,226.585,222.091,4.492
"Tenant 5 [Tier 4] Free-Tier Bulk Flood","PutLarge",1,0,227.058,222.440,4.605
"Tenant 5 [Tier 4] Free-Tier Bulk Flood","ListBucket",1,0,229.561,225.048,4.497
"Tenant 5 [Tier 4] Free-Tier Bulk Flood","PutLarge",1,0,227.744,223.269,4.471
"Tenant 5 [Tier 4] Free-Tier Bulk Flood","PutLarge",1,0,226.626,222.221,4.399
"Tenant 5 [Tier 4] Free-Tier Bulk Flood","ListBucket",1,0,227.054,222.337,4.714
"Tenant 5 [Tier 4] Free-Tier Bulk Flood","PutLarge",1,0,227.553,222.942,4.605
"Tenant 5 [Tier 4] Free-Tier Bulk Flood","PutLarge",1,0,226.265,221.784,4.477
"Tenant 5 [Tier 4] Free-Tier Bulk Flood","PutLarge",1,0,225.750,221.289,4.455
"Tenant 5 [Tier 4] Free-Tier Bulk Flood","PutLarge",1,0,226.380,221.802,4.566
"Tenant 5 [Tier 4] Free-Tier Bulk Flood","PutLarge",1,0,225.583,221.116,4.456
"Tenant 5 [Tier 4] Free-Tier Bulk Flood","PutLarge",1,0,226.522,222.165,4.340
"Tenant 5 [Tier 4] Free-Tier Bulk Flood","PutLarge",1,0,226.602,222.037,4.555
"Tenant 5 [Tier 4] Free-Tier Bulk Flood","PutLarge",1,0,226.195,221.816,4.342
"Tenant 5 [Tier 4] Free-Tier Bulk Flood","ListBucket",1,0,224.840,220.169,4.667
"Tenant 5 [Tier 4] Free-Tier Bulk Flood","PutLarge",1,0,227.340,222.640,4.696
"Tenant 5 [Tier 4] Free-Tier Bulk Flood","PutLarge",1,0,229.329,224.620,4.703
"Tenant 5 [Tier 4] Free-Tier Bulk Flood","ListBucket",1,0,227.436,222.743,4.658
"Tenant 5 [Tier 4] Free-Tier Bulk Flood","ListBucket",1,0,226.611,222.016,4.574
"Tenant 5 [Tier 4] Free-Tier Bulk Flood","PutLarge",1,0,227.915,223.201,4.675
"Tenant 5 [Tier 4] Free-Tier Bulk Flood","PutLarge",1,0,226.870,222.497,4.370
"Tenant 5 [Tier 4] Free-Tier Bulk Flood","PutLarge",1,0,227.884,223.342,4.506
"Tenant 5 [Tier 4] Free-Tier Bulk Flood","ListBucket",1,0,226.689,222.162,4.524
"Tenant 5 [Tier 4] Free-Tier Bulk Flood","ListBucket",1,0,224.621,220.235,4.379
"Tenant 5 [Tier 4] Free-Tier Bulk Flood","PutLarge",1,0,227.732,223.190,4.504
"Tenant 5 [Tier 4] Free-Tier Bulk Flood","PutLarge",1,0,228.760,224.055,4.653
"Tenant 5 [Tier 4] Free-Tier Bulk Flood","PutLarge",1,0,227.612,223.187,4.412
"Tenant 5 [Tier 4] Free-Tier Bulk Flood","PutLarge",1,0,226.791,222.359,4.429
"Tenant 5 [Tier 4] Free-Tier Bulk Flood","ListBucket",1,0,227.856,223.175,4.666
"Tenant 5 [Tier 4] Free-Tier Bulk Flood","PutLarge",1,0,226.652,222.328,4.286
"Tenant 5 [Tier 4] Free-Tier Bulk Flood","PutLarge",1,0,226.931,222.309,4.618
"Tenant 5 [Tier 4] Free-Tier Bulk Flood","PutLarge",1,0,227.333,222.949,4.349
"Tenant 5 [Tier 4] Free-Tier Bulk Flood","PutLarge",1,0,227.205,222.615,4.557
"Tenant 5 [Tier 4] Free-Tier Bulk Flood","PutLarge",1,0,227.999,223.599,4.378
"Tenant 5 [Tier 4] Free-Tier Bulk Flood","ListBucket",1,0,227.270,222.918,4.350
"Tenant 5 [Tier 4] Free-Tier Bulk Flood","ListBucket",1,0,226.541,222.241,4.294
"Tenant 5 [Tier 4] Free-Tier Bulk Flood","PutLarge",1,0,227.200,222.802,4.394
"Tenant 5 [Tier 4] Free-Tier Bulk Flood","ListBucket",1,0,226.359,221.970,4.338
"Tenant 5 [Tier 4] Free-Tier Bulk Flood","PutLarge",1,0,227.274,222.785,4.449
"Tenant 5 [Tier 4] Free-Tier Bulk Flood","PutLarge",1,0,226.160,221.659,4.497
"Tenant 5 [Tier 4] Free-Tier Bulk Flood","PutLarge",1,0,226.212,221.829,4.374
"Tenant 5 [Tier 4] Free-Tier Bulk Flood","ListBucket",1,0,226.128,221.497,4.611
"Tenant 5 [Tier 4] Free-Tier Bulk Flood","ListBucket",1,0,225.968,221.655,4.309
"Tenant 5 [Tier 4] Free-Tier Bulk Flood","PutLarge",1,0,225.945,221.348,4.594
"Tenant 5 [Tier 4] Free-Tier Bulk Flood","PutLarge",1,0,226.272,221.525,4.709
"Tenant 5 [Tier 4] Free-Tier Bulk Flood","PutLarge",1,0,225.926,221.320,4.554
"Tenant 5 [Tier 4] Free-Tier Bulk Flood","ListBucket",1,0,226.374,221.694,4.642
"Tenant 5 [Tier 4] Free-Tier Bulk Flood","PutLarge",1,0,225.489,221.190,4.278
"Tenant 5 [Tier 4] Free-Tier Bulk Flood","PutLarge",1,0,226.222,221.754,4.398
"Tenant 5 [Tier 4] Free-Tier Bulk Flood","PutLarge",1,0,226.271,221.863,4.380
"Tenant 5 [Tier 4] Free-Tier Bulk Flood","PutLarge",1,0,226.544,221.898,4.612
"Tenant 5 [Tier 4] Free-Tier Bulk Flood","PutLarge",1,0,226.412,222.097,4.307
"Tenant 5 [Tier 4] Free-Tier Bulk Flood","PutLarge",1,0,227.713,223.148,4.562
"Tenant 5 [Tier 4] Free-Tier Bulk Flood","ListBucket",1,0,226.791,222.087,4.700
"Tenant 5 [Tier 4] Free-Tier Bulk Flood","PutLarge",1,0,228.229,223.752,4.462
"Tenant 5 [Tier 4] Free-Tier Bulk Flood","ListBucket",1,0,226.468,222.083,4.347
"Tenant 5 [Tier 4] Free-Tier Bulk Flood","PutLarge",1,0,227.285,222.548,4.716
"Tenant 5 [Tier 4] Free-Tier Bulk Flood","PutLarge",1,0,227.557,222.861,4.693
"Tenant 5 [Tier 4] Free-Tier Bulk Flood","ListBucket",1,0,227.303,222.579,4.674
"Tenant 5 [Tier 4] Free-Tier Bulk Flood","PutLarge",1,0,226.985,222.245,4.707
"Tenant 5 [Tier 4] Free-Tier Bulk Flood","PutLarge",1,0,226.858,222.191,4.634
"Tenant 5 [Tier 4] Free-Tier Bulk Flood","PutLarge",1,0,227.061,222.718,4.313
"Tenant 5 [Tier 4] Free-Tier Bulk Flood","PutLarge",1,0,227.873,223.340,4.530
"Tenant 5 [Tier 4] Free-Tier Bulk Flood","PutLarge",1,0,226.933,222.626,4.301
"Tenant 5 [Tier 4] Free-Tier Bulk Flood","PutLarge",1,0,228.135,223.419,4.710
"Tenant 5 [Tier 4] Free-Tier Bulk Flood","ListBucket",1,0,228.338,223.602,4.700
"Tenant 5 [Tier 4] Free-Tier Bulk Flood","ListBucket",1,0,227.969,223.334,4.623
"Tenant 5 [Tier 4] Free-Tier Bulk Flood","PutLarge",1,0,228.341,223.716,4.600
"Tenant 5 [Tier 4] Free-Tier Bulk Flood","PutLarge",1,0,229.133,224.498,4.629
"Tenant 5 [Tier 4] Free-Tier Bulk Flood","ListBucket",1,0,227.050,222.389,4.652
"Tenant 5 [Tier 4] Free-Tier Bulk Flood","PutLarge",1,0,228.759,224.265,4.490
"Tenant 5 [Tier 4] Free-Tier Bulk Flood","ListBucket",1,0,226.388,221.806,4.564
"Tenant 5 [Tier 4] Free-Tier Bulk Flood","ListBucket",1,0,226.975,222.538,4.434
"Tenant 5 [Tier 4] Free-Tier Bulk Flood","PutLarge",1,0,228.043,223.365,4.674
"Tenant 5 [Tier 4] Free-Tier Bulk Flood","ListBucket",1,0,227.829,223.235,4.586
"Tenant 5 [Tier 4] Free-Tier Bulk Flood","PutLarge",1,0,227.597,223.236,4.356
"Tenant 5 [Tier 4] Free-Tier Bulk Flood","ListBucket",1,0,227.352,223.019,4.329
"Tenant 5 [Tier 4] Free-Tier Bulk Flood","PutLarge",1,0,230.113,225.539,4.570
"Tenant 5 [Tier 4] Free-Tier Bulk Flood","PutLarge",1,0,228.447,224.143,4.275
"Tenant 5 [Tier 4] Free-Tier Bulk Flood","ListBucket",1,0,228.970,224.550,4.409
"Tenant 5 [Tier 4] Free-Tier Bulk Flood","PutLarge",1,0,228.733,224.136,4.595
"Tenant 5 [Tier 4] Free-Tier Bulk Flood","PutLarge",1,0,226.494,222.003,4.487
"Tenant 5 [Tier 4] Free-Tier Bulk Flood","PutLarge",1,0,224.701,220.397,4.294
"Tenant 5 [Tier 4] Free-Tier Bulk Flood","ListBucket",1,0,227.322,222.906,4.412
"Tenant 5 [Tier 4] Free-Tier Bulk Flood","PutLarge",1,0,225.052,220.613,4.436
"Tenant 5 [Tier 4] Free-Tier Bulk Flood","ListBucket",1,0,226.296,221.670,4.622
"Tenant 5 [Tier 4] Free-Tier Bulk Flood","ListBucket",1,0,223.053,218.627,4.423
"Tenant 5 [Tier 4] Free-Tier Bulk Flood","ListBucket",1,0,221.629,217.199,4.416
"Tenant 5 [Tier 4] Free-Tier Bulk Flood","PutLarge",1,0,221.675,217.186,4.481
"Tenant 5 [Tier 4] Free-Tier Bulk Flood","PutLarge",1,0,221.543,217.074,4.442
"Tenant 5 [Tier 4] Free-Tier Bulk Flood","PutLarge",1,0,222.233,217.654,4.564
"Tenant 5 [Tier 4] Free-Tier Bulk Flood","PutLarge",1,0,221.810,217.189,4.605
"Tenant 5 [Tier 4] Free-Tier Bulk Flood","ListBucket",1,0,221.302,216.937,4.361
"Tenant 5 [Tier 4] Free-Tier Bulk Flood","PutLarge",1,0,222.029,217.429,4.583
"Tenant 5 [Tier 4] Free-Tier Bulk Flood","PutLarge",1,0,221.375,216.600,4.724
"Tenant 5 [Tier 4] Free-Tier Bulk Flood","PutLarge",1,0,223.428,218.878,4.548
"Tenant 5 [Tier 4] Free-Tier Bulk Flood","PutLarge",1,0,219.831,215.094,4.724
"Tenant 5 [Tier 4] Free-Tier Bulk Flood","ListBucket",1,0,221.307,216.736,4.559
"Tenant 5 [Tier 4] Free-Tier Bulk Flood","ListBucket",1,0,221.200,216.859,4.334
"Tenant 5 [Tier 4] Free-Tier Bulk Flood","PutLarge",1,0,221.265,216.632,4.628
"Tenant 5 [Tier 4] Free-Tier Bulk Flood","PutLarge",1,0,222.349,217.949,4.398
"Tenant 5 [Tier 4] Free-Tier Bulk Flood","ListBucket",1,0,221.002,216.519,4.477
"Tenant 5 [Tier 4] Free-Tier Bulk Flood","PutLarge",1,0,221.805,217.153,4.641
"Tenant 5 [Tier 4] Free-Tier Bulk Flood","PutLarge",1,0,221.356,216.960,4.379
"Tenant 5 [Tier 4] Free-Tier Bulk Flood","PutLarge",1,0,223.582,219.205,4.373
"Tenant 5 [Tier 4] Free-Tier Bulk Flood","PutLarge",1,0,222.627,218.291,4.319
"Tenant 5 [Tier 4] Free-Tier Bulk Flood","PutLarge",1,0,221.531,217.097,4.422
"Tenant 5 [Tier 4] Free-Tier Bulk Flood","PutLarge",1,0,222.812,218.092,4.690
"Tenant 5 [Tier 4] Free-Tier Bulk Flood","PutLarge",1,0,222.996,218.292,4.702
"Tenant 5 [Tier 4] Free-Tier Bulk Flood","PutLarge",1,0,222.828,218.519,4.307
"Tenant 5 [Tier 4] Free-Tier Bulk Flood","ListBucket",1,0,222.580,218.020,4.548
"Tenant 5 [Tier 4] Free-Tier Bulk Flood","ListBucket",1,0,221.799,217.459,4.294
"Tenant 5 [Tier 4] Free-Tier Bulk Flood","PutLarge",1,0,222.285,217.798,4.484
"Tenant 5 [Tier 4] Free-Tier Bulk Flood","PutLarge",1,0,221.820,217.426,4.386
"Tenant 5 [Tier 4] Free-Tier Bulk Flood","PutLarge",1,0,222.528,217.911,4.608
"Tenant 5 [Tier 4] Free-Tier Bulk Flood","PutLarge",1,0,222.331,217.909,4.407
"Tenant 5 [Tier 4] Free-Tier Bulk Flood","PutLarge",1,0,222.633,218.038,4.584
"Tenant 5 [Tier 4] Free-Tier Bulk Flood","PutLarge",1,0,223.051,218.446,4.572
"Tenant 5 [Tier 4] Free-Tier Bulk Flood","ListBucket",1,0,222.732,218.203,4.524
"Tenant 5 [Tier 4] Free-Tier Bulk Flood","ListBucket",1,0,223.234,218.522,4.705
"Tenant 5 [Tier 4] Free-Tier Bulk Flood","ListBucket",1,0,221.507,217.157,4.346
"Tenant 5 [Tier 4] Free-Tier Bulk Flood","ListBucket",1,0,222.655,218.038,4.565
"Tenant 5 [Tier 4] Free-Tier Bulk Flood","PutLarge",1,0,221.855,217.169,4.653
"Tenant 5 [Tier 4] Free-Tier Bulk Flood","PutLarge",1,0,222.465,217.843,4.608
"Tenant 5 [Tier 4] Free-Tier Bulk Flood","ListBucket",1,0,221.699,217.100,4.556
"Tenant 5 [Tier 4] Free-Tier Bulk Flood","PutLarge",1,0,222.566,217.850,4.700
"Tenant 5 [Tier 4] Free-Tier Bulk Flood","ListBucket",1,0,220.030,215.412,4.566
"Tenant 5 [Tier 4] Free-Tier Bulk Flood","PutLarge",1,0,222.022,217.351,4.656
"Tenant 5 [Tier 4] Free-Tier Bulk Flood","ListBucket",1,0,222.171,217.418,4.712
"Tenant 5 [Tier 4] Free-Tier Bulk Flood","PutLarge",1,0,222.163,217.474,4.654
"Tenant 5 [Tier 4] Free-Tier Bulk Flood","PutLarge",1,0,222.057,217.533,4.519
"Tenant 5 [Tier 4] Free-Tier Bulk Flood","ListBucket",1,0,222.016,217.448,4.549
"Tenant 5 [Tier 4] Free-Tier Bulk Flood","PutLarge",1,0,220.786,216.469,4.307
"Tenant 5 [Tier 4] Free-Tier Bulk Flood","PutLarge",1,0,221.794,217.322,4.469
"Tenant 5 [Tier 4] Free-Tier Bulk Flood","PutLarge",1,0,220.974,216.572,4.396
"Tenant 5 [Tier 4] Free-Tier Bulk Flood","PutLarge",1,0,221.890,217.417,4.444
"Tenant 5 [Tier 4] Free-Tier Bulk Flood","PutLarge",1,0,221.634,217.285,4.334
"Tenant 5 [Tier 4] Free-Tier Bulk Flood","PutLarge",1,0,221.890,217.174,4.658
"Tenant 5 [Tier 4] Free-Tier Bulk Flood","PutLarge",1,0,221.527,217.237,4.286
"Tenant 5 [Tier 4] Free-Tier Bulk Flood","PutLarge",1,0,222.970,218.325,4.639
"Tenant 5 [Tier 4] Free-Tier Bulk Flood","ListBucket",1,0,223.202,218.625,4.570
"Tenant 5 [Tier 4] Free-Tier Bulk Flood","PutLarge",1,0,221.609,217.041,4.552
"Tenant 5 [Tier 4] Free-Tier Bulk Flood","PutLarge",1,0,222.028,217.660,4.357
"Tenant 5 [Tier 4] Free-Tier Bulk Flood","PutLarge",1,0,222.318,218.029,4.284
"Tenant 5 [Tier 4] Free-Tier Bulk Flood","ListBucket",1,0,221.856,217.313,4.535
"Tenant 5 [Tier 4] Free-Tier Bulk Flood","PutLarge",1,0,221.811,217.298,4.496
"Tenant 5 [Tier 4] Free-Tier Bulk Flood","PutLarge",1,0,223.366,219.029,4.326
"Tenant 5 [Tier 4] Free-Tier Bulk Flood","PutLarge",1,0,223.559,219.020,4.534
"Tenant 5 [Tier 4] Free-Tier Bulk Flood","PutLarge",1,0,222.948,218.623,4.320
"Tenant 5 [Tier 4] Free-Tier Bulk Flood","ListBucket",1,0,223.555,219.067,4.484
"Tenant 5 [Tier 4] Free-Tier Bulk Flood","PutLarge",1,0,222.034,217.295,4.725
"Tenant 5 [Tier 4] Free-Tier Bulk Flood","PutLarge",1,0,223.019,218.608,4.407
"Tenant 5 [Tier 4] Free-Tier Bulk Flood","PutLarge",1,0,224.560,220.159,4.396
"Tenant 5 [Tier 4] Free-Tier Bulk Flood","PutLarge",1,0,224.989,220.293,4.692
"Tenant 5 [Tier 4] Free-Tier Bulk Flood","PutLarge",1,0,225.229,220.699,4.517
"Tenant 5 [Tier 4] Free-Tier Bulk Flood","ListBucket",1,0,225.432,220.868,4.561
"Tenant 5 [Tier 4] Free-Tier Bulk Flood","ListBucket",1,0,225.802,221.207,4.586
"Tenant 5 [Tier 4] Free-Tier Bulk Flood","ListBucket",1,0,222.072,217.659,4.407
"Tenant 5 [Tier 4] Free-Tier Bulk Flood","ListBucket",1,0,221.110,216.449,4.658
"Tenant 5 [Tier 4] Free-Tier Bulk Flood","ListBucket",1,0,220.610,216.282,4.324
"Tenant 5 [Tier 4] Free-Tier Bulk Flood","PutLarge",1,0,218.276,213.691,4.579
"Tenant 5 [Tier 4] Free-Tier Bulk Flood","PutLarge",1,0,218.975,214.363,4.600
"Tenant 5 [Tier 4] Free-Tier Bulk Flood","PutLarge",1,0,217.672,213.176,4.485
"Tenant 5 [Tier 4] Free-Tier Bulk Flood","PutLarge",1,0,218.862,214.369,4.489
"Tenant 5 [Tier 4] Free-Tier Bulk Flood","ListBucket",1,0,219.121,214.422,4.696
"Tenant 5 [Tier 4] Free-Tier Bulk Flood","PutLarge",1,0,219.037,214.578,4.445
"Tenant 5 [Tier 4] Free-Tier Bulk Flood","PutLarge",1,0,219.980,215.271,4.694
"Tenant 5 [Tier 4] Free-Tier Bulk Flood","PutLarge",1,0,219.248,214.789,4.456
"Tenant 5 [Tier 4] Free-Tier Bulk Flood","PutLarge",1,0,218.673,214.315,4.347
"Tenant 5 [Tier 4] Free-Tier Bulk Flood","PutLarge",1,0,219.380,214.777,4.598
"Tenant 5 [Tier 4] Free-Tier Bulk Flood","PutLarge",1,0,218.641,214.130,4.499
"Tenant 5 [Tier 4] Free-Tier Bulk Flood","PutLarge",1,0,218.890,214.383,4.491
"Tenant 5 [Tier 4] Free-Tier Bulk Flood","ListBucket",1,0,216.926,212.494,4.428
"Tenant 5 [Tier 4] Free-Tier Bulk Flood","PutLarge",1,0,219.420,214.828,4.579
"Tenant 5 [Tier 4] Free-Tier Bulk Flood","PutLarge",1,0,218.877,214.512,4.347
"Tenant 5 [Tier 4] Free-Tier Bulk Flood","ListBucket",1,0,219.229,214.563,4.619
"Tenant 5 [Tier 4] Free-Tier Bulk Flood","PutLarge",1,0,220.505,215.861,4.635
"Tenant 5 [Tier 4] Free-Tier Bulk Flood","ListBucket",1,0,219.378,214.702,4.666
"Tenant 5 [Tier 4] Free-Tier Bulk Flood","ListBucket",1,0,219.274,214.729,4.539
"Tenant 5 [Tier 4] Free-Tier Bulk Flood","ListBucket",1,0,218.406,214.053,4.347
"Tenant 5 [Tier 4] Free-Tier Bulk Flood","ListBucket",1,0,217.754,213.219,4.527
"Tenant 5 [Tier 4] Free-Tier Bulk Flood","PutLarge",1,0,218.381,213.896,4.471
"Tenant 5 [Tier 4] Free-Tier Bulk Flood","ListBucket",1,0,216.137,211.527,4.595
"Tenant 5 [Tier 4] Free-Tier Bulk Flood","PutLarge",1,0,218.354,214.015,4.300
"Tenant 5 [Tier 4] Free-Tier Bulk Flood","ListBucket",1,0,218.291,213.746,4.538
"Tenant 5 [Tier 4] Free-Tier Bulk Flood","PutLarge",1,0,217.402,212.813,4.555
"Tenant 5 [Tier 4] Free-Tier Bulk Flood","PutLarge",1,0,218.228,213.540,4.684
"Tenant 5 [Tier 4] Free-Tier Bulk Flood","PutLarge",1,0,217.325,212.785,4.522
"Tenant 5 [Tier 4] Free-Tier Bulk Flood","PutLarge",1,0,216.665,212.056,4.600
"Tenant 5 [Tier 4] Free-Tier Bulk Flood","PutLarge",1,0,217.588,212.979,4.603
"Tenant 5 [Tier 4] Free-Tier Bulk Flood","PutLarge",1,0,217.120,212.468,4.648
"Tenant 5 [Tier 4] Free-Tier Bulk Flood","ListBucket",1,0,215.545,210.838,4.665
"Tenant 5 [Tier 4] Free-Tier Bulk Flood","ListBucket",1,0,217.171,212.822,4.317
"Tenant 5 [Tier 4] Free-Tier Bulk Flood","PutLarge",1,0,217.440,213.144,4.275
"Tenant 5 [Tier 4] Free-Tier Bulk Flood","PutLarge",1,0,217.105,212.572,4.522
"Tenant 5 [Tier 4] Free-Tier Bulk Flood","ListBucket",1,0,217.544,212.999,4.538
"Tenant 5 [Tier 4] Free-Tier Bulk Flood","PutLarge",1,0,216.972,212.590,4.348
"Tenant 5 [Tier 4] Free-Tier Bulk Flood","PutLarge",1,0,217.123,212.417,4.686
"Tenant 5 [Tier 4] Free-Tier Bulk Flood","PutLarge",1,0,216.847,212.440,4.372
"Tenant 5 [Tier 4] Free-Tier Bulk Flood","PutLarge",1,0,217.024,212.404,4.560
"Tenant 5 [Tier 4] Free-Tier Bulk Flood","PutLarge",1,0,218.138,213.692,4.428
"Tenant 5 [Tier 4] Free-Tier Bulk Flood","PutLarge",1,0,217.389,212.998,4.370
"Tenant 5 [Tier 4] Free-Tier Bulk Flood","PutLarge",1,0,219.200,214.860,4.327
"Tenant 5 [Tier 4] Free-Tier Bulk Flood","ListBucket",1,0,217.559,213.000,4.554
"Tenant 5 [Tier 4] Free-Tier Bulk Flood","ListBucket",1,0,218.950,214.356,4.563
"Tenant 5 [Tier 4] Free-Tier Bulk Flood","ListBucket",1,0,217.322,212.865,4.426
"Tenant 5 [Tier 4] Free-Tier Bulk Flood","ListBucket",1,0,218.412,213.687,4.703
"Tenant 5 [Tier 4] Free-Tier Bulk Flood","PutLarge",1,0,219.979,215.655,4.319
"Tenant 5 [Tier 4] Free-Tier Bulk Flood","PutLarge",1,0,217.633,212.989,4.639
"Tenant 5 [Tier 4] Free-Tier Bulk Flood","ListBucket",1,0,217.277,212.716,4.535
"Tenant 5 [Tier 4] Free-Tier Bulk Flood","PutLarge",1,0,217.741,213.135,4.602
"Tenant 5 [Tier 4] Free-Tier Bulk Flood","ListBucket",1,0,217.422,213.091,4.298
"Tenant 5 [Tier 4] Free-Tier Bulk Flood","PutLarge",1,0,218.105,213.427,4.617
"Tenant 5 [Tier 4] Free-Tier Bulk Flood","ListBucket",1,0,217.159,212.809,4.319
"Tenant 5 [Tier 4] Free-Tier Bulk Flood","ListBucket",1,0,217.108,212.610,4.467
"Tenant 5 [Tier 4] Free-Tier Bulk Flood","PutLarge",1,0,217.213,212.682,4.527
"Tenant 5 [Tier 4] Free-Tier Bulk Flood","PutLarge",1,0,216.702,212.187,4.505
"Tenant 5 [Tier 4] Free-Tier Bulk Flood","PutLarge",1,0,216.896,212.548,4.341
"Tenant 5 [Tier 4] Free-Tier Bulk Flood","PutLarge",1,0,218.439,214.049,4.364
"Tenant 5 [Tier 4] Free-Tier Bulk Flood","PutLarge",1,0,217.564,212.928,4.630
"Tenant 5 [Tier 4] Free-Tier Bulk Flood","PutLarge",1,0,217.383,213.050,4.323
"Tenant 5 [Tier 4] Free-Tier Bulk Flood","ListBucket",1,0,217.415,212.981,4.422
"Tenant 5 [Tier 4] Free-Tier Bulk Flood","PutLarge",1,0,217.527,213.026,4.470
"Tenant 5 [Tier 4] Free-Tier Bulk Flood","PutLarge",1,0,218.003,213.525,4.474
"Tenant 5 [Tier 4] Free-Tier Bulk Flood","PutLarge",1,0,218.495,213.786,4.688
"Tenant 5 [Tier 4] Free-Tier Bulk Flood","ListBucket",1,0,217.423,212.704,4.709
"Tenant 5 [Tier 4] Free-Tier Bulk Flood","PutLarge",1,0,217.458,213.152,4.290
"Tenant 5 [Tier 4] Free-Tier Bulk Flood","PutLarge",1,0,217.111,212.824,4.284
"Tenant 5 [Tier 4] Free-Tier Bulk Flood","PutLarge",1,0,217.606,213.155,4.441
"Tenant 5 [Tier 4] Free-Tier Bulk Flood","PutLarge",1,0,218.730,214.048,4.668
"Tenant 5 [Tier 4] Free-Tier Bulk Flood","PutLarge",1,0,219.203,214.506,4.691
"Tenant 5 [Tier 4] Free-Tier Bulk Flood","PutLarge",1,0,220.563,216.256,4.295
"Tenant 5 [Tier 4] Free-Tier Bulk Flood","PutLarge",1,0,220.551,215.916,4.631
"Tenant 5 [Tier 4] Free-Tier Bulk Flood","ListBucket",1,0,217.649,212.829,4.704
"Tenant 5 [Tier 4] Free-Tier Bulk Flood","PutLarge",1,0,219.237,214.564,4.667
"Tenant 5 [Tier 4] Free-Tier Bulk Flood","ListBucket",1,0,219.391,214.719,4.667
"Tenant 5 [Tier 4] Free-Tier Bulk Flood","PutLarge",1,0,218.897,214.268,4.621
"Tenant 5 [Tier 4] Free-Tier Bulk Flood","ListBucket",1,0,218.872,214.394,4.473
"Tenant 5 [Tier 4] Free-Tier Bulk Flood","ListBucket",1,0,219.039,214.397,4.628
"Tenant 5 [Tier 4] Free-Tier Bulk Flood","PutLarge",1,0,225.528,221.185,4.332
"Tenant 5 [Tier 4] Free-Tier Bulk Flood","ListBucket",1,0,224.939,220.454,4.480
"Tenant 5 [Tier 4] Free-Tier Bulk Flood","ListBucket",1,0,224.543,220.238,4.301
"Tenant 5 [Tier 4] Free-Tier Bulk Flood","PutLarge",1,0,227.059,222.365,4.690
"Tenant 5 [Tier 4] Free-Tier Bulk Flood","ListBucket",1,0,227.532,223.113,4.413
"Tenant 5 [Tier 4] Free-Tier Bulk Flood","PutLarge",1,0,226.812,222.513,4.292
"Tenant 5 [Tier 4] Free-Tier Bulk Flood","PutLarge",1,0,225.529,220.941,4.578
"Tenant 5 [Tier 4] Free-Tier Bulk Flood","ListBucket",1,0,223.204,218.680,4.507
"Tenant 5 [Tier 4] Free-Tier Bulk Flood","PutLarge",1,0,223.127,218.739,4.382
"Tenant 5 [Tier 4] Free-Tier Bulk Flood","PutLarge",1,0,223.373,219.063,4.305
"Tenant 5 [Tier 4] Free-Tier Bulk Flood","ListBucket",1,0,222.983,218.515,4.451
"Tenant 5 [Tier 4] Free-Tier Bulk Flood","ListBucket",1,0,223.142,218.826,4.302
"Tenant 5 [Tier 4] Free-Tier Bulk Flood","PutLarge",1,0,222.891,218.439,4.407
"Tenant 5 [Tier 4] Free-Tier Bulk Flood","ListBucket",1,0,222.492,217.992,4.468
"Tenant 5 [Tier 4] Free-Tier Bulk Flood","PutLarge",1,0,222.858,218.151,4.693
"Tenant 5 [Tier 4] Free-Tier Bulk Flood","PutLarge",1,0,222.954,218.284,4.656
"Tenant 5 [Tier 4] Free-Tier Bulk Flood","ListBucket",1,0,222.527,217.858,4.635
"Tenant 5 [Tier 4] Free-Tier Bulk Flood","PutLarge",1,0,222.941,218.309,4.612
"Tenant 5 [Tier 4] Free-Tier Bulk Flood","PutLarge",1,0,222.448,217.855,4.569
"Tenant 5 [Tier 4] Free-Tier Bulk Flood","ListBucket",1,0,223.358,218.840,4.508
"Tenant 5 [Tier 4] Free-Tier Bulk Flood","PutLarge",1,0,223.496,218.759,4.715
"Tenant 5 [Tier 4] Free-Tier Bulk Flood","ListBucket",1,0,223.272,218.785,4.481
"Tenant 5 [Tier 4] Free-Tier Bulk Flood","PutLarge",1,0,223.645,219.276,4.365
"Tenant 5 [Tier 4] Free-Tier Bulk Flood","PutLarge",1,0,225.090,220.709,4.375
"Tenant 5 [Tier 4] Free-Tier Bulk Flood","PutLarge",1,0,223.163,218.745,4.415
"Tenant 5 [Tier 4] Free-Tier Bulk Flood","PutLarge",1,0,224.398,219.720,4.666
"Tenant 5 [Tier 4] Free-Tier Bulk Flood","PutLarge",1,0,224.228,219.628,4.595
"Tenant 5 [Tier 4] Free-Tier Bulk Flood","PutLarge",1,0,224.611,220.065,4.532
"Tenant 5 [Tier 4] Free-Tier Bulk Flood","ListBucket",1,0,224.352,219.672,4.667
"Tenant 5 [Tier 4] Free-Tier Bulk Flood","PutLarge",1,0,224.466,220.025,4.406
"Tenant 5 [Tier 4] Free-Tier Bulk Flood","PutLarge",1,0,224.118,219.794,4.294
"Tenant 5 [Tier 4] Free-Tier Bulk Flood","PutLarge",1,0,224.255,219.803,4.418
"Tenant 5 [Tier 4] Free-Tier Bulk Flood","PutLarge",1,0,226.108,221.759,4.338
"Tenant 5 [Tier 4] Free-Tier Bulk Flood","ListBucket",1,0,221.848,217.443,4.376
"Tenant 5 [Tier 4] Free-Tier Bulk Flood","PutLarge",1,0,224.546,219.852,4.686
"Tenant 5 [Tier 4] Free-Tier Bulk Flood","PutLarge",1,0,224.779,220.120,4.648
"Tenant 5 [Tier 4] Free-Tier Bulk Flood","PutLarge",1,0,224.352,220.004,4.313
"Tenant 5 [Tier 4] Free-Tier Bulk Flood","PutLarge",1,0,224.819,220.423,4.349
"Tenant 5 [Tier 4] Free-Tier Bulk Flood","PutLarge",1,0,225.326,220.661,4.661
"Tenant 5 [Tier 4] Free-Tier Bulk Flood","ListBucket",1,0,224.730,220.394,4.302
"Tenant 5 [Tier 4] Free-Tier Bulk Flood","PutLarge",1,0,225.024,220.596,4.379
"Tenant 5 [Tier 4] Free-Tier Bulk Flood","PutLarge",1,0,224.734,220.280,4.449
"Tenant 5 [Tier 4] Free-Tier Bulk Flood","ListBucket",1,0,222.465,217.770,4.662
"Tenant 5 [Tier 4] Free-Tier Bulk Flood","PutLarge",1,0,223.337,218.983,4.342
"Tenant 5 [Tier 4] Free-Tier Bulk Flood","ListBucket",1,0,225.135,220.500,4.609
"Tenant 5 [Tier 4] Free-Tier Bulk Flood","PutLarge",1,0,223.237,218.865,4.368
"Tenant 5 [Tier 4] Free-Tier Bulk Flood","PutLarge",1,0,224.869,220.224,4.637
"Tenant 5 [Tier 4] Free-Tier Bulk Flood","ListBucket",1,0,223.516,219.172,4.336
"Tenant 5 [Tier 4] Free-Tier Bulk Flood","PutLarge",1,0,225.014,220.539,4.471
"Tenant 5 [Tier 4] Free-Tier Bulk Flood","PutLarge",1,0,224.925,220.298,4.617
"Tenant 5 [Tier 4] Free-Tier Bulk Flood","ListBucket",1,0,224.524,219.969,4.521
"Tenant 5 [Tier 4] Free-Tier Bulk Flood","PutLarge",1,0,224.635,220.316,4.288
"Tenant 5 [Tier 4] Free-Tier Bulk Flood","PutLarge",1,0,224.864,220.204,4.654
"Tenant 5 [Tier 4] Free-Tier Bulk Flood","ListBucket",1,0,224.241,219.805,4.432
"Tenant 5 [Tier 4] Free-Tier Bulk Flood","ListBucket",1,0,225.391,220.656,4.723
"Tenant 5 [Tier 4] Free-Tier Bulk Flood","PutLarge",1,0,225.962,221.367,4.563
"Tenant 5 [Tier 4] Free-Tier Bulk Flood","PutLarge",1,0,225.358,220.780,4.563
"Tenant 5 [Tier 4] Free-Tier Bulk Flood","PutLarge",1,0,225.399,221.057,4.337
"Tenant 5 [Tier 4] Free-Tier Bulk Flood","ListBucket",1,0,225.862,221.435,4.414
"Tenant 5 [Tier 4] Free-Tier Bulk Flood","ListBucket",1,0,224.583,220.220,4.332
"Tenant 5 [Tier 4] Free-Tier Bulk Flood","ListBucket",1,0,224.858,220.240,4.607
"Tenant 5 [Tier 4] Free-Tier Bulk Flood","ListBucket",1,0,224.609,219.953,4.652
"Tenant 5 [Tier 4] Free-Tier Bulk Flood","PutLarge",1,0,224.567,220.187,4.374
"Tenant 5 [Tier 4] Free-Tier Bulk Flood","PutLarge",1,0,224.803,220.108,4.689
"Tenant 5 [Tier 4] Free-Tier Bulk Flood","PutLarge",1,0,225.148,220.530,4.615
"Tenant 5 [Tier 4] Free-Tier Bulk Flood","PutLarge",1,0,225.197,220.859,4.334
"Tenant 5 [Tier 4] Free-Tier Bulk Flood","PutLarge",1,0,226.417,222.086,4.326
"Tenant 5 [Tier 4] Free-Tier Bulk Flood","PutLarge",1,0,226.076,221.736,4.333
"Tenant 5 [Tier 4] Free-Tier Bulk Flood","ListBucket",1,0,226.295,221.935,4.355
"Tenant 5 [Tier 4] Free-Tier Bulk Flood","PutLarge",1,0,225.058,220.693,4.361
"Tenant 5 [Tier 4] Free-Tier Bulk Flood","PutLarge",1,0,224.861,220.394,4.462
"Tenant 5 [Tier 4] Free-Tier Bulk Flood","PutLarge",1,0,225.874,221.296,4.573
"Tenant 5 [Tier 4] Free-Tier Bulk Flood","PutLarge",1,0,225.582,221.171,4.405
"Tenant 5 [Tier 4] Free-Tier Bulk Flood","PutLarge",1,0,225.586,221.195,4.388
"Tenant 5 [Tier 4] Free-Tier Bulk Flood","ListBucket",1,0,226.929,222.623,4.301
"Tenant 5 [Tier 4] Free-Tier Bulk Flood","ListBucket",1,0,226.583,222.050,4.529
"Tenant 5 [Tier 4] Free-Tier Bulk Flood","PutLarge",1,0,227.640,222.999,4.638
"Tenant 5 [Tier 4] Free-Tier Bulk Flood","ListBucket",1,0,227.003,222.468,4.525
"Tenant 5 [Tier 4] Free-Tier Bulk Flood","PutLarge",1,0,227.105,222.421,4.676
"Tenant 5 [Tier 4] Free-Tier Bulk Flood","PutLarge",1,0,225.634,221.211,4.419
"Tenant 5 [Tier 4] Free-Tier Bulk Flood","PutLarge",1,0,222.568,218.193,4.370
"Tenant 5 [Tier 4] Free-Tier Bulk Flood","ListBucket",1,0,226.870,222.186,4.674
"Tenant 5 [Tier 4] Free-Tier Bulk Flood","PutLarge",1,0,227.238,222.769,4.458
"Tenant 5 [Tier 4] Free-Tier Bulk Flood","PutLarge",1,0,226.022,221.729,4.278
"Tenant 5 [Tier 4] Free-Tier Bulk Flood","ListBucket",1,0,226.235,221.585,4.639
"Tenant 5 [Tier 4] Free-Tier Bulk Flood","PutLarge",1,0,224.127,219.762,4.359
"Tenant 5 [Tier 4] Free-Tier Bulk Flood","PutLarge",1,0,225.017,220.652,4.352
"Tenant 5 [Tier 4] Free-Tier Bulk Flood","ListBucket",1,0,224.421,220.077,4.340
"Tenant 5 [Tier 4] Free-Tier Bulk Flood","ListBucket",1,0,224.418,220.036,4.359
"Tenant 5 [Tier 4] Free-Tier Bulk Flood","PutLarge",1,0,224.694,220.119,4.563
"Tenant 5 [Tier 4] Free-Tier Bulk Flood","PutLarge",1,0,224.389,219.962,4.409
"Tenant 5 [Tier 4] Free-Tier Bulk Flood","PutLarge",1,0,224.788,220.391,4.392
"Tenant 5 [Tier 4] Free-Tier Bulk Flood","PutLarge",1,0,226.055,221.416,4.636
"Tenant 5 [Tier 4] Free-Tier Bulk Flood","ListBucket",1,0,224.889,220.266,4.616
"Tenant 5 [Tier 4] Free-Tier Bulk Flood","PutLarge",1,0,227.678,222.977,4.694
"Tenant 5 [Tier 4] Free-Tier Bulk Flood","PutLarge",1,0,224.690,220.194,4.491
"Tenant 5 [Tier 4] Free-Tier Bulk Flood","PutLarge",1,0,225.225,220.692,4.527
"Tenant 5 [Tier 4] Free-Tier Bulk Flood","PutLarge",1,0,225.551,220.852,4.695
"Tenant 5 [Tier 4] Free-Tier Bulk Flood","ListBucket",1,0,224.918,220.586,4.300
"Tenant 5 [Tier 4] Free-Tier Bulk Flood","ListBucket",1,0,225.134,220.594,4.538
"Tenant 5 [Tier 4] Free-Tier Bulk Flood","ListBucket",1,0,224.691,220.181,4.507
"Tenant 5 [Tier 4] Free-Tier Bulk Flood","PutLarge",1,0,225.509,221.182,4.292
"Tenant 5 [Tier 4] Free-Tier Bulk Flood","PutLarge",1,0,224.977,220.345,4.623
"Tenant 5 [Tier 4] Free-Tier Bulk Flood","PutLarge",1,0,225.882,221.303,4.574
"Tenant 5 [Tier 4] Free-Tier Bulk Flood","ListBucket",1,0,225.435,220.981,4.421
"Tenant 5 [Tier 4] Free-Tier Bulk Flood","PutLarge",1,0,224.651,219.930,4.689
"Tenant 5 [Tier 4] Free-Tier Bulk Flood","ListBucket",1,0,224.620,219.867,4.722
"Tenant 5 [Tier 4] Free-Tier Bulk Flood","ListBucket",1,0,224.423,219.737,4.660
"Tenant 5 [Tier 4] Free-Tier Bulk Flood","PutLarge",1,0,224.078,219.790,4.285
"Tenant 5 [Tier 4] Free-Tier Bulk Flood","ListBucket",1,0,224.003,219.430,4.559
"Tenant 5 [Tier 4] Free-Tier Bulk Flood","PutLarge",1,0,224.178,219.709,4.466
"Tenant 5 [Tier 4] Free-Tier Bulk Flood","ListBucket",1,0,224.054,219.510,4.541
"Tenant 5 [Tier 4] Free-Tier Bulk Flood","PutLarge",1,0,224.214,219.817,4.392
"Tenant 5 [Tier 4] Free-Tier Bulk Flood","PutLarge",1,0,226.425,221.794,4.622
"Tenant 5 [Tier 4] Free-Tier Bulk Flood","PutLarge",1,0,224.044,219.477,4.557
"Tenant 5 [Tier 4] Free-Tier Bulk Flood","PutLarge",1,0,223.588,218.951,4.604
"Tenant 5 [Tier 4] Free-Tier Bulk Flood","PutLarge",1,0,224.131,219.695,4.431
"Tenant 5 [Tier 4] Free-Tier Bulk Flood","PutLarge",1,0,223.722,219.182,4.530
"Tenant 5 [Tier 4] Free-Tier Bulk Flood","PutLarge",1,0,223.722,219.222,4.480
"Tenant 5 [Tier 4] Free-Tier Bulk Flood","PutLarge",1,0,224.938,220.218,4.680
"Tenant 5 [Tier 4] Free-Tier Bulk Flood","PutLarge",1,0,223.876,219.390,4.451
"Tenant 5 [Tier 4] Free-Tier Bulk Flood","PutLarge",1,0,225.002,220.507,4.489
"Tenant 5 [Tier 4] Free-Tier Bulk Flood","PutLarge",1,0,226.421,222.033,4.375
"Tenant 5 [Tier 4] Free-Tier Bulk Flood","ListBucket",1,0,223.788,219.282,4.499
"Tenant 5 [Tier 4] Free-Tier Bulk Flood","ListBucket",1,0,223.529,219.199,4.294
"Tenant 5 [Tier 4] Free-Tier Bulk Flood","PutLarge",1,0,225.051,220.539,4.506
"Tenant 5 [Tier 4] Free-Tier Bulk Flood","PutLarge",1,0,223.608,219.300,4.291
"Tenant 5 [Tier 4] Free-Tier Bulk Flood","ListBucket",1,0,225.097,220.696,4.367
"Tenant 5 [Tier 4] Free-Tier Bulk Flood","PutLarge",1,0,223.787,219.153,4.584
"Tenant 5 [Tier 4] Free-Tier Bulk Flood","PutLarge",1,0,224.362,219.714,4.640
"Tenant 5 [Tier 4] Free-Tier Bulk Flood","PutLarge",1,0,225.245,220.908,4.333
"Tenant 5 [Tier 4] Free-Tier Bulk Flood","PutLarge",1,0,224.604,220.167,4.402
"Tenant 5 [Tier 4] Free-Tier Bulk Flood","ListBucket",1,0,225.221,220.617,4.597
"Tenant 5 [Tier 4] Free-Tier Bulk Flood","PutLarge",1,0,226.133,221.554,4.565
"Tenant 5 [Tier 4] Free-Tier Bulk Flood","ListBucket",1,0,224.948,220.523,4.413
"Tenant 5 [Tier 4] Free-Tier Bulk Flood","PutLarge",1,0,225.991,220.558,4.710
"Tenant 5 [Tier 4] Free-Tier Bulk Flood","PutLarge",1,0,225.946,221.578,4.361
"Tenant 5 [Tier 4] Free-Tier Bulk Flood","ListBucket",1,0,225.997,221.617,4.365
"Tenant 5 [Tier 4] Free-Tier Bulk Flood","PutLarge",1,0,225.117,220.745,4.353
"Tenant 5 [Tier 4] Free-Tier Bulk Flood","PutLarge",1,0,226.587,222.063,4.513
"Tenant 5 [Tier 4] Free-Tier Bulk Flood","PutLarge",1,0,226.726,222.052,4.660
"Tenant 5 [Tier 4] Free-Tier Bulk Flood","PutLarge",1,0,225.699,221.244,4.442
"Tenant 5 [Tier 4] Free-Tier Bulk Flood","ListBucket",1,0,227.105,222.642,4.459
"Tenant 5 [Tier 4] Free-Tier Bulk Flood","PutLarge",1,0,226.691,222.080,4.599
"Tenant 5 [Tier 4] Free-Tier Bulk Flood","PutLarge",1,0,227.201,222.494,4.698
"Tenant 5 [Tier 4] Free-Tier Bulk Flood","PutLarge",1,0,226.075,221.491,4.580
"Tenant 5 [Tier 4] Free-Tier Bulk Flood","ListBucket",1,0,226.598,222.185,4.404
"Tenant 5 [Tier 4] Free-Tier Bulk Flood","ListBucket",1,0,226.516,222.188,4.322
"Tenant 5 [Tier 4] Free-Tier Bulk Flood","PutLarge",1,0,226.495,221.800,4.690
"Tenant 5 [Tier 4] Free-Tier Bulk Flood","PutLarge",1,0,226.107,221.628,4.475
"Tenant 5 [Tier 4] Free-Tier Bulk Flood","PutLarge",1,0,227.717,223.063,4.645
"Tenant 5 [Tier 4] Free-Tier Bulk Flood","PutLarge",1,0,226.851,222.558,4.286
"Tenant 5 [Tier 4] Free-Tier Bulk Flood","PutLarge",1,0,227.633,222.922,4.706
"Tenant 5 [Tier 4] Free-Tier Bulk Flood","ListBucket",1,0,227.638,223.243,4.388
"Tenant 5 [Tier 4] Free-Tier Bulk Flood","PutLarge",1,0,227.908,223.336,4.564
"Tenant 5 [Tier 4] Free-Tier Bulk Flood","PutLarge",1,0,227.427,223.099,4.308
"Tenant 5 [Tier 4] Free-Tier Bulk Flood","PutLarge",1,0,227.565,223.089,4.468
"Tenant 5 [Tier 4] Free-Tier Bulk Flood","PutLarge",1,0,226.711,222.409,4.295
"Tenant 5 [Tier 4] Free-Tier Bulk Flood","ListBucket",1,0,227.913,223.394,4.509
"Tenant 5 [Tier 4] Free-Tier Bulk Flood","PutLarge",1,0,229.583,224.896,4.684
"Tenant 5 [Tier 4] Free-Tier Bulk Flood","PutLarge",1,0,226.188,221.676,4.504
"Tenant 5 [Tier 4] Free-Tier Bulk Flood","PutLarge",1,0,222.039,217.743,4.291
"Tenant 5 [Tier 4] Free-Tier Bulk Flood","PutLarge",1,0,223.201,218.709,4.488
"Tenant 5 [Tier 4] Free-Tier Bulk Flood","PutLarge",1,0,222.179,217.621,4.550
"Tenant 5 [Tier 4] Free-Tier Bulk Flood","PutLarge",1,0,220.540,216.076,4.446
"Tenant 5 [Tier 4] Free-Tier Bulk Flood","ListBucket",1,0,220.562,216.196,4.363
"Tenant 5 [Tier 4] Free-Tier Bulk Flood","PutLarge",1,0,218.803,214.289,4.508
"Tenant 5 [Tier 4] Free-Tier Bulk Flood","PutLarge",1,0,219.307,214.862,4.438
"Tenant 5 [Tier 4] Free-Tier Bulk Flood","ListBucket",1,0,219.282,214.645,4.632
"Tenant 5 [Tier 4] Free-Tier Bulk Flood","ListBucket",1,0,218.705,214.078,4.619
"Tenant 5 [Tier 4] Free-Tier Bulk Flood","PutLarge",1,0,219.579,214.849,4.723
"Tenant 5 [Tier 4] Free-Tier Bulk Flood","PutLarge",1,0,219.406,215.084,4.305
"Tenant 5 [Tier 4] Free-Tier Bulk Flood","ListBucket",1,0,218.138,213.487,4.636
"Tenant 5 [Tier 4] Free-Tier Bulk Flood","PutLarge",1,0,219.363,214.790,4.562
"Tenant 5 [Tier 4] Free-Tier Bulk Flood","ListBucket",1,0,218.613,213.896,4.711
"Tenant 5 [Tier 4] Free-Tier Bulk Flood","PutLarge",1,0,219.491,214.872,4.579
"Tenant 5 [Tier 4] Free-Tier Bulk Flood","ListBucket",1,0,218.344,213.943,4.393
"Tenant 5 [Tier 4] Free-Tier Bulk Flood","ListBucket",1,0,217.576,213.218,4.353
"Tenant 5 [Tier 4] Free-Tier Bulk Flood","PutLarge",1,0,217.998,213.628,4.355
"Tenant 5 [Tier 4] Free-Tier Bulk Flood","PutLarge",1,0,218.094,213.478,4.599
"Tenant 5 [Tier 4] Free-Tier Bulk Flood","ListBucket",1,0,218.118,213.508,4.605
"Tenant 5 [Tier 4] Free-Tier Bulk Flood","ListBucket",1,0,215.955,211.646,4.286
"Tenant 5 [Tier 4] Free-Tier Bulk Flood","PutLarge",1,0,218.090,213.762,4.302
"Tenant 5 [Tier 4] Free-Tier Bulk Flood","PutLarge",1,0,217.930,213.507,4.409
"Tenant 5 [Tier 4] Free-Tier Bulk Flood","PutLarge",1,0,218.630,214.249,4.342
"Tenant 5 [Tier 4] Free-Tier Bulk Flood","ListBucket",1,0,217.621,213.304,4.282
"Tenant 5 [Tier 4] Free-Tier Bulk Flood","PutLarge",1,0,217.883,213.272,4.575
"Tenant 5 [Tier 4] Free-Tier Bulk Flood","PutLarge",1,0,217.861,213.278,4.555
"Tenant 5 [Tier 4] Free-Tier Bulk Flood","PutLarge",1,0,218.915,214.584,4.326
"Tenant 5 [Tier 4] Free-Tier Bulk Flood","ListBucket",1,0,218.516,213.842,4.669
"Tenant 5 [Tier 4] Free-Tier Bulk Flood","ListBucket",1,0,218.632,214.017,4.609
"Tenant 5 [Tier 4] Free-Tier Bulk Flood","PutLarge",1,0,218.390,214.019,4.367
"Tenant 5 [Tier 4] Free-Tier Bulk Flood","ListBucket",1,0,218.403,213.903,4.494
"Tenant 5 [Tier 4] Free-Tier Bulk Flood","ListBucket",1,0,218.519,214.055,4.460
"Tenant 5 [Tier 4] Free-Tier Bulk Flood","PutLarge",1,0,218.178,213.828,4.338
"Tenant 5 [Tier 4] Free-Tier Bulk Flood","PutLarge",1,0,218.080,213.467,4.606
"Tenant 5 [Tier 4] Free-Tier Bulk Flood","PutLarge",1,0,218.335,213.750,4.570
"Tenant 5 [Tier 4] Free-Tier Bulk Flood","PutLarge",1,0,218.020,213.538,4.464
"Tenant 5 [Tier 4] Free-Tier Bulk Flood","PutLarge",1,0,217.588,213.055,4.526
"Tenant 5 [Tier 4] Free-Tier Bulk Flood","PutLarge",1,0,218.353,213.642,4.704
"Tenant 5 [Tier 4] Free-Tier Bulk Flood","PutLarge",1,0,218.766,214.089,4.667
"Tenant 5 [Tier 4] Free-Tier Bulk Flood","PutLarge",1,0,217.441,212.742,4.666
"Tenant 5 [Tier 4] Free-Tier Bulk Flood","ListBucket",1,0,218.819,214.289,4.523
"Tenant 5 [Tier 4] Free-Tier Bulk Flood","PutLarge",1,0,218.758,214.290,4.463
"Tenant 5 [Tier 4] Free-Tier Bulk Flood","PutLarge",1,0,219.075,214.506,4.545
"Tenant 5 [Tier 4] Free-Tier Bulk Flood","PutLarge",1,0,219.052,214.470,4.576
"Tenant 5 [Tier 4] Free-Tier Bulk Flood","PutLarge",1,0,219.256,214.752,4.501
"Tenant 5 [Tier 4] Free-Tier Bulk Flood","PutLarge",1,0,219.203,214.620,4.577
"Tenant 5 [Tier 4] Free-Tier Bulk Flood","ListBucket",1,0,219.134,214.616,4.503
"Tenant 5 [Tier 4] Free-Tier Bulk Flood","PutLarge",1,0,218.882,214.539,4.334
"Tenant 5 [Tier 4] Free-Tier Bulk Flood","PutLarge",1,0,218.318,213.636,4.675
"Tenant 5 [Tier 4] Free-Tier Bulk Flood","PutLarge",1,0,218.560,214.275,4.275
"Tenant 5 [Tier 4] Free-Tier Bulk Flood","PutLarge",1,0,219.460,214.852,4.601
"Tenant 5 [Tier 4] Free-Tier Bulk Flood","PutLarge",1,0,218.201,213.778,4.413
"Tenant 5 [Tier 4] Free-Tier Bulk Flood","PutLarge",1,0,219.406,214.989,4.408
"Tenant 5 [Tier 4] Free-Tier Bulk Flood","PutLarge",1,0,218.983,214.370,4.606
"Tenant 5 [Tier 4] Free-Tier Bulk Flood","ListBucket",1,0,218.764,214.368,4.391
"Tenant 5 [Tier 4] Free-Tier Bulk Flood","PutLarge",1,0,218.910,214.610,4.281
"Tenant 5 [Tier 4] Free-Tier Bulk Flood","ListBucket",1,0,219.369,214.779,4.585
"Tenant 5 [Tier 4] Free-Tier Bulk Flood","PutLarge",1,0,219.118,214.530,4.567
"Tenant 5 [Tier 4] Free-Tier Bulk Flood","PutLarge",1,0,217.620,213.163,4.441
"Tenant 5 [Tier 4] Free-Tier Bulk Flood","PutLarge",1,0,219.249,214.648,4.598
"Tenant 5 [Tier 4] Free-Tier Bulk Flood","PutLarge",1,0,219.575,214.926,4.642
"Tenant 5 [Tier 4] Free-Tier Bulk Flood","ListBucket",1,0,219.385,214.917,4.462
"Tenant 5 [Tier 4] Free-Tier Bulk Flood","ListBucket",1,0,218.335,213.741,4.586
"Tenant 5 [Tier 4] Free-Tier Bulk Flood","PutLarge",1,0,218.533,213.814,4.713
"Tenant 5 [Tier 4] Free-Tier Bulk Flood","ListBucket",1,0,217.816,213.413,4.391
"Tenant 5 [Tier 4] Free-Tier Bulk Flood","PutLarge",1,0,219.100,214.554,4.542
"Tenant 5 [Tier 4] Free-Tier Bulk Flood","PutLarge",1,0,220.010,215.484,4.514
"Tenant 5 [Tier 4] Free-Tier Bulk Flood","ListBucket",1,0,220.107,215.463,4.640
"Tenant 5 [Tier 4] Free-Tier Bulk Flood","PutLarge",1,0,219.642,215.053,4.584
"Tenant 5 [Tier 4] Free-Tier Bulk Flood","PutLarge",1,0,220.978,216.415,4.554
"Tenant 5 [Tier 4] Free-Tier Bulk Flood","PutLarge",1,0,220.589,215.871,4.714
"Tenant 5 [Tier 4] Free-Tier Bulk Flood","PutLarge",1,0,220.589,216.194,4.389
"Tenant 5 [Tier 4] Free-Tier Bulk Flood","PutLarge",1,0,220.537,215.886,4.648
"Tenant 5 [Tier 4] Free-Tier Bulk Flood","ListBucket",1,0,219.350,214.831,4.505
"Tenant 5 [Tier 4] Free-Tier Bulk Flood","PutLarge",1,0,219.023,214.600,4.418
"Tenant 5 [Tier 4] Free-Tier Bulk Flood","PutLarge",1,0,220.846,216.433,4.407
"Tenant 5 [Tier 4] Free-Tier Bulk Flood","ListBucket",1,0,221.052,216.751,4.290
"Tenant 5 [Tier 4] Free-Tier Bulk Flood","ListBucket",1,0,222.403,217.874,4.523
"Tenant 5 [Tier 4] Free-Tier Bulk Flood","ListBucket",1,0,227.023,222.343,4.674
"Tenant 5 [Tier 4] Free-Tier Bulk Flood","PutLarge",1,0,226.706,222.295,4.407
"Tenant 5 [Tier 4] Free-Tier Bulk Flood","PutLarge",1,0,226.980,222.495,4.476
"Tenant 5 [Tier 4] Free-Tier Bulk Flood","PutLarge",1,0,227.287,222.990,4.291
"Tenant 5 [Tier 4] Free-Tier Bulk Flood","PutLarge",1,0,226.334,221.642,4.684
"Tenant 5 [Tier 4] Free-Tier Bulk Flood","PutLarge",1,0,227.460,222.886,4.551
"Tenant 5 [Tier 4] Free-Tier Bulk Flood","PutLarge",1,0,226.619,222.130,4.476
"Tenant 5 [Tier 4] Free-Tier Bulk Flood","ListBucket",1,0,227.206,222.597,4.598
"Tenant 5 [Tier 4] Free-Tier Bulk Flood","PutLarge",1,0,226.769,222.325,4.435
"Tenant 5 [Tier 4] Free-Tier Bulk Flood","PutLarge",1,0,227.603,223.243,4.353
"Tenant 5 [Tier 4] Free-Tier Bulk Flood","PutLarge",1,0,227.122,222.811,4.296
"Tenant 5 [Tier 4] Free-Tier Bulk Flood","PutLarge",1,0,226.848,222.503,4.338
"Tenant 5 [Tier 4] Free-Tier Bulk Flood","PutLarge",1,0,227.581,222.855,4.721
"Tenant 5 [Tier 4] Free-Tier Bulk Flood","PutLarge",1,0,227.869,223.249,4.616
"Tenant 5 [Tier 4] Free-Tier Bulk Flood","ListBucket",1,0,227.441,222.841,4.566
"Tenant 5 [Tier 4] Free-Tier Bulk Flood","PutLarge",1,0,227.642,223.272,4.321
"Tenant 5 [Tier 4] Free-Tier Bulk Flood","PutLarge",1,0,228.262,223.688,4.541
"Tenant 5 [Tier 4] Free-Tier Bulk Flood","PutLarge",1,0,228.380,224.054,4.313
"Tenant 5 [Tier 4] Free-Tier Bulk Flood","PutLarge",1,0,229.015,224.301,4.696
"Tenant 5 [Tier 4] Free-Tier Bulk Flood","PutLarge",1,0,228.141,223.755,4.382
"Tenant 5 [Tier 4] Free-Tier Bulk Flood","PutLarge",1,0,229.010,224.413,4.592
"Tenant 5 [Tier 4] Free-Tier Bulk Flood","PutLarge",1,0,228.841,224.281,4.548
"Tenant 5 [Tier 4] Free-Tier Bulk Flood","ListBucket",1,0,231.109,226.495,4.601
"Tenant 5 [Tier 4] Free-Tier Bulk Flood","PutLarge",1,0,228.971,224.419,4.541
"Tenant 5 [Tier 4] Free-Tier Bulk Flood","ListBucket",1,0,228.823,224.119,4.701
"Tenant 5 [Tier 4] Free-Tier Bulk Flood","PutLarge",1,0,229.321,224.666,4.636
"Tenant 5 [Tier 4] Free-Tier Bulk Flood","PutLarge",1,0,229.512,224.834,4.666
"Tenant 5 [Tier 4] Free-Tier Bulk Flood","PutLarge",1,0,229.369,224.730,4.608
"Tenant 5 [Tier 4] Free-Tier Bulk Flood","PutLarge",1,0,228.945,224.374,4.559
"Tenant 5 [Tier 4] Free-Tier Bulk Flood","PutLarge",1,0,229.404,224.691,4.704
"Tenant 5 [Tier 4] Free-Tier Bulk Flood","PutLarge",1,0,229.324,224.760,4.552
"Tenant 5 [Tier 4] Free-Tier Bulk Flood","PutLarge",1,0,229.769,225.054,4.697
"Tenant 5 [Tier 4] Free-Tier Bulk Flood","PutLarge",1,0,229.710,225.224,4.472
"Tenant 5 [Tier 4] Free-Tier Bulk Flood","PutLarge",1,0,229.953,225.348,4.600
"Tenant 5 [Tier 4] Free-Tier Bulk Flood","PutLarge",1,0,231.312,226.559,4.720
"Tenant 5 [Tier 4] Free-Tier Bulk Flood","PutLarge",1,0,230.660,226.341,4.288
"Tenant 5 [Tier 4] Free-Tier Bulk Flood","PutLarge",1,0,230.615,225.962,4.619
"Tenant 5 [Tier 4] Free-Tier Bulk Flood","ListBucket",1,0,230.616,226.170,4.435
"Tenant 5 [Tier 4] Free-Tier Bulk Flood","PutLarge",1,0,230.551,226.103,4.440
"Tenant 5 [Tier 4] Free-Tier Bulk Flood","PutLarge",1,0,229.115,224.740,4.363
"Tenant 5 [Tier 4] Free-Tier Bulk Flood","PutLarge",1,0,229.304,224.904,4.395
"Tenant 5 [Tier 4] Free-Tier Bulk Flood","PutLarge",1,0,231.040,226.652,4.366
"Tenant 5 [Tier 4] Free-Tier Bulk Flood","ListBucket",1,0,228.107,223.614,4.489
"Tenant 5 [Tier 4] Free-Tier Bulk Flood","PutLarge",1,0,230.798,226.393,4.394
"Tenant 5 [Tier 4] Free-Tier Bulk Flood","PutLarge",1,0,230.339,225.916,4.420
"Tenant 5 [Tier 4] Free-Tier Bulk Flood","PutLarge",1,0,229.594,225.009,4.577
"Tenant 5 [Tier 4] Free-Tier Bulk Flood","ListBucket",1,0,230.448,225.710,4.717
"Tenant 5 [Tier 4] Free-Tier Bulk Flood","ListBucket",1,0,229.525,224.930,4.580
"Tenant 5 [Tier 4] Free-Tier Bulk Flood","PutLarge",1,0,230.097,225.615,4.467
"Tenant 5 [Tier 4] Free-Tier Bulk Flood","PutLarge",1,0,229.588,225.171,4.410
"Tenant 5 [Tier 4] Free-Tier Bulk Flood","PutLarge",1,0,229.755,225.402,4.341
"Tenant 5 [Tier 4] Free-Tier Bulk Flood","ListBucket",1,0,229.923,225.318,4.592
"Tenant 5 [Tier 4] Free-Tier Bulk Flood","PutLarge",1,0,229.862,225.557,4.299
"Tenant 5 [Tier 4] Free-Tier Bulk Flood","ListBucket",1,0,230.237,225.641,4.592
"Tenant 5 [Tier 4] Free-Tier Bulk Flood","ListBucket",1,0,228.922,224.591,4.313
"Tenant 5 [Tier 4] Free-Tier Bulk Flood","PutLarge",1,0,228.775,224.419,4.342
"Tenant 5 [Tier 4] Free-Tier Bulk Flood","PutLarge",1,0,230.435,225.831,4.602
"Tenant 5 [Tier 4] Free-Tier Bulk Flood","PutLarge",1,0,230.016,225.643,4.354
"Tenant 5 [Tier 4] Free-Tier Bulk Flood","ListBucket",1,0,229.234,224.696,4.526
"Tenant 5 [Tier 4] Free-Tier Bulk Flood","PutLarge",1,0,228.383,224.002,4.377
"Tenant 5 [Tier 4] Free-Tier Bulk Flood","ListBucket",1,0,229.523,224.791,4.716
"Tenant 5 [Tier 4] Free-Tier Bulk Flood","PutLarge",1,0,229.312,224.772,4.532
"Tenant 5 [Tier 4] Free-Tier Bulk Flood","PutLarge",1,0,229.753,225.426,4.317
"Tenant 5 [Tier 4] Free-Tier Bulk Flood","ListBucket",1,0,228.894,224.537,4.345
"Tenant 5 [Tier 4] Free-Tier Bulk Flood","ListBucket",1,0,229.034,224.684,4.346
"Tenant 5 [Tier 4] Free-Tier Bulk Flood","PutLarge",1,0,229.549,225.014,4.528
"Tenant 5 [Tier 4] Free-Tier Bulk Flood","ListBucket",1,0,230.335,225.908,4.417
"Tenant 5 [Tier 4] Free-Tier Bulk Flood","PutLarge",1,0,229.459,224.973,4.479
"Tenant 5 [Tier 4] Free-Tier Bulk Flood","ListBucket",1,0,229.989,225.557,4.427
"Tenant 5 [Tier 4] Free-Tier Bulk Flood","PutLarge",1,0,229.982,225.530,4.447
"Tenant 5 [Tier 4] Free-Tier Bulk Flood","PutLarge",1,0,230.093,225.804,4.285
"Tenant 5 [Tier 4] Free-Tier Bulk Flood","ListBucket",1,0,229.983,225.520,4.457
"Tenant 5 [Tier 4] Free-Tier Bulk Flood","PutLarge",1,0,230.253,225.660,4.582
"Tenant 5 [Tier 4] Free-Tier Bulk Flood","PutLarge",1,0,229.133,224.825,4.304
"Tenant 5 [Tier 4] Free-Tier Bulk Flood","ListBucket",1,0,230.556,226.255,4.293
"Tenant 5 [Tier 4] Free-Tier Bulk Flood","PutLarge",1,0,231.177,226.481,4.692
"Tenant 5 [Tier 4] Free-Tier Bulk Flood","PutLarge",1,0,228.830,224.298,4.529
"Tenant 5 [Tier 4] Free-Tier Bulk Flood","PutLarge",1,0,229.032,224.410,4.619
"Tenant 5 [Tier 4] Free-Tier Bulk Flood","PutLarge",1,0,228.245,223.853,4.386
"Tenant 5 [Tier 4] Free-Tier Bulk Flood","PutLarge",1,0,226.513,221.880,4.626
"Tenant 5 [Tier 4] Free-Tier Bulk Flood","ListBucket",1,0,223.223,218.759,4.458
"Tenant 5 [Tier 4] Free-Tier Bulk Flood","ListBucket",1,0,223.751,219.404,4.344
"Tenant 5 [Tier 4] Free-Tier Bulk Flood","PutLarge",1,0,223.231,218.640,4.587
"Tenant 5 [Tier 4] Free-Tier Bulk Flood","PutLarge",1,0,222.641,218.034,4.596
"Tenant 5 [Tier 4] Free-Tier Bulk Flood","PutLarge",1,0,222.975,218.430,4.542
"Tenant 5 [Tier 4] Free-Tier Bulk Flood","ListBucket",1,0,222.029,217.506,4.514
"Tenant 5 [Tier 4] Free-Tier Bulk Flood","ListBucket",1,0,222.716,218.188,4.514
"Tenant 5 [Tier 4] Free-Tier Bulk Flood","ListBucket",1,0,221.785,217.373,4.404
"Tenant 5 [Tier 4] Free-Tier Bulk Flood","PutLarge",1,0,222.793,218.094,4.652
"Tenant 5 [Tier 4] Free-Tier Bulk Flood","PutLarge",1,0,221.874,217.420,4.450
"Tenant 5 [Tier 4] Free-Tier Bulk Flood","ListBucket",1,0,222.037,217.348,4.685
"Tenant 5 [Tier 4] Free-Tier Bulk Flood","PutLarge",1,0,221.834,217.516,4.312
"Tenant 5 [Tier 4] Free-Tier Bulk Flood","ListBucket",1,0,220.928,216.528,4.397
"Tenant 5 [Tier 4] Free-Tier Bulk Flood","ListBucket",1,0,220.262,215.945,4.304
"Tenant 5 [Tier 4] Free-Tier Bulk Flood","PutLarge",1,0,220.931,216.346,4.574
"Tenant 5 [Tier 4] Free-Tier Bulk Flood","PutLarge",1,0,220.562,215.887,4.667
"Tenant 5 [Tier 4] Free-Tier Bulk Flood","PutLarge",1,0,220.657,216.361,4.289
"Tenant 5 [Tier 4] Free-Tier Bulk Flood","PutLarge",1,0,221.546,217.017,4.493
"Tenant 5 [Tier 4] Free-Tier Bulk Flood","PutLarge",1,0,221.370,216.716,4.648
"Tenant 5 [Tier 4] Free-Tier Bulk Flood","PutLarge",1,0,221.665,217.192,4.461
"Tenant 5 [Tier 4] Free-Tier Bulk Flood","ListBucket",1,0,221.411,216.786,4.592
"Tenant 5 [Tier 4] Free-Tier Bulk Flood","PutLarge",1,0,221.185,216.687,4.465
"Tenant 5 [Tier 4] Free-Tier Bulk Flood","PutLarge",1,0,220.868,216.389,4.474
"Tenant 5 [Tier 4] Free-Tier Bulk Flood","PutLarge",1,0,221.267,216.634,4.613
"Tenant 5 [Tier 4] Free-Tier Bulk Flood","ListBucket",1,0,220.607,216.159,4.441
"Tenant 5 [Tier 4] Free-Tier Bulk Flood","PutLarge",1,0,221.197,216.589,4.577
"Tenant 5 [Tier 4] Free-Tier Bulk Flood","PutLarge",1,0,221.725,216.991,4.724
"Tenant 5 [Tier 4] Free-Tier Bulk Flood","PutLarge",1,0,221.258,216.564,4.653
"Tenant 5 [Tier 4] Free-Tier Bulk Flood","ListBucket",1,0,221.492,216.759,4.695
"Tenant 5 [Tier 4] Free-Tier Bulk Flood","PutLarge",1,0,220.913,216.520,4.389
"Tenant 5 [Tier 4] Free-Tier Bulk Flood","ListBucket",1,0,220.885,216.282,4.569
"Tenant 5 [Tier 4] Free-Tier Bulk Flood","ListBucket",1,0,218.705,214.173,4.526
"Tenant 5 [Tier 4] Free-Tier Bulk Flood","PutLarge",1,0,220.858,216.195,4.629
"Tenant 5 [Tier 4] Free-Tier Bulk Flood","PutLarge",1,0,219.622,215.281,4.305
"Tenant 5 [Tier 4] Free-Tier Bulk Flood","PutLarge",1,0,219.667,215.316,4.338
"Tenant 5 [Tier 4] Free-Tier Bulk Flood","PutLarge",1,0,219.871,215.576,4.289
"Tenant 5 [Tier 4] Free-Tier Bulk Flood","ListBucket",1,0,220.151,215.587,4.514
"Tenant 5 [Tier 4] Free-Tier Bulk Flood","PutLarge",1,0,220.119,215.445,4.672
"Tenant 5 [Tier 4] Free-Tier Bulk Flood","ListBucket",1,0,219.407,215.091,4.285
"Tenant 5 [Tier 4] Free-Tier Bulk Flood","ListBucket",1,0,220.035,215.681,4.339
"Tenant 5 [Tier 4] Free-Tier Bulk Flood","ListBucket",1,0,219.634,214.994,4.630
"Tenant 5 [Tier 4] Free-Tier Bulk Flood","PutLarge",1,0,218.580,214.232,4.315
"Tenant 5 [Tier 4] Free-Tier Bulk Flood","PutLarge",1,0,220.786,216.181,4.568
"Tenant 5 [Tier 4] Free-Tier Bulk Flood","PutLarge",1,0,218.644,214.358,4.277
"Tenant 5 [Tier 4] Free-Tier Bulk Flood","PutLarge",1,0,218.411,213.973,4.413
"Tenant 5 [Tier 4] Free-Tier Bulk Flood","PutLarge",1,0,219.434,215.080,4.346
"Tenant 5 [Tier 4] Free-Tier Bulk Flood","PutLarge",1,0,219.304,214.994,4.275
"Tenant 5 [Tier 4] Free-Tier Bulk Flood","PutLarge",1,0,219.619,214.927,4.674
"Tenant 5 [Tier 4] Free-Tier Bulk Flood","PutLarge",1,0,220.644,216.129,4.502
"Tenant 5 [Tier 4] Free-Tier Bulk Flood","PutLarge",1,0,220.976,216.637,4.332
"Tenant 5 [Tier 4] Free-Tier Bulk Flood","ListBucket",1,0,220.404,216.081,4.312
"Tenant 5 [Tier 4] Free-Tier Bulk Flood","PutLarge",1,0,220.737,216.379,4.351
"Tenant 5 [Tier 4] Free-Tier Bulk Flood","ListBucket",1,0,219.086,214.534,4.547
"Tenant 5 [Tier 4] Free-Tier Bulk Flood","ListBucket",1,0,220.530,216.080,4.415
"Tenant 5 [Tier 4] Free-Tier Bulk Flood","PutLarge",1,0,220.822,216.421,4.379
"Tenant 5 [Tier 4] Free-Tier Bulk Flood","PutLarge",1,0,220.739,216.199,4.536
"Tenant 5 [Tier 4] Free-Tier Bulk Flood","PutLarge",1,0,220.747,216.009,4.725
"Tenant 5 [Tier 4] Free-Tier Bulk Flood","PutLarge",1,0,220.536,216.176,4.350
"Tenant 5 [Tier 4] Free-Tier Bulk Flood","PutLarge",1,0,221.507,217.004,4.498
"Tenant 5 [Tier 4] Free-Tier Bulk Flood","PutLarge",1,0,222.084,217.776,4.303
"Tenant 5 [Tier 4] Free-Tier Bulk Flood","PutLarge",1,0,221.394,216.792,4.575
"Tenant 5 [Tier 4] Free-Tier Bulk Flood","PutLarge",1,0,222.813,218.116,4.689
"Tenant 5 [Tier 4] Free-Tier Bulk Flood","PutLarge",1,0,221.632,217.317,4.308
"Tenant 5 [Tier 4] Free-Tier Bulk Flood","PutLarge",1,0,223.627,219.147,4.475
"Tenant 5 [Tier 4] Free-Tier Bulk Flood","ListBucket",1,0,222.507,217.894,4.571
"Tenant 5 [Tier 4] Free-Tier Bulk Flood","PutLarge",1,0,221.828,217.436,4.383
"Tenant 5 [Tier 4] Free-Tier Bulk Flood","PutLarge",1,0,223.438,218.910,4.516
"Tenant 5 [Tier 4] Free-Tier Bulk Flood","PutLarge",1,0,223.890,219.433,4.449
"Tenant 5 [Tier 4] Free-Tier Bulk Flood","PutLarge",1,0,223.352,218.945,4.402
"Tenant 5 [Tier 4] Free-Tier Bulk Flood","PutLarge",1,0,224.684,220.363,4.316
"Tenant 5 [Tier 4] Free-Tier Bulk Flood","PutLarge",1,0,223.969,219.510,4.455
"Tenant 5 [Tier 4] Free-Tier Bulk Flood","ListBucket",1,0,223.578,219.145,4.430
"Tenant 5 [Tier 4] Free-Tier Bulk Flood","PutLarge",1,0,223.268,218.973,4.290
"Tenant 5 [Tier 4] Free-Tier Bulk Flood","ListBucket",1,0,224.286,219.991,4.290
"Tenant 5 [Tier 4] Free-Tier Bulk Flood","ListBucket",1,0,222.840,218.342,4.493
"Tenant 5 [Tier 4] Free-Tier Bulk Flood","PutLarge",1,0,222.732,218.328,4.396
"Tenant 5 [Tier 4] Free-Tier Bulk Flood","PutLarge",1,0,223.985,219.563,4.418
"Tenant 5 [Tier 4] Free-Tier Bulk Flood","ListBucket",1,0,221.720,217.190,4.519
"Tenant 5 [Tier 4] Free-Tier Bulk Flood","PutLarge",1,0,221.637,217.161,4.473
"Tenant 5 [Tier 4] Free-Tier Bulk Flood","PutLarge",1,0,225.951,221.397,4.551
"Tenant 5 [Tier 4] Free-Tier Bulk Flood","PutLarge",1,0,227.122,222.533,4.581
"Tenant 5 [Tier 4] Free-Tier Bulk Flood","PutLarge",1,0,227.270,222.567,4.694
"Tenant 5 [Tier 4] Free-Tier Bulk Flood","PutLarge",1,0,226.371,221.723,4.645
"Tenant 5 [Tier 4] Free-Tier Bulk Flood","ListBucket",1,0,225.604,221.287,4.313
"Tenant 5 [Tier 4] Free-Tier Bulk Flood","ListBucket",1,0,221.203,216.853,4.346
"Tenant 5 [Tier 4] Free-Tier Bulk Flood","PutLarge",1,0,222.139,217.646,4.483
"Tenant 5 [Tier 4] Free-Tier Bulk Flood","PutLarge",1,0,222.801,218.174,4.614
"Tenant 5 [Tier 4] Free-Tier Bulk Flood","PutLarge",1,0,222.861,218.206,4.643
"Tenant 5 [Tier 4] Free-Tier Bulk Flood","PutLarge",1,0,222.709,218.278,4.421
"Tenant 5 [Tier 4] Free-Tier Bulk Flood","ListBucket",1,0,222.744,218.390,4.341
"Tenant 5 [Tier 4] Free-Tier Bulk Flood","PutLarge",1,0,222.694,218.380,4.299
"Tenant 5 [Tier 4] Free-Tier Bulk Flood","PutLarge",1,0,222.828,218.451,4.343
"Tenant 5 [Tier 4] Free-Tier Bulk Flood","PutLarge",1,0,223.612,219.079,4.526
"Tenant 5 [Tier 4] Free-Tier Bulk Flood","PutLarge",1,0,223.476,218.826,4.638
"Tenant 5 [Tier 4] Free-Tier Bulk Flood","ListBucket",1,0,223.370,219.005,4.333
"Tenant 5 [Tier 4] Free-Tier Bulk Flood","ListBucket",1,0,223.133,218.799,4.293
"Tenant 5 [Tier 4] Free-Tier Bulk Flood","PutLarge",1,0,223.090,218.711,4.366
"Tenant 5 [Tier 4] Free-Tier Bulk Flood","PutLarge",1,0,222.554,217.840,4.674
"Tenant 5 [Tier 4] Free-Tier Bulk Flood","ListBucket",1,0,222.008,217.687,4.306
"Tenant 5 [Tier 4] Free-Tier Bulk Flood","PutLarge",1,0,222.715,218.090,4.621
"Tenant 5 [Tier 4] Free-Tier Bulk Flood","PutLarge",1,0,222.853,218.542,4.289
"Tenant 5 [Tier 4] Free-Tier Bulk Flood","ListBucket",1,0,222.946,218.257,4.680
"Tenant 5 [Tier 4] Free-Tier Bulk Flood","PutLarge",1,0,223.241,218.810,4.416
"Tenant 5 [Tier 4] Free-Tier Bulk Flood","ListBucket",1,0,220.762,216.110,4.643
"Tenant 5 [Tier 4] Free-Tier Bulk Flood","PutLarge",1,0,222.710,218.148,4.559
"Tenant 5 [Tier 4] Free-Tier Bulk Flood","ListBucket",1,0,221.713,217.149,4.562
"Tenant 5 [Tier 4] Free-Tier Bulk Flood","PutLarge",1,0,221.262,216.900,4.351
"Tenant 5 [Tier 4] Free-Tier Bulk Flood","ListBucket",1,0,221.595,217.012,4.574
"Tenant 5 [Tier 4] Free-Tier Bulk Flood","ListBucket",1,0,221.368,216.924,4.408
"Tenant 5 [Tier 4] Free-Tier Bulk Flood","PutLarge",1,0,221.673,217.204,4.446
"Tenant 5 [Tier 4] Free-Tier Bulk Flood","PutLarge",1,0,221.786,217.434,4.339
"Tenant 5 [Tier 4] Free-Tier Bulk Flood","ListBucket",1,0,221.674,217.021,4.623
"Tenant 5 [Tier 4] Free-Tier Bulk Flood","PutLarge",1,0,221.849,217.157,4.673
"Tenant 5 [Tier 4] Free-Tier Bulk Flood","ListBucket",1,0,222.548,218.105,4.438
"Tenant 5 [Tier 4] Free-Tier Bulk Flood","ListBucket",1,0,220.857,216.574,4.278
"Tenant 5 [Tier 4] Free-Tier Bulk Flood","PutLarge",1,0,221.418,216.749,4.661
"Tenant 5 [Tier 4] Free-Tier Bulk Flood","ListBucket",1,0,221.158,216.479,4.668
"Tenant 5 [Tier 4] Free-Tier Bulk Flood","PutLarge",1,0,221.434,216.738,4.686
"Tenant 5 [Tier 4] Free-Tier Bulk Flood","PutLarge",1,0,221.845,217.421,4.417
"Tenant 5 [Tier 4] Free-Tier Bulk Flood","ListBucket",1,0,221.647,217.181,4.454
"Tenant 5 [Tier 4] Free-Tier Bulk Flood","PutLarge",1,0,221.689,217.211,4.471
"Tenant 5 [Tier 4] Free-Tier Bulk Flood","PutLarge",1,0,221.965,217.566,4.378
"Tenant 5 [Tier 4] Free-Tier Bulk Flood","ListBucket",1,0,219.847,215.260,4.571
"Tenant 5 [Tier 4] Free-Tier Bulk Flood","PutLarge",1,0,221.840,217.326,4.510
"Tenant 5 [Tier 4] Free-Tier Bulk Flood","PutLarge",1,0,222.790,218.168,4.619
"Tenant 5 [Tier 4] Free-Tier Bulk Flood","PutLarge",1,0,221.655,217.325,4.325
"Tenant 5 [Tier 4] Free-Tier Bulk Flood","PutLarge",1,0,221.835,217.308,4.514
"Tenant 5 [Tier 4] Free-Tier Bulk Flood","ListBucket",1,0,221.600,216.892,4.675
"Tenant 5 [Tier 4] Free-Tier Bulk Flood","PutLarge",1,0,221.720,217.327,4.381
"Tenant 5 [Tier 4] Free-Tier Bulk Flood","PutLarge",1,0,221.738,217.070,4.665
"Tenant 5 [Tier 4] Free-Tier Bulk Flood","ListBucket",1,0,222.114,217.644,4.456
"Tenant 5 [Tier 4] Free-Tier Bulk Flood","ListBucket",1,0,221.259,216.934,4.293
"Tenant 5 [Tier 4] Free-Tier Bulk Flood","ListBucket",1,0,221.805,217.491,4.278
"Tenant 5 [Tier 4] Free-Tier Bulk Flood","ListBucket",1,0,220.094,215.713,4.377
"Tenant 5 [Tier 4] Free-Tier Bulk Flood","PutLarge",1,0,220.957,216.632,4.320
"Tenant 5 [Tier 4] Free-Tier Bulk Flood","PutLarge",1,0,222.458,218.035,4.419
"Tenant 5 [Tier 4] Free-Tier Bulk Flood","ListBucket",1,0,220.859,216.562,4.294
"Tenant 5 [Tier 4] Free-Tier Bulk Flood","ListBucket",1,0,221.328,216.701,4.621
"Tenant 5 [Tier 4] Free-Tier Bulk Flood","PutLarge",1,0,219.860,215.552,4.293
"Tenant 5 [Tier 4] Free-Tier Bulk Flood","ListBucket",1,0,220.462,215.790,4.663
"Tenant 5 [Tier 4] Free-Tier Bulk Flood","ListBucket",1,0,220.921,216.226,4.679
"Tenant 5 [Tier 4] Free-Tier Bulk Flood","PutLarge",1,0,219.312,214.763,4.543
"Tenant 5 [Tier 4] Free-Tier Bulk Flood","PutLarge",1,0,219.308,214.680,4.623
"Tenant 5 [Tier 4] Free-Tier Bulk Flood","ListBucket",1,0,219.118,214.733,4.371
"Tenant 5 [Tier 4] Free-Tier Bulk Flood","ListBucket",1,0,220.052,215.668,4.379
"Tenant 5 [Tier 4] Free-Tier Bulk Flood","ListBucket",1,0,219.412,214.748,4.659
"Tenant 5 [Tier 4] Free-Tier Bulk Flood","PutLarge",1,0,219.551,214.975,4.572
"Tenant 5 [Tier 4] Free-Tier Bulk Flood","PutLarge",1,0,219.046,214.746,4.296
"Tenant 5 [Tier 4] Free-Tier Bulk Flood","PutLarge",1,0,220.602,216.277,4.321
"Tenant 5 [Tier 4] Free-Tier Bulk Flood","PutLarge",1,0,220.706,216.372,4.332
"Tenant 5 [Tier 4] Free-Tier Bulk Flood","PutLarge",1,0,221.729,217.119,4.604
"Tenant 5 [Tier 4] Free-Tier Bulk Flood","ListBucket",1,0,221.919,217.340,4.574
"Tenant 5 [Tier 4] Free-Tier Bulk Flood","PutLarge",1,0,220.336,215.668,4.660
"Tenant 5 [Tier 4] Free-Tier Bulk Flood","PutLarge",1,0,219.394,214.655,4.725
"Tenant 5 [Tier 4] Free-Tier Bulk Flood","PutLarge",1,0,219.558,214.877,4.677
"Tenant 5 [Tier 4] Free-Tier Bulk Flood","ListBucket",1,0,218.789,214.411,4.366
"Tenant 5 [Tier 4] Free-Tier Bulk Flood","PutLarge",1,0,219.763,215.274,4.485
"Tenant 5 [Tier 4] Free-Tier Bulk Flood","PutLarge",1,0,222.077,217.408,4.663
"Tenant 5 [Tier 4] Free-Tier Bulk Flood","PutLarge",1,0,221.214,216.778,4.430
"Tenant 5 [Tier 4] Free-Tier Bulk Flood","PutLarge",1,0,220.912,216.482,4.424
"Tenant 5 [Tier 4] Free-Tier Bulk Flood","PutLarge",1,0,220.310,215.683,4.622
"Tenant 5 [Tier 4] Free-Tier Bulk Flood","PutLarge",1,0,219.450,215.004,4.442
"Tenant 5 [Tier 4] Free-Tier Bulk Flood","PutLarge",1,0,219.131,214.623,4.502
"Tenant 5 [Tier 4] Free-Tier Bulk Flood","PutLarge",1,0,220.417,215.853,4.550
"Tenant 5 [Tier 4] Free-Tier Bulk Flood","PutLarge",1,0,220.303,215.910,4.386
"Tenant 5 [Tier 4] Free-Tier Bulk Flood","ListBucket",1,0,219.342,214.895,4.435
"Tenant 5 [Tier 4] Free-Tier Bulk Flood","PutLarge",1,0,219.176,214.464,4.701
"Tenant 5 [Tier 4] Free-Tier Bulk Flood","PutLarge",1,0,219.171,214.678,4.477
"Tenant 5 [Tier 4] Free-Tier Bulk Flood","PutLarge",1,0,219.425,214.770,4.641
"Tenant 5 [Tier 4] Free-Tier Bulk Flood","PutLarge",1,0,219.441,214.842,4.593
"Tenant 5 [Tier 4] Free-Tier Bulk Flood","ListBucket",1,0,219.350,214.884,4.436
"Tenant 5 [Tier 4] Free-Tier Bulk Flood","ListBucket",1,0,219.488,214.839,4.631
"Tenant 5 [Tier 4] Free-Tier Bulk Flood","PutLarge",1,0,218.772,214.332,4.392
"Tenant 5 [Tier 4] Free-Tier Bulk Flood","PutLarge",1,0,219.479,214.812,4.618
"Tenant 5 [Tier 4] Free-Tier Bulk Flood","PutLarge",1,0,219.050,214.428,4.582
"Tenant 5 [Tier 4] Free-Tier Bulk Flood","PutLarge",1,0,219.555,215.145,4.375
"Tenant 5 [Tier 4] Free-Tier Bulk Flood","PutLarge",1,0,220.262,215.666,4.567
"Tenant 5 [Tier 4] Free-Tier Bulk Flood","ListBucket",1,0,219.418,214.826,4.583
"Tenant 5 [Tier 4] Free-Tier Bulk Flood","PutLarge",1,0,219.739,215.355,4.379
"Tenant 5 [Tier 4] Free-Tier Bulk Flood","PutLarge",1,0,219.376,214.766,4.598
"Tenant 5 [Tier 4] Free-Tier Bulk Flood","ListBucket",1,0,217.430,212.893,4.506
"Tenant 5 [Tier 4] Free-Tier Bulk Flood","ListBucket",1,0,219.347,214.697,4.631
"Tenant 5 [Tier 4] Free-Tier Bulk Flood","PutLarge",1,0,219.287,214.791,4.459
"Tenant 5 [Tier 4] Free-Tier Bulk Flood","PutLarge",1,0,221.340,216.915,4.418
"Tenant 5 [Tier 4] Free-Tier Bulk Flood","ListBucket",1,0,219.963,215.360,4.601
"Tenant 5 [Tier 4] Free-Tier Bulk Flood","PutLarge",1,0,220.302,215.698,4.600
"Tenant 5 [Tier 4] Free-Tier Bulk Flood","PutLarge",1,0,219.722,215.261,4.429
"Tenant 5 [Tier 4] Free-Tier Bulk Flood","PutLarge",1,0,220.428,215.736,4.681
"Tenant 5 [Tier 4] Free-Tier Bulk Flood","PutLarge",1,0,219.990,215.264,4.714
"Tenant 5 [Tier 4] Free-Tier Bulk Flood","ListBucket",1,0,218.186,213.665,4.504
"Tenant 5 [Tier 4] Free-Tier Bulk Flood","PutLarge",1,0,220.595,216.018,4.556
"Tenant 5 [Tier 4] Free-Tier Bulk Flood","PutLarge",1,0,220.397,215.875,4.500
"Tenant 5 [Tier 4] Free-Tier Bulk Flood","ListBucket",1,0,222.480,218.080,4.369
"Tenant 5 [Tier 4] Free-Tier Bulk Flood","PutLarge",1,0,220.571,215.854,4.690
"Tenant 5 [Tier 4] Free-Tier Bulk Flood","PutLarge",1,0,221.159,216.591,4.553
"Tenant 5 [Tier 4] Free-Tier Bulk Flood","ListBucket",1,0,221.185,216.572,4.581
"Tenant 5 [Tier 4] Free-Tier Bulk Flood","PutLarge",1,0,220.402,215.989,4.376
"Tenant 5 [Tier 4] Free-Tier Bulk Flood","PutLarge",1,0,220.899,216.501,4.386
"Tenant 5 [Tier 4] Free-Tier Bulk Flood","ListBucket",1,0,218.565,214.167,4.393
"Tenant 5 [Tier 4] Free-Tier Bulk Flood","PutLarge",1,0,221.352,216.624,4.696
"Tenant 5 [Tier 4] Free-Tier Bulk Flood","ListBucket",1,0,221.271,216.564,4.656
"Tenant 5 [Tier 4] Free-Tier Bulk Flood","PutLarge",1,0,221.004,216.504,4.467
"Tenant 5 [Tier 4] Free-Tier Bulk Flood","ListBucket",1,0,221.947,217.408,4.506
"Tenant 5 [Tier 4] Free-Tier Bulk Flood","PutLarge",1,0,220.991,216.531,4.453
"Tenant 5 [Tier 4] Free-Tier Bulk Flood","ListBucket",1,0,220.583,216.148,4.430
"Tenant 5 [Tier 4] Free-Tier Bulk Flood","PutLarge",1,0,220.413,215.815,4.593
"Tenant 5 [Tier 4] Free-Tier Bulk Flood","PutLarge",1,0,220.429,216.045,4.380
"Tenant 5 [Tier 4] Free-Tier Bulk Flood","PutLarge",1,0,221.057,216.767,4.283
"Tenant 5 [Tier 4] Free-Tier Bulk Flood","PutLarge",1,0,220.811,216.443,4.363
"Tenant 5 [Tier 4] Free-Tier Bulk Flood","ListBucket",1,0,220.371,215.927,4.440
"Tenant 5 [Tier 4] Free-Tier Bulk Flood","ListBucket",1,0,220.307,215.744,4.542
"Tenant 5 [Tier 4] Free-Tier Bulk Flood","ListBucket",1,0,220.888,216.520,4.360
"Tenant 5 [Tier 4] Free-Tier Bulk Flood","PutLarge",1,0,220.508,216.058,4.442
"Tenant 5 [Tier 4] Free-Tier Bulk Flood","ListBucket",1,0,222.288,217.705,4.551
"Tenant 5 [Tier 4] Free-Tier Bulk Flood","PutLarge",1,0,221.995,217.708,4.285
"Tenant 5 [Tier 4] Free-Tier Bulk Flood","PutLarge",1,0,219.892,215.405,4.482
"Tenant 5 [Tier 4] Free-Tier Bulk Flood","ListBucket",1,0,220.498,215.764,4.722
"Tenant 5 [Tier 4] Free-Tier Bulk Flood","PutLarge",1,0,221.814,217.271,4.538
"Tenant 5 [Tier 4] Free-Tier Bulk Flood","ListBucket",1,0,221.845,217.274,4.561
"Tenant 5 [Tier 4] Free-Tier Bulk Flood","PutLarge",1,0,221.283,216.713,4.537
"Tenant 5 [Tier 4] Free-Tier Bulk Flood","ListBucket",1,0,220.968,216.364,4.598
"Tenant 5 [Tier 4] Free-Tier Bulk Flood","PutLarge",1,0,221.645,216.928,4.714
"Tenant 5 [Tier 4] Free-Tier Bulk Flood","PutLarge",1,0,222.913,218.541,4.367
"Tenant 5 [Tier 4] Free-Tier Bulk Flood","PutLarge",1,0,222.913,218.288,4.619
"Tenant 5 [Tier 4] Free-Tier Bulk Flood","ListBucket",1,0,222.185,217.717,4.464
"Tenant 5 [Tier 4] Free-Tier Bulk Flood","PutLarge",1,0,223.934,219.315,4.617
"Tenant 5 [Tier 4] Free-Tier Bulk Flood","PutLarge",1,0,223.431,218.847,4.580
"Tenant 5 [Tier 4] Free-Tier Bulk Flood","PutLarge",1,0,224.395,220.018,4.374
"Tenant 5 [Tier 4] Free-Tier Bulk Flood","PutLarge",1,0,223.754,219.264,4.484
"Tenant 5 [Tier 4] Free-Tier Bulk Flood","PutLarge",1,0,223.726,219.194,4.529
"Tenant 5 [Tier 4] Free-Tier Bulk Flood","PutLarge",1,0,223.388,219.037,4.341
"Tenant 5 [Tier 4] Free-Tier Bulk Flood","PutLarge",1,0,225.586,220.871,4.711
"Tenant 5 [Tier 4] Free-Tier Bulk Flood","PutLarge",1,0,224.865,220.569,4.291
"Tenant 5 [Tier 4] Free-Tier Bulk Flood","PutLarge",1,0,224.735,220.390,4.342
"Tenant 5 [Tier 4] Free-Tier Bulk Flood","ListBucket",1,0,224.801,220.074,4.723
"Tenant 5 [Tier 4] Free-Tier Bulk Flood","PutLarge",1,0,225.311,220.861,4.438
"Tenant 5 [Tier 4] Free-Tier Bulk Flood","PutLarge",1,0,224.193,219.480,4.699
"Tenant 5 [Tier 4] Free-Tier Bulk Flood","ListBucket",1,0,223.408,218.857,4.545
"Tenant 5 [Tier 4] Free-Tier Bulk Flood","ListBucket",1,0,223.790,219.318,4.464
"Tenant 5 [Tier 4] Free-Tier Bulk Flood","PutLarge",1,0,224.931,220.363,4.563
"Tenant 5 [Tier 4] Free-Tier Bulk Flood","PutLarge",1,0,223.119,218.529,4.585
"Tenant 5 [Tier 4] Free-Tier Bulk Flood","ListBucket",1,0,223.904,219.468,4.433
"Tenant 5 [Tier 4] Free-Tier Bulk Flood","PutLarge",1,0,225.789,221.162,4.606
"Tenant 5 [Tier 4] Free-Tier Bulk Flood","PutLarge",1,0,224.459,219.741,4.707
"Tenant 5 [Tier 4] Free-Tier Bulk Flood","PutLarge",1,0,223.740,219.410,4.324
"Tenant 5 [Tier 4] Free-Tier Bulk Flood","PutLarge",1,0,224.434,219.970,4.452
"Tenant 5 [Tier 4] Free-Tier Bulk Flood","ListBucket",1,0,223.573,219.038,4.530
"Tenant 5 [Tier 4] Free-Tier Bulk Flood","PutLarge",1,0,224.665,219.937,4.716
"Tenant 5 [Tier 4] Free-Tier Bulk Flood","PutLarge",1,0,223.532,218.823,4.703
"Tenant 5 [Tier 4] Free-Tier Bulk Flood","ListBucket",1,0,224.401,219.982,4.414
"Tenant 5 [Tier 4] Free-Tier Bulk Flood","ListBucket",1,0,221.870,217.294,4.563
"Tenant 5 [Tier 4] Free-Tier Bulk Flood","PutLarge",1,0,223.886,219.273,4.572
"Tenant 5 [Tier 4] Free-Tier Bulk Flood","PutLarge",1,0,224.327,219.935,4.379
"Tenant 5 [Tier 4] Free-Tier Bulk Flood","PutLarge",1,0,224.434,219.889,4.529
"Tenant 5 [Tier 4] Free-Tier Bulk Flood","ListBucket",1,0,224.025,219.689,4.301
"Tenant 5 [Tier 4] Free-Tier Bulk Flood","PutLarge",1,0,223.576,219.239,4.330
"Tenant 5 [Tier 4] Free-Tier Bulk Flood","PutLarge",1,0,223.464,218.823,4.636
"Tenant 5 [Tier 4] Free-Tier Bulk Flood","PutLarge",1,0,224.495,219.774,4.717
"Tenant 5 [Tier 4] Free-Tier Bulk Flood","PutLarge",1,0,224.111,219.659,4.448
"Tenant 5 [Tier 4] Free-Tier Bulk Flood","ListBucket",1,0,223.485,218.936,4.536
"Tenant 5 [Tier 4] Free-Tier Bulk Flood","PutLarge",1,0,225.247,220.917,4.322
"Tenant 5 [Tier 4] Free-Tier Bulk Flood","PutLarge",1,0,224.137,219.791,4.333
"Tenant 5 [Tier 4] Free-Tier Bulk Flood","ListBucket",1,0,223.664,218.974,4.676
"Tenant 5 [Tier 4] Free-Tier Bulk Flood","PutLarge",1,0,224.052,219.666,4.381
"Tenant 5 [Tier 4] Free-Tier Bulk Flood","PutLarge",1,0,223.866,219.072,4.721
"Tenant 5 [Tier 4] Free-Tier Bulk Flood","PutLarge",1,0,223.917,219.570,4.314
"Tenant 5 [Tier 4] Free-Tier Bulk Flood","ListBucket",1,0,224.218,219.743,4.439
"Tenant 5 [Tier 4] Free-Tier Bulk Flood","PutLarge",1,0,223.921,219.219,4.687
"Tenant 5 [Tier 4] Free-Tier Bulk Flood","PutLarge",1,0,224.151,219.524,4.591
"Tenant 5 [Tier 4] Free-Tier Bulk Flood","PutLarge",1,0,224.015,219.363,4.624
"Tenant 5 [Tier 4] Free-Tier Bulk Flood","PutLarge",1,0,226.154,221.514,4.633
"Tenant 5 [Tier 4] Free-Tier Bulk Flood","PutLarge",1,0,224.048,219.479,4.537
"Tenant 5 [Tier 4] Free-Tier Bulk Flood","ListBucket",1,0,223.875,219.558,4.285
"Tenant 5 [Tier 4] Free-Tier Bulk Flood","PutLarge",1,0,224.315,219.613,4.696
"Tenant 5 [Tier 4] Free-Tier Bulk Flood","PutLarge",1,0,224.780,220.328,4.423
"Tenant 5 [Tier 4] Free-Tier Bulk Flood","ListBucket",1,0,224.082,219.698,4.335
"Tenant 5 [Tier 4] Free-Tier Bulk Flood","PutLarge",1,0,224.936,220.572,4.300
"Tenant 5 [Tier 4] Free-Tier Bulk Flood","PutLarge",1,0,224.294,219.668,4.576
"Tenant 5 [Tier 4] Free-Tier Bulk Flood","PutLarge",1,0,224.231,219.909,4.282
"Tenant 5 [Tier 4] Free-Tier Bulk Flood","ListBucket",1,0,224.233,219.590,4.606
"Tenant 5 [Tier 4] Free-Tier Bulk Flood","PutLarge",1,0,224.216,219.530,4.682
"Tenant 5 [Tier 4] Free-Tier Bulk Flood","PutLarge",1,0,224.372,219.720,4.631
"Tenant 5 [Tier 4] Free-Tier Bulk Flood","ListBucket",1,0,224.918,220.581,4.306
"Tenant 5 [Tier 4] Free-Tier Bulk Flood","PutLarge",1,0,225.951,221.250,4.666
"Tenant 5 [Tier 4] Free-Tier Bulk Flood","PutLarge",1,0,225.577,221.059,4.512
"Tenant 5 [Tier 4] Free-Tier Bulk Flood","PutLarge",1,0,225.792,221.347,4.411
"Tenant 5 [Tier 4] Free-Tier Bulk Flood","ListBucket",1,0,225.680,221.217,4.417
"Tenant 5 [Tier 4] Free-Tier Bulk Flood","PutLarge",1,0,225.162,220.529,4.628
"Tenant 5 [Tier 4] Free-Tier Bulk Flood","PutLarge",1,0,225.266,220.732,4.513
"Tenant 5 [Tier 4] Free-Tier Bulk Flood","PutLarge",1,0,226.575,221.839,4.694
"Tenant 5 [Tier 4] Free-Tier Bulk Flood","PutLarge",1,0,225.686,221.251,4.419
"Tenant 5 [Tier 4] Free-Tier Bulk Flood","PutLarge",1,0,226.419,221.913,4.476
"Tenant 5 [Tier 4] Free-Tier Bulk Flood","ListBucket",1,0,226.698,222.271,4.410
"Tenant 5 [Tier 4] Free-Tier Bulk Flood","ListBucket",1,0,225.670,221.106,4.561
"Tenant 5 [Tier 4] Free-Tier Bulk Flood","ListBucket",1,0,225.357,220.863,4.485
"Tenant 5 [Tier 4] Free-Tier Bulk Flood","PutLarge",1,0,225.658,221.254,4.397
"Tenant 5 [Tier 4] Free-Tier Bulk Flood","PutLarge",1,0,226.673,222.195,4.474
"Tenant 5 [Tier 4] Free-Tier Bulk Flood","PutLarge",1,0,225.910,221.323,4.580
"Tenant 5 [Tier 4] Free-Tier Bulk Flood","ListBucket",1,0,227.021,222.459,4.557
"Tenant 5 [Tier 4] Free-Tier Bulk Flood","PutLarge",1,0,225.616,221.331,4.280
"Tenant 5 [Tier 4] Free-Tier Bulk Flood","PutLarge",1,0,226.652,222.210,4.437
"Tenant 5 [Tier 4] Free-Tier Bulk Flood","ListBucket",1,0,226.368,221.979,4.363
"Tenant 5 [Tier 4] Free-Tier Bulk Flood","ListBucket",1,0,225.221,220.912,4.301
"Tenant 5 [Tier 4] Free-Tier Bulk Flood","PutLarge",1,0,224.958,220.598,4.355
"Tenant 5 [Tier 4] Free-Tier Bulk Flood","ListBucket",1,0,225.851,221.259,4.587
"Tenant 5 [Tier 4] Free-Tier Bulk Flood","PutLarge",1,0,225.939,221.567,4.366
"Tenant 5 [Tier 4] Free-Tier Bulk Flood","ListBucket",1,0,225.608,221.316,4.289
"Tenant 5 [Tier 4] Free-Tier Bulk Flood","PutLarge",1,0,226.049,221.444,4.599
"Tenant 5 [Tier 4] Free-Tier Bulk Flood","PutLarge",1,0,225.566,221.156,4.401
"Tenant 5 [Tier 4] Free-Tier Bulk Flood","PutLarge",1,0,225.626,221.017,4.600
"Tenant 5 [Tier 4] Free-Tier Bulk Flood","PutLarge",1,0,224.892,220.470,4.412
"Tenant 5 [Tier 4] Free-Tier Bulk Flood","ListBucket",1,0,220.857,216.377,4.476
"Tenant 5 [Tier 4] Free-Tier Bulk Flood","PutLarge",1,0,222.120,217.635,4.479
"Tenant 5 [Tier 4] Free-Tier Bulk Flood","PutLarge",1,0,223.276,218.916,4.357
"Tenant 5 [Tier 4] Free-Tier Bulk Flood","ListBucket",1,0,222.247,217.531,4.712
"Tenant 5 [Tier 4] Free-Tier Bulk Flood","PutLarge",1,0,221.786,217.471,4.310
"Tenant 5 [Tier 4] Free-Tier Bulk Flood","ListBucket",1,0,220.528,216.247,4.277
"Tenant 5 [Tier 4] Free-Tier Bulk Flood","PutLarge",1,0,221.728,217.443,4.282
"Tenant 5 [Tier 4] Free-Tier Bulk Flood","PutLarge",1,0,221.866,217.324,4.536
"Tenant 5 [Tier 4] Free-Tier Bulk Flood","PutLarge",1,0,222.701,218.015,4.681
"Tenant 5 [Tier 4] Free-Tier Bulk Flood","ListBucket",1,0,221.714,217.035,4.673
"Tenant 5 [Tier 4] Free-Tier Bulk Flood","ListBucket",1,0,220.150,215.431,4.710
"Tenant 5 [Tier 4] Free-Tier Bulk Flood","ListBucket",1,0,217.083,212.636,4.440
"Tenant 5 [Tier 4] Free-Tier Bulk Flood","PutLarge",1,0,216.948,212.597,4.337
"Tenant 5 [Tier 4] Free-Tier Bulk Flood","PutLarge",1,0,218.041,213.495,4.537
"Tenant 5 [Tier 4] Free-Tier Bulk Flood","PutLarge",1,0,217.420,212.797,4.611
"Tenant 5 [Tier 4] Free-Tier Bulk Flood","PutLarge",1,0,218.139,213.506,4.628
"Tenant 5 [Tier 4] Free-Tier Bulk Flood","ListBucket",1,0,217.309,212.696,4.608
"Tenant 5 [Tier 4] Free-Tier Bulk Flood","ListBucket",1,0,217.841,213.500,4.336
"Tenant 5 [Tier 4] Free-Tier Bulk Flood","PutLarge",1,0,217.664,212.951,4.700
"Tenant 5 [Tier 4] Free-Tier Bulk Flood","ListBucket",1,0,217.810,213.279,4.529
"Tenant 5 [Tier 4] Free-Tier Bulk Flood","PutLarge",1,0,220.388,215.716,4.634
"Tenant 5 [Tier 4] Free-Tier Bulk Flood","ListBucket",1,0,217.506,212.891,4.585
"Tenant 5 [Tier 4] Free-Tier Bulk Flood","PutLarge",1,0,217.411,212.645,4.720
"Tenant 5 [Tier 4] Free-Tier Bulk Flood","PutLarge",1,0,217.548,213.207,4.299
"Tenant 5 [Tier 4] Free-Tier Bulk Flood","PutLarge",1,0,218.165,213.841,4.318
"Tenant 5 [Tier 4] Free-Tier Bulk Flood","PutLarge",1,0,218.410,214.014,4.366
"Tenant 5 [Tier 4] Free-Tier Bulk Flood","PutLarge",1,0,217.113,212.666,4.440
"Tenant 5 [Tier 4] Free-Tier Bulk Flood","ListBucket",1,0,218.293,213.675,4.607
"Tenant 5 [Tier 4] Free-Tier Bulk Flood","PutLarge",1,0,217.904,213.522,4.347
"Tenant 5 [Tier 4] Free-Tier Bulk Flood","ListBucket",1,0,215.557,210.979,4.568
"Tenant 5 [Tier 4] Free-Tier Bulk Flood","PutLarge",1,0,218.636,214.028,4.590
"Tenant 5 [Tier 4] Free-Tier Bulk Flood","ListBucket",1,0,218.202,213.646,4.523
"Tenant 5 [Tier 4] Free-Tier Bulk Flood","PutLarge",1,0,217.434,213.098,4.323
"Tenant 5 [Tier 4] Free-Tier Bulk Flood","PutLarge",1,0,217.320,212.894,4.393
"Tenant 5 [Tier 4] Free-Tier Bulk Flood","PutLarge",1,0,217.625,213.082,4.520
"Tenant 5 [Tier 4] Free-Tier Bulk Flood","ListBucket",1,0,217.248,212.837,4.399
"Tenant 5 [Tier 4] Free-Tier Bulk Flood","ListBucket",1,0,217.394,212.873,4.516
"Tenant 5 [Tier 4] Free-Tier Bulk Flood","ListBucket",1,0,216.843,212.374,4.464
"Tenant 5 [Tier 4] Free-Tier Bulk Flood","PutLarge",1,0,216.515,212.129,4.354
"Tenant 5 [Tier 4] Free-Tier Bulk Flood","PutLarge",1,0,216.604,212.212,4.351
"Tenant 5 [Tier 4] Free-Tier Bulk Flood","PutLarge",1,0,216.383,211.957,4.421
"Tenant 5 [Tier 4] Free-Tier Bulk Flood","PutLarge",1,0,217.903,213.284,4.616
"Tenant 5 [Tier 4] Free-Tier Bulk Flood","PutLarge",1,0,217.294,212.861,4.399
"Tenant 5 [Tier 4] Free-Tier Bulk Flood","PutLarge",1,0,216.770,212.129,4.594
"Tenant 5 [Tier 4] Free-Tier Bulk Flood","PutLarge",1,0,217.277,212.909,4.362
"Tenant 5 [Tier 4] Free-Tier Bulk Flood","ListBucket",1,0,217.011,212.676,4.321
"Tenant 5 [Tier 4] Free-Tier Bulk Flood","PutLarge",1,0,217.091,212.637,4.428
"Tenant 5 [Tier 4] Free-Tier Bulk Flood","PutLarge",1,0,217.455,212.720,4.695
"Tenant 5 [Tier 4] Free-Tier Bulk Flood","ListBucket",1,0,219.150,214.668,4.466
"Tenant 5 [Tier 4] Free-Tier Bulk Flood","ListBucket",1,0,217.417,212.760,4.652
"Tenant 5 [Tier 4] Free-Tier Bulk Flood","PutLarge",1,0,217.044,212.520,4.474
"Tenant 5 [Tier 4] Free-Tier Bulk Flood","ListBucket",1,0,217.151,212.815,4.314
"Tenant 5 [Tier 4] Free-Tier Bulk Flood","PutLarge",1,0,215.964,211.325,4.617
"Tenant 5 [Tier 4] Free-Tier Bulk Flood","ListBucket",1,0,215.822,211.323,4.447
"Tenant 5 [Tier 4] Free-Tier Bulk Flood","PutLarge",1,0,216.250,211.521,4.692
"Tenant 5 [Tier 4] Free-Tier Bulk Flood","PutLarge",1,0,216.190,211.604,4.579
"Tenant 5 [Tier 4] Free-Tier Bulk Flood","PutLarge",1,0,217.195,212.821,4.340
"Tenant 5 [Tier 4] Free-Tier Bulk Flood","PutLarge",1,0,215.687,211.134,4.550
"Tenant 5 [Tier 4] Free-Tier Bulk Flood","PutLarge",1,0,216.293,211.788,4.501
"Tenant 5 [Tier 4] Free-Tier Bulk Flood","PutLarge",1,0,217.583,212.872,4.701
"Tenant 5 [Tier 4] Free-Tier Bulk Flood","ListBucket",1,0,216.516,212.075,4.431
"Tenant 5 [Tier 4] Free-Tier Bulk Flood","PutLarge",1,0,216.852,212.358,4.482
"Tenant 5 [Tier 4] Free-Tier Bulk Flood","PutLarge",1,0,217.792,213.087,4.691
"Tenant 5 [Tier 4] Free-Tier Bulk Flood","PutLarge",1,0,217.708,213.126,4.578
"Tenant 5 [Tier 4] Free-Tier Bulk Flood","ListBucket",1,0,217.499,213.082,4.414
"Tenant 5 [Tier 4] Free-Tier Bulk Flood","ListBucket",1,0,216.667,212.288,4.373
"Tenant 5 [Tier 4] Free-Tier Bulk Flood","PutLarge",1,0,217.250,212.567,4.675
"Tenant 5 [Tier 4] Free-Tier Bulk Flood","PutLarge",1,0,215.764,211.368,4.365
"Tenant 5 [Tier 4] Free-Tier Bulk Flood","PutLarge",1,0,217.643,212.961,4.668
"Tenant 5 [Tier 4] Free-Tier Bulk Flood","PutLarge",1,0,217.972,213.679,4.289
"Tenant 5 [Tier 4] Free-Tier Bulk Flood","PutLarge",1,0,218.869,214.172,4.694
"Tenant 5 [Tier 4] Free-Tier Bulk Flood","ListBucket",1,0,218.395,213.984,4.405
"Tenant 5 [Tier 4] Free-Tier Bulk Flood","PutLarge",1,0,218.466,213.818,4.644
"Tenant 5 [Tier 4] Free-Tier Bulk Flood","PutLarge",1,0,219.874,215.568,4.303
"Tenant 5 [Tier 4] Free-Tier Bulk Flood","ListBucket",1,0,219.756,215.223,4.528
"Tenant 5 [Tier 4] Free-Tier Bulk Flood","PutLarge",1,0,220.232,215.905,4.322
"Tenant 5 [Tier 4] Free-Tier Bulk Flood","ListBucket",1,0,219.822,215.472,4.344
"Tenant 5 [Tier 4] Free-Tier Bulk Flood","ListBucket",1,0,219.302,214.787,4.512
"Tenant 5 [Tier 4] Free-Tier Bulk Flood","PutLarge",1,0,217.837,213.312,4.517
"Tenant 5 [Tier 4] Free-Tier Bulk Flood","PutLarge",1,0,222.738,218.397,4.318
"Tenant 5 [Tier 4] Free-Tier Bulk Flood","ListBucket",1,0,222.899,218.251,4.642
"Tenant 5 [Tier 4] Free-Tier Bulk Flood","ListBucket",1,0,223.789,219.288,4.497
"Tenant 5 [Tier 4] Free-Tier Bulk Flood","PutLarge",1,0,226.279,221.645,4.626
"Tenant 5 [Tier 4] Free-Tier Bulk Flood","PutLarge",1,0,225.912,221.191,4.713
"Tenant 5 [Tier 4] Free-Tier Bulk Flood","PutLarge",1,0,226.437,221.920,4.509
"Tenant 5 [Tier 4] Free-Tier Bulk Flood","PutLarge",1,0,229.663,225.133,4.517
"Tenant 5 [Tier 4] Free-Tier Bulk Flood","PutLarge",1,0,228.938,224.586,4.347
"Tenant 5 [Tier 4] Free-Tier Bulk Flood","PutLarge",1,0,229.134,224.634,4.494
"Tenant 5 [Tier 4] Free-Tier Bulk Flood","PutLarge",1,0,229.382,225.053,4.322
"Tenant 5 [Tier 4] Free-Tier Bulk Flood","PutLarge",1,0,230.999,226.418,4.576
"Tenant 5 [Tier 4] Free-Tier Bulk Flood","PutLarge",1,0,230.390,225.680,4.698
"Tenant 5 [Tier 4] Free-Tier Bulk Flood","PutLarge",1,0,231.120,226.499,4.610
"Tenant 5 [Tier 4] Free-Tier Bulk Flood","PutLarge",1,0,230.762,226.042,4.706
"Tenant 5 [Tier 4] Free-Tier Bulk Flood","PutLarge",1,0,230.554,225.833,4.712
"Tenant 5 [Tier 4] Free-Tier Bulk Flood","PutLarge",1,0,230.900,226.142,4.722
"Tenant 5 [Tier 4] Free-Tier Bulk Flood","PutLarge",1,0,230.185,225.627,4.549
"Tenant 5 [Tier 4] Free-Tier Bulk Flood","PutLarge",1,0,231.001,226.333,4.628
"Tenant 5 [Tier 4] Free-Tier Bulk Flood","PutLarge",1,0,230.592,225.857,4.702
"Tenant 5 [Tier 4] Free-Tier Bulk Flood","PutLarge",1,0,230.702,226.345,4.334
"Tenant 5 [Tier 4] Free-Tier Bulk Flood","PutLarge",1,0,230.394,226.064,4.327
"Tenant 5 [Tier 4] Free-Tier Bulk Flood","PutLarge",1,0,230.663,226.028,4.627
"Tenant 5 [Tier 4] Free-Tier Bulk Flood","ListBucket",1,0,232.007,227.253,4.724
"Tenant 5 [Tier 4] Free-Tier Bulk Flood","PutLarge",1,0,231.005,226.447,4.517
"Tenant 5 [Tier 4] Free-Tier Bulk Flood","ListBucket",1,0,230.752,226.397,4.350
"Tenant 5 [Tier 4] Free-Tier Bulk Flood","PutLarge",1,0,231.038,226.685,4.350
"Tenant 5 [Tier 4] Free-Tier Bulk Flood","PutLarge",1,0,231.051,226.492,4.550
"Tenant 5 [Tier 4] Free-Tier Bulk Flood","ListBucket",1,0,230.520,226.010,4.477
"Tenant 5 [Tier 4] Free-Tier Bulk Flood","ListBucket",1,0,230.781,226.206,4.571
"Tenant 5 [Tier 4] Free-Tier Bulk Flood","ListBucket",1,0,230.733,226.129,4.598
"Tenant 5 [Tier 4] Free-Tier Bulk Flood","PutLarge",1,0,230.324,225.730,4.583
"Tenant 5 [Tier 4] Free-Tier Bulk Flood","PutLarge",1,0,232.295,227.654,4.630
"Tenant 5 [Tier 4] Free-Tier Bulk Flood","PutLarge",1,0,230.524,225.968,4.513
"Tenant 5 [Tier 4] Free-Tier Bulk Flood","PutLarge",1,0,230.491,226.140,4.345
"Tenant 5 [Tier 4] Free-Tier Bulk Flood","PutLarge",1,0,231.234,226.613,4.603
"Tenant 5 [Tier 4] Free-Tier Bulk Flood","PutLarge",1,0,231.302,226.602,4.686
"Tenant 5 [Tier 4] Free-Tier Bulk Flood","PutLarge",1,0,231.301,226.728,4.525
"Tenant 5 [Tier 4] Free-Tier Bulk Flood","PutLarge",1,0,231.495,226.823,4.655
"Tenant 5 [Tier 4] Free-Tier Bulk Flood","ListBucket",1,0,231.456,227.054,4.397
"Tenant 5 [Tier 4] Free-Tier Bulk Flood","ListBucket",1,0,231.873,227.331,4.531
"Tenant 5 [Tier 4] Free-Tier Bulk Flood","PutLarge",1,0,231.615,227.041,4.522
"Tenant 5 [Tier 4] Free-Tier Bulk Flood","PutLarge",1,0,231.857,227.471,4.374
"Tenant 5 [Tier 4] Free-Tier Bulk Flood","PutLarge",1,0,230.421,226.027,4.361
"Tenant 5 [Tier 4] Free-Tier Bulk Flood","PutLarge",1,0,230.782,226.219,4.542
"Tenant 5 [Tier 4] Free-Tier Bulk Flood","ListBucket",1,0,230.716,226.044,4.662
"Tenant 5 [Tier 4] Free-Tier Bulk Flood","ListBucket",1,0,230.907,226.188,4.716
"Tenant 5 [Tier 4] Free-Tier Bulk Flood","ListBucket",1,0,231.033,226.281,4.704
"Tenant 5 [Tier 4] Free-Tier Bulk Flood","PutLarge",1,0,230.818,226.451,4.362
"Tenant 5 [Tier 4] Free-Tier Bulk Flood","ListBucket",1,0,230.848,226.218,4.615
"Tenant 5 [Tier 4] Free-Tier Bulk Flood","PutLarge",1,0,230.672,226.328,4.297
"Tenant 5 [Tier 4] Free-Tier Bulk Flood","PutLarge",1,0,230.611,226.179,4.426
"Tenant 5 [Tier 4] Free-Tier Bulk Flood","PutLarge",1,0,232.537,227.942,4.561
"Tenant 5 [Tier 4] Free-Tier Bulk Flood","PutLarge",1,0,232.967,228.529,4.421
"Tenant 5 [Tier 4] Free-Tier Bulk Flood","ListBucket",1,0,232.002,227.683,4.286
"Tenant 5 [Tier 4] Free-Tier Bulk Flood","ListBucket",1,0,231.511,226.798,4.696
"Tenant 5 [Tier 4] Free-Tier Bulk Flood","PutLarge",1,0,232.003,227.276,4.724
"Tenant 5 [Tier 4] Free-Tier Bulk Flood","PutLarge",1,0,231.970,227.296,4.670
"Tenant 5 [Tier 4] Free-Tier Bulk Flood","PutLarge",1,0,231.884,227.408,4.444
"Tenant 5 [Tier 4] Free-Tier Bulk Flood","PutLarge",1,0,233.312,228.560,4.689
"Tenant 5 [Tier 4] Free-Tier Bulk Flood","ListBucket",1,0,231.219,226.572,4.642
"Tenant 5 [Tier 4] Free-Tier Bulk Flood","PutLarge",1,0,231.649,227.001,4.615
"Tenant 5 [Tier 4] Free-Tier Bulk Flood","PutLarge",1,0,232.871,228.240,4.620
"Tenant 5 [Tier 4] Free-Tier Bulk Flood","PutLarge",1,0,231.409,226.913,4.479
"Tenant 5 [Tier 4] Free-Tier Bulk Flood","PutLarge",1,0,231.086,226.607,4.430
"Tenant 5 [Tier 4] Free-Tier Bulk Flood","PutLarge",1,0,232.269,227.928,4.329
"Tenant 5 [Tier 4] Free-Tier Bulk Flood","PutLarge",1,0,233.121,228.673,4.442
"Tenant 5 [Tier 4] Free-Tier Bulk Flood","ListBucket",1,0,232.476,227.823,4.645
"Tenant 5 [Tier 4] Free-Tier Bulk Flood","PutLarge",1,0,231.237,226.899,4.329
"Tenant 5 [Tier 4] Free-Tier Bulk Flood","ListBucket",1,0,231.923,227.391,4.525
"Tenant 5 [Tier 4] Free-Tier Bulk Flood","ListBucket",1,0,231.691,227.175,4.507
"Tenant 5 [Tier 4] Free-Tier Bulk Flood","PutLarge",1,0,232.532,228.047,4.468
"Tenant 5 [Tier 4] Free-Tier Bulk Flood","PutLarge",1,0,232.233,227.639,4.589
"Tenant 5 [Tier 4] Free-Tier Bulk Flood","ListBucket",1,0,231.563,226.839,4.718
"Tenant 5 [Tier 4] Free-Tier Bulk Flood","ListBucket",1,0,231.469,227.157,4.308
"Tenant 5 [Tier 4] Free-Tier Bulk Flood","PutLarge",1,0,231.996,227.643,4.350
"Tenant 5 [Tier 4] Free-Tier Bulk Flood","PutLarge",1,0,233.692,229.064,4.624
"Tenant 5 [Tier 4] Free-Tier Bulk Flood","ListBucket",1,0,233.144,228.459,4.675
"Tenant 5 [Tier 4] Free-Tier Bulk Flood","PutLarge",1,0,234.774,230.144,4.618
"Tenant 5 [Tier 4] Free-Tier Bulk Flood","PutLarge",1,0,236.042,231.305,4.720
"Tenant 5 [Tier 4] Free-Tier Bulk Flood","ListBucket",1,0,235.382,230.933,4.445
"Tenant 5 [Tier 4] Free-Tier Bulk Flood","PutLarge",1,0,234.849,230.484,4.359
"Tenant 5 [Tier 4] Free-Tier Bulk Flood","PutLarge",1,0,235.512,230.894,4.602
"Tenant 5 [Tier 4] Free-Tier Bulk Flood","ListBucket",1,0,233.944,229.435,4.505
"Tenant 5 [Tier 4] Free-Tier Bulk Flood","PutLarge",1,0,232.465,227.927,4.531
"Tenant 5 [Tier 4] Free-Tier Bulk Flood","PutLarge",1,0,232.272,227.887,4.355
"Tenant 5 [Tier 4] Free-Tier Bulk Flood","PutLarge",1,0,233.319,228.627,4.681
"Tenant 5 [Tier 4] Free-Tier Bulk Flood","PutLarge",1,0,232.701,228.405,4.292
"Tenant 5 [Tier 4] Free-Tier Bulk Flood","PutLarge",1,0,232.139,227.712,4.423
"Tenant 5 [Tier 4] Free-Tier Bulk Flood","PutLarge",1,0,232.966,228.521,4.438
"Tenant 5 [Tier 4] Free-Tier Bulk Flood","PutLarge",1,0,232.122,227.834,4.284
"Tenant 5 [Tier 4] Free-Tier Bulk Flood","PutLarge",1,0,231.405,226.994,4.400
"Tenant 5 [Tier 4] Free-Tier Bulk Flood","ListBucket",1,0,230.831,226.410,4.415
"Tenant 5 [Tier 4] Free-Tier Bulk Flood","PutLarge",1,0,230.661,225.950,4.697
"Tenant 5 [Tier 4] Free-Tier Bulk Flood","PutLarge",1,0,230.746,226.121,4.611
"Tenant 5 [Tier 4] Free-Tier Bulk Flood","PutLarge",1,0,230.540,225.928,4.598
"Tenant 5 [Tier 4] Free-Tier Bulk Flood","PutLarge",1,0,230.446,225.963,4.476
"Tenant 5 [Tier 4] Free-Tier Bulk Flood","PutLarge",1,0,231.938,227.328,4.595
"Tenant 5 [Tier 4] Free-Tier Bulk Flood","ListBucket",1,0,229.985,225.356,4.617
"Tenant 5 [Tier 4] Free-Tier Bulk Flood","PutLarge",1,0,231.116,226.511,4.595
"Tenant 5 [Tier 4] Free-Tier Bulk Flood","ListBucket",1,0,230.116,225.579,4.532
"Tenant 5 [Tier 4] Free-Tier Bulk Flood","ListBucket",1,0,231.035,226.437,4.589
"Tenant 5 [Tier 4] Free-Tier Bulk Flood","ListBucket",1,0,229.877,225.476,4.392
"Tenant 5 [Tier 4] Free-Tier Bulk Flood","PutLarge",1,0,229.666,225.291,4.332
"Tenant 5 [Tier 4] Free-Tier Bulk Flood","PutLarge",1,0,229.946,225.314,4.599
"Tenant 5 [Tier 4] Free-Tier Bulk Flood","ListBucket",1,0,230.835,226.269,4.556
"Tenant 5 [Tier 4] Free-Tier Bulk Flood","PutLarge",1,0,230.169,225.478,4.677
"Tenant 5 [Tier 4] Free-Tier Bulk Flood","PutLarge",1,0,229.762,225.045,4.684
"Tenant 5 [Tier 4] Free-Tier Bulk Flood","PutLarge",1,0,230.611,226.261,4.305
"Tenant 5 [Tier 4] Free-Tier Bulk Flood","PutLarge",1,0,228.670,224.374,4.290
"Tenant 5 [Tier 4] Free-Tier Bulk Flood","PutLarge",1,0,231.512,226.825,4.673
"Tenant 5 [Tier 4] Free-Tier Bulk Flood","PutLarge",1,0,230.880,226.385,4.464
"Tenant 5 [Tier 4] Free-Tier Bulk Flood","PutLarge",1,0,231.283,226.909,4.362
"Tenant 5 [Tier 4] Free-Tier Bulk Flood","PutLarge",1,0,230.484,226.122,4.348
"Tenant 5 [Tier 4] Free-Tier Bulk Flood","PutLarge",1,0,231.636,226.924,4.706
"Tenant 5 [Tier 4] Free-Tier Bulk Flood","PutLarge",1,0,230.860,226.410,4.420
"Tenant 5 [Tier 4] Free-Tier Bulk Flood","PutLarge",1,0,231.017,226.288,4.723
"Tenant 5 [Tier 4] Free-Tier Bulk Flood","PutLarge",1,0,232.349,227.597,4.694
"Tenant 5 [Tier 4] Free-Tier Bulk Flood","PutLarge",1,0,230.736,226.340,4.382
"Tenant 5 [Tier 4] Free-Tier Bulk Flood","ListBucket",1,0,229.279,224.714,4.554
"Tenant 5 [Tier 4] Free-Tier Bulk Flood","PutLarge",1,0,231.295,226.603,4.688
"Tenant 5 [Tier 4] Free-Tier Bulk Flood","ListBucket",1,0,231.867,227.374,4.484
"Tenant 5 [Tier 4] Free-Tier Bulk Flood","PutLarge",1,0,231.394,226.886,4.505
"Tenant 5 [Tier 4] Free-Tier Bulk Flood","ListBucket",1,0,231.646,227.265,4.375
"Tenant 5 [Tier 4] Free-Tier Bulk Flood","ListBucket",1,0,231.236,226.709,4.516
"Tenant 5 [Tier 4] Free-Tier Bulk Flood","PutLarge",1,0,231.146,226.510,4.601
"Tenant 5 [Tier 4] Free-Tier Bulk Flood","PutLarge",1,0,231.305,226.765,4.506
"Tenant 5 [Tier 4] Free-Tier Bulk Flood","PutLarge",1,0,231.008,226.528,4.475
"Tenant 5 [Tier 4] Free-Tier Bulk Flood","PutLarge",1,0,232.199,227.595,4.600
"Tenant 5 [Tier 4] Free-Tier Bulk Flood","PutLarge",1,0,232.294,227.970,4.297
"Tenant 5 [Tier 4] Free-Tier Bulk Flood","PutLarge",1,0,232.193,227.843,4.313
"Tenant 5 [Tier 4] Free-Tier Bulk Flood","PutLarge",1,0,232.344,227.876,4.443
"Tenant 5 [Tier 4] Free-Tier Bulk Flood","PutLarge",1,0,231.701,227.039,4.646
"Tenant 5 [Tier 4] Free-Tier Bulk Flood","PutLarge",1,0,232.513,227.890,4.607
"Tenant 5 [Tier 4] Free-Tier Bulk Flood","ListBucket",1,0,231.740,227.135,4.601
"Tenant 5 [Tier 4] Free-Tier Bulk Flood","ListBucket",1,0,232.744,228.157,4.562
"Tenant 5 [Tier 4] Free-Tier Bulk Flood","PutLarge",1,0,232.761,228.082,4.668
"Tenant 5 [Tier 4] Free-Tier Bulk Flood","PutLarge",1,0,231.743,227.427,4.283
"Tenant 5 [Tier 4] Free-Tier Bulk Flood","PutLarge",1,0,231.673,227.326,4.341
"Tenant 5 [Tier 4] Free-Tier Bulk Flood","PutLarge",1,0,231.681,226.993,4.667
"Tenant 5 [Tier 4] Free-Tier Bulk Flood","ListBucket",1,0,231.220,226.840,4.368
"Tenant 5 [Tier 4] Free-Tier Bulk Flood","ListBucket",1,0,230.965,226.378,4.568
"Tenant 5 [Tier 4] Free-Tier Bulk Flood","ListBucket",1,0,229.505,225.124,4.364
"Tenant 5 [Tier 4] Free-Tier Bulk Flood","ListBucket",1,0,231.178,226.472,4.699
"Tenant 5 [Tier 4] Free-Tier Bulk Flood","PutLarge",1,0,230.988,226.664,4.318
"Tenant 5 [Tier 4] Free-Tier Bulk Flood","ListBucket",1,0,229.773,225.208,4.557
"Tenant 5 [Tier 4] Free-Tier Bulk Flood","PutLarge",1,0,229.746,225.062,4.672
"Tenant 5 [Tier 4] Free-Tier Bulk Flood","ListBucket",1,0,229.881,225.375,4.502
"Tenant 5 [Tier 4] Free-Tier Bulk Flood","ListBucket",1,0,230.115,225.505,4.600
"Tenant 5 [Tier 4] Free-Tier Bulk Flood","PutLarge",1,0,230.938,226.568,4.359
"Tenant 5 [Tier 4] Free-Tier Bulk Flood","PutLarge",1,0,232.486,227.879,4.600
"Tenant 5 [Tier 4] Free-Tier Bulk Flood","PutLarge",1,0,230.843,226.535,4.302
"Tenant 5 [Tier 4] Free-Tier Bulk Flood","ListBucket",1,0,230.191,225.877,4.307
"Tenant 5 [Tier 4] Free-Tier Bulk Flood","ListBucket",1,0,230.979,226.510,4.463
"Tenant 5 [Tier 4] Free-Tier Bulk Flood","ListBucket",1,0,231.080,226.714,4.362
"Tenant 5 [Tier 4] Free-Tier Bulk Flood","PutLarge",1,0,232.225,227.569,4.653
"Tenant 5 [Tier 4] Free-Tier Bulk Flood","PutLarge",1,0,231.157,226.789,4.360
"Tenant 5 [Tier 4] Free-Tier Bulk Flood","PutLarge",1,0,230.382,226.075,4.301
"Tenant 5 [Tier 4] Free-Tier Bulk Flood","PutLarge",1,0,229.251,224.560,4.678
"Tenant 5 [Tier 4] Free-Tier Bulk Flood","ListBucket",1,0,227.226,222.574,4.648
"Tenant 5 [Tier 4] Free-Tier Bulk Flood","PutLarge",1,0,226.606,221.914,4.677
"Tenant 5 [Tier 4] Free-Tier Bulk Flood","PutLarge",1,0,224.222,219.527,4.690
"Tenant 5 [Tier 4] Free-Tier Bulk Flood","PutLarge",1,0,226.291,221.604,4.683
"Tenant 5 [Tier 4] Free-Tier Bulk Flood","ListBucket",1,0,226.478,221.828,4.642
"Tenant 5 [Tier 4] Free-Tier Bulk Flood","PutLarge",1,0,225.150,220.644,4.502
"Tenant 5 [Tier 4] Free-Tier Bulk Flood","ListBucket",1,0,224.635,220.038,4.594
"Tenant 5 [Tier 4] Free-Tier Bulk Flood","ListBucket",1,0,222.396,217.932,4.457
"Tenant 5 [Tier 4] Free-Tier Bulk Flood","PutLarge",1,0,220.006,215.526,4.473
"Tenant 5 [Tier 4] Free-Tier Bulk Flood","ListBucket",1,0,219.982,215.654,4.324
"Tenant 5 [Tier 4] Free-Tier Bulk Flood","ListBucket",1,0,219.143,214.736,4.402
"Tenant 5 [Tier 4] Free-Tier Bulk Flood","PutLarge",1,0,218.687,214.212,4.469
"Tenant 5 [Tier 4] Free-Tier Bulk Flood","PutLarge",1,0,218.362,213.740,4.610
"Tenant 5 [Tier 4] Free-Tier Bulk Flood","PutLarge",1,0,218.478,213.861,4.613
"Tenant 5 [Tier 4] Free-Tier Bulk Flood","ListBucket",1,0,218.321,213.943,4.369
"Tenant 5 [Tier 4] Free-Tier Bulk Flood","ListBucket",1,0,218.337,213.836,4.497
"Tenant 5 [Tier 4] Free-Tier Bulk Flood","ListBucket",1,0,217.973,213.525,4.441
"Tenant 5 [Tier 4] Free-Tier Bulk Flood","PutLarge",1,0,218.421,213.756,4.658
"Tenant 5 [Tier 4] Free-Tier Bulk Flood","PutLarge",1,0,216.842,212.327,4.508
"Tenant 5 [Tier 4] Free-Tier Bulk Flood","PutLarge",1,0,217.855,213.469,4.369
"Tenant 5 [Tier 4] Free-Tier Bulk Flood","PutLarge",1,0,217.534,212.925,4.600
"Tenant 5 [Tier 4] Free-Tier Bulk Flood","PutLarge",1,0,218.467,214.138,4.295
"Tenant 5 [Tier 4] Free-Tier Bulk Flood","PutLarge",1,0,217.658,213.293,4.354
"Tenant 5 [Tier 4] Free-Tier Bulk Flood","PutLarge",1,0,218.661,214.113,4.516
"Tenant 5 [Tier 4] Free-Tier Bulk Flood","PutLarge",1,0,219.067,214.729,4.292
"Tenant 5 [Tier 4] Free-Tier Bulk Flood","PutLarge",1,0,219.600,214.902,4.691
"Tenant 5 [Tier 4] Free-Tier Bulk Flood","PutLarge",1,0,218.960,214.421,4.531
"Tenant 5 [Tier 4] Free-Tier Bulk Flood","ListBucket",1,0,218.473,214.185,4.281
"Tenant 5 [Tier 4] Free-Tier Bulk Flood","ListBucket",1,0,217.098,212.446,4.618
"Tenant 5 [Tier 4] Free-Tier Bulk Flood","PutLarge",1,0,218.603,214.112,4.443
"Tenant 5 [Tier 4] Free-Tier Bulk Flood","ListBucket",1,0,219.643,214.926,4.684
"Tenant 5 [Tier 4] Free-Tier Bulk Flood","PutLarge",1,0,217.652,213.114,4.522
"Tenant 5 [Tier 4] Free-Tier Bulk Flood","PutLarge",1,0,218.173,213.297,4.438
"Tenant 5 [Tier 4] Free-Tier Bulk Flood","PutLarge",1,0,217.550,213.260,4.276
"Tenant 5 [Tier 4] Free-Tier Bulk Flood","PutLarge",1,0,218.729,214.022,4.684
"Tenant 5 [Tier 4] Free-Tier Bulk Flood","PutLarge",1,0,218.626,214.054,4.539
"Tenant 5 [Tier 4] Free-Tier Bulk Flood","PutLarge",1,0,218.088,213.759,4.311
"Tenant 5 [Tier 4] Free-Tier Bulk Flood","ListBucket",1,0,215.367,210.999,4.353
"Tenant 5 [Tier 4] Free-Tier Bulk Flood","PutLarge",1,0,216.730,212.153,4.570
"Tenant 5 [Tier 4] Free-Tier Bulk Flood","PutLarge",1,0,218.952,214.227,4.705
"Tenant 5 [Tier 4] Free-Tier Bulk Flood","ListBucket",1,0,219.951,215.390,4.556
"Tenant 5 [Tier 4] Free-Tier Bulk Flood","ListBucket",1,0,217.895,213.253,4.628
"Tenant 5 [Tier 4] Free-Tier Bulk Flood","ListBucket",1,0,217.217,212.792,4.420
"Tenant 5 [Tier 4] Free-Tier Bulk Flood","ListBucket",1,0,216.992,212.676,4.312
"Tenant 5 [Tier 4] Free-Tier Bulk Flood","PutLarge",1,0,217.414,212.898,4.508
"Tenant 5 [Tier 4] Free-Tier Bulk Flood","ListBucket",1,0,216.982,212.590,4.385
"Tenant 5 [Tier 4] Free-Tier Bulk Flood","PutLarge",1,0,217.502,213.202,4.291
"Tenant 5 [Tier 4] Free-Tier Bulk Flood","ListBucket",1,0,217.040,212.405,4.630
"Tenant 5 [Tier 4] Free-Tier Bulk Flood","PutLarge",1,0,217.445,212.991,4.450
"Tenant 5 [Tier 4] Free-Tier Bulk Flood","ListBucket",1,0,216.613,212.311,4.279
"Tenant 5 [Tier 4] Free-Tier Bulk Flood","PutLarge",1,0,217.257,212.831,4.423
"Tenant 5 [Tier 4] Free-Tier Bulk Flood","PutLarge",1,0,217.840,213.510,4.326
"Tenant 5 [Tier 4] Free-Tier Bulk Flood","PutLarge",1,0,216.997,212.627,4.362
"Tenant 5 [Tier 4] Free-Tier Bulk Flood","PutLarge",1,0,217.435,213.143,4.279
"Tenant 5 [Tier 4] Free-Tier Bulk Flood","PutLarge",1,0,216.914,212.416,4.493
"Tenant 5 [Tier 4] Free-Tier Bulk Flood","PutLarge",1,0,217.613,213.305,4.297
"Tenant 5 [Tier 4] Free-Tier Bulk Flood","PutLarge",1,0,218.091,213.601,4.475
"Tenant 5 [Tier 4] Free-Tier Bulk Flood","ListBucket",1,0,217.855,213.314,4.535
"Tenant 5 [Tier 4] Free-Tier Bulk Flood","PutLarge",1,0,217.898,213.579,4.312
"Tenant 5 [Tier 4] Free-Tier Bulk Flood","PutLarge",1,0,218.474,214.036,4.431
"Tenant 5 [Tier 4] Free-Tier Bulk Flood","PutLarge",1,0,218.842,214.424,4.403
"Tenant 5 [Tier 4] Free-Tier Bulk Flood","PutLarge",1,0,219.988,215.495,4.462
"Tenant 5 [Tier 4] Free-Tier Bulk Flood","ListBucket",1,0,219.081,214.679,4.399
"Tenant 5 [Tier 4] Free-Tier Bulk Flood","PutLarge",1,0,219.935,215.602,4.314
"Tenant 5 [Tier 4] Free-Tier Bulk Flood","PutLarge",1,0,220.175,215.675,4.486
"Tenant 5 [Tier 4] Free-Tier Bulk Flood","ListBucket",1,0,218.980,214.469,4.504
"Tenant 5 [Tier 4] Free-Tier Bulk Flood","PutLarge",1,0,220.303,215.719,4.566
"Tenant 5 [Tier 4] Free-Tier Bulk Flood","ListBucket",1,0,219.928,215.637,4.288
"Tenant 5 [Tier 4] Free-Tier Bulk Flood","PutLarge",1,0,219.769,215.360,4.387
"Tenant 5 [Tier 4] Free-Tier Bulk Flood","PutLarge",1,0,220.469,215.945,4.519
"Tenant 5 [Tier 4] Free-Tier Bulk Flood","PutLarge",1,0,221.500,216.878,4.611
"Tenant 5 [Tier 4] Free-Tier Bulk Flood","PutLarge",1,0,220.740,216.325,4.411
"Tenant 5 [Tier 4] Free-Tier Bulk Flood","PutLarge",1,0,221.448,216.742,4.703
"Tenant 5 [Tier 4] Free-Tier Bulk Flood","PutLarge",1,0,222.066,217.648,4.412
"Tenant 5 [Tier 4] Free-Tier Bulk Flood","ListBucket",1,0,222.284,217.786,4.493
"Tenant 5 [Tier 4] Free-Tier Bulk Flood","PutLarge",1,0,224.422,219.736,4.683
"Tenant 5 [Tier 4] Free-Tier Bulk Flood","PutLarge",1,0,223.493,219.173,4.317
"Tenant 5 [Tier 4] Free-Tier Bulk Flood","PutLarge",1,0,222.353,217.747,4.599
"Tenant 5 [Tier 4] Free-Tier Bulk Flood","PutLarge",1,0,224.341,219.722,4.610
"Tenant 5 [Tier 4] Free-Tier Bulk Flood","PutLarge",1,0,224.311,219.664,4.641
"Tenant 5 [Tier 4] Free-Tier Bulk Flood","PutLarge",1,0,228.206,223.531,4.669
"Tenant 5 [Tier 4] Free-Tier Bulk Flood","ListBucket",1,0,228.033,223.500,4.523
"Tenant 5 [Tier 4] Free-Tier Bulk Flood","PutLarge",1,0,228.905,224.591,4.309
"Tenant 5 [Tier 4] Free-Tier Bulk Flood","ListBucket",1,0,228.759,224.054,4.699
"Tenant 5 [Tier 4] Free-Tier Bulk Flood","PutLarge",1,0,230.467,226.021,4.435
"Tenant 5 [Tier 4] Free-Tier Bulk Flood","ListBucket",1,0,230.495,226.142,4.342
"Tenant 5 [Tier 4] Free-Tier Bulk Flood","PutLarge",1,0,232.259,227.865,4.383
"Tenant 5 [Tier 4] Free-Tier Bulk Flood","PutLarge",1,0,233.800,229.162,4.634
"Tenant 5 [Tier 4] Free-Tier Bulk Flood","PutLarge",1,0,234.880,230.389,4.480
"Tenant 5 [Tier 4] Free-Tier Bulk Flood","PutLarge",1,0,234.292,229.875,4.410
"Tenant 5 [Tier 4] Free-Tier Bulk Flood","PutLarge",1,0,234.765,230.287,4.471
"Tenant 5 [Tier 4] Free-Tier Bulk Flood","PutLarge",1,0,230.023,225.651,4.357
"Tenant 5 [Tier 4] Free-Tier Bulk Flood","PutLarge",1,0,229.526,225.221,4.295
"Tenant 5 [Tier 4] Free-Tier Bulk Flood","PutLarge",1,0,230.390,225.850,4.537
"Tenant 5 [Tier 4] Free-Tier Bulk Flood","ListBucket",1,0,230.450,225.744,4.703
"Tenant 5 [Tier 4] Free-Tier Bulk Flood","PutLarge",1,0,230.435,225.894,4.529
"Tenant 5 [Tier 4] Free-Tier Bulk Flood","PutLarge",1,0,230.792,226.173,4.615
"Tenant 5 [Tier 4] Free-Tier Bulk Flood","PutLarge",1,0,230.247,225.869,4.374
"Tenant 5 [Tier 4] Free-Tier Bulk Flood","PutLarge",1,0,230.894,226.269,4.614
"Tenant 5 [Tier 4] Free-Tier Bulk Flood","ListBucket",1,0,229.975,225.609,4.361
"Tenant 5 [Tier 4] Free-Tier Bulk Flood","PutLarge",1,0,230.975,226.289,4.678
"Tenant 5 [Tier 4] Free-Tier Bulk Flood","PutLarge",1,0,231.216,226.644,4.557
"Tenant 5 [Tier 4] Free-Tier Bulk Flood","PutLarge",1,0,231.168,226.587,4.570
"Tenant 5 [Tier 4] Free-Tier Bulk Flood","PutLarge",1,0,231.197,226.669,4.523
"Tenant 5 [Tier 4] Free-Tier Bulk Flood","PutLarge",1,0,230.100,225.382,4.709
"Tenant 5 [Tier 4] Free-Tier Bulk Flood","ListBucket",1,0,230.100,225.501,4.594
"Tenant 5 [Tier 4] Free-Tier Bulk Flood","ListBucket",1,0,230.039,225.539,4.489
"Tenant 5 [Tier 4] Free-Tier Bulk Flood","PutLarge",1,0,231.164,226.663,4.494
"Tenant 5 [Tier 4] Free-Tier Bulk Flood","PutLarge",1,0,231.670,227.174,4.488
"Tenant 5 [Tier 4] Free-Tier Bulk Flood","PutLarge",1,0,230.872,226.260,4.607
"Tenant 5 [Tier 4] Free-Tier Bulk Flood","ListBucket",1,0,230.625,226.109,4.494
"Tenant 5 [Tier 4] Free-Tier Bulk Flood","ListBucket",1,0,230.922,226.299,4.617
"Tenant 5 [Tier 4] Free-Tier Bulk Flood","ListBucket",1,0,229.975,225.638,4.329
"Tenant 5 [Tier 4] Free-Tier Bulk Flood","PutLarge",1,0,230.818,226.385,4.429
"Tenant 5 [Tier 4] Free-Tier Bulk Flood","ListBucket",1,0,229.945,225.254,4.670
"Tenant 5 [Tier 4] Free-Tier Bulk Flood","PutLarge",1,0,229.271,224.973,4.289
"Tenant 5 [Tier 4] Free-Tier Bulk Flood","PutLarge",1,0,229.986,225.586,4.394
"Tenant 5 [Tier 4] Free-Tier Bulk Flood","ListBucket",1,0,232.450,227.775,4.673
"Tenant 5 [Tier 4] Free-Tier Bulk Flood","PutLarge",1,0,229.797,225.124,4.649
"Tenant 5 [Tier 4] Free-Tier Bulk Flood","PutLarge",1,0,228.825,224.459,4.362
"Tenant 5 [Tier 4] Free-Tier Bulk Flood","PutLarge",1,0,229.503,224.773,4.691
"Tenant 5 [Tier 4] Free-Tier Bulk Flood","ListBucket",1,0,229.628,225.158,4.444
"Tenant 5 [Tier 4] Free-Tier Bulk Flood","ListBucket",1,0,229.735,225.098,4.630
"Tenant 5 [Tier 4] Free-Tier Bulk Flood","PutLarge",1,0,230.711,226.023,4.682
"Tenant 5 [Tier 4] Free-Tier Bulk Flood","PutLarge",1,0,229.863,225.326,4.521
"Tenant 5 [Tier 4] Free-Tier Bulk Flood","PutLarge",1,0,230.743,226.321,4.414
"Tenant 5 [Tier 4] Free-Tier Bulk Flood","ListBucket",1,0,230.249,225.538,4.702
"Tenant 5 [Tier 4] Free-Tier Bulk Flood","PutLarge",1,0,231.438,226.926,4.503
"Tenant 5 [Tier 4] Free-Tier Bulk Flood","ListBucket",1,0,231.021,226.405,4.600
"Tenant 5 [Tier 4] Free-Tier Bulk Flood","PutLarge",1,0,231.296,226.620,4.668
"Tenant 5 [Tier 4] Free-Tier Bulk Flood","ListBucket",1,0,230.829,226.444,4.350
"Tenant 5 [Tier 4] Free-Tier Bulk Flood","PutLarge",1,0,230.466,225.976,4.486
"Tenant 5 [Tier 4] Free-Tier Bulk Flood","PutLarge",1,0,231.125,226.614,4.508
"Tenant 5 [Tier 4] Free-Tier Bulk Flood","PutLarge",1,0,230.152,225.758,4.385
"Tenant 5 [Tier 4] Free-Tier Bulk Flood","PutLarge",1,0,230.808,226.436,4.361
"Tenant 5 [Tier 4] Free-Tier Bulk Flood","PutLarge",1,0,230.957,226.412,4.534
"Tenant 5 [Tier 4] Free-Tier Bulk Flood","PutLarge",1,0,230.094,225.495,4.592
"Tenant 5 [Tier 4] Free-Tier Bulk Flood","ListBucket",1,0,229.518,224.970,4.526
"Tenant 5 [Tier 4] Free-Tier Bulk Flood","ListBucket",1,0,230.456,225.980,4.470
"Tenant 5 [Tier 4] Free-Tier Bulk Flood","ListBucket",1,0,229.945,225.579,4.344
"Tenant 5 [Tier 4] Free-Tier Bulk Flood","PutLarge",1,0,229.091,224.733,4.353
"Tenant 5 [Tier 4] Free-Tier Bulk Flood","PutLarge",1,0,228.189,223.837,4.345
"Tenant 5 [Tier 4] Free-Tier Bulk Flood","PutLarge",1,0,229.364,224.912,4.442
"Tenant 5 [Tier 4] Free-Tier Bulk Flood","PutLarge",1,0,230.076,225.689,4.364
"Tenant 5 [Tier 4] Free-Tier Bulk Flood","PutLarge",1,0,229.917,225.489,4.420
"Tenant 5 [Tier 4] Free-Tier Bulk Flood","PutLarge",1,0,231.490,226.822,4.661
"Tenant 5 [Tier 4] Free-Tier Bulk Flood","PutLarge",1,0,230.800,226.475,4.319
"Tenant 5 [Tier 4] Free-Tier Bulk Flood","PutLarge",1,0,230.128,225.426,4.699
"Tenant 5 [Tier 4] Free-Tier Bulk Flood","PutLarge",1,0,230.704,226.025,4.672
"Tenant 5 [Tier 4] Free-Tier Bulk Flood","ListBucket",1,0,230.554,225.993,4.547
"Tenant 5 [Tier 4] Free-Tier Bulk Flood","PutLarge",1,0,229.754,225.255,4.494
"Tenant 5 [Tier 4] Free-Tier Bulk Flood","ListBucket",1,0,229.779,225.119,4.648
"Tenant 5 [Tier 4] Free-Tier Bulk Flood","PutLarge",1,0,229.703,225.338,4.360
"Tenant 5 [Tier 4] Free-Tier Bulk Flood","ListBucket",1,0,229.204,224.765,4.435
"Tenant 5 [Tier 4] Free-Tier Bulk Flood","PutLarge",1,0,230.907,226.551,4.350
"Tenant 5 [Tier 4] Free-Tier Bulk Flood","PutLarge",1,0,229.784,225.208,4.570
"Tenant 5 [Tier 4] Free-Tier Bulk Flood","PutLarge",1,0,228.292,223.629,4.658
"Tenant 5 [Tier 4] Free-Tier Bulk Flood","PutLarge",1,0,227.951,223.494,4.452
"Tenant 5 [Tier 4] Free-Tier Bulk Flood","PutLarge",1,0,227.706,223.077,4.618
"Tenant 5 [Tier 4] Free-Tier Bulk Flood","PutLarge",1,0,226.836,222.139,4.687
"Tenant 5 [Tier 4] Free-Tier Bulk Flood","PutLarge",1,0,224.698,220.206,4.468
"Tenant 5 [Tier 4] Free-Tier Bulk Flood","PutLarge",1,0,227.179,222.748,4.427
"Tenant 5 [Tier 4] Free-Tier Bulk Flood","PutLarge",1,0,225.814,221.426,4.380
"Tenant 5 [Tier 4] Free-Tier Bulk Flood","PutLarge",1,0,224.946,220.233,4.707
"Tenant 5 [Tier 4] Free-Tier Bulk Flood","PutLarge",1,0,224.342,219.886,4.450
"Tenant 5 [Tier 4] Free-Tier Bulk Flood","ListBucket",1,0,222.703,218.237,4.462
"Tenant 5 [Tier 4] Free-Tier Bulk Flood","PutLarge",1,0,221.607,217.292,4.303
"Tenant 5 [Tier 4] Free-Tier Bulk Flood","PutLarge",1,0,222.670,218.172,4.494
"Tenant 5 [Tier 4] Free-Tier Bulk Flood","ListBucket",1,0,220.833,216.509,4.311
"Tenant 5 [Tier 4] Free-Tier Bulk Flood","PutLarge",1,0,222.783,218.207,4.565
"Tenant 5 [Tier 4] Free-Tier Bulk Flood","PutLarge",1,0,223.552,219.031,4.515
"Tenant 5 [Tier 4] Free-Tier Bulk Flood","PutLarge",1,0,223.428,219.114,4.310
"Tenant 5 [Tier 4] Free-Tier Bulk Flood","PutLarge",1,0,224.443,219.722,4.714
"Tenant 5 [Tier 4] Free-Tier Bulk Flood","PutLarge",1,0,223.233,218.847,4.368
"Tenant 5 [Tier 4] Free-Tier Bulk Flood","PutLarge",1,0,224.120,219.742,4.364
"Tenant 5 [Tier 4] Free-Tier Bulk Flood","ListBucket",1,0,223.396,218.717,4.666
"Tenant 5 [Tier 4] Free-Tier Bulk Flood","ListBucket",1,0,223.704,219.231,4.452
"Tenant 5 [Tier 4] Free-Tier Bulk Flood","PutLarge",1,0,223.371,218.999,4.359
"Tenant 5 [Tier 4] Free-Tier Bulk Flood","PutLarge",1,0,223.602,219.097,4.481
"Tenant 5 [Tier 4] Free-Tier Bulk Flood","ListBucket",1,0,222.603,218.043,4.540
"Tenant 5 [Tier 4] Free-Tier Bulk Flood","PutLarge",1,0,223.224,218.906,4.309
"Tenant 5 [Tier 4] Free-Tier Bulk Flood","ListBucket",1,0,222.628,218.304,4.308
"Tenant 5 [Tier 4] Free-Tier Bulk Flood","PutLarge",1,0,223.020,218.656,4.335
"Tenant 5 [Tier 4] Free-Tier Bulk Flood","PutLarge",1,0,222.662,218.092,4.557
"Tenant 5 [Tier 4] Free-Tier Bulk Flood","PutLarge",1,0,222.824,218.296,4.522
"Tenant 5 [Tier 4] Free-Tier Bulk Flood","ListBucket",1,0,222.502,218.184,4.311
"Tenant 5 [Tier 4] Free-Tier Bulk Flood","ListBucket",1,0,223.135,218.676,4.455
"Tenant 5 [Tier 4] Free-Tier Bulk Flood","PutLarge",1,0,221.985,217.622,4.359
"Tenant 5 [Tier 4] Free-Tier Bulk Flood","PutLarge",1,0,223.057,218.653,4.400
"Tenant 5 [Tier 4] Free-Tier Bulk Flood","PutLarge",1,0,221.853,217.449,4.399
"Tenant 5 [Tier 4] Free-Tier Bulk Flood","ListBucket",1,0,223.253,218.540,4.708
"Tenant 5 [Tier 4] Free-Tier Bulk Flood","ListBucket",1,0,222.004,217.245,4.714
"Tenant 5 [Tier 4] Free-Tier Bulk Flood","PutLarge",1,0,223.551,219.042,4.505
"Tenant 5 [Tier 4] Free-Tier Bulk Flood","ListBucket",1,0,222.159,217.836,4.318
"Tenant 5 [Tier 4] Free-Tier Bulk Flood","ListBucket",1,0,222.884,218.383,4.474
"Tenant 5 [Tier 4] Free-Tier Bulk Flood","PutLarge",1,0,222.374,217.907,4.463
"Tenant 5 [Tier 4] Free-Tier Bulk Flood","PutLarge",1,0,222.949,218.538,4.403
"Tenant 5 [Tier 4] Free-Tier Bulk Flood","ListBucket",1,0,222.208,217.684,4.521
"Tenant 5 [Tier 4] Free-Tier Bulk Flood","PutLarge",1,0,223.101,218.549,4.544
"Tenant 5 [Tier 4] Free-Tier Bulk Flood","PutLarge",1,0,222.335,217.896,4.402
"Tenant 5 [Tier 4] Free-Tier Bulk Flood","PutLarge",1,0,221.776,217.230,4.539
"Tenant 5 [Tier 4] Free-Tier Bulk Flood","PutLarge",1,0,223.092,218.711,4.378
"Tenant 5 [Tier 4] Free-Tier Bulk Flood","PutLarge",1,0,223.476,218.960,4.501
"Tenant 5 [Tier 4] Free-Tier Bulk Flood","PutLarge",1,0,223.667,219.036,4.614
"Tenant 5 [Tier 4] Free-Tier Bulk Flood","PutLarge",1,0,224.668,220.223,4.432
"Tenant 5 [Tier 4] Free-Tier Bulk Flood","PutLarge",1,0,224.101,219.408,4.689
"Tenant 5 [Tier 4] Free-Tier Bulk Flood","ListBucket",1,0,224.368,220.039,4.321
"Tenant 5 [Tier 4] Free-Tier Bulk Flood","PutLarge",1,0,224.058,219.582,4.463
"Tenant 5 [Tier 4] Free-Tier Bulk Flood","ListBucket",1,0,224.032,219.506,4.519
"Tenant 5 [Tier 4] Free-Tier Bulk Flood","ListBucket",1,0,224.100,219.390,4.705
"Tenant 5 [Tier 4] Free-Tier Bulk Flood","ListBucket",1,0,222.551,218.212,4.333
"Tenant 5 [Tier 4] Free-Tier Bulk Flood","PutLarge",1,0,223.927,219.355,4.537
"Tenant 5 [Tier 4] Free-Tier Bulk Flood","PutLarge",1,0,223.728,219.187,4.538
"Tenant 5 [Tier 4] Free-Tier Bulk Flood","PutLarge",1,0,223.036,218.697,4.330
"Tenant 5 [Tier 4] Free-Tier Bulk Flood","PutLarge",1,0,223.076,218.739,4.308
"Tenant 5 [Tier 4] Free-Tier Bulk Flood","PutLarge",1,0,223.890,219.510,4.369
"Tenant 5 [Tier 4] Free-Tier Bulk Flood","PutLarge",1,0,224.424,219.775,4.645
"Tenant 5 [Tier 4] Free-Tier Bulk Flood","PutLarge",1,0,225.135,220.821,4.309
"Tenant 5 [Tier 4] Free-Tier Bulk Flood","PutLarge",1,0,224.587,219.938,4.644
"Tenant 5 [Tier 4] Free-Tier Bulk Flood","PutLarge",1,0,224.075,219.712,4.358
"Tenant 5 [Tier 4] Free-Tier Bulk Flood","PutLarge",1,0,224.994,220.365,4.607
"Tenant 5 [Tier 4] Free-Tier Bulk Flood","PutLarge",1,0,224.747,220.367,4.372
"Tenant 5 [Tier 4] Free-Tier Bulk Flood","ListBucket",1,0,224.508,220.105,4.396
"Tenant 5 [Tier 4] Free-Tier Bulk Flood","PutLarge",1,0,224.128,219.785,4.335
"Tenant 5 [Tier 4] Free-Tier Bulk Flood","PutLarge",1,0,224.138,219.664,4.471
"Tenant 5 [Tier 4] Free-Tier Bulk Flood","ListBucket",1,0,222.277,217.807,4.464
"Tenant 5 [Tier 4] Free-Tier Bulk Flood","PutLarge",1,0,222.906,218.345,4.545
"Tenant 5 [Tier 4] Free-Tier Bulk Flood","ListBucket",1,0,223.387,218.702,4.680
"Tenant 5 [Tier 4] Free-Tier Bulk Flood","ListBucket",1,0,223.794,219.235,4.537
"Tenant 5 [Tier 4] Free-Tier Bulk Flood","ListBucket",1,0,223.248,218.842,4.393
"Tenant 5 [Tier 4] Free-Tier Bulk Flood","PutLarge",1,0,224.524,219.902,4.619
"Tenant 5 [Tier 4] Free-Tier Bulk Flood","ListBucket",1,0,222.665,217.997,4.658
"Tenant 5 [Tier 4] Free-Tier Bulk Flood","PutLarge",1,0,222.005,217.452,4.550
"Tenant 5 [Tier 4] Free-Tier Bulk Flood","PutLarge",1,0,223.234,218.924,4.309
"Tenant 5 [Tier 4] Free-Tier Bulk Flood","PutLarge",1,0,223.516,219.101,4.402
"Tenant 5 [Tier 4] Free-Tier Bulk Flood","PutLarge",1,0,223.552,219.164,4.384
"Tenant 5 [Tier 4] Free-Tier Bulk Flood","PutLarge",1,0,222.680,218.313,4.357
"Tenant 5 [Tier 4] Free-Tier Bulk Flood","PutLarge",1,0,222.546,218.105,4.439
"Tenant 5 [Tier 4] Free-Tier Bulk Flood","PutLarge",1,0,222.241,217.757,4.481
"Tenant 5 [Tier 4] Free-Tier Bulk Flood","PutLarge",1,0,223.720,219.205,4.511
"Tenant 5 [Tier 4] Free-Tier Bulk Flood","PutLarge",1,0,223.528,219.238,4.286
"Tenant 5 [Tier 4] Free-Tier Bulk Flood","ListBucket",1,0,223.858,219.370,4.485
"Tenant 5 [Tier 4] Free-Tier Bulk Flood","PutLarge",1,0,224.899,220.531,4.355
"Tenant 5 [Tier 4] Free-Tier Bulk Flood","ListBucket",1,0,224.065,219.479,4.582
"Tenant 5 [Tier 4] Free-Tier Bulk Flood","PutLarge",1,0,223.393,219.106,4.283
"Tenant 5 [Tier 4] Free-Tier Bulk Flood","PutLarge",1,0,224.451,219.801,4.642
"Tenant 5 [Tier 4] Free-Tier Bulk Flood","PutLarge",1,0,225.321,220.840,4.468
"Tenant 5 [Tier 4] Free-Tier Bulk Flood","PutLarge",1,0,225.234,220.929,4.303
"Tenant 5 [Tier 4] Free-Tier Bulk Flood","ListBucket",1,0,225.588,220.962,4.622
"Tenant 5 [Tier 4] Free-Tier Bulk Flood","PutLarge",1,0,224.256,219.518,4.723
"Tenant 5 [Tier 4] Free-Tier Bulk Flood","ListBucket",1,0,221.260,216.808,4.446
"Tenant 5 [Tier 4] Free-Tier Bulk Flood","PutLarge",1,0,221.144,216.842,4.291
"Tenant 5 [Tier 4] Free-Tier Bulk Flood","ListBucket",1,0,220.158,215.447,4.703
"Tenant 5 [Tier 4] Free-Tier Bulk Flood","ListBucket",1,0,221.412,216.690,4.710
"Tenant 5 [Tier 4] Free-Tier Bulk Flood","ListBucket",1,0,220.152,215.740,4.402
"Tenant 5 [Tier 4] Free-Tier Bulk Flood","PutLarge",1,0,220.564,216.247,4.313
"Tenant 5 [Tier 4] Free-Tier Bulk Flood","ListBucket",1,0,220.410,215.705,4.702
"Tenant 5 [Tier 4] Free-Tier Bulk Flood","ListBucket",1,0,220.579,215.862,4.712
"Tenant 5 [Tier 4] Free-Tier Bulk Flood","PutLarge",1,0,220.003,215.420,4.579
"Tenant 5 [Tier 4] Free-Tier Bulk Flood","PutLarge",1,0,222.419,217.923,4.465
"Tenant 5 [Tier 4] Free-Tier Bulk Flood","PutLarge",1,0,219.361,214.657,4.683
"Tenant 5 [Tier 4] Free-Tier Bulk Flood","ListBucket",1,0,220.443,215.792,4.648
"Tenant 5 [Tier 4] Free-Tier Bulk Flood","ListBucket",1,0,219.705,214.995,4.699
"Tenant 5 [Tier 4] Free-Tier Bulk Flood","PutLarge",1,0,220.612,215.876,4.720
"Tenant 5 [Tier 4] Free-Tier Bulk Flood","PutLarge",1,0,219.497,215.188,4.307
"Tenant 5 [Tier 4] Free-Tier Bulk Flood","PutLarge",1,0,220.334,216.038,4.278
"Tenant 5 [Tier 4] Free-Tier Bulk Flood","PutLarge",1,0,220.796,216.324,4.467
"Tenant 5 [Tier 4] Free-Tier Bulk Flood","PutLarge",1,0,220.781,216.361,4.416
"Tenant 5 [Tier 4] Free-Tier Bulk Flood","ListBucket",1,0,220.633,216.263,4.358
"Tenant 5 [Tier 4] Free-Tier Bulk Flood","PutLarge",1,0,221.026,216.687,4.322
"Tenant 5 [Tier 4] Free-Tier Bulk Flood","ListBucket",1,0,220.435,215.964,4.455
"Tenant 5 [Tier 4] Free-Tier Bulk Flood","PutLarge",1,0,220.615,216.272,4.337
"Tenant 5 [Tier 4] Free-Tier Bulk Flood","PutLarge",1,0,220.513,215.919,4.559
"Tenant 5 [Tier 4] Free-Tier Bulk Flood","PutLarge",1,0,221.832,217.378,4.407
"Tenant 5 [Tier 4] Free-Tier Bulk Flood","ListBucket",1,0,221.173,216.503,4.664
"Tenant 5 [Tier 4] Free-Tier Bulk Flood","PutLarge",1,0,221.763,217.052,4.702
"Tenant 5 [Tier 4] Free-Tier Bulk Flood","PutLarge",1,0,221.006,216.708,4.287
"Tenant 5 [Tier 4] Free-Tier Bulk Flood","ListBucket",1,0,221.740,217.258,4.447
"Tenant 5 [Tier 4] Free-Tier Bulk Flood","ListBucket",1,0,221.016,216.455,4.539
"Tenant 5 [Tier 4] Free-Tier Bulk Flood","PutLarge",1,0,221.550,217.109,4.405
"Tenant 5 [Tier 4] Free-Tier Bulk Flood","PutLarge",1,0,222.169,217.838,4.326
"Tenant 5 [Tier 4] Free-Tier Bulk Flood","ListBucket",1,0,220.979,216.328,4.600
"Tenant 5 [Tier 4] Free-Tier Bulk Flood","ListBucket",1,0,220.098,215.819,4.275
"Tenant 5 [Tier 4] Free-Tier Bulk Flood","PutLarge",1,0,220.278,215.695,4.572
"Tenant 5 [Tier 4] Free-Tier Bulk Flood","PutLarge",1,0,219.808,215.363,4.403
"Tenant 5 [Tier 4] Free-Tier Bulk Flood","PutLarge",1,0,221.056,216.690,4.351
"Tenant 5 [Tier 4] Free-Tier Bulk Flood","ListBucket",1,0,219.957,215.449,4.472
"Tenant 5 [Tier 4] Free-Tier Bulk Flood","PutLarge",1,0,220.299,215.777,4.516
"Tenant 5 [Tier 4] Free-Tier Bulk Flood","PutLarge",1,0,221.757,217.101,4.650
"Tenant 5 [Tier 4] Free-Tier Bulk Flood","PutLarge",1,0,220.551,216.217,4.325
"Tenant 5 [Tier 4] Free-Tier Bulk Flood","ListBucket",1,0,222.043,217.728,4.311
"Tenant 5 [Tier 4] Free-Tier Bulk Flood","PutLarge",1,0,221.507,216.861,4.636
"Tenant 5 [Tier 4] Free-Tier Bulk Flood","PutLarge",1,0,222.088,217.559,4.525
"Tenant 5 [Tier 4] Free-Tier Bulk Flood","PutLarge",1,0,221.535,217.220,4.283
"Tenant 5 [Tier 4] Free-Tier Bulk Flood","PutLarge",1,0,221.283,216.951,4.300
"Tenant 5 [Tier 4] Free-Tier Bulk Flood","PutLarge",1,0,221.931,217.387,4.524
"Tenant 5 [Tier 4] Free-Tier Bulk Flood","PutLarge",1,0,222.087,217.388,4.696
"Tenant 5 [Tier 4] Free-Tier Bulk Flood","PutLarge",1,0,220.981,216.568,4.397
"Tenant 5 [Tier 4] Free-Tier Bulk Flood","PutLarge",1,0,221.762,217.452,4.307
"Tenant 5 [Tier 4] Free-Tier Bulk Flood","PutLarge",1,0,222.747,218.116,4.628
"Tenant 5 [Tier 4] Free-Tier Bulk Flood","ListBucket",1,0,220.399,215.639,4.711
"Tenant 5 [Tier 4] Free-Tier Bulk Flood","PutLarge",1,0,222.338,217.741,4.591
"Tenant 5 [Tier 4] Free-Tier Bulk Flood","ListBucket",1,0,221.485,216.860,4.618
"Tenant 5 [Tier 4] Free-Tier Bulk Flood","ListBucket",1,0,221.136,216.514,4.617
"Tenant 5 [Tier 4] Free-Tier Bulk Flood","PutLarge",1,0,222.029,217.362,4.662
"Tenant 5 [Tier 4] Free-Tier Bulk Flood","PutLarge",1,0,222.444,218.039,4.400
"Tenant 5 [Tier 4] Free-Tier Bulk Flood","PutLarge",1,0,223.008,218.287,4.717
"Tenant 5 [Tier 4] Free-Tier Bulk Flood","PutLarge",1,0,223.610,219.175,4.429
"Tenant 5 [Tier 4] Free-Tier Bulk Flood","PutLarge",1,0,223.590,219.244,4.340
"Tenant 5 [Tier 4] Free-Tier Bulk Flood","PutLarge",1,0,224.423,219.738,4.669
"Tenant 5 [Tier 4] Free-Tier Bulk Flood","ListBucket",1,0,223.373,218.968,4.400
"Tenant 5 [Tier 4] Free-Tier Bulk Flood","PutLarge",1,0,225.121,220.423,4.693
"Tenant 5 [Tier 4] Free-Tier Bulk Flood","PutLarge",1,0,225.874,221.526,4.345
"Tenant 5 [Tier 4] Free-Tier Bulk Flood","PutLarge",1,0,225.956,221.562,4.389
"Tenant 5 [Tier 4] Free-Tier Bulk Flood","PutLarge",1,0,225.856,221.322,4.528
"Tenant 5 [Tier 4] Free-Tier Bulk Flood","PutLarge",1,0,226.159,221.428,4.721
"Tenant 5 [Tier 4] Free-Tier Bulk Flood","ListBucket",1,0,227.952,223.589,4.359
"Tenant 5 [Tier 4] Free-Tier Bulk Flood","PutLarge",1,0,229.904,225.198,4.691
"Tenant 5 [Tier 4] Free-Tier Bulk Flood","PutLarge",1,0,228.667,224.003,4.649
"Tenant 5 [Tier 4] Free-Tier Bulk Flood","ListBucket",1,0,226.096,221.410,4.684
"Tenant 5 [Tier 4] Free-Tier Bulk Flood","PutLarge",1,0,226.234,221.808,4.419
"Tenant 5 [Tier 4] Free-Tier Bulk Flood","PutLarge",1,0,224.929,220.265,4.660
"Tenant 5 [Tier 4] Free-Tier Bulk Flood","PutLarge",1,0,226.388,221.986,4.398
"Tenant 5 [Tier 4] Free-Tier Bulk Flood","ListBucket",1,0,226.222,221.719,4.496
"Tenant 5 [Tier 4] Free-Tier Bulk Flood","PutLarge",1,0,226.103,221.537,4.548
"Tenant 5 [Tier 4] Free-Tier Bulk Flood","PutLarge",1,0,226.628,222.347,4.276
"Tenant 5 [Tier 4] Free-Tier Bulk Flood","ListBucket",1,0,225.648,221.321,4.325
"Tenant 5 [Tier 4] Free-Tier Bulk Flood","PutLarge",1,0,225.990,221.333,4.650
"Tenant 5 [Tier 4] Free-Tier Bulk Flood","PutLarge",1,0,226.258,221.618,4.631
"Tenant 5 [Tier 4] Free-Tier Bulk Flood","PutLarge",1,0,225.162,220.459,4.690
"Tenant 5 [Tier 4] Free-Tier Bulk Flood","PutLarge",1,0,225.373,220.903,4.464
"Tenant 5 [Tier 4] Free-Tier Bulk Flood","ListBucket",1,0,225.132,220.668,4.447
"Tenant 5 [Tier 4] Free-Tier Bulk Flood","PutLarge",1,0,225.121,220.661,4.453
"Tenant 5 [Tier 4] Free-Tier Bulk Flood","PutLarge",1,0,225.174,220.489,4.679
"Tenant 5 [Tier 4] Free-Tier Bulk Flood","PutLarge",1,0,226.111,221.590,4.506
"Tenant 5 [Tier 4] Free-Tier Bulk Flood","PutLarge",1,0,226.044,221.330,4.707
"Tenant 5 [Tier 4] Free-Tier Bulk Flood","PutLarge",1,0,226.341,221.674,4.654
"Tenant 5 [Tier 4] Free-Tier Bulk Flood","ListBucket",1,0,225.514,221.062,4.429
"Tenant 5 [Tier 4] Free-Tier Bulk Flood","PutLarge",1,0,226.724,222.244,4.467
"Tenant 5 [Tier 4] Free-Tier Bulk Flood","PutLarge",1,0,227.272,222.502,4.720
"Tenant 5 [Tier 4] Free-Tier Bulk Flood","PutLarge",1,0,227.755,223.062,4.686
"Tenant 5 [Tier 4] Free-Tier Bulk Flood","PutLarge",1,0,226.965,222.668,4.276
"Tenant 5 [Tier 4] Free-Tier Bulk Flood","PutLarge",1,0,227.470,223.073,4.374
"Tenant 5 [Tier 4] Free-Tier Bulk Flood","ListBucket",1,0,226.749,222.222,4.476
"Tenant 5 [Tier 4] Free-Tier Bulk Flood","PutLarge",1,0,227.720,223.189,4.485
"Tenant 5 [Tier 4] Free-Tier Bulk Flood","ListBucket",1,0,227.471,222.713,4.724
"Tenant 5 [Tier 4] Free-Tier Bulk Flood","PutLarge",1,0,226.654,221.979,4.662
"Tenant 5 [Tier 4] Free-Tier Bulk Flood","PutLarge",1,0,227.516,223.083,4.418
"Tenant 5 [Tier 4] Free-Tier Bulk Flood","PutLarge",1,0,226.895,222.349,4.540
"Tenant 5 [Tier 4] Free-Tier Bulk Flood","PutLarge",1,0,227.786,223.193,4.553
"Tenant 5 [Tier 4] Free-Tier Bulk Flood","PutLarge",1,0,226.717,222.407,4.276
"Tenant 5 [Tier 4] Free-Tier Bulk Flood","PutLarge",1,0,228.001,223.452,4.518
"Tenant 5 [Tier 4] Free-Tier Bulk Flood","PutLarge",1,0,227.881,223.478,4.399
"Tenant 5 [Tier 4] Free-Tier Bulk Flood","ListBucket",1,0,226.608,222.010,4.594
"Tenant 5 [Tier 4] Free-Tier Bulk Flood","ListBucket",1,0,226.698,222.333,4.360
"Tenant 5 [Tier 4] Free-Tier Bulk Flood","PutLarge",1,0,226.840,222.228,4.606
"Tenant 5 [Tier 4] Free-Tier Bulk Flood","PutLarge",1,0,226.964,222.406,4.544
"Tenant 5 [Tier 4] Free-Tier Bulk Flood","PutLarge",1,0,226.958,222.350,4.562
"Tenant 5 [Tier 4] Free-Tier Bulk Flood","PutLarge",1,0,226.862,222.438,4.389
"Tenant 5 [Tier 4] Free-Tier Bulk Flood","ListBucket",1,0,226.967,222.668,4.277
"Tenant 5 [Tier 4] Free-Tier Bulk Flood","PutLarge",1,0,228.004,223.668,4.297
"Tenant 5 [Tier 4] Free-Tier Bulk Flood","ListBucket",1,0,227.207,222.788,4.372
"Tenant 5 [Tier 4] Free-Tier Bulk Flood","PutLarge",1,0,228.477,223.744,4.700
"Tenant 5 [Tier 4] Free-Tier Bulk Flood","PutLarge",1,0,228.640,224.105,4.531
"Tenant 5 [Tier 4] Free-Tier Bulk Flood","ListBucket",1,0,227.757,223.075,4.636
"Tenant 5 [Tier 4] Free-Tier Bulk Flood","PutLarge",1,0,227.675,223.031,4.596
"Tenant 5 [Tier 4] Free-Tier Bulk Flood","PutLarge",1,0,228.898,224.163,4.725
"Tenant 5 [Tier 4] Free-Tier Bulk Flood","PutLarge",1,0,227.603,223.163,4.407
"Tenant 5 [Tier 4] Free-Tier Bulk Flood","PutLarge",1,0,226.846,222.228,4.611
"Tenant 5 [Tier 4] Free-Tier Bulk Flood","PutLarge",1,0,228.732,224.259,4.464
"Tenant 5 [Tier 4] Free-Tier Bulk Flood","ListBucket",1,0,227.603,223.012,4.575
"Tenant 5 [Tier 4] Free-Tier Bulk Flood","PutLarge",1,0,227.517,223.194,4.317
"Tenant 5 [Tier 4] Free-Tier Bulk Flood","PutLarge",1,0,227.646,223.236,4.397
"Tenant 5 [Tier 4] Free-Tier Bulk Flood","PutLarge",1,0,227.534,223.192,4.329
"Tenant 5 [Tier 4] Free-Tier Bulk Flood","ListBucket",1,0,227.906,223.307,4.591
"Tenant 5 [Tier 4] Free-Tier Bulk Flood","PutLarge",1,0,227.730,223.105,4.617
"Tenant 5 [Tier 4] Free-Tier Bulk Flood","PutLarge",1,0,226.679,222.370,4.281
"Tenant 5 [Tier 4] Free-Tier Bulk Flood","PutLarge",1,0,227.387,222.900,4.480
"Tenant 5 [Tier 4] Free-Tier Bulk Flood","PutLarge",1,0,226.821,222.400,4.416
"Tenant 5 [Tier 4] Free-Tier Bulk Flood","ListBucket",1,0,226.959,222.472,4.452
"Tenant 5 [Tier 4] Free-Tier Bulk Flood","PutLarge",1,0,227.611,223.306,4.301
"Tenant 5 [Tier 4] Free-Tier Bulk Flood","PutLarge",1,0,226.820,222.347,4.455
"Tenant 5 [Tier 4] Free-Tier Bulk Flood","ListBucket",1,0,227.711,223.403,4.300
"Tenant 5 [Tier 4] Free-Tier Bulk Flood","ListBucket",1,0,228.369,223.654,4.701
"Tenant 5 [Tier 4] Free-Tier Bulk Flood","PutLarge",1,0,227.493,222.844,4.643
"Tenant 5 [Tier 4] Free-Tier Bulk Flood","ListBucket",1,0,226.974,222.435,4.535
"Tenant 5 [Tier 4] Free-Tier Bulk Flood","PutLarge",1,0,226.606,221.913,4.688
"Tenant 5 [Tier 4] Free-Tier Bulk Flood","PutLarge",1,0,227.124,222.479,4.642
"Tenant 5 [Tier 4] Free-Tier Bulk Flood","PutLarge",1,0,227.941,223.584,4.342
"Tenant 5 [Tier 4] Free-Tier Bulk Flood","PutLarge",1,0,227.852,223.538,4.291
"Tenant 5 [Tier 4] Free-Tier Bulk Flood","PutLarge",1,0,227.441,222.747,4.683
"Tenant 5 [Tier 4] Free-Tier Bulk Flood","PutLarge",1,0,227.458,223.118,4.333
"Tenant 5 [Tier 4] Free-Tier Bulk Flood","PutLarge",1,0,228.738,224.061,4.671
"Tenant 5 [Tier 4] Free-Tier Bulk Flood","PutLarge",1,0,228.138,223.573,4.559
"Tenant 5 [Tier 4] Free-Tier Bulk Flood","PutLarge",1,0,227.432,222.919,4.511
"Tenant 5 [Tier 4] Free-Tier Bulk Flood","PutLarge",1,0,225.396,221.087,4.301
"Tenant 5 [Tier 4] Free-Tier Bulk Flood","PutLarge",1,0,224.416,219.953,4.452
"Tenant 5 [Tier 4] Free-Tier Bulk Flood","ListBucket",1,0,224.443,219.719,4.720
"Tenant 5 [Tier 4] Free-Tier Bulk Flood","PutLarge",1,0,223.900,219.369,4.526
"Tenant 5 [Tier 4] Free-Tier Bulk Flood","PutLarge",1,0,223.763,219.460,4.297
"Tenant 5 [Tier 4] Free-Tier Bulk Flood","PutLarge",1,0,225.087,220.627,4.451
"Tenant 5 [Tier 4] Free-Tier Bulk Flood","ListBucket",1,0,226.579,221.870,4.705
"Tenant 5 [Tier 4] Free-Tier Bulk Flood","PutLarge",1,0,224.545,220.175,4.364
"Tenant 5 [Tier 4] Free-Tier Bulk Flood","PutLarge",1,0,224.718,219.996,4.719
"Tenant 5 [Tier 4] Free-Tier Bulk Flood","PutLarge",1,0,225.083,220.636,4.440
"Tenant 5 [Tier 4] Free-Tier Bulk Flood","PutLarge",1,0,224.784,220.279,4.499
"Tenant 5 [Tier 4] Free-Tier Bulk Flood","PutLarge",1,0,224.706,220.362,4.336
"Tenant 5 [Tier 4] Free-Tier Bulk Flood","PutLarge",1,0,223.464,218.973,4.484
"Tenant 5 [Tier 4] Free-Tier Bulk Flood","ListBucket",1,0,223.049,218.376,4.669
"Tenant 5 [Tier 4] Free-Tier Bulk Flood","PutLarge",1,0,222.232,217.746,4.477
"Tenant 5 [Tier 4] Free-Tier Bulk Flood","PutLarge",1,0,223.089,218.567,4.511
"Tenant 5 [Tier 4] Free-Tier Bulk Flood","PutLarge",1,0,222.257,217.956,4.290
"Tenant 5 [Tier 4] Free-Tier Bulk Flood","ListBucket",1,0,223.236,218.644,4.578
"Tenant 5 [Tier 4] Free-Tier Bulk Flood","PutLarge",1,0,222.265,217.565,4.692
"Tenant 5 [Tier 4] Free-Tier Bulk Flood","PutLarge",1,0,222.267,217.792,4.462
"Tenant 5 [Tier 4] Free-Tier Bulk Flood","ListBucket",1,0,221.909,217.539,4.358
"Tenant 5 [Tier 4] Free-Tier Bulk Flood","PutLarge",1,0,222.187,217.614,4.565
"Tenant 5 [Tier 4] Free-Tier Bulk Flood","PutLarge",1,0,222.552,218.095,4.452
"Tenant 5 [Tier 4] Free-Tier Bulk Flood","PutLarge",1,0,220.658,216.338,4.286
"Tenant 5 [Tier 4] Free-Tier Bulk Flood","PutLarge",1,0,221.853,217.244,4.599
"Tenant 5 [Tier 4] Free-Tier Bulk Flood","PutLarge",1,0,222.149,217.787,4.329
"Tenant 5 [Tier 4] Free-Tier Bulk Flood","PutLarge",1,0,222.076,217.724,4.331
"Tenant 5 [Tier 4] Free-Tier Bulk Flood","PutLarge",1,0,222.351,217.743,4.595
"Tenant 5 [Tier 4] Free-Tier Bulk Flood","ListBucket",1,0,221.923,217.565,4.348
"Tenant 5 [Tier 4] Free-Tier Bulk Flood","PutLarge",1,0,222.385,217.815,4.555
"Tenant 5 [Tier 4] Free-Tier Bulk Flood","PutLarge",1,0,221.830,217.167,4.652
"Tenant 5 [Tier 4] Free-Tier Bulk Flood","PutLarge",1,0,222.071,217.733,4.322
"Tenant 5 [Tier 4] Free-Tier Bulk Flood","PutLarge",1,0,222.528,218.028,4.486
"Tenant 5 [Tier 4] Free-Tier Bulk Flood","PutLarge",1,0,221.905,217.432,4.434
"Tenant 5 [Tier 4] Free-Tier Bulk Flood","PutLarge",1,0,222.442,217.932,4.503
"Tenant 5 [Tier 4] Free-Tier Bulk Flood","PutLarge",1,0,223.333,219.014,4.293
"Tenant 5 [Tier 4] Free-Tier Bulk Flood","PutLarge",1,0,222.490,217.878,4.605
"Tenant 5 [Tier 4] Free-Tier Bulk Flood","PutLarge",1,0,221.899,217.568,4.329
"Tenant 5 [Tier 4] Free-Tier Bulk Flood","ListBucket",1,0,222.760,218.316,4.400
"Tenant 5 [Tier 4] Free-Tier Bulk Flood","ListBucket",1,0,222.726,218.414,4.280
"Tenant 5 [Tier 4] Free-Tier Bulk Flood","ListBucket",1,0,222.512,218.155,4.322
"Tenant 5 [Tier 4] Free-Tier Bulk Flood","PutLarge",1,0,222.900,218.173,4.716
"Tenant 5 [Tier 4] Free-Tier Bulk Flood","PutLarge",1,0,222.294,217.908,4.354
"Tenant 5 [Tier 4] Free-Tier Bulk Flood","PutLarge",1,0,223.157,218.457,4.670
"Tenant 5 [Tier 4] Free-Tier Bulk Flood","PutLarge",1,0,222.682,218.021,4.652
"Tenant 5 [Tier 4] Free-Tier Bulk Flood","PutLarge",1,0,222.282,217.935,4.313
"Tenant 5 [Tier 4] Free-Tier Bulk Flood","PutLarge",1,0,223.702,219.272,4.399
"Tenant 5 [Tier 4] Free-Tier Bulk Flood","ListBucket",1,0,223.373,218.836,4.533
"Tenant 5 [Tier 4] Free-Tier Bulk Flood","PutLarge",1,0,222.016,217.696,4.316
"Tenant 5 [Tier 4] Free-Tier Bulk Flood","ListBucket",1,0,223.073,218.653,4.409
"Tenant 5 [Tier 4] Free-Tier Bulk Flood","ListBucket",1,0,222.061,217.373,4.652
"Tenant 5 [Tier 4] Free-Tier Bulk Flood","ListBucket",1,0,221.721,217.396,4.317
"Tenant 5 [Tier 4] Free-Tier Bulk Flood","PutLarge",1,0,222.665,218.239,4.418
"Tenant 5 [Tier 4] Free-Tier Bulk Flood","PutLarge",1,0,222.921,218.288,4.629
"Tenant 5 [Tier 4] Free-Tier Bulk Flood","ListBucket",1,0,221.017,216.397,4.606
"Tenant 5 [Tier 4] Free-Tier Bulk Flood","PutLarge",1,0,221.919,217.592,4.290
"Tenant 5 [Tier 4] Free-Tier Bulk Flood","PutLarge",1,0,222.405,218.021,4.378
"Tenant 5 [Tier 4] Free-Tier Bulk Flood","PutLarge",1,0,221.975,217.640,4.332
"Tenant 5 [Tier 4] Free-Tier Bulk Flood","ListBucket",1,0,222.705,218.047,4.653
"Tenant 5 [Tier 4] Free-Tier Bulk Flood","PutLarge",1,0,221.920,217.385,4.531
"Tenant 5 [Tier 4] Free-Tier Bulk Flood","PutLarge",1,0,222.371,217.781,4.555
"Tenant 5 [Tier 4] Free-Tier Bulk Flood","ListBucket",1,0,222.034,217.624,4.384
"Tenant 5 [Tier 4] Free-Tier Bulk Flood","PutLarge",1,0,222.323,217.856,4.446
"Tenant 5 [Tier 4] Free-Tier Bulk Flood","PutLarge",1,0,222.001,217.583,4.409
"Tenant 5 [Tier 4] Free-Tier Bulk Flood","PutLarge",1,0,221.584,217.254,4.318
"Tenant 5 [Tier 4] Free-Tier Bulk Flood","PutLarge",1,0,223.275,218.694,4.575
"Tenant 5 [Tier 4] Free-Tier Bulk Flood","ListBucket",1,0,223.221,218.853,4.357
"Tenant 5 [Tier 4] Free-Tier Bulk Flood","ListBucket",1,0,222.618,218.119,4.489
"Tenant 5 [Tier 4] Free-Tier Bulk Flood","PutLarge",1,0,222.890,218.530,4.347
"Tenant 5 [Tier 4] Free-Tier Bulk Flood","PutLarge",1,0,223.553,218.848,4.702
"Tenant 5 [Tier 4] Free-Tier Bulk Flood","ListBucket",1,0,222.970,218.396,4.570
"Tenant 5 [Tier 4] Free-Tier Bulk Flood","PutLarge",1,0,223.344,218.871,4.466
"Tenant 5 [Tier 4] Free-Tier Bulk Flood","PutLarge",1,0,223.401,218.687,4.709
"Tenant 5 [Tier 4] Free-Tier Bulk Flood","ListBucket",1,0,223.567,218.957,4.608
"Tenant 5 [Tier 4] Free-Tier Bulk Flood","PutLarge",1,0,223.031,218.307,4.707
"Tenant 5 [Tier 4] Free-Tier Bulk Flood","PutLarge",1,0,224.168,219.495,4.671
"Tenant 5 [Tier 4] Free-Tier Bulk Flood","PutLarge",1,0,223.908,219.555,4.344
"Tenant 5 [Tier 4] Free-Tier Bulk Flood","PutLarge",1,0,223.832,219.117,4.709
"Tenant 5 [Tier 4] Free-Tier Bulk Flood","PutLarge",1,0,223.130,218.713,4.411
"Tenant 5 [Tier 4] Free-Tier Bulk Flood","PutLarge",1,0,225.342,220.718,4.619
"Tenant 5 [Tier 4] Free-Tier Bulk Flood","PutLarge",1,0,226.010,221.682,4.324
"Tenant 5 [Tier 4] Free-Tier Bulk Flood","ListBucket",1,0,225.345,220.691,4.646
"Tenant 5 [Tier 4] Free-Tier Bulk Flood","ListBucket",1,0,225.738,221.417,4.318
"Tenant 5 [Tier 4] Free-Tier Bulk Flood","PutLarge",1,0,226.356,222.042,4.308
"Tenant 5 [Tier 4] Free-Tier Bulk Flood","PutLarge",1,0,228.285,223.787,4.496
"Tenant 5 [Tier 4] Free-Tier Bulk Flood","PutLarge",1,0,226.321,221.620,4.697
"Tenant 5 [Tier 4] Free-Tier Bulk Flood","PutLarge",1,0,228.693,224.205,4.483
"Tenant 5 [Tier 4] Free-Tier Bulk Flood","PutLarge",1,0,226.360,221.704,4.653
"Tenant 5 [Tier 4] Free-Tier Bulk Flood","PutLarge",1,0,228.270,223.908,4.359
"Tenant 5 [Tier 4] Free-Tier Bulk Flood","ListBucket",1,0,228.055,223.592,4.457
"Tenant 5 [Tier 4] Free-Tier Bulk Flood","PutLarge",1,0,227.660,222.955,4.700
"Tenant 5 [Tier 4] Free-Tier Bulk Flood","ListBucket",1,0,228.597,224.213,4.379
"Tenant 5 [Tier 4] Free-Tier Bulk Flood","PutLarge",1,0,228.318,223.791,4.513
"Tenant 5 [Tier 4] Free-Tier Bulk Flood","ListBucket",1,0,227.092,222.589,4.497
"Tenant 5 [Tier 4] Free-Tier Bulk Flood","PutLarge",1,0,228.400,223.862,4.527
"Tenant 5 [Tier 4] Free-Tier Bulk Flood","PutLarge",1,0,227.758,223.442,4.312
"Tenant 5 [Tier 4] Free-Tier Bulk Flood","PutLarge",1,0,228.026,223.580,4.443
"Tenant 5 [Tier 4] Free-Tier Bulk Flood","ListBucket",1,0,227.345,223.018,4.310
"Tenant 5 [Tier 4] Free-Tier Bulk Flood","ListBucket",1,0,227.488,223.176,4.307
"Tenant 5 [Tier 4] Free-Tier Bulk Flood","PutLarge",1,0,227.304,222.951,4.339
"Tenant 5 [Tier 4] Free-Tier Bulk Flood","PutLarge",1,0,227.811,223.128,4.677
"Tenant 5 [Tier 4] Free-Tier Bulk Flood","PutLarge",1,0,227.283,222.738,4.530
"Tenant 5 [Tier 4] Free-Tier Bulk Flood","ListBucket",1,0,225.662,221.068,4.579
"Tenant 5 [Tier 4] Free-Tier Bulk Flood","PutLarge",1,0,229.054,224.350,4.694
"Tenant 5 [Tier 4] Free-Tier Bulk Flood","ListBucket",1,0,227.285,222.573,4.707
"Tenant 5 [Tier 4] Free-Tier Bulk Flood","ListBucket",1,0,226.955,222.445,4.486
"Tenant 5 [Tier 4] Free-Tier Bulk Flood","ListBucket",1,0,227.071,222.329,4.701
"Tenant 5 [Tier 4] Free-Tier Bulk Flood","ListBucket",1,0,226.527,222.156,4.368
"Tenant 5 [Tier 4] Free-Tier Bulk Flood","ListBucket",1,0,226.327,221.624,4.692
"Tenant 5 [Tier 4] Free-Tier Bulk Flood","PutLarge",1,0,226.202,221.872,4.298
"Tenant 5 [Tier 4] Free-Tier Bulk Flood","ListBucket",1,0,224.170,219.659,4.500
"Tenant 5 [Tier 4] Free-Tier Bulk Flood","PutLarge",1,0,226.412,221.806,4.601
"Tenant 5 [Tier 4] Free-Tier Bulk Flood","PutLarge",1,0,225.900,221.252,4.643
"Tenant 5 [Tier 4] Free-Tier Bulk Flood","ListBucket",1,0,226.165,221.559,4.574
"Tenant 5 [Tier 4] Free-Tier Bulk Flood","ListBucket",1,0,224.990,220.493,4.477
"Tenant 5 [Tier 4] Free-Tier Bulk Flood","ListBucket",1,0,224.613,220.072,4.518
"Tenant 5 [Tier 4] Free-Tier Bulk Flood","ListBucket",1,0,224.321,219.997,4.313
"Tenant 5 [Tier 4] Free-Tier Bulk Flood","PutLarge",1,0,224.906,220.269,4.611
"Tenant 5 [Tier 4] Free-Tier Bulk Flood","ListBucket",1,0,224.605,219.889,4.712
"Tenant 5 [Tier 4] Free-Tier Bulk Flood","PutLarge",1,0,224.766,220.187,4.508
"Tenant 5 [Tier 4] Free-Tier Bulk Flood","PutLarge",1,0,224.146,219.824,4.317
"Tenant 5 [Tier 4] Free-Tier Bulk Flood","PutLarge",1,0,224.758,220.043,4.711
"Tenant 5 [Tier 4] Free-Tier Bulk Flood","PutLarge",1,0,224.208,219.766,4.439
"Tenant 5 [Tier 4] Free-Tier Bulk Flood","PutLarge",1,0,224.747,220.022,4.721
"Tenant 5 [Tier 4] Free-Tier Bulk Flood","PutLarge",1,0,225.451,220.950,4.494
"Tenant 5 [Tier 4] Free-Tier Bulk Flood","PutLarge",1,0,226.814,222.152,4.605
"Tenant 5 [Tier 4] Free-Tier Bulk Flood","PutLarge",1,0,224.991,220.377,4.596
"Tenant 5 [Tier 4] Free-Tier Bulk Flood","PutLarge",1,0,225.671,221.007,4.627
"Tenant 5 [Tier 4] Free-Tier Bulk Flood","PutLarge",1,0,225.966,221.300,4.662
"Tenant 5 [Tier 4] Free-Tier Bulk Flood","ListBucket",1,0,225.745,221.263,4.433
"Tenant 5 [Tier 4] Free-Tier Bulk Flood","ListBucket",1,0,225.940,221.268,4.640
"Tenant 5 [Tier 4] Free-Tier Bulk Flood","PutLarge",1,0,225.815,221.482,4.322
"Tenant 5 [Tier 4] Free-Tier Bulk Flood","PutLarge",1,0,226.134,221.715,4.412
"Tenant 5 [Tier 4] Free-Tier Bulk Flood","PutLarge",1,0,226.311,221.654,4.651
"Tenant 5 [Tier 4] Free-Tier Bulk Flood","PutLarge",1,0,226.851,222.534,4.312
"Tenant 5 [Tier 4] Free-Tier Bulk Flood","PutLarge",1,0,226.615,222.262,4.346
"Tenant 5 [Tier 4] Free-Tier Bulk Flood","ListBucket",1,0,226.727,222.271,4.451
"Tenant 5 [Tier 4] Free-Tier Bulk Flood","PutLarge",1,0,225.783,221.493,4.284
"Tenant 5 [Tier 4] Free-Tier Bulk Flood","PutLarge",1,0,227.066,222.489,4.571
"Tenant 5 [Tier 4] Free-Tier Bulk Flood","PutLarge",1,0,227.758,223.171,4.581
"Tenant 5 [Tier 4] Free-Tier Bulk Flood","PutLarge",1,0,227.290,222.628,4.655
"Tenant 5 [Tier 4] Free-Tier Bulk Flood","PutLarge",1,0,227.347,222.953,4.384
"Tenant 5 [Tier 4] Free-Tier Bulk Flood","PutLarge",1,0,227.369,222.817,4.548
"Tenant 5 [Tier 4] Free-Tier Bulk Flood","PutLarge",1,0,228.516,224.178,4.324
"Tenant 5 [Tier 4] Free-Tier Bulk Flood","PutLarge",1,0,227.450,222.937,4.508
"Tenant 5 [Tier 4] Free-Tier Bulk Flood","ListBucket",1,0,226.998,222.639,4.339
"Tenant 5 [Tier 4] Free-Tier Bulk Flood","PutLarge",1,0,228.088,223.698,4.384
"Tenant 5 [Tier 4] Free-Tier Bulk Flood","PutLarge",1,0,228.304,223.934,4.367
"Tenant 5 [Tier 4] Free-Tier Bulk Flood","PutLarge",1,0,228.680,224.030,4.642
"Tenant 5 [Tier 4] Free-Tier Bulk Flood","ListBucket",1,0,227.252,222.865,4.381
"Tenant 5 [Tier 4] Free-Tier Bulk Flood","PutLarge",1,0,229.647,224.934,4.679
"Tenant 5 [Tier 4] Free-Tier Bulk Flood","ListBucket",1,0,228.246,223.914,4.328
"Tenant 5 [Tier 4] Free-Tier Bulk Flood","ListBucket",1,0,228.743,224.061,4.676
"Tenant 5 [Tier 4] Free-Tier Bulk Flood","PutLarge",1,0,227.534,223.041,4.489
"Tenant 5 [Tier 4] Free-Tier Bulk Flood","PutLarge",1,0,228.957,224.606,4.345
"Tenant 5 [Tier 4] Free-Tier Bulk Flood","PutLarge",1,0,229.203,224.601,4.596
"Tenant 5 [Tier 4] Free-Tier Bulk Flood","PutLarge",1,0,228.981,224.447,4.528
"Tenant 5 [Tier 4] Free-Tier Bulk Flood","ListBucket",1,0,227.331,222.637,4.691
"Tenant 5 [Tier 4] Free-Tier Bulk Flood","PutLarge",1,0,228.718,224.253,4.459
"Tenant 5 [Tier 4] Free-Tier Bulk Flood","PutLarge",1,0,225.896,221.223,4.668
"Tenant 5 [Tier 4] Free-Tier Bulk Flood","PutLarge",1,0,229.254,224.672,4.576
"Tenant 5 [Tier 4] Free-Tier Bulk Flood","PutLarge",1,0,228.589,224.053,4.534
"Tenant 5 [Tier 4] Free-Tier Bulk Flood","PutLarge",1,0,230.002,225.339,4.656
"Tenant 5 [Tier 4] Free-Tier Bulk Flood","PutLarge",1,0,229.444,225.045,4.393
"Tenant 5 [Tier 4] Free-Tier Bulk Flood","ListBucket",1,0,230.990,226.280,4.707
"Tenant 5 [Tier 4] Free-Tier Bulk Flood","ListBucket",1,0,230.661,226.280,4.374
"Tenant 5 [Tier 4] Free-Tier Bulk Flood","ListBucket",1,0,226.946,222.250,4.691
"Tenant 5 [Tier 4] Free-Tier Bulk Flood","PutLarge",1,0,228.340,223.614,4.721
"Tenant 5 [Tier 4] Free-Tier Bulk Flood","PutLarge",1,0,226.705,222.170,4.531
"Tenant 5 [Tier 4] Free-Tier Bulk Flood","PutLarge",1,0,227.883,223.488,4.389
"Tenant 5 [Tier 4] Free-Tier Bulk Flood","PutLarge",1,0,227.817,223.267,4.547
"Tenant 5 [Tier 4] Free-Tier Bulk Flood","PutLarge",1,0,226.933,222.231,4.688
"Tenant 5 [Tier 4] Free-Tier Bulk Flood","PutLarge",1,0,224.953,220.616,4.315
"Tenant 5 [Tier 4] Free-Tier Bulk Flood","ListBucket",1,0,226.195,221.700,4.482
"Tenant 5 [Tier 4] Free-Tier Bulk Flood","PutLarge",1,0,224.710,220.388,4.304
"Tenant 5 [Tier 4] Free-Tier Bulk Flood","PutLarge",1,0,225.483,221.030,4.426
"Tenant 5 [Tier 4] Free-Tier Bulk Flood","PutLarge",1,0,226.526,222.058,4.459
"Tenant 5 [Tier 4] Free-Tier Bulk Flood","PutLarge",1,0,225.728,221.300,4.421
"Tenant 5 [Tier 4] Free-Tier Bulk Flood","ListBucket",1,0,226.708,222.370,4.309
"Tenant 5 [Tier 4] Free-Tier Bulk Flood","PutLarge",1,0,225.749,221.370,4.364
"Tenant 5 [Tier 4] Free-Tier Bulk Flood","ListBucket",1,0,226.709,221.998,4.679
"Tenant 5 [Tier 4] Free-Tier Bulk Flood","PutLarge",1,0,225.872,221.171,4.694
"Tenant 5 [Tier 4] Free-Tier Bulk Flood","PutLarge",1,0,229.118,224.363,4.720
"Tenant 5 [Tier 4] Free-Tier Bulk Flood","PutLarge",1,0,225.837,221.146,4.644
"Tenant 5 [Tier 4] Free-Tier Bulk Flood","ListBucket",1,0,226.047,221.357,4.650
"Tenant 5 [Tier 4] Free-Tier Bulk Flood","ListBucket",1,0,226.153,221.741,4.380
"Tenant 5 [Tier 4] Free-Tier Bulk Flood","PutLarge",1,0,226.524,221.907,4.583
"Tenant 5 [Tier 4] Free-Tier Bulk Flood","PutLarge",1,0,226.659,221.972,4.674
"Tenant 5 [Tier 4] Free-Tier Bulk Flood","PutLarge",1,0,227.202,222.850,4.324
"Tenant 5 [Tier 4] Free-Tier Bulk Flood","ListBucket",1,0,225.010,220.527,4.449
"Tenant 5 [Tier 4] Free-Tier Bulk Flood","ListBucket",1,0,228.461,224.071,4.357
"Tenant 5 [Tier 4] Free-Tier Bulk Flood","PutLarge",1,0,226.734,222.369,4.361
"Tenant 5 [Tier 4] Free-Tier Bulk Flood","PutLarge",1,0,225.742,221.408,4.331
"Tenant 5 [Tier 4] Free-Tier Bulk Flood","ListBucket",1,0,227.130,222.599,4.527
"Tenant 5 [Tier 4] Free-Tier Bulk Flood","PutLarge",1,0,226.682,222.130,4.519
"Tenant 5 [Tier 4] Free-Tier Bulk Flood","PutLarge",1,0,227.588,222.943,4.615
"Tenant 5 [Tier 4] Free-Tier Bulk Flood","PutLarge",1,0,228.312,223.611,4.671
"Tenant 5 [Tier 4] Free-Tier Bulk Flood","PutLarge",1,0,227.568,222.977,4.542
"Tenant 5 [Tier 4] Free-Tier Bulk Flood","PutLarge",1,0,228.055,223.594,4.422
"Tenant 5 [Tier 4] Free-Tier Bulk Flood","PutLarge",1,0,228.036,223.400,4.575
"Tenant 5 [Tier 4] Free-Tier Bulk Flood","PutLarge",1,0,229.455,225.017,4.424
"Tenant 5 [Tier 4] Free-Tier Bulk Flood","PutLarge",1,0,229.023,224.579,4.431
"Tenant 5 [Tier 4] Free-Tier Bulk Flood","PutLarge",1,0,229.558,225.024,4.530
"Tenant 5 [Tier 4] Free-Tier Bulk Flood","ListBucket",1,0,228.671,224.295,4.291
"Tenant 5 [Tier 4] Free-Tier Bulk Flood","PutLarge",1,0,228.858,224.496,4.357
"Tenant 5 [Tier 4] Free-Tier Bulk Flood","PutLarge",1,0,228.189,223.570,4.612
"Tenant 5 [Tier 4] Free-Tier Bulk Flood","PutLarge",1,0,228.020,223.419,4.596
"Tenant 5 [Tier 4] Free-Tier Bulk Flood","PutLarge",1,0,227.842,223.516,4.294
"Tenant 5 [Tier 4] Free-Tier Bulk Flood","PutLarge",1,0,229.295,224.624,4.633
"Tenant 5 [Tier 4] Free-Tier Bulk Flood","PutLarge",1,0,229.686,224.957,4.710
"Tenant 5 [Tier 4] Free-Tier Bulk Flood","PutLarge",1,0,229.157,224.456,4.667
"Tenant 5 [Tier 4] Free-Tier Bulk Flood","PutLarge",1,0,229.982,225.388,4.573
"Tenant 5 [Tier 4] Free-Tier Bulk Flood","ListBucket",1,0,228.564,223.946,4.614
"Tenant 5 [Tier 4] Free-Tier Bulk Flood","ListBucket",1,0,228.060,223.396,4.650
"Tenant 5 [Tier 4] Free-Tier Bulk Flood","PutLarge",1,0,228.834,224.184,4.637
"Tenant 5 [Tier 4] Free-Tier Bulk Flood","PutLarge",1,0,229.506,224.860,4.640
"Tenant 5 [Tier 4] Free-Tier Bulk Flood","PutLarge",1,0,229.384,224.672,4.708
"Tenant 5 [Tier 4] Free-Tier Bulk Flood","PutLarge",1,0,229.230,224.814,4.380
"Tenant 5 [Tier 4] Free-Tier Bulk Flood","ListBucket",1,0,228.860,224.385,4.460
"Tenant 5 [Tier 4] Free-Tier Bulk Flood","PutLarge",1,0,228.943,224.299,4.638
"Tenant 5 [Tier 4] Free-Tier Bulk Flood","PutLarge",1,0,227.808,223.165,4.638
"Tenant 5 [Tier 4] Free-Tier Bulk Flood","ListBucket",1,0,227.911,223.595,4.313
"Tenant 5 [Tier 4] Free-Tier Bulk Flood","PutLarge",1,0,227.978,223.278,4.690
"Tenant 5 [Tier 4] Free-Tier Bulk Flood","PutLarge",1,0,228.163,223.547,4.610
"Tenant 5 [Tier 4] Free-Tier Bulk Flood","PutLarge",1,0,228.950,224.607,4.328
"Tenant 5 [Tier 4] Free-Tier Bulk Flood","PutLarge",1,0,228.815,224.158,4.642
"Tenant 5 [Tier 4] Free-Tier Bulk Flood","PutLarge",1,0,228.274,223.978,4.293
"Tenant 5 [Tier 4] Free-Tier Bulk Flood","PutLarge",1,0,227.884,223.538,4.341
"Tenant 5 [Tier 4] Free-Tier Bulk Flood","ListBucket",1,0,227.456,222.942,4.510
"Tenant 5 [Tier 4] Free-Tier Bulk Flood","PutLarge",1,0,227.970,223.530,4.429
"Tenant 5 [Tier 4] Free-Tier Bulk Flood","PutLarge",1,0,227.661,222.933,4.724
"Tenant 5 [Tier 4] Free-Tier Bulk Flood","ListBucket",1,0,229.358,224.698,4.657
"Tenant 5 [Tier 4] Free-Tier Bulk Flood","PutLarge",1,0,228.471,223.824,4.643
"Tenant 5 [Tier 4] Free-Tier Bulk Flood","PutLarge",1,0,230.100,225.528,4.566
"Tenant 5 [Tier 4] Free-Tier Bulk Flood","PutLarge",1,0,229.302,224.649,4.649
"Tenant 5 [Tier 4] Free-Tier Bulk Flood","ListBucket",1,0,227.530,223.005,4.521
"Tenant 5 [Tier 4] Free-Tier Bulk Flood","PutLarge",1,0,229.045,224.368,4.665
"Tenant 5 [Tier 4] Free-Tier Bulk Flood","ListBucket",1,0,228.555,224.041,4.509
"Tenant 5 [Tier 4] Free-Tier Bulk Flood","PutLarge",1,0,229.524,225.046,4.474
"Tenant 5 [Tier 4] Free-Tier Bulk Flood","PutLarge",1,0,229.657,225.087,4.556
"Tenant 5 [Tier 4] Free-Tier Bulk Flood","PutLarge",1,0,227.808,223.413,4.388
"Tenant 5 [Tier 4] Free-Tier Bulk Flood","PutLarge",1,0,231.063,226.396,4.662
"Tenant 5 [Tier 4] Free-Tier Bulk Flood","PutLarge",1,0,231.327,226.734,4.579
"Tenant 5 [Tier 4] Free-Tier Bulk Flood","PutLarge",1,0,233.047,228.520,4.524
"Tenant 5 [Tier 4] Free-Tier Bulk Flood","PutLarge",1,0,232.327,228.015,4.303
"Tenant 5 [Tier 4] Free-Tier Bulk Flood","PutLarge",1,0,236.007,231.458,4.545
"Tenant 5 [Tier 4] Free-Tier Bulk Flood","ListBucket",1,0,235.175,230.571,4.601
"Tenant 5 [Tier 4] Free-Tier Bulk Flood","ListBucket",1,0,235.422,231.081,4.338
"Tenant 5 [Tier 4] Free-Tier Bulk Flood","ListBucket",1,0,236.001,231.676,4.322
"Tenant 5 [Tier 4] Free-Tier Bulk Flood","ListBucket",1,0,236.063,231.612,4.445
"Tenant 5 [Tier 4] Free-Tier Bulk Flood","PutLarge",1,0,236.021,231.469,4.549
"Tenant 5 [Tier 4] Free-Tier Bulk Flood","PutLarge",1,0,234.901,230.473,4.410
"Tenant 5 [Tier 4] Free-Tier Bulk Flood","ListBucket",1,0,235.681,231.169,4.499
"Tenant 5 [Tier 4] Free-Tier Bulk Flood","PutLarge",1,0,235.265,230.910,4.350
"Tenant 5 [Tier 4] Free-Tier Bulk Flood","PutLarge",1,0,235.663,231.359,4.291
"Tenant 5 [Tier 4] Free-Tier Bulk Flood","ListBucket",1,0,235.330,230.812,4.506
"Tenant 5 [Tier 4] Free-Tier Bulk Flood","PutLarge",1,0,234.445,229.927,4.511
"Tenant 5 [Tier 4] Free-Tier Bulk Flood","ListBucket",1,0,235.359,230.907,4.445
"Tenant 5 [Tier 4] Free-Tier Bulk Flood","PutLarge",1,0,234.537,230.094,4.433
"Tenant 5 [Tier 4] Free-Tier Bulk Flood","PutLarge",1,0,235.620,231.006,4.610
"Tenant 5 [Tier 4] Free-Tier Bulk Flood","ListBucket",1,0,232.460,227.771,4.657
"Tenant 5 [Tier 4] Free-Tier Bulk Flood","ListBucket",1,0,234.958,230.507,4.444
"Tenant 5 [Tier 4] Free-Tier Bulk Flood","ListBucket",1,0,233.903,229.178,4.720
"Tenant 5 [Tier 4] Free-Tier Bulk Flood","ListBucket",1,0,234.665,230.058,4.601
"Tenant 5 [Tier 4] Free-Tier Bulk Flood","PutLarge",1,0,233.808,229.420,4.356
"Tenant 5 [Tier 4] Free-Tier Bulk Flood","ListBucket",1,0,234.228,229.878,4.333
"Tenant 5 [Tier 4] Free-Tier Bulk Flood","PutLarge",1,0,233.777,229.201,4.563
"Tenant 5 [Tier 4] Free-Tier Bulk Flood","PutLarge",1,0,233.946,229.524,4.408
"Tenant 5 [Tier 4] Free-Tier Bulk Flood","PutLarge",1,0,233.870,229.462,4.402
"Tenant 5 [Tier 4] Free-Tier Bulk Flood","PutLarge",1,0,235.336,230.921,4.400
"Tenant 5 [Tier 4] Free-Tier Bulk Flood","PutLarge",1,0,234.874,230.157,4.712
"Tenant 5 [Tier 4] Free-Tier Bulk Flood","PutLarge",1,0,235.420,230.739,4.679
"Tenant 5 [Tier 4] Free-Tier Bulk Flood","PutLarge",1,0,235.336,230.684,4.647
"Tenant 5 [Tier 4] Free-Tier Bulk Flood","ListBucket",1,0,234.798,230.369,4.417
"Tenant 5 [Tier 4] Free-Tier Bulk Flood","PutLarge",1,0,235.178,230.800,4.358
"Tenant 5 [Tier 4] Free-Tier Bulk Flood","ListBucket",1,0,234.497,230.161,4.302
"Tenant 5 [Tier 4] Free-Tier Bulk Flood","PutLarge",1,0,235.084,230.478,4.601
"Tenant 5 [Tier 4] Free-Tier Bulk Flood","PutLarge",1,0,235.168,230.820,4.343
"Tenant 5 [Tier 4] Free-Tier Bulk Flood","ListBucket",1,0,235.113,230.599,4.467
"Tenant 5 [Tier 4] Free-Tier Bulk Flood","PutLarge",1,0,235.073,230.530,4.504
"Tenant 5 [Tier 4] Free-Tier Bulk Flood","PutLarge",1,0,234.456,229.778,4.674
"Tenant 5 [Tier 4] Free-Tier Bulk Flood","ListBucket",1,0,233.773,229.370,4.395
"Tenant 5 [Tier 4] Free-Tier Bulk Flood","PutLarge",1,0,234.949,230.503,4.441
"Tenant 5 [Tier 4] Free-Tier Bulk Flood","PutLarge",1,0,235.819,231.175,4.639
"Tenant 5 [Tier 4] Free-Tier Bulk Flood","PutLarge",1,0,234.736,230.394,4.308
"Tenant 5 [Tier 4] Free-Tier Bulk Flood","PutLarge",1,0,234.575,229.883,4.670
"Tenant 5 [Tier 4] Free-Tier Bulk Flood","PutLarge",1,0,236.138,231.621,4.466
"Tenant 5 [Tier 4] Free-Tier Bulk Flood","PutLarge",1,0,234.954,230.483,4.442
"Tenant 5 [Tier 4] Free-Tier Bulk Flood","ListBucket",1,0,233.912,229.591,4.286
"Tenant 5 [Tier 4] Free-Tier Bulk Flood","PutLarge",1,0,233.964,229.526,4.428
"Tenant 5 [Tier 4] Free-Tier Bulk Flood","PutLarge",1,0,233.890,229.377,4.482
"Tenant 5 [Tier 4] Free-Tier Bulk Flood","ListBucket",1,0,231.130,226.568,4.546
"Tenant 5 [Tier 4] Free-Tier Bulk Flood","PutLarge",1,0,235.452,230.759,4.688
"Tenant 5 [Tier 4] Free-Tier Bulk Flood","PutLarge",1,0,234.873,230.492,4.365
"Tenant 5 [Tier 4] Free-Tier Bulk Flood","PutLarge",1,0,234.167,229.467,4.695
"Tenant 5 [Tier 4] Free-Tier Bulk Flood","PutLarge",1,0,234.253,229.904,4.338
"Tenant 5 [Tier 4] Free-Tier Bulk Flood","PutLarge",1,0,233.910,229.558,4.349
"Tenant 5 [Tier 4] Free-Tier Bulk Flood","PutLarge",1,0,234.418,229.842,4.560
"Tenant 5 [Tier 4] Free-Tier Bulk Flood","ListBucket",1,0,234.048,229.460,4.582
"Tenant 5 [Tier 4] Free-Tier Bulk Flood","PutLarge",1,0,233.661,229.150,4.502
"Tenant 5 [Tier 4] Free-Tier Bulk Flood","PutLarge",1,0,234.890,230.427,4.450
"Tenant 5 [Tier 4] Free-Tier Bulk Flood","PutLarge",1,0,235.723,231.158,4.559
"Tenant 5 [Tier 4] Free-Tier Bulk Flood","PutLarge",1,0,235.609,231.020,4.581
"Tenant 5 [Tier 4] Free-Tier Bulk Flood","ListBucket",1,0,234.948,230.493,4.446
"Tenant 5 [Tier 4] Free-Tier Bulk Flood","PutLarge",1,0,235.363,230.868,4.487
"Tenant 5 [Tier 4] Free-Tier Bulk Flood","ListBucket",1,0,233.938,229.624,4.308
"Tenant 5 [Tier 4] Free-Tier Bulk Flood","PutLarge",1,0,234.851,230.503,4.337
"Tenant 5 [Tier 4] Free-Tier Bulk Flood","PutLarge",1,0,236.484,231.981,4.498
"Tenant 5 [Tier 4] Free-Tier Bulk Flood","ListBucket",1,0,235.463,230.991,4.465
"Tenant 5 [Tier 4] Free-Tier Bulk Flood","PutLarge",1,0,235.586,231.144,4.436
"Tenant 5 [Tier 4] Free-Tier Bulk Flood","PutLarge",1,0,235.903,231.287,4.603
"Tenant 5 [Tier 4] Free-Tier Bulk Flood","ListBucket",1,0,234.984,230.415,4.566
"Tenant 5 [Tier 4] Free-Tier Bulk Flood","PutLarge",1,0,234.763,230.082,4.668
"Tenant 5 [Tier 4] Free-Tier Bulk Flood","PutLarge",1,0,234.745,230.432,4.308
"Tenant 5 [Tier 4] Free-Tier Bulk Flood","PutLarge",1,0,236.082,231.373,4.702
"Tenant 5 [Tier 4] Free-Tier Bulk Flood","PutLarge",1,0,237.275,232.838,4.434
"Tenant 5 [Tier 4] Free-Tier Bulk Flood","ListBucket",1,0,235.020,230.632,4.384
"Tenant 5 [Tier 4] Free-Tier Bulk Flood","PutLarge",1,0,234.679,230.111,4.565
"Tenant 5 [Tier 4] Free-Tier Bulk Flood","PutLarge",1,0,233.199,228.663,4.533
"Tenant 5 [Tier 4] Free-Tier Bulk Flood","PutLarge",1,0,231.547,226.891,4.650
"Tenant 5 [Tier 4] Free-Tier Bulk Flood","PutLarge",1,0,231.345,226.631,4.709
"Tenant 5 [Tier 4] Free-Tier Bulk Flood","PutLarge",1,0,228.733,224.318,4.406
"Tenant 5 [Tier 4] Free-Tier Bulk Flood","PutLarge",1,0,225.085,220.428,4.650
"Tenant 5 [Tier 4] Free-Tier Bulk Flood","PutLarge",1,0,228.637,224.163,4.460
"Tenant 5 [Tier 4] Free-Tier Bulk Flood","PutLarge",1,0,226.794,222.287,4.502
"Tenant 5 [Tier 4] Free-Tier Bulk Flood","ListBucket",1,0,224.943,220.650,4.286
"Tenant 5 [Tier 4] Free-Tier Bulk Flood","PutLarge",1,0,226.997,222.487,4.503
"Tenant 5 [Tier 4] Free-Tier Bulk Flood","PutLarge",1,0,225.144,220.820,4.313
"Tenant 5 [Tier 4] Free-Tier Bulk Flood","PutLarge",1,0,224.224,219.696,4.524
"Tenant 5 [Tier 4] Free-Tier Bulk Flood","PutLarge",1,0,222.364,217.862,4.499
"Tenant 5 [Tier 4] Free-Tier Bulk Flood","ListBucket",1,0,220.942,216.517,4.421
"Tenant 5 [Tier 4] Free-Tier Bulk Flood","PutLarge",1,0,221.617,217.068,4.539
"Tenant 5 [Tier 4] Free-Tier Bulk Flood","PutLarge",1,0,222.095,217.578,4.501
"Tenant 5 [Tier 4] Free-Tier Bulk Flood","PutLarge",1,0,222.208,217.493,4.703
"Tenant 5 [Tier 4] Free-Tier Bulk Flood","PutLarge",1,0,222.345,217.789,4.552
"Tenant 5 [Tier 4] Free-Tier Bulk Flood","ListBucket",1,0,222.415,217.705,4.693
"Tenant 5 [Tier 4] Free-Tier Bulk Flood","ListBucket",1,0,222.148,217.808,4.334
"Tenant 5 [Tier 4] Free-Tier Bulk Flood","PutLarge",1,0,221.721,217.311,4.403
"Tenant 5 [Tier 4] Free-Tier Bulk Flood","ListBucket",1,0,219.728,215.205,4.517
"Tenant 5 [Tier 4] Free-Tier Bulk Flood","PutLarge",1,0,221.535,217.085,4.442
"Tenant 5 [Tier 4] Free-Tier Bulk Flood","PutLarge",1,0,224.446,219.791,4.642
"Tenant 5 [Tier 4] Free-Tier Bulk Flood","ListBucket",1,0,221.950,217.519,4.420
"Tenant 5 [Tier 4] Free-Tier Bulk Flood","PutLarge",1,0,222.840,218.265,4.566
"Tenant 5 [Tier 4] Free-Tier Bulk Flood","PutLarge",1,0,221.907,217.536,4.363
"Tenant 5 [Tier 4] Free-Tier Bulk Flood","ListBucket",1,0,223.231,218.623,4.597
"Tenant 5 [Tier 4] Free-Tier Bulk Flood","ListBucket",1,0,222.458,217.938,4.512
"Tenant 5 [Tier 4] Free-Tier Bulk Flood","PutLarge",1,0,222.926,218.356,4.562
"Tenant 5 [Tier 4] Free-Tier Bulk Flood","ListBucket",1,0,221.015,216.341,4.654
"Tenant 5 [Tier 4] Free-Tier Bulk Flood","PutLarge",1,0,222.830,218.357,4.467
"Tenant 5 [Tier 4] Free-Tier Bulk Flood","ListBucket",1,0,223.109,218.703,4.401
"Tenant 5 [Tier 4] Free-Tier Bulk Flood","PutLarge",1,0,222.366,217.811,4.526
"Tenant 5 [Tier 4] Free-Tier Bulk Flood","PutLarge",1,0,221.200,216.745,4.439
"Tenant 5 [Tier 4] Free-Tier Bulk Flood","PutLarge",1,0,222.016,217.716,4.296
"Tenant 5 [Tier 4] Free-Tier Bulk Flood","PutLarge",1,0,221.843,217.332,4.507
"Tenant 5 [Tier 4] Free-Tier Bulk Flood","ListBucket",1,0,222.202,217.628,4.559
"Tenant 5 [Tier 4] Free-Tier Bulk Flood","PutLarge",1,0,221.789,217.486,4.297
"Tenant 5 [Tier 4] Free-Tier Bulk Flood","ListBucket",1,0,220.263,215.926,4.333
"Tenant 5 [Tier 4] Free-Tier Bulk Flood","PutLarge",1,0,221.083,216.506,4.540
"Tenant 5 [Tier 4] Free-Tier Bulk Flood","ListBucket",1,0,220.970,216.600,4.365
"Tenant 5 [Tier 4] Free-Tier Bulk Flood","PutLarge",1,0,221.679,217.364,4.309
"Tenant 5 [Tier 4] Free-Tier Bulk Flood","ListBucket",1,0,222.060,217.647,4.409
"Tenant 5 [Tier 4] Free-Tier Bulk Flood","PutLarge",1,0,221.578,217.259,4.305
"Tenant 5 [Tier 4] Free-Tier Bulk Flood","PutLarge",1,0,221.582,217.036,4.541
"Tenant 5 [Tier 4] Free-Tier Bulk Flood","PutLarge",1,0,221.793,217.360,4.427
"Tenant 5 [Tier 4] Free-Tier Bulk Flood","PutLarge",1,0,222.524,218.234,4.278
"Tenant 5 [Tier 4] Free-Tier Bulk Flood","PutLarge",1,0,221.388,217.087,4.293
"Tenant 5 [Tier 4] Free-Tier Bulk Flood","ListBucket",1,0,221.242,216.520,4.718
"Tenant 5 [Tier 4] Free-Tier Bulk Flood","PutLarge",1,0,222.500,218.093,4.403
"Tenant 5 [Tier 4] Free-Tier Bulk Flood","ListBucket",1,0,221.432,216.901,4.525
"Tenant 5 [Tier 4] Free-Tier Bulk Flood","PutLarge",1,0,221.517,217.149,4.363
"Tenant 5 [Tier 4] Free-Tier Bulk Flood","PutLarge",1,0,222.057,217.543,4.499
"Tenant 5 [Tier 4] Free-Tier Bulk Flood","PutLarge",1,0,224.140,219.717,4.391
"Tenant 5 [Tier 4] Free-Tier Bulk Flood","PutLarge",1,0,221.232,216.521,4.707
"Tenant 5 [Tier 4] Free-Tier Bulk Flood","ListBucket",1,0,222.125,217.479,4.641
"Tenant 5 [Tier 4] Free-Tier Bulk Flood","PutLarge",1,0,221.485,217.075,4.401
"Tenant 5 [Tier 4] Free-Tier Bulk Flood","PutLarge",1,0,221.396,216.950,4.440
"Tenant 5 [Tier 4] Free-Tier Bulk Flood","PutLarge",1,0,222.001,217.443,4.547
"Tenant 5 [Tier 4] Free-Tier Bulk Flood","PutLarge",1,0,221.728,217.196,4.526
"Tenant 5 [Tier 4] Free-Tier Bulk Flood","PutLarge",1,0,222.056,217.422,4.626
"Tenant 5 [Tier 4] Free-Tier Bulk Flood","PutLarge",1,0,222.122,217.724,4.393
"Tenant 5 [Tier 4] Free-Tier Bulk Flood","ListBucket",1,0,220.951,216.290,4.656
"Tenant 5 [Tier 4] Free-Tier Bulk Flood","PutLarge",1,0,221.491,216.877,4.602
"Tenant 5 [Tier 4] Free-Tier Bulk Flood","PutLarge",1,0,222.424,217.863,4.553
"Tenant 5 [Tier 4] Free-Tier Bulk Flood","PutLarge",1,0,222.323,217.756,4.515
"Tenant 5 [Tier 4] Free-Tier Bulk Flood","PutLarge",1,0,221.115,216.656,4.456
"Tenant 5 [Tier 4] Free-Tier Bulk Flood","PutLarge",1,0,222.804,218.212,4.589
"Tenant 5 [Tier 4] Free-Tier Bulk Flood","ListBucket",1,0,221.902,217.303,4.595
"Tenant 5 [Tier 4] Free-Tier Bulk Flood","PutLarge",1,0,222.930,218.313,4.606
"Tenant 5 [Tier 4] Free-Tier Bulk Flood","ListBucket",1,0,222.277,217.757,4.508
"Tenant 5 [Tier 4] Free-Tier Bulk Flood","ListBucket",1,0,221.864,217.533,4.327
"Tenant 5 [Tier 4] Free-Tier Bulk Flood","ListBucket",1,0,221.134,216.789,4.340
"Tenant 5 [Tier 4] Free-Tier Bulk Flood","PutLarge",1,0,222.493,218.197,4.290
"Tenant 5 [Tier 4] Free-Tier Bulk Flood","PutLarge",1,0,223.866,219.226,4.634
"Tenant 5 [Tier 4] Free-Tier Bulk Flood","PutLarge",1,0,222.840,218.148,4.688
"Tenant 5 [Tier 4] Free-Tier Bulk Flood","PutLarge",1,0,222.450,218.133,4.312
"Tenant 5 [Tier 4] Free-Tier Bulk Flood","PutLarge",1,0,223.239,218.570,4.657
"Tenant 5 [Tier 4] Free-Tier Bulk Flood","PutLarge",1,0,226.376,221.947,4.421
"Tenant 5 [Tier 4] Free-Tier Bulk Flood","PutLarge",1,0,227.384,223.044,4.337
"Tenant 5 [Tier 4] Free-Tier Bulk Flood","PutLarge",1,0,226.229,221.902,4.317
"Tenant 5 [Tier 4] Free-Tier Bulk Flood","PutLarge",1,0,227.682,223.292,4.384
"Tenant 5 [Tier 4] Free-Tier Bulk Flood","PutLarge",1,0,230.001,225.472,4.522
"Tenant 5 [Tier 4] Free-Tier Bulk Flood","PutLarge",1,0,230.426,225.904,4.518
"Tenant 5 [Tier 4] Free-Tier Bulk Flood","PutLarge",1,0,228.402,224.120,4.275
"Tenant 5 [Tier 4] Free-Tier Bulk Flood","ListBucket",1,0,227.430,223.133,4.286
"Tenant 5 [Tier 4] Free-Tier Bulk Flood","ListBucket",1,0,229.686,225.018,4.661
"Tenant 5 [Tier 4] Free-Tier Bulk Flood","PutLarge",1,0,228.373,224.043,4.320
"Tenant 5 [Tier 4] Free-Tier Bulk Flood","PutLarge",1,0,230.129,225.501,4.621
"Tenant 5 [Tier 4] Free-Tier Bulk Flood","PutLarge",1,0,232.069,227.711,4.353
"Tenant 5 [Tier 4] Free-Tier Bulk Flood","PutLarge",1,0,233.132,228.686,4.432
"Tenant 5 [Tier 4] Free-Tier Bulk Flood","ListBucket",1,0,233.167,228.866,4.294
"Tenant 5 [Tier 4] Free-Tier Bulk Flood","PutLarge",1,0,233.300,228.710,4.578
"Tenant 5 [Tier 4] Free-Tier Bulk Flood","ListBucket",1,0,233.288,228.620,4.657
"Tenant 5 [Tier 4] Free-Tier Bulk Flood","ListBucket",1,0,232.646,228.157,4.463
"Tenant 5 [Tier 4] Free-Tier Bulk Flood","ListBucket",1,0,232.474,228.055,4.408
"Tenant 5 [Tier 4] Free-Tier Bulk Flood","PutLarge",1,0,232.162,227.750,4.398
"Tenant 5 [Tier 4] Free-Tier Bulk Flood","PutLarge",1,0,231.893,227.457,4.432
"Tenant 5 [Tier 4] Free-Tier Bulk Flood","PutLarge",1,0,231.803,227.433,4.336
"Tenant 5 [Tier 4] Free-Tier Bulk Flood","PutLarge",1,0,232.476,228.146,4.308
"Tenant 5 [Tier 4] Free-Tier Bulk Flood","PutLarge",1,0,235.914,231.358,4.552
"Tenant 5 [Tier 4] Free-Tier Bulk Flood","PutLarge",1,0,233.537,229.025,4.491
"Tenant 5 [Tier 4] Free-Tier Bulk Flood","PutLarge",1,0,233.183,228.612,4.559
"Tenant 5 [Tier 4] Free-Tier Bulk Flood","PutLarge",1,0,233.262,228.806,4.433
"Tenant 5 [Tier 4] Free-Tier Bulk Flood","PutLarge",1,0,233.117,228.623,4.490
"Tenant 5 [Tier 4] Free-Tier Bulk Flood","PutLarge",1,0,234.622,230.153,4.465
"Tenant 5 [Tier 4] Free-Tier Bulk Flood","ListBucket",1,0,233.084,228.726,4.355
"Tenant 5 [Tier 4] Free-Tier Bulk Flood","PutLarge",1,0,234.101,229.781,4.318
"Tenant 5 [Tier 4] Free-Tier Bulk Flood","PutLarge",1,0,233.394,228.813,4.573
"Tenant 5 [Tier 4] Free-Tier Bulk Flood","ListBucket",1,0,235.538,231.108,4.395
"Tenant 5 [Tier 4] Free-Tier Bulk Flood","PutLarge",1,0,233.549,229.087,4.427
"Tenant 5 [Tier 4] Free-Tier Bulk Flood","PutLarge",1,0,233.763,229.465,4.289
"Tenant 5 [Tier 4] Free-Tier Bulk Flood","PutLarge",1,0,234.007,229.270,4.710
"Tenant 5 [Tier 4] Free-Tier Bulk Flood","PutLarge",1,0,234.792,230.198,4.591
"Tenant 5 [Tier 4] Free-Tier Bulk Flood","PutLarge",1,0,234.400,229.713,4.664
"Tenant 5 [Tier 4] Free-Tier Bulk Flood","PutLarge",1,0,234.798,230.311,4.482
"Tenant 5 [Tier 4] Free-Tier Bulk Flood","PutLarge",1,0,235.003,230.682,4.317
"Tenant 5 [Tier 4] Free-Tier Bulk Flood","PutLarge",1,0,234.872,230.493,4.332
"Tenant 5 [Tier 4] Free-Tier Bulk Flood","ListBucket",1,0,235.913,231.482,4.418
"Tenant 5 [Tier 4] Free-Tier Bulk Flood","PutLarge",1,0,236.034,231.634,4.381
"Tenant 5 [Tier 4] Free-Tier Bulk Flood","ListBucket",1,0,235.381,230.715,4.661
"Tenant 5 [Tier 4] Free-Tier Bulk Flood","ListBucket",1,0,235.225,230.709,4.485
"Tenant 5 [Tier 4] Free-Tier Bulk Flood","PutLarge",1,0,234.978,230.456,4.486
"Tenant 5 [Tier 4] Free-Tier Bulk Flood","ListBucket",1,0,235.180,230.478,4.683
"Tenant 5 [Tier 4] Free-Tier Bulk Flood","PutLarge",1,0,234.624,230.298,4.317
"Tenant 5 [Tier 4] Free-Tier Bulk Flood","PutLarge",1,0,234.487,229.841,4.636
"Tenant 5 [Tier 4] Free-Tier Bulk Flood","PutLarge",1,0,234.283,229.974,4.305
"Tenant 5 [Tier 4] Free-Tier Bulk Flood","ListBucket",1,0,234.608,230.171,4.431
"Tenant 5 [Tier 4] Free-Tier Bulk Flood","ListBucket",1,0,234.129,229.568,4.557
"Tenant 5 [Tier 4] Free-Tier Bulk Flood","PutLarge",1,0,233.379,228.763,4.601
"Tenant 5 [Tier 4] Free-Tier Bulk Flood","PutLarge",1,0,234.203,229.618,4.582
"Tenant 5 [Tier 4] Free-Tier Bulk Flood","ListBucket",1,0,234.263,229.897,4.351
"Tenant 5 [Tier 4] Free-Tier Bulk Flood","PutLarge",1,0,234.208,229.889,4.287
"Tenant 5 [Tier 4] Free-Tier Bulk Flood","PutLarge",1,0,234.451,229.840,4.578
"Tenant 5 [Tier 4] Free-Tier Bulk Flood","PutLarge",1,0,234.771,230.098,4.663
"Tenant 5 [Tier 4] Free-Tier Bulk Flood","PutLarge",1,0,234.069,229.600,4.466
"Tenant 5 [Tier 4] Free-Tier Bulk Flood","PutLarge",1,0,234.704,230.367,4.332
"Tenant 5 [Tier 4] Free-Tier Bulk Flood","PutLarge",1,0,235.029,230.735,4.290
"Tenant 5 [Tier 4] Free-Tier Bulk Flood","ListBucket",1,0,233.779,229.152,4.622
"Tenant 5 [Tier 4] Free-Tier Bulk Flood","PutLarge",1,0,234.204,229.800,4.401
"Tenant 5 [Tier 4] Free-Tier Bulk Flood","PutLarge",1,0,233.536,229.131,4.398
"Tenant 5 [Tier 4] Free-Tier Bulk Flood","ListBucket",1,0,233.940,229.398,4.536
"Tenant 5 [Tier 4] Free-Tier Bulk Flood","ListBucket",1,0,233.744,229.300,4.440
"Tenant 5 [Tier 4] Free-Tier Bulk Flood","ListBucket",1,0,233.006,228.324,4.675
"Tenant 5 [Tier 4] Free-Tier Bulk Flood","PutLarge",1,0,232.923,228.328,4.591
"Tenant 5 [Tier 4] Free-Tier Bulk Flood","PutLarge",1,0,232.865,228.252,4.609
"Tenant 5 [Tier 4] Free-Tier Bulk Flood","PutLarge",1,0,233.821,229.459,4.356
"Tenant 5 [Tier 4] Free-Tier Bulk Flood","ListBucket",1,0,233.071,228.660,4.407
"Tenant 5 [Tier 4] Free-Tier Bulk Flood","PutLarge",1,0,234.510,229.785,4.712
"Tenant 5 [Tier 4] Free-Tier Bulk Flood","PutLarge",1,0,233.594,228.969,4.621
"Tenant 5 [Tier 4] Free-Tier Bulk Flood","PutLarge",1,0,234.269,229.551,4.704
"Tenant 5 [Tier 4] Free-Tier Bulk Flood","PutLarge",1,0,235.419,230.949,4.464
"Tenant 5 [Tier 4] Free-Tier Bulk Flood","PutLarge",1,0,236.006,231.443,4.554
"Tenant 5 [Tier 4] Free-Tier Bulk Flood","ListBucket",1,0,234.855,230.157,4.686
"Tenant 5 [Tier 4] Free-Tier Bulk Flood","PutLarge",1,0,233.911,229.465,4.435
"Tenant 5 [Tier 4] Free-Tier Bulk Flood","PutLarge",1,0,234.684,230.366,4.314
"Tenant 5 [Tier 4] Free-Tier Bulk Flood","PutLarge",1,0,235.945,231.508,4.433
"Tenant 5 [Tier 4] Free-Tier Bulk Flood","PutLarge",1,0,234.634,230.222,4.398
"Tenant 5 [Tier 4] Free-Tier Bulk Flood","ListBucket",1,0,232.947,228.229,4.715
"Tenant 5 [Tier 4] Free-Tier Bulk Flood","PutLarge",1,0,233.998,229.683,4.311
"Tenant 5 [Tier 4] Free-Tier Bulk Flood","PutLarge",1,0,233.000,228.431,4.562
"Tenant 5 [Tier 4] Free-Tier Bulk Flood","PutLarge",1,0,233.980,229.464,4.509
"Tenant 5 [Tier 4] Free-Tier Bulk Flood","PutLarge",1,0,233.586,229.283,4.298
"Tenant 5 [Tier 4] Free-Tier Bulk Flood","ListBucket",1,0,232.254,227.696,4.554
"Tenant 5 [Tier 4] Free-Tier Bulk Flood","ListBucket",1,0,234.048,229.331,4.694
"Tenant 5 [Tier 4] Free-Tier Bulk Flood","ListBucket",1,0,230.471,225.811,4.653
"Tenant 5 [Tier 4] Free-Tier Bulk Flood","PutLarge",1,0,230.150,225.591,4.550
"Tenant 5 [Tier 4] Free-Tier Bulk Flood","PutLarge",1,0,228.652,224.328,4.313
"Tenant 5 [Tier 4] Free-Tier Bulk Flood","PutLarge",1,0,226.950,222.583,4.354
"Tenant 5 [Tier 4] Free-Tier Bulk Flood","ListBucket",1,0,225.926,221.510,4.406
"Tenant 5 [Tier 4] Free-Tier Bulk Flood","PutLarge",1,0,225.535,220.845,4.678
"Tenant 5 [Tier 4] Free-Tier Bulk Flood","PutLarge",1,0,224.718,220.225,4.488
"Tenant 5 [Tier 4] Free-Tier Bulk Flood","PutLarge",1,0,225.288,220.957,4.325
"Tenant 5 [Tier 4] Free-Tier Bulk Flood","PutLarge",1,0,224.732,220.056,4.673
"Tenant 5 [Tier 4] Free-Tier Bulk Flood","PutLarge",1,0,225.319,220.778,4.531
"Tenant 5 [Tier 4] Free-Tier Bulk Flood","ListBucket",1,0,225.177,220.828,4.332
"Tenant 5 [Tier 4] Free-Tier Bulk Flood","PutLarge",1,0,226.001,221.264,4.713
"Tenant 5 [Tier 4] Free-Tier Bulk Flood","ListBucket",1,0,223.827,219.251,4.572
"Tenant 5 [Tier 4] Free-Tier Bulk Flood","PutLarge",1,0,225.612,221.021,4.576
"Tenant 5 [Tier 4] Free-Tier Bulk Flood","ListBucket",1,0,225.686,221.083,4.599
"Tenant 5 [Tier 4] Free-Tier Bulk Flood","PutLarge",1,0,224.996,220.442,4.522
"Tenant 5 [Tier 4] Free-Tier Bulk Flood","PutLarge",1,0,224.718,220.194,4.469
"Tenant 5 [Tier 4] Free-Tier Bulk Flood","PutLarge",1,0,224.852,220.396,4.427
"Tenant 5 [Tier 4] Free-Tier Bulk Flood","ListBucket",1,0,224.990,220.529,4.447
"Tenant 5 [Tier 4] Free-Tier Bulk Flood","PutLarge",1,0,224.759,220.285,4.471
"Tenant 5 [Tier 4] Free-Tier Bulk Flood","ListBucket",1,0,224.002,219.268,4.719
"Tenant 5 [Tier 4] Free-Tier Bulk Flood","ListBucket",1,0,224.243,219.918,4.320
"Tenant 5 [Tier 4] Free-Tier Bulk Flood","PutLarge",1,0,224.175,219.641,4.500
"Tenant 5 [Tier 4] Free-Tier Bulk Flood","PutLarge",1,0,224.262,219.657,4.573
"Tenant 5 [Tier 4] Free-Tier Bulk Flood","PutLarge",1,0,224.440,219.762,4.648
"Tenant 5 [Tier 4] Free-Tier Bulk Flood","ListBucket",1,0,224.123,219.785,4.327
"Tenant 5 [Tier 4] Free-Tier Bulk Flood","PutLarge",1,0,224.479,220.088,4.356
"Tenant 5 [Tier 4] Free-Tier Bulk Flood","PutLarge",1,0,224.409,220.062,4.298
"Tenant 5 [Tier 4] Free-Tier Bulk Flood","PutLarge",1,0,223.923,219.431,4.457
"Tenant 5 [Tier 4] Free-Tier Bulk Flood","PutLarge",1,0,224.446,219.739,4.675
"Tenant 5 [Tier 4] Free-Tier Bulk Flood","PutLarge",1,0,223.854,219.418,4.429
"Tenant 5 [Tier 4] Free-Tier Bulk Flood","PutLarge",1,0,224.008,219.268,4.707
"Tenant 5 [Tier 4] Free-Tier Bulk Flood","ListBucket",1,0,224.128,219.477,4.619
"Tenant 5 [Tier 4] Free-Tier Bulk Flood","PutLarge",1,0,225.175,220.815,4.348
"Tenant 5 [Tier 4] Free-Tier Bulk Flood","PutLarge",1,0,224.046,219.483,4.558
"Tenant 5 [Tier 4] Free-Tier Bulk Flood","ListBucket",1,0,225.185,220.502,4.679
"Tenant 5 [Tier 4] Free-Tier Bulk Flood","PutLarge",1,0,225.079,220.368,4.703
"Tenant 5 [Tier 4] Free-Tier Bulk Flood","ListBucket",1,0,225.516,220.840,4.665
"Tenant 5 [Tier 4] Free-Tier Bulk Flood","PutLarge",1,0,225.190,220.806,4.337
"Tenant 5 [Tier 4] Free-Tier Bulk Flood","ListBucket",1,0,225.846,221.337,4.502
"Tenant 5 [Tier 4] Free-Tier Bulk Flood","PutLarge",1,0,225.443,221.048,4.364
"Tenant 5 [Tier 4] Free-Tier Bulk Flood","PutLarge",1,0,225.567,220.870,4.665
"Tenant 5 [Tier 4] Free-Tier Bulk Flood","ListBucket",1,0,225.607,221.007,4.564
"Tenant 5 [Tier 4] Free-Tier Bulk Flood","PutLarge",1,0,225.300,220.989,4.295
"Tenant 5 [Tier 4] Free-Tier Bulk Flood","PutLarge",1,0,225.689,221.025,4.654
"Tenant 5 [Tier 4] Free-Tier Bulk Flood","ListBucket",1,0,225.086,220.694,4.389
"Tenant 5 [Tier 4] Free-Tier Bulk Flood","ListBucket",1,0,225.141,220.452,4.674
"Tenant 5 [Tier 4] Free-Tier Bulk Flood","PutLarge",1,0,225.885,221.432,4.450
"Tenant 5 [Tier 4] Free-Tier Bulk Flood","ListBucket",1,0,225.287,220.543,4.724
"Tenant 5 [Tier 4] Free-Tier Bulk Flood","PutLarge",1,0,224.490,219.936,4.541
"Tenant 5 [Tier 4] Free-Tier Bulk Flood","ListBucket",1,0,224.711,220.270,4.437
"Tenant 5 [Tier 4] Free-Tier Bulk Flood","ListBucket",1,0,224.274,219.948,4.321
"Tenant 5 [Tier 4] Free-Tier Bulk Flood","PutLarge",1,0,223.936,219.293,4.637
"Tenant 5 [Tier 4] Free-Tier Bulk Flood","ListBucket",1,0,223.840,219.467,4.363
"Tenant 5 [Tier 4] Free-Tier Bulk Flood","PutLarge",1,0,225.362,220.823,4.536
"Tenant 5 [Tier 4] Free-Tier Bulk Flood","PutLarge",1,0,225.798,221.144,4.647
"Tenant 5 [Tier 4] Free-Tier Bulk Flood","PutLarge",1,0,224.971,220.625,4.339
"Tenant 5 [Tier 4] Free-Tier Bulk Flood","PutLarge",1,0,226.404,221.957,4.439
"Tenant 5 [Tier 4] Free-Tier Bulk Flood","PutLarge",1,0,226.258,221.955,4.297
"Tenant 5 [Tier 4] Free-Tier Bulk Flood","PutLarge",1,0,226.286,221.598,4.677
"Tenant 5 [Tier 4] Free-Tier Bulk Flood","ListBucket",1,0,225.277,220.977,4.295
"Tenant 5 [Tier 4] Free-Tier Bulk Flood","PutLarge",1,0,225.636,220.912,4.712
"Tenant 5 [Tier 4] Free-Tier Bulk Flood","ListBucket",1,0,225.919,221.247,4.666
"Tenant 5 [Tier 4] Free-Tier Bulk Flood","PutLarge",1,0,225.721,221.348,4.367
"Tenant 5 [Tier 4] Free-Tier Bulk Flood","PutLarge",1,0,225.926,221.481,4.435
"Tenant 5 [Tier 4] Free-Tier Bulk Flood","PutLarge",1,0,226.306,221.875,4.426
"Tenant 5 [Tier 4] Free-Tier Bulk Flood","PutLarge",1,0,225.760,221.126,4.631
"Tenant 5 [Tier 4] Free-Tier Bulk Flood","PutLarge",1,0,226.886,222.598,4.284
"Tenant 5 [Tier 4] Free-Tier Bulk Flood","ListBucket",1,0,226.594,221.962,4.629
"Tenant 5 [Tier 4] Free-Tier Bulk Flood","ListBucket",1,0,227.199,222.908,4.283
"Tenant 5 [Tier 4] Free-Tier Bulk Flood","PutLarge",1,0,226.594,222.175,4.410
"Tenant 5 [Tier 4] Free-Tier Bulk Flood","PutLarge",1,0,224.981,220.541,4.438
"Tenant 5 [Tier 4] Free-Tier Bulk Flood","PutLarge",1,0,226.264,221.608,4.644
"Tenant 5 [Tier 4] Free-Tier Bulk Flood","ListBucket",1,0,226.607,222.021,4.579
"Tenant 5 [Tier 4] Free-Tier Bulk Flood","PutLarge",1,0,229.442,225.124,4.303
"Tenant 5 [Tier 4] Free-Tier Bulk Flood","PutLarge",1,0,230.733,226.319,4.410
"Tenant 5 [Tier 4] Free-Tier Bulk Flood","ListBucket",1,0,228.181,223.740,4.437
"Tenant 5 [Tier 4] Free-Tier Bulk Flood","PutLarge",1,0,226.474,221.771,4.698
"Tenant 5 [Tier 4] Free-Tier Bulk Flood","PutLarge",1,0,227.299,222.830,4.464
"Tenant 5 [Tier 4] Free-Tier Bulk Flood","PutLarge",1,0,231.759,227.378,4.374
"Tenant 5 [Tier 4] Free-Tier Bulk Flood","PutLarge",1,0,233.133,228.423,4.704
"Tenant 5 [Tier 4] Free-Tier Bulk Flood","ListBucket",1,0,230.305,226.005,4.292
"Tenant 5 [Tier 4] Free-Tier Bulk Flood","PutLarge",1,0,231.275,226.728,4.543
"Tenant 5 [Tier 4] Free-Tier Bulk Flood","ListBucket",1,0,229.227,224.779,4.438
"Tenant 5 [Tier 4] Free-Tier Bulk Flood","PutLarge",1,0,228.470,223.877,4.589
"Tenant 5 [Tier 4] Free-Tier Bulk Flood","PutLarge",1,0,227.070,222.505,4.562
"Tenant 5 [Tier 4] Free-Tier Bulk Flood","ListBucket",1,0,227.124,222.553,4.567
"Tenant 5 [Tier 4] Free-Tier Bulk Flood","ListBucket",1,0,226.691,222.015,4.672
"Tenant 5 [Tier 4] Free-Tier Bulk Flood","ListBucket",1,0,226.486,221.796,4.687
"Tenant 5 [Tier 4] Free-Tier Bulk Flood","PutLarge",1,0,226.326,221.719,4.594
"Tenant 5 [Tier 4] Free-Tier Bulk Flood","PutLarge",1,0,226.657,222.134,4.519
"Tenant 5 [Tier 4] Free-Tier Bulk Flood","ListBucket",1,0,225.912,221.570,4.335
"Tenant 5 [Tier 4] Free-Tier Bulk Flood","ListBucket",1,0,226.407,222.070,4.332
"Tenant 5 [Tier 4] Free-Tier Bulk Flood","PutLarge",1,0,226.633,222.081,4.548
"Tenant 5 [Tier 4] Free-Tier Bulk Flood","ListBucket",1,0,226.253,221.585,4.640
"Tenant 5 [Tier 4] Free-Tier Bulk Flood","PutLarge",1,0,225.779,221.206,4.554
"Tenant 5 [Tier 4] Free-Tier Bulk Flood","PutLarge",1,0,226.057,221.733,4.290
"Tenant 5 [Tier 4] Free-Tier Bulk Flood","PutLarge",1,0,225.938,221.318,4.616
"Tenant 5 [Tier 4] Free-Tier Bulk Flood","PutLarge",1,0,226.203,221.640,4.522
"Tenant 5 [Tier 4] Free-Tier Bulk Flood","ListBucket",1,0,226.230,221.510,4.699
"Tenant 5 [Tier 4] Free-Tier Bulk Flood","PutLarge",1,0,225.924,221.482,4.429
"Tenant 5 [Tier 4] Free-Tier Bulk Flood","PutLarge",1,0,226.385,222.037,4.313
"Tenant 5 [Tier 4] Free-Tier Bulk Flood","ListBucket",1,0,224.065,219.490,4.570
"Tenant 5 [Tier 4] Free-Tier Bulk Flood","PutLarge",1,0,226.486,221.761,4.712
"Tenant 5 [Tier 4] Free-Tier Bulk Flood","PutLarge",1,0,225.987,221.668,4.312
"Tenant 5 [Tier 4] Free-Tier Bulk Flood","PutLarge",1,0,227.475,223.008,4.444
"Tenant 5 [Tier 4] Free-Tier Bulk Flood","PutLarge",1,0,227.206,222.468,4.696
"Tenant 5 [Tier 4] Free-Tier Bulk Flood","PutLarge",1,0,226.968,222.457,4.470
"Tenant 5 [Tier 4] Free-Tier Bulk Flood","PutLarge",1,0,226.844,222.262,4.565
"Tenant 5 [Tier 4] Free-Tier Bulk Flood","ListBucket",1,0,226.504,222.200,4.301
"Tenant 5 [Tier 4] Free-Tier Bulk Flood","PutLarge",1,0,227.014,222.405,4.597
"Tenant 5 [Tier 4] Free-Tier Bulk Flood","ListBucket",1,0,226.387,221.768,4.612
"Tenant 5 [Tier 4] Free-Tier Bulk Flood","ListBucket",1,0,226.698,222.281,4.413
"Tenant 5 [Tier 4] Free-Tier Bulk Flood","ListBucket",1,0,224.701,220.363,4.334
"Tenant 5 [Tier 4] Free-Tier Bulk Flood","ListBucket",1,0,225.418,221.058,4.356
"Tenant 5 [Tier 4] Free-Tier Bulk Flood","ListBucket",1,0,224.468,220.049,4.413
"Tenant 5 [Tier 4] Free-Tier Bulk Flood","ListBucket",1,0,224.440,220.040,4.367
"Tenant 5 [Tier 4] Free-Tier Bulk Flood","ListBucket",1,0,223.364,218.798,4.504
"Tenant 5 [Tier 4] Free-Tier Bulk Flood","PutLarge",1,0,224.373,220.046,4.317
"Tenant 5 [Tier 4] Free-Tier Bulk Flood","ListBucket",1,0,223.810,219.492,4.299
"Tenant 5 [Tier 4] Free-Tier Bulk Flood","PutLarge",1,0,223.179,218.679,4.464
"Tenant 5 [Tier 4] Free-Tier Bulk Flood","PutLarge",1,0,223.715,219.156,4.554
"Tenant 5 [Tier 4] Free-Tier Bulk Flood","ListBucket",1,0,223.580,219.284,4.288
"Tenant 5 [Tier 4] Free-Tier Bulk Flood","PutLarge",1,0,224.695,220.246,4.443
"Tenant 5 [Tier 4] Free-Tier Bulk Flood","PutLarge",1,0,224.534,220.153,4.366
"Tenant 5 [Tier 4] Free-Tier Bulk Flood","PutLarge",1,0,225.750,221.402,4.344
"Tenant 5 [Tier 4] Free-Tier Bulk Flood","PutLarge",1,0,225.029,220.602,4.416
"Tenant 5 [Tier 4] Free-Tier Bulk Flood","PutLarge",1,0,224.294,219.785,4.506
"Tenant 5 [Tier 4] Free-Tier Bulk Flood","ListBucket",1,0,224.644,220.284,4.344
"Tenant 5 [Tier 4] Free-Tier Bulk Flood","PutLarge",1,0,225.555,221.024,4.494
"Tenant 5 [Tier 4] Free-Tier Bulk Flood","ListBucket",1,0,224.593,220.090,4.467
"Tenant 5 [Tier 4] Free-Tier Bulk Flood","PutLarge",1,0,226.102,221.490,4.607
"Tenant 5 [Tier 4] Free-Tier Bulk Flood","PutLarge",1,0,226.195,221.761,4.428
"Tenant 5 [Tier 4] Free-Tier Bulk Flood","PutLarge",1,0,225.659,221.082,4.569
"Tenant 5 [Tier 4] Free-Tier Bulk Flood","PutLarge",1,0,225.858,221.241,4.612
"Tenant 5 [Tier 4] Free-Tier Bulk Flood","PutLarge",1,0,226.037,221.546,4.468
"Tenant 5 [Tier 4] Free-Tier Bulk Flood","ListBucket",1,0,224.974,220.479,4.491
"Tenant 5 [Tier 4] Free-Tier Bulk Flood","PutLarge",1,0,224.802,220.069,4.716
"Tenant 5 [Tier 4] Free-Tier Bulk Flood","PutLarge",1,0,225.380,220.950,4.424
"Tenant 5 [Tier 4] Free-Tier Bulk Flood","ListBucket",1,0,224.590,220.289,4.288
"Tenant 5 [Tier 4] Free-Tier Bulk Flood","ListBucket",1,0,225.013,220.601,4.392
"Tenant 5 [Tier 4] Free-Tier Bulk Flood","PutLarge",1,0,224.394,219.875,4.504
"Tenant 5 [Tier 4] Free-Tier Bulk Flood","PutLarge",1,0,225.653,221.013,4.635
"Tenant 5 [Tier 4] Free-Tier Bulk Flood","PutLarge",1,0,224.778,220.365,4.409
"Tenant 5 [Tier 4] Free-Tier Bulk Flood","PutLarge",1,0,223.371,218.639,4.721
"Tenant 5 [Tier 4] Free-Tier Bulk Flood","PutLarge",1,0,222.945,218.549,4.391
"Tenant 5 [Tier 4] Free-Tier Bulk Flood","ListBucket",1,0,224.311,219.581,4.724
"Tenant 5 [Tier 4] Free-Tier Bulk Flood","PutLarge",1,0,223.731,219.171,4.544
"Tenant 5 [Tier 4] Free-Tier Bulk Flood","ListBucket",1,0,222.539,217.853,4.681
"Tenant 5 [Tier 4] Free-Tier Bulk Flood","PutLarge",1,0,221.305,216.586,4.714
"Tenant 5 [Tier 4] Free-Tier Bulk Flood","PutLarge",1,0,222.331,217.902,4.420
"Tenant 5 [Tier 4] Free-Tier Bulk Flood","PutLarge",1,0,221.906,217.313,4.587
"Tenant 5 [Tier 4] Free-Tier Bulk Flood","ListBucket",1,0,220.752,216.070,4.677
"Tenant 5 [Tier 4] Free-Tier Bulk Flood","PutLarge",1,0,220.859,216.502,4.346
"Tenant 5 [Tier 4] Free-Tier Bulk Flood","PutLarge",1,0,219.911,215.257,4.643
"Tenant 5 [Tier 4] Free-Tier Bulk Flood","ListBucket",1,0,221.044,216.579,4.459
"Tenant 5 [Tier 4] Free-Tier Bulk Flood","PutLarge",1,0,223.596,219.043,4.548
"Tenant 5 [Tier 4] Free-Tier Bulk Flood","PutLarge",1,0,222.257,217.598,4.649
"Tenant 5 [Tier 4] Free-Tier Bulk Flood","ListBucket",1,0,220.593,216.285,4.305
"Tenant 5 [Tier 4] Free-Tier Bulk Flood","ListBucket",1,0,220.314,215.841,4.470
"Tenant 5 [Tier 4] Free-Tier Bulk Flood","PutLarge",1,0,219.821,215.447,4.363
"Tenant 5 [Tier 4] Free-Tier Bulk Flood","PutLarge",1,0,219.460,214.928,4.524
"Tenant 5 [Tier 4] Free-Tier Bulk Flood","ListBucket",1,0,220.031,215.346,4.672
"Tenant 5 [Tier 4] Free-Tier Bulk Flood","ListBucket",1,0,220.377,216.025,4.339
"Tenant 5 [Tier 4] Free-Tier Bulk Flood","PutLarge",1,0,219.096,214.582,4.510
"Tenant 5 [Tier 4] Free-Tier Bulk Flood","ListBucket",1,0,219.054,214.358,4.678
"Tenant 5 [Tier 4] Free-Tier Bulk Flood","PutLarge",1,0,219.070,214.513,4.551
"Tenant 5 [Tier 4] Free-Tier Bulk Flood","PutLarge",1,0,219.814,215.102,4.697
"Tenant 5 [Tier 4] Free-Tier Bulk Flood","PutLarge",1,0,219.719,215.042,4.642
"Tenant 5 [Tier 4] Free-Tier Bulk Flood","PutLarge",1,0,220.292,215.685,4.576
"Tenant 5 [Tier 4] Free-Tier Bulk Flood","PutLarge",1,0,219.587,215.212,4.341
"Tenant 5 [Tier 4] Free-Tier Bulk Flood","ListBucket",1,0,217.754,213.173,4.578
"Tenant 5 [Tier 4] Free-Tier Bulk Flood","PutLarge",1,0,219.921,215.247,4.668
"Tenant 5 [Tier 4] Free-Tier Bulk Flood","ListBucket",1,0,221.620,216.961,4.645
"Tenant 5 [Tier 4] Free-Tier Bulk Flood","PutLarge",1,0,220.367,215.650,4.708
"Tenant 5 [Tier 4] Free-Tier Bulk Flood","PutLarge",1,0,220.291,215.828,4.448
"Tenant 5 [Tier 4] Free-Tier Bulk Flood","ListBucket",1,0,220.621,216.051,4.520
"Tenant 5 [Tier 4] Free-Tier Bulk Flood","PutLarge",1,0,220.203,215.687,4.489
"Tenant 5 [Tier 4] Free-Tier Bulk Flood","PutLarge",1,0,220.413,216.035,4.340
"Tenant 5 [Tier 4] Free-Tier Bulk Flood","PutLarge",1,0,219.798,215.480,4.283
"Tenant 5 [Tier 4] Free-Tier Bulk Flood","ListBucket",1,0,218.355,213.669,4.674
"Tenant 5 [Tier 4] Free-Tier Bulk Flood","PutLarge",1,0,220.700,215.957,4.712
"Tenant 5 [Tier 4] Free-Tier Bulk Flood","ListBucket",1,0,220.741,216.015,4.692
"Tenant 5 [Tier 4] Free-Tier Bulk Flood","PutLarge",1,0,222.591,218.300,4.285
"Tenant 5 [Tier 4] Free-Tier Bulk Flood","PutLarge",1,0,220.819,216.428,4.378
"Tenant 5 [Tier 4] Free-Tier Bulk Flood","PutLarge",1,0,219.390,214.984,4.372
"Tenant 5 [Tier 4] Free-Tier Bulk Flood","PutLarge",1,0,219.760,215.227,4.497
"Tenant 5 [Tier 4] Free-Tier Bulk Flood","PutLarge",1,0,220.303,215.766,4.532
"Tenant 5 [Tier 4] Free-Tier Bulk Flood","PutLarge",1,0,221.180,216.478,4.641
"Tenant 5 [Tier 4] Free-Tier Bulk Flood","PutLarge",1,0,221.416,216.950,4.462
"Tenant 5 [Tier 4] Free-Tier Bulk Flood","PutLarge",1,0,221.070,216.610,4.423
"Tenant 5 [Tier 4] Free-Tier Bulk Flood","PutLarge",1,0,221.346,216.804,4.538
"Tenant 5 [Tier 4] Free-Tier Bulk Flood","PutLarge",1,0,221.408,216.939,4.462
"Tenant 5 [Tier 4] Free-Tier Bulk Flood","ListBucket",1,0,222.764,218.291,4.467
"Tenant 5 [Tier 4] Free-Tier Bulk Flood","PutLarge",1,0,222.161,217.737,4.419
"Tenant 5 [Tier 4] Free-Tier Bulk Flood","PutLarge",1,0,223.004,218.310,4.691
"Tenant 5 [Tier 4] Free-Tier Bulk Flood","PutLarge",1,0,222.981,218.671,4.275
"Tenant 5 [Tier 4] Free-Tier Bulk Flood","ListBucket",1,0,221.115,216.756,4.357
"Tenant 5 [Tier 4] Free-Tier Bulk Flood","PutLarge",1,0,223.269,218.851,4.415
"Tenant 5 [Tier 4] Free-Tier Bulk Flood","ListBucket",1,0,223.669,218.968,4.692
"Tenant 5 [Tier 4] Free-Tier Bulk Flood","ListBucket",1,0,222.890,218.258,4.600
"Tenant 5 [Tier 4] Free-Tier Bulk Flood","ListBucket",1,0,223.030,218.434,4.592
"Tenant 5 [Tier 4] Free-Tier Bulk Flood","PutLarge",1,0,222.643,217.903,4.709
"Tenant 5 [Tier 4] Free-Tier Bulk Flood","ListBucket",1,0,221.661,217.213,4.445
"Tenant 5 [Tier 4] Free-Tier Bulk Flood","PutLarge",1,0,221.357,217.038,4.314
"Tenant 5 [Tier 4] Free-Tier Bulk Flood","ListBucket",1,0,220.508,216.206,4.293
"Tenant 5 [Tier 4] Free-Tier Bulk Flood","ListBucket",1,0,220.835,216.192,4.610
"Tenant 5 [Tier 4] Free-Tier Bulk Flood","PutLarge",1,0,222.110,217.695,4.406
"Tenant 5 [Tier 4] Free-Tier Bulk Flood","ListBucket",1,0,221.518,217.180,4.329
"Tenant 5 [Tier 4] Free-Tier Bulk Flood","PutLarge",1,0,220.716,216.291,4.420
"Tenant 5 [Tier 4] Free-Tier Bulk Flood","PutLarge",1,0,222.195,217.830,4.323
"Tenant 5 [Tier 4] Free-Tier Bulk Flood","ListBucket",1,0,220.891,216.388,4.499
"Tenant 5 [Tier 4] Free-Tier Bulk Flood","ListBucket",1,0,220.556,215.950,4.582
"Tenant 5 [Tier 4] Free-Tier Bulk Flood","ListBucket",1,0,221.653,217.070,4.580
"Tenant 5 [Tier 4] Free-Tier Bulk Flood","PutLarge",1,0,220.332,215.950,4.375
"Tenant 5 [Tier 4] Free-Tier Bulk Flood","PutLarge",1,0,220.485,215.847,4.632
"Tenant 5 [Tier 4] Free-Tier Bulk Flood","PutLarge",1,0,221.953,217.571,4.369
"Tenant 5 [Tier 4] Free-Tier Bulk Flood","ListBucket",1,0,221.055,216.650,4.399
"Tenant 5 [Tier 4] Free-Tier Bulk Flood","PutLarge",1,0,221.237,216.670,4.560
"Tenant 5 [Tier 4] Free-Tier Bulk Flood","PutLarge",1,0,222.180,217.709,4.461
"Tenant 5 [Tier 4] Free-Tier Bulk Flood","PutLarge",1,0,223.331,218.632,4.686
"Tenant 5 [Tier 4] Free-Tier Bulk Flood","ListBucket",1,0,223.392,218.992,4.395
"Tenant 5 [Tier 4] Free-Tier Bulk Flood","ListBucket",1,0,222.359,217.675,4.681
"Tenant 5 [Tier 4] Free-Tier Bulk Flood","PutLarge",1,0,222.071,217.532,4.533
"Tenant 5 [Tier 4] Free-Tier Bulk Flood","ListBucket",1,0,222.487,218.119,4.359
"Tenant 5 [Tier 4] Free-Tier Bulk Flood","PutLarge",0,-125,218.614,218.614,0.000
"Tenant 5 [Tier 4] Free-Tier Bulk Flood","PutLarge",0,-125,214.979,214.979,0.000
"Tenant 5 [Tier 4] Free-Tier Bulk Flood","ListBucket",0,-125,213.311,213.311,0.000
"Tenant 5 [Tier 4] Free-Tier Bulk Flood","PutLarge",0,-125,210.238,210.238,0.000
"Tenant 5 [Tier 4] Free-Tier Bulk Flood","PutLarge",0,-125,205.837,205.837,0.000
"Tenant 5 [Tier 4] Free-Tier Bulk Flood","ListBucket",0,-125,202.284,202.284,0.000
"Tenant 5 [Tier 4] Free-Tier Bulk Flood","PutLarge",0,-125,198.817,198.817,0.000
"Tenant 5 [Tier 4] Free-Tier Bulk Flood","PutLarge",0,-125,194.500,194.500,0.000
"Tenant 5 [Tier 4] Free-Tier Bulk Flood","PutLarge",0,-125,188.417,188.417,0.000
"Tenant 5 [Tier 4] Free-Tier Bulk Flood","ListBucket",0,-125,184.191,184.191,0.000
"Tenant 5 [Tier 4] Free-Tier Bulk Flood","PutLarge",0,-125,180.049,180.049,0.000
"Tenant 5 [Tier 4] Free-Tier Bulk Flood","ListBucket",0,-125,176.738,176.738,0.000
"Tenant 5 [Tier 4] Free-Tier Bulk Flood","PutLarge",0,-125,175.764,175.764,0.000
"Tenant 5 [Tier 4] Free-Tier Bulk Flood","ListBucket",0,-125,168.706,168.706,0.000
"Tenant 5 [Tier 4] Free-Tier Bulk Flood","ListBucket",0,-125,164.493,164.493,0.000
"Tenant 5 [Tier 4] Free-Tier Bulk Flood","ListBucket",0,-125,162.286,162.286,0.000
"Tenant 5 [Tier 4] Free-Tier Bulk Flood","PutLarge",0,-125,155.558,155.558,0.000
"Tenant 5 [Tier 4] Free-Tier Bulk Flood","PutLarge",0,-125,153.728,153.728,0.000
"Tenant 5 [Tier 4] Free-Tier Bulk Flood","PutLarge",0,-125,151.076,151.076,0.000
"Tenant 5 [Tier 4] Free-Tier Bulk Flood","PutLarge",0,-125,149.176,149.176,0.000
"Tenant 5 [Tier 4] Free-Tier Bulk Flood","ListBucket",0,-125,158.270,158.270,0.000
"Tenant 5 [Tier 4] Free-Tier Bulk Flood","PutLarge",0,-125,144.479,144.479,0.000
"Tenant 5 [Tier 4] Free-Tier Bulk Flood","PutLarge",0,-125,141.698,141.698,0.000
"Tenant 5 [Tier 4] Free-Tier Bulk Flood","PutLarge",0,-125,140.090,140.090,0.000
"Tenant 5 [Tier 4] Free-Tier Bulk Flood","ListBucket",0,-125,139.887,139.887,0.000
"Tenant 5 [Tier 4] Free-Tier Bulk Flood","PutLarge",0,-125,135.403,135.403,0.000
"Tenant 5 [Tier 4] Free-Tier Bulk Flood","ListBucket",0,-125,133.501,133.501,0.000
"Tenant 5 [Tier 4] Free-Tier Bulk Flood","ListBucket",0,-125,130.677,130.677,0.000
"Tenant 5 [Tier 4] Free-Tier Bulk Flood","PutLarge",0,-125,146.391,146.391,0.000
"Tenant 5 [Tier 4] Free-Tier Bulk Flood","PutLarge",0,-125,128.373,128.373,0.000
"Tenant 5 [Tier 4] Free-Tier Bulk Flood","PutLarge",0,-125,126.076,126.076,0.000
"Tenant 5 [Tier 4] Free-Tier Bulk Flood","PutLarge",0,-125,123.850,123.850,0.000
"Tenant 5 [Tier 4] Free-Tier Bulk Flood","ListBucket",0,-125,121.673,121.673,0.000
"Tenant 5 [Tier 4] Free-Tier Bulk Flood","PutLarge",0,-125,119.525,119.525,0.000
"Tenant 5 [Tier 4] Free-Tier Bulk Flood","PutLarge",0,-125,116.960,116.960,0.000
"Tenant 5 [Tier 4] Free-Tier Bulk Flood","PutLarge",0,-125,116.910,116.910,0.000
"Tenant 5 [Tier 4] Free-Tier Bulk Flood","PutLarge",0,-125,112.289,112.289,0.000
"Tenant 5 [Tier 4] Free-Tier Bulk Flood","PutLarge",0,-125,110.293,110.293,0.000
"Tenant 5 [Tier 4] Free-Tier Bulk Flood","ListBucket",0,-125,107.867,107.867,0.000
"Tenant 5 [Tier 4] Free-Tier Bulk Flood","PutLarge",0,-125,105.866,105.866,0.000
"Tenant 5 [Tier 4] Free-Tier Bulk Flood","PutLarge",0,-125,103.322,103.322,0.000
"Tenant 5 [Tier 4] Free-Tier Bulk Flood","PutLarge",0,-125,100.438,100.438,0.000
"Tenant 5 [Tier 4] Free-Tier Bulk Flood","PutLarge",0,-125,97.321,97.321,0.000
"Tenant 5 [Tier 4] Free-Tier Bulk Flood","PutLarge",0,-125,95.049,95.049,0.000
"Tenant 5 [Tier 4] Free-Tier Bulk Flood","PutLarge",0,-125,92.827,92.827,0.000
"Tenant 5 [Tier 4] Free-Tier Bulk Flood","ListBucket",0,-125,90.504,90.504,0.000
"Tenant 5 [Tier 4] Free-Tier Bulk Flood","PutLarge",0,-125,88.155,88.155,0.000
"Tenant 5 [Tier 4] Free-Tier Bulk Flood","PutLarge",0,-125,85.153,85.153,0.000
"Tenant 5 [Tier 4] Free-Tier Bulk Flood","PutLarge",0,-125,83.021,83.021,0.000
"Tenant 5 [Tier 4] Free-Tier Bulk Flood","ListBucket",0,-125,80.452,80.452,0.000
"Tenant 5 [Tier 4] Free-Tier Bulk Flood","ListBucket",0,-125,77.802,77.802,0.000
"Tenant 5 [Tier 4] Free-Tier Bulk Flood","PutLarge",0,-125,77.757,77.757,0.000
"Tenant 5 [Tier 4] Free-Tier Bulk Flood","PutLarge",0,-125,73.198,73.198,0.000
"Tenant 5 [Tier 4] Free-Tier Bulk Flood","PutLarge",0,-125,68.571,68.571,0.000
"Tenant 5 [Tier 4] Free-Tier Bulk Flood","PutLarge",0,-125,65.602,65.602,0.000
"Tenant 5 [Tier 4] Free-Tier Bulk Flood","ListBucket",0,-125,63.823,63.823,0.000
"Tenant 5 [Tier 4] Free-Tier Bulk Flood","PutLarge",0,-125,61.686,61.686,0.000
"Tenant 5 [Tier 4] Free-Tier Bulk Flood","PutLarge",0,-125,59.478,59.478,0.000
"Tenant 5 [Tier 4] Free-Tier Bulk Flood","PutLarge",0,-125,70.271,70.271,0.000
"Tenant 5 [Tier 4] Free-Tier Bulk Flood","PutLarge",0,-125,57.395,57.395,0.000
"Tenant 5 [Tier 4] Free-Tier Bulk Flood","PutLarge",0,-125,54.798,54.798,0.000
"Tenant 5 [Tier 4] Free-Tier Bulk Flood","PutLarge",0,-125,51.278,51.278,0.000
"Tenant 5 [Tier 4] Free-Tier Bulk Flood","PutLarge",0,-125,49.738,49.738,0.000
"Tenant 5 [Tier 4] Free-Tier Bulk Flood","PutLarge",0,-125,46.849,46.849,0.000
"Tenant 5 [Tier 4] Free-Tier Bulk Flood","PutLarge",0,-125,43.947,43.947,0.000
"Tenant 5 [Tier 4] Free-Tier Bulk Flood","ListBucket",0,-125,42.019,42.019,0.000
"Tenant 5 [Tier 4] Free-Tier Bulk Flood","ListBucket",0,-125,39.346,39.346,0.000
"Tenant 5 [Tier 4] Free-Tier Bulk Flood","PutLarge",0,-125,36.685,36.685,0.000
"Tenant 5 [Tier 4] Free-Tier Bulk Flood","PutLarge",0,-125,34.080,34.080,0.000
"Tenant 5 [Tier 4] Free-Tier Bulk Flood","PutLarge",0,-125,31.094,31.094,0.000
"Tenant 5 [Tier 4] Free-Tier Bulk Flood","PutLarge",0,-125,28.126,28.126,0.000
"Tenant 5 [Tier 4] Free-Tier Bulk Flood","PutLarge",0,-125,25.795,25.795,0.000
"Tenant 5 [Tier 4] Free-Tier Bulk Flood","PutLarge",0,-125,22.478,22.478,0.000
"Tenant 5 [Tier 4] Free-Tier Bulk Flood","PutLarge",0,-125,18.922,18.922,0.000
"Tenant 5 [Tier 4] Free-Tier Bulk Flood","PutLarge",0,-125,15.983,15.983,0.000
"Tenant 5 [Tier 4] Free-Tier Bulk Flood","ListBucket",0,-125,13.192,13.192,0.000
"Tenant 5 [Tier 4] Free-Tier Bulk Flood","PutLarge",0,-125,10.028,10.028,0.000
"Tenant 5 [Tier 4] Free-Tier Bulk Flood","PutLarge",0,-125,6.984,6.984,0.000
"Tenant 5 [Tier 4] Free-Tier Bulk Flood","ListBucket",0,-125,4.125,4.125,0.000
"Tenant 5 [Tier 4] Free-Tier Bulk Flood","ListBucket",1,0,224.174,219.630,4.305
