tenant,op,success,error_code,total_lat_ms,queue_lat_ms,backend_lat_ms
"Tenant A (Bully Data)","PutLarge",1,0,29.422,0.001,29.402
"Tenant A (Bully Data)","ListBucket",1,0,26.191,0.000,26.167
"Tenant A (Bully Data)","PutLarge",1,0,29.431,0.000,29.412
"Tenant A (Bully Data)","PutLarge",1,0,29.007,0.000,28.983
"Tenant A (Bully Data)","PutLarge",1,0,29.943,0.000,29.928
"Tenant A (Bully Data)","ListBucket",1,0,26.141,0.000,26.130
"Tenant A (Bully Data)","PutLarge",1,0,31.065,0.000,31.051
"Tenant A (Bully Data)","ListBucket",1,0,25.801,0.000,25.796
"Tenant A (Bully Data)","PutLarge",1,0,29.849,0.000,29.842
"Tenant A (Bully Data)","PutLarge",1,0,28.952,0.000,28.947
"Tenant A (Bully Data)","PutLarge",1,0,29.093,0.000,29.081
"Tenant A (Bully Data)","ListBucket",1,0,25.564,0.000,25.560
"Tenant A (Bully Data)","PutLarge",1,0,30.333,0.000,30.296
"Tenant A (Bully Data)","PutLarge",1,0,30.225,0.000,30.214
"Tenant A (Bully Data)","ListBucket",1,0,25.791,0.000,25.787
"Tenant A (Bully Data)","PutLarge",1,0,30.218,0.000,30.159
"Tenant A (Bully Data)","PutLarge",1,0,28.623,0.001,28.589
"Tenant A (Bully Data)","PutLarge",1,0,30.601,0.000,30.594
"Tenant A (Bully Data)","ListBucket",1,0,26.032,0.001,26.018
"Tenant A (Bully Data)","PutLarge",1,0,30.200,0.000,30.196
"Tenant A (Bully Data)","PutLarge",1,0,30.313,0.000,30.307
"Tenant A (Bully Data)","ListBucket",1,0,25.554,0.001,25.543
"Tenant A (Bully Data)","PutLarge",1,0,30.956,0.000,30.948
"Tenant A (Bully Data)","ListBucket",1,0,24.872,0.000,24.867
"Tenant A (Bully Data)","PutLarge",1,0,28.660,0.000,28.657
"Tenant A (Bully Data)","PutLarge",1,0,30.823,0.000,30.819
"Tenant A (Bully Data)","PutLarge",1,0,30.529,0.000,30.524
"Tenant A (Bully Data)","PutLarge",1,0,29.409,0.000,29.405
"Tenant A (Bully Data)","ListBucket",1,0,25.348,0.000,25.344
"Tenant A (Bully Data)","PutLarge",1,0,29.888,0.000,29.883
"Tenant A (Bully Data)","ListBucket",1,0,24.866,0.000,24.863
"Tenant A (Bully Data)","PutLarge",1,0,29.163,0.000,29.159
"Tenant A (Bully Data)","PutLarge",1,0,31.300,0.000,31.295
"Tenant A (Bully Data)","PutLarge",1,0,29.252,0.000,29.215
"Tenant A (Bully Data)","PutLarge",1,0,30.290,0.000,30.286
"Tenant A (Bully Data)","PutLarge",1,0,31.260,0.000,31.245
"Tenant A (Bully Data)","PutLarge",1,0,30.056,0.000,30.047
"Tenant A (Bully Data)","ListBucket",1,0,23.773,0.000,23.767
"Tenant A (Bully Data)","PutLarge",1,0,29.545,0.000,29.537
"Tenant A (Bully Data)","PutLarge",1,0,31.321,0.000,31.308
"Tenant A (Bully Data)","PutLarge",1,0,31.179,0.000,31.175
"Tenant A (Bully Data)","ListBucket",1,0,25.233,0.000,25.228
"Tenant A (Bully Data)","ListBucket",1,0,25.608,0.000,25.605
"Tenant A (Bully Data)","PutLarge",1,0,29.672,0.000,29.668
"Tenant A (Bully Data)","PutLarge",1,0,30.621,0.000,30.618
"Tenant A (Bully Data)","ListBucket",1,0,25.404,0.000,25.401
"Tenant A (Bully Data)","PutLarge",1,0,31.042,0.000,31.039
"Tenant A (Bully Data)","PutLarge",1,0,29.799,0.000,29.793
"Tenant A (Bully Data)","ListBucket",1,0,24.282,0.000,24.259
"Tenant A (Bully Data)","PutLarge",1,0,29.683,0.000,29.668
"Tenant A (Bully Data)","PutLarge",1,0,28.561,0.000,28.559
"Tenant A (Bully Data)","ListBucket",1,0,23.829,0.000,23.825
"Tenant A (Bully Data)","PutLarge",1,0,30.954,0.000,30.950
"Tenant A (Bully Data)","ListBucket",1,0,25.874,0.001,25.860
"Tenant A (Bully Data)","PutLarge",1,0,28.749,0.000,28.735
"Tenant A (Bully Data)","PutLarge",1,0,29.027,0.001,29.023
"Tenant A (Bully Data)","ListBucket",1,0,24.152,0.000,24.099
"Tenant A (Bully Data)","PutLarge",1,0,29.092,0.000,29.048
"Tenant A (Bully Data)","PutLarge",1,0,30.934,0.000,30.916
"Tenant A (Bully Data)","ListBucket",1,0,23.898,0.000,23.889
"Tenant A (Bully Data)","PutLarge",1,0,30.867,0.000,30.864
"Tenant A (Bully Data)","PutLarge",1,0,31.295,0.000,31.292
"Tenant A (Bully Data)","ListBucket",1,0,25.014,0.001,25.009
"Tenant A (Bully Data)","PutLarge",1,0,28.815,0.001,28.801
"Tenant A (Bully Data)","PutLarge",1,0,28.532,0.000,28.528
"Tenant A (Bully Data)","PutLarge",1,0,29.636,0.000,29.622
"Tenant A (Bully Data)","PutLarge",1,0,31.061,0.000,31.056
"Tenant A (Bully Data)","PutLarge",1,0,30.737,0.000,30.688
"Tenant A (Bully Data)","ListBucket",1,0,24.403,0.000,24.378
"Tenant A (Bully Data)","PutLarge",1,0,28.599,0.000,28.593
"Tenant A (Bully Data)","ListBucket",1,0,26.090,0.000,26.083
"Tenant A (Bully Data)","ListBucket",1,0,23.997,0.000,23.987
"Tenant A (Bully Data)","ListBucket",1,0,24.703,0.001,24.694
"Tenant A (Bully Data)","PutLarge",1,0,30.435,0.000,30.419
"Tenant A (Bully Data)","PutLarge",1,0,30.537,0.000,30.519
"Tenant A (Bully Data)","PutLarge",1,0,28.665,0.000,28.660
"Tenant A (Bully Data)","PutLarge",1,0,29.453,0.000,29.449
"Tenant A (Bully Data)","PutLarge",1,0,30.675,0.000,30.671
"Tenant A (Bully Data)","PutLarge",1,0,30.093,0.000,30.087
"Tenant A (Bully Data)","PutLarge",1,0,29.900,0.000,29.888
"Tenant A (Bully Data)","PutLarge",1,0,30.984,0.000,30.935
"Tenant A (Bully Data)","PutLarge",1,0,30.148,0.000,30.139
"Tenant A (Bully Data)","PutLarge",1,0,28.695,0.001,28.678
"Tenant A (Bully Data)","PutLarge",1,0,30.126,0.000,30.123
"Tenant A (Bully Data)","PutLarge",1,0,29.371,0.000,29.345
"Tenant A (Bully Data)","PutLarge",1,0,30.757,0.001,30.745
"Tenant A (Bully Data)","PutLarge",1,0,29.533,0.000,29.526
"Tenant A (Bully Data)","PutLarge",1,0,30.840,0.000,30.837
"Tenant A (Bully Data)","ListBucket",1,0,24.266,0.000,24.249
"Tenant A (Bully Data)","PutLarge",1,0,29.411,0.000,29.402
"Tenant A (Bully Data)","PutLarge",1,0,31.276,0.000,31.260
"Tenant A (Bully Data)","PutLarge",1,0,29.291,0.000,29.277
"Tenant A (Bully Data)","PutLarge",1,0,29.323,0.000,29.308
"Tenant A (Bully Data)","ListBucket",1,0,25.776,0.000,25.761
"Tenant A (Bully Data)","PutLarge",1,0,29.867,0.000,29.860
"Tenant A (Bully Data)","ListBucket",1,0,26.074,0.000,26.068
"Tenant A (Bully Data)","PutLarge",1,0,29.636,0.000,29.619
"Tenant A (Bully Data)","ListBucket",1,0,25.575,0.000,25.559
"Tenant A (Bully Data)","PutLarge",1,0,29.613,0.000,29.601
"Tenant A (Bully Data)","ListBucket",1,0,25.858,0.000,25.843
"Tenant A (Bully Data)","ListBucket",1,0,24.748,0.000,24.724
"Tenant A (Bully Data)","PutLarge",1,0,29.205,0.000,29.187
"Tenant A (Bully Data)","PutLarge",1,0,28.634,0.000,28.623
"Tenant A (Bully Data)","PutLarge",1,0,30.371,0.000,30.348
"Tenant A (Bully Data)","PutLarge",1,0,28.810,0.000,28.787
"Tenant A (Bully Data)","PutLarge",1,0,31.148,0.000,31.141
"Tenant A (Bully Data)","PutLarge",1,0,29.469,0.000,29.463
"Tenant A (Bully Data)","ListBucket",1,0,25.061,0.000,25.007
"Tenant A (Bully Data)","PutLarge",1,0,29.032,0.000,29.004
"Tenant A (Bully Data)","PutLarge",1,0,30.838,0.000,30.815
"Tenant A (Bully Data)","PutLarge",1,0,28.676,0.000,28.669
"Tenant A (Bully Data)","PutLarge",1,0,30.953,0.001,30.949
"Tenant A (Bully Data)","ListBucket",1,0,24.597,0.001,24.591
"Tenant A (Bully Data)","ListBucket",1,0,24.304,0.001,24.288
"Tenant A (Bully Data)","PutLarge",1,0,29.395,0.000,29.382
"Tenant A (Bully Data)","PutLarge",1,0,29.205,0.000,29.199
"Tenant A (Bully Data)","PutLarge",1,0,29.125,0.000,29.110
"Tenant A (Bully Data)","ListBucket",1,0,24.651,0.000,24.636
"Tenant A (Bully Data)","ListBucket",1,0,24.775,0.000,24.772
"Tenant A (Bully Data)","PutLarge",1,0,30.736,0.000,30.732
"Tenant A (Bully Data)","PutLarge",1,0,28.588,0.000,28.586
"Tenant A (Bully Data)","ListBucket",1,0,24.753,0.000,24.745
"Tenant A (Bully Data)","PutLarge",1,0,30.840,0.000,30.835
"Tenant A (Bully Data)","PutLarge",1,0,30.463,0.000,30.439
"Tenant A (Bully Data)","PutLarge",1,0,29.638,0.000,29.620
"Tenant A (Bully Data)","PutLarge",1,0,29.624,0.001,29.607
"Tenant A (Bully Data)","PutLarge",1,0,28.740,0.001,28.732
"Tenant A (Bully Data)","PutLarge",1,0,29.098,0.000,29.079
"Tenant A (Bully Data)","PutLarge",1,0,29.850,0.000,29.837
"Tenant A (Bully Data)","PutLarge",1,0,29.792,0.000,29.787
"Tenant A (Bully Data)","ListBucket",1,0,26.200,0.000,26.196
"Tenant A (Bully Data)","PutLarge",1,0,30.884,0.000,30.866
"Tenant A (Bully Data)","PutLarge",1,0,28.975,0.000,28.970
"Tenant A (Bully Data)","ListBucket",1,0,23.918,0.000,23.913
"Tenant A (Bully Data)","ListBucket",1,0,24.815,0.000,24.799
"Tenant A (Bully Data)","PutLarge",1,0,30.516,0.001,30.493
"Tenant A (Bully Data)","PutLarge",1,0,29.881,0.000,29.873
"Tenant A (Bully Data)","ListBucket",1,0,25.930,0.000,25.913
"Tenant A (Bully Data)","ListBucket",1,0,23.975,0.000,23.963
"Tenant A (Bully Data)","ListBucket",1,0,25.263,0.000,25.250
"Tenant A (Bully Data)","PutLarge",1,0,29.190,0.000,29.178
"Tenant A (Bully Data)","ListBucket",1,0,26.122,0.000,26.097
"Tenant A (Bully Data)","PutLarge",1,0,28.969,0.000,28.951
"Tenant A (Bully Data)","ListBucket",1,0,24.005,0.000,24.001
"Tenant A (Bully Data)","ListBucket",1,0,25.897,0.000,25.892
"Tenant A (Bully Data)","PutLarge",1,0,31.059,0.000,31.052
"Tenant A (Bully Data)","PutLarge",1,0,30.790,0.000,30.773
"Tenant A (Bully Data)","ListBucket",1,0,24.478,0.000,24.468
"Tenant A (Bully Data)","PutLarge",1,0,31.111,0.001,31.101
"Tenant A (Bully Data)","PutLarge",1,0,29.498,0.000,29.492
"Tenant A (Bully Data)","ListBucket",1,0,26.073,0.000,26.071
"Tenant A (Bully Data)","PutLarge",1,0,30.584,0.000,30.575
"Tenant A (Bully Data)","ListBucket",1,0,24.929,0.000,24.919
"Tenant A (Bully Data)","PutLarge",1,0,29.299,0.000,29.285
"Tenant A (Bully Data)","PutLarge",1,0,30.777,0.000,30.758
"Tenant A (Bully Data)","ListBucket",1,0,26.103,0.000,26.088
"Tenant A (Bully Data)","ListBucket",1,0,24.734,0.000,24.697
"Tenant A (Bully Data)","PutLarge",1,0,30.251,0.001,30.244
"Tenant A (Bully Data)","PutLarge",1,0,29.658,0.000,29.650
"Tenant A (Bully Data)","PutLarge",1,0,29.031,0.000,29.016
"Tenant A (Bully Data)","ListBucket",1,0,25.109,0.000,25.094
"Tenant A (Bully Data)","PutLarge",1,0,30.402,0.000,30.396
"Tenant A (Bully Data)","PutLarge",1,0,28.703,0.000,28.691
"Tenant A (Bully Data)","PutLarge",1,0,29.680,0.000,29.666
"Tenant A (Bully Data)","PutLarge",1,0,30.280,0.000,30.274
"Tenant A (Bully Data)","PutLarge",1,0,30.779,0.000,30.776
"Tenant A (Bully Data)","ListBucket",1,0,24.706,0.000,24.697
"Tenant A (Bully Data)","PutLarge",1,0,29.879,0.000,29.874
"Tenant A (Bully Data)","PutLarge",1,0,29.554,0.000,29.543
"Tenant A (Bully Data)","ListBucket",1,0,24.043,0.000,24.031
"Tenant A (Bully Data)","PutLarge",1,0,29.668,0.000,29.660
"Tenant A (Bully Data)","PutLarge",1,0,31.104,0.000,31.096
"Tenant A (Bully Data)","PutLarge",1,0,29.397,0.000,29.389
"Tenant A (Bully Data)","PutLarge",1,0,31.020,0.000,31.014
"Tenant A (Bully Data)","PutLarge",1,0,30.962,0.000,30.953
"Tenant A (Bully Data)","ListBucket",1,0,25.297,0.000,25.283
"Tenant A (Bully Data)","PutLarge",1,0,30.670,0.000,30.657
"Tenant A (Bully Data)","PutLarge",1,0,29.793,0.000,29.776
"Tenant A (Bully Data)","ListBucket",1,0,23.898,0.000,23.893
"Tenant A (Bully Data)","PutLarge",1,0,29.451,0.001,29.445
"Tenant A (Bully Data)","ListBucket",1,0,25.280,0.000,25.236
"Tenant A (Bully Data)","PutLarge",1,0,29.045,0.000,29.034
"Tenant A (Bully Data)","PutLarge",1,0,30.226,0.000,30.220
"Tenant A (Bully Data)","PutLarge",1,0,30.290,0.000,30.275
"Tenant A (Bully Data)","PutLarge",1,0,30.617,0.000,30.602
"Tenant A (Bully Data)","PutLarge",1,0,29.855,0.000,29.852
"Tenant A (Bully Data)","ListBucket",1,0,24.199,0.000,24.169
"Tenant A (Bully Data)","ListBucket",1,0,25.830,0.000,25.802
"Tenant A (Bully Data)","ListBucket",1,0,23.837,0.000,23.809
"Tenant A (Bully Data)","PutLarge",1,0,29.529,0.000,29.517
"Tenant A (Bully Data)","PutLarge",1,0,30.037,0.000,30.032
"Tenant A (Bully Data)","ListBucket",1,0,23.938,0.001,23.921
"Tenant A (Bully Data)","ListBucket",1,0,26.127,0.000,26.115
"Tenant A (Bully Data)","ListBucket",1,0,24.917,0.000,24.909
"Tenant A (Bully Data)","ListBucket",1,0,26.069,0.000,26.053
"Tenant A (Bully Data)","ListBucket",1,0,23.877,0.001,23.867
"Tenant A (Bully Data)","PutLarge",1,0,29.614,0.000,29.608
"Tenant A (Bully Data)","PutLarge",1,0,31.487,0.001,31.478
"Tenant A (Bully Data)","PutLarge",1,0,28.766,0.000,28.760
"Tenant A (Bully Data)","PutLarge",1,0,28.652,0.000,28.641
"Tenant A (Bully Data)","PutLarge",1,0,28.626,0.000,28.604
"Tenant A (Bully Data)","PutLarge",1,0,28.612,0.001,28.606
"Tenant A (Bully Data)","PutLarge",1,0,28.930,0.000,28.922
"Tenant A (Bully Data)","ListBucket",1,0,23.836,0.000,23.829
"Tenant A (Bully Data)","ListBucket",1,0,25.228,0.000,25.220
"Tenant A (Bully Data)","PutLarge",1,0,29.791,0.000,29.786
"Tenant A (Bully Data)","PutLarge",1,0,28.602,0.000,28.598
"Tenant A (Bully Data)","ListBucket",1,0,24.776,0.000,24.771
"Tenant A (Bully Data)","PutLarge",1,0,28.577,0.000,28.562
"Tenant A (Bully Data)","PutLarge",1,0,30.111,0.000,30.105
"Tenant A (Bully Data)","PutLarge",1,0,31.340,0.000,31.337
"Tenant A (Bully Data)","PutLarge",1,0,31.182,0.000,31.178
"Tenant A (Bully Data)","PutLarge",1,0,28.653,0.000,28.647
"Tenant A (Bully Data)","PutLarge",1,0,28.944,0.000,28.931
"Tenant A (Bully Data)","ListBucket",1,0,23.968,0.000,23.963
"Tenant A (Bully Data)","PutLarge",1,0,29.690,0.000,29.678
"Tenant A (Bully Data)","PutLarge",1,0,30.465,0.000,30.456
"Tenant A (Bully Data)","ListBucket",1,0,25.154,0.000,25.149
"Tenant A (Bully Data)","PutLarge",1,0,31.043,0.000,31.029
"Tenant A (Bully Data)","ListBucket",1,0,26.237,0.000,26.231
"Tenant A (Bully Data)","PutLarge",1,0,29.185,0.000,29.180
"Tenant A (Bully Data)","ListBucket",1,0,25.823,0.000,25.817
"Tenant A (Bully Data)","ListBucket",1,0,24.468,0.000,24.460
"Tenant A (Bully Data)","ListBucket",1,0,24.989,0.000,24.986
"Tenant A (Bully Data)","ListBucket",1,0,25.408,0.000,25.396
"Tenant A (Bully Data)","PutLarge",1,0,28.906,0.001,28.884
"Tenant A (Bully Data)","ListBucket",1,0,25.905,0.000,25.894
"Tenant A (Bully Data)","PutLarge",1,0,31.073,0.000,31.062
"Tenant A (Bully Data)","PutLarge",1,0,31.406,0.000,31.403
"Tenant A (Bully Data)","ListBucket",1,0,23.779,0.000,23.775
"Tenant A (Bully Data)","PutLarge",1,0,31.463,0.000,31.452
"Tenant A (Bully Data)","PutLarge",1,0,31.316,0.000,31.306
"Tenant A (Bully Data)","ListBucket",1,0,24.202,0.000,24.191
"Tenant A (Bully Data)","ListBucket",1,0,26.123,0.000,26.089
"Tenant A (Bully Data)","PutLarge",1,0,29.771,0.000,29.749
"Tenant A (Bully Data)","PutLarge",1,0,30.176,0.000,30.166
"Tenant A (Bully Data)","ListBucket",1,0,24.825,0.000,24.785
"Tenant A (Bully Data)","PutLarge",1,0,31.511,0.000,31.486
"Tenant A (Bully Data)","PutLarge",1,0,28.961,0.000,28.950
"Tenant A (Bully Data)","ListBucket",1,0,24.831,0.000,24.826
"Tenant A (Bully Data)","PutLarge",1,0,28.863,0.000,28.858
"Tenant A (Bully Data)","PutLarge",1,0,30.742,0.001,30.689
"Tenant A (Bully Data)","PutLarge",1,0,31.406,0.000,31.398
"Tenant A (Bully Data)","PutLarge",1,0,30.412,0.000,30.405
"Tenant A (Bully Data)","PutLarge",1,0,29.619,0.000,29.596
"Tenant A (Bully Data)","PutLarge",1,0,28.654,0.000,28.643
"Tenant A (Bully Data)","PutLarge",1,0,29.863,0.000,29.833
"Tenant A (Bully Data)","PutLarge",1,0,30.461,0.000,30.453
"Tenant A (Bully Data)","PutLarge",1,0,29.732,0.000,29.728
"Tenant A (Bully Data)","PutLarge",1,0,31.371,0.000,31.367
"Tenant A (Bully Data)","PutLarge",1,0,29.637,0.000,29.547
"Tenant A (Bully Data)","PutLarge",1,0,29.566,0.000,29.563
"Tenant A (Bully Data)","PutLarge",1,0,29.864,0.000,29.858
"Tenant A (Bully Data)","PutLarge",1,0,31.445,0.001,31.433
"Tenant A (Bully Data)","PutLarge",1,0,29.918,0.000,29.914
"Tenant A (Bully Data)","PutLarge",1,0,30.298,0.000,30.290
"Tenant A (Bully Data)","ListBucket",1,0,24.801,0.000,24.785
"Tenant A (Bully Data)","PutLarge",1,0,30.504,0.000,30.490
"Tenant A (Bully Data)","ListBucket",1,0,24.176,0.000,24.171
"Tenant A (Bully Data)","ListBucket",1,0,25.260,0.000,25.256
"Tenant A (Bully Data)","PutLarge",1,0,28.630,0.000,28.626
"Tenant A (Bully Data)","ListBucket",1,0,24.715,0.000,24.703
"Tenant A (Bully Data)","PutLarge",1,0,29.716,0.000,29.713
"Tenant A (Bully Data)","ListBucket",1,0,25.810,0.000,25.800
"Tenant A (Bully Data)","ListBucket",1,0,26.235,0.001,26.217
"Tenant A (Bully Data)","ListBucket",1,0,24.667,0.001,24.655
"Tenant A (Bully Data)","PutLarge",1,0,29.533,0.000,29.528
"Tenant A (Bully Data)","ListBucket",1,0,24.334,0.000,24.321
"Tenant A (Bully Data)","PutLarge",1,0,30.236,0.000,30.227
"Tenant A (Bully Data)","PutLarge",1,0,30.246,0.000,30.218
"Tenant A (Bully Data)","ListBucket",1,0,25.194,0.000,25.184
"Tenant A (Bully Data)","PutLarge",1,0,31.470,0.000,31.459
"Tenant A (Bully Data)","PutLarge",1,0,29.253,0.000,29.225
"Tenant A (Bully Data)","ListBucket",1,0,23.808,0.000,23.789
"Tenant A (Bully Data)","PutLarge",1,0,30.795,0.000,30.779
"Tenant A (Bully Data)","PutLarge",1,0,28.965,0.000,28.958
"Tenant A (Bully Data)","ListBucket",1,0,23.994,0.000,23.988
"Tenant A (Bully Data)","PutLarge",1,0,29.858,0.000,29.851
"Tenant A (Bully Data)","ListBucket",1,0,24.397,0.000,24.390
"Tenant A (Bully Data)","PutLarge",1,0,31.299,0.000,31.291
"Tenant A (Bully Data)","ListBucket",1,0,24.282,0.001,24.274
"Tenant A (Bully Data)","ListBucket",1,0,24.868,0.000,24.858
"Tenant A (Bully Data)","PutLarge",1,0,31.476,0.000,31.442
"Tenant A (Bully Data)","PutLarge",1,0,30.565,0.000,30.552
"Tenant A (Bully Data)","ListBucket",1,0,24.326,0.000,24.308
"Tenant A (Bully Data)","PutLarge",1,0,30.599,0.000,30.585
"Tenant A (Bully Data)","PutLarge",1,0,30.363,0.000,30.352
"Tenant A (Bully Data)","PutLarge",1,0,29.016,0.001,29.012
"Tenant A (Bully Data)","ListBucket",1,0,26.165,0.001,26.158
"Tenant A (Bully Data)","ListBucket",1,0,24.363,0.000,24.358
"Tenant A (Bully Data)","PutLarge",1,0,28.658,0.000,28.647
"Tenant A (Bully Data)","PutLarge",1,0,28.785,0.000,28.767
"Tenant A (Bully Data)","PutLarge",1,0,30.688,0.000,30.684
"Tenant A (Bully Data)","ListBucket",1,0,25.876,0.000,25.851
"Tenant A (Bully Data)","PutLarge",1,0,29.107,0.000,29.097
"Tenant A (Bully Data)","ListBucket",1,0,25.495,0.000,25.456
"Tenant A (Bully Data)","PutLarge",1,0,28.727,0.000,28.712
"Tenant A (Bully Data)","PutLarge",1,0,30.518,0.000,30.503
"Tenant A (Bully Data)","PutLarge",1,0,30.345,0.000,30.329
"Tenant A (Bully Data)","ListBucket",1,0,25.276,0.000,25.272
"Tenant A (Bully Data)","ListBucket",1,0,25.214,0.000,25.195
"Tenant A (Bully Data)","PutLarge",1,0,29.499,0.000,29.487
"Tenant A (Bully Data)","PutLarge",1,0,28.810,0.000,28.806
"Tenant A (Bully Data)","ListBucket",1,0,25.225,0.000,25.217
"Tenant A (Bully Data)","ListBucket",1,0,26.049,0.000,26.041
"Tenant A (Bully Data)","PutLarge",1,0,29.890,0.000,29.883
"Tenant A (Bully Data)","PutLarge",1,0,29.341,0.000,29.336
"Tenant A (Bully Data)","ListBucket",1,0,24.286,0.000,24.278
"Tenant A (Bully Data)","ListBucket",1,0,24.909,0.000,24.906
"Tenant A (Bully Data)","PutLarge",1,0,29.587,0.000,29.582
"Tenant A (Bully Data)","ListBucket",1,0,23.914,0.000,23.901
"Tenant A (Bully Data)","PutLarge",1,0,30.969,0.000,30.964
"Tenant A (Bully Data)","PutLarge",1,0,29.010,0.000,28.997
"Tenant A (Bully Data)","PutLarge",1,0,31.193,0.000,31.187
"Tenant A (Bully Data)","PutLarge",1,0,29.968,0.000,29.964
"Tenant A (Bully Data)","ListBucket",1,0,25.812,0.000,25.808
"Tenant A (Bully Data)","ListBucket",1,0,25.900,0.000,25.897
"Tenant A (Bully Data)","PutLarge",1,0,30.604,0.000,30.594
"Tenant A (Bully Data)","PutLarge",1,0,31.306,0.000,31.300
"Tenant A (Bully Data)","PutLarge",1,0,29.874,0.000,29.870
"Tenant A (Bully Data)","ListBucket",1,0,24.689,0.000,24.684
"Tenant A (Bully Data)","PutLarge",1,0,29.062,0.001,29.056
"Tenant A (Bully Data)","PutLarge",1,0,30.978,0.000,30.958
"Tenant A (Bully Data)","PutLarge",1,0,29.113,0.000,29.097
"Tenant A (Bully Data)","PutLarge",1,0,29.723,0.000,29.718
"Tenant A (Bully Data)","PutLarge",1,0,30.067,0.000,30.051
"Tenant A (Bully Data)","ListBucket",1,0,25.668,0.000,25.654
"Tenant A (Bully Data)","PutLarge",1,0,29.870,0.000,29.865
"Tenant A (Bully Data)","PutLarge",1,0,28.939,0.000,28.935
"Tenant A (Bully Data)","PutLarge",1,0,30.616,0.000,30.615
"Tenant A (Bully Data)","PutLarge",1,0,28.761,0.000,28.758
"Tenant A (Bully Data)","PutLarge",1,0,31.004,0.000,31.001
"Tenant A (Bully Data)","PutLarge",1,0,31.271,0.000,31.268
"Tenant A (Bully Data)","ListBucket",1,0,25.772,0.000,25.767
"Tenant A (Bully Data)","PutLarge",1,0,31.029,0.000,31.017
"Tenant A (Bully Data)","ListBucket",1,0,25.523,0.000,25.496
"Tenant A (Bully Data)","PutLarge",1,0,30.852,0.000,30.847
"Tenant A (Bully Data)","PutLarge",1,0,29.298,0.000,29.287
"Tenant A (Bully Data)","ListBucket",1,0,25.370,0.001,25.346
"Tenant A (Bully Data)","ListBucket",1,0,25.178,0.001,25.169
"Tenant A (Bully Data)","PutLarge",1,0,30.845,0.000,30.831
"Tenant A (Bully Data)","PutLarge",1,0,29.693,0.000,29.690
"Tenant A (Bully Data)","PutLarge",1,0,29.572,0.000,29.559
"Tenant A (Bully Data)","PutLarge",1,0,29.338,0.000,29.331
"Tenant A (Bully Data)","PutLarge",1,0,30.335,0.000,30.329
"Tenant A (Bully Data)","ListBucket",1,0,24.551,0.000,24.542
"Tenant A (Bully Data)","PutLarge",1,0,28.540,0.000,28.532
"Tenant A (Bully Data)","ListBucket",1,0,25.608,0.000,25.595
"Tenant A (Bully Data)","PutLarge",1,0,29.342,0.000,29.334
"Tenant A (Bully Data)","ListBucket",1,0,25.216,0.000,25.208
"Tenant A (Bully Data)","PutLarge",1,0,30.923,0.000,30.903
"Tenant A (Bully Data)","PutLarge",1,0,30.613,0.000,30.606
"Tenant A (Bully Data)","ListBucket",1,0,24.247,0.001,24.230
"Tenant A (Bully Data)","PutLarge",1,0,30.254,0.000,30.249
"Tenant A (Bully Data)","PutLarge",1,0,29.419,0.000,29.415
"Tenant A (Bully Data)","PutLarge",1,0,31.427,0.000,31.425
"Tenant A (Bully Data)","ListBucket",1,0,25.113,0.000,25.110
"Tenant A (Bully Data)","PutLarge",1,0,30.579,0.000,30.577
"Tenant A (Bully Data)","PutLarge",1,0,29.124,0.000,29.085
"Tenant A (Bully Data)","PutLarge",1,0,29.543,0.000,29.524
"Tenant A (Bully Data)","PutLarge",1,0,29.224,0.000,29.216
"Tenant A (Bully Data)","ListBucket",1,0,24.719,0.000,24.708
"Tenant A (Bully Data)","PutLarge",1,0,30.457,0.000,30.450
"Tenant A (Bully Data)","ListBucket",1,0,24.451,0.000,24.447
"Tenant A (Bully Data)","PutLarge",1,0,30.885,0.000,30.883
"Tenant A (Bully Data)","PutLarge",1,0,29.248,0.000,29.241
"Tenant A (Bully Data)","ListBucket",1,0,25.699,0.000,25.686
"Tenant A (Bully Data)","ListBucket",1,0,26.176,0.000,26.166
"Tenant A (Bully Data)","PutLarge",1,0,30.243,0.000,30.234
"Tenant A (Bully Data)","ListBucket",1,0,23.772,0.000,23.769
"Tenant A (Bully Data)","PutLarge",1,0,31.282,0.000,31.276
"Tenant A (Bully Data)","PutLarge",1,0,29.786,0.000,29.781
"Tenant A (Bully Data)","PutLarge",1,0,29.782,0.000,29.776
"Tenant A (Bully Data)","ListBucket",1,0,25.056,0.000,25.050
"Tenant A (Bully Data)","PutLarge",1,0,28.541,0.000,28.526
"Tenant A (Bully Data)","ListBucket",1,0,23.775,0.000,23.768
"Tenant A (Bully Data)","ListBucket",1,0,25.215,0.000,25.210
"Tenant A (Bully Data)","ListBucket",1,0,24.523,0.000,24.488
"Tenant A (Bully Data)","PutLarge",1,0,30.401,0.000,30.382
"Tenant A (Bully Data)","PutLarge",1,0,28.613,0.000,28.602
"Tenant A (Bully Data)","PutLarge",1,0,29.474,0.001,29.466
"Tenant A (Bully Data)","PutLarge",1,0,28.801,0.001,28.788
"Tenant A (Bully Data)","ListBucket",1,0,26.146,0.000,26.141
"Tenant A (Bully Data)","ListBucket",1,0,23.828,0.000,23.821
"Tenant A (Bully Data)","PutLarge",1,0,29.890,0.000,29.873
"Tenant A (Bully Data)","ListBucket",1,0,24.314,0.000,24.301
"Tenant A (Bully Data)","ListBucket",1,0,24.777,0.000,24.765
"Tenant A (Bully Data)","ListBucket",1,0,24.435,0.000,24.421
"Tenant A (Bully Data)","PutLarge",1,0,29.092,0.000,29.086
"Tenant A (Bully Data)","ListBucket",1,0,25.817,0.000,25.813
"Tenant A (Bully Data)","ListBucket",1,0,24.694,0.000,24.687
"Tenant A (Bully Data)","PutLarge",1,0,30.095,0.000,30.090
"Tenant A (Bully Data)","PutLarge",1,0,30.699,0.000,30.694
"Tenant A (Bully Data)","ListBucket",1,0,26.075,0.000,26.071
"Tenant A (Bully Data)","PutLarge",1,0,30.968,0.000,30.959
"Tenant A (Bully Data)","PutLarge",1,0,29.976,0.000,29.969
"Tenant A (Bully Data)","ListBucket",1,0,25.272,0.000,25.263
"Tenant A (Bully Data)","PutLarge",1,0,31.501,0.000,31.497
"Tenant A (Bully Data)","ListBucket",1,0,25.409,0.001,25.403
"Tenant A (Bully Data)","ListBucket",1,0,24.341,0.000,24.335
"Tenant A (Bully Data)","ListBucket",1,0,24.671,0.000,24.663
"Tenant A (Bully Data)","PutLarge",1,0,30.170,0.000,30.155
"Tenant A (Bully Data)","ListBucket",1,0,24.518,0.000,24.505
"Tenant A (Bully Data)","PutLarge",1,0,30.512,0.000,30.509
"Tenant A (Bully Data)","PutLarge",1,0,28.523,0.001,28.519
"Tenant A (Bully Data)","ListBucket",1,0,26.260,0.000,26.213
"Tenant A (Bully Data)","ListBucket",1,0,25.157,0.000,25.151
"Tenant A (Bully Data)","PutLarge",1,0,30.503,0.000,30.501
"Tenant A (Bully Data)","ListBucket",1,0,24.227,0.000,24.224
"Tenant A (Bully Data)","ListBucket",1,0,24.950,0.000,24.940
"Tenant A (Bully Data)","PutLarge",1,0,29.643,0.000,29.639
"Tenant A (Bully Data)","ListBucket",1,0,26.224,0.000,26.214
"Tenant A (Bully Data)","ListBucket",1,0,23.847,0.000,23.840
"Tenant A (Bully Data)","PutLarge",1,0,28.908,0.000,28.904
"Tenant A (Bully Data)","ListBucket",1,0,24.926,0.000,24.914
"Tenant A (Bully Data)","ListBucket",1,0,24.472,0.000,24.458
"Tenant A (Bully Data)","ListBucket",1,0,25.035,0.000,25.028
"Tenant A (Bully Data)","PutLarge",1,0,28.915,0.000,28.910
"Tenant A (Bully Data)","ListBucket",1,0,24.733,0.000,24.727
"Tenant A (Bully Data)","PutLarge",1,0,28.971,0.000,28.958
"Tenant A (Bully Data)","PutLarge",1,0,29.518,0.001,29.509
"Tenant A (Bully Data)","PutLarge",1,0,31.119,0.000,31.107
"Tenant A (Bully Data)","PutLarge",1,0,30.738,0.000,30.732
"Tenant A (Bully Data)","PutLarge",1,0,30.482,0.000,30.452
"Tenant A (Bully Data)","PutLarge",1,0,30.093,0.000,30.066
"Tenant A (Bully Data)","ListBucket",1,0,26.018,0.000,26.009
"Tenant A (Bully Data)","PutLarge",1,0,30.074,0.000,30.064
"Tenant A (Bully Data)","PutLarge",1,0,31.242,0.000,31.238
"Tenant A (Bully Data)","PutLarge",1,0,28.565,0.001,28.559
"Tenant A (Bully Data)","PutLarge",1,0,29.604,0.001,29.547
"Tenant A (Bully Data)","ListBucket",1,0,25.626,0.000,25.615
"Tenant A (Bully Data)","PutLarge",1,0,30.811,0.001,30.802
"Tenant A (Bully Data)","PutLarge",1,0,30.347,0.000,30.334
"Tenant A (Bully Data)","PutLarge",1,0,29.524,0.001,29.516
"Tenant A (Bully Data)","PutLarge",1,0,29.577,0.001,29.569
"Tenant A (Bully Data)","PutLarge",1,0,29.093,0.000,29.091
"Tenant A (Bully Data)","PutLarge",1,0,29.842,0.000,29.839
"Tenant A (Bully Data)","PutLarge",1,0,31.141,0.000,31.129
"Tenant A (Bully Data)","PutLarge",1,0,29.757,0.000,29.753
"Tenant A (Bully Data)","PutLarge",1,0,31.235,0.000,31.229
"Tenant A (Bully Data)","PutLarge",1,0,28.785,0.000,28.780
"Tenant A (Bully Data)","ListBucket",1,0,24.174,0.000,24.170
"Tenant A (Bully Data)","PutLarge",1,0,29.955,0.000,29.943
"Tenant A (Bully Data)","PutLarge",1,0,28.986,0.001,28.978
"Tenant A (Bully Data)","ListBucket",1,0,25.762,0.000,25.756
"Tenant A (Bully Data)","PutLarge",1,0,28.892,0.000,28.889
"Tenant A (Bully Data)","ListBucket",1,0,26.113,0.000,26.110
"Tenant A (Bully Data)","PutLarge",1,0,29.797,0.000,29.779
"Tenant A (Bully Data)","ListBucket",1,0,25.741,0.000,25.735
"Tenant A (Bully Data)","PutLarge",1,0,29.958,0.001,29.938
"Tenant A (Bully Data)","PutLarge",1,0,29.238,0.000,29.216
"Tenant A (Bully Data)","PutLarge",1,0,30.389,0.000,30.378
"Tenant A (Bully Data)","PutLarge",1,0,28.788,0.000,28.764
"Tenant A (Bully Data)","PutLarge",1,0,29.038,0.000,29.032
"Tenant A (Bully Data)","PutLarge",1,0,29.473,0.002,29.451
"Tenant A (Bully Data)","PutLarge",1,0,29.516,0.001,29.494
"Tenant A (Bully Data)","PutLarge",1,0,29.420,0.000,29.407
"Tenant A (Bully Data)","ListBucket",1,0,24.500,0.000,24.495
"Tenant A (Bully Data)","PutLarge",1,0,30.691,0.000,30.672
"Tenant A (Bully Data)","PutLarge",1,0,30.767,0.000,30.757
"Tenant A (Bully Data)","PutLarge",1,0,31.310,0.000,31.303
"Tenant A (Bully Data)","ListBucket",1,0,25.810,0.000,25.804
"Tenant A (Bully Data)","ListBucket",1,0,26.084,0.000,26.077
"Tenant A (Bully Data)","PutLarge",1,0,29.676,0.000,29.658
"Tenant A (Bully Data)","PutLarge",1,0,28.897,0.000,28.880
"Tenant A (Bully Data)","PutLarge",1,0,29.296,0.000,29.292
"Tenant A (Bully Data)","ListBucket",1,0,25.697,0.000,25.692
"Tenant A (Bully Data)","PutLarge",1,0,29.040,0.001,29.013
"Tenant A (Bully Data)","PutLarge",1,0,29.184,0.000,29.175
"Tenant A (Bully Data)","PutLarge",1,0,31.497,0.000,31.485
"Tenant A (Bully Data)","ListBucket",1,0,24.537,0.000,24.528
"Tenant A (Bully Data)","ListBucket",1,0,23.937,0.000,23.930
"Tenant A (Bully Data)","PutLarge",1,0,30.707,0.000,30.698
"Tenant A (Bully Data)","PutLarge",1,0,31.376,0.000,31.356
"Tenant A (Bully Data)","PutLarge",1,0,28.850,0.000,28.846
"Tenant A (Bully Data)","PutLarge",1,0,31.373,0.000,31.356
"Tenant A (Bully Data)","PutLarge",1,0,31.213,0.000,31.208
"Tenant A (Bully Data)","PutLarge",1,0,30.390,0.000,30.373
"Tenant A (Bully Data)","ListBucket",1,0,23.892,0.000,23.890
"Tenant A (Bully Data)","PutLarge",1,0,31.360,0.000,31.349
"Tenant A (Bully Data)","PutLarge",1,0,30.914,0.000,30.906
"Tenant A (Bully Data)","PutLarge",1,0,31.000,0.000,30.995
"Tenant A (Bully Data)","ListBucket",1,0,24.562,0.000,24.556
"Tenant A (Bully Data)","PutLarge",1,0,29.396,0.000,29.357
"Tenant A (Bully Data)","PutLarge",1,0,28.955,0.000,28.950
"Tenant A (Bully Data)","PutLarge",1,0,31.183,0.000,31.162
"Tenant A (Bully Data)","ListBucket",1,0,25.126,0.000,25.121
"Tenant A (Bully Data)","PutLarge",1,0,29.584,0.001,29.567
"Tenant A (Bully Data)","PutLarge",1,0,28.881,0.000,28.876
"Tenant A (Bully Data)","ListBucket",1,0,24.226,0.000,24.217
"Tenant A (Bully Data)","PutLarge",1,0,28.859,0.000,28.855
"Tenant A (Bully Data)","PutLarge",1,0,30.855,0.000,30.841
"Tenant A (Bully Data)","PutLarge",1,0,30.528,0.000,30.525
"Tenant A (Bully Data)","PutLarge",1,0,30.177,0.000,30.173
"Tenant A (Bully Data)","ListBucket",1,0,24.907,0.000,24.898
"Tenant A (Bully Data)","PutLarge",1,0,29.789,0.000,29.767
"Tenant A (Bully Data)","PutLarge",1,0,28.637,0.000,28.634
"Tenant A (Bully Data)","PutLarge",1,0,29.081,0.000,29.073
"Tenant A (Bully Data)","PutLarge",1,0,28.968,0.000,28.957
"Tenant A (Bully Data)","PutLarge",1,0,30.897,0.000,30.891
"Tenant A (Bully Data)","PutLarge",1,0,30.383,0.000,30.378
"Tenant A (Bully Data)","ListBucket",1,0,24.124,0.000,24.114
"Tenant A (Bully Data)","PutLarge",1,0,29.576,0.000,29.569
"Tenant A (Bully Data)","ListBucket",1,0,24.776,0.000,24.768
"Tenant A (Bully Data)","ListBucket",1,0,25.130,0.000,25.123
"Tenant A (Bully Data)","PutLarge",1,0,30.010,0.000,30.005
"Tenant A (Bully Data)","PutLarge",1,0,29.640,0.001,29.638
"Tenant A (Bully Data)","PutLarge",1,0,29.707,0.000,29.704
"Tenant A (Bully Data)","PutLarge",1,0,30.773,0.000,30.771
"Tenant A (Bully Data)","ListBucket",1,0,24.191,0.000,24.187
"Tenant A (Bully Data)","PutLarge",1,0,28.965,0.000,28.962
"Tenant A (Bully Data)","ListBucket",1,0,25.082,0.000,25.077
"Tenant A (Bully Data)","PutLarge",1,0,29.990,0.000,29.986
"Tenant A (Bully Data)","ListBucket",1,0,24.145,0.000,24.140
"Tenant A (Bully Data)","PutLarge",1,0,29.562,0.000,29.555
"Tenant A (Bully Data)","ListBucket",1,0,25.458,0.000,25.456
"Tenant A (Bully Data)","PutLarge",1,0,29.487,0.000,29.476
"Tenant A (Bully Data)","PutLarge",1,0,30.485,0.000,30.475
"Tenant A (Bully Data)","PutLarge",1,0,31.197,0.000,31.173
"Tenant A (Bully Data)","PutLarge",1,0,30.509,0.000,30.503
"Tenant A (Bully Data)","ListBucket",1,0,25.690,0.000,25.686
"Tenant A (Bully Data)","ListBucket",1,0,24.136,0.000,24.133
"Tenant A (Bully Data)","PutLarge",1,0,29.591,0.000,29.583
"Tenant A (Bully Data)","PutLarge",1,0,31.385,0.000,31.382
"Tenant A (Bully Data)","PutLarge",1,0,30.450,0.000,30.431
"Tenant A (Bully Data)","PutLarge",1,0,30.963,0.000,30.951
"Tenant A (Bully Data)","PutLarge",1,0,30.958,0.000,30.929
"Tenant A (Bully Data)","PutLarge",1,0,29.757,0.000,29.731
"Tenant A (Bully Data)","PutLarge",1,0,30.640,0.000,30.627
"Tenant A (Bully Data)","ListBucket",1,0,26.226,0.000,26.197
"Tenant A (Bully Data)","PutLarge",1,0,29.412,0.000,29.379
"Tenant A (Bully Data)","PutLarge",1,0,28.629,0.000,28.625
"Tenant A (Bully Data)","PutLarge",1,0,29.980,0.000,29.972
"Tenant A (Bully Data)","PutLarge",1,0,31.448,0.000,31.419
"Tenant A (Bully Data)","PutLarge",1,0,31.222,0.000,31.210
"Tenant A (Bully Data)","ListBucket",1,0,24.438,0.000,24.431
"Tenant A (Bully Data)","ListBucket",1,0,25.170,0.000,25.158
"Tenant A (Bully Data)","PutLarge",1,0,29.363,0.000,29.305
"Tenant A (Bully Data)","PutLarge",1,0,30.675,0.001,30.665
"Tenant A (Bully Data)","PutLarge",1,0,29.502,0.000,29.499
"Tenant A (Bully Data)","PutLarge",1,0,29.488,0.000,29.479
"Tenant A (Bully Data)","PutLarge",1,0,30.435,0.000,30.402
"Tenant A (Bully Data)","PutLarge",1,0,30.647,0.001,30.617
"Tenant A (Bully Data)","PutLarge",1,0,30.334,0.000,30.331
"Tenant A (Bully Data)","PutLarge",1,0,29.447,0.000,29.434
"Tenant A (Bully Data)","ListBucket",1,0,23.858,0.001,23.844
"Tenant A (Bully Data)","PutLarge",1,0,28.796,0.000,28.794
"Tenant A (Bully Data)","PutLarge",1,0,30.527,0.000,30.525
"Tenant A (Bully Data)","PutLarge",1,0,30.958,0.000,30.955
"Tenant A (Bully Data)","PutLarge",1,0,29.995,0.000,29.991
"Tenant A (Bully Data)","ListBucket",1,0,25.877,0.000,25.871
"Tenant A (Bully Data)","PutLarge",1,0,29.952,0.000,29.949
"Tenant A (Bully Data)","PutLarge",1,0,29.886,0.000,29.872
"Tenant A (Bully Data)","PutLarge",1,0,30.975,0.000,30.959
"Tenant A (Bully Data)","PutLarge",1,0,29.596,0.000,29.584
"Tenant A (Bully Data)","PutLarge",1,0,30.450,0.000,30.442
"Tenant A (Bully Data)","ListBucket",1,0,24.423,0.000,24.413
"Tenant A (Bully Data)","PutLarge",1,0,29.329,0.000,29.313
"Tenant A (Bully Data)","ListBucket",1,0,25.391,0.000,25.354
"Tenant A (Bully Data)","ListBucket",1,0,25.246,0.000,25.232
"Tenant A (Bully Data)","PutLarge",1,0,31.308,0.000,31.296
"Tenant A (Bully Data)","PutLarge",1,0,29.045,0.001,29.033
"Tenant A (Bully Data)","PutLarge",1,0,29.546,0.000,29.538
"Tenant A (Bully Data)","PutLarge",1,0,30.620,0.000,30.607
"Tenant A (Bully Data)","PutLarge",1,0,30.235,0.000,30.225
"Tenant A (Bully Data)","PutLarge",1,0,30.054,0.000,30.042
"Tenant A (Bully Data)","ListBucket",1,0,25.471,0.000,25.454
"Tenant A (Bully Data)","ListBucket",1,0,24.497,0.000,24.494
"Tenant A (Bully Data)","PutLarge",1,0,31.061,0.000,31.039
"Tenant A (Bully Data)","PutLarge",1,0,30.008,0.000,29.987
"Tenant A (Bully Data)","ListBucket",1,0,25.929,0.000,25.921
"Tenant A (Bully Data)","PutLarge",1,0,28.648,0.000,28.637
"Tenant A (Bully Data)","ListBucket",1,0,25.093,0.001,25.078
"Tenant A (Bully Data)","PutLarge",1,0,29.983,0.000,29.968
"Tenant A (Bully Data)","ListBucket",1,0,26.084,0.000,26.063
"Tenant A (Bully Data)","ListBucket",1,0,25.843,0.001,25.825
"Tenant A (Bully Data)","PutLarge",1,0,29.364,0.001,29.359
"Tenant A (Bully Data)","PutLarge",1,0,31.278,0.001,31.265
"Tenant A (Bully Data)","PutLarge",1,0,29.221,0.000,29.209
"Tenant A (Bully Data)","PutLarge",1,0,29.518,0.000,29.499
"Tenant A (Bully Data)","PutLarge",1,0,30.590,0.000,30.583
"Tenant A (Bully Data)","PutLarge",1,0,29.850,0.000,29.841
"Tenant A (Bully Data)","PutLarge",1,0,29.440,0.000,29.396
"Tenant A (Bully Data)","PutLarge",1,0,29.543,0.000,29.515
"Tenant A (Bully Data)","ListBucket",1,0,23.857,0.001,23.835
"Tenant A (Bully Data)","ListBucket",1,0,24.971,0.000,24.937
"Tenant A (Bully Data)","PutLarge",1,0,31.065,0.001,31.031
"Tenant A (Bully Data)","PutLarge",1,0,30.559,0.001,30.528
"Tenant A (Bully Data)","ListBucket",1,0,25.046,0.000,25.042
"Tenant A (Bully Data)","ListBucket",1,0,24.006,0.000,24.003
"Tenant A (Bully Data)","PutLarge",1,0,28.854,0.001,28.846
"Tenant A (Bully Data)","ListBucket",1,0,26.246,0.000,26.212
"Tenant A (Bully Data)","PutLarge",1,0,30.374,0.000,30.350
"Tenant A (Bully Data)","PutLarge",1,0,30.901,0.001,30.898
"Tenant A (Bully Data)","PutLarge",1,0,31.026,0.001,31.019
"Tenant A (Bully Data)","PutLarge",1,0,29.015,0.001,29.005
"Tenant A (Bully Data)","PutLarge",1,0,31.308,0.000,31.300
"Tenant A (Bully Data)","PutLarge",1,0,30.095,0.000,30.089
"Tenant A (Bully Data)","PutLarge",1,0,29.529,0.000,29.527
"Tenant A (Bully Data)","PutLarge",1,0,31.234,0.001,31.217
"Tenant A (Bully Data)","PutLarge",1,0,28.717,0.000,28.687
"Tenant A (Bully Data)","PutLarge",1,0,29.358,0.000,29.349
"Tenant A (Bully Data)","ListBucket",1,0,26.238,0.000,26.226
"Tenant A (Bully Data)","PutLarge",1,0,29.533,0.000,29.526
"Tenant A (Bully Data)","PutLarge",1,0,28.878,0.000,28.869
"Tenant A (Bully Data)","PutLarge",1,0,30.897,0.000,30.880
"Tenant A (Bully Data)","ListBucket",1,0,24.754,0.000,24.747
"Tenant A (Bully Data)","ListBucket",1,0,25.824,0.000,25.814
"Tenant A (Bully Data)","PutLarge",1,0,28.932,0.000,28.927
"Tenant A (Bully Data)","PutLarge",1,0,31.082,0.000,31.079
"Tenant A (Bully Data)","ListBucket",1,0,25.048,0.000,25.036
"Tenant A (Bully Data)","PutLarge",1,0,29.949,0.000,29.948
"Tenant A (Bully Data)","PutLarge",1,0,28.767,0.000,28.765
"Tenant A (Bully Data)","PutLarge",1,0,30.218,0.000,30.211
"Tenant A (Bully Data)","PutLarge",1,0,29.102,0.000,29.096
"Tenant A (Bully Data)","PutLarge",1,0,30.398,0.000,30.395
"Tenant A (Bully Data)","PutLarge",1,0,30.293,0.000,30.290
"Tenant A (Bully Data)","PutLarge",1,0,31.168,0.000,31.163
"Tenant A (Bully Data)","ListBucket",1,0,24.458,0.000,24.452
"Tenant A (Bully Data)","PutLarge",1,0,29.481,0.000,29.478
"Tenant A (Bully Data)","PutLarge",1,0,29.853,0.000,29.851
"Tenant A (Bully Data)","PutLarge",1,0,29.349,0.000,29.347
"Tenant A (Bully Data)","PutLarge",1,0,29.027,0.000,29.015
"Tenant A (Bully Data)","PutLarge",1,0,29.509,0.000,29.502
"Tenant A (Bully Data)","ListBucket",1,0,25.168,0.001,25.154
"Tenant A (Bully Data)","PutLarge",1,0,29.411,0.000,29.398
"Tenant A (Bully Data)","ListBucket",1,0,25.897,0.000,25.894
"Tenant A (Bully Data)","PutLarge",1,0,30.731,0.000,30.689
"Tenant A (Bully Data)","ListBucket",1,0,24.106,0.000,24.102
"Tenant A (Bully Data)","PutLarge",1,0,30.370,0.000,30.357
"Tenant A (Bully Data)","PutLarge",1,0,30.084,0.000,30.073
"Tenant A (Bully Data)","ListBucket",1,0,24.241,0.001,24.237
"Tenant A (Bully Data)","ListBucket",1,0,24.430,0.000,24.428
"Tenant A (Bully Data)","ListBucket",1,0,24.425,0.000,24.418
"Tenant A (Bully Data)","PutLarge",1,0,30.351,0.000,30.345
"Tenant A (Bully Data)","PutLarge",1,0,30.667,0.000,30.662
"Tenant A (Bully Data)","ListBucket",1,0,24.386,0.001,24.383
"Tenant A (Bully Data)","PutLarge",1,0,31.057,0.000,31.023
"Tenant A (Bully Data)","ListBucket",1,0,26.071,0.000,26.066
"Tenant A (Bully Data)","PutLarge",1,0,29.071,0.000,29.061
"Tenant A (Bully Data)","PutLarge",1,0,29.501,0.000,29.487
"Tenant A (Bully Data)","ListBucket",1,0,26.080,0.000,26.070
"Tenant A (Bully Data)","ListBucket",1,0,25.968,0.000,25.957
"Tenant A (Bully Data)","PutLarge",1,0,31.176,0.000,31.162
"Tenant A (Bully Data)","PutLarge",1,0,30.159,0.000,30.149
"Tenant A (Bully Data)","PutLarge",1,0,29.051,0.000,29.033
"Tenant A (Bully Data)","PutLarge",1,0,30.952,0.000,30.912
"Tenant A (Bully Data)","PutLarge",1,0,29.934,0.000,29.903
"Tenant A (Bully Data)","PutLarge",1,0,30.386,0.001,30.382
"Tenant A (Bully Data)","ListBucket",1,0,24.793,0.000,24.784
"Tenant A (Bully Data)","ListBucket",1,0,25.503,0.001,25.467
"Tenant A (Bully Data)","ListBucket",1,0,25.831,0.001,25.781
"Tenant A (Bully Data)","ListBucket",1,0,25.613,0.000,25.584
"Tenant A (Bully Data)","PutLarge",1,0,29.259,0.000,29.240
"Tenant A (Bully Data)","PutLarge",1,0,28.651,0.000,28.647
"Tenant A (Bully Data)","PutLarge",1,0,31.201,0.000,31.199
"Tenant A (Bully Data)","PutLarge",1,0,31.248,0.001,31.242
"Tenant A (Bully Data)","PutLarge",1,0,29.723,0.001,29.720
"Tenant A (Bully Data)","PutLarge",1,0,30.375,0.001,30.372
"Tenant A (Bully Data)","PutLarge",1,0,31.379,0.001,31.374
"Tenant A (Bully Data)","PutLarge",1,0,30.106,0.000,30.100
"Tenant A (Bully Data)","ListBucket",1,0,25.293,0.000,25.290
"Tenant A (Bully Data)","PutLarge",1,0,29.316,0.000,29.298
"Tenant A (Bully Data)","PutLarge",1,0,29.416,0.000,29.389
"Tenant A (Bully Data)","ListBucket",1,0,24.188,0.001,24.173
"Tenant A (Bully Data)","ListBucket",1,0,24.522,0.001,24.518
"Tenant A (Bully Data)","PutLarge",1,0,28.581,0.001,28.575
"Tenant A (Bully Data)","PutLarge",1,0,28.997,0.000,28.994
"Tenant A (Bully Data)","PutLarge",1,0,28.796,0.000,28.760
"Tenant A (Bully Data)","PutLarge",1,0,29.725,0.000,29.716
"Tenant A (Bully Data)","ListBucket",1,0,24.024,0.000,24.015
"Tenant A (Bully Data)","ListBucket",1,0,24.404,0.000,24.395
"Tenant A (Bully Data)","PutLarge",1,0,29.948,0.000,29.931
"Tenant A (Bully Data)","PutLarge",1,0,30.466,0.000,30.453
"Tenant A (Bully Data)","PutLarge",1,0,30.015,0.001,30.005
"Tenant A (Bully Data)","ListBucket",1,0,25.646,0.000,25.633
"Tenant A (Bully Data)","ListBucket",1,0,25.646,0.000,25.639
"Tenant A (Bully Data)","ListBucket",1,0,25.847,0.000,25.815
"Tenant A (Bully Data)","PutLarge",1,0,29.869,0.000,29.856
"Tenant A (Bully Data)","PutLarge",1,0,29.788,0.000,29.778
"Tenant A (Bully Data)","PutLarge",1,0,29.381,0.001,29.373
"Tenant A (Bully Data)","ListBucket",1,0,23.906,0.001,23.884
"Tenant A (Bully Data)","ListBucket",1,0,24.584,0.001,24.554
"Tenant A (Bully Data)","PutLarge",1,0,31.300,0.000,31.278
"Tenant A (Bully Data)","PutLarge",1,0,31.294,0.000,31.277
"Tenant A (Bully Data)","ListBucket",1,0,25.238,0.001,25.220
"Tenant A (Bully Data)","ListBucket",1,0,24.734,0.001,24.730
"Tenant A (Bully Data)","PutLarge",1,0,28.631,0.000,28.628
"Tenant A (Bully Data)","PutLarge",1,0,28.609,0.000,28.607
"Tenant A (Bully Data)","PutLarge",1,0,30.000,0.000,29.991
"Tenant A (Bully Data)","ListBucket",1,0,25.561,0.000,25.551
"Tenant A (Bully Data)","PutLarge",1,0,30.433,0.000,30.429
"Tenant A (Bully Data)","PutLarge",1,0,30.969,0.000,30.960
"Tenant A (Bully Data)","PutLarge",1,0,28.514,0.000,28.506
"Tenant A (Bully Data)","PutLarge",1,0,29.667,0.000,29.663
"Tenant A (Bully Data)","PutLarge",1,0,30.273,0.000,30.242
"Tenant A (Bully Data)","PutLarge",1,0,29.706,0.000,29.694
"Tenant A (Bully Data)","PutLarge",1,0,30.723,0.000,30.708
"Tenant A (Bully Data)","PutLarge",1,0,31.370,0.000,31.367
"Tenant A (Bully Data)","ListBucket",1,0,24.130,0.000,24.123
"Tenant A (Bully Data)","PutLarge",1,0,30.941,0.000,30.935
"Tenant A (Bully Data)","ListBucket",1,0,24.194,0.000,24.190
"Tenant A (Bully Data)","ListBucket",1,0,26.206,0.000,26.204
"Tenant A (Bully Data)","ListBucket",1,0,24.896,0.000,24.885
"Tenant A (Bully Data)","ListBucket",1,0,24.924,0.000,24.920
"Tenant A (Bully Data)","ListBucket",1,0,25.312,0.000,25.308
"Tenant A (Bully Data)","ListBucket",1,0,24.974,0.001,24.951
"Tenant A (Bully Data)","ListBucket",1,0,25.157,0.000,25.146
"Tenant A (Bully Data)","PutLarge",1,0,30.302,0.000,30.297
"Tenant A (Bully Data)","PutLarge",1,0,28.865,0.000,28.856
"Tenant A (Bully Data)","PutLarge",1,0,28.653,0.000,28.646
"Tenant A (Bully Data)","ListBucket",1,0,24.923,0.000,24.915
"Tenant A (Bully Data)","ListBucket",1,0,24.932,0.000,24.922
"Tenant A (Bully Data)","ListBucket",1,0,24.602,0.000,24.593
"Tenant A (Bully Data)","PutLarge",1,0,30.596,0.000,30.589
"Tenant A (Bully Data)","PutLarge",1,0,31.141,0.000,31.134
"Tenant A (Bully Data)","PutLarge",1,0,28.506,0.000,28.501
"Tenant A (Bully Data)","PutLarge",1,0,31.049,0.000,31.047
"Tenant A (Bully Data)","PutLarge",1,0,30.547,0.000,30.538
"Tenant A (Bully Data)","PutLarge",1,0,29.922,0.000,29.903
"Tenant A (Bully Data)","PutLarge",1,0,30.860,0.000,30.854
"Tenant A (Bully Data)","ListBucket",1,0,24.061,0.001,24.049
"Tenant A (Bully Data)","PutLarge",1,0,31.161,0.000,31.153
"Tenant A (Bully Data)","PutLarge",1,0,29.045,0.000,29.042
"Tenant A (Bully Data)","ListBucket",1,0,24.005,0.000,24.001
"Tenant A (Bully Data)","PutLarge",1,0,30.919,0.000,30.913
"Tenant A (Bully Data)","PutLarge",1,0,29.812,0.000,29.797
"Tenant A (Bully Data)","ListBucket",1,0,24.858,0.001,24.852
"Tenant A (Bully Data)","PutLarge",1,0,30.447,0.000,30.441
"Tenant A (Bully Data)","PutLarge",1,0,28.552,0.000,28.547
"Tenant A (Bully Data)","ListBucket",1,0,26.111,0.000,26.105
"Tenant A (Bully Data)","PutLarge",1,0,31.114,0.000,31.110
"Tenant A (Bully Data)","PutLarge",1,0,30.489,0.000,30.486
"Tenant A (Bully Data)","ListBucket",1,0,24.928,0.000,24.925
"Tenant A (Bully Data)","ListBucket",1,0,26.233,0.000,26.230
"Tenant A (Bully Data)","PutLarge",1,0,28.848,0.001,28.837
"Tenant A (Bully Data)","PutLarge",1,0,30.528,0.000,30.522
"Tenant A (Bully Data)","ListBucket",1,0,24.950,0.000,24.937
"Tenant A (Bully Data)","PutLarge",1,0,29.490,0.000,29.480
"Tenant A (Bully Data)","PutLarge",1,0,30.646,0.000,30.636
"Tenant A (Bully Data)","PutLarge",1,0,28.999,0.000,28.992
"Tenant A (Bully Data)","PutLarge",1,0,29.404,0.000,29.399
"Tenant A (Bully Data)","ListBucket",1,0,25.479,0.000,25.477
"Tenant A (Bully Data)","PutLarge",1,0,28.654,0.000,28.644
"Tenant A (Bully Data)","ListBucket",1,0,24.593,0.000,24.583
"Tenant A (Bully Data)","PutLarge",1,0,28.619,0.000,28.612
"Tenant A (Bully Data)","PutLarge",1,0,29.746,0.000,29.731
"Tenant A (Bully Data)","PutLarge",1,0,31.124,0.000,31.116
"Tenant A (Bully Data)","ListBucket",1,0,23.977,0.000,23.969
"Tenant A (Bully Data)","ListBucket",1,0,23.843,0.000,23.835
"Tenant A (Bully Data)","PutLarge",1,0,31.184,0.000,31.179
"Tenant A (Bully Data)","ListBucket",1,0,25.505,0.000,25.483
"Tenant A (Bully Data)","ListBucket",1,0,25.320,0.000,25.315
"Tenant A (Bully Data)","PutLarge",1,0,28.591,0.000,28.588
"Tenant A (Bully Data)","ListBucket",1,0,25.412,0.001,25.397
"Tenant A (Bully Data)","ListBucket",1,0,24.579,0.000,24.568
"Tenant A (Bully Data)","PutLarge",1,0,30.537,0.001,30.531
"Tenant A (Bully Data)","ListBucket",1,0,24.435,0.001,24.429
"Tenant A (Bully Data)","ListBucket",1,0,26.107,0.000,26.092
"Tenant A (Bully Data)","PutLarge",1,0,30.221,0.000,30.209
"Tenant A (Bully Data)","ListBucket",1,0,24.799,0.000,24.793
"Tenant A (Bully Data)","ListBucket",1,0,24.367,0.001,24.357
"Tenant A (Bully Data)","PutLarge",1,0,30.603,0.000,30.600
"Tenant A (Bully Data)","PutLarge",1,0,28.842,0.001,28.836
"Tenant A (Bully Data)","ListBucket",1,0,24.752,0.001,24.731
"Tenant A (Bully Data)","PutLarge",1,0,29.135,0.000,29.121
"Tenant A (Bully Data)","ListBucket",1,0,25.375,0.000,25.370
"Tenant A (Bully Data)","ListBucket",1,0,25.796,0.000,25.756
"Tenant A (Bully Data)","PutLarge",1,0,29.550,0.000,29.539
"Tenant A (Bully Data)","PutLarge",1,0,30.406,0.000,30.401
"Tenant A (Bully Data)","PutLarge",1,0,28.931,0.000,28.894
"Tenant A (Bully Data)","PutLarge",1,0,31.479,0.000,31.453
"Tenant A (Bully Data)","PutLarge",1,0,28.750,0.000,28.741
"Tenant A (Bully Data)","PutLarge",1,0,31.417,0.000,31.412
"Tenant A (Bully Data)","ListBucket",1,0,24.148,0.000,24.142
"Tenant A (Bully Data)","PutLarge",1,0,30.335,0.001,30.327
"Tenant A (Bully Data)","ListBucket",1,0,24.580,0.000,24.578
"Tenant A (Bully Data)","PutLarge",1,0,30.975,0.000,30.962
"Tenant A (Bully Data)","PutLarge",1,0,30.429,0.000,30.412
"Tenant A (Bully Data)","ListBucket",1,0,24.858,0.000,24.853
"Tenant A (Bully Data)","PutLarge",1,0,30.583,0.001,30.568
"Tenant A (Bully Data)","PutLarge",1,0,30.981,0.000,30.975
"Tenant A (Bully Data)","ListBucket",1,0,23.830,0.000,23.826
"Tenant A (Bully Data)","PutLarge",1,0,28.800,0.000,28.796
"Tenant A (Bully Data)","ListBucket",1,0,25.256,0.000,25.243
"Tenant A (Bully Data)","PutLarge",1,0,29.493,0.000,29.483
"Tenant A (Bully Data)","PutLarge",1,0,31.334,0.000,31.322
"Tenant A (Bully Data)","ListBucket",1,0,23.920,0.000,23.912
"Tenant A (Bully Data)","PutLarge",1,0,31.085,0.000,31.081
"Tenant A (Bully Data)","PutLarge",1,0,29.636,0.000,29.627
"Tenant A (Bully Data)","ListBucket",1,0,23.849,0.000,23.841
"Tenant A (Bully Data)","ListBucket",1,0,24.033,0.000,24.029
"Tenant A (Bully Data)","PutLarge",1,0,31.374,0.000,31.363
"Tenant A (Bully Data)","ListBucket",1,0,23.771,0.000,23.766
"Tenant A (Bully Data)","ListBucket",1,0,24.008,0.000,24.002
"Tenant A (Bully Data)","PutLarge",1,0,30.533,0.001,30.522
"Tenant A (Bully Data)","PutLarge",1,0,29.924,0.000,29.915
"Tenant A (Bully Data)","PutLarge",1,0,29.726,0.000,29.722
"Tenant A (Bully Data)","PutLarge",1,0,29.703,0.000,29.700
"Tenant A (Bully Data)","PutLarge",1,0,30.542,0.000,30.538
"Tenant A (Bully Data)","PutLarge",1,0,29.543,0.000,29.541
"Tenant A (Bully Data)","PutLarge",1,0,29.672,0.000,29.663
"Tenant A (Bully Data)","ListBucket",1,0,25.055,0.000,25.045
"Tenant A (Bully Data)","PutLarge",1,0,29.812,0.001,29.803
"Tenant A (Bully Data)","PutLarge",1,0,28.706,0.000,28.689
"Tenant A (Bully Data)","PutLarge",1,0,29.146,0.000,29.144
"Tenant A (Bully Data)","PutLarge",1,0,28.617,0.000,28.614
"Tenant A (Bully Data)","PutLarge",1,0,31.210,0.000,31.176
"Tenant A (Bully Data)","PutLarge",1,0,31.060,0.001,31.043
"Tenant A (Bully Data)","PutLarge",1,0,30.613,0.000,30.610
"Tenant A (Bully Data)","PutLarge",1,0,28.949,0.000,28.944
"Tenant A (Bully Data)","ListBucket",1,0,24.814,0.000,24.802
"Tenant A (Bully Data)","PutLarge",1,0,28.786,0.000,28.781
"Tenant A (Bully Data)","ListBucket",1,0,26.188,0.000,26.185
"Tenant A (Bully Data)","PutLarge",1,0,31.493,0.000,31.491
"Tenant A (Bully Data)","PutLarge",1,0,30.940,0.000,30.920
"Tenant A (Bully Data)","PutLarge",1,0,30.995,0.000,30.987
"Tenant A (Bully Data)","PutLarge",1,0,29.203,0.000,29.194
"Tenant A (Bully Data)","PutLarge",1,0,30.125,0.001,30.120
"Tenant A (Bully Data)","ListBucket",1,0,24.424,0.000,24.422
"Tenant A (Bully Data)","PutLarge",1,0,30.229,0.000,30.201
"Tenant A (Bully Data)","ListBucket",1,0,23.891,0.000,23.879
"Tenant A (Bully Data)","PutLarge",1,0,31.322,0.000,31.307
"Tenant A (Bully Data)","PutLarge",1,0,29.953,0.000,29.943
"Tenant A (Bully Data)","PutLarge",1,0,30.853,0.000,30.844
"Tenant A (Bully Data)","PutLarge",1,0,30.466,0.000,30.462
"Tenant A (Bully Data)","PutLarge",1,0,28.728,0.000,28.722
"Tenant A (Bully Data)","PutLarge",1,0,29.726,0.000,29.718
"Tenant A (Bully Data)","PutLarge",1,0,30.508,0.000,30.501
"Tenant A (Bully Data)","PutLarge",1,0,31.442,0.000,31.438
"Tenant A (Bully Data)","PutLarge",1,0,31.026,0.001,31.023
"Tenant A (Bully Data)","PutLarge",1,0,30.510,0.000,30.493
"Tenant A (Bully Data)","PutLarge",1,0,30.265,0.000,30.259
"Tenant A (Bully Data)","PutLarge",1,0,30.601,0.000,30.596
"Tenant A (Bully Data)","PutLarge",1,0,29.688,0.000,29.686
"Tenant A (Bully Data)","ListBucket",1,0,24.902,0.000,24.900
"Tenant A (Bully Data)","PutLarge",1,0,29.102,0.000,29.100
"Tenant A (Bully Data)","PutLarge",1,0,29.551,0.000,29.539
"Tenant A (Bully Data)","ListBucket",1,0,24.952,0.000,24.950
"Tenant A (Bully Data)","PutLarge",1,0,29.688,0.000,29.680
"Tenant A (Bully Data)","PutLarge",1,0,31.300,0.000,31.297
"Tenant A (Bully Data)","PutLarge",1,0,28.607,0.000,28.604
"Tenant A (Bully Data)","ListBucket",1,0,25.809,0.001,25.803
"Tenant A (Bully Data)","PutLarge",1,0,29.972,0.000,29.950
"Tenant A (Bully Data)","PutLarge",1,0,29.046,0.000,29.042
"Tenant A (Bully Data)","PutLarge",1,0,29.025,0.001,29.019
"Tenant A (Bully Data)","PutLarge",1,0,30.906,0.000,30.896
"Tenant A (Bully Data)","PutLarge",1,0,31.409,0.001,31.401
"Tenant A (Bully Data)","PutLarge",1,0,30.831,0.001,30.828
"Tenant A (Bully Data)","PutLarge",1,0,30.002,0.000,29.993
"Tenant A (Bully Data)","PutLarge",1,0,31.436,0.000,31.432
"Tenant A (Bully Data)","ListBucket",1,0,24.277,0.000,24.257
"Tenant A (Bully Data)","PutLarge",1,0,30.649,0.000,30.645
"Tenant A (Bully Data)","PutLarge",1,0,31.339,0.000,31.335
"Tenant A (Bully Data)","ListBucket",1,0,25.016,0.000,25.014
"Tenant A (Bully Data)","PutLarge",1,0,30.118,0.000,30.113
"Tenant A (Bully Data)","PutLarge",1,0,28.793,0.000,28.776
"Tenant A (Bully Data)","PutLarge",1,0,30.279,0.000,30.277
"Tenant A (Bully Data)","ListBucket",1,0,24.800,0.000,24.781
"Tenant A (Bully Data)","PutLarge",1,0,30.124,0.000,30.115
"Tenant A (Bully Data)","PutLarge",1,0,28.636,0.001,28.623
"Tenant A (Bully Data)","PutLarge",1,0,28.967,0.000,28.958
"Tenant A (Bully Data)","PutLarge",1,0,29.931,0.001,29.927
"Tenant A (Bully Data)","PutLarge",1,0,29.977,0.001,29.958
"Tenant A (Bully Data)","ListBucket",1,0,23.783,0.000,23.780
"Tenant A (Bully Data)","PutLarge",1,0,30.840,0.000,30.830
"Tenant A (Bully Data)","PutLarge",1,0,28.936,0.000,28.922
"Tenant A (Bully Data)","PutLarge",1,0,28.789,0.000,28.786
"Tenant A (Bully Data)","PutLarge",1,0,28.846,0.000,28.843
"Tenant A (Bully Data)","ListBucket",1,0,24.182,0.000,24.180
"Tenant A (Bully Data)","ListBucket",1,0,23.954,0.000,23.951
"Tenant A (Bully Data)","PutLarge",1,0,31.260,0.000,31.249
"Tenant A (Bully Data)","PutLarge",1,0,30.866,0.000,30.854
"Tenant A (Bully Data)","PutLarge",1,0,30.453,0.000,30.425
"Tenant A (Bully Data)","PutLarge",1,0,30.716,0.000,30.711
"Tenant A (Bully Data)","PutLarge",1,0,31.337,0.000,31.334
"Tenant A (Bully Data)","PutLarge",1,0,28.963,0.000,28.958
"Tenant A (Bully Data)","PutLarge",1,0,30.547,0.000,30.536
"Tenant A (Bully Data)","PutLarge",1,0,29.330,0.000,29.327
"Tenant A (Bully Data)","PutLarge",1,0,31.448,0.000,31.445
"Tenant A (Bully Data)","PutLarge",1,0,31.275,0.001,31.261
"Tenant A (Bully Data)","ListBucket",1,0,25.968,0.000,25.966
"Tenant A (Bully Data)","PutLarge",1,0,29.289,0.000,29.285
"Tenant A (Bully Data)","PutLarge",1,0,28.808,0.000,28.804
"Tenant A (Bully Data)","ListBucket",1,0,26.149,0.000,26.143
"Tenant A (Bully Data)","PutLarge",1,0,31.298,0.000,31.295
"Tenant A (Bully Data)","PutLarge",1,0,31.051,0.000,31.048
"Tenant A (Bully Data)","PutLarge",1,0,29.609,0.000,29.593
"Tenant A (Bully Data)","PutLarge",1,0,29.084,0.000,29.080
"Tenant A (Bully Data)","ListBucket",1,0,24.571,0.000,24.562
"Tenant A (Bully Data)","ListBucket",1,0,25.680,0.000,25.662
"Tenant A (Bully Data)","PutLarge",1,0,28.926,0.000,28.922
"Tenant A (Bully Data)","ListBucket",1,0,26.184,0.000,26.180
"Tenant A (Bully Data)","PutLarge",1,0,29.309,0.000,29.303
"Tenant A (Bully Data)","PutLarge",1,0,30.866,0.000,30.860
"Tenant A (Bully Data)","PutLarge",1,0,29.913,0.000,29.894
"Tenant A (Bully Data)","PutLarge",1,0,28.949,0.000,28.942
"Tenant A (Bully Data)","PutLarge",1,0,29.574,0.000,29.568
"Tenant A (Bully Data)","PutLarge",1,0,31.277,0.000,31.272
"Tenant A (Bully Data)","PutLarge",1,0,31.118,0.000,31.084
"Tenant A (Bully Data)","PutLarge",1,0,28.701,0.000,28.692
"Tenant A (Bully Data)","PutLarge",1,0,28.693,0.000,28.681
"Tenant A (Bully Data)","ListBucket",1,0,26.115,0.000,26.107
"Tenant A (Bully Data)","PutLarge",1,0,31.220,0.000,31.215
"Tenant A (Bully Data)","PutLarge",1,0,30.538,0.000,30.532
"Tenant A (Bully Data)","PutLarge",1,0,30.438,0.000,30.424
"Tenant A (Bully Data)","ListBucket",1,0,25.201,0.000,25.197
"Tenant A (Bully Data)","ListBucket",1,0,24.667,0.000,24.662
"Tenant A (Bully Data)","PutLarge",1,0,30.658,0.000,30.655
"Tenant A (Bully Data)","PutLarge",1,0,29.409,0.000,29.406
"Tenant A (Bully Data)","PutLarge",1,0,29.622,0.000,29.610
"Tenant A (Bully Data)","ListBucket",1,0,26.023,0.000,26.020
"Tenant A (Bully Data)","PutLarge",1,0,29.545,0.000,29.540
"Tenant A (Bully Data)","ListBucket",1,0,25.265,0.000,25.262
"Tenant A (Bully Data)","PutLarge",1,0,28.607,0.000,28.604
"Tenant A (Bully Data)","PutLarge",1,0,29.721,0.000,29.718
"Tenant A (Bully Data)","ListBucket",1,0,23.870,0.000,23.867
"Tenant A (Bully Data)","PutLarge",1,0,30.109,0.000,30.096
"Tenant A (Bully Data)","ListBucket",1,0,23.930,0.000,23.920
"Tenant A (Bully Data)","PutLarge",1,0,31.340,0.000,31.337
"Tenant A (Bully Data)","PutLarge",1,0,29.271,0.000,29.268
"Tenant A (Bully Data)","PutLarge",1,0,31.419,0.000,31.417
"Tenant A (Bully Data)","PutLarge",1,0,30.379,0.000,30.378
"Tenant A (Bully Data)","PutLarge",1,0,30.685,0.000,30.683
"Tenant A (Bully Data)","PutLarge",1,0,31.012,0.000,31.010
"Tenant A (Bully Data)","ListBucket",1,0,24.839,0.000,24.818
"Tenant A (Bully Data)","ListBucket",1,0,25.515,0.000,25.509
"Tenant A (Bully Data)","PutLarge",1,0,30.243,0.000,30.210
"Tenant A (Bully Data)","PutLarge",1,0,29.417,0.000,29.411
"Tenant A (Bully Data)","PutLarge",1,0,30.819,0.000,30.816
"Tenant A (Bully Data)","PutLarge",1,0,30.605,0.000,30.587
"Tenant A (Bully Data)","ListBucket",1,0,25.127,0.000,25.115
"Tenant A (Bully Data)","PutLarge",1,0,30.241,0.000,30.211
"Tenant A (Bully Data)","PutLarge",1,0,28.552,0.000,28.546
"Tenant A (Bully Data)","ListBucket",1,0,24.555,0.000,24.551
"Tenant A (Bully Data)","ListBucket",1,0,25.835,0.000,25.833
"Tenant A (Bully Data)","PutLarge",1,0,30.099,0.000,30.096
"Tenant A (Bully Data)","PutLarge",1,0,29.797,0.000,29.790
"Tenant A (Bully Data)","ListBucket",1,0,25.880,0.001,25.857
"Tenant A (Bully Data)","PutLarge",1,0,28.632,0.000,28.627
"Tenant A (Bully Data)","ListBucket",1,0,24.029,0.000,24.026
"Tenant A (Bully Data)","ListBucket",1,0,24.385,0.000,24.380
"Tenant A (Bully Data)","PutLarge",1,0,31.198,0.001,31.194
"Tenant A (Bully Data)","PutLarge",1,0,30.776,0.000,30.773
"Tenant A (Bully Data)","PutLarge",1,0,28.752,0.000,28.723
"Tenant A (Bully Data)","PutLarge",1,0,29.008,0.001,28.991
"Tenant A (Bully Data)","ListBucket",1,0,25.472,0.001,25.465
"Tenant A (Bully Data)","PutLarge",1,0,29.801,0.000,29.785
"Tenant A (Bully Data)","PutLarge",1,0,30.960,0.000,30.948
"Tenant A (Bully Data)","ListBucket",1,0,24.939,0.000,24.930
"Tenant A (Bully Data)","PutLarge",1,0,31.296,0.000,31.290
"Tenant A (Bully Data)","PutLarge",1,0,29.955,0.000,29.942
"Tenant A (Bully Data)","PutLarge",1,0,31.185,0.000,31.168
"Tenant A (Bully Data)","PutLarge",1,0,31.176,0.000,31.163
"Tenant A (Bully Data)","PutLarge",1,0,30.665,0.000,30.662
"Tenant A (Bully Data)","PutLarge",1,0,30.828,0.000,30.822
"Tenant A (Bully Data)","ListBucket",1,0,25.049,0.000,25.047
"Tenant A (Bully Data)","PutLarge",1,0,31.456,0.000,31.447
"Tenant A (Bully Data)","ListBucket",1,0,24.477,0.000,24.474
"Tenant A (Bully Data)","PutLarge",1,0,28.903,0.000,28.900
"Tenant A (Bully Data)","PutLarge",1,0,29.889,0.000,29.885
"Tenant A (Bully Data)","PutLarge",1,0,28.844,0.000,28.841
"Tenant A (Bully Data)","ListBucket",1,0,24.105,0.000,24.091
"Tenant A (Bully Data)","PutLarge",1,0,29.609,0.000,29.605
"Tenant A (Bully Data)","PutLarge",1,0,28.741,0.000,28.724
"Tenant A (Bully Data)","PutLarge",1,0,30.330,0.000,30.323
"Tenant A (Bully Data)","PutLarge",1,0,29.400,0.000,29.395
"Tenant A (Bully Data)","PutLarge",1,0,29.157,0.000,29.145
"Tenant A (Bully Data)","PutLarge",1,0,28.691,0.000,28.687
"Tenant A (Bully Data)","PutLarge",1,0,31.176,0.000,31.163
"Tenant A (Bully Data)","PutLarge",1,0,30.456,0.000,30.452
"Tenant A (Bully Data)","PutLarge",1,0,28.712,0.000,28.709
"Tenant A (Bully Data)","PutLarge",1,0,29.576,0.000,29.573
"Tenant A (Bully Data)","PutLarge",1,0,31.476,0.000,31.471
"Tenant A (Bully Data)","ListBucket",1,0,25.918,0.000,25.907
"Tenant A (Bully Data)","ListBucket",1,0,25.530,0.000,25.527
"Tenant A (Bully Data)","PutLarge",1,0,29.624,0.000,29.619
"Tenant A (Bully Data)","PutLarge",1,0,30.124,0.000,30.121
"Tenant A (Bully Data)","ListBucket",1,0,24.509,0.000,24.505
"Tenant A (Bully Data)","ListBucket",1,0,23.999,0.000,23.986
"Tenant A (Bully Data)","ListBucket",1,0,26.253,0.000,26.247
"Tenant A (Bully Data)","PutLarge",1,0,29.599,0.000,29.595
"Tenant A (Bully Data)","PutLarge",1,0,30.334,0.000,30.331
"Tenant A (Bully Data)","PutLarge",1,0,31.243,0.000,31.234
"Tenant A (Bully Data)","ListBucket",1,0,26.230,0.000,26.218
"Tenant A (Bully Data)","PutLarge",1,0,30.804,0.000,30.798
"Tenant A (Bully Data)","ListBucket",1,0,23.931,0.000,23.919
"Tenant A (Bully Data)","PutLarge",1,0,28.578,0.000,28.566
"Tenant A (Bully Data)","ListBucket",1,0,24.737,0.000,24.734
"Tenant A (Bully Data)","PutLarge",1,0,28.712,0.000,28.710
"Tenant A (Bully Data)","PutLarge",1,0,30.132,0.000,30.127
"Tenant A (Bully Data)","PutLarge",1,0,29.379,0.000,29.376
"Tenant A (Bully Data)","PutLarge",1,0,30.991,0.001,30.985
"Tenant A (Bully Data)","PutLarge",1,0,30.918,0.000,30.907
"Tenant A (Bully Data)","ListBucket",1,0,23.882,0.000,23.876
"Tenant A (Bully Data)","PutLarge",1,0,29.969,0.000,29.960
"Tenant A (Bully Data)","PutLarge",1,0,30.408,0.000,30.393
"Tenant A (Bully Data)","ListBucket",1,0,25.273,0.000,25.268
"Tenant A (Bully Data)","PutLarge",1,0,31.205,0.000,31.199
"Tenant A (Bully Data)","PutLarge",1,0,30.069,0.000,30.066
"Tenant A (Bully Data)","ListBucket",1,0,26.104,0.000,26.089
"Tenant A (Bully Data)","ListBucket",1,0,25.651,0.000,25.628
"Tenant A (Bully Data)","PutLarge",1,0,28.629,0.000,28.615
"Tenant A (Bully Data)","PutLarge",1,0,29.218,0.000,29.210
"Tenant A (Bully Data)","PutLarge",1,0,31.463,0.000,31.459
"Tenant A (Bully Data)","PutLarge",1,0,29.687,0.000,29.682
"Tenant A (Bully Data)","PutLarge",1,0,30.031,0.000,30.022
"Tenant A (Bully Data)","PutLarge",1,0,29.405,0.000,29.388
"Tenant A (Bully Data)","PutLarge",1,0,29.993,0.000,29.957
"Tenant A (Bully Data)","PutLarge",1,0,30.234,0.000,30.204
"Tenant A (Bully Data)","PutLarge",1,0,28.804,0.000,28.793
"Tenant A (Bully Data)","ListBucket",1,0,24.085,0.001,24.073
"Tenant A (Bully Data)","PutLarge",1,0,29.960,0.000,29.941
"Tenant A (Bully Data)","ListBucket",1,0,24.214,0.000,24.211
"Tenant A (Bully Data)","PutLarge",1,0,30.047,0.000,30.042
"Tenant A (Bully Data)","PutLarge",1,0,29.845,0.000,29.843
"Tenant A (Bully Data)","PutLarge",1,0,30.105,0.000,30.090
"Tenant A (Bully Data)","ListBucket",1,0,25.697,0.000,25.677
"Tenant A (Bully Data)","PutLarge",1,0,30.217,0.000,30.208
"Tenant A (Bully Data)","ListBucket",1,0,25.087,0.000,25.080
"Tenant A (Bully Data)","PutLarge",1,0,29.322,0.000,29.319
"Tenant A (Bully Data)","PutLarge",1,0,29.551,0.000,29.548
"Tenant A (Bully Data)","ListBucket",1,0,25.024,0.000,25.020
"Tenant A (Bully Data)","PutLarge",1,0,28.670,0.000,28.654
"Tenant A (Bully Data)","PutLarge",1,0,30.667,0.000,30.664
"Tenant A (Bully Data)","PutLarge",1,0,29.449,0.000,29.444
"Tenant A (Bully Data)","PutLarge",1,0,30.377,0.000,30.362
"Tenant A (Bully Data)","PutLarge",1,0,30.275,0.000,30.272
"Tenant A (Bully Data)","PutLarge",1,0,28.544,0.000,28.541
"Tenant A (Bully Data)","PutLarge",1,0,30.035,0.000,30.032
"Tenant A (Bully Data)","PutLarge",1,0,31.130,0.000,31.124
"Tenant A (Bully Data)","PutLarge",1,0,31.429,0.000,31.419
"Tenant A (Bully Data)","ListBucket",1,0,24.272,0.000,24.263
"Tenant A (Bully Data)","PutLarge",1,0,29.262,0.000,29.256
"Tenant A (Bully Data)","PutLarge",1,0,30.908,0.000,30.905
"Tenant A (Bully Data)","PutLarge",1,0,29.531,0.000,29.504
"Tenant A (Bully Data)","ListBucket",1,0,24.660,0.000,24.633
"Tenant A (Bully Data)","PutLarge",1,0,30.082,0.000,30.073
"Tenant A (Bully Data)","PutLarge",1,0,30.981,0.000,30.977
"Tenant A (Bully Data)","PutLarge",1,0,29.978,0.000,29.976
"Tenant A (Bully Data)","ListBucket",1,0,24.951,0.000,24.943
"Tenant A (Bully Data)","PutLarge",1,0,31.439,0.000,31.435
"Tenant A (Bully Data)","ListBucket",1,0,24.681,0.000,24.670
"Tenant A (Bully Data)","PutLarge",1,0,30.224,0.001,30.216
"Tenant A (Bully Data)","ListBucket",1,0,24.718,0.000,24.709
"Tenant A (Bully Data)","ListBucket",1,0,26.179,0.000,26.167
"Tenant A (Bully Data)","ListBucket",1,0,23.861,0.000,23.849
"Tenant A (Bully Data)","ListBucket",1,0,25.422,0.000,25.409
"Tenant A (Bully Data)","PutLarge",1,0,29.854,0.000,29.848
"Tenant A (Bully Data)","PutLarge",1,0,30.351,0.000,30.343
"Tenant A (Bully Data)","PutLarge",1,0,29.208,0.000,29.199
"Tenant A (Bully Data)","PutLarge",1,0,28.511,0.000,28.507
"Tenant A (Bully Data)","ListBucket",1,0,24.779,0.000,24.767
"Tenant A (Bully Data)","PutLarge",1,0,29.571,0.000,29.565
"Tenant A (Bully Data)","PutLarge",1,0,30.050,0.000,30.040
"Tenant A (Bully Data)","PutLarge",1,0,29.741,0.000,29.732
"Tenant A (Bully Data)","PutLarge",1,0,29.656,0.000,29.642
"Tenant A (Bully Data)","PutLarge",1,0,31.456,0.000,31.450
"Tenant A (Bully Data)","PutLarge",1,0,30.556,0.000,30.530
"Tenant A (Bully Data)","PutLarge",1,0,29.176,0.000,29.164
"Tenant A (Bully Data)","PutLarge",1,0,31.005,0.000,30.999
"Tenant A (Bully Data)","ListBucket",1,0,25.936,0.000,25.919
"Tenant A (Bully Data)","PutLarge",1,0,29.448,0.000,29.442
"Tenant A (Bully Data)","PutLarge",1,0,29.735,0.000,29.717
"Tenant A (Bully Data)","ListBucket",1,0,24.582,0.000,24.576
"Tenant A (Bully Data)","ListBucket",1,0,23.809,0.000,23.796
"Tenant A (Bully Data)","PutLarge",1,0,30.750,0.000,30.740
"Tenant A (Bully Data)","ListBucket",1,0,26.023,0.000,26.021
"Tenant A (Bully Data)","PutLarge",1,0,28.964,0.000,28.944
"Tenant A (Bully Data)","ListBucket",1,0,24.839,0.000,24.809
"Tenant A (Bully Data)","ListBucket",1,0,25.808,0.000,25.779
"Tenant A (Bully Data)","ListBucket",1,0,25.892,0.000,25.885
"Tenant A (Bully Data)","PutLarge",1,0,30.070,0.000,30.031
"Tenant A (Bully Data)","PutLarge",1,0,28.562,0.000,28.559
"Tenant A (Bully Data)","PutLarge",1,0,31.077,0.000,31.071
"Tenant A (Bully Data)","PutLarge",1,0,29.166,0.000,29.163
"Tenant A (Bully Data)","PutLarge",1,0,30.206,0.000,30.197
"Tenant A (Bully Data)","PutLarge",1,0,28.628,0.000,28.615
"Tenant A (Bully Data)","ListBucket",1,0,25.397,0.000,25.390
"Tenant A (Bully Data)","ListBucket",1,0,24.643,0.000,24.629
"Tenant A (Bully Data)","PutLarge",1,0,29.929,0.000,29.922
"Tenant A (Bully Data)","PutLarge",1,0,29.450,0.000,29.435
"Tenant A (Bully Data)","PutLarge",1,0,31.098,0.000,31.091
"Tenant A (Bully Data)","PutLarge",1,0,28.720,0.000,28.709
"Tenant A (Bully Data)","PutLarge",1,0,29.903,0.000,29.884
"Tenant A (Bully Data)","PutLarge",1,0,31.298,0.000,31.290
"Tenant A (Bully Data)","ListBucket",1,0,25.022,0.000,25.018
"Tenant A (Bully Data)","PutLarge",1,0,29.769,0.001,29.756
"Tenant A (Bully Data)","PutLarge",1,0,29.944,0.000,29.939
"Tenant A (Bully Data)","PutLarge",1,0,30.380,0.000,30.370
"Tenant A (Bully Data)","ListBucket",1,0,26.125,0.000,26.111
"Tenant A (Bully Data)","PutLarge",1,0,28.599,0.000,28.592
"Tenant A (Bully Data)","PutLarge",1,0,28.927,0.000,28.921
"Tenant A (Bully Data)","PutLarge",1,0,28.696,0.000,28.691
"Tenant A (Bully Data)","PutLarge",1,0,31.137,0.000,31.123
"Tenant A (Bully Data)","PutLarge",1,0,30.800,0.000,30.787
"Tenant A (Bully Data)","PutLarge",1,0,29.919,0.001,29.900
"Tenant A (Bully Data)","ListBucket",1,0,25.082,0.001,25.067
"Tenant A (Bully Data)","PutLarge",1,0,28.771,0.000,28.768
"Tenant A (Bully Data)","PutLarge",1,0,30.768,0.000,30.765
"Tenant A (Bully Data)","ListBucket",1,0,24.697,0.000,24.679
"Tenant A (Bully Data)","ListBucket",1,0,26.120,0.000,26.115
"Tenant A (Bully Data)","PutLarge",1,0,29.806,0.000,29.803
"Tenant A (Bully Data)","ListBucket",1,0,24.875,0.000,24.872
"Tenant A (Bully Data)","PutLarge",1,0,29.613,0.000,29.609
"Tenant A (Bully Data)","PutLarge",1,0,29.010,0.000,28.997
"Tenant A (Bully Data)","PutLarge",1,0,31.358,0.000,31.353
"Tenant A (Bully Data)","PutLarge",1,0,28.750,0.000,28.747
"Tenant A (Bully Data)","PutLarge",1,0,29.532,0.000,29.530
"Tenant A (Bully Data)","ListBucket",1,0,24.747,0.000,24.734
"Tenant A (Bully Data)","PutLarge",1,0,29.943,0.000,29.938
"Tenant A (Bully Data)","PutLarge",1,0,30.451,0.000,30.448
"Tenant A (Bully Data)","ListBucket",1,0,24.767,0.000,24.765
"Tenant A (Bully Data)","PutLarge",1,0,31.224,0.000,31.220
"Tenant A (Bully Data)","PutLarge",1,0,31.359,0.000,31.355
"Tenant A (Bully Data)","PutLarge",1,0,30.806,0.000,30.799
"Tenant A (Bully Data)","PutLarge",1,0,30.158,0.000,30.154
"Tenant A (Bully Data)","PutLarge",1,0,29.479,0.000,29.448
"Tenant A (Bully Data)","ListBucket",1,0,24.829,0.000,24.825
"Tenant A (Bully Data)","ListBucket",1,0,25.011,0.000,25.008
"Tenant A (Bully Data)","PutLarge",1,0,30.877,0.000,30.872
"Tenant A (Bully Data)","ListBucket",1,0,24.259,0.000,24.253
"Tenant A (Bully Data)","PutLarge",1,0,30.101,0.000,30.097
"Tenant A (Bully Data)","PutLarge",1,0,29.605,0.001,29.564
"Tenant A (Bully Data)","ListBucket",1,0,25.088,0.000,25.043
"Tenant A (Bully Data)","PutLarge",1,0,31.494,0.000,31.481
"Tenant A (Bully Data)","PutLarge",1,0,29.753,0.000,29.750
"Tenant A (Bully Data)","ListBucket",1,0,25.051,0.000,25.046
"Tenant A (Bully Data)","ListBucket",1,0,25.093,0.001,25.083
"Tenant A (Bully Data)","PutLarge",1,0,31.490,0.000,31.466
"Tenant A (Bully Data)","PutLarge",1,0,29.637,0.000,29.604
"Tenant A (Bully Data)","PutLarge",1,0,31.036,0.000,31.026
"Tenant A (Bully Data)","ListBucket",1,0,25.716,0.000,25.712
"Tenant A (Bully Data)","PutLarge",1,0,29.225,0.000,29.220
"Tenant A (Bully Data)","ListBucket",1,0,24.255,0.000,24.230
"Tenant A (Bully Data)","ListBucket",1,0,24.003,0.000,23.973
"Tenant A (Bully Data)","ListBucket",1,0,26.209,0.000,26.181
"Tenant A (Bully Data)","ListBucket",1,0,25.990,0.000,25.961
"Tenant A (Bully Data)","ListBucket",1,0,25.222,0.001,25.218
"Tenant A (Bully Data)","PutLarge",1,0,29.507,0.001,29.503
"Tenant A (Bully Data)","PutLarge",1,0,29.809,0.000,29.806
"Tenant A (Bully Data)","PutLarge",1,0,29.241,0.000,29.238
"Tenant A (Bully Data)","PutLarge",1,0,30.134,0.000,30.127
"Tenant A (Bully Data)","PutLarge",1,0,30.999,0.001,30.995
"Tenant A (Bully Data)","ListBucket",1,0,26.188,0.000,26.175
"Tenant A (Bully Data)","PutLarge",1,0,30.567,0.000,30.563
"Tenant A (Bully Data)","PutLarge",1,0,31.451,0.000,31.447
"Tenant A (Bully Data)","PutLarge",1,0,28.984,0.000,28.973
"Tenant A (Bully Data)","PutLarge",1,0,29.675,0.000,29.665
"Tenant A (Bully Data)","ListBucket",1,0,26.082,0.000,26.074
"Tenant A (Bully Data)","PutLarge",1,0,29.053,0.000,29.041
"Tenant A (Bully Data)","PutLarge",1,0,29.027,0.000,29.024
"Tenant A (Bully Data)","PutLarge",1,0,29.528,0.000,29.518
"Tenant A (Bully Data)","PutLarge",1,0,31.063,0.000,31.050
"Tenant A (Bully Data)","PutLarge",1,0,29.905,0.000,29.899
"Tenant A (Bully Data)","ListBucket",1,0,24.324,0.000,24.311
"Tenant A (Bully Data)","ListBucket",1,0,25.805,0.000,25.801
"Tenant A (Bully Data)","ListBucket",1,0,25.796,0.000,25.792
"Tenant A (Bully Data)","ListBucket",1,0,24.177,0.000,24.166
"Tenant A (Bully Data)","ListBucket",1,0,25.054,0.000,25.047
"Tenant A (Bully Data)","PutLarge",1,0,29.563,0.000,29.548
"Tenant A (Bully Data)","PutLarge",1,0,31.272,0.000,31.259
"Tenant A (Bully Data)","ListBucket",1,0,24.849,0.000,24.838
"Tenant A (Bully Data)","ListBucket",1,0,26.142,0.000,26.136
"Tenant A (Bully Data)","PutLarge",1,0,30.929,0.000,30.923
"Tenant A (Bully Data)","PutLarge",1,0,30.642,0.000,30.636
"Tenant A (Bully Data)","PutLarge",1,0,30.575,0.000,30.572
"Tenant A (Bully Data)","PutLarge",1,0,29.160,0.001,29.154
"Tenant A (Bully Data)","ListBucket",1,0,24.826,0.000,24.822
"Tenant A (Bully Data)","ListBucket",1,0,23.818,0.000,23.803
"Tenant A (Bully Data)","ListBucket",1,0,24.496,0.000,24.493
"Tenant A (Bully Data)","PutLarge",1,0,28.924,0.000,28.915
"Tenant A (Bully Data)","PutLarge",1,0,30.726,0.000,30.718
"Tenant A (Bully Data)","ListBucket",1,0,24.296,0.000,24.286
"Tenant A (Bully Data)","ListBucket",1,0,24.383,0.000,24.375
"Tenant A (Bully Data)","PutLarge",1,0,31.241,0.001,31.224
"Tenant A (Bully Data)","ListBucket",1,0,26.133,0.001,26.128
"Tenant A (Bully Data)","PutLarge",1,0,31.066,0.000,31.057
"Tenant A (Bully Data)","PutLarge",1,0,31.382,0.000,31.378
"Tenant A (Bully Data)","PutLarge",1,0,31.403,0.000,31.397
"Tenant A (Bully Data)","ListBucket",1,0,25.137,0.000,25.128
"Tenant A (Bully Data)","ListBucket",1,0,25.672,0.000,25.661
"Tenant A (Bully Data)","ListBucket",1,0,23.848,0.000,23.844
"Tenant A (Bully Data)","PutLarge",1,0,30.707,0.000,30.703
"Tenant A (Bully Data)","PutLarge",1,0,28.507,0.000,28.503
"Tenant A (Bully Data)","PutLarge",1,0,30.301,0.000,30.293
"Tenant A (Bully Data)","PutLarge",1,0,31.494,0.000,31.488
"Tenant A (Bully Data)","PutLarge",1,0,29.896,0.000,29.890
"Tenant A (Bully Data)","PutLarge",1,0,30.847,0.000,30.841
"Tenant A (Bully Data)","ListBucket",1,0,25.537,0.000,25.529
"Tenant A (Bully Data)","PutLarge",1,0,30.620,0.000,30.606
"Tenant A (Bully Data)","PutLarge",1,0,31.073,0.000,31.054
"Tenant A (Bully Data)","PutLarge",1,0,31.159,0.000,31.155
"Tenant A (Bully Data)","ListBucket",1,0,24.655,0.000,24.642
"Tenant A (Bully Data)","ListBucket",1,0,24.203,0.001,24.191
"Tenant A (Bully Data)","PutLarge",1,0,30.466,0.000,30.451
"Tenant A (Bully Data)","PutLarge",1,0,29.449,0.000,29.446
"Tenant A (Bully Data)","PutLarge",1,0,29.796,0.000,29.792
"Tenant A (Bully Data)","PutLarge",1,0,29.220,0.000,29.216
"Tenant A (Bully Data)","PutLarge",1,0,29.741,0.000,29.724
"Tenant A (Bully Data)","PutLarge",1,0,29.916,0.000,29.908
"Tenant A (Bully Data)","ListBucket",1,0,23.991,0.000,23.986
"Tenant A (Bully Data)","ListBucket",1,0,24.876,0.000,24.856
"Tenant A (Bully Data)","ListBucket",1,0,24.773,0.000,24.765
"Tenant A (Bully Data)","PutLarge",1,0,29.633,0.000,29.627
"Tenant A (Bully Data)","ListBucket",1,0,23.989,0.000,23.959
"Tenant A (Bully Data)","ListBucket",1,0,25.675,0.000,25.664
"Tenant A (Bully Data)","PutLarge",1,0,28.695,0.001,28.687
"Tenant A (Bully Data)","PutLarge",1,0,29.232,0.001,29.222
"Tenant A (Bully Data)","PutLarge",1,0,29.896,0.000,29.881
"Tenant A (Bully Data)","ListBucket",1,0,25.965,0.000,25.961
"Tenant A (Bully Data)","PutLarge",1,0,31.230,0.000,31.215
"Tenant A (Bully Data)","PutLarge",1,0,29.290,0.000,29.283
"Tenant A (Bully Data)","PutLarge",1,0,29.902,0.000,29.875
"Tenant A (Bully Data)","PutLarge",1,0,29.021,0.000,29.004
"Tenant A (Bully Data)","PutLarge",1,0,29.500,0.000,29.465
"Tenant A (Bully Data)","PutLarge",1,0,30.252,0.000,30.233
"Tenant A (Bully Data)","PutLarge",1,0,31.344,0.000,31.332
"Tenant A (Bully Data)","PutLarge",1,0,28.611,0.001,28.589
"Tenant A (Bully Data)","PutLarge",1,0,29.317,0.001,29.304
"Tenant A (Bully Data)","ListBucket",1,0,24.568,0.000,24.553
"Tenant A (Bully Data)","ListBucket",1,0,24.384,0.000,24.379
"Tenant A (Bully Data)","PutLarge",1,0,29.867,0.000,29.851
"Tenant A (Bully Data)","PutLarge",1,0,30.648,0.000,30.640
"Tenant A (Bully Data)","PutLarge",1,0,30.171,0.001,30.164
"Tenant A (Bully Data)","PutLarge",1,0,31.075,0.001,31.063
"Tenant A (Bully Data)","PutLarge",1,0,31.162,0.000,31.155
"Tenant A (Bully Data)","PutLarge",1,0,29.869,0.000,29.855
"Tenant A (Bully Data)","PutLarge",1,0,29.071,0.000,29.069
"Tenant A (Bully Data)","PutLarge",1,0,31.052,0.000,31.048
"Tenant A (Bully Data)","ListBucket",1,0,24.013,0.000,24.001
"Tenant A (Bully Data)","ListBucket",1,0,25.420,0.000,25.412
"Tenant A (Bully Data)","PutLarge",1,0,31.424,0.000,31.408
"Tenant A (Bully Data)","ListBucket",1,0,25.771,0.000,25.763
"Tenant A (Bully Data)","PutLarge",1,0,28.773,0.000,28.761
"Tenant A (Bully Data)","PutLarge",1,0,30.412,0.000,30.409
"Tenant A (Bully Data)","ListBucket",1,0,24.523,0.000,24.518
"Tenant A (Bully Data)","PutLarge",1,0,30.178,0.000,30.164
"Tenant A (Bully Data)","PutLarge",1,0,30.313,0.000,30.302
"Tenant A (Bully Data)","ListBucket",1,0,24.570,0.000,24.562
"Tenant A (Bully Data)","PutLarge",1,0,30.207,0.000,30.205
"Tenant A (Bully Data)","PutLarge",1,0,30.518,0.000,30.514
"Tenant A (Bully Data)","PutLarge",1,0,28.713,0.000,28.671
"Tenant A (Bully Data)","PutLarge",1,0,31.021,0.000,31.007
"Tenant A (Bully Data)","PutLarge",1,0,31.013,0.000,31.008
"Tenant A (Bully Data)","PutLarge",1,0,30.313,0.000,30.307
"Tenant A (Bully Data)","PutLarge",1,0,30.369,0.001,30.363
"Tenant A (Bully Data)","ListBucket",1,0,25.277,0.000,25.239
"Tenant A (Bully Data)","ListBucket",1,0,24.846,0.000,24.817
"Tenant A (Bully Data)","ListBucket",1,0,23.835,0.000,23.825
"Tenant A (Bully Data)","PutLarge",1,0,28.680,0.000,28.670
"Tenant A (Bully Data)","PutLarge",1,0,30.817,0.000,30.813
"Tenant A (Bully Data)","PutLarge",1,0,30.599,0.001,30.590
"Tenant A (Bully Data)","PutLarge",1,0,31.463,0.000,31.439
"Tenant A (Bully Data)","PutLarge",1,0,31.324,0.000,31.294
"Tenant A (Bully Data)","ListBucket",1,0,25.057,0.000,25.029
"Tenant A (Bully Data)","PutLarge",1,0,29.209,0.000,29.180
"Tenant A (Bully Data)","PutLarge",1,0,28.664,0.000,28.643
"Tenant A (Bully Data)","PutLarge",1,0,31.499,0.000,31.494
"Tenant A (Bully Data)","PutLarge",1,0,28.514,0.001,28.507
"Tenant A (Bully Data)","ListBucket",1,0,24.589,0.000,24.579
"Tenant A (Bully Data)","ListBucket",1,0,23.963,0.000,23.955
"Tenant A (Bully Data)","PutLarge",1,0,30.549,0.000,30.546
"Tenant A (Bully Data)","PutLarge",1,0,30.266,0.000,30.262
"Tenant A (Bully Data)","ListBucket",1,0,25.020,0.000,25.013
"Tenant A (Bully Data)","PutLarge",1,0,28.642,0.000,28.638
"Tenant A (Bully Data)","PutLarge",1,0,28.879,0.000,28.875
"Tenant A (Bully Data)","PutLarge",1,0,30.834,0.000,30.823
"Tenant A (Bully Data)","PutLarge",1,0,30.250,0.000,30.234
"Tenant A (Bully Data)","ListBucket",1,0,23.974,0.000,23.970
"Tenant A (Bully Data)","PutLarge",1,0,30.776,0.001,30.759
"Tenant A (Bully Data)","PutLarge",1,0,29.230,0.000,29.226
"Tenant A (Bully Data)","PutLarge",1,0,29.833,0.000,29.825
"Tenant A (Bully Data)","PutLarge",1,0,30.890,0.000,30.886
"Tenant A (Bully Data)","ListBucket",1,0,24.133,0.000,24.115
"Tenant A (Bully Data)","PutLarge",1,0,28.543,0.000,28.539
"Tenant A (Bully Data)","PutLarge",1,0,28.682,0.000,28.680
"Tenant A (Bully Data)","PutLarge",1,0,28.804,0.000,28.792
"Tenant A (Bully Data)","PutLarge",1,0,31.137,0.000,31.124
"Tenant A (Bully Data)","PutLarge",1,0,31.260,0.000,31.256
"Tenant A (Bully Data)","PutLarge",1,0,28.722,0.000,28.707
"Tenant A (Bully Data)","PutLarge",1,0,28.848,0.000,28.840
"Tenant A (Bully Data)","PutLarge",1,0,31.378,0.000,31.358
"Tenant A (Bully Data)","ListBucket",1,0,25.003,0.000,24.989
"Tenant A (Bully Data)","PutLarge",1,0,30.200,0.000,30.192
"Tenant A (Bully Data)","ListBucket",1,0,25.087,0.000,25.075
"Tenant A (Bully Data)","PutLarge",1,0,28.553,0.000,28.549
"Tenant A (Bully Data)","PutLarge",1,0,30.616,0.000,30.608
"Tenant A (Bully Data)","PutLarge",1,0,29.534,0.000,29.527
"Tenant A (Bully Data)","ListBucket",1,0,25.987,0.000,25.982
"Tenant A (Bully Data)","ListBucket",1,0,24.448,0.000,24.437
"Tenant A (Bully Data)","PutLarge",1,0,30.616,0.000,30.602
"Tenant A (Bully Data)","PutLarge",1,0,29.669,0.000,29.654
"Tenant A (Bully Data)","PutLarge",1,0,29.630,0.000,29.620
"Tenant A (Bully Data)","PutLarge",1,0,28.595,0.000,28.583
"Tenant A (Bully Data)","PutLarge",1,0,30.024,0.000,30.019
"Tenant A (Bully Data)","PutLarge",1,0,30.115,0.000,30.103
"Tenant A (Bully Data)","PutLarge",1,0,30.523,0.000,30.512
"Tenant A (Bully Data)","PutLarge",1,0,31.346,0.000,31.341
"Tenant A (Bully Data)","ListBucket",1,0,23.881,0.000,23.869
"Tenant A (Bully Data)","ListBucket",1,0,24.902,0.000,24.895
"Tenant A (Bully Data)","PutLarge",1,0,29.901,0.000,29.853
"Tenant A (Bully Data)","ListBucket",1,0,26.024,0.000,26.018
"Tenant A (Bully Data)","ListBucket",1,0,25.112,0.000,25.101
"Tenant A (Bully Data)","PutLarge",1,0,29.758,0.000,29.746
"Tenant A (Bully Data)","PutLarge",1,0,28.959,0.000,28.942
"Tenant A (Bully Data)","PutLarge",1,0,30.033,0.001,29.983
"Tenant A (Bully Data)","PutLarge",1,0,28.730,0.000,28.701
"Tenant A (Bully Data)","PutLarge",1,0,28.645,0.000,28.636
"Tenant A (Bully Data)","ListBucket",1,0,25.104,0.000,25.092
"Tenant A (Bully Data)","PutLarge",1,0,28.818,0.000,28.810
"Tenant A (Bully Data)","PutLarge",1,0,31.345,0.000,31.324
"Tenant A (Bully Data)","ListBucket",1,0,25.220,0.000,25.217
"Tenant A (Bully Data)","PutLarge",1,0,29.400,0.000,29.395
"Tenant A (Bully Data)","PutLarge",1,0,31.226,0.000,31.223
"Tenant A (Bully Data)","PutLarge",1,0,28.691,0.000,28.680
"Tenant A (Bully Data)","PutLarge",1,0,29.084,0.000,29.073
"Tenant A (Bully Data)","PutLarge",1,0,30.028,0.000,30.007
"Tenant A (Bully Data)","ListBucket",1,0,24.051,0.000,24.007
"Tenant A (Bully Data)","PutLarge",1,0,28.665,0.000,28.642
"Tenant A (Bully Data)","PutLarge",1,0,30.171,0.000,30.159
"Tenant A (Bully Data)","PutLarge",1,0,31.214,0.000,31.202
"Tenant A (Bully Data)","PutLarge",1,0,31.247,0.001,31.237
"Tenant A (Bully Data)","PutLarge",1,0,30.216,0.001,30.194
"Tenant A (Bully Data)","PutLarge",1,0,31.200,0.000,31.195
"Tenant A (Bully Data)","ListBucket",1,0,24.967,0.000,24.956
"Tenant A (Bully Data)","PutLarge",1,0,31.131,0.000,31.121
"Tenant A (Bully Data)","ListBucket",1,0,24.490,0.000,24.488
"Tenant A (Bully Data)","ListBucket",1,0,24.977,0.000,24.972
"Tenant A (Bully Data)","PutLarge",1,0,28.910,0.001,28.907
"Tenant A (Bully Data)","PutLarge",1,0,30.829,0.000,30.826
"Tenant A (Bully Data)","PutLarge",1,0,30.154,0.001,30.144
"Tenant A (Bully Data)","PutLarge",1,0,30.010,0.000,29.999
"Tenant A (Bully Data)","PutLarge",1,0,29.817,0.001,29.814
"Tenant A (Bully Data)","ListBucket",1,0,24.915,0.000,24.913
"Tenant A (Bully Data)","PutLarge",1,0,31.010,0.000,31.006
"Tenant A (Bully Data)","PutLarge",1,0,29.006,0.000,29.003
"Tenant A (Bully Data)","PutLarge",1,0,28.606,0.000,28.596
"Tenant A (Bully Data)","PutLarge",1,0,30.146,0.000,30.126
"Tenant A (Bully Data)","PutLarge",1,0,29.263,0.000,29.259
"Tenant A (Bully Data)","ListBucket",1,0,24.460,0.000,24.455
"Tenant A (Bully Data)","PutLarge",1,0,30.762,0.000,30.759
"Tenant A (Bully Data)","ListBucket",1,0,24.779,0.000,24.775
"Tenant A (Bully Data)","ListBucket",1,0,26.045,0.000,26.015
"Tenant A (Bully Data)","PutLarge",1,0,28.863,0.000,28.857
"Tenant A (Bully Data)","ListBucket",1,0,25.453,0.000,25.437
"Tenant A (Bully Data)","PutLarge",1,0,30.366,0.000,30.357
"Tenant A (Bully Data)","PutLarge",1,0,30.861,0.000,30.851
"Tenant A (Bully Data)","PutLarge",1,0,30.328,0.000,30.323
"Tenant A (Bully Data)","PutLarge",1,0,28.784,0.000,28.781
"Tenant A (Bully Data)","PutLarge",1,0,28.775,0.000,28.773
"Tenant A (Bully Data)","PutLarge",1,0,29.832,0.000,29.822
"Tenant A (Bully Data)","PutLarge",1,0,28.872,0.000,28.865
"Tenant A (Bully Data)","PutLarge",1,0,30.637,0.000,30.624
"Tenant A (Bully Data)","ListBucket",1,0,24.663,0.000,24.661
"Tenant A (Bully Data)","ListBucket",1,0,25.964,0.000,25.961
"Tenant A (Bully Data)","ListBucket",1,0,25.322,0.000,25.293
"Tenant A (Bully Data)","PutLarge",1,0,30.925,0.000,30.903
"Tenant A (Bully Data)","PutLarge",1,0,31.003,0.000,31.000
"Tenant A (Bully Data)","PutLarge",1,0,29.126,0.000,29.110
"Tenant A (Bully Data)","PutLarge",1,0,28.589,0.000,28.583
"Tenant A (Bully Data)","ListBucket",1,0,25.547,0.000,25.537
"Tenant A (Bully Data)","PutLarge",1,0,30.572,0.000,30.569
"Tenant A (Bully Data)","PutLarge",1,0,30.151,0.000,30.142
"Tenant A (Bully Data)","ListBucket",1,0,24.551,0.000,24.546
"Tenant A (Bully Data)","ListBucket",1,0,24.119,0.000,24.115
"Tenant A (Bully Data)","PutLarge",1,0,30.259,0.000,30.254
"Tenant A (Bully Data)","ListBucket",1,0,25.186,0.000,25.184
"Tenant A (Bully Data)","PutLarge",1,0,29.261,0.000,29.251
"Tenant A (Bully Data)","PutLarge",1,0,30.781,0.000,30.766
"Tenant A (Bully Data)","PutLarge",1,0,29.085,0.000,29.076
"Tenant A (Bully Data)","ListBucket",1,0,25.165,0.000,25.164
"Tenant A (Bully Data)","PutLarge",1,0,29.297,0.000,29.293
"Tenant A (Bully Data)","PutLarge",1,0,29.938,0.000,29.935
"Tenant A (Bully Data)","PutLarge",1,0,29.078,0.000,29.074
"Tenant A (Bully Data)","PutLarge",1,0,29.552,0.000,29.550
"Tenant A (Bully Data)","PutLarge",1,0,29.468,0.000,29.463
"Tenant A (Bully Data)","PutLarge",1,0,30.273,0.000,30.269
"Tenant A (Bully Data)","PutLarge",1,0,30.640,0.000,30.638
"Tenant A (Bully Data)","PutLarge",1,0,30.327,0.000,30.324
"Tenant A (Bully Data)","PutLarge",1,0,30.027,0.000,30.024
"Tenant A (Bully Data)","ListBucket",1,0,25.581,0.000,25.566
"Tenant A (Bully Data)","PutLarge",1,0,29.273,0.000,29.269
"Tenant A (Bully Data)","PutLarge",1,0,30.700,0.000,30.693
"Tenant A (Bully Data)","ListBucket",1,0,25.553,0.000,25.526
"Tenant A (Bully Data)","PutLarge",1,0,31.220,0.000,31.217
"Tenant A (Bully Data)","ListBucket",1,0,25.758,0.000,25.753
"Tenant A (Bully Data)","ListBucket",1,0,25.320,0.000,25.314
"Tenant A (Bully Data)","PutLarge",1,0,30.521,0.000,30.501
"Tenant A (Bully Data)","ListBucket",1,0,23.919,0.000,23.907
"Tenant A (Bully Data)","PutLarge",1,0,29.429,0.000,29.424
"Tenant A (Bully Data)","PutLarge",1,0,30.182,0.000,30.178
"Tenant A (Bully Data)","PutLarge",1,0,30.812,0.000,30.806
"Tenant A (Bully Data)","PutLarge",1,0,29.255,0.000,29.251
"Tenant A (Bully Data)","ListBucket",1,0,25.361,0.000,25.358
"Tenant A (Bully Data)","PutLarge",1,0,29.918,0.001,29.906
"Tenant A (Bully Data)","PutLarge",1,0,28.605,0.000,28.586
"Tenant A (Bully Data)","PutLarge",1,0,29.672,0.000,29.659
"Tenant A (Bully Data)","ListBucket",1,0,24.277,0.000,24.269
"Tenant A (Bully Data)","PutLarge",1,0,29.949,0.000,29.943
"Tenant A (Bully Data)","PutLarge",1,0,30.763,0.000,30.754
"Tenant A (Bully Data)","ListBucket",1,0,25.286,0.000,25.273
"Tenant A (Bully Data)","PutLarge",1,0,30.906,0.000,30.900
"Tenant A (Bully Data)","PutLarge",1,0,30.243,0.000,30.237
"Tenant A (Bully Data)","ListBucket",1,0,25.297,0.000,25.291
"Tenant A (Bully Data)","ListBucket",1,0,25.853,0.000,25.845
"Tenant A (Bully Data)","PutLarge",1,0,30.409,0.000,30.405
"Tenant A (Bully Data)","PutLarge",1,0,28.537,0.000,28.530
"Tenant A (Bully Data)","PutLarge",1,0,31.313,0.000,31.299
"Tenant A (Bully Data)","PutLarge",1,0,28.607,0.001,28.588
"Tenant A (Bully Data)","PutLarge",1,0,30.918,0.000,30.904
"Tenant A (Bully Data)","PutLarge",1,0,29.397,0.000,29.389
"Tenant A (Bully Data)","PutLarge",1,0,28.727,0.000,28.723
"Tenant A (Bully Data)","PutLarge",1,0,31.221,0.000,31.218
"Tenant A (Bully Data)","PutLarge",1,0,28.765,0.000,28.742
"Tenant A (Bully Data)","PutLarge",1,0,28.981,0.000,28.976
"Tenant A (Bully Data)","ListBucket",1,0,26.093,0.000,26.090
"Tenant A (Bully Data)","PutLarge",1,0,30.126,0.000,30.117
"Tenant A (Bully Data)","ListBucket",1,0,24.376,0.000,24.361
"Tenant A (Bully Data)","PutLarge",1,0,29.558,0.000,29.553
"Tenant A (Bully Data)","PutLarge",1,0,30.795,0.000,30.788
"Tenant A (Bully Data)","PutLarge",1,0,30.022,0.000,30.016
"Tenant A (Bully Data)","PutLarge",1,0,30.028,0.000,30.025
"Tenant A (Bully Data)","ListBucket",1,0,25.299,0.000,25.293
"Tenant A (Bully Data)","PutLarge",1,0,28.739,0.000,28.734
"Tenant A (Bully Data)","ListBucket",1,0,25.838,0.000,25.835
"Tenant A (Bully Data)","PutLarge",1,0,29.165,0.000,29.160
"Tenant A (Bully Data)","PutLarge",1,0,31.288,0.000,31.285
"Tenant A (Bully Data)","ListBucket",1,0,23.981,0.000,23.977
"Tenant A (Bully Data)","PutLarge",1,0,29.206,0.000,29.195
"Tenant A (Bully Data)","PutLarge",1,0,29.151,0.000,29.113
"Tenant A (Bully Data)","PutLarge",1,0,29.674,0.000,29.663
"Tenant A (Bully Data)","PutLarge",1,0,31.159,0.000,31.145
"Tenant A (Bully Data)","ListBucket",1,0,25.550,0.000,25.541
"Tenant A (Bully Data)","PutLarge",1,0,28.857,0.000,28.838
"Tenant A (Bully Data)","ListBucket",1,0,23.821,0.000,23.815
"Tenant A (Bully Data)","ListBucket",1,0,24.397,0.000,24.392
"Tenant A (Bully Data)","PutLarge",1,0,31.227,0.000,31.223
"Tenant A (Bully Data)","ListBucket",1,0,26.154,0.000,26.152
"Tenant A (Bully Data)","PutLarge",1,0,29.175,0.000,29.162
"Tenant A (Bully Data)","ListBucket",1,0,24.789,0.000,24.786
"Tenant A (Bully Data)","ListBucket",1,0,24.504,0.000,24.498
"Tenant A (Bully Data)","PutLarge",1,0,31.484,0.000,31.482
"Tenant A (Bully Data)","ListBucket",1,0,25.692,0.000,25.688
"Tenant A (Bully Data)","ListBucket",1,0,25.563,0.000,25.560
"Tenant A (Bully Data)","PutLarge",1,0,30.987,0.000,30.985
"Tenant A (Bully Data)","ListBucket",1,0,25.481,0.000,25.473
"Tenant A (Bully Data)","PutLarge",1,0,29.355,0.000,29.349
"Tenant A (Bully Data)","PutLarge",1,0,30.618,0.000,30.615
"Tenant A (Bully Data)","PutLarge",1,0,30.749,0.000,30.747
"Tenant A (Bully Data)","ListBucket",1,0,24.243,0.000,24.239
"Tenant A (Bully Data)","ListBucket",1,0,24.195,0.000,24.192
"Tenant A (Bully Data)","PutLarge",1,0,29.644,0.000,29.642
"Tenant A (Bully Data)","ListBucket",1,0,25.335,0.001,25.321
"Tenant A (Bully Data)","PutLarge",1,0,30.011,0.000,29.985
"Tenant A (Bully Data)","PutLarge",1,0,29.464,0.000,29.457
"Tenant A (Bully Data)","PutLarge",1,0,31.411,0.000,31.408
"Tenant A (Bully Data)","PutLarge",1,0,28.998,0.000,28.990
"Tenant A (Bully Data)","PutLarge",1,0,30.711,0.000,30.706
"Tenant A (Bully Data)","PutLarge",1,0,29.757,0.000,29.751
"Tenant A (Bully Data)","ListBucket",1,0,24.830,0.000,24.828
"Tenant A (Bully Data)","PutLarge",1,0,30.135,0.000,30.124
"Tenant A (Bully Data)","ListBucket",1,0,26.238,0.000,26.236
"Tenant A (Bully Data)","PutLarge",1,0,28.952,0.000,28.940
"Tenant A (Bully Data)","ListBucket",1,0,26.028,0.000,26.018
"Tenant A (Bully Data)","PutLarge",1,0,30.338,0.001,30.298
"Tenant A (Bully Data)","PutLarge",1,0,30.838,0.000,30.826
"Tenant A (Bully Data)","PutLarge",1,0,29.337,0.000,29.325
"Tenant A (Bully Data)","ListBucket",1,0,26.062,0.000,26.056
"Tenant A (Bully Data)","PutLarge",1,0,28.699,0.000,28.689
"Tenant A (Bully Data)","ListBucket",1,0,23.990,0.000,23.981
"Tenant A (Bully Data)","PutLarge",1,0,31.313,0.000,31.310
"Tenant A (Bully Data)","PutLarge",1,0,29.388,0.000,29.382
"Tenant A (Bully Data)","PutLarge",1,0,30.540,0.000,30.535
"Tenant A (Bully Data)","ListBucket",1,0,24.110,0.000,24.097
"Tenant A (Bully Data)","PutLarge",1,0,30.307,0.000,30.305
"Tenant A (Bully Data)","PutLarge",1,0,30.730,0.000,30.721
"Tenant A (Bully Data)","PutLarge",1,0,30.415,0.000,30.412
"Tenant A (Bully Data)","ListBucket",1,0,24.196,0.000,24.193
"Tenant A (Bully Data)","PutLarge",1,0,29.817,0.000,29.804
"Tenant A (Bully Data)","PutLarge",1,0,29.329,0.000,29.321
"Tenant A (Bully Data)","PutLarge",1,0,30.061,0.000,30.057
"Tenant A (Bully Data)","PutLarge",1,0,30.131,0.000,30.128
"Tenant A (Bully Data)","ListBucket",1,0,24.163,0.000,24.160
"Tenant A (Bully Data)","PutLarge",1,0,29.839,0.000,29.836
"Tenant A (Bully Data)","PutLarge",1,0,31.462,0.000,31.459
"Tenant A (Bully Data)","PutLarge",1,0,29.371,0.000,29.367
"Tenant A (Bully Data)","PutLarge",1,0,30.690,0.000,30.679
"Tenant A (Bully Data)","ListBucket",1,0,25.160,0.000,25.148
"Tenant A (Bully Data)","PutLarge",1,0,30.401,0.000,30.381
"Tenant A (Bully Data)","PutLarge",1,0,30.950,0.000,30.948
"Tenant A (Bully Data)","PutLarge",1,0,30.997,0.000,30.995
"Tenant A (Bully Data)","PutLarge",1,0,29.026,0.000,29.016
"Tenant A (Bully Data)","PutLarge",1,0,28.584,0.000,28.564
"Tenant A (Bully Data)","PutLarge",1,0,30.627,0.000,30.621
"Tenant A (Bully Data)","PutLarge",1,0,30.128,0.000,30.126
"Tenant A (Bully Data)","PutLarge",1,0,29.094,0.000,29.092
"Tenant A (Bully Data)","ListBucket",1,0,25.052,0.000,25.031
"Tenant A (Bully Data)","ListBucket",1,0,26.185,0.000,26.173
"Tenant A (Bully Data)","PutLarge",1,0,29.539,0.000,29.526
"Tenant A (Bully Data)","ListBucket",1,0,25.447,0.000,25.440
"Tenant A (Bully Data)","ListBucket",1,0,24.126,0.000,24.118
"Tenant A (Bully Data)","PutLarge",1,0,28.752,0.000,28.748
"Tenant A (Bully Data)","PutLarge",1,0,31.409,0.000,31.400
"Tenant A (Bully Data)","PutLarge",1,0,29.107,0.000,29.104
"Tenant A (Bully Data)","PutLarge",1,0,31.469,0.000,31.466
"Tenant A (Bully Data)","ListBucket",1,0,23.788,0.000,23.774
"Tenant A (Bully Data)","PutLarge",1,0,29.054,0.000,29.044
"Tenant A (Bully Data)","PutLarge",1,0,29.669,0.000,29.660
"Tenant A (Bully Data)","PutLarge",1,0,29.714,0.000,29.706
"Tenant A (Bully Data)","ListBucket",1,0,25.127,0.000,25.122
"Tenant A (Bully Data)","PutLarge",1,0,30.833,0.000,30.825
"Tenant A (Bully Data)","PutLarge",1,0,30.417,0.000,30.409
"Tenant A (Bully Data)","PutLarge",1,0,31.195,0.000,31.189
"Tenant A (Bully Data)","PutLarge",1,0,29.747,0.000,29.733
"Tenant A (Bully Data)","PutLarge",1,0,30.436,0.000,30.433
"Tenant A (Bully Data)","PutLarge",1,0,29.821,0.000,29.803
"Tenant A (Bully Data)","PutLarge",1,0,29.045,0.000,29.042
"Tenant A (Bully Data)","PutLarge",1,0,29.554,0.000,29.544
"Tenant A (Bully Data)","PutLarge",1,0,28.605,0.000,28.597
"Tenant A (Bully Data)","ListBucket",1,0,25.718,0.001,25.715
"Tenant A (Bully Data)","PutLarge",1,0,29.443,0.000,29.436
"Tenant A (Bully Data)","PutLarge",1,0,30.906,0.001,30.901
"Tenant A (Bully Data)","ListBucket",1,0,25.317,0.000,25.312
"Tenant A (Bully Data)","PutLarge",1,0,28.549,0.000,28.537
"Tenant A (Bully Data)","PutLarge",1,0,31.486,0.000,31.482
"Tenant A (Bully Data)","PutLarge",1,0,30.811,0.000,30.807
"Tenant A (Bully Data)","ListBucket",1,0,24.636,0.000,24.621
"Tenant A (Bully Data)","PutLarge",1,0,30.554,0.000,30.551
"Tenant A (Bully Data)","PutLarge",1,0,31.110,0.000,31.096
"Tenant A (Bully Data)","PutLarge",1,0,29.741,0.000,29.738
"Tenant A (Bully Data)","PutLarge",1,0,30.810,0.000,30.802
"Tenant A (Bully Data)","PutLarge",1,0,30.669,0.000,30.662
"Tenant A (Bully Data)","PutLarge",1,0,29.209,0.000,29.200
"Tenant A (Bully Data)","PutLarge",1,0,29.824,0.000,29.810
"Tenant A (Bully Data)","ListBucket",1,0,24.356,0.000,24.347
"Tenant A (Bully Data)","PutLarge",1,0,29.703,0.000,29.700
"Tenant A (Bully Data)","PutLarge",1,0,29.713,0.000,29.705
"Tenant A (Bully Data)","ListBucket",1,0,25.796,0.000,25.783
"Tenant A (Bully Data)","PutLarge",1,0,30.621,0.000,30.617
"Tenant A (Bully Data)","PutLarge",1,0,31.105,0.000,31.101
"Tenant A (Bully Data)","PutLarge",1,0,29.613,0.000,29.600
"Tenant A (Bully Data)","PutLarge",1,0,31.326,0.000,31.323
"Tenant A (Bully Data)","PutLarge",1,0,30.341,0.000,30.332
"Tenant A (Bully Data)","PutLarge",1,0,29.910,0.001,29.896
"Tenant A (Bully Data)","PutLarge",1,0,30.951,0.000,30.947
"Tenant A (Bully Data)","PutLarge",1,0,30.744,0.000,30.734
"Tenant A (Bully Data)","PutLarge",1,0,28.588,0.000,28.584
"Tenant A (Bully Data)","PutLarge",1,0,31.059,0.000,31.057
"Tenant A (Bully Data)","PutLarge",1,0,28.855,0.000,28.852
"Tenant A (Bully Data)","ListBucket",1,0,24.838,0.000,24.830
"Tenant A (Bully Data)","PutLarge",1,0,30.428,0.000,30.416
"Tenant A (Bully Data)","PutLarge",1,0,29.243,0.000,29.239
"Tenant A (Bully Data)","PutLarge",1,0,31.411,0.000,31.407
"Tenant A (Bully Data)","PutLarge",1,0,29.256,0.000,29.252
"Tenant A (Bully Data)","PutLarge",1,0,30.077,0.000,30.073
"Tenant A (Bully Data)","PutLarge",1,0,30.577,0.000,30.567
"Tenant A (Bully Data)","PutLarge",1,0,28.873,0.000,28.855
"Tenant A (Bully Data)","PutLarge",1,0,29.242,0.000,29.229
"Tenant A (Bully Data)","PutLarge",1,0,30.057,0.000,30.050
"Tenant A (Bully Data)","PutLarge",1,0,29.155,0.000,29.142
"Tenant A (Bully Data)","ListBucket",1,0,25.751,0.000,25.728
"Tenant A (Bully Data)","PutLarge",1,0,30.261,0.000,30.256
"Tenant A (Bully Data)","PutLarge",1,0,31.346,0.000,31.343
"Tenant A (Bully Data)","PutLarge",1,0,31.218,0.000,31.215
"Tenant A (Bully Data)","PutLarge",1,0,29.473,0.000,29.471
"Tenant A (Bully Data)","ListBucket",1,0,24.253,0.000,24.250
"Tenant A (Bully Data)","ListBucket",1,0,24.831,0.000,24.827
"Tenant A (Bully Data)","PutLarge",1,0,31.033,0.000,31.031
"Tenant A (Bully Data)","PutLarge",1,0,31.021,0.000,31.019
"Tenant A (Bully Data)","PutLarge",1,0,31.149,0.000,31.141
"Tenant A (Bully Data)","PutLarge",1,0,29.085,0.000,29.081
"Tenant A (Bully Data)","PutLarge",1,0,28.985,0.000,28.983
"Tenant A (Bully Data)","PutLarge",1,0,31.113,0.000,31.110
"Tenant A (Bully Data)","PutLarge",1,0,28.967,0.000,28.955
"Tenant A (Bully Data)","PutLarge",1,0,28.569,0.000,28.557
"Tenant A (Bully Data)","PutLarge",1,0,30.575,0.000,30.573
"Tenant A (Bully Data)","PutLarge",1,0,29.821,0.000,29.819
"Tenant A (Bully Data)","PutLarge",1,0,29.811,0.000,29.806
"Tenant A (Bully Data)","PutLarge",1,0,31.508,0.000,31.498
"Tenant A (Bully Data)","ListBucket",1,0,26.079,0.000,26.075
"Tenant A (Bully Data)","ListBucket",1,0,26.090,0.000,26.086
"Tenant A (Bully Data)","PutLarge",1,0,28.930,0.000,28.918
"Tenant A (Bully Data)","PutLarge",1,0,29.166,0.000,29.157
"Tenant A (Bully Data)","ListBucket",1,0,25.536,0.000,25.531
"Tenant A (Bully Data)","PutLarge",1,0,29.114,0.000,29.113
"Tenant A (Bully Data)","PutLarge",1,0,30.380,0.000,30.377
"Tenant A (Bully Data)","ListBucket",1,0,25.064,0.000,25.060
"Tenant A (Bully Data)","PutLarge",1,0,29.255,0.000,29.226
"Tenant A (Bully Data)","ListBucket",1,0,23.798,0.000,23.784
"Tenant A (Bully Data)","ListBucket",1,0,24.362,0.000,24.347
"Tenant A (Bully Data)","PutLarge",1,0,30.723,0.000,30.719
"Tenant A (Bully Data)","PutLarge",1,0,28.514,0.001,28.502
"Tenant A (Bully Data)","ListBucket",1,0,25.178,0.000,25.173
"Tenant A (Bully Data)","PutLarge",1,0,30.311,0.001,30.307
"Tenant A (Bully Data)","ListBucket",1,0,24.710,0.000,24.706
"Tenant A (Bully Data)","PutLarge",1,0,30.109,0.000,30.104
"Tenant A (Bully Data)","ListBucket",1,0,24.933,0.000,24.930
"Tenant A (Bully Data)","PutLarge",1,0,29.799,0.000,29.794
"Tenant A (Bully Data)","ListBucket",1,0,25.024,0.000,25.014
"Tenant A (Bully Data)","ListBucket",1,0,26.079,0.000,26.075
"Tenant A (Bully Data)","PutLarge",1,0,30.372,0.000,30.365
"Tenant A (Bully Data)","ListBucket",1,0,26.203,0.000,26.190
"Tenant A (Bully Data)","PutLarge",1,0,28.567,0.000,28.562
"Tenant A (Bully Data)","ListBucket",1,0,25.783,0.000,25.759
"Tenant A (Bully Data)","PutLarge",1,0,29.374,0.000,29.363
"Tenant A (Bully Data)","PutLarge",1,0,30.369,0.000,30.363
"Tenant A (Bully Data)","PutLarge",1,0,29.614,0.000,29.602
"Tenant A (Bully Data)","PutLarge",1,0,28.787,0.000,28.783
"Tenant A (Bully Data)","ListBucket",1,0,24.879,0.000,24.870
"Tenant A (Bully Data)","PutLarge",1,0,30.598,0.000,30.593
"Tenant A (Bully Data)","PutLarge",1,0,30.499,0.000,30.491
"Tenant A (Bully Data)","PutLarge",1,0,30.395,0.000,30.387
"Tenant A (Bully Data)","PutLarge",1,0,29.249,0.000,29.246
"Tenant A (Bully Data)","PutLarge",1,0,30.377,0.000,30.375
"Tenant A (Bully Data)","PutLarge",1,0,30.182,0.000,30.163
"Tenant A (Bully Data)","PutLarge",1,0,29.218,0.000,29.205
"Tenant A (Bully Data)","ListBucket",1,0,24.670,0.000,24.664
"Tenant A (Bully Data)","PutLarge",1,0,28.717,0.000,28.714
"Tenant A (Bully Data)","ListBucket",1,0,24.305,0.000,24.302
"Tenant A (Bully Data)","PutLarge",1,0,29.812,0.000,29.799
"Tenant A (Bully Data)","PutLarge",1,0,29.826,0.000,29.819
"Tenant A (Bully Data)","PutLarge",1,0,29.350,0.000,29.341
"Tenant A (Bully Data)","PutLarge",1,0,30.594,0.000,30.591
"Tenant A (Bully Data)","PutLarge",1,0,30.204,0.000,30.177
"Tenant A (Bully Data)","ListBucket",1,0,24.820,0.000,24.811
"Tenant A (Bully Data)","ListBucket",1,0,25.074,0.000,25.068
"Tenant A (Bully Data)","ListBucket",1,0,25.067,0.000,25.061
"Tenant A (Bully Data)","PutLarge",1,0,29.990,0.000,29.987
"Tenant A (Bully Data)","PutLarge",1,0,29.188,0.001,29.177
"Tenant A (Bully Data)","PutLarge",1,0,30.204,0.000,30.187
"Tenant A (Bully Data)","PutLarge",1,0,28.854,0.000,28.849
"Tenant A (Bully Data)","ListBucket",1,0,25.290,0.000,25.264
"Tenant A (Bully Data)","ListBucket",1,0,25.717,0.000,25.710
"Tenant A (Bully Data)","PutLarge",1,0,30.236,0.000,30.225
"Tenant A (Bully Data)","PutLarge",1,0,29.958,0.000,29.952
"Tenant A (Bully Data)","PutLarge",1,0,30.559,0.000,30.547
"Tenant A (Bully Data)","PutLarge",1,0,29.773,0.000,29.762
"Tenant A (Bully Data)","PutLarge",1,0,30.023,0.000,30.019
"Tenant A (Bully Data)","PutLarge",1,0,29.138,0.000,29.130
"Tenant A (Bully Data)","PutLarge",1,0,30.975,0.000,30.963
"Tenant A (Bully Data)","PutLarge",1,0,28.749,0.000,28.741
"Tenant A (Bully Data)","PutLarge",1,0,30.427,0.000,30.418
"Tenant A (Bully Data)","PutLarge",1,0,30.494,0.000,30.490
"Tenant A (Bully Data)","PutLarge",1,0,30.970,0.000,30.960
"Tenant A (Bully Data)","ListBucket",1,0,26.069,0.000,26.058
"Tenant A (Bully Data)","PutLarge",1,0,30.920,0.000,30.911
"Tenant A (Bully Data)","ListBucket",1,0,25.451,0.000,25.439
"Tenant A (Bully Data)","PutLarge",1,0,29.672,0.000,29.662
"Tenant A (Bully Data)","PutLarge",1,0,28.696,0.001,28.690
"Tenant A (Bully Data)","PutLarge",1,0,31.091,0.000,31.086
"Tenant A (Bully Data)","PutLarge",1,0,29.896,0.000,29.894
"Tenant A (Bully Data)","PutLarge",1,0,31.488,0.000,31.485
"Tenant A (Bully Data)","PutLarge",1,0,30.979,0.000,30.973
"Tenant A (Bully Data)","PutLarge",1,0,29.915,0.000,29.904
"Tenant A (Bully Data)","ListBucket",1,0,24.854,0.000,24.847
"Tenant A (Bully Data)","PutLarge",1,0,31.140,0.000,31.134
"Tenant A (Bully Data)","PutLarge",1,0,30.573,0.000,30.567
"Tenant A (Bully Data)","ListBucket",1,0,24.284,0.000,24.279
"Tenant A (Bully Data)","PutLarge",1,0,29.989,0.000,29.973
"Tenant A (Bully Data)","PutLarge",1,0,31.386,0.000,31.376
"Tenant A (Bully Data)","ListBucket",1,0,24.263,0.000,24.250
"Tenant A (Bully Data)","ListBucket",1,0,25.979,0.000,25.972
"Tenant A (Bully Data)","PutLarge",1,0,31.507,0.000,31.498
"Tenant A (Bully Data)","ListBucket",1,0,25.469,0.000,25.456
"Tenant A (Bully Data)","PutLarge",1,0,28.641,0.000,28.634
"Tenant A (Bully Data)","PutLarge",1,0,28.547,0.000,28.540
"Tenant A (Bully Data)","PutLarge",1,0,28.670,0.000,28.661
"Tenant A (Bully Data)","PutLarge",1,0,31.344,0.000,31.340
"Tenant A (Bully Data)","PutLarge",1,0,30.900,0.000,30.897
"Tenant A (Bully Data)","ListBucket",1,0,25.496,0.000,25.493
"Tenant A (Bully Data)","PutLarge",1,0,29.912,0.000,29.904
"Tenant A (Bully Data)","ListBucket",1,0,26.195,0.000,26.192
"Tenant A (Bully Data)","PutLarge",1,0,30.710,0.000,30.702
"Tenant A (Bully Data)","PutLarge",1,0,30.416,0.000,30.412
"Tenant A (Bully Data)","PutLarge",1,0,29.476,0.000,29.469
"Tenant A (Bully Data)","PutLarge",1,0,30.808,0.000,30.802
"Tenant A (Bully Data)","PutLarge",1,0,31.489,0.000,31.478
"Tenant A (Bully Data)","PutLarge",1,0,29.527,0.000,29.514
"Tenant A (Bully Data)","PutLarge",1,0,29.078,0.000,29.050
"Tenant A (Bully Data)","PutLarge",1,0,29.972,0.000,29.968
"Tenant A (Bully Data)","ListBucket",1,0,24.273,0.001,24.266
"Tenant A (Bully Data)","PutLarge",1,0,28.938,0.000,28.934
"Tenant A (Bully Data)","PutLarge",1,0,30.498,0.000,30.495
"Tenant A (Bully Data)","PutLarge",1,0,28.766,0.000,28.763
"Tenant A (Bully Data)","PutLarge",1,0,30.720,0.000,30.717
"Tenant A (Bully Data)","ListBucket",1,0,25.836,0.000,25.834
"Tenant A (Bully Data)","PutLarge",1,0,29.877,0.000,29.861
"Tenant A (Bully Data)","PutLarge",1,0,30.408,0.000,30.404
"Tenant A (Bully Data)","PutLarge",1,0,28.696,0.000,28.683
"Tenant A (Bully Data)","PutLarge",1,0,30.844,0.000,30.842
"Tenant A (Bully Data)","PutLarge",1,0,30.172,0.000,30.126
"Tenant A (Bully Data)","PutLarge",1,0,29.272,0.000,29.243
"Tenant A (Bully Data)","ListBucket",1,0,23.830,0.001,23.823
"Tenant A (Bully Data)","PutLarge",1,0,29.850,0.000,29.846
"Tenant A (Bully Data)","ListBucket",1,0,25.019,0.001,25.010
"Tenant A (Bully Data)","PutLarge",1,0,31.102,0.001,31.096
"Tenant A (Bully Data)","ListBucket",1,0,25.623,0.000,25.621
"Tenant A (Bully Data)","PutLarge",1,0,31.507,0.000,31.498
"Tenant A (Bully Data)","PutLarge",1,0,29.622,0.000,29.619
"Tenant A (Bully Data)","PutLarge",1,0,29.144,0.000,29.132
"Tenant A (Bully Data)","PutLarge",1,0,30.220,0.000,30.212
"Tenant A (Bully Data)","ListBucket",1,0,24.821,0.000,24.799
"Tenant A (Bully Data)","ListBucket",1,0,24.149,0.000,24.141
"Tenant A (Bully Data)","PutLarge",1,0,30.017,0.000,30.014
"Tenant A (Bully Data)","PutLarge",1,0,31.323,0.000,31.284
"Tenant A (Bully Data)","PutLarge",1,0,30.260,0.000,30.253
"Tenant A (Bully Data)","PutLarge",1,0,29.511,0.000,29.508
"Tenant A (Bully Data)","PutLarge",1,0,31.229,0.000,31.225
"Tenant A (Bully Data)","PutLarge",1,0,29.264,0.000,29.260
"Tenant A (Bully Data)","PutLarge",1,0,29.141,0.000,29.112
"Tenant A (Bully Data)","PutLarge",1,0,29.540,0.000,29.525
"Tenant A (Bully Data)","PutLarge",1,0,30.536,0.000,30.533
"Tenant A (Bully Data)","PutLarge",1,0,29.064,0.000,29.058
"Tenant A (Bully Data)","ListBucket",1,0,24.602,0.000,24.598
"Tenant A (Bully Data)","ListBucket",1,0,24.433,0.000,24.429
"Tenant A (Bully Data)","ListBucket",1,0,23.901,0.000,23.892
"Tenant A (Bully Data)","ListBucket",1,0,25.584,0.000,25.579
"Tenant A (Bully Data)","ListBucket",1,0,23.991,0.000,23.961
"Tenant A (Bully Data)","ListBucket",1,0,25.894,0.000,25.886
"Tenant A (Bully Data)","PutLarge",1,0,29.840,0.000,29.836
"Tenant A (Bully Data)","ListBucket",1,0,24.020,0.000,24.012
"Tenant A (Bully Data)","PutLarge",1,0,31.426,0.000,31.419
"Tenant A (Bully Data)","PutLarge",1,0,30.674,0.000,30.666
"Tenant A (Bully Data)","PutLarge",1,0,31.217,0.000,31.207
"Tenant A (Bully Data)","PutLarge",1,0,28.812,0.000,28.803
"Tenant A (Bully Data)","PutLarge",1,0,30.684,0.000,30.676
"Tenant A (Bully Data)","PutLarge",1,0,31.054,0.000,31.042
"Tenant A (Bully Data)","PutLarge",1,0,31.198,0.000,31.195
"Tenant A (Bully Data)","PutLarge",1,0,31.482,0.000,31.480
"Tenant A (Bully Data)","ListBucket",1,0,24.217,0.000,24.215
"Tenant A (Bully Data)","ListBucket",1,0,23.828,0.000,23.821
"Tenant A (Bully Data)","PutLarge",1,0,31.226,0.000,31.223
"Tenant A (Bully Data)","PutLarge",1,0,28.943,0.000,28.940
"Tenant A (Bully Data)","ListBucket",1,0,25.538,0.000,25.534
"Tenant A (Bully Data)","ListBucket",1,0,25.013,0.000,25.005
"Tenant A (Bully Data)","ListBucket",1,0,24.749,0.000,24.743
"Tenant A (Bully Data)","PutLarge",1,0,28.853,0.000,28.838
"Tenant A (Bully Data)","ListBucket",1,0,24.001,0.000,23.996
"Tenant A (Bully Data)","PutLarge",1,0,31.109,0.000,31.106
"Tenant A (Bully Data)","PutLarge",1,0,30.983,0.000,30.973
"Tenant A (Bully Data)","PutLarge",1,0,31.020,0.000,30.999
"Tenant A (Bully Data)","ListBucket",1,0,24.729,0.000,24.726
"Tenant A (Bully Data)","PutLarge",1,0,29.739,0.000,29.735
"Tenant A (Bully Data)","PutLarge",1,0,30.765,0.000,30.756
"Tenant A (Bully Data)","PutLarge",1,0,28.609,0.001,28.601
"Tenant A (Bully Data)","ListBucket",1,0,24.534,0.000,24.528
"Tenant A (Bully Data)","PutLarge",1,0,30.146,0.000,30.138
"Tenant A (Bully Data)","PutLarge",1,0,29.541,0.000,29.538
"Tenant A (Bully Data)","PutLarge",1,0,29.580,0.000,29.575
"Tenant A (Bully Data)","PutLarge",1,0,28.936,0.000,28.927
"Tenant A (Bully Data)","PutLarge",1,0,30.060,0.000,30.053
"Tenant A (Bully Data)","ListBucket",1,0,25.091,0.000,25.085
"Tenant A (Bully Data)","ListBucket",1,0,24.416,0.000,24.412
"Tenant A (Bully Data)","PutLarge",1,0,29.039,0.000,29.036
"Tenant A (Bully Data)","PutLarge",1,0,29.183,0.000,29.179
"Tenant A (Bully Data)","PutLarge",1,0,30.422,0.000,30.415
"Tenant A (Bully Data)","PutLarge",1,0,30.780,0.000,30.774
"Tenant A (Bully Data)","PutLarge",1,0,31.103,0.000,31.096
"Tenant A (Bully Data)","ListBucket",1,0,23.932,0.000,23.906
"Tenant A (Bully Data)","PutLarge",1,0,31.373,0.000,31.346
"Tenant A (Bully Data)","PutLarge",1,0,28.537,0.000,28.512
"Tenant A (Bully Data)","PutLarge",1,0,28.980,0.000,28.972
"Tenant A (Bully Data)","PutLarge",1,0,31.269,0.000,31.263
"Tenant A (Bully Data)","PutLarge",1,0,29.543,0.000,29.541
"Tenant A (Bully Data)","ListBucket",1,0,24.184,0.000,24.179
"Tenant A (Bully Data)","ListBucket",1,0,26.126,0.000,26.124
"Tenant A (Bully Data)","ListBucket",1,0,24.803,0.000,24.795
"Tenant A (Bully Data)","PutLarge",1,0,29.079,0.000,29.076
"Tenant A (Bully Data)","PutLarge",1,0,30.445,0.000,30.437
"Tenant A (Bully Data)","PutLarge",1,0,30.859,0.000,30.848
"Tenant A (Bully Data)","ListBucket",1,0,25.206,0.000,25.194
"Tenant A (Bully Data)","PutLarge",1,0,30.225,0.000,30.221
"Tenant A (Bully Data)","PutLarge",1,0,31.004,0.000,30.986
"Tenant A (Bully Data)","PutLarge",1,0,28.863,0.000,28.848
"Tenant B (Interactive Data)","GetSmall",1,0,4.952,0.001,4.906
"Tenant B (Interactive Data)","PutSmall",1,0,7.565,0.001,7.532
"Tenant B (Interactive Data)","PutSmall",1,0,7.565,0.000,7.522
"Tenant B (Interactive Data)","GetSmall",1,0,4.988,0.000,4.965
"Tenant B (Interactive Data)","PutSmall",1,0,7.440,0.000,7.423
"Tenant B (Interactive Data)","PutSmall",1,0,7.255,0.000,7.245
"Tenant B (Interactive Data)","GetSmall",1,0,4.977,0.000,4.933
"Tenant B (Interactive Data)","PutSmall",1,0,7.553,0.000,7.541
"Tenant B (Interactive Data)","GetSmall",1,0,4.797,0.000,4.792
"Tenant B (Interactive Data)","PutSmall",1,0,7.308,0.001,7.302
"Tenant B (Interactive Data)","PutSmall",1,0,7.391,0.000,7.387
"Tenant B (Interactive Data)","GetSmall",1,0,5.265,0.000,5.243
"Tenant B (Interactive Data)","PutSmall",1,0,7.357,0.000,7.341
"Tenant B (Interactive Data)","PutSmall",1,0,7.856,0.000,7.843
"Tenant B (Interactive Data)","GetSmall",1,0,4.850,0.000,4.846
"Tenant B (Interactive Data)","GetSmall",1,0,4.791,0.000,4.787
"Tenant B (Interactive Data)","PutSmall",1,0,7.748,0.000,7.712
"Tenant B (Interactive Data)","GetSmall",1,0,4.821,0.001,4.792
"Tenant B (Interactive Data)","GetSmall",1,0,4.932,0.001,4.907
"Tenant B (Interactive Data)","PutSmall",1,0,7.420,0.001,7.392
"Tenant B (Interactive Data)","GetSmall",1,0,4.782,0.000,4.766
"Tenant B (Interactive Data)","GetSmall",1,0,5.150,0.000,5.137
"Tenant B (Interactive Data)","GetSmall",1,0,4.771,0.000,4.759
"Tenant B (Interactive Data)","GetSmall",1,0,5.008,0.001,5.005
"Tenant B (Interactive Data)","GetSmall",1,0,4.989,0.000,4.981
"Tenant B (Interactive Data)","GetSmall",1,0,5.012,0.000,4.970
"Tenant B (Interactive Data)","PutSmall",1,0,7.202,0.000,7.197
"Tenant B (Interactive Data)","GetSmall",1,0,4.868,0.000,4.835
"Tenant B (Interactive Data)","PutSmall",1,0,7.188,0.000,7.184
"Tenant B (Interactive Data)","PutSmall",1,0,7.457,0.004,7.450
"Tenant B (Interactive Data)","PutSmall",1,0,7.782,0.000,7.768
"Tenant B (Interactive Data)","GetSmall",1,0,5.098,0.000,5.053
"Tenant B (Interactive Data)","GetSmall",1,0,5.111,0.000,5.076
"Tenant B (Interactive Data)","PutSmall",1,0,7.272,0.001,7.267
"Tenant B (Interactive Data)","GetSmall",1,0,4.897,0.000,4.876
"Tenant B (Interactive Data)","PutSmall",1,0,7.356,0.001,7.336
"Tenant B (Interactive Data)","GetSmall",1,0,5.111,0.000,5.108
"Tenant B (Interactive Data)","GetSmall",1,0,5.265,0.000,5.231
"Tenant B (Interactive Data)","PutSmall",1,0,7.879,0.000,7.874
"Tenant B (Interactive Data)","GetSmall",1,0,4.882,0.000,4.875
"Tenant B (Interactive Data)","GetSmall",1,0,4.978,0.000,4.975
"Tenant B (Interactive Data)","PutSmall",1,0,7.824,0.000,7.813
"Tenant B (Interactive Data)","PutSmall",1,0,7.638,0.000,7.624
"Tenant B (Interactive Data)","PutSmall",1,0,7.468,0.000,7.455
"Tenant B (Interactive Data)","GetSmall",1,0,4.878,0.000,4.862
"Tenant B (Interactive Data)","GetSmall",1,0,5.095,0.000,5.063
"Tenant B (Interactive Data)","PutSmall",1,0,7.402,0.001,7.396
"Tenant B (Interactive Data)","GetSmall",1,0,5.002,0.000,5.000
"Tenant B (Interactive Data)","GetSmall",1,0,5.100,0.000,5.091
"Tenant B (Interactive Data)","GetSmall",1,0,4.770,0.000,4.765
"Tenant B (Interactive Data)","GetSmall",1,0,5.131,0.000,5.117
"Tenant B (Interactive Data)","GetSmall",1,0,4.930,0.000,4.924
"Tenant B (Interactive Data)","PutSmall",1,0,7.463,0.000,7.419
"Tenant B (Interactive Data)","PutSmall",1,0,7.370,0.000,7.365
"Tenant B (Interactive Data)","PutSmall",1,0,7.214,0.000,7.190
"Tenant B (Interactive Data)","GetSmall",1,0,4.920,0.000,4.915
"Tenant B (Interactive Data)","GetSmall",1,0,5.056,0.000,5.046
"Tenant B (Interactive Data)","PutSmall",1,0,7.611,0.000,7.596
"Tenant B (Interactive Data)","PutSmall",1,0,7.231,0.000,7.224
"Tenant B (Interactive Data)","PutSmall",1,0,7.281,0.000,7.275
"Tenant B (Interactive Data)","GetSmall",1,0,4.935,0.001,4.927
"Tenant B (Interactive Data)","PutSmall",1,0,7.594,0.000,7.590
"Tenant B (Interactive Data)","GetSmall",1,0,5.221,0.000,5.217
"Tenant B (Interactive Data)","PutSmall",1,0,7.852,0.000,7.848
"Tenant B (Interactive Data)","GetSmall",1,0,5.248,0.000,5.242
"Tenant B (Interactive Data)","GetSmall",1,0,5.024,0.000,5.018
"Tenant B (Interactive Data)","PutSmall",1,0,7.150,0.000,7.147
"Tenant B (Interactive Data)","GetSmall",1,0,4.776,0.000,4.762
"Tenant B (Interactive Data)","GetSmall",1,0,4.981,0.000,4.976
"Tenant B (Interactive Data)","GetSmall",1,0,5.263,0.000,5.246
"Tenant B (Interactive Data)","GetSmall",1,0,5.185,0.000,5.166
"Tenant B (Interactive Data)","PutSmall",1,0,7.320,0.000,7.313
"Tenant B (Interactive Data)","GetSmall",1,0,5.137,0.000,5.132
"Tenant B (Interactive Data)","PutSmall",1,0,7.858,0.000,7.829
"Tenant B (Interactive Data)","GetSmall",1,0,5.092,0.000,5.085
"Tenant B (Interactive Data)","PutSmall",1,0,7.167,0.001,7.155
"Tenant B (Interactive Data)","PutSmall",1,0,7.850,0.001,7.837
"Tenant B (Interactive Data)","PutSmall",1,0,7.202,0.001,7.147
"Tenant B (Interactive Data)","PutSmall",1,0,7.834,0.000,7.826
"Tenant B (Interactive Data)","PutSmall",1,0,7.298,0.000,7.282
"Tenant B (Interactive Data)","GetSmall",1,0,5.016,0.000,4.994
"Tenant B (Interactive Data)","PutSmall",1,0,7.143,0.000,7.136
"Tenant B (Interactive Data)","PutSmall",1,0,7.164,0.000,7.156
"Tenant B (Interactive Data)","PutSmall",1,0,7.184,0.000,7.174
"Tenant B (Interactive Data)","PutSmall",1,0,7.721,0.000,7.692
"Tenant B (Interactive Data)","GetSmall",1,0,4.920,0.000,4.910
"Tenant B (Interactive Data)","GetSmall",1,0,4.803,0.001,4.794
"Tenant B (Interactive Data)","PutSmall",1,0,7.646,0.000,7.634
"Tenant B (Interactive Data)","GetSmall",1,0,4.874,0.000,4.860
"Tenant B (Interactive Data)","GetSmall",1,0,5.093,0.000,5.085
"Tenant B (Interactive Data)","GetSmall",1,0,5.115,0.000,5.105
"Tenant B (Interactive Data)","PutSmall",1,0,7.240,0.000,7.217
"Tenant B (Interactive Data)","PutSmall",1,0,7.428,0.001,7.380
"Tenant B (Interactive Data)","PutSmall",1,0,7.777,0.000,7.766
"Tenant B (Interactive Data)","PutSmall",1,0,7.724,0.000,7.719
"Tenant B (Interactive Data)","PutSmall",1,0,7.499,0.000,7.494
"Tenant B (Interactive Data)","GetSmall",1,0,5.125,0.000,5.109
"Tenant B (Interactive Data)","PutSmall",1,0,7.451,0.000,7.447
"Tenant B (Interactive Data)","PutSmall",1,0,7.610,0.000,7.597
"Tenant B (Interactive Data)","PutSmall",1,0,7.665,0.000,7.663
"Tenant B (Interactive Data)","GetSmall",1,0,5.092,0.000,5.083
"Tenant B (Interactive Data)","GetSmall",1,0,4.868,0.000,4.856
"Tenant B (Interactive Data)","GetSmall",1,0,5.163,0.000,5.139
"Tenant B (Interactive Data)","PutSmall",1,0,7.639,0.000,7.616
"Tenant B (Interactive Data)","GetSmall",1,0,4.826,0.000,4.811
"Tenant B (Interactive Data)","PutSmall",1,0,7.197,0.000,7.188
"Tenant B (Interactive Data)","PutSmall",1,0,7.851,0.001,7.843
"Tenant B (Interactive Data)","GetSmall",1,0,4.781,0.000,4.774
"Tenant B (Interactive Data)","GetSmall",1,0,5.070,0.000,5.051
"Tenant B (Interactive Data)","GetSmall",1,0,4.888,0.000,4.874
"Tenant B (Interactive Data)","GetSmall",1,0,5.246,0.000,5.205
"Tenant B (Interactive Data)","PutSmall",1,0,7.394,0.000,7.385
"Tenant B (Interactive Data)","PutSmall",1,0,7.617,0.000,7.612
"Tenant B (Interactive Data)","PutSmall",1,0,7.453,0.000,7.450
"Tenant B (Interactive Data)","PutSmall",1,0,7.200,0.000,7.194
"Tenant B (Interactive Data)","GetSmall",1,0,5.183,0.001,5.169
"Tenant B (Interactive Data)","GetSmall",1,0,5.060,0.000,5.054
"Tenant B (Interactive Data)","GetSmall",1,0,4.853,0.000,4.846
"Tenant B (Interactive Data)","GetSmall",1,0,5.180,0.000,5.178
"Tenant B (Interactive Data)","PutSmall",1,0,7.691,0.000,7.679
"Tenant B (Interactive Data)","PutSmall",1,0,7.338,0.000,7.337
"Tenant B (Interactive Data)","PutSmall",1,0,7.598,0.000,7.579
"Tenant B (Interactive Data)","PutSmall",1,0,7.834,0.000,7.823
"Tenant B (Interactive Data)","GetSmall",1,0,4.947,0.000,4.939
"Tenant B (Interactive Data)","PutSmall",1,0,7.720,0.000,7.716
"Tenant B (Interactive Data)","PutSmall",1,0,7.647,0.000,7.641
"Tenant B (Interactive Data)","PutSmall",1,0,7.890,0.000,7.873
"Tenant B (Interactive Data)","GetSmall",1,0,5.147,0.000,5.141
"Tenant B (Interactive Data)","GetSmall",1,0,5.010,0.000,5.004
"Tenant B (Interactive Data)","GetSmall",1,0,5.219,0.000,5.212
"Tenant B (Interactive Data)","GetSmall",1,0,5.003,0.000,4.990
"Tenant B (Interactive Data)","PutSmall",1,0,7.289,0.000,7.252
"Tenant B (Interactive Data)","GetSmall",1,0,5.208,0.000,5.189
"Tenant B (Interactive Data)","GetSmall",1,0,5.088,0.000,5.075
"Tenant B (Interactive Data)","GetSmall",1,0,5.235,0.000,5.232
"Tenant B (Interactive Data)","GetSmall",1,0,5.140,0.000,5.122
"Tenant B (Interactive Data)","GetSmall",1,0,4.963,0.000,4.955
"Tenant B (Interactive Data)","GetSmall",1,0,5.035,0.000,5.029
"Tenant B (Interactive Data)","GetSmall",1,0,4.795,0.000,4.789
"Tenant B (Interactive Data)","GetSmall",1,0,5.180,0.000,5.173
"Tenant B (Interactive Data)","PutSmall",1,0,7.597,0.000,7.582
"Tenant B (Interactive Data)","PutSmall",1,0,7.806,0.000,7.798
"Tenant B (Interactive Data)","PutSmall",1,0,7.326,0.000,7.318
"Tenant B (Interactive Data)","PutSmall",1,0,7.680,0.000,7.668
"Tenant B (Interactive Data)","PutSmall",1,0,7.744,0.000,7.737
"Tenant B (Interactive Data)","GetSmall",1,0,4.840,0.000,4.837
"Tenant B (Interactive Data)","PutSmall",1,0,7.463,0.000,7.457
"Tenant B (Interactive Data)","GetSmall",1,0,5.152,0.000,5.145
"Tenant B (Interactive Data)","PutSmall",1,0,7.712,0.000,7.702
"Tenant B (Interactive Data)","GetSmall",1,0,4.926,0.000,4.919
"Tenant B (Interactive Data)","GetSmall",1,0,5.215,0.000,5.206
"Tenant B (Interactive Data)","PutSmall",1,0,7.205,0.000,7.172
"Tenant B (Interactive Data)","PutSmall",1,0,7.262,0.000,7.255
"Tenant B (Interactive Data)","GetSmall",1,0,4.832,0.000,4.821
"Tenant B (Interactive Data)","GetSmall",1,0,4.857,0.000,4.851
"Tenant B (Interactive Data)","GetSmall",1,0,5.027,0.000,5.024
"Tenant B (Interactive Data)","GetSmall",1,0,4.810,0.001,4.795
"Tenant B (Interactive Data)","PutSmall",1,0,7.188,0.000,7.183
"Tenant B (Interactive Data)","PutSmall",1,0,7.695,0.000,7.689
"Tenant B (Interactive Data)","GetSmall",1,0,5.078,0.000,5.071
"Tenant B (Interactive Data)","GetSmall",1,0,4.872,0.000,4.867
"Tenant B (Interactive Data)","PutSmall",1,0,7.472,0.000,7.468
"Tenant B (Interactive Data)","GetSmall",1,0,4.908,0.005,4.894
"Tenant B (Interactive Data)","GetSmall",1,0,4.818,0.000,4.805
"Tenant B (Interactive Data)","GetSmall",1,0,5.138,0.000,5.131
"Tenant B (Interactive Data)","GetSmall",1,0,4.979,0.000,4.977
"Tenant B (Interactive Data)","GetSmall",1,0,4.999,0.000,4.992
"Tenant B (Interactive Data)","PutSmall",1,0,7.231,0.000,7.228
"Tenant B (Interactive Data)","GetSmall",1,0,4.814,0.000,4.812
"Tenant B (Interactive Data)","PutSmall",1,0,7.825,0.000,7.820
"Tenant B (Interactive Data)","PutSmall",1,0,7.514,0.000,7.487
"Tenant B (Interactive Data)","GetSmall",1,0,4.970,0.000,4.967
"Tenant B (Interactive Data)","GetSmall",1,0,5.189,0.000,5.185
"Tenant B (Interactive Data)","PutSmall",1,0,7.237,0.000,7.233
"Tenant B (Interactive Data)","PutSmall",1,0,7.278,0.001,7.274
"Tenant B (Interactive Data)","GetSmall",1,0,5.097,0.000,5.062
"Tenant B (Interactive Data)","GetSmall",1,0,5.206,0.000,5.202
"Tenant B (Interactive Data)","PutSmall",1,0,7.325,0.000,7.323
"Tenant B (Interactive Data)","PutSmall",1,0,7.536,0.000,7.534
"Tenant B (Interactive Data)","GetSmall",1,0,4.844,0.000,4.835
"Tenant B (Interactive Data)","PutSmall",1,0,7.518,0.000,7.504
"Tenant B (Interactive Data)","GetSmall",1,0,4.807,0.001,4.802
"Tenant B (Interactive Data)","GetSmall",1,0,4.970,0.000,4.961
"Tenant B (Interactive Data)","PutSmall",1,0,7.663,0.000,7.643
"Tenant B (Interactive Data)","PutSmall",1,0,7.401,0.000,7.387
"Tenant B (Interactive Data)","GetSmall",1,0,5.085,0.000,5.068
"Tenant B (Interactive Data)","GetSmall",1,0,5.200,0.000,5.170
"Tenant B (Interactive Data)","GetSmall",1,0,4.877,0.000,4.869
"Tenant B (Interactive Data)","GetSmall",1,0,4.943,0.000,4.913
"Tenant B (Interactive Data)","PutSmall",1,0,7.689,0.001,7.644
"Tenant B (Interactive Data)","GetSmall",1,0,5.152,0.001,5.129
"Tenant B (Interactive Data)","GetSmall",1,0,5.119,0.000,5.109
"Tenant B (Interactive Data)","GetSmall",1,0,4.764,0.000,4.751
"Tenant B (Interactive Data)","PutSmall",1,0,7.595,0.000,7.583
"Tenant B (Interactive Data)","GetSmall",1,0,4.803,0.000,4.797
"Tenant B (Interactive Data)","GetSmall",1,0,5.165,0.000,5.149
"Tenant B (Interactive Data)","GetSmall",1,0,4.812,0.001,4.799
"Tenant B (Interactive Data)","PutSmall",1,0,7.772,0.000,7.762
"Tenant B (Interactive Data)","PutSmall",1,0,7.673,0.000,7.644
"Tenant B (Interactive Data)","PutSmall",1,0,7.291,0.000,7.288
"Tenant B (Interactive Data)","GetSmall",1,0,4.759,0.000,4.756
"Tenant B (Interactive Data)","GetSmall",1,0,5.035,0.001,5.025
"Tenant B (Interactive Data)","PutSmall",1,0,7.750,0.000,7.745
"Tenant B (Interactive Data)","GetSmall",1,0,5.012,0.000,4.982
"Tenant B (Interactive Data)","PutSmall",1,0,7.218,0.000,7.210
"Tenant B (Interactive Data)","GetSmall",1,0,5.254,0.001,5.216
"Tenant B (Interactive Data)","PutSmall",1,0,7.798,0.000,7.759
"Tenant B (Interactive Data)","GetSmall",1,0,4.765,0.000,4.757
"Tenant B (Interactive Data)","GetSmall",1,0,4.955,0.000,4.953
"Tenant B (Interactive Data)","PutSmall",1,0,7.702,0.000,7.692
"Tenant B (Interactive Data)","PutSmall",1,0,7.308,0.000,7.284
"Tenant B (Interactive Data)","PutSmall",1,0,7.901,0.000,7.858
"Tenant B (Interactive Data)","PutSmall",1,0,7.428,0.000,7.417
"Tenant B (Interactive Data)","PutSmall",1,0,7.687,0.000,7.679
"Tenant B (Interactive Data)","PutSmall",1,0,7.384,0.000,7.378
"Tenant B (Interactive Data)","GetSmall",1,0,5.095,0.000,5.081
"Tenant B (Interactive Data)","GetSmall",1,0,4.970,0.000,4.968
"Tenant B (Interactive Data)","PutSmall",1,0,7.602,0.001,7.588
"Tenant B (Interactive Data)","GetSmall",1,0,4.940,0.001,4.932
"Tenant B (Interactive Data)","GetSmall",1,0,5.004,0.001,4.993
"Tenant B (Interactive Data)","GetSmall",1,0,4.756,0.000,4.752
"Tenant B (Interactive Data)","PutSmall",1,0,7.466,0.000,7.459
"Tenant B (Interactive Data)","GetSmall",1,0,4.975,0.000,4.972
"Tenant B (Interactive Data)","GetSmall",1,0,4.893,0.000,4.876
"Tenant B (Interactive Data)","GetSmall",1,0,5.179,0.000,5.171
"Tenant B (Interactive Data)","PutSmall",1,0,7.880,0.000,7.874
"Tenant B (Interactive Data)","GetSmall",1,0,4.912,0.000,4.904
"Tenant B (Interactive Data)","PutSmall",1,0,7.197,0.000,7.189
"Tenant B (Interactive Data)","PutSmall",1,0,7.474,0.000,7.461
"Tenant B (Interactive Data)","PutSmall",1,0,7.648,0.000,7.644
"Tenant B (Interactive Data)","PutSmall",1,0,7.617,0.000,7.610
"Tenant B (Interactive Data)","PutSmall",1,0,7.350,0.000,7.347
"Tenant B (Interactive Data)","GetSmall",1,0,5.214,0.000,5.200
"Tenant B (Interactive Data)","PutSmall",1,0,7.251,0.000,7.225
"Tenant B (Interactive Data)","PutSmall",1,0,7.624,0.001,7.619
"Tenant B (Interactive Data)","PutSmall",1,0,7.623,0.001,7.617
"Tenant B (Interactive Data)","PutSmall",1,0,7.752,0.000,7.736
"Tenant B (Interactive Data)","PutSmall",1,0,7.360,0.000,7.334
"Tenant B (Interactive Data)","GetSmall",1,0,4.984,0.000,4.967
"Tenant B (Interactive Data)","PutSmall",1,0,7.729,0.001,7.724
"Tenant B (Interactive Data)","PutSmall",1,0,7.150,0.000,7.137
"Tenant B (Interactive Data)","PutSmall",1,0,7.818,0.000,7.811
"Tenant B (Interactive Data)","GetSmall",1,0,5.069,0.001,5.065
"Tenant B (Interactive Data)","PutSmall",1,0,7.799,0.000,7.787
"Tenant B (Interactive Data)","PutSmall",1,0,7.201,0.000,7.179
"Tenant B (Interactive Data)","GetSmall",1,0,5.108,0.000,5.103
"Tenant B (Interactive Data)","GetSmall",1,0,5.215,0.001,5.211
"Tenant B (Interactive Data)","PutSmall",1,0,7.469,0.000,7.467
"Tenant B (Interactive Data)","PutSmall",1,0,7.777,0.000,7.771
"Tenant B (Interactive Data)","GetSmall",1,0,5.203,0.000,5.200
"Tenant B (Interactive Data)","GetSmall",1,0,5.131,0.000,5.122
"Tenant B (Interactive Data)","PutSmall",1,0,7.842,0.000,7.834
"Tenant B (Interactive Data)","GetSmall",1,0,5.279,0.000,5.228
"Tenant B (Interactive Data)","GetSmall",1,0,4.968,0.000,4.965
"Tenant B (Interactive Data)","PutSmall",1,0,7.718,0.000,7.714
"Tenant B (Interactive Data)","PutSmall",1,0,7.800,0.000,7.790
"Tenant B (Interactive Data)","GetSmall",1,0,4.923,0.000,4.914
"Tenant B (Interactive Data)","PutSmall",1,0,7.428,0.000,7.420
"Tenant B (Interactive Data)","PutSmall",1,0,7.253,0.000,7.242
"Tenant B (Interactive Data)","GetSmall",1,0,5.045,0.000,5.035
"Tenant B (Interactive Data)","GetSmall",1,0,5.067,0.000,5.051
"Tenant B (Interactive Data)","PutSmall",1,0,7.632,0.000,7.624
"Tenant B (Interactive Data)","PutSmall",1,0,7.553,0.000,7.545
"Tenant B (Interactive Data)","PutSmall",1,0,7.856,0.000,7.853
"Tenant B (Interactive Data)","GetSmall",1,0,4.993,0.000,4.989
"Tenant B (Interactive Data)","GetSmall",1,0,4.774,0.000,4.766
"Tenant B (Interactive Data)","PutSmall",1,0,7.470,0.000,7.461
"Tenant B (Interactive Data)","GetSmall",1,0,4.849,0.000,4.836
"Tenant B (Interactive Data)","PutSmall",1,0,7.414,0.000,7.405
"Tenant B (Interactive Data)","PutSmall",1,0,7.456,0.000,7.453
"Tenant B (Interactive Data)","PutSmall",1,0,7.704,0.000,7.699
"Tenant B (Interactive Data)","PutSmall",1,0,7.266,0.000,7.253
"Tenant B (Interactive Data)","PutSmall",1,0,7.610,0.000,7.608
"Tenant B (Interactive Data)","GetSmall",1,0,5.219,0.000,5.207
"Tenant B (Interactive Data)","GetSmall",1,0,4.946,0.001,4.909
"Tenant B (Interactive Data)","GetSmall",1,0,5.094,0.000,5.091
"Tenant B (Interactive Data)","GetSmall",1,0,4.799,0.000,4.787
"Tenant B (Interactive Data)","GetSmall",1,0,4.842,0.000,4.838
"Tenant B (Interactive Data)","PutSmall",1,0,7.256,0.000,7.253
"Tenant B (Interactive Data)","GetSmall",1,0,4.904,0.000,4.895
"Tenant B (Interactive Data)","GetSmall",1,0,5.006,0.000,5.000
"Tenant B (Interactive Data)","PutSmall",1,0,7.753,0.000,7.749
"Tenant B (Interactive Data)","GetSmall",1,0,5.133,0.001,5.131
"Tenant B (Interactive Data)","GetSmall",1,0,5.001,0.000,4.998
"Tenant B (Interactive Data)","GetSmall",1,0,4.820,0.000,4.805
"Tenant B (Interactive Data)","PutSmall",1,0,7.450,0.000,7.400
"Tenant B (Interactive Data)","GetSmall",1,0,4.792,0.000,4.782
"Tenant B (Interactive Data)","PutSmall",1,0,7.734,0.000,7.692
"Tenant B (Interactive Data)","GetSmall",1,0,4.999,0.001,4.968
"Tenant B (Interactive Data)","GetSmall",1,0,4.977,0.000,4.964
"Tenant B (Interactive Data)","PutSmall",1,0,7.422,0.000,7.419
"Tenant B (Interactive Data)","PutSmall",1,0,7.842,0.000,7.838
"Tenant B (Interactive Data)","GetSmall",1,0,4.939,0.000,4.935
"Tenant B (Interactive Data)","GetSmall",1,0,5.056,0.000,5.053
"Tenant B (Interactive Data)","PutSmall",1,0,7.398,0.000,7.396
"Tenant B (Interactive Data)","PutSmall",1,0,7.844,0.000,7.827
"Tenant B (Interactive Data)","GetSmall",1,0,4.769,0.000,4.765
"Tenant B (Interactive Data)","GetSmall",1,0,4.882,0.000,4.876
"Tenant B (Interactive Data)","PutSmall",1,0,7.820,0.000,7.816
"Tenant B (Interactive Data)","PutSmall",1,0,7.195,0.000,7.182
"Tenant B (Interactive Data)","PutSmall",1,0,7.293,0.000,7.291
"Tenant B (Interactive Data)","GetSmall",1,0,4.874,0.000,4.870
"Tenant B (Interactive Data)","GetSmall",1,0,5.228,0.000,5.224
"Tenant B (Interactive Data)","PutSmall",1,0,7.858,0.000,7.854
"Tenant B (Interactive Data)","GetSmall",1,0,5.197,0.000,5.194
"Tenant B (Interactive Data)","GetSmall",1,0,5.126,0.000,5.114
"Tenant B (Interactive Data)","PutSmall",1,0,7.445,0.000,7.429
"Tenant B (Interactive Data)","GetSmall",1,0,4.902,0.001,4.894
"Tenant B (Interactive Data)","PutSmall",1,0,7.420,0.000,7.419
"Tenant B (Interactive Data)","GetSmall",1,0,4.937,0.000,4.931
"Tenant B (Interactive Data)","GetSmall",1,0,5.059,0.000,5.056
"Tenant B (Interactive Data)","PutSmall",1,0,7.157,0.000,7.155
"Tenant B (Interactive Data)","PutSmall",1,0,7.612,0.000,7.608
"Tenant B (Interactive Data)","GetSmall",1,0,5.068,0.000,5.055
"Tenant B (Interactive Data)","PutSmall",1,0,7.153,0.000,7.147
"Tenant B (Interactive Data)","GetSmall",1,0,4.765,0.000,4.761
"Tenant B (Interactive Data)","PutSmall",1,0,7.601,0.000,7.583
"Tenant B (Interactive Data)","PutSmall",1,0,7.519,0.000,7.516
"Tenant B (Interactive Data)","GetSmall",1,0,5.174,0.000,5.167
"Tenant B (Interactive Data)","GetSmall",1,0,5.006,0.000,4.991
"Tenant B (Interactive Data)","GetSmall",1,0,4.926,0.000,4.922
"Tenant B (Interactive Data)","PutSmall",1,0,7.282,0.000,7.276
"Tenant B (Interactive Data)","PutSmall",1,0,7.753,0.000,7.746
"Tenant B (Interactive Data)","GetSmall",1,0,5.244,0.000,5.237
"Tenant B (Interactive Data)","PutSmall",1,0,7.872,0.000,7.857
"Tenant B (Interactive Data)","GetSmall",1,0,5.231,0.000,5.223
"Tenant B (Interactive Data)","PutSmall",1,0,7.458,0.001,7.442
"Tenant B (Interactive Data)","GetSmall",1,0,4.996,0.000,4.993
"Tenant B (Interactive Data)","GetSmall",1,0,4.837,0.000,4.822
"Tenant B (Interactive Data)","PutSmall",1,0,7.444,0.000,7.441
"Tenant B (Interactive Data)","PutSmall",1,0,7.608,0.000,7.604
"Tenant B (Interactive Data)","GetSmall",1,0,4.837,0.000,4.831
"Tenant B (Interactive Data)","GetSmall",1,0,5.213,0.000,5.210
"Tenant B (Interactive Data)","GetSmall",1,0,5.187,0.000,5.185
"Tenant B (Interactive Data)","GetSmall",1,0,5.137,0.000,5.134
"Tenant B (Interactive Data)","GetSmall",1,0,5.004,0.000,5.000
"Tenant B (Interactive Data)","PutSmall",1,0,7.297,0.000,7.293
"Tenant B (Interactive Data)","PutSmall",1,0,7.847,0.000,7.844
"Tenant B (Interactive Data)","GetSmall",1,0,4.791,0.000,4.776
"Tenant B (Interactive Data)","GetSmall",1,0,5.047,0.000,5.039
"Tenant B (Interactive Data)","PutSmall",1,0,7.434,0.001,7.425
"Tenant B (Interactive Data)","GetSmall",1,0,4.793,0.000,4.787
"Tenant B (Interactive Data)","GetSmall",1,0,4.786,0.000,4.784
"Tenant B (Interactive Data)","PutSmall",1,0,7.295,0.000,7.290
"Tenant B (Interactive Data)","GetSmall",1,0,5.235,0.000,5.232
"Tenant B (Interactive Data)","PutSmall",1,0,7.333,0.001,7.328
"Tenant B (Interactive Data)","GetSmall",1,0,5.232,0.000,5.228
"Tenant B (Interactive Data)","GetSmall",1,0,4.918,0.000,4.914
"Tenant B (Interactive Data)","GetSmall",1,0,4.825,0.000,4.819
"Tenant B (Interactive Data)","PutSmall",1,0,7.501,0.000,7.477
"Tenant B (Interactive Data)","GetSmall",1,0,5.173,0.000,5.170
"Tenant B (Interactive Data)","PutSmall",1,0,7.730,0.000,7.728
"Tenant B (Interactive Data)","PutSmall",1,0,7.286,0.000,7.221
"Tenant B (Interactive Data)","GetSmall",1,0,4.926,0.000,4.892
"Tenant B (Interactive Data)","GetSmall",1,0,4.922,0.000,4.917
"Tenant B (Interactive Data)","GetSmall",1,0,4.781,0.000,4.775
"Tenant B (Interactive Data)","PutSmall",1,0,7.223,0.000,7.205
"Tenant B (Interactive Data)","GetSmall",1,0,5.114,0.000,5.105
"Tenant B (Interactive Data)","GetSmall",1,0,5.056,0.000,5.051
"Tenant B (Interactive Data)","GetSmall",1,0,5.150,0.000,5.146
"Tenant B (Interactive Data)","PutSmall",1,0,7.707,0.000,7.700
"Tenant B (Interactive Data)","PutSmall",1,0,7.709,0.000,7.707
"Tenant B (Interactive Data)","PutSmall",1,0,7.489,0.000,7.476
"Tenant B (Interactive Data)","GetSmall",1,0,4.943,0.000,4.917
"Tenant B (Interactive Data)","PutSmall",1,0,7.149,0.000,7.144
"Tenant B (Interactive Data)","GetSmall",1,0,5.119,0.000,5.114
"Tenant B (Interactive Data)","GetSmall",1,0,5.130,0.000,5.119
"Tenant B (Interactive Data)","GetSmall",1,0,5.088,0.001,5.083
"Tenant B (Interactive Data)","PutSmall",1,0,7.181,0.000,7.178
"Tenant B (Interactive Data)","PutSmall",1,0,7.720,0.000,7.714
"Tenant B (Interactive Data)","PutSmall",1,0,7.454,0.000,7.442
"Tenant B (Interactive Data)","GetSmall",1,0,5.115,0.000,5.106
"Tenant B (Interactive Data)","GetSmall",1,0,4.887,0.000,4.880
"Tenant B (Interactive Data)","PutSmall",1,0,7.718,0.000,7.709
"Tenant B (Interactive Data)","GetSmall",1,0,5.062,0.000,5.054
"Tenant B (Interactive Data)","PutSmall",1,0,7.880,0.001,7.870
"Tenant B (Interactive Data)","GetSmall",1,0,4.983,0.000,4.971
"Tenant B (Interactive Data)","PutSmall",1,0,7.719,0.000,7.709
"Tenant B (Interactive Data)","PutSmall",1,0,7.265,0.000,7.250
"Tenant B (Interactive Data)","GetSmall",1,0,5.157,0.000,5.150
"Tenant B (Interactive Data)","GetSmall",1,0,5.023,0.001,5.010
"Tenant B (Interactive Data)","PutSmall",1,0,7.235,0.000,7.230
"Tenant B (Interactive Data)","GetSmall",1,0,4.780,0.000,4.768
"Tenant B (Interactive Data)","GetSmall",1,0,5.109,0.000,5.106
"Tenant B (Interactive Data)","PutSmall",1,0,7.295,0.000,7.289
"Tenant B (Interactive Data)","GetSmall",1,0,4.950,0.000,4.942
"Tenant B (Interactive Data)","GetSmall",1,0,4.789,0.000,4.776
"Tenant B (Interactive Data)","GetSmall",1,0,4.886,0.000,4.877
"Tenant B (Interactive Data)","GetSmall",1,0,5.046,0.000,5.035
"Tenant B (Interactive Data)","PutSmall",1,0,7.423,0.000,7.412
"Tenant B (Interactive Data)","PutSmall",1,0,7.832,0.000,7.823
"Tenant B (Interactive Data)","GetSmall",1,0,5.075,0.000,5.067
"Tenant B (Interactive Data)","PutSmall",1,0,7.204,0.000,7.199
"Tenant B (Interactive Data)","GetSmall",1,0,4.943,0.000,4.938
"Tenant B (Interactive Data)","GetSmall",1,0,4.920,0.000,4.917
"Tenant B (Interactive Data)","GetSmall",1,0,5.148,0.000,5.144
"Tenant B (Interactive Data)","GetSmall",1,0,4.875,0.000,4.871
"Tenant B (Interactive Data)","GetSmall",1,0,4.984,0.000,4.981
"Tenant B (Interactive Data)","PutSmall",1,0,7.390,0.000,7.383
"Tenant B (Interactive Data)","GetSmall",1,0,4.977,0.000,4.972
"Tenant B (Interactive Data)","PutSmall",1,0,7.190,0.000,7.177
"Tenant B (Interactive Data)","PutSmall",1,0,7.273,0.000,7.262
"Tenant B (Interactive Data)","GetSmall",1,0,5.200,0.001,5.168
"Tenant B (Interactive Data)","GetSmall",1,0,4.936,0.000,4.929
"Tenant B (Interactive Data)","PutSmall",1,0,7.599,0.000,7.586
"Tenant B (Interactive Data)","GetSmall",1,0,4.906,0.000,4.886
"Tenant B (Interactive Data)","PutSmall",1,0,7.646,0.000,7.643
"Tenant B (Interactive Data)","GetSmall",1,0,5.241,0.000,5.236
"Tenant B (Interactive Data)","PutSmall",1,0,7.883,0.000,7.874
"Tenant B (Interactive Data)","PutSmall",1,0,7.290,0.000,7.279
"Tenant B (Interactive Data)","GetSmall",1,0,4.957,0.000,4.936
"Tenant B (Interactive Data)","GetSmall",1,0,4.816,0.000,4.812
"Tenant B (Interactive Data)","PutSmall",1,0,7.549,0.000,7.518
"Tenant B (Interactive Data)","PutSmall",1,0,7.536,0.000,7.530
"Tenant B (Interactive Data)","GetSmall",1,0,5.146,0.000,5.138
"Tenant B (Interactive Data)","GetSmall",1,0,5.178,0.000,5.173
"Tenant B (Interactive Data)","GetSmall",1,0,4.946,0.000,4.929
"Tenant B (Interactive Data)","PutSmall",1,0,7.761,0.000,7.757
"Tenant B (Interactive Data)","GetSmall",1,0,4.952,0.000,4.929
"Tenant B (Interactive Data)","GetSmall",1,0,5.195,0.000,5.190
"Tenant B (Interactive Data)","PutSmall",1,0,7.574,0.000,7.571
"Tenant B (Interactive Data)","GetSmall",1,0,4.876,0.000,4.874
"Tenant B (Interactive Data)","PutSmall",1,0,7.768,0.001,7.763
"Tenant B (Interactive Data)","PutSmall",1,0,7.648,0.000,7.630
"Tenant B (Interactive Data)","PutSmall",1,0,7.186,0.000,7.183
"Tenant B (Interactive Data)","GetSmall",1,0,5.128,0.000,5.120
"Tenant B (Interactive Data)","PutSmall",1,0,7.670,0.000,7.661
"Tenant B (Interactive Data)","GetSmall",1,0,5.246,0.000,5.243
"Tenant B (Interactive Data)","PutSmall",1,0,7.779,0.000,7.772
"Tenant B (Interactive Data)","GetSmall",1,0,5.004,0.000,4.995
"Tenant B (Interactive Data)","PutSmall",1,0,7.581,0.000,7.551
"Tenant B (Interactive Data)","GetSmall",1,0,5.187,0.000,5.179
"Tenant B (Interactive Data)","PutSmall",1,0,7.654,0.000,7.644
"Tenant B (Interactive Data)","PutSmall",1,0,7.324,0.000,7.316
"Tenant B (Interactive Data)","GetSmall",1,0,5.204,0.000,5.198
"Tenant B (Interactive Data)","GetSmall",1,0,4.843,0.000,4.811
"Tenant B (Interactive Data)","PutSmall",1,0,7.771,0.000,7.767
"Tenant B (Interactive Data)","GetSmall",1,0,4.924,0.000,4.919
"Tenant B (Interactive Data)","GetSmall",1,0,4.994,0.000,4.989
"Tenant B (Interactive Data)","PutSmall",1,0,7.778,0.000,7.759
"Tenant B (Interactive Data)","GetSmall",1,0,5.267,0.001,5.222
"Tenant B (Interactive Data)","GetSmall",1,0,5.001,0.000,4.995
"Tenant B (Interactive Data)","GetSmall",1,0,4.832,0.000,4.824
"Tenant B (Interactive Data)","GetSmall",1,0,4.956,0.000,4.941
"Tenant B (Interactive Data)","GetSmall",1,0,4.988,0.000,4.977
"Tenant B (Interactive Data)","GetSmall",1,0,5.115,0.000,5.112
"Tenant B (Interactive Data)","GetSmall",1,0,5.135,0.000,5.126
"Tenant B (Interactive Data)","GetSmall",1,0,5.058,0.000,5.041
"Tenant B (Interactive Data)","GetSmall",1,0,4.906,0.001,4.904
"Tenant B (Interactive Data)","PutSmall",1,0,7.553,0.000,7.550
"Tenant B (Interactive Data)","PutSmall",1,0,7.270,0.000,7.267
"Tenant B (Interactive Data)","PutSmall",1,0,7.586,0.000,7.583
"Tenant B (Interactive Data)","PutSmall",1,0,7.562,0.000,7.559
"Tenant B (Interactive Data)","PutSmall",1,0,7.668,0.000,7.659
"Tenant B (Interactive Data)","GetSmall",1,0,5.222,0.000,5.219
"Tenant B (Interactive Data)","GetSmall",1,0,5.180,0.000,5.167
"Tenant B (Interactive Data)","PutSmall",1,0,7.191,0.001,7.188
"Tenant B (Interactive Data)","GetSmall",1,0,4.840,0.000,4.828
"Tenant B (Interactive Data)","GetSmall",1,0,4.963,0.000,4.960
"Tenant B (Interactive Data)","PutSmall",1,0,7.196,0.000,7.187
"Tenant B (Interactive Data)","GetSmall",1,0,4.953,0.000,4.950
"Tenant B (Interactive Data)","PutSmall",1,0,7.325,0.000,7.320
"Tenant B (Interactive Data)","GetSmall",1,0,4.939,0.000,4.920
"Tenant B (Interactive Data)","PutSmall",1,0,7.459,0.000,7.455
"Tenant B (Interactive Data)","GetSmall",1,0,4.867,0.000,4.864
"Tenant B (Interactive Data)","PutSmall",1,0,7.170,0.000,7.158
"Tenant B (Interactive Data)","PutSmall",1,0,7.580,0.000,7.572
"Tenant B (Interactive Data)","GetSmall",1,0,4.790,0.001,4.775
"Tenant B (Interactive Data)","PutSmall",1,0,7.283,0.000,7.271
"Tenant B (Interactive Data)","GetSmall",1,0,4.847,0.000,4.840
"Tenant B (Interactive Data)","PutSmall",1,0,7.293,0.000,7.284
"Tenant B (Interactive Data)","PutSmall",1,0,7.526,0.000,7.523
"Tenant B (Interactive Data)","GetSmall",1,0,5.020,0.000,5.010
"Tenant B (Interactive Data)","PutSmall",1,0,7.763,0.000,7.759
"Tenant B (Interactive Data)","GetSmall",1,0,4.794,0.000,4.791
"Tenant B (Interactive Data)","PutSmall",1,0,7.524,0.000,7.521
"Tenant B (Interactive Data)","PutSmall",1,0,7.662,0.000,7.659
"Tenant B (Interactive Data)","GetSmall",1,0,5.248,0.000,5.246
"Tenant B (Interactive Data)","GetSmall",1,0,5.043,0.000,5.036
"Tenant B (Interactive Data)","GetSmall",1,0,5.067,0.000,5.056
"Tenant B (Interactive Data)","GetSmall",1,0,4.786,0.000,4.782
"Tenant B (Interactive Data)","PutSmall",1,0,7.276,0.000,7.274
"Tenant B (Interactive Data)","GetSmall",1,0,4.839,0.000,4.829
"Tenant B (Interactive Data)","PutSmall",1,0,7.317,0.000,7.305
"Tenant B (Interactive Data)","PutSmall",1,0,7.483,0.000,7.473
"Tenant B (Interactive Data)","GetSmall",1,0,5.242,0.000,5.237
"Tenant B (Interactive Data)","PutSmall",1,0,7.212,0.000,7.209
"Tenant B (Interactive Data)","PutSmall",1,0,7.674,0.000,7.671
"Tenant B (Interactive Data)","GetSmall",1,0,4.853,0.000,4.851
"Tenant B (Interactive Data)","PutSmall",1,0,7.863,0.000,7.860
"Tenant B (Interactive Data)","PutSmall",1,0,7.140,0.000,7.138
"Tenant B (Interactive Data)","GetSmall",1,0,5.228,0.000,5.225
"Tenant B (Interactive Data)","GetSmall",1,0,4.845,0.000,4.832
"Tenant B (Interactive Data)","GetSmall",1,0,4.797,0.000,4.788
"Tenant B (Interactive Data)","PutSmall",1,0,7.206,0.000,7.196
"Tenant B (Interactive Data)","PutSmall",1,0,7.222,0.000,7.216
"Tenant B (Interactive Data)","GetSmall",1,0,5.149,0.001,5.101
"Tenant B (Interactive Data)","PutSmall",1,0,7.413,0.000,7.404
"Tenant B (Interactive Data)","GetSmall",1,0,5.068,0.000,5.061
"Tenant B (Interactive Data)","GetSmall",1,0,4.896,0.000,4.887
"Tenant B (Interactive Data)","PutSmall",1,0,7.380,0.001,7.370
"Tenant B (Interactive Data)","GetSmall",1,0,5.253,0.000,5.244
"Tenant B (Interactive Data)","PutSmall",1,0,7.844,0.000,7.839
"Tenant B (Interactive Data)","PutSmall",1,0,7.518,0.000,7.510
"Tenant B (Interactive Data)","PutSmall",1,0,7.458,0.000,7.456
"Tenant B (Interactive Data)","GetSmall",1,0,4.789,0.000,4.786
"Tenant B (Interactive Data)","PutSmall",1,0,7.718,0.000,7.716
"Tenant B (Interactive Data)","GetSmall",1,0,4.831,0.000,4.826
"Tenant B (Interactive Data)","PutSmall",1,0,7.506,0.000,7.497
"Tenant B (Interactive Data)","GetSmall",1,0,5.028,0.000,5.026
"Tenant B (Interactive Data)","PutSmall",1,0,7.776,0.000,7.712
"Tenant B (Interactive Data)","PutSmall",1,0,7.261,0.001,7.256
"Tenant B (Interactive Data)","GetSmall",1,0,4.834,0.000,4.826
"Tenant B (Interactive Data)","PutSmall",1,0,7.884,0.001,7.873
"Tenant B (Interactive Data)","PutSmall",1,0,7.655,0.001,7.647
"Tenant B (Interactive Data)","PutSmall",1,0,7.851,0.000,7.847
"Tenant B (Interactive Data)","GetSmall",1,0,4.951,0.000,4.946
"Tenant B (Interactive Data)","PutSmall",1,0,7.441,0.000,7.437
"Tenant B (Interactive Data)","GetSmall",1,0,5.028,0.000,5.016
"Tenant B (Interactive Data)","GetSmall",1,0,4.967,0.000,4.963
"Tenant B (Interactive Data)","GetSmall",1,0,4.944,0.001,4.930
"Tenant B (Interactive Data)","PutSmall",1,0,7.866,0.000,7.852
"Tenant B (Interactive Data)","GetSmall",1,0,4.897,0.000,4.886
"Tenant B (Interactive Data)","PutSmall",1,0,7.428,0.000,7.423
"Tenant B (Interactive Data)","GetSmall",1,0,4.829,0.001,4.823
"Tenant B (Interactive Data)","GetSmall",1,0,5.209,0.000,5.198
"Tenant B (Interactive Data)","PutSmall",1,0,7.789,0.000,7.784
"Tenant B (Interactive Data)","PutSmall",1,0,7.582,0.000,7.574
"Tenant B (Interactive Data)","PutSmall",1,0,7.641,0.000,7.636
"Tenant B (Interactive Data)","GetSmall",1,0,5.105,0.000,5.095
"Tenant B (Interactive Data)","GetSmall",1,0,4.776,0.000,4.768
"Tenant B (Interactive Data)","PutSmall",1,0,7.180,0.000,7.172
"Tenant B (Interactive Data)","GetSmall",1,0,5.008,0.000,4.996
"Tenant B (Interactive Data)","GetSmall",1,0,4.899,0.000,4.886
"Tenant B (Interactive Data)","PutSmall",1,0,7.629,0.000,7.620
"Tenant B (Interactive Data)","PutSmall",1,0,7.272,0.000,7.268
"Tenant B (Interactive Data)","PutSmall",1,0,7.216,0.001,7.166
"Tenant B (Interactive Data)","GetSmall",1,0,4.804,0.001,4.784
"Tenant B (Interactive Data)","PutSmall",1,0,7.762,0.000,7.754
"Tenant B (Interactive Data)","GetSmall",1,0,4.980,0.000,4.976
"Tenant B (Interactive Data)","GetSmall",1,0,5.196,0.000,5.183
"Tenant B (Interactive Data)","PutSmall",1,0,7.832,0.000,7.805
"Tenant B (Interactive Data)","GetSmall",1,0,4.941,0.001,4.920
"Tenant B (Interactive Data)","GetSmall",1,0,5.121,0.000,5.111
"Tenant B (Interactive Data)","GetSmall",1,0,4.930,0.001,4.915
"Tenant B (Interactive Data)","GetSmall",1,0,4.971,0.000,4.968
"Tenant B (Interactive Data)","PutSmall",1,0,7.875,0.000,7.866
"Tenant B (Interactive Data)","GetSmall",1,0,4.775,0.000,4.773
"Tenant B (Interactive Data)","GetSmall",1,0,4.827,0.000,4.824
"Tenant B (Interactive Data)","PutSmall",1,0,7.431,0.000,7.426
"Tenant B (Interactive Data)","GetSmall",1,0,5.038,0.000,5.034
"Tenant B (Interactive Data)","PutSmall",1,0,7.490,0.000,7.480
"Tenant B (Interactive Data)","PutSmall",1,0,7.854,0.000,7.847
"Tenant B (Interactive Data)","PutSmall",1,0,7.568,0.000,7.561
"Tenant B (Interactive Data)","PutSmall",1,0,7.515,0.000,7.489
"Tenant B (Interactive Data)","GetSmall",1,0,4.773,0.000,4.767
"Tenant B (Interactive Data)","PutSmall",1,0,7.780,0.000,7.777
"Tenant B (Interactive Data)","GetSmall",1,0,5.093,0.000,5.089
"Tenant C (Health Probe)","ProbeHealth",1,0,2.457,0.000,2.454
"Tenant C (Health Probe)","ProbeHealth",1,0,2.431,0.000,2.427
"Tenant C (Health Probe)","ProbeHealth",1,0,2.398,0.000,2.394
"Tenant C (Health Probe)","ProbeHealth",1,0,2.550,0.000,2.546
"Tenant C (Health Probe)","ProbeHealth",1,0,2.505,0.000,2.495
"Tenant C (Health Probe)","ProbeHealth",1,0,2.518,0.001,2.507
"Tenant C (Health Probe)","ProbeHealth",1,0,2.551,0.000,2.547
"Tenant C (Health Probe)","ProbeHealth",1,0,2.570,0.001,2.559
"Tenant C (Health Probe)","ProbeHealth",1,0,2.482,0.000,2.475
"Tenant C (Health Probe)","ProbeHealth",1,0,2.582,0.001,2.539
"Tenant C (Health Probe)","ProbeHealth",1,0,2.585,0.000,2.574
"Tenant C (Health Probe)","ProbeHealth",1,0,2.522,0.000,2.519
"Tenant C (Health Probe)","ProbeHealth",1,0,2.491,0.000,2.483
"Tenant C (Health Probe)","ProbeHealth",1,0,2.555,0.000,2.546
"Tenant C (Health Probe)","ProbeHealth",1,0,2.460,0.000,2.412
"Tenant C (Health Probe)","ProbeHealth",1,0,2.457,0.001,2.446
"Tenant C (Health Probe)","ProbeHealth",1,0,2.556,0.000,2.548
"Tenant C (Health Probe)","ProbeHealth",1,0,2.397,0.001,2.386
"Tenant C (Health Probe)","ProbeHealth",1,0,2.420,0.000,2.397
"Tenant C (Health Probe)","ProbeHealth",1,0,2.549,0.000,2.542
"Tenant C (Health Probe)","ProbeHealth",1,0,2.608,0.000,2.596
"Tenant C (Health Probe)","ProbeHealth",1,0,2.440,0.000,2.380
"Tenant C (Health Probe)","ProbeHealth",1,0,2.465,0.000,2.452
"Tenant C (Health Probe)","ProbeHealth",1,0,2.624,0.000,2.621
"Tenant C (Health Probe)","ProbeHealth",1,0,2.444,0.000,2.438
"Tenant C (Health Probe)","ProbeHealth",1,0,2.486,0.000,2.476
"Tenant C (Health Probe)","ProbeHealth",1,0,2.570,0.000,2.561
"Tenant C (Health Probe)","ProbeHealth",1,0,2.430,0.000,2.417
"Tenant C (Health Probe)","ProbeHealth",1,0,2.635,0.000,2.613
"Tenant C (Health Probe)","ProbeHealth",1,0,2.394,0.000,2.384
"Tenant C (Health Probe)","ProbeHealth",1,0,2.599,0.000,2.586
"Tenant C (Health Probe)","ProbeHealth",1,0,2.524,0.000,2.514
"Tenant C (Health Probe)","ProbeHealth",1,0,2.531,0.000,2.523
"Tenant C (Health Probe)","ProbeHealth",1,0,2.547,0.000,2.535
"Tenant C (Health Probe)","ProbeHealth",1,0,2.596,0.000,2.583
"Tenant C (Health Probe)","ProbeHealth",1,0,2.542,0.000,2.539
"Tenant C (Health Probe)","ProbeHealth",1,0,2.621,0.001,2.567
"Tenant C (Health Probe)","ProbeHealth",1,0,2.574,0.000,2.571
"Tenant C (Health Probe)","ProbeHealth",1,0,2.548,0.000,2.542
"Tenant C (Health Probe)","ProbeHealth",1,0,2.453,0.000,2.443
"Tenant C (Health Probe)","ProbeHealth",1,0,2.553,0.000,2.544
"Tenant C (Health Probe)","ProbeHealth",1,0,2.385,0.000,2.379
