tenant,op,success,error_code,total_lat_ms,queue_lat_ms,backend_lat_ms
"Tenant A (Bully Data)","PutLarge",0,-11,0.020,0.020,0.000
"Tenant A (Bully Data)","ListBucket",0,-11,0.007,0.007,0.000
"Tenant A (Bully Data)","PutLarge",0,-11,0.006,0.006,0.000
"Tenant A (Bully Data)","PutLarge",0,-11,0.013,0.013,0.000
"Tenant A (Bully Data)","ListBucket",0,-11,0.025,0.025,0.000
"Tenant A (Bully Data)","PutLarge",0,-11,0.006,0.006,0.000
"Tenant A (Bully Data)","PutLarge",1,0,30.417,0.012,30.377
"Tenant A (Bully Data)","PutLarge",0,-11,0.008,0.008,0.000
"Tenant A (Bully Data)","ListBucket",0,-11,0.006,0.006,0.000
"Tenant A (Bully Data)","PutLarge",0,-11,0.019,0.019,0.000
"Tenant A (Bully Data)","PutLarge",0,-11,0.019,0.019,0.000
"Tenant A (Bully Data)","PutLarge",0,-11,0.007,0.007,0.000
"Tenant A (Bully Data)","PutLarge",0,-11,0.005,0.005,0.000
"Tenant A (Bully Data)","ListBucket",0,-11,0.007,0.007,0.000
"Tenant A (Bully Data)","ListBucket",0,-11,0.004,0.004,0.000
"Tenant A (Bully Data)","PutLarge",0,-11,0.005,0.005,0.000
"Tenant A (Bully Data)","PutLarge",0,-11,0.005,0.005,0.000
"Tenant A (Bully Data)","PutLarge",0,-11,0.017,0.017,0.000
"Tenant A (Bully Data)","PutLarge",0,-11,0.011,0.011,0.000
"Tenant A (Bully Data)","ListBucket",0,-11,0.022,0.022,0.000
"Tenant A (Bully Data)","PutLarge",0,-11,0.002,0.002,0.000
"Tenant A (Bully Data)","PutLarge",0,-11,0.028,0.028,0.000
"Tenant A (Bully Data)","ListBucket",0,-11,0.029,0.029,0.000
"Tenant A (Bully Data)","PutLarge",0,-11,0.008,0.008,0.000
"Tenant A (Bully Data)","PutLarge",0,-11,0.007,0.007,0.000
"Tenant A (Bully Data)","PutLarge",0,-11,0.011,0.011,0.000
"Tenant A (Bully Data)","ListBucket",0,-11,0.004,0.004,0.000
"Tenant A (Bully Data)","PutLarge",0,-11,0.020,0.020,0.000
"Tenant A (Bully Data)","PutLarge",0,-11,0.007,0.007,0.000
"Tenant A (Bully Data)","ListBucket",0,-11,0.010,0.010,0.000
"Tenant A (Bully Data)","ListBucket",0,-11,0.011,0.011,0.000
"Tenant A (Bully Data)","PutLarge",0,-11,0.005,0.005,0.000
"Tenant A (Bully Data)","PutLarge",0,-11,0.003,0.003,0.000
"Tenant A (Bully Data)","PutLarge",0,-11,0.017,0.017,0.000
"Tenant A (Bully Data)","PutLarge",0,-11,0.008,0.008,0.000
"Tenant A (Bully Data)","PutLarge",0,-11,0.007,0.007,0.000
"Tenant A (Bully Data)","PutLarge",0,-11,0.010,0.010,0.000
"Tenant A (Bully Data)","PutLarge",0,-11,0.022,0.022,0.000
"Tenant A (Bully Data)","ListBucket",0,-11,0.009,0.009,0.000
"Tenant A (Bully Data)","PutLarge",0,-11,0.019,0.019,0.000
"Tenant A (Bully Data)","PutLarge",0,-11,0.010,0.010,0.000
"Tenant A (Bully Data)","ListBucket",0,-11,0.020,0.020,0.000
"Tenant A (Bully Data)","PutLarge",0,-11,0.012,0.012,0.000
"Tenant A (Bully Data)","PutLarge",0,-11,0.010,0.010,0.000
"Tenant A (Bully Data)","ListBucket",0,-11,0.014,0.014,0.000
"Tenant A (Bully Data)","PutLarge",0,-11,0.004,0.004,0.000
"Tenant A (Bully Data)","ListBucket",0,-11,0.014,0.014,0.000
"Tenant A (Bully Data)","PutLarge",0,-11,0.009,0.009,0.000
"Tenant A (Bully Data)","ListBucket",0,-11,0.020,0.020,0.000
"Tenant A (Bully Data)","PutLarge",0,-11,0.010,0.010,0.000
"Tenant A (Bully Data)","PutLarge",0,-11,0.003,0.003,0.000
"Tenant A (Bully Data)","PutLarge",0,-11,0.009,0.009,0.000
"Tenant A (Bully Data)","ListBucket",0,-11,0.003,0.003,0.000
"Tenant A (Bully Data)","ListBucket",0,-11,0.021,0.021,0.000
"Tenant A (Bully Data)","PutLarge",0,-11,0.043,0.043,0.000
"Tenant A (Bully Data)","PutLarge",0,-11,0.008,0.008,0.000
"Tenant A (Bully Data)","PutLarge",0,-11,0.003,0.003,0.000
"Tenant A (Bully Data)","PutLarge",0,-11,0.005,0.005,0.000
"Tenant A (Bully Data)","ListBucket",0,-11,0.008,0.008,0.000
"Tenant A (Bully Data)","ListBucket",0,-11,0.008,0.008,0.000
"Tenant A (Bully Data)","PutLarge",0,-11,0.011,0.011,0.000
"Tenant A (Bully Data)","PutLarge",0,-11,0.019,0.019,0.000
"Tenant A (Bully Data)","PutLarge",0,-11,0.016,0.016,0.000
"Tenant A (Bully Data)","ListBucket",0,-11,0.008,0.008,0.000
"Tenant A (Bully Data)","PutLarge",0,-11,0.018,0.018,0.000
"Tenant A (Bully Data)","PutLarge",0,-11,0.004,0.004,0.000
"Tenant A (Bully Data)","PutLarge",0,-11,0.008,0.008,0.000
"Tenant A (Bully Data)","PutLarge",0,-11,0.009,0.009,0.000
"Tenant A (Bully Data)","PutLarge",0,-11,0.010,0.010,0.000
"Tenant A (Bully Data)","ListBucket",0,-11,0.008,0.008,0.000
"Tenant A (Bully Data)","ListBucket",0,-11,0.008,0.008,0.000
"Tenant A (Bully Data)","ListBucket",0,-11,0.004,0.004,0.000
"Tenant A (Bully Data)","PutLarge",0,-11,0.006,0.006,0.000
"Tenant A (Bully Data)","ListBucket",0,-11,0.004,0.004,0.000
"Tenant A (Bully Data)","PutLarge",0,-11,0.003,0.003,0.000
"Tenant A (Bully Data)","PutLarge",0,-11,0.028,0.028,0.000
"Tenant A (Bully Data)","PutLarge",0,-11,0.010,0.010,0.000
"Tenant A (Bully Data)","PutLarge",0,-11,0.028,0.028,0.000
"Tenant A (Bully Data)","PutLarge",0,-11,0.017,0.017,0.000
"Tenant A (Bully Data)","PutLarge",0,-11,0.012,0.012,0.000
"Tenant A (Bully Data)","PutLarge",0,-11,0.004,0.004,0.000
"Tenant A (Bully Data)","PutLarge",0,-11,0.028,0.028,0.000
"Tenant A (Bully Data)","PutLarge",0,-11,0.010,0.010,0.000
"Tenant A (Bully Data)","PutLarge",0,-11,0.006,0.006,0.000
"Tenant A (Bully Data)","PutLarge",0,-11,0.012,0.012,0.000
"Tenant A (Bully Data)","PutLarge",0,-11,0.009,0.009,0.000
"Tenant A (Bully Data)","PutLarge",0,-11,0.007,0.007,0.000
"Tenant A (Bully Data)","PutLarge",0,-11,0.006,0.006,0.000
"Tenant A (Bully Data)","ListBucket",0,-11,0.006,0.006,0.000
"Tenant A (Bully Data)","PutLarge",0,-11,0.015,0.015,0.000
"Tenant A (Bully Data)","PutLarge",0,-11,0.010,0.010,0.000
"Tenant A (Bully Data)","PutLarge",0,-11,0.006,0.006,0.000
"Tenant A (Bully Data)","PutLarge",0,-11,0.032,0.032,0.000
"Tenant A (Bully Data)","PutLarge",0,-11,0.016,0.016,0.000
"Tenant A (Bully Data)","ListBucket",0,-11,0.022,0.022,0.000
"Tenant A (Bully Data)","PutLarge",0,-11,0.018,0.018,0.000
"Tenant A (Bully Data)","ListBucket",0,-11,0.015,0.015,0.000
"Tenant A (Bully Data)","PutLarge",0,-11,0.017,0.017,0.000
"Tenant A (Bully Data)","ListBucket",0,-11,0.019,0.019,0.000
"Tenant A (Bully Data)","PutLarge",0,-11,0.004,0.004,0.000
"Tenant A (Bully Data)","ListBucket",0,-11,0.006,0.006,0.000
"Tenant A (Bully Data)","ListBucket",0,-11,0.024,0.024,0.000
"Tenant A (Bully Data)","PutLarge",0,-11,0.002,0.002,0.000
"Tenant A (Bully Data)","PutLarge",0,-11,0.025,0.025,0.000
"Tenant A (Bully Data)","PutLarge",0,-11,0.004,0.004,0.000
"Tenant A (Bully Data)","PutLarge",0,-11,0.018,0.018,0.000
"Tenant A (Bully Data)","PutLarge",0,-11,0.013,0.013,0.000
"Tenant A (Bully Data)","ListBucket",0,-11,0.004,0.004,0.000
"Tenant A (Bully Data)","PutLarge",0,-11,0.008,0.008,0.000
"Tenant A (Bully Data)","PutLarge",0,-11,0.027,0.027,0.000
"Tenant A (Bully Data)","PutLarge",0,-11,0.003,0.003,0.000
"Tenant A (Bully Data)","PutLarge",0,-11,0.027,0.027,0.000
"Tenant A (Bully Data)","ListBucket",0,-11,0.010,0.010,0.000
"Tenant A (Bully Data)","ListBucket",0,-11,0.002,0.002,0.000
"Tenant A (Bully Data)","PutLarge",0,-11,0.003,0.003,0.000
"Tenant A (Bully Data)","PutLarge",0,-11,0.006,0.006,0.000
"Tenant A (Bully Data)","PutLarge",0,-11,0.004,0.004,0.000
"Tenant A (Bully Data)","ListBucket",0,-11,0.004,0.004,0.000
"Tenant A (Bully Data)","ListBucket",0,-11,0.007,0.007,0.000
"Tenant A (Bully Data)","PutLarge",0,-11,0.022,0.022,0.000
"Tenant A (Bully Data)","PutLarge",0,-11,0.009,0.009,0.000
"Tenant A (Bully Data)","ListBucket",0,-11,0.014,0.014,0.000
"Tenant A (Bully Data)","PutLarge",0,-11,0.007,0.007,0.000
"Tenant A (Bully Data)","PutLarge",0,-11,0.012,0.012,0.000
"Tenant A (Bully Data)","PutLarge",0,-11,0.014,0.014,0.000
"Tenant A (Bully Data)","PutLarge",0,-11,0.039,0.039,0.000
"Tenant A (Bully Data)","PutLarge",0,-11,0.020,0.020,0.000
"Tenant A (Bully Data)","PutLarge",0,-11,0.031,0.031,0.000
"Tenant A (Bully Data)","PutLarge",0,-11,0.023,0.023,0.000
"Tenant A (Bully Data)","PutLarge",0,-11,0.012,0.012,0.000
"Tenant A (Bully Data)","PutLarge",0,-11,0.022,0.022,0.000
"Tenant A (Bully Data)","ListBucket",0,-11,0.017,0.017,0.000
"Tenant A (Bully Data)","PutLarge",0,-11,0.008,0.008,0.000
"Tenant A (Bully Data)","ListBucket",0,-11,0.023,0.023,0.000
"Tenant A (Bully Data)","PutLarge",0,-11,0.008,0.008,0.000
"Tenant A (Bully Data)","ListBucket",0,-11,0.012,0.012,0.000
"Tenant A (Bully Data)","PutLarge",0,-11,0.016,0.016,0.000
"Tenant A (Bully Data)","ListBucket",0,-11,0.007,0.007,0.000
"Tenant A (Bully Data)","PutLarge",0,-11,0.028,0.028,0.000
"Tenant A (Bully Data)","ListBucket",0,-11,0.012,0.012,0.000
"Tenant A (Bully Data)","ListBucket",0,-11,0.007,0.007,0.000
"Tenant A (Bully Data)","PutLarge",0,-11,0.004,0.004,0.000
"Tenant A (Bully Data)","ListBucket",0,-11,0.008,0.008,0.000
"Tenant A (Bully Data)","ListBucket",0,-11,0.031,0.031,0.000
"Tenant A (Bully Data)","ListBucket",0,-11,0.008,0.008,0.000
"Tenant A (Bully Data)","PutLarge",0,-11,0.002,0.002,0.000
"Tenant A (Bully Data)","PutLarge",0,-11,0.027,0.027,0.000
"Tenant A (Bully Data)","PutLarge",0,-11,0.009,0.009,0.000
"Tenant A (Bully Data)","ListBucket",0,-11,0.019,0.019,0.000
"Tenant A (Bully Data)","PutLarge",0,-11,0.011,0.011,0.000
"Tenant A (Bully Data)","PutLarge",0,-11,0.003,0.003,0.000
"Tenant A (Bully Data)","ListBucket",0,-11,0.002,0.002,0.000
"Tenant A (Bully Data)","PutLarge",0,-11,0.006,0.006,0.000
"Tenant A (Bully Data)","ListBucket",0,-11,0.008,0.008,0.000
"Tenant A (Bully Data)","PutLarge",0,-11,0.005,0.005,0.000
"Tenant A (Bully Data)","ListBucket",0,-11,0.010,0.010,0.000
"Tenant A (Bully Data)","PutLarge",0,-11,0.005,0.005,0.000
"Tenant A (Bully Data)","ListBucket",0,-11,0.003,0.003,0.000
"Tenant A (Bully Data)","PutLarge",0,-11,0.016,0.016,0.000
"Tenant A (Bully Data)","PutLarge",0,-11,0.019,0.019,0.000
"Tenant A (Bully Data)","ListBucket",0,-11,0.008,0.008,0.000
"Tenant A (Bully Data)","PutLarge",0,-11,0.007,0.007,0.000
"Tenant A (Bully Data)","PutLarge",0,-11,0.014,0.014,0.000
"Tenant A (Bully Data)","PutLarge",0,-11,0.007,0.007,0.000
"Tenant A (Bully Data)","PutLarge",0,-11,0.011,0.011,0.000
"Tenant A (Bully Data)","PutLarge",0,-11,0.004,0.004,0.000
"Tenant A (Bully Data)","PutLarge",0,-11,0.005,0.005,0.000
"Tenant A (Bully Data)","ListBucket",0,-11,0.003,0.003,0.000
"Tenant A (Bully Data)","PutLarge",0,-11,0.008,0.008,0.000
"Tenant A (Bully Data)","ListBucket",0,-11,0.005,0.005,0.000
"Tenant A (Bully Data)","PutLarge",0,-11,0.011,0.011,0.000
"Tenant A (Bully Data)","PutLarge",0,-11,0.003,0.003,0.000
"Tenant A (Bully Data)","PutLarge",0,-11,0.029,0.029,0.000
"Tenant A (Bully Data)","PutLarge",0,-11,0.009,0.009,0.000
"Tenant A (Bully Data)","PutLarge",0,-11,0.005,0.005,0.000
"Tenant A (Bully Data)","PutLarge",0,-11,0.031,0.031,0.000
"Tenant A (Bully Data)","ListBucket",0,-11,0.017,0.017,0.000
"Tenant A (Bully Data)","PutLarge",0,-11,0.005,0.005,0.000
"Tenant A (Bully Data)","PutLarge",0,-11,0.002,0.002,0.000
"Tenant A (Bully Data)","ListBucket",0,-11,0.005,0.005,0.000
"Tenant A (Bully Data)","PutLarge",0,-11,0.002,0.002,0.000
"Tenant A (Bully Data)","ListBucket",0,-11,0.003,0.003,0.000
"Tenant A (Bully Data)","PutLarge",0,-11,0.002,0.002,0.000
"Tenant A (Bully Data)","PutLarge",0,-11,0.005,0.005,0.000
"Tenant A (Bully Data)","PutLarge",0,-11,0.033,0.033,0.000
"Tenant A (Bully Data)","PutLarge",0,-11,0.005,0.005,0.000
"Tenant A (Bully Data)","ListBucket",0,-11,0.008,0.008,0.000
"Tenant A (Bully Data)","ListBucket",0,-11,0.007,0.007,0.000
"Tenant A (Bully Data)","PutLarge",0,-11,0.012,0.012,0.000
"Tenant A (Bully Data)","PutLarge",0,-11,0.008,0.008,0.000
"Tenant A (Bully Data)","ListBucket",0,-11,0.005,0.005,0.000
"Tenant A (Bully Data)","ListBucket",0,-11,0.008,0.008,0.000
"Tenant A (Bully Data)","ListBucket",0,-11,0.004,0.004,0.000
"Tenant A (Bully Data)","ListBucket",0,-11,0.006,0.006,0.000
"Tenant A (Bully Data)","ListBucket",0,-11,0.006,0.006,0.000
"Tenant A (Bully Data)","PutLarge",0,-11,0.018,0.018,0.000
"Tenant A (Bully Data)","PutLarge",0,-11,0.003,0.003,0.000
"Tenant A (Bully Data)","ListBucket",0,-11,0.015,0.015,0.000
"Tenant A (Bully Data)","PutLarge",0,-11,0.007,0.007,0.000
"Tenant A (Bully Data)","PutLarge",0,-11,0.005,0.005,0.000
"Tenant A (Bully Data)","PutLarge",0,-11,0.042,0.042,0.000
"Tenant A (Bully Data)","PutLarge",0,-11,0.018,0.018,0.000
"Tenant A (Bully Data)","PutLarge",0,-11,0.006,0.006,0.000
"Tenant A (Bully Data)","ListBucket",0,-11,0.002,0.002,0.000
"Tenant A (Bully Data)","ListBucket",0,-11,0.004,0.004,0.000
"Tenant A (Bully Data)","PutLarge",0,-11,0.026,0.026,0.000
"Tenant A (Bully Data)","PutLarge",0,-11,0.003,0.003,0.000
"Tenant A (Bully Data)","PutLarge",0,-11,0.008,0.008,0.000
"Tenant A (Bully Data)","PutLarge",0,-11,0.007,0.007,0.000
"Tenant A (Bully Data)","PutLarge",0,-11,0.014,0.014,0.000
"Tenant A (Bully Data)","PutLarge",0,-11,0.008,0.008,0.000
"Tenant A (Bully Data)","ListBucket",0,-11,0.025,0.025,0.000
"Tenant A (Bully Data)","PutLarge",0,-11,0.006,0.006,0.000
"Tenant A (Bully Data)","PutLarge",0,-11,0.025,0.025,0.000
"Tenant A (Bully Data)","PutLarge",0,-11,0.007,0.007,0.000
"Tenant A (Bully Data)","ListBucket",0,-11,0.006,0.006,0.000
"Tenant A (Bully Data)","PutLarge",0,-11,0.009,0.009,0.000
"Tenant A (Bully Data)","ListBucket",0,-11,0.022,0.022,0.000
"Tenant A (Bully Data)","PutLarge",0,-11,0.030,0.030,0.000
"Tenant A (Bully Data)","ListBucket",0,-11,0.026,0.026,0.000
"Tenant A (Bully Data)","PutLarge",0,-11,0.013,0.013,0.000
"Tenant A (Bully Data)","ListBucket",0,-11,0.018,0.018,0.000
"Tenant A (Bully Data)","ListBucket",0,-11,0.006,0.006,0.000
"Tenant A (Bully Data)","ListBucket",0,-11,0.005,0.005,0.000
"Tenant A (Bully Data)","ListBucket",0,-11,0.022,0.022,0.000
"Tenant A (Bully Data)","PutLarge",0,-11,0.013,0.013,0.000
"Tenant A (Bully Data)","ListBucket",0,-11,0.010,0.010,0.000
"Tenant A (Bully Data)","PutLarge",0,-11,0.005,0.005,0.000
"Tenant A (Bully Data)","PutLarge",0,-11,0.029,0.029,0.000
"Tenant A (Bully Data)","ListBucket",0,-11,0.017,0.017,0.000
"Tenant A (Bully Data)","PutLarge",0,-11,0.006,0.006,0.000
"Tenant A (Bully Data)","PutLarge",0,-11,0.030,0.030,0.000
"Tenant A (Bully Data)","PutLarge",0,-11,0.006,0.006,0.000
"Tenant A (Bully Data)","ListBucket",0,-11,0.009,0.009,0.000
"Tenant A (Bully Data)","ListBucket",0,-11,0.006,0.006,0.000
"Tenant A (Bully Data)","PutLarge",0,-11,0.006,0.006,0.000
"Tenant A (Bully Data)","PutLarge",0,-11,0.006,0.006,0.000
"Tenant A (Bully Data)","ListBucket",0,-11,0.005,0.005,0.000
"Tenant A (Bully Data)","PutLarge",0,-11,0.010,0.010,0.000
"Tenant A (Bully Data)","ListBucket",0,-11,0.009,0.009,0.000
"Tenant A (Bully Data)","PutLarge",0,-11,0.005,0.005,0.000
"Tenant A (Bully Data)","PutLarge",0,-11,0.020,0.020,0.000
"Tenant A (Bully Data)","PutLarge",0,-11,0.007,0.007,0.000
"Tenant A (Bully Data)","PutLarge",0,-11,0.028,0.028,0.000
"Tenant A (Bully Data)","PutLarge",0,-11,0.028,0.028,0.000
"Tenant A (Bully Data)","PutLarge",0,-11,0.008,0.008,0.000
"Tenant A (Bully Data)","PutLarge",0,-11,0.004,0.004,0.000
"Tenant A (Bully Data)","PutLarge",0,-11,0.007,0.007,0.000
"Tenant A (Bully Data)","PutLarge",0,-11,0.007,0.007,0.000
"Tenant A (Bully Data)","PutLarge",0,-11,0.019,0.019,0.000
"Tenant A (Bully Data)","PutLarge",0,-11,0.005,0.005,0.000
"Tenant A (Bully Data)","PutLarge",0,-11,0.006,0.006,0.000
"Tenant A (Bully Data)","PutLarge",0,-11,0.006,0.006,0.000
"Tenant A (Bully Data)","PutLarge",0,-11,0.019,0.019,0.000
"Tenant A (Bully Data)","PutLarge",0,-11,0.006,0.006,0.000
"Tenant A (Bully Data)","PutLarge",0,-11,0.005,0.005,0.000
"Tenant A (Bully Data)","PutLarge",0,-11,0.004,0.004,0.000
"Tenant A (Bully Data)","ListBucket",0,-11,0.007,0.007,0.000
"Tenant A (Bully Data)","ListBucket",0,-11,0.006,0.006,0.000
"Tenant A (Bully Data)","ListBucket",0,-11,0.026,0.026,0.000
"Tenant A (Bully Data)","PutLarge",0,-11,0.008,0.008,0.000
"Tenant A (Bully Data)","PutLarge",0,-11,0.004,0.004,0.000
"Tenant A (Bully Data)","ListBucket",0,-11,0.006,0.006,0.000
"Tenant A (Bully Data)","ListBucket",0,-11,0.006,0.006,0.000
"Tenant A (Bully Data)","ListBucket",0,-11,0.007,0.007,0.000
"Tenant A (Bully Data)","PutLarge",0,-11,0.003,0.003,0.000
"Tenant A (Bully Data)","ListBucket",0,-11,0.016,0.016,0.000
"Tenant A (Bully Data)","PutLarge",0,-11,0.022,0.022,0.000
"Tenant A (Bully Data)","PutLarge",0,-11,0.003,0.003,0.000
"Tenant A (Bully Data)","ListBucket",0,-11,0.004,0.004,0.000
"Tenant A (Bully Data)","PutLarge",0,-11,0.003,0.003,0.000
"Tenant A (Bully Data)","ListBucket",0,-11,0.014,0.014,0.000
"Tenant A (Bully Data)","PutLarge",0,-11,0.007,0.007,0.000
"Tenant A (Bully Data)","ListBucket",0,-11,0.045,0.045,0.000
"Tenant A (Bully Data)","PutLarge",0,-11,0.026,0.026,0.000
"Tenant A (Bully Data)","PutLarge",0,-11,0.033,0.033,0.000
"Tenant A (Bully Data)","PutLarge",0,-11,0.004,0.004,0.000
"Tenant A (Bully Data)","ListBucket",0,-11,0.003,0.003,0.000
"Tenant A (Bully Data)","PutLarge",0,-11,0.021,0.021,0.000
"Tenant A (Bully Data)","ListBucket",0,-11,0.011,0.011,0.000
"Tenant A (Bully Data)","ListBucket",0,-11,0.025,0.025,0.000
"Tenant A (Bully Data)","ListBucket",0,-11,0.007,0.007,0.000
"Tenant A (Bully Data)","PutLarge",0,-11,0.007,0.007,0.000
"Tenant A (Bully Data)","PutLarge",0,-11,0.005,0.005,0.000
"Tenant A (Bully Data)","ListBucket",0,-11,0.005,0.005,0.000
"Tenant A (Bully Data)","PutLarge",0,-11,0.009,0.009,0.000
"Tenant A (Bully Data)","PutLarge",0,-11,0.004,0.004,0.000
"Tenant A (Bully Data)","PutLarge",0,-11,0.006,0.006,0.000
"Tenant A (Bully Data)","ListBucket",0,-11,0.009,0.009,0.000
"Tenant A (Bully Data)","ListBucket",0,-11,0.013,0.013,0.000
"Tenant A (Bully Data)","PutLarge",0,-11,0.005,0.005,0.000
"Tenant A (Bully Data)","PutLarge",0,-11,0.032,0.032,0.000
"Tenant A (Bully Data)","PutLarge",0,-11,0.024,0.024,0.000
"Tenant A (Bully Data)","PutLarge",0,-11,0.018,0.018,0.000
"Tenant A (Bully Data)","ListBucket",0,-11,0.021,0.021,0.000
"Tenant A (Bully Data)","PutLarge",0,-11,0.008,0.008,0.000
"Tenant A (Bully Data)","ListBucket",0,-11,0.010,0.010,0.000
"Tenant A (Bully Data)","PutLarge",0,-11,0.006,0.006,0.000
"Tenant A (Bully Data)","PutLarge",0,-11,0.018,0.018,0.000
"Tenant A (Bully Data)","ListBucket",0,-11,0.008,0.008,0.000
"Tenant A (Bully Data)","ListBucket",0,-11,0.018,0.018,0.000
"Tenant A (Bully Data)","PutLarge",0,-11,0.012,0.012,0.000
"Tenant A (Bully Data)","PutLarge",0,-11,0.004,0.004,0.000
"Tenant A (Bully Data)","ListBucket",0,-11,0.016,0.016,0.000
"Tenant A (Bully Data)","ListBucket",0,-11,0.008,0.008,0.000
"Tenant A (Bully Data)","PutLarge",0,-11,0.023,0.023,0.000
"Tenant A (Bully Data)","PutLarge",0,-11,0.013,0.013,0.000
"Tenant A (Bully Data)","ListBucket",0,-11,0.011,0.011,0.000
"Tenant A (Bully Data)","ListBucket",0,-11,0.022,0.022,0.000
"Tenant A (Bully Data)","PutLarge",0,-11,0.015,0.015,0.000
"Tenant A (Bully Data)","PutLarge",0,-11,0.014,0.014,0.000
"Tenant A (Bully Data)","ListBucket",0,-11,0.017,0.017,0.000
"Tenant A (Bully Data)","PutLarge",0,-11,0.006,0.006,0.000
"Tenant A (Bully Data)","PutLarge",0,-11,0.014,0.014,0.000
"Tenant A (Bully Data)","PutLarge",0,-11,0.022,0.022,0.000
"Tenant A (Bully Data)","ListBucket",0,-11,0.025,0.025,0.000
"Tenant A (Bully Data)","PutLarge",0,-11,0.018,0.018,0.000
"Tenant A (Bully Data)","ListBucket",0,-11,0.008,0.008,0.000
"Tenant A (Bully Data)","PutLarge",0,-11,0.007,0.007,0.000
"Tenant A (Bully Data)","PutLarge",0,-11,0.006,0.006,0.000
"Tenant A (Bully Data)","PutLarge",0,-11,0.028,0.028,0.000
"Tenant A (Bully Data)","ListBucket",0,-11,0.026,0.026,0.000
"Tenant A (Bully Data)","PutLarge",0,-11,0.009,0.009,0.000
"Tenant A (Bully Data)","PutLarge",0,-11,0.006,0.006,0.000
"Tenant A (Bully Data)","PutLarge",0,-11,0.015,0.015,0.000
"Tenant A (Bully Data)","PutLarge",0,-11,0.011,0.011,0.000
"Tenant A (Bully Data)","PutLarge",0,-11,0.007,0.007,0.000
"Tenant A (Bully Data)","ListBucket",0,-11,0.033,0.033,0.000
"Tenant A (Bully Data)","PutLarge",0,-11,0.007,0.007,0.000
"Tenant A (Bully Data)","PutLarge",0,-11,0.029,0.029,0.000
"Tenant A (Bully Data)","PutLarge",0,-11,0.016,0.016,0.000
"Tenant A (Bully Data)","PutLarge",0,-11,0.019,0.019,0.000
"Tenant A (Bully Data)","PutLarge",0,-11,0.002,0.002,0.000
"Tenant A (Bully Data)","PutLarge",0,-11,0.029,0.029,0.000
"Tenant A (Bully Data)","ListBucket",0,-11,0.022,0.022,0.000
"Tenant A (Bully Data)","PutLarge",0,-11,0.011,0.011,0.000
"Tenant A (Bully Data)","ListBucket",0,-11,0.003,0.003,0.000
"Tenant A (Bully Data)","PutLarge",0,-11,0.010,0.010,0.000
"Tenant A (Bully Data)","ListBucket",0,-11,0.004,0.004,0.000
"Tenant A (Bully Data)","ListBucket",0,-11,0.008,0.008,0.000
"Tenant A (Bully Data)","PutLarge",0,-11,0.029,0.029,0.000
"Tenant A (Bully Data)","PutLarge",0,-11,0.016,0.016,0.000
"Tenant A (Bully Data)","PutLarge",0,-11,0.023,0.023,0.000
"Tenant A (Bully Data)","PutLarge",0,-11,0.004,0.004,0.000
"Tenant A (Bully Data)","PutLarge",0,-11,0.008,0.008,0.000
"Tenant A (Bully Data)","PutLarge",0,-11,0.024,0.024,0.000
"Tenant A (Bully Data)","ListBucket",0,-11,0.018,0.018,0.000
"Tenant A (Bully Data)","ListBucket",0,-11,0.010,0.010,0.000
"Tenant A (Bully Data)","PutLarge",0,-11,0.028,0.028,0.000
"Tenant A (Bully Data)","PutLarge",0,-11,0.031,0.031,0.000
"Tenant A (Bully Data)","PutLarge",0,-11,0.009,0.009,0.000
"Tenant A (Bully Data)","ListBucket",0,-11,0.058,0.058,0.000
"Tenant A (Bully Data)","ListBucket",0,-11,0.009,0.009,0.000
"Tenant A (Bully Data)","PutLarge",0,-11,0.009,0.009,0.000
"Tenant A (Bully Data)","PutLarge",0,-11,0.008,0.008,0.000
"Tenant A (Bully Data)","PutLarge",0,-11,0.009,0.009,0.000
"Tenant A (Bully Data)","PutLarge",0,-11,0.004,0.004,0.000
"Tenant A (Bully Data)","ListBucket",0,-11,0.004,0.004,0.000
"Tenant A (Bully Data)","PutLarge",0,-11,0.026,0.026,0.000
"Tenant A (Bully Data)","PutLarge",0,-11,0.011,0.011,0.000
"Tenant A (Bully Data)","PutLarge",0,-11,0.013,0.013,0.000
"Tenant A (Bully Data)","PutLarge",0,-11,0.004,0.004,0.000
"Tenant A (Bully Data)","ListBucket",0,-11,0.008,0.008,0.000
"Tenant A (Bully Data)","PutLarge",0,-11,0.011,0.011,0.000
"Tenant A (Bully Data)","ListBucket",0,-11,0.011,0.011,0.000
"Tenant A (Bully Data)","PutLarge",0,-11,0.009,0.009,0.000
"Tenant A (Bully Data)","PutLarge",0,-11,0.007,0.007,0.000
"Tenant A (Bully Data)","ListBucket",0,-11,0.022,0.022,0.000
"Tenant A (Bully Data)","ListBucket",0,-11,0.008,0.008,0.000
"Tenant A (Bully Data)","ListBucket",0,-11,0.017,0.017,0.000
"Tenant A (Bully Data)","PutLarge",0,-11,0.006,0.006,0.000
"Tenant A (Bully Data)","PutLarge",0,-11,0.005,0.005,0.000
"Tenant A (Bully Data)","PutLarge",0,-11,0.006,0.006,0.000
"Tenant A (Bully Data)","ListBucket",0,-11,0.010,0.010,0.000
"Tenant A (Bully Data)","PutLarge",0,-11,0.014,0.014,0.000
"Tenant A (Bully Data)","ListBucket",0,-11,0.015,0.015,0.000
"Tenant A (Bully Data)","ListBucket",0,-11,0.003,0.003,0.000
"Tenant A (Bully Data)","ListBucket",0,-11,0.016,0.016,0.000
"Tenant A (Bully Data)","PutLarge",0,-11,0.006,0.006,0.000
"Tenant A (Bully Data)","PutLarge",0,-11,0.014,0.014,0.000
"Tenant A (Bully Data)","PutLarge",0,-11,0.015,0.015,0.000
"Tenant A (Bully Data)","PutLarge",0,-11,0.024,0.024,0.000
"Tenant A (Bully Data)","ListBucket",0,-11,0.010,0.010,0.000
"Tenant A (Bully Data)","ListBucket",0,-11,0.024,0.024,0.000
"Tenant A (Bully Data)","PutLarge",0,-11,0.008,0.008,0.000
"Tenant A (Bully Data)","ListBucket",0,-11,0.007,0.007,0.000
"Tenant A (Bully Data)","ListBucket",0,-11,0.008,0.008,0.000
"Tenant A (Bully Data)","PutLarge",0,-11,0.006,0.006,0.000
"Tenant A (Bully Data)","ListBucket",0,-11,0.003,0.003,0.000
"Tenant A (Bully Data)","ListBucket",0,-11,0.005,0.005,0.000
"Tenant A (Bully Data)","ListBucket",0,-11,0.002,0.002,0.000
"Tenant A (Bully Data)","PutLarge",0,-11,0.006,0.006,0.000
"Tenant A (Bully Data)","PutLarge",0,-11,0.005,0.005,0.000
"Tenant A (Bully Data)","ListBucket",0,-11,0.023,0.023,0.000
"Tenant A (Bully Data)","PutLarge",0,-11,0.008,0.008,0.000
"Tenant A (Bully Data)","PutLarge",0,-11,0.030,0.030,0.000
"Tenant A (Bully Data)","PutLarge",0,-11,0.011,0.011,0.000
"Tenant A (Bully Data)","ListBucket",0,-11,0.003,0.003,0.000
"Tenant A (Bully Data)","ListBucket",0,-11,0.022,0.022,0.000
"Tenant A (Bully Data)","ListBucket",0,-11,0.008,0.008,0.000
"Tenant A (Bully Data)","ListBucket",0,-11,0.007,0.007,0.000
"Tenant A (Bully Data)","PutLarge",0,-11,0.004,0.004,0.000
"Tenant A (Bully Data)","PutLarge",0,-11,0.022,0.022,0.000
"Tenant A (Bully Data)","PutLarge",0,-11,0.013,0.013,0.000
"Tenant A (Bully Data)","ListBucket",0,-11,0.006,0.006,0.000
"Tenant A (Bully Data)","ListBucket",0,-11,0.030,0.030,0.000
"Tenant A (Bully Data)","PutLarge",0,-11,0.009,0.009,0.000
"Tenant A (Bully Data)","ListBucket",0,-11,0.003,0.003,0.000
"Tenant A (Bully Data)","ListBucket",0,-11,0.006,0.006,0.000
"Tenant A (Bully Data)","PutLarge",0,-11,0.004,0.004,0.000
"Tenant A (Bully Data)","ListBucket",0,-11,0.006,0.006,0.000
"Tenant A (Bully Data)","ListBucket",0,-11,0.015,0.015,0.000
"Tenant A (Bully Data)","ListBucket",0,-11,0.006,0.006,0.000
"Tenant A (Bully Data)","PutLarge",0,-11,0.009,0.009,0.000
"Tenant A (Bully Data)","ListBucket",0,-11,0.004,0.004,0.000
"Tenant A (Bully Data)","ListBucket",0,-11,0.006,0.006,0.000
"Tenant A (Bully Data)","ListBucket",0,-11,0.006,0.006,0.000
"Tenant A (Bully Data)","PutLarge",0,-11,0.005,0.005,0.000
"Tenant A (Bully Data)","ListBucket",0,-11,0.014,0.014,0.000
"Tenant A (Bully Data)","PutLarge",0,-11,0.009,0.009,0.000
"Tenant A (Bully Data)","PutLarge",0,-11,0.005,0.005,0.000
"Tenant A (Bully Data)","PutLarge",0,-11,0.004,0.004,0.000
"Tenant A (Bully Data)","PutLarge",0,-11,0.008,0.008,0.000
"Tenant A (Bully Data)","PutLarge",0,-11,0.007,0.007,0.000
"Tenant A (Bully Data)","PutLarge",0,-11,0.005,0.005,0.000
"Tenant A (Bully Data)","PutLarge",0,-11,0.006,0.006,0.000
"Tenant A (Bully Data)","ListBucket",0,-11,0.006,0.006,0.000
"Tenant A (Bully Data)","PutLarge",0,-11,0.031,0.031,0.000
"Tenant A (Bully Data)","PutLarge",0,-11,0.006,0.006,0.000
"Tenant A (Bully Data)","PutLarge",0,-11,0.024,0.024,0.000
"Tenant A (Bully Data)","PutLarge",0,-11,0.008,0.008,0.000
"Tenant A (Bully Data)","ListBucket",0,-11,0.028,0.028,0.000
"Tenant A (Bully Data)","PutLarge",0,-11,0.009,0.009,0.000
"Tenant A (Bully Data)","PutLarge",0,-11,0.013,0.013,0.000
"Tenant A (Bully Data)","PutLarge",0,-11,0.014,0.014,0.000
"Tenant A (Bully Data)","PutLarge",0,-11,0.005,0.005,0.000
"Tenant A (Bully Data)","PutLarge",0,-11,0.030,0.030,0.000
"Tenant A (Bully Data)","PutLarge",0,-11,0.010,0.010,0.000
"Tenant A (Bully Data)","PutLarge",0,-11,0.006,0.006,0.000
"Tenant A (Bully Data)","PutLarge",0,-11,0.008,0.008,0.000
"Tenant A (Bully Data)","PutLarge",0,-11,0.006,0.006,0.000
"Tenant A (Bully Data)","ListBucket",0,-11,0.007,0.007,0.000
"Tenant A (Bully Data)","PutLarge",0,-11,0.013,0.013,0.000
"Tenant A (Bully Data)","PutLarge",0,-11,0.003,0.003,0.000
"Tenant A (Bully Data)","PutLarge",0,-11,0.006,0.006,0.000
"Tenant A (Bully Data)","ListBucket",0,-11,0.003,0.003,0.000
"Tenant A (Bully Data)","ListBucket",0,-11,0.007,0.007,0.000
"Tenant A (Bully Data)","PutLarge",0,-11,0.002,0.002,0.000
"Tenant A (Bully Data)","ListBucket",0,-11,0.005,0.005,0.000
"Tenant A (Bully Data)","PutLarge",0,-11,0.002,0.002,0.000
"Tenant A (Bully Data)","PutLarge",0,-11,0.024,0.024,0.000
"Tenant A (Bully Data)","PutLarge",0,-11,0.002,0.002,0.000
"Tenant A (Bully Data)","PutLarge",0,-11,0.018,0.018,0.000
"Tenant A (Bully Data)","PutLarge",0,-11,0.014,0.014,0.000
"Tenant A (Bully Data)","PutLarge",0,-11,0.023,0.023,0.000
"Tenant A (Bully Data)","PutLarge",0,-11,0.002,0.002,0.000
"Tenant A (Bully Data)","PutLarge",0,-11,0.006,0.006,0.000
"Tenant A (Bully Data)","ListBucket",0,-11,0.007,0.007,0.000
"Tenant A (Bully Data)","PutLarge",0,-11,0.036,0.036,0.000
"Tenant A (Bully Data)","PutLarge",0,-11,0.006,0.006,0.000
"Tenant A (Bully Data)","PutLarge",0,-11,0.034,0.034,0.000
"Tenant A (Bully Data)","ListBucket",0,-11,0.003,0.003,0.000
"Tenant A (Bully Data)","ListBucket",0,-11,0.004,0.004,0.000
"Tenant A (Bully Data)","PutLarge",0,-11,0.006,0.006,0.000
"Tenant A (Bully Data)","PutLarge",0,-11,0.006,0.006,0.000
"Tenant A (Bully Data)","PutLarge",0,-11,0.008,0.008,0.000
"Tenant A (Bully Data)","ListBucket",0,-11,0.023,0.023,0.000
"Tenant A (Bully Data)","PutLarge",0,-11,0.035,0.035,0.000
"Tenant A (Bully Data)","PutLarge",0,-11,0.014,0.014,0.000
"Tenant A (Bully Data)","PutLarge",0,-11,0.010,0.010,0.000
"Tenant A (Bully Data)","ListBucket",0,-11,0.022,0.022,0.000
"Tenant A (Bully Data)","ListBucket",0,-11,0.006,0.006,0.000
"Tenant A (Bully Data)","PutLarge",0,-11,0.043,0.043,0.000
"Tenant A (Bully Data)","PutLarge",0,-11,0.026,0.026,0.000
"Tenant A (Bully Data)","PutLarge",0,-11,0.005,0.005,0.000
"Tenant A (Bully Data)","PutLarge",0,-11,0.003,0.003,0.000
"Tenant A (Bully Data)","PutLarge",0,-11,0.006,0.006,0.000
"Tenant A (Bully Data)","PutLarge",0,-11,0.015,0.015,0.000
"Tenant A (Bully Data)","ListBucket",0,-11,0.006,0.006,0.000
"Tenant A (Bully Data)","PutLarge",0,-11,0.007,0.007,0.000
"Tenant A (Bully Data)","PutLarge",0,-11,0.006,0.006,0.000
"Tenant A (Bully Data)","PutLarge",0,-11,0.005,0.005,0.000
"Tenant A (Bully Data)","PutLarge",0,-11,0.009,0.009,0.000
"Tenant A (Bully Data)","PutLarge",0,-11,0.002,0.002,0.000
"Tenant A (Bully Data)","ListBucket",0,-11,0.005,0.005,0.000
"Tenant A (Bully Data)","PutLarge",0,-11,0.002,0.002,0.000
"Tenant A (Bully Data)","ListBucket",0,-11,0.005,0.005,0.000
"Tenant A (Bully Data)","PutLarge",0,-11,0.007,0.007,0.000
"Tenant A (Bully Data)","PutLarge",0,-11,0.002,0.002,0.000
"Tenant A (Bully Data)","PutLarge",0,-11,0.016,0.016,0.000
"Tenant A (Bully Data)","ListBucket",0,-11,0.006,0.006,0.000
"Tenant A (Bully Data)","PutLarge",0,-11,0.009,0.009,0.000
"Tenant A (Bully Data)","PutLarge",0,-11,0.012,0.012,0.000
"Tenant A (Bully Data)","PutLarge",0,-11,0.003,0.003,0.000
"Tenant A (Bully Data)","PutLarge",0,-11,0.003,0.003,0.000
"Tenant A (Bully Data)","PutLarge",0,-11,0.023,0.023,0.000
"Tenant A (Bully Data)","PutLarge",0,-11,0.005,0.005,0.000
"Tenant A (Bully Data)","ListBucket",0,-11,0.008,0.008,0.000
"Tenant A (Bully Data)","PutLarge",0,-11,0.008,0.008,0.000
"Tenant A (Bully Data)","PutLarge",0,-11,0.002,0.002,0.000
"Tenant A (Bully Data)","PutLarge",0,-11,0.007,0.007,0.000
"Tenant A (Bully Data)","PutLarge",0,-11,0.006,0.006,0.000
"Tenant A (Bully Data)","ListBucket",0,-11,0.006,0.006,0.000
"Tenant A (Bully Data)","ListBucket",0,-11,0.006,0.006,0.000
"Tenant A (Bully Data)","PutLarge",0,-11,0.009,0.009,0.000
"Tenant A (Bully Data)","ListBucket",0,-11,0.025,0.025,0.000
"Tenant A (Bully Data)","PutLarge",0,-11,0.004,0.004,0.000
"Tenant A (Bully Data)","PutLarge",0,-11,0.010,0.010,0.000
"Tenant A (Bully Data)","PutLarge",0,-11,0.003,0.003,0.000
"Tenant A (Bully Data)","PutLarge",0,-11,0.023,0.023,0.000
"Tenant A (Bully Data)","ListBucket",0,-11,0.006,0.006,0.000
"Tenant A (Bully Data)","PutLarge",0,-11,0.008,0.008,0.000
"Tenant A (Bully Data)","ListBucket",0,-11,0.025,0.025,0.000
"Tenant A (Bully Data)","PutLarge",0,-11,0.003,0.003,0.000
"Tenant A (Bully Data)","ListBucket",0,-11,0.004,0.004,0.000
"Tenant A (Bully Data)","ListBucket",0,-11,0.029,0.029,0.000
"Tenant A (Bully Data)","PutLarge",0,-11,0.013,0.013,0.000
"Tenant A (Bully Data)","PutLarge",0,-11,0.008,0.008,0.000
"Tenant A (Bully Data)","PutLarge",0,-11,0.006,0.006,0.000
"Tenant A (Bully Data)","PutLarge",0,-11,0.006,0.006,0.000
"Tenant A (Bully Data)","PutLarge",0,-11,0.018,0.018,0.000
"Tenant A (Bully Data)","PutLarge",0,-11,0.013,0.013,0.000
"Tenant A (Bully Data)","ListBucket",0,-11,0.006,0.006,0.000
"Tenant A (Bully Data)","ListBucket",0,-11,0.002,0.002,0.000
"Tenant A (Bully Data)","PutLarge",0,-11,0.006,0.006,0.000
"Tenant A (Bully Data)","PutLarge",0,-11,0.038,0.038,0.000
"Tenant A (Bully Data)","PutLarge",0,-11,0.011,0.011,0.000
"Tenant A (Bully Data)","PutLarge",0,-11,0.004,0.004,0.000
"Tenant A (Bully Data)","PutLarge",0,-11,0.002,0.002,0.000
"Tenant A (Bully Data)","ListBucket",0,-11,0.006,0.006,0.000
"Tenant A (Bully Data)","PutLarge",0,-11,0.002,0.002,0.000
"Tenant A (Bully Data)","PutLarge",0,-11,0.012,0.012,0.000
"Tenant A (Bully Data)","PutLarge",0,-11,0.007,0.007,0.000
"Tenant A (Bully Data)","PutLarge",0,-11,0.006,0.006,0.000
"Tenant A (Bully Data)","PutLarge",0,-11,0.005,0.005,0.000
"Tenant A (Bully Data)","ListBucket",0,-11,0.008,0.008,0.000
"Tenant A (Bully Data)","ListBucket",0,-11,0.027,0.027,0.000
"Tenant A (Bully Data)","PutLarge",0,-11,0.011,0.011,0.000
"Tenant A (Bully Data)","PutLarge",0,-11,0.006,0.006,0.000
"Tenant A (Bully Data)","PutLarge",0,-11,0.002,0.002,0.000
"Tenant A (Bully Data)","PutLarge",0,-11,0.004,0.004,0.000
"Tenant A (Bully Data)","PutLarge",0,-11,0.003,0.003,0.000
"Tenant A (Bully Data)","PutLarge",0,-11,0.007,0.007,0.000
"Tenant A (Bully Data)","PutLarge",0,-11,0.002,0.002,0.000
"Tenant A (Bully Data)","PutLarge",0,-11,0.032,0.032,0.000
"Tenant A (Bully Data)","ListBucket",0,-11,0.009,0.009,0.000
"Tenant A (Bully Data)","PutLarge",0,-11,0.026,0.026,0.000
"Tenant A (Bully Data)","PutLarge",0,-11,0.002,0.002,0.000
"Tenant A (Bully Data)","PutLarge",0,-11,0.038,0.038,0.000
"Tenant A (Bully Data)","PutLarge",0,-11,0.007,0.007,0.000
"Tenant A (Bully Data)","ListBucket",0,-11,0.041,0.041,0.000
"Tenant A (Bully Data)","PutLarge",0,-11,0.019,0.019,0.000
"Tenant A (Bully Data)","PutLarge",0,-11,0.012,0.012,0.000
"Tenant A (Bully Data)","PutLarge",0,-11,0.027,0.027,0.000
"Tenant A (Bully Data)","PutLarge",0,-11,0.010,0.010,0.000
"Tenant A (Bully Data)","PutLarge",0,-11,0.017,0.017,0.000
"Tenant A (Bully Data)","PutLarge",0,-11,0.012,0.012,0.000
"Tenant A (Bully Data)","ListBucket",0,-11,0.008,0.008,0.000
"Tenant A (Bully Data)","PutLarge",0,-11,0.008,0.008,0.000
"Tenant A (Bully Data)","ListBucket",0,-11,0.003,0.003,0.000
"Tenant A (Bully Data)","ListBucket",0,-11,0.031,0.031,0.000
"Tenant A (Bully Data)","PutLarge",0,-11,0.022,0.022,0.000
"Tenant A (Bully Data)","PutLarge",0,-11,0.036,0.036,0.000
"Tenant A (Bully Data)","PutLarge",0,-11,0.008,0.008,0.000
"Tenant A (Bully Data)","PutLarge",0,-11,0.018,0.018,0.000
"Tenant A (Bully Data)","PutLarge",0,-11,0.018,0.018,0.000
"Tenant A (Bully Data)","ListBucket",0,-11,0.022,0.022,0.000
"Tenant A (Bully Data)","ListBucket",0,-11,0.007,0.007,0.000
"Tenant A (Bully Data)","PutLarge",0,-11,0.034,0.034,0.000
"Tenant A (Bully Data)","PutLarge",0,-11,0.007,0.007,0.000
"Tenant A (Bully Data)","ListBucket",0,-11,0.024,0.024,0.000
"Tenant A (Bully Data)","PutLarge",0,-11,0.004,0.004,0.000
"Tenant A (Bully Data)","PutLarge",0,-11,0.007,0.007,0.000
"Tenant A (Bully Data)","ListBucket",0,-11,0.003,0.003,0.000
"Tenant A (Bully Data)","PutLarge",0,-11,0.031,0.031,0.000
"Tenant A (Bully Data)","PutLarge",0,-11,0.007,0.007,0.000
"Tenant A (Bully Data)","ListBucket",0,-11,0.029,0.029,0.000
"Tenant A (Bully Data)","ListBucket",0,-11,0.013,0.013,0.000
"Tenant A (Bully Data)","PutLarge",0,-11,0.009,0.009,0.000
"Tenant A (Bully Data)","PutLarge",0,-11,0.023,0.023,0.000
"Tenant A (Bully Data)","PutLarge",0,-11,0.031,0.031,0.000
"Tenant A (Bully Data)","PutLarge",0,-11,0.007,0.007,0.000
"Tenant A (Bully Data)","PutLarge",0,-11,0.008,0.008,0.000
"Tenant A (Bully Data)","PutLarge",0,-11,0.002,0.002,0.000
"Tenant A (Bully Data)","ListBucket",0,-11,0.013,0.013,0.000
"Tenant A (Bully Data)","ListBucket",0,-11,0.019,0.019,0.000
"Tenant A (Bully Data)","PutLarge",0,-11,0.022,0.022,0.000
"Tenant A (Bully Data)","PutLarge",0,-11,0.021,0.021,0.000
"Tenant A (Bully Data)","PutLarge",0,-11,0.014,0.014,0.000
"Tenant A (Bully Data)","ListBucket",0,-11,0.010,0.010,0.000
"Tenant A (Bully Data)","PutLarge",0,-11,0.006,0.006,0.000
"Tenant A (Bully Data)","PutLarge",0,-11,0.015,0.015,0.000
"Tenant A (Bully Data)","PutLarge",0,-11,0.022,0.022,0.000
"Tenant A (Bully Data)","ListBucket",0,-11,0.009,0.009,0.000
"Tenant A (Bully Data)","ListBucket",0,-11,0.003,0.003,0.000
"Tenant A (Bully Data)","PutLarge",0,-11,0.017,0.017,0.000
"Tenant A (Bully Data)","PutLarge",0,-11,0.007,0.007,0.000
"Tenant A (Bully Data)","PutLarge",0,-11,0.032,0.032,0.000
"Tenant A (Bully Data)","PutLarge",0,-11,0.003,0.003,0.000
"Tenant A (Bully Data)","PutLarge",0,-11,0.003,0.003,0.000
"Tenant A (Bully Data)","PutLarge",0,-11,0.028,0.028,0.000
"Tenant A (Bully Data)","PutLarge",0,-11,0.006,0.006,0.000
"Tenant A (Bully Data)","ListBucket",0,-11,0.020,0.020,0.000
"Tenant A (Bully Data)","PutLarge",0,-11,0.014,0.014,0.000
"Tenant A (Bully Data)","PutLarge",0,-11,0.022,0.022,0.000
"Tenant A (Bully Data)","PutLarge",0,-11,0.002,0.002,0.000
"Tenant A (Bully Data)","ListBucket",0,-11,0.013,0.013,0.000
"Tenant A (Bully Data)","ListBucket",0,-11,0.023,0.023,0.000
"Tenant A (Bully Data)","PutLarge",0,-11,0.010,0.010,0.000
"Tenant A (Bully Data)","PutLarge",0,-11,0.010,0.010,0.000
"Tenant A (Bully Data)","PutLarge",0,-11,0.005,0.005,0.000
"Tenant A (Bully Data)","ListBucket",0,-11,0.003,0.003,0.000
"Tenant A (Bully Data)","PutLarge",0,-11,0.002,0.002,0.000
"Tenant A (Bully Data)","PutLarge",0,-11,0.012,0.012,0.000
"Tenant A (Bully Data)","PutLarge",0,-11,0.011,0.011,0.000
"Tenant A (Bully Data)","PutLarge",0,-11,0.012,0.012,0.000
"Tenant A (Bully Data)","PutLarge",0,-11,0.010,0.010,0.000
"Tenant A (Bully Data)","PutLarge",0,-11,0.013,0.013,0.000
"Tenant A (Bully Data)","PutLarge",0,-11,0.015,0.015,0.000
"Tenant A (Bully Data)","PutLarge",0,-11,0.008,0.008,0.000
"Tenant A (Bully Data)","ListBucket",0,-11,0.024,0.024,0.000
"Tenant A (Bully Data)","PutLarge",0,-11,0.022,0.022,0.000
"Tenant A (Bully Data)","PutLarge",0,-11,0.020,0.020,0.000
"Tenant A (Bully Data)","PutLarge",0,-11,0.010,0.010,0.000
"Tenant A (Bully Data)","ListBucket",0,-11,0.008,0.008,0.000
"Tenant A (Bully Data)","PutLarge",0,-11,0.028,0.028,0.000
"Tenant A (Bully Data)","ListBucket",0,-11,0.023,0.023,0.000
"Tenant A (Bully Data)","PutLarge",0,-11,0.018,0.018,0.000
"Tenant A (Bully Data)","PutLarge",0,-11,0.020,0.020,0.000
"Tenant A (Bully Data)","PutLarge",0,-11,0.012,0.012,0.000
"Tenant A (Bully Data)","ListBucket",0,-11,0.011,0.011,0.000
"Tenant A (Bully Data)","PutLarge",0,-11,0.027,0.027,0.000
"Tenant A (Bully Data)","ListBucket",0,-11,0.035,0.035,0.000
"Tenant A (Bully Data)","ListBucket",0,-11,0.005,0.005,0.000
"Tenant A (Bully Data)","ListBucket",0,-11,0.025,0.025,0.000
"Tenant A (Bully Data)","PutLarge",0,-11,0.008,0.008,0.000
"Tenant A (Bully Data)","ListBucket",0,-11,0.044,0.044,0.000
"Tenant A (Bully Data)","PutLarge",0,-11,0.024,0.024,0.000
"Tenant A (Bully Data)","ListBucket",0,-11,0.009,0.009,0.000
"Tenant A (Bully Data)","PutLarge",0,-11,0.010,0.010,0.000
"Tenant A (Bully Data)","PutLarge",0,-11,0.008,0.008,0.000
"Tenant A (Bully Data)","ListBucket",0,-11,0.006,0.006,0.000
"Tenant A (Bully Data)","ListBucket",0,-11,0.035,0.035,0.000
"Tenant A (Bully Data)","PutLarge",0,-11,0.011,0.011,0.000
"Tenant A (Bully Data)","PutLarge",0,-11,0.020,0.020,0.000
"Tenant A (Bully Data)","PutLarge",0,-11,0.025,0.025,0.000
"Tenant A (Bully Data)","PutLarge",0,-11,0.006,0.006,0.000
"Tenant A (Bully Data)","PutLarge",0,-11,0.022,0.022,0.000
"Tenant A (Bully Data)","PutLarge",0,-11,0.027,0.027,0.000
"Tenant A (Bully Data)","ListBucket",0,-11,0.021,0.021,0.000
"Tenant A (Bully Data)","ListBucket",0,-11,0.021,0.021,0.000
"Tenant A (Bully Data)","ListBucket",0,-11,0.013,0.013,0.000
"Tenant A (Bully Data)","PutLarge",0,-11,0.004,0.004,0.000
"Tenant A (Bully Data)","PutLarge",0,-11,0.016,0.016,0.000
"Tenant A (Bully Data)","PutLarge",0,-11,0.009,0.009,0.000
"Tenant A (Bully Data)","ListBucket",0,-11,0.009,0.009,0.000
"Tenant A (Bully Data)","PutLarge",0,-11,0.011,0.011,0.000
"Tenant A (Bully Data)","PutLarge",0,-11,0.024,0.024,0.000
"Tenant A (Bully Data)","PutLarge",0,-11,0.009,0.009,0.000
"Tenant A (Bully Data)","PutLarge",0,-11,0.009,0.009,0.000
"Tenant A (Bully Data)","PutLarge",0,-11,0.036,0.036,0.000
"Tenant A (Bully Data)","ListBucket",0,-11,0.017,0.017,0.000
"Tenant A (Bully Data)","PutLarge",0,-11,0.007,0.007,0.000
"Tenant A (Bully Data)","PutLarge",0,-11,0.007,0.007,0.000
"Tenant A (Bully Data)","ListBucket",0,-11,0.034,0.034,0.000
"Tenant A (Bully Data)","ListBucket",0,-11,0.026,0.026,0.000
"Tenant A (Bully Data)","PutLarge",0,-11,0.007,0.007,0.000
"Tenant A (Bully Data)","PutLarge",0,-11,0.013,0.013,0.000
"Tenant A (Bully Data)","PutLarge",0,-11,0.010,0.010,0.000
"Tenant A (Bully Data)","PutLarge",0,-11,0.006,0.006,0.000
"Tenant A (Bully Data)","ListBucket",0,-11,0.017,0.017,0.000
"Tenant A (Bully Data)","PutLarge",0,-11,0.007,0.007,0.000
"Tenant A (Bully Data)","ListBucket",0,-11,0.011,0.011,0.000
"Tenant A (Bully Data)","PutLarge",0,-11,0.006,0.006,0.000
"Tenant A (Bully Data)","PutLarge",0,-11,0.007,0.007,0.000
"Tenant A (Bully Data)","ListBucket",0,-11,0.004,0.004,0.000
"Tenant A (Bully Data)","ListBucket",0,-11,0.027,0.027,0.000
"Tenant A (Bully Data)","PutLarge",0,-11,0.007,0.007,0.000
"Tenant A (Bully Data)","ListBucket",0,-11,0.037,0.037,0.000
"Tenant A (Bully Data)","PutLarge",0,-11,0.036,0.036,0.000
"Tenant A (Bully Data)","PutLarge",0,-11,0.006,0.006,0.000
"Tenant A (Bully Data)","ListBucket",0,-11,0.041,0.041,0.000
"Tenant A (Bully Data)","PutLarge",0,-11,0.017,0.017,0.000
"Tenant A (Bully Data)","PutLarge",0,-11,0.020,0.020,0.000
"Tenant A (Bully Data)","ListBucket",0,-11,0.002,0.002,0.000
"Tenant A (Bully Data)","ListBucket",0,-11,0.032,0.032,0.000
"Tenant A (Bully Data)","PutLarge",0,-11,0.020,0.020,0.000
"Tenant A (Bully Data)","PutLarge",0,-11,0.002,0.002,0.000
"Tenant A (Bully Data)","ListBucket",0,-11,0.026,0.026,0.000
"Tenant A (Bully Data)","PutLarge",0,-11,0.003,0.003,0.000
"Tenant A (Bully Data)","PutLarge",0,-11,0.003,0.003,0.000
"Tenant A (Bully Data)","PutLarge",0,-11,0.004,0.004,0.000
"Tenant A (Bully Data)","ListBucket",0,-11,0.007,0.007,0.000
"Tenant A (Bully Data)","PutLarge",0,-11,0.008,0.008,0.000
"Tenant A (Bully Data)","PutLarge",0,-11,0.026,0.026,0.000
"Tenant A (Bully Data)","PutLarge",0,-11,0.008,0.008,0.000
"Tenant A (Bully Data)","PutLarge",0,-11,0.026,0.026,0.000
"Tenant A (Bully Data)","PutLarge",0,-11,0.004,0.004,0.000
"Tenant A (Bully Data)","PutLarge",0,-11,0.009,0.009,0.000
"Tenant A (Bully Data)","PutLarge",0,-11,0.011,0.011,0.000
"Tenant A (Bully Data)","ListBucket",0,-11,0.011,0.011,0.000
"Tenant A (Bully Data)","ListBucket",0,-11,0.020,0.020,0.000
"Tenant A (Bully Data)","ListBucket",0,-11,0.004,0.004,0.000
"Tenant A (Bully Data)","ListBucket",0,-11,0.009,0.009,0.000
"Tenant A (Bully Data)","ListBucket",0,-11,0.015,0.015,0.000
"Tenant A (Bully Data)","ListBucket",0,-11,0.006,0.006,0.000
"Tenant A (Bully Data)","PutLarge",0,-11,0.020,0.020,0.000
"Tenant A (Bully Data)","ListBucket",0,-11,0.046,0.046,0.000
"Tenant A (Bully Data)","ListBucket",0,-11,0.005,0.005,0.000
"Tenant A (Bully Data)","PutLarge",0,-11,0.032,0.032,0.000
"Tenant A (Bully Data)","PutLarge",0,-11,0.005,0.005,0.000
"Tenant A (Bully Data)","ListBucket",0,-11,0.008,0.008,0.000
"Tenant A (Bully Data)","ListBucket",0,-11,0.040,0.040,0.000
"Tenant A (Bully Data)","PutLarge",0,-11,0.012,0.012,0.000
"Tenant A (Bully Data)","ListBucket",0,-11,0.009,0.009,0.000
"Tenant A (Bully Data)","PutLarge",0,-11,0.004,0.004,0.000
"Tenant A (Bully Data)","PutLarge",0,-11,0.003,0.003,0.000
"Tenant A (Bully Data)","PutLarge",0,-11,0.029,0.029,0.000
"Tenant A (Bully Data)","PutLarge",0,-11,0.011,0.011,0.000
"Tenant A (Bully Data)","PutLarge",0,-11,0.008,0.008,0.000
"Tenant A (Bully Data)","PutLarge",0,-11,0.012,0.012,0.000
"Tenant A (Bully Data)","PutLarge",0,-11,0.003,0.003,0.000
"Tenant A (Bully Data)","ListBucket",0,-11,0.022,0.022,0.000
"Tenant A (Bully Data)","PutLarge",0,-11,0.023,0.023,0.000
"Tenant A (Bully Data)","PutLarge",0,-11,0.004,0.004,0.000
"Tenant A (Bully Data)","ListBucket",0,-11,0.007,0.007,0.000
"Tenant A (Bully Data)","PutLarge",0,-11,0.025,0.025,0.000
"Tenant A (Bully Data)","PutLarge",0,-11,0.007,0.007,0.000
"Tenant A (Bully Data)","PutLarge",0,-11,0.041,0.041,0.000
"Tenant A (Bully Data)","ListBucket",0,-11,0.025,0.025,0.000
"Tenant A (Bully Data)","PutLarge",0,-11,0.020,0.020,0.000
"Tenant A (Bully Data)","PutLarge",0,-11,0.003,0.003,0.000
"Tenant A (Bully Data)","ListBucket",0,-11,0.040,0.040,0.000
"Tenant A (Bully Data)","ListBucket",0,-11,0.009,0.009,0.000
"Tenant A (Bully Data)","PutLarge",0,-11,0.032,0.032,0.000
"Tenant A (Bully Data)","PutLarge",0,-11,0.010,0.010,0.000
"Tenant A (Bully Data)","ListBucket",0,-11,0.021,0.021,0.000
"Tenant A (Bully Data)","PutLarge",0,-11,0.027,0.027,0.000
"Tenant A (Bully Data)","PutLarge",0,-11,0.011,0.011,0.000
"Tenant A (Bully Data)","ListBucket",0,-11,0.021,0.021,0.000
"Tenant A (Bully Data)","PutLarge",0,-11,0.002,0.002,0.000
"Tenant A (Bully Data)","PutLarge",0,-11,0.031,0.031,0.000
"Tenant A (Bully Data)","ListBucket",0,-11,0.006,0.006,0.000
"Tenant A (Bully Data)","PutLarge",0,-11,0.039,0.039,0.000
"Tenant A (Bully Data)","PutLarge",0,-11,0.010,0.010,0.000
"Tenant A (Bully Data)","PutLarge",0,-11,0.020,0.020,0.000
"Tenant A (Bully Data)","ListBucket",0,-11,0.018,0.018,0.000
"Tenant A (Bully Data)","PutLarge",0,-11,0.005,0.005,0.000
"Tenant A (Bully Data)","PutLarge",0,-11,0.004,0.004,0.000
"Tenant A (Bully Data)","ListBucket",0,-11,0.037,0.037,0.000
"Tenant A (Bully Data)","ListBucket",0,-11,0.016,0.016,0.000
"Tenant A (Bully Data)","ListBucket",0,-11,0.009,0.009,0.000
"Tenant A (Bully Data)","PutLarge",0,-11,0.018,0.018,0.000
"Tenant A (Bully Data)","ListBucket",0,-11,0.007,0.007,0.000
"Tenant A (Bully Data)","ListBucket",0,-11,0.016,0.016,0.000
"Tenant A (Bully Data)","PutLarge",0,-11,0.010,0.010,0.000
"Tenant A (Bully Data)","ListBucket",0,-11,0.030,0.030,0.000
"Tenant A (Bully Data)","ListBucket",0,-11,0.013,0.013,0.000
"Tenant A (Bully Data)","ListBucket",0,-11,0.023,0.023,0.000
"Tenant A (Bully Data)","PutLarge",0,-11,0.012,0.012,0.000
"Tenant A (Bully Data)","PutLarge",0,-11,0.006,0.006,0.000
"Tenant A (Bully Data)","ListBucket",0,-11,0.008,0.008,0.000
"Tenant A (Bully Data)","PutLarge",0,-11,0.026,0.026,0.000
"Tenant A (Bully Data)","ListBucket",0,-11,0.020,0.020,0.000
"Tenant A (Bully Data)","PutLarge",0,-11,0.009,0.009,0.000
"Tenant A (Bully Data)","ListBucket",0,-11,0.034,0.034,0.000
"Tenant A (Bully Data)","ListBucket",0,-11,0.010,0.010,0.000
"Tenant A (Bully Data)","PutLarge",0,-11,0.030,0.030,0.000
"Tenant A (Bully Data)","ListBucket",0,-11,0.027,0.027,0.000
"Tenant A (Bully Data)","PutLarge",0,-11,0.018,0.018,0.000
"Tenant A (Bully Data)","PutLarge",0,-11,0.008,0.008,0.000
"Tenant A (Bully Data)","PutLarge",0,-11,0.003,0.003,0.000
"Tenant A (Bully Data)","PutLarge",0,-11,0.039,0.039,0.000
"Tenant A (Bully Data)","PutLarge",0,-11,0.008,0.008,0.000
"Tenant A (Bully Data)","PutLarge",0,-11,0.019,0.019,0.000
"Tenant A (Bully Data)","ListBucket",0,-11,0.008,0.008,0.000
"Tenant A (Bully Data)","ListBucket",0,-11,0.022,0.022,0.000
"Tenant A (Bully Data)","PutLarge",0,-11,0.003,0.003,0.000
"Tenant A (Bully Data)","PutLarge",0,-11,0.026,0.026,0.000
"Tenant A (Bully Data)","ListBucket",0,-11,0.011,0.011,0.000
"Tenant A (Bully Data)","PutLarge",0,-11,0.024,0.024,0.000
"Tenant A (Bully Data)","PutLarge",0,-11,0.020,0.020,0.000
"Tenant A (Bully Data)","PutLarge",0,-11,0.007,0.007,0.000
"Tenant A (Bully Data)","ListBucket",0,-11,0.034,0.034,0.000
"Tenant A (Bully Data)","PutLarge",0,-11,0.019,0.019,0.000
"Tenant A (Bully Data)","ListBucket",0,-11,0.008,0.008,0.000
"Tenant A (Bully Data)","PutLarge",0,-11,0.038,0.038,0.000
"Tenant A (Bully Data)","PutLarge",0,-11,0.013,0.013,0.000
"Tenant A (Bully Data)","ListBucket",0,-11,0.010,0.010,0.000
"Tenant A (Bully Data)","PutLarge",0,-11,0.011,0.011,0.000
"Tenant A (Bully Data)","ListBucket",0,-11,0.009,0.009,0.000
"Tenant A (Bully Data)","PutLarge",0,-11,0.002,0.002,0.000
"Tenant A (Bully Data)","ListBucket",0,-11,0.012,0.012,0.000
"Tenant A (Bully Data)","ListBucket",0,-11,0.008,0.008,0.000
"Tenant A (Bully Data)","ListBucket",0,-11,0.004,0.004,0.000
"Tenant A (Bully Data)","PutLarge",0,-11,0.021,0.021,0.000
"Tenant A (Bully Data)","PutLarge",0,-11,0.022,0.022,0.000
"Tenant A (Bully Data)","PutLarge",0,-11,0.003,0.003,0.000
"Tenant A (Bully Data)","PutLarge",0,-11,0.012,0.012,0.000
"Tenant A (Bully Data)","PutLarge",0,-11,0.021,0.021,0.000
"Tenant A (Bully Data)","PutLarge",0,-11,0.010,0.010,0.000
"Tenant A (Bully Data)","PutLarge",0,-11,0.009,0.009,0.000
"Tenant A (Bully Data)","ListBucket",0,-11,0.030,0.030,0.000
"Tenant A (Bully Data)","PutLarge",0,-11,0.007,0.007,0.000
"Tenant A (Bully Data)","PutLarge",0,-11,0.017,0.017,0.000
"Tenant A (Bully Data)","PutLarge",0,-11,0.010,0.010,0.000
"Tenant A (Bully Data)","PutLarge",0,-11,0.010,0.010,0.000
"Tenant A (Bully Data)","PutLarge",0,-11,0.009,0.009,0.000
"Tenant A (Bully Data)","PutLarge",0,-11,0.027,0.027,0.000
"Tenant A (Bully Data)","PutLarge",0,-11,0.008,0.008,0.000
"Tenant A (Bully Data)","PutLarge",0,-11,0.008,0.008,0.000
"Tenant A (Bully Data)","ListBucket",0,-11,0.007,0.007,0.000
"Tenant A (Bully Data)","PutLarge",0,-11,0.011,0.011,0.000
"Tenant A (Bully Data)","PutLarge",0,-11,0.009,0.009,0.000
"Tenant A (Bully Data)","PutLarge",0,-11,0.010,0.010,0.000
"Tenant A (Bully Data)","ListBucket",0,-11,0.023,0.023,0.000
"Tenant A (Bully Data)","PutLarge",0,-11,0.006,0.006,0.000
"Tenant A (Bully Data)","PutLarge",0,-11,0.008,0.008,0.000
"Tenant A (Bully Data)","PutLarge",0,-11,0.036,0.036,0.000
"Tenant A (Bully Data)","PutLarge",0,-11,0.039,0.039,0.000
"Tenant A (Bully Data)","ListBucket",0,-11,0.008,0.008,0.000
"Tenant A (Bully Data)","PutLarge",0,-11,0.008,0.008,0.000
"Tenant A (Bully Data)","ListBucket",0,-11,0.007,0.007,0.000
"Tenant A (Bully Data)","PutLarge",0,-11,0.006,0.006,0.000
"Tenant A (Bully Data)","PutLarge",0,-11,0.008,0.008,0.000
"Tenant A (Bully Data)","PutLarge",0,-11,0.028,0.028,0.000
"Tenant A (Bully Data)","PutLarge",0,-11,0.016,0.016,0.000
"Tenant A (Bully Data)","PutLarge",0,-11,0.022,0.022,0.000
"Tenant A (Bully Data)","PutLarge",0,-11,0.027,0.027,0.000
"Tenant A (Bully Data)","PutLarge",0,-11,0.007,0.007,0.000
"Tenant A (Bully Data)","PutLarge",0,-11,0.029,0.029,0.000
"Tenant A (Bully Data)","PutLarge",0,-11,0.029,0.029,0.000
"Tenant A (Bully Data)","PutLarge",0,-11,0.008,0.008,0.000
"Tenant A (Bully Data)","PutLarge",0,-11,0.018,0.018,0.000
"Tenant A (Bully Data)","PutLarge",0,-11,0.008,0.008,0.000
"Tenant A (Bully Data)","PutLarge",0,-11,0.028,0.028,0.000
"Tenant A (Bully Data)","ListBucket",0,-11,0.007,0.007,0.000
"Tenant A (Bully Data)","PutLarge",0,-11,0.007,0.007,0.000
"Tenant A (Bully Data)","ListBucket",0,-11,0.009,0.009,0.000
"Tenant A (Bully Data)","PutLarge",0,-11,0.009,0.009,0.000
"Tenant A (Bully Data)","PutLarge",0,-11,0.005,0.005,0.000
"Tenant A (Bully Data)","PutLarge",0,-11,0.008,0.008,0.000
"Tenant A (Bully Data)","ListBucket",0,-11,0.029,0.029,0.000
"Tenant A (Bully Data)","PutLarge",0,-11,0.013,0.013,0.000
"Tenant A (Bully Data)","PutLarge",0,-11,0.011,0.011,0.000
"Tenant A (Bully Data)","PutLarge",0,-11,0.011,0.011,0.000
"Tenant A (Bully Data)","PutLarge",0,-11,0.005,0.005,0.000
"Tenant A (Bully Data)","PutLarge",0,-11,0.008,0.008,0.000
"Tenant A (Bully Data)","PutLarge",0,-11,0.008,0.008,0.000
"Tenant A (Bully Data)","PutLarge",0,-11,0.004,0.004,0.000
"Tenant A (Bully Data)","PutLarge",0,-11,0.008,0.008,0.000
"Tenant A (Bully Data)","PutLarge",0,-11,0.041,0.041,0.000
"Tenant A (Bully Data)","ListBucket",0,-11,0.017,0.017,0.000
"Tenant A (Bully Data)","PutLarge",0,-11,0.007,0.007,0.000
"Tenant A (Bully Data)","ListBucket",0,-11,0.024,0.024,0.000
"Tenant A (Bully Data)","PutLarge",0,-11,0.010,0.010,0.000
"Tenant A (Bully Data)","PutLarge",0,-11,0.005,0.005,0.000
"Tenant A (Bully Data)","PutLarge",0,-11,0.010,0.010,0.000
"Tenant A (Bully Data)","PutLarge",0,-11,0.026,0.026,0.000
"Tenant A (Bully Data)","ListBucket",0,-11,0.009,0.009,0.000
"Tenant A (Bully Data)","PutLarge",0,-11,0.005,0.005,0.000
"Tenant A (Bully Data)","PutLarge",0,-11,0.004,0.004,0.000
"Tenant A (Bully Data)","PutLarge",0,-11,0.004,0.004,0.000
"Tenant A (Bully Data)","PutLarge",0,-11,0.036,0.036,0.000
"Tenant A (Bully Data)","PutLarge",0,-11,0.011,0.011,0.000
"Tenant A (Bully Data)","PutLarge",0,-11,0.032,0.032,0.000
"Tenant A (Bully Data)","PutLarge",0,-11,0.010,0.010,0.000
"Tenant A (Bully Data)","PutLarge",0,-11,0.007,0.007,0.000
"Tenant A (Bully Data)","ListBucket",0,-11,0.013,0.013,0.000
"Tenant A (Bully Data)","ListBucket",0,-11,0.010,0.010,0.000
"Tenant A (Bully Data)","PutLarge",0,-11,0.024,0.024,0.000
"Tenant A (Bully Data)","ListBucket",0,-11,0.006,0.006,0.000
"Tenant A (Bully Data)","PutLarge",0,-11,0.007,0.007,0.000
"Tenant A (Bully Data)","PutLarge",0,-11,0.014,0.014,0.000
"Tenant A (Bully Data)","PutLarge",0,-11,0.008,0.008,0.000
"Tenant A (Bully Data)","PutLarge",0,-11,0.020,0.020,0.000
"Tenant A (Bully Data)","PutLarge",0,-11,0.008,0.008,0.000
"Tenant A (Bully Data)","PutLarge",0,-11,0.003,0.003,0.000
"Tenant A (Bully Data)","PutLarge",0,-11,0.018,0.018,0.000
"Tenant A (Bully Data)","PutLarge",0,-11,0.008,0.008,0.000
"Tenant A (Bully Data)","PutLarge",0,-11,0.019,0.019,0.000
"Tenant A (Bully Data)","ListBucket",0,-11,0.007,0.007,0.000
"Tenant A (Bully Data)","PutLarge",0,-11,0.005,0.005,0.000
"Tenant A (Bully Data)","PutLarge",0,-11,0.019,0.019,0.000
"Tenant A (Bully Data)","PutLarge",0,-11,0.008,0.008,0.000
"Tenant A (Bully Data)","ListBucket",0,-11,0.009,0.009,0.000
"Tenant A (Bully Data)","PutLarge",0,-11,0.027,0.027,0.000
"Tenant A (Bully Data)","PutLarge",0,-11,0.015,0.015,0.000
"Tenant A (Bully Data)","PutLarge",0,-11,0.011,0.011,0.000
"Tenant A (Bully Data)","ListBucket",0,-11,0.008,0.008,0.000
"Tenant A (Bully Data)","PutLarge",0,-11,0.020,0.020,0.000
"Tenant A (Bully Data)","ListBucket",0,-11,0.007,0.007,0.000
"Tenant A (Bully Data)","PutLarge",0,-11,0.008,0.008,0.000
"Tenant A (Bully Data)","PutLarge",0,-11,0.008,0.008,0.000
"Tenant A (Bully Data)","ListBucket",0,-11,0.029,0.029,0.000
"Tenant A (Bully Data)","PutLarge",0,-11,0.010,0.010,0.000
"Tenant A (Bully Data)","PutLarge",0,-11,0.018,0.018,0.000
"Tenant A (Bully Data)","PutLarge",0,-11,0.009,0.009,0.000
"Tenant A (Bully Data)","PutLarge",0,-11,0.021,0.021,0.000
"Tenant A (Bully Data)","PutLarge",0,-11,0.008,0.008,0.000
"Tenant A (Bully Data)","PutLarge",0,-11,0.005,0.005,0.000
"Tenant A (Bully Data)","PutLarge",0,-11,0.027,0.027,0.000
"Tenant A (Bully Data)","ListBucket",0,-11,0.018,0.018,0.000
"Tenant A (Bully Data)","PutLarge",0,-11,0.012,0.012,0.000
"Tenant A (Bully Data)","PutLarge",0,-11,0.004,0.004,0.000
"Tenant A (Bully Data)","PutLarge",0,-11,0.002,0.002,0.000
"Tenant A (Bully Data)","ListBucket",0,-11,0.009,0.009,0.000
"Tenant A (Bully Data)","PutLarge",0,-11,0.007,0.007,0.000
"Tenant A (Bully Data)","ListBucket",0,-11,0.002,0.002,0.000
"Tenant A (Bully Data)","PutLarge",0,-11,0.005,0.005,0.000
"Tenant A (Bully Data)","PutLarge",0,-11,0.028,0.028,0.000
"Tenant A (Bully Data)","PutLarge",0,-11,0.031,0.031,0.000
"Tenant A (Bully Data)","ListBucket",0,-11,0.018,0.018,0.000
"Tenant A (Bully Data)","PutLarge",0,-11,0.005,0.005,0.000
"Tenant A (Bully Data)","PutLarge",0,-11,0.003,0.003,0.000
"Tenant A (Bully Data)","ListBucket",0,-11,0.002,0.002,0.000
"Tenant A (Bully Data)","ListBucket",0,-11,0.004,0.004,0.000
"Tenant A (Bully Data)","PutLarge",0,-11,0.028,0.028,0.000
"Tenant A (Bully Data)","PutLarge",0,-11,0.007,0.007,0.000
"Tenant A (Bully Data)","PutLarge",0,-11,0.009,0.009,0.000
"Tenant A (Bully Data)","ListBucket",0,-11,0.030,0.030,0.000
"Tenant A (Bully Data)","PutLarge",0,-11,0.008,0.008,0.000
"Tenant A (Bully Data)","PutLarge",0,-11,0.003,0.003,0.000
"Tenant A (Bully Data)","PutLarge",0,-11,0.003,0.003,0.000
"Tenant A (Bully Data)","PutLarge",0,-11,0.017,0.017,0.000
"Tenant A (Bully Data)","ListBucket",0,-11,0.004,0.004,0.000
"Tenant A (Bully Data)","PutLarge",0,-11,0.022,0.022,0.000
"Tenant A (Bully Data)","ListBucket",0,-11,0.028,0.028,0.000
"Tenant A (Bully Data)","PutLarge",0,-11,0.012,0.012,0.000
"Tenant A (Bully Data)","PutLarge",0,-11,0.008,0.008,0.000
"Tenant A (Bully Data)","PutLarge",0,-11,0.042,0.042,0.000
"Tenant A (Bully Data)","ListBucket",0,-11,0.029,0.029,0.000
"Tenant A (Bully Data)","PutLarge",0,-11,0.010,0.010,0.000
"Tenant A (Bully Data)","PutLarge",0,-11,0.009,0.009,0.000
"Tenant A (Bully Data)","PutLarge",0,-11,0.010,0.010,0.000
"Tenant A (Bully Data)","ListBucket",0,-11,0.013,0.013,0.000
"Tenant A (Bully Data)","ListBucket",0,-11,0.008,0.008,0.000
"Tenant A (Bully Data)","PutLarge",0,-11,0.003,0.003,0.000
"Tenant A (Bully Data)","ListBucket",0,-11,0.019,0.019,0.000
"Tenant A (Bully Data)","PutLarge",0,-11,0.040,0.040,0.000
"Tenant A (Bully Data)","ListBucket",0,-11,0.016,0.016,0.000
"Tenant A (Bully Data)","PutLarge",0,-11,0.008,0.008,0.000
"Tenant A (Bully Data)","PutLarge",0,-11,0.021,0.021,0.000
"Tenant A (Bully Data)","ListBucket",0,-11,0.006,0.006,0.000
"Tenant A (Bully Data)","PutLarge",0,-11,0.008,0.008,0.000
"Tenant A (Bully Data)","PutLarge",0,-11,0.003,0.003,0.000
"Tenant A (Bully Data)","ListBucket",0,-11,0.029,0.029,0.000
"Tenant A (Bully Data)","PutLarge",0,-11,0.008,0.008,0.000
"Tenant A (Bully Data)","PutLarge",0,-11,0.012,0.012,0.000
"Tenant A (Bully Data)","PutLarge",0,-11,0.007,0.007,0.000
"Tenant A (Bully Data)","ListBucket",0,-11,0.009,0.009,0.000
"Tenant A (Bully Data)","PutLarge",0,-11,0.004,0.004,0.000
"Tenant A (Bully Data)","PutLarge",0,-11,0.040,0.040,0.000
"Tenant A (Bully Data)","PutLarge",0,-11,0.010,0.010,0.000
"Tenant A (Bully Data)","PutLarge",0,-11,0.039,0.039,0.000
"Tenant A (Bully Data)","PutLarge",0,-11,0.011,0.011,0.000
"Tenant A (Bully Data)","ListBucket",0,-11,0.023,0.023,0.000
"Tenant A (Bully Data)","PutLarge",0,-11,0.025,0.025,0.000
"Tenant A (Bully Data)","PutLarge",0,-11,0.030,0.030,0.000
"Tenant A (Bully Data)","PutLarge",0,-11,0.008,0.008,0.000
"Tenant A (Bully Data)","PutLarge",0,-11,0.011,0.011,0.000
"Tenant A (Bully Data)","ListBucket",0,-11,0.006,0.006,0.000
"Tenant A (Bully Data)","ListBucket",0,-11,0.010,0.010,0.000
"Tenant A (Bully Data)","PutLarge",0,-11,0.007,0.007,0.000
"Tenant A (Bully Data)","PutLarge",0,-11,0.021,0.021,0.000
"Tenant A (Bully Data)","PutLarge",0,-11,0.007,0.007,0.000
"Tenant A (Bully Data)","PutLarge",0,-11,0.004,0.004,0.000
"Tenant A (Bully Data)","PutLarge",0,-11,0.007,0.007,0.000
"Tenant A (Bully Data)","PutLarge",0,-11,0.008,0.008,0.000
"Tenant A (Bully Data)","PutLarge",0,-11,0.009,0.009,0.000
"Tenant A (Bully Data)","PutLarge",0,-11,0.008,0.008,0.000
"Tenant A (Bully Data)","PutLarge",0,-11,0.004,0.004,0.000
"Tenant A (Bully Data)","PutLarge",0,-11,0.033,0.033,0.000
"Tenant A (Bully Data)","PutLarge",0,-11,0.004,0.004,0.000
"Tenant A (Bully Data)","PutLarge",0,-11,0.031,0.031,0.000
"Tenant A (Bully Data)","ListBucket",0,-11,0.010,0.010,0.000
"Tenant A (Bully Data)","ListBucket",0,-11,0.014,0.014,0.000
"Tenant A (Bully Data)","PutLarge",0,-11,0.003,0.003,0.000
"Tenant A (Bully Data)","ListBucket",0,-11,0.008,0.008,0.000
"Tenant A (Bully Data)","ListBucket",0,-11,0.003,0.003,0.000
"Tenant A (Bully Data)","PutLarge",0,-11,0.029,0.029,0.000
"Tenant A (Bully Data)","PutLarge",0,-11,0.010,0.010,0.000
"Tenant A (Bully Data)","PutLarge",0,-11,0.029,0.029,0.000
"Tenant A (Bully Data)","ListBucket",0,-11,0.024,0.024,0.000
"Tenant A (Bully Data)","PutLarge",0,-11,0.008,0.008,0.000
"Tenant A (Bully Data)","ListBucket",0,-11,0.020,0.020,0.000
"Tenant A (Bully Data)","ListBucket",0,-11,0.012,0.012,0.000
"Tenant A (Bully Data)","PutLarge",0,-11,0.004,0.004,0.000
"Tenant A (Bully Data)","PutLarge",0,-11,0.016,0.016,0.000
"Tenant A (Bully Data)","ListBucket",0,-11,0.024,0.024,0.000
"Tenant A (Bully Data)","PutLarge",0,-11,0.012,0.012,0.000
"Tenant A (Bully Data)","PutLarge",0,-11,0.017,0.017,0.000
"Tenant A (Bully Data)","PutLarge",0,-11,0.009,0.009,0.000
"Tenant A (Bully Data)","PutLarge",0,-11,0.007,0.007,0.000
"Tenant A (Bully Data)","PutLarge",0,-11,0.033,0.033,0.000
"Tenant A (Bully Data)","ListBucket",0,-11,0.008,0.008,0.000
"Tenant A (Bully Data)","PutLarge",0,-11,0.028,0.028,0.000
"Tenant A (Bully Data)","PutLarge",0,-11,0.005,0.005,0.000
"Tenant A (Bully Data)","ListBucket",0,-11,0.029,0.029,0.000
"Tenant A (Bully Data)","PutLarge",0,-11,0.008,0.008,0.000
"Tenant A (Bully Data)","ListBucket",0,-11,0.012,0.012,0.000
"Tenant A (Bully Data)","ListBucket",0,-11,0.008,0.008,0.000
"Tenant A (Bully Data)","PutLarge",0,-11,0.003,0.003,0.000
"Tenant A (Bully Data)","PutLarge",0,-11,0.027,0.027,0.000
"Tenant A (Bully Data)","PutLarge",0,-11,0.011,0.011,0.000
"Tenant A (Bully Data)","PutLarge",0,-11,0.013,0.013,0.000
"Tenant A (Bully Data)","PutLarge",0,-11,0.007,0.007,0.000
"Tenant A (Bully Data)","PutLarge",0,-11,0.009,0.009,0.000
"Tenant A (Bully Data)","PutLarge",0,-11,0.010,0.010,0.000
"Tenant A (Bully Data)","PutLarge",0,-11,0.003,0.003,0.000
"Tenant A (Bully Data)","PutLarge",0,-11,0.006,0.006,0.000
"Tenant A (Bully Data)","ListBucket",0,-11,0.011,0.011,0.000
"Tenant A (Bully Data)","PutLarge",0,-11,0.008,0.008,0.000
"Tenant A (Bully Data)","ListBucket",0,-11,0.007,0.007,0.000
"Tenant A (Bully Data)","PutLarge",0,-11,0.008,0.008,0.000
"Tenant A (Bully Data)","PutLarge",0,-11,0.013,0.013,0.000
"Tenant A (Bully Data)","PutLarge",0,-11,0.010,0.010,0.000
"Tenant A (Bully Data)","ListBucket",0,-11,0.009,0.009,0.000
"Tenant A (Bully Data)","PutLarge",0,-11,0.004,0.004,0.000
"Tenant A (Bully Data)","ListBucket",0,-11,0.011,0.011,0.000
"Tenant A (Bully Data)","PutLarge",0,-11,0.034,0.034,0.000
"Tenant A (Bully Data)","PutLarge",0,-11,0.009,0.009,0.000
"Tenant A (Bully Data)","PutLarge",0,-11,0.031,0.031,0.000
"Tenant A (Bully Data)","PutLarge",0,-11,0.008,0.008,0.000
"Tenant A (Bully Data)","ListBucket",0,-11,0.006,0.006,0.000
"Tenant A (Bully Data)","PutLarge",0,-11,0.009,0.009,0.000
"Tenant A (Bully Data)","PutLarge",0,-11,0.008,0.008,0.000
"Tenant A (Bully Data)","PutLarge",0,-11,0.002,0.002,0.000
"Tenant A (Bully Data)","PutLarge",0,-11,0.007,0.007,0.000
"Tenant A (Bully Data)","PutLarge",0,-11,0.004,0.004,0.000
"Tenant A (Bully Data)","PutLarge",0,-11,0.002,0.002,0.000
"Tenant A (Bully Data)","PutLarge",0,-11,0.008,0.008,0.000
"Tenant A (Bully Data)","ListBucket",0,-11,0.015,0.015,0.000
"Tenant A (Bully Data)","PutLarge",0,-11,0.008,0.008,0.000
"Tenant A (Bully Data)","PutLarge",0,-11,0.002,0.002,0.000
"Tenant A (Bully Data)","PutLarge",0,-11,0.005,0.005,0.000
"Tenant A (Bully Data)","PutLarge",0,-11,0.004,0.004,0.000
"Tenant A (Bully Data)","PutLarge",0,-11,0.037,0.037,0.000
"Tenant A (Bully Data)","PutLarge",0,-11,0.003,0.003,0.000
"Tenant A (Bully Data)","ListBucket",0,-11,0.007,0.007,0.000
"Tenant A (Bully Data)","PutLarge",0,-11,0.024,0.024,0.000
"Tenant A (Bully Data)","PutLarge",0,-11,0.008,0.008,0.000
"Tenant A (Bully Data)","ListBucket",0,-11,0.010,0.010,0.000
"Tenant A (Bully Data)","ListBucket",0,-11,0.007,0.007,0.000
"Tenant A (Bully Data)","ListBucket",0,-11,0.003,0.003,0.000
"Tenant A (Bully Data)","ListBucket",0,-11,0.032,0.032,0.000
"Tenant A (Bully Data)","ListBucket",0,-11,0.009,0.009,0.000
"Tenant A (Bully Data)","PutLarge",0,-11,0.013,0.013,0.000
"Tenant A (Bully Data)","PutLarge",0,-11,0.003,0.003,0.000
"Tenant A (Bully Data)","ListBucket",0,-11,0.018,0.018,0.000
"Tenant A (Bully Data)","PutLarge",0,-11,0.003,0.003,0.000
"Tenant A (Bully Data)","PutLarge",0,-11,0.003,0.003,0.000
"Tenant A (Bully Data)","PutLarge",0,-11,0.002,0.002,0.000
"Tenant A (Bully Data)","PutLarge",0,-11,0.004,0.004,0.000
"Tenant A (Bully Data)","ListBucket",0,-11,0.029,0.029,0.000
"Tenant A (Bully Data)","PutLarge",0,-11,0.004,0.004,0.000
"Tenant A (Bully Data)","PutLarge",0,-11,0.020,0.020,0.000
"Tenant A (Bully Data)","PutLarge",0,-11,0.031,0.031,0.000
"Tenant A (Bully Data)","PutLarge",0,-11,0.007,0.007,0.000
"Tenant A (Bully Data)","PutLarge",0,-11,0.038,0.038,0.000
"Tenant A (Bully Data)","PutLarge",0,-11,0.008,0.008,0.000
"Tenant A (Bully Data)","PutLarge",0,-11,0.009,0.009,0.000
"Tenant A (Bully Data)","ListBucket",0,-11,0.010,0.010,0.000
"Tenant A (Bully Data)","PutLarge",0,-11,0.028,0.028,0.000
"Tenant A (Bully Data)","ListBucket",0,-11,0.010,0.010,0.000
"Tenant A (Bully Data)","PutLarge",0,-11,0.008,0.008,0.000
"Tenant A (Bully Data)","ListBucket",0,-11,0.028,0.028,0.000
"Tenant A (Bully Data)","ListBucket",0,-11,0.009,0.009,0.000
"Tenant A (Bully Data)","PutLarge",0,-11,0.016,0.016,0.000
"Tenant A (Bully Data)","PutLarge",0,-11,0.003,0.003,0.000
"Tenant A (Bully Data)","ListBucket",0,-11,0.031,0.031,0.000
"Tenant A (Bully Data)","ListBucket",0,-11,0.007,0.007,0.000
"Tenant A (Bully Data)","ListBucket",0,-11,0.009,0.009,0.000
"Tenant A (Bully Data)","PutLarge",0,-11,0.007,0.007,0.000
"Tenant A (Bully Data)","PutLarge",0,-11,0.011,0.011,0.000
"Tenant A (Bully Data)","PutLarge",0,-11,0.002,0.002,0.000
"Tenant A (Bully Data)","PutLarge",0,-11,0.024,0.024,0.000
"Tenant A (Bully Data)","PutLarge",0,-11,0.004,0.004,0.000
"Tenant A (Bully Data)","ListBucket",0,-11,0.023,0.023,0.000
"Tenant A (Bully Data)","PutLarge",0,-11,0.004,0.004,0.000
"Tenant A (Bully Data)","ListBucket",0,-11,0.026,0.026,0.000
"Tenant A (Bully Data)","PutLarge",0,-11,0.006,0.006,0.000
"Tenant A (Bully Data)","PutLarge",0,-11,0.008,0.008,0.000
"Tenant A (Bully Data)","PutLarge",0,-11,0.004,0.004,0.000
"Tenant A (Bully Data)","PutLarge",0,-11,0.029,0.029,0.000
"Tenant A (Bully Data)","PutLarge",0,-11,0.008,0.008,0.000
"Tenant A (Bully Data)","PutLarge",0,-11,0.012,0.012,0.000
"Tenant A (Bully Data)","ListBucket",0,-11,0.008,0.008,0.000
"Tenant A (Bully Data)","PutLarge",0,-11,0.011,0.011,0.000
"Tenant A (Bully Data)","PutLarge",0,-11,0.010,0.010,0.000
"Tenant A (Bully Data)","ListBucket",0,-11,0.008,0.008,0.000
"Tenant A (Bully Data)","PutLarge",0,-11,0.011,0.011,0.000
"Tenant A (Bully Data)","PutLarge",0,-11,0.004,0.004,0.000
"Tenant A (Bully Data)","PutLarge",0,-11,0.030,0.030,0.000
"Tenant A (Bully Data)","PutLarge",0,-11,0.010,0.010,0.000
"Tenant A (Bully Data)","PutLarge",0,-11,0.012,0.012,0.000
"Tenant A (Bully Data)","PutLarge",0,-11,0.010,0.010,0.000
"Tenant A (Bully Data)","ListBucket",0,-11,0.011,0.011,0.000
"Tenant A (Bully Data)","PutLarge",0,-11,0.021,0.021,0.000
"Tenant A (Bully Data)","PutLarge",0,-11,0.007,0.007,0.000
"Tenant A (Bully Data)","ListBucket",0,-11,0.012,0.012,0.000
"Tenant A (Bully Data)","PutLarge",0,-11,0.013,0.013,0.000
"Tenant A (Bully Data)","PutLarge",0,-11,0.013,0.013,0.000
"Tenant A (Bully Data)","ListBucket",0,-11,0.016,0.016,0.000
"Tenant A (Bully Data)","ListBucket",0,-11,0.010,0.010,0.000
"Tenant A (Bully Data)","PutLarge",0,-11,0.010,0.010,0.000
"Tenant A (Bully Data)","PutLarge",0,-11,0.012,0.012,0.000
"Tenant A (Bully Data)","PutLarge",0,-11,0.042,0.042,0.000
"Tenant A (Bully Data)","PutLarge",0,-11,0.008,0.008,0.000
"Tenant A (Bully Data)","ListBucket",0,-11,0.021,0.021,0.000
"Tenant A (Bully Data)","PutLarge",0,-11,0.039,0.039,0.000
"Tenant A (Bully Data)","PutLarge",0,-11,0.008,0.008,0.000
"Tenant A (Bully Data)","PutLarge",0,-11,0.010,0.010,0.000
"Tenant A (Bully Data)","ListBucket",0,-11,0.010,0.010,0.000
"Tenant A (Bully Data)","PutLarge",0,-11,0.008,0.008,0.000
"Tenant A (Bully Data)","PutLarge",0,-11,0.011,0.011,0.000
"Tenant A (Bully Data)","PutLarge",0,-11,0.012,0.012,0.000
"Tenant A (Bully Data)","PutLarge",0,-11,0.038,0.038,0.000
"Tenant A (Bully Data)","ListBucket",0,-11,0.031,0.031,0.000
"Tenant A (Bully Data)","PutLarge",0,-11,0.010,0.010,0.000
"Tenant A (Bully Data)","ListBucket",0,-11,0.011,0.011,0.000
"Tenant A (Bully Data)","PutLarge",0,-11,0.011,0.011,0.000
"Tenant A (Bully Data)","ListBucket",0,-11,0.011,0.011,0.000
"Tenant A (Bully Data)","PutLarge",0,-11,0.007,0.007,0.000
"Tenant A (Bully Data)","PutLarge",0,-11,0.008,0.008,0.000
"Tenant A (Bully Data)","ListBucket",0,-11,0.045,0.045,0.000
"Tenant A (Bully Data)","PutLarge",0,-11,0.013,0.013,0.000
"Tenant A (Bully Data)","ListBucket",0,-11,0.004,0.004,0.000
"Tenant A (Bully Data)","ListBucket",0,-11,0.008,0.008,0.000
"Tenant A (Bully Data)","PutLarge",0,-11,0.017,0.017,0.000
"Tenant A (Bully Data)","PutLarge",0,-11,0.004,0.004,0.000
"Tenant A (Bully Data)","PutLarge",0,-11,0.022,0.022,0.000
"Tenant A (Bully Data)","PutLarge",0,-11,0.003,0.003,0.000
"Tenant A (Bully Data)","ListBucket",0,-11,0.061,0.061,0.000
"Tenant A (Bully Data)","ListBucket",0,-11,0.009,0.009,0.000
"Tenant A (Bully Data)","ListBucket",0,-11,0.008,0.008,0.000
"Tenant A (Bully Data)","ListBucket",0,-11,0.009,0.009,0.000
"Tenant A (Bully Data)","ListBucket",0,-11,0.004,0.004,0.000
"Tenant A (Bully Data)","ListBucket",0,-11,0.011,0.011,0.000
"Tenant A (Bully Data)","PutLarge",0,-11,0.032,0.032,0.000
"Tenant A (Bully Data)","PutLarge",0,-11,0.008,0.008,0.000
"Tenant A (Bully Data)","PutLarge",0,-11,0.039,0.039,0.000
"Tenant A (Bully Data)","PutLarge",0,-11,0.017,0.017,0.000
"Tenant A (Bully Data)","PutLarge",0,-11,0.004,0.004,0.000
"Tenant A (Bully Data)","ListBucket",0,-11,0.008,0.008,0.000
"Tenant A (Bully Data)","PutLarge",0,-11,0.010,0.010,0.000
"Tenant A (Bully Data)","PutLarge",0,-11,0.015,0.015,0.000
"Tenant A (Bully Data)","PutLarge",0,-11,0.010,0.010,0.000
"Tenant A (Bully Data)","PutLarge",0,-11,0.023,0.023,0.000
"Tenant A (Bully Data)","PutLarge",0,-11,0.005,0.005,0.000
"Tenant A (Bully Data)","ListBucket",0,-11,0.017,0.017,0.000
"Tenant A (Bully Data)","PutLarge",0,-11,0.042,0.042,0.000
"Tenant A (Bully Data)","PutLarge",0,-11,0.008,0.008,0.000
"Tenant A (Bully Data)","PutLarge",0,-11,0.068,0.068,0.000
"Tenant A (Bully Data)","PutLarge",0,-11,0.023,0.023,0.000
"Tenant A (Bully Data)","ListBucket",0,-11,0.009,0.009,0.000
"Tenant A (Bully Data)","ListBucket",0,-11,0.003,0.003,0.000
"Tenant A (Bully Data)","ListBucket",0,-11,0.004,0.004,0.000
"Tenant A (Bully Data)","ListBucket",0,-11,0.010,0.010,0.000
"Tenant A (Bully Data)","ListBucket",0,-11,0.025,0.025,0.000
"Tenant A (Bully Data)","PutLarge",0,-11,0.007,0.007,0.000
"Tenant A (Bully Data)","PutLarge",0,-11,0.030,0.030,0.000
"Tenant A (Bully Data)","ListBucket",0,-11,0.008,0.008,0.000
"Tenant A (Bully Data)","PutLarge",0,-11,0.019,0.019,0.000
"Tenant A (Bully Data)","ListBucket",0,-11,0.009,0.009,0.000
"Tenant A (Bully Data)","PutLarge",0,-11,0.012,0.012,0.000
"Tenant A (Bully Data)","PutLarge",0,-11,0.007,0.007,0.000
"Tenant A (Bully Data)","PutLarge",0,-11,0.007,0.007,0.000
"Tenant A (Bully Data)","ListBucket",0,-11,0.012,0.012,0.000
"Tenant A (Bully Data)","ListBucket",0,-11,0.004,0.004,0.000
"Tenant A (Bully Data)","ListBucket",0,-11,0.012,0.012,0.000
"Tenant A (Bully Data)","PutLarge",0,-11,0.018,0.018,0.000
"Tenant A (Bully Data)","PutLarge",0,-11,0.014,0.014,0.000
"Tenant A (Bully Data)","ListBucket",0,-11,0.004,0.004,0.000
"Tenant A (Bully Data)","PutLarge",0,-11,0.029,0.029,0.000
"Tenant A (Bully Data)","ListBucket",0,-11,0.012,0.012,0.000
"Tenant A (Bully Data)","ListBucket",0,-11,0.003,0.003,0.000
"Tenant A (Bully Data)","PutLarge",0,-11,0.005,0.005,0.000
"Tenant A (Bully Data)","PutLarge",0,-11,0.030,0.030,0.000
"Tenant A (Bully Data)","PutLarge",0,-11,0.013,0.013,0.000
"Tenant A (Bully Data)","ListBucket",0,-11,0.014,0.014,0.000
"Tenant A (Bully Data)","PutLarge",0,-11,0.029,0.029,0.000
"Tenant A (Bully Data)","ListBucket",0,-11,0.012,0.012,0.000
"Tenant A (Bully Data)","ListBucket",0,-11,0.007,0.007,0.000
"Tenant A (Bully Data)","PutLarge",0,-11,0.029,0.029,0.000
"Tenant A (Bully Data)","PutLarge",0,-11,0.013,0.013,0.000
"Tenant A (Bully Data)","PutLarge",0,-11,0.033,0.033,0.000
"Tenant A (Bully Data)","PutLarge",0,-11,0.015,0.015,0.000
"Tenant A (Bully Data)","PutLarge",0,-11,0.014,0.014,0.000
"Tenant A (Bully Data)","ListBucket",0,-11,0.022,0.022,0.000
"Tenant A (Bully Data)","PutLarge",0,-11,0.007,0.007,0.000
"Tenant A (Bully Data)","PutLarge",0,-11,0.008,0.008,0.000
"Tenant A (Bully Data)","PutLarge",0,-11,0.013,0.013,0.000
"Tenant A (Bully Data)","ListBucket",0,-11,0.009,0.009,0.000
"Tenant A (Bully Data)","PutLarge",0,-11,0.010,0.010,0.000
"Tenant A (Bully Data)","ListBucket",0,-11,0.012,0.012,0.000
"Tenant A (Bully Data)","PutLarge",0,-11,0.008,0.008,0.000
"Tenant A (Bully Data)","PutLarge",0,-11,0.009,0.009,0.000
"Tenant A (Bully Data)","PutLarge",0,-11,0.021,0.021,0.000
"Tenant A (Bully Data)","PutLarge",0,-11,0.008,0.008,0.000
"Tenant A (Bully Data)","PutLarge",0,-11,0.025,0.025,0.000
"Tenant A (Bully Data)","ListBucket",0,-11,0.008,0.008,0.000
"Tenant A (Bully Data)","PutLarge",0,-11,0.052,0.052,0.000
"Tenant A (Bully Data)","ListBucket",0,-11,0.027,0.027,0.000
"Tenant A (Bully Data)","ListBucket",0,-11,0.004,0.004,0.000
"Tenant A (Bully Data)","ListBucket",0,-11,0.043,0.043,0.000
"Tenant A (Bully Data)","ListBucket",0,-11,0.016,0.016,0.000
"Tenant A (Bully Data)","PutLarge",0,-11,0.011,0.011,0.000
"Tenant A (Bully Data)","PutLarge",0,-11,0.009,0.009,0.000
"Tenant A (Bully Data)","PutLarge",0,-11,0.027,0.027,0.000
"Tenant A (Bully Data)","PutLarge",0,-11,0.011,0.011,0.000
"Tenant A (Bully Data)","ListBucket",0,-11,0.019,0.019,0.000
"Tenant A (Bully Data)","PutLarge",0,-11,0.010,0.010,0.000
"Tenant A (Bully Data)","PutLarge",0,-11,0.015,0.015,0.000
"Tenant A (Bully Data)","PutLarge",0,-11,0.010,0.010,0.000
"Tenant A (Bully Data)","PutLarge",0,-11,0.006,0.006,0.000
"Tenant A (Bully Data)","PutLarge",0,-11,0.003,0.003,0.000
"Tenant A (Bully Data)","PutLarge",0,-11,0.028,0.028,0.000
"Tenant A (Bully Data)","PutLarge",0,-11,0.009,0.009,0.000
"Tenant A (Bully Data)","PutLarge",0,-11,0.012,0.012,0.000
"Tenant A (Bully Data)","ListBucket",0,-11,0.056,0.056,0.000
"Tenant A (Bully Data)","ListBucket",0,-11,0.010,0.010,0.000
"Tenant A (Bully Data)","PutLarge",0,-11,0.030,0.030,0.000
"Tenant A (Bully Data)","PutLarge",0,-11,0.015,0.015,0.000
"Tenant A (Bully Data)","PutLarge",0,-11,0.020,0.020,0.000
"Tenant A (Bully Data)","PutLarge",0,-11,0.010,0.010,0.000
"Tenant A (Bully Data)","PutLarge",0,-11,0.004,0.004,0.000
"Tenant A (Bully Data)","PutLarge",0,-11,0.013,0.013,0.000
"Tenant A (Bully Data)","PutLarge",0,-11,0.019,0.019,0.000
"Tenant A (Bully Data)","PutLarge",0,-11,0.010,0.010,0.000
"Tenant A (Bully Data)","PutLarge",0,-11,0.004,0.004,0.000
"Tenant A (Bully Data)","ListBucket",0,-11,0.032,0.032,0.000
"Tenant A (Bully Data)","ListBucket",0,-11,0.012,0.012,0.000
"Tenant A (Bully Data)","ListBucket",0,-11,0.022,0.022,0.000
"Tenant A (Bully Data)","PutLarge",0,-11,0.003,0.003,0.000
"Tenant A (Bully Data)","PutLarge",0,-11,0.031,0.031,0.000
"Tenant A (Bully Data)","PutLarge",0,-11,0.012,0.012,0.000
"Tenant A (Bully Data)","ListBucket",0,-11,0.011,0.011,0.000
"Tenant A (Bully Data)","PutLarge",0,-11,0.014,0.014,0.000
"Tenant A (Bully Data)","PutLarge",0,-11,0.029,0.029,0.000
"Tenant A (Bully Data)","ListBucket",0,-11,0.003,0.003,0.000
"Tenant A (Bully Data)","PutLarge",0,-11,0.025,0.025,0.000
"Tenant A (Bully Data)","PutLarge",0,-11,0.003,0.003,0.000
"Tenant A (Bully Data)","PutLarge",0,-11,0.008,0.008,0.000
"Tenant A (Bully Data)","PutLarge",0,-11,0.002,0.002,0.000
"Tenant A (Bully Data)","PutLarge",0,-11,0.019,0.019,0.000
"Tenant A (Bully Data)","PutLarge",0,-11,0.011,0.011,0.000
"Tenant A (Bully Data)","ListBucket",0,-11,0.011,0.011,0.000
"Tenant A (Bully Data)","ListBucket",0,-11,0.015,0.015,0.000
"Tenant A (Bully Data)","PutLarge",0,-11,0.020,0.020,0.000
"Tenant A (Bully Data)","ListBucket",0,-11,0.033,0.033,0.000
"Tenant A (Bully Data)","PutLarge",0,-11,0.019,0.019,0.000
"Tenant A (Bully Data)","PutLarge",0,-11,0.040,0.040,0.000
"Tenant A (Bully Data)","PutLarge",0,-11,0.013,0.013,0.000
"Tenant A (Bully Data)","PutLarge",0,-11,0.056,0.056,0.000
"Tenant A (Bully Data)","PutLarge",0,-11,0.012,0.012,0.000
"Tenant A (Bully Data)","ListBucket",0,-11,0.036,0.036,0.000
"Tenant A (Bully Data)","PutLarge",0,-11,0.009,0.009,0.000
"Tenant A (Bully Data)","PutLarge",0,-11,0.010,0.010,0.000
"Tenant A (Bully Data)","PutLarge",0,-11,0.013,0.013,0.000
"Tenant A (Bully Data)","PutLarge",0,-11,0.007,0.007,0.000
"Tenant A (Bully Data)","ListBucket",0,-11,0.008,0.008,0.000
"Tenant A (Bully Data)","ListBucket",0,-11,0.043,0.043,0.000
"Tenant A (Bully Data)","PutLarge",0,-11,0.018,0.018,0.000
"Tenant A (Bully Data)","PutLarge",0,-11,0.011,0.011,0.000
"Tenant A (Bully Data)","PutLarge",0,-11,0.043,0.043,0.000
"Tenant A (Bully Data)","ListBucket",0,-11,0.011,0.011,0.000
"Tenant A (Bully Data)","PutLarge",0,-11,0.017,0.017,0.000
"Tenant A (Bully Data)","PutLarge",0,-11,0.021,0.021,0.000
"Tenant A (Bully Data)","PutLarge",0,-11,0.009,0.009,0.000
"Tenant A (Bully Data)","ListBucket",0,-11,0.026,0.026,0.000
"Tenant A (Bully Data)","PutLarge",0,-11,0.018,0.018,0.000
"Tenant A (Bully Data)","PutLarge",0,-11,0.004,0.004,0.000
"Tenant A (Bully Data)","PutLarge",0,-11,0.026,0.026,0.000
"Tenant A (Bully Data)","PutLarge",0,-11,0.009,0.009,0.000
"Tenant A (Bully Data)","ListBucket",0,-11,0.016,0.016,0.000
"Tenant A (Bully Data)","PutLarge",0,-11,0.021,0.021,0.000
"Tenant A (Bully Data)","PutLarge",0,-11,0.009,0.009,0.000
"Tenant A (Bully Data)","PutLarge",0,-11,0.021,0.021,0.000
"Tenant A (Bully Data)","PutLarge",0,-11,0.004,0.004,0.000
"Tenant A (Bully Data)","PutLarge",0,-11,0.009,0.009,0.000
"Tenant A (Bully Data)","PutLarge",0,-11,0.019,0.019,0.000
"Tenant A (Bully Data)","PutLarge",0,-11,0.003,0.003,0.000
"Tenant A (Bully Data)","PutLarge",0,-11,0.023,0.023,0.000
"Tenant A (Bully Data)","ListBucket",0,-11,0.002,0.002,0.000
"Tenant A (Bully Data)","ListBucket",0,-11,0.008,0.008,0.000
"Tenant A (Bully Data)","PutLarge",0,-11,0.013,0.013,0.000
"Tenant A (Bully Data)","PutLarge",0,-11,0.009,0.009,0.000
"Tenant A (Bully Data)","PutLarge",0,-11,0.007,0.007,0.000
"Tenant A (Bully Data)","ListBucket",0,-11,0.019,0.019,0.000
"Tenant A (Bully Data)","PutLarge",0,-11,0.029,0.029,0.000
"Tenant A (Bully Data)","ListBucket",0,-11,0.011,0.011,0.000
"Tenant A (Bully Data)","PutLarge",0,-11,0.007,0.007,0.000
"Tenant A (Bully Data)","PutLarge",0,-11,0.003,0.003,0.000
"Tenant A (Bully Data)","PutLarge",0,-11,0.009,0.009,0.000
"Tenant A (Bully Data)","PutLarge",0,-11,0.043,0.043,0.000
"Tenant A (Bully Data)","PutLarge",0,-11,0.035,0.035,0.000
"Tenant A (Bully Data)","PutLarge",0,-11,0.008,0.008,0.000
"Tenant A (Bully Data)","PutLarge",0,-11,0.032,0.032,0.000
"Tenant A (Bully Data)","ListBucket",0,-11,0.012,0.012,0.000
"Tenant A (Bully Data)","PutLarge",0,-11,0.008,0.008,0.000
"Tenant A (Bully Data)","ListBucket",0,-11,0.007,0.007,0.000
"Tenant A (Bully Data)","ListBucket",0,-11,0.010,0.010,0.000
"Tenant A (Bully Data)","ListBucket",0,-11,0.041,0.041,0.000
"Tenant A (Bully Data)","PutLarge",0,-11,0.007,0.007,0.000
"Tenant A (Bully Data)","PutLarge",0,-11,0.008,0.008,0.000
"Tenant A (Bully Data)","PutLarge",0,-11,0.039,0.039,0.000
"Tenant A (Bully Data)","PutLarge",0,-11,0.008,0.008,0.000
"Tenant A (Bully Data)","PutLarge",0,-11,0.039,0.039,0.000
"Tenant A (Bully Data)","PutLarge",0,-11,0.007,0.007,0.000
"Tenant A (Bully Data)","PutLarge",0,-11,0.030,0.030,0.000
"Tenant A (Bully Data)","ListBucket",0,-11,0.006,0.006,0.000
"Tenant A (Bully Data)","PutLarge",0,-11,0.029,0.029,0.000
"Tenant A (Bully Data)","PutLarge",0,-11,0.007,0.007,0.000
"Tenant A (Bully Data)","ListBucket",0,-11,0.006,0.006,0.000
"Tenant A (Bully Data)","PutLarge",0,-11,0.011,0.011,0.000
"Tenant A (Bully Data)","PutLarge",0,-11,0.010,0.010,0.000
"Tenant A (Bully Data)","PutLarge",0,-11,0.017,0.017,0.000
"Tenant A (Bully Data)","PutLarge",0,-11,0.008,0.008,0.000
"Tenant A (Bully Data)","ListBucket",0,-11,0.008,0.008,0.000
"Tenant A (Bully Data)","PutLarge",0,-11,0.011,0.011,0.000
"Tenant A (Bully Data)","PutLarge",0,-11,0.022,0.022,0.000
"Tenant A (Bully Data)","PutLarge",0,-11,0.020,0.020,0.000
"Tenant A (Bully Data)","PutLarge",0,-11,0.019,0.019,0.000
"Tenant A (Bully Data)","PutLarge",0,-11,0.016,0.016,0.000
"Tenant A (Bully Data)","PutLarge",0,-11,0.009,0.009,0.000
"Tenant A (Bully Data)","ListBucket",0,-11,0.010,0.010,0.000
"Tenant A (Bully Data)","ListBucket",0,-11,0.017,0.017,0.000
"Tenant A (Bully Data)","PutLarge",0,-11,0.008,0.008,0.000
"Tenant A (Bully Data)","ListBucket",0,-11,0.027,0.027,0.000
"Tenant A (Bully Data)","PutLarge",0,-11,0.002,0.002,0.000
"Tenant A (Bully Data)","PutLarge",0,-11,0.007,0.007,0.000
"Tenant A (Bully Data)","PutLarge",0,-11,0.021,0.021,0.000
"Tenant A (Bully Data)","PutLarge",0,-11,0.003,0.003,0.000
"Tenant A (Bully Data)","PutLarge",0,-11,0.008,0.008,0.000
"Tenant A (Bully Data)","ListBucket",0,-11,0.022,0.022,0.000
"Tenant A (Bully Data)","PutLarge",0,-11,0.002,0.002,0.000
"Tenant A (Bully Data)","PutLarge",0,-11,0.004,0.004,0.000
"Tenant A (Bully Data)","PutLarge",0,-11,0.007,0.007,0.000
"Tenant A (Bully Data)","PutLarge",0,-11,0.036,0.036,0.000
"Tenant A (Bully Data)","PutLarge",0,-11,0.008,0.008,0.000
"Tenant A (Bully Data)","ListBucket",0,-11,0.002,0.002,0.000
"Tenant A (Bully Data)","ListBucket",0,-11,0.019,0.019,0.000
"Tenant A (Bully Data)","ListBucket",0,-11,0.008,0.008,0.000
"Tenant A (Bully Data)","PutLarge",0,-11,0.031,0.031,0.000
"Tenant A (Bully Data)","PutLarge",0,-11,0.041,0.041,0.000
"Tenant A (Bully Data)","PutLarge",0,-11,0.012,0.012,0.000
"Tenant A (Bully Data)","PutLarge",0,-11,0.022,0.022,0.000
"Tenant A (Bully Data)","ListBucket",0,-11,0.008,0.008,0.000
"Tenant A (Bully Data)","PutLarge",0,-11,0.013,0.013,0.000
"Tenant A (Bully Data)","PutLarge",0,-11,0.023,0.023,0.000
"Tenant A (Bully Data)","PutLarge",0,-11,0.011,0.011,0.000
"Tenant A (Bully Data)","PutLarge",0,-11,0.009,0.009,0.000
"Tenant A (Bully Data)","PutLarge",0,-11,0.011,0.011,0.000
"Tenant A (Bully Data)","ListBucket",0,-11,0.014,0.014,0.000
"Tenant A (Bully Data)","PutLarge",0,-11,0.009,0.009,0.000
"Tenant A (Bully Data)","ListBucket",0,-11,0.012,0.012,0.000
"Tenant A (Bully Data)","PutLarge",0,-11,0.008,0.008,0.000
"Tenant A (Bully Data)","ListBucket",0,-11,0.019,0.019,0.000
"Tenant A (Bully Data)","PutLarge",0,-11,0.008,0.008,0.000
"Tenant A (Bully Data)","PutLarge",0,-11,0.026,0.026,0.000
"Tenant A (Bully Data)","ListBucket",0,-11,0.020,0.020,0.000
"Tenant A (Bully Data)","PutLarge",0,-11,0.006,0.006,0.000
"Tenant A (Bully Data)","PutLarge",0,-11,0.008,0.008,0.000
"Tenant A (Bully Data)","ListBucket",0,-11,0.042,0.042,0.000
"Tenant A (Bully Data)","ListBucket",0,-11,0.008,0.008,0.000
"Tenant A (Bully Data)","PutLarge",0,-11,0.009,0.009,0.000
"Tenant A (Bully Data)","PutLarge",0,-11,0.020,0.020,0.000
"Tenant A (Bully Data)","ListBucket",0,-11,0.009,0.009,0.000
"Tenant A (Bully Data)","PutLarge",0,-11,0.012,0.012,0.000
"Tenant A (Bully Data)","PutLarge",0,-11,0.008,0.008,0.000
"Tenant A (Bully Data)","ListBucket",0,-11,0.004,0.004,0.000
"Tenant A (Bully Data)","PutLarge",0,-11,0.005,0.005,0.000
"Tenant A (Bully Data)","PutLarge",0,-11,0.031,0.031,0.000
"Tenant A (Bully Data)","PutLarge",0,-11,0.009,0.009,0.000
"Tenant A (Bully Data)","PutLarge",0,-11,0.013,0.013,0.000
"Tenant A (Bully Data)","PutLarge",0,-11,0.007,0.007,0.000
"Tenant A (Bully Data)","PutLarge",0,-11,0.007,0.007,0.000
"Tenant A (Bully Data)","PutLarge",0,-11,0.003,0.003,0.000
"Tenant A (Bully Data)","PutLarge",0,-11,0.011,0.011,0.000
"Tenant A (Bully Data)","PutLarge",0,-11,0.026,0.026,0.000
"Tenant A (Bully Data)","PutLarge",0,-11,0.010,0.010,0.000
"Tenant A (Bully Data)","PutLarge",0,-11,0.032,0.032,0.000
"Tenant A (Bully Data)","ListBucket",0,-11,0.040,0.040,0.000
"Tenant A (Bully Data)","PutLarge",0,-11,0.004,0.004,0.000
"Tenant A (Bully Data)","ListBucket",0,-11,0.022,0.022,0.000
"Tenant A (Bully Data)","ListBucket",0,-11,0.028,0.028,0.000
"Tenant A (Bully Data)","PutLarge",0,-11,0.004,0.004,0.000
"Tenant A (Bully Data)","ListBucket",0,-11,0.027,0.027,0.000
"Tenant A (Bully Data)","PutLarge",0,-11,0.011,0.011,0.000
"Tenant A (Bully Data)","ListBucket",0,-11,0.019,0.019,0.000
"Tenant A (Bully Data)","PutLarge",0,-11,0.010,0.010,0.000
"Tenant A (Bully Data)","PutLarge",0,-11,0.017,0.017,0.000
"Tenant A (Bully Data)","PutLarge",0,-11,0.004,0.004,0.000
"Tenant A (Bully Data)","ListBucket",0,-11,0.004,0.004,0.000
"Tenant A (Bully Data)","PutLarge",0,-11,0.027,0.027,0.000
"Tenant A (Bully Data)","PutLarge",0,-11,0.019,0.019,0.000
"Tenant A (Bully Data)","PutLarge",0,-11,0.016,0.016,0.000
"Tenant A (Bully Data)","PutLarge",0,-11,0.009,0.009,0.000
"Tenant A (Bully Data)","PutLarge",0,-11,0.041,0.041,0.000
"Tenant A (Bully Data)","ListBucket",0,-11,0.009,0.009,0.000
"Tenant A (Bully Data)","ListBucket",0,-11,0.043,0.043,0.000
"Tenant A (Bully Data)","PutLarge",0,-11,0.009,0.009,0.000
"Tenant A (Bully Data)","PutLarge",0,-11,0.011,0.011,0.000
"Tenant A (Bully Data)","ListBucket",0,-11,0.010,0.010,0.000
"Tenant A (Bully Data)","PutLarge",0,-11,0.003,0.003,0.000
"Tenant A (Bully Data)","PutLarge",0,-11,0.003,0.003,0.000
"Tenant A (Bully Data)","ListBucket",0,-11,0.012,0.012,0.000
"Tenant A (Bully Data)","PutLarge",0,-11,0.008,0.008,0.000
"Tenant A (Bully Data)","PutLarge",0,-11,0.041,0.041,0.000
"Tenant A (Bully Data)","PutLarge",0,-11,0.007,0.007,0.000
"Tenant A (Bully Data)","PutLarge",0,-11,0.004,0.004,0.000
"Tenant A (Bully Data)","PutLarge",0,-11,0.022,0.022,0.000
"Tenant A (Bully Data)","PutLarge",0,-11,0.005,0.005,0.000
"Tenant A (Bully Data)","PutLarge",0,-11,0.007,0.007,0.000
"Tenant A (Bully Data)","PutLarge",0,-11,0.012,0.012,0.000
"Tenant A (Bully Data)","ListBucket",0,-11,0.008,0.008,0.000
"Tenant A (Bully Data)","PutLarge",0,-11,0.028,0.028,0.000
"Tenant A (Bully Data)","ListBucket",0,-11,0.020,0.020,0.000
"Tenant A (Bully Data)","PutLarge",0,-11,0.003,0.003,0.000
"Tenant A (Bully Data)","PutLarge",0,-11,0.004,0.004,0.000
"Tenant A (Bully Data)","PutLarge",0,-11,0.008,0.008,0.000
"Tenant A (Bully Data)","PutLarge",0,-11,0.002,0.002,0.000
"Tenant A (Bully Data)","ListBucket",0,-11,0.013,0.013,0.000
"Tenant A (Bully Data)","PutLarge",0,-11,0.005,0.005,0.000
"Tenant A (Bully Data)","ListBucket",0,-11,0.037,0.037,0.000
"Tenant A (Bully Data)","PutLarge",0,-11,0.003,0.003,0.000
"Tenant A (Bully Data)","PutLarge",0,-11,0.027,0.027,0.000
"Tenant A (Bully Data)","PutLarge",0,-11,0.007,0.007,0.000
"Tenant A (Bully Data)","ListBucket",0,-11,0.011,0.011,0.000
"Tenant A (Bully Data)","PutLarge",0,-11,0.005,0.005,0.000
"Tenant A (Bully Data)","PutLarge",0,-11,0.009,0.009,0.000
"Tenant A (Bully Data)","PutLarge",0,-11,0.004,0.004,0.000
"Tenant A (Bully Data)","ListBucket",0,-11,0.003,0.003,0.000
"Tenant A (Bully Data)","PutLarge",0,-11,0.017,0.017,0.000
"Tenant A (Bully Data)","ListBucket",0,-11,0.011,0.011,0.000
"Tenant A (Bully Data)","PutLarge",0,-11,0.005,0.005,0.000
"Tenant A (Bully Data)","ListBucket",0,-11,0.003,0.003,0.000
"Tenant A (Bully Data)","ListBucket",0,-11,0.003,0.003,0.000
"Tenant A (Bully Data)","PutLarge",0,-11,0.002,0.002,0.000
"Tenant A (Bully Data)","ListBucket",0,-11,0.003,0.003,0.000
"Tenant A (Bully Data)","PutLarge",0,-11,0.028,0.028,0.000
"Tenant A (Bully Data)","ListBucket",0,-11,0.013,0.013,0.000
"Tenant A (Bully Data)","ListBucket",0,-11,0.023,0.023,0.000
"Tenant A (Bully Data)","ListBucket",0,-11,0.011,0.011,0.000
"Tenant A (Bully Data)","PutLarge",0,-11,0.004,0.004,0.000
"Tenant A (Bully Data)","ListBucket",0,-11,0.005,0.005,0.000
"Tenant A (Bully Data)","PutLarge",0,-11,0.016,0.016,0.000
"Tenant A (Bully Data)","PutLarge",0,-11,0.006,0.006,0.000
"Tenant A (Bully Data)","PutLarge",0,-11,0.023,0.023,0.000
"Tenant A (Bully Data)","ListBucket",0,-11,0.017,0.017,0.000
"Tenant A (Bully Data)","ListBucket",0,-11,0.014,0.014,0.000
"Tenant A (Bully Data)","PutLarge",0,-11,0.006,0.006,0.000
"Tenant A (Bully Data)","ListBucket",0,-11,0.037,0.037,0.000
"Tenant A (Bully Data)","PutLarge",0,-11,0.026,0.026,0.000
"Tenant A (Bully Data)","PutLarge",0,-11,0.004,0.004,0.000
"Tenant A (Bully Data)","PutLarge",0,-11,0.028,0.028,0.000
"Tenant A (Bully Data)","PutLarge",0,-11,0.007,0.007,0.000
"Tenant A (Bully Data)","PutLarge",0,-11,0.014,0.014,0.000
"Tenant A (Bully Data)","PutLarge",0,-11,0.020,0.020,0.000
"Tenant A (Bully Data)","ListBucket",0,-11,0.003,0.003,0.000
"Tenant A (Bully Data)","PutLarge",0,-11,0.031,0.031,0.000
"Tenant A (Bully Data)","ListBucket",0,-11,0.009,0.009,0.000
"Tenant A (Bully Data)","PutLarge",0,-11,0.014,0.014,0.000
"Tenant A (Bully Data)","ListBucket",0,-11,0.015,0.015,0.000
"Tenant A (Bully Data)","PutLarge",0,-11,0.012,0.012,0.000
"Tenant A (Bully Data)","PutLarge",0,-11,0.007,0.007,0.000
"Tenant A (Bully Data)","PutLarge",0,-11,0.007,0.007,0.000
"Tenant A (Bully Data)","PutLarge",0,-11,0.029,0.029,0.000
"Tenant A (Bully Data)","ListBucket",0,-11,0.008,0.008,0.000
"Tenant A (Bully Data)","PutLarge",0,-11,0.030,0.030,0.000
"Tenant A (Bully Data)","ListBucket",0,-11,0.013,0.013,0.000
"Tenant A (Bully Data)","PutLarge",0,-11,0.025,0.025,0.000
"Tenant A (Bully Data)","PutLarge",0,-11,0.019,0.019,0.000
"Tenant A (Bully Data)","PutLarge",0,-11,0.010,0.010,0.000
"Tenant A (Bully Data)","PutLarge",0,-11,0.005,0.005,0.000
"Tenant A (Bully Data)","ListBucket",0,-11,0.022,0.022,0.000
"Tenant A (Bully Data)","PutLarge",0,-11,0.005,0.005,0.000
"Tenant A (Bully Data)","ListBucket",0,-11,0.004,0.004,0.000
"Tenant A (Bully Data)","PutLarge",0,-11,0.028,0.028,0.000
"Tenant A (Bully Data)","PutLarge",0,-11,0.012,0.012,0.000
"Tenant A (Bully Data)","PutLarge",0,-11,0.007,0.007,0.000
"Tenant A (Bully Data)","PutLarge",0,-11,0.008,0.008,0.000
"Tenant A (Bully Data)","PutLarge",0,-11,0.008,0.008,0.000
"Tenant A (Bully Data)","ListBucket",0,-11,0.019,0.019,0.000
"Tenant A (Bully Data)","PutLarge",0,-11,0.014,0.014,0.000
"Tenant A (Bully Data)","PutLarge",0,-11,0.010,0.010,0.000
"Tenant A (Bully Data)","PutLarge",0,-11,0.018,0.018,0.000
"Tenant A (Bully Data)","ListBucket",0,-11,0.005,0.005,0.000
"Tenant A (Bully Data)","PutLarge",0,-11,0.003,0.003,0.000
"Tenant A (Bully Data)","PutLarge",0,-11,0.031,0.031,0.000
"Tenant A (Bully Data)","PutLarge",0,-11,0.007,0.007,0.000
"Tenant A (Bully Data)","PutLarge",0,-11,0.012,0.012,0.000
"Tenant A (Bully Data)","PutLarge",0,-11,0.017,0.017,0.000
"Tenant A (Bully Data)","PutLarge",0,-11,0.012,0.012,0.000
"Tenant A (Bully Data)","PutLarge",0,-11,0.013,0.013,0.000
"Tenant A (Bully Data)","PutLarge",0,-11,0.010,0.010,0.000
"Tenant A (Bully Data)","ListBucket",0,-11,0.028,0.028,0.000
"Tenant A (Bully Data)","ListBucket",0,-11,0.013,0.013,0.000
"Tenant A (Bully Data)","PutLarge",0,-11,0.035,0.035,0.000
"Tenant A (Bully Data)","ListBucket",0,-11,0.009,0.009,0.000
"Tenant A (Bully Data)","ListBucket",0,-11,0.015,0.015,0.000
"Tenant A (Bully Data)","PutLarge",0,-11,0.009,0.009,0.000
"Tenant A (Bully Data)","PutLarge",0,-11,0.021,0.021,0.000
"Tenant A (Bully Data)","PutLarge",0,-11,0.034,0.034,0.000
"Tenant A (Bully Data)","PutLarge",0,-11,0.007,0.007,0.000
"Tenant A (Bully Data)","PutLarge",0,-11,0.011,0.011,0.000
"Tenant A (Bully Data)","PutLarge",0,-11,0.019,0.019,0.000
"Tenant A (Bully Data)","PutLarge",0,-11,0.004,0.004,0.000
"Tenant A (Bully Data)","ListBucket",0,-11,0.004,0.004,0.000
"Tenant A (Bully Data)","PutLarge",0,-11,0.002,0.002,0.000
"Tenant A (Bully Data)","ListBucket",0,-11,0.014,0.014,0.000
"Tenant A (Bully Data)","PutLarge",0,-11,0.045,0.045,0.000
"Tenant A (Bully Data)","PutLarge",0,-11,0.007,0.007,0.000
"Tenant A (Bully Data)","PutLarge",0,-11,0.009,0.009,0.000
"Tenant A (Bully Data)","PutLarge",0,-11,0.009,0.009,0.000
"Tenant A (Bully Data)","PutLarge",0,-11,0.020,0.020,0.000
"Tenant A (Bully Data)","PutLarge",0,-11,0.009,0.009,0.000
"Tenant A (Bully Data)","PutLarge",0,-11,0.008,0.008,0.000
"Tenant A (Bully Data)","PutLarge",0,-11,0.008,0.008,0.000
"Tenant A (Bully Data)","PutLarge",0,-11,0.008,0.008,0.000
"Tenant A (Bully Data)","PutLarge",0,-11,0.041,0.041,0.000
"Tenant A (Bully Data)","ListBucket",0,-11,0.009,0.009,0.000
"Tenant A (Bully Data)","ListBucket",0,-11,0.014,0.014,0.000
"Tenant A (Bully Data)","PutLarge",0,-11,0.008,0.008,0.000
"Tenant A (Bully Data)","PutLarge",0,-11,0.003,0.003,0.000
"Tenant A (Bully Data)","PutLarge",0,-11,0.026,0.026,0.000
"Tenant A (Bully Data)","ListBucket",0,-11,0.020,0.020,0.000
"Tenant A (Bully Data)","PutLarge",0,-11,0.011,0.011,0.000
"Tenant A (Bully Data)","PutLarge",0,-11,0.007,0.007,0.000
"Tenant A (Bully Data)","PutLarge",0,-11,0.008,0.008,0.000
"Tenant A (Bully Data)","PutLarge",0,-11,0.004,0.004,0.000
"Tenant A (Bully Data)","PutLarge",0,-11,0.031,0.031,0.000
"Tenant A (Bully Data)","PutLarge",0,-11,0.011,0.011,0.000
"Tenant A (Bully Data)","PutLarge",0,-11,0.027,0.027,0.000
"Tenant A (Bully Data)","PutLarge",0,-11,0.031,0.031,0.000
"Tenant A (Bully Data)","PutLarge",0,-11,0.010,0.010,0.000
"Tenant A (Bully Data)","ListBucket",0,-11,0.031,0.031,0.000
"Tenant A (Bully Data)","PutLarge",0,-11,0.012,0.012,0.000
"Tenant A (Bully Data)","PutLarge",0,-11,0.021,0.021,0.000
"Tenant A (Bully Data)","ListBucket",0,-11,0.003,0.003,0.000
"Tenant A (Bully Data)","PutLarge",0,-11,0.003,0.003,0.000
"Tenant A (Bully Data)","PutLarge",0,-11,0.008,0.008,0.000
"Tenant A (Bully Data)","PutLarge",0,-11,0.011,0.011,0.000
"Tenant A (Bully Data)","PutLarge",0,-11,0.013,0.013,0.000
"Tenant A (Bully Data)","PutLarge",0,-11,0.006,0.006,0.000
"Tenant A (Bully Data)","PutLarge",0,-11,0.013,0.013,0.000
"Tenant A (Bully Data)","PutLarge",0,-11,0.040,0.040,0.000
"Tenant A (Bully Data)","PutLarge",0,-11,0.007,0.007,0.000
"Tenant A (Bully Data)","PutLarge",0,-11,0.014,0.014,0.000
"Tenant A (Bully Data)","PutLarge",0,-11,0.028,0.028,0.000
"Tenant A (Bully Data)","ListBucket",0,-11,0.019,0.019,0.000
"Tenant A (Bully Data)","PutLarge",0,-11,0.004,0.004,0.000
"Tenant A (Bully Data)","PutLarge",0,-11,0.026,0.026,0.000
"Tenant A (Bully Data)","PutLarge",0,-11,0.008,0.008,0.000
"Tenant A (Bully Data)","PutLarge",0,-11,0.019,0.019,0.000
"Tenant A (Bully Data)","PutLarge",0,-11,0.010,0.010,0.000
"Tenant A (Bully Data)","PutLarge",0,-11,0.033,0.033,0.000
"Tenant A (Bully Data)","PutLarge",0,-11,0.003,0.003,0.000
"Tenant A (Bully Data)","PutLarge",0,-11,0.030,0.030,0.000
"Tenant A (Bully Data)","PutLarge",0,-11,0.019,0.019,0.000
"Tenant A (Bully Data)","PutLarge",0,-11,0.008,0.008,0.000
"Tenant A (Bully Data)","PutLarge",0,-11,0.002,0.002,0.000
"Tenant A (Bully Data)","ListBucket",0,-11,0.005,0.005,0.000
"Tenant A (Bully Data)","PutLarge",0,-11,0.011,0.011,0.000
"Tenant A (Bully Data)","PutLarge",0,-11,0.007,0.007,0.000
"Tenant A (Bully Data)","ListBucket",0,-11,0.008,0.008,0.000
"Tenant A (Bully Data)","PutLarge",0,-11,0.008,0.008,0.000
"Tenant A (Bully Data)","ListBucket",0,-11,0.046,0.046,0.000
"Tenant A (Bully Data)","PutLarge",0,-11,0.003,0.003,0.000
"Tenant A (Bully Data)","PutLarge",0,-11,0.045,0.045,0.000
"Tenant A (Bully Data)","PutLarge",0,-11,0.011,0.011,0.000
"Tenant A (Bully Data)","PutLarge",0,-11,0.009,0.009,0.000
"Tenant A (Bully Data)","PutLarge",0,-11,0.006,0.006,0.000
"Tenant A (Bully Data)","PutLarge",0,-11,0.030,0.030,0.000
"Tenant A (Bully Data)","PutLarge",0,-11,0.018,0.018,0.000
"Tenant A (Bully Data)","PutLarge",0,-11,0.011,0.011,0.000
"Tenant A (Bully Data)","PutLarge",0,-11,0.009,0.009,0.000
"Tenant A (Bully Data)","PutLarge",0,-11,0.009,0.009,0.000
"Tenant A (Bully Data)","PutLarge",0,-11,0.010,0.010,0.000
"Tenant A (Bully Data)","ListBucket",0,-11,0.015,0.015,0.000
"Tenant A (Bully Data)","ListBucket",0,-11,0.008,0.008,0.000
"Tenant A (Bully Data)","PutLarge",0,-11,0.009,0.009,0.000
"Tenant A (Bully Data)","PutLarge",0,-11,0.036,0.036,0.000
"Tenant A (Bully Data)","PutLarge",0,-11,0.036,0.036,0.000
"Tenant A (Bully Data)","ListBucket",0,-11,0.003,0.003,0.000
"Tenant A (Bully Data)","PutLarge",0,-11,0.003,0.003,0.000
"Tenant A (Bully Data)","ListBucket",0,-11,0.014,0.014,0.000
"Tenant A (Bully Data)","PutLarge",0,-11,0.007,0.007,0.000
"Tenant A (Bully Data)","ListBucket",0,-11,0.016,0.016,0.000
"Tenant A (Bully Data)","ListBucket",0,-11,0.008,0.008,0.000
"Tenant A (Bully Data)","PutLarge",0,-11,0.009,0.009,0.000
"Tenant A (Bully Data)","PutLarge",0,-11,0.011,0.011,0.000
"Tenant A (Bully Data)","PutLarge",0,-11,0.006,0.006,0.000
"Tenant A (Bully Data)","ListBucket",0,-11,0.004,0.004,0.000
"Tenant A (Bully Data)","PutLarge",0,-11,0.005,0.005,0.000
"Tenant A (Bully Data)","ListBucket",0,-11,0.014,0.014,0.000
"Tenant A (Bully Data)","ListBucket",0,-11,0.008,0.008,0.000
"Tenant A (Bully Data)","PutLarge",0,-11,0.006,0.006,0.000
"Tenant A (Bully Data)","ListBucket",0,-11,0.015,0.015,0.000
"Tenant A (Bully Data)","PutLarge",0,-11,0.009,0.009,0.000
"Tenant A (Bully Data)","ListBucket",0,-11,0.008,0.008,0.000
"Tenant A (Bully Data)","PutLarge",0,-11,0.009,0.009,0.000
"Tenant A (Bully Data)","ListBucket",0,-11,0.006,0.006,0.000
"Tenant A (Bully Data)","ListBucket",0,-11,0.006,0.006,0.000
"Tenant A (Bully Data)","PutLarge",0,-11,0.009,0.009,0.000
"Tenant A (Bully Data)","PutLarge",0,-11,0.008,0.008,0.000
"Tenant A (Bully Data)","PutLarge",0,-11,0.012,0.012,0.000
"Tenant A (Bully Data)","PutLarge",0,-11,0.027,0.027,0.000
"Tenant A (Bully Data)","PutLarge",0,-11,0.021,0.021,0.000
"Tenant A (Bully Data)","ListBucket",0,-11,0.008,0.008,0.000
"Tenant A (Bully Data)","PutLarge",0,-11,0.009,0.009,0.000
"Tenant A (Bully Data)","PutLarge",0,-11,0.008,0.008,0.000
"Tenant A (Bully Data)","PutLarge",0,-11,0.005,0.005,0.000
"Tenant A (Bully Data)","PutLarge",0,-11,0.004,0.004,0.000
"Tenant A (Bully Data)","PutLarge",0,-11,0.020,0.020,0.000
"Tenant A (Bully Data)","PutLarge",0,-11,0.008,0.008,0.000
"Tenant A (Bully Data)","PutLarge",0,-11,0.009,0.009,0.000
"Tenant A (Bully Data)","ListBucket",0,-11,0.027,0.027,0.000
"Tenant A (Bully Data)","PutLarge",0,-11,0.023,0.023,0.000
"Tenant A (Bully Data)","ListBucket",0,-11,0.003,0.003,0.000
"Tenant A (Bully Data)","PutLarge",0,-11,0.026,0.026,0.000
"Tenant A (Bully Data)","PutLarge",0,-11,0.012,0.012,0.000
"Tenant A (Bully Data)","PutLarge",0,-11,0.022,0.022,0.000
"Tenant A (Bully Data)","PutLarge",0,-11,0.007,0.007,0.000
"Tenant A (Bully Data)","ListBucket",0,-11,0.009,0.009,0.000
"Tenant A (Bully Data)","ListBucket",0,-11,0.005,0.005,0.000
"Tenant A (Bully Data)","PutLarge",0,-11,0.009,0.009,0.000
"Tenant A (Bully Data)","ListBucket",0,-11,0.007,0.007,0.000
"Tenant A (Bully Data)","PutLarge",0,-11,0.029,0.029,0.000
"Tenant A (Bully Data)","PutLarge",0,-11,0.012,0.012,0.000
"Tenant A (Bully Data)","PutLarge",0,-11,0.010,0.010,0.000
"Tenant A (Bully Data)","ListBucket",0,-11,0.010,0.010,0.000
"Tenant A (Bully Data)","PutLarge",0,-11,0.010,0.010,0.000
"Tenant A (Bully Data)","PutLarge",0,-11,0.009,0.009,0.000
"Tenant A (Bully Data)","ListBucket",0,-11,0.023,0.023,0.000
"Tenant A (Bully Data)","PutLarge",0,-11,0.003,0.003,0.000
"Tenant A (Bully Data)","PutLarge",0,-11,0.008,0.008,0.000
"Tenant A (Bully Data)","PutLarge",0,-11,0.027,0.027,0.000
"Tenant A (Bully Data)","PutLarge",0,-11,0.005,0.005,0.000
"Tenant A (Bully Data)","PutLarge",0,-11,0.009,0.009,0.000
"Tenant A (Bully Data)","PutLarge",0,-11,0.006,0.006,0.000
"Tenant A (Bully Data)","PutLarge",0,-11,0.026,0.026,0.000
"Tenant A (Bully Data)","PutLarge",0,-11,0.007,0.007,0.000
"Tenant A (Bully Data)","PutLarge",0,-11,0.003,0.003,0.000
"Tenant A (Bully Data)","ListBucket",0,-11,0.008,0.008,0.000
"Tenant A (Bully Data)","PutLarge",0,-11,0.002,0.002,0.000
"Tenant A (Bully Data)","ListBucket",0,-11,0.038,0.038,0.000
"Tenant A (Bully Data)","PutLarge",0,-11,0.014,0.014,0.000
"Tenant A (Bully Data)","PutLarge",0,-11,0.003,0.003,0.000
"Tenant A (Bully Data)","PutLarge",0,-11,0.031,0.031,0.000
"Tenant A (Bully Data)","PutLarge",0,-11,0.014,0.014,0.000
"Tenant A (Bully Data)","PutLarge",0,-11,0.012,0.012,0.000
"Tenant A (Bully Data)","PutLarge",0,-11,0.010,0.010,0.000
"Tenant A (Bully Data)","PutLarge",0,-11,0.014,0.014,0.000
"Tenant A (Bully Data)","PutLarge",0,-11,0.005,0.005,0.000
"Tenant A (Bully Data)","ListBucket",0,-11,0.029,0.029,0.000
"Tenant A (Bully Data)","PutLarge",0,-11,0.013,0.013,0.000
"Tenant A (Bully Data)","PutLarge",0,-11,0.006,0.006,0.000
"Tenant A (Bully Data)","ListBucket",0,-11,0.040,0.040,0.000
"Tenant A (Bully Data)","PutLarge",0,-11,0.011,0.011,0.000
"Tenant A (Bully Data)","ListBucket",0,-11,0.017,0.017,0.000
"Tenant A (Bully Data)","ListBucket",0,-11,0.011,0.011,0.000
"Tenant A (Bully Data)","PutLarge",0,-11,0.009,0.009,0.000
"Tenant A (Bully Data)","PutLarge",0,-11,0.013,0.013,0.000
"Tenant A (Bully Data)","PutLarge",0,-11,0.016,0.016,0.000
"Tenant A (Bully Data)","ListBucket",0,-11,0.008,0.008,0.000
"Tenant A (Bully Data)","PutLarge",0,-11,0.019,0.019,0.000
"Tenant A (Bully Data)","PutLarge",0,-11,0.009,0.009,0.000
"Tenant A (Bully Data)","PutLarge",0,-11,0.019,0.019,0.000
"Tenant A (Bully Data)","PutLarge",0,-11,0.008,0.008,0.000
"Tenant A (Bully Data)","ListBucket",0,-11,0.023,0.023,0.000
"Tenant A (Bully Data)","ListBucket",0,-11,0.002,0.002,0.000
"Tenant A (Bully Data)","PutLarge",0,-11,0.008,0.008,0.000
"Tenant A (Bully Data)","PutLarge",0,-11,0.028,0.028,0.000
"Tenant A (Bully Data)","PutLarge",0,-11,0.019,0.019,0.000
"Tenant A (Bully Data)","PutLarge",0,-11,0.041,0.041,0.000
"Tenant A (Bully Data)","PutLarge",0,-11,0.007,0.007,0.000
"Tenant A (Bully Data)","PutLarge",0,-11,0.005,0.005,0.000
"Tenant A (Bully Data)","PutLarge",0,-11,0.006,0.006,0.000
"Tenant A (Bully Data)","PutLarge",0,-11,0.020,0.020,0.000
"Tenant A (Bully Data)","PutLarge",0,-11,0.021,0.021,0.000
"Tenant A (Bully Data)","PutLarge",0,-11,0.004,0.004,0.000
"Tenant A (Bully Data)","ListBucket",0,-11,0.007,0.007,0.000
"Tenant A (Bully Data)","PutLarge",0,-11,0.008,0.008,0.000
"Tenant A (Bully Data)","PutLarge",0,-11,0.003,0.003,0.000
"Tenant A (Bully Data)","ListBucket",0,-11,0.009,0.009,0.000
"Tenant A (Bully Data)","PutLarge",0,-11,0.011,0.011,0.000
"Tenant A (Bully Data)","PutLarge",0,-11,0.010,0.010,0.000
"Tenant A (Bully Data)","PutLarge",0,-11,0.009,0.009,0.000
"Tenant A (Bully Data)","PutLarge",0,-11,0.006,0.006,0.000
"Tenant A (Bully Data)","PutLarge",0,-11,0.008,0.008,0.000
"Tenant A (Bully Data)","PutLarge",0,-11,0.009,0.009,0.000
"Tenant A (Bully Data)","PutLarge",0,-11,0.014,0.014,0.000
"Tenant A (Bully Data)","ListBucket",0,-11,0.045,0.045,0.000
"Tenant A (Bully Data)","ListBucket",0,-11,0.003,0.003,0.000
"Tenant A (Bully Data)","PutLarge",0,-11,0.008,0.008,0.000
"Tenant A (Bully Data)","ListBucket",0,-11,0.012,0.012,0.000
"Tenant A (Bully Data)","PutLarge",0,-11,0.032,0.032,0.000
"Tenant A (Bully Data)","PutLarge",0,-11,0.009,0.009,0.000
"Tenant A (Bully Data)","PutLarge",0,-11,0.008,0.008,0.000
"Tenant A (Bully Data)","PutLarge",0,-11,0.004,0.004,0.000
"Tenant A (Bully Data)","ListBucket",0,-11,0.031,0.031,0.000
"Tenant A (Bully Data)","ListBucket",0,-11,0.010,0.010,0.000
"Tenant A (Bully Data)","PutLarge",0,-11,0.021,0.021,0.000
"Tenant A (Bully Data)","PutLarge",0,-11,0.029,0.029,0.000
"Tenant A (Bully Data)","PutLarge",0,-11,0.006,0.006,0.000
"Tenant A (Bully Data)","PutLarge",0,-11,0.036,0.036,0.000
"Tenant A (Bully Data)","PutLarge",0,-11,0.028,0.028,0.000
"Tenant A (Bully Data)","PutLarge",0,-11,0.007,0.007,0.000
"Tenant A (Bully Data)","PutLarge",0,-11,0.048,0.048,0.000
"Tenant A (Bully Data)","PutLarge",0,-11,0.011,0.011,0.000
"Tenant A (Bully Data)","PutLarge",0,-11,0.021,0.021,0.000
"Tenant A (Bully Data)","PutLarge",0,-11,0.007,0.007,0.000
"Tenant A (Bully Data)","ListBucket",0,-11,0.019,0.019,0.000
"Tenant A (Bully Data)","ListBucket",0,-11,0.011,0.011,0.000
"Tenant A (Bully Data)","ListBucket",0,-11,0.009,0.009,0.000
"Tenant A (Bully Data)","ListBucket",0,-11,0.012,0.012,0.000
"Tenant A (Bully Data)","ListBucket",0,-11,0.029,0.029,0.000
"Tenant A (Bully Data)","ListBucket",0,-11,0.017,0.017,0.000
"Tenant A (Bully Data)","PutLarge",0,-11,0.019,0.019,0.000
"Tenant A (Bully Data)","PutLarge",0,-11,0.004,0.004,0.000
"Tenant A (Bully Data)","PutLarge",0,-11,0.027,0.027,0.000
"Tenant A (Bully Data)","ListBucket",0,-11,0.017,0.017,0.000
"Tenant A (Bully Data)","PutLarge",0,-11,0.011,0.011,0.000
"Tenant A (Bully Data)","PutLarge",0,-11,0.011,0.011,0.000
"Tenant A (Bully Data)","PutLarge",0,-11,0.013,0.013,0.000
"Tenant A (Bully Data)","PutLarge",0,-11,0.004,0.004,0.000
"Tenant A (Bully Data)","PutLarge",0,-11,0.003,0.003,0.000
"Tenant A (Bully Data)","PutLarge",0,-11,0.003,0.003,0.000
"Tenant A (Bully Data)","ListBucket",0,-11,0.018,0.018,0.000
"Tenant A (Bully Data)","PutLarge",0,-11,0.014,0.014,0.000
"Tenant A (Bully Data)","ListBucket",0,-11,0.005,0.005,0.000
"Tenant A (Bully Data)","PutLarge",0,-11,0.005,0.005,0.000
"Tenant A (Bully Data)","ListBucket",0,-11,0.009,0.009,0.000
"Tenant A (Bully Data)","PutLarge",0,-11,0.030,0.030,0.000
"Tenant A (Bully Data)","ListBucket",0,-11,0.012,0.012,0.000
"Tenant A (Bully Data)","ListBucket",0,-11,0.021,0.021,0.000
"Tenant A (Bully Data)","ListBucket",0,-11,0.013,0.013,0.000
"Tenant A (Bully Data)","PutLarge",0,-11,0.013,0.013,0.000
"Tenant A (Bully Data)","PutLarge",0,-11,0.023,0.023,0.000
"Tenant A (Bully Data)","PutLarge",0,-11,0.021,0.021,0.000
"Tenant A (Bully Data)","PutLarge",0,-11,0.007,0.007,0.000
"Tenant A (Bully Data)","ListBucket",0,-11,0.013,0.013,0.000
"Tenant A (Bully Data)","PutLarge",0,-11,0.014,0.014,0.000
"Tenant A (Bully Data)","PutLarge",0,-11,0.008,0.008,0.000
"Tenant A (Bully Data)","PutLarge",0,-11,0.006,0.006,0.000
"Tenant A (Bully Data)","ListBucket",0,-11,0.019,0.019,0.000
"Tenant A (Bully Data)","PutLarge",0,-11,0.004,0.004,0.000
"Tenant A (Bully Data)","PutLarge",0,-11,0.009,0.009,0.000
"Tenant A (Bully Data)","PutLarge",0,-11,0.020,0.020,0.000
"Tenant A (Bully Data)","PutLarge",0,-11,0.009,0.009,0.000
"Tenant A (Bully Data)","ListBucket",0,-11,0.012,0.012,0.000
"Tenant A (Bully Data)","PutLarge",0,-11,0.027,0.027,0.000
"Tenant A (Bully Data)","ListBucket",0,-11,0.007,0.007,0.000
"Tenant A (Bully Data)","PutLarge",0,-11,0.006,0.006,0.000
"Tenant A (Bully Data)","PutLarge",0,-11,0.007,0.007,0.000
"Tenant A (Bully Data)","PutLarge",0,-11,0.031,0.031,0.000
"Tenant A (Bully Data)","PutLarge",0,-11,0.016,0.016,0.000
"Tenant A (Bully Data)","ListBucket",0,-11,0.019,0.019,0.000
"Tenant A (Bully Data)","PutLarge",0,-11,0.014,0.014,0.000
"Tenant A (Bully Data)","PutLarge",0,-11,0.003,0.003,0.000
"Tenant A (Bully Data)","PutLarge",0,-11,0.004,0.004,0.000
"Tenant B (Interactive Data)","GetSmall",1,0,4.821,0.016,4.778
"Tenant B (Interactive Data)","PutSmall",0,-11,0.009,0.009,0.000
"Tenant B (Interactive Data)","PutSmall",0,-11,0.005,0.005,0.000
"Tenant B (Interactive Data)","GetSmall",1,0,4.966,0.008,4.938
"Tenant B (Interactive Data)","PutSmall",0,-11,0.015,0.015,0.000
"Tenant B (Interactive Data)","PutSmall",1,0,7.395,0.006,7.361
"Tenant B (Interactive Data)","PutSmall",0,-11,0.006,0.006,0.000
"Tenant B (Interactive Data)","GetSmall",0,-11,0.006,0.006,0.000
"Tenant B (Interactive Data)","PutSmall",0,-11,0.008,0.008,0.000
"Tenant B (Interactive Data)","GetSmall",0,-11,0.005,0.005,0.000
"Tenant B (Interactive Data)","PutSmall",0,-11,0.028,0.028,0.000
"Tenant B (Interactive Data)","GetSmall",0,-11,0.007,0.007,0.000
"Tenant B (Interactive Data)","PutSmall",0,-11,0.005,0.005,0.000
"Tenant B (Interactive Data)","PutSmall",1,0,7.879,0.021,7.830
"Tenant B (Interactive Data)","GetSmall",1,0,5.240,0.036,5.173
"Tenant B (Interactive Data)","GetSmall",0,-11,0.010,0.010,0.000
"Tenant B (Interactive Data)","GetSmall",0,-11,0.006,0.006,0.000
"Tenant B (Interactive Data)","PutSmall",1,0,7.266,0.012,7.223
"Tenant B (Interactive Data)","PutSmall",0,-11,0.011,0.011,0.000
"Tenant B (Interactive Data)","GetSmall",0,-11,0.008,0.008,0.000
"Tenant B (Interactive Data)","GetSmall",0,-11,0.003,0.003,0.000
"Tenant B (Interactive Data)","GetSmall",0,-11,0.014,0.014,0.000
"Tenant B (Interactive Data)","GetSmall",1,0,4.874,0.013,4.834
"Tenant B (Interactive Data)","GetSmall",0,-11,0.007,0.007,0.000
"Tenant B (Interactive Data)","GetSmall",1,0,4.866,0.027,4.829
"Tenant B (Interactive Data)","GetSmall",0,-11,0.004,0.004,0.000
"Tenant B (Interactive Data)","PutSmall",1,0,7.420,0.037,7.375
"Tenant B (Interactive Data)","GetSmall",1,0,4.914,0.016,4.847
"Tenant B (Interactive Data)","PutSmall",1,0,7.455,0.019,7.387
"Tenant B (Interactive Data)","PutSmall",1,0,7.571,0.019,7.477
"Tenant B (Interactive Data)","PutSmall",1,0,7.891,0.009,7.825
"Tenant B (Interactive Data)","GetSmall",0,-11,0.007,0.007,0.000
"Tenant B (Interactive Data)","GetSmall",1,0,4.870,0.010,4.831
"Tenant B (Interactive Data)","PutSmall",0,-11,0.018,0.018,0.000
"Tenant B (Interactive Data)","GetSmall",1,0,5.072,0.015,4.986
"Tenant B (Interactive Data)","PutSmall",1,0,7.859,0.021,7.795
"Tenant B (Interactive Data)","PutSmall",0,-11,0.004,0.004,0.000
"Tenant B (Interactive Data)","GetSmall",0,-11,0.016,0.016,0.000
"Tenant B (Interactive Data)","GetSmall",1,0,4.973,0.029,4.902
"Tenant B (Interactive Data)","GetSmall",0,-11,0.003,0.003,0.000
"Tenant B (Interactive Data)","GetSmall",1,0,5.070,0.008,5.029
"Tenant B (Interactive Data)","PutSmall",0,-11,0.007,0.007,0.000
"Tenant B (Interactive Data)","PutSmall",1,0,7.188,0.005,7.175
"Tenant B (Interactive Data)","PutSmall",0,-11,0.015,0.015,0.000
"Tenant B (Interactive Data)","GetSmall",0,-11,0.028,0.028,0.000
"Tenant B (Interactive Data)","GetSmall",0,-11,0.002,0.002,0.000
"Tenant B (Interactive Data)","PutSmall",0,-11,0.014,0.014,0.000
"Tenant B (Interactive Data)","GetSmall",0,-11,0.029,0.029,0.000
"Tenant B (Interactive Data)","GetSmall",0,-11,0.002,0.002,0.000
"Tenant B (Interactive Data)","GetSmall",1,0,5.252,0.032,5.201
"Tenant B (Interactive Data)","GetSmall",1,0,4.937,0.031,4.875
"Tenant B (Interactive Data)","GetSmall",1,0,5.262,0.035,5.194
"Tenant B (Interactive Data)","PutSmall",0,-11,0.014,0.014,0.000
"Tenant B (Interactive Data)","PutSmall",1,0,7.585,0.011,7.497
"Tenant B (Interactive Data)","PutSmall",1,0,7.573,0.006,7.560
"Tenant B (Interactive Data)","GetSmall",0,-11,0.034,0.034,0.000
"Tenant B (Interactive Data)","GetSmall",0,-11,0.003,0.003,0.000
"Tenant B (Interactive Data)","PutSmall",1,0,7.450,0.013,7.395
"Tenant B (Interactive Data)","PutSmall",0,-11,0.032,0.032,0.000
"Tenant B (Interactive Data)","PutSmall",1,0,7.226,0.006,7.205
"Tenant B (Interactive Data)","PutSmall",0,-11,0.004,0.004,0.000
"Tenant B (Interactive Data)","GetSmall",0,-11,0.027,0.027,0.000
"Tenant B (Interactive Data)","GetSmall",0,-11,0.010,0.010,0.000
"Tenant B (Interactive Data)","PutSmall",0,-11,0.008,0.008,0.000
"Tenant B (Interactive Data)","GetSmall",0,-11,0.004,0.004,0.000
"Tenant B (Interactive Data)","GetSmall",0,-11,0.025,0.025,0.000
"Tenant B (Interactive Data)","PutSmall",0,-11,0.034,0.034,0.000
"Tenant B (Interactive Data)","GetSmall",0,-11,0.018,0.018,0.000
"Tenant B (Interactive Data)","GetSmall",1,0,4.933,0.017,4.886
"Tenant B (Interactive Data)","GetSmall",0,-11,0.005,0.005,0.000
"Tenant B (Interactive Data)","GetSmall",1,0,5.122,0.006,5.098
"Tenant B (Interactive Data)","PutSmall",0,-11,0.003,0.003,0.000
"Tenant B (Interactive Data)","GetSmall",0,-11,0.004,0.004,0.000
"Tenant B (Interactive Data)","PutSmall",0,-11,0.002,0.002,0.000
"Tenant B (Interactive Data)","GetSmall",0,-11,0.002,0.002,0.000
"Tenant B (Interactive Data)","PutSmall",0,-11,0.008,0.008,0.000
"Tenant B (Interactive Data)","PutSmall",1,0,7.876,0.007,7.850
"Tenant B (Interactive Data)","PutSmall",1,0,7.804,0.007,7.786
"Tenant B (Interactive Data)","PutSmall",1,0,7.618,0.007,7.604
"Tenant B (Interactive Data)","PutSmall",1,0,7.727,0.009,7.687
"Tenant B (Interactive Data)","GetSmall",0,-11,0.028,0.028,0.000
"Tenant B (Interactive Data)","PutSmall",0,-11,0.014,0.014,0.000
"Tenant B (Interactive Data)","PutSmall",1,0,7.671,0.025,7.642
"Tenant B (Interactive Data)","PutSmall",0,-11,0.002,0.002,0.000
"Tenant B (Interactive Data)","PutSmall",0,-11,0.005,0.005,0.000
"Tenant B (Interactive Data)","GetSmall",1,0,5.117,0.006,5.102
"Tenant B (Interactive Data)","GetSmall",1,0,4.824,0.008,4.802
"Tenant B (Interactive Data)","PutSmall",0,-11,0.003,0.003,0.000
"Tenant B (Interactive Data)","GetSmall",1,0,4.888,0.022,4.843
"Tenant B (Interactive Data)","GetSmall",1,0,5.073,0.021,5.035
"Tenant B (Interactive Data)","GetSmall",0,-11,0.004,0.004,0.000
"Tenant B (Interactive Data)","PutSmall",1,0,7.212,0.008,7.175
"Tenant B (Interactive Data)","PutSmall",1,0,7.756,0.019,7.712
"Tenant B (Interactive Data)","PutSmall",0,-11,0.005,0.005,0.000
"Tenant B (Interactive Data)","PutSmall",0,-11,0.032,0.032,0.000
"Tenant B (Interactive Data)","PutSmall",1,0,7.205,0.041,7.152
"Tenant B (Interactive Data)","GetSmall",0,-11,0.013,0.013,0.000
"Tenant B (Interactive Data)","PutSmall",1,0,7.670,0.032,7.631
"Tenant B (Interactive Data)","PutSmall",0,-11,0.011,0.011,0.000
"Tenant B (Interactive Data)","PutSmall",1,0,7.241,0.007,7.200
"Tenant B (Interactive Data)","GetSmall",0,-11,0.006,0.006,0.000
"Tenant B (Interactive Data)","GetSmall",1,0,5.035,0.009,5.021
"Tenant B (Interactive Data)","GetSmall",1,0,4.867,0.009,4.846
"Tenant B (Interactive Data)","PutSmall",1,0,7.924,0.025,7.875
"Tenant B (Interactive Data)","GetSmall",0,-11,0.014,0.014,0.000
"Tenant B (Interactive Data)","PutSmall",0,-11,0.011,0.011,0.000
"Tenant B (Interactive Data)","PutSmall",1,0,7.926,0.041,7.839
"Tenant B (Interactive Data)","GetSmall",0,-11,0.006,0.006,0.000
"Tenant B (Interactive Data)","GetSmall",1,0,4.962,0.029,4.918
"Tenant B (Interactive Data)","GetSmall",0,-11,0.036,0.036,0.000
"Tenant B (Interactive Data)","PutSmall",0,-11,0.019,0.019,0.000
"Tenant B (Interactive Data)","GetSmall",1,0,4.862,0.012,4.789
"Tenant B (Interactive Data)","PutSmall",1,0,7.449,0.014,7.418
"Tenant B (Interactive Data)","PutSmall",0,-11,0.022,0.022,0.000
"Tenant B (Interactive Data)","PutSmall",0,-11,0.020,0.020,0.000
"Tenant B (Interactive Data)","GetSmall",0,-11,0.002,0.002,0.000
"Tenant B (Interactive Data)","GetSmall",1,0,5.085,0.027,5.022
"Tenant B (Interactive Data)","GetSmall",1,0,5.017,0.014,4.963
"Tenant B (Interactive Data)","PutSmall",0,-11,0.004,0.004,0.000
"Tenant B (Interactive Data)","GetSmall",1,0,5.197,0.012,5.166
"Tenant B (Interactive Data)","PutSmall",0,-11,0.008,0.008,0.000
"Tenant B (Interactive Data)","PutSmall",1,0,7.669,0.007,7.654
"Tenant B (Interactive Data)","PutSmall",1,0,7.740,0.030,7.638
"Tenant B (Interactive Data)","GetSmall",1,0,4.854,0.021,4.812
"Tenant B (Interactive Data)","PutSmall",1,0,7.554,0.036,7.457
"Tenant B (Interactive Data)","PutSmall",1,0,7.609,0.017,7.531
"Tenant B (Interactive Data)","GetSmall",0,-11,0.006,0.006,0.000
"Tenant B (Interactive Data)","PutSmall",1,0,7.671,0.036,7.597
"Tenant B (Interactive Data)","GetSmall",1,0,4.961,0.018,4.921
"Tenant B (Interactive Data)","GetSmall",1,0,5.015,0.048,4.915
"Tenant B (Interactive Data)","PutSmall",0,-11,0.028,0.028,0.000
"Tenant B (Interactive Data)","GetSmall",1,0,4.985,0.043,4.900
"Tenant B (Interactive Data)","GetSmall",0,-11,0.006,0.006,0.000
"Tenant B (Interactive Data)","GetSmall",1,0,5.242,0.013,5.212
"Tenant B (Interactive Data)","GetSmall",1,0,4.960,0.014,4.935
"Tenant B (Interactive Data)","GetSmall",0,-11,0.002,0.002,0.000
"Tenant B (Interactive Data)","GetSmall",1,0,5.219,0.015,5.191
"Tenant B (Interactive Data)","GetSmall",0,-11,0.005,0.005,0.000
"Tenant B (Interactive Data)","GetSmall",0,-11,0.004,0.004,0.000
"Tenant B (Interactive Data)","GetSmall",1,0,5.105,0.008,5.077
"Tenant B (Interactive Data)","PutSmall",1,0,7.903,0.014,7.862
"Tenant B (Interactive Data)","PutSmall",1,0,7.544,0.023,7.500
"Tenant B (Interactive Data)","PutSmall",1,0,7.743,0.013,7.713
"Tenant B (Interactive Data)","PutSmall",0,-11,0.007,0.007,0.000
"Tenant B (Interactive Data)","PutSmall",0,-11,0.005,0.005,0.000
"Tenant B (Interactive Data)","GetSmall",0,-11,0.015,0.015,0.000
"Tenant B (Interactive Data)","PutSmall",1,0,7.589,0.014,7.525
"Tenant B (Interactive Data)","GetSmall",1,0,5.232,0.007,5.217
"Tenant B (Interactive Data)","GetSmall",0,-11,0.005,0.005,0.000
"Tenant B (Interactive Data)","PutSmall",1,0,7.367,0.006,7.343
"Tenant B (Interactive Data)","GetSmall",1,0,5.187,0.037,5.111
"Tenant B (Interactive Data)","PutSmall",1,0,7.174,0.006,7.162
"Tenant B (Interactive Data)","GetSmall",0,-11,0.006,0.006,0.000
"Tenant B (Interactive Data)","PutSmall",1,0,7.152,0.007,7.131
"Tenant B (Interactive Data)","GetSmall",0,-11,0.008,0.008,0.000
"Tenant B (Interactive Data)","GetSmall",1,0,5.122,0.005,5.096
"Tenant B (Interactive Data)","GetSmall",0,-11,0.008,0.008,0.000
"Tenant B (Interactive Data)","PutSmall",1,0,7.669,0.030,7.618
"Tenant B (Interactive Data)","PutSmall",1,0,7.662,0.009,7.644
"Tenant B (Interactive Data)","GetSmall",1,0,5.147,0.013,5.116
"Tenant B (Interactive Data)","GetSmall",1,0,4.962,0.008,4.941
"Tenant B (Interactive Data)","PutSmall",0,-11,0.003,0.003,0.000
"Tenant B (Interactive Data)","GetSmall",0,-11,0.006,0.006,0.000
"Tenant B (Interactive Data)","GetSmall",0,-11,0.008,0.008,0.000
"Tenant B (Interactive Data)","GetSmall",1,0,4.902,0.024,4.804
"Tenant B (Interactive Data)","GetSmall",1,0,4.991,0.008,4.976
"Tenant B (Interactive Data)","GetSmall",1,0,5.228,0.009,5.210
"Tenant B (Interactive Data)","PutSmall",1,0,7.798,0.052,7.724
"Tenant B (Interactive Data)","GetSmall",1,0,4.776,0.007,4.757
"Tenant B (Interactive Data)","PutSmall",1,0,7.366,0.031,7.319
"Tenant B (Interactive Data)","PutSmall",0,-11,0.006,0.006,0.000
"Tenant B (Interactive Data)","GetSmall",0,-11,0.015,0.015,0.000
"Tenant B (Interactive Data)","GetSmall",1,0,4.849,0.018,4.815
"Tenant B (Interactive Data)","PutSmall",1,0,7.827,0.008,7.813
"Tenant B (Interactive Data)","PutSmall",1,0,7.255,0.004,7.233
"Tenant B (Interactive Data)","GetSmall",1,0,5.096,0.030,5.024
"Tenant B (Interactive Data)","PutSmall",0,-11,0.004,0.004,0.000
"Tenant B (Interactive Data)","GetSmall",1,0,5.236,0.015,5.210
"Tenant B (Interactive Data)","PutSmall",0,-11,0.020,0.020,0.000
"Tenant B (Interactive Data)","PutSmall",0,-11,0.045,0.045,0.000
"Tenant B (Interactive Data)","GetSmall",1,0,5.350,0.041,5.238
"Tenant B (Interactive Data)","GetSmall",0,-11,0.028,0.028,0.000
"Tenant B (Interactive Data)","GetSmall",0,-11,0.008,0.008,0.000
"Tenant B (Interactive Data)","PutSmall",1,0,7.443,0.025,7.409
"Tenant B (Interactive Data)","PutSmall",1,0,7.261,0.034,7.220
"Tenant B (Interactive Data)","GetSmall",1,0,5.137,0.033,5.046
"Tenant B (Interactive Data)","GetSmall",1,0,4.893,0.007,4.874
"Tenant B (Interactive Data)","GetSmall",1,0,5.084,0.005,5.042
"Tenant B (Interactive Data)","PutSmall",0,-11,0.022,0.022,0.000
"Tenant B (Interactive Data)","GetSmall",0,-11,0.010,0.010,0.000
"Tenant B (Interactive Data)","GetSmall",1,0,4.819,0.015,4.791
"Tenant B (Interactive Data)","GetSmall",1,0,5.146,0.022,5.087
"Tenant B (Interactive Data)","GetSmall",0,-11,0.017,0.017,0.000
"Tenant B (Interactive Data)","PutSmall",1,0,7.379,0.043,7.259
"Tenant B (Interactive Data)","GetSmall",1,0,4.824,0.030,4.758
"Tenant B (Interactive Data)","GetSmall",0,-11,0.010,0.010,0.000
"Tenant B (Interactive Data)","GetSmall",0,-11,0.019,0.019,0.000
"Tenant B (Interactive Data)","PutSmall",1,0,7.276,0.036,7.196
"Tenant B (Interactive Data)","PutSmall",0,-11,0.010,0.010,0.000
"Tenant B (Interactive Data)","PutSmall",1,0,7.237,0.025,7.191
"Tenant B (Interactive Data)","GetSmall",1,0,5.074,0.019,5.040
"Tenant B (Interactive Data)","GetSmall",0,-11,0.032,0.032,0.000
"Tenant B (Interactive Data)","PutSmall",0,-11,0.009,0.009,0.000
"Tenant B (Interactive Data)","GetSmall",1,0,4.846,0.030,4.804
"Tenant B (Interactive Data)","PutSmall",1,0,7.844,0.023,7.797
"Tenant B (Interactive Data)","GetSmall",1,0,5.050,0.035,4.999
"Tenant B (Interactive Data)","PutSmall",1,0,7.407,0.029,7.360
"Tenant B (Interactive Data)","GetSmall",0,-11,0.008,0.008,0.000
"Tenant B (Interactive Data)","PutSmall",0,-11,0.007,0.007,0.000
"Tenant B (Interactive Data)","GetSmall",1,0,5.268,0.017,5.234
"Tenant B (Interactive Data)","PutSmall",0,-11,0.009,0.009,0.000
"Tenant B (Interactive Data)","PutSmall",1,0,7.310,0.005,7.285
"Tenant B (Interactive Data)","PutSmall",0,-11,0.003,0.003,0.000
"Tenant B (Interactive Data)","PutSmall",1,0,7.481,0.012,7.459
"Tenant B (Interactive Data)","GetSmall",0,-11,0.010,0.010,0.000
"Tenant B (Interactive Data)","GetSmall",0,-11,0.030,0.030,0.000
"Tenant B (Interactive Data)","PutSmall",1,0,7.252,0.014,7.232
"Tenant B (Interactive Data)","PutSmall",0,-11,0.008,0.008,0.000
"Tenant B (Interactive Data)","GetSmall",0,-11,0.011,0.011,0.000
"Tenant B (Interactive Data)","GetSmall",0,-11,0.009,0.009,0.000
"Tenant B (Interactive Data)","GetSmall",0,-11,0.025,0.025,0.000
"Tenant B (Interactive Data)","PutSmall",0,-11,0.006,0.006,0.000
"Tenant B (Interactive Data)","GetSmall",1,0,5.229,0.029,5.151
"Tenant B (Interactive Data)","GetSmall",0,-11,0.021,0.021,0.000
"Tenant B (Interactive Data)","GetSmall",0,-11,0.014,0.014,0.000
"Tenant B (Interactive Data)","GetSmall",0,-11,0.003,0.003,0.000
"Tenant B (Interactive Data)","PutSmall",1,0,7.811,0.025,7.753
"Tenant B (Interactive Data)","PutSmall",0,-11,0.010,0.010,0.000
"Tenant B (Interactive Data)","PutSmall",0,-11,0.005,0.005,0.000
"Tenant B (Interactive Data)","PutSmall",0,-11,0.006,0.006,0.000
"Tenant B (Interactive Data)","PutSmall",0,-11,0.018,0.018,0.000
"Tenant B (Interactive Data)","PutSmall",0,-11,0.003,0.003,0.000
"Tenant B (Interactive Data)","GetSmall",1,0,5.109,0.005,5.068
"Tenant B (Interactive Data)","PutSmall",1,0,7.489,0.013,7.448
"Tenant B (Interactive Data)","PutSmall",0,-11,0.002,0.002,0.000
"Tenant B (Interactive Data)","PutSmall",0,-11,0.007,0.007,0.000
"Tenant B (Interactive Data)","PutSmall",1,0,7.639,0.025,7.590
"Tenant B (Interactive Data)","PutSmall",1,0,7.482,0.025,7.410
"Tenant B (Interactive Data)","GetSmall",1,0,5.168,0.024,5.101
"Tenant B (Interactive Data)","PutSmall",0,-11,0.018,0.018,0.000
"Tenant B (Interactive Data)","PutSmall",1,0,7.835,0.010,7.793
"Tenant B (Interactive Data)","PutSmall",0,-11,0.004,0.004,0.000
"Tenant B (Interactive Data)","GetSmall",0,-11,0.008,0.008,0.000
"Tenant B (Interactive Data)","PutSmall",0,-11,0.018,0.018,0.000
"Tenant B (Interactive Data)","PutSmall",1,0,7.799,0.045,7.734
"Tenant B (Interactive Data)","GetSmall",0,-11,0.004,0.004,0.000
"Tenant B (Interactive Data)","GetSmall",1,0,5.026,0.037,4.943
"Tenant B (Interactive Data)","PutSmall",0,-11,0.007,0.007,0.000
"Tenant B (Interactive Data)","PutSmall",1,0,7.681,0.012,7.630
"Tenant B (Interactive Data)","GetSmall",0,-11,0.043,0.043,0.000
"Tenant B (Interactive Data)","GetSmall",1,0,4.827,0.030,4.775
"Tenant B (Interactive Data)","PutSmall",0,-11,0.011,0.011,0.000
"Tenant B (Interactive Data)","GetSmall",0,-11,0.018,0.018,0.000
"Tenant B (Interactive Data)","GetSmall",0,-11,0.008,0.008,0.000
"Tenant B (Interactive Data)","PutSmall",1,0,7.809,0.034,7.769
"Tenant B (Interactive Data)","PutSmall",1,0,7.927,0.033,7.815
"Tenant B (Interactive Data)","GetSmall",0,-11,0.011,0.011,0.000
"Tenant B (Interactive Data)","PutSmall",1,0,7.957,0.030,7.864
"Tenant B (Interactive Data)","GetSmall",0,-11,0.014,0.014,0.000
"Tenant B (Interactive Data)","PutSmall",1,0,7.743,0.025,7.684
"Tenant B (Interactive Data)","GetSmall",0,-11,0.010,0.010,0.000
"Tenant B (Interactive Data)","PutSmall",0,-11,0.008,0.008,0.000
"Tenant B (Interactive Data)","PutSmall",0,-11,0.008,0.008,0.000
"Tenant B (Interactive Data)","PutSmall",1,0,7.513,0.047,7.445
"Tenant B (Interactive Data)","GetSmall",0,-11,0.024,0.024,0.000
"Tenant B (Interactive Data)","GetSmall",1,0,5.190,0.006,5.160
"Tenant B (Interactive Data)","PutSmall",0,-11,0.004,0.004,0.000
"Tenant B (Interactive Data)","GetSmall",0,-11,0.010,0.010,0.000
"Tenant B (Interactive Data)","PutSmall",0,-11,0.004,0.004,0.000
"Tenant B (Interactive Data)","PutSmall",0,-11,0.005,0.005,0.000
"Tenant B (Interactive Data)","PutSmall",0,-11,0.018,0.018,0.000
"Tenant B (Interactive Data)","PutSmall",0,-11,0.008,0.008,0.000
"Tenant B (Interactive Data)","PutSmall",0,-11,0.008,0.008,0.000
"Tenant B (Interactive Data)","GetSmall",1,0,4.880,0.034,4.823
"Tenant B (Interactive Data)","GetSmall",1,0,5.002,0.047,4.928
"Tenant B (Interactive Data)","GetSmall",0,-11,0.007,0.007,0.000
"Tenant B (Interactive Data)","GetSmall",0,-11,0.025,0.025,0.000
"Tenant B (Interactive Data)","GetSmall",1,0,4.934,0.011,4.907
"Tenant B (Interactive Data)","PutSmall",1,0,7.695,0.014,7.650
"Tenant B (Interactive Data)","GetSmall",0,-11,0.024,0.024,0.000
"Tenant B (Interactive Data)","GetSmall",1,0,4.948,0.039,4.876
"Tenant B (Interactive Data)","PutSmall",1,0,7.541,0.013,7.455
"Tenant B (Interactive Data)","GetSmall",1,0,5.059,0.012,5.025
"Tenant B (Interactive Data)","GetSmall",0,-11,0.003,0.003,0.000
"Tenant B (Interactive Data)","GetSmall",0,-11,0.014,0.014,0.000
"Tenant B (Interactive Data)","PutSmall",0,-11,0.019,0.019,0.000
"Tenant B (Interactive Data)","GetSmall",1,0,5.312,0.031,5.240
"Tenant B (Interactive Data)","GetSmall",0,-11,0.002,0.002,0.000
"Tenant B (Interactive Data)","PutSmall",1,0,7.493,0.005,7.472
"Tenant B (Interactive Data)","GetSmall",0,-11,0.028,0.028,0.000
"Tenant B (Interactive Data)","PutSmall",0,-11,0.009,0.009,0.000
"Tenant B (Interactive Data)","PutSmall",0,-11,0.017,0.017,0.000
"Tenant B (Interactive Data)","GetSmall",0,-11,0.010,0.010,0.000
"Tenant B (Interactive Data)","GetSmall",0,-11,0.015,0.015,0.000
"Tenant B (Interactive Data)","PutSmall",1,0,7.888,0.024,7.850
"Tenant B (Interactive Data)","PutSmall",1,0,7.493,0.027,7.443
"Tenant B (Interactive Data)","GetSmall",1,0,5.179,0.019,5.137
"Tenant B (Interactive Data)","PutSmall",0,-11,0.022,0.022,0.000
"Tenant B (Interactive Data)","GetSmall",0,-11,0.002,0.002,0.000
"Tenant B (Interactive Data)","PutSmall",0,-11,0.031,0.031,0.000
"Tenant B (Interactive Data)","PutSmall",1,0,7.242,0.026,7.183
"Tenant B (Interactive Data)","GetSmall",0,-11,0.022,0.022,0.000
"Tenant B (Interactive Data)","PutSmall",0,-11,0.028,0.028,0.000
"Tenant B (Interactive Data)","GetSmall",0,-11,0.009,0.009,0.000
"Tenant B (Interactive Data)","GetSmall",0,-11,0.013,0.013,0.000
"Tenant B (Interactive Data)","GetSmall",0,-11,0.003,0.003,0.000
"Tenant B (Interactive Data)","PutSmall",0,-11,0.007,0.007,0.000
"Tenant B (Interactive Data)","GetSmall",0,-11,0.025,0.025,0.000
"Tenant B (Interactive Data)","PutSmall",0,-11,0.029,0.029,0.000
"Tenant B (Interactive Data)","GetSmall",0,-11,0.012,0.012,0.000
"Tenant B (Interactive Data)","GetSmall",0,-11,0.009,0.009,0.000
"Tenant B (Interactive Data)","PutSmall",1,0,7.291,0.035,7.206
"Tenant B (Interactive Data)","PutSmall",1,0,7.433,0.034,7.360
"Tenant B (Interactive Data)","GetSmall",1,0,4.945,0.021,4.902
"Tenant B (Interactive Data)","PutSmall",1,0,7.524,0.009,7.501
"Tenant B (Interactive Data)","GetSmall",0,-11,0.032,0.032,0.000
"Tenant B (Interactive Data)","PutSmall",0,-11,0.025,0.025,0.000
"Tenant B (Interactive Data)","PutSmall",0,-11,0.018,0.018,0.000
"Tenant B (Interactive Data)","GetSmall",1,0,5.112,0.029,5.052
"Tenant B (Interactive Data)","GetSmall",0,-11,0.026,0.026,0.000
"Tenant B (Interactive Data)","GetSmall",0,-11,0.009,0.009,0.000
"Tenant B (Interactive Data)","PutSmall",0,-11,0.027,0.027,0.000
"Tenant B (Interactive Data)","PutSmall",0,-11,0.006,0.006,0.000
"Tenant B (Interactive Data)","GetSmall",1,0,4.923,0.027,4.827
"Tenant B (Interactive Data)","PutSmall",1,0,7.653,0.006,7.640
"Tenant B (Interactive Data)","GetSmall",1,0,5.130,0.005,5.097
"Tenant B (Interactive Data)","PutSmall",1,0,7.289,0.032,7.229
"Tenant B (Interactive Data)","GetSmall",1,0,5.072,0.013,4.993
"Tenant B (Interactive Data)","GetSmall",0,-11,0.007,0.007,0.000
"Tenant B (Interactive Data)","PutSmall",0,-11,0.003,0.003,0.000
"Tenant B (Interactive Data)","PutSmall",1,0,7.812,0.032,7.774
"Tenant B (Interactive Data)","GetSmall",0,-11,0.025,0.025,0.000
"Tenant B (Interactive Data)","GetSmall",0,-11,0.004,0.004,0.000
"Tenant B (Interactive Data)","GetSmall",0,-11,0.006,0.006,0.000
"Tenant B (Interactive Data)","GetSmall",0,-11,0.023,0.023,0.000
"Tenant B (Interactive Data)","GetSmall",0,-11,0.014,0.014,0.000
"Tenant B (Interactive Data)","PutSmall",0,-11,0.029,0.029,0.000
"Tenant B (Interactive Data)","PutSmall",0,-11,0.009,0.009,0.000
"Tenant B (Interactive Data)","GetSmall",0,-11,0.010,0.010,0.000
"Tenant B (Interactive Data)","GetSmall",0,-11,0.015,0.015,0.000
"Tenant B (Interactive Data)","PutSmall",0,-11,0.007,0.007,0.000
"Tenant B (Interactive Data)","GetSmall",0,-11,0.025,0.025,0.000
"Tenant B (Interactive Data)","GetSmall",1,0,4.941,0.019,4.900
"Tenant B (Interactive Data)","PutSmall",0,-11,0.010,0.010,0.000
"Tenant B (Interactive Data)","GetSmall",0,-11,0.010,0.010,0.000
"Tenant B (Interactive Data)","PutSmall",1,0,7.789,0.049,7.678
"Tenant B (Interactive Data)","GetSmall",0,-11,0.019,0.019,0.000
"Tenant B (Interactive Data)","GetSmall",1,0,5.009,0.020,4.944
"Tenant B (Interactive Data)","GetSmall",0,-11,0.012,0.012,0.000
"Tenant B (Interactive Data)","PutSmall",0,-11,0.007,0.007,0.000
"Tenant B (Interactive Data)","GetSmall",1,0,5.169,0.039,5.098
"Tenant B (Interactive Data)","PutSmall",0,-11,0.016,0.016,0.000
"Tenant B (Interactive Data)","PutSmall",1,0,7.508,0.015,7.486
"Tenant B (Interactive Data)","GetSmall",1,0,5.084,0.035,5.000
"Tenant B (Interactive Data)","GetSmall",1,0,5.164,0.009,5.127
"Tenant B (Interactive Data)","GetSmall",1,0,4.954,0.024,4.892
"Tenant B (Interactive Data)","GetSmall",0,-11,0.017,0.017,0.000
"Tenant B (Interactive Data)","PutSmall",1,0,7.540,0.011,7.526
"Tenant B (Interactive Data)","GetSmall",1,0,5.101,0.012,5.076
"Tenant B (Interactive Data)","PutSmall",0,-11,0.025,0.025,0.000
"Tenant B (Interactive Data)","GetSmall",1,0,4.928,0.028,4.865
"Tenant B (Interactive Data)","PutSmall",0,-11,0.026,0.026,0.000
"Tenant B (Interactive Data)","PutSmall",1,0,7.644,0.034,7.556
"Tenant B (Interactive Data)","GetSmall",1,0,5.249,0.020,5.208
"Tenant B (Interactive Data)","PutSmall",0,-11,0.024,0.024,0.000
"Tenant B (Interactive Data)","GetSmall",0,-11,0.003,0.003,0.000
"Tenant B (Interactive Data)","GetSmall",1,0,4.995,0.017,4.963
"Tenant B (Interactive Data)","GetSmall",0,-11,0.012,0.012,0.000
"Tenant B (Interactive Data)","PutSmall",0,-11,0.021,0.021,0.000
"Tenant B (Interactive Data)","PutSmall",1,0,7.247,0.015,7.220
"Tenant B (Interactive Data)","PutSmall",0,-11,0.010,0.010,0.000
"Tenant B (Interactive Data)","GetSmall",1,0,4.874,0.031,4.827
"Tenant B (Interactive Data)","GetSmall",1,0,5.210,0.028,5.141
"Tenant B (Interactive Data)","PutSmall",1,0,7.801,0.036,7.743
"Tenant B (Interactive Data)","GetSmall",1,0,4.900,0.012,4.853
"Tenant B (Interactive Data)","PutSmall",1,0,7.807,0.046,7.705
"Tenant B (Interactive Data)","GetSmall",0,-11,0.017,0.017,0.000
"Tenant B (Interactive Data)","PutSmall",0,-11,0.015,0.015,0.000
"Tenant B (Interactive Data)","PutSmall",1,0,7.220,0.036,7.153
"Tenant B (Interactive Data)","PutSmall",0,-11,0.013,0.013,0.000
"Tenant B (Interactive Data)","GetSmall",0,-11,0.006,0.006,0.000
"Tenant B (Interactive Data)","GetSmall",1,0,4.783,0.014,4.754
"Tenant B (Interactive Data)","GetSmall",1,0,5.168,0.010,5.146
"Tenant B (Interactive Data)","PutSmall",0,-11,0.019,0.019,0.000
"Tenant B (Interactive Data)","GetSmall",1,0,5.136,0.026,5.068
"Tenant B (Interactive Data)","GetSmall",0,-11,0.008,0.008,0.000
"Tenant B (Interactive Data)","GetSmall",1,0,5.254,0.012,5.227
"Tenant B (Interactive Data)","GetSmall",1,0,4.881,0.046,4.822
"Tenant B (Interactive Data)","PutSmall",0,-11,0.022,0.022,0.000
"Tenant B (Interactive Data)","GetSmall",1,0,5.295,0.015,5.231
"Tenant B (Interactive Data)","PutSmall",0,-11,0.019,0.019,0.000
"Tenant B (Interactive Data)","GetSmall",1,0,4.883,0.027,4.800
"Tenant B (Interactive Data)","PutSmall",1,0,7.470,0.042,7.376
"Tenant B (Interactive Data)","GetSmall",0,-11,0.007,0.007,0.000
"Tenant B (Interactive Data)","GetSmall",1,0,5.164,0.033,5.083
"Tenant B (Interactive Data)","GetSmall",0,-11,0.011,0.011,0.000
"Tenant B (Interactive Data)","GetSmall",0,-11,0.026,0.026,0.000
"Tenant B (Interactive Data)","GetSmall",1,0,4.995,0.071,4.875
"Tenant B (Interactive Data)","GetSmall",0,-11,0.019,0.019,0.000
"Tenant B (Interactive Data)","PutSmall",1,0,7.514,0.010,7.482
"Tenant B (Interactive Data)","PutSmall",0,-11,0.030,0.030,0.000
"Tenant B (Interactive Data)","PutSmall",0,-11,0.007,0.007,0.000
"Tenant B (Interactive Data)","GetSmall",1,0,5.024,0.027,4.944
"Tenant B (Interactive Data)","GetSmall",0,-11,0.032,0.032,0.000
"Tenant B (Interactive Data)","PutSmall",1,0,7.399,0.051,7.277
"Tenant B (Interactive Data)","PutSmall",0,-11,0.008,0.008,0.000
"Tenant B (Interactive Data)","GetSmall",0,-11,0.030,0.030,0.000
"Tenant B (Interactive Data)","PutSmall",0,-11,0.011,0.011,0.000
"Tenant B (Interactive Data)","GetSmall",0,-11,0.031,0.031,0.000
"Tenant B (Interactive Data)","PutSmall",0,-11,0.007,0.007,0.000
"Tenant B (Interactive Data)","GetSmall",0,-11,0.009,0.009,0.000
"Tenant B (Interactive Data)","GetSmall",0,-11,0.005,0.005,0.000
"Tenant B (Interactive Data)","PutSmall",0,-11,0.010,0.010,0.000
"Tenant B (Interactive Data)","PutSmall",1,0,7.333,0.009,7.284
"Tenant B (Interactive Data)","GetSmall",0,-11,0.011,0.011,0.000
"Tenant B (Interactive Data)","GetSmall",1,0,5.163,0.005,5.153
"Tenant B (Interactive Data)","GetSmall",0,-11,0.003,0.003,0.000
"Tenant B (Interactive Data)","PutSmall",0,-11,0.009,0.009,0.000
"Tenant B (Interactive Data)","GetSmall",1,0,4.983,0.029,4.867
"Tenant B (Interactive Data)","GetSmall",1,0,4.874,0.016,4.800
"Tenant B (Interactive Data)","PutSmall",0,-11,0.016,0.016,0.000
"Tenant B (Interactive Data)","GetSmall",0,-11,0.011,0.011,0.000
"Tenant B (Interactive Data)","PutSmall",1,0,7.663,0.014,7.614
"Tenant B (Interactive Data)","PutSmall",1,0,7.620,0.011,7.597
"Tenant B (Interactive Data)","PutSmall",1,0,7.420,0.017,7.337
"Tenant B (Interactive Data)","PutSmall",0,-11,0.004,0.004,0.000
"Tenant B (Interactive Data)","GetSmall",0,-11,0.002,0.002,0.000
"Tenant B (Interactive Data)","GetSmall",1,0,5.068,0.012,5.023
"Tenant B (Interactive Data)","PutSmall",0,-11,0.009,0.009,0.000
"Tenant B (Interactive Data)","GetSmall",0,-11,0.009,0.009,0.000
"Tenant B (Interactive Data)","PutSmall",0,-11,0.013,0.013,0.000
"Tenant B (Interactive Data)","GetSmall",0,-11,0.004,0.004,0.000
"Tenant B (Interactive Data)","PutSmall",0,-11,0.012,0.012,0.000
"Tenant B (Interactive Data)","PutSmall",0,-11,0.007,0.007,0.000
"Tenant B (Interactive Data)","GetSmall",0,-11,0.011,0.011,0.000
"Tenant B (Interactive Data)","GetSmall",0,-11,0.055,0.055,0.000
"Tenant B (Interactive Data)","PutSmall",0,-11,0.012,0.012,0.000
"Tenant B (Interactive Data)","GetSmall",0,-11,0.021,0.021,0.000
"Tenant B (Interactive Data)","GetSmall",1,0,5.051,0.007,4.992
"Tenant B (Interactive Data)","PutSmall",1,0,7.366,0.030,7.322
"Tenant B (Interactive Data)","GetSmall",1,0,5.297,0.027,5.230
"Tenant B (Interactive Data)","GetSmall",1,0,4.969,0.037,4.924
"Tenant B (Interactive Data)","GetSmall",1,0,5.020,0.018,4.935
"Tenant B (Interactive Data)","GetSmall",1,0,4.971,0.004,4.948
"Tenant B (Interactive Data)","GetSmall",0,-11,0.004,0.004,0.000
"Tenant B (Interactive Data)","GetSmall",0,-11,0.002,0.002,0.000
"Tenant B (Interactive Data)","GetSmall",0,-11,0.009,0.009,0.000
"Tenant B (Interactive Data)","GetSmall",0,-11,0.006,0.006,0.000
"Tenant B (Interactive Data)","GetSmall",0,-11,0.008,0.008,0.000
"Tenant B (Interactive Data)","PutSmall",0,-11,0.006,0.006,0.000
"Tenant B (Interactive Data)","PutSmall",1,0,7.515,0.005,7.492
"Tenant B (Interactive Data)","PutSmall",1,0,7.302,0.012,7.286
"Tenant B (Interactive Data)","PutSmall",1,0,7.810,0.006,7.787
"Tenant B (Interactive Data)","PutSmall",1,0,7.259,0.037,7.201
"Tenant B (Interactive Data)","GetSmall",1,0,4.967,0.012,4.945
"Tenant B (Interactive Data)","GetSmall",1,0,5.186,0.021,5.126
"Tenant B (Interactive Data)","PutSmall",0,-11,0.002,0.002,0.000
"Tenant B (Interactive Data)","GetSmall",0,-11,0.018,0.018,0.000
"Tenant B (Interactive Data)","GetSmall",0,-11,0.005,0.005,0.000
"Tenant B (Interactive Data)","PutSmall",0,-11,0.024,0.024,0.000
"Tenant B (Interactive Data)","PutSmall",0,-11,0.005,0.005,0.000
"Tenant B (Interactive Data)","GetSmall",1,0,5.049,0.005,5.037
"Tenant B (Interactive Data)","GetSmall",1,0,5.024,0.017,4.975
"Tenant B (Interactive Data)","GetSmall",0,-11,0.009,0.009,0.000
"Tenant B (Interactive Data)","PutSmall",0,-11,0.005,0.005,0.000
"Tenant B (Interactive Data)","PutSmall",1,0,7.207,0.009,7.165
"Tenant B (Interactive Data)","PutSmall",0,-11,0.007,0.007,0.000
"Tenant B (Interactive Data)","GetSmall",1,0,5.340,0.036,5.242
"Tenant B (Interactive Data)","PutSmall",0,-11,0.008,0.008,0.000
"Tenant B (Interactive Data)","GetSmall",0,-11,0.007,0.007,0.000
"Tenant B (Interactive Data)","PutSmall",0,-11,0.018,0.018,0.000
"Tenant B (Interactive Data)","PutSmall",1,0,7.400,0.008,7.388
"Tenant B (Interactive Data)","GetSmall",0,-11,0.009,0.009,0.000
"Tenant B (Interactive Data)","GetSmall",0,-11,0.006,0.006,0.000
"Tenant B (Interactive Data)","PutSmall",1,0,7.852,0.051,7.771
"Tenant B (Interactive Data)","PutSmall",0,-11,0.030,0.030,0.000
"Tenant B (Interactive Data)","GetSmall",0,-11,0.018,0.018,0.000
"Tenant B (Interactive Data)","PutSmall",1,0,7.836,0.012,7.770
"Tenant B (Interactive Data)","GetSmall",0,-11,0.021,0.021,0.000
"Tenant B (Interactive Data)","GetSmall",1,0,4.811,0.006,4.759
"Tenant B (Interactive Data)","GetSmall",0,-11,0.008,0.008,0.000
"Tenant B (Interactive Data)","PutSmall",1,0,7.439,0.017,7.416
"Tenant B (Interactive Data)","PutSmall",0,-11,0.019,0.019,0.000
"Tenant B (Interactive Data)","GetSmall",1,0,4.999,0.034,4.960
"Tenant B (Interactive Data)","PutSmall",0,-11,0.007,0.007,0.000
"Tenant B (Interactive Data)","GetSmall",1,0,5.177,0.025,5.110
"Tenant B (Interactive Data)","PutSmall",0,-11,0.035,0.035,0.000
"Tenant B (Interactive Data)","PutSmall",1,0,7.822,0.017,7.768
"Tenant B (Interactive Data)","GetSmall",0,-11,0.003,0.003,0.000
"Tenant B (Interactive Data)","PutSmall",0,-11,0.006,0.006,0.000
"Tenant B (Interactive Data)","PutSmall",0,-11,0.034,0.034,0.000
"Tenant B (Interactive Data)","GetSmall",0,-11,0.032,0.032,0.000
"Tenant B (Interactive Data)","GetSmall",0,-11,0.003,0.003,0.000
"Tenant B (Interactive Data)","GetSmall",1,0,5.225,0.033,5.146
"Tenant B (Interactive Data)","PutSmall",0,-11,0.006,0.006,0.000
"Tenant B (Interactive Data)","PutSmall",1,0,7.280,0.018,7.183
"Tenant B (Interactive Data)","GetSmall",1,0,4.823,0.032,4.753
"Tenant B (Interactive Data)","PutSmall",1,0,7.272,0.039,7.205
"Tenant B (Interactive Data)","GetSmall",1,0,5.059,0.028,5.016
"Tenant B (Interactive Data)","GetSmall",0,-11,0.008,0.008,0.000
"Tenant B (Interactive Data)","PutSmall",0,-11,0.008,0.008,0.000
"Tenant B (Interactive Data)","GetSmall",0,-11,0.021,0.021,0.000
"Tenant B (Interactive Data)","PutSmall",0,-11,0.005,0.005,0.000
"Tenant B (Interactive Data)","PutSmall",1,0,7.834,0.007,7.783
"Tenant B (Interactive Data)","PutSmall",0,-11,0.007,0.007,0.000
"Tenant B (Interactive Data)","GetSmall",0,-11,0.009,0.009,0.000
"Tenant B (Interactive Data)","PutSmall",1,0,7.766,0.009,7.722
"Tenant B (Interactive Data)","GetSmall",0,-11,0.027,0.027,0.000
"Tenant B (Interactive Data)","PutSmall",0,-11,0.003,0.003,0.000
"Tenant B (Interactive Data)","GetSmall",0,-11,0.008,0.008,0.000
"Tenant B (Interactive Data)","PutSmall",0,-11,0.012,0.012,0.000
"Tenant B (Interactive Data)","PutSmall",0,-11,0.011,0.011,0.000
"Tenant B (Interactive Data)","GetSmall",0,-11,0.010,0.010,0.000
"Tenant B (Interactive Data)","PutSmall",0,-11,0.041,0.041,0.000
"Tenant B (Interactive Data)","PutSmall",0,-11,0.009,0.009,0.000
"Tenant B (Interactive Data)","PutSmall",0,-11,0.014,0.014,0.000
"Tenant B (Interactive Data)","GetSmall",0,-11,0.011,0.011,0.000
"Tenant B (Interactive Data)","PutSmall",0,-11,0.003,0.003,0.000
"Tenant B (Interactive Data)","GetSmall",0,-11,0.012,0.012,0.000
"Tenant B (Interactive Data)","GetSmall",0,-11,0.024,0.024,0.000
"Tenant B (Interactive Data)","GetSmall",1,0,5.239,0.032,5.183
"Tenant B (Interactive Data)","PutSmall",1,0,7.430,0.034,7.373
"Tenant B (Interactive Data)","GetSmall",0,-11,0.008,0.008,0.000
"Tenant B (Interactive Data)","GetSmall",0,-11,0.009,0.009,0.000
"Tenant B (Interactive Data)","PutSmall",1,0,7.706,0.025,7.651
"Tenant B (Interactive Data)","GetSmall",0,-11,0.020,0.020,0.000
"Tenant B (Interactive Data)","PutSmall",0,-11,0.009,0.009,0.000
"Tenant B (Interactive Data)","PutSmall",0,-11,0.038,0.038,0.000
"Tenant B (Interactive Data)","PutSmall",0,-11,0.018,0.018,0.000
"Tenant B (Interactive Data)","GetSmall",0,-11,0.006,0.006,0.000
"Tenant B (Interactive Data)","GetSmall",0,-11,0.013,0.013,0.000
"Tenant B (Interactive Data)","PutSmall",0,-11,0.042,0.042,0.000
"Tenant B (Interactive Data)","PutSmall",0,-11,0.003,0.003,0.000
"Tenant B (Interactive Data)","GetSmall",0,-11,0.014,0.014,0.000
"Tenant B (Interactive Data)","GetSmall",1,0,4.810,0.028,4.761
"Tenant B (Interactive Data)","PutSmall",1,0,7.413,0.031,7.333
"Tenant B (Interactive Data)","PutSmall",1,0,7.514,0.040,7.457
"Tenant B (Interactive Data)","GetSmall",0,-11,0.002,0.002,0.000
"Tenant B (Interactive Data)","PutSmall",1,0,7.444,0.010,7.429
"Tenant B (Interactive Data)","GetSmall",0,-11,0.025,0.025,0.000
"Tenant B (Interactive Data)","GetSmall",0,-11,0.017,0.017,0.000
"Tenant B (Interactive Data)","GetSmall",0,-11,0.024,0.024,0.000
"Tenant B (Interactive Data)","PutSmall",1,0,7.224,0.038,7.163
"Tenant B (Interactive Data)","GetSmall",1,0,5.062,0.005,5.024
"Tenant B (Interactive Data)","GetSmall",1,0,4.888,0.021,4.843
"Tenant B (Interactive Data)","GetSmall",1,0,4.886,0.020,4.827
"Tenant B (Interactive Data)","PutSmall",1,0,7.490,0.043,7.393
"Tenant B (Interactive Data)","GetSmall",1,0,4.903,0.034,4.846
"Tenant B (Interactive Data)","PutSmall",0,-11,0.012,0.012,0.000
"Tenant B (Interactive Data)","GetSmall",1,0,5.171,0.016,5.108
"Tenant B (Interactive Data)","GetSmall",1,0,5.119,0.035,5.050
"Tenant B (Interactive Data)","PutSmall",1,0,7.917,0.011,7.856
"Tenant B (Interactive Data)","PutSmall",0,-11,0.025,0.025,0.000
"Tenant B (Interactive Data)","PutSmall",1,0,7.742,0.035,7.657
"Tenant B (Interactive Data)","PutSmall",1,0,7.330,0.021,7.245
"Tenant B (Interactive Data)","GetSmall",1,0,4.896,0.008,4.847
"Tenant C (Health Probe)","ProbeHealth",1,0,2.520,0.015,2.488
"Tenant C (Health Probe)","ProbeHealth",0,-11,0.006,0.006,0.000
"Tenant C (Health Probe)","ProbeHealth",1,0,2.568,0.012,2.543
"Tenant C (Health Probe)","ProbeHealth",0,-11,0.006,0.006,0.000
"Tenant C (Health Probe)","ProbeHealth",1,0,2.552,0.010,2.534
"Tenant C (Health Probe)","ProbeHealth",1,0,2.599,0.016,2.567
"Tenant C (Health Probe)","ProbeHealth",1,0,2.561,0.008,2.523
"Tenant C (Health Probe)","ProbeHealth",1,0,2.604,0.014,2.582
"Tenant C (Health Probe)","ProbeHealth",1,0,2.522,0.013,2.481
"Tenant C (Health Probe)","ProbeHealth",1,0,2.551,0.009,2.533
"Tenant C (Health Probe)","ProbeHealth",1,0,2.601,0.016,2.548
"Tenant C (Health Probe)","ProbeHealth",1,0,2.644,0.028,2.562
"Tenant C (Health Probe)","ProbeHealth",1,0,2.622,0.008,2.577
"Tenant C (Health Probe)","ProbeHealth",1,0,2.525,0.064,2.408
"Tenant C (Health Probe)","ProbeHealth",1,0,2.539,0.035,2.469
"Tenant C (Health Probe)","ProbeHealth",1,0,2.467,0.009,2.442
"Tenant C (Health Probe)","ProbeHealth",1,0,2.602,0.005,2.588
"Tenant C (Health Probe)","ProbeHealth",1,0,2.575,0.026,2.517
"Tenant C (Health Probe)","ProbeHealth",1,0,2.491,0.010,2.470
"Tenant C (Health Probe)","ProbeHealth",1,0,2.552,0.008,2.501
"Tenant C (Health Probe)","ProbeHealth",1,0,2.578,0.003,2.562
"Tenant C (Health Probe)","ProbeHealth",1,0,2.542,0.009,2.513
"Tenant C (Health Probe)","ProbeHealth",1,0,2.427,0.008,2.387
"Tenant C (Health Probe)","ProbeHealth",1,0,2.482,0.030,2.429
"Tenant C (Health Probe)","ProbeHealth",1,0,2.647,0.022,2.605
"Tenant C (Health Probe)","ProbeHealth",1,0,2.487,0.015,2.437
"Tenant C (Health Probe)","ProbeHealth",1,0,2.418,0.019,2.387
"Tenant C (Health Probe)","ProbeHealth",1,0,2.602,0.032,2.498
"Tenant C (Health Probe)","ProbeHealth",1,0,2.686,0.018,2.593
"Tenant C (Health Probe)","ProbeHealth",1,0,2.595,0.010,2.556
"Tenant C (Health Probe)","ProbeHealth",1,0,2.451,0.067,2.376
"Tenant C (Health Probe)","ProbeHealth",1,0,2.436,0.005,2.427
"Tenant C (Health Probe)","ProbeHealth",1,0,2.492,0.016,2.428
"Tenant C (Health Probe)","ProbeHealth",1,0,2.545,0.020,2.485
"Tenant C (Health Probe)","ProbeHealth",1,0,2.534,0.010,2.516
"Tenant C (Health Probe)","ProbeHealth",1,0,2.530,0.011,2.464
"Tenant C (Health Probe)","ProbeHealth",1,0,2.495,0.012,2.453
"Tenant C (Health Probe)","ProbeHealth",1,0,2.476,0.024,2.434
"Tenant C (Health Probe)","ProbeHealth",1,0,2.466,0.036,2.423
"Tenant C (Health Probe)","ProbeHealth",1,0,2.614,0.031,2.551
"Tenant C (Health Probe)","ProbeHealth",1,0,2.502,0.023,2.476
"Tenant C (Health Probe)","ProbeHealth",1,0,2.627,0.021,2.582
